model,family,base_model,scheme,benchmark,acc_before,acc_after,y,yhat,lo,hi,backoff,covered,fold
RedHatAI/Llama-3.2-1B-Instruct-FP8-dynamic,llama-3,Llama-3.2-1B-Instruct,fp8_dynamic,mmlu,47.66,47.55,-0.11,0.036417910447761194,-1.733733604703754,1.8065694255992761,False,True,Llama-3.2-1B-Instruct|s0
RedHatAI/Llama-3.2-1B-Instruct-FP8-dynamic,llama-3,Llama-3.2-1B-Instruct,fp8_dynamic,mmlu_cot,47.1,46.79,-0.31,0.036417910447761194,-1.733733604703754,1.8065694255992761,False,True,Llama-3.2-1B-Instruct|s0
RedHatAI/Llama-3.2-1B-Instruct-FP8-dynamic,llama-3,Llama-3.2-1B-Instruct,fp8_dynamic,arc_challenge,58.36,57.25,-1.11,0.036417910447761194,-1.733733604703754,1.8065694255992761,False,True,Llama-3.2-1B-Instruct|s0
RedHatAI/Llama-3.2-1B-Instruct-FP8-dynamic,llama-3,Llama-3.2-1B-Instruct,fp8_dynamic,gsm8k,45.72,45.94,0.22,0.036417910447761194,-1.733733604703754,1.8065694255992761,False,True,Llama-3.2-1B-Instruct|s0
RedHatAI/Llama-3.2-1B-Instruct-FP8-dynamic,llama-3,Llama-3.2-1B-Instruct,fp8_dynamic,winogrande,62.27,61.4,-0.87,0.036417910447761194,-1.733733604703754,1.8065694255992761,False,True,Llama-3.2-1B-Instruct|s0
RedHatAI/Llama-3.2-1B-Instruct-FP8-dynamic,llama-3,Llama-3.2-1B-Instruct,fp8_dynamic,hellaswag,61.01,60.95,-0.06,0.036417910447761194,-1.733733604703754,1.8065694255992761,False,True,Llama-3.2-1B-Instruct|s0
RedHatAI/Llama-3.2-1B-Instruct-FP8-dynamic,llama-3,Llama-3.2-1B-Instruct,fp8_dynamic,truthfulqa,43.52,44.23,0.71,0.036417910447761194,-1.733733604703754,1.8065694255992761,False,True,Llama-3.2-1B-Instruct|s0
RedHatAI/Llama-3.2-1B-Instruct-FP8,llama-3,Llama-3.2-1B-Instruct,fp8,mmlu,47.66,47.76,0.1,-0.3361111111111111,-2.1062626262626263,1.434040404040404,False,True,Llama-3.2-1B-Instruct|s0
RedHatAI/Llama-3.2-1B-Instruct-FP8,llama-3,Llama-3.2-1B-Instruct,fp8,arc_challenge,58.36,57.85,-0.51,-0.3361111111111111,-2.1062626262626263,1.434040404040404,False,True,Llama-3.2-1B-Instruct|s0
RedHatAI/Llama-3.2-1B-Instruct-FP8,llama-3,Llama-3.2-1B-Instruct,fp8,gsm8k,45.72,45.49,-0.23,-0.3361111111111111,-2.1062626262626263,1.434040404040404,False,True,Llama-3.2-1B-Instruct|s0
RedHatAI/Llama-3.2-1B-Instruct-FP8,llama-3,Llama-3.2-1B-Instruct,fp8,hellaswag,61.01,61.0,-0.01,-0.3361111111111111,-2.1062626262626263,1.434040404040404,False,True,Llama-3.2-1B-Instruct|s0
RedHatAI/Llama-3.2-1B-Instruct-FP8,llama-3,Llama-3.2-1B-Instruct,fp8,winogrande,62.27,62.35,0.08,-0.3361111111111111,-2.1062626262626263,1.434040404040404,False,True,Llama-3.2-1B-Instruct|s0
RedHatAI/Llama-3.2-1B-Instruct-FP8,llama-3,Llama-3.2-1B-Instruct,fp8,truthfulqa,43.52,43.08,-0.44,-0.3361111111111111,-2.1062626262626263,1.434040404040404,False,True,Llama-3.2-1B-Instruct|s0
RedHatAI/Llama-3.2-1B-Instruct-quantized.w8a8,llama-3,Llama-3.2-1B-Instruct,w8a8_int,mmlu,47.66,47.95,0.29,-0.35984848484848486,-2.13,1.4103030303030302,False,True,Llama-3.2-1B-Instruct|s0
RedHatAI/Llama-3.2-1B-Instruct-quantized.w8a8,llama-3,Llama-3.2-1B-Instruct,w8a8_int,mmlu_cot,47.1,44.63,-2.47,-0.35984848484848486,-2.13,1.4103030303030302,False,False,Llama-3.2-1B-Instruct|s0
RedHatAI/Llama-3.2-1B-Instruct-quantized.w8a8,llama-3,Llama-3.2-1B-Instruct,w8a8_int,arc_challenge,58.36,56.14,-2.22,-0.35984848484848486,-2.13,1.4103030303030302,False,False,Llama-3.2-1B-Instruct|s0
RedHatAI/Llama-3.2-1B-Instruct-quantized.w8a8,llama-3,Llama-3.2-1B-Instruct,w8a8_int,gsm8k,45.72,46.7,0.98,-0.35984848484848486,-2.13,1.4103030303030302,False,True,Llama-3.2-1B-Instruct|s0
RedHatAI/Llama-3.2-1B-Instruct-quantized.w8a8,llama-3,Llama-3.2-1B-Instruct,w8a8_int,hellaswag,61.01,60.95,-0.06,-0.35984848484848486,-2.13,1.4103030303030302,False,True,Llama-3.2-1B-Instruct|s0
RedHatAI/Llama-3.2-1B-Instruct-quantized.w8a8,llama-3,Llama-3.2-1B-Instruct,w8a8_int,winogrande,62.27,61.33,-0.94,-0.35984848484848486,-2.13,1.4103030303030302,False,True,Llama-3.2-1B-Instruct|s0
RedHatAI/Llama-3.2-1B-Instruct-quantized.w8a8,llama-3,Llama-3.2-1B-Instruct,w8a8_int,truthfulqa,43.52,42.84,-0.68,-0.35984848484848486,-2.13,1.4103030303030302,False,True,Llama-3.2-1B-Instruct|s0
RedHatAI/Llama-3.2-1B-Instruct-FP8-dynamic,llama-3,Llama-3.2-1B-Instruct,fp8_dynamic,mmlu,47.66,47.55,-0.11,-0.0007432432432432431,-1.6142617617617616,1.612775275275275,False,True,Llama-3.2-1B-Instruct|s1
RedHatAI/Llama-3.2-1B-Instruct-FP8-dynamic,llama-3,Llama-3.2-1B-Instruct,fp8_dynamic,mmlu_cot,47.1,46.79,-0.31,-0.0007432432432432431,-1.6142617617617616,1.612775275275275,False,True,Llama-3.2-1B-Instruct|s1
RedHatAI/Llama-3.2-1B-Instruct-FP8-dynamic,llama-3,Llama-3.2-1B-Instruct,fp8_dynamic,arc_challenge,58.36,57.25,-1.11,-0.0007432432432432431,-1.6142617617617616,1.612775275275275,False,True,Llama-3.2-1B-Instruct|s1
RedHatAI/Llama-3.2-1B-Instruct-FP8-dynamic,llama-3,Llama-3.2-1B-Instruct,fp8_dynamic,gsm8k,45.72,45.94,0.22,-0.0007432432432432431,-1.6142617617617616,1.612775275275275,False,True,Llama-3.2-1B-Instruct|s1
RedHatAI/Llama-3.2-1B-Instruct-FP8-dynamic,llama-3,Llama-3.2-1B-Instruct,fp8_dynamic,winogrande,62.27,61.4,-0.87,-0.0007432432432432431,-1.6142617617617616,1.612775275275275,False,True,Llama-3.2-1B-Instruct|s1
RedHatAI/Llama-3.2-1B-Instruct-FP8-dynamic,llama-3,Llama-3.2-1B-Instruct,fp8_dynamic,hellaswag,61.01,60.95,-0.06,-0.0007432432432432431,-1.6142617617617616,1.612775275275275,False,True,Llama-3.2-1B-Instruct|s1
RedHatAI/Llama-3.2-1B-Instruct-FP8-dynamic,llama-3,Llama-3.2-1B-Instruct,fp8_dynamic,truthfulqa,43.52,44.23,0.71,-0.0007432432432432431,-1.6142617617617616,1.612775275275275,False,True,Llama-3.2-1B-Instruct|s1
RedHatAI/Llama-3.2-1B-Instruct-FP8,llama-3,Llama-3.2-1B-Instruct,fp8,mmlu,47.66,47.76,0.1,-0.2742857142857143,-1.8878042328042326,1.339232804232804,False,True,Llama-3.2-1B-Instruct|s1
RedHatAI/Llama-3.2-1B-Instruct-FP8,llama-3,Llama-3.2-1B-Instruct,fp8,arc_challenge,58.36,57.85,-0.51,-0.2742857142857143,-1.8878042328042326,1.339232804232804,False,True,Llama-3.2-1B-Instruct|s1
RedHatAI/Llama-3.2-1B-Instruct-FP8,llama-3,Llama-3.2-1B-Instruct,fp8,gsm8k,45.72,45.49,-0.23,-0.2742857142857143,-1.8878042328042326,1.339232804232804,False,True,Llama-3.2-1B-Instruct|s1
RedHatAI/Llama-3.2-1B-Instruct-FP8,llama-3,Llama-3.2-1B-Instruct,fp8,hellaswag,61.01,61.0,-0.01,-0.2742857142857143,-1.8878042328042326,1.339232804232804,False,True,Llama-3.2-1B-Instruct|s1
RedHatAI/Llama-3.2-1B-Instruct-FP8,llama-3,Llama-3.2-1B-Instruct,fp8,winogrande,62.27,62.35,0.08,-0.2742857142857143,-1.8878042328042326,1.339232804232804,False,True,Llama-3.2-1B-Instruct|s1
RedHatAI/Llama-3.2-1B-Instruct-FP8,llama-3,Llama-3.2-1B-Instruct,fp8,truthfulqa,43.52,43.08,-0.44,-0.2742857142857143,-1.8878042328042326,1.339232804232804,False,True,Llama-3.2-1B-Instruct|s1
RedHatAI/Llama-3.2-1B-Instruct-quantized.w8a8,llama-3,Llama-3.2-1B-Instruct,w8a8_int,mmlu,47.66,47.95,0.29,-0.3254676258992806,-1.938986144417799,1.2880508926192378,False,True,Llama-3.2-1B-Instruct|s1
RedHatAI/Llama-3.2-1B-Instruct-quantized.w8a8,llama-3,Llama-3.2-1B-Instruct,w8a8_int,mmlu_cot,47.1,44.63,-2.47,-0.3254676258992806,-1.938986144417799,1.2880508926192378,False,False,Llama-3.2-1B-Instruct|s1
RedHatAI/Llama-3.2-1B-Instruct-quantized.w8a8,llama-3,Llama-3.2-1B-Instruct,w8a8_int,arc_challenge,58.36,56.14,-2.22,-0.3254676258992806,-1.938986144417799,1.2880508926192378,False,False,Llama-3.2-1B-Instruct|s1
RedHatAI/Llama-3.2-1B-Instruct-quantized.w8a8,llama-3,Llama-3.2-1B-Instruct,w8a8_int,gsm8k,45.72,46.7,0.98,-0.3254676258992806,-1.938986144417799,1.2880508926192378,False,True,Llama-3.2-1B-Instruct|s1
RedHatAI/Llama-3.2-1B-Instruct-quantized.w8a8,llama-3,Llama-3.2-1B-Instruct,w8a8_int,hellaswag,61.01,60.95,-0.06,-0.3254676258992806,-1.938986144417799,1.2880508926192378,False,True,Llama-3.2-1B-Instruct|s1
RedHatAI/Llama-3.2-1B-Instruct-quantized.w8a8,llama-3,Llama-3.2-1B-Instruct,w8a8_int,winogrande,62.27,61.33,-0.94,-0.3254676258992806,-1.938986144417799,1.2880508926192378,False,True,Llama-3.2-1B-Instruct|s1
RedHatAI/Llama-3.2-1B-Instruct-quantized.w8a8,llama-3,Llama-3.2-1B-Instruct,w8a8_int,truthfulqa,43.52,42.84,-0.68,-0.3254676258992806,-1.938986144417799,1.2880508926192378,False,True,Llama-3.2-1B-Instruct|s1
RedHatAI/Llama-3.2-1B-Instruct-FP8-dynamic,llama-3,Llama-3.2-1B-Instruct,fp8_dynamic,mmlu,47.66,47.55,-0.11,-0.12401574803149606,-1.6909623129169924,1.4429308168540003,False,True,Llama-3.2-1B-Instruct|s2
RedHatAI/Llama-3.2-1B-Instruct-FP8-dynamic,llama-3,Llama-3.2-1B-Instruct,fp8_dynamic,mmlu_cot,47.1,46.79,-0.31,-0.12401574803149606,-1.6909623129169924,1.4429308168540003,False,True,Llama-3.2-1B-Instruct|s2
RedHatAI/Llama-3.2-1B-Instruct-FP8-dynamic,llama-3,Llama-3.2-1B-Instruct,fp8_dynamic,arc_challenge,58.36,57.25,-1.11,-0.12401574803149606,-1.6909623129169924,1.4429308168540003,False,True,Llama-3.2-1B-Instruct|s2
RedHatAI/Llama-3.2-1B-Instruct-FP8-dynamic,llama-3,Llama-3.2-1B-Instruct,fp8_dynamic,gsm8k,45.72,45.94,0.22,-0.12401574803149606,-1.6909623129169924,1.4429308168540003,False,True,Llama-3.2-1B-Instruct|s2
RedHatAI/Llama-3.2-1B-Instruct-FP8-dynamic,llama-3,Llama-3.2-1B-Instruct,fp8_dynamic,winogrande,62.27,61.4,-0.87,-0.12401574803149606,-1.6909623129169924,1.4429308168540003,False,True,Llama-3.2-1B-Instruct|s2
RedHatAI/Llama-3.2-1B-Instruct-FP8-dynamic,llama-3,Llama-3.2-1B-Instruct,fp8_dynamic,hellaswag,61.01,60.95,-0.06,-0.12401574803149606,-1.6909623129169924,1.4429308168540003,False,True,Llama-3.2-1B-Instruct|s2
RedHatAI/Llama-3.2-1B-Instruct-FP8-dynamic,llama-3,Llama-3.2-1B-Instruct,fp8_dynamic,truthfulqa,43.52,44.23,0.71,-0.12401574803149606,-1.6909623129169924,1.4429308168540003,False,True,Llama-3.2-1B-Instruct|s2
RedHatAI/Llama-3.2-1B-Instruct-FP8,llama-3,Llama-3.2-1B-Instruct,fp8,mmlu,47.66,47.76,0.1,-0.36027777777777775,-1.927224342663274,1.2066687871077186,False,True,Llama-3.2-1B-Instruct|s2
RedHatAI/Llama-3.2-1B-Instruct-FP8,llama-3,Llama-3.2-1B-Instruct,fp8,arc_challenge,58.36,57.85,-0.51,-0.36027777777777775,-1.927224342663274,1.2066687871077186,False,True,Llama-3.2-1B-Instruct|s2
RedHatAI/Llama-3.2-1B-Instruct-FP8,llama-3,Llama-3.2-1B-Instruct,fp8,gsm8k,45.72,45.49,-0.23,-0.36027777777777775,-1.927224342663274,1.2066687871077186,False,True,Llama-3.2-1B-Instruct|s2
RedHatAI/Llama-3.2-1B-Instruct-FP8,llama-3,Llama-3.2-1B-Instruct,fp8,hellaswag,61.01,61.0,-0.01,-0.36027777777777775,-1.927224342663274,1.2066687871077186,False,True,Llama-3.2-1B-Instruct|s2
RedHatAI/Llama-3.2-1B-Instruct-FP8,llama-3,Llama-3.2-1B-Instruct,fp8,winogrande,62.27,62.35,0.08,-0.36027777777777775,-1.927224342663274,1.2066687871077186,False,True,Llama-3.2-1B-Instruct|s2
RedHatAI/Llama-3.2-1B-Instruct-FP8,llama-3,Llama-3.2-1B-Instruct,fp8,truthfulqa,43.52,43.08,-0.44,-0.36027777777777775,-1.927224342663274,1.2066687871077186,False,True,Llama-3.2-1B-Instruct|s2
RedHatAI/Llama-3.2-1B-Instruct-quantized.w8a8,llama-3,Llama-3.2-1B-Instruct,w8a8_int,mmlu,47.66,47.95,0.29,-0.3233333333333333,-1.8902798982188296,1.243613231552163,False,True,Llama-3.2-1B-Instruct|s2
RedHatAI/Llama-3.2-1B-Instruct-quantized.w8a8,llama-3,Llama-3.2-1B-Instruct,w8a8_int,mmlu_cot,47.1,44.63,-2.47,-0.3233333333333333,-1.8902798982188296,1.243613231552163,False,False,Llama-3.2-1B-Instruct|s2
RedHatAI/Llama-3.2-1B-Instruct-quantized.w8a8,llama-3,Llama-3.2-1B-Instruct,w8a8_int,arc_challenge,58.36,56.14,-2.22,-0.3233333333333333,-1.8902798982188296,1.243613231552163,False,False,Llama-3.2-1B-Instruct|s2
RedHatAI/Llama-3.2-1B-Instruct-quantized.w8a8,llama-3,Llama-3.2-1B-Instruct,w8a8_int,gsm8k,45.72,46.7,0.98,-0.3233333333333333,-1.8902798982188296,1.243613231552163,False,True,Llama-3.2-1B-Instruct|s2
RedHatAI/Llama-3.2-1B-Instruct-quantized.w8a8,llama-3,Llama-3.2-1B-Instruct,w8a8_int,hellaswag,61.01,60.95,-0.06,-0.3233333333333333,-1.8902798982188296,1.243613231552163,False,True,Llama-3.2-1B-Instruct|s2
RedHatAI/Llama-3.2-1B-Instruct-quantized.w8a8,llama-3,Llama-3.2-1B-Instruct,w8a8_int,winogrande,62.27,61.33,-0.94,-0.3233333333333333,-1.8902798982188296,1.243613231552163,False,True,Llama-3.2-1B-Instruct|s2
RedHatAI/Llama-3.2-1B-Instruct-quantized.w8a8,llama-3,Llama-3.2-1B-Instruct,w8a8_int,truthfulqa,43.52,42.84,-0.68,-0.3233333333333333,-1.8902798982188296,1.243613231552163,False,True,Llama-3.2-1B-Instruct|s2
RedHatAI/Llama-3.2-1B-Instruct-FP8-dynamic,llama-3,Llama-3.2-1B-Instruct,fp8_dynamic,mmlu,47.66,47.55,-0.11,-0.021041666666666674,-1.6138153892944038,1.5717320559610706,False,True,Llama-3.2-1B-Instruct|s3
RedHatAI/Llama-3.2-1B-Instruct-FP8-dynamic,llama-3,Llama-3.2-1B-Instruct,fp8_dynamic,mmlu_cot,47.1,46.79,-0.31,-0.021041666666666674,-1.6138153892944038,1.5717320559610706,False,True,Llama-3.2-1B-Instruct|s3
RedHatAI/Llama-3.2-1B-Instruct-FP8-dynamic,llama-3,Llama-3.2-1B-Instruct,fp8_dynamic,arc_challenge,58.36,57.25,-1.11,-0.021041666666666674,-1.6138153892944038,1.5717320559610706,False,True,Llama-3.2-1B-Instruct|s3
RedHatAI/Llama-3.2-1B-Instruct-FP8-dynamic,llama-3,Llama-3.2-1B-Instruct,fp8_dynamic,gsm8k,45.72,45.94,0.22,-0.021041666666666674,-1.6138153892944038,1.5717320559610706,False,True,Llama-3.2-1B-Instruct|s3
RedHatAI/Llama-3.2-1B-Instruct-FP8-dynamic,llama-3,Llama-3.2-1B-Instruct,fp8_dynamic,winogrande,62.27,61.4,-0.87,-0.021041666666666674,-1.6138153892944038,1.5717320559610706,False,True,Llama-3.2-1B-Instruct|s3
RedHatAI/Llama-3.2-1B-Instruct-FP8-dynamic,llama-3,Llama-3.2-1B-Instruct,fp8_dynamic,hellaswag,61.01,60.95,-0.06,-0.021041666666666674,-1.6138153892944038,1.5717320559610706,False,True,Llama-3.2-1B-Instruct|s3
RedHatAI/Llama-3.2-1B-Instruct-FP8-dynamic,llama-3,Llama-3.2-1B-Instruct,fp8_dynamic,truthfulqa,43.52,44.23,0.71,-0.021041666666666674,-1.6138153892944038,1.5717320559610706,False,True,Llama-3.2-1B-Instruct|s3
RedHatAI/Llama-3.2-1B-Instruct-FP8,llama-3,Llama-3.2-1B-Instruct,fp8,mmlu,47.66,47.76,0.1,-0.40540540540540543,-1.9981791280331427,1.1873683172223317,False,True,Llama-3.2-1B-Instruct|s3
RedHatAI/Llama-3.2-1B-Instruct-FP8,llama-3,Llama-3.2-1B-Instruct,fp8,arc_challenge,58.36,57.85,-0.51,-0.40540540540540543,-1.9981791280331427,1.1873683172223317,False,True,Llama-3.2-1B-Instruct|s3
RedHatAI/Llama-3.2-1B-Instruct-FP8,llama-3,Llama-3.2-1B-Instruct,fp8,gsm8k,45.72,45.49,-0.23,-0.40540540540540543,-1.9981791280331427,1.1873683172223317,False,True,Llama-3.2-1B-Instruct|s3
RedHatAI/Llama-3.2-1B-Instruct-FP8,llama-3,Llama-3.2-1B-Instruct,fp8,hellaswag,61.01,61.0,-0.01,-0.40540540540540543,-1.9981791280331427,1.1873683172223317,False,True,Llama-3.2-1B-Instruct|s3
RedHatAI/Llama-3.2-1B-Instruct-FP8,llama-3,Llama-3.2-1B-Instruct,fp8,winogrande,62.27,62.35,0.08,-0.40540540540540543,-1.9981791280331427,1.1873683172223317,False,True,Llama-3.2-1B-Instruct|s3
RedHatAI/Llama-3.2-1B-Instruct-FP8,llama-3,Llama-3.2-1B-Instruct,fp8,truthfulqa,43.52,43.08,-0.44,-0.40540540540540543,-1.9981791280331427,1.1873683172223317,False,True,Llama-3.2-1B-Instruct|s3
RedHatAI/Llama-3.2-1B-Instruct-quantized.w8a8,llama-3,Llama-3.2-1B-Instruct,w8a8_int,mmlu,47.66,47.95,0.29,-0.3522463768115942,-1.9450200994393314,1.240527345816143,False,True,Llama-3.2-1B-Instruct|s3
RedHatAI/Llama-3.2-1B-Instruct-quantized.w8a8,llama-3,Llama-3.2-1B-Instruct,w8a8_int,mmlu_cot,47.1,44.63,-2.47,-0.3522463768115942,-1.9450200994393314,1.240527345816143,False,False,Llama-3.2-1B-Instruct|s3
RedHatAI/Llama-3.2-1B-Instruct-quantized.w8a8,llama-3,Llama-3.2-1B-Instruct,w8a8_int,arc_challenge,58.36,56.14,-2.22,-0.3522463768115942,-1.9450200994393314,1.240527345816143,False,False,Llama-3.2-1B-Instruct|s3
RedHatAI/Llama-3.2-1B-Instruct-quantized.w8a8,llama-3,Llama-3.2-1B-Instruct,w8a8_int,gsm8k,45.72,46.7,0.98,-0.3522463768115942,-1.9450200994393314,1.240527345816143,False,True,Llama-3.2-1B-Instruct|s3
RedHatAI/Llama-3.2-1B-Instruct-quantized.w8a8,llama-3,Llama-3.2-1B-Instruct,w8a8_int,hellaswag,61.01,60.95,-0.06,-0.3522463768115942,-1.9450200994393314,1.240527345816143,False,True,Llama-3.2-1B-Instruct|s3
RedHatAI/Llama-3.2-1B-Instruct-quantized.w8a8,llama-3,Llama-3.2-1B-Instruct,w8a8_int,winogrande,62.27,61.33,-0.94,-0.3522463768115942,-1.9450200994393314,1.240527345816143,False,True,Llama-3.2-1B-Instruct|s3
RedHatAI/Llama-3.2-1B-Instruct-quantized.w8a8,llama-3,Llama-3.2-1B-Instruct,w8a8_int,truthfulqa,43.52,42.84,-0.68,-0.3522463768115942,-1.9450200994393314,1.240527345816143,False,True,Llama-3.2-1B-Instruct|s3
RedHatAI/Llama-3.2-1B-Instruct-FP8-dynamic,llama-3,Llama-3.2-1B-Instruct,fp8_dynamic,mmlu,47.66,47.55,-0.11,-0.029323308270676692,-1.6952011708660966,1.636554554324743,False,True,Llama-3.2-1B-Instruct|s4
RedHatAI/Llama-3.2-1B-Instruct-FP8-dynamic,llama-3,Llama-3.2-1B-Instruct,fp8_dynamic,mmlu_cot,47.1,46.79,-0.31,-0.029323308270676692,-1.6952011708660966,1.636554554324743,False,True,Llama-3.2-1B-Instruct|s4
RedHatAI/Llama-3.2-1B-Instruct-FP8-dynamic,llama-3,Llama-3.2-1B-Instruct,fp8_dynamic,arc_challenge,58.36,57.25,-1.11,-0.029323308270676692,-1.6952011708660966,1.636554554324743,False,True,Llama-3.2-1B-Instruct|s4
RedHatAI/Llama-3.2-1B-Instruct-FP8-dynamic,llama-3,Llama-3.2-1B-Instruct,fp8_dynamic,gsm8k,45.72,45.94,0.22,-0.029323308270676692,-1.6952011708660966,1.636554554324743,False,True,Llama-3.2-1B-Instruct|s4
RedHatAI/Llama-3.2-1B-Instruct-FP8-dynamic,llama-3,Llama-3.2-1B-Instruct,fp8_dynamic,winogrande,62.27,61.4,-0.87,-0.029323308270676692,-1.6952011708660966,1.636554554324743,False,True,Llama-3.2-1B-Instruct|s4
RedHatAI/Llama-3.2-1B-Instruct-FP8-dynamic,llama-3,Llama-3.2-1B-Instruct,fp8_dynamic,hellaswag,61.01,60.95,-0.06,-0.029323308270676692,-1.6952011708660966,1.636554554324743,False,True,Llama-3.2-1B-Instruct|s4
RedHatAI/Llama-3.2-1B-Instruct-FP8-dynamic,llama-3,Llama-3.2-1B-Instruct,fp8_dynamic,truthfulqa,43.52,44.23,0.71,-0.029323308270676692,-1.6952011708660966,1.636554554324743,False,True,Llama-3.2-1B-Instruct|s4
RedHatAI/Llama-3.2-1B-Instruct-FP8,llama-3,Llama-3.2-1B-Instruct,fp8,mmlu,47.66,47.76,0.1,-0.23199999999999998,-1.8978778625954198,1.4338778625954198,False,True,Llama-3.2-1B-Instruct|s4
RedHatAI/Llama-3.2-1B-Instruct-FP8,llama-3,Llama-3.2-1B-Instruct,fp8,arc_challenge,58.36,57.85,-0.51,-0.23199999999999998,-1.8978778625954198,1.4338778625954198,False,True,Llama-3.2-1B-Instruct|s4
RedHatAI/Llama-3.2-1B-Instruct-FP8,llama-3,Llama-3.2-1B-Instruct,fp8,gsm8k,45.72,45.49,-0.23,-0.23199999999999998,-1.8978778625954198,1.4338778625954198,False,True,Llama-3.2-1B-Instruct|s4
RedHatAI/Llama-3.2-1B-Instruct-FP8,llama-3,Llama-3.2-1B-Instruct,fp8,hellaswag,61.01,61.0,-0.01,-0.23199999999999998,-1.8978778625954198,1.4338778625954198,False,True,Llama-3.2-1B-Instruct|s4
RedHatAI/Llama-3.2-1B-Instruct-FP8,llama-3,Llama-3.2-1B-Instruct,fp8,winogrande,62.27,62.35,0.08,-0.23199999999999998,-1.8978778625954198,1.4338778625954198,False,True,Llama-3.2-1B-Instruct|s4
RedHatAI/Llama-3.2-1B-Instruct-FP8,llama-3,Llama-3.2-1B-Instruct,fp8,truthfulqa,43.52,43.08,-0.44,-0.23199999999999998,-1.8978778625954198,1.4338778625954198,False,True,Llama-3.2-1B-Instruct|s4
RedHatAI/Llama-3.2-1B-Instruct-quantized.w8a8,llama-3,Llama-3.2-1B-Instruct,w8a8_int,mmlu,47.66,47.95,0.29,-0.2924812030075188,-1.9583590656029386,1.373396659587901,False,True,Llama-3.2-1B-Instruct|s4
RedHatAI/Llama-3.2-1B-Instruct-quantized.w8a8,llama-3,Llama-3.2-1B-Instruct,w8a8_int,mmlu_cot,47.1,44.63,-2.47,-0.2924812030075188,-1.9583590656029386,1.373396659587901,False,False,Llama-3.2-1B-Instruct|s4
RedHatAI/Llama-3.2-1B-Instruct-quantized.w8a8,llama-3,Llama-3.2-1B-Instruct,w8a8_int,arc_challenge,58.36,56.14,-2.22,-0.2924812030075188,-1.9583590656029386,1.373396659587901,False,False,Llama-3.2-1B-Instruct|s4
RedHatAI/Llama-3.2-1B-Instruct-quantized.w8a8,llama-3,Llama-3.2-1B-Instruct,w8a8_int,gsm8k,45.72,46.7,0.98,-0.2924812030075188,-1.9583590656029386,1.373396659587901,False,True,Llama-3.2-1B-Instruct|s4
RedHatAI/Llama-3.2-1B-Instruct-quantized.w8a8,llama-3,Llama-3.2-1B-Instruct,w8a8_int,hellaswag,61.01,60.95,-0.06,-0.2924812030075188,-1.9583590656029386,1.373396659587901,False,True,Llama-3.2-1B-Instruct|s4
RedHatAI/Llama-3.2-1B-Instruct-quantized.w8a8,llama-3,Llama-3.2-1B-Instruct,w8a8_int,winogrande,62.27,61.33,-0.94,-0.2924812030075188,-1.9583590656029386,1.373396659587901,False,True,Llama-3.2-1B-Instruct|s4
RedHatAI/Llama-3.2-1B-Instruct-quantized.w8a8,llama-3,Llama-3.2-1B-Instruct,w8a8_int,truthfulqa,43.52,42.84,-0.68,-0.2924812030075188,-1.9583590656029386,1.373396659587901,False,True,Llama-3.2-1B-Instruct|s4
RedHatAI/Llama-3.2-3B-Instruct-FP8-dynamic,llama-3,Llama-3.2-3B-Instruct,fp8_dynamic,mmlu,62.98,62.95,-0.03,-0.0980909090909091,-1.6250207336523126,1.4288389154704946,False,True,Llama-3.2-3B-Instruct|s0
RedHatAI/Llama-3.2-3B-Instruct-FP8-dynamic,llama-3,Llama-3.2-3B-Instruct,fp8_dynamic,mmlu_cot,65.4,65.23,-0.17,-0.0980909090909091,-1.6250207336523126,1.4288389154704946,False,True,Llama-3.2-3B-Instruct|s0
RedHatAI/Llama-3.2-3B-Instruct-FP8-dynamic,llama-3,Llama-3.2-3B-Instruct,fp8_dynamic,arc_challenge,77.13,76.71,-0.42,-0.0980909090909091,-1.6250207336523126,1.4288389154704946,False,True,Llama-3.2-3B-Instruct|s0
RedHatAI/Llama-3.2-3B-Instruct-FP8-dynamic,llama-3,Llama-3.2-3B-Instruct,fp8_dynamic,gsm8k,77.94,76.72,-1.22,-0.0980909090909091,-1.6250207336523126,1.4288389154704946,False,True,Llama-3.2-3B-Instruct|s0
RedHatAI/Llama-3.2-3B-Instruct-FP8-dynamic,llama-3,Llama-3.2-3B-Instruct,fp8_dynamic,winogrande,71.11,71.11,0.0,-0.0980909090909091,-1.6250207336523126,1.4288389154704946,False,True,Llama-3.2-3B-Instruct|s0
RedHatAI/Llama-3.2-3B-Instruct-FP8-dynamic,llama-3,Llama-3.2-3B-Instruct,fp8_dynamic,hellaswag,73.62,73.54,-0.08,-0.0980909090909091,-1.6250207336523126,1.4288389154704946,False,True,Llama-3.2-3B-Instruct|s0
RedHatAI/Llama-3.2-3B-Instruct-FP8-dynamic,llama-3,Llama-3.2-3B-Instruct,fp8_dynamic,truthfulqa,51.47,51.06,-0.41,-0.0980909090909091,-1.6250207336523126,1.4288389154704946,False,True,Llama-3.2-3B-Instruct|s0
RedHatAI/Llama-3.2-3B-Instruct-FP8,llama-3,Llama-3.2-3B-Instruct,fp8,mmlu,62.98,62.61,-0.37,-0.39865384615384614,-1.9255836707152496,1.1282759784075576,False,True,Llama-3.2-3B-Instruct|s0
RedHatAI/Llama-3.2-3B-Instruct-FP8,llama-3,Llama-3.2-3B-Instruct,fp8,mmlu_cot,65.4,65.2,-0.2,-0.39865384615384614,-1.9255836707152496,1.1282759784075576,False,True,Llama-3.2-3B-Instruct|s0
RedHatAI/Llama-3.2-3B-Instruct-FP8,llama-3,Llama-3.2-3B-Instruct,fp8,arc_challenge,77.13,76.62,-0.51,-0.39865384615384614,-1.9255836707152496,1.1282759784075576,False,True,Llama-3.2-3B-Instruct|s0
RedHatAI/Llama-3.2-3B-Instruct-FP8,llama-3,Llama-3.2-3B-Instruct,fp8,gsm8k,77.94,77.86,-0.08,-0.39865384615384614,-1.9255836707152496,1.1282759784075576,False,True,Llama-3.2-3B-Instruct|s0
RedHatAI/Llama-3.2-3B-Instruct-FP8,llama-3,Llama-3.2-3B-Instruct,fp8,hellaswag,73.62,73.48,-0.14,-0.39865384615384614,-1.9255836707152496,1.1282759784075576,False,True,Llama-3.2-3B-Instruct|s0
RedHatAI/Llama-3.2-3B-Instruct-FP8,llama-3,Llama-3.2-3B-Instruct,fp8,winogrande,71.11,70.88,-0.23,-0.39865384615384614,-1.9255836707152496,1.1282759784075576,False,True,Llama-3.2-3B-Instruct|s0
RedHatAI/Llama-3.2-3B-Instruct-FP8,llama-3,Llama-3.2-3B-Instruct,fp8,truthfulqa,51.47,51.65,0.18,-0.39865384615384614,-1.9255836707152496,1.1282759784075576,False,True,Llama-3.2-3B-Instruct|s0
RedHatAI/Llama-3.2-3B-Instruct-quantized.w8a8,llama-3,Llama-3.2-3B-Instruct,w8a8_int,mmlu,62.98,62.75,-0.23,-0.3847222222222222,-1.9116520467836258,1.1422076023391814,False,True,Llama-3.2-3B-Instruct|s0
RedHatAI/Llama-3.2-3B-Instruct-quantized.w8a8,llama-3,Llama-3.2-3B-Instruct,w8a8_int,mmlu_cot,65.4,65.05,-0.35,-0.3847222222222222,-1.9116520467836258,1.1422076023391814,False,True,Llama-3.2-3B-Instruct|s0
RedHatAI/Llama-3.2-3B-Instruct-quantized.w8a8,llama-3,Llama-3.2-3B-Instruct,w8a8_int,arc_challenge,77.13,76.45,-0.68,-0.3847222222222222,-1.9116520467836258,1.1422076023391814,False,True,Llama-3.2-3B-Instruct|s0
RedHatAI/Llama-3.2-3B-Instruct-quantized.w8a8,llama-3,Llama-3.2-3B-Instruct,w8a8_int,gsm8k,77.94,77.56,-0.38,-0.3847222222222222,-1.9116520467836258,1.1422076023391814,False,True,Llama-3.2-3B-Instruct|s0
RedHatAI/Llama-3.2-3B-Instruct-quantized.w8a8,llama-3,Llama-3.2-3B-Instruct,w8a8_int,hellaswag,73.62,73.63,0.01,-0.3847222222222222,-1.9116520467836258,1.1422076023391814,False,True,Llama-3.2-3B-Instruct|s0
RedHatAI/Llama-3.2-3B-Instruct-quantized.w8a8,llama-3,Llama-3.2-3B-Instruct,w8a8_int,winogrande,71.11,71.9,0.79,-0.3847222222222222,-1.9116520467836258,1.1422076023391814,False,True,Llama-3.2-3B-Instruct|s0
RedHatAI/Llama-3.2-3B-Instruct-FP8-dynamic,llama-3,Llama-3.2-3B-Instruct,fp8_dynamic,mmlu,62.98,62.95,-0.03,-0.09458333333333334,-1.972361111111111,1.7831944444444445,False,True,Llama-3.2-3B-Instruct|s1
RedHatAI/Llama-3.2-3B-Instruct-FP8-dynamic,llama-3,Llama-3.2-3B-Instruct,fp8_dynamic,mmlu_cot,65.4,65.23,-0.17,-0.09458333333333334,-1.972361111111111,1.7831944444444445,False,True,Llama-3.2-3B-Instruct|s1
RedHatAI/Llama-3.2-3B-Instruct-FP8-dynamic,llama-3,Llama-3.2-3B-Instruct,fp8_dynamic,arc_challenge,77.13,76.71,-0.42,-0.09458333333333334,-1.972361111111111,1.7831944444444445,False,True,Llama-3.2-3B-Instruct|s1
RedHatAI/Llama-3.2-3B-Instruct-FP8-dynamic,llama-3,Llama-3.2-3B-Instruct,fp8_dynamic,gsm8k,77.94,76.72,-1.22,-0.09458333333333334,-1.972361111111111,1.7831944444444445,False,True,Llama-3.2-3B-Instruct|s1
RedHatAI/Llama-3.2-3B-Instruct-FP8-dynamic,llama-3,Llama-3.2-3B-Instruct,fp8_dynamic,winogrande,71.11,71.11,0.0,-0.09458333333333334,-1.972361111111111,1.7831944444444445,False,True,Llama-3.2-3B-Instruct|s1
RedHatAI/Llama-3.2-3B-Instruct-FP8-dynamic,llama-3,Llama-3.2-3B-Instruct,fp8_dynamic,hellaswag,73.62,73.54,-0.08,-0.09458333333333334,-1.972361111111111,1.7831944444444445,False,True,Llama-3.2-3B-Instruct|s1
RedHatAI/Llama-3.2-3B-Instruct-FP8-dynamic,llama-3,Llama-3.2-3B-Instruct,fp8_dynamic,truthfulqa,51.47,51.06,-0.41,-0.09458333333333334,-1.972361111111111,1.7831944444444445,False,True,Llama-3.2-3B-Instruct|s1
RedHatAI/Llama-3.2-3B-Instruct-FP8,llama-3,Llama-3.2-3B-Instruct,fp8,mmlu,62.98,62.61,-0.37,-0.3067441860465116,-2.1845219638242894,1.571033591731266,False,True,Llama-3.2-3B-Instruct|s1
RedHatAI/Llama-3.2-3B-Instruct-FP8,llama-3,Llama-3.2-3B-Instruct,fp8,mmlu_cot,65.4,65.2,-0.2,-0.3067441860465116,-2.1845219638242894,1.571033591731266,False,True,Llama-3.2-3B-Instruct|s1
RedHatAI/Llama-3.2-3B-Instruct-FP8,llama-3,Llama-3.2-3B-Instruct,fp8,arc_challenge,77.13,76.62,-0.51,-0.3067441860465116,-2.1845219638242894,1.571033591731266,False,True,Llama-3.2-3B-Instruct|s1
RedHatAI/Llama-3.2-3B-Instruct-FP8,llama-3,Llama-3.2-3B-Instruct,fp8,gsm8k,77.94,77.86,-0.08,-0.3067441860465116,-2.1845219638242894,1.571033591731266,False,True,Llama-3.2-3B-Instruct|s1
RedHatAI/Llama-3.2-3B-Instruct-FP8,llama-3,Llama-3.2-3B-Instruct,fp8,hellaswag,73.62,73.48,-0.14,-0.3067441860465116,-2.1845219638242894,1.571033591731266,False,True,Llama-3.2-3B-Instruct|s1
RedHatAI/Llama-3.2-3B-Instruct-FP8,llama-3,Llama-3.2-3B-Instruct,fp8,winogrande,71.11,70.88,-0.23,-0.3067441860465116,-2.1845219638242894,1.571033591731266,False,True,Llama-3.2-3B-Instruct|s1
RedHatAI/Llama-3.2-3B-Instruct-FP8,llama-3,Llama-3.2-3B-Instruct,fp8,truthfulqa,51.47,51.65,0.18,-0.3067441860465116,-2.1845219638242894,1.571033591731266,False,True,Llama-3.2-3B-Instruct|s1
RedHatAI/Llama-3.2-3B-Instruct-quantized.w8a8,llama-3,Llama-3.2-3B-Instruct,w8a8_int,mmlu,62.98,62.75,-0.23,-0.42779310344827587,-2.305570881226054,1.449984674329502,False,True,Llama-3.2-3B-Instruct|s1
RedHatAI/Llama-3.2-3B-Instruct-quantized.w8a8,llama-3,Llama-3.2-3B-Instruct,w8a8_int,mmlu_cot,65.4,65.05,-0.35,-0.42779310344827587,-2.305570881226054,1.449984674329502,False,True,Llama-3.2-3B-Instruct|s1
RedHatAI/Llama-3.2-3B-Instruct-quantized.w8a8,llama-3,Llama-3.2-3B-Instruct,w8a8_int,arc_challenge,77.13,76.45,-0.68,-0.42779310344827587,-2.305570881226054,1.449984674329502,False,True,Llama-3.2-3B-Instruct|s1
RedHatAI/Llama-3.2-3B-Instruct-quantized.w8a8,llama-3,Llama-3.2-3B-Instruct,w8a8_int,gsm8k,77.94,77.56,-0.38,-0.42779310344827587,-2.305570881226054,1.449984674329502,False,True,Llama-3.2-3B-Instruct|s1
RedHatAI/Llama-3.2-3B-Instruct-quantized.w8a8,llama-3,Llama-3.2-3B-Instruct,w8a8_int,hellaswag,73.62,73.63,0.01,-0.42779310344827587,-2.305570881226054,1.449984674329502,False,True,Llama-3.2-3B-Instruct|s1
RedHatAI/Llama-3.2-3B-Instruct-quantized.w8a8,llama-3,Llama-3.2-3B-Instruct,w8a8_int,winogrande,71.11,71.9,0.79,-0.42779310344827587,-2.305570881226054,1.449984674329502,False,True,Llama-3.2-3B-Instruct|s1
RedHatAI/Llama-3.2-3B-Instruct-FP8-dynamic,llama-3,Llama-3.2-3B-Instruct,fp8_dynamic,mmlu,62.98,62.95,-0.03,0.005238095238095238,-1.7012433862433864,1.711719576719577,False,True,Llama-3.2-3B-Instruct|s2
RedHatAI/Llama-3.2-3B-Instruct-FP8-dynamic,llama-3,Llama-3.2-3B-Instruct,fp8_dynamic,mmlu_cot,65.4,65.23,-0.17,0.005238095238095238,-1.7012433862433864,1.711719576719577,False,True,Llama-3.2-3B-Instruct|s2
RedHatAI/Llama-3.2-3B-Instruct-FP8-dynamic,llama-3,Llama-3.2-3B-Instruct,fp8_dynamic,arc_challenge,77.13,76.71,-0.42,0.005238095238095238,-1.7012433862433864,1.711719576719577,False,True,Llama-3.2-3B-Instruct|s2
RedHatAI/Llama-3.2-3B-Instruct-FP8-dynamic,llama-3,Llama-3.2-3B-Instruct,fp8_dynamic,gsm8k,77.94,76.72,-1.22,0.005238095238095238,-1.7012433862433864,1.711719576719577,False,True,Llama-3.2-3B-Instruct|s2
RedHatAI/Llama-3.2-3B-Instruct-FP8-dynamic,llama-3,Llama-3.2-3B-Instruct,fp8_dynamic,winogrande,71.11,71.11,0.0,0.005238095238095238,-1.7012433862433864,1.711719576719577,False,True,Llama-3.2-3B-Instruct|s2
RedHatAI/Llama-3.2-3B-Instruct-FP8-dynamic,llama-3,Llama-3.2-3B-Instruct,fp8_dynamic,hellaswag,73.62,73.54,-0.08,0.005238095238095238,-1.7012433862433864,1.711719576719577,False,True,Llama-3.2-3B-Instruct|s2
RedHatAI/Llama-3.2-3B-Instruct-FP8-dynamic,llama-3,Llama-3.2-3B-Instruct,fp8_dynamic,truthfulqa,51.47,51.06,-0.41,0.005238095238095238,-1.7012433862433864,1.711719576719577,False,True,Llama-3.2-3B-Instruct|s2
RedHatAI/Llama-3.2-3B-Instruct-FP8,llama-3,Llama-3.2-3B-Instruct,fp8,mmlu,62.98,62.61,-0.37,-0.348125,-2.054606481481482,1.3583564814814817,False,True,Llama-3.2-3B-Instruct|s2
RedHatAI/Llama-3.2-3B-Instruct-FP8,llama-3,Llama-3.2-3B-Instruct,fp8,mmlu_cot,65.4,65.2,-0.2,-0.348125,-2.054606481481482,1.3583564814814817,False,True,Llama-3.2-3B-Instruct|s2
RedHatAI/Llama-3.2-3B-Instruct-FP8,llama-3,Llama-3.2-3B-Instruct,fp8,arc_challenge,77.13,76.62,-0.51,-0.348125,-2.054606481481482,1.3583564814814817,False,True,Llama-3.2-3B-Instruct|s2
RedHatAI/Llama-3.2-3B-Instruct-FP8,llama-3,Llama-3.2-3B-Instruct,fp8,gsm8k,77.94,77.86,-0.08,-0.348125,-2.054606481481482,1.3583564814814817,False,True,Llama-3.2-3B-Instruct|s2
RedHatAI/Llama-3.2-3B-Instruct-FP8,llama-3,Llama-3.2-3B-Instruct,fp8,hellaswag,73.62,73.48,-0.14,-0.348125,-2.054606481481482,1.3583564814814817,False,True,Llama-3.2-3B-Instruct|s2
RedHatAI/Llama-3.2-3B-Instruct-FP8,llama-3,Llama-3.2-3B-Instruct,fp8,winogrande,71.11,70.88,-0.23,-0.348125,-2.054606481481482,1.3583564814814817,False,True,Llama-3.2-3B-Instruct|s2
RedHatAI/Llama-3.2-3B-Instruct-FP8,llama-3,Llama-3.2-3B-Instruct,fp8,truthfulqa,51.47,51.65,0.18,-0.348125,-2.054606481481482,1.3583564814814817,False,True,Llama-3.2-3B-Instruct|s2
RedHatAI/Llama-3.2-3B-Instruct-quantized.w8a8,llama-3,Llama-3.2-3B-Instruct,w8a8_int,mmlu,62.98,62.75,-0.23,-0.2929032258064516,-1.9993847072879334,1.41357825567503,False,True,Llama-3.2-3B-Instruct|s2
RedHatAI/Llama-3.2-3B-Instruct-quantized.w8a8,llama-3,Llama-3.2-3B-Instruct,w8a8_int,mmlu_cot,65.4,65.05,-0.35,-0.2929032258064516,-1.9993847072879334,1.41357825567503,False,True,Llama-3.2-3B-Instruct|s2
RedHatAI/Llama-3.2-3B-Instruct-quantized.w8a8,llama-3,Llama-3.2-3B-Instruct,w8a8_int,arc_challenge,77.13,76.45,-0.68,-0.2929032258064516,-1.9993847072879334,1.41357825567503,False,True,Llama-3.2-3B-Instruct|s2
RedHatAI/Llama-3.2-3B-Instruct-quantized.w8a8,llama-3,Llama-3.2-3B-Instruct,w8a8_int,gsm8k,77.94,77.56,-0.38,-0.2929032258064516,-1.9993847072879334,1.41357825567503,False,True,Llama-3.2-3B-Instruct|s2
RedHatAI/Llama-3.2-3B-Instruct-quantized.w8a8,llama-3,Llama-3.2-3B-Instruct,w8a8_int,hellaswag,73.62,73.63,0.01,-0.2929032258064516,-1.9993847072879334,1.41357825567503,False,True,Llama-3.2-3B-Instruct|s2
RedHatAI/Llama-3.2-3B-Instruct-quantized.w8a8,llama-3,Llama-3.2-3B-Instruct,w8a8_int,winogrande,71.11,71.9,0.79,-0.2929032258064516,-1.9993847072879334,1.41357825567503,False,True,Llama-3.2-3B-Instruct|s2
RedHatAI/Llama-3.2-3B-Instruct-FP8-dynamic,llama-3,Llama-3.2-3B-Instruct,fp8_dynamic,mmlu,62.98,62.95,-0.03,-0.03316770186335405,-1.266335403726708,1.2,False,True,Llama-3.2-3B-Instruct|s3
RedHatAI/Llama-3.2-3B-Instruct-FP8-dynamic,llama-3,Llama-3.2-3B-Instruct,fp8_dynamic,mmlu_cot,65.4,65.23,-0.17,-0.03316770186335405,-1.266335403726708,1.2,False,True,Llama-3.2-3B-Instruct|s3
RedHatAI/Llama-3.2-3B-Instruct-FP8-dynamic,llama-3,Llama-3.2-3B-Instruct,fp8_dynamic,arc_challenge,77.13,76.71,-0.42,-0.03316770186335405,-1.266335403726708,1.2,False,True,Llama-3.2-3B-Instruct|s3
RedHatAI/Llama-3.2-3B-Instruct-FP8-dynamic,llama-3,Llama-3.2-3B-Instruct,fp8_dynamic,gsm8k,77.94,76.72,-1.22,-0.03316770186335405,-1.266335403726708,1.2,False,True,Llama-3.2-3B-Instruct|s3
RedHatAI/Llama-3.2-3B-Instruct-FP8-dynamic,llama-3,Llama-3.2-3B-Instruct,fp8_dynamic,winogrande,71.11,71.11,0.0,-0.03316770186335405,-1.266335403726708,1.2,False,True,Llama-3.2-3B-Instruct|s3
RedHatAI/Llama-3.2-3B-Instruct-FP8-dynamic,llama-3,Llama-3.2-3B-Instruct,fp8_dynamic,hellaswag,73.62,73.54,-0.08,-0.03316770186335405,-1.266335403726708,1.2,False,True,Llama-3.2-3B-Instruct|s3
RedHatAI/Llama-3.2-3B-Instruct-FP8-dynamic,llama-3,Llama-3.2-3B-Instruct,fp8_dynamic,truthfulqa,51.47,51.06,-0.41,-0.03316770186335405,-1.266335403726708,1.2,False,True,Llama-3.2-3B-Instruct|s3
RedHatAI/Llama-3.2-3B-Instruct-FP8,llama-3,Llama-3.2-3B-Instruct,fp8,mmlu,62.98,62.61,-0.37,-0.34703703703703703,-1.580204738900391,0.886130664826317,False,True,Llama-3.2-3B-Instruct|s3
RedHatAI/Llama-3.2-3B-Instruct-FP8,llama-3,Llama-3.2-3B-Instruct,fp8,mmlu_cot,65.4,65.2,-0.2,-0.34703703703703703,-1.580204738900391,0.886130664826317,False,True,Llama-3.2-3B-Instruct|s3
RedHatAI/Llama-3.2-3B-Instruct-FP8,llama-3,Llama-3.2-3B-Instruct,fp8,arc_challenge,77.13,76.62,-0.51,-0.34703703703703703,-1.580204738900391,0.886130664826317,False,True,Llama-3.2-3B-Instruct|s3
RedHatAI/Llama-3.2-3B-Instruct-FP8,llama-3,Llama-3.2-3B-Instruct,fp8,gsm8k,77.94,77.86,-0.08,-0.34703703703703703,-1.580204738900391,0.886130664826317,False,True,Llama-3.2-3B-Instruct|s3
RedHatAI/Llama-3.2-3B-Instruct-FP8,llama-3,Llama-3.2-3B-Instruct,fp8,hellaswag,73.62,73.48,-0.14,-0.34703703703703703,-1.580204738900391,0.886130664826317,False,True,Llama-3.2-3B-Instruct|s3
RedHatAI/Llama-3.2-3B-Instruct-FP8,llama-3,Llama-3.2-3B-Instruct,fp8,winogrande,71.11,70.88,-0.23,-0.34703703703703703,-1.580204738900391,0.886130664826317,False,True,Llama-3.2-3B-Instruct|s3
RedHatAI/Llama-3.2-3B-Instruct-FP8,llama-3,Llama-3.2-3B-Instruct,fp8,truthfulqa,51.47,51.65,0.18,-0.34703703703703703,-1.580204738900391,0.886130664826317,False,True,Llama-3.2-3B-Instruct|s3
RedHatAI/Llama-3.2-3B-Instruct-quantized.w8a8,llama-3,Llama-3.2-3B-Instruct,w8a8_int,mmlu,62.98,62.75,-0.23,-0.33880794701986755,-1.5719756488832215,0.8943597548434865,False,True,Llama-3.2-3B-Instruct|s3
RedHatAI/Llama-3.2-3B-Instruct-quantized.w8a8,llama-3,Llama-3.2-3B-Instruct,w8a8_int,mmlu_cot,65.4,65.05,-0.35,-0.33880794701986755,-1.5719756488832215,0.8943597548434865,False,True,Llama-3.2-3B-Instruct|s3
RedHatAI/Llama-3.2-3B-Instruct-quantized.w8a8,llama-3,Llama-3.2-3B-Instruct,w8a8_int,arc_challenge,77.13,76.45,-0.68,-0.33880794701986755,-1.5719756488832215,0.8943597548434865,False,True,Llama-3.2-3B-Instruct|s3
RedHatAI/Llama-3.2-3B-Instruct-quantized.w8a8,llama-3,Llama-3.2-3B-Instruct,w8a8_int,gsm8k,77.94,77.56,-0.38,-0.33880794701986755,-1.5719756488832215,0.8943597548434865,False,True,Llama-3.2-3B-Instruct|s3
RedHatAI/Llama-3.2-3B-Instruct-quantized.w8a8,llama-3,Llama-3.2-3B-Instruct,w8a8_int,hellaswag,73.62,73.63,0.01,-0.33880794701986755,-1.5719756488832215,0.8943597548434865,False,True,Llama-3.2-3B-Instruct|s3
RedHatAI/Llama-3.2-3B-Instruct-quantized.w8a8,llama-3,Llama-3.2-3B-Instruct,w8a8_int,winogrande,71.11,71.9,0.79,-0.33880794701986755,-1.5719756488832215,0.8943597548434865,False,True,Llama-3.2-3B-Instruct|s3
RedHatAI/Llama-3.2-3B-Instruct-FP8-dynamic,llama-3,Llama-3.2-3B-Instruct,fp8_dynamic,mmlu,62.98,62.95,-0.03,-0.0894776119402985,-1.9959268873026175,1.8169716634220205,False,True,Llama-3.2-3B-Instruct|s4
RedHatAI/Llama-3.2-3B-Instruct-FP8-dynamic,llama-3,Llama-3.2-3B-Instruct,fp8_dynamic,mmlu_cot,65.4,65.23,-0.17,-0.0894776119402985,-1.9959268873026175,1.8169716634220205,False,True,Llama-3.2-3B-Instruct|s4
RedHatAI/Llama-3.2-3B-Instruct-FP8-dynamic,llama-3,Llama-3.2-3B-Instruct,fp8_dynamic,arc_challenge,77.13,76.71,-0.42,-0.0894776119402985,-1.9959268873026175,1.8169716634220205,False,True,Llama-3.2-3B-Instruct|s4
RedHatAI/Llama-3.2-3B-Instruct-FP8-dynamic,llama-3,Llama-3.2-3B-Instruct,fp8_dynamic,gsm8k,77.94,76.72,-1.22,-0.0894776119402985,-1.9959268873026175,1.8169716634220205,False,True,Llama-3.2-3B-Instruct|s4
RedHatAI/Llama-3.2-3B-Instruct-FP8-dynamic,llama-3,Llama-3.2-3B-Instruct,fp8_dynamic,winogrande,71.11,71.11,0.0,-0.0894776119402985,-1.9959268873026175,1.8169716634220205,False,True,Llama-3.2-3B-Instruct|s4
RedHatAI/Llama-3.2-3B-Instruct-FP8-dynamic,llama-3,Llama-3.2-3B-Instruct,fp8_dynamic,hellaswag,73.62,73.54,-0.08,-0.0894776119402985,-1.9959268873026175,1.8169716634220205,False,True,Llama-3.2-3B-Instruct|s4
RedHatAI/Llama-3.2-3B-Instruct-FP8-dynamic,llama-3,Llama-3.2-3B-Instruct,fp8_dynamic,truthfulqa,51.47,51.06,-0.41,-0.0894776119402985,-1.9959268873026175,1.8169716634220205,False,True,Llama-3.2-3B-Instruct|s4
RedHatAI/Llama-3.2-3B-Instruct-FP8,llama-3,Llama-3.2-3B-Instruct,fp8,mmlu,62.98,62.61,-0.37,-0.29333333333333333,-2.1997826086956525,1.6131159420289856,False,True,Llama-3.2-3B-Instruct|s4
RedHatAI/Llama-3.2-3B-Instruct-FP8,llama-3,Llama-3.2-3B-Instruct,fp8,mmlu_cot,65.4,65.2,-0.2,-0.29333333333333333,-2.1997826086956525,1.6131159420289856,False,True,Llama-3.2-3B-Instruct|s4
RedHatAI/Llama-3.2-3B-Instruct-FP8,llama-3,Llama-3.2-3B-Instruct,fp8,arc_challenge,77.13,76.62,-0.51,-0.29333333333333333,-2.1997826086956525,1.6131159420289856,False,True,Llama-3.2-3B-Instruct|s4
RedHatAI/Llama-3.2-3B-Instruct-FP8,llama-3,Llama-3.2-3B-Instruct,fp8,gsm8k,77.94,77.86,-0.08,-0.29333333333333333,-2.1997826086956525,1.6131159420289856,False,True,Llama-3.2-3B-Instruct|s4
RedHatAI/Llama-3.2-3B-Instruct-FP8,llama-3,Llama-3.2-3B-Instruct,fp8,hellaswag,73.62,73.48,-0.14,-0.29333333333333333,-2.1997826086956525,1.6131159420289856,False,True,Llama-3.2-3B-Instruct|s4
RedHatAI/Llama-3.2-3B-Instruct-FP8,llama-3,Llama-3.2-3B-Instruct,fp8,winogrande,71.11,70.88,-0.23,-0.29333333333333333,-2.1997826086956525,1.6131159420289856,False,True,Llama-3.2-3B-Instruct|s4
RedHatAI/Llama-3.2-3B-Instruct-FP8,llama-3,Llama-3.2-3B-Instruct,fp8,truthfulqa,51.47,51.65,0.18,-0.29333333333333333,-2.1997826086956525,1.6131159420289856,False,True,Llama-3.2-3B-Instruct|s4
RedHatAI/Llama-3.2-3B-Instruct-quantized.w8a8,llama-3,Llama-3.2-3B-Instruct,w8a8_int,mmlu,62.98,62.75,-0.23,-0.29355072463768117,-2.2,1.6128985507246378,False,True,Llama-3.2-3B-Instruct|s4
RedHatAI/Llama-3.2-3B-Instruct-quantized.w8a8,llama-3,Llama-3.2-3B-Instruct,w8a8_int,mmlu_cot,65.4,65.05,-0.35,-0.29355072463768117,-2.2,1.6128985507246378,False,True,Llama-3.2-3B-Instruct|s4
RedHatAI/Llama-3.2-3B-Instruct-quantized.w8a8,llama-3,Llama-3.2-3B-Instruct,w8a8_int,arc_challenge,77.13,76.45,-0.68,-0.29355072463768117,-2.2,1.6128985507246378,False,True,Llama-3.2-3B-Instruct|s4
RedHatAI/Llama-3.2-3B-Instruct-quantized.w8a8,llama-3,Llama-3.2-3B-Instruct,w8a8_int,gsm8k,77.94,77.56,-0.38,-0.29355072463768117,-2.2,1.6128985507246378,False,True,Llama-3.2-3B-Instruct|s4
RedHatAI/Llama-3.2-3B-Instruct-quantized.w8a8,llama-3,Llama-3.2-3B-Instruct,w8a8_int,hellaswag,73.62,73.63,0.01,-0.29355072463768117,-2.2,1.6128985507246378,False,True,Llama-3.2-3B-Instruct|s4
RedHatAI/Llama-3.2-3B-Instruct-quantized.w8a8,llama-3,Llama-3.2-3B-Instruct,w8a8_int,winogrande,71.11,71.9,0.79,-0.29355072463768117,-2.2,1.6128985507246378,False,True,Llama-3.2-3B-Instruct|s4
RedHatAI/Llama-3.3-70B-Instruct-FP8-dynamic,llama-3,Llama-3.3-70B-Instruct,fp8_dynamic,mmlu,81.6,81.31,-0.29,-0.071900826446281,-2.128150826446281,1.9843491735537189,False,True,Llama-3.3-70B-Instruct|s0
RedHatAI/Llama-3.3-70B-Instruct-FP8-dynamic,llama-3,Llama-3.3-70B-Instruct,fp8_dynamic,mmlu_cot,86.58,86.34,-0.24,-0.071900826446281,-2.128150826446281,1.9843491735537189,False,True,Llama-3.3-70B-Instruct|s0
RedHatAI/Llama-3.3-70B-Instruct-FP8-dynamic,llama-3,Llama-3.3-70B-Instruct,fp8_dynamic,arc_challenge,49.23,51.96,2.73,-0.071900826446281,-2.128150826446281,1.9843491735537189,False,False,Llama-3.3-70B-Instruct|s0
RedHatAI/Llama-3.3-70B-Instruct-FP8-dynamic,llama-3,Llama-3.3-70B-Instruct,fp8_dynamic,gsm8k,94.16,94.92,0.76,-0.071900826446281,-2.128150826446281,1.9843491735537189,False,True,Llama-3.3-70B-Instruct|s0
RedHatAI/Llama-3.3-70B-Instruct-FP8-dynamic,llama-3,Llama-3.3-70B-Instruct,fp8_dynamic,hellaswag,86.49,86.43,-0.06,-0.071900826446281,-2.128150826446281,1.9843491735537189,False,True,Llama-3.3-70B-Instruct|s0
RedHatAI/Llama-3.3-70B-Instruct-FP8-dynamic,llama-3,Llama-3.3-70B-Instruct,fp8_dynamic,winogrande,84.77,84.53,-0.24,-0.071900826446281,-2.128150826446281,1.9843491735537189,False,True,Llama-3.3-70B-Instruct|s0
RedHatAI/Llama-3.3-70B-Instruct-FP8-dynamic,llama-3,Llama-3.3-70B-Instruct,fp8_dynamic,truthfulqa,62.75,63.21,0.46,-0.071900826446281,-2.128150826446281,1.9843491735537189,False,True,Llama-3.3-70B-Instruct|s0
RedHatAI/Llama-3.3-70B-Instruct-FP8-dynamic,llama-3,Llama-3.3-70B-Instruct,fp8_dynamic,mmlu_pro,51.89,51.5,-0.39,-0.071900826446281,-2.128150826446281,1.9843491735537189,False,True,Llama-3.3-70B-Instruct|s0
RedHatAI/Llama-3.3-70B-Instruct-FP8-dynamic,llama-3,Llama-3.3-70B-Instruct,fp8_dynamic,ifeval,90.89,90.92,0.03,-0.071900826446281,-2.128150826446281,1.9843491735537189,False,True,Llama-3.3-70B-Instruct|s0
RedHatAI/Llama-3.3-70B-Instruct-FP8-dynamic,llama-3,Llama-3.3-70B-Instruct,fp8_dynamic,bbh,63.15,62.84,-0.31,-0.071900826446281,-2.128150826446281,1.9843491735537189,False,True,Llama-3.3-70B-Instruct|s0
RedHatAI/Llama-3.3-70B-Instruct-FP8-dynamic,llama-3,Llama-3.3-70B-Instruct,fp8_dynamic,gpqa_ambiguous_46,46.1,46.3,0.2,-0.071900826446281,-2.128150826446281,1.9843491735537189,False,True,Llama-3.3-70B-Instruct|s0
RedHatAI/Llama-3.3-70B-Instruct-FP8-dynamic,llama-3,Llama-3.3-70B-Instruct,fp8_dynamic,musr,44.35,43.96,-0.39,-0.071900826446281,-2.128150826446281,1.9843491735537189,False,True,Llama-3.3-70B-Instruct|s0
RedHatAI/Llama-3.3-70B-Instruct-FP8-dynamic,llama-3,Llama-3.3-70B-Instruct,fp8_dynamic,humaneval,83.2,83.7,0.5,-0.071900826446281,-2.128150826446281,1.9843491735537189,False,True,Llama-3.3-70B-Instruct|s0
RedHatAI/Llama-3.3-70B-Instruct-FP8-dynamic,llama-3,Llama-3.3-70B-Instruct,fp8_dynamic,humaneval_plus,78.4,78.7,0.3,-0.071900826446281,-2.128150826446281,1.9843491735537189,False,True,Llama-3.3-70B-Instruct|s0
RedHatAI/Llama-3.3-70B-Instruct-NVFP4,llama-3,Llama-3.3-70B-Instruct,nvfp4,mmlu,83.4,81.28,-2.12,-0.94375,-3.0,1.1124999999999998,False,True,Llama-3.3-70B-Instruct|s0
RedHatAI/Llama-3.3-70B-Instruct-NVFP4,llama-3,Llama-3.3-70B-Instruct,nvfp4,mmlu_cot,86.42,84.77,-1.65,-0.94375,-3.0,1.1124999999999998,False,True,Llama-3.3-70B-Instruct|s0
RedHatAI/Llama-3.3-70B-Instruct-NVFP4,llama-3,Llama-3.3-70B-Instruct,nvfp4,arc_challenge,93.39,92.62,-0.77,-0.94375,-3.0,1.1124999999999998,False,True,Llama-3.3-70B-Instruct|s0
RedHatAI/Llama-3.3-70B-Instruct-NVFP4,llama-3,Llama-3.3-70B-Instruct,nvfp4,gsm8k,85.22,77.1,-8.12,-0.94375,-3.0,1.1124999999999998,False,False,Llama-3.3-70B-Instruct|s0
RedHatAI/Llama-3.3-70B-Instruct-NVFP4,llama-3,Llama-3.3-70B-Instruct,nvfp4,hellaswag,70.23,75.4,5.17,-0.94375,-3.0,1.1124999999999998,False,False,Llama-3.3-70B-Instruct|s0
RedHatAI/Llama-3.3-70B-Instruct-NVFP4,llama-3,Llama-3.3-70B-Instruct,nvfp4,winogrande,73.48,72.53,-0.95,-0.94375,-3.0,1.1124999999999998,False,True,Llama-3.3-70B-Instruct|s0
RedHatAI/Llama-3.3-70B-Instruct-NVFP4,llama-3,Llama-3.3-70B-Instruct,nvfp4,truthfulqa,66.26,66.26,0.0,-0.94375,-3.0,1.1124999999999998,False,True,Llama-3.3-70B-Instruct|s0
RedHatAI/Llama-3.3-70B-Instruct-NVFP4,llama-3,Llama-3.3-70B-Instruct,nvfp4,mmlu_pro,53.48,50.26,-3.22,-0.94375,-3.0,1.1124999999999998,False,False,Llama-3.3-70B-Instruct|s0
RedHatAI/Llama-3.3-70B-Instruct-NVFP4,llama-3,Llama-3.3-70B-Instruct,nvfp4,ifeval,92.45,91.49,-0.96,-0.94375,-3.0,1.1124999999999998,False,True,Llama-3.3-70B-Instruct|s0
RedHatAI/Llama-3.3-70B-Instruct-NVFP4,llama-3,Llama-3.3-70B-Instruct,nvfp4,bbh,69.05,66.31,-2.74,-0.94375,-3.0,1.1124999999999998,False,True,Llama-3.3-70B-Instruct|s0
RedHatAI/Llama-3.3-70B-Instruct-NVFP4,llama-3,Llama-3.3-70B-Instruct,nvfp4,math_lvl5,47.96,43.81,-4.15,-0.94375,-3.0,1.1124999999999998,False,False,Llama-3.3-70B-Instruct|s0
RedHatAI/Llama-3.3-70B-Instruct-NVFP4,llama-3,Llama-3.3-70B-Instruct,nvfp4,gpqa_main,31.63,32.21,0.58,-0.94375,-3.0,1.1124999999999998,False,True,Llama-3.3-70B-Instruct|s0
RedHatAI/Llama-3.3-70B-Instruct-NVFP4,llama-3,Llama-3.3-70B-Instruct,nvfp4,musr,44.18,44.18,0.0,-0.94375,-3.0,1.1124999999999998,False,True,Llama-3.3-70B-Instruct|s0
RedHatAI/Llama-3.3-70B-Instruct-NVFP4,llama-3,Llama-3.3-70B-Instruct,nvfp4,humaneval,88.69,84.77,-3.92,-0.94375,-3.0,1.1124999999999998,False,False,Llama-3.3-70B-Instruct|s0
RedHatAI/Llama-3.3-70B-Instruct-quantized.w4a16,llama-3,Llama-3.3-70B-Instruct,w4a16,mmlu,81.6,80.62,-0.98,-0.8049180327868852,-2.8611680327868854,1.2513319672131147,False,True,Llama-3.3-70B-Instruct|s0
RedHatAI/Llama-3.3-70B-Instruct-quantized.w4a16,llama-3,Llama-3.3-70B-Instruct,w4a16,mmlu_cot,86.58,85.81,-0.77,-0.8049180327868852,-2.8611680327868854,1.2513319672131147,False,True,Llama-3.3-70B-Instruct|s0
RedHatAI/Llama-3.3-70B-Instruct-quantized.w4a16,llama-3,Llama-3.3-70B-Instruct,w4a16,arc_challenge,49.23,49.49,0.26,-0.8049180327868852,-2.8611680327868854,1.2513319672131147,False,True,Llama-3.3-70B-Instruct|s0
RedHatAI/Llama-3.3-70B-Instruct-quantized.w4a16,llama-3,Llama-3.3-70B-Instruct,w4a16,gsm8k,94.16,94.47,0.31,-0.8049180327868852,-2.8611680327868854,1.2513319672131147,False,True,Llama-3.3-70B-Instruct|s0
RedHatAI/Llama-3.3-70B-Instruct-quantized.w4a16,llama-3,Llama-3.3-70B-Instruct,w4a16,hellaswag,86.49,85.97,-0.52,-0.8049180327868852,-2.8611680327868854,1.2513319672131147,False,True,Llama-3.3-70B-Instruct|s0
RedHatAI/Llama-3.3-70B-Instruct-quantized.w4a16,llama-3,Llama-3.3-70B-Instruct,w4a16,winogrande,84.77,84.45,-0.32,-0.8049180327868852,-2.8611680327868854,1.2513319672131147,False,True,Llama-3.3-70B-Instruct|s0
RedHatAI/Llama-3.3-70B-Instruct-quantized.w4a16,llama-3,Llama-3.3-70B-Instruct,w4a16,truthfulqa,62.75,61.66,-1.09,-0.8049180327868852,-2.8611680327868854,1.2513319672131147,False,True,Llama-3.3-70B-Instruct|s0
RedHatAI/Llama-3.3-70B-Instruct-quantized.w4a16,llama-3,Llama-3.3-70B-Instruct,w4a16,humaneval,83.2,83.4,0.2,-0.8049180327868852,-2.8611680327868854,1.2513319672131147,False,True,Llama-3.3-70B-Instruct|s0
RedHatAI/Llama-3.3-70B-Instruct-quantized.w4a16,llama-3,Llama-3.3-70B-Instruct,w4a16,humaneval_plus,78.4,78.6,0.2,-0.8049180327868852,-2.8611680327868854,1.2513319672131147,False,True,Llama-3.3-70B-Instruct|s0
RedHatAI/Llama-3.3-70B-Instruct-quantized.w8a8,llama-3,Llama-3.3-70B-Instruct,w8a8_int,mmlu,81.6,81.19,-0.41,-0.45940677966101695,-2.515656779661017,1.5968432203389828,False,True,Llama-3.3-70B-Instruct|s0
RedHatAI/Llama-3.3-70B-Instruct-quantized.w8a8,llama-3,Llama-3.3-70B-Instruct,w8a8_int,mmlu_cot,86.58,85.92,-0.66,-0.45940677966101695,-2.515656779661017,1.5968432203389828,False,True,Llama-3.3-70B-Instruct|s0
RedHatAI/Llama-3.3-70B-Instruct-quantized.w8a8,llama-3,Llama-3.3-70B-Instruct,w8a8_int,arc_challenge,49.23,48.04,-1.19,-0.45940677966101695,-2.515656779661017,1.5968432203389828,False,True,Llama-3.3-70B-Instruct|s0
RedHatAI/Llama-3.3-70B-Instruct-quantized.w8a8,llama-3,Llama-3.3-70B-Instruct,w8a8_int,gsm8k,94.16,94.01,-0.15,-0.45940677966101695,-2.515656779661017,1.5968432203389828,False,True,Llama-3.3-70B-Instruct|s0
RedHatAI/Llama-3.3-70B-Instruct-quantized.w8a8,llama-3,Llama-3.3-70B-Instruct,w8a8_int,hellaswag,86.49,86.47,-0.02,-0.45940677966101695,-2.515656779661017,1.5968432203389828,False,True,Llama-3.3-70B-Instruct|s0
RedHatAI/Llama-3.3-70B-Instruct-quantized.w8a8,llama-3,Llama-3.3-70B-Instruct,w8a8_int,winogrande,84.77,83.74,-1.03,-0.45940677966101695,-2.515656779661017,1.5968432203389828,False,True,Llama-3.3-70B-Instruct|s0
RedHatAI/Llama-3.3-70B-Instruct-quantized.w8a8,llama-3,Llama-3.3-70B-Instruct,w8a8_int,truthfulqa,63.09,62.75,-0.34,-0.45940677966101695,-2.515656779661017,1.5968432203389828,False,True,Llama-3.3-70B-Instruct|s0
RedHatAI/Llama-3.3-70B-Instruct-quantized.w8a8,llama-3,Llama-3.3-70B-Instruct,w8a8_int,bbh,63.15,62.54,-0.61,-0.45940677966101695,-2.515656779661017,1.5968432203389828,False,True,Llama-3.3-70B-Instruct|s0
RedHatAI/Llama-3.3-70B-Instruct-quantized.w8a8,llama-3,Llama-3.3-70B-Instruct,w8a8_int,gpqa_ambiguous_46,46.1,46.44,0.34,-0.45940677966101695,-2.515656779661017,1.5968432203389828,False,True,Llama-3.3-70B-Instruct|s0
RedHatAI/Llama-3.3-70B-Instruct-quantized.w8a8,llama-3,Llama-3.3-70B-Instruct,w8a8_int,musr,44.35,44.34,-0.01,-0.45940677966101695,-2.515656779661017,1.5968432203389828,False,True,Llama-3.3-70B-Instruct|s0
RedHatAI/Llama-3.3-70B-Instruct-quantized.w8a8,llama-3,Llama-3.3-70B-Instruct,w8a8_int,humaneval,83.2,83.3,0.1,-0.45940677966101695,-2.515656779661017,1.5968432203389828,False,True,Llama-3.3-70B-Instruct|s0
RedHatAI/Llama-3.3-70B-Instruct-quantized.w8a8,llama-3,Llama-3.3-70B-Instruct,w8a8_int,humaneval_plus,78.4,78.6,0.2,-0.45940677966101695,-2.515656779661017,1.5968432203389828,False,True,Llama-3.3-70B-Instruct|s0
RedHatAI/Llama-3.3-70B-Instruct-FP8-dynamic,llama-3,Llama-3.3-70B-Instruct,fp8_dynamic,mmlu,81.6,81.31,-0.29,0.026544117647058826,-1.6899593788564375,1.7430476141505553,False,True,Llama-3.3-70B-Instruct|s1
RedHatAI/Llama-3.3-70B-Instruct-FP8-dynamic,llama-3,Llama-3.3-70B-Instruct,fp8_dynamic,mmlu_cot,86.58,86.34,-0.24,0.026544117647058826,-1.6899593788564375,1.7430476141505553,False,True,Llama-3.3-70B-Instruct|s1
RedHatAI/Llama-3.3-70B-Instruct-FP8-dynamic,llama-3,Llama-3.3-70B-Instruct,fp8_dynamic,arc_challenge,49.23,51.96,2.73,0.026544117647058826,-1.6899593788564375,1.7430476141505553,False,False,Llama-3.3-70B-Instruct|s1
RedHatAI/Llama-3.3-70B-Instruct-FP8-dynamic,llama-3,Llama-3.3-70B-Instruct,fp8_dynamic,gsm8k,94.16,94.92,0.76,0.026544117647058826,-1.6899593788564375,1.7430476141505553,False,True,Llama-3.3-70B-Instruct|s1
RedHatAI/Llama-3.3-70B-Instruct-FP8-dynamic,llama-3,Llama-3.3-70B-Instruct,fp8_dynamic,hellaswag,86.49,86.43,-0.06,0.026544117647058826,-1.6899593788564375,1.7430476141505553,False,True,Llama-3.3-70B-Instruct|s1
RedHatAI/Llama-3.3-70B-Instruct-FP8-dynamic,llama-3,Llama-3.3-70B-Instruct,fp8_dynamic,winogrande,84.77,84.53,-0.24,0.026544117647058826,-1.6899593788564375,1.7430476141505553,False,True,Llama-3.3-70B-Instruct|s1
RedHatAI/Llama-3.3-70B-Instruct-FP8-dynamic,llama-3,Llama-3.3-70B-Instruct,fp8_dynamic,truthfulqa,62.75,63.21,0.46,0.026544117647058826,-1.6899593788564375,1.7430476141505553,False,True,Llama-3.3-70B-Instruct|s1
RedHatAI/Llama-3.3-70B-Instruct-FP8-dynamic,llama-3,Llama-3.3-70B-Instruct,fp8_dynamic,mmlu_pro,51.89,51.5,-0.39,0.026544117647058826,-1.6899593788564375,1.7430476141505553,False,True,Llama-3.3-70B-Instruct|s1
RedHatAI/Llama-3.3-70B-Instruct-FP8-dynamic,llama-3,Llama-3.3-70B-Instruct,fp8_dynamic,ifeval,90.89,90.92,0.03,0.026544117647058826,-1.6899593788564375,1.7430476141505553,False,True,Llama-3.3-70B-Instruct|s1
RedHatAI/Llama-3.3-70B-Instruct-FP8-dynamic,llama-3,Llama-3.3-70B-Instruct,fp8_dynamic,bbh,63.15,62.84,-0.31,0.026544117647058826,-1.6899593788564375,1.7430476141505553,False,True,Llama-3.3-70B-Instruct|s1
RedHatAI/Llama-3.3-70B-Instruct-FP8-dynamic,llama-3,Llama-3.3-70B-Instruct,fp8_dynamic,gpqa_ambiguous_46,46.1,46.3,0.2,0.026544117647058826,-1.6899593788564375,1.7430476141505553,False,True,Llama-3.3-70B-Instruct|s1
RedHatAI/Llama-3.3-70B-Instruct-FP8-dynamic,llama-3,Llama-3.3-70B-Instruct,fp8_dynamic,musr,44.35,43.96,-0.39,0.026544117647058826,-1.6899593788564375,1.7430476141505553,False,True,Llama-3.3-70B-Instruct|s1
RedHatAI/Llama-3.3-70B-Instruct-FP8-dynamic,llama-3,Llama-3.3-70B-Instruct,fp8_dynamic,humaneval,83.2,83.7,0.5,0.026544117647058826,-1.6899593788564375,1.7430476141505553,False,True,Llama-3.3-70B-Instruct|s1
RedHatAI/Llama-3.3-70B-Instruct-FP8-dynamic,llama-3,Llama-3.3-70B-Instruct,fp8_dynamic,humaneval_plus,78.4,78.7,0.3,0.026544117647058826,-1.6899593788564375,1.7430476141505553,False,True,Llama-3.3-70B-Instruct|s1
RedHatAI/Llama-3.3-70B-Instruct-NVFP4,llama-3,Llama-3.3-70B-Instruct,nvfp4,mmlu,83.4,81.28,-2.12,-1.0335185185185185,-2.750022015022015,0.6829849779849779,False,True,Llama-3.3-70B-Instruct|s1
RedHatAI/Llama-3.3-70B-Instruct-NVFP4,llama-3,Llama-3.3-70B-Instruct,nvfp4,mmlu_cot,86.42,84.77,-1.65,-1.0335185185185185,-2.750022015022015,0.6829849779849779,False,True,Llama-3.3-70B-Instruct|s1
RedHatAI/Llama-3.3-70B-Instruct-NVFP4,llama-3,Llama-3.3-70B-Instruct,nvfp4,arc_challenge,93.39,92.62,-0.77,-1.0335185185185185,-2.750022015022015,0.6829849779849779,False,True,Llama-3.3-70B-Instruct|s1
RedHatAI/Llama-3.3-70B-Instruct-NVFP4,llama-3,Llama-3.3-70B-Instruct,nvfp4,gsm8k,85.22,77.1,-8.12,-1.0335185185185185,-2.750022015022015,0.6829849779849779,False,False,Llama-3.3-70B-Instruct|s1
RedHatAI/Llama-3.3-70B-Instruct-NVFP4,llama-3,Llama-3.3-70B-Instruct,nvfp4,hellaswag,70.23,75.4,5.17,-1.0335185185185185,-2.750022015022015,0.6829849779849779,False,False,Llama-3.3-70B-Instruct|s1
RedHatAI/Llama-3.3-70B-Instruct-NVFP4,llama-3,Llama-3.3-70B-Instruct,nvfp4,winogrande,73.48,72.53,-0.95,-1.0335185185185185,-2.750022015022015,0.6829849779849779,False,True,Llama-3.3-70B-Instruct|s1
RedHatAI/Llama-3.3-70B-Instruct-NVFP4,llama-3,Llama-3.3-70B-Instruct,nvfp4,truthfulqa,66.26,66.26,0.0,-1.0335185185185185,-2.750022015022015,0.6829849779849779,False,True,Llama-3.3-70B-Instruct|s1
RedHatAI/Llama-3.3-70B-Instruct-NVFP4,llama-3,Llama-3.3-70B-Instruct,nvfp4,mmlu_pro,53.48,50.26,-3.22,-1.0335185185185185,-2.750022015022015,0.6829849779849779,False,False,Llama-3.3-70B-Instruct|s1
RedHatAI/Llama-3.3-70B-Instruct-NVFP4,llama-3,Llama-3.3-70B-Instruct,nvfp4,ifeval,92.45,91.49,-0.96,-1.0335185185185185,-2.750022015022015,0.6829849779849779,False,True,Llama-3.3-70B-Instruct|s1
RedHatAI/Llama-3.3-70B-Instruct-NVFP4,llama-3,Llama-3.3-70B-Instruct,nvfp4,bbh,69.05,66.31,-2.74,-1.0335185185185185,-2.750022015022015,0.6829849779849779,False,True,Llama-3.3-70B-Instruct|s1
RedHatAI/Llama-3.3-70B-Instruct-NVFP4,llama-3,Llama-3.3-70B-Instruct,nvfp4,math_lvl5,47.96,43.81,-4.15,-1.0335185185185185,-2.750022015022015,0.6829849779849779,False,False,Llama-3.3-70B-Instruct|s1
RedHatAI/Llama-3.3-70B-Instruct-NVFP4,llama-3,Llama-3.3-70B-Instruct,nvfp4,gpqa_main,31.63,32.21,0.58,-1.0335185185185185,-2.750022015022015,0.6829849779849779,False,True,Llama-3.3-70B-Instruct|s1
RedHatAI/Llama-3.3-70B-Instruct-NVFP4,llama-3,Llama-3.3-70B-Instruct,nvfp4,musr,44.18,44.18,0.0,-1.0335185185185185,-2.750022015022015,0.6829849779849779,False,True,Llama-3.3-70B-Instruct|s1
RedHatAI/Llama-3.3-70B-Instruct-NVFP4,llama-3,Llama-3.3-70B-Instruct,nvfp4,humaneval,88.69,84.77,-3.92,-1.0335185185185185,-2.750022015022015,0.6829849779849779,False,False,Llama-3.3-70B-Instruct|s1
RedHatAI/Llama-3.3-70B-Instruct-quantized.w4a16,llama-3,Llama-3.3-70B-Instruct,w4a16,mmlu,81.6,80.62,-0.98,-0.8065034965034965,-2.5230069930069927,0.9099999999999999,False,True,Llama-3.3-70B-Instruct|s1
RedHatAI/Llama-3.3-70B-Instruct-quantized.w4a16,llama-3,Llama-3.3-70B-Instruct,w4a16,mmlu_cot,86.58,85.81,-0.77,-0.8065034965034965,-2.5230069930069927,0.9099999999999999,False,True,Llama-3.3-70B-Instruct|s1
RedHatAI/Llama-3.3-70B-Instruct-quantized.w4a16,llama-3,Llama-3.3-70B-Instruct,w4a16,arc_challenge,49.23,49.49,0.26,-0.8065034965034965,-2.5230069930069927,0.9099999999999999,False,True,Llama-3.3-70B-Instruct|s1
RedHatAI/Llama-3.3-70B-Instruct-quantized.w4a16,llama-3,Llama-3.3-70B-Instruct,w4a16,gsm8k,94.16,94.47,0.31,-0.8065034965034965,-2.5230069930069927,0.9099999999999999,False,True,Llama-3.3-70B-Instruct|s1
RedHatAI/Llama-3.3-70B-Instruct-quantized.w4a16,llama-3,Llama-3.3-70B-Instruct,w4a16,hellaswag,86.49,85.97,-0.52,-0.8065034965034965,-2.5230069930069927,0.9099999999999999,False,True,Llama-3.3-70B-Instruct|s1
RedHatAI/Llama-3.3-70B-Instruct-quantized.w4a16,llama-3,Llama-3.3-70B-Instruct,w4a16,winogrande,84.77,84.45,-0.32,-0.8065034965034965,-2.5230069930069927,0.9099999999999999,False,True,Llama-3.3-70B-Instruct|s1
RedHatAI/Llama-3.3-70B-Instruct-quantized.w4a16,llama-3,Llama-3.3-70B-Instruct,w4a16,truthfulqa,62.75,61.66,-1.09,-0.8065034965034965,-2.5230069930069927,0.9099999999999999,False,True,Llama-3.3-70B-Instruct|s1
RedHatAI/Llama-3.3-70B-Instruct-quantized.w4a16,llama-3,Llama-3.3-70B-Instruct,w4a16,humaneval,83.2,83.4,0.2,-0.8065034965034965,-2.5230069930069927,0.9099999999999999,False,True,Llama-3.3-70B-Instruct|s1
RedHatAI/Llama-3.3-70B-Instruct-quantized.w4a16,llama-3,Llama-3.3-70B-Instruct,w4a16,humaneval_plus,78.4,78.6,0.2,-0.8065034965034965,-2.5230069930069927,0.9099999999999999,False,True,Llama-3.3-70B-Instruct|s1
RedHatAI/Llama-3.3-70B-Instruct-quantized.w8a8,llama-3,Llama-3.3-70B-Instruct,w8a8_int,mmlu,81.6,81.19,-0.41,-0.262890625,-1.9793941215034965,1.4536128715034964,False,True,Llama-3.3-70B-Instruct|s1
RedHatAI/Llama-3.3-70B-Instruct-quantized.w8a8,llama-3,Llama-3.3-70B-Instruct,w8a8_int,mmlu_cot,86.58,85.92,-0.66,-0.262890625,-1.9793941215034965,1.4536128715034964,False,True,Llama-3.3-70B-Instruct|s1
RedHatAI/Llama-3.3-70B-Instruct-quantized.w8a8,llama-3,Llama-3.3-70B-Instruct,w8a8_int,arc_challenge,49.23,48.04,-1.19,-0.262890625,-1.9793941215034965,1.4536128715034964,False,True,Llama-3.3-70B-Instruct|s1
RedHatAI/Llama-3.3-70B-Instruct-quantized.w8a8,llama-3,Llama-3.3-70B-Instruct,w8a8_int,gsm8k,94.16,94.01,-0.15,-0.262890625,-1.9793941215034965,1.4536128715034964,False,True,Llama-3.3-70B-Instruct|s1
RedHatAI/Llama-3.3-70B-Instruct-quantized.w8a8,llama-3,Llama-3.3-70B-Instruct,w8a8_int,hellaswag,86.49,86.47,-0.02,-0.262890625,-1.9793941215034965,1.4536128715034964,False,True,Llama-3.3-70B-Instruct|s1
RedHatAI/Llama-3.3-70B-Instruct-quantized.w8a8,llama-3,Llama-3.3-70B-Instruct,w8a8_int,winogrande,84.77,83.74,-1.03,-0.262890625,-1.9793941215034965,1.4536128715034964,False,True,Llama-3.3-70B-Instruct|s1
RedHatAI/Llama-3.3-70B-Instruct-quantized.w8a8,llama-3,Llama-3.3-70B-Instruct,w8a8_int,truthfulqa,63.09,62.75,-0.34,-0.262890625,-1.9793941215034965,1.4536128715034964,False,True,Llama-3.3-70B-Instruct|s1
RedHatAI/Llama-3.3-70B-Instruct-quantized.w8a8,llama-3,Llama-3.3-70B-Instruct,w8a8_int,bbh,63.15,62.54,-0.61,-0.262890625,-1.9793941215034965,1.4536128715034964,False,True,Llama-3.3-70B-Instruct|s1
RedHatAI/Llama-3.3-70B-Instruct-quantized.w8a8,llama-3,Llama-3.3-70B-Instruct,w8a8_int,gpqa_ambiguous_46,46.1,46.44,0.34,-0.262890625,-1.9793941215034965,1.4536128715034964,False,True,Llama-3.3-70B-Instruct|s1
RedHatAI/Llama-3.3-70B-Instruct-quantized.w8a8,llama-3,Llama-3.3-70B-Instruct,w8a8_int,musr,44.35,44.34,-0.01,-0.262890625,-1.9793941215034965,1.4536128715034964,False,True,Llama-3.3-70B-Instruct|s1
RedHatAI/Llama-3.3-70B-Instruct-quantized.w8a8,llama-3,Llama-3.3-70B-Instruct,w8a8_int,humaneval,83.2,83.3,0.1,-0.262890625,-1.9793941215034965,1.4536128715034964,False,True,Llama-3.3-70B-Instruct|s1
RedHatAI/Llama-3.3-70B-Instruct-quantized.w8a8,llama-3,Llama-3.3-70B-Instruct,w8a8_int,humaneval_plus,78.4,78.6,0.2,-0.262890625,-1.9793941215034965,1.4536128715034964,False,True,Llama-3.3-70B-Instruct|s1
RedHatAI/Llama-3.3-70B-Instruct-FP8-dynamic,llama-3,Llama-3.3-70B-Instruct,fp8_dynamic,mmlu,81.6,81.31,-0.29,-0.14567307692307693,-1.9450848416289592,1.6537386877828053,False,True,Llama-3.3-70B-Instruct|s2
RedHatAI/Llama-3.3-70B-Instruct-FP8-dynamic,llama-3,Llama-3.3-70B-Instruct,fp8_dynamic,mmlu_cot,86.58,86.34,-0.24,-0.14567307692307693,-1.9450848416289592,1.6537386877828053,False,True,Llama-3.3-70B-Instruct|s2
RedHatAI/Llama-3.3-70B-Instruct-FP8-dynamic,llama-3,Llama-3.3-70B-Instruct,fp8_dynamic,arc_challenge,49.23,51.96,2.73,-0.14567307692307693,-1.9450848416289592,1.6537386877828053,False,False,Llama-3.3-70B-Instruct|s2
RedHatAI/Llama-3.3-70B-Instruct-FP8-dynamic,llama-3,Llama-3.3-70B-Instruct,fp8_dynamic,gsm8k,94.16,94.92,0.76,-0.14567307692307693,-1.9450848416289592,1.6537386877828053,False,True,Llama-3.3-70B-Instruct|s2
RedHatAI/Llama-3.3-70B-Instruct-FP8-dynamic,llama-3,Llama-3.3-70B-Instruct,fp8_dynamic,hellaswag,86.49,86.43,-0.06,-0.14567307692307693,-1.9450848416289592,1.6537386877828053,False,True,Llama-3.3-70B-Instruct|s2
RedHatAI/Llama-3.3-70B-Instruct-FP8-dynamic,llama-3,Llama-3.3-70B-Instruct,fp8_dynamic,winogrande,84.77,84.53,-0.24,-0.14567307692307693,-1.9450848416289592,1.6537386877828053,False,True,Llama-3.3-70B-Instruct|s2
RedHatAI/Llama-3.3-70B-Instruct-FP8-dynamic,llama-3,Llama-3.3-70B-Instruct,fp8_dynamic,truthfulqa,62.75,63.21,0.46,-0.14567307692307693,-1.9450848416289592,1.6537386877828053,False,True,Llama-3.3-70B-Instruct|s2
RedHatAI/Llama-3.3-70B-Instruct-FP8-dynamic,llama-3,Llama-3.3-70B-Instruct,fp8_dynamic,mmlu_pro,51.89,51.5,-0.39,-0.14567307692307693,-1.9450848416289592,1.6537386877828053,False,True,Llama-3.3-70B-Instruct|s2
RedHatAI/Llama-3.3-70B-Instruct-FP8-dynamic,llama-3,Llama-3.3-70B-Instruct,fp8_dynamic,ifeval,90.89,90.92,0.03,-0.14567307692307693,-1.9450848416289592,1.6537386877828053,False,True,Llama-3.3-70B-Instruct|s2
RedHatAI/Llama-3.3-70B-Instruct-FP8-dynamic,llama-3,Llama-3.3-70B-Instruct,fp8_dynamic,bbh,63.15,62.84,-0.31,-0.14567307692307693,-1.9450848416289592,1.6537386877828053,False,True,Llama-3.3-70B-Instruct|s2
RedHatAI/Llama-3.3-70B-Instruct-FP8-dynamic,llama-3,Llama-3.3-70B-Instruct,fp8_dynamic,gpqa_ambiguous_46,46.1,46.3,0.2,-0.14567307692307693,-1.9450848416289592,1.6537386877828053,False,True,Llama-3.3-70B-Instruct|s2
RedHatAI/Llama-3.3-70B-Instruct-FP8-dynamic,llama-3,Llama-3.3-70B-Instruct,fp8_dynamic,musr,44.35,43.96,-0.39,-0.14567307692307693,-1.9450848416289592,1.6537386877828053,False,True,Llama-3.3-70B-Instruct|s2
RedHatAI/Llama-3.3-70B-Instruct-FP8-dynamic,llama-3,Llama-3.3-70B-Instruct,fp8_dynamic,humaneval,83.2,83.7,0.5,-0.14567307692307693,-1.9450848416289592,1.6537386877828053,False,True,Llama-3.3-70B-Instruct|s2
RedHatAI/Llama-3.3-70B-Instruct-FP8-dynamic,llama-3,Llama-3.3-70B-Instruct,fp8_dynamic,humaneval_plus,78.4,78.7,0.3,-0.14567307692307693,-1.9450848416289592,1.6537386877828053,False,True,Llama-3.3-70B-Instruct|s2
RedHatAI/Llama-3.3-70B-Instruct-NVFP4,llama-3,Llama-3.3-70B-Instruct,nvfp4,mmlu,83.4,81.28,-2.12,-0.94375,-2.7431617647058824,0.8556617647058823,False,True,Llama-3.3-70B-Instruct|s2
RedHatAI/Llama-3.3-70B-Instruct-NVFP4,llama-3,Llama-3.3-70B-Instruct,nvfp4,mmlu_cot,86.42,84.77,-1.65,-0.94375,-2.7431617647058824,0.8556617647058823,False,True,Llama-3.3-70B-Instruct|s2
RedHatAI/Llama-3.3-70B-Instruct-NVFP4,llama-3,Llama-3.3-70B-Instruct,nvfp4,arc_challenge,93.39,92.62,-0.77,-0.94375,-2.7431617647058824,0.8556617647058823,False,True,Llama-3.3-70B-Instruct|s2
RedHatAI/Llama-3.3-70B-Instruct-NVFP4,llama-3,Llama-3.3-70B-Instruct,nvfp4,gsm8k,85.22,77.1,-8.12,-0.94375,-2.7431617647058824,0.8556617647058823,False,False,Llama-3.3-70B-Instruct|s2
RedHatAI/Llama-3.3-70B-Instruct-NVFP4,llama-3,Llama-3.3-70B-Instruct,nvfp4,hellaswag,70.23,75.4,5.17,-0.94375,-2.7431617647058824,0.8556617647058823,False,False,Llama-3.3-70B-Instruct|s2
RedHatAI/Llama-3.3-70B-Instruct-NVFP4,llama-3,Llama-3.3-70B-Instruct,nvfp4,winogrande,73.48,72.53,-0.95,-0.94375,-2.7431617647058824,0.8556617647058823,False,True,Llama-3.3-70B-Instruct|s2
RedHatAI/Llama-3.3-70B-Instruct-NVFP4,llama-3,Llama-3.3-70B-Instruct,nvfp4,truthfulqa,66.26,66.26,0.0,-0.94375,-2.7431617647058824,0.8556617647058823,False,True,Llama-3.3-70B-Instruct|s2
RedHatAI/Llama-3.3-70B-Instruct-NVFP4,llama-3,Llama-3.3-70B-Instruct,nvfp4,mmlu_pro,53.48,50.26,-3.22,-0.94375,-2.7431617647058824,0.8556617647058823,False,False,Llama-3.3-70B-Instruct|s2
RedHatAI/Llama-3.3-70B-Instruct-NVFP4,llama-3,Llama-3.3-70B-Instruct,nvfp4,ifeval,92.45,91.49,-0.96,-0.94375,-2.7431617647058824,0.8556617647058823,False,True,Llama-3.3-70B-Instruct|s2
RedHatAI/Llama-3.3-70B-Instruct-NVFP4,llama-3,Llama-3.3-70B-Instruct,nvfp4,bbh,69.05,66.31,-2.74,-0.94375,-2.7431617647058824,0.8556617647058823,False,True,Llama-3.3-70B-Instruct|s2
RedHatAI/Llama-3.3-70B-Instruct-NVFP4,llama-3,Llama-3.3-70B-Instruct,nvfp4,math_lvl5,47.96,43.81,-4.15,-0.94375,-2.7431617647058824,0.8556617647058823,False,False,Llama-3.3-70B-Instruct|s2
RedHatAI/Llama-3.3-70B-Instruct-NVFP4,llama-3,Llama-3.3-70B-Instruct,nvfp4,gpqa_main,31.63,32.21,0.58,-0.94375,-2.7431617647058824,0.8556617647058823,False,True,Llama-3.3-70B-Instruct|s2
RedHatAI/Llama-3.3-70B-Instruct-NVFP4,llama-3,Llama-3.3-70B-Instruct,nvfp4,musr,44.18,44.18,0.0,-0.94375,-2.7431617647058824,0.8556617647058823,False,True,Llama-3.3-70B-Instruct|s2
RedHatAI/Llama-3.3-70B-Instruct-NVFP4,llama-3,Llama-3.3-70B-Instruct,nvfp4,humaneval,88.69,84.77,-3.92,-0.94375,-2.7431617647058824,0.8556617647058823,False,False,Llama-3.3-70B-Instruct|s2
RedHatAI/Llama-3.3-70B-Instruct-quantized.w4a16,llama-3,Llama-3.3-70B-Instruct,w4a16,mmlu,81.6,80.62,-0.98,-0.6594117647058824,-2.458823529411765,1.14,False,True,Llama-3.3-70B-Instruct|s2
RedHatAI/Llama-3.3-70B-Instruct-quantized.w4a16,llama-3,Llama-3.3-70B-Instruct,w4a16,mmlu_cot,86.58,85.81,-0.77,-0.6594117647058824,-2.458823529411765,1.14,False,True,Llama-3.3-70B-Instruct|s2
RedHatAI/Llama-3.3-70B-Instruct-quantized.w4a16,llama-3,Llama-3.3-70B-Instruct,w4a16,arc_challenge,49.23,49.49,0.26,-0.6594117647058824,-2.458823529411765,1.14,False,True,Llama-3.3-70B-Instruct|s2
RedHatAI/Llama-3.3-70B-Instruct-quantized.w4a16,llama-3,Llama-3.3-70B-Instruct,w4a16,gsm8k,94.16,94.47,0.31,-0.6594117647058824,-2.458823529411765,1.14,False,True,Llama-3.3-70B-Instruct|s2
RedHatAI/Llama-3.3-70B-Instruct-quantized.w4a16,llama-3,Llama-3.3-70B-Instruct,w4a16,hellaswag,86.49,85.97,-0.52,-0.6594117647058824,-2.458823529411765,1.14,False,True,Llama-3.3-70B-Instruct|s2
RedHatAI/Llama-3.3-70B-Instruct-quantized.w4a16,llama-3,Llama-3.3-70B-Instruct,w4a16,winogrande,84.77,84.45,-0.32,-0.6594117647058824,-2.458823529411765,1.14,False,True,Llama-3.3-70B-Instruct|s2
RedHatAI/Llama-3.3-70B-Instruct-quantized.w4a16,llama-3,Llama-3.3-70B-Instruct,w4a16,truthfulqa,62.75,61.66,-1.09,-0.6594117647058824,-2.458823529411765,1.14,False,True,Llama-3.3-70B-Instruct|s2
RedHatAI/Llama-3.3-70B-Instruct-quantized.w4a16,llama-3,Llama-3.3-70B-Instruct,w4a16,humaneval,83.2,83.4,0.2,-0.6594117647058824,-2.458823529411765,1.14,False,True,Llama-3.3-70B-Instruct|s2
RedHatAI/Llama-3.3-70B-Instruct-quantized.w4a16,llama-3,Llama-3.3-70B-Instruct,w4a16,humaneval_plus,78.4,78.6,0.2,-0.6594117647058824,-2.458823529411765,1.14,False,True,Llama-3.3-70B-Instruct|s2
RedHatAI/Llama-3.3-70B-Instruct-quantized.w8a8,llama-3,Llama-3.3-70B-Instruct,w8a8_int,mmlu,81.6,81.19,-0.41,-0.26149122807017544,-2.060902992776058,1.5379205366357067,False,True,Llama-3.3-70B-Instruct|s2
RedHatAI/Llama-3.3-70B-Instruct-quantized.w8a8,llama-3,Llama-3.3-70B-Instruct,w8a8_int,mmlu_cot,86.58,85.92,-0.66,-0.26149122807017544,-2.060902992776058,1.5379205366357067,False,True,Llama-3.3-70B-Instruct|s2
RedHatAI/Llama-3.3-70B-Instruct-quantized.w8a8,llama-3,Llama-3.3-70B-Instruct,w8a8_int,arc_challenge,49.23,48.04,-1.19,-0.26149122807017544,-2.060902992776058,1.5379205366357067,False,True,Llama-3.3-70B-Instruct|s2
RedHatAI/Llama-3.3-70B-Instruct-quantized.w8a8,llama-3,Llama-3.3-70B-Instruct,w8a8_int,gsm8k,94.16,94.01,-0.15,-0.26149122807017544,-2.060902992776058,1.5379205366357067,False,True,Llama-3.3-70B-Instruct|s2
RedHatAI/Llama-3.3-70B-Instruct-quantized.w8a8,llama-3,Llama-3.3-70B-Instruct,w8a8_int,hellaswag,86.49,86.47,-0.02,-0.26149122807017544,-2.060902992776058,1.5379205366357067,False,True,Llama-3.3-70B-Instruct|s2
RedHatAI/Llama-3.3-70B-Instruct-quantized.w8a8,llama-3,Llama-3.3-70B-Instruct,w8a8_int,winogrande,84.77,83.74,-1.03,-0.26149122807017544,-2.060902992776058,1.5379205366357067,False,True,Llama-3.3-70B-Instruct|s2
RedHatAI/Llama-3.3-70B-Instruct-quantized.w8a8,llama-3,Llama-3.3-70B-Instruct,w8a8_int,truthfulqa,63.09,62.75,-0.34,-0.26149122807017544,-2.060902992776058,1.5379205366357067,False,True,Llama-3.3-70B-Instruct|s2
RedHatAI/Llama-3.3-70B-Instruct-quantized.w8a8,llama-3,Llama-3.3-70B-Instruct,w8a8_int,bbh,63.15,62.54,-0.61,-0.26149122807017544,-2.060902992776058,1.5379205366357067,False,True,Llama-3.3-70B-Instruct|s2
RedHatAI/Llama-3.3-70B-Instruct-quantized.w8a8,llama-3,Llama-3.3-70B-Instruct,w8a8_int,gpqa_ambiguous_46,46.1,46.44,0.34,-0.26149122807017544,-2.060902992776058,1.5379205366357067,False,True,Llama-3.3-70B-Instruct|s2
RedHatAI/Llama-3.3-70B-Instruct-quantized.w8a8,llama-3,Llama-3.3-70B-Instruct,w8a8_int,musr,44.35,44.34,-0.01,-0.26149122807017544,-2.060902992776058,1.5379205366357067,False,True,Llama-3.3-70B-Instruct|s2
RedHatAI/Llama-3.3-70B-Instruct-quantized.w8a8,llama-3,Llama-3.3-70B-Instruct,w8a8_int,humaneval,83.2,83.3,0.1,-0.26149122807017544,-2.060902992776058,1.5379205366357067,False,True,Llama-3.3-70B-Instruct|s2
RedHatAI/Llama-3.3-70B-Instruct-quantized.w8a8,llama-3,Llama-3.3-70B-Instruct,w8a8_int,humaneval_plus,78.4,78.6,0.2,-0.26149122807017544,-2.060902992776058,1.5379205366357067,False,True,Llama-3.3-70B-Instruct|s2
RedHatAI/Llama-3.3-70B-Instruct-FP8-dynamic,llama-3,Llama-3.3-70B-Instruct,fp8_dynamic,mmlu,81.6,81.31,-0.29,-0.255,-2.531939203354298,2.021939203354298,False,True,Llama-3.3-70B-Instruct|s3
RedHatAI/Llama-3.3-70B-Instruct-FP8-dynamic,llama-3,Llama-3.3-70B-Instruct,fp8_dynamic,mmlu_cot,86.58,86.34,-0.24,-0.255,-2.531939203354298,2.021939203354298,False,True,Llama-3.3-70B-Instruct|s3
RedHatAI/Llama-3.3-70B-Instruct-FP8-dynamic,llama-3,Llama-3.3-70B-Instruct,fp8_dynamic,arc_challenge,49.23,51.96,2.73,-0.255,-2.531939203354298,2.021939203354298,False,False,Llama-3.3-70B-Instruct|s3
RedHatAI/Llama-3.3-70B-Instruct-FP8-dynamic,llama-3,Llama-3.3-70B-Instruct,fp8_dynamic,gsm8k,94.16,94.92,0.76,-0.255,-2.531939203354298,2.021939203354298,False,True,Llama-3.3-70B-Instruct|s3
RedHatAI/Llama-3.3-70B-Instruct-FP8-dynamic,llama-3,Llama-3.3-70B-Instruct,fp8_dynamic,hellaswag,86.49,86.43,-0.06,-0.255,-2.531939203354298,2.021939203354298,False,True,Llama-3.3-70B-Instruct|s3
RedHatAI/Llama-3.3-70B-Instruct-FP8-dynamic,llama-3,Llama-3.3-70B-Instruct,fp8_dynamic,winogrande,84.77,84.53,-0.24,-0.255,-2.531939203354298,2.021939203354298,False,True,Llama-3.3-70B-Instruct|s3
RedHatAI/Llama-3.3-70B-Instruct-FP8-dynamic,llama-3,Llama-3.3-70B-Instruct,fp8_dynamic,truthfulqa,62.75,63.21,0.46,-0.255,-2.531939203354298,2.021939203354298,False,True,Llama-3.3-70B-Instruct|s3
RedHatAI/Llama-3.3-70B-Instruct-FP8-dynamic,llama-3,Llama-3.3-70B-Instruct,fp8_dynamic,mmlu_pro,51.89,51.5,-0.39,-0.255,-2.531939203354298,2.021939203354298,False,True,Llama-3.3-70B-Instruct|s3
RedHatAI/Llama-3.3-70B-Instruct-FP8-dynamic,llama-3,Llama-3.3-70B-Instruct,fp8_dynamic,ifeval,90.89,90.92,0.03,-0.255,-2.531939203354298,2.021939203354298,False,True,Llama-3.3-70B-Instruct|s3
RedHatAI/Llama-3.3-70B-Instruct-FP8-dynamic,llama-3,Llama-3.3-70B-Instruct,fp8_dynamic,bbh,63.15,62.84,-0.31,-0.255,-2.531939203354298,2.021939203354298,False,True,Llama-3.3-70B-Instruct|s3
RedHatAI/Llama-3.3-70B-Instruct-FP8-dynamic,llama-3,Llama-3.3-70B-Instruct,fp8_dynamic,gpqa_ambiguous_46,46.1,46.3,0.2,-0.255,-2.531939203354298,2.021939203354298,False,True,Llama-3.3-70B-Instruct|s3
RedHatAI/Llama-3.3-70B-Instruct-FP8-dynamic,llama-3,Llama-3.3-70B-Instruct,fp8_dynamic,musr,44.35,43.96,-0.39,-0.255,-2.531939203354298,2.021939203354298,False,True,Llama-3.3-70B-Instruct|s3
RedHatAI/Llama-3.3-70B-Instruct-FP8-dynamic,llama-3,Llama-3.3-70B-Instruct,fp8_dynamic,humaneval,83.2,83.7,0.5,-0.255,-2.531939203354298,2.021939203354298,False,True,Llama-3.3-70B-Instruct|s3
RedHatAI/Llama-3.3-70B-Instruct-FP8-dynamic,llama-3,Llama-3.3-70B-Instruct,fp8_dynamic,humaneval_plus,78.4,78.7,0.3,-0.255,-2.531939203354298,2.021939203354298,False,True,Llama-3.3-70B-Instruct|s3
RedHatAI/Llama-3.3-70B-Instruct-NVFP4,llama-3,Llama-3.3-70B-Instruct,nvfp4,mmlu,83.4,81.28,-2.12,-0.40693920335429773,-2.6838784067085957,1.87,False,True,Llama-3.3-70B-Instruct|s3
RedHatAI/Llama-3.3-70B-Instruct-NVFP4,llama-3,Llama-3.3-70B-Instruct,nvfp4,mmlu_cot,86.42,84.77,-1.65,-0.40693920335429773,-2.6838784067085957,1.87,False,True,Llama-3.3-70B-Instruct|s3
RedHatAI/Llama-3.3-70B-Instruct-NVFP4,llama-3,Llama-3.3-70B-Instruct,nvfp4,arc_challenge,93.39,92.62,-0.77,-0.40693920335429773,-2.6838784067085957,1.87,False,True,Llama-3.3-70B-Instruct|s3
RedHatAI/Llama-3.3-70B-Instruct-NVFP4,llama-3,Llama-3.3-70B-Instruct,nvfp4,gsm8k,85.22,77.1,-8.12,-0.40693920335429773,-2.6838784067085957,1.87,False,False,Llama-3.3-70B-Instruct|s3
RedHatAI/Llama-3.3-70B-Instruct-NVFP4,llama-3,Llama-3.3-70B-Instruct,nvfp4,hellaswag,70.23,75.4,5.17,-0.40693920335429773,-2.6838784067085957,1.87,False,False,Llama-3.3-70B-Instruct|s3
RedHatAI/Llama-3.3-70B-Instruct-NVFP4,llama-3,Llama-3.3-70B-Instruct,nvfp4,winogrande,73.48,72.53,-0.95,-0.40693920335429773,-2.6838784067085957,1.87,False,True,Llama-3.3-70B-Instruct|s3
RedHatAI/Llama-3.3-70B-Instruct-NVFP4,llama-3,Llama-3.3-70B-Instruct,nvfp4,truthfulqa,66.26,66.26,0.0,-0.40693920335429773,-2.6838784067085957,1.87,False,True,Llama-3.3-70B-Instruct|s3
RedHatAI/Llama-3.3-70B-Instruct-NVFP4,llama-3,Llama-3.3-70B-Instruct,nvfp4,mmlu_pro,53.48,50.26,-3.22,-0.40693920335429773,-2.6838784067085957,1.87,False,False,Llama-3.3-70B-Instruct|s3
RedHatAI/Llama-3.3-70B-Instruct-NVFP4,llama-3,Llama-3.3-70B-Instruct,nvfp4,ifeval,92.45,91.49,-0.96,-0.40693920335429773,-2.6838784067085957,1.87,False,True,Llama-3.3-70B-Instruct|s3
RedHatAI/Llama-3.3-70B-Instruct-NVFP4,llama-3,Llama-3.3-70B-Instruct,nvfp4,bbh,69.05,66.31,-2.74,-0.40693920335429773,-2.6838784067085957,1.87,False,False,Llama-3.3-70B-Instruct|s3
RedHatAI/Llama-3.3-70B-Instruct-NVFP4,llama-3,Llama-3.3-70B-Instruct,nvfp4,math_lvl5,47.96,43.81,-4.15,-0.40693920335429773,-2.6838784067085957,1.87,False,False,Llama-3.3-70B-Instruct|s3
RedHatAI/Llama-3.3-70B-Instruct-NVFP4,llama-3,Llama-3.3-70B-Instruct,nvfp4,gpqa_main,31.63,32.21,0.58,-0.40693920335429773,-2.6838784067085957,1.87,False,True,Llama-3.3-70B-Instruct|s3
RedHatAI/Llama-3.3-70B-Instruct-NVFP4,llama-3,Llama-3.3-70B-Instruct,nvfp4,musr,44.18,44.18,0.0,-0.40693920335429773,-2.6838784067085957,1.87,False,True,Llama-3.3-70B-Instruct|s3
RedHatAI/Llama-3.3-70B-Instruct-NVFP4,llama-3,Llama-3.3-70B-Instruct,nvfp4,humaneval,88.69,84.77,-3.92,-0.40693920335429773,-2.6838784067085957,1.87,False,False,Llama-3.3-70B-Instruct|s3
RedHatAI/Llama-3.3-70B-Instruct-quantized.w4a16,llama-3,Llama-3.3-70B-Instruct,w4a16,mmlu,81.6,80.62,-0.98,-0.789047619047619,-3.065986822401917,1.487891584306679,False,True,Llama-3.3-70B-Instruct|s3
RedHatAI/Llama-3.3-70B-Instruct-quantized.w4a16,llama-3,Llama-3.3-70B-Instruct,w4a16,mmlu_cot,86.58,85.81,-0.77,-0.789047619047619,-3.065986822401917,1.487891584306679,False,True,Llama-3.3-70B-Instruct|s3
RedHatAI/Llama-3.3-70B-Instruct-quantized.w4a16,llama-3,Llama-3.3-70B-Instruct,w4a16,arc_challenge,49.23,49.49,0.26,-0.789047619047619,-3.065986822401917,1.487891584306679,False,True,Llama-3.3-70B-Instruct|s3
RedHatAI/Llama-3.3-70B-Instruct-quantized.w4a16,llama-3,Llama-3.3-70B-Instruct,w4a16,gsm8k,94.16,94.47,0.31,-0.789047619047619,-3.065986822401917,1.487891584306679,False,True,Llama-3.3-70B-Instruct|s3
RedHatAI/Llama-3.3-70B-Instruct-quantized.w4a16,llama-3,Llama-3.3-70B-Instruct,w4a16,hellaswag,86.49,85.97,-0.52,-0.789047619047619,-3.065986822401917,1.487891584306679,False,True,Llama-3.3-70B-Instruct|s3
RedHatAI/Llama-3.3-70B-Instruct-quantized.w4a16,llama-3,Llama-3.3-70B-Instruct,w4a16,winogrande,84.77,84.45,-0.32,-0.789047619047619,-3.065986822401917,1.487891584306679,False,True,Llama-3.3-70B-Instruct|s3
RedHatAI/Llama-3.3-70B-Instruct-quantized.w4a16,llama-3,Llama-3.3-70B-Instruct,w4a16,truthfulqa,62.75,61.66,-1.09,-0.789047619047619,-3.065986822401917,1.487891584306679,False,True,Llama-3.3-70B-Instruct|s3
RedHatAI/Llama-3.3-70B-Instruct-quantized.w4a16,llama-3,Llama-3.3-70B-Instruct,w4a16,humaneval,83.2,83.4,0.2,-0.789047619047619,-3.065986822401917,1.487891584306679,False,True,Llama-3.3-70B-Instruct|s3
RedHatAI/Llama-3.3-70B-Instruct-quantized.w4a16,llama-3,Llama-3.3-70B-Instruct,w4a16,humaneval_plus,78.4,78.6,0.2,-0.789047619047619,-3.065986822401917,1.487891584306679,False,True,Llama-3.3-70B-Instruct|s3
RedHatAI/Llama-3.3-70B-Instruct-quantized.w8a8,llama-3,Llama-3.3-70B-Instruct,w8a8_int,mmlu,81.6,81.19,-0.41,-0.3720289855072464,-2.648968188861544,1.9049102178470516,False,True,Llama-3.3-70B-Instruct|s3
RedHatAI/Llama-3.3-70B-Instruct-quantized.w8a8,llama-3,Llama-3.3-70B-Instruct,w8a8_int,mmlu_cot,86.58,85.92,-0.66,-0.3720289855072464,-2.648968188861544,1.9049102178470516,False,True,Llama-3.3-70B-Instruct|s3
RedHatAI/Llama-3.3-70B-Instruct-quantized.w8a8,llama-3,Llama-3.3-70B-Instruct,w8a8_int,arc_challenge,49.23,48.04,-1.19,-0.3720289855072464,-2.648968188861544,1.9049102178470516,False,True,Llama-3.3-70B-Instruct|s3
RedHatAI/Llama-3.3-70B-Instruct-quantized.w8a8,llama-3,Llama-3.3-70B-Instruct,w8a8_int,gsm8k,94.16,94.01,-0.15,-0.3720289855072464,-2.648968188861544,1.9049102178470516,False,True,Llama-3.3-70B-Instruct|s3
RedHatAI/Llama-3.3-70B-Instruct-quantized.w8a8,llama-3,Llama-3.3-70B-Instruct,w8a8_int,hellaswag,86.49,86.47,-0.02,-0.3720289855072464,-2.648968188861544,1.9049102178470516,False,True,Llama-3.3-70B-Instruct|s3
RedHatAI/Llama-3.3-70B-Instruct-quantized.w8a8,llama-3,Llama-3.3-70B-Instruct,w8a8_int,winogrande,84.77,83.74,-1.03,-0.3720289855072464,-2.648968188861544,1.9049102178470516,False,True,Llama-3.3-70B-Instruct|s3
RedHatAI/Llama-3.3-70B-Instruct-quantized.w8a8,llama-3,Llama-3.3-70B-Instruct,w8a8_int,truthfulqa,63.09,62.75,-0.34,-0.3720289855072464,-2.648968188861544,1.9049102178470516,False,True,Llama-3.3-70B-Instruct|s3
RedHatAI/Llama-3.3-70B-Instruct-quantized.w8a8,llama-3,Llama-3.3-70B-Instruct,w8a8_int,bbh,63.15,62.54,-0.61,-0.3720289855072464,-2.648968188861544,1.9049102178470516,False,True,Llama-3.3-70B-Instruct|s3
RedHatAI/Llama-3.3-70B-Instruct-quantized.w8a8,llama-3,Llama-3.3-70B-Instruct,w8a8_int,gpqa_ambiguous_46,46.1,46.44,0.34,-0.3720289855072464,-2.648968188861544,1.9049102178470516,False,True,Llama-3.3-70B-Instruct|s3
RedHatAI/Llama-3.3-70B-Instruct-quantized.w8a8,llama-3,Llama-3.3-70B-Instruct,w8a8_int,musr,44.35,44.34,-0.01,-0.3720289855072464,-2.648968188861544,1.9049102178470516,False,True,Llama-3.3-70B-Instruct|s3
RedHatAI/Llama-3.3-70B-Instruct-quantized.w8a8,llama-3,Llama-3.3-70B-Instruct,w8a8_int,humaneval,83.2,83.3,0.1,-0.3720289855072464,-2.648968188861544,1.9049102178470516,False,True,Llama-3.3-70B-Instruct|s3
RedHatAI/Llama-3.3-70B-Instruct-quantized.w8a8,llama-3,Llama-3.3-70B-Instruct,w8a8_int,humaneval_plus,78.4,78.6,0.2,-0.3720289855072464,-2.648968188861544,1.9049102178470516,False,True,Llama-3.3-70B-Instruct|s3
RedHatAI/Llama-3.3-70B-Instruct-FP8-dynamic,llama-3,Llama-3.3-70B-Instruct,fp8_dynamic,mmlu,81.6,81.31,-0.29,-0.13745901639344263,-2.140364999299426,1.8654469665125404,False,True,Llama-3.3-70B-Instruct|s4
RedHatAI/Llama-3.3-70B-Instruct-FP8-dynamic,llama-3,Llama-3.3-70B-Instruct,fp8_dynamic,mmlu_cot,86.58,86.34,-0.24,-0.13745901639344263,-2.140364999299426,1.8654469665125404,False,True,Llama-3.3-70B-Instruct|s4
RedHatAI/Llama-3.3-70B-Instruct-FP8-dynamic,llama-3,Llama-3.3-70B-Instruct,fp8_dynamic,arc_challenge,49.23,51.96,2.73,-0.13745901639344263,-2.140364999299426,1.8654469665125404,False,False,Llama-3.3-70B-Instruct|s4
RedHatAI/Llama-3.3-70B-Instruct-FP8-dynamic,llama-3,Llama-3.3-70B-Instruct,fp8_dynamic,gsm8k,94.16,94.92,0.76,-0.13745901639344263,-2.140364999299426,1.8654469665125404,False,True,Llama-3.3-70B-Instruct|s4
RedHatAI/Llama-3.3-70B-Instruct-FP8-dynamic,llama-3,Llama-3.3-70B-Instruct,fp8_dynamic,hellaswag,86.49,86.43,-0.06,-0.13745901639344263,-2.140364999299426,1.8654469665125404,False,True,Llama-3.3-70B-Instruct|s4
RedHatAI/Llama-3.3-70B-Instruct-FP8-dynamic,llama-3,Llama-3.3-70B-Instruct,fp8_dynamic,winogrande,84.77,84.53,-0.24,-0.13745901639344263,-2.140364999299426,1.8654469665125404,False,True,Llama-3.3-70B-Instruct|s4
RedHatAI/Llama-3.3-70B-Instruct-FP8-dynamic,llama-3,Llama-3.3-70B-Instruct,fp8_dynamic,truthfulqa,62.75,63.21,0.46,-0.13745901639344263,-2.140364999299426,1.8654469665125404,False,True,Llama-3.3-70B-Instruct|s4
RedHatAI/Llama-3.3-70B-Instruct-FP8-dynamic,llama-3,Llama-3.3-70B-Instruct,fp8_dynamic,mmlu_pro,51.89,51.5,-0.39,-0.13745901639344263,-2.140364999299426,1.8654469665125404,False,True,Llama-3.3-70B-Instruct|s4
RedHatAI/Llama-3.3-70B-Instruct-FP8-dynamic,llama-3,Llama-3.3-70B-Instruct,fp8_dynamic,ifeval,90.89,90.92,0.03,-0.13745901639344263,-2.140364999299426,1.8654469665125404,False,True,Llama-3.3-70B-Instruct|s4
RedHatAI/Llama-3.3-70B-Instruct-FP8-dynamic,llama-3,Llama-3.3-70B-Instruct,fp8_dynamic,bbh,63.15,62.84,-0.31,-0.13745901639344263,-2.140364999299426,1.8654469665125404,False,True,Llama-3.3-70B-Instruct|s4
RedHatAI/Llama-3.3-70B-Instruct-FP8-dynamic,llama-3,Llama-3.3-70B-Instruct,fp8_dynamic,gpqa_ambiguous_46,46.1,46.3,0.2,-0.13745901639344263,-2.140364999299426,1.8654469665125404,False,True,Llama-3.3-70B-Instruct|s4
RedHatAI/Llama-3.3-70B-Instruct-FP8-dynamic,llama-3,Llama-3.3-70B-Instruct,fp8_dynamic,musr,44.35,43.96,-0.39,-0.13745901639344263,-2.140364999299426,1.8654469665125404,False,True,Llama-3.3-70B-Instruct|s4
RedHatAI/Llama-3.3-70B-Instruct-FP8-dynamic,llama-3,Llama-3.3-70B-Instruct,fp8_dynamic,humaneval,83.2,83.7,0.5,-0.13745901639344263,-2.140364999299426,1.8654469665125404,False,True,Llama-3.3-70B-Instruct|s4
RedHatAI/Llama-3.3-70B-Instruct-FP8-dynamic,llama-3,Llama-3.3-70B-Instruct,fp8_dynamic,humaneval_plus,78.4,78.7,0.3,-0.13745901639344263,-2.140364999299426,1.8654469665125404,False,True,Llama-3.3-70B-Instruct|s4
RedHatAI/Llama-3.3-70B-Instruct-NVFP4,llama-3,Llama-3.3-70B-Instruct,nvfp4,mmlu,83.4,81.28,-2.12,-0.94375,-2.946655982905983,1.059155982905983,False,True,Llama-3.3-70B-Instruct|s4
RedHatAI/Llama-3.3-70B-Instruct-NVFP4,llama-3,Llama-3.3-70B-Instruct,nvfp4,mmlu_cot,86.42,84.77,-1.65,-0.94375,-2.946655982905983,1.059155982905983,False,True,Llama-3.3-70B-Instruct|s4
RedHatAI/Llama-3.3-70B-Instruct-NVFP4,llama-3,Llama-3.3-70B-Instruct,nvfp4,arc_challenge,93.39,92.62,-0.77,-0.94375,-2.946655982905983,1.059155982905983,False,True,Llama-3.3-70B-Instruct|s4
RedHatAI/Llama-3.3-70B-Instruct-NVFP4,llama-3,Llama-3.3-70B-Instruct,nvfp4,gsm8k,85.22,77.1,-8.12,-0.94375,-2.946655982905983,1.059155982905983,False,False,Llama-3.3-70B-Instruct|s4
RedHatAI/Llama-3.3-70B-Instruct-NVFP4,llama-3,Llama-3.3-70B-Instruct,nvfp4,hellaswag,70.23,75.4,5.17,-0.94375,-2.946655982905983,1.059155982905983,False,False,Llama-3.3-70B-Instruct|s4
RedHatAI/Llama-3.3-70B-Instruct-NVFP4,llama-3,Llama-3.3-70B-Instruct,nvfp4,winogrande,73.48,72.53,-0.95,-0.94375,-2.946655982905983,1.059155982905983,False,True,Llama-3.3-70B-Instruct|s4
RedHatAI/Llama-3.3-70B-Instruct-NVFP4,llama-3,Llama-3.3-70B-Instruct,nvfp4,truthfulqa,66.26,66.26,0.0,-0.94375,-2.946655982905983,1.059155982905983,False,True,Llama-3.3-70B-Instruct|s4
RedHatAI/Llama-3.3-70B-Instruct-NVFP4,llama-3,Llama-3.3-70B-Instruct,nvfp4,mmlu_pro,53.48,50.26,-3.22,-0.94375,-2.946655982905983,1.059155982905983,False,False,Llama-3.3-70B-Instruct|s4
RedHatAI/Llama-3.3-70B-Instruct-NVFP4,llama-3,Llama-3.3-70B-Instruct,nvfp4,ifeval,92.45,91.49,-0.96,-0.94375,-2.946655982905983,1.059155982905983,False,True,Llama-3.3-70B-Instruct|s4
RedHatAI/Llama-3.3-70B-Instruct-NVFP4,llama-3,Llama-3.3-70B-Instruct,nvfp4,bbh,69.05,66.31,-2.74,-0.94375,-2.946655982905983,1.059155982905983,False,True,Llama-3.3-70B-Instruct|s4
RedHatAI/Llama-3.3-70B-Instruct-NVFP4,llama-3,Llama-3.3-70B-Instruct,nvfp4,math_lvl5,47.96,43.81,-4.15,-0.94375,-2.946655982905983,1.059155982905983,False,False,Llama-3.3-70B-Instruct|s4
RedHatAI/Llama-3.3-70B-Instruct-NVFP4,llama-3,Llama-3.3-70B-Instruct,nvfp4,gpqa_main,31.63,32.21,0.58,-0.94375,-2.946655982905983,1.059155982905983,False,True,Llama-3.3-70B-Instruct|s4
RedHatAI/Llama-3.3-70B-Instruct-NVFP4,llama-3,Llama-3.3-70B-Instruct,nvfp4,musr,44.18,44.18,0.0,-0.94375,-2.946655982905983,1.059155982905983,False,True,Llama-3.3-70B-Instruct|s4
RedHatAI/Llama-3.3-70B-Instruct-NVFP4,llama-3,Llama-3.3-70B-Instruct,nvfp4,humaneval,88.69,84.77,-3.92,-0.94375,-2.946655982905983,1.059155982905983,False,False,Llama-3.3-70B-Instruct|s4
RedHatAI/Llama-3.3-70B-Instruct-quantized.w4a16,llama-3,Llama-3.3-70B-Instruct,w4a16,mmlu,81.6,80.62,-0.98,-0.602905982905983,-2.605811965811966,1.4,False,True,Llama-3.3-70B-Instruct|s4
RedHatAI/Llama-3.3-70B-Instruct-quantized.w4a16,llama-3,Llama-3.3-70B-Instruct,w4a16,mmlu_cot,86.58,85.81,-0.77,-0.602905982905983,-2.605811965811966,1.4,False,True,Llama-3.3-70B-Instruct|s4
RedHatAI/Llama-3.3-70B-Instruct-quantized.w4a16,llama-3,Llama-3.3-70B-Instruct,w4a16,arc_challenge,49.23,49.49,0.26,-0.602905982905983,-2.605811965811966,1.4,False,True,Llama-3.3-70B-Instruct|s4
RedHatAI/Llama-3.3-70B-Instruct-quantized.w4a16,llama-3,Llama-3.3-70B-Instruct,w4a16,gsm8k,94.16,94.47,0.31,-0.602905982905983,-2.605811965811966,1.4,False,True,Llama-3.3-70B-Instruct|s4
RedHatAI/Llama-3.3-70B-Instruct-quantized.w4a16,llama-3,Llama-3.3-70B-Instruct,w4a16,hellaswag,86.49,85.97,-0.52,-0.602905982905983,-2.605811965811966,1.4,False,True,Llama-3.3-70B-Instruct|s4
RedHatAI/Llama-3.3-70B-Instruct-quantized.w4a16,llama-3,Llama-3.3-70B-Instruct,w4a16,winogrande,84.77,84.45,-0.32,-0.602905982905983,-2.605811965811966,1.4,False,True,Llama-3.3-70B-Instruct|s4
RedHatAI/Llama-3.3-70B-Instruct-quantized.w4a16,llama-3,Llama-3.3-70B-Instruct,w4a16,truthfulqa,62.75,61.66,-1.09,-0.602905982905983,-2.605811965811966,1.4,False,True,Llama-3.3-70B-Instruct|s4
RedHatAI/Llama-3.3-70B-Instruct-quantized.w4a16,llama-3,Llama-3.3-70B-Instruct,w4a16,humaneval,83.2,83.4,0.2,-0.602905982905983,-2.605811965811966,1.4,False,True,Llama-3.3-70B-Instruct|s4
RedHatAI/Llama-3.3-70B-Instruct-quantized.w4a16,llama-3,Llama-3.3-70B-Instruct,w4a16,humaneval_plus,78.4,78.6,0.2,-0.602905982905983,-2.605811965811966,1.4,False,True,Llama-3.3-70B-Instruct|s4
RedHatAI/Llama-3.3-70B-Instruct-quantized.w8a8,llama-3,Llama-3.3-70B-Instruct,w8a8_int,mmlu,81.6,81.19,-0.41,-0.4589189189189189,-2.461824901824902,1.543987063987064,False,True,Llama-3.3-70B-Instruct|s4
RedHatAI/Llama-3.3-70B-Instruct-quantized.w8a8,llama-3,Llama-3.3-70B-Instruct,w8a8_int,mmlu_cot,86.58,85.92,-0.66,-0.4589189189189189,-2.461824901824902,1.543987063987064,False,True,Llama-3.3-70B-Instruct|s4
RedHatAI/Llama-3.3-70B-Instruct-quantized.w8a8,llama-3,Llama-3.3-70B-Instruct,w8a8_int,arc_challenge,49.23,48.04,-1.19,-0.4589189189189189,-2.461824901824902,1.543987063987064,False,True,Llama-3.3-70B-Instruct|s4
RedHatAI/Llama-3.3-70B-Instruct-quantized.w8a8,llama-3,Llama-3.3-70B-Instruct,w8a8_int,gsm8k,94.16,94.01,-0.15,-0.4589189189189189,-2.461824901824902,1.543987063987064,False,True,Llama-3.3-70B-Instruct|s4
RedHatAI/Llama-3.3-70B-Instruct-quantized.w8a8,llama-3,Llama-3.3-70B-Instruct,w8a8_int,hellaswag,86.49,86.47,-0.02,-0.4589189189189189,-2.461824901824902,1.543987063987064,False,True,Llama-3.3-70B-Instruct|s4
RedHatAI/Llama-3.3-70B-Instruct-quantized.w8a8,llama-3,Llama-3.3-70B-Instruct,w8a8_int,winogrande,84.77,83.74,-1.03,-0.4589189189189189,-2.461824901824902,1.543987063987064,False,True,Llama-3.3-70B-Instruct|s4
RedHatAI/Llama-3.3-70B-Instruct-quantized.w8a8,llama-3,Llama-3.3-70B-Instruct,w8a8_int,truthfulqa,63.09,62.75,-0.34,-0.4589189189189189,-2.461824901824902,1.543987063987064,False,True,Llama-3.3-70B-Instruct|s4
RedHatAI/Llama-3.3-70B-Instruct-quantized.w8a8,llama-3,Llama-3.3-70B-Instruct,w8a8_int,bbh,63.15,62.54,-0.61,-0.4589189189189189,-2.461824901824902,1.543987063987064,False,True,Llama-3.3-70B-Instruct|s4
RedHatAI/Llama-3.3-70B-Instruct-quantized.w8a8,llama-3,Llama-3.3-70B-Instruct,w8a8_int,gpqa_ambiguous_46,46.1,46.44,0.34,-0.4589189189189189,-2.461824901824902,1.543987063987064,False,True,Llama-3.3-70B-Instruct|s4
RedHatAI/Llama-3.3-70B-Instruct-quantized.w8a8,llama-3,Llama-3.3-70B-Instruct,w8a8_int,musr,44.35,44.34,-0.01,-0.4589189189189189,-2.461824901824902,1.543987063987064,False,True,Llama-3.3-70B-Instruct|s4
RedHatAI/Llama-3.3-70B-Instruct-quantized.w8a8,llama-3,Llama-3.3-70B-Instruct,w8a8_int,humaneval,83.2,83.3,0.1,-0.4589189189189189,-2.461824901824902,1.543987063987064,False,True,Llama-3.3-70B-Instruct|s4
RedHatAI/Llama-3.3-70B-Instruct-quantized.w8a8,llama-3,Llama-3.3-70B-Instruct,w8a8_int,humaneval_plus,78.4,78.6,0.2,-0.4589189189189189,-2.461824901824902,1.543987063987064,False,True,Llama-3.3-70B-Instruct|s4
RedHatAI/Meta-Llama-3.1-405B-FP8,llama-3,Meta-Llama-3.1-405B,fp8,arc_challenge,95.99,95.82,-0.17,-0.2927536231884058,-2.2627536231884053,1.6772463768115937,False,True,Meta-Llama-3.1-405B|s0
RedHatAI/Meta-Llama-3.1-405B-FP8,llama-3,Meta-Llama-3.1-405B,fp8,gsm8k,88.1,87.94,-0.16,-0.2927536231884058,-2.2627536231884053,1.6772463768115937,False,True,Meta-Llama-3.1-405B|s0
RedHatAI/Meta-Llama-3.1-405B-FP8,llama-3,Meta-Llama-3.1-405B,fp8,hellaswag,90.02,89.14,-0.88,-0.2927536231884058,-2.2627536231884053,1.6772463768115937,False,True,Meta-Llama-3.1-405B|s0
RedHatAI/Meta-Llama-3.1-405B-FP8,llama-3,Meta-Llama-3.1-405B,fp8,winogrande,87.61,86.42,-1.19,-0.2927536231884058,-2.2627536231884053,1.6772463768115937,False,True,Meta-Llama-3.1-405B|s0
RedHatAI/Meta-Llama-3.1-405B-FP8,llama-3,Meta-Llama-3.1-405B,fp8,truthfulqa,49.83,47.93,-1.9,-0.2927536231884058,-2.2627536231884053,1.6772463768115937,False,True,Meta-Llama-3.1-405B|s0
RedHatAI/Meta-Llama-3.1-405B-FP8,llama-3,Meta-Llama-3.1-405B,fp8,arc_challenge,95.99,95.82,-0.17,-0.17600000000000002,-2.2213435114503817,1.8693435114503816,False,True,Meta-Llama-3.1-405B|s1
RedHatAI/Meta-Llama-3.1-405B-FP8,llama-3,Meta-Llama-3.1-405B,fp8,gsm8k,88.1,87.94,-0.16,-0.17600000000000002,-2.2213435114503817,1.8693435114503816,False,True,Meta-Llama-3.1-405B|s1
RedHatAI/Meta-Llama-3.1-405B-FP8,llama-3,Meta-Llama-3.1-405B,fp8,hellaswag,90.02,89.14,-0.88,-0.17600000000000002,-2.2213435114503817,1.8693435114503816,False,True,Meta-Llama-3.1-405B|s1
RedHatAI/Meta-Llama-3.1-405B-FP8,llama-3,Meta-Llama-3.1-405B,fp8,winogrande,87.61,86.42,-1.19,-0.17600000000000002,-2.2213435114503817,1.8693435114503816,False,True,Meta-Llama-3.1-405B|s1
RedHatAI/Meta-Llama-3.1-405B-FP8,llama-3,Meta-Llama-3.1-405B,fp8,truthfulqa,49.83,47.93,-1.9,-0.17600000000000002,-2.2213435114503817,1.8693435114503816,False,True,Meta-Llama-3.1-405B|s1
RedHatAI/Meta-Llama-3.1-405B-FP8,llama-3,Meta-Llama-3.1-405B,fp8,arc_challenge,95.99,95.82,-0.17,-0.29278688524590163,-2.144268366727383,1.5586945962355798,False,True,Meta-Llama-3.1-405B|s2
RedHatAI/Meta-Llama-3.1-405B-FP8,llama-3,Meta-Llama-3.1-405B,fp8,gsm8k,88.1,87.94,-0.16,-0.29278688524590163,-2.144268366727383,1.5586945962355798,False,True,Meta-Llama-3.1-405B|s2
RedHatAI/Meta-Llama-3.1-405B-FP8,llama-3,Meta-Llama-3.1-405B,fp8,hellaswag,90.02,89.14,-0.88,-0.29278688524590163,-2.144268366727383,1.5586945962355798,False,True,Meta-Llama-3.1-405B|s2
RedHatAI/Meta-Llama-3.1-405B-FP8,llama-3,Meta-Llama-3.1-405B,fp8,winogrande,87.61,86.42,-1.19,-0.29278688524590163,-2.144268366727383,1.5586945962355798,False,True,Meta-Llama-3.1-405B|s2
RedHatAI/Meta-Llama-3.1-405B-FP8,llama-3,Meta-Llama-3.1-405B,fp8,truthfulqa,49.83,47.93,-1.9,-0.29278688524590163,-2.144268366727383,1.5586945962355798,False,True,Meta-Llama-3.1-405B|s2
RedHatAI/Meta-Llama-3.1-405B-FP8,llama-3,Meta-Llama-3.1-405B,fp8,arc_challenge,95.99,95.82,-0.17,-0.35619999999999996,-2.083080733944954,1.3706807339449543,False,True,Meta-Llama-3.1-405B|s3
RedHatAI/Meta-Llama-3.1-405B-FP8,llama-3,Meta-Llama-3.1-405B,fp8,gsm8k,88.1,87.94,-0.16,-0.35619999999999996,-2.083080733944954,1.3706807339449543,False,True,Meta-Llama-3.1-405B|s3
RedHatAI/Meta-Llama-3.1-405B-FP8,llama-3,Meta-Llama-3.1-405B,fp8,hellaswag,90.02,89.14,-0.88,-0.35619999999999996,-2.083080733944954,1.3706807339449543,False,True,Meta-Llama-3.1-405B|s3
RedHatAI/Meta-Llama-3.1-405B-FP8,llama-3,Meta-Llama-3.1-405B,fp8,winogrande,87.61,86.42,-1.19,-0.35619999999999996,-2.083080733944954,1.3706807339449543,False,True,Meta-Llama-3.1-405B|s3
RedHatAI/Meta-Llama-3.1-405B-FP8,llama-3,Meta-Llama-3.1-405B,fp8,truthfulqa,49.83,47.93,-1.9,-0.35619999999999996,-2.083080733944954,1.3706807339449543,False,True,Meta-Llama-3.1-405B|s3
RedHatAI/Meta-Llama-3.1-405B-FP8,llama-3,Meta-Llama-3.1-405B,fp8,arc_challenge,95.99,95.82,-0.17,-0.32315789473684214,-1.922046783625731,1.2757309941520467,False,True,Meta-Llama-3.1-405B|s4
RedHatAI/Meta-Llama-3.1-405B-FP8,llama-3,Meta-Llama-3.1-405B,fp8,gsm8k,88.1,87.94,-0.16,-0.32315789473684214,-1.922046783625731,1.2757309941520467,False,True,Meta-Llama-3.1-405B|s4
RedHatAI/Meta-Llama-3.1-405B-FP8,llama-3,Meta-Llama-3.1-405B,fp8,hellaswag,90.02,89.14,-0.88,-0.32315789473684214,-1.922046783625731,1.2757309941520467,False,True,Meta-Llama-3.1-405B|s4
RedHatAI/Meta-Llama-3.1-405B-FP8,llama-3,Meta-Llama-3.1-405B,fp8,winogrande,87.61,86.42,-1.19,-0.32315789473684214,-1.922046783625731,1.2757309941520467,False,True,Meta-Llama-3.1-405B|s4
RedHatAI/Meta-Llama-3.1-405B-FP8,llama-3,Meta-Llama-3.1-405B,fp8,truthfulqa,49.83,47.93,-1.9,-0.32315789473684214,-1.922046783625731,1.2757309941520467,False,True,Meta-Llama-3.1-405B|s4
RedHatAI/Meta-Llama-3.1-405B-Instruct-FP8-dynamic,llama-3,Meta-Llama-3.1-405B-Instruct,fp8_dynamic,arena_hard,67.4,66.7,-0.7,-0.1718045112781955,-2.2583429728166573,1.9147339502602663,False,True,Meta-Llama-3.1-405B-Instruct|s0
RedHatAI/Meta-Llama-3.1-405B-Instruct-FP8-dynamic,llama-3,Meta-Llama-3.1-405B-Instruct,fp8_dynamic,mmlu,87.4,87.5,0.1,-0.1718045112781955,-2.2583429728166573,1.9147339502602663,False,True,Meta-Llama-3.1-405B-Instruct|s0
RedHatAI/Meta-Llama-3.1-405B-Instruct-FP8-dynamic,llama-3,Meta-Llama-3.1-405B-Instruct,fp8_dynamic,mmlu_cot,88.1,88.1,0.0,-0.1718045112781955,-2.2583429728166573,1.9147339502602663,False,True,Meta-Llama-3.1-405B-Instruct|s0
RedHatAI/Meta-Llama-3.1-405B-Instruct-FP8-dynamic,llama-3,Meta-Llama-3.1-405B-Instruct,fp8_dynamic,arc_challenge,95.0,95.0,0.0,-0.1718045112781955,-2.2583429728166573,1.9147339502602663,False,True,Meta-Llama-3.1-405B-Instruct|s0
RedHatAI/Meta-Llama-3.1-405B-Instruct-FP8-dynamic,llama-3,Meta-Llama-3.1-405B-Instruct,fp8_dynamic,gsm8k,96.0,95.8,-0.2,-0.1718045112781955,-2.2583429728166573,1.9147339502602663,False,True,Meta-Llama-3.1-405B-Instruct|s0
RedHatAI/Meta-Llama-3.1-405B-Instruct-FP8-dynamic,llama-3,Meta-Llama-3.1-405B-Instruct,fp8_dynamic,hellaswag,88.5,88.5,0.0,-0.1718045112781955,-2.2583429728166573,1.9147339502602663,False,True,Meta-Llama-3.1-405B-Instruct|s0
RedHatAI/Meta-Llama-3.1-405B-Instruct-FP8-dynamic,llama-3,Meta-Llama-3.1-405B-Instruct,fp8_dynamic,winogrande,87.2,88.0,0.8,-0.1718045112781955,-2.2583429728166573,1.9147339502602663,False,True,Meta-Llama-3.1-405B-Instruct|s0
RedHatAI/Meta-Llama-3.1-405B-Instruct-FP8-dynamic,llama-3,Meta-Llama-3.1-405B-Instruct,fp8_dynamic,truthfulqa,65.3,65.3,0.0,-0.1718045112781955,-2.2583429728166573,1.9147339502602663,False,True,Meta-Llama-3.1-405B-Instruct|s0
RedHatAI/Meta-Llama-3.1-405B-Instruct-FP8-dynamic,llama-3,Meta-Llama-3.1-405B-Instruct,fp8_dynamic,mmlu_pro,59.7,59.4,-0.3,-0.1718045112781955,-2.2583429728166573,1.9147339502602663,False,True,Meta-Llama-3.1-405B-Instruct|s0
RedHatAI/Meta-Llama-3.1-405B-Instruct-FP8-dynamic,llama-3,Meta-Llama-3.1-405B-Instruct,fp8_dynamic,ifeval,87.7,86.8,-0.9,-0.1718045112781955,-2.2583429728166573,1.9147339502602663,False,True,Meta-Llama-3.1-405B-Instruct|s0
RedHatAI/Meta-Llama-3.1-405B-Instruct-FP8-dynamic,llama-3,Meta-Llama-3.1-405B-Instruct,fp8_dynamic,bbh,67.0,67.1,0.1,-0.1718045112781955,-2.2583429728166573,1.9147339502602663,False,True,Meta-Llama-3.1-405B-Instruct|s0
RedHatAI/Meta-Llama-3.1-405B-Instruct-FP8-dynamic,llama-3,Meta-Llama-3.1-405B-Instruct,fp8_dynamic,math_lvl5,39.0,38.8,-0.2,-0.1718045112781955,-2.2583429728166573,1.9147339502602663,False,True,Meta-Llama-3.1-405B-Instruct|s0
RedHatAI/Meta-Llama-3.1-405B-Instruct-FP8-dynamic,llama-3,Meta-Llama-3.1-405B-Instruct,fp8_dynamic,humaneval,86.8,87.0,0.2,-0.1718045112781955,-2.2583429728166573,1.9147339502602663,False,True,Meta-Llama-3.1-405B-Instruct|s0
RedHatAI/Meta-Llama-3.1-405B-Instruct-FP8-dynamic,llama-3,Meta-Llama-3.1-405B-Instruct,fp8_dynamic,humaneval_plus,80.1,81.0,0.9,-0.1718045112781955,-2.2583429728166573,1.9147339502602663,False,True,Meta-Llama-3.1-405B-Instruct|s0
RedHatAI/Meta-Llama-3.1-405B-Instruct-FP8,llama-3,Meta-Llama-3.1-405B-Instruct,fp8,mmlu,87.41,87.41,0.0,-0.3526530612244898,-2.4391915227629513,1.7338854003139719,False,True,Meta-Llama-3.1-405B-Instruct|s0
RedHatAI/Meta-Llama-3.1-405B-Instruct-FP8,llama-3,Meta-Llama-3.1-405B-Instruct,fp8,mmlu_cot,88.11,88.02,-0.09,-0.3526530612244898,-2.4391915227629513,1.7338854003139719,False,True,Meta-Llama-3.1-405B-Instruct|s0
RedHatAI/Meta-Llama-3.1-405B-Instruct-FP8,llama-3,Meta-Llama-3.1-405B-Instruct,fp8,arc_challenge,94.97,94.88,-0.09,-0.3526530612244898,-2.4391915227629513,1.7338854003139719,False,True,Meta-Llama-3.1-405B-Instruct|s0
RedHatAI/Meta-Llama-3.1-405B-Instruct-FP8,llama-3,Meta-Llama-3.1-405B-Instruct,fp8,gsm8k,95.98,96.29,0.31,-0.3526530612244898,-2.4391915227629513,1.7338854003139719,False,True,Meta-Llama-3.1-405B-Instruct|s0
RedHatAI/Meta-Llama-3.1-405B-Instruct-FP8,llama-3,Meta-Llama-3.1-405B-Instruct,fp8,hellaswag,88.54,88.54,0.0,-0.3526530612244898,-2.4391915227629513,1.7338854003139719,False,True,Meta-Llama-3.1-405B-Instruct|s0
RedHatAI/Meta-Llama-3.1-405B-Instruct-FP8,llama-3,Meta-Llama-3.1-405B-Instruct,fp8,winogrande,87.21,86.98,-0.23,-0.3526530612244898,-2.4391915227629513,1.7338854003139719,False,True,Meta-Llama-3.1-405B-Instruct|s0
RedHatAI/Meta-Llama-3.1-405B-Instruct-FP8,llama-3,Meta-Llama-3.1-405B-Instruct,fp8,truthfulqa,65.31,65.33,0.02,-0.3526530612244898,-2.4391915227629513,1.7338854003139719,False,True,Meta-Llama-3.1-405B-Instruct|s0
RedHatAI/Meta-Llama-3.1-405B-Instruct-quantized.w4a16,llama-3,Meta-Llama-3.1-405B-Instruct,w4a16,arena_hard,67.4,66.5,-0.9,-0.8165384615384615,-2.9030769230769233,1.27,False,True,Meta-Llama-3.1-405B-Instruct|s0
RedHatAI/Meta-Llama-3.1-405B-Instruct-quantized.w4a16,llama-3,Meta-Llama-3.1-405B-Instruct,w4a16,mmlu,87.4,87.2,-0.2,-0.8165384615384615,-2.9030769230769233,1.27,False,True,Meta-Llama-3.1-405B-Instruct|s0
RedHatAI/Meta-Llama-3.1-405B-Instruct-quantized.w4a16,llama-3,Meta-Llama-3.1-405B-Instruct,w4a16,arc_challenge,95.0,95.3,0.3,-0.8165384615384615,-2.9030769230769233,1.27,False,True,Meta-Llama-3.1-405B-Instruct|s0
RedHatAI/Meta-Llama-3.1-405B-Instruct-quantized.w4a16,llama-3,Meta-Llama-3.1-405B-Instruct,w4a16,gsm8k,96.4,96.3,-0.1,-0.8165384615384615,-2.9030769230769233,1.27,False,True,Meta-Llama-3.1-405B-Instruct|s0
RedHatAI/Meta-Llama-3.1-405B-Instruct-quantized.w4a16,llama-3,Meta-Llama-3.1-405B-Instruct,w4a16,hellaswag,88.3,88.3,0.0,-0.8165384615384615,-2.9030769230769233,1.27,False,True,Meta-Llama-3.1-405B-Instruct|s0
RedHatAI/Meta-Llama-3.1-405B-Instruct-quantized.w4a16,llama-3,Meta-Llama-3.1-405B-Instruct,w4a16,winogrande,87.2,87.4,0.2,-0.8165384615384615,-2.9030769230769233,1.27,False,True,Meta-Llama-3.1-405B-Instruct|s0
RedHatAI/Meta-Llama-3.1-405B-Instruct-quantized.w4a16,llama-3,Meta-Llama-3.1-405B-Instruct,w4a16,truthfulqa,64.6,65.3,0.7,-0.8165384615384615,-2.9030769230769233,1.27,False,True,Meta-Llama-3.1-405B-Instruct|s0
RedHatAI/Meta-Llama-3.1-405B-Instruct-quantized.w4a16,llama-3,Meta-Llama-3.1-405B-Instruct,w4a16,mmlu_pro,59.7,59.4,-0.3,-0.8165384615384615,-2.9030769230769233,1.27,False,True,Meta-Llama-3.1-405B-Instruct|s0
RedHatAI/Meta-Llama-3.1-405B-Instruct-quantized.w4a16,llama-3,Meta-Llama-3.1-405B-Instruct,w4a16,ifeval,87.7,88.0,0.3,-0.8165384615384615,-2.9030769230769233,1.27,False,True,Meta-Llama-3.1-405B-Instruct|s0
RedHatAI/Meta-Llama-3.1-405B-Instruct-quantized.w4a16,llama-3,Meta-Llama-3.1-405B-Instruct,w4a16,bbh,67.0,67.5,0.5,-0.8165384615384615,-2.9030769230769233,1.27,False,True,Meta-Llama-3.1-405B-Instruct|s0
RedHatAI/Meta-Llama-3.1-405B-Instruct-quantized.w4a16,llama-3,Meta-Llama-3.1-405B-Instruct,w4a16,math_lvl5,39.0,37.6,-1.4,-0.8165384615384615,-2.9030769230769233,1.27,False,True,Meta-Llama-3.1-405B-Instruct|s0
RedHatAI/Meta-Llama-3.1-405B-Instruct-quantized.w4a16,llama-3,Meta-Llama-3.1-405B-Instruct,w4a16,humaneval,86.8,85.1,-1.7,-0.8165384615384615,-2.9030769230769233,1.27,False,True,Meta-Llama-3.1-405B-Instruct|s0
RedHatAI/Meta-Llama-3.1-405B-Instruct-quantized.w4a16,llama-3,Meta-Llama-3.1-405B-Instruct,w4a16,humaneval_plus,80.1,78.9,-1.2,-0.8165384615384615,-2.9030769230769233,1.27,False,True,Meta-Llama-3.1-405B-Instruct|s0
RedHatAI/Meta-Llama-3.1-405B-Instruct-quantized.w8a16,llama-3,Meta-Llama-3.1-405B-Instruct,w8a16,mmlu,87.38,87.59,0.21,-0.1824561403508772,-2.268994601889339,1.9040823211875844,False,True,Meta-Llama-3.1-405B-Instruct|s0
RedHatAI/Meta-Llama-3.1-405B-Instruct-quantized.w8a16,llama-3,Meta-Llama-3.1-405B-Instruct,w8a16,mmlu_cot,88.26,88.19,-0.07,-0.1824561403508772,-2.268994601889339,1.9040823211875844,False,True,Meta-Llama-3.1-405B-Instruct|s0
RedHatAI/Meta-Llama-3.1-405B-Instruct-quantized.w8a16,llama-3,Meta-Llama-3.1-405B-Instruct,w8a16,arc_challenge,94.97,94.8,-0.17,-0.1824561403508772,-2.268994601889339,1.9040823211875844,False,True,Meta-Llama-3.1-405B-Instruct|s0
RedHatAI/Meta-Llama-3.1-405B-Instruct-quantized.w8a16,llama-3,Meta-Llama-3.1-405B-Instruct,w8a16,hellaswag,88.33,88.52,0.19,-0.1824561403508772,-2.268994601889339,1.9040823211875844,False,True,Meta-Llama-3.1-405B-Instruct|s0
RedHatAI/Meta-Llama-3.1-405B-Instruct-quantized.w8a16,llama-3,Meta-Llama-3.1-405B-Instruct,w8a16,winogrande,87.21,87.92,0.71,-0.1824561403508772,-2.268994601889339,1.9040823211875844,False,True,Meta-Llama-3.1-405B-Instruct|s0
RedHatAI/Meta-Llama-3.1-405B-Instruct-quantized.w8a16,llama-3,Meta-Llama-3.1-405B-Instruct,w8a16,truthfulqa,64.64,65.41,0.77,-0.1824561403508772,-2.268994601889339,1.9040823211875844,False,True,Meta-Llama-3.1-405B-Instruct|s0
RedHatAI/Meta-Llama-3.1-405B-Instruct-quantized.w8a8,llama-3,Meta-Llama-3.1-405B-Instruct,w8a8_int,arena_hard,67.4,64.6,-2.8,-0.3475,-2.434038461538462,1.7390384615384618,False,False,Meta-Llama-3.1-405B-Instruct|s0
RedHatAI/Meta-Llama-3.1-405B-Instruct-quantized.w8a8,llama-3,Meta-Llama-3.1-405B-Instruct,w8a8_int,mmlu,87.4,87.1,-0.3,-0.3475,-2.434038461538462,1.7390384615384618,False,True,Meta-Llama-3.1-405B-Instruct|s0
RedHatAI/Meta-Llama-3.1-405B-Instruct-quantized.w8a8,llama-3,Meta-Llama-3.1-405B-Instruct,w8a8_int,arc_challenge,95.0,94.4,-0.6,-0.3475,-2.434038461538462,1.7390384615384618,False,True,Meta-Llama-3.1-405B-Instruct|s0
RedHatAI/Meta-Llama-3.1-405B-Instruct-quantized.w8a8,llama-3,Meta-Llama-3.1-405B-Instruct,w8a8_int,gsm8k,96.4,95.5,-0.9,-0.3475,-2.434038461538462,1.7390384615384618,False,True,Meta-Llama-3.1-405B-Instruct|s0
RedHatAI/Meta-Llama-3.1-405B-Instruct-quantized.w8a8,llama-3,Meta-Llama-3.1-405B-Instruct,w8a8_int,hellaswag,88.3,88.2,-0.1,-0.3475,-2.434038461538462,1.7390384615384618,False,True,Meta-Llama-3.1-405B-Instruct|s0
RedHatAI/Meta-Llama-3.1-405B-Instruct-quantized.w8a8,llama-3,Meta-Llama-3.1-405B-Instruct,w8a8_int,winogrande,87.2,86.1,-1.1,-0.3475,-2.434038461538462,1.7390384615384618,False,True,Meta-Llama-3.1-405B-Instruct|s0
RedHatAI/Meta-Llama-3.1-405B-Instruct-quantized.w8a8,llama-3,Meta-Llama-3.1-405B-Instruct,w8a8_int,truthfulqa,64.6,64.4,-0.2,-0.3475,-2.434038461538462,1.7390384615384618,False,True,Meta-Llama-3.1-405B-Instruct|s0
RedHatAI/Meta-Llama-3.1-405B-Instruct-quantized.w8a8,llama-3,Meta-Llama-3.1-405B-Instruct,w8a8_int,mmlu_pro,59.7,58.4,-1.3,-0.3475,-2.434038461538462,1.7390384615384618,False,True,Meta-Llama-3.1-405B-Instruct|s0
RedHatAI/Meta-Llama-3.1-405B-Instruct-quantized.w8a8,llama-3,Meta-Llama-3.1-405B-Instruct,w8a8_int,ifeval,87.7,87.0,-0.7,-0.3475,-2.434038461538462,1.7390384615384618,False,True,Meta-Llama-3.1-405B-Instruct|s0
RedHatAI/Meta-Llama-3.1-405B-Instruct-quantized.w8a8,llama-3,Meta-Llama-3.1-405B-Instruct,w8a8_int,bbh,67.0,66.7,-0.3,-0.3475,-2.434038461538462,1.7390384615384618,False,True,Meta-Llama-3.1-405B-Instruct|s0
RedHatAI/Meta-Llama-3.1-405B-Instruct-quantized.w8a8,llama-3,Meta-Llama-3.1-405B-Instruct,w8a8_int,math_lvl5,39.0,35.8,-3.2,-0.3475,-2.434038461538462,1.7390384615384618,False,False,Meta-Llama-3.1-405B-Instruct|s0
RedHatAI/Meta-Llama-3.1-405B-Instruct-quantized.w8a8,llama-3,Meta-Llama-3.1-405B-Instruct,w8a8_int,humaneval,86.8,86.9,0.1,-0.3475,-2.434038461538462,1.7390384615384618,False,True,Meta-Llama-3.1-405B-Instruct|s0
RedHatAI/Meta-Llama-3.1-405B-Instruct-quantized.w8a8,llama-3,Meta-Llama-3.1-405B-Instruct,w8a8_int,humaneval_plus,80.1,80.4,0.3,-0.3475,-2.434038461538462,1.7390384615384618,False,True,Meta-Llama-3.1-405B-Instruct|s0
RedHatAI/Meta-Llama-3.1-405B-Instruct-FP8-dynamic,llama-3,Meta-Llama-3.1-405B-Instruct,fp8_dynamic,arena_hard,67.4,66.7,-0.7,-0.09435114503816794,-1.9721289228159458,1.7834266327396098,False,True,Meta-Llama-3.1-405B-Instruct|s1
RedHatAI/Meta-Llama-3.1-405B-Instruct-FP8-dynamic,llama-3,Meta-Llama-3.1-405B-Instruct,fp8_dynamic,mmlu,87.4,87.5,0.1,-0.09435114503816794,-1.9721289228159458,1.7834266327396098,False,True,Meta-Llama-3.1-405B-Instruct|s1
RedHatAI/Meta-Llama-3.1-405B-Instruct-FP8-dynamic,llama-3,Meta-Llama-3.1-405B-Instruct,fp8_dynamic,mmlu_cot,88.1,88.1,0.0,-0.09435114503816794,-1.9721289228159458,1.7834266327396098,False,True,Meta-Llama-3.1-405B-Instruct|s1
RedHatAI/Meta-Llama-3.1-405B-Instruct-FP8-dynamic,llama-3,Meta-Llama-3.1-405B-Instruct,fp8_dynamic,arc_challenge,95.0,95.0,0.0,-0.09435114503816794,-1.9721289228159458,1.7834266327396098,False,True,Meta-Llama-3.1-405B-Instruct|s1
RedHatAI/Meta-Llama-3.1-405B-Instruct-FP8-dynamic,llama-3,Meta-Llama-3.1-405B-Instruct,fp8_dynamic,gsm8k,96.0,95.8,-0.2,-0.09435114503816794,-1.9721289228159458,1.7834266327396098,False,True,Meta-Llama-3.1-405B-Instruct|s1
RedHatAI/Meta-Llama-3.1-405B-Instruct-FP8-dynamic,llama-3,Meta-Llama-3.1-405B-Instruct,fp8_dynamic,hellaswag,88.5,88.5,0.0,-0.09435114503816794,-1.9721289228159458,1.7834266327396098,False,True,Meta-Llama-3.1-405B-Instruct|s1
RedHatAI/Meta-Llama-3.1-405B-Instruct-FP8-dynamic,llama-3,Meta-Llama-3.1-405B-Instruct,fp8_dynamic,winogrande,87.2,88.0,0.8,-0.09435114503816794,-1.9721289228159458,1.7834266327396098,False,True,Meta-Llama-3.1-405B-Instruct|s1
RedHatAI/Meta-Llama-3.1-405B-Instruct-FP8-dynamic,llama-3,Meta-Llama-3.1-405B-Instruct,fp8_dynamic,truthfulqa,65.3,65.3,0.0,-0.09435114503816794,-1.9721289228159458,1.7834266327396098,False,True,Meta-Llama-3.1-405B-Instruct|s1
RedHatAI/Meta-Llama-3.1-405B-Instruct-FP8-dynamic,llama-3,Meta-Llama-3.1-405B-Instruct,fp8_dynamic,mmlu_pro,59.7,59.4,-0.3,-0.09435114503816794,-1.9721289228159458,1.7834266327396098,False,True,Meta-Llama-3.1-405B-Instruct|s1
RedHatAI/Meta-Llama-3.1-405B-Instruct-FP8-dynamic,llama-3,Meta-Llama-3.1-405B-Instruct,fp8_dynamic,ifeval,87.7,86.8,-0.9,-0.09435114503816794,-1.9721289228159458,1.7834266327396098,False,True,Meta-Llama-3.1-405B-Instruct|s1
RedHatAI/Meta-Llama-3.1-405B-Instruct-FP8-dynamic,llama-3,Meta-Llama-3.1-405B-Instruct,fp8_dynamic,bbh,67.0,67.1,0.1,-0.09435114503816794,-1.9721289228159458,1.7834266327396098,False,True,Meta-Llama-3.1-405B-Instruct|s1
RedHatAI/Meta-Llama-3.1-405B-Instruct-FP8-dynamic,llama-3,Meta-Llama-3.1-405B-Instruct,fp8_dynamic,math_lvl5,39.0,38.8,-0.2,-0.09435114503816794,-1.9721289228159458,1.7834266327396098,False,True,Meta-Llama-3.1-405B-Instruct|s1
RedHatAI/Meta-Llama-3.1-405B-Instruct-FP8-dynamic,llama-3,Meta-Llama-3.1-405B-Instruct,fp8_dynamic,humaneval,86.8,87.0,0.2,-0.09435114503816794,-1.9721289228159458,1.7834266327396098,False,True,Meta-Llama-3.1-405B-Instruct|s1
RedHatAI/Meta-Llama-3.1-405B-Instruct-FP8-dynamic,llama-3,Meta-Llama-3.1-405B-Instruct,fp8_dynamic,humaneval_plus,80.1,81.0,0.9,-0.09435114503816794,-1.9721289228159458,1.7834266327396098,False,True,Meta-Llama-3.1-405B-Instruct|s1
RedHatAI/Meta-Llama-3.1-405B-Instruct-FP8,llama-3,Meta-Llama-3.1-405B-Instruct,fp8,mmlu,87.41,87.41,0.0,-0.37592592592592594,-2.2537037037037035,1.5018518518518518,False,True,Meta-Llama-3.1-405B-Instruct|s1
RedHatAI/Meta-Llama-3.1-405B-Instruct-FP8,llama-3,Meta-Llama-3.1-405B-Instruct,fp8,mmlu_cot,88.11,88.02,-0.09,-0.37592592592592594,-2.2537037037037035,1.5018518518518518,False,True,Meta-Llama-3.1-405B-Instruct|s1
RedHatAI/Meta-Llama-3.1-405B-Instruct-FP8,llama-3,Meta-Llama-3.1-405B-Instruct,fp8,arc_challenge,94.97,94.88,-0.09,-0.37592592592592594,-2.2537037037037035,1.5018518518518518,False,True,Meta-Llama-3.1-405B-Instruct|s1
RedHatAI/Meta-Llama-3.1-405B-Instruct-FP8,llama-3,Meta-Llama-3.1-405B-Instruct,fp8,gsm8k,95.98,96.29,0.31,-0.37592592592592594,-2.2537037037037035,1.5018518518518518,False,True,Meta-Llama-3.1-405B-Instruct|s1
RedHatAI/Meta-Llama-3.1-405B-Instruct-FP8,llama-3,Meta-Llama-3.1-405B-Instruct,fp8,hellaswag,88.54,88.54,0.0,-0.37592592592592594,-2.2537037037037035,1.5018518518518518,False,True,Meta-Llama-3.1-405B-Instruct|s1
RedHatAI/Meta-Llama-3.1-405B-Instruct-FP8,llama-3,Meta-Llama-3.1-405B-Instruct,fp8,winogrande,87.21,86.98,-0.23,-0.37592592592592594,-2.2537037037037035,1.5018518518518518,False,True,Meta-Llama-3.1-405B-Instruct|s1
RedHatAI/Meta-Llama-3.1-405B-Instruct-FP8,llama-3,Meta-Llama-3.1-405B-Instruct,fp8,truthfulqa,65.31,65.33,0.02,-0.37592592592592594,-2.2537037037037035,1.5018518518518518,False,True,Meta-Llama-3.1-405B-Instruct|s1
RedHatAI/Meta-Llama-3.1-405B-Instruct-quantized.w4a16,llama-3,Meta-Llama-3.1-405B-Instruct,w4a16,arena_hard,67.4,66.5,-0.9,-0.7359055118110236,-2.6136832895888014,1.1418722659667542,False,True,Meta-Llama-3.1-405B-Instruct|s1
RedHatAI/Meta-Llama-3.1-405B-Instruct-quantized.w4a16,llama-3,Meta-Llama-3.1-405B-Instruct,w4a16,mmlu,87.4,87.2,-0.2,-0.7359055118110236,-2.6136832895888014,1.1418722659667542,False,True,Meta-Llama-3.1-405B-Instruct|s1
RedHatAI/Meta-Llama-3.1-405B-Instruct-quantized.w4a16,llama-3,Meta-Llama-3.1-405B-Instruct,w4a16,arc_challenge,95.0,95.3,0.3,-0.7359055118110236,-2.6136832895888014,1.1418722659667542,False,True,Meta-Llama-3.1-405B-Instruct|s1
RedHatAI/Meta-Llama-3.1-405B-Instruct-quantized.w4a16,llama-3,Meta-Llama-3.1-405B-Instruct,w4a16,gsm8k,96.4,96.3,-0.1,-0.7359055118110236,-2.6136832895888014,1.1418722659667542,False,True,Meta-Llama-3.1-405B-Instruct|s1
RedHatAI/Meta-Llama-3.1-405B-Instruct-quantized.w4a16,llama-3,Meta-Llama-3.1-405B-Instruct,w4a16,hellaswag,88.3,88.3,0.0,-0.7359055118110236,-2.6136832895888014,1.1418722659667542,False,True,Meta-Llama-3.1-405B-Instruct|s1
RedHatAI/Meta-Llama-3.1-405B-Instruct-quantized.w4a16,llama-3,Meta-Llama-3.1-405B-Instruct,w4a16,winogrande,87.2,87.4,0.2,-0.7359055118110236,-2.6136832895888014,1.1418722659667542,False,True,Meta-Llama-3.1-405B-Instruct|s1
RedHatAI/Meta-Llama-3.1-405B-Instruct-quantized.w4a16,llama-3,Meta-Llama-3.1-405B-Instruct,w4a16,truthfulqa,64.6,65.3,0.7,-0.7359055118110236,-2.6136832895888014,1.1418722659667542,False,True,Meta-Llama-3.1-405B-Instruct|s1
RedHatAI/Meta-Llama-3.1-405B-Instruct-quantized.w4a16,llama-3,Meta-Llama-3.1-405B-Instruct,w4a16,mmlu_pro,59.7,59.4,-0.3,-0.7359055118110236,-2.6136832895888014,1.1418722659667542,False,True,Meta-Llama-3.1-405B-Instruct|s1
RedHatAI/Meta-Llama-3.1-405B-Instruct-quantized.w4a16,llama-3,Meta-Llama-3.1-405B-Instruct,w4a16,ifeval,87.7,88.0,0.3,-0.7359055118110236,-2.6136832895888014,1.1418722659667542,False,True,Meta-Llama-3.1-405B-Instruct|s1
RedHatAI/Meta-Llama-3.1-405B-Instruct-quantized.w4a16,llama-3,Meta-Llama-3.1-405B-Instruct,w4a16,bbh,67.0,67.5,0.5,-0.7359055118110236,-2.6136832895888014,1.1418722659667542,False,True,Meta-Llama-3.1-405B-Instruct|s1
RedHatAI/Meta-Llama-3.1-405B-Instruct-quantized.w4a16,llama-3,Meta-Llama-3.1-405B-Instruct,w4a16,math_lvl5,39.0,37.6,-1.4,-0.7359055118110236,-2.6136832895888014,1.1418722659667542,False,True,Meta-Llama-3.1-405B-Instruct|s1
RedHatAI/Meta-Llama-3.1-405B-Instruct-quantized.w4a16,llama-3,Meta-Llama-3.1-405B-Instruct,w4a16,humaneval,86.8,85.1,-1.7,-0.7359055118110236,-2.6136832895888014,1.1418722659667542,False,True,Meta-Llama-3.1-405B-Instruct|s1
RedHatAI/Meta-Llama-3.1-405B-Instruct-quantized.w4a16,llama-3,Meta-Llama-3.1-405B-Instruct,w4a16,humaneval_plus,80.1,78.9,-1.2,-0.7359055118110236,-2.6136832895888014,1.1418722659667542,False,True,Meta-Llama-3.1-405B-Instruct|s1
RedHatAI/Meta-Llama-3.1-405B-Instruct-quantized.w8a16,llama-3,Meta-Llama-3.1-405B-Instruct,w8a16,mmlu,87.38,87.59,0.21,0.004285714285714281,-1.8734920634920635,1.882063492063492,False,True,Meta-Llama-3.1-405B-Instruct|s1
RedHatAI/Meta-Llama-3.1-405B-Instruct-quantized.w8a16,llama-3,Meta-Llama-3.1-405B-Instruct,w8a16,mmlu_cot,88.26,88.19,-0.07,0.004285714285714281,-1.8734920634920635,1.882063492063492,False,True,Meta-Llama-3.1-405B-Instruct|s1
RedHatAI/Meta-Llama-3.1-405B-Instruct-quantized.w8a16,llama-3,Meta-Llama-3.1-405B-Instruct,w8a16,arc_challenge,94.97,94.8,-0.17,0.004285714285714281,-1.8734920634920635,1.882063492063492,False,True,Meta-Llama-3.1-405B-Instruct|s1
RedHatAI/Meta-Llama-3.1-405B-Instruct-quantized.w8a16,llama-3,Meta-Llama-3.1-405B-Instruct,w8a16,hellaswag,88.33,88.52,0.19,0.004285714285714281,-1.8734920634920635,1.882063492063492,False,True,Meta-Llama-3.1-405B-Instruct|s1
RedHatAI/Meta-Llama-3.1-405B-Instruct-quantized.w8a16,llama-3,Meta-Llama-3.1-405B-Instruct,w8a16,winogrande,87.21,87.92,0.71,0.004285714285714281,-1.8734920634920635,1.882063492063492,False,True,Meta-Llama-3.1-405B-Instruct|s1
RedHatAI/Meta-Llama-3.1-405B-Instruct-quantized.w8a16,llama-3,Meta-Llama-3.1-405B-Instruct,w8a16,truthfulqa,64.64,65.41,0.77,0.004285714285714281,-1.8734920634920635,1.882063492063492,False,True,Meta-Llama-3.1-405B-Instruct|s1
RedHatAI/Meta-Llama-3.1-405B-Instruct-quantized.w8a8,llama-3,Meta-Llama-3.1-405B-Instruct,w8a8_int,arena_hard,67.4,64.6,-2.8,-0.31655172413793103,-2.1943295019157087,1.5612260536398468,False,False,Meta-Llama-3.1-405B-Instruct|s1
RedHatAI/Meta-Llama-3.1-405B-Instruct-quantized.w8a8,llama-3,Meta-Llama-3.1-405B-Instruct,w8a8_int,mmlu,87.4,87.1,-0.3,-0.31655172413793103,-2.1943295019157087,1.5612260536398468,False,True,Meta-Llama-3.1-405B-Instruct|s1
RedHatAI/Meta-Llama-3.1-405B-Instruct-quantized.w8a8,llama-3,Meta-Llama-3.1-405B-Instruct,w8a8_int,arc_challenge,95.0,94.4,-0.6,-0.31655172413793103,-2.1943295019157087,1.5612260536398468,False,True,Meta-Llama-3.1-405B-Instruct|s1
RedHatAI/Meta-Llama-3.1-405B-Instruct-quantized.w8a8,llama-3,Meta-Llama-3.1-405B-Instruct,w8a8_int,gsm8k,96.4,95.5,-0.9,-0.31655172413793103,-2.1943295019157087,1.5612260536398468,False,True,Meta-Llama-3.1-405B-Instruct|s1
RedHatAI/Meta-Llama-3.1-405B-Instruct-quantized.w8a8,llama-3,Meta-Llama-3.1-405B-Instruct,w8a8_int,hellaswag,88.3,88.2,-0.1,-0.31655172413793103,-2.1943295019157087,1.5612260536398468,False,True,Meta-Llama-3.1-405B-Instruct|s1
RedHatAI/Meta-Llama-3.1-405B-Instruct-quantized.w8a8,llama-3,Meta-Llama-3.1-405B-Instruct,w8a8_int,winogrande,87.2,86.1,-1.1,-0.31655172413793103,-2.1943295019157087,1.5612260536398468,False,True,Meta-Llama-3.1-405B-Instruct|s1
RedHatAI/Meta-Llama-3.1-405B-Instruct-quantized.w8a8,llama-3,Meta-Llama-3.1-405B-Instruct,w8a8_int,truthfulqa,64.6,64.4,-0.2,-0.31655172413793103,-2.1943295019157087,1.5612260536398468,False,True,Meta-Llama-3.1-405B-Instruct|s1
RedHatAI/Meta-Llama-3.1-405B-Instruct-quantized.w8a8,llama-3,Meta-Llama-3.1-405B-Instruct,w8a8_int,mmlu_pro,59.7,58.4,-1.3,-0.31655172413793103,-2.1943295019157087,1.5612260536398468,False,True,Meta-Llama-3.1-405B-Instruct|s1
RedHatAI/Meta-Llama-3.1-405B-Instruct-quantized.w8a8,llama-3,Meta-Llama-3.1-405B-Instruct,w8a8_int,ifeval,87.7,87.0,-0.7,-0.31655172413793103,-2.1943295019157087,1.5612260536398468,False,True,Meta-Llama-3.1-405B-Instruct|s1
RedHatAI/Meta-Llama-3.1-405B-Instruct-quantized.w8a8,llama-3,Meta-Llama-3.1-405B-Instruct,w8a8_int,bbh,67.0,66.7,-0.3,-0.31655172413793103,-2.1943295019157087,1.5612260536398468,False,True,Meta-Llama-3.1-405B-Instruct|s1
RedHatAI/Meta-Llama-3.1-405B-Instruct-quantized.w8a8,llama-3,Meta-Llama-3.1-405B-Instruct,w8a8_int,math_lvl5,39.0,35.8,-3.2,-0.31655172413793103,-2.1943295019157087,1.5612260536398468,False,False,Meta-Llama-3.1-405B-Instruct|s1
RedHatAI/Meta-Llama-3.1-405B-Instruct-quantized.w8a8,llama-3,Meta-Llama-3.1-405B-Instruct,w8a8_int,humaneval,86.8,86.9,0.1,-0.31655172413793103,-2.1943295019157087,1.5612260536398468,False,True,Meta-Llama-3.1-405B-Instruct|s1
RedHatAI/Meta-Llama-3.1-405B-Instruct-quantized.w8a8,llama-3,Meta-Llama-3.1-405B-Instruct,w8a8_int,humaneval_plus,80.1,80.4,0.3,-0.31655172413793103,-2.1943295019157087,1.5612260536398468,False,True,Meta-Llama-3.1-405B-Instruct|s1
RedHatAI/Meta-Llama-3.1-405B-Instruct-FP8-dynamic,llama-3,Meta-Llama-3.1-405B-Instruct,fp8_dynamic,arena_hard,67.4,66.7,-0.7,-0.033684210526315796,-2.203006244424621,2.135637823371989,False,True,Meta-Llama-3.1-405B-Instruct|s2
RedHatAI/Meta-Llama-3.1-405B-Instruct-FP8-dynamic,llama-3,Meta-Llama-3.1-405B-Instruct,fp8_dynamic,mmlu,87.4,87.5,0.1,-0.033684210526315796,-2.203006244424621,2.135637823371989,False,True,Meta-Llama-3.1-405B-Instruct|s2
RedHatAI/Meta-Llama-3.1-405B-Instruct-FP8-dynamic,llama-3,Meta-Llama-3.1-405B-Instruct,fp8_dynamic,mmlu_cot,88.1,88.1,0.0,-0.033684210526315796,-2.203006244424621,2.135637823371989,False,True,Meta-Llama-3.1-405B-Instruct|s2
RedHatAI/Meta-Llama-3.1-405B-Instruct-FP8-dynamic,llama-3,Meta-Llama-3.1-405B-Instruct,fp8_dynamic,arc_challenge,95.0,95.0,0.0,-0.033684210526315796,-2.203006244424621,2.135637823371989,False,True,Meta-Llama-3.1-405B-Instruct|s2
RedHatAI/Meta-Llama-3.1-405B-Instruct-FP8-dynamic,llama-3,Meta-Llama-3.1-405B-Instruct,fp8_dynamic,gsm8k,96.0,95.8,-0.2,-0.033684210526315796,-2.203006244424621,2.135637823371989,False,True,Meta-Llama-3.1-405B-Instruct|s2
RedHatAI/Meta-Llama-3.1-405B-Instruct-FP8-dynamic,llama-3,Meta-Llama-3.1-405B-Instruct,fp8_dynamic,hellaswag,88.5,88.5,0.0,-0.033684210526315796,-2.203006244424621,2.135637823371989,False,True,Meta-Llama-3.1-405B-Instruct|s2
RedHatAI/Meta-Llama-3.1-405B-Instruct-FP8-dynamic,llama-3,Meta-Llama-3.1-405B-Instruct,fp8_dynamic,winogrande,87.2,88.0,0.8,-0.033684210526315796,-2.203006244424621,2.135637823371989,False,True,Meta-Llama-3.1-405B-Instruct|s2
RedHatAI/Meta-Llama-3.1-405B-Instruct-FP8-dynamic,llama-3,Meta-Llama-3.1-405B-Instruct,fp8_dynamic,truthfulqa,65.3,65.3,0.0,-0.033684210526315796,-2.203006244424621,2.135637823371989,False,True,Meta-Llama-3.1-405B-Instruct|s2
RedHatAI/Meta-Llama-3.1-405B-Instruct-FP8-dynamic,llama-3,Meta-Llama-3.1-405B-Instruct,fp8_dynamic,mmlu_pro,59.7,59.4,-0.3,-0.033684210526315796,-2.203006244424621,2.135637823371989,False,True,Meta-Llama-3.1-405B-Instruct|s2
RedHatAI/Meta-Llama-3.1-405B-Instruct-FP8-dynamic,llama-3,Meta-Llama-3.1-405B-Instruct,fp8_dynamic,ifeval,87.7,86.8,-0.9,-0.033684210526315796,-2.203006244424621,2.135637823371989,False,True,Meta-Llama-3.1-405B-Instruct|s2
RedHatAI/Meta-Llama-3.1-405B-Instruct-FP8-dynamic,llama-3,Meta-Llama-3.1-405B-Instruct,fp8_dynamic,bbh,67.0,67.1,0.1,-0.033684210526315796,-2.203006244424621,2.135637823371989,False,True,Meta-Llama-3.1-405B-Instruct|s2
RedHatAI/Meta-Llama-3.1-405B-Instruct-FP8-dynamic,llama-3,Meta-Llama-3.1-405B-Instruct,fp8_dynamic,math_lvl5,39.0,38.8,-0.2,-0.033684210526315796,-2.203006244424621,2.135637823371989,False,True,Meta-Llama-3.1-405B-Instruct|s2
RedHatAI/Meta-Llama-3.1-405B-Instruct-FP8-dynamic,llama-3,Meta-Llama-3.1-405B-Instruct,fp8_dynamic,humaneval,86.8,87.0,0.2,-0.033684210526315796,-2.203006244424621,2.135637823371989,False,True,Meta-Llama-3.1-405B-Instruct|s2
RedHatAI/Meta-Llama-3.1-405B-Instruct-FP8-dynamic,llama-3,Meta-Llama-3.1-405B-Instruct,fp8_dynamic,humaneval_plus,80.1,81.0,0.9,-0.033684210526315796,-2.203006244424621,2.135637823371989,False,True,Meta-Llama-3.1-405B-Instruct|s2
RedHatAI/Meta-Llama-3.1-405B-Instruct-FP8,llama-3,Meta-Llama-3.1-405B-Instruct,fp8,mmlu,87.41,87.41,0.0,-0.3609259259259259,-2.530247959824231,1.808396107972379,False,True,Meta-Llama-3.1-405B-Instruct|s2
RedHatAI/Meta-Llama-3.1-405B-Instruct-FP8,llama-3,Meta-Llama-3.1-405B-Instruct,fp8,mmlu_cot,88.11,88.02,-0.09,-0.3609259259259259,-2.530247959824231,1.808396107972379,False,True,Meta-Llama-3.1-405B-Instruct|s2
RedHatAI/Meta-Llama-3.1-405B-Instruct-FP8,llama-3,Meta-Llama-3.1-405B-Instruct,fp8,arc_challenge,94.97,94.88,-0.09,-0.3609259259259259,-2.530247959824231,1.808396107972379,False,True,Meta-Llama-3.1-405B-Instruct|s2
RedHatAI/Meta-Llama-3.1-405B-Instruct-FP8,llama-3,Meta-Llama-3.1-405B-Instruct,fp8,gsm8k,95.98,96.29,0.31,-0.3609259259259259,-2.530247959824231,1.808396107972379,False,True,Meta-Llama-3.1-405B-Instruct|s2
RedHatAI/Meta-Llama-3.1-405B-Instruct-FP8,llama-3,Meta-Llama-3.1-405B-Instruct,fp8,hellaswag,88.54,88.54,0.0,-0.3609259259259259,-2.530247959824231,1.808396107972379,False,True,Meta-Llama-3.1-405B-Instruct|s2
RedHatAI/Meta-Llama-3.1-405B-Instruct-FP8,llama-3,Meta-Llama-3.1-405B-Instruct,fp8,winogrande,87.21,86.98,-0.23,-0.3609259259259259,-2.530247959824231,1.808396107972379,False,True,Meta-Llama-3.1-405B-Instruct|s2
RedHatAI/Meta-Llama-3.1-405B-Instruct-FP8,llama-3,Meta-Llama-3.1-405B-Instruct,fp8,truthfulqa,65.31,65.33,0.02,-0.3609259259259259,-2.530247959824231,1.808396107972379,False,True,Meta-Llama-3.1-405B-Instruct|s2
RedHatAI/Meta-Llama-3.1-405B-Instruct-quantized.w4a16,llama-3,Meta-Llama-3.1-405B-Instruct,w4a16,arena_hard,67.4,66.5,-0.9,-0.8606779661016949,-3.03,1.3086440677966098,False,True,Meta-Llama-3.1-405B-Instruct|s2
RedHatAI/Meta-Llama-3.1-405B-Instruct-quantized.w4a16,llama-3,Meta-Llama-3.1-405B-Instruct,w4a16,mmlu,87.4,87.2,-0.2,-0.8606779661016949,-3.03,1.3086440677966098,False,True,Meta-Llama-3.1-405B-Instruct|s2
RedHatAI/Meta-Llama-3.1-405B-Instruct-quantized.w4a16,llama-3,Meta-Llama-3.1-405B-Instruct,w4a16,arc_challenge,95.0,95.3,0.3,-0.8606779661016949,-3.03,1.3086440677966098,False,True,Meta-Llama-3.1-405B-Instruct|s2
RedHatAI/Meta-Llama-3.1-405B-Instruct-quantized.w4a16,llama-3,Meta-Llama-3.1-405B-Instruct,w4a16,gsm8k,96.4,96.3,-0.1,-0.8606779661016949,-3.03,1.3086440677966098,False,True,Meta-Llama-3.1-405B-Instruct|s2
RedHatAI/Meta-Llama-3.1-405B-Instruct-quantized.w4a16,llama-3,Meta-Llama-3.1-405B-Instruct,w4a16,hellaswag,88.3,88.3,0.0,-0.8606779661016949,-3.03,1.3086440677966098,False,True,Meta-Llama-3.1-405B-Instruct|s2
RedHatAI/Meta-Llama-3.1-405B-Instruct-quantized.w4a16,llama-3,Meta-Llama-3.1-405B-Instruct,w4a16,winogrande,87.2,87.4,0.2,-0.8606779661016949,-3.03,1.3086440677966098,False,True,Meta-Llama-3.1-405B-Instruct|s2
RedHatAI/Meta-Llama-3.1-405B-Instruct-quantized.w4a16,llama-3,Meta-Llama-3.1-405B-Instruct,w4a16,truthfulqa,64.6,65.3,0.7,-0.8606779661016949,-3.03,1.3086440677966098,False,True,Meta-Llama-3.1-405B-Instruct|s2
RedHatAI/Meta-Llama-3.1-405B-Instruct-quantized.w4a16,llama-3,Meta-Llama-3.1-405B-Instruct,w4a16,mmlu_pro,59.7,59.4,-0.3,-0.8606779661016949,-3.03,1.3086440677966098,False,True,Meta-Llama-3.1-405B-Instruct|s2
RedHatAI/Meta-Llama-3.1-405B-Instruct-quantized.w4a16,llama-3,Meta-Llama-3.1-405B-Instruct,w4a16,ifeval,87.7,88.0,0.3,-0.8606779661016949,-3.03,1.3086440677966098,False,True,Meta-Llama-3.1-405B-Instruct|s2
RedHatAI/Meta-Llama-3.1-405B-Instruct-quantized.w4a16,llama-3,Meta-Llama-3.1-405B-Instruct,w4a16,bbh,67.0,67.5,0.5,-0.8606779661016949,-3.03,1.3086440677966098,False,True,Meta-Llama-3.1-405B-Instruct|s2
RedHatAI/Meta-Llama-3.1-405B-Instruct-quantized.w4a16,llama-3,Meta-Llama-3.1-405B-Instruct,w4a16,math_lvl5,39.0,37.6,-1.4,-0.8606779661016949,-3.03,1.3086440677966098,False,True,Meta-Llama-3.1-405B-Instruct|s2
RedHatAI/Meta-Llama-3.1-405B-Instruct-quantized.w4a16,llama-3,Meta-Llama-3.1-405B-Instruct,w4a16,humaneval,86.8,85.1,-1.7,-0.8606779661016949,-3.03,1.3086440677966098,False,True,Meta-Llama-3.1-405B-Instruct|s2
RedHatAI/Meta-Llama-3.1-405B-Instruct-quantized.w4a16,llama-3,Meta-Llama-3.1-405B-Instruct,w4a16,humaneval_plus,80.1,78.9,-1.2,-0.8606779661016949,-3.03,1.3086440677966098,False,True,Meta-Llama-3.1-405B-Instruct|s2
RedHatAI/Meta-Llama-3.1-405B-Instruct-quantized.w8a16,llama-3,Meta-Llama-3.1-405B-Instruct,w8a16,mmlu,87.38,87.59,0.21,-0.10177419354838708,-2.2710962274466917,2.067547840349918,False,True,Meta-Llama-3.1-405B-Instruct|s2
RedHatAI/Meta-Llama-3.1-405B-Instruct-quantized.w8a16,llama-3,Meta-Llama-3.1-405B-Instruct,w8a16,mmlu_cot,88.26,88.19,-0.07,-0.10177419354838708,-2.2710962274466917,2.067547840349918,False,True,Meta-Llama-3.1-405B-Instruct|s2
RedHatAI/Meta-Llama-3.1-405B-Instruct-quantized.w8a16,llama-3,Meta-Llama-3.1-405B-Instruct,w8a16,arc_challenge,94.97,94.8,-0.17,-0.10177419354838708,-2.2710962274466917,2.067547840349918,False,True,Meta-Llama-3.1-405B-Instruct|s2
RedHatAI/Meta-Llama-3.1-405B-Instruct-quantized.w8a16,llama-3,Meta-Llama-3.1-405B-Instruct,w8a16,hellaswag,88.33,88.52,0.19,-0.10177419354838708,-2.2710962274466917,2.067547840349918,False,True,Meta-Llama-3.1-405B-Instruct|s2
RedHatAI/Meta-Llama-3.1-405B-Instruct-quantized.w8a16,llama-3,Meta-Llama-3.1-405B-Instruct,w8a16,winogrande,87.21,87.92,0.71,-0.10177419354838708,-2.2710962274466917,2.067547840349918,False,True,Meta-Llama-3.1-405B-Instruct|s2
RedHatAI/Meta-Llama-3.1-405B-Instruct-quantized.w8a16,llama-3,Meta-Llama-3.1-405B-Instruct,w8a16,truthfulqa,64.64,65.41,0.77,-0.10177419354838708,-2.2710962274466917,2.067547840349918,False,True,Meta-Llama-3.1-405B-Instruct|s2
RedHatAI/Meta-Llama-3.1-405B-Instruct-quantized.w8a8,llama-3,Meta-Llama-3.1-405B-Instruct,w8a8_int,arena_hard,67.4,64.6,-2.8,-0.24387596899224806,-2.413198002890553,1.9254460649060567,False,False,Meta-Llama-3.1-405B-Instruct|s2
RedHatAI/Meta-Llama-3.1-405B-Instruct-quantized.w8a8,llama-3,Meta-Llama-3.1-405B-Instruct,w8a8_int,mmlu,87.4,87.1,-0.3,-0.24387596899224806,-2.413198002890553,1.9254460649060567,False,True,Meta-Llama-3.1-405B-Instruct|s2
RedHatAI/Meta-Llama-3.1-405B-Instruct-quantized.w8a8,llama-3,Meta-Llama-3.1-405B-Instruct,w8a8_int,arc_challenge,95.0,94.4,-0.6,-0.24387596899224806,-2.413198002890553,1.9254460649060567,False,True,Meta-Llama-3.1-405B-Instruct|s2
RedHatAI/Meta-Llama-3.1-405B-Instruct-quantized.w8a8,llama-3,Meta-Llama-3.1-405B-Instruct,w8a8_int,gsm8k,96.4,95.5,-0.9,-0.24387596899224806,-2.413198002890553,1.9254460649060567,False,True,Meta-Llama-3.1-405B-Instruct|s2
RedHatAI/Meta-Llama-3.1-405B-Instruct-quantized.w8a8,llama-3,Meta-Llama-3.1-405B-Instruct,w8a8_int,hellaswag,88.3,88.2,-0.1,-0.24387596899224806,-2.413198002890553,1.9254460649060567,False,True,Meta-Llama-3.1-405B-Instruct|s2
RedHatAI/Meta-Llama-3.1-405B-Instruct-quantized.w8a8,llama-3,Meta-Llama-3.1-405B-Instruct,w8a8_int,winogrande,87.2,86.1,-1.1,-0.24387596899224806,-2.413198002890553,1.9254460649060567,False,True,Meta-Llama-3.1-405B-Instruct|s2
RedHatAI/Meta-Llama-3.1-405B-Instruct-quantized.w8a8,llama-3,Meta-Llama-3.1-405B-Instruct,w8a8_int,truthfulqa,64.6,64.4,-0.2,-0.24387596899224806,-2.413198002890553,1.9254460649060567,False,True,Meta-Llama-3.1-405B-Instruct|s2
RedHatAI/Meta-Llama-3.1-405B-Instruct-quantized.w8a8,llama-3,Meta-Llama-3.1-405B-Instruct,w8a8_int,mmlu_pro,59.7,58.4,-1.3,-0.24387596899224806,-2.413198002890553,1.9254460649060567,False,True,Meta-Llama-3.1-405B-Instruct|s2
RedHatAI/Meta-Llama-3.1-405B-Instruct-quantized.w8a8,llama-3,Meta-Llama-3.1-405B-Instruct,w8a8_int,ifeval,87.7,87.0,-0.7,-0.24387596899224806,-2.413198002890553,1.9254460649060567,False,True,Meta-Llama-3.1-405B-Instruct|s2
RedHatAI/Meta-Llama-3.1-405B-Instruct-quantized.w8a8,llama-3,Meta-Llama-3.1-405B-Instruct,w8a8_int,bbh,67.0,66.7,-0.3,-0.24387596899224806,-2.413198002890553,1.9254460649060567,False,True,Meta-Llama-3.1-405B-Instruct|s2
RedHatAI/Meta-Llama-3.1-405B-Instruct-quantized.w8a8,llama-3,Meta-Llama-3.1-405B-Instruct,w8a8_int,math_lvl5,39.0,35.8,-3.2,-0.24387596899224806,-2.413198002890553,1.9254460649060567,False,False,Meta-Llama-3.1-405B-Instruct|s2
RedHatAI/Meta-Llama-3.1-405B-Instruct-quantized.w8a8,llama-3,Meta-Llama-3.1-405B-Instruct,w8a8_int,humaneval,86.8,86.9,0.1,-0.24387596899224806,-2.413198002890553,1.9254460649060567,False,True,Meta-Llama-3.1-405B-Instruct|s2
RedHatAI/Meta-Llama-3.1-405B-Instruct-quantized.w8a8,llama-3,Meta-Llama-3.1-405B-Instruct,w8a8_int,humaneval_plus,80.1,80.4,0.3,-0.24387596899224806,-2.413198002890553,1.9254460649060567,False,True,Meta-Llama-3.1-405B-Instruct|s2
RedHatAI/Meta-Llama-3.1-405B-Instruct-FP8-dynamic,llama-3,Meta-Llama-3.1-405B-Instruct,fp8_dynamic,arena_hard,67.4,66.7,-0.7,-0.20116666666666666,-2.302333333333333,1.8999999999999997,False,True,Meta-Llama-3.1-405B-Instruct|s3
RedHatAI/Meta-Llama-3.1-405B-Instruct-FP8-dynamic,llama-3,Meta-Llama-3.1-405B-Instruct,fp8_dynamic,mmlu,87.4,87.5,0.1,-0.20116666666666666,-2.302333333333333,1.8999999999999997,False,True,Meta-Llama-3.1-405B-Instruct|s3
RedHatAI/Meta-Llama-3.1-405B-Instruct-FP8-dynamic,llama-3,Meta-Llama-3.1-405B-Instruct,fp8_dynamic,mmlu_cot,88.1,88.1,0.0,-0.20116666666666666,-2.302333333333333,1.8999999999999997,False,True,Meta-Llama-3.1-405B-Instruct|s3
RedHatAI/Meta-Llama-3.1-405B-Instruct-FP8-dynamic,llama-3,Meta-Llama-3.1-405B-Instruct,fp8_dynamic,arc_challenge,95.0,95.0,0.0,-0.20116666666666666,-2.302333333333333,1.8999999999999997,False,True,Meta-Llama-3.1-405B-Instruct|s3
RedHatAI/Meta-Llama-3.1-405B-Instruct-FP8-dynamic,llama-3,Meta-Llama-3.1-405B-Instruct,fp8_dynamic,gsm8k,96.0,95.8,-0.2,-0.20116666666666666,-2.302333333333333,1.8999999999999997,False,True,Meta-Llama-3.1-405B-Instruct|s3
RedHatAI/Meta-Llama-3.1-405B-Instruct-FP8-dynamic,llama-3,Meta-Llama-3.1-405B-Instruct,fp8_dynamic,hellaswag,88.5,88.5,0.0,-0.20116666666666666,-2.302333333333333,1.8999999999999997,False,True,Meta-Llama-3.1-405B-Instruct|s3
RedHatAI/Meta-Llama-3.1-405B-Instruct-FP8-dynamic,llama-3,Meta-Llama-3.1-405B-Instruct,fp8_dynamic,winogrande,87.2,88.0,0.8,-0.20116666666666666,-2.302333333333333,1.8999999999999997,False,True,Meta-Llama-3.1-405B-Instruct|s3
RedHatAI/Meta-Llama-3.1-405B-Instruct-FP8-dynamic,llama-3,Meta-Llama-3.1-405B-Instruct,fp8_dynamic,truthfulqa,65.3,65.3,0.0,-0.20116666666666666,-2.302333333333333,1.8999999999999997,False,True,Meta-Llama-3.1-405B-Instruct|s3
RedHatAI/Meta-Llama-3.1-405B-Instruct-FP8-dynamic,llama-3,Meta-Llama-3.1-405B-Instruct,fp8_dynamic,mmlu_pro,59.7,59.4,-0.3,-0.20116666666666666,-2.302333333333333,1.8999999999999997,False,True,Meta-Llama-3.1-405B-Instruct|s3
RedHatAI/Meta-Llama-3.1-405B-Instruct-FP8-dynamic,llama-3,Meta-Llama-3.1-405B-Instruct,fp8_dynamic,ifeval,87.7,86.8,-0.9,-0.20116666666666666,-2.302333333333333,1.8999999999999997,False,True,Meta-Llama-3.1-405B-Instruct|s3
RedHatAI/Meta-Llama-3.1-405B-Instruct-FP8-dynamic,llama-3,Meta-Llama-3.1-405B-Instruct,fp8_dynamic,bbh,67.0,67.1,0.1,-0.20116666666666666,-2.302333333333333,1.8999999999999997,False,True,Meta-Llama-3.1-405B-Instruct|s3
RedHatAI/Meta-Llama-3.1-405B-Instruct-FP8-dynamic,llama-3,Meta-Llama-3.1-405B-Instruct,fp8_dynamic,math_lvl5,39.0,38.8,-0.2,-0.20116666666666666,-2.302333333333333,1.8999999999999997,False,True,Meta-Llama-3.1-405B-Instruct|s3
RedHatAI/Meta-Llama-3.1-405B-Instruct-FP8-dynamic,llama-3,Meta-Llama-3.1-405B-Instruct,fp8_dynamic,humaneval,86.8,87.0,0.2,-0.20116666666666666,-2.302333333333333,1.8999999999999997,False,True,Meta-Llama-3.1-405B-Instruct|s3
RedHatAI/Meta-Llama-3.1-405B-Instruct-FP8-dynamic,llama-3,Meta-Llama-3.1-405B-Instruct,fp8_dynamic,humaneval_plus,80.1,81.0,0.9,-0.20116666666666666,-2.302333333333333,1.8999999999999997,False,True,Meta-Llama-3.1-405B-Instruct|s3
RedHatAI/Meta-Llama-3.1-405B-Instruct-FP8,llama-3,Meta-Llama-3.1-405B-Instruct,fp8,mmlu,87.41,87.41,0.0,-0.40181818181818185,-2.5029848484848483,1.6993484848484846,False,True,Meta-Llama-3.1-405B-Instruct|s3
RedHatAI/Meta-Llama-3.1-405B-Instruct-FP8,llama-3,Meta-Llama-3.1-405B-Instruct,fp8,mmlu_cot,88.11,88.02,-0.09,-0.40181818181818185,-2.5029848484848483,1.6993484848484846,False,True,Meta-Llama-3.1-405B-Instruct|s3
RedHatAI/Meta-Llama-3.1-405B-Instruct-FP8,llama-3,Meta-Llama-3.1-405B-Instruct,fp8,arc_challenge,94.97,94.88,-0.09,-0.40181818181818185,-2.5029848484848483,1.6993484848484846,False,True,Meta-Llama-3.1-405B-Instruct|s3
RedHatAI/Meta-Llama-3.1-405B-Instruct-FP8,llama-3,Meta-Llama-3.1-405B-Instruct,fp8,gsm8k,95.98,96.29,0.31,-0.40181818181818185,-2.5029848484848483,1.6993484848484846,False,True,Meta-Llama-3.1-405B-Instruct|s3
RedHatAI/Meta-Llama-3.1-405B-Instruct-FP8,llama-3,Meta-Llama-3.1-405B-Instruct,fp8,hellaswag,88.54,88.54,0.0,-0.40181818181818185,-2.5029848484848483,1.6993484848484846,False,True,Meta-Llama-3.1-405B-Instruct|s3
RedHatAI/Meta-Llama-3.1-405B-Instruct-FP8,llama-3,Meta-Llama-3.1-405B-Instruct,fp8,winogrande,87.21,86.98,-0.23,-0.40181818181818185,-2.5029848484848483,1.6993484848484846,False,True,Meta-Llama-3.1-405B-Instruct|s3
RedHatAI/Meta-Llama-3.1-405B-Instruct-FP8,llama-3,Meta-Llama-3.1-405B-Instruct,fp8,truthfulqa,65.31,65.33,0.02,-0.40181818181818185,-2.5029848484848483,1.6993484848484846,False,True,Meta-Llama-3.1-405B-Instruct|s3
RedHatAI/Meta-Llama-3.1-405B-Instruct-quantized.w4a16,llama-3,Meta-Llama-3.1-405B-Instruct,w4a16,arena_hard,67.4,66.5,-0.9,-0.7258558558558559,-2.8270225225225225,1.3753108108108105,False,True,Meta-Llama-3.1-405B-Instruct|s3
RedHatAI/Meta-Llama-3.1-405B-Instruct-quantized.w4a16,llama-3,Meta-Llama-3.1-405B-Instruct,w4a16,mmlu,87.4,87.2,-0.2,-0.7258558558558559,-2.8270225225225225,1.3753108108108105,False,True,Meta-Llama-3.1-405B-Instruct|s3
RedHatAI/Meta-Llama-3.1-405B-Instruct-quantized.w4a16,llama-3,Meta-Llama-3.1-405B-Instruct,w4a16,arc_challenge,95.0,95.3,0.3,-0.7258558558558559,-2.8270225225225225,1.3753108108108105,False,True,Meta-Llama-3.1-405B-Instruct|s3
RedHatAI/Meta-Llama-3.1-405B-Instruct-quantized.w4a16,llama-3,Meta-Llama-3.1-405B-Instruct,w4a16,gsm8k,96.4,96.3,-0.1,-0.7258558558558559,-2.8270225225225225,1.3753108108108105,False,True,Meta-Llama-3.1-405B-Instruct|s3
RedHatAI/Meta-Llama-3.1-405B-Instruct-quantized.w4a16,llama-3,Meta-Llama-3.1-405B-Instruct,w4a16,hellaswag,88.3,88.3,0.0,-0.7258558558558559,-2.8270225225225225,1.3753108108108105,False,True,Meta-Llama-3.1-405B-Instruct|s3
RedHatAI/Meta-Llama-3.1-405B-Instruct-quantized.w4a16,llama-3,Meta-Llama-3.1-405B-Instruct,w4a16,winogrande,87.2,87.4,0.2,-0.7258558558558559,-2.8270225225225225,1.3753108108108105,False,True,Meta-Llama-3.1-405B-Instruct|s3
RedHatAI/Meta-Llama-3.1-405B-Instruct-quantized.w4a16,llama-3,Meta-Llama-3.1-405B-Instruct,w4a16,truthfulqa,64.6,65.3,0.7,-0.7258558558558559,-2.8270225225225225,1.3753108108108105,False,True,Meta-Llama-3.1-405B-Instruct|s3
RedHatAI/Meta-Llama-3.1-405B-Instruct-quantized.w4a16,llama-3,Meta-Llama-3.1-405B-Instruct,w4a16,mmlu_pro,59.7,59.4,-0.3,-0.7258558558558559,-2.8270225225225225,1.3753108108108105,False,True,Meta-Llama-3.1-405B-Instruct|s3
RedHatAI/Meta-Llama-3.1-405B-Instruct-quantized.w4a16,llama-3,Meta-Llama-3.1-405B-Instruct,w4a16,ifeval,87.7,88.0,0.3,-0.7258558558558559,-2.8270225225225225,1.3753108108108105,False,True,Meta-Llama-3.1-405B-Instruct|s3
RedHatAI/Meta-Llama-3.1-405B-Instruct-quantized.w4a16,llama-3,Meta-Llama-3.1-405B-Instruct,w4a16,bbh,67.0,67.5,0.5,-0.7258558558558559,-2.8270225225225225,1.3753108108108105,False,True,Meta-Llama-3.1-405B-Instruct|s3
RedHatAI/Meta-Llama-3.1-405B-Instruct-quantized.w4a16,llama-3,Meta-Llama-3.1-405B-Instruct,w4a16,math_lvl5,39.0,37.6,-1.4,-0.7258558558558559,-2.8270225225225225,1.3753108108108105,False,True,Meta-Llama-3.1-405B-Instruct|s3
RedHatAI/Meta-Llama-3.1-405B-Instruct-quantized.w4a16,llama-3,Meta-Llama-3.1-405B-Instruct,w4a16,humaneval,86.8,85.1,-1.7,-0.7258558558558559,-2.8270225225225225,1.3753108108108105,False,True,Meta-Llama-3.1-405B-Instruct|s3
RedHatAI/Meta-Llama-3.1-405B-Instruct-quantized.w4a16,llama-3,Meta-Llama-3.1-405B-Instruct,w4a16,humaneval_plus,80.1,78.9,-1.2,-0.7258558558558559,-2.8270225225225225,1.3753108108108105,False,True,Meta-Llama-3.1-405B-Instruct|s3
RedHatAI/Meta-Llama-3.1-405B-Instruct-quantized.w8a16,llama-3,Meta-Llama-3.1-405B-Instruct,w8a16,mmlu,87.38,87.59,0.21,0.06036363636363636,-2.0408030303030302,2.1615303030303026,False,True,Meta-Llama-3.1-405B-Instruct|s3
RedHatAI/Meta-Llama-3.1-405B-Instruct-quantized.w8a16,llama-3,Meta-Llama-3.1-405B-Instruct,w8a16,mmlu_cot,88.26,88.19,-0.07,0.06036363636363636,-2.0408030303030302,2.1615303030303026,False,True,Meta-Llama-3.1-405B-Instruct|s3
RedHatAI/Meta-Llama-3.1-405B-Instruct-quantized.w8a16,llama-3,Meta-Llama-3.1-405B-Instruct,w8a16,arc_challenge,94.97,94.8,-0.17,0.06036363636363636,-2.0408030303030302,2.1615303030303026,False,True,Meta-Llama-3.1-405B-Instruct|s3
RedHatAI/Meta-Llama-3.1-405B-Instruct-quantized.w8a16,llama-3,Meta-Llama-3.1-405B-Instruct,w8a16,hellaswag,88.33,88.52,0.19,0.06036363636363636,-2.0408030303030302,2.1615303030303026,False,True,Meta-Llama-3.1-405B-Instruct|s3
RedHatAI/Meta-Llama-3.1-405B-Instruct-quantized.w8a16,llama-3,Meta-Llama-3.1-405B-Instruct,w8a16,winogrande,87.21,87.92,0.71,0.06036363636363636,-2.0408030303030302,2.1615303030303026,False,True,Meta-Llama-3.1-405B-Instruct|s3
RedHatAI/Meta-Llama-3.1-405B-Instruct-quantized.w8a16,llama-3,Meta-Llama-3.1-405B-Instruct,w8a16,truthfulqa,64.64,65.41,0.77,0.06036363636363636,-2.0408030303030302,2.1615303030303026,False,True,Meta-Llama-3.1-405B-Instruct|s3
RedHatAI/Meta-Llama-3.1-405B-Instruct-quantized.w8a8,llama-3,Meta-Llama-3.1-405B-Instruct,w8a8_int,arena_hard,67.4,64.6,-2.8,-0.31182608695652175,-2.4129927536231883,1.7893405797101447,False,False,Meta-Llama-3.1-405B-Instruct|s3
RedHatAI/Meta-Llama-3.1-405B-Instruct-quantized.w8a8,llama-3,Meta-Llama-3.1-405B-Instruct,w8a8_int,mmlu,87.4,87.1,-0.3,-0.31182608695652175,-2.4129927536231883,1.7893405797101447,False,True,Meta-Llama-3.1-405B-Instruct|s3
RedHatAI/Meta-Llama-3.1-405B-Instruct-quantized.w8a8,llama-3,Meta-Llama-3.1-405B-Instruct,w8a8_int,arc_challenge,95.0,94.4,-0.6,-0.31182608695652175,-2.4129927536231883,1.7893405797101447,False,True,Meta-Llama-3.1-405B-Instruct|s3
RedHatAI/Meta-Llama-3.1-405B-Instruct-quantized.w8a8,llama-3,Meta-Llama-3.1-405B-Instruct,w8a8_int,gsm8k,96.4,95.5,-0.9,-0.31182608695652175,-2.4129927536231883,1.7893405797101447,False,True,Meta-Llama-3.1-405B-Instruct|s3
RedHatAI/Meta-Llama-3.1-405B-Instruct-quantized.w8a8,llama-3,Meta-Llama-3.1-405B-Instruct,w8a8_int,hellaswag,88.3,88.2,-0.1,-0.31182608695652175,-2.4129927536231883,1.7893405797101447,False,True,Meta-Llama-3.1-405B-Instruct|s3
RedHatAI/Meta-Llama-3.1-405B-Instruct-quantized.w8a8,llama-3,Meta-Llama-3.1-405B-Instruct,w8a8_int,winogrande,87.2,86.1,-1.1,-0.31182608695652175,-2.4129927536231883,1.7893405797101447,False,True,Meta-Llama-3.1-405B-Instruct|s3
RedHatAI/Meta-Llama-3.1-405B-Instruct-quantized.w8a8,llama-3,Meta-Llama-3.1-405B-Instruct,w8a8_int,truthfulqa,64.6,64.4,-0.2,-0.31182608695652175,-2.4129927536231883,1.7893405797101447,False,True,Meta-Llama-3.1-405B-Instruct|s3
RedHatAI/Meta-Llama-3.1-405B-Instruct-quantized.w8a8,llama-3,Meta-Llama-3.1-405B-Instruct,w8a8_int,mmlu_pro,59.7,58.4,-1.3,-0.31182608695652175,-2.4129927536231883,1.7893405797101447,False,True,Meta-Llama-3.1-405B-Instruct|s3
RedHatAI/Meta-Llama-3.1-405B-Instruct-quantized.w8a8,llama-3,Meta-Llama-3.1-405B-Instruct,w8a8_int,ifeval,87.7,87.0,-0.7,-0.31182608695652175,-2.4129927536231883,1.7893405797101447,False,True,Meta-Llama-3.1-405B-Instruct|s3
RedHatAI/Meta-Llama-3.1-405B-Instruct-quantized.w8a8,llama-3,Meta-Llama-3.1-405B-Instruct,w8a8_int,bbh,67.0,66.7,-0.3,-0.31182608695652175,-2.4129927536231883,1.7893405797101447,False,True,Meta-Llama-3.1-405B-Instruct|s3
RedHatAI/Meta-Llama-3.1-405B-Instruct-quantized.w8a8,llama-3,Meta-Llama-3.1-405B-Instruct,w8a8_int,math_lvl5,39.0,35.8,-3.2,-0.31182608695652175,-2.4129927536231883,1.7893405797101447,False,False,Meta-Llama-3.1-405B-Instruct|s3
RedHatAI/Meta-Llama-3.1-405B-Instruct-quantized.w8a8,llama-3,Meta-Llama-3.1-405B-Instruct,w8a8_int,humaneval,86.8,86.9,0.1,-0.31182608695652175,-2.4129927536231883,1.7893405797101447,False,True,Meta-Llama-3.1-405B-Instruct|s3
RedHatAI/Meta-Llama-3.1-405B-Instruct-quantized.w8a8,llama-3,Meta-Llama-3.1-405B-Instruct,w8a8_int,humaneval_plus,80.1,80.4,0.3,-0.31182608695652175,-2.4129927536231883,1.7893405797101447,False,True,Meta-Llama-3.1-405B-Instruct|s3
RedHatAI/Meta-Llama-3.1-405B-Instruct-FP8-dynamic,llama-3,Meta-Llama-3.1-405B-Instruct,fp8_dynamic,arena_hard,67.4,66.7,-0.7,-0.11948717948717949,-2.41790444567423,2.1789300866998706,False,True,Meta-Llama-3.1-405B-Instruct|s4
RedHatAI/Meta-Llama-3.1-405B-Instruct-FP8-dynamic,llama-3,Meta-Llama-3.1-405B-Instruct,fp8_dynamic,mmlu,87.4,87.5,0.1,-0.11948717948717949,-2.41790444567423,2.1789300866998706,False,True,Meta-Llama-3.1-405B-Instruct|s4
RedHatAI/Meta-Llama-3.1-405B-Instruct-FP8-dynamic,llama-3,Meta-Llama-3.1-405B-Instruct,fp8_dynamic,mmlu_cot,88.1,88.1,0.0,-0.11948717948717949,-2.41790444567423,2.1789300866998706,False,True,Meta-Llama-3.1-405B-Instruct|s4
RedHatAI/Meta-Llama-3.1-405B-Instruct-FP8-dynamic,llama-3,Meta-Llama-3.1-405B-Instruct,fp8_dynamic,arc_challenge,95.0,95.0,0.0,-0.11948717948717949,-2.41790444567423,2.1789300866998706,False,True,Meta-Llama-3.1-405B-Instruct|s4
RedHatAI/Meta-Llama-3.1-405B-Instruct-FP8-dynamic,llama-3,Meta-Llama-3.1-405B-Instruct,fp8_dynamic,gsm8k,96.0,95.8,-0.2,-0.11948717948717949,-2.41790444567423,2.1789300866998706,False,True,Meta-Llama-3.1-405B-Instruct|s4
RedHatAI/Meta-Llama-3.1-405B-Instruct-FP8-dynamic,llama-3,Meta-Llama-3.1-405B-Instruct,fp8_dynamic,hellaswag,88.5,88.5,0.0,-0.11948717948717949,-2.41790444567423,2.1789300866998706,False,True,Meta-Llama-3.1-405B-Instruct|s4
RedHatAI/Meta-Llama-3.1-405B-Instruct-FP8-dynamic,llama-3,Meta-Llama-3.1-405B-Instruct,fp8_dynamic,winogrande,87.2,88.0,0.8,-0.11948717948717949,-2.41790444567423,2.1789300866998706,False,True,Meta-Llama-3.1-405B-Instruct|s4
RedHatAI/Meta-Llama-3.1-405B-Instruct-FP8-dynamic,llama-3,Meta-Llama-3.1-405B-Instruct,fp8_dynamic,truthfulqa,65.3,65.3,0.0,-0.11948717948717949,-2.41790444567423,2.1789300866998706,False,True,Meta-Llama-3.1-405B-Instruct|s4
RedHatAI/Meta-Llama-3.1-405B-Instruct-FP8-dynamic,llama-3,Meta-Llama-3.1-405B-Instruct,fp8_dynamic,mmlu_pro,59.7,59.4,-0.3,-0.11948717948717949,-2.41790444567423,2.1789300866998706,False,True,Meta-Llama-3.1-405B-Instruct|s4
RedHatAI/Meta-Llama-3.1-405B-Instruct-FP8-dynamic,llama-3,Meta-Llama-3.1-405B-Instruct,fp8_dynamic,ifeval,87.7,86.8,-0.9,-0.11948717948717949,-2.41790444567423,2.1789300866998706,False,True,Meta-Llama-3.1-405B-Instruct|s4
RedHatAI/Meta-Llama-3.1-405B-Instruct-FP8-dynamic,llama-3,Meta-Llama-3.1-405B-Instruct,fp8_dynamic,bbh,67.0,67.1,0.1,-0.11948717948717949,-2.41790444567423,2.1789300866998706,False,True,Meta-Llama-3.1-405B-Instruct|s4
RedHatAI/Meta-Llama-3.1-405B-Instruct-FP8-dynamic,llama-3,Meta-Llama-3.1-405B-Instruct,fp8_dynamic,math_lvl5,39.0,38.8,-0.2,-0.11948717948717949,-2.41790444567423,2.1789300866998706,False,True,Meta-Llama-3.1-405B-Instruct|s4
RedHatAI/Meta-Llama-3.1-405B-Instruct-FP8-dynamic,llama-3,Meta-Llama-3.1-405B-Instruct,fp8_dynamic,humaneval,86.8,87.0,0.2,-0.11948717948717949,-2.41790444567423,2.1789300866998706,False,True,Meta-Llama-3.1-405B-Instruct|s4
RedHatAI/Meta-Llama-3.1-405B-Instruct-FP8-dynamic,llama-3,Meta-Llama-3.1-405B-Instruct,fp8_dynamic,humaneval_plus,80.1,81.0,0.9,-0.11948717948717949,-2.41790444567423,2.1789300866998706,False,True,Meta-Llama-3.1-405B-Instruct|s4
RedHatAI/Meta-Llama-3.1-405B-Instruct-FP8,llama-3,Meta-Llama-3.1-405B-Instruct,fp8,mmlu,87.41,87.41,0.0,-0.27,-2.5684172661870504,2.0284172661870503,False,True,Meta-Llama-3.1-405B-Instruct|s4
RedHatAI/Meta-Llama-3.1-405B-Instruct-FP8,llama-3,Meta-Llama-3.1-405B-Instruct,fp8,mmlu_cot,88.11,88.02,-0.09,-0.27,-2.5684172661870504,2.0284172661870503,False,True,Meta-Llama-3.1-405B-Instruct|s4
RedHatAI/Meta-Llama-3.1-405B-Instruct-FP8,llama-3,Meta-Llama-3.1-405B-Instruct,fp8,arc_challenge,94.97,94.88,-0.09,-0.27,-2.5684172661870504,2.0284172661870503,False,True,Meta-Llama-3.1-405B-Instruct|s4
RedHatAI/Meta-Llama-3.1-405B-Instruct-FP8,llama-3,Meta-Llama-3.1-405B-Instruct,fp8,gsm8k,95.98,96.29,0.31,-0.27,-2.5684172661870504,2.0284172661870503,False,True,Meta-Llama-3.1-405B-Instruct|s4
RedHatAI/Meta-Llama-3.1-405B-Instruct-FP8,llama-3,Meta-Llama-3.1-405B-Instruct,fp8,hellaswag,88.54,88.54,0.0,-0.27,-2.5684172661870504,2.0284172661870503,False,True,Meta-Llama-3.1-405B-Instruct|s4
RedHatAI/Meta-Llama-3.1-405B-Instruct-FP8,llama-3,Meta-Llama-3.1-405B-Instruct,fp8,winogrande,87.21,86.98,-0.23,-0.27,-2.5684172661870504,2.0284172661870503,False,True,Meta-Llama-3.1-405B-Instruct|s4
RedHatAI/Meta-Llama-3.1-405B-Instruct-FP8,llama-3,Meta-Llama-3.1-405B-Instruct,fp8,truthfulqa,65.31,65.33,0.02,-0.27,-2.5684172661870504,2.0284172661870503,False,True,Meta-Llama-3.1-405B-Instruct|s4
RedHatAI/Meta-Llama-3.1-405B-Instruct-quantized.w4a16,llama-3,Meta-Llama-3.1-405B-Instruct,w4a16,arena_hard,67.4,66.5,-0.9,-0.7315827338129496,-3.03,1.5668345323741009,False,True,Meta-Llama-3.1-405B-Instruct|s4
RedHatAI/Meta-Llama-3.1-405B-Instruct-quantized.w4a16,llama-3,Meta-Llama-3.1-405B-Instruct,w4a16,mmlu,87.4,87.2,-0.2,-0.7315827338129496,-3.03,1.5668345323741009,False,True,Meta-Llama-3.1-405B-Instruct|s4
RedHatAI/Meta-Llama-3.1-405B-Instruct-quantized.w4a16,llama-3,Meta-Llama-3.1-405B-Instruct,w4a16,arc_challenge,95.0,95.3,0.3,-0.7315827338129496,-3.03,1.5668345323741009,False,True,Meta-Llama-3.1-405B-Instruct|s4
RedHatAI/Meta-Llama-3.1-405B-Instruct-quantized.w4a16,llama-3,Meta-Llama-3.1-405B-Instruct,w4a16,gsm8k,96.4,96.3,-0.1,-0.7315827338129496,-3.03,1.5668345323741009,False,True,Meta-Llama-3.1-405B-Instruct|s4
RedHatAI/Meta-Llama-3.1-405B-Instruct-quantized.w4a16,llama-3,Meta-Llama-3.1-405B-Instruct,w4a16,hellaswag,88.3,88.3,0.0,-0.7315827338129496,-3.03,1.5668345323741009,False,True,Meta-Llama-3.1-405B-Instruct|s4
RedHatAI/Meta-Llama-3.1-405B-Instruct-quantized.w4a16,llama-3,Meta-Llama-3.1-405B-Instruct,w4a16,winogrande,87.2,87.4,0.2,-0.7315827338129496,-3.03,1.5668345323741009,False,True,Meta-Llama-3.1-405B-Instruct|s4
RedHatAI/Meta-Llama-3.1-405B-Instruct-quantized.w4a16,llama-3,Meta-Llama-3.1-405B-Instruct,w4a16,truthfulqa,64.6,65.3,0.7,-0.7315827338129496,-3.03,1.5668345323741009,False,True,Meta-Llama-3.1-405B-Instruct|s4
RedHatAI/Meta-Llama-3.1-405B-Instruct-quantized.w4a16,llama-3,Meta-Llama-3.1-405B-Instruct,w4a16,mmlu_pro,59.7,59.4,-0.3,-0.7315827338129496,-3.03,1.5668345323741009,False,True,Meta-Llama-3.1-405B-Instruct|s4
RedHatAI/Meta-Llama-3.1-405B-Instruct-quantized.w4a16,llama-3,Meta-Llama-3.1-405B-Instruct,w4a16,ifeval,87.7,88.0,0.3,-0.7315827338129496,-3.03,1.5668345323741009,False,True,Meta-Llama-3.1-405B-Instruct|s4
RedHatAI/Meta-Llama-3.1-405B-Instruct-quantized.w4a16,llama-3,Meta-Llama-3.1-405B-Instruct,w4a16,bbh,67.0,67.5,0.5,-0.7315827338129496,-3.03,1.5668345323741009,False,True,Meta-Llama-3.1-405B-Instruct|s4
RedHatAI/Meta-Llama-3.1-405B-Instruct-quantized.w4a16,llama-3,Meta-Llama-3.1-405B-Instruct,w4a16,math_lvl5,39.0,37.6,-1.4,-0.7315827338129496,-3.03,1.5668345323741009,False,True,Meta-Llama-3.1-405B-Instruct|s4
RedHatAI/Meta-Llama-3.1-405B-Instruct-quantized.w4a16,llama-3,Meta-Llama-3.1-405B-Instruct,w4a16,humaneval,86.8,85.1,-1.7,-0.7315827338129496,-3.03,1.5668345323741009,False,True,Meta-Llama-3.1-405B-Instruct|s4
RedHatAI/Meta-Llama-3.1-405B-Instruct-quantized.w4a16,llama-3,Meta-Llama-3.1-405B-Instruct,w4a16,humaneval_plus,80.1,78.9,-1.2,-0.7315827338129496,-3.03,1.5668345323741009,False,True,Meta-Llama-3.1-405B-Instruct|s4
RedHatAI/Meta-Llama-3.1-405B-Instruct-quantized.w8a16,llama-3,Meta-Llama-3.1-405B-Instruct,w8a16,mmlu,87.38,87.59,0.21,-0.15806451612903227,-2.4564817823160827,2.140352750058018,False,True,Meta-Llama-3.1-405B-Instruct|s4
RedHatAI/Meta-Llama-3.1-405B-Instruct-quantized.w8a16,llama-3,Meta-Llama-3.1-405B-Instruct,w8a16,mmlu_cot,88.26,88.19,-0.07,-0.15806451612903227,-2.4564817823160827,2.140352750058018,False,True,Meta-Llama-3.1-405B-Instruct|s4
RedHatAI/Meta-Llama-3.1-405B-Instruct-quantized.w8a16,llama-3,Meta-Llama-3.1-405B-Instruct,w8a16,arc_challenge,94.97,94.8,-0.17,-0.15806451612903227,-2.4564817823160827,2.140352750058018,False,True,Meta-Llama-3.1-405B-Instruct|s4
RedHatAI/Meta-Llama-3.1-405B-Instruct-quantized.w8a16,llama-3,Meta-Llama-3.1-405B-Instruct,w8a16,hellaswag,88.33,88.52,0.19,-0.15806451612903227,-2.4564817823160827,2.140352750058018,False,True,Meta-Llama-3.1-405B-Instruct|s4
RedHatAI/Meta-Llama-3.1-405B-Instruct-quantized.w8a16,llama-3,Meta-Llama-3.1-405B-Instruct,w8a16,winogrande,87.21,87.92,0.71,-0.15806451612903227,-2.4564817823160827,2.140352750058018,False,True,Meta-Llama-3.1-405B-Instruct|s4
RedHatAI/Meta-Llama-3.1-405B-Instruct-quantized.w8a16,llama-3,Meta-Llama-3.1-405B-Instruct,w8a16,truthfulqa,64.64,65.41,0.77,-0.15806451612903227,-2.4564817823160827,2.140352750058018,False,True,Meta-Llama-3.1-405B-Instruct|s4
RedHatAI/Meta-Llama-3.1-405B-Instruct-quantized.w8a8,llama-3,Meta-Llama-3.1-405B-Instruct,w8a8_int,arena_hard,67.4,64.6,-2.8,-0.3335374149659864,-2.6319546811530365,1.964879851221064,False,False,Meta-Llama-3.1-405B-Instruct|s4
RedHatAI/Meta-Llama-3.1-405B-Instruct-quantized.w8a8,llama-3,Meta-Llama-3.1-405B-Instruct,w8a8_int,mmlu,87.4,87.1,-0.3,-0.3335374149659864,-2.6319546811530365,1.964879851221064,False,True,Meta-Llama-3.1-405B-Instruct|s4
RedHatAI/Meta-Llama-3.1-405B-Instruct-quantized.w8a8,llama-3,Meta-Llama-3.1-405B-Instruct,w8a8_int,arc_challenge,95.0,94.4,-0.6,-0.3335374149659864,-2.6319546811530365,1.964879851221064,False,True,Meta-Llama-3.1-405B-Instruct|s4
RedHatAI/Meta-Llama-3.1-405B-Instruct-quantized.w8a8,llama-3,Meta-Llama-3.1-405B-Instruct,w8a8_int,gsm8k,96.4,95.5,-0.9,-0.3335374149659864,-2.6319546811530365,1.964879851221064,False,True,Meta-Llama-3.1-405B-Instruct|s4
RedHatAI/Meta-Llama-3.1-405B-Instruct-quantized.w8a8,llama-3,Meta-Llama-3.1-405B-Instruct,w8a8_int,hellaswag,88.3,88.2,-0.1,-0.3335374149659864,-2.6319546811530365,1.964879851221064,False,True,Meta-Llama-3.1-405B-Instruct|s4
RedHatAI/Meta-Llama-3.1-405B-Instruct-quantized.w8a8,llama-3,Meta-Llama-3.1-405B-Instruct,w8a8_int,winogrande,87.2,86.1,-1.1,-0.3335374149659864,-2.6319546811530365,1.964879851221064,False,True,Meta-Llama-3.1-405B-Instruct|s4
RedHatAI/Meta-Llama-3.1-405B-Instruct-quantized.w8a8,llama-3,Meta-Llama-3.1-405B-Instruct,w8a8_int,truthfulqa,64.6,64.4,-0.2,-0.3335374149659864,-2.6319546811530365,1.964879851221064,False,True,Meta-Llama-3.1-405B-Instruct|s4
RedHatAI/Meta-Llama-3.1-405B-Instruct-quantized.w8a8,llama-3,Meta-Llama-3.1-405B-Instruct,w8a8_int,mmlu_pro,59.7,58.4,-1.3,-0.3335374149659864,-2.6319546811530365,1.964879851221064,False,True,Meta-Llama-3.1-405B-Instruct|s4
RedHatAI/Meta-Llama-3.1-405B-Instruct-quantized.w8a8,llama-3,Meta-Llama-3.1-405B-Instruct,w8a8_int,ifeval,87.7,87.0,-0.7,-0.3335374149659864,-2.6319546811530365,1.964879851221064,False,True,Meta-Llama-3.1-405B-Instruct|s4
RedHatAI/Meta-Llama-3.1-405B-Instruct-quantized.w8a8,llama-3,Meta-Llama-3.1-405B-Instruct,w8a8_int,bbh,67.0,66.7,-0.3,-0.3335374149659864,-2.6319546811530365,1.964879851221064,False,True,Meta-Llama-3.1-405B-Instruct|s4
RedHatAI/Meta-Llama-3.1-405B-Instruct-quantized.w8a8,llama-3,Meta-Llama-3.1-405B-Instruct,w8a8_int,math_lvl5,39.0,35.8,-3.2,-0.3335374149659864,-2.6319546811530365,1.964879851221064,False,False,Meta-Llama-3.1-405B-Instruct|s4
RedHatAI/Meta-Llama-3.1-405B-Instruct-quantized.w8a8,llama-3,Meta-Llama-3.1-405B-Instruct,w8a8_int,humaneval,86.8,86.9,0.1,-0.3335374149659864,-2.6319546811530365,1.964879851221064,False,True,Meta-Llama-3.1-405B-Instruct|s4
RedHatAI/Meta-Llama-3.1-405B-Instruct-quantized.w8a8,llama-3,Meta-Llama-3.1-405B-Instruct,w8a8_int,humaneval_plus,80.1,80.4,0.3,-0.3335374149659864,-2.6319546811530365,1.964879851221064,False,True,Meta-Llama-3.1-405B-Instruct|s4
RedHatAI/Meta-Llama-3.1-70B-FP8,llama-3,Meta-Llama-3.1-70B,fp8,mmlu,78.81,78.85,0.04,-0.313469387755102,-2.32616169544741,1.6992229199372055,False,True,Meta-Llama-3.1-70B|s0
RedHatAI/Meta-Llama-3.1-70B-FP8,llama-3,Meta-Llama-3.1-70B,fp8,arc_challenge,93.43,93.43,0.0,-0.313469387755102,-2.32616169544741,1.6992229199372055,False,True,Meta-Llama-3.1-70B|s0
RedHatAI/Meta-Llama-3.1-70B-FP8,llama-3,Meta-Llama-3.1-70B,fp8,gsm8k,81.88,81.35,-0.53,-0.313469387755102,-2.32616169544741,1.6992229199372055,False,True,Meta-Llama-3.1-70B|s0
RedHatAI/Meta-Llama-3.1-70B-FP8,llama-3,Meta-Llama-3.1-70B,fp8,hellaswag,87.98,87.82,-0.16,-0.313469387755102,-2.32616169544741,1.6992229199372055,False,True,Meta-Llama-3.1-70B|s0
RedHatAI/Meta-Llama-3.1-70B-FP8,llama-3,Meta-Llama-3.1-70B,fp8,winogrande,85.78,85.87,0.09,-0.313469387755102,-2.32616169544741,1.6992229199372055,False,True,Meta-Llama-3.1-70B|s0
RedHatAI/Meta-Llama-3.1-70B-FP8,llama-3,Meta-Llama-3.1-70B,fp8,truthfulqa,51.18,50.9,-0.28,-0.313469387755102,-2.32616169544741,1.6992229199372055,False,True,Meta-Llama-3.1-70B|s0
RedHatAI/Meta-Llama-3.1-70B-FP8,llama-3,Meta-Llama-3.1-70B,fp8,mmlu,78.81,78.85,0.04,-0.27387755102040817,-2.4706632653061225,1.9229081632653062,False,True,Meta-Llama-3.1-70B|s1
RedHatAI/Meta-Llama-3.1-70B-FP8,llama-3,Meta-Llama-3.1-70B,fp8,arc_challenge,93.43,93.43,0.0,-0.27387755102040817,-2.4706632653061225,1.9229081632653062,False,True,Meta-Llama-3.1-70B|s1
RedHatAI/Meta-Llama-3.1-70B-FP8,llama-3,Meta-Llama-3.1-70B,fp8,gsm8k,81.88,81.35,-0.53,-0.27387755102040817,-2.4706632653061225,1.9229081632653062,False,True,Meta-Llama-3.1-70B|s1
RedHatAI/Meta-Llama-3.1-70B-FP8,llama-3,Meta-Llama-3.1-70B,fp8,hellaswag,87.98,87.82,-0.16,-0.27387755102040817,-2.4706632653061225,1.9229081632653062,False,True,Meta-Llama-3.1-70B|s1
RedHatAI/Meta-Llama-3.1-70B-FP8,llama-3,Meta-Llama-3.1-70B,fp8,winogrande,85.78,85.87,0.09,-0.27387755102040817,-2.4706632653061225,1.9229081632653062,False,True,Meta-Llama-3.1-70B|s1
RedHatAI/Meta-Llama-3.1-70B-FP8,llama-3,Meta-Llama-3.1-70B,fp8,truthfulqa,51.18,50.9,-0.28,-0.27387755102040817,-2.4706632653061225,1.9229081632653062,False,True,Meta-Llama-3.1-70B|s1
RedHatAI/Meta-Llama-3.1-70B-FP8,llama-3,Meta-Llama-3.1-70B,fp8,mmlu,78.81,78.85,0.04,-0.2868888888888889,-2.7680000000000002,2.1942222222222223,False,True,Meta-Llama-3.1-70B|s2
RedHatAI/Meta-Llama-3.1-70B-FP8,llama-3,Meta-Llama-3.1-70B,fp8,arc_challenge,93.43,93.43,0.0,-0.2868888888888889,-2.7680000000000002,2.1942222222222223,False,True,Meta-Llama-3.1-70B|s2
RedHatAI/Meta-Llama-3.1-70B-FP8,llama-3,Meta-Llama-3.1-70B,fp8,gsm8k,81.88,81.35,-0.53,-0.2868888888888889,-2.7680000000000002,2.1942222222222223,False,True,Meta-Llama-3.1-70B|s2
RedHatAI/Meta-Llama-3.1-70B-FP8,llama-3,Meta-Llama-3.1-70B,fp8,hellaswag,87.98,87.82,-0.16,-0.2868888888888889,-2.7680000000000002,2.1942222222222223,False,True,Meta-Llama-3.1-70B|s2
RedHatAI/Meta-Llama-3.1-70B-FP8,llama-3,Meta-Llama-3.1-70B,fp8,winogrande,85.78,85.87,0.09,-0.2868888888888889,-2.7680000000000002,2.1942222222222223,False,True,Meta-Llama-3.1-70B|s2
RedHatAI/Meta-Llama-3.1-70B-FP8,llama-3,Meta-Llama-3.1-70B,fp8,truthfulqa,51.18,50.9,-0.28,-0.2868888888888889,-2.7680000000000002,2.1942222222222223,False,True,Meta-Llama-3.1-70B|s2
RedHatAI/Meta-Llama-3.1-70B-FP8,llama-3,Meta-Llama-3.1-70B,fp8,mmlu,78.81,78.85,0.04,-0.34470588235294114,-2.2900547195622436,1.6006429548563612,False,True,Meta-Llama-3.1-70B|s3
RedHatAI/Meta-Llama-3.1-70B-FP8,llama-3,Meta-Llama-3.1-70B,fp8,arc_challenge,93.43,93.43,0.0,-0.34470588235294114,-2.2900547195622436,1.6006429548563612,False,True,Meta-Llama-3.1-70B|s3
RedHatAI/Meta-Llama-3.1-70B-FP8,llama-3,Meta-Llama-3.1-70B,fp8,gsm8k,81.88,81.35,-0.53,-0.34470588235294114,-2.2900547195622436,1.6006429548563612,False,True,Meta-Llama-3.1-70B|s3
RedHatAI/Meta-Llama-3.1-70B-FP8,llama-3,Meta-Llama-3.1-70B,fp8,hellaswag,87.98,87.82,-0.16,-0.34470588235294114,-2.2900547195622436,1.6006429548563612,False,True,Meta-Llama-3.1-70B|s3
RedHatAI/Meta-Llama-3.1-70B-FP8,llama-3,Meta-Llama-3.1-70B,fp8,winogrande,85.78,85.87,0.09,-0.34470588235294114,-2.2900547195622436,1.6006429548563612,False,True,Meta-Llama-3.1-70B|s3
RedHatAI/Meta-Llama-3.1-70B-FP8,llama-3,Meta-Llama-3.1-70B,fp8,truthfulqa,51.18,50.9,-0.28,-0.34470588235294114,-2.2900547195622436,1.6006429548563612,False,True,Meta-Llama-3.1-70B|s3
RedHatAI/Meta-Llama-3.1-70B-FP8,llama-3,Meta-Llama-3.1-70B,fp8,mmlu,78.81,78.85,0.04,-0.35767857142857146,-2.739530423280424,2.024173280423281,False,True,Meta-Llama-3.1-70B|s4
RedHatAI/Meta-Llama-3.1-70B-FP8,llama-3,Meta-Llama-3.1-70B,fp8,arc_challenge,93.43,93.43,0.0,-0.35767857142857146,-2.739530423280424,2.024173280423281,False,True,Meta-Llama-3.1-70B|s4
RedHatAI/Meta-Llama-3.1-70B-FP8,llama-3,Meta-Llama-3.1-70B,fp8,gsm8k,81.88,81.35,-0.53,-0.35767857142857146,-2.739530423280424,2.024173280423281,False,True,Meta-Llama-3.1-70B|s4
RedHatAI/Meta-Llama-3.1-70B-FP8,llama-3,Meta-Llama-3.1-70B,fp8,hellaswag,87.98,87.82,-0.16,-0.35767857142857146,-2.739530423280424,2.024173280423281,False,True,Meta-Llama-3.1-70B|s4
RedHatAI/Meta-Llama-3.1-70B-FP8,llama-3,Meta-Llama-3.1-70B,fp8,winogrande,85.78,85.87,0.09,-0.35767857142857146,-2.739530423280424,2.024173280423281,False,True,Meta-Llama-3.1-70B|s4
RedHatAI/Meta-Llama-3.1-70B-FP8,llama-3,Meta-Llama-3.1-70B,fp8,truthfulqa,51.18,50.9,-0.28,-0.35767857142857146,-2.739530423280424,2.024173280423281,False,True,Meta-Llama-3.1-70B|s4
RedHatAI/Meta-Llama-3.1-70B-Instruct-FP8-dynamic,llama-3,Meta-Llama-3.1-70B-Instruct,fp8_dynamic,arena_hard,57.0,57.9,0.9,-0.12854166666666667,-2.3519675925925925,2.0948842592592594,False,True,Meta-Llama-3.1-70B-Instruct|s0
RedHatAI/Meta-Llama-3.1-70B-Instruct-FP8-dynamic,llama-3,Meta-Llama-3.1-70B-Instruct,fp8_dynamic,mmlu,83.8,83.8,0.0,-0.12854166666666667,-2.3519675925925925,2.0948842592592594,False,True,Meta-Llama-3.1-70B-Instruct|s0
RedHatAI/Meta-Llama-3.1-70B-Instruct-FP8-dynamic,llama-3,Meta-Llama-3.1-70B-Instruct,fp8_dynamic,mmlu_cot,86.0,85.5,-0.5,-0.12854166666666667,-2.3519675925925925,2.0948842592592594,False,True,Meta-Llama-3.1-70B-Instruct|s0
RedHatAI/Meta-Llama-3.1-70B-Instruct-FP8-dynamic,llama-3,Meta-Llama-3.1-70B-Instruct,fp8_dynamic,arc_challenge,93.3,93.5,0.2,-0.12854166666666667,-2.3519675925925925,2.0948842592592594,False,True,Meta-Llama-3.1-70B-Instruct|s0
RedHatAI/Meta-Llama-3.1-70B-Instruct-FP8-dynamic,llama-3,Meta-Llama-3.1-70B-Instruct,fp8_dynamic,gsm8k,94.9,94.5,-0.4,-0.12854166666666667,-2.3519675925925925,2.0948842592592594,False,True,Meta-Llama-3.1-70B-Instruct|s0
RedHatAI/Meta-Llama-3.1-70B-Instruct-FP8-dynamic,llama-3,Meta-Llama-3.1-70B-Instruct,fp8_dynamic,hellaswag,86.8,86.6,-0.2,-0.12854166666666667,-2.3519675925925925,2.0948842592592594,False,True,Meta-Llama-3.1-70B-Instruct|s0
RedHatAI/Meta-Llama-3.1-70B-Instruct-FP8-dynamic,llama-3,Meta-Llama-3.1-70B-Instruct,fp8_dynamic,winogrande,85.3,84.6,-0.7,-0.12854166666666667,-2.3519675925925925,2.0948842592592594,False,True,Meta-Llama-3.1-70B-Instruct|s0
RedHatAI/Meta-Llama-3.1-70B-Instruct-FP8-dynamic,llama-3,Meta-Llama-3.1-70B-Instruct,fp8_dynamic,truthfulqa,60.7,60.6,-0.1,-0.12854166666666667,-2.3519675925925925,2.0948842592592594,False,True,Meta-Llama-3.1-70B-Instruct|s0
RedHatAI/Meta-Llama-3.1-70B-Instruct-FP8-dynamic,llama-3,Meta-Llama-3.1-70B-Instruct,fp8_dynamic,mmlu_pro,48.1,47.7,-0.4,-0.12854166666666667,-2.3519675925925925,2.0948842592592594,False,True,Meta-Llama-3.1-70B-Instruct|s0
RedHatAI/Meta-Llama-3.1-70B-Instruct-FP8-dynamic,llama-3,Meta-Llama-3.1-70B-Instruct,fp8_dynamic,ifeval,86.4,87.6,1.2,-0.12854166666666667,-2.3519675925925925,2.0948842592592594,False,True,Meta-Llama-3.1-70B-Instruct|s0
RedHatAI/Meta-Llama-3.1-70B-Instruct-FP8-dynamic,llama-3,Meta-Llama-3.1-70B-Instruct,fp8_dynamic,bbh,55.8,54.9,-0.9,-0.12854166666666667,-2.3519675925925925,2.0948842592592594,False,True,Meta-Llama-3.1-70B-Instruct|s0
RedHatAI/Meta-Llama-3.1-70B-Instruct-FP8-dynamic,llama-3,Meta-Llama-3.1-70B-Instruct,fp8_dynamic,math_lvl5,26.1,28.0,1.9,-0.12854166666666667,-2.3519675925925925,2.0948842592592594,False,True,Meta-Llama-3.1-70B-Instruct|s0
RedHatAI/Meta-Llama-3.1-70B-Instruct-FP8-dynamic,llama-3,Meta-Llama-3.1-70B-Instruct,fp8_dynamic,humaneval,79.7,80.0,0.3,-0.12854166666666667,-2.3519675925925925,2.0948842592592594,False,True,Meta-Llama-3.1-70B-Instruct|s0
RedHatAI/Meta-Llama-3.1-70B-Instruct-FP8-dynamic,llama-3,Meta-Llama-3.1-70B-Instruct,fp8_dynamic,humaneval_plus,74.8,75.0,0.2,-0.12854166666666667,-2.3519675925925925,2.0948842592592594,False,True,Meta-Llama-3.1-70B-Instruct|s0
RedHatAI/Meta-Llama-3.1-70B-Instruct-FP8,llama-3,Meta-Llama-3.1-70B-Instruct,fp8,mmlu,83.83,83.73,-0.1,-0.3923333333333333,-2.615759259259259,1.8310925925925927,False,True,Meta-Llama-3.1-70B-Instruct|s0
RedHatAI/Meta-Llama-3.1-70B-Instruct-FP8,llama-3,Meta-Llama-3.1-70B-Instruct,fp8,mmlu_cot,86.01,85.44,-0.57,-0.3923333333333333,-2.615759259259259,1.8310925925925927,False,True,Meta-Llama-3.1-70B-Instruct|s0
RedHatAI/Meta-Llama-3.1-70B-Instruct-FP8,llama-3,Meta-Llama-3.1-70B-Instruct,fp8,arc_challenge,93.26,92.92,-0.34,-0.3923333333333333,-2.615759259259259,1.8310925925925927,False,True,Meta-Llama-3.1-70B-Instruct|s0
RedHatAI/Meta-Llama-3.1-70B-Instruct-FP8,llama-3,Meta-Llama-3.1-70B-Instruct,fp8,gsm8k,94.92,94.54,-0.38,-0.3923333333333333,-2.615759259259259,1.8310925925925927,False,True,Meta-Llama-3.1-70B-Instruct|s0
RedHatAI/Meta-Llama-3.1-70B-Instruct-FP8,llama-3,Meta-Llama-3.1-70B-Instruct,fp8,hellaswag,86.75,86.64,-0.11,-0.3923333333333333,-2.615759259259259,1.8310925925925927,False,True,Meta-Llama-3.1-70B-Instruct|s0
RedHatAI/Meta-Llama-3.1-70B-Instruct-FP8,llama-3,Meta-Llama-3.1-70B-Instruct,fp8,winogrande,85.32,85.95,0.63,-0.3923333333333333,-2.615759259259259,1.8310925925925927,False,True,Meta-Llama-3.1-70B-Instruct|s0
RedHatAI/Meta-Llama-3.1-70B-Instruct-FP8,llama-3,Meta-Llama-3.1-70B-Instruct,fp8,truthfulqa,60.68,60.84,0.16,-0.3923333333333333,-2.615759259259259,1.8310925925925927,False,True,Meta-Llama-3.1-70B-Instruct|s0
RedHatAI/Meta-Llama-3.1-70B-Instruct-quantized.w4a16,llama-3,Meta-Llama-3.1-70B-Instruct,w4a16,arena_hard,57.0,57.0,0.0,-0.7693269230769231,-2.9927528490028488,1.4540990028490028,False,True,Meta-Llama-3.1-70B-Instruct|s0
RedHatAI/Meta-Llama-3.1-70B-Instruct-quantized.w4a16,llama-3,Meta-Llama-3.1-70B-Instruct,w4a16,mmlu,83.9,83.6,-0.3,-0.7693269230769231,-2.9927528490028488,1.4540990028490028,False,True,Meta-Llama-3.1-70B-Instruct|s0
RedHatAI/Meta-Llama-3.1-70B-Instruct-quantized.w4a16,llama-3,Meta-Llama-3.1-70B-Instruct,w4a16,mmlu_cot,86.2,85.6,-0.6,-0.7693269230769231,-2.9927528490028488,1.4540990028490028,False,True,Meta-Llama-3.1-70B-Instruct|s0
RedHatAI/Meta-Llama-3.1-70B-Instruct-quantized.w4a16,llama-3,Meta-Llama-3.1-70B-Instruct,w4a16,arc_challenge,93.3,92.8,-0.5,-0.7693269230769231,-2.9927528490028488,1.4540990028490028,False,True,Meta-Llama-3.1-70B-Instruct|s0
RedHatAI/Meta-Llama-3.1-70B-Instruct-quantized.w4a16,llama-3,Meta-Llama-3.1-70B-Instruct,w4a16,gsm8k,95.4,94.4,-1.0,-0.7693269230769231,-2.9927528490028488,1.4540990028490028,False,True,Meta-Llama-3.1-70B-Instruct|s0
RedHatAI/Meta-Llama-3.1-70B-Instruct-quantized.w4a16,llama-3,Meta-Llama-3.1-70B-Instruct,w4a16,hellaswag,86.7,86.3,-0.4,-0.7693269230769231,-2.9927528490028488,1.4540990028490028,False,True,Meta-Llama-3.1-70B-Instruct|s0
RedHatAI/Meta-Llama-3.1-70B-Instruct-quantized.w4a16,llama-3,Meta-Llama-3.1-70B-Instruct,w4a16,winogrande,85.3,85.5,0.2,-0.7693269230769231,-2.9927528490028488,1.4540990028490028,False,True,Meta-Llama-3.1-70B-Instruct|s0
RedHatAI/Meta-Llama-3.1-70B-Instruct-quantized.w4a16,llama-3,Meta-Llama-3.1-70B-Instruct,w4a16,truthfulqa,60.7,59.8,-0.9,-0.7693269230769231,-2.9927528490028488,1.4540990028490028,False,True,Meta-Llama-3.1-70B-Instruct|s0
RedHatAI/Meta-Llama-3.1-70B-Instruct-quantized.w4a16,llama-3,Meta-Llama-3.1-70B-Instruct,w4a16,mmlu_pro,48.1,47.3,-0.8,-0.7693269230769231,-2.9927528490028488,1.4540990028490028,False,True,Meta-Llama-3.1-70B-Instruct|s0
RedHatAI/Meta-Llama-3.1-70B-Instruct-quantized.w4a16,llama-3,Meta-Llama-3.1-70B-Instruct,w4a16,ifeval,86.4,85.7,-0.7,-0.7693269230769231,-2.9927528490028488,1.4540990028490028,False,True,Meta-Llama-3.1-70B-Instruct|s0
RedHatAI/Meta-Llama-3.1-70B-Instruct-quantized.w4a16,llama-3,Meta-Llama-3.1-70B-Instruct,w4a16,bbh,55.8,55.0,-0.8,-0.7693269230769231,-2.9927528490028488,1.4540990028490028,False,True,Meta-Llama-3.1-70B-Instruct|s0
RedHatAI/Meta-Llama-3.1-70B-Instruct-quantized.w4a16,llama-3,Meta-Llama-3.1-70B-Instruct,w4a16,math_lvl5,26.1,24.4,-1.7,-0.7693269230769231,-2.9927528490028488,1.4540990028490028,False,True,Meta-Llama-3.1-70B-Instruct|s0
RedHatAI/Meta-Llama-3.1-70B-Instruct-quantized.w4a16,llama-3,Meta-Llama-3.1-70B-Instruct,w4a16,humaneval,79.7,80.5,0.8,-0.7693269230769231,-2.9927528490028488,1.4540990028490028,False,True,Meta-Llama-3.1-70B-Instruct|s0
RedHatAI/Meta-Llama-3.1-70B-Instruct-quantized.w4a16,llama-3,Meta-Llama-3.1-70B-Instruct,w4a16,humaneval_plus,74.8,74.2,-0.6,-0.7693269230769231,-2.9927528490028488,1.4540990028490028,False,True,Meta-Llama-3.1-70B-Instruct|s0
RedHatAI/Meta-Llama-3.1-70B-Instruct-quantized.w8a16,llama-3,Meta-Llama-3.1-70B-Instruct,w8a16,mmlu,83.94,81.37,-2.57,0.012238805970149255,-2.2111871199557767,2.235664731896075,False,False,Meta-Llama-3.1-70B-Instruct|s0
RedHatAI/Meta-Llama-3.1-70B-Instruct-quantized.w8a16,llama-3,Meta-Llama-3.1-70B-Instruct,w8a16,mmlu_cot,86.23,83.86,-2.37,0.012238805970149255,-2.2111871199557767,2.235664731896075,False,False,Meta-Llama-3.1-70B-Instruct|s0
RedHatAI/Meta-Llama-3.1-70B-Instruct-quantized.w8a16,llama-3,Meta-Llama-3.1-70B-Instruct,w8a16,arc_challenge,93.34,92.32,-1.02,0.012238805970149255,-2.2111871199557767,2.235664731896075,False,True,Meta-Llama-3.1-70B-Instruct|s0
RedHatAI/Meta-Llama-3.1-70B-Instruct-quantized.w8a16,llama-3,Meta-Llama-3.1-70B-Instruct,w8a16,gsm8k,95.38,92.34,-3.04,0.012238805970149255,-2.2111871199557767,2.235664731896075,False,False,Meta-Llama-3.1-70B-Instruct|s0
RedHatAI/Meta-Llama-3.1-70B-Instruct-quantized.w8a16,llama-3,Meta-Llama-3.1-70B-Instruct,w8a16,hellaswag,86.66,86.01,-0.65,0.012238805970149255,-2.2111871199557767,2.235664731896075,False,True,Meta-Llama-3.1-70B-Instruct|s0
RedHatAI/Meta-Llama-3.1-70B-Instruct-quantized.w8a16,llama-3,Meta-Llama-3.1-70B-Instruct,w8a16,winogrande,85.32,85.56,0.24,0.012238805970149255,-2.2111871199557767,2.235664731896075,False,True,Meta-Llama-3.1-70B-Instruct|s0
RedHatAI/Meta-Llama-3.1-70B-Instruct-quantized.w8a16,llama-3,Meta-Llama-3.1-70B-Instruct,w8a16,truthfulqa,60.65,59.39,-1.26,0.012238805970149255,-2.2111871199557767,2.235664731896075,False,True,Meta-Llama-3.1-70B-Instruct|s0
RedHatAI/Meta-Llama-3.1-70B-Instruct-quantized.w8a8,llama-3,Meta-Llama-3.1-70B-Instruct,w8a8_int,arena_hard,57.0,56.3,-0.7,-0.24657407407407406,-2.4699999999999998,1.9768518518518519,False,True,Meta-Llama-3.1-70B-Instruct|s0
RedHatAI/Meta-Llama-3.1-70B-Instruct-quantized.w8a8,llama-3,Meta-Llama-3.1-70B-Instruct,w8a8_int,mmlu,83.9,83.7,-0.2,-0.24657407407407406,-2.4699999999999998,1.9768518518518519,False,True,Meta-Llama-3.1-70B-Instruct|s0
RedHatAI/Meta-Llama-3.1-70B-Instruct-quantized.w8a8,llama-3,Meta-Llama-3.1-70B-Instruct,w8a8_int,mmlu_cot,86.2,85.8,-0.4,-0.24657407407407406,-2.4699999999999998,1.9768518518518519,False,True,Meta-Llama-3.1-70B-Instruct|s0
RedHatAI/Meta-Llama-3.1-70B-Instruct-quantized.w8a8,llama-3,Meta-Llama-3.1-70B-Instruct,w8a8_int,arc_challenge,93.3,93.1,-0.2,-0.24657407407407406,-2.4699999999999998,1.9768518518518519,False,True,Meta-Llama-3.1-70B-Instruct|s0
RedHatAI/Meta-Llama-3.1-70B-Instruct-quantized.w8a8,llama-3,Meta-Llama-3.1-70B-Instruct,w8a8_int,gsm8k,95.4,94.2,-1.2,-0.24657407407407406,-2.4699999999999998,1.9768518518518519,False,True,Meta-Llama-3.1-70B-Instruct|s0
RedHatAI/Meta-Llama-3.1-70B-Instruct-quantized.w8a8,llama-3,Meta-Llama-3.1-70B-Instruct,w8a8_int,hellaswag,86.7,86.7,0.0,-0.24657407407407406,-2.4699999999999998,1.9768518518518519,False,True,Meta-Llama-3.1-70B-Instruct|s0
RedHatAI/Meta-Llama-3.1-70B-Instruct-quantized.w8a8,llama-3,Meta-Llama-3.1-70B-Instruct,w8a8_int,winogrande,85.1,85.3,0.2,-0.24657407407407406,-2.4699999999999998,1.9768518518518519,False,True,Meta-Llama-3.1-70B-Instruct|s0
RedHatAI/Meta-Llama-3.1-70B-Instruct-quantized.w8a8,llama-3,Meta-Llama-3.1-70B-Instruct,w8a8_int,truthfulqa,60.7,61.4,0.7,-0.24657407407407406,-2.4699999999999998,1.9768518518518519,False,True,Meta-Llama-3.1-70B-Instruct|s0
RedHatAI/Meta-Llama-3.1-70B-Instruct-quantized.w8a8,llama-3,Meta-Llama-3.1-70B-Instruct,w8a8_int,mmlu_pro,48.1,47.1,-1.0,-0.24657407407407406,-2.4699999999999998,1.9768518518518519,False,True,Meta-Llama-3.1-70B-Instruct|s0
RedHatAI/Meta-Llama-3.1-70B-Instruct-quantized.w8a8,llama-3,Meta-Llama-3.1-70B-Instruct,w8a8_int,ifeval,86.4,86.6,0.2,-0.24657407407407406,-2.4699999999999998,1.9768518518518519,False,True,Meta-Llama-3.1-70B-Instruct|s0
RedHatAI/Meta-Llama-3.1-70B-Instruct-quantized.w8a8,llama-3,Meta-Llama-3.1-70B-Instruct,w8a8_int,bbh,55.8,55.2,-0.6,-0.24657407407407406,-2.4699999999999998,1.9768518518518519,False,True,Meta-Llama-3.1-70B-Instruct|s0
RedHatAI/Meta-Llama-3.1-70B-Instruct-quantized.w8a8,llama-3,Meta-Llama-3.1-70B-Instruct,w8a8_int,math_lvl5,26.1,23.9,-2.2,-0.24657407407407406,-2.4699999999999998,1.9768518518518519,False,True,Meta-Llama-3.1-70B-Instruct|s0
RedHatAI/Meta-Llama-3.1-70B-Instruct-quantized.w8a8,llama-3,Meta-Llama-3.1-70B-Instruct,w8a8_int,humaneval,79.7,78.7,-1.0,-0.24657407407407406,-2.4699999999999998,1.9768518518518519,False,True,Meta-Llama-3.1-70B-Instruct|s0
RedHatAI/Meta-Llama-3.1-70B-Instruct-quantized.w8a8,llama-3,Meta-Llama-3.1-70B-Instruct,w8a8_int,humaneval_plus,74.8,74.0,-0.8,-0.24657407407407406,-2.4699999999999998,1.9768518518518519,False,True,Meta-Llama-3.1-70B-Instruct|s0
RedHatAI/Meta-Llama-3.1-70B-Instruct-FP8-dynamic,llama-3,Meta-Llama-3.1-70B-Instruct,fp8_dynamic,arena_hard,57.0,57.9,0.9,-0.16322033898305086,-2.0564406779661017,1.73,False,True,Meta-Llama-3.1-70B-Instruct|s1
RedHatAI/Meta-Llama-3.1-70B-Instruct-FP8-dynamic,llama-3,Meta-Llama-3.1-70B-Instruct,fp8_dynamic,mmlu,83.8,83.8,0.0,-0.16322033898305086,-2.0564406779661017,1.73,False,True,Meta-Llama-3.1-70B-Instruct|s1
RedHatAI/Meta-Llama-3.1-70B-Instruct-FP8-dynamic,llama-3,Meta-Llama-3.1-70B-Instruct,fp8_dynamic,mmlu_cot,86.0,85.5,-0.5,-0.16322033898305086,-2.0564406779661017,1.73,False,True,Meta-Llama-3.1-70B-Instruct|s1
RedHatAI/Meta-Llama-3.1-70B-Instruct-FP8-dynamic,llama-3,Meta-Llama-3.1-70B-Instruct,fp8_dynamic,arc_challenge,93.3,93.5,0.2,-0.16322033898305086,-2.0564406779661017,1.73,False,True,Meta-Llama-3.1-70B-Instruct|s1
RedHatAI/Meta-Llama-3.1-70B-Instruct-FP8-dynamic,llama-3,Meta-Llama-3.1-70B-Instruct,fp8_dynamic,gsm8k,94.9,94.5,-0.4,-0.16322033898305086,-2.0564406779661017,1.73,False,True,Meta-Llama-3.1-70B-Instruct|s1
RedHatAI/Meta-Llama-3.1-70B-Instruct-FP8-dynamic,llama-3,Meta-Llama-3.1-70B-Instruct,fp8_dynamic,hellaswag,86.8,86.6,-0.2,-0.16322033898305086,-2.0564406779661017,1.73,False,True,Meta-Llama-3.1-70B-Instruct|s1
RedHatAI/Meta-Llama-3.1-70B-Instruct-FP8-dynamic,llama-3,Meta-Llama-3.1-70B-Instruct,fp8_dynamic,winogrande,85.3,84.6,-0.7,-0.16322033898305086,-2.0564406779661017,1.73,False,True,Meta-Llama-3.1-70B-Instruct|s1
RedHatAI/Meta-Llama-3.1-70B-Instruct-FP8-dynamic,llama-3,Meta-Llama-3.1-70B-Instruct,fp8_dynamic,truthfulqa,60.7,60.6,-0.1,-0.16322033898305086,-2.0564406779661017,1.73,False,True,Meta-Llama-3.1-70B-Instruct|s1
RedHatAI/Meta-Llama-3.1-70B-Instruct-FP8-dynamic,llama-3,Meta-Llama-3.1-70B-Instruct,fp8_dynamic,mmlu_pro,48.1,47.7,-0.4,-0.16322033898305086,-2.0564406779661017,1.73,False,True,Meta-Llama-3.1-70B-Instruct|s1
RedHatAI/Meta-Llama-3.1-70B-Instruct-FP8-dynamic,llama-3,Meta-Llama-3.1-70B-Instruct,fp8_dynamic,ifeval,86.4,87.6,1.2,-0.16322033898305086,-2.0564406779661017,1.73,False,True,Meta-Llama-3.1-70B-Instruct|s1
RedHatAI/Meta-Llama-3.1-70B-Instruct-FP8-dynamic,llama-3,Meta-Llama-3.1-70B-Instruct,fp8_dynamic,bbh,55.8,54.9,-0.9,-0.16322033898305086,-2.0564406779661017,1.73,False,True,Meta-Llama-3.1-70B-Instruct|s1
RedHatAI/Meta-Llama-3.1-70B-Instruct-FP8-dynamic,llama-3,Meta-Llama-3.1-70B-Instruct,fp8_dynamic,math_lvl5,26.1,28.0,1.9,-0.16322033898305086,-2.0564406779661017,1.73,False,False,Meta-Llama-3.1-70B-Instruct|s1
RedHatAI/Meta-Llama-3.1-70B-Instruct-FP8-dynamic,llama-3,Meta-Llama-3.1-70B-Instruct,fp8_dynamic,humaneval,79.7,80.0,0.3,-0.16322033898305086,-2.0564406779661017,1.73,False,True,Meta-Llama-3.1-70B-Instruct|s1
RedHatAI/Meta-Llama-3.1-70B-Instruct-FP8-dynamic,llama-3,Meta-Llama-3.1-70B-Instruct,fp8_dynamic,humaneval_plus,74.8,75.0,0.2,-0.16322033898305086,-2.0564406779661017,1.73,False,True,Meta-Llama-3.1-70B-Instruct|s1
RedHatAI/Meta-Llama-3.1-70B-Instruct-FP8,llama-3,Meta-Llama-3.1-70B-Instruct,fp8,mmlu,83.83,83.73,-0.1,-0.32,-2.2132203389830507,1.5732203389830508,False,True,Meta-Llama-3.1-70B-Instruct|s1
RedHatAI/Meta-Llama-3.1-70B-Instruct-FP8,llama-3,Meta-Llama-3.1-70B-Instruct,fp8,mmlu_cot,86.01,85.44,-0.57,-0.32,-2.2132203389830507,1.5732203389830508,False,True,Meta-Llama-3.1-70B-Instruct|s1
RedHatAI/Meta-Llama-3.1-70B-Instruct-FP8,llama-3,Meta-Llama-3.1-70B-Instruct,fp8,arc_challenge,93.26,92.92,-0.34,-0.32,-2.2132203389830507,1.5732203389830508,False,True,Meta-Llama-3.1-70B-Instruct|s1
RedHatAI/Meta-Llama-3.1-70B-Instruct-FP8,llama-3,Meta-Llama-3.1-70B-Instruct,fp8,gsm8k,94.92,94.54,-0.38,-0.32,-2.2132203389830507,1.5732203389830508,False,True,Meta-Llama-3.1-70B-Instruct|s1
RedHatAI/Meta-Llama-3.1-70B-Instruct-FP8,llama-3,Meta-Llama-3.1-70B-Instruct,fp8,hellaswag,86.75,86.64,-0.11,-0.32,-2.2132203389830507,1.5732203389830508,False,True,Meta-Llama-3.1-70B-Instruct|s1
RedHatAI/Meta-Llama-3.1-70B-Instruct-FP8,llama-3,Meta-Llama-3.1-70B-Instruct,fp8,winogrande,85.32,85.95,0.63,-0.32,-2.2132203389830507,1.5732203389830508,False,True,Meta-Llama-3.1-70B-Instruct|s1
RedHatAI/Meta-Llama-3.1-70B-Instruct-FP8,llama-3,Meta-Llama-3.1-70B-Instruct,fp8,truthfulqa,60.68,60.84,0.16,-0.32,-2.2132203389830507,1.5732203389830508,False,True,Meta-Llama-3.1-70B-Instruct|s1
RedHatAI/Meta-Llama-3.1-70B-Instruct-quantized.w4a16,llama-3,Meta-Llama-3.1-70B-Instruct,w4a16,arena_hard,57.0,57.0,0.0,-0.7118260869565217,-2.6050464259395727,1.181394252026529,False,True,Meta-Llama-3.1-70B-Instruct|s1
RedHatAI/Meta-Llama-3.1-70B-Instruct-quantized.w4a16,llama-3,Meta-Llama-3.1-70B-Instruct,w4a16,mmlu,83.9,83.6,-0.3,-0.7118260869565217,-2.6050464259395727,1.181394252026529,False,True,Meta-Llama-3.1-70B-Instruct|s1
RedHatAI/Meta-Llama-3.1-70B-Instruct-quantized.w4a16,llama-3,Meta-Llama-3.1-70B-Instruct,w4a16,mmlu_cot,86.2,85.6,-0.6,-0.7118260869565217,-2.6050464259395727,1.181394252026529,False,True,Meta-Llama-3.1-70B-Instruct|s1
RedHatAI/Meta-Llama-3.1-70B-Instruct-quantized.w4a16,llama-3,Meta-Llama-3.1-70B-Instruct,w4a16,arc_challenge,93.3,92.8,-0.5,-0.7118260869565217,-2.6050464259395727,1.181394252026529,False,True,Meta-Llama-3.1-70B-Instruct|s1
RedHatAI/Meta-Llama-3.1-70B-Instruct-quantized.w4a16,llama-3,Meta-Llama-3.1-70B-Instruct,w4a16,gsm8k,95.4,94.4,-1.0,-0.7118260869565217,-2.6050464259395727,1.181394252026529,False,True,Meta-Llama-3.1-70B-Instruct|s1
RedHatAI/Meta-Llama-3.1-70B-Instruct-quantized.w4a16,llama-3,Meta-Llama-3.1-70B-Instruct,w4a16,hellaswag,86.7,86.3,-0.4,-0.7118260869565217,-2.6050464259395727,1.181394252026529,False,True,Meta-Llama-3.1-70B-Instruct|s1
RedHatAI/Meta-Llama-3.1-70B-Instruct-quantized.w4a16,llama-3,Meta-Llama-3.1-70B-Instruct,w4a16,winogrande,85.3,85.5,0.2,-0.7118260869565217,-2.6050464259395727,1.181394252026529,False,True,Meta-Llama-3.1-70B-Instruct|s1
RedHatAI/Meta-Llama-3.1-70B-Instruct-quantized.w4a16,llama-3,Meta-Llama-3.1-70B-Instruct,w4a16,truthfulqa,60.7,59.8,-0.9,-0.7118260869565217,-2.6050464259395727,1.181394252026529,False,True,Meta-Llama-3.1-70B-Instruct|s1
RedHatAI/Meta-Llama-3.1-70B-Instruct-quantized.w4a16,llama-3,Meta-Llama-3.1-70B-Instruct,w4a16,mmlu_pro,48.1,47.3,-0.8,-0.7118260869565217,-2.6050464259395727,1.181394252026529,False,True,Meta-Llama-3.1-70B-Instruct|s1
RedHatAI/Meta-Llama-3.1-70B-Instruct-quantized.w4a16,llama-3,Meta-Llama-3.1-70B-Instruct,w4a16,ifeval,86.4,85.7,-0.7,-0.7118260869565217,-2.6050464259395727,1.181394252026529,False,True,Meta-Llama-3.1-70B-Instruct|s1
RedHatAI/Meta-Llama-3.1-70B-Instruct-quantized.w4a16,llama-3,Meta-Llama-3.1-70B-Instruct,w4a16,bbh,55.8,55.0,-0.8,-0.7118260869565217,-2.6050464259395727,1.181394252026529,False,True,Meta-Llama-3.1-70B-Instruct|s1
RedHatAI/Meta-Llama-3.1-70B-Instruct-quantized.w4a16,llama-3,Meta-Llama-3.1-70B-Instruct,w4a16,math_lvl5,26.1,24.4,-1.7,-0.7118260869565217,-2.6050464259395727,1.181394252026529,False,True,Meta-Llama-3.1-70B-Instruct|s1
RedHatAI/Meta-Llama-3.1-70B-Instruct-quantized.w4a16,llama-3,Meta-Llama-3.1-70B-Instruct,w4a16,humaneval,79.7,80.5,0.8,-0.7118260869565217,-2.6050464259395727,1.181394252026529,False,True,Meta-Llama-3.1-70B-Instruct|s1
RedHatAI/Meta-Llama-3.1-70B-Instruct-quantized.w4a16,llama-3,Meta-Llama-3.1-70B-Instruct,w4a16,humaneval_plus,74.8,74.2,-0.6,-0.7118260869565217,-2.6050464259395727,1.181394252026529,False,True,Meta-Llama-3.1-70B-Instruct|s1
RedHatAI/Meta-Llama-3.1-70B-Instruct-quantized.w8a16,llama-3,Meta-Llama-3.1-70B-Instruct,w8a16,mmlu,83.94,81.37,-2.57,0.053461538461538456,-1.8397588005215124,1.9466818774445893,False,False,Meta-Llama-3.1-70B-Instruct|s1
RedHatAI/Meta-Llama-3.1-70B-Instruct-quantized.w8a16,llama-3,Meta-Llama-3.1-70B-Instruct,w8a16,mmlu_cot,86.23,83.86,-2.37,0.053461538461538456,-1.8397588005215124,1.9466818774445893,False,False,Meta-Llama-3.1-70B-Instruct|s1
RedHatAI/Meta-Llama-3.1-70B-Instruct-quantized.w8a16,llama-3,Meta-Llama-3.1-70B-Instruct,w8a16,arc_challenge,93.34,92.32,-1.02,0.053461538461538456,-1.8397588005215124,1.9466818774445893,False,True,Meta-Llama-3.1-70B-Instruct|s1
RedHatAI/Meta-Llama-3.1-70B-Instruct-quantized.w8a16,llama-3,Meta-Llama-3.1-70B-Instruct,w8a16,gsm8k,95.38,92.34,-3.04,0.053461538461538456,-1.8397588005215124,1.9466818774445893,False,False,Meta-Llama-3.1-70B-Instruct|s1
RedHatAI/Meta-Llama-3.1-70B-Instruct-quantized.w8a16,llama-3,Meta-Llama-3.1-70B-Instruct,w8a16,hellaswag,86.66,86.01,-0.65,0.053461538461538456,-1.8397588005215124,1.9466818774445893,False,True,Meta-Llama-3.1-70B-Instruct|s1
RedHatAI/Meta-Llama-3.1-70B-Instruct-quantized.w8a16,llama-3,Meta-Llama-3.1-70B-Instruct,w8a16,winogrande,85.32,85.56,0.24,0.053461538461538456,-1.8397588005215124,1.9466818774445893,False,True,Meta-Llama-3.1-70B-Instruct|s1
RedHatAI/Meta-Llama-3.1-70B-Instruct-quantized.w8a16,llama-3,Meta-Llama-3.1-70B-Instruct,w8a16,truthfulqa,60.65,59.39,-1.26,0.053461538461538456,-1.8397588005215124,1.9466818774445893,False,True,Meta-Llama-3.1-70B-Instruct|s1
RedHatAI/Meta-Llama-3.1-70B-Instruct-quantized.w8a8,llama-3,Meta-Llama-3.1-70B-Instruct,w8a8_int,arena_hard,57.0,56.3,-0.7,-0.3782758620689655,-2.2714962010520163,1.5149444769140854,False,True,Meta-Llama-3.1-70B-Instruct|s1
RedHatAI/Meta-Llama-3.1-70B-Instruct-quantized.w8a8,llama-3,Meta-Llama-3.1-70B-Instruct,w8a8_int,mmlu,83.9,83.7,-0.2,-0.3782758620689655,-2.2714962010520163,1.5149444769140854,False,True,Meta-Llama-3.1-70B-Instruct|s1
RedHatAI/Meta-Llama-3.1-70B-Instruct-quantized.w8a8,llama-3,Meta-Llama-3.1-70B-Instruct,w8a8_int,mmlu_cot,86.2,85.8,-0.4,-0.3782758620689655,-2.2714962010520163,1.5149444769140854,False,True,Meta-Llama-3.1-70B-Instruct|s1
RedHatAI/Meta-Llama-3.1-70B-Instruct-quantized.w8a8,llama-3,Meta-Llama-3.1-70B-Instruct,w8a8_int,arc_challenge,93.3,93.1,-0.2,-0.3782758620689655,-2.2714962010520163,1.5149444769140854,False,True,Meta-Llama-3.1-70B-Instruct|s1
RedHatAI/Meta-Llama-3.1-70B-Instruct-quantized.w8a8,llama-3,Meta-Llama-3.1-70B-Instruct,w8a8_int,gsm8k,95.4,94.2,-1.2,-0.3782758620689655,-2.2714962010520163,1.5149444769140854,False,True,Meta-Llama-3.1-70B-Instruct|s1
RedHatAI/Meta-Llama-3.1-70B-Instruct-quantized.w8a8,llama-3,Meta-Llama-3.1-70B-Instruct,w8a8_int,hellaswag,86.7,86.7,0.0,-0.3782758620689655,-2.2714962010520163,1.5149444769140854,False,True,Meta-Llama-3.1-70B-Instruct|s1
RedHatAI/Meta-Llama-3.1-70B-Instruct-quantized.w8a8,llama-3,Meta-Llama-3.1-70B-Instruct,w8a8_int,winogrande,85.1,85.3,0.2,-0.3782758620689655,-2.2714962010520163,1.5149444769140854,False,True,Meta-Llama-3.1-70B-Instruct|s1
RedHatAI/Meta-Llama-3.1-70B-Instruct-quantized.w8a8,llama-3,Meta-Llama-3.1-70B-Instruct,w8a8_int,truthfulqa,60.7,61.4,0.7,-0.3782758620689655,-2.2714962010520163,1.5149444769140854,False,True,Meta-Llama-3.1-70B-Instruct|s1
RedHatAI/Meta-Llama-3.1-70B-Instruct-quantized.w8a8,llama-3,Meta-Llama-3.1-70B-Instruct,w8a8_int,mmlu_pro,48.1,47.1,-1.0,-0.3782758620689655,-2.2714962010520163,1.5149444769140854,False,True,Meta-Llama-3.1-70B-Instruct|s1
RedHatAI/Meta-Llama-3.1-70B-Instruct-quantized.w8a8,llama-3,Meta-Llama-3.1-70B-Instruct,w8a8_int,ifeval,86.4,86.6,0.2,-0.3782758620689655,-2.2714962010520163,1.5149444769140854,False,True,Meta-Llama-3.1-70B-Instruct|s1
RedHatAI/Meta-Llama-3.1-70B-Instruct-quantized.w8a8,llama-3,Meta-Llama-3.1-70B-Instruct,w8a8_int,bbh,55.8,55.2,-0.6,-0.3782758620689655,-2.2714962010520163,1.5149444769140854,False,True,Meta-Llama-3.1-70B-Instruct|s1
RedHatAI/Meta-Llama-3.1-70B-Instruct-quantized.w8a8,llama-3,Meta-Llama-3.1-70B-Instruct,w8a8_int,math_lvl5,26.1,23.9,-2.2,-0.3782758620689655,-2.2714962010520163,1.5149444769140854,False,True,Meta-Llama-3.1-70B-Instruct|s1
RedHatAI/Meta-Llama-3.1-70B-Instruct-quantized.w8a8,llama-3,Meta-Llama-3.1-70B-Instruct,w8a8_int,humaneval,79.7,78.7,-1.0,-0.3782758620689655,-2.2714962010520163,1.5149444769140854,False,True,Meta-Llama-3.1-70B-Instruct|s1
RedHatAI/Meta-Llama-3.1-70B-Instruct-quantized.w8a8,llama-3,Meta-Llama-3.1-70B-Instruct,w8a8_int,humaneval_plus,74.8,74.0,-0.8,-0.3782758620689655,-2.2714962010520163,1.5149444769140854,False,True,Meta-Llama-3.1-70B-Instruct|s1
RedHatAI/Meta-Llama-3.1-70B-Instruct-FP8-dynamic,llama-3,Meta-Llama-3.1-70B-Instruct,fp8_dynamic,arena_hard,57.0,57.9,0.9,0.08917355371900827,-1.8911742723679483,2.069521379805965,False,True,Meta-Llama-3.1-70B-Instruct|s2
RedHatAI/Meta-Llama-3.1-70B-Instruct-FP8-dynamic,llama-3,Meta-Llama-3.1-70B-Instruct,fp8_dynamic,mmlu,83.8,83.8,0.0,0.08917355371900827,-1.8911742723679483,2.069521379805965,False,True,Meta-Llama-3.1-70B-Instruct|s2
RedHatAI/Meta-Llama-3.1-70B-Instruct-FP8-dynamic,llama-3,Meta-Llama-3.1-70B-Instruct,fp8_dynamic,mmlu_cot,86.0,85.5,-0.5,0.08917355371900827,-1.8911742723679483,2.069521379805965,False,True,Meta-Llama-3.1-70B-Instruct|s2
RedHatAI/Meta-Llama-3.1-70B-Instruct-FP8-dynamic,llama-3,Meta-Llama-3.1-70B-Instruct,fp8_dynamic,arc_challenge,93.3,93.5,0.2,0.08917355371900827,-1.8911742723679483,2.069521379805965,False,True,Meta-Llama-3.1-70B-Instruct|s2
RedHatAI/Meta-Llama-3.1-70B-Instruct-FP8-dynamic,llama-3,Meta-Llama-3.1-70B-Instruct,fp8_dynamic,gsm8k,94.9,94.5,-0.4,0.08917355371900827,-1.8911742723679483,2.069521379805965,False,True,Meta-Llama-3.1-70B-Instruct|s2
RedHatAI/Meta-Llama-3.1-70B-Instruct-FP8-dynamic,llama-3,Meta-Llama-3.1-70B-Instruct,fp8_dynamic,hellaswag,86.8,86.6,-0.2,0.08917355371900827,-1.8911742723679483,2.069521379805965,False,True,Meta-Llama-3.1-70B-Instruct|s2
RedHatAI/Meta-Llama-3.1-70B-Instruct-FP8-dynamic,llama-3,Meta-Llama-3.1-70B-Instruct,fp8_dynamic,winogrande,85.3,84.6,-0.7,0.08917355371900827,-1.8911742723679483,2.069521379805965,False,True,Meta-Llama-3.1-70B-Instruct|s2
RedHatAI/Meta-Llama-3.1-70B-Instruct-FP8-dynamic,llama-3,Meta-Llama-3.1-70B-Instruct,fp8_dynamic,truthfulqa,60.7,60.6,-0.1,0.08917355371900827,-1.8911742723679483,2.069521379805965,False,True,Meta-Llama-3.1-70B-Instruct|s2
RedHatAI/Meta-Llama-3.1-70B-Instruct-FP8-dynamic,llama-3,Meta-Llama-3.1-70B-Instruct,fp8_dynamic,mmlu_pro,48.1,47.7,-0.4,0.08917355371900827,-1.8911742723679483,2.069521379805965,False,True,Meta-Llama-3.1-70B-Instruct|s2
RedHatAI/Meta-Llama-3.1-70B-Instruct-FP8-dynamic,llama-3,Meta-Llama-3.1-70B-Instruct,fp8_dynamic,ifeval,86.4,87.6,1.2,0.08917355371900827,-1.8911742723679483,2.069521379805965,False,True,Meta-Llama-3.1-70B-Instruct|s2
RedHatAI/Meta-Llama-3.1-70B-Instruct-FP8-dynamic,llama-3,Meta-Llama-3.1-70B-Instruct,fp8_dynamic,bbh,55.8,54.9,-0.9,0.08917355371900827,-1.8911742723679483,2.069521379805965,False,True,Meta-Llama-3.1-70B-Instruct|s2
RedHatAI/Meta-Llama-3.1-70B-Instruct-FP8-dynamic,llama-3,Meta-Llama-3.1-70B-Instruct,fp8_dynamic,math_lvl5,26.1,28.0,1.9,0.08917355371900827,-1.8911742723679483,2.069521379805965,False,True,Meta-Llama-3.1-70B-Instruct|s2
RedHatAI/Meta-Llama-3.1-70B-Instruct-FP8-dynamic,llama-3,Meta-Llama-3.1-70B-Instruct,fp8_dynamic,humaneval,79.7,80.0,0.3,0.08917355371900827,-1.8911742723679483,2.069521379805965,False,True,Meta-Llama-3.1-70B-Instruct|s2
RedHatAI/Meta-Llama-3.1-70B-Instruct-FP8-dynamic,llama-3,Meta-Llama-3.1-70B-Instruct,fp8_dynamic,humaneval_plus,74.8,75.0,0.2,0.08917355371900827,-1.8911742723679483,2.069521379805965,False,True,Meta-Llama-3.1-70B-Instruct|s2
RedHatAI/Meta-Llama-3.1-70B-Instruct-FP8,llama-3,Meta-Llama-3.1-70B-Instruct,fp8,mmlu,83.83,83.73,-0.1,-0.35253731343283584,-2.3328851395197927,1.627810512654121,False,True,Meta-Llama-3.1-70B-Instruct|s2
RedHatAI/Meta-Llama-3.1-70B-Instruct-FP8,llama-3,Meta-Llama-3.1-70B-Instruct,fp8,mmlu_cot,86.01,85.44,-0.57,-0.35253731343283584,-2.3328851395197927,1.627810512654121,False,True,Meta-Llama-3.1-70B-Instruct|s2
RedHatAI/Meta-Llama-3.1-70B-Instruct-FP8,llama-3,Meta-Llama-3.1-70B-Instruct,fp8,arc_challenge,93.26,92.92,-0.34,-0.35253731343283584,-2.3328851395197927,1.627810512654121,False,True,Meta-Llama-3.1-70B-Instruct|s2
RedHatAI/Meta-Llama-3.1-70B-Instruct-FP8,llama-3,Meta-Llama-3.1-70B-Instruct,fp8,gsm8k,94.92,94.54,-0.38,-0.35253731343283584,-2.3328851395197927,1.627810512654121,False,True,Meta-Llama-3.1-70B-Instruct|s2
RedHatAI/Meta-Llama-3.1-70B-Instruct-FP8,llama-3,Meta-Llama-3.1-70B-Instruct,fp8,hellaswag,86.75,86.64,-0.11,-0.35253731343283584,-2.3328851395197927,1.627810512654121,False,True,Meta-Llama-3.1-70B-Instruct|s2
RedHatAI/Meta-Llama-3.1-70B-Instruct-FP8,llama-3,Meta-Llama-3.1-70B-Instruct,fp8,winogrande,85.32,85.95,0.63,-0.35253731343283584,-2.3328851395197927,1.627810512654121,False,True,Meta-Llama-3.1-70B-Instruct|s2
RedHatAI/Meta-Llama-3.1-70B-Instruct-FP8,llama-3,Meta-Llama-3.1-70B-Instruct,fp8,truthfulqa,60.68,60.84,0.16,-0.35253731343283584,-2.3328851395197927,1.627810512654121,False,True,Meta-Llama-3.1-70B-Instruct|s2
RedHatAI/Meta-Llama-3.1-70B-Instruct-quantized.w4a16,llama-3,Meta-Llama-3.1-70B-Instruct,w4a16,arena_hard,57.0,57.0,0.0,-0.7521487603305785,-2.7324965864175352,1.2281990657563782,False,True,Meta-Llama-3.1-70B-Instruct|s2
RedHatAI/Meta-Llama-3.1-70B-Instruct-quantized.w4a16,llama-3,Meta-Llama-3.1-70B-Instruct,w4a16,mmlu,83.9,83.6,-0.3,-0.7521487603305785,-2.7324965864175352,1.2281990657563782,False,True,Meta-Llama-3.1-70B-Instruct|s2
RedHatAI/Meta-Llama-3.1-70B-Instruct-quantized.w4a16,llama-3,Meta-Llama-3.1-70B-Instruct,w4a16,mmlu_cot,86.2,85.6,-0.6,-0.7521487603305785,-2.7324965864175352,1.2281990657563782,False,True,Meta-Llama-3.1-70B-Instruct|s2
RedHatAI/Meta-Llama-3.1-70B-Instruct-quantized.w4a16,llama-3,Meta-Llama-3.1-70B-Instruct,w4a16,arc_challenge,93.3,92.8,-0.5,-0.7521487603305785,-2.7324965864175352,1.2281990657563782,False,True,Meta-Llama-3.1-70B-Instruct|s2
RedHatAI/Meta-Llama-3.1-70B-Instruct-quantized.w4a16,llama-3,Meta-Llama-3.1-70B-Instruct,w4a16,gsm8k,95.4,94.4,-1.0,-0.7521487603305785,-2.7324965864175352,1.2281990657563782,False,True,Meta-Llama-3.1-70B-Instruct|s2
RedHatAI/Meta-Llama-3.1-70B-Instruct-quantized.w4a16,llama-3,Meta-Llama-3.1-70B-Instruct,w4a16,hellaswag,86.7,86.3,-0.4,-0.7521487603305785,-2.7324965864175352,1.2281990657563782,False,True,Meta-Llama-3.1-70B-Instruct|s2
RedHatAI/Meta-Llama-3.1-70B-Instruct-quantized.w4a16,llama-3,Meta-Llama-3.1-70B-Instruct,w4a16,winogrande,85.3,85.5,0.2,-0.7521487603305785,-2.7324965864175352,1.2281990657563782,False,True,Meta-Llama-3.1-70B-Instruct|s2
RedHatAI/Meta-Llama-3.1-70B-Instruct-quantized.w4a16,llama-3,Meta-Llama-3.1-70B-Instruct,w4a16,truthfulqa,60.7,59.8,-0.9,-0.7521487603305785,-2.7324965864175352,1.2281990657563782,False,True,Meta-Llama-3.1-70B-Instruct|s2
RedHatAI/Meta-Llama-3.1-70B-Instruct-quantized.w4a16,llama-3,Meta-Llama-3.1-70B-Instruct,w4a16,mmlu_pro,48.1,47.3,-0.8,-0.7521487603305785,-2.7324965864175352,1.2281990657563782,False,True,Meta-Llama-3.1-70B-Instruct|s2
RedHatAI/Meta-Llama-3.1-70B-Instruct-quantized.w4a16,llama-3,Meta-Llama-3.1-70B-Instruct,w4a16,ifeval,86.4,85.7,-0.7,-0.7521487603305785,-2.7324965864175352,1.2281990657563782,False,True,Meta-Llama-3.1-70B-Instruct|s2
RedHatAI/Meta-Llama-3.1-70B-Instruct-quantized.w4a16,llama-3,Meta-Llama-3.1-70B-Instruct,w4a16,bbh,55.8,55.0,-0.8,-0.7521487603305785,-2.7324965864175352,1.2281990657563782,False,True,Meta-Llama-3.1-70B-Instruct|s2
RedHatAI/Meta-Llama-3.1-70B-Instruct-quantized.w4a16,llama-3,Meta-Llama-3.1-70B-Instruct,w4a16,math_lvl5,26.1,24.4,-1.7,-0.7521487603305785,-2.7324965864175352,1.2281990657563782,False,True,Meta-Llama-3.1-70B-Instruct|s2
RedHatAI/Meta-Llama-3.1-70B-Instruct-quantized.w4a16,llama-3,Meta-Llama-3.1-70B-Instruct,w4a16,humaneval,79.7,80.5,0.8,-0.7521487603305785,-2.7324965864175352,1.2281990657563782,False,True,Meta-Llama-3.1-70B-Instruct|s2
RedHatAI/Meta-Llama-3.1-70B-Instruct-quantized.w4a16,llama-3,Meta-Llama-3.1-70B-Instruct,w4a16,humaneval_plus,74.8,74.2,-0.6,-0.7521487603305785,-2.7324965864175352,1.2281990657563782,False,True,Meta-Llama-3.1-70B-Instruct|s2
RedHatAI/Meta-Llama-3.1-70B-Instruct-quantized.w8a16,llama-3,Meta-Llama-3.1-70B-Instruct,w8a16,mmlu,83.94,81.37,-2.57,0.02470588235294117,-1.9556419437340156,2.005053708439898,False,False,Meta-Llama-3.1-70B-Instruct|s2
RedHatAI/Meta-Llama-3.1-70B-Instruct-quantized.w8a16,llama-3,Meta-Llama-3.1-70B-Instruct,w8a16,mmlu_cot,86.23,83.86,-2.37,0.02470588235294117,-1.9556419437340156,2.005053708439898,False,False,Meta-Llama-3.1-70B-Instruct|s2
RedHatAI/Meta-Llama-3.1-70B-Instruct-quantized.w8a16,llama-3,Meta-Llama-3.1-70B-Instruct,w8a16,arc_challenge,93.34,92.32,-1.02,0.02470588235294117,-1.9556419437340156,2.005053708439898,False,True,Meta-Llama-3.1-70B-Instruct|s2
RedHatAI/Meta-Llama-3.1-70B-Instruct-quantized.w8a16,llama-3,Meta-Llama-3.1-70B-Instruct,w8a16,gsm8k,95.38,92.34,-3.04,0.02470588235294117,-1.9556419437340156,2.005053708439898,False,False,Meta-Llama-3.1-70B-Instruct|s2
RedHatAI/Meta-Llama-3.1-70B-Instruct-quantized.w8a16,llama-3,Meta-Llama-3.1-70B-Instruct,w8a16,hellaswag,86.66,86.01,-0.65,0.02470588235294117,-1.9556419437340156,2.005053708439898,False,True,Meta-Llama-3.1-70B-Instruct|s2
RedHatAI/Meta-Llama-3.1-70B-Instruct-quantized.w8a16,llama-3,Meta-Llama-3.1-70B-Instruct,w8a16,winogrande,85.32,85.56,0.24,0.02470588235294117,-1.9556419437340156,2.005053708439898,False,True,Meta-Llama-3.1-70B-Instruct|s2
RedHatAI/Meta-Llama-3.1-70B-Instruct-quantized.w8a16,llama-3,Meta-Llama-3.1-70B-Instruct,w8a16,truthfulqa,60.65,59.39,-1.26,0.02470588235294117,-1.9556419437340156,2.005053708439898,False,True,Meta-Llama-3.1-70B-Instruct|s2
RedHatAI/Meta-Llama-3.1-70B-Instruct-quantized.w8a8,llama-3,Meta-Llama-3.1-70B-Instruct,w8a8_int,arena_hard,57.0,56.3,-0.7,-0.2396521739130435,-2.22,1.7406956521739132,False,True,Meta-Llama-3.1-70B-Instruct|s2
RedHatAI/Meta-Llama-3.1-70B-Instruct-quantized.w8a8,llama-3,Meta-Llama-3.1-70B-Instruct,w8a8_int,mmlu,83.9,83.7,-0.2,-0.2396521739130435,-2.22,1.7406956521739132,False,True,Meta-Llama-3.1-70B-Instruct|s2
RedHatAI/Meta-Llama-3.1-70B-Instruct-quantized.w8a8,llama-3,Meta-Llama-3.1-70B-Instruct,w8a8_int,mmlu_cot,86.2,85.8,-0.4,-0.2396521739130435,-2.22,1.7406956521739132,False,True,Meta-Llama-3.1-70B-Instruct|s2
RedHatAI/Meta-Llama-3.1-70B-Instruct-quantized.w8a8,llama-3,Meta-Llama-3.1-70B-Instruct,w8a8_int,arc_challenge,93.3,93.1,-0.2,-0.2396521739130435,-2.22,1.7406956521739132,False,True,Meta-Llama-3.1-70B-Instruct|s2
RedHatAI/Meta-Llama-3.1-70B-Instruct-quantized.w8a8,llama-3,Meta-Llama-3.1-70B-Instruct,w8a8_int,gsm8k,95.4,94.2,-1.2,-0.2396521739130435,-2.22,1.7406956521739132,False,True,Meta-Llama-3.1-70B-Instruct|s2
RedHatAI/Meta-Llama-3.1-70B-Instruct-quantized.w8a8,llama-3,Meta-Llama-3.1-70B-Instruct,w8a8_int,hellaswag,86.7,86.7,0.0,-0.2396521739130435,-2.22,1.7406956521739132,False,True,Meta-Llama-3.1-70B-Instruct|s2
RedHatAI/Meta-Llama-3.1-70B-Instruct-quantized.w8a8,llama-3,Meta-Llama-3.1-70B-Instruct,w8a8_int,winogrande,85.1,85.3,0.2,-0.2396521739130435,-2.22,1.7406956521739132,False,True,Meta-Llama-3.1-70B-Instruct|s2
RedHatAI/Meta-Llama-3.1-70B-Instruct-quantized.w8a8,llama-3,Meta-Llama-3.1-70B-Instruct,w8a8_int,truthfulqa,60.7,61.4,0.7,-0.2396521739130435,-2.22,1.7406956521739132,False,True,Meta-Llama-3.1-70B-Instruct|s2
RedHatAI/Meta-Llama-3.1-70B-Instruct-quantized.w8a8,llama-3,Meta-Llama-3.1-70B-Instruct,w8a8_int,mmlu_pro,48.1,47.1,-1.0,-0.2396521739130435,-2.22,1.7406956521739132,False,True,Meta-Llama-3.1-70B-Instruct|s2
RedHatAI/Meta-Llama-3.1-70B-Instruct-quantized.w8a8,llama-3,Meta-Llama-3.1-70B-Instruct,w8a8_int,ifeval,86.4,86.6,0.2,-0.2396521739130435,-2.22,1.7406956521739132,False,True,Meta-Llama-3.1-70B-Instruct|s2
RedHatAI/Meta-Llama-3.1-70B-Instruct-quantized.w8a8,llama-3,Meta-Llama-3.1-70B-Instruct,w8a8_int,bbh,55.8,55.2,-0.6,-0.2396521739130435,-2.22,1.7406956521739132,False,True,Meta-Llama-3.1-70B-Instruct|s2
RedHatAI/Meta-Llama-3.1-70B-Instruct-quantized.w8a8,llama-3,Meta-Llama-3.1-70B-Instruct,w8a8_int,math_lvl5,26.1,23.9,-2.2,-0.2396521739130435,-2.22,1.7406956521739132,False,True,Meta-Llama-3.1-70B-Instruct|s2
RedHatAI/Meta-Llama-3.1-70B-Instruct-quantized.w8a8,llama-3,Meta-Llama-3.1-70B-Instruct,w8a8_int,humaneval,79.7,78.7,-1.0,-0.2396521739130435,-2.22,1.7406956521739132,False,True,Meta-Llama-3.1-70B-Instruct|s2
RedHatAI/Meta-Llama-3.1-70B-Instruct-quantized.w8a8,llama-3,Meta-Llama-3.1-70B-Instruct,w8a8_int,humaneval_plus,74.8,74.0,-0.8,-0.2396521739130435,-2.22,1.7406956521739132,False,True,Meta-Llama-3.1-70B-Instruct|s2
RedHatAI/Meta-Llama-3.1-70B-Instruct-FP8-dynamic,llama-3,Meta-Llama-3.1-70B-Instruct,fp8_dynamic,arena_hard,57.0,57.9,0.9,-0.0923015873015873,-2.403362193362193,2.2187590187590183,False,True,Meta-Llama-3.1-70B-Instruct|s3
RedHatAI/Meta-Llama-3.1-70B-Instruct-FP8-dynamic,llama-3,Meta-Llama-3.1-70B-Instruct,fp8_dynamic,mmlu,83.8,83.8,0.0,-0.0923015873015873,-2.403362193362193,2.2187590187590183,False,True,Meta-Llama-3.1-70B-Instruct|s3
RedHatAI/Meta-Llama-3.1-70B-Instruct-FP8-dynamic,llama-3,Meta-Llama-3.1-70B-Instruct,fp8_dynamic,mmlu_cot,86.0,85.5,-0.5,-0.0923015873015873,-2.403362193362193,2.2187590187590183,False,True,Meta-Llama-3.1-70B-Instruct|s3
RedHatAI/Meta-Llama-3.1-70B-Instruct-FP8-dynamic,llama-3,Meta-Llama-3.1-70B-Instruct,fp8_dynamic,arc_challenge,93.3,93.5,0.2,-0.0923015873015873,-2.403362193362193,2.2187590187590183,False,True,Meta-Llama-3.1-70B-Instruct|s3
RedHatAI/Meta-Llama-3.1-70B-Instruct-FP8-dynamic,llama-3,Meta-Llama-3.1-70B-Instruct,fp8_dynamic,gsm8k,94.9,94.5,-0.4,-0.0923015873015873,-2.403362193362193,2.2187590187590183,False,True,Meta-Llama-3.1-70B-Instruct|s3
RedHatAI/Meta-Llama-3.1-70B-Instruct-FP8-dynamic,llama-3,Meta-Llama-3.1-70B-Instruct,fp8_dynamic,hellaswag,86.8,86.6,-0.2,-0.0923015873015873,-2.403362193362193,2.2187590187590183,False,True,Meta-Llama-3.1-70B-Instruct|s3
RedHatAI/Meta-Llama-3.1-70B-Instruct-FP8-dynamic,llama-3,Meta-Llama-3.1-70B-Instruct,fp8_dynamic,winogrande,85.3,84.6,-0.7,-0.0923015873015873,-2.403362193362193,2.2187590187590183,False,True,Meta-Llama-3.1-70B-Instruct|s3
RedHatAI/Meta-Llama-3.1-70B-Instruct-FP8-dynamic,llama-3,Meta-Llama-3.1-70B-Instruct,fp8_dynamic,truthfulqa,60.7,60.6,-0.1,-0.0923015873015873,-2.403362193362193,2.2187590187590183,False,True,Meta-Llama-3.1-70B-Instruct|s3
RedHatAI/Meta-Llama-3.1-70B-Instruct-FP8-dynamic,llama-3,Meta-Llama-3.1-70B-Instruct,fp8_dynamic,mmlu_pro,48.1,47.7,-0.4,-0.0923015873015873,-2.403362193362193,2.2187590187590183,False,True,Meta-Llama-3.1-70B-Instruct|s3
RedHatAI/Meta-Llama-3.1-70B-Instruct-FP8-dynamic,llama-3,Meta-Llama-3.1-70B-Instruct,fp8_dynamic,ifeval,86.4,87.6,1.2,-0.0923015873015873,-2.403362193362193,2.2187590187590183,False,True,Meta-Llama-3.1-70B-Instruct|s3
RedHatAI/Meta-Llama-3.1-70B-Instruct-FP8-dynamic,llama-3,Meta-Llama-3.1-70B-Instruct,fp8_dynamic,bbh,55.8,54.9,-0.9,-0.0923015873015873,-2.403362193362193,2.2187590187590183,False,True,Meta-Llama-3.1-70B-Instruct|s3
RedHatAI/Meta-Llama-3.1-70B-Instruct-FP8-dynamic,llama-3,Meta-Llama-3.1-70B-Instruct,fp8_dynamic,math_lvl5,26.1,28.0,1.9,-0.0923015873015873,-2.403362193362193,2.2187590187590183,False,True,Meta-Llama-3.1-70B-Instruct|s3
RedHatAI/Meta-Llama-3.1-70B-Instruct-FP8-dynamic,llama-3,Meta-Llama-3.1-70B-Instruct,fp8_dynamic,humaneval,79.7,80.0,0.3,-0.0923015873015873,-2.403362193362193,2.2187590187590183,False,True,Meta-Llama-3.1-70B-Instruct|s3
RedHatAI/Meta-Llama-3.1-70B-Instruct-FP8-dynamic,llama-3,Meta-Llama-3.1-70B-Instruct,fp8_dynamic,humaneval_plus,74.8,75.0,0.2,-0.0923015873015873,-2.403362193362193,2.2187590187590183,False,True,Meta-Llama-3.1-70B-Instruct|s3
RedHatAI/Meta-Llama-3.1-70B-Instruct-FP8,llama-3,Meta-Llama-3.1-70B-Instruct,fp8,mmlu,83.83,83.73,-0.1,-0.29375,-2.6048106060606058,2.0173106060606054,False,True,Meta-Llama-3.1-70B-Instruct|s3
RedHatAI/Meta-Llama-3.1-70B-Instruct-FP8,llama-3,Meta-Llama-3.1-70B-Instruct,fp8,mmlu_cot,86.01,85.44,-0.57,-0.29375,-2.6048106060606058,2.0173106060606054,False,True,Meta-Llama-3.1-70B-Instruct|s3
RedHatAI/Meta-Llama-3.1-70B-Instruct-FP8,llama-3,Meta-Llama-3.1-70B-Instruct,fp8,arc_challenge,93.26,92.92,-0.34,-0.29375,-2.6048106060606058,2.0173106060606054,False,True,Meta-Llama-3.1-70B-Instruct|s3
RedHatAI/Meta-Llama-3.1-70B-Instruct-FP8,llama-3,Meta-Llama-3.1-70B-Instruct,fp8,gsm8k,94.92,94.54,-0.38,-0.29375,-2.6048106060606058,2.0173106060606054,False,True,Meta-Llama-3.1-70B-Instruct|s3
RedHatAI/Meta-Llama-3.1-70B-Instruct-FP8,llama-3,Meta-Llama-3.1-70B-Instruct,fp8,hellaswag,86.75,86.64,-0.11,-0.29375,-2.6048106060606058,2.0173106060606054,False,True,Meta-Llama-3.1-70B-Instruct|s3
RedHatAI/Meta-Llama-3.1-70B-Instruct-FP8,llama-3,Meta-Llama-3.1-70B-Instruct,fp8,winogrande,85.32,85.95,0.63,-0.29375,-2.6048106060606058,2.0173106060606054,False,True,Meta-Llama-3.1-70B-Instruct|s3
RedHatAI/Meta-Llama-3.1-70B-Instruct-FP8,llama-3,Meta-Llama-3.1-70B-Instruct,fp8,truthfulqa,60.68,60.84,0.16,-0.29375,-2.6048106060606058,2.0173106060606054,False,True,Meta-Llama-3.1-70B-Instruct|s3
RedHatAI/Meta-Llama-3.1-70B-Instruct-quantized.w4a16,llama-3,Meta-Llama-3.1-70B-Instruct,w4a16,arena_hard,57.0,57.0,0.0,-0.718939393939394,-3.0299999999999994,1.5921212121212116,False,True,Meta-Llama-3.1-70B-Instruct|s3
RedHatAI/Meta-Llama-3.1-70B-Instruct-quantized.w4a16,llama-3,Meta-Llama-3.1-70B-Instruct,w4a16,mmlu,83.9,83.6,-0.3,-0.718939393939394,-3.0299999999999994,1.5921212121212116,False,True,Meta-Llama-3.1-70B-Instruct|s3
RedHatAI/Meta-Llama-3.1-70B-Instruct-quantized.w4a16,llama-3,Meta-Llama-3.1-70B-Instruct,w4a16,mmlu_cot,86.2,85.6,-0.6,-0.718939393939394,-3.0299999999999994,1.5921212121212116,False,True,Meta-Llama-3.1-70B-Instruct|s3
RedHatAI/Meta-Llama-3.1-70B-Instruct-quantized.w4a16,llama-3,Meta-Llama-3.1-70B-Instruct,w4a16,arc_challenge,93.3,92.8,-0.5,-0.718939393939394,-3.0299999999999994,1.5921212121212116,False,True,Meta-Llama-3.1-70B-Instruct|s3
RedHatAI/Meta-Llama-3.1-70B-Instruct-quantized.w4a16,llama-3,Meta-Llama-3.1-70B-Instruct,w4a16,gsm8k,95.4,94.4,-1.0,-0.718939393939394,-3.0299999999999994,1.5921212121212116,False,True,Meta-Llama-3.1-70B-Instruct|s3
RedHatAI/Meta-Llama-3.1-70B-Instruct-quantized.w4a16,llama-3,Meta-Llama-3.1-70B-Instruct,w4a16,hellaswag,86.7,86.3,-0.4,-0.718939393939394,-3.0299999999999994,1.5921212121212116,False,True,Meta-Llama-3.1-70B-Instruct|s3
RedHatAI/Meta-Llama-3.1-70B-Instruct-quantized.w4a16,llama-3,Meta-Llama-3.1-70B-Instruct,w4a16,winogrande,85.3,85.5,0.2,-0.718939393939394,-3.0299999999999994,1.5921212121212116,False,True,Meta-Llama-3.1-70B-Instruct|s3
RedHatAI/Meta-Llama-3.1-70B-Instruct-quantized.w4a16,llama-3,Meta-Llama-3.1-70B-Instruct,w4a16,truthfulqa,60.7,59.8,-0.9,-0.718939393939394,-3.0299999999999994,1.5921212121212116,False,True,Meta-Llama-3.1-70B-Instruct|s3
RedHatAI/Meta-Llama-3.1-70B-Instruct-quantized.w4a16,llama-3,Meta-Llama-3.1-70B-Instruct,w4a16,mmlu_pro,48.1,47.3,-0.8,-0.718939393939394,-3.0299999999999994,1.5921212121212116,False,True,Meta-Llama-3.1-70B-Instruct|s3
RedHatAI/Meta-Llama-3.1-70B-Instruct-quantized.w4a16,llama-3,Meta-Llama-3.1-70B-Instruct,w4a16,ifeval,86.4,85.7,-0.7,-0.718939393939394,-3.0299999999999994,1.5921212121212116,False,True,Meta-Llama-3.1-70B-Instruct|s3
RedHatAI/Meta-Llama-3.1-70B-Instruct-quantized.w4a16,llama-3,Meta-Llama-3.1-70B-Instruct,w4a16,bbh,55.8,55.0,-0.8,-0.718939393939394,-3.0299999999999994,1.5921212121212116,False,True,Meta-Llama-3.1-70B-Instruct|s3
RedHatAI/Meta-Llama-3.1-70B-Instruct-quantized.w4a16,llama-3,Meta-Llama-3.1-70B-Instruct,w4a16,math_lvl5,26.1,24.4,-1.7,-0.718939393939394,-3.0299999999999994,1.5921212121212116,False,True,Meta-Llama-3.1-70B-Instruct|s3
RedHatAI/Meta-Llama-3.1-70B-Instruct-quantized.w4a16,llama-3,Meta-Llama-3.1-70B-Instruct,w4a16,humaneval,79.7,80.5,0.8,-0.718939393939394,-3.0299999999999994,1.5921212121212116,False,True,Meta-Llama-3.1-70B-Instruct|s3
RedHatAI/Meta-Llama-3.1-70B-Instruct-quantized.w4a16,llama-3,Meta-Llama-3.1-70B-Instruct,w4a16,humaneval_plus,74.8,74.2,-0.6,-0.718939393939394,-3.0299999999999994,1.5921212121212116,False,True,Meta-Llama-3.1-70B-Instruct|s3
RedHatAI/Meta-Llama-3.1-70B-Instruct-quantized.w8a16,llama-3,Meta-Llama-3.1-70B-Instruct,w8a16,mmlu,83.94,81.37,-2.57,0.0525,-2.2585606060606054,2.363560606060606,False,False,Meta-Llama-3.1-70B-Instruct|s3
RedHatAI/Meta-Llama-3.1-70B-Instruct-quantized.w8a16,llama-3,Meta-Llama-3.1-70B-Instruct,w8a16,mmlu_cot,86.23,83.86,-2.37,0.0525,-2.2585606060606054,2.363560606060606,False,False,Meta-Llama-3.1-70B-Instruct|s3
RedHatAI/Meta-Llama-3.1-70B-Instruct-quantized.w8a16,llama-3,Meta-Llama-3.1-70B-Instruct,w8a16,arc_challenge,93.34,92.32,-1.02,0.0525,-2.2585606060606054,2.363560606060606,False,True,Meta-Llama-3.1-70B-Instruct|s3
RedHatAI/Meta-Llama-3.1-70B-Instruct-quantized.w8a16,llama-3,Meta-Llama-3.1-70B-Instruct,w8a16,gsm8k,95.38,92.34,-3.04,0.0525,-2.2585606060606054,2.363560606060606,False,False,Meta-Llama-3.1-70B-Instruct|s3
RedHatAI/Meta-Llama-3.1-70B-Instruct-quantized.w8a16,llama-3,Meta-Llama-3.1-70B-Instruct,w8a16,hellaswag,86.66,86.01,-0.65,0.0525,-2.2585606060606054,2.363560606060606,False,True,Meta-Llama-3.1-70B-Instruct|s3
RedHatAI/Meta-Llama-3.1-70B-Instruct-quantized.w8a16,llama-3,Meta-Llama-3.1-70B-Instruct,w8a16,winogrande,85.32,85.56,0.24,0.0525,-2.2585606060606054,2.363560606060606,False,True,Meta-Llama-3.1-70B-Instruct|s3
RedHatAI/Meta-Llama-3.1-70B-Instruct-quantized.w8a16,llama-3,Meta-Llama-3.1-70B-Instruct,w8a16,truthfulqa,60.65,59.39,-1.26,0.0525,-2.2585606060606054,2.363560606060606,False,True,Meta-Llama-3.1-70B-Instruct|s3
RedHatAI/Meta-Llama-3.1-70B-Instruct-quantized.w8a8,llama-3,Meta-Llama-3.1-70B-Instruct,w8a8_int,arena_hard,57.0,56.3,-0.7,-0.3139516129032258,-2.6250122189638314,1.9971089931573798,False,True,Meta-Llama-3.1-70B-Instruct|s3
RedHatAI/Meta-Llama-3.1-70B-Instruct-quantized.w8a8,llama-3,Meta-Llama-3.1-70B-Instruct,w8a8_int,mmlu,83.9,83.7,-0.2,-0.3139516129032258,-2.6250122189638314,1.9971089931573798,False,True,Meta-Llama-3.1-70B-Instruct|s3
RedHatAI/Meta-Llama-3.1-70B-Instruct-quantized.w8a8,llama-3,Meta-Llama-3.1-70B-Instruct,w8a8_int,mmlu_cot,86.2,85.8,-0.4,-0.3139516129032258,-2.6250122189638314,1.9971089931573798,False,True,Meta-Llama-3.1-70B-Instruct|s3
RedHatAI/Meta-Llama-3.1-70B-Instruct-quantized.w8a8,llama-3,Meta-Llama-3.1-70B-Instruct,w8a8_int,arc_challenge,93.3,93.1,-0.2,-0.3139516129032258,-2.6250122189638314,1.9971089931573798,False,True,Meta-Llama-3.1-70B-Instruct|s3
RedHatAI/Meta-Llama-3.1-70B-Instruct-quantized.w8a8,llama-3,Meta-Llama-3.1-70B-Instruct,w8a8_int,gsm8k,95.4,94.2,-1.2,-0.3139516129032258,-2.6250122189638314,1.9971089931573798,False,True,Meta-Llama-3.1-70B-Instruct|s3
RedHatAI/Meta-Llama-3.1-70B-Instruct-quantized.w8a8,llama-3,Meta-Llama-3.1-70B-Instruct,w8a8_int,hellaswag,86.7,86.7,0.0,-0.3139516129032258,-2.6250122189638314,1.9971089931573798,False,True,Meta-Llama-3.1-70B-Instruct|s3
RedHatAI/Meta-Llama-3.1-70B-Instruct-quantized.w8a8,llama-3,Meta-Llama-3.1-70B-Instruct,w8a8_int,winogrande,85.1,85.3,0.2,-0.3139516129032258,-2.6250122189638314,1.9971089931573798,False,True,Meta-Llama-3.1-70B-Instruct|s3
RedHatAI/Meta-Llama-3.1-70B-Instruct-quantized.w8a8,llama-3,Meta-Llama-3.1-70B-Instruct,w8a8_int,truthfulqa,60.7,61.4,0.7,-0.3139516129032258,-2.6250122189638314,1.9971089931573798,False,True,Meta-Llama-3.1-70B-Instruct|s3
RedHatAI/Meta-Llama-3.1-70B-Instruct-quantized.w8a8,llama-3,Meta-Llama-3.1-70B-Instruct,w8a8_int,mmlu_pro,48.1,47.1,-1.0,-0.3139516129032258,-2.6250122189638314,1.9971089931573798,False,True,Meta-Llama-3.1-70B-Instruct|s3
RedHatAI/Meta-Llama-3.1-70B-Instruct-quantized.w8a8,llama-3,Meta-Llama-3.1-70B-Instruct,w8a8_int,ifeval,86.4,86.6,0.2,-0.3139516129032258,-2.6250122189638314,1.9971089931573798,False,True,Meta-Llama-3.1-70B-Instruct|s3
RedHatAI/Meta-Llama-3.1-70B-Instruct-quantized.w8a8,llama-3,Meta-Llama-3.1-70B-Instruct,w8a8_int,bbh,55.8,55.2,-0.6,-0.3139516129032258,-2.6250122189638314,1.9971089931573798,False,True,Meta-Llama-3.1-70B-Instruct|s3
RedHatAI/Meta-Llama-3.1-70B-Instruct-quantized.w8a8,llama-3,Meta-Llama-3.1-70B-Instruct,w8a8_int,math_lvl5,26.1,23.9,-2.2,-0.3139516129032258,-2.6250122189638314,1.9971089931573798,False,True,Meta-Llama-3.1-70B-Instruct|s3
RedHatAI/Meta-Llama-3.1-70B-Instruct-quantized.w8a8,llama-3,Meta-Llama-3.1-70B-Instruct,w8a8_int,humaneval,79.7,78.7,-1.0,-0.3139516129032258,-2.6250122189638314,1.9971089931573798,False,True,Meta-Llama-3.1-70B-Instruct|s3
RedHatAI/Meta-Llama-3.1-70B-Instruct-quantized.w8a8,llama-3,Meta-Llama-3.1-70B-Instruct,w8a8_int,humaneval_plus,74.8,74.0,-0.8,-0.3139516129032258,-2.6250122189638314,1.9971089931573798,False,True,Meta-Llama-3.1-70B-Instruct|s3
RedHatAI/Meta-Llama-3.1-70B-Instruct-FP8-dynamic,llama-3,Meta-Llama-3.1-70B-Instruct,fp8_dynamic,arena_hard,57.0,57.9,0.9,-0.31330275229357796,-2.746605504587156,2.12,False,True,Meta-Llama-3.1-70B-Instruct|s4
RedHatAI/Meta-Llama-3.1-70B-Instruct-FP8-dynamic,llama-3,Meta-Llama-3.1-70B-Instruct,fp8_dynamic,mmlu,83.8,83.8,0.0,-0.31330275229357796,-2.746605504587156,2.12,False,True,Meta-Llama-3.1-70B-Instruct|s4
RedHatAI/Meta-Llama-3.1-70B-Instruct-FP8-dynamic,llama-3,Meta-Llama-3.1-70B-Instruct,fp8_dynamic,mmlu_cot,86.0,85.5,-0.5,-0.31330275229357796,-2.746605504587156,2.12,False,True,Meta-Llama-3.1-70B-Instruct|s4
RedHatAI/Meta-Llama-3.1-70B-Instruct-FP8-dynamic,llama-3,Meta-Llama-3.1-70B-Instruct,fp8_dynamic,arc_challenge,93.3,93.5,0.2,-0.31330275229357796,-2.746605504587156,2.12,False,True,Meta-Llama-3.1-70B-Instruct|s4
RedHatAI/Meta-Llama-3.1-70B-Instruct-FP8-dynamic,llama-3,Meta-Llama-3.1-70B-Instruct,fp8_dynamic,gsm8k,94.9,94.5,-0.4,-0.31330275229357796,-2.746605504587156,2.12,False,True,Meta-Llama-3.1-70B-Instruct|s4
RedHatAI/Meta-Llama-3.1-70B-Instruct-FP8-dynamic,llama-3,Meta-Llama-3.1-70B-Instruct,fp8_dynamic,hellaswag,86.8,86.6,-0.2,-0.31330275229357796,-2.746605504587156,2.12,False,True,Meta-Llama-3.1-70B-Instruct|s4
RedHatAI/Meta-Llama-3.1-70B-Instruct-FP8-dynamic,llama-3,Meta-Llama-3.1-70B-Instruct,fp8_dynamic,winogrande,85.3,84.6,-0.7,-0.31330275229357796,-2.746605504587156,2.12,False,True,Meta-Llama-3.1-70B-Instruct|s4
RedHatAI/Meta-Llama-3.1-70B-Instruct-FP8-dynamic,llama-3,Meta-Llama-3.1-70B-Instruct,fp8_dynamic,truthfulqa,60.7,60.6,-0.1,-0.31330275229357796,-2.746605504587156,2.12,False,True,Meta-Llama-3.1-70B-Instruct|s4
RedHatAI/Meta-Llama-3.1-70B-Instruct-FP8-dynamic,llama-3,Meta-Llama-3.1-70B-Instruct,fp8_dynamic,mmlu_pro,48.1,47.7,-0.4,-0.31330275229357796,-2.746605504587156,2.12,False,True,Meta-Llama-3.1-70B-Instruct|s4
RedHatAI/Meta-Llama-3.1-70B-Instruct-FP8-dynamic,llama-3,Meta-Llama-3.1-70B-Instruct,fp8_dynamic,ifeval,86.4,87.6,1.2,-0.31330275229357796,-2.746605504587156,2.12,False,True,Meta-Llama-3.1-70B-Instruct|s4
RedHatAI/Meta-Llama-3.1-70B-Instruct-FP8-dynamic,llama-3,Meta-Llama-3.1-70B-Instruct,fp8_dynamic,bbh,55.8,54.9,-0.9,-0.31330275229357796,-2.746605504587156,2.12,False,True,Meta-Llama-3.1-70B-Instruct|s4
RedHatAI/Meta-Llama-3.1-70B-Instruct-FP8-dynamic,llama-3,Meta-Llama-3.1-70B-Instruct,fp8_dynamic,math_lvl5,26.1,28.0,1.9,-0.31330275229357796,-2.746605504587156,2.12,False,True,Meta-Llama-3.1-70B-Instruct|s4
RedHatAI/Meta-Llama-3.1-70B-Instruct-FP8-dynamic,llama-3,Meta-Llama-3.1-70B-Instruct,fp8_dynamic,humaneval,79.7,80.0,0.3,-0.31330275229357796,-2.746605504587156,2.12,False,True,Meta-Llama-3.1-70B-Instruct|s4
RedHatAI/Meta-Llama-3.1-70B-Instruct-FP8-dynamic,llama-3,Meta-Llama-3.1-70B-Instruct,fp8_dynamic,humaneval_plus,74.8,75.0,0.2,-0.31330275229357796,-2.746605504587156,2.12,False,True,Meta-Llama-3.1-70B-Instruct|s4
RedHatAI/Meta-Llama-3.1-70B-Instruct-FP8,llama-3,Meta-Llama-3.1-70B-Instruct,fp8,mmlu,83.83,83.73,-0.1,-0.35507462686567165,-2.7883773791592494,2.0782281254279065,False,True,Meta-Llama-3.1-70B-Instruct|s4
RedHatAI/Meta-Llama-3.1-70B-Instruct-FP8,llama-3,Meta-Llama-3.1-70B-Instruct,fp8,mmlu_cot,86.01,85.44,-0.57,-0.35507462686567165,-2.7883773791592494,2.0782281254279065,False,True,Meta-Llama-3.1-70B-Instruct|s4
RedHatAI/Meta-Llama-3.1-70B-Instruct-FP8,llama-3,Meta-Llama-3.1-70B-Instruct,fp8,arc_challenge,93.26,92.92,-0.34,-0.35507462686567165,-2.7883773791592494,2.0782281254279065,False,True,Meta-Llama-3.1-70B-Instruct|s4
RedHatAI/Meta-Llama-3.1-70B-Instruct-FP8,llama-3,Meta-Llama-3.1-70B-Instruct,fp8,gsm8k,94.92,94.54,-0.38,-0.35507462686567165,-2.7883773791592494,2.0782281254279065,False,True,Meta-Llama-3.1-70B-Instruct|s4
RedHatAI/Meta-Llama-3.1-70B-Instruct-FP8,llama-3,Meta-Llama-3.1-70B-Instruct,fp8,hellaswag,86.75,86.64,-0.11,-0.35507462686567165,-2.7883773791592494,2.0782281254279065,False,True,Meta-Llama-3.1-70B-Instruct|s4
RedHatAI/Meta-Llama-3.1-70B-Instruct-FP8,llama-3,Meta-Llama-3.1-70B-Instruct,fp8,winogrande,85.32,85.95,0.63,-0.35507462686567165,-2.7883773791592494,2.0782281254279065,False,True,Meta-Llama-3.1-70B-Instruct|s4
RedHatAI/Meta-Llama-3.1-70B-Instruct-FP8,llama-3,Meta-Llama-3.1-70B-Instruct,fp8,truthfulqa,60.68,60.84,0.16,-0.35507462686567165,-2.7883773791592494,2.0782281254279065,False,True,Meta-Llama-3.1-70B-Instruct|s4
RedHatAI/Meta-Llama-3.1-70B-Instruct-quantized.w4a16,llama-3,Meta-Llama-3.1-70B-Instruct,w4a16,arena_hard,57.0,57.0,0.0,-0.8140517241379311,-3.247354476431509,1.619251028155647,False,True,Meta-Llama-3.1-70B-Instruct|s4
RedHatAI/Meta-Llama-3.1-70B-Instruct-quantized.w4a16,llama-3,Meta-Llama-3.1-70B-Instruct,w4a16,mmlu,83.9,83.6,-0.3,-0.8140517241379311,-3.247354476431509,1.619251028155647,False,True,Meta-Llama-3.1-70B-Instruct|s4
RedHatAI/Meta-Llama-3.1-70B-Instruct-quantized.w4a16,llama-3,Meta-Llama-3.1-70B-Instruct,w4a16,mmlu_cot,86.2,85.6,-0.6,-0.8140517241379311,-3.247354476431509,1.619251028155647,False,True,Meta-Llama-3.1-70B-Instruct|s4
RedHatAI/Meta-Llama-3.1-70B-Instruct-quantized.w4a16,llama-3,Meta-Llama-3.1-70B-Instruct,w4a16,arc_challenge,93.3,92.8,-0.5,-0.8140517241379311,-3.247354476431509,1.619251028155647,False,True,Meta-Llama-3.1-70B-Instruct|s4
RedHatAI/Meta-Llama-3.1-70B-Instruct-quantized.w4a16,llama-3,Meta-Llama-3.1-70B-Instruct,w4a16,gsm8k,95.4,94.4,-1.0,-0.8140517241379311,-3.247354476431509,1.619251028155647,False,True,Meta-Llama-3.1-70B-Instruct|s4
RedHatAI/Meta-Llama-3.1-70B-Instruct-quantized.w4a16,llama-3,Meta-Llama-3.1-70B-Instruct,w4a16,hellaswag,86.7,86.3,-0.4,-0.8140517241379311,-3.247354476431509,1.619251028155647,False,True,Meta-Llama-3.1-70B-Instruct|s4
RedHatAI/Meta-Llama-3.1-70B-Instruct-quantized.w4a16,llama-3,Meta-Llama-3.1-70B-Instruct,w4a16,winogrande,85.3,85.5,0.2,-0.8140517241379311,-3.247354476431509,1.619251028155647,False,True,Meta-Llama-3.1-70B-Instruct|s4
RedHatAI/Meta-Llama-3.1-70B-Instruct-quantized.w4a16,llama-3,Meta-Llama-3.1-70B-Instruct,w4a16,truthfulqa,60.7,59.8,-0.9,-0.8140517241379311,-3.247354476431509,1.619251028155647,False,True,Meta-Llama-3.1-70B-Instruct|s4
RedHatAI/Meta-Llama-3.1-70B-Instruct-quantized.w4a16,llama-3,Meta-Llama-3.1-70B-Instruct,w4a16,mmlu_pro,48.1,47.3,-0.8,-0.8140517241379311,-3.247354476431509,1.619251028155647,False,True,Meta-Llama-3.1-70B-Instruct|s4
RedHatAI/Meta-Llama-3.1-70B-Instruct-quantized.w4a16,llama-3,Meta-Llama-3.1-70B-Instruct,w4a16,ifeval,86.4,85.7,-0.7,-0.8140517241379311,-3.247354476431509,1.619251028155647,False,True,Meta-Llama-3.1-70B-Instruct|s4
RedHatAI/Meta-Llama-3.1-70B-Instruct-quantized.w4a16,llama-3,Meta-Llama-3.1-70B-Instruct,w4a16,bbh,55.8,55.0,-0.8,-0.8140517241379311,-3.247354476431509,1.619251028155647,False,True,Meta-Llama-3.1-70B-Instruct|s4
RedHatAI/Meta-Llama-3.1-70B-Instruct-quantized.w4a16,llama-3,Meta-Llama-3.1-70B-Instruct,w4a16,math_lvl5,26.1,24.4,-1.7,-0.8140517241379311,-3.247354476431509,1.619251028155647,False,True,Meta-Llama-3.1-70B-Instruct|s4
RedHatAI/Meta-Llama-3.1-70B-Instruct-quantized.w4a16,llama-3,Meta-Llama-3.1-70B-Instruct,w4a16,humaneval,79.7,80.5,0.8,-0.8140517241379311,-3.247354476431509,1.619251028155647,False,True,Meta-Llama-3.1-70B-Instruct|s4
RedHatAI/Meta-Llama-3.1-70B-Instruct-quantized.w4a16,llama-3,Meta-Llama-3.1-70B-Instruct,w4a16,humaneval_plus,74.8,74.2,-0.6,-0.8140517241379311,-3.247354476431509,1.619251028155647,False,True,Meta-Llama-3.1-70B-Instruct|s4
RedHatAI/Meta-Llama-3.1-70B-Instruct-quantized.w8a16,llama-3,Meta-Llama-3.1-70B-Instruct,w8a16,mmlu,83.94,81.37,-2.57,0.03940298507462686,-2.3938997672189513,2.4727057373682046,False,False,Meta-Llama-3.1-70B-Instruct|s4
RedHatAI/Meta-Llama-3.1-70B-Instruct-quantized.w8a16,llama-3,Meta-Llama-3.1-70B-Instruct,w8a16,mmlu_cot,86.23,83.86,-2.37,0.03940298507462686,-2.3938997672189513,2.4727057373682046,False,True,Meta-Llama-3.1-70B-Instruct|s4
RedHatAI/Meta-Llama-3.1-70B-Instruct-quantized.w8a16,llama-3,Meta-Llama-3.1-70B-Instruct,w8a16,arc_challenge,93.34,92.32,-1.02,0.03940298507462686,-2.3938997672189513,2.4727057373682046,False,True,Meta-Llama-3.1-70B-Instruct|s4
RedHatAI/Meta-Llama-3.1-70B-Instruct-quantized.w8a16,llama-3,Meta-Llama-3.1-70B-Instruct,w8a16,gsm8k,95.38,92.34,-3.04,0.03940298507462686,-2.3938997672189513,2.4727057373682046,False,False,Meta-Llama-3.1-70B-Instruct|s4
RedHatAI/Meta-Llama-3.1-70B-Instruct-quantized.w8a16,llama-3,Meta-Llama-3.1-70B-Instruct,w8a16,hellaswag,86.66,86.01,-0.65,0.03940298507462686,-2.3938997672189513,2.4727057373682046,False,True,Meta-Llama-3.1-70B-Instruct|s4
RedHatAI/Meta-Llama-3.1-70B-Instruct-quantized.w8a16,llama-3,Meta-Llama-3.1-70B-Instruct,w8a16,winogrande,85.32,85.56,0.24,0.03940298507462686,-2.3938997672189513,2.4727057373682046,False,True,Meta-Llama-3.1-70B-Instruct|s4
RedHatAI/Meta-Llama-3.1-70B-Instruct-quantized.w8a16,llama-3,Meta-Llama-3.1-70B-Instruct,w8a16,truthfulqa,60.65,59.39,-1.26,0.03940298507462686,-2.3938997672189513,2.4727057373682046,False,True,Meta-Llama-3.1-70B-Instruct|s4
RedHatAI/Meta-Llama-3.1-70B-Instruct-quantized.w8a8,llama-3,Meta-Llama-3.1-70B-Instruct,w8a8_int,arena_hard,57.0,56.3,-0.7,-0.3282608695652174,-2.7615636218587953,2.1050418827283606,False,True,Meta-Llama-3.1-70B-Instruct|s4
RedHatAI/Meta-Llama-3.1-70B-Instruct-quantized.w8a8,llama-3,Meta-Llama-3.1-70B-Instruct,w8a8_int,mmlu,83.9,83.7,-0.2,-0.3282608695652174,-2.7615636218587953,2.1050418827283606,False,True,Meta-Llama-3.1-70B-Instruct|s4
RedHatAI/Meta-Llama-3.1-70B-Instruct-quantized.w8a8,llama-3,Meta-Llama-3.1-70B-Instruct,w8a8_int,mmlu_cot,86.2,85.8,-0.4,-0.3282608695652174,-2.7615636218587953,2.1050418827283606,False,True,Meta-Llama-3.1-70B-Instruct|s4
RedHatAI/Meta-Llama-3.1-70B-Instruct-quantized.w8a8,llama-3,Meta-Llama-3.1-70B-Instruct,w8a8_int,arc_challenge,93.3,93.1,-0.2,-0.3282608695652174,-2.7615636218587953,2.1050418827283606,False,True,Meta-Llama-3.1-70B-Instruct|s4
RedHatAI/Meta-Llama-3.1-70B-Instruct-quantized.w8a8,llama-3,Meta-Llama-3.1-70B-Instruct,w8a8_int,gsm8k,95.4,94.2,-1.2,-0.3282608695652174,-2.7615636218587953,2.1050418827283606,False,True,Meta-Llama-3.1-70B-Instruct|s4
RedHatAI/Meta-Llama-3.1-70B-Instruct-quantized.w8a8,llama-3,Meta-Llama-3.1-70B-Instruct,w8a8_int,hellaswag,86.7,86.7,0.0,-0.3282608695652174,-2.7615636218587953,2.1050418827283606,False,True,Meta-Llama-3.1-70B-Instruct|s4
RedHatAI/Meta-Llama-3.1-70B-Instruct-quantized.w8a8,llama-3,Meta-Llama-3.1-70B-Instruct,w8a8_int,winogrande,85.1,85.3,0.2,-0.3282608695652174,-2.7615636218587953,2.1050418827283606,False,True,Meta-Llama-3.1-70B-Instruct|s4
RedHatAI/Meta-Llama-3.1-70B-Instruct-quantized.w8a8,llama-3,Meta-Llama-3.1-70B-Instruct,w8a8_int,truthfulqa,60.7,61.4,0.7,-0.3282608695652174,-2.7615636218587953,2.1050418827283606,False,True,Meta-Llama-3.1-70B-Instruct|s4
RedHatAI/Meta-Llama-3.1-70B-Instruct-quantized.w8a8,llama-3,Meta-Llama-3.1-70B-Instruct,w8a8_int,mmlu_pro,48.1,47.1,-1.0,-0.3282608695652174,-2.7615636218587953,2.1050418827283606,False,True,Meta-Llama-3.1-70B-Instruct|s4
RedHatAI/Meta-Llama-3.1-70B-Instruct-quantized.w8a8,llama-3,Meta-Llama-3.1-70B-Instruct,w8a8_int,ifeval,86.4,86.6,0.2,-0.3282608695652174,-2.7615636218587953,2.1050418827283606,False,True,Meta-Llama-3.1-70B-Instruct|s4
RedHatAI/Meta-Llama-3.1-70B-Instruct-quantized.w8a8,llama-3,Meta-Llama-3.1-70B-Instruct,w8a8_int,bbh,55.8,55.2,-0.6,-0.3282608695652174,-2.7615636218587953,2.1050418827283606,False,True,Meta-Llama-3.1-70B-Instruct|s4
RedHatAI/Meta-Llama-3.1-70B-Instruct-quantized.w8a8,llama-3,Meta-Llama-3.1-70B-Instruct,w8a8_int,math_lvl5,26.1,23.9,-2.2,-0.3282608695652174,-2.7615636218587953,2.1050418827283606,False,True,Meta-Llama-3.1-70B-Instruct|s4
RedHatAI/Meta-Llama-3.1-70B-Instruct-quantized.w8a8,llama-3,Meta-Llama-3.1-70B-Instruct,w8a8_int,humaneval,79.7,78.7,-1.0,-0.3282608695652174,-2.7615636218587953,2.1050418827283606,False,True,Meta-Llama-3.1-70B-Instruct|s4
RedHatAI/Meta-Llama-3.1-70B-Instruct-quantized.w8a8,llama-3,Meta-Llama-3.1-70B-Instruct,w8a8_int,humaneval_plus,74.8,74.0,-0.8,-0.3282608695652174,-2.7615636218587953,2.1050418827283606,False,True,Meta-Llama-3.1-70B-Instruct|s4
RedHatAI/Meta-Llama-3.1-8B-FP8,llama-3,Meta-Llama-3.1-8B,fp8,mmlu,65.19,65.01,-0.18,-0.3433333333333334,-2.6789976689976687,1.9923310023310021,False,True,Meta-Llama-3.1-8B|s0
RedHatAI/Meta-Llama-3.1-8B-FP8,llama-3,Meta-Llama-3.1-8B,fp8,arc_challenge,78.84,77.73,-1.11,-0.3433333333333334,-2.6789976689976687,1.9923310023310021,False,True,Meta-Llama-3.1-8B|s0
RedHatAI/Meta-Llama-3.1-8B-FP8,llama-3,Meta-Llama-3.1-8B,fp8,gsm8k,50.34,48.82,-1.52,-0.3433333333333334,-2.6789976689976687,1.9923310023310021,False,True,Meta-Llama-3.1-8B|s0
RedHatAI/Meta-Llama-3.1-8B-FP8,llama-3,Meta-Llama-3.1-8B,fp8,hellaswag,82.33,81.96,-0.37,-0.3433333333333334,-2.6789976689976687,1.9923310023310021,False,True,Meta-Llama-3.1-8B|s0
RedHatAI/Meta-Llama-3.1-8B-FP8,llama-3,Meta-Llama-3.1-8B,fp8,winogrande,77.98,78.06,0.08,-0.3433333333333334,-2.6789976689976687,1.9923310023310021,False,True,Meta-Llama-3.1-8B|s0
RedHatAI/Meta-Llama-3.1-8B-FP8,llama-3,Meta-Llama-3.1-8B,fp8,truthfulqa,44.14,43.83,-0.31,-0.3433333333333334,-2.6789976689976687,1.9923310023310021,False,True,Meta-Llama-3.1-8B|s0
RedHatAI/Meta-Llama-3.1-8B-quantized.w8a16,llama-3,Meta-Llama-3.1-8B,w8a16,mmlu,65.07,65.44,0.37,-0.10964285714285714,-2.4453071928071926,2.2260214785214782,False,True,Meta-Llama-3.1-8B|s0
RedHatAI/Meta-Llama-3.1-8B-quantized.w8a16,llama-3,Meta-Llama-3.1-8B,w8a16,arc_challenge,58.11,58.62,0.51,-0.10964285714285714,-2.4453071928071926,2.2260214785214782,False,True,Meta-Llama-3.1-8B|s0
RedHatAI/Meta-Llama-3.1-8B-quantized.w8a16,llama-3,Meta-Llama-3.1-8B,w8a16,gsm8k,50.64,49.66,-0.98,-0.10964285714285714,-2.4453071928071926,2.2260214785214782,False,True,Meta-Llama-3.1-8B|s0
RedHatAI/Meta-Llama-3.1-8B-quantized.w8a16,llama-3,Meta-Llama-3.1-8B,w8a16,hellaswag,82.3,82.21,-0.09,-0.10964285714285714,-2.4453071928071926,2.2260214785214782,False,True,Meta-Llama-3.1-8B|s0
RedHatAI/Meta-Llama-3.1-8B-quantized.w8a16,llama-3,Meta-Llama-3.1-8B,w8a16,winogrande,77.9,78.06,0.16,-0.10964285714285714,-2.4453071928071926,2.2260214785214782,False,True,Meta-Llama-3.1-8B|s0
RedHatAI/Meta-Llama-3.1-8B-quantized.w8a16,llama-3,Meta-Llama-3.1-8B,w8a16,truthfulqa,44.15,43.61,-0.54,-0.10964285714285714,-2.4453071928071926,2.2260214785214782,False,True,Meta-Llama-3.1-8B|s0
RedHatAI/Meta-Llama-3.1-8B-quantized.w8a8,llama-3,Meta-Llama-3.1-8B,w8a8_int,mmlu,65.07,64.95,-0.12,-0.32566433566433567,-2.661328671328671,2.01,False,True,Meta-Llama-3.1-8B|s0
RedHatAI/Meta-Llama-3.1-8B-quantized.w8a8,llama-3,Meta-Llama-3.1-8B,w8a8_int,arc_challenge,58.11,58.62,0.51,-0.32566433566433567,-2.661328671328671,2.01,False,True,Meta-Llama-3.1-8B|s0
RedHatAI/Meta-Llama-3.1-8B-quantized.w8a8,llama-3,Meta-Llama-3.1-8B,w8a8_int,gsm8k,50.64,49.51,-1.13,-0.32566433566433567,-2.661328671328671,2.01,False,True,Meta-Llama-3.1-8B|s0
RedHatAI/Meta-Llama-3.1-8B-quantized.w8a8,llama-3,Meta-Llama-3.1-8B,w8a8_int,hellaswag,82.3,81.63,-0.67,-0.32566433566433567,-2.661328671328671,2.01,False,True,Meta-Llama-3.1-8B|s0
RedHatAI/Meta-Llama-3.1-8B-quantized.w8a8,llama-3,Meta-Llama-3.1-8B,w8a8_int,winogrande,77.9,78.22,0.32,-0.32566433566433567,-2.661328671328671,2.01,False,True,Meta-Llama-3.1-8B|s0
RedHatAI/Meta-Llama-3.1-8B-quantized.w8a8,llama-3,Meta-Llama-3.1-8B,w8a8_int,truthfulqa,44.15,43.36,-0.79,-0.32566433566433567,-2.661328671328671,2.01,False,True,Meta-Llama-3.1-8B|s0
RedHatAI/Meta-Llama-3.1-8B-FP8,llama-3,Meta-Llama-3.1-8B,fp8,mmlu,65.19,65.01,-0.18,-0.34702127659574467,-1.6734176729921413,0.9793751198006518,False,True,Meta-Llama-3.1-8B|s1
RedHatAI/Meta-Llama-3.1-8B-FP8,llama-3,Meta-Llama-3.1-8B,fp8,arc_challenge,78.84,77.73,-1.11,-0.34702127659574467,-1.6734176729921413,0.9793751198006518,False,True,Meta-Llama-3.1-8B|s1
RedHatAI/Meta-Llama-3.1-8B-FP8,llama-3,Meta-Llama-3.1-8B,fp8,gsm8k,50.34,48.82,-1.52,-0.34702127659574467,-1.6734176729921413,0.9793751198006518,False,True,Meta-Llama-3.1-8B|s1
RedHatAI/Meta-Llama-3.1-8B-FP8,llama-3,Meta-Llama-3.1-8B,fp8,hellaswag,82.33,81.96,-0.37,-0.34702127659574467,-1.6734176729921413,0.9793751198006518,False,True,Meta-Llama-3.1-8B|s1
RedHatAI/Meta-Llama-3.1-8B-FP8,llama-3,Meta-Llama-3.1-8B,fp8,winogrande,77.98,78.06,0.08,-0.34702127659574467,-1.6734176729921413,0.9793751198006518,False,True,Meta-Llama-3.1-8B|s1
RedHatAI/Meta-Llama-3.1-8B-FP8,llama-3,Meta-Llama-3.1-8B,fp8,truthfulqa,44.14,43.83,-0.31,-0.34702127659574467,-1.6734176729921413,0.9793751198006518,False,True,Meta-Llama-3.1-8B|s1
RedHatAI/Meta-Llama-3.1-8B-quantized.w8a16,llama-3,Meta-Llama-3.1-8B,w8a16,mmlu,65.07,65.44,0.37,0.008809523809523804,-1.3175868725868727,1.3352059202059203,False,True,Meta-Llama-3.1-8B|s1
RedHatAI/Meta-Llama-3.1-8B-quantized.w8a16,llama-3,Meta-Llama-3.1-8B,w8a16,arc_challenge,58.11,58.62,0.51,0.008809523809523804,-1.3175868725868727,1.3352059202059203,False,True,Meta-Llama-3.1-8B|s1
RedHatAI/Meta-Llama-3.1-8B-quantized.w8a16,llama-3,Meta-Llama-3.1-8B,w8a16,gsm8k,50.64,49.66,-0.98,0.008809523809523804,-1.3175868725868727,1.3352059202059203,False,True,Meta-Llama-3.1-8B|s1
RedHatAI/Meta-Llama-3.1-8B-quantized.w8a16,llama-3,Meta-Llama-3.1-8B,w8a16,hellaswag,82.3,82.21,-0.09,0.008809523809523804,-1.3175868725868727,1.3352059202059203,False,True,Meta-Llama-3.1-8B|s1
RedHatAI/Meta-Llama-3.1-8B-quantized.w8a16,llama-3,Meta-Llama-3.1-8B,w8a16,winogrande,77.9,78.06,0.16,0.008809523809523804,-1.3175868725868727,1.3352059202059203,False,True,Meta-Llama-3.1-8B|s1
RedHatAI/Meta-Llama-3.1-8B-quantized.w8a16,llama-3,Meta-Llama-3.1-8B,w8a16,truthfulqa,44.15,43.61,-0.54,0.008809523809523804,-1.3175868725868727,1.3352059202059203,False,True,Meta-Llama-3.1-8B|s1
RedHatAI/Meta-Llama-3.1-8B-quantized.w8a8,llama-3,Meta-Llama-3.1-8B,w8a8_int,mmlu,65.07,64.95,-0.12,-0.3025773195876289,-1.6289737159840254,1.0238190768087676,False,True,Meta-Llama-3.1-8B|s1
RedHatAI/Meta-Llama-3.1-8B-quantized.w8a8,llama-3,Meta-Llama-3.1-8B,w8a8_int,arc_challenge,58.11,58.62,0.51,-0.3025773195876289,-1.6289737159840254,1.0238190768087676,False,True,Meta-Llama-3.1-8B|s1
RedHatAI/Meta-Llama-3.1-8B-quantized.w8a8,llama-3,Meta-Llama-3.1-8B,w8a8_int,gsm8k,50.64,49.51,-1.13,-0.3025773195876289,-1.6289737159840254,1.0238190768087676,False,True,Meta-Llama-3.1-8B|s1
RedHatAI/Meta-Llama-3.1-8B-quantized.w8a8,llama-3,Meta-Llama-3.1-8B,w8a8_int,hellaswag,82.3,81.63,-0.67,-0.3025773195876289,-1.6289737159840254,1.0238190768087676,False,True,Meta-Llama-3.1-8B|s1
RedHatAI/Meta-Llama-3.1-8B-quantized.w8a8,llama-3,Meta-Llama-3.1-8B,w8a8_int,winogrande,77.9,78.22,0.32,-0.3025773195876289,-1.6289737159840254,1.0238190768087676,False,True,Meta-Llama-3.1-8B|s1
RedHatAI/Meta-Llama-3.1-8B-quantized.w8a8,llama-3,Meta-Llama-3.1-8B,w8a8_int,truthfulqa,44.15,43.36,-0.79,-0.3025773195876289,-1.6289737159840254,1.0238190768087676,False,True,Meta-Llama-3.1-8B|s1
RedHatAI/Meta-Llama-3.1-8B-FP8,llama-3,Meta-Llama-3.1-8B,fp8,mmlu,65.19,65.01,-0.18,-0.3117857142857143,-2.3303690476190475,1.706797619047619,False,True,Meta-Llama-3.1-8B|s2
RedHatAI/Meta-Llama-3.1-8B-FP8,llama-3,Meta-Llama-3.1-8B,fp8,arc_challenge,78.84,77.73,-1.11,-0.3117857142857143,-2.3303690476190475,1.706797619047619,False,True,Meta-Llama-3.1-8B|s2
RedHatAI/Meta-Llama-3.1-8B-FP8,llama-3,Meta-Llama-3.1-8B,fp8,gsm8k,50.34,48.82,-1.52,-0.3117857142857143,-2.3303690476190475,1.706797619047619,False,True,Meta-Llama-3.1-8B|s2
RedHatAI/Meta-Llama-3.1-8B-FP8,llama-3,Meta-Llama-3.1-8B,fp8,hellaswag,82.33,81.96,-0.37,-0.3117857142857143,-2.3303690476190475,1.706797619047619,False,True,Meta-Llama-3.1-8B|s2
RedHatAI/Meta-Llama-3.1-8B-FP8,llama-3,Meta-Llama-3.1-8B,fp8,winogrande,77.98,78.06,0.08,-0.3117857142857143,-2.3303690476190475,1.706797619047619,False,True,Meta-Llama-3.1-8B|s2
RedHatAI/Meta-Llama-3.1-8B-FP8,llama-3,Meta-Llama-3.1-8B,fp8,truthfulqa,44.14,43.83,-0.31,-0.3117857142857143,-2.3303690476190475,1.706797619047619,False,True,Meta-Llama-3.1-8B|s2
RedHatAI/Meta-Llama-3.1-8B-quantized.w8a16,llama-3,Meta-Llama-3.1-8B,w8a16,mmlu,65.07,65.44,0.37,0.0642,-1.9543833333333334,2.0827833333333334,False,True,Meta-Llama-3.1-8B|s2
RedHatAI/Meta-Llama-3.1-8B-quantized.w8a16,llama-3,Meta-Llama-3.1-8B,w8a16,arc_challenge,58.11,58.62,0.51,0.0642,-1.9543833333333334,2.0827833333333334,False,True,Meta-Llama-3.1-8B|s2
RedHatAI/Meta-Llama-3.1-8B-quantized.w8a16,llama-3,Meta-Llama-3.1-8B,w8a16,gsm8k,50.64,49.66,-0.98,0.0642,-1.9543833333333334,2.0827833333333334,False,True,Meta-Llama-3.1-8B|s2
RedHatAI/Meta-Llama-3.1-8B-quantized.w8a16,llama-3,Meta-Llama-3.1-8B,w8a16,hellaswag,82.3,82.21,-0.09,0.0642,-1.9543833333333334,2.0827833333333334,False,True,Meta-Llama-3.1-8B|s2
RedHatAI/Meta-Llama-3.1-8B-quantized.w8a16,llama-3,Meta-Llama-3.1-8B,w8a16,winogrande,77.9,78.06,0.16,0.0642,-1.9543833333333334,2.0827833333333334,False,True,Meta-Llama-3.1-8B|s2
RedHatAI/Meta-Llama-3.1-8B-quantized.w8a16,llama-3,Meta-Llama-3.1-8B,w8a16,truthfulqa,44.15,43.61,-0.54,0.0642,-1.9543833333333334,2.0827833333333334,False,True,Meta-Llama-3.1-8B|s2
RedHatAI/Meta-Llama-3.1-8B-quantized.w8a8,llama-3,Meta-Llama-3.1-8B,w8a8_int,mmlu,65.07,64.95,-0.12,-0.25883720930232557,-2.277420542635659,1.759746124031008,False,True,Meta-Llama-3.1-8B|s2
RedHatAI/Meta-Llama-3.1-8B-quantized.w8a8,llama-3,Meta-Llama-3.1-8B,w8a8_int,arc_challenge,58.11,58.62,0.51,-0.25883720930232557,-2.277420542635659,1.759746124031008,False,True,Meta-Llama-3.1-8B|s2
RedHatAI/Meta-Llama-3.1-8B-quantized.w8a8,llama-3,Meta-Llama-3.1-8B,w8a8_int,gsm8k,50.64,49.51,-1.13,-0.25883720930232557,-2.277420542635659,1.759746124031008,False,True,Meta-Llama-3.1-8B|s2
RedHatAI/Meta-Llama-3.1-8B-quantized.w8a8,llama-3,Meta-Llama-3.1-8B,w8a8_int,hellaswag,82.3,81.63,-0.67,-0.25883720930232557,-2.277420542635659,1.759746124031008,False,True,Meta-Llama-3.1-8B|s2
RedHatAI/Meta-Llama-3.1-8B-quantized.w8a8,llama-3,Meta-Llama-3.1-8B,w8a8_int,winogrande,77.9,78.22,0.32,-0.25883720930232557,-2.277420542635659,1.759746124031008,False,True,Meta-Llama-3.1-8B|s2
RedHatAI/Meta-Llama-3.1-8B-quantized.w8a8,llama-3,Meta-Llama-3.1-8B,w8a8_int,truthfulqa,44.15,43.36,-0.79,-0.25883720930232557,-2.277420542635659,1.759746124031008,False,True,Meta-Llama-3.1-8B|s2
RedHatAI/Meta-Llama-3.1-8B-FP8,llama-3,Meta-Llama-3.1-8B,fp8,mmlu,65.19,65.01,-0.18,-0.3513953488372093,-2.255395348837209,1.5526046511627905,False,True,Meta-Llama-3.1-8B|s3
RedHatAI/Meta-Llama-3.1-8B-FP8,llama-3,Meta-Llama-3.1-8B,fp8,arc_challenge,78.84,77.73,-1.11,-0.3513953488372093,-2.255395348837209,1.5526046511627905,False,True,Meta-Llama-3.1-8B|s3
RedHatAI/Meta-Llama-3.1-8B-FP8,llama-3,Meta-Llama-3.1-8B,fp8,gsm8k,50.34,48.82,-1.52,-0.3513953488372093,-2.255395348837209,1.5526046511627905,False,True,Meta-Llama-3.1-8B|s3
RedHatAI/Meta-Llama-3.1-8B-FP8,llama-3,Meta-Llama-3.1-8B,fp8,hellaswag,82.33,81.96,-0.37,-0.3513953488372093,-2.255395348837209,1.5526046511627905,False,True,Meta-Llama-3.1-8B|s3
RedHatAI/Meta-Llama-3.1-8B-FP8,llama-3,Meta-Llama-3.1-8B,fp8,winogrande,77.98,78.06,0.08,-0.3513953488372093,-2.255395348837209,1.5526046511627905,False,True,Meta-Llama-3.1-8B|s3
RedHatAI/Meta-Llama-3.1-8B-FP8,llama-3,Meta-Llama-3.1-8B,fp8,truthfulqa,44.14,43.83,-0.31,-0.3513953488372093,-2.255395348837209,1.5526046511627905,False,True,Meta-Llama-3.1-8B|s3
RedHatAI/Meta-Llama-3.1-8B-quantized.w8a16,llama-3,Meta-Llama-3.1-8B,w8a16,mmlu,65.07,65.44,0.37,-0.2538095238095238,-2.1578095238095236,1.6501904761904758,False,True,Meta-Llama-3.1-8B|s3
RedHatAI/Meta-Llama-3.1-8B-quantized.w8a16,llama-3,Meta-Llama-3.1-8B,w8a16,arc_challenge,58.11,58.62,0.51,-0.2538095238095238,-2.1578095238095236,1.6501904761904758,False,True,Meta-Llama-3.1-8B|s3
RedHatAI/Meta-Llama-3.1-8B-quantized.w8a16,llama-3,Meta-Llama-3.1-8B,w8a16,gsm8k,50.64,49.66,-0.98,-0.2538095238095238,-2.1578095238095236,1.6501904761904758,False,True,Meta-Llama-3.1-8B|s3
RedHatAI/Meta-Llama-3.1-8B-quantized.w8a16,llama-3,Meta-Llama-3.1-8B,w8a16,hellaswag,82.3,82.21,-0.09,-0.2538095238095238,-2.1578095238095236,1.6501904761904758,False,True,Meta-Llama-3.1-8B|s3
RedHatAI/Meta-Llama-3.1-8B-quantized.w8a16,llama-3,Meta-Llama-3.1-8B,w8a16,winogrande,77.9,78.06,0.16,-0.2538095238095238,-2.1578095238095236,1.6501904761904758,False,True,Meta-Llama-3.1-8B|s3
RedHatAI/Meta-Llama-3.1-8B-quantized.w8a16,llama-3,Meta-Llama-3.1-8B,w8a16,truthfulqa,44.15,43.61,-0.54,-0.2538095238095238,-2.1578095238095236,1.6501904761904758,False,True,Meta-Llama-3.1-8B|s3
RedHatAI/Meta-Llama-3.1-8B-quantized.w8a8,llama-3,Meta-Llama-3.1-8B,w8a8_int,mmlu,65.07,64.95,-0.12,-0.37549180327868853,-2.279491803278688,1.5285081967213112,False,True,Meta-Llama-3.1-8B|s3
RedHatAI/Meta-Llama-3.1-8B-quantized.w8a8,llama-3,Meta-Llama-3.1-8B,w8a8_int,arc_challenge,58.11,58.62,0.51,-0.37549180327868853,-2.279491803278688,1.5285081967213112,False,True,Meta-Llama-3.1-8B|s3
RedHatAI/Meta-Llama-3.1-8B-quantized.w8a8,llama-3,Meta-Llama-3.1-8B,w8a8_int,gsm8k,50.64,49.51,-1.13,-0.37549180327868853,-2.279491803278688,1.5285081967213112,False,True,Meta-Llama-3.1-8B|s3
RedHatAI/Meta-Llama-3.1-8B-quantized.w8a8,llama-3,Meta-Llama-3.1-8B,w8a8_int,hellaswag,82.3,81.63,-0.67,-0.37549180327868853,-2.279491803278688,1.5285081967213112,False,True,Meta-Llama-3.1-8B|s3
RedHatAI/Meta-Llama-3.1-8B-quantized.w8a8,llama-3,Meta-Llama-3.1-8B,w8a8_int,winogrande,77.9,78.22,0.32,-0.37549180327868853,-2.279491803278688,1.5285081967213112,False,True,Meta-Llama-3.1-8B|s3
RedHatAI/Meta-Llama-3.1-8B-quantized.w8a8,llama-3,Meta-Llama-3.1-8B,w8a8_int,truthfulqa,44.15,43.36,-0.79,-0.37549180327868853,-2.279491803278688,1.5285081967213112,False,True,Meta-Llama-3.1-8B|s3
RedHatAI/Meta-Llama-3.1-8B-FP8,llama-3,Meta-Llama-3.1-8B,fp8,mmlu,65.19,65.01,-0.18,-0.24238095238095236,-2.04931643625192,1.5645545314900153,False,True,Meta-Llama-3.1-8B|s4
RedHatAI/Meta-Llama-3.1-8B-FP8,llama-3,Meta-Llama-3.1-8B,fp8,arc_challenge,78.84,77.73,-1.11,-0.24238095238095236,-2.04931643625192,1.5645545314900153,False,True,Meta-Llama-3.1-8B|s4
RedHatAI/Meta-Llama-3.1-8B-FP8,llama-3,Meta-Llama-3.1-8B,fp8,gsm8k,50.34,48.82,-1.52,-0.24238095238095236,-2.04931643625192,1.5645545314900153,False,True,Meta-Llama-3.1-8B|s4
RedHatAI/Meta-Llama-3.1-8B-FP8,llama-3,Meta-Llama-3.1-8B,fp8,hellaswag,82.33,81.96,-0.37,-0.24238095238095236,-2.04931643625192,1.5645545314900153,False,True,Meta-Llama-3.1-8B|s4
RedHatAI/Meta-Llama-3.1-8B-FP8,llama-3,Meta-Llama-3.1-8B,fp8,winogrande,77.98,78.06,0.08,-0.24238095238095236,-2.04931643625192,1.5645545314900153,False,True,Meta-Llama-3.1-8B|s4
RedHatAI/Meta-Llama-3.1-8B-FP8,llama-3,Meta-Llama-3.1-8B,fp8,truthfulqa,44.14,43.83,-0.31,-0.24238095238095236,-2.04931643625192,1.5645545314900153,False,True,Meta-Llama-3.1-8B|s4
RedHatAI/Meta-Llama-3.1-8B-quantized.w8a16,llama-3,Meta-Llama-3.1-8B,w8a16,mmlu,65.07,65.44,0.37,-0.14349206349206348,-1.9504275473630313,1.6634434203789041,False,True,Meta-Llama-3.1-8B|s4
RedHatAI/Meta-Llama-3.1-8B-quantized.w8a16,llama-3,Meta-Llama-3.1-8B,w8a16,arc_challenge,58.11,58.62,0.51,-0.14349206349206348,-1.9504275473630313,1.6634434203789041,False,True,Meta-Llama-3.1-8B|s4
RedHatAI/Meta-Llama-3.1-8B-quantized.w8a16,llama-3,Meta-Llama-3.1-8B,w8a16,gsm8k,50.64,49.66,-0.98,-0.14349206349206348,-1.9504275473630313,1.6634434203789041,False,True,Meta-Llama-3.1-8B|s4
RedHatAI/Meta-Llama-3.1-8B-quantized.w8a16,llama-3,Meta-Llama-3.1-8B,w8a16,hellaswag,82.3,82.21,-0.09,-0.14349206349206348,-1.9504275473630313,1.6634434203789041,False,True,Meta-Llama-3.1-8B|s4
RedHatAI/Meta-Llama-3.1-8B-quantized.w8a16,llama-3,Meta-Llama-3.1-8B,w8a16,winogrande,77.9,78.06,0.16,-0.14349206349206348,-1.9504275473630313,1.6634434203789041,False,True,Meta-Llama-3.1-8B|s4
RedHatAI/Meta-Llama-3.1-8B-quantized.w8a16,llama-3,Meta-Llama-3.1-8B,w8a16,truthfulqa,44.15,43.61,-0.54,-0.14349206349206348,-1.9504275473630313,1.6634434203789041,False,True,Meta-Llama-3.1-8B|s4
RedHatAI/Meta-Llama-3.1-8B-quantized.w8a8,llama-3,Meta-Llama-3.1-8B,w8a8_int,mmlu,65.07,64.95,-0.12,-0.32306451612903225,-2.13,1.4838709677419355,False,True,Meta-Llama-3.1-8B|s4
RedHatAI/Meta-Llama-3.1-8B-quantized.w8a8,llama-3,Meta-Llama-3.1-8B,w8a8_int,arc_challenge,58.11,58.62,0.51,-0.32306451612903225,-2.13,1.4838709677419355,False,True,Meta-Llama-3.1-8B|s4
RedHatAI/Meta-Llama-3.1-8B-quantized.w8a8,llama-3,Meta-Llama-3.1-8B,w8a8_int,gsm8k,50.64,49.51,-1.13,-0.32306451612903225,-2.13,1.4838709677419355,False,True,Meta-Llama-3.1-8B|s4
RedHatAI/Meta-Llama-3.1-8B-quantized.w8a8,llama-3,Meta-Llama-3.1-8B,w8a8_int,hellaswag,82.3,81.63,-0.67,-0.32306451612903225,-2.13,1.4838709677419355,False,True,Meta-Llama-3.1-8B|s4
RedHatAI/Meta-Llama-3.1-8B-quantized.w8a8,llama-3,Meta-Llama-3.1-8B,w8a8_int,winogrande,77.9,78.22,0.32,-0.32306451612903225,-2.13,1.4838709677419355,False,True,Meta-Llama-3.1-8B|s4
RedHatAI/Meta-Llama-3.1-8B-quantized.w8a8,llama-3,Meta-Llama-3.1-8B,w8a8_int,truthfulqa,44.15,43.36,-0.79,-0.32306451612903225,-2.13,1.4838709677419355,False,True,Meta-Llama-3.1-8B|s4
RedHatAI/Meta-Llama-3.1-8B-Instruct-FP8-dynamic,llama-3,Meta-Llama-3.1-8B-Instruct,fp8_dynamic,mmlu,67.95,68.02,0.07,-0.10353333333333334,-2.354752845528455,2.1476861788617883,False,True,Meta-Llama-3.1-8B-Instruct|s0
RedHatAI/Meta-Llama-3.1-8B-Instruct-FP8-dynamic,llama-3,Meta-Llama-3.1-8B-Instruct,fp8_dynamic,arena_hard,25.8,27.2,1.4,-0.10353333333333334,-2.354752845528455,2.1476861788617883,False,True,Meta-Llama-3.1-8B-Instruct|s0
RedHatAI/Meta-Llama-3.1-8B-Instruct-FP8-dynamic,llama-3,Meta-Llama-3.1-8B-Instruct,fp8_dynamic,mmlu_cot,71.2,71.6,0.4,-0.10353333333333334,-2.354752845528455,2.1476861788617883,False,True,Meta-Llama-3.1-8B-Instruct|s0
RedHatAI/Meta-Llama-3.1-8B-Instruct-FP8-dynamic,llama-3,Meta-Llama-3.1-8B-Instruct,fp8_dynamic,arc_challenge,82.0,81.2,-0.8,-0.10353333333333334,-2.354752845528455,2.1476861788617883,False,True,Meta-Llama-3.1-8B-Instruct|s0
RedHatAI/Meta-Llama-3.1-8B-Instruct-FP8-dynamic,llama-3,Meta-Llama-3.1-8B-Instruct,fp8_dynamic,gsm8k,82.0,82.0,0.0,-0.10353333333333334,-2.354752845528455,2.1476861788617883,False,True,Meta-Llama-3.1-8B-Instruct|s0
RedHatAI/Meta-Llama-3.1-8B-Instruct-FP8-dynamic,llama-3,Meta-Llama-3.1-8B-Instruct,fp8_dynamic,hellaswag,80.5,80.0,-0.5,-0.10353333333333334,-2.354752845528455,2.1476861788617883,False,True,Meta-Llama-3.1-8B-Instruct|s0
RedHatAI/Meta-Llama-3.1-8B-Instruct-FP8-dynamic,llama-3,Meta-Llama-3.1-8B-Instruct,fp8_dynamic,winogrande,78.5,77.7,-0.8,-0.10353333333333334,-2.354752845528455,2.1476861788617883,False,True,Meta-Llama-3.1-8B-Instruct|s0
RedHatAI/Meta-Llama-3.1-8B-Instruct-FP8-dynamic,llama-3,Meta-Llama-3.1-8B-Instruct,fp8_dynamic,truthfulqa,54.5,54.3,-0.2,-0.10353333333333334,-2.354752845528455,2.1476861788617883,False,True,Meta-Llama-3.1-8B-Instruct|s0
RedHatAI/Meta-Llama-3.1-8B-Instruct-FP8-dynamic,llama-3,Meta-Llama-3.1-8B-Instruct,fp8_dynamic,mmlu_pro,30.8,31.2,0.4,-0.10353333333333334,-2.354752845528455,2.1476861788617883,False,True,Meta-Llama-3.1-8B-Instruct|s0
RedHatAI/Meta-Llama-3.1-8B-Instruct-FP8-dynamic,llama-3,Meta-Llama-3.1-8B-Instruct,fp8_dynamic,ifeval,77.9,77.2,-0.7,-0.10353333333333334,-2.354752845528455,2.1476861788617883,False,True,Meta-Llama-3.1-8B-Instruct|s0
RedHatAI/Meta-Llama-3.1-8B-Instruct-FP8-dynamic,llama-3,Meta-Llama-3.1-8B-Instruct,fp8_dynamic,bbh,30.1,29.7,-0.4,-0.10353333333333334,-2.354752845528455,2.1476861788617883,False,True,Meta-Llama-3.1-8B-Instruct|s0
RedHatAI/Meta-Llama-3.1-8B-Instruct-FP8-dynamic,llama-3,Meta-Llama-3.1-8B-Instruct,fp8_dynamic,humaneval,67.3,67.3,0.0,-0.10353333333333334,-2.354752845528455,2.1476861788617883,False,True,Meta-Llama-3.1-8B-Instruct|s0
RedHatAI/Meta-Llama-3.1-8B-Instruct-FP8-dynamic,llama-3,Meta-Llama-3.1-8B-Instruct,fp8_dynamic,humaneval_plus,60.7,61.3,0.6,-0.10353333333333334,-2.354752845528455,2.1476861788617883,False,True,Meta-Llama-3.1-8B-Instruct|s0
RedHatAI/Meta-Llama-3.1-8B-Instruct-FP8,llama-3,Meta-Llama-3.1-8B-Instruct,fp8,mmlu,67.95,67.97,0.02,-0.31489795918367347,-2.5661174713787953,1.9363215530114481,False,True,Meta-Llama-3.1-8B-Instruct|s0
RedHatAI/Meta-Llama-3.1-8B-Instruct-FP8,llama-3,Meta-Llama-3.1-8B-Instruct,fp8,mmlu_cot,71.24,71.12,-0.12,-0.31489795918367347,-2.5661174713787953,1.9363215530114481,False,True,Meta-Llama-3.1-8B-Instruct|s0
RedHatAI/Meta-Llama-3.1-8B-Instruct-FP8,llama-3,Meta-Llama-3.1-8B-Instruct,fp8,arc_challenge,82.0,81.66,-0.34,-0.31489795918367347,-2.5661174713787953,1.9363215530114481,False,True,Meta-Llama-3.1-8B-Instruct|s0
RedHatAI/Meta-Llama-3.1-8B-Instruct-FP8,llama-3,Meta-Llama-3.1-8B-Instruct,fp8,gsm8k,81.96,81.12,-0.84,-0.31489795918367347,-2.5661174713787953,1.9363215530114481,False,True,Meta-Llama-3.1-8B-Instruct|s0
RedHatAI/Meta-Llama-3.1-8B-Instruct-FP8,llama-3,Meta-Llama-3.1-8B-Instruct,fp8,hellaswag,80.46,80.4,-0.06,-0.31489795918367347,-2.5661174713787953,1.9363215530114481,False,True,Meta-Llama-3.1-8B-Instruct|s0
RedHatAI/Meta-Llama-3.1-8B-Instruct-FP8,llama-3,Meta-Llama-3.1-8B-Instruct,fp8,winogrande,78.45,77.9,-0.55,-0.31489795918367347,-2.5661174713787953,1.9363215530114481,False,True,Meta-Llama-3.1-8B-Instruct|s0
RedHatAI/Meta-Llama-3.1-8B-Instruct-FP8,llama-3,Meta-Llama-3.1-8B-Instruct,fp8,truthfulqa,54.5,53.92,-0.58,-0.31489795918367347,-2.5661174713787953,1.9363215530114481,False,True,Meta-Llama-3.1-8B-Instruct|s0
RedHatAI/Meta-Llama-3.1-8B-Instruct-quantized.w4a16,llama-3,Meta-Llama-3.1-8B-Instruct,w4a16,arena_hard,25.8,27.2,1.4,-0.6067320261437908,-2.8579515383389125,1.644487486051331,False,True,Meta-Llama-3.1-8B-Instruct|s0
RedHatAI/Meta-Llama-3.1-8B-Instruct-quantized.w4a16,llama-3,Meta-Llama-3.1-8B-Instruct,w4a16,mmlu,68.3,66.9,-1.4,-0.6067320261437908,-2.8579515383389125,1.644487486051331,False,True,Meta-Llama-3.1-8B-Instruct|s0
RedHatAI/Meta-Llama-3.1-8B-Instruct-quantized.w4a16,llama-3,Meta-Llama-3.1-8B-Instruct,w4a16,mmlu_cot,72.8,71.1,-1.7,-0.6067320261437908,-2.8579515383389125,1.644487486051331,False,True,Meta-Llama-3.1-8B-Instruct|s0
RedHatAI/Meta-Llama-3.1-8B-Instruct-quantized.w4a16,llama-3,Meta-Llama-3.1-8B-Instruct,w4a16,gsm8k,82.8,82.9,0.1,-0.6067320261437908,-2.8579515383389125,1.644487486051331,False,True,Meta-Llama-3.1-8B-Instruct|s0
RedHatAI/Meta-Llama-3.1-8B-Instruct-quantized.w4a16,llama-3,Meta-Llama-3.1-8B-Instruct,w4a16,hellaswag,80.5,79.9,-0.6,-0.6067320261437908,-2.8579515383389125,1.644487486051331,False,True,Meta-Llama-3.1-8B-Instruct|s0
RedHatAI/Meta-Llama-3.1-8B-Instruct-quantized.w4a16,llama-3,Meta-Llama-3.1-8B-Instruct,w4a16,winogrande,78.1,78.0,-0.1,-0.6067320261437908,-2.8579515383389125,1.644487486051331,False,True,Meta-Llama-3.1-8B-Instruct|s0
RedHatAI/Meta-Llama-3.1-8B-Instruct-quantized.w4a16,llama-3,Meta-Llama-3.1-8B-Instruct,w4a16,truthfulqa,54.5,52.8,-1.7,-0.6067320261437908,-2.8579515383389125,1.644487486051331,False,True,Meta-Llama-3.1-8B-Instruct|s0
RedHatAI/Meta-Llama-3.1-8B-Instruct-quantized.w4a16,llama-3,Meta-Llama-3.1-8B-Instruct,w4a16,mmlu_pro,30.8,28.8,-2.0,-0.6067320261437908,-2.8579515383389125,1.644487486051331,False,True,Meta-Llama-3.1-8B-Instruct|s0
RedHatAI/Meta-Llama-3.1-8B-Instruct-quantized.w4a16,llama-3,Meta-Llama-3.1-8B-Instruct,w4a16,ifeval,77.9,76.3,-1.6,-0.6067320261437908,-2.8579515383389125,1.644487486051331,False,True,Meta-Llama-3.1-8B-Instruct|s0
RedHatAI/Meta-Llama-3.1-8B-Instruct-quantized.w4a16,llama-3,Meta-Llama-3.1-8B-Instruct,w4a16,bbh,30.1,28.9,-1.2,-0.6067320261437908,-2.8579515383389125,1.644487486051331,False,True,Meta-Llama-3.1-8B-Instruct|s0
RedHatAI/Meta-Llama-3.1-8B-Instruct-quantized.w4a16,llama-3,Meta-Llama-3.1-8B-Instruct,w4a16,humaneval,67.3,67.1,-0.2,-0.6067320261437908,-2.8579515383389125,1.644487486051331,False,True,Meta-Llama-3.1-8B-Instruct|s0
RedHatAI/Meta-Llama-3.1-8B-Instruct-quantized.w4a16,llama-3,Meta-Llama-3.1-8B-Instruct,w4a16,humaneval_plus,60.7,59.1,-1.6,-0.6067320261437908,-2.8579515383389125,1.644487486051331,False,True,Meta-Llama-3.1-8B-Instruct|s0
RedHatAI/Meta-Llama-3.1-8B-Instruct-quantized.w8a16,llama-3,Meta-Llama-3.1-8B-Instruct,w8a16,hellaswag,80.47,80.48,0.01,-0.07126760563380281,-2.3224871178289246,2.179951906561319,False,True,Meta-Llama-3.1-8B-Instruct|s0
RedHatAI/Meta-Llama-3.1-8B-Instruct-quantized.w8a16,llama-3,Meta-Llama-3.1-8B-Instruct,w8a16,winogrande,78.06,77.51,-0.55,-0.07126760563380281,-2.3224871178289246,2.179951906561319,False,True,Meta-Llama-3.1-8B-Instruct|s0
RedHatAI/Meta-Llama-3.1-8B-Instruct-quantized.w8a16,llama-3,Meta-Llama-3.1-8B-Instruct,w8a16,truthfulqa,54.48,54.41,-0.07,-0.07126760563380281,-2.3224871178289246,2.179951906561319,False,True,Meta-Llama-3.1-8B-Instruct|s0
RedHatAI/Meta-Llama-3.1-8B-Instruct-quantized.w8a8,llama-3,Meta-Llama-3.1-8B-Instruct,w8a8_int,arena_hard,25.8,27.2,1.4,-0.44216417910447764,-2.693383691299599,1.809055333090644,False,True,Meta-Llama-3.1-8B-Instruct|s0
RedHatAI/Meta-Llama-3.1-8B-Instruct-quantized.w8a8,llama-3,Meta-Llama-3.1-8B-Instruct,w8a8_int,mmlu,68.3,67.8,-0.5,-0.44216417910447764,-2.693383691299599,1.809055333090644,False,True,Meta-Llama-3.1-8B-Instruct|s0
RedHatAI/Meta-Llama-3.1-8B-Instruct-quantized.w8a8,llama-3,Meta-Llama-3.1-8B-Instruct,w8a8_int,mmlu_cot,72.8,72.2,-0.6,-0.44216417910447764,-2.693383691299599,1.809055333090644,False,True,Meta-Llama-3.1-8B-Instruct|s0
RedHatAI/Meta-Llama-3.1-8B-Instruct-quantized.w8a8,llama-3,Meta-Llama-3.1-8B-Instruct,w8a8_int,arc_challenge,81.4,81.7,0.3,-0.44216417910447764,-2.693383691299599,1.809055333090644,False,True,Meta-Llama-3.1-8B-Instruct|s0
RedHatAI/Meta-Llama-3.1-8B-Instruct-quantized.w8a8,llama-3,Meta-Llama-3.1-8B-Instruct,w8a8_int,gsm8k,82.8,84.8,2.0,-0.44216417910447764,-2.693383691299599,1.809055333090644,False,False,Meta-Llama-3.1-8B-Instruct|s0
RedHatAI/Meta-Llama-3.1-8B-Instruct-quantized.w8a8,llama-3,Meta-Llama-3.1-8B-Instruct,w8a8_int,hellaswag,80.5,80.3,-0.2,-0.44216417910447764,-2.693383691299599,1.809055333090644,False,True,Meta-Llama-3.1-8B-Instruct|s0
RedHatAI/Meta-Llama-3.1-8B-Instruct-quantized.w8a8,llama-3,Meta-Llama-3.1-8B-Instruct,w8a8_int,winogrande,78.1,78.5,0.4,-0.44216417910447764,-2.693383691299599,1.809055333090644,False,True,Meta-Llama-3.1-8B-Instruct|s0
RedHatAI/Meta-Llama-3.1-8B-Instruct-quantized.w8a8,llama-3,Meta-Llama-3.1-8B-Instruct,w8a8_int,truthfulqa,54.5,54.7,0.2,-0.44216417910447764,-2.693383691299599,1.809055333090644,False,True,Meta-Llama-3.1-8B-Instruct|s0
RedHatAI/Meta-Llama-3.1-8B-Instruct-quantized.w8a8,llama-3,Meta-Llama-3.1-8B-Instruct,w8a8_int,mmlu_pro,30.8,30.9,0.1,-0.44216417910447764,-2.693383691299599,1.809055333090644,False,True,Meta-Llama-3.1-8B-Instruct|s0
RedHatAI/Meta-Llama-3.1-8B-Instruct-quantized.w8a8,llama-3,Meta-Llama-3.1-8B-Instruct,w8a8_int,ifeval,77.9,78.0,0.1,-0.44216417910447764,-2.693383691299599,1.809055333090644,False,True,Meta-Llama-3.1-8B-Instruct|s0
RedHatAI/Meta-Llama-3.1-8B-Instruct-quantized.w8a8,llama-3,Meta-Llama-3.1-8B-Instruct,w8a8_int,bbh,30.1,31.0,0.9,-0.44216417910447764,-2.693383691299599,1.809055333090644,False,True,Meta-Llama-3.1-8B-Instruct|s0
RedHatAI/Meta-Llama-3.1-8B-Instruct-quantized.w8a8,llama-3,Meta-Llama-3.1-8B-Instruct,w8a8_int,humaneval,67.3,67.1,-0.2,-0.44216417910447764,-2.693383691299599,1.809055333090644,False,True,Meta-Llama-3.1-8B-Instruct|s0
RedHatAI/Meta-Llama-3.1-8B-Instruct-quantized.w8a8,llama-3,Meta-Llama-3.1-8B-Instruct,w8a8_int,humaneval_plus,60.7,60.0,-0.7,-0.44216417910447764,-2.693383691299599,1.809055333090644,False,True,Meta-Llama-3.1-8B-Instruct|s0
RedHatAI/Meta-Llama-3.1-8B-Instruct-FP8-dynamic,llama-3,Meta-Llama-3.1-8B-Instruct,fp8_dynamic,mmlu,67.95,68.02,0.07,-0.031176470588235302,-1.7307113543091655,1.6683584131326947,False,True,Meta-Llama-3.1-8B-Instruct|s1
RedHatAI/Meta-Llama-3.1-8B-Instruct-FP8-dynamic,llama-3,Meta-Llama-3.1-8B-Instruct,fp8_dynamic,arena_hard,25.8,27.2,1.4,-0.031176470588235302,-1.7307113543091655,1.6683584131326947,False,True,Meta-Llama-3.1-8B-Instruct|s1
RedHatAI/Meta-Llama-3.1-8B-Instruct-FP8-dynamic,llama-3,Meta-Llama-3.1-8B-Instruct,fp8_dynamic,mmlu_cot,71.2,71.6,0.4,-0.031176470588235302,-1.7307113543091655,1.6683584131326947,False,True,Meta-Llama-3.1-8B-Instruct|s1
RedHatAI/Meta-Llama-3.1-8B-Instruct-FP8-dynamic,llama-3,Meta-Llama-3.1-8B-Instruct,fp8_dynamic,arc_challenge,82.0,81.2,-0.8,-0.031176470588235302,-1.7307113543091655,1.6683584131326947,False,True,Meta-Llama-3.1-8B-Instruct|s1
RedHatAI/Meta-Llama-3.1-8B-Instruct-FP8-dynamic,llama-3,Meta-Llama-3.1-8B-Instruct,fp8_dynamic,gsm8k,82.0,82.0,0.0,-0.031176470588235302,-1.7307113543091655,1.6683584131326947,False,True,Meta-Llama-3.1-8B-Instruct|s1
RedHatAI/Meta-Llama-3.1-8B-Instruct-FP8-dynamic,llama-3,Meta-Llama-3.1-8B-Instruct,fp8_dynamic,hellaswag,80.5,80.0,-0.5,-0.031176470588235302,-1.7307113543091655,1.6683584131326947,False,True,Meta-Llama-3.1-8B-Instruct|s1
RedHatAI/Meta-Llama-3.1-8B-Instruct-FP8-dynamic,llama-3,Meta-Llama-3.1-8B-Instruct,fp8_dynamic,winogrande,78.5,77.7,-0.8,-0.031176470588235302,-1.7307113543091655,1.6683584131326947,False,True,Meta-Llama-3.1-8B-Instruct|s1
RedHatAI/Meta-Llama-3.1-8B-Instruct-FP8-dynamic,llama-3,Meta-Llama-3.1-8B-Instruct,fp8_dynamic,truthfulqa,54.5,54.3,-0.2,-0.031176470588235302,-1.7307113543091655,1.6683584131326947,False,True,Meta-Llama-3.1-8B-Instruct|s1
RedHatAI/Meta-Llama-3.1-8B-Instruct-FP8-dynamic,llama-3,Meta-Llama-3.1-8B-Instruct,fp8_dynamic,mmlu_pro,30.8,31.2,0.4,-0.031176470588235302,-1.7307113543091655,1.6683584131326947,False,True,Meta-Llama-3.1-8B-Instruct|s1
RedHatAI/Meta-Llama-3.1-8B-Instruct-FP8-dynamic,llama-3,Meta-Llama-3.1-8B-Instruct,fp8_dynamic,ifeval,77.9,77.2,-0.7,-0.031176470588235302,-1.7307113543091655,1.6683584131326947,False,True,Meta-Llama-3.1-8B-Instruct|s1
RedHatAI/Meta-Llama-3.1-8B-Instruct-FP8-dynamic,llama-3,Meta-Llama-3.1-8B-Instruct,fp8_dynamic,bbh,30.1,29.7,-0.4,-0.031176470588235302,-1.7307113543091655,1.6683584131326947,False,True,Meta-Llama-3.1-8B-Instruct|s1
RedHatAI/Meta-Llama-3.1-8B-Instruct-FP8-dynamic,llama-3,Meta-Llama-3.1-8B-Instruct,fp8_dynamic,humaneval,67.3,67.3,0.0,-0.031176470588235302,-1.7307113543091655,1.6683584131326947,False,True,Meta-Llama-3.1-8B-Instruct|s1
RedHatAI/Meta-Llama-3.1-8B-Instruct-FP8-dynamic,llama-3,Meta-Llama-3.1-8B-Instruct,fp8_dynamic,humaneval_plus,60.7,61.3,0.6,-0.031176470588235302,-1.7307113543091655,1.6683584131326947,False,True,Meta-Llama-3.1-8B-Instruct|s1
RedHatAI/Meta-Llama-3.1-8B-Instruct-FP8,llama-3,Meta-Llama-3.1-8B-Instruct,fp8,mmlu,67.95,67.97,0.02,-0.20046511627906974,-1.9,1.4990697674418603,False,True,Meta-Llama-3.1-8B-Instruct|s1
RedHatAI/Meta-Llama-3.1-8B-Instruct-FP8,llama-3,Meta-Llama-3.1-8B-Instruct,fp8,mmlu_cot,71.24,71.12,-0.12,-0.20046511627906974,-1.9,1.4990697674418603,False,True,Meta-Llama-3.1-8B-Instruct|s1
RedHatAI/Meta-Llama-3.1-8B-Instruct-FP8,llama-3,Meta-Llama-3.1-8B-Instruct,fp8,arc_challenge,82.0,81.66,-0.34,-0.20046511627906974,-1.9,1.4990697674418603,False,True,Meta-Llama-3.1-8B-Instruct|s1
RedHatAI/Meta-Llama-3.1-8B-Instruct-FP8,llama-3,Meta-Llama-3.1-8B-Instruct,fp8,gsm8k,81.96,81.12,-0.84,-0.20046511627906974,-1.9,1.4990697674418603,False,True,Meta-Llama-3.1-8B-Instruct|s1
RedHatAI/Meta-Llama-3.1-8B-Instruct-FP8,llama-3,Meta-Llama-3.1-8B-Instruct,fp8,hellaswag,80.46,80.4,-0.06,-0.20046511627906974,-1.9,1.4990697674418603,False,True,Meta-Llama-3.1-8B-Instruct|s1
RedHatAI/Meta-Llama-3.1-8B-Instruct-FP8,llama-3,Meta-Llama-3.1-8B-Instruct,fp8,winogrande,78.45,77.9,-0.55,-0.20046511627906974,-1.9,1.4990697674418603,False,True,Meta-Llama-3.1-8B-Instruct|s1
RedHatAI/Meta-Llama-3.1-8B-Instruct-FP8,llama-3,Meta-Llama-3.1-8B-Instruct,fp8,truthfulqa,54.5,53.92,-0.58,-0.20046511627906974,-1.9,1.4990697674418603,False,True,Meta-Llama-3.1-8B-Instruct|s1
RedHatAI/Meta-Llama-3.1-8B-Instruct-quantized.w4a16,llama-3,Meta-Llama-3.1-8B-Instruct,w4a16,arena_hard,25.8,27.2,1.4,-0.70841059602649,-2.4079454797474202,0.99112428769444,False,False,Meta-Llama-3.1-8B-Instruct|s1
RedHatAI/Meta-Llama-3.1-8B-Instruct-quantized.w4a16,llama-3,Meta-Llama-3.1-8B-Instruct,w4a16,mmlu,68.3,66.9,-1.4,-0.70841059602649,-2.4079454797474202,0.99112428769444,False,True,Meta-Llama-3.1-8B-Instruct|s1
RedHatAI/Meta-Llama-3.1-8B-Instruct-quantized.w4a16,llama-3,Meta-Llama-3.1-8B-Instruct,w4a16,mmlu_cot,72.8,71.1,-1.7,-0.70841059602649,-2.4079454797474202,0.99112428769444,False,True,Meta-Llama-3.1-8B-Instruct|s1
RedHatAI/Meta-Llama-3.1-8B-Instruct-quantized.w4a16,llama-3,Meta-Llama-3.1-8B-Instruct,w4a16,gsm8k,82.8,82.9,0.1,-0.70841059602649,-2.4079454797474202,0.99112428769444,False,True,Meta-Llama-3.1-8B-Instruct|s1
RedHatAI/Meta-Llama-3.1-8B-Instruct-quantized.w4a16,llama-3,Meta-Llama-3.1-8B-Instruct,w4a16,hellaswag,80.5,79.9,-0.6,-0.70841059602649,-2.4079454797474202,0.99112428769444,False,True,Meta-Llama-3.1-8B-Instruct|s1
RedHatAI/Meta-Llama-3.1-8B-Instruct-quantized.w4a16,llama-3,Meta-Llama-3.1-8B-Instruct,w4a16,winogrande,78.1,78.0,-0.1,-0.70841059602649,-2.4079454797474202,0.99112428769444,False,True,Meta-Llama-3.1-8B-Instruct|s1
RedHatAI/Meta-Llama-3.1-8B-Instruct-quantized.w4a16,llama-3,Meta-Llama-3.1-8B-Instruct,w4a16,truthfulqa,54.5,52.8,-1.7,-0.70841059602649,-2.4079454797474202,0.99112428769444,False,True,Meta-Llama-3.1-8B-Instruct|s1
RedHatAI/Meta-Llama-3.1-8B-Instruct-quantized.w4a16,llama-3,Meta-Llama-3.1-8B-Instruct,w4a16,mmlu_pro,30.8,28.8,-2.0,-0.70841059602649,-2.4079454797474202,0.99112428769444,False,True,Meta-Llama-3.1-8B-Instruct|s1
RedHatAI/Meta-Llama-3.1-8B-Instruct-quantized.w4a16,llama-3,Meta-Llama-3.1-8B-Instruct,w4a16,ifeval,77.9,76.3,-1.6,-0.70841059602649,-2.4079454797474202,0.99112428769444,False,True,Meta-Llama-3.1-8B-Instruct|s1
RedHatAI/Meta-Llama-3.1-8B-Instruct-quantized.w4a16,llama-3,Meta-Llama-3.1-8B-Instruct,w4a16,bbh,30.1,28.9,-1.2,-0.70841059602649,-2.4079454797474202,0.99112428769444,False,True,Meta-Llama-3.1-8B-Instruct|s1
RedHatAI/Meta-Llama-3.1-8B-Instruct-quantized.w4a16,llama-3,Meta-Llama-3.1-8B-Instruct,w4a16,humaneval,67.3,67.1,-0.2,-0.70841059602649,-2.4079454797474202,0.99112428769444,False,True,Meta-Llama-3.1-8B-Instruct|s1
RedHatAI/Meta-Llama-3.1-8B-Instruct-quantized.w4a16,llama-3,Meta-Llama-3.1-8B-Instruct,w4a16,humaneval_plus,60.7,59.1,-1.6,-0.70841059602649,-2.4079454797474202,0.99112428769444,False,True,Meta-Llama-3.1-8B-Instruct|s1
RedHatAI/Meta-Llama-3.1-8B-Instruct-quantized.w8a16,llama-3,Meta-Llama-3.1-8B-Instruct,w8a16,hellaswag,80.47,80.48,0.01,-0.12492307692307691,-1.824457960644007,1.5746118067978532,False,True,Meta-Llama-3.1-8B-Instruct|s1
RedHatAI/Meta-Llama-3.1-8B-Instruct-quantized.w8a16,llama-3,Meta-Llama-3.1-8B-Instruct,w8a16,winogrande,78.06,77.51,-0.55,-0.12492307692307691,-1.824457960644007,1.5746118067978532,False,True,Meta-Llama-3.1-8B-Instruct|s1
RedHatAI/Meta-Llama-3.1-8B-Instruct-quantized.w8a16,llama-3,Meta-Llama-3.1-8B-Instruct,w8a16,truthfulqa,54.48,54.41,-0.07,-0.12492307692307691,-1.824457960644007,1.5746118067978532,False,True,Meta-Llama-3.1-8B-Instruct|s1
RedHatAI/Meta-Llama-3.1-8B-Instruct-quantized.w8a8,llama-3,Meta-Llama-3.1-8B-Instruct,w8a8_int,arena_hard,25.8,27.2,1.4,-0.37588235294117645,-2.0754172366621066,1.3236525307797535,False,False,Meta-Llama-3.1-8B-Instruct|s1
RedHatAI/Meta-Llama-3.1-8B-Instruct-quantized.w8a8,llama-3,Meta-Llama-3.1-8B-Instruct,w8a8_int,mmlu,68.3,67.8,-0.5,-0.37588235294117645,-2.0754172366621066,1.3236525307797535,False,True,Meta-Llama-3.1-8B-Instruct|s1
RedHatAI/Meta-Llama-3.1-8B-Instruct-quantized.w8a8,llama-3,Meta-Llama-3.1-8B-Instruct,w8a8_int,mmlu_cot,72.8,72.2,-0.6,-0.37588235294117645,-2.0754172366621066,1.3236525307797535,False,True,Meta-Llama-3.1-8B-Instruct|s1
RedHatAI/Meta-Llama-3.1-8B-Instruct-quantized.w8a8,llama-3,Meta-Llama-3.1-8B-Instruct,w8a8_int,arc_challenge,81.4,81.7,0.3,-0.37588235294117645,-2.0754172366621066,1.3236525307797535,False,True,Meta-Llama-3.1-8B-Instruct|s1
RedHatAI/Meta-Llama-3.1-8B-Instruct-quantized.w8a8,llama-3,Meta-Llama-3.1-8B-Instruct,w8a8_int,gsm8k,82.8,84.8,2.0,-0.37588235294117645,-2.0754172366621066,1.3236525307797535,False,False,Meta-Llama-3.1-8B-Instruct|s1
RedHatAI/Meta-Llama-3.1-8B-Instruct-quantized.w8a8,llama-3,Meta-Llama-3.1-8B-Instruct,w8a8_int,hellaswag,80.5,80.3,-0.2,-0.37588235294117645,-2.0754172366621066,1.3236525307797535,False,True,Meta-Llama-3.1-8B-Instruct|s1
RedHatAI/Meta-Llama-3.1-8B-Instruct-quantized.w8a8,llama-3,Meta-Llama-3.1-8B-Instruct,w8a8_int,winogrande,78.1,78.5,0.4,-0.37588235294117645,-2.0754172366621066,1.3236525307797535,False,True,Meta-Llama-3.1-8B-Instruct|s1
RedHatAI/Meta-Llama-3.1-8B-Instruct-quantized.w8a8,llama-3,Meta-Llama-3.1-8B-Instruct,w8a8_int,truthfulqa,54.5,54.7,0.2,-0.37588235294117645,-2.0754172366621066,1.3236525307797535,False,True,Meta-Llama-3.1-8B-Instruct|s1
RedHatAI/Meta-Llama-3.1-8B-Instruct-quantized.w8a8,llama-3,Meta-Llama-3.1-8B-Instruct,w8a8_int,mmlu_pro,30.8,30.9,0.1,-0.37588235294117645,-2.0754172366621066,1.3236525307797535,False,True,Meta-Llama-3.1-8B-Instruct|s1
RedHatAI/Meta-Llama-3.1-8B-Instruct-quantized.w8a8,llama-3,Meta-Llama-3.1-8B-Instruct,w8a8_int,ifeval,77.9,78.0,0.1,-0.37588235294117645,-2.0754172366621066,1.3236525307797535,False,True,Meta-Llama-3.1-8B-Instruct|s1
RedHatAI/Meta-Llama-3.1-8B-Instruct-quantized.w8a8,llama-3,Meta-Llama-3.1-8B-Instruct,w8a8_int,bbh,30.1,31.0,0.9,-0.37588235294117645,-2.0754172366621066,1.3236525307797535,False,True,Meta-Llama-3.1-8B-Instruct|s1
RedHatAI/Meta-Llama-3.1-8B-Instruct-quantized.w8a8,llama-3,Meta-Llama-3.1-8B-Instruct,w8a8_int,humaneval,67.3,67.1,-0.2,-0.37588235294117645,-2.0754172366621066,1.3236525307797535,False,True,Meta-Llama-3.1-8B-Instruct|s1
RedHatAI/Meta-Llama-3.1-8B-Instruct-quantized.w8a8,llama-3,Meta-Llama-3.1-8B-Instruct,w8a8_int,humaneval_plus,60.7,60.0,-0.7,-0.37588235294117645,-2.0754172366621066,1.3236525307797535,False,True,Meta-Llama-3.1-8B-Instruct|s1
RedHatAI/Meta-Llama-3.1-8B-Instruct-FP8-dynamic,llama-3,Meta-Llama-3.1-8B-Instruct,fp8_dynamic,mmlu,67.95,68.02,0.07,-0.033018867924528315,-1.6235705920624592,1.5575328562134028,False,True,Meta-Llama-3.1-8B-Instruct|s2
RedHatAI/Meta-Llama-3.1-8B-Instruct-FP8-dynamic,llama-3,Meta-Llama-3.1-8B-Instruct,fp8_dynamic,arena_hard,25.8,27.2,1.4,-0.033018867924528315,-1.6235705920624592,1.5575328562134028,False,True,Meta-Llama-3.1-8B-Instruct|s2
RedHatAI/Meta-Llama-3.1-8B-Instruct-FP8-dynamic,llama-3,Meta-Llama-3.1-8B-Instruct,fp8_dynamic,mmlu_cot,71.2,71.6,0.4,-0.033018867924528315,-1.6235705920624592,1.5575328562134028,False,True,Meta-Llama-3.1-8B-Instruct|s2
RedHatAI/Meta-Llama-3.1-8B-Instruct-FP8-dynamic,llama-3,Meta-Llama-3.1-8B-Instruct,fp8_dynamic,arc_challenge,82.0,81.2,-0.8,-0.033018867924528315,-1.6235705920624592,1.5575328562134028,False,True,Meta-Llama-3.1-8B-Instruct|s2
RedHatAI/Meta-Llama-3.1-8B-Instruct-FP8-dynamic,llama-3,Meta-Llama-3.1-8B-Instruct,fp8_dynamic,gsm8k,82.0,82.0,0.0,-0.033018867924528315,-1.6235705920624592,1.5575328562134028,False,True,Meta-Llama-3.1-8B-Instruct|s2
RedHatAI/Meta-Llama-3.1-8B-Instruct-FP8-dynamic,llama-3,Meta-Llama-3.1-8B-Instruct,fp8_dynamic,hellaswag,80.5,80.0,-0.5,-0.033018867924528315,-1.6235705920624592,1.5575328562134028,False,True,Meta-Llama-3.1-8B-Instruct|s2
RedHatAI/Meta-Llama-3.1-8B-Instruct-FP8-dynamic,llama-3,Meta-Llama-3.1-8B-Instruct,fp8_dynamic,winogrande,78.5,77.7,-0.8,-0.033018867924528315,-1.6235705920624592,1.5575328562134028,False,True,Meta-Llama-3.1-8B-Instruct|s2
RedHatAI/Meta-Llama-3.1-8B-Instruct-FP8-dynamic,llama-3,Meta-Llama-3.1-8B-Instruct,fp8_dynamic,truthfulqa,54.5,54.3,-0.2,-0.033018867924528315,-1.6235705920624592,1.5575328562134028,False,True,Meta-Llama-3.1-8B-Instruct|s2
RedHatAI/Meta-Llama-3.1-8B-Instruct-FP8-dynamic,llama-3,Meta-Llama-3.1-8B-Instruct,fp8_dynamic,mmlu_pro,30.8,31.2,0.4,-0.033018867924528315,-1.6235705920624592,1.5575328562134028,False,True,Meta-Llama-3.1-8B-Instruct|s2
RedHatAI/Meta-Llama-3.1-8B-Instruct-FP8-dynamic,llama-3,Meta-Llama-3.1-8B-Instruct,fp8_dynamic,ifeval,77.9,77.2,-0.7,-0.033018867924528315,-1.6235705920624592,1.5575328562134028,False,True,Meta-Llama-3.1-8B-Instruct|s2
RedHatAI/Meta-Llama-3.1-8B-Instruct-FP8-dynamic,llama-3,Meta-Llama-3.1-8B-Instruct,fp8_dynamic,bbh,30.1,29.7,-0.4,-0.033018867924528315,-1.6235705920624592,1.5575328562134028,False,True,Meta-Llama-3.1-8B-Instruct|s2
RedHatAI/Meta-Llama-3.1-8B-Instruct-FP8-dynamic,llama-3,Meta-Llama-3.1-8B-Instruct,fp8_dynamic,humaneval,67.3,67.3,0.0,-0.033018867924528315,-1.6235705920624592,1.5575328562134028,False,True,Meta-Llama-3.1-8B-Instruct|s2
RedHatAI/Meta-Llama-3.1-8B-Instruct-FP8-dynamic,llama-3,Meta-Llama-3.1-8B-Instruct,fp8_dynamic,humaneval_plus,60.7,61.3,0.6,-0.033018867924528315,-1.6235705920624592,1.5575328562134028,False,True,Meta-Llama-3.1-8B-Instruct|s2
RedHatAI/Meta-Llama-3.1-8B-Instruct-FP8,llama-3,Meta-Llama-3.1-8B-Instruct,fp8,mmlu,67.95,67.97,0.02,-0.21068181818181816,-1.8012335423197492,1.3798699059561128,False,True,Meta-Llama-3.1-8B-Instruct|s2
RedHatAI/Meta-Llama-3.1-8B-Instruct-FP8,llama-3,Meta-Llama-3.1-8B-Instruct,fp8,mmlu_cot,71.24,71.12,-0.12,-0.21068181818181816,-1.8012335423197492,1.3798699059561128,False,True,Meta-Llama-3.1-8B-Instruct|s2
RedHatAI/Meta-Llama-3.1-8B-Instruct-FP8,llama-3,Meta-Llama-3.1-8B-Instruct,fp8,arc_challenge,82.0,81.66,-0.34,-0.21068181818181816,-1.8012335423197492,1.3798699059561128,False,True,Meta-Llama-3.1-8B-Instruct|s2
RedHatAI/Meta-Llama-3.1-8B-Instruct-FP8,llama-3,Meta-Llama-3.1-8B-Instruct,fp8,gsm8k,81.96,81.12,-0.84,-0.21068181818181816,-1.8012335423197492,1.3798699059561128,False,True,Meta-Llama-3.1-8B-Instruct|s2
RedHatAI/Meta-Llama-3.1-8B-Instruct-FP8,llama-3,Meta-Llama-3.1-8B-Instruct,fp8,hellaswag,80.46,80.4,-0.06,-0.21068181818181816,-1.8012335423197492,1.3798699059561128,False,True,Meta-Llama-3.1-8B-Instruct|s2
RedHatAI/Meta-Llama-3.1-8B-Instruct-FP8,llama-3,Meta-Llama-3.1-8B-Instruct,fp8,winogrande,78.45,77.9,-0.55,-0.21068181818181816,-1.8012335423197492,1.3798699059561128,False,True,Meta-Llama-3.1-8B-Instruct|s2
RedHatAI/Meta-Llama-3.1-8B-Instruct-FP8,llama-3,Meta-Llama-3.1-8B-Instruct,fp8,truthfulqa,54.5,53.92,-0.58,-0.21068181818181816,-1.8012335423197492,1.3798699059561128,False,True,Meta-Llama-3.1-8B-Instruct|s2
RedHatAI/Meta-Llama-3.1-8B-Instruct-quantized.w4a16,llama-3,Meta-Llama-3.1-8B-Instruct,w4a16,arena_hard,25.8,27.2,1.4,-0.680551724137931,-2.271103448275862,0.91,False,False,Meta-Llama-3.1-8B-Instruct|s2
RedHatAI/Meta-Llama-3.1-8B-Instruct-quantized.w4a16,llama-3,Meta-Llama-3.1-8B-Instruct,w4a16,mmlu,68.3,66.9,-1.4,-0.680551724137931,-2.271103448275862,0.91,False,True,Meta-Llama-3.1-8B-Instruct|s2
RedHatAI/Meta-Llama-3.1-8B-Instruct-quantized.w4a16,llama-3,Meta-Llama-3.1-8B-Instruct,w4a16,mmlu_cot,72.8,71.1,-1.7,-0.680551724137931,-2.271103448275862,0.91,False,True,Meta-Llama-3.1-8B-Instruct|s2
RedHatAI/Meta-Llama-3.1-8B-Instruct-quantized.w4a16,llama-3,Meta-Llama-3.1-8B-Instruct,w4a16,gsm8k,82.8,82.9,0.1,-0.680551724137931,-2.271103448275862,0.91,False,True,Meta-Llama-3.1-8B-Instruct|s2
RedHatAI/Meta-Llama-3.1-8B-Instruct-quantized.w4a16,llama-3,Meta-Llama-3.1-8B-Instruct,w4a16,hellaswag,80.5,79.9,-0.6,-0.680551724137931,-2.271103448275862,0.91,False,True,Meta-Llama-3.1-8B-Instruct|s2
RedHatAI/Meta-Llama-3.1-8B-Instruct-quantized.w4a16,llama-3,Meta-Llama-3.1-8B-Instruct,w4a16,winogrande,78.1,78.0,-0.1,-0.680551724137931,-2.271103448275862,0.91,False,True,Meta-Llama-3.1-8B-Instruct|s2
RedHatAI/Meta-Llama-3.1-8B-Instruct-quantized.w4a16,llama-3,Meta-Llama-3.1-8B-Instruct,w4a16,truthfulqa,54.5,52.8,-1.7,-0.680551724137931,-2.271103448275862,0.91,False,True,Meta-Llama-3.1-8B-Instruct|s2
RedHatAI/Meta-Llama-3.1-8B-Instruct-quantized.w4a16,llama-3,Meta-Llama-3.1-8B-Instruct,w4a16,mmlu_pro,30.8,28.8,-2.0,-0.680551724137931,-2.271103448275862,0.91,False,True,Meta-Llama-3.1-8B-Instruct|s2
RedHatAI/Meta-Llama-3.1-8B-Instruct-quantized.w4a16,llama-3,Meta-Llama-3.1-8B-Instruct,w4a16,ifeval,77.9,76.3,-1.6,-0.680551724137931,-2.271103448275862,0.91,False,True,Meta-Llama-3.1-8B-Instruct|s2
RedHatAI/Meta-Llama-3.1-8B-Instruct-quantized.w4a16,llama-3,Meta-Llama-3.1-8B-Instruct,w4a16,bbh,30.1,28.9,-1.2,-0.680551724137931,-2.271103448275862,0.91,False,True,Meta-Llama-3.1-8B-Instruct|s2
RedHatAI/Meta-Llama-3.1-8B-Instruct-quantized.w4a16,llama-3,Meta-Llama-3.1-8B-Instruct,w4a16,humaneval,67.3,67.1,-0.2,-0.680551724137931,-2.271103448275862,0.91,False,True,Meta-Llama-3.1-8B-Instruct|s2
RedHatAI/Meta-Llama-3.1-8B-Instruct-quantized.w4a16,llama-3,Meta-Llama-3.1-8B-Instruct,w4a16,humaneval_plus,60.7,59.1,-1.6,-0.680551724137931,-2.271103448275862,0.91,False,True,Meta-Llama-3.1-8B-Instruct|s2
RedHatAI/Meta-Llama-3.1-8B-Instruct-quantized.w8a16,llama-3,Meta-Llama-3.1-8B-Instruct,w8a16,hellaswag,80.47,80.48,0.01,-0.15818181818181817,-1.7487335423197492,1.4323699059561128,False,True,Meta-Llama-3.1-8B-Instruct|s2
RedHatAI/Meta-Llama-3.1-8B-Instruct-quantized.w8a16,llama-3,Meta-Llama-3.1-8B-Instruct,w8a16,winogrande,78.06,77.51,-0.55,-0.15818181818181817,-1.7487335423197492,1.4323699059561128,False,True,Meta-Llama-3.1-8B-Instruct|s2
RedHatAI/Meta-Llama-3.1-8B-Instruct-quantized.w8a16,llama-3,Meta-Llama-3.1-8B-Instruct,w8a16,truthfulqa,54.48,54.41,-0.07,-0.15818181818181817,-1.7487335423197492,1.4323699059561128,False,True,Meta-Llama-3.1-8B-Instruct|s2
RedHatAI/Meta-Llama-3.1-8B-Instruct-quantized.w8a8,llama-3,Meta-Llama-3.1-8B-Instruct,w8a8_int,arena_hard,25.8,27.2,1.4,-0.4088157894736842,-1.9993675136116151,1.1817359346642469,False,False,Meta-Llama-3.1-8B-Instruct|s2
RedHatAI/Meta-Llama-3.1-8B-Instruct-quantized.w8a8,llama-3,Meta-Llama-3.1-8B-Instruct,w8a8_int,mmlu,68.3,67.8,-0.5,-0.4088157894736842,-1.9993675136116151,1.1817359346642469,False,True,Meta-Llama-3.1-8B-Instruct|s2
RedHatAI/Meta-Llama-3.1-8B-Instruct-quantized.w8a8,llama-3,Meta-Llama-3.1-8B-Instruct,w8a8_int,mmlu_cot,72.8,72.2,-0.6,-0.4088157894736842,-1.9993675136116151,1.1817359346642469,False,True,Meta-Llama-3.1-8B-Instruct|s2
RedHatAI/Meta-Llama-3.1-8B-Instruct-quantized.w8a8,llama-3,Meta-Llama-3.1-8B-Instruct,w8a8_int,arc_challenge,81.4,81.7,0.3,-0.4088157894736842,-1.9993675136116151,1.1817359346642469,False,True,Meta-Llama-3.1-8B-Instruct|s2
RedHatAI/Meta-Llama-3.1-8B-Instruct-quantized.w8a8,llama-3,Meta-Llama-3.1-8B-Instruct,w8a8_int,gsm8k,82.8,84.8,2.0,-0.4088157894736842,-1.9993675136116151,1.1817359346642469,False,False,Meta-Llama-3.1-8B-Instruct|s2
RedHatAI/Meta-Llama-3.1-8B-Instruct-quantized.w8a8,llama-3,Meta-Llama-3.1-8B-Instruct,w8a8_int,hellaswag,80.5,80.3,-0.2,-0.4088157894736842,-1.9993675136116151,1.1817359346642469,False,True,Meta-Llama-3.1-8B-Instruct|s2
RedHatAI/Meta-Llama-3.1-8B-Instruct-quantized.w8a8,llama-3,Meta-Llama-3.1-8B-Instruct,w8a8_int,winogrande,78.1,78.5,0.4,-0.4088157894736842,-1.9993675136116151,1.1817359346642469,False,True,Meta-Llama-3.1-8B-Instruct|s2
RedHatAI/Meta-Llama-3.1-8B-Instruct-quantized.w8a8,llama-3,Meta-Llama-3.1-8B-Instruct,w8a8_int,truthfulqa,54.5,54.7,0.2,-0.4088157894736842,-1.9993675136116151,1.1817359346642469,False,True,Meta-Llama-3.1-8B-Instruct|s2
RedHatAI/Meta-Llama-3.1-8B-Instruct-quantized.w8a8,llama-3,Meta-Llama-3.1-8B-Instruct,w8a8_int,mmlu_pro,30.8,30.9,0.1,-0.4088157894736842,-1.9993675136116151,1.1817359346642469,False,True,Meta-Llama-3.1-8B-Instruct|s2
RedHatAI/Meta-Llama-3.1-8B-Instruct-quantized.w8a8,llama-3,Meta-Llama-3.1-8B-Instruct,w8a8_int,ifeval,77.9,78.0,0.1,-0.4088157894736842,-1.9993675136116151,1.1817359346642469,False,True,Meta-Llama-3.1-8B-Instruct|s2
RedHatAI/Meta-Llama-3.1-8B-Instruct-quantized.w8a8,llama-3,Meta-Llama-3.1-8B-Instruct,w8a8_int,bbh,30.1,31.0,0.9,-0.4088157894736842,-1.9993675136116151,1.1817359346642469,False,True,Meta-Llama-3.1-8B-Instruct|s2
RedHatAI/Meta-Llama-3.1-8B-Instruct-quantized.w8a8,llama-3,Meta-Llama-3.1-8B-Instruct,w8a8_int,humaneval,67.3,67.1,-0.2,-0.4088157894736842,-1.9993675136116151,1.1817359346642469,False,True,Meta-Llama-3.1-8B-Instruct|s2
RedHatAI/Meta-Llama-3.1-8B-Instruct-quantized.w8a8,llama-3,Meta-Llama-3.1-8B-Instruct,w8a8_int,humaneval_plus,60.7,60.0,-0.7,-0.4088157894736842,-1.9993675136116151,1.1817359346642469,False,True,Meta-Llama-3.1-8B-Instruct|s2
RedHatAI/Meta-Llama-3.1-8B-Instruct-FP8-dynamic,llama-3,Meta-Llama-3.1-8B-Instruct,fp8_dynamic,mmlu,67.95,68.02,0.07,-0.06815384615384615,-1.5719038461538464,1.435596153846154,False,True,Meta-Llama-3.1-8B-Instruct|s3
RedHatAI/Meta-Llama-3.1-8B-Instruct-FP8-dynamic,llama-3,Meta-Llama-3.1-8B-Instruct,fp8_dynamic,arena_hard,25.8,27.2,1.4,-0.06815384615384615,-1.5719038461538464,1.435596153846154,False,True,Meta-Llama-3.1-8B-Instruct|s3
RedHatAI/Meta-Llama-3.1-8B-Instruct-FP8-dynamic,llama-3,Meta-Llama-3.1-8B-Instruct,fp8_dynamic,mmlu_cot,71.2,71.6,0.4,-0.06815384615384615,-1.5719038461538464,1.435596153846154,False,True,Meta-Llama-3.1-8B-Instruct|s3
RedHatAI/Meta-Llama-3.1-8B-Instruct-FP8-dynamic,llama-3,Meta-Llama-3.1-8B-Instruct,fp8_dynamic,arc_challenge,82.0,81.2,-0.8,-0.06815384615384615,-1.5719038461538464,1.435596153846154,False,True,Meta-Llama-3.1-8B-Instruct|s3
RedHatAI/Meta-Llama-3.1-8B-Instruct-FP8-dynamic,llama-3,Meta-Llama-3.1-8B-Instruct,fp8_dynamic,gsm8k,82.0,82.0,0.0,-0.06815384615384615,-1.5719038461538464,1.435596153846154,False,True,Meta-Llama-3.1-8B-Instruct|s3
RedHatAI/Meta-Llama-3.1-8B-Instruct-FP8-dynamic,llama-3,Meta-Llama-3.1-8B-Instruct,fp8_dynamic,hellaswag,80.5,80.0,-0.5,-0.06815384615384615,-1.5719038461538464,1.435596153846154,False,True,Meta-Llama-3.1-8B-Instruct|s3
RedHatAI/Meta-Llama-3.1-8B-Instruct-FP8-dynamic,llama-3,Meta-Llama-3.1-8B-Instruct,fp8_dynamic,winogrande,78.5,77.7,-0.8,-0.06815384615384615,-1.5719038461538464,1.435596153846154,False,True,Meta-Llama-3.1-8B-Instruct|s3
RedHatAI/Meta-Llama-3.1-8B-Instruct-FP8-dynamic,llama-3,Meta-Llama-3.1-8B-Instruct,fp8_dynamic,truthfulqa,54.5,54.3,-0.2,-0.06815384615384615,-1.5719038461538464,1.435596153846154,False,True,Meta-Llama-3.1-8B-Instruct|s3
RedHatAI/Meta-Llama-3.1-8B-Instruct-FP8-dynamic,llama-3,Meta-Llama-3.1-8B-Instruct,fp8_dynamic,mmlu_pro,30.8,31.2,0.4,-0.06815384615384615,-1.5719038461538464,1.435596153846154,False,True,Meta-Llama-3.1-8B-Instruct|s3
RedHatAI/Meta-Llama-3.1-8B-Instruct-FP8-dynamic,llama-3,Meta-Llama-3.1-8B-Instruct,fp8_dynamic,ifeval,77.9,77.2,-0.7,-0.06815384615384615,-1.5719038461538464,1.435596153846154,False,True,Meta-Llama-3.1-8B-Instruct|s3
RedHatAI/Meta-Llama-3.1-8B-Instruct-FP8-dynamic,llama-3,Meta-Llama-3.1-8B-Instruct,fp8_dynamic,bbh,30.1,29.7,-0.4,-0.06815384615384615,-1.5719038461538464,1.435596153846154,False,True,Meta-Llama-3.1-8B-Instruct|s3
RedHatAI/Meta-Llama-3.1-8B-Instruct-FP8-dynamic,llama-3,Meta-Llama-3.1-8B-Instruct,fp8_dynamic,humaneval,67.3,67.3,0.0,-0.06815384615384615,-1.5719038461538464,1.435596153846154,False,True,Meta-Llama-3.1-8B-Instruct|s3
RedHatAI/Meta-Llama-3.1-8B-Instruct-FP8-dynamic,llama-3,Meta-Llama-3.1-8B-Instruct,fp8_dynamic,humaneval_plus,60.7,61.3,0.6,-0.06815384615384615,-1.5719038461538464,1.435596153846154,False,True,Meta-Llama-3.1-8B-Instruct|s3
RedHatAI/Meta-Llama-3.1-8B-Instruct-FP8,llama-3,Meta-Llama-3.1-8B-Instruct,fp8,mmlu,67.95,67.97,0.02,-0.26145833333333335,-1.7652083333333335,1.2422916666666668,False,True,Meta-Llama-3.1-8B-Instruct|s3
RedHatAI/Meta-Llama-3.1-8B-Instruct-FP8,llama-3,Meta-Llama-3.1-8B-Instruct,fp8,mmlu_cot,71.24,71.12,-0.12,-0.26145833333333335,-1.7652083333333335,1.2422916666666668,False,True,Meta-Llama-3.1-8B-Instruct|s3
RedHatAI/Meta-Llama-3.1-8B-Instruct-FP8,llama-3,Meta-Llama-3.1-8B-Instruct,fp8,arc_challenge,82.0,81.66,-0.34,-0.26145833333333335,-1.7652083333333335,1.2422916666666668,False,True,Meta-Llama-3.1-8B-Instruct|s3
RedHatAI/Meta-Llama-3.1-8B-Instruct-FP8,llama-3,Meta-Llama-3.1-8B-Instruct,fp8,gsm8k,81.96,81.12,-0.84,-0.26145833333333335,-1.7652083333333335,1.2422916666666668,False,True,Meta-Llama-3.1-8B-Instruct|s3
RedHatAI/Meta-Llama-3.1-8B-Instruct-FP8,llama-3,Meta-Llama-3.1-8B-Instruct,fp8,hellaswag,80.46,80.4,-0.06,-0.26145833333333335,-1.7652083333333335,1.2422916666666668,False,True,Meta-Llama-3.1-8B-Instruct|s3
RedHatAI/Meta-Llama-3.1-8B-Instruct-FP8,llama-3,Meta-Llama-3.1-8B-Instruct,fp8,winogrande,78.45,77.9,-0.55,-0.26145833333333335,-1.7652083333333335,1.2422916666666668,False,True,Meta-Llama-3.1-8B-Instruct|s3
RedHatAI/Meta-Llama-3.1-8B-Instruct-FP8,llama-3,Meta-Llama-3.1-8B-Instruct,fp8,truthfulqa,54.5,53.92,-0.58,-0.26145833333333335,-1.7652083333333335,1.2422916666666668,False,True,Meta-Llama-3.1-8B-Instruct|s3
RedHatAI/Meta-Llama-3.1-8B-Instruct-quantized.w4a16,llama-3,Meta-Llama-3.1-8B-Instruct,w4a16,arena_hard,25.8,27.2,1.4,-0.6454666666666666,-2.1492166666666668,0.8582833333333335,False,False,Meta-Llama-3.1-8B-Instruct|s3
RedHatAI/Meta-Llama-3.1-8B-Instruct-quantized.w4a16,llama-3,Meta-Llama-3.1-8B-Instruct,w4a16,mmlu,68.3,66.9,-1.4,-0.6454666666666666,-2.1492166666666668,0.8582833333333335,False,True,Meta-Llama-3.1-8B-Instruct|s3
RedHatAI/Meta-Llama-3.1-8B-Instruct-quantized.w4a16,llama-3,Meta-Llama-3.1-8B-Instruct,w4a16,mmlu_cot,72.8,71.1,-1.7,-0.6454666666666666,-2.1492166666666668,0.8582833333333335,False,True,Meta-Llama-3.1-8B-Instruct|s3
RedHatAI/Meta-Llama-3.1-8B-Instruct-quantized.w4a16,llama-3,Meta-Llama-3.1-8B-Instruct,w4a16,gsm8k,82.8,82.9,0.1,-0.6454666666666666,-2.1492166666666668,0.8582833333333335,False,True,Meta-Llama-3.1-8B-Instruct|s3
RedHatAI/Meta-Llama-3.1-8B-Instruct-quantized.w4a16,llama-3,Meta-Llama-3.1-8B-Instruct,w4a16,hellaswag,80.5,79.9,-0.6,-0.6454666666666666,-2.1492166666666668,0.8582833333333335,False,True,Meta-Llama-3.1-8B-Instruct|s3
RedHatAI/Meta-Llama-3.1-8B-Instruct-quantized.w4a16,llama-3,Meta-Llama-3.1-8B-Instruct,w4a16,winogrande,78.1,78.0,-0.1,-0.6454666666666666,-2.1492166666666668,0.8582833333333335,False,True,Meta-Llama-3.1-8B-Instruct|s3
RedHatAI/Meta-Llama-3.1-8B-Instruct-quantized.w4a16,llama-3,Meta-Llama-3.1-8B-Instruct,w4a16,truthfulqa,54.5,52.8,-1.7,-0.6454666666666666,-2.1492166666666668,0.8582833333333335,False,True,Meta-Llama-3.1-8B-Instruct|s3
RedHatAI/Meta-Llama-3.1-8B-Instruct-quantized.w4a16,llama-3,Meta-Llama-3.1-8B-Instruct,w4a16,mmlu_pro,30.8,28.8,-2.0,-0.6454666666666666,-2.1492166666666668,0.8582833333333335,False,True,Meta-Llama-3.1-8B-Instruct|s3
RedHatAI/Meta-Llama-3.1-8B-Instruct-quantized.w4a16,llama-3,Meta-Llama-3.1-8B-Instruct,w4a16,ifeval,77.9,76.3,-1.6,-0.6454666666666666,-2.1492166666666668,0.8582833333333335,False,True,Meta-Llama-3.1-8B-Instruct|s3
RedHatAI/Meta-Llama-3.1-8B-Instruct-quantized.w4a16,llama-3,Meta-Llama-3.1-8B-Instruct,w4a16,bbh,30.1,28.9,-1.2,-0.6454666666666666,-2.1492166666666668,0.8582833333333335,False,True,Meta-Llama-3.1-8B-Instruct|s3
RedHatAI/Meta-Llama-3.1-8B-Instruct-quantized.w4a16,llama-3,Meta-Llama-3.1-8B-Instruct,w4a16,humaneval,67.3,67.1,-0.2,-0.6454666666666666,-2.1492166666666668,0.8582833333333335,False,True,Meta-Llama-3.1-8B-Instruct|s3
RedHatAI/Meta-Llama-3.1-8B-Instruct-quantized.w4a16,llama-3,Meta-Llama-3.1-8B-Instruct,w4a16,humaneval_plus,60.7,59.1,-1.6,-0.6454666666666666,-2.1492166666666668,0.8582833333333335,False,True,Meta-Llama-3.1-8B-Instruct|s3
RedHatAI/Meta-Llama-3.1-8B-Instruct-quantized.w8a16,llama-3,Meta-Llama-3.1-8B-Instruct,w8a16,hellaswag,80.47,80.48,0.01,-0.11107692307692307,-1.6148269230769232,1.392673076923077,False,True,Meta-Llama-3.1-8B-Instruct|s3
RedHatAI/Meta-Llama-3.1-8B-Instruct-quantized.w8a16,llama-3,Meta-Llama-3.1-8B-Instruct,w8a16,winogrande,78.06,77.51,-0.55,-0.11107692307692307,-1.6148269230769232,1.392673076923077,False,True,Meta-Llama-3.1-8B-Instruct|s3
RedHatAI/Meta-Llama-3.1-8B-Instruct-quantized.w8a16,llama-3,Meta-Llama-3.1-8B-Instruct,w8a16,truthfulqa,54.48,54.41,-0.07,-0.11107692307692307,-1.6148269230769232,1.392673076923077,False,True,Meta-Llama-3.1-8B-Instruct|s3
RedHatAI/Meta-Llama-3.1-8B-Instruct-quantized.w8a8,llama-3,Meta-Llama-3.1-8B-Instruct,w8a8_int,arena_hard,25.8,27.2,1.4,-0.46284552845528454,-1.9665955284552847,1.0409044715447155,False,False,Meta-Llama-3.1-8B-Instruct|s3
RedHatAI/Meta-Llama-3.1-8B-Instruct-quantized.w8a8,llama-3,Meta-Llama-3.1-8B-Instruct,w8a8_int,mmlu,68.3,67.8,-0.5,-0.46284552845528454,-1.9665955284552847,1.0409044715447155,False,True,Meta-Llama-3.1-8B-Instruct|s3
RedHatAI/Meta-Llama-3.1-8B-Instruct-quantized.w8a8,llama-3,Meta-Llama-3.1-8B-Instruct,w8a8_int,mmlu_cot,72.8,72.2,-0.6,-0.46284552845528454,-1.9665955284552847,1.0409044715447155,False,True,Meta-Llama-3.1-8B-Instruct|s3
RedHatAI/Meta-Llama-3.1-8B-Instruct-quantized.w8a8,llama-3,Meta-Llama-3.1-8B-Instruct,w8a8_int,arc_challenge,81.4,81.7,0.3,-0.46284552845528454,-1.9665955284552847,1.0409044715447155,False,True,Meta-Llama-3.1-8B-Instruct|s3
RedHatAI/Meta-Llama-3.1-8B-Instruct-quantized.w8a8,llama-3,Meta-Llama-3.1-8B-Instruct,w8a8_int,gsm8k,82.8,84.8,2.0,-0.46284552845528454,-1.9665955284552847,1.0409044715447155,False,False,Meta-Llama-3.1-8B-Instruct|s3
RedHatAI/Meta-Llama-3.1-8B-Instruct-quantized.w8a8,llama-3,Meta-Llama-3.1-8B-Instruct,w8a8_int,hellaswag,80.5,80.3,-0.2,-0.46284552845528454,-1.9665955284552847,1.0409044715447155,False,True,Meta-Llama-3.1-8B-Instruct|s3
RedHatAI/Meta-Llama-3.1-8B-Instruct-quantized.w8a8,llama-3,Meta-Llama-3.1-8B-Instruct,w8a8_int,winogrande,78.1,78.5,0.4,-0.46284552845528454,-1.9665955284552847,1.0409044715447155,False,True,Meta-Llama-3.1-8B-Instruct|s3
RedHatAI/Meta-Llama-3.1-8B-Instruct-quantized.w8a8,llama-3,Meta-Llama-3.1-8B-Instruct,w8a8_int,truthfulqa,54.5,54.7,0.2,-0.46284552845528454,-1.9665955284552847,1.0409044715447155,False,True,Meta-Llama-3.1-8B-Instruct|s3
RedHatAI/Meta-Llama-3.1-8B-Instruct-quantized.w8a8,llama-3,Meta-Llama-3.1-8B-Instruct,w8a8_int,mmlu_pro,30.8,30.9,0.1,-0.46284552845528454,-1.9665955284552847,1.0409044715447155,False,True,Meta-Llama-3.1-8B-Instruct|s3
RedHatAI/Meta-Llama-3.1-8B-Instruct-quantized.w8a8,llama-3,Meta-Llama-3.1-8B-Instruct,w8a8_int,ifeval,77.9,78.0,0.1,-0.46284552845528454,-1.9665955284552847,1.0409044715447155,False,True,Meta-Llama-3.1-8B-Instruct|s3
RedHatAI/Meta-Llama-3.1-8B-Instruct-quantized.w8a8,llama-3,Meta-Llama-3.1-8B-Instruct,w8a8_int,bbh,30.1,31.0,0.9,-0.46284552845528454,-1.9665955284552847,1.0409044715447155,False,True,Meta-Llama-3.1-8B-Instruct|s3
RedHatAI/Meta-Llama-3.1-8B-Instruct-quantized.w8a8,llama-3,Meta-Llama-3.1-8B-Instruct,w8a8_int,humaneval,67.3,67.1,-0.2,-0.46284552845528454,-1.9665955284552847,1.0409044715447155,False,True,Meta-Llama-3.1-8B-Instruct|s3
RedHatAI/Meta-Llama-3.1-8B-Instruct-quantized.w8a8,llama-3,Meta-Llama-3.1-8B-Instruct,w8a8_int,humaneval_plus,60.7,60.0,-0.7,-0.46284552845528454,-1.9665955284552847,1.0409044715447155,False,True,Meta-Llama-3.1-8B-Instruct|s3
RedHatAI/Meta-Llama-3.1-8B-Instruct-FP8-dynamic,llama-3,Meta-Llama-3.1-8B-Instruct,fp8_dynamic,mmlu,67.95,68.02,0.07,-0.026564885496183202,-1.625453774385072,1.5723240033927055,False,True,Meta-Llama-3.1-8B-Instruct|s4
RedHatAI/Meta-Llama-3.1-8B-Instruct-FP8-dynamic,llama-3,Meta-Llama-3.1-8B-Instruct,fp8_dynamic,arena_hard,25.8,27.2,1.4,-0.026564885496183202,-1.625453774385072,1.5723240033927055,False,True,Meta-Llama-3.1-8B-Instruct|s4
RedHatAI/Meta-Llama-3.1-8B-Instruct-FP8-dynamic,llama-3,Meta-Llama-3.1-8B-Instruct,fp8_dynamic,mmlu_cot,71.2,71.6,0.4,-0.026564885496183202,-1.625453774385072,1.5723240033927055,False,True,Meta-Llama-3.1-8B-Instruct|s4
RedHatAI/Meta-Llama-3.1-8B-Instruct-FP8-dynamic,llama-3,Meta-Llama-3.1-8B-Instruct,fp8_dynamic,arc_challenge,82.0,81.2,-0.8,-0.026564885496183202,-1.625453774385072,1.5723240033927055,False,True,Meta-Llama-3.1-8B-Instruct|s4
RedHatAI/Meta-Llama-3.1-8B-Instruct-FP8-dynamic,llama-3,Meta-Llama-3.1-8B-Instruct,fp8_dynamic,gsm8k,82.0,82.0,0.0,-0.026564885496183202,-1.625453774385072,1.5723240033927055,False,True,Meta-Llama-3.1-8B-Instruct|s4
RedHatAI/Meta-Llama-3.1-8B-Instruct-FP8-dynamic,llama-3,Meta-Llama-3.1-8B-Instruct,fp8_dynamic,hellaswag,80.5,80.0,-0.5,-0.026564885496183202,-1.625453774385072,1.5723240033927055,False,True,Meta-Llama-3.1-8B-Instruct|s4
RedHatAI/Meta-Llama-3.1-8B-Instruct-FP8-dynamic,llama-3,Meta-Llama-3.1-8B-Instruct,fp8_dynamic,winogrande,78.5,77.7,-0.8,-0.026564885496183202,-1.625453774385072,1.5723240033927055,False,True,Meta-Llama-3.1-8B-Instruct|s4
RedHatAI/Meta-Llama-3.1-8B-Instruct-FP8-dynamic,llama-3,Meta-Llama-3.1-8B-Instruct,fp8_dynamic,truthfulqa,54.5,54.3,-0.2,-0.026564885496183202,-1.625453774385072,1.5723240033927055,False,True,Meta-Llama-3.1-8B-Instruct|s4
RedHatAI/Meta-Llama-3.1-8B-Instruct-FP8-dynamic,llama-3,Meta-Llama-3.1-8B-Instruct,fp8_dynamic,mmlu_pro,30.8,31.2,0.4,-0.026564885496183202,-1.625453774385072,1.5723240033927055,False,True,Meta-Llama-3.1-8B-Instruct|s4
RedHatAI/Meta-Llama-3.1-8B-Instruct-FP8-dynamic,llama-3,Meta-Llama-3.1-8B-Instruct,fp8_dynamic,ifeval,77.9,77.2,-0.7,-0.026564885496183202,-1.625453774385072,1.5723240033927055,False,True,Meta-Llama-3.1-8B-Instruct|s4
RedHatAI/Meta-Llama-3.1-8B-Instruct-FP8-dynamic,llama-3,Meta-Llama-3.1-8B-Instruct,fp8_dynamic,bbh,30.1,29.7,-0.4,-0.026564885496183202,-1.625453774385072,1.5723240033927055,False,True,Meta-Llama-3.1-8B-Instruct|s4
RedHatAI/Meta-Llama-3.1-8B-Instruct-FP8-dynamic,llama-3,Meta-Llama-3.1-8B-Instruct,fp8_dynamic,humaneval,67.3,67.3,0.0,-0.026564885496183202,-1.625453774385072,1.5723240033927055,False,True,Meta-Llama-3.1-8B-Instruct|s4
RedHatAI/Meta-Llama-3.1-8B-Instruct-FP8-dynamic,llama-3,Meta-Llama-3.1-8B-Instruct,fp8_dynamic,humaneval_plus,60.7,61.3,0.6,-0.026564885496183202,-1.625453774385072,1.5723240033927055,False,True,Meta-Llama-3.1-8B-Instruct|s4
RedHatAI/Meta-Llama-3.1-8B-Instruct-FP8,llama-3,Meta-Llama-3.1-8B-Instruct,fp8,mmlu,67.95,67.97,0.02,-0.32090909090909087,-1.9197979797979796,1.277979797979798,False,True,Meta-Llama-3.1-8B-Instruct|s4
RedHatAI/Meta-Llama-3.1-8B-Instruct-FP8,llama-3,Meta-Llama-3.1-8B-Instruct,fp8,mmlu_cot,71.24,71.12,-0.12,-0.32090909090909087,-1.9197979797979796,1.277979797979798,False,True,Meta-Llama-3.1-8B-Instruct|s4
RedHatAI/Meta-Llama-3.1-8B-Instruct-FP8,llama-3,Meta-Llama-3.1-8B-Instruct,fp8,arc_challenge,82.0,81.66,-0.34,-0.32090909090909087,-1.9197979797979796,1.277979797979798,False,True,Meta-Llama-3.1-8B-Instruct|s4
RedHatAI/Meta-Llama-3.1-8B-Instruct-FP8,llama-3,Meta-Llama-3.1-8B-Instruct,fp8,gsm8k,81.96,81.12,-0.84,-0.32090909090909087,-1.9197979797979796,1.277979797979798,False,True,Meta-Llama-3.1-8B-Instruct|s4
RedHatAI/Meta-Llama-3.1-8B-Instruct-FP8,llama-3,Meta-Llama-3.1-8B-Instruct,fp8,hellaswag,80.46,80.4,-0.06,-0.32090909090909087,-1.9197979797979796,1.277979797979798,False,True,Meta-Llama-3.1-8B-Instruct|s4
RedHatAI/Meta-Llama-3.1-8B-Instruct-FP8,llama-3,Meta-Llama-3.1-8B-Instruct,fp8,winogrande,78.45,77.9,-0.55,-0.32090909090909087,-1.9197979797979796,1.277979797979798,False,True,Meta-Llama-3.1-8B-Instruct|s4
RedHatAI/Meta-Llama-3.1-8B-Instruct-FP8,llama-3,Meta-Llama-3.1-8B-Instruct,fp8,truthfulqa,54.5,53.92,-0.58,-0.32090909090909087,-1.9197979797979796,1.277979797979798,False,True,Meta-Llama-3.1-8B-Instruct|s4
RedHatAI/Meta-Llama-3.1-8B-Instruct-quantized.w4a16,llama-3,Meta-Llama-3.1-8B-Instruct,w4a16,arena_hard,25.8,27.2,1.4,-0.6636290322580646,-2.2625179211469533,0.9352598566308242,False,False,Meta-Llama-3.1-8B-Instruct|s4
RedHatAI/Meta-Llama-3.1-8B-Instruct-quantized.w4a16,llama-3,Meta-Llama-3.1-8B-Instruct,w4a16,mmlu,68.3,66.9,-1.4,-0.6636290322580646,-2.2625179211469533,0.9352598566308242,False,True,Meta-Llama-3.1-8B-Instruct|s4
RedHatAI/Meta-Llama-3.1-8B-Instruct-quantized.w4a16,llama-3,Meta-Llama-3.1-8B-Instruct,w4a16,mmlu_cot,72.8,71.1,-1.7,-0.6636290322580646,-2.2625179211469533,0.9352598566308242,False,True,Meta-Llama-3.1-8B-Instruct|s4
RedHatAI/Meta-Llama-3.1-8B-Instruct-quantized.w4a16,llama-3,Meta-Llama-3.1-8B-Instruct,w4a16,gsm8k,82.8,82.9,0.1,-0.6636290322580646,-2.2625179211469533,0.9352598566308242,False,True,Meta-Llama-3.1-8B-Instruct|s4
RedHatAI/Meta-Llama-3.1-8B-Instruct-quantized.w4a16,llama-3,Meta-Llama-3.1-8B-Instruct,w4a16,hellaswag,80.5,79.9,-0.6,-0.6636290322580646,-2.2625179211469533,0.9352598566308242,False,True,Meta-Llama-3.1-8B-Instruct|s4
RedHatAI/Meta-Llama-3.1-8B-Instruct-quantized.w4a16,llama-3,Meta-Llama-3.1-8B-Instruct,w4a16,winogrande,78.1,78.0,-0.1,-0.6636290322580646,-2.2625179211469533,0.9352598566308242,False,True,Meta-Llama-3.1-8B-Instruct|s4
RedHatAI/Meta-Llama-3.1-8B-Instruct-quantized.w4a16,llama-3,Meta-Llama-3.1-8B-Instruct,w4a16,truthfulqa,54.5,52.8,-1.7,-0.6636290322580646,-2.2625179211469533,0.9352598566308242,False,True,Meta-Llama-3.1-8B-Instruct|s4
RedHatAI/Meta-Llama-3.1-8B-Instruct-quantized.w4a16,llama-3,Meta-Llama-3.1-8B-Instruct,w4a16,mmlu_pro,30.8,28.8,-2.0,-0.6636290322580646,-2.2625179211469533,0.9352598566308242,False,True,Meta-Llama-3.1-8B-Instruct|s4
RedHatAI/Meta-Llama-3.1-8B-Instruct-quantized.w4a16,llama-3,Meta-Llama-3.1-8B-Instruct,w4a16,ifeval,77.9,76.3,-1.6,-0.6636290322580646,-2.2625179211469533,0.9352598566308242,False,True,Meta-Llama-3.1-8B-Instruct|s4
RedHatAI/Meta-Llama-3.1-8B-Instruct-quantized.w4a16,llama-3,Meta-Llama-3.1-8B-Instruct,w4a16,bbh,30.1,28.9,-1.2,-0.6636290322580646,-2.2625179211469533,0.9352598566308242,False,True,Meta-Llama-3.1-8B-Instruct|s4
RedHatAI/Meta-Llama-3.1-8B-Instruct-quantized.w4a16,llama-3,Meta-Llama-3.1-8B-Instruct,w4a16,humaneval,67.3,67.1,-0.2,-0.6636290322580646,-2.2625179211469533,0.9352598566308242,False,True,Meta-Llama-3.1-8B-Instruct|s4
RedHatAI/Meta-Llama-3.1-8B-Instruct-quantized.w4a16,llama-3,Meta-Llama-3.1-8B-Instruct,w4a16,humaneval_plus,60.7,59.1,-1.6,-0.6636290322580646,-2.2625179211469533,0.9352598566308242,False,True,Meta-Llama-3.1-8B-Instruct|s4
RedHatAI/Meta-Llama-3.1-8B-Instruct-quantized.w8a16,llama-3,Meta-Llama-3.1-8B-Instruct,w8a16,hellaswag,80.47,80.48,0.01,-0.14786885245901638,-1.7467577413479052,1.4510200364298724,False,True,Meta-Llama-3.1-8B-Instruct|s4
RedHatAI/Meta-Llama-3.1-8B-Instruct-quantized.w8a16,llama-3,Meta-Llama-3.1-8B-Instruct,w8a16,winogrande,78.06,77.51,-0.55,-0.14786885245901638,-1.7467577413479052,1.4510200364298724,False,True,Meta-Llama-3.1-8B-Instruct|s4
RedHatAI/Meta-Llama-3.1-8B-Instruct-quantized.w8a16,llama-3,Meta-Llama-3.1-8B-Instruct,w8a16,truthfulqa,54.48,54.41,-0.07,-0.14786885245901638,-1.7467577413479052,1.4510200364298724,False,True,Meta-Llama-3.1-8B-Instruct|s4
RedHatAI/Meta-Llama-3.1-8B-Instruct-quantized.w8a8,llama-3,Meta-Llama-3.1-8B-Instruct,w8a8_int,arena_hard,25.8,27.2,1.4,-0.365234375,-1.9641232638888888,1.2336545138888888,False,False,Meta-Llama-3.1-8B-Instruct|s4
RedHatAI/Meta-Llama-3.1-8B-Instruct-quantized.w8a8,llama-3,Meta-Llama-3.1-8B-Instruct,w8a8_int,mmlu,68.3,67.8,-0.5,-0.365234375,-1.9641232638888888,1.2336545138888888,False,True,Meta-Llama-3.1-8B-Instruct|s4
RedHatAI/Meta-Llama-3.1-8B-Instruct-quantized.w8a8,llama-3,Meta-Llama-3.1-8B-Instruct,w8a8_int,mmlu_cot,72.8,72.2,-0.6,-0.365234375,-1.9641232638888888,1.2336545138888888,False,True,Meta-Llama-3.1-8B-Instruct|s4
RedHatAI/Meta-Llama-3.1-8B-Instruct-quantized.w8a8,llama-3,Meta-Llama-3.1-8B-Instruct,w8a8_int,arc_challenge,81.4,81.7,0.3,-0.365234375,-1.9641232638888888,1.2336545138888888,False,True,Meta-Llama-3.1-8B-Instruct|s4
RedHatAI/Meta-Llama-3.1-8B-Instruct-quantized.w8a8,llama-3,Meta-Llama-3.1-8B-Instruct,w8a8_int,gsm8k,82.8,84.8,2.0,-0.365234375,-1.9641232638888888,1.2336545138888888,False,False,Meta-Llama-3.1-8B-Instruct|s4
RedHatAI/Meta-Llama-3.1-8B-Instruct-quantized.w8a8,llama-3,Meta-Llama-3.1-8B-Instruct,w8a8_int,hellaswag,80.5,80.3,-0.2,-0.365234375,-1.9641232638888888,1.2336545138888888,False,True,Meta-Llama-3.1-8B-Instruct|s4
RedHatAI/Meta-Llama-3.1-8B-Instruct-quantized.w8a8,llama-3,Meta-Llama-3.1-8B-Instruct,w8a8_int,winogrande,78.1,78.5,0.4,-0.365234375,-1.9641232638888888,1.2336545138888888,False,True,Meta-Llama-3.1-8B-Instruct|s4
RedHatAI/Meta-Llama-3.1-8B-Instruct-quantized.w8a8,llama-3,Meta-Llama-3.1-8B-Instruct,w8a8_int,truthfulqa,54.5,54.7,0.2,-0.365234375,-1.9641232638888888,1.2336545138888888,False,True,Meta-Llama-3.1-8B-Instruct|s4
RedHatAI/Meta-Llama-3.1-8B-Instruct-quantized.w8a8,llama-3,Meta-Llama-3.1-8B-Instruct,w8a8_int,mmlu_pro,30.8,30.9,0.1,-0.365234375,-1.9641232638888888,1.2336545138888888,False,True,Meta-Llama-3.1-8B-Instruct|s4
RedHatAI/Meta-Llama-3.1-8B-Instruct-quantized.w8a8,llama-3,Meta-Llama-3.1-8B-Instruct,w8a8_int,ifeval,77.9,78.0,0.1,-0.365234375,-1.9641232638888888,1.2336545138888888,False,True,Meta-Llama-3.1-8B-Instruct|s4
RedHatAI/Meta-Llama-3.1-8B-Instruct-quantized.w8a8,llama-3,Meta-Llama-3.1-8B-Instruct,w8a8_int,bbh,30.1,31.0,0.9,-0.365234375,-1.9641232638888888,1.2336545138888888,False,True,Meta-Llama-3.1-8B-Instruct|s4
RedHatAI/Meta-Llama-3.1-8B-Instruct-quantized.w8a8,llama-3,Meta-Llama-3.1-8B-Instruct,w8a8_int,humaneval,67.3,67.1,-0.2,-0.365234375,-1.9641232638888888,1.2336545138888888,False,True,Meta-Llama-3.1-8B-Instruct|s4
RedHatAI/Meta-Llama-3.1-8B-Instruct-quantized.w8a8,llama-3,Meta-Llama-3.1-8B-Instruct,w8a8_int,humaneval_plus,60.7,60.0,-0.7,-0.365234375,-1.9641232638888888,1.2336545138888888,False,True,Meta-Llama-3.1-8B-Instruct|s4
RedHatAI/Mistral-7B-Instruct-v0.3-FP8,mistral,Mistral-7B-Instruct-v0.3,fp8,mmlu,61.84,61.63,-0.21,-0.262,-2.139777777777778,1.6157777777777778,False,True,Mistral-7B-Instruct-v0.3|s0
RedHatAI/Mistral-7B-Instruct-v0.3-FP8,mistral,Mistral-7B-Instruct-v0.3,fp8,arc_challenge,63.57,63.73,0.16,-0.262,-2.139777777777778,1.6157777777777778,False,True,Mistral-7B-Instruct-v0.3|s0
RedHatAI/Mistral-7B-Instruct-v0.3-FP8,mistral,Mistral-7B-Instruct-v0.3,fp8,gsm8k,49.05,47.54,-1.51,-0.262,-2.139777777777778,1.6157777777777778,False,True,Mistral-7B-Instruct-v0.3|s0
RedHatAI/Mistral-7B-Instruct-v0.3-FP8,mistral,Mistral-7B-Instruct-v0.3,fp8,hellaswag,84.76,84.52,-0.24,-0.262,-2.139777777777778,1.6157777777777778,False,True,Mistral-7B-Instruct-v0.3|s0
RedHatAI/Mistral-7B-Instruct-v0.3-FP8,mistral,Mistral-7B-Instruct-v0.3,fp8,winogrande,79.4,78.3,-1.1,-0.262,-2.139777777777778,1.6157777777777778,False,True,Mistral-7B-Instruct-v0.3|s0
RedHatAI/Mistral-7B-Instruct-v0.3-FP8,mistral,Mistral-7B-Instruct-v0.3,fp8,truthfulqa,59.37,59.4,0.03,-0.262,-2.139777777777778,1.6157777777777778,False,True,Mistral-7B-Instruct-v0.3|s0
RedHatAI/Mistral-7B-Instruct-v0.3-quantized.w4a16,mistral,Mistral-7B-Instruct-v0.3,w4a16,mmlu,61.84,60.83,-1.01,-0.6648701298701298,-2.5426479076479076,1.212907647907648,False,True,Mistral-7B-Instruct-v0.3|s0
RedHatAI/Mistral-7B-Instruct-v0.3-quantized.w4a16,mistral,Mistral-7B-Instruct-v0.3,w4a16,arc_challenge,63.73,63.9,0.17,-0.6648701298701298,-2.5426479076479076,1.212907647907648,False,True,Mistral-7B-Instruct-v0.3|s0
RedHatAI/Mistral-7B-Instruct-v0.3-quantized.w4a16,mistral,Mistral-7B-Instruct-v0.3,w4a16,gsm8k,49.27,43.36,-5.91,-0.6648701298701298,-2.5426479076479076,1.212907647907648,False,False,Mistral-7B-Instruct-v0.3|s0
RedHatAI/Mistral-7B-Instruct-v0.3-quantized.w4a16,mistral,Mistral-7B-Instruct-v0.3,w4a16,hellaswag,84.84,84.07,-0.77,-0.6648701298701298,-2.5426479076479076,1.212907647907648,False,True,Mistral-7B-Instruct-v0.3|s0
RedHatAI/Mistral-7B-Instruct-v0.3-quantized.w4a16,mistral,Mistral-7B-Instruct-v0.3,w4a16,winogrande,79.55,79.87,0.32,-0.6648701298701298,-2.5426479076479076,1.212907647907648,False,True,Mistral-7B-Instruct-v0.3|s0
RedHatAI/Mistral-7B-Instruct-v0.3-quantized.w4a16,mistral,Mistral-7B-Instruct-v0.3,w4a16,truthfulqa,59.33,58.47,-0.86,-0.6648701298701298,-2.5426479076479076,1.212907647907648,False,True,Mistral-7B-Instruct-v0.3|s0
RedHatAI/Mistral-7B-Instruct-v0.3-quantized.w8a16,mistral,Mistral-7B-Instruct-v0.3,w8a16,mmlu,61.84,62.06,0.22,-0.16224489795918368,-2.0400226757369615,1.715532879818594,False,True,Mistral-7B-Instruct-v0.3|s0
RedHatAI/Mistral-7B-Instruct-v0.3-quantized.w8a16,mistral,Mistral-7B-Instruct-v0.3,w8a16,arc_challenge,63.74,64.26,0.52,-0.16224489795918368,-2.0400226757369615,1.715532879818594,False,True,Mistral-7B-Instruct-v0.3|s0
RedHatAI/Mistral-7B-Instruct-v0.3-quantized.w8a16,mistral,Mistral-7B-Instruct-v0.3,w8a16,gsm8k,49.28,50.42,1.14,-0.16224489795918368,-2.0400226757369615,1.715532879818594,False,True,Mistral-7B-Instruct-v0.3|s0
RedHatAI/Mistral-7B-Instruct-v0.3-quantized.w8a16,mistral,Mistral-7B-Instruct-v0.3,w8a16,hellaswag,84.84,84.78,-0.06,-0.16224489795918368,-2.0400226757369615,1.715532879818594,False,True,Mistral-7B-Instruct-v0.3|s0
RedHatAI/Mistral-7B-Instruct-v0.3-quantized.w8a16,mistral,Mistral-7B-Instruct-v0.3,w8a16,winogrande,79.56,79.48,-0.08,-0.16224489795918368,-2.0400226757369615,1.715532879818594,False,True,Mistral-7B-Instruct-v0.3|s0
RedHatAI/Mistral-7B-Instruct-v0.3-quantized.w8a16,mistral,Mistral-7B-Instruct-v0.3,w8a16,truthfulqa,59.33,59.48,0.15,-0.16224489795918368,-2.0400226757369615,1.715532879818594,False,True,Mistral-7B-Instruct-v0.3|s0
RedHatAI/Mistral-7B-Instruct-v0.3-FP8,mistral,Mistral-7B-Instruct-v0.3,fp8,mmlu,61.84,61.63,-0.21,-0.25857142857142856,-2.1235307781649246,1.6063879210220673,False,True,Mistral-7B-Instruct-v0.3|s1
RedHatAI/Mistral-7B-Instruct-v0.3-FP8,mistral,Mistral-7B-Instruct-v0.3,fp8,arc_challenge,63.57,63.73,0.16,-0.25857142857142856,-2.1235307781649246,1.6063879210220673,False,True,Mistral-7B-Instruct-v0.3|s1
RedHatAI/Mistral-7B-Instruct-v0.3-FP8,mistral,Mistral-7B-Instruct-v0.3,fp8,gsm8k,49.05,47.54,-1.51,-0.25857142857142856,-2.1235307781649246,1.6063879210220673,False,True,Mistral-7B-Instruct-v0.3|s1
RedHatAI/Mistral-7B-Instruct-v0.3-FP8,mistral,Mistral-7B-Instruct-v0.3,fp8,hellaswag,84.76,84.52,-0.24,-0.25857142857142856,-2.1235307781649246,1.6063879210220673,False,True,Mistral-7B-Instruct-v0.3|s1
RedHatAI/Mistral-7B-Instruct-v0.3-FP8,mistral,Mistral-7B-Instruct-v0.3,fp8,winogrande,79.4,78.3,-1.1,-0.25857142857142856,-2.1235307781649246,1.6063879210220673,False,True,Mistral-7B-Instruct-v0.3|s1
RedHatAI/Mistral-7B-Instruct-v0.3-FP8,mistral,Mistral-7B-Instruct-v0.3,fp8,truthfulqa,59.37,59.4,0.03,-0.25857142857142856,-2.1235307781649246,1.6063879210220673,False,True,Mistral-7B-Instruct-v0.3|s1
RedHatAI/Mistral-7B-Instruct-v0.3-quantized.w4a16,mistral,Mistral-7B-Instruct-v0.3,w4a16,mmlu,61.84,60.83,-1.01,-0.594959349593496,-2.459918699186992,1.27,False,True,Mistral-7B-Instruct-v0.3|s1
RedHatAI/Mistral-7B-Instruct-v0.3-quantized.w4a16,mistral,Mistral-7B-Instruct-v0.3,w4a16,arc_challenge,63.73,63.9,0.17,-0.594959349593496,-2.459918699186992,1.27,False,True,Mistral-7B-Instruct-v0.3|s1
RedHatAI/Mistral-7B-Instruct-v0.3-quantized.w4a16,mistral,Mistral-7B-Instruct-v0.3,w4a16,gsm8k,49.27,43.36,-5.91,-0.594959349593496,-2.459918699186992,1.27,False,False,Mistral-7B-Instruct-v0.3|s1
RedHatAI/Mistral-7B-Instruct-v0.3-quantized.w4a16,mistral,Mistral-7B-Instruct-v0.3,w4a16,hellaswag,84.84,84.07,-0.77,-0.594959349593496,-2.459918699186992,1.27,False,True,Mistral-7B-Instruct-v0.3|s1
RedHatAI/Mistral-7B-Instruct-v0.3-quantized.w4a16,mistral,Mistral-7B-Instruct-v0.3,w4a16,winogrande,79.55,79.87,0.32,-0.594959349593496,-2.459918699186992,1.27,False,True,Mistral-7B-Instruct-v0.3|s1
RedHatAI/Mistral-7B-Instruct-v0.3-quantized.w4a16,mistral,Mistral-7B-Instruct-v0.3,w4a16,truthfulqa,59.33,58.47,-0.86,-0.594959349593496,-2.459918699186992,1.27,False,True,Mistral-7B-Instruct-v0.3|s1
RedHatAI/Mistral-7B-Instruct-v0.3-quantized.w8a16,mistral,Mistral-7B-Instruct-v0.3,w8a16,mmlu,61.84,62.06,0.22,-0.1473846153846154,-2.012343964978111,1.7175747342088805,False,True,Mistral-7B-Instruct-v0.3|s1
RedHatAI/Mistral-7B-Instruct-v0.3-quantized.w8a16,mistral,Mistral-7B-Instruct-v0.3,w8a16,arc_challenge,63.74,64.26,0.52,-0.1473846153846154,-2.012343964978111,1.7175747342088805,False,True,Mistral-7B-Instruct-v0.3|s1
RedHatAI/Mistral-7B-Instruct-v0.3-quantized.w8a16,mistral,Mistral-7B-Instruct-v0.3,w8a16,gsm8k,49.28,50.42,1.14,-0.1473846153846154,-2.012343964978111,1.7175747342088805,False,True,Mistral-7B-Instruct-v0.3|s1
RedHatAI/Mistral-7B-Instruct-v0.3-quantized.w8a16,mistral,Mistral-7B-Instruct-v0.3,w8a16,hellaswag,84.84,84.78,-0.06,-0.1473846153846154,-2.012343964978111,1.7175747342088805,False,True,Mistral-7B-Instruct-v0.3|s1
RedHatAI/Mistral-7B-Instruct-v0.3-quantized.w8a16,mistral,Mistral-7B-Instruct-v0.3,w8a16,winogrande,79.56,79.48,-0.08,-0.1473846153846154,-2.012343964978111,1.7175747342088805,False,True,Mistral-7B-Instruct-v0.3|s1
RedHatAI/Mistral-7B-Instruct-v0.3-quantized.w8a16,mistral,Mistral-7B-Instruct-v0.3,w8a16,truthfulqa,59.33,59.48,0.15,-0.1473846153846154,-2.012343964978111,1.7175747342088805,False,True,Mistral-7B-Instruct-v0.3|s1
RedHatAI/Mistral-7B-Instruct-v0.3-FP8,mistral,Mistral-7B-Instruct-v0.3,fp8,mmlu,61.84,61.63,-0.21,-0.3224444444444444,-1.9048888888888889,1.2600000000000002,False,True,Mistral-7B-Instruct-v0.3|s2
RedHatAI/Mistral-7B-Instruct-v0.3-FP8,mistral,Mistral-7B-Instruct-v0.3,fp8,arc_challenge,63.57,63.73,0.16,-0.3224444444444444,-1.9048888888888889,1.2600000000000002,False,True,Mistral-7B-Instruct-v0.3|s2
RedHatAI/Mistral-7B-Instruct-v0.3-FP8,mistral,Mistral-7B-Instruct-v0.3,fp8,gsm8k,49.05,47.54,-1.51,-0.3224444444444444,-1.9048888888888889,1.2600000000000002,False,True,Mistral-7B-Instruct-v0.3|s2
RedHatAI/Mistral-7B-Instruct-v0.3-FP8,mistral,Mistral-7B-Instruct-v0.3,fp8,hellaswag,84.76,84.52,-0.24,-0.3224444444444444,-1.9048888888888889,1.2600000000000002,False,True,Mistral-7B-Instruct-v0.3|s2
RedHatAI/Mistral-7B-Instruct-v0.3-FP8,mistral,Mistral-7B-Instruct-v0.3,fp8,winogrande,79.4,78.3,-1.1,-0.3224444444444444,-1.9048888888888889,1.2600000000000002,False,True,Mistral-7B-Instruct-v0.3|s2
RedHatAI/Mistral-7B-Instruct-v0.3-FP8,mistral,Mistral-7B-Instruct-v0.3,fp8,truthfulqa,59.37,59.4,0.03,-0.3224444444444444,-1.9048888888888889,1.2600000000000002,False,True,Mistral-7B-Instruct-v0.3|s2
RedHatAI/Mistral-7B-Instruct-v0.3-quantized.w4a16,mistral,Mistral-7B-Instruct-v0.3,w4a16,mmlu,61.84,60.83,-1.01,-0.664927536231884,-2.247371980676329,0.9175169082125605,False,True,Mistral-7B-Instruct-v0.3|s2
RedHatAI/Mistral-7B-Instruct-v0.3-quantized.w4a16,mistral,Mistral-7B-Instruct-v0.3,w4a16,arc_challenge,63.73,63.9,0.17,-0.664927536231884,-2.247371980676329,0.9175169082125605,False,True,Mistral-7B-Instruct-v0.3|s2
RedHatAI/Mistral-7B-Instruct-v0.3-quantized.w4a16,mistral,Mistral-7B-Instruct-v0.3,w4a16,gsm8k,49.27,43.36,-5.91,-0.664927536231884,-2.247371980676329,0.9175169082125605,False,False,Mistral-7B-Instruct-v0.3|s2
RedHatAI/Mistral-7B-Instruct-v0.3-quantized.w4a16,mistral,Mistral-7B-Instruct-v0.3,w4a16,hellaswag,84.84,84.07,-0.77,-0.664927536231884,-2.247371980676329,0.9175169082125605,False,True,Mistral-7B-Instruct-v0.3|s2
RedHatAI/Mistral-7B-Instruct-v0.3-quantized.w4a16,mistral,Mistral-7B-Instruct-v0.3,w4a16,winogrande,79.55,79.87,0.32,-0.664927536231884,-2.247371980676329,0.9175169082125605,False,True,Mistral-7B-Instruct-v0.3|s2
RedHatAI/Mistral-7B-Instruct-v0.3-quantized.w4a16,mistral,Mistral-7B-Instruct-v0.3,w4a16,truthfulqa,59.33,58.47,-0.86,-0.664927536231884,-2.247371980676329,0.9175169082125605,False,True,Mistral-7B-Instruct-v0.3|s2
RedHatAI/Mistral-7B-Instruct-v0.3-quantized.w8a16,mistral,Mistral-7B-Instruct-v0.3,w8a16,mmlu,61.84,62.06,0.22,-0.2511764705882353,-1.8336209150326799,1.3312679738562092,False,True,Mistral-7B-Instruct-v0.3|s2
RedHatAI/Mistral-7B-Instruct-v0.3-quantized.w8a16,mistral,Mistral-7B-Instruct-v0.3,w8a16,arc_challenge,63.74,64.26,0.52,-0.2511764705882353,-1.8336209150326799,1.3312679738562092,False,True,Mistral-7B-Instruct-v0.3|s2
RedHatAI/Mistral-7B-Instruct-v0.3-quantized.w8a16,mistral,Mistral-7B-Instruct-v0.3,w8a16,gsm8k,49.28,50.42,1.14,-0.2511764705882353,-1.8336209150326799,1.3312679738562092,False,True,Mistral-7B-Instruct-v0.3|s2
RedHatAI/Mistral-7B-Instruct-v0.3-quantized.w8a16,mistral,Mistral-7B-Instruct-v0.3,w8a16,hellaswag,84.84,84.78,-0.06,-0.2511764705882353,-1.8336209150326799,1.3312679738562092,False,True,Mistral-7B-Instruct-v0.3|s2
RedHatAI/Mistral-7B-Instruct-v0.3-quantized.w8a16,mistral,Mistral-7B-Instruct-v0.3,w8a16,winogrande,79.56,79.48,-0.08,-0.2511764705882353,-1.8336209150326799,1.3312679738562092,False,True,Mistral-7B-Instruct-v0.3|s2
RedHatAI/Mistral-7B-Instruct-v0.3-quantized.w8a16,mistral,Mistral-7B-Instruct-v0.3,w8a16,truthfulqa,59.33,59.48,0.15,-0.2511764705882353,-1.8336209150326799,1.3312679738562092,False,True,Mistral-7B-Instruct-v0.3|s2
RedHatAI/Mistral-7B-Instruct-v0.3-FP8,mistral,Mistral-7B-Instruct-v0.3,fp8,mmlu,61.84,61.63,-0.21,-0.28428571428571425,-1.9,1.3314285714285714,False,True,Mistral-7B-Instruct-v0.3|s3
RedHatAI/Mistral-7B-Instruct-v0.3-FP8,mistral,Mistral-7B-Instruct-v0.3,fp8,arc_challenge,63.57,63.73,0.16,-0.28428571428571425,-1.9,1.3314285714285714,False,True,Mistral-7B-Instruct-v0.3|s3
RedHatAI/Mistral-7B-Instruct-v0.3-FP8,mistral,Mistral-7B-Instruct-v0.3,fp8,gsm8k,49.05,47.54,-1.51,-0.28428571428571425,-1.9,1.3314285714285714,False,True,Mistral-7B-Instruct-v0.3|s3
RedHatAI/Mistral-7B-Instruct-v0.3-FP8,mistral,Mistral-7B-Instruct-v0.3,fp8,hellaswag,84.76,84.52,-0.24,-0.28428571428571425,-1.9,1.3314285714285714,False,True,Mistral-7B-Instruct-v0.3|s3
RedHatAI/Mistral-7B-Instruct-v0.3-FP8,mistral,Mistral-7B-Instruct-v0.3,fp8,winogrande,79.4,78.3,-1.1,-0.28428571428571425,-1.9,1.3314285714285714,False,True,Mistral-7B-Instruct-v0.3|s3
RedHatAI/Mistral-7B-Instruct-v0.3-FP8,mistral,Mistral-7B-Instruct-v0.3,fp8,truthfulqa,59.37,59.4,0.03,-0.28428571428571425,-1.9,1.3314285714285714,False,True,Mistral-7B-Instruct-v0.3|s3
RedHatAI/Mistral-7B-Instruct-v0.3-quantized.w4a16,mistral,Mistral-7B-Instruct-v0.3,w4a16,mmlu,61.84,60.83,-1.01,-0.7766666666666667,-2.3923809523809525,0.8390476190476189,False,True,Mistral-7B-Instruct-v0.3|s3
RedHatAI/Mistral-7B-Instruct-v0.3-quantized.w4a16,mistral,Mistral-7B-Instruct-v0.3,w4a16,arc_challenge,63.73,63.9,0.17,-0.7766666666666667,-2.3923809523809525,0.8390476190476189,False,True,Mistral-7B-Instruct-v0.3|s3
RedHatAI/Mistral-7B-Instruct-v0.3-quantized.w4a16,mistral,Mistral-7B-Instruct-v0.3,w4a16,gsm8k,49.27,43.36,-5.91,-0.7766666666666667,-2.3923809523809525,0.8390476190476189,False,False,Mistral-7B-Instruct-v0.3|s3
RedHatAI/Mistral-7B-Instruct-v0.3-quantized.w4a16,mistral,Mistral-7B-Instruct-v0.3,w4a16,hellaswag,84.84,84.07,-0.77,-0.7766666666666667,-2.3923809523809525,0.8390476190476189,False,True,Mistral-7B-Instruct-v0.3|s3
RedHatAI/Mistral-7B-Instruct-v0.3-quantized.w4a16,mistral,Mistral-7B-Instruct-v0.3,w4a16,winogrande,79.55,79.87,0.32,-0.7766666666666667,-2.3923809523809525,0.8390476190476189,False,True,Mistral-7B-Instruct-v0.3|s3
RedHatAI/Mistral-7B-Instruct-v0.3-quantized.w4a16,mistral,Mistral-7B-Instruct-v0.3,w4a16,truthfulqa,59.33,58.47,-0.86,-0.7766666666666667,-2.3923809523809525,0.8390476190476189,False,True,Mistral-7B-Instruct-v0.3|s3
RedHatAI/Mistral-7B-Instruct-v0.3-quantized.w8a16,mistral,Mistral-7B-Instruct-v0.3,w8a16,mmlu,61.84,62.06,0.22,0.013970588235294117,-1.6017436974789916,1.6296848739495797,False,True,Mistral-7B-Instruct-v0.3|s3
RedHatAI/Mistral-7B-Instruct-v0.3-quantized.w8a16,mistral,Mistral-7B-Instruct-v0.3,w8a16,arc_challenge,63.74,64.26,0.52,0.013970588235294117,-1.6017436974789916,1.6296848739495797,False,True,Mistral-7B-Instruct-v0.3|s3
RedHatAI/Mistral-7B-Instruct-v0.3-quantized.w8a16,mistral,Mistral-7B-Instruct-v0.3,w8a16,gsm8k,49.28,50.42,1.14,0.013970588235294117,-1.6017436974789916,1.6296848739495797,False,True,Mistral-7B-Instruct-v0.3|s3
RedHatAI/Mistral-7B-Instruct-v0.3-quantized.w8a16,mistral,Mistral-7B-Instruct-v0.3,w8a16,hellaswag,84.84,84.78,-0.06,0.013970588235294117,-1.6017436974789916,1.6296848739495797,False,True,Mistral-7B-Instruct-v0.3|s3
RedHatAI/Mistral-7B-Instruct-v0.3-quantized.w8a16,mistral,Mistral-7B-Instruct-v0.3,w8a16,winogrande,79.56,79.48,-0.08,0.013970588235294117,-1.6017436974789916,1.6296848739495797,False,True,Mistral-7B-Instruct-v0.3|s3
RedHatAI/Mistral-7B-Instruct-v0.3-quantized.w8a16,mistral,Mistral-7B-Instruct-v0.3,w8a16,truthfulqa,59.33,59.48,0.15,0.013970588235294117,-1.6017436974789916,1.6296848739495797,False,True,Mistral-7B-Instruct-v0.3|s3
RedHatAI/Mistral-7B-Instruct-v0.3-FP8,mistral,Mistral-7B-Instruct-v0.3,fp8,mmlu,61.84,61.63,-0.21,-0.305,-1.9596341463414633,1.3496341463414634,False,True,Mistral-7B-Instruct-v0.3|s4
RedHatAI/Mistral-7B-Instruct-v0.3-FP8,mistral,Mistral-7B-Instruct-v0.3,fp8,arc_challenge,63.57,63.73,0.16,-0.305,-1.9596341463414633,1.3496341463414634,False,True,Mistral-7B-Instruct-v0.3|s4
RedHatAI/Mistral-7B-Instruct-v0.3-FP8,mistral,Mistral-7B-Instruct-v0.3,fp8,gsm8k,49.05,47.54,-1.51,-0.305,-1.9596341463414633,1.3496341463414634,False,True,Mistral-7B-Instruct-v0.3|s4
RedHatAI/Mistral-7B-Instruct-v0.3-FP8,mistral,Mistral-7B-Instruct-v0.3,fp8,hellaswag,84.76,84.52,-0.24,-0.305,-1.9596341463414633,1.3496341463414634,False,True,Mistral-7B-Instruct-v0.3|s4
RedHatAI/Mistral-7B-Instruct-v0.3-FP8,mistral,Mistral-7B-Instruct-v0.3,fp8,winogrande,79.4,78.3,-1.1,-0.305,-1.9596341463414633,1.3496341463414634,False,True,Mistral-7B-Instruct-v0.3|s4
RedHatAI/Mistral-7B-Instruct-v0.3-FP8,mistral,Mistral-7B-Instruct-v0.3,fp8,truthfulqa,59.37,59.4,0.03,-0.305,-1.9596341463414633,1.3496341463414634,False,True,Mistral-7B-Instruct-v0.3|s4
RedHatAI/Mistral-7B-Instruct-v0.3-quantized.w4a16,mistral,Mistral-7B-Instruct-v0.3,w4a16,mmlu,61.84,60.83,-1.01,-0.79864,-2.4532741463414633,0.8559941463414633,False,True,Mistral-7B-Instruct-v0.3|s4
RedHatAI/Mistral-7B-Instruct-v0.3-quantized.w4a16,mistral,Mistral-7B-Instruct-v0.3,w4a16,arc_challenge,63.73,63.9,0.17,-0.79864,-2.4532741463414633,0.8559941463414633,False,True,Mistral-7B-Instruct-v0.3|s4
RedHatAI/Mistral-7B-Instruct-v0.3-quantized.w4a16,mistral,Mistral-7B-Instruct-v0.3,w4a16,gsm8k,49.27,43.36,-5.91,-0.79864,-2.4532741463414633,0.8559941463414633,False,False,Mistral-7B-Instruct-v0.3|s4
RedHatAI/Mistral-7B-Instruct-v0.3-quantized.w4a16,mistral,Mistral-7B-Instruct-v0.3,w4a16,hellaswag,84.84,84.07,-0.77,-0.79864,-2.4532741463414633,0.8559941463414633,False,True,Mistral-7B-Instruct-v0.3|s4
RedHatAI/Mistral-7B-Instruct-v0.3-quantized.w4a16,mistral,Mistral-7B-Instruct-v0.3,w4a16,winogrande,79.55,79.87,0.32,-0.79864,-2.4532741463414633,0.8559941463414633,False,True,Mistral-7B-Instruct-v0.3|s4
RedHatAI/Mistral-7B-Instruct-v0.3-quantized.w4a16,mistral,Mistral-7B-Instruct-v0.3,w4a16,truthfulqa,59.33,58.47,-0.86,-0.79864,-2.4532741463414633,0.8559941463414633,False,True,Mistral-7B-Instruct-v0.3|s4
RedHatAI/Mistral-7B-Instruct-v0.3-quantized.w8a16,mistral,Mistral-7B-Instruct-v0.3,w8a16,mmlu,61.84,62.06,0.22,0.03054545454545455,-1.6240886917960087,1.685179600886918,False,True,Mistral-7B-Instruct-v0.3|s4
RedHatAI/Mistral-7B-Instruct-v0.3-quantized.w8a16,mistral,Mistral-7B-Instruct-v0.3,w8a16,arc_challenge,63.74,64.26,0.52,0.03054545454545455,-1.6240886917960087,1.685179600886918,False,True,Mistral-7B-Instruct-v0.3|s4
RedHatAI/Mistral-7B-Instruct-v0.3-quantized.w8a16,mistral,Mistral-7B-Instruct-v0.3,w8a16,gsm8k,49.28,50.42,1.14,0.03054545454545455,-1.6240886917960087,1.685179600886918,False,True,Mistral-7B-Instruct-v0.3|s4
RedHatAI/Mistral-7B-Instruct-v0.3-quantized.w8a16,mistral,Mistral-7B-Instruct-v0.3,w8a16,hellaswag,84.84,84.78,-0.06,0.03054545454545455,-1.6240886917960087,1.685179600886918,False,True,Mistral-7B-Instruct-v0.3|s4
RedHatAI/Mistral-7B-Instruct-v0.3-quantized.w8a16,mistral,Mistral-7B-Instruct-v0.3,w8a16,winogrande,79.56,79.48,-0.08,0.03054545454545455,-1.6240886917960087,1.685179600886918,False,True,Mistral-7B-Instruct-v0.3|s4
RedHatAI/Mistral-7B-Instruct-v0.3-quantized.w8a16,mistral,Mistral-7B-Instruct-v0.3,w8a16,truthfulqa,59.33,59.48,0.15,0.03054545454545455,-1.6240886917960087,1.685179600886918,False,True,Mistral-7B-Instruct-v0.3|s4
RedHatAI/Mistral-Small-24B-Instruct-2501-FP8-dynamic,mistral,Mistral-Small-24B-Instruct-2501,fp8_dynamic,arc_challenge,72.18,71.76,-0.42,-0.010864197530864202,-1.6641518687637409,1.6424234737020127,False,True,Mistral-Small-24B-Instruct-2501|s0
RedHatAI/Mistral-Small-24B-Instruct-2501-FP8-dynamic,mistral,Mistral-Small-24B-Instruct-2501,fp8_dynamic,gsm8k,90.14,89.01,-1.13,-0.010864197530864202,-1.6641518687637409,1.6424234737020127,False,True,Mistral-Small-24B-Instruct-2501|s0
RedHatAI/Mistral-Small-24B-Instruct-2501-FP8-dynamic,mistral,Mistral-Small-24B-Instruct-2501,fp8_dynamic,hellaswag,85.05,84.65,-0.4,-0.010864197530864202,-1.6641518687637409,1.6424234737020127,False,True,Mistral-Small-24B-Instruct-2501|s0
RedHatAI/Mistral-Small-24B-Instruct-2501-FP8-dynamic,mistral,Mistral-Small-24B-Instruct-2501,fp8_dynamic,mmlu,80.69,80.55,-0.14,-0.010864197530864202,-1.6641518687637409,1.6424234737020127,False,True,Mistral-Small-24B-Instruct-2501|s0
RedHatAI/Mistral-Small-24B-Instruct-2501-FP8-dynamic,mistral,Mistral-Small-24B-Instruct-2501,fp8_dynamic,truthfulqa,65.55,64.85,-0.7,-0.010864197530864202,-1.6641518687637409,1.6424234737020127,False,True,Mistral-Small-24B-Instruct-2501|s0
RedHatAI/Mistral-Small-24B-Instruct-2501-FP8-dynamic,mistral,Mistral-Small-24B-Instruct-2501,fp8_dynamic,winogrande,83.11,82.48,-0.63,-0.010864197530864202,-1.6641518687637409,1.6424234737020127,False,True,Mistral-Small-24B-Instruct-2501|s0
RedHatAI/Mistral-Small-24B-Instruct-2501-FP8-dynamic,mistral,Mistral-Small-24B-Instruct-2501,fp8_dynamic,ifeval,73.27,73.53,0.26,-0.010864197530864202,-1.6641518687637409,1.6424234737020127,False,True,Mistral-Small-24B-Instruct-2501|s0
RedHatAI/Mistral-Small-24B-Instruct-2501-FP8-dynamic,mistral,Mistral-Small-24B-Instruct-2501,fp8_dynamic,bbh,45.18,44.39,-0.79,-0.010864197530864202,-1.6641518687637409,1.6424234737020127,False,True,Mistral-Small-24B-Instruct-2501|s0
RedHatAI/Mistral-Small-24B-Instruct-2501-FP8-dynamic,mistral,Mistral-Small-24B-Instruct-2501,fp8_dynamic,mmlu_pro,38.83,37.28,-1.55,-0.010864197530864202,-1.6641518687637409,1.6424234737020127,False,True,Mistral-Small-24B-Instruct-2501|s0
RedHatAI/Mistral-Small-24B-Instruct-2501-quantized.w4a16,mistral,Mistral-Small-24B-Instruct-2501,w4a16,arc_challenge,72.18,71.16,-1.02,-0.7367123287671233,-2.39,0.9165753424657535,False,True,Mistral-Small-24B-Instruct-2501|s0
RedHatAI/Mistral-Small-24B-Instruct-2501-quantized.w4a16,mistral,Mistral-Small-24B-Instruct-2501,w4a16,gsm8k,90.14,89.69,-0.45,-0.7367123287671233,-2.39,0.9165753424657535,False,True,Mistral-Small-24B-Instruct-2501|s0
RedHatAI/Mistral-Small-24B-Instruct-2501-quantized.w4a16,mistral,Mistral-Small-24B-Instruct-2501,w4a16,hellaswag,85.05,84.43,-0.62,-0.7367123287671233,-2.39,0.9165753424657535,False,True,Mistral-Small-24B-Instruct-2501|s0
RedHatAI/Mistral-Small-24B-Instruct-2501-quantized.w4a16,mistral,Mistral-Small-24B-Instruct-2501,w4a16,mmlu,80.69,80.0,-0.69,-0.7367123287671233,-2.39,0.9165753424657535,False,True,Mistral-Small-24B-Instruct-2501|s0
RedHatAI/Mistral-Small-24B-Instruct-2501-quantized.w4a16,mistral,Mistral-Small-24B-Instruct-2501,w4a16,truthfulqa,65.55,63.92,-1.63,-0.7367123287671233,-2.39,0.9165753424657535,False,True,Mistral-Small-24B-Instruct-2501|s0
RedHatAI/Mistral-Small-24B-Instruct-2501-quantized.w4a16,mistral,Mistral-Small-24B-Instruct-2501,w4a16,winogrande,83.11,82.24,-0.87,-0.7367123287671233,-2.39,0.9165753424657535,False,True,Mistral-Small-24B-Instruct-2501|s0
RedHatAI/Mistral-Small-24B-Instruct-2501-quantized.w4a16,mistral,Mistral-Small-24B-Instruct-2501,w4a16,ifeval,73.27,74.37,1.1,-0.7367123287671233,-2.39,0.9165753424657535,False,False,Mistral-Small-24B-Instruct-2501|s0
RedHatAI/Mistral-Small-24B-Instruct-2501-quantized.w4a16,mistral,Mistral-Small-24B-Instruct-2501,w4a16,bbh,45.18,45.15,-0.03,-0.7367123287671233,-2.39,0.9165753424657535,False,True,Mistral-Small-24B-Instruct-2501|s0
RedHatAI/Mistral-Small-24B-Instruct-2501-quantized.w4a16,mistral,Mistral-Small-24B-Instruct-2501,w4a16,mmlu_pro,38.83,36.0,-2.83,-0.7367123287671233,-2.39,0.9165753424657535,False,False,Mistral-Small-24B-Instruct-2501|s0
RedHatAI/Mistral-Small-24B-Instruct-2501-quantized.w8a8,mistral,Mistral-Small-24B-Instruct-2501,w8a8_int,arc_challenge,72.18,68.86,-3.32,-0.3077987421383648,-1.9610864133712416,1.345488929094512,False,False,Mistral-Small-24B-Instruct-2501|s0
RedHatAI/Mistral-Small-24B-Instruct-2501-quantized.w8a8,mistral,Mistral-Small-24B-Instruct-2501,w8a8_int,gsm8k,90.14,90.0,-0.14,-0.3077987421383648,-1.9610864133712416,1.345488929094512,False,True,Mistral-Small-24B-Instruct-2501|s0
RedHatAI/Mistral-Small-24B-Instruct-2501-quantized.w8a8,mistral,Mistral-Small-24B-Instruct-2501,w8a8_int,hellaswag,85.05,85.06,0.01,-0.3077987421383648,-1.9610864133712416,1.345488929094512,False,True,Mistral-Small-24B-Instruct-2501|s0
RedHatAI/Mistral-Small-24B-Instruct-2501-quantized.w8a8,mistral,Mistral-Small-24B-Instruct-2501,w8a8_int,mmlu,80.69,80.25,-0.44,-0.3077987421383648,-1.9610864133712416,1.345488929094512,False,True,Mistral-Small-24B-Instruct-2501|s0
RedHatAI/Mistral-Small-24B-Instruct-2501-quantized.w8a8,mistral,Mistral-Small-24B-Instruct-2501,w8a8_int,truthfulqa,65.55,65.69,0.14,-0.3077987421383648,-1.9610864133712416,1.345488929094512,False,True,Mistral-Small-24B-Instruct-2501|s0
RedHatAI/Mistral-Small-24B-Instruct-2501-quantized.w8a8,mistral,Mistral-Small-24B-Instruct-2501,w8a8_int,winogrande,83.11,81.69,-1.42,-0.3077987421383648,-1.9610864133712416,1.345488929094512,False,True,Mistral-Small-24B-Instruct-2501|s0
RedHatAI/Mistral-Small-24B-Instruct-2501-FP8-dynamic,mistral,Mistral-Small-24B-Instruct-2501,fp8_dynamic,arc_challenge,72.18,71.76,-0.42,0.06703125,-1.4734990530303027,1.607561553030303,False,True,Mistral-Small-24B-Instruct-2501|s1
RedHatAI/Mistral-Small-24B-Instruct-2501-FP8-dynamic,mistral,Mistral-Small-24B-Instruct-2501,fp8_dynamic,gsm8k,90.14,89.01,-1.13,0.06703125,-1.4734990530303027,1.607561553030303,False,True,Mistral-Small-24B-Instruct-2501|s1
RedHatAI/Mistral-Small-24B-Instruct-2501-FP8-dynamic,mistral,Mistral-Small-24B-Instruct-2501,fp8_dynamic,hellaswag,85.05,84.65,-0.4,0.06703125,-1.4734990530303027,1.607561553030303,False,True,Mistral-Small-24B-Instruct-2501|s1
RedHatAI/Mistral-Small-24B-Instruct-2501-FP8-dynamic,mistral,Mistral-Small-24B-Instruct-2501,fp8_dynamic,mmlu,80.69,80.55,-0.14,0.06703125,-1.4734990530303027,1.607561553030303,False,True,Mistral-Small-24B-Instruct-2501|s1
RedHatAI/Mistral-Small-24B-Instruct-2501-FP8-dynamic,mistral,Mistral-Small-24B-Instruct-2501,fp8_dynamic,truthfulqa,65.55,64.85,-0.7,0.06703125,-1.4734990530303027,1.607561553030303,False,True,Mistral-Small-24B-Instruct-2501|s1
RedHatAI/Mistral-Small-24B-Instruct-2501-FP8-dynamic,mistral,Mistral-Small-24B-Instruct-2501,fp8_dynamic,winogrande,83.11,82.48,-0.63,0.06703125,-1.4734990530303027,1.607561553030303,False,True,Mistral-Small-24B-Instruct-2501|s1
RedHatAI/Mistral-Small-24B-Instruct-2501-FP8-dynamic,mistral,Mistral-Small-24B-Instruct-2501,fp8_dynamic,ifeval,73.27,73.53,0.26,0.06703125,-1.4734990530303027,1.607561553030303,False,True,Mistral-Small-24B-Instruct-2501|s1
RedHatAI/Mistral-Small-24B-Instruct-2501-FP8-dynamic,mistral,Mistral-Small-24B-Instruct-2501,fp8_dynamic,bbh,45.18,44.39,-0.79,0.06703125,-1.4734990530303027,1.607561553030303,False,True,Mistral-Small-24B-Instruct-2501|s1
RedHatAI/Mistral-Small-24B-Instruct-2501-FP8-dynamic,mistral,Mistral-Small-24B-Instruct-2501,fp8_dynamic,mmlu_pro,38.83,37.28,-1.55,0.06703125,-1.4734990530303027,1.607561553030303,False,False,Mistral-Small-24B-Instruct-2501|s1
RedHatAI/Mistral-Small-24B-Instruct-2501-quantized.w4a16,mistral,Mistral-Small-24B-Instruct-2501,w4a16,arc_challenge,72.18,71.16,-1.02,-0.509469696969697,-2.05,1.0310606060606058,False,True,Mistral-Small-24B-Instruct-2501|s1
RedHatAI/Mistral-Small-24B-Instruct-2501-quantized.w4a16,mistral,Mistral-Small-24B-Instruct-2501,w4a16,gsm8k,90.14,89.69,-0.45,-0.509469696969697,-2.05,1.0310606060606058,False,True,Mistral-Small-24B-Instruct-2501|s1
RedHatAI/Mistral-Small-24B-Instruct-2501-quantized.w4a16,mistral,Mistral-Small-24B-Instruct-2501,w4a16,hellaswag,85.05,84.43,-0.62,-0.509469696969697,-2.05,1.0310606060606058,False,True,Mistral-Small-24B-Instruct-2501|s1
RedHatAI/Mistral-Small-24B-Instruct-2501-quantized.w4a16,mistral,Mistral-Small-24B-Instruct-2501,w4a16,mmlu,80.69,80.0,-0.69,-0.509469696969697,-2.05,1.0310606060606058,False,True,Mistral-Small-24B-Instruct-2501|s1
RedHatAI/Mistral-Small-24B-Instruct-2501-quantized.w4a16,mistral,Mistral-Small-24B-Instruct-2501,w4a16,truthfulqa,65.55,63.92,-1.63,-0.509469696969697,-2.05,1.0310606060606058,False,True,Mistral-Small-24B-Instruct-2501|s1
RedHatAI/Mistral-Small-24B-Instruct-2501-quantized.w4a16,mistral,Mistral-Small-24B-Instruct-2501,w4a16,winogrande,83.11,82.24,-0.87,-0.509469696969697,-2.05,1.0310606060606058,False,True,Mistral-Small-24B-Instruct-2501|s1
RedHatAI/Mistral-Small-24B-Instruct-2501-quantized.w4a16,mistral,Mistral-Small-24B-Instruct-2501,w4a16,ifeval,73.27,74.37,1.1,-0.509469696969697,-2.05,1.0310606060606058,False,False,Mistral-Small-24B-Instruct-2501|s1
RedHatAI/Mistral-Small-24B-Instruct-2501-quantized.w4a16,mistral,Mistral-Small-24B-Instruct-2501,w4a16,bbh,45.18,45.15,-0.03,-0.509469696969697,-2.05,1.0310606060606058,False,True,Mistral-Small-24B-Instruct-2501|s1
RedHatAI/Mistral-Small-24B-Instruct-2501-quantized.w4a16,mistral,Mistral-Small-24B-Instruct-2501,w4a16,mmlu_pro,38.83,36.0,-2.83,-0.509469696969697,-2.05,1.0310606060606058,False,False,Mistral-Small-24B-Instruct-2501|s1
RedHatAI/Mistral-Small-24B-Instruct-2501-quantized.w8a8,mistral,Mistral-Small-24B-Instruct-2501,w8a8_int,arc_challenge,72.18,68.86,-3.32,-0.348015873015873,-1.8885461760461757,1.19251443001443,False,False,Mistral-Small-24B-Instruct-2501|s1
RedHatAI/Mistral-Small-24B-Instruct-2501-quantized.w8a8,mistral,Mistral-Small-24B-Instruct-2501,w8a8_int,gsm8k,90.14,90.0,-0.14,-0.348015873015873,-1.8885461760461757,1.19251443001443,False,True,Mistral-Small-24B-Instruct-2501|s1
RedHatAI/Mistral-Small-24B-Instruct-2501-quantized.w8a8,mistral,Mistral-Small-24B-Instruct-2501,w8a8_int,hellaswag,85.05,85.06,0.01,-0.348015873015873,-1.8885461760461757,1.19251443001443,False,True,Mistral-Small-24B-Instruct-2501|s1
RedHatAI/Mistral-Small-24B-Instruct-2501-quantized.w8a8,mistral,Mistral-Small-24B-Instruct-2501,w8a8_int,mmlu,80.69,80.25,-0.44,-0.348015873015873,-1.8885461760461757,1.19251443001443,False,True,Mistral-Small-24B-Instruct-2501|s1
RedHatAI/Mistral-Small-24B-Instruct-2501-quantized.w8a8,mistral,Mistral-Small-24B-Instruct-2501,w8a8_int,truthfulqa,65.55,65.69,0.14,-0.348015873015873,-1.8885461760461757,1.19251443001443,False,True,Mistral-Small-24B-Instruct-2501|s1
RedHatAI/Mistral-Small-24B-Instruct-2501-quantized.w8a8,mistral,Mistral-Small-24B-Instruct-2501,w8a8_int,winogrande,83.11,81.69,-1.42,-0.348015873015873,-1.8885461760461757,1.19251443001443,False,True,Mistral-Small-24B-Instruct-2501|s1
RedHatAI/Mistral-Small-24B-Instruct-2501-FP8-dynamic,mistral,Mistral-Small-24B-Instruct-2501,fp8_dynamic,arc_challenge,72.18,71.76,-0.42,-0.07246031746031746,-2.3517286101432444,2.2068079752226093,False,True,Mistral-Small-24B-Instruct-2501|s2
RedHatAI/Mistral-Small-24B-Instruct-2501-FP8-dynamic,mistral,Mistral-Small-24B-Instruct-2501,fp8_dynamic,gsm8k,90.14,89.01,-1.13,-0.07246031746031746,-2.3517286101432444,2.2068079752226093,False,True,Mistral-Small-24B-Instruct-2501|s2
RedHatAI/Mistral-Small-24B-Instruct-2501-FP8-dynamic,mistral,Mistral-Small-24B-Instruct-2501,fp8_dynamic,hellaswag,85.05,84.65,-0.4,-0.07246031746031746,-2.3517286101432444,2.2068079752226093,False,True,Mistral-Small-24B-Instruct-2501|s2
RedHatAI/Mistral-Small-24B-Instruct-2501-FP8-dynamic,mistral,Mistral-Small-24B-Instruct-2501,fp8_dynamic,mmlu,80.69,80.55,-0.14,-0.07246031746031746,-2.3517286101432444,2.2068079752226093,False,True,Mistral-Small-24B-Instruct-2501|s2
RedHatAI/Mistral-Small-24B-Instruct-2501-FP8-dynamic,mistral,Mistral-Small-24B-Instruct-2501,fp8_dynamic,truthfulqa,65.55,64.85,-0.7,-0.07246031746031746,-2.3517286101432444,2.2068079752226093,False,True,Mistral-Small-24B-Instruct-2501|s2
RedHatAI/Mistral-Small-24B-Instruct-2501-FP8-dynamic,mistral,Mistral-Small-24B-Instruct-2501,fp8_dynamic,winogrande,83.11,82.48,-0.63,-0.07246031746031746,-2.3517286101432444,2.2068079752226093,False,True,Mistral-Small-24B-Instruct-2501|s2
RedHatAI/Mistral-Small-24B-Instruct-2501-FP8-dynamic,mistral,Mistral-Small-24B-Instruct-2501,fp8_dynamic,ifeval,73.27,73.53,0.26,-0.07246031746031746,-2.3517286101432444,2.2068079752226093,False,True,Mistral-Small-24B-Instruct-2501|s2
RedHatAI/Mistral-Small-24B-Instruct-2501-FP8-dynamic,mistral,Mistral-Small-24B-Instruct-2501,fp8_dynamic,bbh,45.18,44.39,-0.79,-0.07246031746031746,-2.3517286101432444,2.2068079752226093,False,True,Mistral-Small-24B-Instruct-2501|s2
RedHatAI/Mistral-Small-24B-Instruct-2501-FP8-dynamic,mistral,Mistral-Small-24B-Instruct-2501,fp8_dynamic,mmlu_pro,38.83,37.28,-1.55,-0.07246031746031746,-2.3517286101432444,2.2068079752226093,False,True,Mistral-Small-24B-Instruct-2501|s2
RedHatAI/Mistral-Small-24B-Instruct-2501-quantized.w4a16,mistral,Mistral-Small-24B-Instruct-2501,w4a16,arc_challenge,72.18,71.16,-1.02,-0.8267961165048543,-3.1060644091877814,1.4524721761780726,False,True,Mistral-Small-24B-Instruct-2501|s2
RedHatAI/Mistral-Small-24B-Instruct-2501-quantized.w4a16,mistral,Mistral-Small-24B-Instruct-2501,w4a16,gsm8k,90.14,89.69,-0.45,-0.8267961165048543,-3.1060644091877814,1.4524721761780726,False,True,Mistral-Small-24B-Instruct-2501|s2
RedHatAI/Mistral-Small-24B-Instruct-2501-quantized.w4a16,mistral,Mistral-Small-24B-Instruct-2501,w4a16,hellaswag,85.05,84.43,-0.62,-0.8267961165048543,-3.1060644091877814,1.4524721761780726,False,True,Mistral-Small-24B-Instruct-2501|s2
RedHatAI/Mistral-Small-24B-Instruct-2501-quantized.w4a16,mistral,Mistral-Small-24B-Instruct-2501,w4a16,mmlu,80.69,80.0,-0.69,-0.8267961165048543,-3.1060644091877814,1.4524721761780726,False,True,Mistral-Small-24B-Instruct-2501|s2
RedHatAI/Mistral-Small-24B-Instruct-2501-quantized.w4a16,mistral,Mistral-Small-24B-Instruct-2501,w4a16,truthfulqa,65.55,63.92,-1.63,-0.8267961165048543,-3.1060644091877814,1.4524721761780726,False,True,Mistral-Small-24B-Instruct-2501|s2
RedHatAI/Mistral-Small-24B-Instruct-2501-quantized.w4a16,mistral,Mistral-Small-24B-Instruct-2501,w4a16,winogrande,83.11,82.24,-0.87,-0.8267961165048543,-3.1060644091877814,1.4524721761780726,False,True,Mistral-Small-24B-Instruct-2501|s2
RedHatAI/Mistral-Small-24B-Instruct-2501-quantized.w4a16,mistral,Mistral-Small-24B-Instruct-2501,w4a16,ifeval,73.27,74.37,1.1,-0.8267961165048543,-3.1060644091877814,1.4524721761780726,False,True,Mistral-Small-24B-Instruct-2501|s2
RedHatAI/Mistral-Small-24B-Instruct-2501-quantized.w4a16,mistral,Mistral-Small-24B-Instruct-2501,w4a16,bbh,45.18,45.15,-0.03,-0.8267961165048543,-3.1060644091877814,1.4524721761780726,False,True,Mistral-Small-24B-Instruct-2501|s2
RedHatAI/Mistral-Small-24B-Instruct-2501-quantized.w4a16,mistral,Mistral-Small-24B-Instruct-2501,w4a16,mmlu_pro,38.83,36.0,-2.83,-0.8267961165048543,-3.1060644091877814,1.4524721761780726,False,True,Mistral-Small-24B-Instruct-2501|s2
RedHatAI/Mistral-Small-24B-Instruct-2501-quantized.w8a8,mistral,Mistral-Small-24B-Instruct-2501,w8a8_int,arc_challenge,72.18,68.86,-3.32,-0.31071942446043166,-2.5899877171433587,1.9685488682224952,False,False,Mistral-Small-24B-Instruct-2501|s2
RedHatAI/Mistral-Small-24B-Instruct-2501-quantized.w8a8,mistral,Mistral-Small-24B-Instruct-2501,w8a8_int,gsm8k,90.14,90.0,-0.14,-0.31071942446043166,-2.5899877171433587,1.9685488682224952,False,True,Mistral-Small-24B-Instruct-2501|s2
RedHatAI/Mistral-Small-24B-Instruct-2501-quantized.w8a8,mistral,Mistral-Small-24B-Instruct-2501,w8a8_int,hellaswag,85.05,85.06,0.01,-0.31071942446043166,-2.5899877171433587,1.9685488682224952,False,True,Mistral-Small-24B-Instruct-2501|s2
RedHatAI/Mistral-Small-24B-Instruct-2501-quantized.w8a8,mistral,Mistral-Small-24B-Instruct-2501,w8a8_int,mmlu,80.69,80.25,-0.44,-0.31071942446043166,-2.5899877171433587,1.9685488682224952,False,True,Mistral-Small-24B-Instruct-2501|s2
RedHatAI/Mistral-Small-24B-Instruct-2501-quantized.w8a8,mistral,Mistral-Small-24B-Instruct-2501,w8a8_int,truthfulqa,65.55,65.69,0.14,-0.31071942446043166,-2.5899877171433587,1.9685488682224952,False,True,Mistral-Small-24B-Instruct-2501|s2
RedHatAI/Mistral-Small-24B-Instruct-2501-quantized.w8a8,mistral,Mistral-Small-24B-Instruct-2501,w8a8_int,winogrande,83.11,81.69,-1.42,-0.31071942446043166,-2.5899877171433587,1.9685488682224952,False,True,Mistral-Small-24B-Instruct-2501|s2
RedHatAI/Mistral-Small-24B-Instruct-2501-FP8-dynamic,mistral,Mistral-Small-24B-Instruct-2501,fp8_dynamic,arc_challenge,72.18,71.76,-0.42,0.05881481481481481,-1.6179762299613045,1.7356058595909343,False,True,Mistral-Small-24B-Instruct-2501|s3
RedHatAI/Mistral-Small-24B-Instruct-2501-FP8-dynamic,mistral,Mistral-Small-24B-Instruct-2501,fp8_dynamic,gsm8k,90.14,89.01,-1.13,0.05881481481481481,-1.6179762299613045,1.7356058595909343,False,True,Mistral-Small-24B-Instruct-2501|s3
RedHatAI/Mistral-Small-24B-Instruct-2501-FP8-dynamic,mistral,Mistral-Small-24B-Instruct-2501,fp8_dynamic,hellaswag,85.05,84.65,-0.4,0.05881481481481481,-1.6179762299613045,1.7356058595909343,False,True,Mistral-Small-24B-Instruct-2501|s3
RedHatAI/Mistral-Small-24B-Instruct-2501-FP8-dynamic,mistral,Mistral-Small-24B-Instruct-2501,fp8_dynamic,mmlu,80.69,80.55,-0.14,0.05881481481481481,-1.6179762299613045,1.7356058595909343,False,True,Mistral-Small-24B-Instruct-2501|s3
RedHatAI/Mistral-Small-24B-Instruct-2501-FP8-dynamic,mistral,Mistral-Small-24B-Instruct-2501,fp8_dynamic,truthfulqa,65.55,64.85,-0.7,0.05881481481481481,-1.6179762299613045,1.7356058595909343,False,True,Mistral-Small-24B-Instruct-2501|s3
RedHatAI/Mistral-Small-24B-Instruct-2501-FP8-dynamic,mistral,Mistral-Small-24B-Instruct-2501,fp8_dynamic,winogrande,83.11,82.48,-0.63,0.05881481481481481,-1.6179762299613045,1.7356058595909343,False,True,Mistral-Small-24B-Instruct-2501|s3
RedHatAI/Mistral-Small-24B-Instruct-2501-FP8-dynamic,mistral,Mistral-Small-24B-Instruct-2501,fp8_dynamic,ifeval,73.27,73.53,0.26,0.05881481481481481,-1.6179762299613045,1.7356058595909343,False,True,Mistral-Small-24B-Instruct-2501|s3
RedHatAI/Mistral-Small-24B-Instruct-2501-FP8-dynamic,mistral,Mistral-Small-24B-Instruct-2501,fp8_dynamic,bbh,45.18,44.39,-0.79,0.05881481481481481,-1.6179762299613045,1.7356058595909343,False,True,Mistral-Small-24B-Instruct-2501|s3
RedHatAI/Mistral-Small-24B-Instruct-2501-FP8-dynamic,mistral,Mistral-Small-24B-Instruct-2501,fp8_dynamic,mmlu_pro,38.83,37.28,-1.55,0.05881481481481481,-1.6179762299613045,1.7356058595909343,False,True,Mistral-Small-24B-Instruct-2501|s3
RedHatAI/Mistral-Small-24B-Instruct-2501-quantized.w4a16,mistral,Mistral-Small-24B-Instruct-2501,w4a16,arc_challenge,72.18,71.16,-1.02,-0.7667910447761194,-2.4435820895522387,0.91,False,True,Mistral-Small-24B-Instruct-2501|s3
RedHatAI/Mistral-Small-24B-Instruct-2501-quantized.w4a16,mistral,Mistral-Small-24B-Instruct-2501,w4a16,gsm8k,90.14,89.69,-0.45,-0.7667910447761194,-2.4435820895522387,0.91,False,True,Mistral-Small-24B-Instruct-2501|s3
RedHatAI/Mistral-Small-24B-Instruct-2501-quantized.w4a16,mistral,Mistral-Small-24B-Instruct-2501,w4a16,hellaswag,85.05,84.43,-0.62,-0.7667910447761194,-2.4435820895522387,0.91,False,True,Mistral-Small-24B-Instruct-2501|s3
RedHatAI/Mistral-Small-24B-Instruct-2501-quantized.w4a16,mistral,Mistral-Small-24B-Instruct-2501,w4a16,mmlu,80.69,80.0,-0.69,-0.7667910447761194,-2.4435820895522387,0.91,False,True,Mistral-Small-24B-Instruct-2501|s3
RedHatAI/Mistral-Small-24B-Instruct-2501-quantized.w4a16,mistral,Mistral-Small-24B-Instruct-2501,w4a16,truthfulqa,65.55,63.92,-1.63,-0.7667910447761194,-2.4435820895522387,0.91,False,True,Mistral-Small-24B-Instruct-2501|s3
RedHatAI/Mistral-Small-24B-Instruct-2501-quantized.w4a16,mistral,Mistral-Small-24B-Instruct-2501,w4a16,winogrande,83.11,82.24,-0.87,-0.7667910447761194,-2.4435820895522387,0.91,False,True,Mistral-Small-24B-Instruct-2501|s3
RedHatAI/Mistral-Small-24B-Instruct-2501-quantized.w4a16,mistral,Mistral-Small-24B-Instruct-2501,w4a16,ifeval,73.27,74.37,1.1,-0.7667910447761194,-2.4435820895522387,0.91,False,False,Mistral-Small-24B-Instruct-2501|s3
RedHatAI/Mistral-Small-24B-Instruct-2501-quantized.w4a16,mistral,Mistral-Small-24B-Instruct-2501,w4a16,bbh,45.18,45.15,-0.03,-0.7667910447761194,-2.4435820895522387,0.91,False,True,Mistral-Small-24B-Instruct-2501|s3
RedHatAI/Mistral-Small-24B-Instruct-2501-quantized.w4a16,mistral,Mistral-Small-24B-Instruct-2501,w4a16,mmlu_pro,38.83,36.0,-2.83,-0.7667910447761194,-2.4435820895522387,0.91,False,False,Mistral-Small-24B-Instruct-2501|s3
RedHatAI/Mistral-Small-24B-Instruct-2501-quantized.w8a8,mistral,Mistral-Small-24B-Instruct-2501,w8a8_int,arc_challenge,72.18,68.86,-3.32,-0.3582222222222222,-2.035013266998342,1.3185688225538972,False,False,Mistral-Small-24B-Instruct-2501|s3
RedHatAI/Mistral-Small-24B-Instruct-2501-quantized.w8a8,mistral,Mistral-Small-24B-Instruct-2501,w8a8_int,gsm8k,90.14,90.0,-0.14,-0.3582222222222222,-2.035013266998342,1.3185688225538972,False,True,Mistral-Small-24B-Instruct-2501|s3
RedHatAI/Mistral-Small-24B-Instruct-2501-quantized.w8a8,mistral,Mistral-Small-24B-Instruct-2501,w8a8_int,hellaswag,85.05,85.06,0.01,-0.3582222222222222,-2.035013266998342,1.3185688225538972,False,True,Mistral-Small-24B-Instruct-2501|s3
RedHatAI/Mistral-Small-24B-Instruct-2501-quantized.w8a8,mistral,Mistral-Small-24B-Instruct-2501,w8a8_int,mmlu,80.69,80.25,-0.44,-0.3582222222222222,-2.035013266998342,1.3185688225538972,False,True,Mistral-Small-24B-Instruct-2501|s3
RedHatAI/Mistral-Small-24B-Instruct-2501-quantized.w8a8,mistral,Mistral-Small-24B-Instruct-2501,w8a8_int,truthfulqa,65.55,65.69,0.14,-0.3582222222222222,-2.035013266998342,1.3185688225538972,False,True,Mistral-Small-24B-Instruct-2501|s3
RedHatAI/Mistral-Small-24B-Instruct-2501-quantized.w8a8,mistral,Mistral-Small-24B-Instruct-2501,w8a8_int,winogrande,83.11,81.69,-1.42,-0.3582222222222222,-2.035013266998342,1.3185688225538972,False,True,Mistral-Small-24B-Instruct-2501|s3
RedHatAI/Mistral-Small-24B-Instruct-2501-FP8-dynamic,mistral,Mistral-Small-24B-Instruct-2501,fp8_dynamic,arc_challenge,72.18,71.76,-0.42,0.04643939393939393,-1.4734743991640542,1.566353187042842,False,True,Mistral-Small-24B-Instruct-2501|s4
RedHatAI/Mistral-Small-24B-Instruct-2501-FP8-dynamic,mistral,Mistral-Small-24B-Instruct-2501,fp8_dynamic,gsm8k,90.14,89.01,-1.13,0.04643939393939393,-1.4734743991640542,1.566353187042842,False,True,Mistral-Small-24B-Instruct-2501|s4
RedHatAI/Mistral-Small-24B-Instruct-2501-FP8-dynamic,mistral,Mistral-Small-24B-Instruct-2501,fp8_dynamic,hellaswag,85.05,84.65,-0.4,0.04643939393939393,-1.4734743991640542,1.566353187042842,False,True,Mistral-Small-24B-Instruct-2501|s4
RedHatAI/Mistral-Small-24B-Instruct-2501-FP8-dynamic,mistral,Mistral-Small-24B-Instruct-2501,fp8_dynamic,mmlu,80.69,80.55,-0.14,0.04643939393939393,-1.4734743991640542,1.566353187042842,False,True,Mistral-Small-24B-Instruct-2501|s4
RedHatAI/Mistral-Small-24B-Instruct-2501-FP8-dynamic,mistral,Mistral-Small-24B-Instruct-2501,fp8_dynamic,truthfulqa,65.55,64.85,-0.7,0.04643939393939393,-1.4734743991640542,1.566353187042842,False,True,Mistral-Small-24B-Instruct-2501|s4
RedHatAI/Mistral-Small-24B-Instruct-2501-FP8-dynamic,mistral,Mistral-Small-24B-Instruct-2501,fp8_dynamic,winogrande,83.11,82.48,-0.63,0.04643939393939393,-1.4734743991640542,1.566353187042842,False,True,Mistral-Small-24B-Instruct-2501|s4
RedHatAI/Mistral-Small-24B-Instruct-2501-FP8-dynamic,mistral,Mistral-Small-24B-Instruct-2501,fp8_dynamic,ifeval,73.27,73.53,0.26,0.04643939393939393,-1.4734743991640542,1.566353187042842,False,True,Mistral-Small-24B-Instruct-2501|s4
RedHatAI/Mistral-Small-24B-Instruct-2501-FP8-dynamic,mistral,Mistral-Small-24B-Instruct-2501,fp8_dynamic,bbh,45.18,44.39,-0.79,0.04643939393939393,-1.4734743991640542,1.566353187042842,False,True,Mistral-Small-24B-Instruct-2501|s4
RedHatAI/Mistral-Small-24B-Instruct-2501-FP8-dynamic,mistral,Mistral-Small-24B-Instruct-2501,fp8_dynamic,mmlu_pro,38.83,37.28,-1.55,0.04643939393939393,-1.4734743991640542,1.566353187042842,False,False,Mistral-Small-24B-Instruct-2501|s4
RedHatAI/Mistral-Small-24B-Instruct-2501-quantized.w4a16,mistral,Mistral-Small-24B-Instruct-2501,w4a16,arc_challenge,72.18,71.16,-1.02,-0.8199137931034483,-2.3398275862068965,0.6999999999999998,False,True,Mistral-Small-24B-Instruct-2501|s4
RedHatAI/Mistral-Small-24B-Instruct-2501-quantized.w4a16,mistral,Mistral-Small-24B-Instruct-2501,w4a16,gsm8k,90.14,89.69,-0.45,-0.8199137931034483,-2.3398275862068965,0.6999999999999998,False,True,Mistral-Small-24B-Instruct-2501|s4
RedHatAI/Mistral-Small-24B-Instruct-2501-quantized.w4a16,mistral,Mistral-Small-24B-Instruct-2501,w4a16,hellaswag,85.05,84.43,-0.62,-0.8199137931034483,-2.3398275862068965,0.6999999999999998,False,True,Mistral-Small-24B-Instruct-2501|s4
RedHatAI/Mistral-Small-24B-Instruct-2501-quantized.w4a16,mistral,Mistral-Small-24B-Instruct-2501,w4a16,mmlu,80.69,80.0,-0.69,-0.8199137931034483,-2.3398275862068965,0.6999999999999998,False,True,Mistral-Small-24B-Instruct-2501|s4
RedHatAI/Mistral-Small-24B-Instruct-2501-quantized.w4a16,mistral,Mistral-Small-24B-Instruct-2501,w4a16,truthfulqa,65.55,63.92,-1.63,-0.8199137931034483,-2.3398275862068965,0.6999999999999998,False,True,Mistral-Small-24B-Instruct-2501|s4
RedHatAI/Mistral-Small-24B-Instruct-2501-quantized.w4a16,mistral,Mistral-Small-24B-Instruct-2501,w4a16,winogrande,83.11,82.24,-0.87,-0.8199137931034483,-2.3398275862068965,0.6999999999999998,False,True,Mistral-Small-24B-Instruct-2501|s4
RedHatAI/Mistral-Small-24B-Instruct-2501-quantized.w4a16,mistral,Mistral-Small-24B-Instruct-2501,w4a16,ifeval,73.27,74.37,1.1,-0.8199137931034483,-2.3398275862068965,0.6999999999999998,False,False,Mistral-Small-24B-Instruct-2501|s4
RedHatAI/Mistral-Small-24B-Instruct-2501-quantized.w4a16,mistral,Mistral-Small-24B-Instruct-2501,w4a16,bbh,45.18,45.15,-0.03,-0.8199137931034483,-2.3398275862068965,0.6999999999999998,False,True,Mistral-Small-24B-Instruct-2501|s4
RedHatAI/Mistral-Small-24B-Instruct-2501-quantized.w4a16,mistral,Mistral-Small-24B-Instruct-2501,w4a16,mmlu_pro,38.83,36.0,-2.83,-0.8199137931034483,-2.3398275862068965,0.6999999999999998,False,False,Mistral-Small-24B-Instruct-2501|s4
RedHatAI/Mistral-Small-24B-Instruct-2501-quantized.w8a8,mistral,Mistral-Small-24B-Instruct-2501,w8a8_int,arc_challenge,72.18,68.86,-3.32,-0.29688888888888887,-1.8168026819923369,1.2230249042145593,False,False,Mistral-Small-24B-Instruct-2501|s4
RedHatAI/Mistral-Small-24B-Instruct-2501-quantized.w8a8,mistral,Mistral-Small-24B-Instruct-2501,w8a8_int,gsm8k,90.14,90.0,-0.14,-0.29688888888888887,-1.8168026819923369,1.2230249042145593,False,True,Mistral-Small-24B-Instruct-2501|s4
RedHatAI/Mistral-Small-24B-Instruct-2501-quantized.w8a8,mistral,Mistral-Small-24B-Instruct-2501,w8a8_int,hellaswag,85.05,85.06,0.01,-0.29688888888888887,-1.8168026819923369,1.2230249042145593,False,True,Mistral-Small-24B-Instruct-2501|s4
RedHatAI/Mistral-Small-24B-Instruct-2501-quantized.w8a8,mistral,Mistral-Small-24B-Instruct-2501,w8a8_int,mmlu,80.69,80.25,-0.44,-0.29688888888888887,-1.8168026819923369,1.2230249042145593,False,True,Mistral-Small-24B-Instruct-2501|s4
RedHatAI/Mistral-Small-24B-Instruct-2501-quantized.w8a8,mistral,Mistral-Small-24B-Instruct-2501,w8a8_int,truthfulqa,65.55,65.69,0.14,-0.29688888888888887,-1.8168026819923369,1.2230249042145593,False,True,Mistral-Small-24B-Instruct-2501|s4
RedHatAI/Mistral-Small-24B-Instruct-2501-quantized.w8a8,mistral,Mistral-Small-24B-Instruct-2501,w8a8_int,winogrande,83.11,81.69,-1.42,-0.29688888888888887,-1.8168026819923369,1.2230249042145593,False,True,Mistral-Small-24B-Instruct-2501|s4
RedHatAI/Mistral-Small-3.1-24B-Instruct-2503-FP8-dynamic,mistral,Mistral-Small-3.1-24B-Instruct-2503,fp8_dynamic,mmlu,80.67,80.71,0.04,-0.04848275862068965,-2.016153991497402,1.9191884742560228,False,True,Mistral-Small-3.1-24B-Instruct-2503|s0
RedHatAI/Mistral-Small-3.1-24B-Instruct-2503-FP8-dynamic,mistral,Mistral-Small-3.1-24B-Instruct-2503,fp8_dynamic,arc_challenge,72.78,72.87,0.09,-0.04848275862068965,-2.016153991497402,1.9191884742560228,False,True,Mistral-Small-3.1-24B-Instruct-2503|s0
RedHatAI/Mistral-Small-3.1-24B-Instruct-2503-FP8-dynamic,mistral,Mistral-Small-3.1-24B-Instruct-2503,fp8_dynamic,gsm8k,58.68,49.96,-8.72,-0.04848275862068965,-2.016153991497402,1.9191884742560228,False,False,Mistral-Small-3.1-24B-Instruct-2503|s0
RedHatAI/Mistral-Small-3.1-24B-Instruct-2503-FP8-dynamic,mistral,Mistral-Small-3.1-24B-Instruct-2503,fp8_dynamic,hellaswag,83.7,83.67,-0.03,-0.04848275862068965,-2.016153991497402,1.9191884742560228,False,True,Mistral-Small-3.1-24B-Instruct-2503|s0
RedHatAI/Mistral-Small-3.1-24B-Instruct-2503-FP8-dynamic,mistral,Mistral-Small-3.1-24B-Instruct-2503,fp8_dynamic,winogrande,83.74,82.56,-1.18,-0.04848275862068965,-2.016153991497402,1.9191884742560228,False,True,Mistral-Small-3.1-24B-Instruct-2503|s0
RedHatAI/Mistral-Small-3.1-24B-Instruct-2503-FP8-dynamic,mistral,Mistral-Small-3.1-24B-Instruct-2503,fp8_dynamic,truthfulqa,70.62,70.88,0.26,-0.04848275862068965,-2.016153991497402,1.9191884742560228,False,True,Mistral-Small-3.1-24B-Instruct-2503|s0
RedHatAI/Mistral-Small-3.1-24B-Instruct-2503-FP8-dynamic,mistral,Mistral-Small-3.1-24B-Instruct-2503,fp8_dynamic,mmlu_pro,67.25,66.86,-0.39,-0.04848275862068965,-2.016153991497402,1.9191884742560228,False,True,Mistral-Small-3.1-24B-Instruct-2503|s0
RedHatAI/Mistral-Small-3.1-24B-Instruct-2503-FP8-dynamic,mistral,Mistral-Small-3.1-24B-Instruct-2503,fp8_dynamic,gpqa_diamond_cot_5shot,45.96,45.45,-0.51,-0.04848275862068965,-2.016153991497402,1.9191884742560228,False,True,Mistral-Small-3.1-24B-Instruct-2503|s0
RedHatAI/Mistral-Small-3.1-24B-Instruct-2503-FP8-dynamic,mistral,Mistral-Small-3.1-24B-Instruct-2503,fp8_dynamic,humaneval,84.7,84.7,0.0,-0.04848275862068965,-2.016153991497402,1.9191884742560228,False,True,Mistral-Small-3.1-24B-Instruct-2503|s0
RedHatAI/Mistral-Small-3.1-24B-Instruct-2503-FP8-dynamic,mistral,Mistral-Small-3.1-24B-Instruct-2503,fp8_dynamic,humaneval_plus,79.5,79.3,-0.2,-0.04848275862068965,-2.016153991497402,1.9191884742560228,False,True,Mistral-Small-3.1-24B-Instruct-2503|s0
RedHatAI/Mistral-Small-3.1-24B-Instruct-2503-quantized.w4a16,mistral,Mistral-Small-3.1-24B-Instruct-2503,w4a16,mmlu,80.67,79.74,-0.93,-0.7559701492537313,-2.723641382130444,1.2117010836229811,False,True,Mistral-Small-3.1-24B-Instruct-2503|s0
RedHatAI/Mistral-Small-3.1-24B-Instruct-2503-quantized.w4a16,mistral,Mistral-Small-3.1-24B-Instruct-2503,w4a16,arc_challenge,72.78,72.18,-0.6,-0.7559701492537313,-2.723641382130444,1.2117010836229811,False,True,Mistral-Small-3.1-24B-Instruct-2503|s0
RedHatAI/Mistral-Small-3.1-24B-Instruct-2503-quantized.w4a16,mistral,Mistral-Small-3.1-24B-Instruct-2503,w4a16,gsm8k,58.68,59.59,0.91,-0.7559701492537313,-2.723641382130444,1.2117010836229811,False,True,Mistral-Small-3.1-24B-Instruct-2503|s0
RedHatAI/Mistral-Small-3.1-24B-Instruct-2503-quantized.w4a16,mistral,Mistral-Small-3.1-24B-Instruct-2503,w4a16,hellaswag,83.7,83.25,-0.45,-0.7559701492537313,-2.723641382130444,1.2117010836229811,False,True,Mistral-Small-3.1-24B-Instruct-2503|s0
RedHatAI/Mistral-Small-3.1-24B-Instruct-2503-quantized.w4a16,mistral,Mistral-Small-3.1-24B-Instruct-2503,w4a16,winogrande,83.74,83.43,-0.31,-0.7559701492537313,-2.723641382130444,1.2117010836229811,False,True,Mistral-Small-3.1-24B-Instruct-2503|s0
RedHatAI/Mistral-Small-3.1-24B-Instruct-2503-quantized.w4a16,mistral,Mistral-Small-3.1-24B-Instruct-2503,w4a16,truthfulqa,70.62,69.56,-1.06,-0.7559701492537313,-2.723641382130444,1.2117010836229811,False,True,Mistral-Small-3.1-24B-Instruct-2503|s0
RedHatAI/Mistral-Small-3.1-24B-Instruct-2503-quantized.w4a16,mistral,Mistral-Small-3.1-24B-Instruct-2503,w4a16,mmlu_pro,67.25,66.56,-0.69,-0.7559701492537313,-2.723641382130444,1.2117010836229811,False,True,Mistral-Small-3.1-24B-Instruct-2503|s0
RedHatAI/Mistral-Small-3.1-24B-Instruct-2503-quantized.w4a16,mistral,Mistral-Small-3.1-24B-Instruct-2503,w4a16,gpqa_main_cot_5shot,42.63,47.1,4.47,-0.7559701492537313,-2.723641382130444,1.2117010836229811,False,False,Mistral-Small-3.1-24B-Instruct-2503|s0
RedHatAI/Mistral-Small-3.1-24B-Instruct-2503-quantized.w4a16,mistral,Mistral-Small-3.1-24B-Instruct-2503,w4a16,gpqa_diamond_cot_5shot,45.96,44.95,-1.01,-0.7559701492537313,-2.723641382130444,1.2117010836229811,False,True,Mistral-Small-3.1-24B-Instruct-2503|s0
RedHatAI/Mistral-Small-3.1-24B-Instruct-2503-quantized.w4a16,mistral,Mistral-Small-3.1-24B-Instruct-2503,w4a16,humaneval,84.7,84.6,-0.1,-0.7559701492537313,-2.723641382130444,1.2117010836229811,False,True,Mistral-Small-3.1-24B-Instruct-2503|s0
RedHatAI/Mistral-Small-3.1-24B-Instruct-2503-quantized.w4a16,mistral,Mistral-Small-3.1-24B-Instruct-2503,w4a16,humaneval_plus,79.5,79.9,0.4,-0.7559701492537313,-2.723641382130444,1.2117010836229811,False,True,Mistral-Small-3.1-24B-Instruct-2503|s0
RedHatAI/Mistral-Small-3.1-24B-Instruct-2503-quantized.w8a8,mistral,Mistral-Small-3.1-24B-Instruct-2503,w8a8_int,mmlu,80.67,80.4,-0.27,-0.25232876712328767,-2.22,1.7153424657534249,False,True,Mistral-Small-3.1-24B-Instruct-2503|s0
RedHatAI/Mistral-Small-3.1-24B-Instruct-2503-quantized.w8a8,mistral,Mistral-Small-3.1-24B-Instruct-2503,w8a8_int,arc_challenge,72.78,73.46,0.68,-0.25232876712328767,-2.22,1.7153424657534249,False,True,Mistral-Small-3.1-24B-Instruct-2503|s0
RedHatAI/Mistral-Small-3.1-24B-Instruct-2503-quantized.w8a8,mistral,Mistral-Small-3.1-24B-Instruct-2503,w8a8_int,hellaswag,83.7,82.26,-1.44,-0.25232876712328767,-2.22,1.7153424657534249,False,True,Mistral-Small-3.1-24B-Instruct-2503|s0
RedHatAI/Mistral-Small-3.1-24B-Instruct-2503-quantized.w8a8,mistral,Mistral-Small-3.1-24B-Instruct-2503,w8a8_int,winogrande,83.74,80.9,-2.84,-0.25232876712328767,-2.22,1.7153424657534249,False,False,Mistral-Small-3.1-24B-Instruct-2503|s0
RedHatAI/Mistral-Small-3.1-24B-Instruct-2503-quantized.w8a8,mistral,Mistral-Small-3.1-24B-Instruct-2503,w8a8_int,truthfulqa,70.62,69.15,-1.47,-0.25232876712328767,-2.22,1.7153424657534249,False,True,Mistral-Small-3.1-24B-Instruct-2503|s0
RedHatAI/Mistral-Small-3.1-24B-Instruct-2503-quantized.w8a8,mistral,Mistral-Small-3.1-24B-Instruct-2503,w8a8_int,mmlu_pro,67.25,66.54,-0.71,-0.25232876712328767,-2.22,1.7153424657534249,False,True,Mistral-Small-3.1-24B-Instruct-2503|s0
RedHatAI/Mistral-Small-3.1-24B-Instruct-2503-quantized.w8a8,mistral,Mistral-Small-3.1-24B-Instruct-2503,w8a8_int,gpqa_main_cot_5shot,42.63,44.64,2.01,-0.25232876712328767,-2.22,1.7153424657534249,False,False,Mistral-Small-3.1-24B-Instruct-2503|s0
RedHatAI/Mistral-Small-3.1-24B-Instruct-2503-quantized.w8a8,mistral,Mistral-Small-3.1-24B-Instruct-2503,w8a8_int,gpqa_diamond_cot_5shot,45.96,41.92,-4.04,-0.25232876712328767,-2.22,1.7153424657534249,False,False,Mistral-Small-3.1-24B-Instruct-2503|s0
RedHatAI/Mistral-Small-3.1-24B-Instruct-2503-quantized.w8a8,mistral,Mistral-Small-3.1-24B-Instruct-2503,w8a8_int,humaneval,84.7,84.2,-0.5,-0.25232876712328767,-2.22,1.7153424657534249,False,True,Mistral-Small-3.1-24B-Instruct-2503|s0
RedHatAI/Mistral-Small-3.1-24B-Instruct-2503-quantized.w8a8,mistral,Mistral-Small-3.1-24B-Instruct-2503,w8a8_int,humaneval_plus,79.5,81.0,1.5,-0.25232876712328767,-2.22,1.7153424657534249,False,True,Mistral-Small-3.1-24B-Instruct-2503|s0
RedHatAI/Mistral-Small-3.1-24B-Instruct-2503-FP8-dynamic,mistral,Mistral-Small-3.1-24B-Instruct-2503,fp8_dynamic,mmlu,80.67,80.71,0.04,-0.004866666666666664,-1.4876004796163067,1.4778671462829736,False,True,Mistral-Small-3.1-24B-Instruct-2503|s1
RedHatAI/Mistral-Small-3.1-24B-Instruct-2503-FP8-dynamic,mistral,Mistral-Small-3.1-24B-Instruct-2503,fp8_dynamic,arc_challenge,72.78,72.87,0.09,-0.004866666666666664,-1.4876004796163067,1.4778671462829736,False,True,Mistral-Small-3.1-24B-Instruct-2503|s1
RedHatAI/Mistral-Small-3.1-24B-Instruct-2503-FP8-dynamic,mistral,Mistral-Small-3.1-24B-Instruct-2503,fp8_dynamic,gsm8k,58.68,49.96,-8.72,-0.004866666666666664,-1.4876004796163067,1.4778671462829736,False,False,Mistral-Small-3.1-24B-Instruct-2503|s1
RedHatAI/Mistral-Small-3.1-24B-Instruct-2503-FP8-dynamic,mistral,Mistral-Small-3.1-24B-Instruct-2503,fp8_dynamic,hellaswag,83.7,83.67,-0.03,-0.004866666666666664,-1.4876004796163067,1.4778671462829736,False,True,Mistral-Small-3.1-24B-Instruct-2503|s1
RedHatAI/Mistral-Small-3.1-24B-Instruct-2503-FP8-dynamic,mistral,Mistral-Small-3.1-24B-Instruct-2503,fp8_dynamic,winogrande,83.74,82.56,-1.18,-0.004866666666666664,-1.4876004796163067,1.4778671462829736,False,True,Mistral-Small-3.1-24B-Instruct-2503|s1
RedHatAI/Mistral-Small-3.1-24B-Instruct-2503-FP8-dynamic,mistral,Mistral-Small-3.1-24B-Instruct-2503,fp8_dynamic,truthfulqa,70.62,70.88,0.26,-0.004866666666666664,-1.4876004796163067,1.4778671462829736,False,True,Mistral-Small-3.1-24B-Instruct-2503|s1
RedHatAI/Mistral-Small-3.1-24B-Instruct-2503-FP8-dynamic,mistral,Mistral-Small-3.1-24B-Instruct-2503,fp8_dynamic,mmlu_pro,67.25,66.86,-0.39,-0.004866666666666664,-1.4876004796163067,1.4778671462829736,False,True,Mistral-Small-3.1-24B-Instruct-2503|s1
RedHatAI/Mistral-Small-3.1-24B-Instruct-2503-FP8-dynamic,mistral,Mistral-Small-3.1-24B-Instruct-2503,fp8_dynamic,gpqa_diamond_cot_5shot,45.96,45.45,-0.51,-0.004866666666666664,-1.4876004796163067,1.4778671462829736,False,True,Mistral-Small-3.1-24B-Instruct-2503|s1
RedHatAI/Mistral-Small-3.1-24B-Instruct-2503-FP8-dynamic,mistral,Mistral-Small-3.1-24B-Instruct-2503,fp8_dynamic,humaneval,84.7,84.7,0.0,-0.004866666666666664,-1.4876004796163067,1.4778671462829736,False,True,Mistral-Small-3.1-24B-Instruct-2503|s1
RedHatAI/Mistral-Small-3.1-24B-Instruct-2503-FP8-dynamic,mistral,Mistral-Small-3.1-24B-Instruct-2503,fp8_dynamic,humaneval_plus,79.5,79.3,-0.2,-0.004866666666666664,-1.4876004796163067,1.4778671462829736,False,True,Mistral-Small-3.1-24B-Instruct-2503|s1
RedHatAI/Mistral-Small-3.1-24B-Instruct-2503-quantized.w4a16,mistral,Mistral-Small-3.1-24B-Instruct-2503,w4a16,mmlu,80.67,79.74,-0.93,-0.8311278195488722,-2.3138616324985124,0.651605993400768,False,True,Mistral-Small-3.1-24B-Instruct-2503|s1
RedHatAI/Mistral-Small-3.1-24B-Instruct-2503-quantized.w4a16,mistral,Mistral-Small-3.1-24B-Instruct-2503,w4a16,arc_challenge,72.78,72.18,-0.6,-0.8311278195488722,-2.3138616324985124,0.651605993400768,False,True,Mistral-Small-3.1-24B-Instruct-2503|s1
RedHatAI/Mistral-Small-3.1-24B-Instruct-2503-quantized.w4a16,mistral,Mistral-Small-3.1-24B-Instruct-2503,w4a16,gsm8k,58.68,59.59,0.91,-0.8311278195488722,-2.3138616324985124,0.651605993400768,False,False,Mistral-Small-3.1-24B-Instruct-2503|s1
RedHatAI/Mistral-Small-3.1-24B-Instruct-2503-quantized.w4a16,mistral,Mistral-Small-3.1-24B-Instruct-2503,w4a16,hellaswag,83.7,83.25,-0.45,-0.8311278195488722,-2.3138616324985124,0.651605993400768,False,True,Mistral-Small-3.1-24B-Instruct-2503|s1
RedHatAI/Mistral-Small-3.1-24B-Instruct-2503-quantized.w4a16,mistral,Mistral-Small-3.1-24B-Instruct-2503,w4a16,winogrande,83.74,83.43,-0.31,-0.8311278195488722,-2.3138616324985124,0.651605993400768,False,True,Mistral-Small-3.1-24B-Instruct-2503|s1
RedHatAI/Mistral-Small-3.1-24B-Instruct-2503-quantized.w4a16,mistral,Mistral-Small-3.1-24B-Instruct-2503,w4a16,truthfulqa,70.62,69.56,-1.06,-0.8311278195488722,-2.3138616324985124,0.651605993400768,False,True,Mistral-Small-3.1-24B-Instruct-2503|s1
RedHatAI/Mistral-Small-3.1-24B-Instruct-2503-quantized.w4a16,mistral,Mistral-Small-3.1-24B-Instruct-2503,w4a16,mmlu_pro,67.25,66.56,-0.69,-0.8311278195488722,-2.3138616324985124,0.651605993400768,False,True,Mistral-Small-3.1-24B-Instruct-2503|s1
RedHatAI/Mistral-Small-3.1-24B-Instruct-2503-quantized.w4a16,mistral,Mistral-Small-3.1-24B-Instruct-2503,w4a16,gpqa_main_cot_5shot,42.63,47.1,4.47,-0.8311278195488722,-2.3138616324985124,0.651605993400768,False,False,Mistral-Small-3.1-24B-Instruct-2503|s1
RedHatAI/Mistral-Small-3.1-24B-Instruct-2503-quantized.w4a16,mistral,Mistral-Small-3.1-24B-Instruct-2503,w4a16,gpqa_diamond_cot_5shot,45.96,44.95,-1.01,-0.8311278195488722,-2.3138616324985124,0.651605993400768,False,True,Mistral-Small-3.1-24B-Instruct-2503|s1
RedHatAI/Mistral-Small-3.1-24B-Instruct-2503-quantized.w4a16,mistral,Mistral-Small-3.1-24B-Instruct-2503,w4a16,humaneval,84.7,84.6,-0.1,-0.8311278195488722,-2.3138616324985124,0.651605993400768,False,True,Mistral-Small-3.1-24B-Instruct-2503|s1
RedHatAI/Mistral-Small-3.1-24B-Instruct-2503-quantized.w4a16,mistral,Mistral-Small-3.1-24B-Instruct-2503,w4a16,humaneval_plus,79.5,79.9,0.4,-0.8311278195488722,-2.3138616324985124,0.651605993400768,False,True,Mistral-Small-3.1-24B-Instruct-2503|s1
RedHatAI/Mistral-Small-3.1-24B-Instruct-2503-quantized.w8a8,mistral,Mistral-Small-3.1-24B-Instruct-2503,w8a8_int,mmlu,80.67,80.4,-0.27,-0.3527338129496403,-1.8354676258992804,1.13,False,True,Mistral-Small-3.1-24B-Instruct-2503|s1
RedHatAI/Mistral-Small-3.1-24B-Instruct-2503-quantized.w8a8,mistral,Mistral-Small-3.1-24B-Instruct-2503,w8a8_int,arc_challenge,72.78,73.46,0.68,-0.3527338129496403,-1.8354676258992804,1.13,False,True,Mistral-Small-3.1-24B-Instruct-2503|s1
RedHatAI/Mistral-Small-3.1-24B-Instruct-2503-quantized.w8a8,mistral,Mistral-Small-3.1-24B-Instruct-2503,w8a8_int,hellaswag,83.7,82.26,-1.44,-0.3527338129496403,-1.8354676258992804,1.13,False,True,Mistral-Small-3.1-24B-Instruct-2503|s1
RedHatAI/Mistral-Small-3.1-24B-Instruct-2503-quantized.w8a8,mistral,Mistral-Small-3.1-24B-Instruct-2503,w8a8_int,winogrande,83.74,80.9,-2.84,-0.3527338129496403,-1.8354676258992804,1.13,False,False,Mistral-Small-3.1-24B-Instruct-2503|s1
RedHatAI/Mistral-Small-3.1-24B-Instruct-2503-quantized.w8a8,mistral,Mistral-Small-3.1-24B-Instruct-2503,w8a8_int,truthfulqa,70.62,69.15,-1.47,-0.3527338129496403,-1.8354676258992804,1.13,False,True,Mistral-Small-3.1-24B-Instruct-2503|s1
RedHatAI/Mistral-Small-3.1-24B-Instruct-2503-quantized.w8a8,mistral,Mistral-Small-3.1-24B-Instruct-2503,w8a8_int,mmlu_pro,67.25,66.54,-0.71,-0.3527338129496403,-1.8354676258992804,1.13,False,True,Mistral-Small-3.1-24B-Instruct-2503|s1
RedHatAI/Mistral-Small-3.1-24B-Instruct-2503-quantized.w8a8,mistral,Mistral-Small-3.1-24B-Instruct-2503,w8a8_int,gpqa_main_cot_5shot,42.63,44.64,2.01,-0.3527338129496403,-1.8354676258992804,1.13,False,False,Mistral-Small-3.1-24B-Instruct-2503|s1
RedHatAI/Mistral-Small-3.1-24B-Instruct-2503-quantized.w8a8,mistral,Mistral-Small-3.1-24B-Instruct-2503,w8a8_int,gpqa_diamond_cot_5shot,45.96,41.92,-4.04,-0.3527338129496403,-1.8354676258992804,1.13,False,False,Mistral-Small-3.1-24B-Instruct-2503|s1
RedHatAI/Mistral-Small-3.1-24B-Instruct-2503-quantized.w8a8,mistral,Mistral-Small-3.1-24B-Instruct-2503,w8a8_int,humaneval,84.7,84.2,-0.5,-0.3527338129496403,-1.8354676258992804,1.13,False,True,Mistral-Small-3.1-24B-Instruct-2503|s1
RedHatAI/Mistral-Small-3.1-24B-Instruct-2503-quantized.w8a8,mistral,Mistral-Small-3.1-24B-Instruct-2503,w8a8_int,humaneval_plus,79.5,81.0,1.5,-0.3527338129496403,-1.8354676258992804,1.13,False,False,Mistral-Small-3.1-24B-Instruct-2503|s1
RedHatAI/Mistral-Small-3.1-24B-Instruct-2503-FP8-dynamic,mistral,Mistral-Small-3.1-24B-Instruct-2503,fp8_dynamic,mmlu,80.67,80.71,0.04,-0.0022068965517241398,-1.6157254150702425,1.6113116219667942,False,True,Mistral-Small-3.1-24B-Instruct-2503|s2
RedHatAI/Mistral-Small-3.1-24B-Instruct-2503-FP8-dynamic,mistral,Mistral-Small-3.1-24B-Instruct-2503,fp8_dynamic,arc_challenge,72.78,72.87,0.09,-0.0022068965517241398,-1.6157254150702425,1.6113116219667942,False,True,Mistral-Small-3.1-24B-Instruct-2503|s2
RedHatAI/Mistral-Small-3.1-24B-Instruct-2503-FP8-dynamic,mistral,Mistral-Small-3.1-24B-Instruct-2503,fp8_dynamic,gsm8k,58.68,49.96,-8.72,-0.0022068965517241398,-1.6157254150702425,1.6113116219667942,False,False,Mistral-Small-3.1-24B-Instruct-2503|s2
RedHatAI/Mistral-Small-3.1-24B-Instruct-2503-FP8-dynamic,mistral,Mistral-Small-3.1-24B-Instruct-2503,fp8_dynamic,hellaswag,83.7,83.67,-0.03,-0.0022068965517241398,-1.6157254150702425,1.6113116219667942,False,True,Mistral-Small-3.1-24B-Instruct-2503|s2
RedHatAI/Mistral-Small-3.1-24B-Instruct-2503-FP8-dynamic,mistral,Mistral-Small-3.1-24B-Instruct-2503,fp8_dynamic,winogrande,83.74,82.56,-1.18,-0.0022068965517241398,-1.6157254150702425,1.6113116219667942,False,True,Mistral-Small-3.1-24B-Instruct-2503|s2
RedHatAI/Mistral-Small-3.1-24B-Instruct-2503-FP8-dynamic,mistral,Mistral-Small-3.1-24B-Instruct-2503,fp8_dynamic,truthfulqa,70.62,70.88,0.26,-0.0022068965517241398,-1.6157254150702425,1.6113116219667942,False,True,Mistral-Small-3.1-24B-Instruct-2503|s2
RedHatAI/Mistral-Small-3.1-24B-Instruct-2503-FP8-dynamic,mistral,Mistral-Small-3.1-24B-Instruct-2503,fp8_dynamic,mmlu_pro,67.25,66.86,-0.39,-0.0022068965517241398,-1.6157254150702425,1.6113116219667942,False,True,Mistral-Small-3.1-24B-Instruct-2503|s2
RedHatAI/Mistral-Small-3.1-24B-Instruct-2503-FP8-dynamic,mistral,Mistral-Small-3.1-24B-Instruct-2503,fp8_dynamic,gpqa_diamond_cot_5shot,45.96,45.45,-0.51,-0.0022068965517241398,-1.6157254150702425,1.6113116219667942,False,True,Mistral-Small-3.1-24B-Instruct-2503|s2
RedHatAI/Mistral-Small-3.1-24B-Instruct-2503-FP8-dynamic,mistral,Mistral-Small-3.1-24B-Instruct-2503,fp8_dynamic,humaneval,84.7,84.7,0.0,-0.0022068965517241398,-1.6157254150702425,1.6113116219667942,False,True,Mistral-Small-3.1-24B-Instruct-2503|s2
RedHatAI/Mistral-Small-3.1-24B-Instruct-2503-FP8-dynamic,mistral,Mistral-Small-3.1-24B-Instruct-2503,fp8_dynamic,humaneval_plus,79.5,79.3,-0.2,-0.0022068965517241398,-1.6157254150702425,1.6113116219667942,False,True,Mistral-Small-3.1-24B-Instruct-2503|s2
RedHatAI/Mistral-Small-3.1-24B-Instruct-2503-quantized.w4a16,mistral,Mistral-Small-3.1-24B-Instruct-2503,w4a16,mmlu,80.67,79.74,-0.93,-0.7170289855072464,-2.330547504025765,0.896489533011272,False,True,Mistral-Small-3.1-24B-Instruct-2503|s2
RedHatAI/Mistral-Small-3.1-24B-Instruct-2503-quantized.w4a16,mistral,Mistral-Small-3.1-24B-Instruct-2503,w4a16,arc_challenge,72.78,72.18,-0.6,-0.7170289855072464,-2.330547504025765,0.896489533011272,False,True,Mistral-Small-3.1-24B-Instruct-2503|s2
RedHatAI/Mistral-Small-3.1-24B-Instruct-2503-quantized.w4a16,mistral,Mistral-Small-3.1-24B-Instruct-2503,w4a16,gsm8k,58.68,59.59,0.91,-0.7170289855072464,-2.330547504025765,0.896489533011272,False,False,Mistral-Small-3.1-24B-Instruct-2503|s2
RedHatAI/Mistral-Small-3.1-24B-Instruct-2503-quantized.w4a16,mistral,Mistral-Small-3.1-24B-Instruct-2503,w4a16,hellaswag,83.7,83.25,-0.45,-0.7170289855072464,-2.330547504025765,0.896489533011272,False,True,Mistral-Small-3.1-24B-Instruct-2503|s2
RedHatAI/Mistral-Small-3.1-24B-Instruct-2503-quantized.w4a16,mistral,Mistral-Small-3.1-24B-Instruct-2503,w4a16,winogrande,83.74,83.43,-0.31,-0.7170289855072464,-2.330547504025765,0.896489533011272,False,True,Mistral-Small-3.1-24B-Instruct-2503|s2
RedHatAI/Mistral-Small-3.1-24B-Instruct-2503-quantized.w4a16,mistral,Mistral-Small-3.1-24B-Instruct-2503,w4a16,truthfulqa,70.62,69.56,-1.06,-0.7170289855072464,-2.330547504025765,0.896489533011272,False,True,Mistral-Small-3.1-24B-Instruct-2503|s2
RedHatAI/Mistral-Small-3.1-24B-Instruct-2503-quantized.w4a16,mistral,Mistral-Small-3.1-24B-Instruct-2503,w4a16,mmlu_pro,67.25,66.56,-0.69,-0.7170289855072464,-2.330547504025765,0.896489533011272,False,True,Mistral-Small-3.1-24B-Instruct-2503|s2
RedHatAI/Mistral-Small-3.1-24B-Instruct-2503-quantized.w4a16,mistral,Mistral-Small-3.1-24B-Instruct-2503,w4a16,gpqa_main_cot_5shot,42.63,47.1,4.47,-0.7170289855072464,-2.330547504025765,0.896489533011272,False,False,Mistral-Small-3.1-24B-Instruct-2503|s2
RedHatAI/Mistral-Small-3.1-24B-Instruct-2503-quantized.w4a16,mistral,Mistral-Small-3.1-24B-Instruct-2503,w4a16,gpqa_diamond_cot_5shot,45.96,44.95,-1.01,-0.7170289855072464,-2.330547504025765,0.896489533011272,False,True,Mistral-Small-3.1-24B-Instruct-2503|s2
RedHatAI/Mistral-Small-3.1-24B-Instruct-2503-quantized.w4a16,mistral,Mistral-Small-3.1-24B-Instruct-2503,w4a16,humaneval,84.7,84.6,-0.1,-0.7170289855072464,-2.330547504025765,0.896489533011272,False,True,Mistral-Small-3.1-24B-Instruct-2503|s2
RedHatAI/Mistral-Small-3.1-24B-Instruct-2503-quantized.w4a16,mistral,Mistral-Small-3.1-24B-Instruct-2503,w4a16,humaneval_plus,79.5,79.9,0.4,-0.7170289855072464,-2.330547504025765,0.896489533011272,False,True,Mistral-Small-3.1-24B-Instruct-2503|s2
RedHatAI/Mistral-Small-3.1-24B-Instruct-2503-quantized.w8a8,mistral,Mistral-Small-3.1-24B-Instruct-2503,w8a8_int,mmlu,80.67,80.4,-0.27,-0.3190140845070422,-1.9325326030255605,1.2945044340114762,False,True,Mistral-Small-3.1-24B-Instruct-2503|s2
RedHatAI/Mistral-Small-3.1-24B-Instruct-2503-quantized.w8a8,mistral,Mistral-Small-3.1-24B-Instruct-2503,w8a8_int,arc_challenge,72.78,73.46,0.68,-0.3190140845070422,-1.9325326030255605,1.2945044340114762,False,True,Mistral-Small-3.1-24B-Instruct-2503|s2
RedHatAI/Mistral-Small-3.1-24B-Instruct-2503-quantized.w8a8,mistral,Mistral-Small-3.1-24B-Instruct-2503,w8a8_int,hellaswag,83.7,82.26,-1.44,-0.3190140845070422,-1.9325326030255605,1.2945044340114762,False,True,Mistral-Small-3.1-24B-Instruct-2503|s2
RedHatAI/Mistral-Small-3.1-24B-Instruct-2503-quantized.w8a8,mistral,Mistral-Small-3.1-24B-Instruct-2503,w8a8_int,winogrande,83.74,80.9,-2.84,-0.3190140845070422,-1.9325326030255605,1.2945044340114762,False,False,Mistral-Small-3.1-24B-Instruct-2503|s2
RedHatAI/Mistral-Small-3.1-24B-Instruct-2503-quantized.w8a8,mistral,Mistral-Small-3.1-24B-Instruct-2503,w8a8_int,truthfulqa,70.62,69.15,-1.47,-0.3190140845070422,-1.9325326030255605,1.2945044340114762,False,True,Mistral-Small-3.1-24B-Instruct-2503|s2
RedHatAI/Mistral-Small-3.1-24B-Instruct-2503-quantized.w8a8,mistral,Mistral-Small-3.1-24B-Instruct-2503,w8a8_int,mmlu_pro,67.25,66.54,-0.71,-0.3190140845070422,-1.9325326030255605,1.2945044340114762,False,True,Mistral-Small-3.1-24B-Instruct-2503|s2
RedHatAI/Mistral-Small-3.1-24B-Instruct-2503-quantized.w8a8,mistral,Mistral-Small-3.1-24B-Instruct-2503,w8a8_int,gpqa_main_cot_5shot,42.63,44.64,2.01,-0.3190140845070422,-1.9325326030255605,1.2945044340114762,False,False,Mistral-Small-3.1-24B-Instruct-2503|s2
RedHatAI/Mistral-Small-3.1-24B-Instruct-2503-quantized.w8a8,mistral,Mistral-Small-3.1-24B-Instruct-2503,w8a8_int,gpqa_diamond_cot_5shot,45.96,41.92,-4.04,-0.3190140845070422,-1.9325326030255605,1.2945044340114762,False,False,Mistral-Small-3.1-24B-Instruct-2503|s2
RedHatAI/Mistral-Small-3.1-24B-Instruct-2503-quantized.w8a8,mistral,Mistral-Small-3.1-24B-Instruct-2503,w8a8_int,humaneval,84.7,84.2,-0.5,-0.3190140845070422,-1.9325326030255605,1.2945044340114762,False,True,Mistral-Small-3.1-24B-Instruct-2503|s2
RedHatAI/Mistral-Small-3.1-24B-Instruct-2503-quantized.w8a8,mistral,Mistral-Small-3.1-24B-Instruct-2503,w8a8_int,humaneval_plus,79.5,81.0,1.5,-0.3190140845070422,-1.9325326030255605,1.2945044340114762,False,False,Mistral-Small-3.1-24B-Instruct-2503|s2
RedHatAI/Mistral-Small-3.1-24B-Instruct-2503-FP8-dynamic,mistral,Mistral-Small-3.1-24B-Instruct-2503,fp8_dynamic,mmlu,80.67,80.71,0.04,0.026666666666666665,-1.22,1.2733333333333332,False,True,Mistral-Small-3.1-24B-Instruct-2503|s3
RedHatAI/Mistral-Small-3.1-24B-Instruct-2503-FP8-dynamic,mistral,Mistral-Small-3.1-24B-Instruct-2503,fp8_dynamic,arc_challenge,72.78,72.87,0.09,0.026666666666666665,-1.22,1.2733333333333332,False,True,Mistral-Small-3.1-24B-Instruct-2503|s3
RedHatAI/Mistral-Small-3.1-24B-Instruct-2503-FP8-dynamic,mistral,Mistral-Small-3.1-24B-Instruct-2503,fp8_dynamic,gsm8k,58.68,49.96,-8.72,0.026666666666666665,-1.22,1.2733333333333332,False,False,Mistral-Small-3.1-24B-Instruct-2503|s3
RedHatAI/Mistral-Small-3.1-24B-Instruct-2503-FP8-dynamic,mistral,Mistral-Small-3.1-24B-Instruct-2503,fp8_dynamic,hellaswag,83.7,83.67,-0.03,0.026666666666666665,-1.22,1.2733333333333332,False,True,Mistral-Small-3.1-24B-Instruct-2503|s3
RedHatAI/Mistral-Small-3.1-24B-Instruct-2503-FP8-dynamic,mistral,Mistral-Small-3.1-24B-Instruct-2503,fp8_dynamic,winogrande,83.74,82.56,-1.18,0.026666666666666665,-1.22,1.2733333333333332,False,True,Mistral-Small-3.1-24B-Instruct-2503|s3
RedHatAI/Mistral-Small-3.1-24B-Instruct-2503-FP8-dynamic,mistral,Mistral-Small-3.1-24B-Instruct-2503,fp8_dynamic,truthfulqa,70.62,70.88,0.26,0.026666666666666665,-1.22,1.2733333333333332,False,True,Mistral-Small-3.1-24B-Instruct-2503|s3
RedHatAI/Mistral-Small-3.1-24B-Instruct-2503-FP8-dynamic,mistral,Mistral-Small-3.1-24B-Instruct-2503,fp8_dynamic,mmlu_pro,67.25,66.86,-0.39,0.026666666666666665,-1.22,1.2733333333333332,False,True,Mistral-Small-3.1-24B-Instruct-2503|s3
RedHatAI/Mistral-Small-3.1-24B-Instruct-2503-FP8-dynamic,mistral,Mistral-Small-3.1-24B-Instruct-2503,fp8_dynamic,gpqa_diamond_cot_5shot,45.96,45.45,-0.51,0.026666666666666665,-1.22,1.2733333333333332,False,True,Mistral-Small-3.1-24B-Instruct-2503|s3
RedHatAI/Mistral-Small-3.1-24B-Instruct-2503-FP8-dynamic,mistral,Mistral-Small-3.1-24B-Instruct-2503,fp8_dynamic,humaneval,84.7,84.7,0.0,0.026666666666666665,-1.22,1.2733333333333332,False,True,Mistral-Small-3.1-24B-Instruct-2503|s3
RedHatAI/Mistral-Small-3.1-24B-Instruct-2503-FP8-dynamic,mistral,Mistral-Small-3.1-24B-Instruct-2503,fp8_dynamic,humaneval_plus,79.5,79.3,-0.2,0.026666666666666665,-1.22,1.2733333333333332,False,True,Mistral-Small-3.1-24B-Instruct-2503|s3
RedHatAI/Mistral-Small-3.1-24B-Instruct-2503-quantized.w4a16,mistral,Mistral-Small-3.1-24B-Instruct-2503,w4a16,mmlu,80.67,79.74,-0.93,-0.8283660130718954,-2.075032679738562,0.4183006535947712,False,True,Mistral-Small-3.1-24B-Instruct-2503|s3
RedHatAI/Mistral-Small-3.1-24B-Instruct-2503-quantized.w4a16,mistral,Mistral-Small-3.1-24B-Instruct-2503,w4a16,arc_challenge,72.78,72.18,-0.6,-0.8283660130718954,-2.075032679738562,0.4183006535947712,False,True,Mistral-Small-3.1-24B-Instruct-2503|s3
RedHatAI/Mistral-Small-3.1-24B-Instruct-2503-quantized.w4a16,mistral,Mistral-Small-3.1-24B-Instruct-2503,w4a16,gsm8k,58.68,59.59,0.91,-0.8283660130718954,-2.075032679738562,0.4183006535947712,False,False,Mistral-Small-3.1-24B-Instruct-2503|s3
RedHatAI/Mistral-Small-3.1-24B-Instruct-2503-quantized.w4a16,mistral,Mistral-Small-3.1-24B-Instruct-2503,w4a16,hellaswag,83.7,83.25,-0.45,-0.8283660130718954,-2.075032679738562,0.4183006535947712,False,True,Mistral-Small-3.1-24B-Instruct-2503|s3
RedHatAI/Mistral-Small-3.1-24B-Instruct-2503-quantized.w4a16,mistral,Mistral-Small-3.1-24B-Instruct-2503,w4a16,winogrande,83.74,83.43,-0.31,-0.8283660130718954,-2.075032679738562,0.4183006535947712,False,True,Mistral-Small-3.1-24B-Instruct-2503|s3
RedHatAI/Mistral-Small-3.1-24B-Instruct-2503-quantized.w4a16,mistral,Mistral-Small-3.1-24B-Instruct-2503,w4a16,truthfulqa,70.62,69.56,-1.06,-0.8283660130718954,-2.075032679738562,0.4183006535947712,False,True,Mistral-Small-3.1-24B-Instruct-2503|s3
RedHatAI/Mistral-Small-3.1-24B-Instruct-2503-quantized.w4a16,mistral,Mistral-Small-3.1-24B-Instruct-2503,w4a16,mmlu_pro,67.25,66.56,-0.69,-0.8283660130718954,-2.075032679738562,0.4183006535947712,False,True,Mistral-Small-3.1-24B-Instruct-2503|s3
RedHatAI/Mistral-Small-3.1-24B-Instruct-2503-quantized.w4a16,mistral,Mistral-Small-3.1-24B-Instruct-2503,w4a16,gpqa_main_cot_5shot,42.63,47.1,4.47,-0.8283660130718954,-2.075032679738562,0.4183006535947712,False,False,Mistral-Small-3.1-24B-Instruct-2503|s3
RedHatAI/Mistral-Small-3.1-24B-Instruct-2503-quantized.w4a16,mistral,Mistral-Small-3.1-24B-Instruct-2503,w4a16,gpqa_diamond_cot_5shot,45.96,44.95,-1.01,-0.8283660130718954,-2.075032679738562,0.4183006535947712,False,True,Mistral-Small-3.1-24B-Instruct-2503|s3
RedHatAI/Mistral-Small-3.1-24B-Instruct-2503-quantized.w4a16,mistral,Mistral-Small-3.1-24B-Instruct-2503,w4a16,humaneval,84.7,84.6,-0.1,-0.8283660130718954,-2.075032679738562,0.4183006535947712,False,True,Mistral-Small-3.1-24B-Instruct-2503|s3
RedHatAI/Mistral-Small-3.1-24B-Instruct-2503-quantized.w4a16,mistral,Mistral-Small-3.1-24B-Instruct-2503,w4a16,humaneval_plus,79.5,79.9,0.4,-0.8283660130718954,-2.075032679738562,0.4183006535947712,False,True,Mistral-Small-3.1-24B-Instruct-2503|s3
RedHatAI/Mistral-Small-3.1-24B-Instruct-2503-quantized.w8a8,mistral,Mistral-Small-3.1-24B-Instruct-2503,w8a8_int,mmlu,80.67,80.4,-0.27,-0.3678064516129032,-1.6144731182795697,0.8788602150537634,False,True,Mistral-Small-3.1-24B-Instruct-2503|s3
RedHatAI/Mistral-Small-3.1-24B-Instruct-2503-quantized.w8a8,mistral,Mistral-Small-3.1-24B-Instruct-2503,w8a8_int,arc_challenge,72.78,73.46,0.68,-0.3678064516129032,-1.6144731182795697,0.8788602150537634,False,True,Mistral-Small-3.1-24B-Instruct-2503|s3
RedHatAI/Mistral-Small-3.1-24B-Instruct-2503-quantized.w8a8,mistral,Mistral-Small-3.1-24B-Instruct-2503,w8a8_int,hellaswag,83.7,82.26,-1.44,-0.3678064516129032,-1.6144731182795697,0.8788602150537634,False,True,Mistral-Small-3.1-24B-Instruct-2503|s3
RedHatAI/Mistral-Small-3.1-24B-Instruct-2503-quantized.w8a8,mistral,Mistral-Small-3.1-24B-Instruct-2503,w8a8_int,winogrande,83.74,80.9,-2.84,-0.3678064516129032,-1.6144731182795697,0.8788602150537634,False,False,Mistral-Small-3.1-24B-Instruct-2503|s3
RedHatAI/Mistral-Small-3.1-24B-Instruct-2503-quantized.w8a8,mistral,Mistral-Small-3.1-24B-Instruct-2503,w8a8_int,truthfulqa,70.62,69.15,-1.47,-0.3678064516129032,-1.6144731182795697,0.8788602150537634,False,True,Mistral-Small-3.1-24B-Instruct-2503|s3
RedHatAI/Mistral-Small-3.1-24B-Instruct-2503-quantized.w8a8,mistral,Mistral-Small-3.1-24B-Instruct-2503,w8a8_int,mmlu_pro,67.25,66.54,-0.71,-0.3678064516129032,-1.6144731182795697,0.8788602150537634,False,True,Mistral-Small-3.1-24B-Instruct-2503|s3
RedHatAI/Mistral-Small-3.1-24B-Instruct-2503-quantized.w8a8,mistral,Mistral-Small-3.1-24B-Instruct-2503,w8a8_int,gpqa_main_cot_5shot,42.63,44.64,2.01,-0.3678064516129032,-1.6144731182795697,0.8788602150537634,False,False,Mistral-Small-3.1-24B-Instruct-2503|s3
RedHatAI/Mistral-Small-3.1-24B-Instruct-2503-quantized.w8a8,mistral,Mistral-Small-3.1-24B-Instruct-2503,w8a8_int,gpqa_diamond_cot_5shot,45.96,41.92,-4.04,-0.3678064516129032,-1.6144731182795697,0.8788602150537634,False,False,Mistral-Small-3.1-24B-Instruct-2503|s3
RedHatAI/Mistral-Small-3.1-24B-Instruct-2503-quantized.w8a8,mistral,Mistral-Small-3.1-24B-Instruct-2503,w8a8_int,humaneval,84.7,84.2,-0.5,-0.3678064516129032,-1.6144731182795697,0.8788602150537634,False,True,Mistral-Small-3.1-24B-Instruct-2503|s3
RedHatAI/Mistral-Small-3.1-24B-Instruct-2503-quantized.w8a8,mistral,Mistral-Small-3.1-24B-Instruct-2503,w8a8_int,humaneval_plus,79.5,81.0,1.5,-0.3678064516129032,-1.6144731182795697,0.8788602150537634,False,False,Mistral-Small-3.1-24B-Instruct-2503|s3
RedHatAI/Mistral-Small-3.1-24B-Instruct-2503-FP8-dynamic,mistral,Mistral-Small-3.1-24B-Instruct-2503,fp8_dynamic,mmlu,80.67,80.71,0.04,0.028548387096774194,-1.515380184331797,1.5724769585253455,False,True,Mistral-Small-3.1-24B-Instruct-2503|s4
RedHatAI/Mistral-Small-3.1-24B-Instruct-2503-FP8-dynamic,mistral,Mistral-Small-3.1-24B-Instruct-2503,fp8_dynamic,arc_challenge,72.78,72.87,0.09,0.028548387096774194,-1.515380184331797,1.5724769585253455,False,True,Mistral-Small-3.1-24B-Instruct-2503|s4
RedHatAI/Mistral-Small-3.1-24B-Instruct-2503-FP8-dynamic,mistral,Mistral-Small-3.1-24B-Instruct-2503,fp8_dynamic,gsm8k,58.68,49.96,-8.72,0.028548387096774194,-1.515380184331797,1.5724769585253455,False,False,Mistral-Small-3.1-24B-Instruct-2503|s4
RedHatAI/Mistral-Small-3.1-24B-Instruct-2503-FP8-dynamic,mistral,Mistral-Small-3.1-24B-Instruct-2503,fp8_dynamic,hellaswag,83.7,83.67,-0.03,0.028548387096774194,-1.515380184331797,1.5724769585253455,False,True,Mistral-Small-3.1-24B-Instruct-2503|s4
RedHatAI/Mistral-Small-3.1-24B-Instruct-2503-FP8-dynamic,mistral,Mistral-Small-3.1-24B-Instruct-2503,fp8_dynamic,winogrande,83.74,82.56,-1.18,0.028548387096774194,-1.515380184331797,1.5724769585253455,False,True,Mistral-Small-3.1-24B-Instruct-2503|s4
RedHatAI/Mistral-Small-3.1-24B-Instruct-2503-FP8-dynamic,mistral,Mistral-Small-3.1-24B-Instruct-2503,fp8_dynamic,truthfulqa,70.62,70.88,0.26,0.028548387096774194,-1.515380184331797,1.5724769585253455,False,True,Mistral-Small-3.1-24B-Instruct-2503|s4
RedHatAI/Mistral-Small-3.1-24B-Instruct-2503-FP8-dynamic,mistral,Mistral-Small-3.1-24B-Instruct-2503,fp8_dynamic,mmlu_pro,67.25,66.86,-0.39,0.028548387096774194,-1.515380184331797,1.5724769585253455,False,True,Mistral-Small-3.1-24B-Instruct-2503|s4
RedHatAI/Mistral-Small-3.1-24B-Instruct-2503-FP8-dynamic,mistral,Mistral-Small-3.1-24B-Instruct-2503,fp8_dynamic,gpqa_diamond_cot_5shot,45.96,45.45,-0.51,0.028548387096774194,-1.515380184331797,1.5724769585253455,False,True,Mistral-Small-3.1-24B-Instruct-2503|s4
RedHatAI/Mistral-Small-3.1-24B-Instruct-2503-FP8-dynamic,mistral,Mistral-Small-3.1-24B-Instruct-2503,fp8_dynamic,humaneval,84.7,84.7,0.0,0.028548387096774194,-1.515380184331797,1.5724769585253455,False,True,Mistral-Small-3.1-24B-Instruct-2503|s4
RedHatAI/Mistral-Small-3.1-24B-Instruct-2503-FP8-dynamic,mistral,Mistral-Small-3.1-24B-Instruct-2503,fp8_dynamic,humaneval_plus,79.5,79.3,-0.2,0.028548387096774194,-1.515380184331797,1.5724769585253455,False,True,Mistral-Small-3.1-24B-Instruct-2503|s4
RedHatAI/Mistral-Small-3.1-24B-Instruct-2503-quantized.w4a16,mistral,Mistral-Small-3.1-24B-Instruct-2503,w4a16,mmlu,80.67,79.74,-0.93,-0.8106451612903226,-2.354573732718894,0.7332834101382487,False,True,Mistral-Small-3.1-24B-Instruct-2503|s4
RedHatAI/Mistral-Small-3.1-24B-Instruct-2503-quantized.w4a16,mistral,Mistral-Small-3.1-24B-Instruct-2503,w4a16,arc_challenge,72.78,72.18,-0.6,-0.8106451612903226,-2.354573732718894,0.7332834101382487,False,True,Mistral-Small-3.1-24B-Instruct-2503|s4
RedHatAI/Mistral-Small-3.1-24B-Instruct-2503-quantized.w4a16,mistral,Mistral-Small-3.1-24B-Instruct-2503,w4a16,gsm8k,58.68,59.59,0.91,-0.8106451612903226,-2.354573732718894,0.7332834101382487,False,False,Mistral-Small-3.1-24B-Instruct-2503|s4
RedHatAI/Mistral-Small-3.1-24B-Instruct-2503-quantized.w4a16,mistral,Mistral-Small-3.1-24B-Instruct-2503,w4a16,hellaswag,83.7,83.25,-0.45,-0.8106451612903226,-2.354573732718894,0.7332834101382487,False,True,Mistral-Small-3.1-24B-Instruct-2503|s4
RedHatAI/Mistral-Small-3.1-24B-Instruct-2503-quantized.w4a16,mistral,Mistral-Small-3.1-24B-Instruct-2503,w4a16,winogrande,83.74,83.43,-0.31,-0.8106451612903226,-2.354573732718894,0.7332834101382487,False,True,Mistral-Small-3.1-24B-Instruct-2503|s4
RedHatAI/Mistral-Small-3.1-24B-Instruct-2503-quantized.w4a16,mistral,Mistral-Small-3.1-24B-Instruct-2503,w4a16,truthfulqa,70.62,69.56,-1.06,-0.8106451612903226,-2.354573732718894,0.7332834101382487,False,True,Mistral-Small-3.1-24B-Instruct-2503|s4
RedHatAI/Mistral-Small-3.1-24B-Instruct-2503-quantized.w4a16,mistral,Mistral-Small-3.1-24B-Instruct-2503,w4a16,mmlu_pro,67.25,66.56,-0.69,-0.8106451612903226,-2.354573732718894,0.7332834101382487,False,True,Mistral-Small-3.1-24B-Instruct-2503|s4
RedHatAI/Mistral-Small-3.1-24B-Instruct-2503-quantized.w4a16,mistral,Mistral-Small-3.1-24B-Instruct-2503,w4a16,gpqa_main_cot_5shot,42.63,47.1,4.47,-0.8106451612903226,-2.354573732718894,0.7332834101382487,False,False,Mistral-Small-3.1-24B-Instruct-2503|s4
RedHatAI/Mistral-Small-3.1-24B-Instruct-2503-quantized.w4a16,mistral,Mistral-Small-3.1-24B-Instruct-2503,w4a16,gpqa_diamond_cot_5shot,45.96,44.95,-1.01,-0.8106451612903226,-2.354573732718894,0.7332834101382487,False,True,Mistral-Small-3.1-24B-Instruct-2503|s4
RedHatAI/Mistral-Small-3.1-24B-Instruct-2503-quantized.w4a16,mistral,Mistral-Small-3.1-24B-Instruct-2503,w4a16,humaneval,84.7,84.6,-0.1,-0.8106451612903226,-2.354573732718894,0.7332834101382487,False,True,Mistral-Small-3.1-24B-Instruct-2503|s4
RedHatAI/Mistral-Small-3.1-24B-Instruct-2503-quantized.w4a16,mistral,Mistral-Small-3.1-24B-Instruct-2503,w4a16,humaneval_plus,79.5,79.9,0.4,-0.8106451612903226,-2.354573732718894,0.7332834101382487,False,True,Mistral-Small-3.1-24B-Instruct-2503|s4
RedHatAI/Mistral-Small-3.1-24B-Instruct-2503-quantized.w8a8,mistral,Mistral-Small-3.1-24B-Instruct-2503,w8a8_int,mmlu,80.67,80.4,-0.27,-0.34310344827586203,-1.8870320197044332,1.2008251231527094,False,True,Mistral-Small-3.1-24B-Instruct-2503|s4
RedHatAI/Mistral-Small-3.1-24B-Instruct-2503-quantized.w8a8,mistral,Mistral-Small-3.1-24B-Instruct-2503,w8a8_int,arc_challenge,72.78,73.46,0.68,-0.34310344827586203,-1.8870320197044332,1.2008251231527094,False,True,Mistral-Small-3.1-24B-Instruct-2503|s4
RedHatAI/Mistral-Small-3.1-24B-Instruct-2503-quantized.w8a8,mistral,Mistral-Small-3.1-24B-Instruct-2503,w8a8_int,hellaswag,83.7,82.26,-1.44,-0.34310344827586203,-1.8870320197044332,1.2008251231527094,False,True,Mistral-Small-3.1-24B-Instruct-2503|s4
RedHatAI/Mistral-Small-3.1-24B-Instruct-2503-quantized.w8a8,mistral,Mistral-Small-3.1-24B-Instruct-2503,w8a8_int,winogrande,83.74,80.9,-2.84,-0.34310344827586203,-1.8870320197044332,1.2008251231527094,False,False,Mistral-Small-3.1-24B-Instruct-2503|s4
RedHatAI/Mistral-Small-3.1-24B-Instruct-2503-quantized.w8a8,mistral,Mistral-Small-3.1-24B-Instruct-2503,w8a8_int,truthfulqa,70.62,69.15,-1.47,-0.34310344827586203,-1.8870320197044332,1.2008251231527094,False,True,Mistral-Small-3.1-24B-Instruct-2503|s4
RedHatAI/Mistral-Small-3.1-24B-Instruct-2503-quantized.w8a8,mistral,Mistral-Small-3.1-24B-Instruct-2503,w8a8_int,mmlu_pro,67.25,66.54,-0.71,-0.34310344827586203,-1.8870320197044332,1.2008251231527094,False,True,Mistral-Small-3.1-24B-Instruct-2503|s4
RedHatAI/Mistral-Small-3.1-24B-Instruct-2503-quantized.w8a8,mistral,Mistral-Small-3.1-24B-Instruct-2503,w8a8_int,gpqa_main_cot_5shot,42.63,44.64,2.01,-0.34310344827586203,-1.8870320197044332,1.2008251231527094,False,False,Mistral-Small-3.1-24B-Instruct-2503|s4
RedHatAI/Mistral-Small-3.1-24B-Instruct-2503-quantized.w8a8,mistral,Mistral-Small-3.1-24B-Instruct-2503,w8a8_int,gpqa_diamond_cot_5shot,45.96,41.92,-4.04,-0.34310344827586203,-1.8870320197044332,1.2008251231527094,False,False,Mistral-Small-3.1-24B-Instruct-2503|s4
RedHatAI/Mistral-Small-3.1-24B-Instruct-2503-quantized.w8a8,mistral,Mistral-Small-3.1-24B-Instruct-2503,w8a8_int,humaneval,84.7,84.2,-0.5,-0.34310344827586203,-1.8870320197044332,1.2008251231527094,False,True,Mistral-Small-3.1-24B-Instruct-2503|s4
RedHatAI/Mistral-Small-3.1-24B-Instruct-2503-quantized.w8a8,mistral,Mistral-Small-3.1-24B-Instruct-2503,w8a8_int,humaneval_plus,79.5,81.0,1.5,-0.34310344827586203,-1.8870320197044332,1.2008251231527094,False,False,Mistral-Small-3.1-24B-Instruct-2503|s4
RedHatAI/Mistral-Small-3.2-24B-Instruct-2506-NVFP4,mistral,Mistral-Small-3.2-24B-Instruct-2506,nvfp4,arc_challenge,68.52,66.98,-1.54,-1.3665853658536586,-2.942309503784693,0.20913877207737586,False,True,Mistral-Small-3.2-24B-Instruct-2506|s0
RedHatAI/Mistral-Small-3.2-24B-Instruct-2506-NVFP4,mistral,Mistral-Small-3.2-24B-Instruct-2506,nvfp4,gsm8k,89.61,87.11,-2.5,-1.3665853658536586,-2.942309503784693,0.20913877207737586,False,True,Mistral-Small-3.2-24B-Instruct-2506|s0
RedHatAI/Mistral-Small-3.2-24B-Instruct-2506-NVFP4,mistral,Mistral-Small-3.2-24B-Instruct-2506,nvfp4,hellaswag,85.7,85.11,-0.59,-1.3665853658536586,-2.942309503784693,0.20913877207737586,False,True,Mistral-Small-3.2-24B-Instruct-2506|s0
RedHatAI/Mistral-Small-3.2-24B-Instruct-2506-NVFP4,mistral,Mistral-Small-3.2-24B-Instruct-2506,nvfp4,mmlu,81.06,79.43,-1.63,-1.3665853658536586,-2.942309503784693,0.20913877207737586,False,True,Mistral-Small-3.2-24B-Instruct-2506|s0
RedHatAI/Mistral-Small-3.2-24B-Instruct-2506-NVFP4,mistral,Mistral-Small-3.2-24B-Instruct-2506,nvfp4,truthfulqa,61.35,60.34,-1.01,-1.3665853658536586,-2.942309503784693,0.20913877207737586,False,True,Mistral-Small-3.2-24B-Instruct-2506|s0
RedHatAI/Mistral-Small-3.2-24B-Instruct-2506-NVFP4,mistral,Mistral-Small-3.2-24B-Instruct-2506,nvfp4,winogrande,83.27,81.61,-1.66,-1.3665853658536586,-2.942309503784693,0.20913877207737586,False,True,Mistral-Small-3.2-24B-Instruct-2506|s0
RedHatAI/Mistral-Small-3.2-24B-Instruct-2506-NVFP4,mistral,Mistral-Small-3.2-24B-Instruct-2506,nvfp4,bbh,65.86,64.05,-1.81,-1.3665853658536586,-2.942309503784693,0.20913877207737586,False,True,Mistral-Small-3.2-24B-Instruct-2506|s0
RedHatAI/Mistral-Small-3.2-24B-Instruct-2506-NVFP4,mistral,Mistral-Small-3.2-24B-Instruct-2506,nvfp4,mmlu_pro,50.84,48.45,-2.39,-1.3665853658536586,-2.942309503784693,0.20913877207737586,False,True,Mistral-Small-3.2-24B-Instruct-2506|s0
RedHatAI/Mistral-Small-3.2-24B-Instruct-2506-NVFP4,mistral,Mistral-Small-3.2-24B-Instruct-2506,nvfp4,musr,39.15,40.21,1.06,-1.3665853658536586,-2.942309503784693,0.20913877207737586,False,False,Mistral-Small-3.2-24B-Instruct-2506|s0
RedHatAI/Mistral-Small-3.2-24B-Instruct-2506-NVFP4,mistral,Mistral-Small-3.2-24B-Instruct-2506,nvfp4,ifeval,84.05,84.41,0.36,-1.3665853658536586,-2.942309503784693,0.20913877207737586,False,False,Mistral-Small-3.2-24B-Instruct-2506|s0
RedHatAI/Mistral-Small-3.2-24B-Instruct-2506-NVFP4,mistral,Mistral-Small-3.2-24B-Instruct-2506,nvfp4,gpqa_main,33.14,32.55,-0.59,-1.3665853658536586,-2.942309503784693,0.20913877207737586,False,True,Mistral-Small-3.2-24B-Instruct-2506|s0
RedHatAI/Mistral-Small-3.2-24B-Instruct-2506-NVFP4,mistral,Mistral-Small-3.2-24B-Instruct-2506,nvfp4,math_lvl5,41.69,37.76,-3.93,-1.3665853658536586,-2.942309503784693,0.20913877207737586,False,False,Mistral-Small-3.2-24B-Instruct-2506|s0
RedHatAI/Mistral-Small-3.2-24B-Instruct-2506-NVFP4,mistral,Mistral-Small-3.2-24B-Instruct-2506,nvfp4,humaneval,88.88,88.84,-0.04,-1.3665853658536586,-2.942309503784693,0.20913877207737586,False,True,Mistral-Small-3.2-24B-Instruct-2506|s0
RedHatAI/Mistral-Small-3.2-24B-Instruct-2506-NVFP4,mistral,Mistral-Small-3.2-24B-Instruct-2506,nvfp4,arc_challenge,68.52,66.98,-1.54,-1.1343636363636365,-2.932756493506494,0.6640292207792207,False,True,Mistral-Small-3.2-24B-Instruct-2506|s1
RedHatAI/Mistral-Small-3.2-24B-Instruct-2506-NVFP4,mistral,Mistral-Small-3.2-24B-Instruct-2506,nvfp4,gsm8k,89.61,87.11,-2.5,-1.1343636363636365,-2.932756493506494,0.6640292207792207,False,True,Mistral-Small-3.2-24B-Instruct-2506|s1
RedHatAI/Mistral-Small-3.2-24B-Instruct-2506-NVFP4,mistral,Mistral-Small-3.2-24B-Instruct-2506,nvfp4,hellaswag,85.7,85.11,-0.59,-1.1343636363636365,-2.932756493506494,0.6640292207792207,False,True,Mistral-Small-3.2-24B-Instruct-2506|s1
RedHatAI/Mistral-Small-3.2-24B-Instruct-2506-NVFP4,mistral,Mistral-Small-3.2-24B-Instruct-2506,nvfp4,mmlu,81.06,79.43,-1.63,-1.1343636363636365,-2.932756493506494,0.6640292207792207,False,True,Mistral-Small-3.2-24B-Instruct-2506|s1
RedHatAI/Mistral-Small-3.2-24B-Instruct-2506-NVFP4,mistral,Mistral-Small-3.2-24B-Instruct-2506,nvfp4,truthfulqa,61.35,60.34,-1.01,-1.1343636363636365,-2.932756493506494,0.6640292207792207,False,True,Mistral-Small-3.2-24B-Instruct-2506|s1
RedHatAI/Mistral-Small-3.2-24B-Instruct-2506-NVFP4,mistral,Mistral-Small-3.2-24B-Instruct-2506,nvfp4,winogrande,83.27,81.61,-1.66,-1.1343636363636365,-2.932756493506494,0.6640292207792207,False,True,Mistral-Small-3.2-24B-Instruct-2506|s1
RedHatAI/Mistral-Small-3.2-24B-Instruct-2506-NVFP4,mistral,Mistral-Small-3.2-24B-Instruct-2506,nvfp4,bbh,65.86,64.05,-1.81,-1.1343636363636365,-2.932756493506494,0.6640292207792207,False,True,Mistral-Small-3.2-24B-Instruct-2506|s1
RedHatAI/Mistral-Small-3.2-24B-Instruct-2506-NVFP4,mistral,Mistral-Small-3.2-24B-Instruct-2506,nvfp4,mmlu_pro,50.84,48.45,-2.39,-1.1343636363636365,-2.932756493506494,0.6640292207792207,False,True,Mistral-Small-3.2-24B-Instruct-2506|s1
RedHatAI/Mistral-Small-3.2-24B-Instruct-2506-NVFP4,mistral,Mistral-Small-3.2-24B-Instruct-2506,nvfp4,musr,39.15,40.21,1.06,-1.1343636363636365,-2.932756493506494,0.6640292207792207,False,False,Mistral-Small-3.2-24B-Instruct-2506|s1
RedHatAI/Mistral-Small-3.2-24B-Instruct-2506-NVFP4,mistral,Mistral-Small-3.2-24B-Instruct-2506,nvfp4,ifeval,84.05,84.41,0.36,-1.1343636363636365,-2.932756493506494,0.6640292207792207,False,True,Mistral-Small-3.2-24B-Instruct-2506|s1
RedHatAI/Mistral-Small-3.2-24B-Instruct-2506-NVFP4,mistral,Mistral-Small-3.2-24B-Instruct-2506,nvfp4,gpqa_main,33.14,32.55,-0.59,-1.1343636363636365,-2.932756493506494,0.6640292207792207,False,True,Mistral-Small-3.2-24B-Instruct-2506|s1
RedHatAI/Mistral-Small-3.2-24B-Instruct-2506-NVFP4,mistral,Mistral-Small-3.2-24B-Instruct-2506,nvfp4,math_lvl5,41.69,37.76,-3.93,-1.1343636363636365,-2.932756493506494,0.6640292207792207,False,False,Mistral-Small-3.2-24B-Instruct-2506|s1
RedHatAI/Mistral-Small-3.2-24B-Instruct-2506-NVFP4,mistral,Mistral-Small-3.2-24B-Instruct-2506,nvfp4,humaneval,88.88,88.84,-0.04,-1.1343636363636365,-2.932756493506494,0.6640292207792207,False,True,Mistral-Small-3.2-24B-Instruct-2506|s1
RedHatAI/Mistral-Small-3.2-24B-Instruct-2506-NVFP4,mistral,Mistral-Small-3.2-24B-Instruct-2506,nvfp4,arc_challenge,68.52,66.98,-1.54,-1.0812195121951218,-3.3324390243902435,1.17,False,True,Mistral-Small-3.2-24B-Instruct-2506|s2
RedHatAI/Mistral-Small-3.2-24B-Instruct-2506-NVFP4,mistral,Mistral-Small-3.2-24B-Instruct-2506,nvfp4,gsm8k,89.61,87.11,-2.5,-1.0812195121951218,-3.3324390243902435,1.17,False,True,Mistral-Small-3.2-24B-Instruct-2506|s2
RedHatAI/Mistral-Small-3.2-24B-Instruct-2506-NVFP4,mistral,Mistral-Small-3.2-24B-Instruct-2506,nvfp4,hellaswag,85.7,85.11,-0.59,-1.0812195121951218,-3.3324390243902435,1.17,False,True,Mistral-Small-3.2-24B-Instruct-2506|s2
RedHatAI/Mistral-Small-3.2-24B-Instruct-2506-NVFP4,mistral,Mistral-Small-3.2-24B-Instruct-2506,nvfp4,mmlu,81.06,79.43,-1.63,-1.0812195121951218,-3.3324390243902435,1.17,False,True,Mistral-Small-3.2-24B-Instruct-2506|s2
RedHatAI/Mistral-Small-3.2-24B-Instruct-2506-NVFP4,mistral,Mistral-Small-3.2-24B-Instruct-2506,nvfp4,truthfulqa,61.35,60.34,-1.01,-1.0812195121951218,-3.3324390243902435,1.17,False,True,Mistral-Small-3.2-24B-Instruct-2506|s2
RedHatAI/Mistral-Small-3.2-24B-Instruct-2506-NVFP4,mistral,Mistral-Small-3.2-24B-Instruct-2506,nvfp4,winogrande,83.27,81.61,-1.66,-1.0812195121951218,-3.3324390243902435,1.17,False,True,Mistral-Small-3.2-24B-Instruct-2506|s2
RedHatAI/Mistral-Small-3.2-24B-Instruct-2506-NVFP4,mistral,Mistral-Small-3.2-24B-Instruct-2506,nvfp4,bbh,65.86,64.05,-1.81,-1.0812195121951218,-3.3324390243902435,1.17,False,True,Mistral-Small-3.2-24B-Instruct-2506|s2
RedHatAI/Mistral-Small-3.2-24B-Instruct-2506-NVFP4,mistral,Mistral-Small-3.2-24B-Instruct-2506,nvfp4,mmlu_pro,50.84,48.45,-2.39,-1.0812195121951218,-3.3324390243902435,1.17,False,True,Mistral-Small-3.2-24B-Instruct-2506|s2
RedHatAI/Mistral-Small-3.2-24B-Instruct-2506-NVFP4,mistral,Mistral-Small-3.2-24B-Instruct-2506,nvfp4,musr,39.15,40.21,1.06,-1.0812195121951218,-3.3324390243902435,1.17,False,True,Mistral-Small-3.2-24B-Instruct-2506|s2
RedHatAI/Mistral-Small-3.2-24B-Instruct-2506-NVFP4,mistral,Mistral-Small-3.2-24B-Instruct-2506,nvfp4,ifeval,84.05,84.41,0.36,-1.0812195121951218,-3.3324390243902435,1.17,False,True,Mistral-Small-3.2-24B-Instruct-2506|s2
RedHatAI/Mistral-Small-3.2-24B-Instruct-2506-NVFP4,mistral,Mistral-Small-3.2-24B-Instruct-2506,nvfp4,gpqa_main,33.14,32.55,-0.59,-1.0812195121951218,-3.3324390243902435,1.17,False,True,Mistral-Small-3.2-24B-Instruct-2506|s2
RedHatAI/Mistral-Small-3.2-24B-Instruct-2506-NVFP4,mistral,Mistral-Small-3.2-24B-Instruct-2506,nvfp4,math_lvl5,41.69,37.76,-3.93,-1.0812195121951218,-3.3324390243902435,1.17,False,False,Mistral-Small-3.2-24B-Instruct-2506|s2
RedHatAI/Mistral-Small-3.2-24B-Instruct-2506-NVFP4,mistral,Mistral-Small-3.2-24B-Instruct-2506,nvfp4,humaneval,88.88,88.84,-0.04,-1.0812195121951218,-3.3324390243902435,1.17,False,True,Mistral-Small-3.2-24B-Instruct-2506|s2
RedHatAI/Mistral-Small-3.2-24B-Instruct-2506-NVFP4,mistral,Mistral-Small-3.2-24B-Instruct-2506,nvfp4,arc_challenge,68.52,66.98,-1.54,-1.0812195121951218,-2.9113698881349714,0.7489308637447278,False,True,Mistral-Small-3.2-24B-Instruct-2506|s3
RedHatAI/Mistral-Small-3.2-24B-Instruct-2506-NVFP4,mistral,Mistral-Small-3.2-24B-Instruct-2506,nvfp4,gsm8k,89.61,87.11,-2.5,-1.0812195121951218,-2.9113698881349714,0.7489308637447278,False,True,Mistral-Small-3.2-24B-Instruct-2506|s3
RedHatAI/Mistral-Small-3.2-24B-Instruct-2506-NVFP4,mistral,Mistral-Small-3.2-24B-Instruct-2506,nvfp4,hellaswag,85.7,85.11,-0.59,-1.0812195121951218,-2.9113698881349714,0.7489308637447278,False,True,Mistral-Small-3.2-24B-Instruct-2506|s3
RedHatAI/Mistral-Small-3.2-24B-Instruct-2506-NVFP4,mistral,Mistral-Small-3.2-24B-Instruct-2506,nvfp4,mmlu,81.06,79.43,-1.63,-1.0812195121951218,-2.9113698881349714,0.7489308637447278,False,True,Mistral-Small-3.2-24B-Instruct-2506|s3
RedHatAI/Mistral-Small-3.2-24B-Instruct-2506-NVFP4,mistral,Mistral-Small-3.2-24B-Instruct-2506,nvfp4,truthfulqa,61.35,60.34,-1.01,-1.0812195121951218,-2.9113698881349714,0.7489308637447278,False,True,Mistral-Small-3.2-24B-Instruct-2506|s3
RedHatAI/Mistral-Small-3.2-24B-Instruct-2506-NVFP4,mistral,Mistral-Small-3.2-24B-Instruct-2506,nvfp4,winogrande,83.27,81.61,-1.66,-1.0812195121951218,-2.9113698881349714,0.7489308637447278,False,True,Mistral-Small-3.2-24B-Instruct-2506|s3
RedHatAI/Mistral-Small-3.2-24B-Instruct-2506-NVFP4,mistral,Mistral-Small-3.2-24B-Instruct-2506,nvfp4,bbh,65.86,64.05,-1.81,-1.0812195121951218,-2.9113698881349714,0.7489308637447278,False,True,Mistral-Small-3.2-24B-Instruct-2506|s3
RedHatAI/Mistral-Small-3.2-24B-Instruct-2506-NVFP4,mistral,Mistral-Small-3.2-24B-Instruct-2506,nvfp4,mmlu_pro,50.84,48.45,-2.39,-1.0812195121951218,-2.9113698881349714,0.7489308637447278,False,True,Mistral-Small-3.2-24B-Instruct-2506|s3
RedHatAI/Mistral-Small-3.2-24B-Instruct-2506-NVFP4,mistral,Mistral-Small-3.2-24B-Instruct-2506,nvfp4,musr,39.15,40.21,1.06,-1.0812195121951218,-2.9113698881349714,0.7489308637447278,False,False,Mistral-Small-3.2-24B-Instruct-2506|s3
RedHatAI/Mistral-Small-3.2-24B-Instruct-2506-NVFP4,mistral,Mistral-Small-3.2-24B-Instruct-2506,nvfp4,ifeval,84.05,84.41,0.36,-1.0812195121951218,-2.9113698881349714,0.7489308637447278,False,True,Mistral-Small-3.2-24B-Instruct-2506|s3
RedHatAI/Mistral-Small-3.2-24B-Instruct-2506-NVFP4,mistral,Mistral-Small-3.2-24B-Instruct-2506,nvfp4,gpqa_main,33.14,32.55,-0.59,-1.0812195121951218,-2.9113698881349714,0.7489308637447278,False,True,Mistral-Small-3.2-24B-Instruct-2506|s3
RedHatAI/Mistral-Small-3.2-24B-Instruct-2506-NVFP4,mistral,Mistral-Small-3.2-24B-Instruct-2506,nvfp4,math_lvl5,41.69,37.76,-3.93,-1.0812195121951218,-2.9113698881349714,0.7489308637447278,False,False,Mistral-Small-3.2-24B-Instruct-2506|s3
RedHatAI/Mistral-Small-3.2-24B-Instruct-2506-NVFP4,mistral,Mistral-Small-3.2-24B-Instruct-2506,nvfp4,humaneval,88.88,88.84,-0.04,-1.0812195121951218,-2.9113698881349714,0.7489308637447278,False,True,Mistral-Small-3.2-24B-Instruct-2506|s3
RedHatAI/Mistral-Small-3.2-24B-Instruct-2506-NVFP4,mistral,Mistral-Small-3.2-24B-Instruct-2506,nvfp4,arc_challenge,68.52,66.98,-1.54,-1.4610714285714284,-3.3321203796203793,0.40997752247752284,False,True,Mistral-Small-3.2-24B-Instruct-2506|s4
RedHatAI/Mistral-Small-3.2-24B-Instruct-2506-NVFP4,mistral,Mistral-Small-3.2-24B-Instruct-2506,nvfp4,gsm8k,89.61,87.11,-2.5,-1.4610714285714284,-3.3321203796203793,0.40997752247752284,False,True,Mistral-Small-3.2-24B-Instruct-2506|s4
RedHatAI/Mistral-Small-3.2-24B-Instruct-2506-NVFP4,mistral,Mistral-Small-3.2-24B-Instruct-2506,nvfp4,hellaswag,85.7,85.11,-0.59,-1.4610714285714284,-3.3321203796203793,0.40997752247752284,False,True,Mistral-Small-3.2-24B-Instruct-2506|s4
RedHatAI/Mistral-Small-3.2-24B-Instruct-2506-NVFP4,mistral,Mistral-Small-3.2-24B-Instruct-2506,nvfp4,mmlu,81.06,79.43,-1.63,-1.4610714285714284,-3.3321203796203793,0.40997752247752284,False,True,Mistral-Small-3.2-24B-Instruct-2506|s4
RedHatAI/Mistral-Small-3.2-24B-Instruct-2506-NVFP4,mistral,Mistral-Small-3.2-24B-Instruct-2506,nvfp4,truthfulqa,61.35,60.34,-1.01,-1.4610714285714284,-3.3321203796203793,0.40997752247752284,False,True,Mistral-Small-3.2-24B-Instruct-2506|s4
RedHatAI/Mistral-Small-3.2-24B-Instruct-2506-NVFP4,mistral,Mistral-Small-3.2-24B-Instruct-2506,nvfp4,winogrande,83.27,81.61,-1.66,-1.4610714285714284,-3.3321203796203793,0.40997752247752284,False,True,Mistral-Small-3.2-24B-Instruct-2506|s4
RedHatAI/Mistral-Small-3.2-24B-Instruct-2506-NVFP4,mistral,Mistral-Small-3.2-24B-Instruct-2506,nvfp4,bbh,65.86,64.05,-1.81,-1.4610714285714284,-3.3321203796203793,0.40997752247752284,False,True,Mistral-Small-3.2-24B-Instruct-2506|s4
RedHatAI/Mistral-Small-3.2-24B-Instruct-2506-NVFP4,mistral,Mistral-Small-3.2-24B-Instruct-2506,nvfp4,mmlu_pro,50.84,48.45,-2.39,-1.4610714285714284,-3.3321203796203793,0.40997752247752284,False,True,Mistral-Small-3.2-24B-Instruct-2506|s4
RedHatAI/Mistral-Small-3.2-24B-Instruct-2506-NVFP4,mistral,Mistral-Small-3.2-24B-Instruct-2506,nvfp4,musr,39.15,40.21,1.06,-1.4610714285714284,-3.3321203796203793,0.40997752247752284,False,False,Mistral-Small-3.2-24B-Instruct-2506|s4
RedHatAI/Mistral-Small-3.2-24B-Instruct-2506-NVFP4,mistral,Mistral-Small-3.2-24B-Instruct-2506,nvfp4,ifeval,84.05,84.41,0.36,-1.4610714285714284,-3.3321203796203793,0.40997752247752284,False,True,Mistral-Small-3.2-24B-Instruct-2506|s4
RedHatAI/Mistral-Small-3.2-24B-Instruct-2506-NVFP4,mistral,Mistral-Small-3.2-24B-Instruct-2506,nvfp4,gpqa_main,33.14,32.55,-0.59,-1.4610714285714284,-3.3321203796203793,0.40997752247752284,False,True,Mistral-Small-3.2-24B-Instruct-2506|s4
RedHatAI/Mistral-Small-3.2-24B-Instruct-2506-NVFP4,mistral,Mistral-Small-3.2-24B-Instruct-2506,nvfp4,math_lvl5,41.69,37.76,-3.93,-1.4610714285714284,-3.3321203796203793,0.40997752247752284,False,False,Mistral-Small-3.2-24B-Instruct-2506|s4
RedHatAI/Mistral-Small-3.2-24B-Instruct-2506-NVFP4,mistral,Mistral-Small-3.2-24B-Instruct-2506,nvfp4,humaneval,88.88,88.84,-0.04,-1.4610714285714284,-3.3321203796203793,0.40997752247752284,False,True,Mistral-Small-3.2-24B-Instruct-2506|s4
RedHatAI/Mixtral-8x22B-Instruct-v0.1-FP8,mistral,Mixtral-8x22B-Instruct-v0.1,fp8,arc_challenge,73.29,73.29,0.0,-0.2567441860465116,-2.118082768723677,1.6045943966306537,False,True,Mixtral-8x22B-Instruct-v0.1|s0
RedHatAI/Mixtral-8x22B-Instruct-v0.1-FP8,mistral,Mixtral-8x22B-Instruct-v0.1,fp8,gsm8k,85.06,84.08,-0.98,-0.2567441860465116,-2.118082768723677,1.6045943966306537,False,True,Mixtral-8x22B-Instruct-v0.1|s0
RedHatAI/Mixtral-8x22B-Instruct-v0.1-FP8,mistral,Mixtral-8x22B-Instruct-v0.1,fp8,hellaswag,88.94,88.85,-0.09,-0.2567441860465116,-2.118082768723677,1.6045943966306537,False,True,Mixtral-8x22B-Instruct-v0.1|s0
RedHatAI/Mixtral-8x22B-Instruct-v0.1-FP8,mistral,Mixtral-8x22B-Instruct-v0.1,fp8,mmlu,77.77,77.62,-0.15,-0.2567441860465116,-2.118082768723677,1.6045943966306537,False,True,Mixtral-8x22B-Instruct-v0.1|s0
RedHatAI/Mixtral-8x22B-Instruct-v0.1-FP8,mistral,Mixtral-8x22B-Instruct-v0.1,fp8,truthfulqa,68.49,68.01,-0.48,-0.2567441860465116,-2.118082768723677,1.6045943966306537,False,True,Mixtral-8x22B-Instruct-v0.1|s0
RedHatAI/Mixtral-8x22B-Instruct-v0.1-FP8,mistral,Mixtral-8x22B-Instruct-v0.1,fp8,winogrande,85.64,85.16,-0.48,-0.2567441860465116,-2.118082768723677,1.6045943966306537,False,True,Mixtral-8x22B-Instruct-v0.1|s0
RedHatAI/Mixtral-8x22B-Instruct-v0.1-FP8,mistral,Mixtral-8x22B-Instruct-v0.1,fp8,arc_challenge,73.29,73.29,0.0,-0.38685185185185184,-2.443148148148148,1.6694444444444443,False,True,Mixtral-8x22B-Instruct-v0.1|s1
RedHatAI/Mixtral-8x22B-Instruct-v0.1-FP8,mistral,Mixtral-8x22B-Instruct-v0.1,fp8,gsm8k,85.06,84.08,-0.98,-0.38685185185185184,-2.443148148148148,1.6694444444444443,False,True,Mixtral-8x22B-Instruct-v0.1|s1
RedHatAI/Mixtral-8x22B-Instruct-v0.1-FP8,mistral,Mixtral-8x22B-Instruct-v0.1,fp8,hellaswag,88.94,88.85,-0.09,-0.38685185185185184,-2.443148148148148,1.6694444444444443,False,True,Mixtral-8x22B-Instruct-v0.1|s1
RedHatAI/Mixtral-8x22B-Instruct-v0.1-FP8,mistral,Mixtral-8x22B-Instruct-v0.1,fp8,mmlu,77.77,77.62,-0.15,-0.38685185185185184,-2.443148148148148,1.6694444444444443,False,True,Mixtral-8x22B-Instruct-v0.1|s1
RedHatAI/Mixtral-8x22B-Instruct-v0.1-FP8,mistral,Mixtral-8x22B-Instruct-v0.1,fp8,truthfulqa,68.49,68.01,-0.48,-0.38685185185185184,-2.443148148148148,1.6694444444444443,False,True,Mixtral-8x22B-Instruct-v0.1|s1
RedHatAI/Mixtral-8x22B-Instruct-v0.1-FP8,mistral,Mixtral-8x22B-Instruct-v0.1,fp8,winogrande,85.64,85.16,-0.48,-0.38685185185185184,-2.443148148148148,1.6694444444444443,False,True,Mixtral-8x22B-Instruct-v0.1|s1
RedHatAI/Mixtral-8x22B-Instruct-v0.1-FP8,mistral,Mixtral-8x22B-Instruct-v0.1,fp8,arc_challenge,73.29,73.29,0.0,-0.2679591836734694,-1.6026852110707297,1.066766843723791,False,True,Mixtral-8x22B-Instruct-v0.1|s2
RedHatAI/Mixtral-8x22B-Instruct-v0.1-FP8,mistral,Mixtral-8x22B-Instruct-v0.1,fp8,gsm8k,85.06,84.08,-0.98,-0.2679591836734694,-1.6026852110707297,1.066766843723791,False,True,Mixtral-8x22B-Instruct-v0.1|s2
RedHatAI/Mixtral-8x22B-Instruct-v0.1-FP8,mistral,Mixtral-8x22B-Instruct-v0.1,fp8,hellaswag,88.94,88.85,-0.09,-0.2679591836734694,-1.6026852110707297,1.066766843723791,False,True,Mixtral-8x22B-Instruct-v0.1|s2
RedHatAI/Mixtral-8x22B-Instruct-v0.1-FP8,mistral,Mixtral-8x22B-Instruct-v0.1,fp8,mmlu,77.77,77.62,-0.15,-0.2679591836734694,-1.6026852110707297,1.066766843723791,False,True,Mixtral-8x22B-Instruct-v0.1|s2
RedHatAI/Mixtral-8x22B-Instruct-v0.1-FP8,mistral,Mixtral-8x22B-Instruct-v0.1,fp8,truthfulqa,68.49,68.01,-0.48,-0.2679591836734694,-1.6026852110707297,1.066766843723791,False,True,Mixtral-8x22B-Instruct-v0.1|s2
RedHatAI/Mixtral-8x22B-Instruct-v0.1-FP8,mistral,Mixtral-8x22B-Instruct-v0.1,fp8,winogrande,85.64,85.16,-0.48,-0.2679591836734694,-1.6026852110707297,1.066766843723791,False,True,Mixtral-8x22B-Instruct-v0.1|s2
RedHatAI/Mixtral-8x22B-Instruct-v0.1-FP8,mistral,Mixtral-8x22B-Instruct-v0.1,fp8,arc_challenge,73.29,73.29,0.0,-0.348,-2.241913043478261,1.5459130434782606,False,True,Mixtral-8x22B-Instruct-v0.1|s3
RedHatAI/Mixtral-8x22B-Instruct-v0.1-FP8,mistral,Mixtral-8x22B-Instruct-v0.1,fp8,gsm8k,85.06,84.08,-0.98,-0.348,-2.241913043478261,1.5459130434782606,False,True,Mixtral-8x22B-Instruct-v0.1|s3
RedHatAI/Mixtral-8x22B-Instruct-v0.1-FP8,mistral,Mixtral-8x22B-Instruct-v0.1,fp8,hellaswag,88.94,88.85,-0.09,-0.348,-2.241913043478261,1.5459130434782606,False,True,Mixtral-8x22B-Instruct-v0.1|s3
RedHatAI/Mixtral-8x22B-Instruct-v0.1-FP8,mistral,Mixtral-8x22B-Instruct-v0.1,fp8,mmlu,77.77,77.62,-0.15,-0.348,-2.241913043478261,1.5459130434782606,False,True,Mixtral-8x22B-Instruct-v0.1|s3
RedHatAI/Mixtral-8x22B-Instruct-v0.1-FP8,mistral,Mixtral-8x22B-Instruct-v0.1,fp8,truthfulqa,68.49,68.01,-0.48,-0.348,-2.241913043478261,1.5459130434782606,False,True,Mixtral-8x22B-Instruct-v0.1|s3
RedHatAI/Mixtral-8x22B-Instruct-v0.1-FP8,mistral,Mixtral-8x22B-Instruct-v0.1,fp8,winogrande,85.64,85.16,-0.48,-0.348,-2.241913043478261,1.5459130434782606,False,True,Mixtral-8x22B-Instruct-v0.1|s3
RedHatAI/Mixtral-8x22B-Instruct-v0.1-FP8,mistral,Mixtral-8x22B-Instruct-v0.1,fp8,arc_challenge,73.29,73.29,0.0,-0.17933333333333334,-1.5360385356454722,1.1773718689788055,False,True,Mixtral-8x22B-Instruct-v0.1|s4
RedHatAI/Mixtral-8x22B-Instruct-v0.1-FP8,mistral,Mixtral-8x22B-Instruct-v0.1,fp8,gsm8k,85.06,84.08,-0.98,-0.17933333333333334,-1.5360385356454722,1.1773718689788055,False,True,Mixtral-8x22B-Instruct-v0.1|s4
RedHatAI/Mixtral-8x22B-Instruct-v0.1-FP8,mistral,Mixtral-8x22B-Instruct-v0.1,fp8,hellaswag,88.94,88.85,-0.09,-0.17933333333333334,-1.5360385356454722,1.1773718689788055,False,True,Mixtral-8x22B-Instruct-v0.1|s4
RedHatAI/Mixtral-8x22B-Instruct-v0.1-FP8,mistral,Mixtral-8x22B-Instruct-v0.1,fp8,mmlu,77.77,77.62,-0.15,-0.17933333333333334,-1.5360385356454722,1.1773718689788055,False,True,Mixtral-8x22B-Instruct-v0.1|s4
RedHatAI/Mixtral-8x22B-Instruct-v0.1-FP8,mistral,Mixtral-8x22B-Instruct-v0.1,fp8,truthfulqa,68.49,68.01,-0.48,-0.17933333333333334,-1.5360385356454722,1.1773718689788055,False,True,Mixtral-8x22B-Instruct-v0.1|s4
RedHatAI/Mixtral-8x22B-Instruct-v0.1-FP8,mistral,Mixtral-8x22B-Instruct-v0.1,fp8,winogrande,85.64,85.16,-0.48,-0.17933333333333334,-1.5360385356454722,1.1773718689788055,False,True,Mixtral-8x22B-Instruct-v0.1|s4
RedHatAI/Mixtral-8x22B-v0.1-quantized.w4a16,mistral,Mixtral-8x22B-v0.1,w4a16,arc_challenge,70.39,69.88,-0.51,-0.707421875,-2.1818421648550723,0.7669984148550725,False,True,Mixtral-8x22B-v0.1|s0
RedHatAI/Mixtral-8x22B-v0.1-quantized.w4a16,mistral,Mixtral-8x22B-v0.1,w4a16,gsm8k,76.42,74.68,-1.74,-0.707421875,-2.1818421648550723,0.7669984148550725,False,True,Mixtral-8x22B-v0.1|s0
RedHatAI/Mixtral-8x22B-v0.1-quantized.w4a16,mistral,Mixtral-8x22B-v0.1,w4a16,hellaswag,88.31,87.94,-0.37,-0.707421875,-2.1818421648550723,0.7669984148550725,False,True,Mixtral-8x22B-v0.1|s0
RedHatAI/Mixtral-8x22B-v0.1-quantized.w4a16,mistral,Mixtral-8x22B-v0.1,w4a16,mmlu,77.4,76.21,-1.19,-0.707421875,-2.1818421648550723,0.7669984148550725,False,True,Mixtral-8x22B-v0.1|s0
RedHatAI/Mixtral-8x22B-v0.1-quantized.w4a16,mistral,Mixtral-8x22B-v0.1,w4a16,truthfulqa,51.17,51.15,-0.02,-0.707421875,-2.1818421648550723,0.7669984148550725,False,True,Mixtral-8x22B-v0.1|s0
RedHatAI/Mixtral-8x22B-v0.1-quantized.w4a16,mistral,Mixtral-8x22B-v0.1,w4a16,winogrande,84.45,85.16,0.71,-0.707421875,-2.1818421648550723,0.7669984148550725,False,True,Mixtral-8x22B-v0.1|s0
RedHatAI/Mixtral-8x22B-v0.1-quantized.w4a16,mistral,Mixtral-8x22B-v0.1,w4a16,arc_challenge,70.39,69.88,-0.51,-0.6607086614173228,-2.4214173228346456,1.1,False,True,Mixtral-8x22B-v0.1|s1
RedHatAI/Mixtral-8x22B-v0.1-quantized.w4a16,mistral,Mixtral-8x22B-v0.1,w4a16,gsm8k,76.42,74.68,-1.74,-0.6607086614173228,-2.4214173228346456,1.1,False,True,Mixtral-8x22B-v0.1|s1
RedHatAI/Mixtral-8x22B-v0.1-quantized.w4a16,mistral,Mixtral-8x22B-v0.1,w4a16,hellaswag,88.31,87.94,-0.37,-0.6607086614173228,-2.4214173228346456,1.1,False,True,Mixtral-8x22B-v0.1|s1
RedHatAI/Mixtral-8x22B-v0.1-quantized.w4a16,mistral,Mixtral-8x22B-v0.1,w4a16,mmlu,77.4,76.21,-1.19,-0.6607086614173228,-2.4214173228346456,1.1,False,True,Mixtral-8x22B-v0.1|s1
RedHatAI/Mixtral-8x22B-v0.1-quantized.w4a16,mistral,Mixtral-8x22B-v0.1,w4a16,truthfulqa,51.17,51.15,-0.02,-0.6607086614173228,-2.4214173228346456,1.1,False,True,Mixtral-8x22B-v0.1|s1
RedHatAI/Mixtral-8x22B-v0.1-quantized.w4a16,mistral,Mixtral-8x22B-v0.1,w4a16,winogrande,84.45,85.16,0.71,-0.6607086614173228,-2.4214173228346456,1.1,False,True,Mixtral-8x22B-v0.1|s1
RedHatAI/Mixtral-8x22B-v0.1-quantized.w4a16,mistral,Mixtral-8x22B-v0.1,w4a16,arc_challenge,70.39,69.88,-0.51,-0.7914960629921259,-2.29329934168065,0.7103072156963985,False,True,Mixtral-8x22B-v0.1|s2
RedHatAI/Mixtral-8x22B-v0.1-quantized.w4a16,mistral,Mixtral-8x22B-v0.1,w4a16,gsm8k,76.42,74.68,-1.74,-0.7914960629921259,-2.29329934168065,0.7103072156963985,False,True,Mixtral-8x22B-v0.1|s2
RedHatAI/Mixtral-8x22B-v0.1-quantized.w4a16,mistral,Mixtral-8x22B-v0.1,w4a16,hellaswag,88.31,87.94,-0.37,-0.7914960629921259,-2.29329934168065,0.7103072156963985,False,True,Mixtral-8x22B-v0.1|s2
RedHatAI/Mixtral-8x22B-v0.1-quantized.w4a16,mistral,Mixtral-8x22B-v0.1,w4a16,mmlu,77.4,76.21,-1.19,-0.7914960629921259,-2.29329934168065,0.7103072156963985,False,True,Mixtral-8x22B-v0.1|s2
RedHatAI/Mixtral-8x22B-v0.1-quantized.w4a16,mistral,Mixtral-8x22B-v0.1,w4a16,truthfulqa,51.17,51.15,-0.02,-0.7914960629921259,-2.29329934168065,0.7103072156963985,False,True,Mixtral-8x22B-v0.1|s2
RedHatAI/Mixtral-8x22B-v0.1-quantized.w4a16,mistral,Mixtral-8x22B-v0.1,w4a16,winogrande,84.45,85.16,0.71,-0.7914960629921259,-2.29329934168065,0.7103072156963985,False,True,Mixtral-8x22B-v0.1|s2
RedHatAI/Mixtral-8x22B-v0.1-quantized.w4a16,mistral,Mixtral-8x22B-v0.1,w4a16,arc_challenge,70.39,69.88,-0.51,-0.6666875,-2.5601021341463412,1.226727134146341,False,True,Mixtral-8x22B-v0.1|s3
RedHatAI/Mixtral-8x22B-v0.1-quantized.w4a16,mistral,Mixtral-8x22B-v0.1,w4a16,gsm8k,76.42,74.68,-1.74,-0.6666875,-2.5601021341463412,1.226727134146341,False,True,Mixtral-8x22B-v0.1|s3
RedHatAI/Mixtral-8x22B-v0.1-quantized.w4a16,mistral,Mixtral-8x22B-v0.1,w4a16,hellaswag,88.31,87.94,-0.37,-0.6666875,-2.5601021341463412,1.226727134146341,False,True,Mixtral-8x22B-v0.1|s3
RedHatAI/Mixtral-8x22B-v0.1-quantized.w4a16,mistral,Mixtral-8x22B-v0.1,w4a16,mmlu,77.4,76.21,-1.19,-0.6666875,-2.5601021341463412,1.226727134146341,False,True,Mixtral-8x22B-v0.1|s3
RedHatAI/Mixtral-8x22B-v0.1-quantized.w4a16,mistral,Mixtral-8x22B-v0.1,w4a16,truthfulqa,51.17,51.15,-0.02,-0.6666875,-2.5601021341463412,1.226727134146341,False,True,Mixtral-8x22B-v0.1|s3
RedHatAI/Mixtral-8x22B-v0.1-quantized.w4a16,mistral,Mixtral-8x22B-v0.1,w4a16,winogrande,84.45,85.16,0.71,-0.6666875,-2.5601021341463412,1.226727134146341,False,True,Mixtral-8x22B-v0.1|s3
RedHatAI/Mixtral-8x22B-v0.1-quantized.w4a16,mistral,Mixtral-8x22B-v0.1,w4a16,arc_challenge,70.39,69.88,-0.51,-0.6606338028169014,-2.8866338028169016,1.5653661971830986,False,True,Mixtral-8x22B-v0.1|s4
RedHatAI/Mixtral-8x22B-v0.1-quantized.w4a16,mistral,Mixtral-8x22B-v0.1,w4a16,gsm8k,76.42,74.68,-1.74,-0.6606338028169014,-2.8866338028169016,1.5653661971830986,False,True,Mixtral-8x22B-v0.1|s4
RedHatAI/Mixtral-8x22B-v0.1-quantized.w4a16,mistral,Mixtral-8x22B-v0.1,w4a16,hellaswag,88.31,87.94,-0.37,-0.6606338028169014,-2.8866338028169016,1.5653661971830986,False,True,Mixtral-8x22B-v0.1|s4
RedHatAI/Mixtral-8x22B-v0.1-quantized.w4a16,mistral,Mixtral-8x22B-v0.1,w4a16,mmlu,77.4,76.21,-1.19,-0.6606338028169014,-2.8866338028169016,1.5653661971830986,False,True,Mixtral-8x22B-v0.1|s4
RedHatAI/Mixtral-8x22B-v0.1-quantized.w4a16,mistral,Mixtral-8x22B-v0.1,w4a16,truthfulqa,51.17,51.15,-0.02,-0.6606338028169014,-2.8866338028169016,1.5653661971830986,False,True,Mixtral-8x22B-v0.1|s4
RedHatAI/Mixtral-8x22B-v0.1-quantized.w4a16,mistral,Mixtral-8x22B-v0.1,w4a16,winogrande,84.45,85.16,0.71,-0.6606338028169014,-2.8866338028169016,1.5653661971830986,False,True,Mixtral-8x22B-v0.1|s4
RedHatAI/Mixtral-8x7B-Instruct-v0.1-FP8,mistral,Mixtral-8x7B-Instruct-v0.1,fp8,arc_challenge,70.48,69.54,-0.94,-0.24,-2.4344776119402987,1.9544776119402985,False,True,Mixtral-8x7B-Instruct-v0.1|s0
RedHatAI/Mixtral-8x7B-Instruct-v0.1-FP8,mistral,Mixtral-8x7B-Instruct-v0.1,fp8,gsm8k,65.5,64.29,-1.21,-0.24,-2.4344776119402987,1.9544776119402985,False,True,Mixtral-8x7B-Instruct-v0.1|s0
RedHatAI/Mixtral-8x7B-Instruct-v0.1-FP8,mistral,Mixtral-8x7B-Instruct-v0.1,fp8,hellaswag,87.33,86.96,-0.37,-0.24,-2.4344776119402987,1.9544776119402985,False,True,Mixtral-8x7B-Instruct-v0.1|s0
RedHatAI/Mixtral-8x7B-Instruct-v0.1-FP8,mistral,Mixtral-8x7B-Instruct-v0.1,fp8,mmlu,70.3,69.97,-0.33,-0.24,-2.4344776119402987,1.9544776119402985,False,True,Mixtral-8x7B-Instruct-v0.1|s0
RedHatAI/Mixtral-8x7B-Instruct-v0.1-FP8,mistral,Mixtral-8x7B-Instruct-v0.1,fp8,truthfulqa,64.81,63.89,-0.92,-0.24,-2.4344776119402987,1.9544776119402985,False,True,Mixtral-8x7B-Instruct-v0.1|s0
RedHatAI/Mixtral-8x7B-Instruct-v0.1-FP8,mistral,Mixtral-8x7B-Instruct-v0.1,fp8,winogrande,82.24,81.29,-0.95,-0.24,-2.4344776119402987,1.9544776119402985,False,True,Mixtral-8x7B-Instruct-v0.1|s0
RedHatAI/Mixtral-8x7B-Instruct-v0.1-FP8,mistral,Mixtral-8x7B-Instruct-v0.1,fp8,arc_challenge,70.48,69.54,-0.94,-0.22163265306122448,-1.7259392224042902,1.2826739162818412,False,True,Mixtral-8x7B-Instruct-v0.1|s1
RedHatAI/Mixtral-8x7B-Instruct-v0.1-FP8,mistral,Mixtral-8x7B-Instruct-v0.1,fp8,gsm8k,65.5,64.29,-1.21,-0.22163265306122448,-1.7259392224042902,1.2826739162818412,False,True,Mixtral-8x7B-Instruct-v0.1|s1
RedHatAI/Mixtral-8x7B-Instruct-v0.1-FP8,mistral,Mixtral-8x7B-Instruct-v0.1,fp8,hellaswag,87.33,86.96,-0.37,-0.22163265306122448,-1.7259392224042902,1.2826739162818412,False,True,Mixtral-8x7B-Instruct-v0.1|s1
RedHatAI/Mixtral-8x7B-Instruct-v0.1-FP8,mistral,Mixtral-8x7B-Instruct-v0.1,fp8,mmlu,70.3,69.97,-0.33,-0.22163265306122448,-1.7259392224042902,1.2826739162818412,False,True,Mixtral-8x7B-Instruct-v0.1|s1
RedHatAI/Mixtral-8x7B-Instruct-v0.1-FP8,mistral,Mixtral-8x7B-Instruct-v0.1,fp8,truthfulqa,64.81,63.89,-0.92,-0.22163265306122448,-1.7259392224042902,1.2826739162818412,False,True,Mixtral-8x7B-Instruct-v0.1|s1
RedHatAI/Mixtral-8x7B-Instruct-v0.1-FP8,mistral,Mixtral-8x7B-Instruct-v0.1,fp8,winogrande,82.24,81.29,-0.95,-0.22163265306122448,-1.7259392224042902,1.2826739162818412,False,True,Mixtral-8x7B-Instruct-v0.1|s1
RedHatAI/Mixtral-8x7B-Instruct-v0.1-FP8,mistral,Mixtral-8x7B-Instruct-v0.1,fp8,arc_challenge,70.48,69.54,-0.94,-0.31184210526315786,-1.9253606237816763,1.3016764132553604,False,True,Mixtral-8x7B-Instruct-v0.1|s2
RedHatAI/Mixtral-8x7B-Instruct-v0.1-FP8,mistral,Mixtral-8x7B-Instruct-v0.1,fp8,gsm8k,65.5,64.29,-1.21,-0.31184210526315786,-1.9253606237816763,1.3016764132553604,False,True,Mixtral-8x7B-Instruct-v0.1|s2
RedHatAI/Mixtral-8x7B-Instruct-v0.1-FP8,mistral,Mixtral-8x7B-Instruct-v0.1,fp8,hellaswag,87.33,86.96,-0.37,-0.31184210526315786,-1.9253606237816763,1.3016764132553604,False,True,Mixtral-8x7B-Instruct-v0.1|s2
RedHatAI/Mixtral-8x7B-Instruct-v0.1-FP8,mistral,Mixtral-8x7B-Instruct-v0.1,fp8,mmlu,70.3,69.97,-0.33,-0.31184210526315786,-1.9253606237816763,1.3016764132553604,False,True,Mixtral-8x7B-Instruct-v0.1|s2
RedHatAI/Mixtral-8x7B-Instruct-v0.1-FP8,mistral,Mixtral-8x7B-Instruct-v0.1,fp8,truthfulqa,64.81,63.89,-0.92,-0.31184210526315786,-1.9253606237816763,1.3016764132553604,False,True,Mixtral-8x7B-Instruct-v0.1|s2
RedHatAI/Mixtral-8x7B-Instruct-v0.1-FP8,mistral,Mixtral-8x7B-Instruct-v0.1,fp8,winogrande,82.24,81.29,-0.95,-0.31184210526315786,-1.9253606237816763,1.3016764132553604,False,True,Mixtral-8x7B-Instruct-v0.1|s2
RedHatAI/Mixtral-8x7B-Instruct-v0.1-FP8,mistral,Mixtral-8x7B-Instruct-v0.1,fp8,arc_challenge,70.48,69.54,-0.94,-0.24653061224489797,-1.7317244106945104,1.2386631862047144,False,True,Mixtral-8x7B-Instruct-v0.1|s3
RedHatAI/Mixtral-8x7B-Instruct-v0.1-FP8,mistral,Mixtral-8x7B-Instruct-v0.1,fp8,gsm8k,65.5,64.29,-1.21,-0.24653061224489797,-1.7317244106945104,1.2386631862047144,False,True,Mixtral-8x7B-Instruct-v0.1|s3
RedHatAI/Mixtral-8x7B-Instruct-v0.1-FP8,mistral,Mixtral-8x7B-Instruct-v0.1,fp8,hellaswag,87.33,86.96,-0.37,-0.24653061224489797,-1.7317244106945104,1.2386631862047144,False,True,Mixtral-8x7B-Instruct-v0.1|s3
RedHatAI/Mixtral-8x7B-Instruct-v0.1-FP8,mistral,Mixtral-8x7B-Instruct-v0.1,fp8,mmlu,70.3,69.97,-0.33,-0.24653061224489797,-1.7317244106945104,1.2386631862047144,False,True,Mixtral-8x7B-Instruct-v0.1|s3
RedHatAI/Mixtral-8x7B-Instruct-v0.1-FP8,mistral,Mixtral-8x7B-Instruct-v0.1,fp8,truthfulqa,64.81,63.89,-0.92,-0.24653061224489797,-1.7317244106945104,1.2386631862047144,False,True,Mixtral-8x7B-Instruct-v0.1|s3
RedHatAI/Mixtral-8x7B-Instruct-v0.1-FP8,mistral,Mixtral-8x7B-Instruct-v0.1,fp8,winogrande,82.24,81.29,-0.95,-0.24653061224489797,-1.7317244106945104,1.2386631862047144,False,True,Mixtral-8x7B-Instruct-v0.1|s3
RedHatAI/Mixtral-8x7B-Instruct-v0.1-FP8,mistral,Mixtral-8x7B-Instruct-v0.1,fp8,arc_challenge,70.48,69.54,-0.94,-0.22727272727272727,-1.8156937799043062,1.3611483253588517,False,True,Mixtral-8x7B-Instruct-v0.1|s4
RedHatAI/Mixtral-8x7B-Instruct-v0.1-FP8,mistral,Mixtral-8x7B-Instruct-v0.1,fp8,gsm8k,65.5,64.29,-1.21,-0.22727272727272727,-1.8156937799043062,1.3611483253588517,False,True,Mixtral-8x7B-Instruct-v0.1|s4
RedHatAI/Mixtral-8x7B-Instruct-v0.1-FP8,mistral,Mixtral-8x7B-Instruct-v0.1,fp8,hellaswag,87.33,86.96,-0.37,-0.22727272727272727,-1.8156937799043062,1.3611483253588517,False,True,Mixtral-8x7B-Instruct-v0.1|s4
RedHatAI/Mixtral-8x7B-Instruct-v0.1-FP8,mistral,Mixtral-8x7B-Instruct-v0.1,fp8,mmlu,70.3,69.97,-0.33,-0.22727272727272727,-1.8156937799043062,1.3611483253588517,False,True,Mixtral-8x7B-Instruct-v0.1|s4
RedHatAI/Mixtral-8x7B-Instruct-v0.1-FP8,mistral,Mixtral-8x7B-Instruct-v0.1,fp8,truthfulqa,64.81,63.89,-0.92,-0.22727272727272727,-1.8156937799043062,1.3611483253588517,False,True,Mixtral-8x7B-Instruct-v0.1|s4
RedHatAI/Mixtral-8x7B-Instruct-v0.1-FP8,mistral,Mixtral-8x7B-Instruct-v0.1,fp8,winogrande,82.24,81.29,-0.95,-0.22727272727272727,-1.8156937799043062,1.3611483253588517,False,True,Mixtral-8x7B-Instruct-v0.1|s4
RedHatAI/Mixtral-8x7B-v0.1-quantized.w4a16,mistral,Mixtral-8x7B-v0.1,w4a16,arc_challenge,66.55,65.61,-0.94,-0.7903401360544218,-2.4906802721088432,0.9099999999999999,False,True,Mixtral-8x7B-v0.1|s0
RedHatAI/Mixtral-8x7B-v0.1-quantized.w4a16,mistral,Mixtral-8x7B-v0.1,w4a16,gsm8k,59.89,58.07,-1.82,-0.7903401360544218,-2.4906802721088432,0.9099999999999999,False,True,Mixtral-8x7B-v0.1|s0
RedHatAI/Mixtral-8x7B-v0.1-quantized.w4a16,mistral,Mixtral-8x7B-v0.1,w4a16,hellaswag,86.65,85.21,-1.44,-0.7903401360544218,-2.4906802721088432,0.9099999999999999,False,True,Mixtral-8x7B-v0.1|s0
RedHatAI/Mixtral-8x7B-v0.1-quantized.w4a16,mistral,Mixtral-8x7B-v0.1,w4a16,mmlu,70.33,69.23,-1.1,-0.7903401360544218,-2.4906802721088432,0.9099999999999999,False,True,Mixtral-8x7B-v0.1|s0
RedHatAI/Mixtral-8x7B-v0.1-quantized.w4a16,mistral,Mixtral-8x7B-v0.1,w4a16,truthfulqa,46.65,47.18,0.53,-0.7903401360544218,-2.4906802721088432,0.9099999999999999,False,True,Mixtral-8x7B-v0.1|s0
RedHatAI/Mixtral-8x7B-v0.1-quantized.w4a16,mistral,Mixtral-8x7B-v0.1,w4a16,winogrande,81.45,81.14,-0.31,-0.7903401360544218,-2.4906802721088432,0.9099999999999999,False,True,Mixtral-8x7B-v0.1|s0
RedHatAI/Mixtral-8x7B-v0.1-quantized.w4a16,mistral,Mixtral-8x7B-v0.1,w4a16,arc_challenge,66.55,65.61,-0.94,-0.6008823529411764,-2.05,0.848235294117647,False,True,Mixtral-8x7B-v0.1|s1
RedHatAI/Mixtral-8x7B-v0.1-quantized.w4a16,mistral,Mixtral-8x7B-v0.1,w4a16,gsm8k,59.89,58.07,-1.82,-0.6008823529411764,-2.05,0.848235294117647,False,True,Mixtral-8x7B-v0.1|s1
RedHatAI/Mixtral-8x7B-v0.1-quantized.w4a16,mistral,Mixtral-8x7B-v0.1,w4a16,hellaswag,86.65,85.21,-1.44,-0.6008823529411764,-2.05,0.848235294117647,False,True,Mixtral-8x7B-v0.1|s1
RedHatAI/Mixtral-8x7B-v0.1-quantized.w4a16,mistral,Mixtral-8x7B-v0.1,w4a16,mmlu,70.33,69.23,-1.1,-0.6008823529411764,-2.05,0.848235294117647,False,True,Mixtral-8x7B-v0.1|s1
RedHatAI/Mixtral-8x7B-v0.1-quantized.w4a16,mistral,Mixtral-8x7B-v0.1,w4a16,truthfulqa,46.65,47.18,0.53,-0.6008823529411764,-2.05,0.848235294117647,False,True,Mixtral-8x7B-v0.1|s1
RedHatAI/Mixtral-8x7B-v0.1-quantized.w4a16,mistral,Mixtral-8x7B-v0.1,w4a16,winogrande,81.45,81.14,-0.31,-0.6008823529411764,-2.05,0.848235294117647,False,True,Mixtral-8x7B-v0.1|s1
RedHatAI/Mixtral-8x7B-v0.1-quantized.w4a16,mistral,Mixtral-8x7B-v0.1,w4a16,arc_challenge,66.55,65.61,-0.94,-0.6029629629629629,-2.069122962962963,0.863197037037037,False,True,Mixtral-8x7B-v0.1|s2
RedHatAI/Mixtral-8x7B-v0.1-quantized.w4a16,mistral,Mixtral-8x7B-v0.1,w4a16,gsm8k,59.89,58.07,-1.82,-0.6029629629629629,-2.069122962962963,0.863197037037037,False,True,Mixtral-8x7B-v0.1|s2
RedHatAI/Mixtral-8x7B-v0.1-quantized.w4a16,mistral,Mixtral-8x7B-v0.1,w4a16,hellaswag,86.65,85.21,-1.44,-0.6029629629629629,-2.069122962962963,0.863197037037037,False,True,Mixtral-8x7B-v0.1|s2
RedHatAI/Mixtral-8x7B-v0.1-quantized.w4a16,mistral,Mixtral-8x7B-v0.1,w4a16,mmlu,70.33,69.23,-1.1,-0.6029629629629629,-2.069122962962963,0.863197037037037,False,True,Mixtral-8x7B-v0.1|s2
RedHatAI/Mixtral-8x7B-v0.1-quantized.w4a16,mistral,Mixtral-8x7B-v0.1,w4a16,truthfulqa,46.65,47.18,0.53,-0.6029629629629629,-2.069122962962963,0.863197037037037,False,True,Mixtral-8x7B-v0.1|s2
RedHatAI/Mixtral-8x7B-v0.1-quantized.w4a16,mistral,Mixtral-8x7B-v0.1,w4a16,winogrande,81.45,81.14,-0.31,-0.6029629629629629,-2.069122962962963,0.863197037037037,False,True,Mixtral-8x7B-v0.1|s2
RedHatAI/Mixtral-8x7B-v0.1-quantized.w4a16,mistral,Mixtral-8x7B-v0.1,w4a16,arc_challenge,66.55,65.61,-0.94,-0.7239370078740157,-2.0,0.5521259842519686,False,True,Mixtral-8x7B-v0.1|s3
RedHatAI/Mixtral-8x7B-v0.1-quantized.w4a16,mistral,Mixtral-8x7B-v0.1,w4a16,gsm8k,59.89,58.07,-1.82,-0.7239370078740157,-2.0,0.5521259842519686,False,True,Mixtral-8x7B-v0.1|s3
RedHatAI/Mixtral-8x7B-v0.1-quantized.w4a16,mistral,Mixtral-8x7B-v0.1,w4a16,hellaswag,86.65,85.21,-1.44,-0.7239370078740157,-2.0,0.5521259842519686,False,True,Mixtral-8x7B-v0.1|s3
RedHatAI/Mixtral-8x7B-v0.1-quantized.w4a16,mistral,Mixtral-8x7B-v0.1,w4a16,mmlu,70.33,69.23,-1.1,-0.7239370078740157,-2.0,0.5521259842519686,False,True,Mixtral-8x7B-v0.1|s3
RedHatAI/Mixtral-8x7B-v0.1-quantized.w4a16,mistral,Mixtral-8x7B-v0.1,w4a16,truthfulqa,46.65,47.18,0.53,-0.7239370078740157,-2.0,0.5521259842519686,False,True,Mixtral-8x7B-v0.1|s3
RedHatAI/Mixtral-8x7B-v0.1-quantized.w4a16,mistral,Mixtral-8x7B-v0.1,w4a16,winogrande,81.45,81.14,-0.31,-0.7239370078740157,-2.0,0.5521259842519686,False,True,Mixtral-8x7B-v0.1|s3
RedHatAI/Mixtral-8x7B-v0.1-quantized.w4a16,mistral,Mixtral-8x7B-v0.1,w4a16,arc_challenge,66.55,65.61,-0.94,-0.6619727891156463,-2.05,0.7260544217687074,False,True,Mixtral-8x7B-v0.1|s4
RedHatAI/Mixtral-8x7B-v0.1-quantized.w4a16,mistral,Mixtral-8x7B-v0.1,w4a16,gsm8k,59.89,58.07,-1.82,-0.6619727891156463,-2.05,0.7260544217687074,False,True,Mixtral-8x7B-v0.1|s4
RedHatAI/Mixtral-8x7B-v0.1-quantized.w4a16,mistral,Mixtral-8x7B-v0.1,w4a16,hellaswag,86.65,85.21,-1.44,-0.6619727891156463,-2.05,0.7260544217687074,False,True,Mixtral-8x7B-v0.1|s4
RedHatAI/Mixtral-8x7B-v0.1-quantized.w4a16,mistral,Mixtral-8x7B-v0.1,w4a16,mmlu,70.33,69.23,-1.1,-0.6619727891156463,-2.05,0.7260544217687074,False,True,Mixtral-8x7B-v0.1|s4
RedHatAI/Mixtral-8x7B-v0.1-quantized.w4a16,mistral,Mixtral-8x7B-v0.1,w4a16,truthfulqa,46.65,47.18,0.53,-0.6619727891156463,-2.05,0.7260544217687074,False,True,Mixtral-8x7B-v0.1|s4
RedHatAI/Mixtral-8x7B-v0.1-quantized.w4a16,mistral,Mixtral-8x7B-v0.1,w4a16,winogrande,81.45,81.14,-0.31,-0.6619727891156463,-2.05,0.7260544217687074,False,True,Mixtral-8x7B-v0.1|s4
RedHatAI/Qwen2.5-0.5B-FP8-dynamic,qwen2.5,Qwen2.5-0.5B,fp8_dynamic,mmlu,47.57,47.1,-0.47,-0.022684563758389262,-2.412055193129018,2.3666860656122397,False,True,Qwen2.5-0.5B|s0
RedHatAI/Qwen2.5-0.5B-FP8-dynamic,qwen2.5,Qwen2.5-0.5B,fp8_dynamic,arc_challenge,34.9,33.87,-1.03,-0.022684563758389262,-2.412055193129018,2.3666860656122397,False,True,Qwen2.5-0.5B|s0
RedHatAI/Qwen2.5-0.5B-FP8-dynamic,qwen2.5,Qwen2.5-0.5B,fp8_dynamic,gsm8k,34.19,34.65,0.46,-0.022684563758389262,-2.412055193129018,2.3666860656122397,False,True,Qwen2.5-0.5B|s0
RedHatAI/Qwen2.5-0.5B-FP8-dynamic,qwen2.5,Qwen2.5-0.5B,fp8_dynamic,hellaswag,51.83,51.31,-0.52,-0.022684563758389262,-2.412055193129018,2.3666860656122397,False,True,Qwen2.5-0.5B|s0
RedHatAI/Qwen2.5-0.5B-FP8-dynamic,qwen2.5,Qwen2.5-0.5B,fp8_dynamic,winogrande,55.8,55.56,-0.24,-0.022684563758389262,-2.412055193129018,2.3666860656122397,False,True,Qwen2.5-0.5B|s0
RedHatAI/Qwen2.5-0.5B-FP8-dynamic,qwen2.5,Qwen2.5-0.5B,fp8_dynamic,truthfulqa,39.9,40.44,0.54,-0.022684563758389262,-2.412055193129018,2.3666860656122397,False,True,Qwen2.5-0.5B|s0
RedHatAI/Qwen2.5-0.5B-quantized.w4a16,qwen2.5,Qwen2.5-0.5B,w4a16,mmlu,47.57,45.04,-2.53,-0.7368421052631579,-3.126212734633787,1.652528524107471,False,True,Qwen2.5-0.5B|s0
RedHatAI/Qwen2.5-0.5B-quantized.w4a16,qwen2.5,Qwen2.5-0.5B,w4a16,gsm8k,34.19,27.98,-6.21,-0.7368421052631579,-3.126212734633787,1.652528524107471,False,False,Qwen2.5-0.5B|s0
RedHatAI/Qwen2.5-0.5B-quantized.w4a16,qwen2.5,Qwen2.5-0.5B,w4a16,hellaswag,51.83,49.15,-2.68,-0.7368421052631579,-3.126212734633787,1.652528524107471,False,True,Qwen2.5-0.5B|s0
RedHatAI/Qwen2.5-0.5B-quantized.w4a16,qwen2.5,Qwen2.5-0.5B,w4a16,winogrande,55.8,53.75,-2.05,-0.7368421052631579,-3.126212734633787,1.652528524107471,False,True,Qwen2.5-0.5B|s0
RedHatAI/Qwen2.5-0.5B-quantized.w4a16,qwen2.5,Qwen2.5-0.5B,w4a16,truthfulqa,39.9,38.89,-1.01,-0.7368421052631579,-3.126212734633787,1.652528524107471,False,True,Qwen2.5-0.5B|s0
RedHatAI/Qwen2.5-0.5B-quantized.w8a16,qwen2.5,Qwen2.5-0.5B,w8a16,mmlu,47.57,47.81,0.24,-0.0776470588235294,-2.4670176881941583,2.3117235705470995,False,True,Qwen2.5-0.5B|s0
RedHatAI/Qwen2.5-0.5B-quantized.w8a16,qwen2.5,Qwen2.5-0.5B,w8a16,arc_challenge,34.9,34.9,0.0,-0.0776470588235294,-2.4670176881941583,2.3117235705470995,False,True,Qwen2.5-0.5B|s0
RedHatAI/Qwen2.5-0.5B-quantized.w8a16,qwen2.5,Qwen2.5-0.5B,w8a16,gsm8k,34.19,33.51,-0.68,-0.0776470588235294,-2.4670176881941583,2.3117235705470995,False,True,Qwen2.5-0.5B|s0
RedHatAI/Qwen2.5-0.5B-quantized.w8a16,qwen2.5,Qwen2.5-0.5B,w8a16,hellaswag,51.83,51.78,-0.05,-0.0776470588235294,-2.4670176881941583,2.3117235705470995,False,True,Qwen2.5-0.5B|s0
RedHatAI/Qwen2.5-0.5B-quantized.w8a16,qwen2.5,Qwen2.5-0.5B,w8a16,winogrande,55.8,55.49,-0.31,-0.0776470588235294,-2.4670176881941583,2.3117235705470995,False,True,Qwen2.5-0.5B|s0
RedHatAI/Qwen2.5-0.5B-quantized.w8a16,qwen2.5,Qwen2.5-0.5B,w8a16,truthfulqa,39.9,39.71,-0.19,-0.0776470588235294,-2.4670176881941583,2.3117235705470995,False,True,Qwen2.5-0.5B|s0
RedHatAI/Qwen2.5-0.5B-quantized.w8a8,qwen2.5,Qwen2.5-0.5B,w8a8_int,mmlu,47.57,47.35,-0.22,-0.3793706293706294,-2.768741258741258,2.01,False,True,Qwen2.5-0.5B|s0
RedHatAI/Qwen2.5-0.5B-quantized.w8a8,qwen2.5,Qwen2.5-0.5B,w8a8_int,arc_challenge,34.9,34.47,-0.43,-0.3793706293706294,-2.768741258741258,2.01,False,True,Qwen2.5-0.5B|s0
RedHatAI/Qwen2.5-0.5B-quantized.w8a8,qwen2.5,Qwen2.5-0.5B,w8a8_int,gsm8k,34.19,34.19,0.0,-0.3793706293706294,-2.768741258741258,2.01,False,True,Qwen2.5-0.5B|s0
RedHatAI/Qwen2.5-0.5B-quantized.w8a8,qwen2.5,Qwen2.5-0.5B,w8a8_int,hellaswag,51.83,51.63,-0.2,-0.3793706293706294,-2.768741258741258,2.01,False,True,Qwen2.5-0.5B|s0
RedHatAI/Qwen2.5-0.5B-quantized.w8a8,qwen2.5,Qwen2.5-0.5B,w8a8_int,winogrande,55.8,55.64,-0.16,-0.3793706293706294,-2.768741258741258,2.01,False,True,Qwen2.5-0.5B|s0
RedHatAI/Qwen2.5-0.5B-quantized.w8a8,qwen2.5,Qwen2.5-0.5B,w8a8_int,truthfulqa,39.9,40.32,0.42,-0.3793706293706294,-2.768741258741258,2.01,False,True,Qwen2.5-0.5B|s0
RedHatAI/Qwen2.5-0.5B-FP8-dynamic,qwen2.5,Qwen2.5-0.5B,fp8_dynamic,mmlu,47.57,47.1,-0.47,0.0006060606060606082,-1.47991118077325,1.481123301985371,False,True,Qwen2.5-0.5B|s1
RedHatAI/Qwen2.5-0.5B-FP8-dynamic,qwen2.5,Qwen2.5-0.5B,fp8_dynamic,arc_challenge,34.9,33.87,-1.03,0.0006060606060606082,-1.47991118077325,1.481123301985371,False,True,Qwen2.5-0.5B|s1
RedHatAI/Qwen2.5-0.5B-FP8-dynamic,qwen2.5,Qwen2.5-0.5B,fp8_dynamic,gsm8k,34.19,34.65,0.46,0.0006060606060606082,-1.47991118077325,1.481123301985371,False,True,Qwen2.5-0.5B|s1
RedHatAI/Qwen2.5-0.5B-FP8-dynamic,qwen2.5,Qwen2.5-0.5B,fp8_dynamic,hellaswag,51.83,51.31,-0.52,0.0006060606060606082,-1.47991118077325,1.481123301985371,False,True,Qwen2.5-0.5B|s1
RedHatAI/Qwen2.5-0.5B-FP8-dynamic,qwen2.5,Qwen2.5-0.5B,fp8_dynamic,winogrande,55.8,55.56,-0.24,0.0006060606060606082,-1.47991118077325,1.481123301985371,False,True,Qwen2.5-0.5B|s1
RedHatAI/Qwen2.5-0.5B-FP8-dynamic,qwen2.5,Qwen2.5-0.5B,fp8_dynamic,truthfulqa,39.9,40.44,0.54,0.0006060606060606082,-1.47991118077325,1.481123301985371,False,True,Qwen2.5-0.5B|s1
RedHatAI/Qwen2.5-0.5B-quantized.w4a16,qwen2.5,Qwen2.5-0.5B,w4a16,mmlu,47.57,45.04,-2.53,-0.5805172413793104,-2.061034482758621,0.9,False,False,Qwen2.5-0.5B|s1
RedHatAI/Qwen2.5-0.5B-quantized.w4a16,qwen2.5,Qwen2.5-0.5B,w4a16,gsm8k,34.19,27.98,-6.21,-0.5805172413793104,-2.061034482758621,0.9,False,False,Qwen2.5-0.5B|s1
RedHatAI/Qwen2.5-0.5B-quantized.w4a16,qwen2.5,Qwen2.5-0.5B,w4a16,hellaswag,51.83,49.15,-2.68,-0.5805172413793104,-2.061034482758621,0.9,False,False,Qwen2.5-0.5B|s1
RedHatAI/Qwen2.5-0.5B-quantized.w4a16,qwen2.5,Qwen2.5-0.5B,w4a16,winogrande,55.8,53.75,-2.05,-0.5805172413793104,-2.061034482758621,0.9,False,True,Qwen2.5-0.5B|s1
RedHatAI/Qwen2.5-0.5B-quantized.w4a16,qwen2.5,Qwen2.5-0.5B,w4a16,truthfulqa,39.9,38.89,-1.01,-0.5805172413793104,-2.061034482758621,0.9,False,True,Qwen2.5-0.5B|s1
RedHatAI/Qwen2.5-0.5B-quantized.w8a16,qwen2.5,Qwen2.5-0.5B,w8a16,mmlu,47.57,47.81,0.24,0.013469387755102041,-1.4670478536242084,1.4939866291344124,False,True,Qwen2.5-0.5B|s1
RedHatAI/Qwen2.5-0.5B-quantized.w8a16,qwen2.5,Qwen2.5-0.5B,w8a16,arc_challenge,34.9,34.9,0.0,0.013469387755102041,-1.4670478536242084,1.4939866291344124,False,True,Qwen2.5-0.5B|s1
RedHatAI/Qwen2.5-0.5B-quantized.w8a16,qwen2.5,Qwen2.5-0.5B,w8a16,gsm8k,34.19,33.51,-0.68,0.013469387755102041,-1.4670478536242084,1.4939866291344124,False,True,Qwen2.5-0.5B|s1
RedHatAI/Qwen2.5-0.5B-quantized.w8a16,qwen2.5,Qwen2.5-0.5B,w8a16,hellaswag,51.83,51.78,-0.05,0.013469387755102041,-1.4670478536242084,1.4939866291344124,False,True,Qwen2.5-0.5B|s1
RedHatAI/Qwen2.5-0.5B-quantized.w8a16,qwen2.5,Qwen2.5-0.5B,w8a16,winogrande,55.8,55.49,-0.31,0.013469387755102041,-1.4670478536242084,1.4939866291344124,False,True,Qwen2.5-0.5B|s1
RedHatAI/Qwen2.5-0.5B-quantized.w8a16,qwen2.5,Qwen2.5-0.5B,w8a16,truthfulqa,39.9,39.71,-0.19,0.013469387755102041,-1.4670478536242084,1.4939866291344124,False,True,Qwen2.5-0.5B|s1
RedHatAI/Qwen2.5-0.5B-quantized.w8a8,qwen2.5,Qwen2.5-0.5B,w8a8_int,mmlu,47.57,47.35,-0.22,-0.27893129770992364,-1.759448539089234,1.2015859436693868,False,True,Qwen2.5-0.5B|s1
RedHatAI/Qwen2.5-0.5B-quantized.w8a8,qwen2.5,Qwen2.5-0.5B,w8a8_int,arc_challenge,34.9,34.47,-0.43,-0.27893129770992364,-1.759448539089234,1.2015859436693868,False,True,Qwen2.5-0.5B|s1
RedHatAI/Qwen2.5-0.5B-quantized.w8a8,qwen2.5,Qwen2.5-0.5B,w8a8_int,gsm8k,34.19,34.19,0.0,-0.27893129770992364,-1.759448539089234,1.2015859436693868,False,True,Qwen2.5-0.5B|s1
RedHatAI/Qwen2.5-0.5B-quantized.w8a8,qwen2.5,Qwen2.5-0.5B,w8a8_int,hellaswag,51.83,51.63,-0.2,-0.27893129770992364,-1.759448539089234,1.2015859436693868,False,True,Qwen2.5-0.5B|s1
RedHatAI/Qwen2.5-0.5B-quantized.w8a8,qwen2.5,Qwen2.5-0.5B,w8a8_int,winogrande,55.8,55.64,-0.16,-0.27893129770992364,-1.759448539089234,1.2015859436693868,False,True,Qwen2.5-0.5B|s1
RedHatAI/Qwen2.5-0.5B-quantized.w8a8,qwen2.5,Qwen2.5-0.5B,w8a8_int,truthfulqa,39.9,40.32,0.42,-0.27893129770992364,-1.759448539089234,1.2015859436693868,False,True,Qwen2.5-0.5B|s1
RedHatAI/Qwen2.5-0.5B-FP8-dynamic,qwen2.5,Qwen2.5-0.5B,fp8_dynamic,mmlu,47.57,47.1,-0.47,0.06566176470588235,-1.7738235294117646,1.9051470588235293,False,True,Qwen2.5-0.5B|s2
RedHatAI/Qwen2.5-0.5B-FP8-dynamic,qwen2.5,Qwen2.5-0.5B,fp8_dynamic,arc_challenge,34.9,33.87,-1.03,0.06566176470588235,-1.7738235294117646,1.9051470588235293,False,True,Qwen2.5-0.5B|s2
RedHatAI/Qwen2.5-0.5B-FP8-dynamic,qwen2.5,Qwen2.5-0.5B,fp8_dynamic,gsm8k,34.19,34.65,0.46,0.06566176470588235,-1.7738235294117646,1.9051470588235293,False,True,Qwen2.5-0.5B|s2
RedHatAI/Qwen2.5-0.5B-FP8-dynamic,qwen2.5,Qwen2.5-0.5B,fp8_dynamic,hellaswag,51.83,51.31,-0.52,0.06566176470588235,-1.7738235294117646,1.9051470588235293,False,True,Qwen2.5-0.5B|s2
RedHatAI/Qwen2.5-0.5B-FP8-dynamic,qwen2.5,Qwen2.5-0.5B,fp8_dynamic,winogrande,55.8,55.56,-0.24,0.06566176470588235,-1.7738235294117646,1.9051470588235293,False,True,Qwen2.5-0.5B|s2
RedHatAI/Qwen2.5-0.5B-FP8-dynamic,qwen2.5,Qwen2.5-0.5B,fp8_dynamic,truthfulqa,39.9,40.44,0.54,0.06566176470588235,-1.7738235294117646,1.9051470588235293,False,True,Qwen2.5-0.5B|s2
RedHatAI/Qwen2.5-0.5B-quantized.w4a16,qwen2.5,Qwen2.5-0.5B,w4a16,mmlu,47.57,45.04,-2.53,-0.7424603174603175,-2.5819456115779644,1.0970249766573295,False,True,Qwen2.5-0.5B|s2
RedHatAI/Qwen2.5-0.5B-quantized.w4a16,qwen2.5,Qwen2.5-0.5B,w4a16,gsm8k,34.19,27.98,-6.21,-0.7424603174603175,-2.5819456115779644,1.0970249766573295,False,False,Qwen2.5-0.5B|s2
RedHatAI/Qwen2.5-0.5B-quantized.w4a16,qwen2.5,Qwen2.5-0.5B,w4a16,hellaswag,51.83,49.15,-2.68,-0.7424603174603175,-2.5819456115779644,1.0970249766573295,False,False,Qwen2.5-0.5B|s2
RedHatAI/Qwen2.5-0.5B-quantized.w4a16,qwen2.5,Qwen2.5-0.5B,w4a16,winogrande,55.8,53.75,-2.05,-0.7424603174603175,-2.5819456115779644,1.0970249766573295,False,True,Qwen2.5-0.5B|s2
RedHatAI/Qwen2.5-0.5B-quantized.w4a16,qwen2.5,Qwen2.5-0.5B,w4a16,truthfulqa,39.9,38.89,-1.01,-0.7424603174603175,-2.5819456115779644,1.0970249766573295,False,True,Qwen2.5-0.5B|s2
RedHatAI/Qwen2.5-0.5B-quantized.w8a16,qwen2.5,Qwen2.5-0.5B,w8a16,mmlu,47.57,47.81,0.24,-0.11614035087719297,-1.95562564499484,1.723344943240454,False,True,Qwen2.5-0.5B|s2
RedHatAI/Qwen2.5-0.5B-quantized.w8a16,qwen2.5,Qwen2.5-0.5B,w8a16,arc_challenge,34.9,34.9,0.0,-0.11614035087719297,-1.95562564499484,1.723344943240454,False,True,Qwen2.5-0.5B|s2
RedHatAI/Qwen2.5-0.5B-quantized.w8a16,qwen2.5,Qwen2.5-0.5B,w8a16,gsm8k,34.19,33.51,-0.68,-0.11614035087719297,-1.95562564499484,1.723344943240454,False,True,Qwen2.5-0.5B|s2
RedHatAI/Qwen2.5-0.5B-quantized.w8a16,qwen2.5,Qwen2.5-0.5B,w8a16,hellaswag,51.83,51.78,-0.05,-0.11614035087719297,-1.95562564499484,1.723344943240454,False,True,Qwen2.5-0.5B|s2
RedHatAI/Qwen2.5-0.5B-quantized.w8a16,qwen2.5,Qwen2.5-0.5B,w8a16,winogrande,55.8,55.49,-0.31,-0.11614035087719297,-1.95562564499484,1.723344943240454,False,True,Qwen2.5-0.5B|s2
RedHatAI/Qwen2.5-0.5B-quantized.w8a16,qwen2.5,Qwen2.5-0.5B,w8a16,truthfulqa,39.9,39.71,-0.19,-0.11614035087719297,-1.95562564499484,1.723344943240454,False,True,Qwen2.5-0.5B|s2
RedHatAI/Qwen2.5-0.5B-quantized.w8a8,qwen2.5,Qwen2.5-0.5B,w8a8_int,mmlu,47.57,47.35,-0.22,-0.33948529411764705,-2.178970588235294,1.5,False,True,Qwen2.5-0.5B|s2
RedHatAI/Qwen2.5-0.5B-quantized.w8a8,qwen2.5,Qwen2.5-0.5B,w8a8_int,arc_challenge,34.9,34.47,-0.43,-0.33948529411764705,-2.178970588235294,1.5,False,True,Qwen2.5-0.5B|s2
RedHatAI/Qwen2.5-0.5B-quantized.w8a8,qwen2.5,Qwen2.5-0.5B,w8a8_int,gsm8k,34.19,34.19,0.0,-0.33948529411764705,-2.178970588235294,1.5,False,True,Qwen2.5-0.5B|s2
RedHatAI/Qwen2.5-0.5B-quantized.w8a8,qwen2.5,Qwen2.5-0.5B,w8a8_int,hellaswag,51.83,51.63,-0.2,-0.33948529411764705,-2.178970588235294,1.5,False,True,Qwen2.5-0.5B|s2
RedHatAI/Qwen2.5-0.5B-quantized.w8a8,qwen2.5,Qwen2.5-0.5B,w8a8_int,winogrande,55.8,55.64,-0.16,-0.33948529411764705,-2.178970588235294,1.5,False,True,Qwen2.5-0.5B|s2
RedHatAI/Qwen2.5-0.5B-quantized.w8a8,qwen2.5,Qwen2.5-0.5B,w8a8_int,truthfulqa,39.9,40.32,0.42,-0.33948529411764705,-2.178970588235294,1.5,False,True,Qwen2.5-0.5B|s2
RedHatAI/Qwen2.5-0.5B-FP8-dynamic,qwen2.5,Qwen2.5-0.5B,fp8_dynamic,mmlu,47.57,47.1,-0.47,-0.04472222222222223,-1.9894444444444446,1.9,False,True,Qwen2.5-0.5B|s3
RedHatAI/Qwen2.5-0.5B-FP8-dynamic,qwen2.5,Qwen2.5-0.5B,fp8_dynamic,arc_challenge,34.9,33.87,-1.03,-0.04472222222222223,-1.9894444444444446,1.9,False,True,Qwen2.5-0.5B|s3
RedHatAI/Qwen2.5-0.5B-FP8-dynamic,qwen2.5,Qwen2.5-0.5B,fp8_dynamic,gsm8k,34.19,34.65,0.46,-0.04472222222222223,-1.9894444444444446,1.9,False,True,Qwen2.5-0.5B|s3
RedHatAI/Qwen2.5-0.5B-FP8-dynamic,qwen2.5,Qwen2.5-0.5B,fp8_dynamic,hellaswag,51.83,51.31,-0.52,-0.04472222222222223,-1.9894444444444446,1.9,False,True,Qwen2.5-0.5B|s3
RedHatAI/Qwen2.5-0.5B-FP8-dynamic,qwen2.5,Qwen2.5-0.5B,fp8_dynamic,winogrande,55.8,55.56,-0.24,-0.04472222222222223,-1.9894444444444446,1.9,False,True,Qwen2.5-0.5B|s3
RedHatAI/Qwen2.5-0.5B-FP8-dynamic,qwen2.5,Qwen2.5-0.5B,fp8_dynamic,truthfulqa,39.9,40.44,0.54,-0.04472222222222223,-1.9894444444444446,1.9,False,True,Qwen2.5-0.5B|s3
RedHatAI/Qwen2.5-0.5B-quantized.w4a16,qwen2.5,Qwen2.5-0.5B,w4a16,mmlu,47.57,45.04,-2.53,-0.7022307692307693,-2.6469529914529915,1.242491452991453,False,True,Qwen2.5-0.5B|s3
RedHatAI/Qwen2.5-0.5B-quantized.w4a16,qwen2.5,Qwen2.5-0.5B,w4a16,gsm8k,34.19,27.98,-6.21,-0.7022307692307693,-2.6469529914529915,1.242491452991453,False,False,Qwen2.5-0.5B|s3
RedHatAI/Qwen2.5-0.5B-quantized.w4a16,qwen2.5,Qwen2.5-0.5B,w4a16,hellaswag,51.83,49.15,-2.68,-0.7022307692307693,-2.6469529914529915,1.242491452991453,False,False,Qwen2.5-0.5B|s3
RedHatAI/Qwen2.5-0.5B-quantized.w4a16,qwen2.5,Qwen2.5-0.5B,w4a16,winogrande,55.8,53.75,-2.05,-0.7022307692307693,-2.6469529914529915,1.242491452991453,False,True,Qwen2.5-0.5B|s3
RedHatAI/Qwen2.5-0.5B-quantized.w4a16,qwen2.5,Qwen2.5-0.5B,w4a16,truthfulqa,39.9,38.89,-1.01,-0.7022307692307693,-2.6469529914529915,1.242491452991453,False,True,Qwen2.5-0.5B|s3
RedHatAI/Qwen2.5-0.5B-quantized.w8a16,qwen2.5,Qwen2.5-0.5B,w8a16,mmlu,47.57,47.81,0.24,0.0626,-1.8821222222222223,2.0073222222222222,False,True,Qwen2.5-0.5B|s3
RedHatAI/Qwen2.5-0.5B-quantized.w8a16,qwen2.5,Qwen2.5-0.5B,w8a16,arc_challenge,34.9,34.9,0.0,0.0626,-1.8821222222222223,2.0073222222222222,False,True,Qwen2.5-0.5B|s3
RedHatAI/Qwen2.5-0.5B-quantized.w8a16,qwen2.5,Qwen2.5-0.5B,w8a16,gsm8k,34.19,33.51,-0.68,0.0626,-1.8821222222222223,2.0073222222222222,False,True,Qwen2.5-0.5B|s3
RedHatAI/Qwen2.5-0.5B-quantized.w8a16,qwen2.5,Qwen2.5-0.5B,w8a16,hellaswag,51.83,51.78,-0.05,0.0626,-1.8821222222222223,2.0073222222222222,False,True,Qwen2.5-0.5B|s3
RedHatAI/Qwen2.5-0.5B-quantized.w8a16,qwen2.5,Qwen2.5-0.5B,w8a16,winogrande,55.8,55.49,-0.31,0.0626,-1.8821222222222223,2.0073222222222222,False,True,Qwen2.5-0.5B|s3
RedHatAI/Qwen2.5-0.5B-quantized.w8a16,qwen2.5,Qwen2.5-0.5B,w8a16,truthfulqa,39.9,39.71,-0.19,0.0626,-1.8821222222222223,2.0073222222222222,False,True,Qwen2.5-0.5B|s3
RedHatAI/Qwen2.5-0.5B-quantized.w8a8,qwen2.5,Qwen2.5-0.5B,w8a8_int,mmlu,47.57,47.35,-0.22,-0.2945398773006135,-2.239262099522836,1.6501823449216086,False,True,Qwen2.5-0.5B|s3
RedHatAI/Qwen2.5-0.5B-quantized.w8a8,qwen2.5,Qwen2.5-0.5B,w8a8_int,arc_challenge,34.9,34.47,-0.43,-0.2945398773006135,-2.239262099522836,1.6501823449216086,False,True,Qwen2.5-0.5B|s3
RedHatAI/Qwen2.5-0.5B-quantized.w8a8,qwen2.5,Qwen2.5-0.5B,w8a8_int,gsm8k,34.19,34.19,0.0,-0.2945398773006135,-2.239262099522836,1.6501823449216086,False,True,Qwen2.5-0.5B|s3
RedHatAI/Qwen2.5-0.5B-quantized.w8a8,qwen2.5,Qwen2.5-0.5B,w8a8_int,hellaswag,51.83,51.63,-0.2,-0.2945398773006135,-2.239262099522836,1.6501823449216086,False,True,Qwen2.5-0.5B|s3
RedHatAI/Qwen2.5-0.5B-quantized.w8a8,qwen2.5,Qwen2.5-0.5B,w8a8_int,winogrande,55.8,55.64,-0.16,-0.2945398773006135,-2.239262099522836,1.6501823449216086,False,True,Qwen2.5-0.5B|s3
RedHatAI/Qwen2.5-0.5B-quantized.w8a8,qwen2.5,Qwen2.5-0.5B,w8a8_int,truthfulqa,39.9,40.32,0.42,-0.2945398773006135,-2.239262099522836,1.6501823449216086,False,True,Qwen2.5-0.5B|s3
RedHatAI/Qwen2.5-0.5B-FP8-dynamic,qwen2.5,Qwen2.5-0.5B,fp8_dynamic,mmlu,47.57,47.1,-0.47,-0.03602836879432624,-2.3282505910165483,2.256193853427896,False,True,Qwen2.5-0.5B|s4
RedHatAI/Qwen2.5-0.5B-FP8-dynamic,qwen2.5,Qwen2.5-0.5B,fp8_dynamic,arc_challenge,34.9,33.87,-1.03,-0.03602836879432624,-2.3282505910165483,2.256193853427896,False,True,Qwen2.5-0.5B|s4
RedHatAI/Qwen2.5-0.5B-FP8-dynamic,qwen2.5,Qwen2.5-0.5B,fp8_dynamic,gsm8k,34.19,34.65,0.46,-0.03602836879432624,-2.3282505910165483,2.256193853427896,False,True,Qwen2.5-0.5B|s4
RedHatAI/Qwen2.5-0.5B-FP8-dynamic,qwen2.5,Qwen2.5-0.5B,fp8_dynamic,hellaswag,51.83,51.31,-0.52,-0.03602836879432624,-2.3282505910165483,2.256193853427896,False,True,Qwen2.5-0.5B|s4
RedHatAI/Qwen2.5-0.5B-FP8-dynamic,qwen2.5,Qwen2.5-0.5B,fp8_dynamic,winogrande,55.8,55.56,-0.24,-0.03602836879432624,-2.3282505910165483,2.256193853427896,False,True,Qwen2.5-0.5B|s4
RedHatAI/Qwen2.5-0.5B-FP8-dynamic,qwen2.5,Qwen2.5-0.5B,fp8_dynamic,truthfulqa,39.9,40.44,0.54,-0.03602836879432624,-2.3282505910165483,2.256193853427896,False,True,Qwen2.5-0.5B|s4
RedHatAI/Qwen2.5-0.5B-quantized.w4a16,qwen2.5,Qwen2.5-0.5B,w4a16,mmlu,47.57,45.04,-2.53,-0.6498529411764705,-2.942075163398693,1.6423692810457515,False,True,Qwen2.5-0.5B|s4
RedHatAI/Qwen2.5-0.5B-quantized.w4a16,qwen2.5,Qwen2.5-0.5B,w4a16,gsm8k,34.19,27.98,-6.21,-0.6498529411764705,-2.942075163398693,1.6423692810457515,False,False,Qwen2.5-0.5B|s4
RedHatAI/Qwen2.5-0.5B-quantized.w4a16,qwen2.5,Qwen2.5-0.5B,w4a16,hellaswag,51.83,49.15,-2.68,-0.6498529411764705,-2.942075163398693,1.6423692810457515,False,True,Qwen2.5-0.5B|s4
RedHatAI/Qwen2.5-0.5B-quantized.w4a16,qwen2.5,Qwen2.5-0.5B,w4a16,winogrande,55.8,53.75,-2.05,-0.6498529411764705,-2.942075163398693,1.6423692810457515,False,True,Qwen2.5-0.5B|s4
RedHatAI/Qwen2.5-0.5B-quantized.w4a16,qwen2.5,Qwen2.5-0.5B,w4a16,truthfulqa,39.9,38.89,-1.01,-0.6498529411764705,-2.942075163398693,1.6423692810457515,False,True,Qwen2.5-0.5B|s4
RedHatAI/Qwen2.5-0.5B-quantized.w8a16,qwen2.5,Qwen2.5-0.5B,w8a16,mmlu,47.57,47.81,0.24,-0.0652112676056338,-2.357433489827856,2.2270109546165884,False,True,Qwen2.5-0.5B|s4
RedHatAI/Qwen2.5-0.5B-quantized.w8a16,qwen2.5,Qwen2.5-0.5B,w8a16,arc_challenge,34.9,34.9,0.0,-0.0652112676056338,-2.357433489827856,2.2270109546165884,False,True,Qwen2.5-0.5B|s4
RedHatAI/Qwen2.5-0.5B-quantized.w8a16,qwen2.5,Qwen2.5-0.5B,w8a16,gsm8k,34.19,33.51,-0.68,-0.0652112676056338,-2.357433489827856,2.2270109546165884,False,True,Qwen2.5-0.5B|s4
RedHatAI/Qwen2.5-0.5B-quantized.w8a16,qwen2.5,Qwen2.5-0.5B,w8a16,hellaswag,51.83,51.78,-0.05,-0.0652112676056338,-2.357433489827856,2.2270109546165884,False,True,Qwen2.5-0.5B|s4
RedHatAI/Qwen2.5-0.5B-quantized.w8a16,qwen2.5,Qwen2.5-0.5B,w8a16,winogrande,55.8,55.49,-0.31,-0.0652112676056338,-2.357433489827856,2.2270109546165884,False,True,Qwen2.5-0.5B|s4
RedHatAI/Qwen2.5-0.5B-quantized.w8a16,qwen2.5,Qwen2.5-0.5B,w8a16,truthfulqa,39.9,39.71,-0.19,-0.0652112676056338,-2.357433489827856,2.2270109546165884,False,True,Qwen2.5-0.5B|s4
RedHatAI/Qwen2.5-0.5B-quantized.w8a8,qwen2.5,Qwen2.5-0.5B,w8a8_int,mmlu,47.57,47.35,-0.22,-0.40854014598540145,-2.7007623682076236,1.8836820762368207,False,True,Qwen2.5-0.5B|s4
RedHatAI/Qwen2.5-0.5B-quantized.w8a8,qwen2.5,Qwen2.5-0.5B,w8a8_int,arc_challenge,34.9,34.47,-0.43,-0.40854014598540145,-2.7007623682076236,1.8836820762368207,False,True,Qwen2.5-0.5B|s4
RedHatAI/Qwen2.5-0.5B-quantized.w8a8,qwen2.5,Qwen2.5-0.5B,w8a8_int,gsm8k,34.19,34.19,0.0,-0.40854014598540145,-2.7007623682076236,1.8836820762368207,False,True,Qwen2.5-0.5B|s4
RedHatAI/Qwen2.5-0.5B-quantized.w8a8,qwen2.5,Qwen2.5-0.5B,w8a8_int,hellaswag,51.83,51.63,-0.2,-0.40854014598540145,-2.7007623682076236,1.8836820762368207,False,True,Qwen2.5-0.5B|s4
RedHatAI/Qwen2.5-0.5B-quantized.w8a8,qwen2.5,Qwen2.5-0.5B,w8a8_int,winogrande,55.8,55.64,-0.16,-0.40854014598540145,-2.7007623682076236,1.8836820762368207,False,True,Qwen2.5-0.5B|s4
RedHatAI/Qwen2.5-0.5B-quantized.w8a8,qwen2.5,Qwen2.5-0.5B,w8a8_int,truthfulqa,39.9,40.32,0.42,-0.40854014598540145,-2.7007623682076236,1.8836820762368207,False,True,Qwen2.5-0.5B|s4
RedHatAI/Qwen2.5-0.5B-Instruct-quantized.w8a8,qwen2.5,Qwen2.5-0.5B-Instruct,w8a8_int,mmlu,46.83,46.29,-0.54,-0.3816216216216216,-1.7983623623623624,1.0351191191191194,False,True,Qwen2.5-0.5B-Instruct|s0
RedHatAI/Qwen2.5-0.5B-Instruct-quantized.w8a8,qwen2.5,Qwen2.5-0.5B-Instruct,w8a8_int,arc_challenge,33.62,33.36,-0.26,-0.3816216216216216,-1.7983623623623624,1.0351191191191194,False,True,Qwen2.5-0.5B-Instruct|s0
RedHatAI/Qwen2.5-0.5B-Instruct-quantized.w8a8,qwen2.5,Qwen2.5-0.5B-Instruct,w8a8_int,gsm8k,33.21,33.21,0.0,-0.3816216216216216,-1.7983623623623624,1.0351191191191194,False,True,Qwen2.5-0.5B-Instruct|s0
RedHatAI/Qwen2.5-0.5B-Instruct-quantized.w8a8,qwen2.5,Qwen2.5-0.5B-Instruct,w8a8_int,hellaswag,51.31,50.97,-0.34,-0.3816216216216216,-1.7983623623623624,1.0351191191191194,False,True,Qwen2.5-0.5B-Instruct|s0
RedHatAI/Qwen2.5-0.5B-Instruct-quantized.w8a8,qwen2.5,Qwen2.5-0.5B-Instruct,w8a8_int,winogrande,55.01,55.01,0.0,-0.3816216216216216,-1.7983623623623624,1.0351191191191194,False,True,Qwen2.5-0.5B-Instruct|s0
RedHatAI/Qwen2.5-0.5B-Instruct-quantized.w8a8,qwen2.5,Qwen2.5-0.5B-Instruct,w8a8_int,truthfulqa,41.85,41.47,-0.38,-0.3816216216216216,-1.7983623623623624,1.0351191191191194,False,True,Qwen2.5-0.5B-Instruct|s0
RedHatAI/Qwen2.5-0.5B-Instruct-quantized.w8a8,qwen2.5,Qwen2.5-0.5B-Instruct,w8a8_int,ifeval,31.17,32.04,0.87,-0.3816216216216216,-1.7983623623623624,1.0351191191191194,False,True,Qwen2.5-0.5B-Instruct|s0
RedHatAI/Qwen2.5-0.5B-Instruct-quantized.w8a8,qwen2.5,Qwen2.5-0.5B-Instruct,w8a8_int,bbh,32.79,32.51,-0.28,-0.3816216216216216,-1.7983623623623624,1.0351191191191194,False,True,Qwen2.5-0.5B-Instruct|s0
RedHatAI/Qwen2.5-0.5B-Instruct-quantized.w8a8,qwen2.5,Qwen2.5-0.5B-Instruct,w8a8_int,gpqa_main,25.67,26.12,0.45,-0.3816216216216216,-1.7983623623623624,1.0351191191191194,False,True,Qwen2.5-0.5B-Instruct|s0
RedHatAI/Qwen2.5-0.5B-Instruct-quantized.w8a8,qwen2.5,Qwen2.5-0.5B-Instruct,w8a8_int,musr,33.02,32.75,-0.27,-0.3816216216216216,-1.7983623623623624,1.0351191191191194,False,True,Qwen2.5-0.5B-Instruct|s0
RedHatAI/Qwen2.5-0.5B-Instruct-quantized.w8a8,qwen2.5,Qwen2.5-0.5B-Instruct,w8a8_int,mmlu,46.83,46.29,-0.54,-0.38213740458015266,-1.7958874045801527,1.0316125954198474,False,True,Qwen2.5-0.5B-Instruct|s1
RedHatAI/Qwen2.5-0.5B-Instruct-quantized.w8a8,qwen2.5,Qwen2.5-0.5B-Instruct,w8a8_int,arc_challenge,33.62,33.36,-0.26,-0.38213740458015266,-1.7958874045801527,1.0316125954198474,False,True,Qwen2.5-0.5B-Instruct|s1
RedHatAI/Qwen2.5-0.5B-Instruct-quantized.w8a8,qwen2.5,Qwen2.5-0.5B-Instruct,w8a8_int,gsm8k,33.21,33.21,0.0,-0.38213740458015266,-1.7958874045801527,1.0316125954198474,False,True,Qwen2.5-0.5B-Instruct|s1
RedHatAI/Qwen2.5-0.5B-Instruct-quantized.w8a8,qwen2.5,Qwen2.5-0.5B-Instruct,w8a8_int,hellaswag,51.31,50.97,-0.34,-0.38213740458015266,-1.7958874045801527,1.0316125954198474,False,True,Qwen2.5-0.5B-Instruct|s1
RedHatAI/Qwen2.5-0.5B-Instruct-quantized.w8a8,qwen2.5,Qwen2.5-0.5B-Instruct,w8a8_int,winogrande,55.01,55.01,0.0,-0.38213740458015266,-1.7958874045801527,1.0316125954198474,False,True,Qwen2.5-0.5B-Instruct|s1
RedHatAI/Qwen2.5-0.5B-Instruct-quantized.w8a8,qwen2.5,Qwen2.5-0.5B-Instruct,w8a8_int,truthfulqa,41.85,41.47,-0.38,-0.38213740458015266,-1.7958874045801527,1.0316125954198474,False,True,Qwen2.5-0.5B-Instruct|s1
RedHatAI/Qwen2.5-0.5B-Instruct-quantized.w8a8,qwen2.5,Qwen2.5-0.5B-Instruct,w8a8_int,ifeval,31.17,32.04,0.87,-0.38213740458015266,-1.7958874045801527,1.0316125954198474,False,True,Qwen2.5-0.5B-Instruct|s1
RedHatAI/Qwen2.5-0.5B-Instruct-quantized.w8a8,qwen2.5,Qwen2.5-0.5B-Instruct,w8a8_int,bbh,32.79,32.51,-0.28,-0.38213740458015266,-1.7958874045801527,1.0316125954198474,False,True,Qwen2.5-0.5B-Instruct|s1
RedHatAI/Qwen2.5-0.5B-Instruct-quantized.w8a8,qwen2.5,Qwen2.5-0.5B-Instruct,w8a8_int,gpqa_main,25.67,26.12,0.45,-0.38213740458015266,-1.7958874045801527,1.0316125954198474,False,True,Qwen2.5-0.5B-Instruct|s1
RedHatAI/Qwen2.5-0.5B-Instruct-quantized.w8a8,qwen2.5,Qwen2.5-0.5B-Instruct,w8a8_int,musr,33.02,32.75,-0.27,-0.38213740458015266,-1.7958874045801527,1.0316125954198474,False,True,Qwen2.5-0.5B-Instruct|s1
RedHatAI/Qwen2.5-0.5B-Instruct-quantized.w8a8,qwen2.5,Qwen2.5-0.5B-Instruct,w8a8_int,mmlu,46.83,46.29,-0.54,-0.38224137931034485,-1.9025538793103447,1.1380711206896552,False,True,Qwen2.5-0.5B-Instruct|s2
RedHatAI/Qwen2.5-0.5B-Instruct-quantized.w8a8,qwen2.5,Qwen2.5-0.5B-Instruct,w8a8_int,arc_challenge,33.62,33.36,-0.26,-0.38224137931034485,-1.9025538793103447,1.1380711206896552,False,True,Qwen2.5-0.5B-Instruct|s2
RedHatAI/Qwen2.5-0.5B-Instruct-quantized.w8a8,qwen2.5,Qwen2.5-0.5B-Instruct,w8a8_int,gsm8k,33.21,33.21,0.0,-0.38224137931034485,-1.9025538793103447,1.1380711206896552,False,True,Qwen2.5-0.5B-Instruct|s2
RedHatAI/Qwen2.5-0.5B-Instruct-quantized.w8a8,qwen2.5,Qwen2.5-0.5B-Instruct,w8a8_int,hellaswag,51.31,50.97,-0.34,-0.38224137931034485,-1.9025538793103447,1.1380711206896552,False,True,Qwen2.5-0.5B-Instruct|s2
RedHatAI/Qwen2.5-0.5B-Instruct-quantized.w8a8,qwen2.5,Qwen2.5-0.5B-Instruct,w8a8_int,winogrande,55.01,55.01,0.0,-0.38224137931034485,-1.9025538793103447,1.1380711206896552,False,True,Qwen2.5-0.5B-Instruct|s2
RedHatAI/Qwen2.5-0.5B-Instruct-quantized.w8a8,qwen2.5,Qwen2.5-0.5B-Instruct,w8a8_int,truthfulqa,41.85,41.47,-0.38,-0.38224137931034485,-1.9025538793103447,1.1380711206896552,False,True,Qwen2.5-0.5B-Instruct|s2
RedHatAI/Qwen2.5-0.5B-Instruct-quantized.w8a8,qwen2.5,Qwen2.5-0.5B-Instruct,w8a8_int,ifeval,31.17,32.04,0.87,-0.38224137931034485,-1.9025538793103447,1.1380711206896552,False,True,Qwen2.5-0.5B-Instruct|s2
RedHatAI/Qwen2.5-0.5B-Instruct-quantized.w8a8,qwen2.5,Qwen2.5-0.5B-Instruct,w8a8_int,bbh,32.79,32.51,-0.28,-0.38224137931034485,-1.9025538793103447,1.1380711206896552,False,True,Qwen2.5-0.5B-Instruct|s2
RedHatAI/Qwen2.5-0.5B-Instruct-quantized.w8a8,qwen2.5,Qwen2.5-0.5B-Instruct,w8a8_int,gpqa_main,25.67,26.12,0.45,-0.38224137931034485,-1.9025538793103447,1.1380711206896552,False,True,Qwen2.5-0.5B-Instruct|s2
RedHatAI/Qwen2.5-0.5B-Instruct-quantized.w8a8,qwen2.5,Qwen2.5-0.5B-Instruct,w8a8_int,musr,33.02,32.75,-0.27,-0.38224137931034485,-1.9025538793103447,1.1380711206896552,False,True,Qwen2.5-0.5B-Instruct|s2
RedHatAI/Qwen2.5-0.5B-Instruct-quantized.w8a8,qwen2.5,Qwen2.5-0.5B-Instruct,w8a8_int,mmlu,46.83,46.29,-0.54,-0.31940740740740736,-1.83413468013468,1.1953198653198653,False,True,Qwen2.5-0.5B-Instruct|s3
RedHatAI/Qwen2.5-0.5B-Instruct-quantized.w8a8,qwen2.5,Qwen2.5-0.5B-Instruct,w8a8_int,arc_challenge,33.62,33.36,-0.26,-0.31940740740740736,-1.83413468013468,1.1953198653198653,False,True,Qwen2.5-0.5B-Instruct|s3
RedHatAI/Qwen2.5-0.5B-Instruct-quantized.w8a8,qwen2.5,Qwen2.5-0.5B-Instruct,w8a8_int,gsm8k,33.21,33.21,0.0,-0.31940740740740736,-1.83413468013468,1.1953198653198653,False,True,Qwen2.5-0.5B-Instruct|s3
RedHatAI/Qwen2.5-0.5B-Instruct-quantized.w8a8,qwen2.5,Qwen2.5-0.5B-Instruct,w8a8_int,hellaswag,51.31,50.97,-0.34,-0.31940740740740736,-1.83413468013468,1.1953198653198653,False,True,Qwen2.5-0.5B-Instruct|s3
RedHatAI/Qwen2.5-0.5B-Instruct-quantized.w8a8,qwen2.5,Qwen2.5-0.5B-Instruct,w8a8_int,winogrande,55.01,55.01,0.0,-0.31940740740740736,-1.83413468013468,1.1953198653198653,False,True,Qwen2.5-0.5B-Instruct|s3
RedHatAI/Qwen2.5-0.5B-Instruct-quantized.w8a8,qwen2.5,Qwen2.5-0.5B-Instruct,w8a8_int,truthfulqa,41.85,41.47,-0.38,-0.31940740740740736,-1.83413468013468,1.1953198653198653,False,True,Qwen2.5-0.5B-Instruct|s3
RedHatAI/Qwen2.5-0.5B-Instruct-quantized.w8a8,qwen2.5,Qwen2.5-0.5B-Instruct,w8a8_int,ifeval,31.17,32.04,0.87,-0.31940740740740736,-1.83413468013468,1.1953198653198653,False,True,Qwen2.5-0.5B-Instruct|s3
RedHatAI/Qwen2.5-0.5B-Instruct-quantized.w8a8,qwen2.5,Qwen2.5-0.5B-Instruct,w8a8_int,bbh,32.79,32.51,-0.28,-0.31940740740740736,-1.83413468013468,1.1953198653198653,False,True,Qwen2.5-0.5B-Instruct|s3
RedHatAI/Qwen2.5-0.5B-Instruct-quantized.w8a8,qwen2.5,Qwen2.5-0.5B-Instruct,w8a8_int,gpqa_main,25.67,26.12,0.45,-0.31940740740740736,-1.83413468013468,1.1953198653198653,False,True,Qwen2.5-0.5B-Instruct|s3
RedHatAI/Qwen2.5-0.5B-Instruct-quantized.w8a8,qwen2.5,Qwen2.5-0.5B-Instruct,w8a8_int,musr,33.02,32.75,-0.27,-0.31940740740740736,-1.83413468013468,1.1953198653198653,False,True,Qwen2.5-0.5B-Instruct|s3
RedHatAI/Qwen2.5-0.5B-Instruct-quantized.w8a8,qwen2.5,Qwen2.5-0.5B-Instruct,w8a8_int,mmlu,46.83,46.29,-0.54,-0.22613445378151262,-1.7122689075630253,1.26,False,True,Qwen2.5-0.5B-Instruct|s4
RedHatAI/Qwen2.5-0.5B-Instruct-quantized.w8a8,qwen2.5,Qwen2.5-0.5B-Instruct,w8a8_int,arc_challenge,33.62,33.36,-0.26,-0.22613445378151262,-1.7122689075630253,1.26,False,True,Qwen2.5-0.5B-Instruct|s4
RedHatAI/Qwen2.5-0.5B-Instruct-quantized.w8a8,qwen2.5,Qwen2.5-0.5B-Instruct,w8a8_int,gsm8k,33.21,33.21,0.0,-0.22613445378151262,-1.7122689075630253,1.26,False,True,Qwen2.5-0.5B-Instruct|s4
RedHatAI/Qwen2.5-0.5B-Instruct-quantized.w8a8,qwen2.5,Qwen2.5-0.5B-Instruct,w8a8_int,hellaswag,51.31,50.97,-0.34,-0.22613445378151262,-1.7122689075630253,1.26,False,True,Qwen2.5-0.5B-Instruct|s4
RedHatAI/Qwen2.5-0.5B-Instruct-quantized.w8a8,qwen2.5,Qwen2.5-0.5B-Instruct,w8a8_int,winogrande,55.01,55.01,0.0,-0.22613445378151262,-1.7122689075630253,1.26,False,True,Qwen2.5-0.5B-Instruct|s4
RedHatAI/Qwen2.5-0.5B-Instruct-quantized.w8a8,qwen2.5,Qwen2.5-0.5B-Instruct,w8a8_int,truthfulqa,41.85,41.47,-0.38,-0.22613445378151262,-1.7122689075630253,1.26,False,True,Qwen2.5-0.5B-Instruct|s4
RedHatAI/Qwen2.5-0.5B-Instruct-quantized.w8a8,qwen2.5,Qwen2.5-0.5B-Instruct,w8a8_int,ifeval,31.17,32.04,0.87,-0.22613445378151262,-1.7122689075630253,1.26,False,True,Qwen2.5-0.5B-Instruct|s4
RedHatAI/Qwen2.5-0.5B-Instruct-quantized.w8a8,qwen2.5,Qwen2.5-0.5B-Instruct,w8a8_int,bbh,32.79,32.51,-0.28,-0.22613445378151262,-1.7122689075630253,1.26,False,True,Qwen2.5-0.5B-Instruct|s4
RedHatAI/Qwen2.5-0.5B-Instruct-quantized.w8a8,qwen2.5,Qwen2.5-0.5B-Instruct,w8a8_int,gpqa_main,25.67,26.12,0.45,-0.22613445378151262,-1.7122689075630253,1.26,False,True,Qwen2.5-0.5B-Instruct|s4
RedHatAI/Qwen2.5-0.5B-Instruct-quantized.w8a8,qwen2.5,Qwen2.5-0.5B-Instruct,w8a8_int,musr,33.02,32.75,-0.27,-0.22613445378151262,-1.7122689075630253,1.26,False,True,Qwen2.5-0.5B-Instruct|s4
RedHatAI/Qwen2.5-1.5B-FP8-dynamic,qwen2.5,Qwen2.5-1.5B,fp8_dynamic,mmlu,60.98,60.25,-0.73,0.021595092024539873,-1.5935382413087935,1.636728425357873,False,True,Qwen2.5-1.5B|s0
RedHatAI/Qwen2.5-1.5B-FP8-dynamic,qwen2.5,Qwen2.5-1.5B,fp8_dynamic,arc_challenge,49.66,49.32,-0.34,0.021595092024539873,-1.5935382413087935,1.636728425357873,False,True,Qwen2.5-1.5B|s0
RedHatAI/Qwen2.5-1.5B-FP8-dynamic,qwen2.5,Qwen2.5-1.5B,fp8_dynamic,gsm8k,60.96,60.12,-0.84,0.021595092024539873,-1.5935382413087935,1.636728425357873,False,True,Qwen2.5-1.5B|s0
RedHatAI/Qwen2.5-1.5B-FP8-dynamic,qwen2.5,Qwen2.5-1.5B,fp8_dynamic,hellaswag,67.65,67.49,-0.16,0.021595092024539873,-1.5935382413087935,1.636728425357873,False,True,Qwen2.5-1.5B|s0
RedHatAI/Qwen2.5-1.5B-FP8-dynamic,qwen2.5,Qwen2.5-1.5B,fp8_dynamic,winogrande,65.04,65.98,0.94,0.021595092024539873,-1.5935382413087935,1.636728425357873,False,True,Qwen2.5-1.5B|s0
RedHatAI/Qwen2.5-1.5B-FP8-dynamic,qwen2.5,Qwen2.5-1.5B,fp8_dynamic,truthfulqa,46.57,46.08,-0.49,0.021595092024539873,-1.5935382413087935,1.636728425357873,False,True,Qwen2.5-1.5B|s0
RedHatAI/Qwen2.5-1.5B-quantized.w4a16,qwen2.5,Qwen2.5-1.5B,w4a16,mmlu,60.98,58.93,-2.05,-0.6948666666666667,-2.31,0.9202666666666666,False,True,Qwen2.5-1.5B|s0
RedHatAI/Qwen2.5-1.5B-quantized.w4a16,qwen2.5,Qwen2.5-1.5B,w4a16,arc_challenge,49.66,47.7,-1.96,-0.6948666666666667,-2.31,0.9202666666666666,False,True,Qwen2.5-1.5B|s0
RedHatAI/Qwen2.5-1.5B-quantized.w4a16,qwen2.5,Qwen2.5-1.5B,w4a16,gsm8k,60.96,56.71,-4.25,-0.6948666666666667,-2.31,0.9202666666666666,False,False,Qwen2.5-1.5B|s0
RedHatAI/Qwen2.5-1.5B-quantized.w4a16,qwen2.5,Qwen2.5-1.5B,w4a16,hellaswag,67.65,66.79,-0.86,-0.6948666666666667,-2.31,0.9202666666666666,False,True,Qwen2.5-1.5B|s0
RedHatAI/Qwen2.5-1.5B-quantized.w4a16,qwen2.5,Qwen2.5-1.5B,w4a16,winogrande,65.04,65.51,0.47,-0.6948666666666667,-2.31,0.9202666666666666,False,True,Qwen2.5-1.5B|s0
RedHatAI/Qwen2.5-1.5B-quantized.w4a16,qwen2.5,Qwen2.5-1.5B,w4a16,truthfulqa,46.57,44.49,-2.08,-0.6948666666666667,-2.31,0.9202666666666666,False,True,Qwen2.5-1.5B|s0
RedHatAI/Qwen2.5-1.5B-quantized.w8a16,qwen2.5,Qwen2.5-1.5B,w8a16,mmlu,60.98,61.0,0.02,0.039454545454545444,-1.575678787878788,1.6545878787878787,False,True,Qwen2.5-1.5B|s0
RedHatAI/Qwen2.5-1.5B-quantized.w8a16,qwen2.5,Qwen2.5-1.5B,w8a16,arc_challenge,49.66,50.34,0.68,0.039454545454545444,-1.575678787878788,1.6545878787878787,False,True,Qwen2.5-1.5B|s0
RedHatAI/Qwen2.5-1.5B-quantized.w8a16,qwen2.5,Qwen2.5-1.5B,w8a16,gsm8k,60.96,61.18,0.22,0.039454545454545444,-1.575678787878788,1.6545878787878787,False,True,Qwen2.5-1.5B|s0
RedHatAI/Qwen2.5-1.5B-quantized.w8a16,qwen2.5,Qwen2.5-1.5B,w8a16,hellaswag,67.65,67.64,-0.01,0.039454545454545444,-1.575678787878788,1.6545878787878787,False,True,Qwen2.5-1.5B|s0
RedHatAI/Qwen2.5-1.5B-quantized.w8a16,qwen2.5,Qwen2.5-1.5B,w8a16,winogrande,65.04,65.11,0.07,0.039454545454545444,-1.575678787878788,1.6545878787878787,False,True,Qwen2.5-1.5B|s0
RedHatAI/Qwen2.5-1.5B-quantized.w8a16,qwen2.5,Qwen2.5-1.5B,w8a16,truthfulqa,46.57,46.57,0.0,0.039454545454545444,-1.575678787878788,1.6545878787878787,False,True,Qwen2.5-1.5B|s0
RedHatAI/Qwen2.5-1.5B-quantized.w8a8,qwen2.5,Qwen2.5-1.5B,w8a8_int,mmlu,60.98,60.35,-0.63,-0.34376923076923077,-1.9589025641025641,1.2713641025641025,False,True,Qwen2.5-1.5B|s0
RedHatAI/Qwen2.5-1.5B-quantized.w8a8,qwen2.5,Qwen2.5-1.5B,w8a8_int,arc_challenge,49.66,49.66,0.0,-0.34376923076923077,-1.9589025641025641,1.2713641025641025,False,True,Qwen2.5-1.5B|s0
RedHatAI/Qwen2.5-1.5B-quantized.w8a8,qwen2.5,Qwen2.5-1.5B,w8a8_int,gsm8k,60.96,60.12,-0.84,-0.34376923076923077,-1.9589025641025641,1.2713641025641025,False,True,Qwen2.5-1.5B|s0
RedHatAI/Qwen2.5-1.5B-quantized.w8a8,qwen2.5,Qwen2.5-1.5B,w8a8_int,hellaswag,67.65,67.72,0.07,-0.34376923076923077,-1.9589025641025641,1.2713641025641025,False,True,Qwen2.5-1.5B|s0
RedHatAI/Qwen2.5-1.5B-quantized.w8a8,qwen2.5,Qwen2.5-1.5B,w8a8_int,winogrande,65.04,66.06,1.02,-0.34376923076923077,-1.9589025641025641,1.2713641025641025,False,True,Qwen2.5-1.5B|s0
RedHatAI/Qwen2.5-1.5B-quantized.w8a8,qwen2.5,Qwen2.5-1.5B,w8a8_int,truthfulqa,46.57,46.14,-0.43,-0.34376923076923077,-1.9589025641025641,1.2713641025641025,False,True,Qwen2.5-1.5B|s0
RedHatAI/Qwen2.5-1.5B-FP8-dynamic,qwen2.5,Qwen2.5-1.5B,fp8_dynamic,mmlu,60.98,60.25,-0.73,-0.1524137931034483,-2.50142088530203,2.196593299095133,False,True,Qwen2.5-1.5B|s1
RedHatAI/Qwen2.5-1.5B-FP8-dynamic,qwen2.5,Qwen2.5-1.5B,fp8_dynamic,arc_challenge,49.66,49.32,-0.34,-0.1524137931034483,-2.50142088530203,2.196593299095133,False,True,Qwen2.5-1.5B|s1
RedHatAI/Qwen2.5-1.5B-FP8-dynamic,qwen2.5,Qwen2.5-1.5B,fp8_dynamic,gsm8k,60.96,60.12,-0.84,-0.1524137931034483,-2.50142088530203,2.196593299095133,False,True,Qwen2.5-1.5B|s1
RedHatAI/Qwen2.5-1.5B-FP8-dynamic,qwen2.5,Qwen2.5-1.5B,fp8_dynamic,hellaswag,67.65,67.49,-0.16,-0.1524137931034483,-2.50142088530203,2.196593299095133,False,True,Qwen2.5-1.5B|s1
RedHatAI/Qwen2.5-1.5B-FP8-dynamic,qwen2.5,Qwen2.5-1.5B,fp8_dynamic,winogrande,65.04,65.98,0.94,-0.1524137931034483,-2.50142088530203,2.196593299095133,False,True,Qwen2.5-1.5B|s1
RedHatAI/Qwen2.5-1.5B-FP8-dynamic,qwen2.5,Qwen2.5-1.5B,fp8_dynamic,truthfulqa,46.57,46.08,-0.49,-0.1524137931034483,-2.50142088530203,2.196593299095133,False,True,Qwen2.5-1.5B|s1
RedHatAI/Qwen2.5-1.5B-quantized.w4a16,qwen2.5,Qwen2.5-1.5B,w4a16,mmlu,60.98,58.93,-2.05,-0.6809929078014184,-3.03,1.6680141843971632,False,True,Qwen2.5-1.5B|s1
RedHatAI/Qwen2.5-1.5B-quantized.w4a16,qwen2.5,Qwen2.5-1.5B,w4a16,arc_challenge,49.66,47.7,-1.96,-0.6809929078014184,-3.03,1.6680141843971632,False,True,Qwen2.5-1.5B|s1
RedHatAI/Qwen2.5-1.5B-quantized.w4a16,qwen2.5,Qwen2.5-1.5B,w4a16,gsm8k,60.96,56.71,-4.25,-0.6809929078014184,-3.03,1.6680141843971632,False,False,Qwen2.5-1.5B|s1
RedHatAI/Qwen2.5-1.5B-quantized.w4a16,qwen2.5,Qwen2.5-1.5B,w4a16,hellaswag,67.65,66.79,-0.86,-0.6809929078014184,-3.03,1.6680141843971632,False,True,Qwen2.5-1.5B|s1
RedHatAI/Qwen2.5-1.5B-quantized.w4a16,qwen2.5,Qwen2.5-1.5B,w4a16,winogrande,65.04,65.51,0.47,-0.6809929078014184,-3.03,1.6680141843971632,False,True,Qwen2.5-1.5B|s1
RedHatAI/Qwen2.5-1.5B-quantized.w4a16,qwen2.5,Qwen2.5-1.5B,w4a16,truthfulqa,46.57,44.49,-2.08,-0.6809929078014184,-3.03,1.6680141843971632,False,True,Qwen2.5-1.5B|s1
RedHatAI/Qwen2.5-1.5B-quantized.w8a16,qwen2.5,Qwen2.5-1.5B,w8a16,mmlu,60.98,61.0,0.02,-0.13647058823529412,-2.485477680433876,2.212536503963287,False,True,Qwen2.5-1.5B|s1
RedHatAI/Qwen2.5-1.5B-quantized.w8a16,qwen2.5,Qwen2.5-1.5B,w8a16,arc_challenge,49.66,50.34,0.68,-0.13647058823529412,-2.485477680433876,2.212536503963287,False,True,Qwen2.5-1.5B|s1
RedHatAI/Qwen2.5-1.5B-quantized.w8a16,qwen2.5,Qwen2.5-1.5B,w8a16,gsm8k,60.96,61.18,0.22,-0.13647058823529412,-2.485477680433876,2.212536503963287,False,True,Qwen2.5-1.5B|s1
RedHatAI/Qwen2.5-1.5B-quantized.w8a16,qwen2.5,Qwen2.5-1.5B,w8a16,hellaswag,67.65,67.64,-0.01,-0.13647058823529412,-2.485477680433876,2.212536503963287,False,True,Qwen2.5-1.5B|s1
RedHatAI/Qwen2.5-1.5B-quantized.w8a16,qwen2.5,Qwen2.5-1.5B,w8a16,winogrande,65.04,65.11,0.07,-0.13647058823529412,-2.485477680433876,2.212536503963287,False,True,Qwen2.5-1.5B|s1
RedHatAI/Qwen2.5-1.5B-quantized.w8a16,qwen2.5,Qwen2.5-1.5B,w8a16,truthfulqa,46.57,46.57,0.0,-0.13647058823529412,-2.485477680433876,2.212536503963287,False,True,Qwen2.5-1.5B|s1
RedHatAI/Qwen2.5-1.5B-quantized.w8a8,qwen2.5,Qwen2.5-1.5B,w8a8_int,mmlu,60.98,60.35,-0.63,-0.34822695035460993,-2.6972340425531915,2.0007801418439715,False,True,Qwen2.5-1.5B|s1
RedHatAI/Qwen2.5-1.5B-quantized.w8a8,qwen2.5,Qwen2.5-1.5B,w8a8_int,arc_challenge,49.66,49.66,0.0,-0.34822695035460993,-2.6972340425531915,2.0007801418439715,False,True,Qwen2.5-1.5B|s1
RedHatAI/Qwen2.5-1.5B-quantized.w8a8,qwen2.5,Qwen2.5-1.5B,w8a8_int,gsm8k,60.96,60.12,-0.84,-0.34822695035460993,-2.6972340425531915,2.0007801418439715,False,True,Qwen2.5-1.5B|s1
RedHatAI/Qwen2.5-1.5B-quantized.w8a8,qwen2.5,Qwen2.5-1.5B,w8a8_int,hellaswag,67.65,67.72,0.07,-0.34822695035460993,-2.6972340425531915,2.0007801418439715,False,True,Qwen2.5-1.5B|s1
RedHatAI/Qwen2.5-1.5B-quantized.w8a8,qwen2.5,Qwen2.5-1.5B,w8a8_int,winogrande,65.04,66.06,1.02,-0.34822695035460993,-2.6972340425531915,2.0007801418439715,False,True,Qwen2.5-1.5B|s1
RedHatAI/Qwen2.5-1.5B-quantized.w8a8,qwen2.5,Qwen2.5-1.5B,w8a8_int,truthfulqa,46.57,46.14,-0.43,-0.34822695035460993,-2.6972340425531915,2.0007801418439715,False,True,Qwen2.5-1.5B|s1
RedHatAI/Qwen2.5-1.5B-FP8-dynamic,qwen2.5,Qwen2.5-1.5B,fp8_dynamic,mmlu,60.98,60.25,-0.73,-0.10893805309734515,-1.9104195345788266,1.6925434283841363,False,True,Qwen2.5-1.5B|s2
RedHatAI/Qwen2.5-1.5B-FP8-dynamic,qwen2.5,Qwen2.5-1.5B,fp8_dynamic,arc_challenge,49.66,49.32,-0.34,-0.10893805309734515,-1.9104195345788266,1.6925434283841363,False,True,Qwen2.5-1.5B|s2
RedHatAI/Qwen2.5-1.5B-FP8-dynamic,qwen2.5,Qwen2.5-1.5B,fp8_dynamic,gsm8k,60.96,60.12,-0.84,-0.10893805309734515,-1.9104195345788266,1.6925434283841363,False,True,Qwen2.5-1.5B|s2
RedHatAI/Qwen2.5-1.5B-FP8-dynamic,qwen2.5,Qwen2.5-1.5B,fp8_dynamic,hellaswag,67.65,67.49,-0.16,-0.10893805309734515,-1.9104195345788266,1.6925434283841363,False,True,Qwen2.5-1.5B|s2
RedHatAI/Qwen2.5-1.5B-FP8-dynamic,qwen2.5,Qwen2.5-1.5B,fp8_dynamic,winogrande,65.04,65.98,0.94,-0.10893805309734515,-1.9104195345788266,1.6925434283841363,False,True,Qwen2.5-1.5B|s2
RedHatAI/Qwen2.5-1.5B-FP8-dynamic,qwen2.5,Qwen2.5-1.5B,fp8_dynamic,truthfulqa,46.57,46.08,-0.49,-0.10893805309734515,-1.9104195345788266,1.6925434283841363,False,True,Qwen2.5-1.5B|s2
RedHatAI/Qwen2.5-1.5B-quantized.w4a16,qwen2.5,Qwen2.5-1.5B,w4a16,mmlu,60.98,58.93,-2.05,-0.8216923076923076,-2.623173789173789,0.9797891737891739,False,True,Qwen2.5-1.5B|s2
RedHatAI/Qwen2.5-1.5B-quantized.w4a16,qwen2.5,Qwen2.5-1.5B,w4a16,arc_challenge,49.66,47.7,-1.96,-0.8216923076923076,-2.623173789173789,0.9797891737891739,False,True,Qwen2.5-1.5B|s2
RedHatAI/Qwen2.5-1.5B-quantized.w4a16,qwen2.5,Qwen2.5-1.5B,w4a16,gsm8k,60.96,56.71,-4.25,-0.8216923076923076,-2.623173789173789,0.9797891737891739,False,False,Qwen2.5-1.5B|s2
RedHatAI/Qwen2.5-1.5B-quantized.w4a16,qwen2.5,Qwen2.5-1.5B,w4a16,hellaswag,67.65,66.79,-0.86,-0.8216923076923076,-2.623173789173789,0.9797891737891739,False,True,Qwen2.5-1.5B|s2
RedHatAI/Qwen2.5-1.5B-quantized.w4a16,qwen2.5,Qwen2.5-1.5B,w4a16,winogrande,65.04,65.51,0.47,-0.8216923076923076,-2.623173789173789,0.9797891737891739,False,True,Qwen2.5-1.5B|s2
RedHatAI/Qwen2.5-1.5B-quantized.w4a16,qwen2.5,Qwen2.5-1.5B,w4a16,truthfulqa,46.57,44.49,-2.08,-0.8216923076923076,-2.623173789173789,0.9797891737891739,False,True,Qwen2.5-1.5B|s2
RedHatAI/Qwen2.5-1.5B-quantized.w8a16,qwen2.5,Qwen2.5-1.5B,w8a16,mmlu,60.98,61.0,0.02,-0.1457142857142857,-1.9471957671957671,1.6557671957671958,False,True,Qwen2.5-1.5B|s2
RedHatAI/Qwen2.5-1.5B-quantized.w8a16,qwen2.5,Qwen2.5-1.5B,w8a16,arc_challenge,49.66,50.34,0.68,-0.1457142857142857,-1.9471957671957671,1.6557671957671958,False,True,Qwen2.5-1.5B|s2
RedHatAI/Qwen2.5-1.5B-quantized.w8a16,qwen2.5,Qwen2.5-1.5B,w8a16,gsm8k,60.96,61.18,0.22,-0.1457142857142857,-1.9471957671957671,1.6557671957671958,False,True,Qwen2.5-1.5B|s2
RedHatAI/Qwen2.5-1.5B-quantized.w8a16,qwen2.5,Qwen2.5-1.5B,w8a16,hellaswag,67.65,67.64,-0.01,-0.1457142857142857,-1.9471957671957671,1.6557671957671958,False,True,Qwen2.5-1.5B|s2
RedHatAI/Qwen2.5-1.5B-quantized.w8a16,qwen2.5,Qwen2.5-1.5B,w8a16,winogrande,65.04,65.11,0.07,-0.1457142857142857,-1.9471957671957671,1.6557671957671958,False,True,Qwen2.5-1.5B|s2
RedHatAI/Qwen2.5-1.5B-quantized.w8a16,qwen2.5,Qwen2.5-1.5B,w8a16,truthfulqa,46.57,46.57,0.0,-0.1457142857142857,-1.9471957671957671,1.6557671957671958,False,True,Qwen2.5-1.5B|s2
RedHatAI/Qwen2.5-1.5B-quantized.w8a8,qwen2.5,Qwen2.5-1.5B,w8a8_int,mmlu,60.98,60.35,-0.63,-0.3260629921259843,-2.1275444736074656,1.4754184893554971,False,True,Qwen2.5-1.5B|s2
RedHatAI/Qwen2.5-1.5B-quantized.w8a8,qwen2.5,Qwen2.5-1.5B,w8a8_int,arc_challenge,49.66,49.66,0.0,-0.3260629921259843,-2.1275444736074656,1.4754184893554971,False,True,Qwen2.5-1.5B|s2
RedHatAI/Qwen2.5-1.5B-quantized.w8a8,qwen2.5,Qwen2.5-1.5B,w8a8_int,gsm8k,60.96,60.12,-0.84,-0.3260629921259843,-2.1275444736074656,1.4754184893554971,False,True,Qwen2.5-1.5B|s2
RedHatAI/Qwen2.5-1.5B-quantized.w8a8,qwen2.5,Qwen2.5-1.5B,w8a8_int,hellaswag,67.65,67.72,0.07,-0.3260629921259843,-2.1275444736074656,1.4754184893554971,False,True,Qwen2.5-1.5B|s2
RedHatAI/Qwen2.5-1.5B-quantized.w8a8,qwen2.5,Qwen2.5-1.5B,w8a8_int,winogrande,65.04,66.06,1.02,-0.3260629921259843,-2.1275444736074656,1.4754184893554971,False,True,Qwen2.5-1.5B|s2
RedHatAI/Qwen2.5-1.5B-quantized.w8a8,qwen2.5,Qwen2.5-1.5B,w8a8_int,truthfulqa,46.57,46.14,-0.43,-0.3260629921259843,-2.1275444736074656,1.4754184893554971,False,True,Qwen2.5-1.5B|s2
RedHatAI/Qwen2.5-1.5B-FP8-dynamic,qwen2.5,Qwen2.5-1.5B,fp8_dynamic,mmlu,60.98,60.25,-0.73,-0.1090344827586207,-2.3883027754415473,2.1702338099243064,False,True,Qwen2.5-1.5B|s3
RedHatAI/Qwen2.5-1.5B-FP8-dynamic,qwen2.5,Qwen2.5-1.5B,fp8_dynamic,arc_challenge,49.66,49.32,-0.34,-0.1090344827586207,-2.3883027754415473,2.1702338099243064,False,True,Qwen2.5-1.5B|s3
RedHatAI/Qwen2.5-1.5B-FP8-dynamic,qwen2.5,Qwen2.5-1.5B,fp8_dynamic,gsm8k,60.96,60.12,-0.84,-0.1090344827586207,-2.3883027754415473,2.1702338099243064,False,True,Qwen2.5-1.5B|s3
RedHatAI/Qwen2.5-1.5B-FP8-dynamic,qwen2.5,Qwen2.5-1.5B,fp8_dynamic,hellaswag,67.65,67.49,-0.16,-0.1090344827586207,-2.3883027754415473,2.1702338099243064,False,True,Qwen2.5-1.5B|s3
RedHatAI/Qwen2.5-1.5B-FP8-dynamic,qwen2.5,Qwen2.5-1.5B,fp8_dynamic,winogrande,65.04,65.98,0.94,-0.1090344827586207,-2.3883027754415473,2.1702338099243064,False,True,Qwen2.5-1.5B|s3
RedHatAI/Qwen2.5-1.5B-FP8-dynamic,qwen2.5,Qwen2.5-1.5B,fp8_dynamic,truthfulqa,46.57,46.08,-0.49,-0.1090344827586207,-2.3883027754415473,2.1702338099243064,False,True,Qwen2.5-1.5B|s3
RedHatAI/Qwen2.5-1.5B-quantized.w4a16,qwen2.5,Qwen2.5-1.5B,w4a16,mmlu,60.98,58.93,-2.05,-0.7292517006802721,-3.008519993363199,1.5500165920026547,False,True,Qwen2.5-1.5B|s3
RedHatAI/Qwen2.5-1.5B-quantized.w4a16,qwen2.5,Qwen2.5-1.5B,w4a16,arc_challenge,49.66,47.7,-1.96,-0.7292517006802721,-3.008519993363199,1.5500165920026547,False,True,Qwen2.5-1.5B|s3
RedHatAI/Qwen2.5-1.5B-quantized.w4a16,qwen2.5,Qwen2.5-1.5B,w4a16,gsm8k,60.96,56.71,-4.25,-0.7292517006802721,-3.008519993363199,1.5500165920026547,False,False,Qwen2.5-1.5B|s3
RedHatAI/Qwen2.5-1.5B-quantized.w4a16,qwen2.5,Qwen2.5-1.5B,w4a16,hellaswag,67.65,66.79,-0.86,-0.7292517006802721,-3.008519993363199,1.5500165920026547,False,True,Qwen2.5-1.5B|s3
RedHatAI/Qwen2.5-1.5B-quantized.w4a16,qwen2.5,Qwen2.5-1.5B,w4a16,winogrande,65.04,65.51,0.47,-0.7292517006802721,-3.008519993363199,1.5500165920026547,False,True,Qwen2.5-1.5B|s3
RedHatAI/Qwen2.5-1.5B-quantized.w4a16,qwen2.5,Qwen2.5-1.5B,w4a16,truthfulqa,46.57,44.49,-2.08,-0.7292517006802721,-3.008519993363199,1.5500165920026547,False,True,Qwen2.5-1.5B|s3
RedHatAI/Qwen2.5-1.5B-quantized.w8a16,qwen2.5,Qwen2.5-1.5B,w8a16,mmlu,60.98,61.0,0.02,-0.1556140350877193,-2.434882327770646,2.1236542575952075,False,True,Qwen2.5-1.5B|s3
RedHatAI/Qwen2.5-1.5B-quantized.w8a16,qwen2.5,Qwen2.5-1.5B,w8a16,arc_challenge,49.66,50.34,0.68,-0.1556140350877193,-2.434882327770646,2.1236542575952075,False,True,Qwen2.5-1.5B|s3
RedHatAI/Qwen2.5-1.5B-quantized.w8a16,qwen2.5,Qwen2.5-1.5B,w8a16,gsm8k,60.96,61.18,0.22,-0.1556140350877193,-2.434882327770646,2.1236542575952075,False,True,Qwen2.5-1.5B|s3
RedHatAI/Qwen2.5-1.5B-quantized.w8a16,qwen2.5,Qwen2.5-1.5B,w8a16,hellaswag,67.65,67.64,-0.01,-0.1556140350877193,-2.434882327770646,2.1236542575952075,False,True,Qwen2.5-1.5B|s3
RedHatAI/Qwen2.5-1.5B-quantized.w8a16,qwen2.5,Qwen2.5-1.5B,w8a16,winogrande,65.04,65.11,0.07,-0.1556140350877193,-2.434882327770646,2.1236542575952075,False,True,Qwen2.5-1.5B|s3
RedHatAI/Qwen2.5-1.5B-quantized.w8a16,qwen2.5,Qwen2.5-1.5B,w8a16,truthfulqa,46.57,46.57,0.0,-0.1556140350877193,-2.434882327770646,2.1236542575952075,False,True,Qwen2.5-1.5B|s3
RedHatAI/Qwen2.5-1.5B-quantized.w8a8,qwen2.5,Qwen2.5-1.5B,w8a8_int,mmlu,60.98,60.35,-0.63,-0.3684905660377359,-2.6477588587206626,1.910777726645191,False,True,Qwen2.5-1.5B|s3
RedHatAI/Qwen2.5-1.5B-quantized.w8a8,qwen2.5,Qwen2.5-1.5B,w8a8_int,arc_challenge,49.66,49.66,0.0,-0.3684905660377359,-2.6477588587206626,1.910777726645191,False,True,Qwen2.5-1.5B|s3
RedHatAI/Qwen2.5-1.5B-quantized.w8a8,qwen2.5,Qwen2.5-1.5B,w8a8_int,gsm8k,60.96,60.12,-0.84,-0.3684905660377359,-2.6477588587206626,1.910777726645191,False,True,Qwen2.5-1.5B|s3
RedHatAI/Qwen2.5-1.5B-quantized.w8a8,qwen2.5,Qwen2.5-1.5B,w8a8_int,hellaswag,67.65,67.72,0.07,-0.3684905660377359,-2.6477588587206626,1.910777726645191,False,True,Qwen2.5-1.5B|s3
RedHatAI/Qwen2.5-1.5B-quantized.w8a8,qwen2.5,Qwen2.5-1.5B,w8a8_int,winogrande,65.04,66.06,1.02,-0.3684905660377359,-2.6477588587206626,1.910777726645191,False,True,Qwen2.5-1.5B|s3
RedHatAI/Qwen2.5-1.5B-quantized.w8a8,qwen2.5,Qwen2.5-1.5B,w8a8_int,truthfulqa,46.57,46.14,-0.43,-0.3684905660377359,-2.6477588587206626,1.910777726645191,False,True,Qwen2.5-1.5B|s3
RedHatAI/Qwen2.5-1.5B-FP8-dynamic,qwen2.5,Qwen2.5-1.5B,fp8_dynamic,mmlu,60.98,60.25,-0.73,-0.08310606060606061,-1.7254498106060605,1.5592376893939395,False,True,Qwen2.5-1.5B|s4
RedHatAI/Qwen2.5-1.5B-FP8-dynamic,qwen2.5,Qwen2.5-1.5B,fp8_dynamic,arc_challenge,49.66,49.32,-0.34,-0.08310606060606061,-1.7254498106060605,1.5592376893939395,False,True,Qwen2.5-1.5B|s4
RedHatAI/Qwen2.5-1.5B-FP8-dynamic,qwen2.5,Qwen2.5-1.5B,fp8_dynamic,gsm8k,60.96,60.12,-0.84,-0.08310606060606061,-1.7254498106060605,1.5592376893939395,False,True,Qwen2.5-1.5B|s4
RedHatAI/Qwen2.5-1.5B-FP8-dynamic,qwen2.5,Qwen2.5-1.5B,fp8_dynamic,hellaswag,67.65,67.49,-0.16,-0.08310606060606061,-1.7254498106060605,1.5592376893939395,False,True,Qwen2.5-1.5B|s4
RedHatAI/Qwen2.5-1.5B-FP8-dynamic,qwen2.5,Qwen2.5-1.5B,fp8_dynamic,winogrande,65.04,65.98,0.94,-0.08310606060606061,-1.7254498106060605,1.5592376893939395,False,True,Qwen2.5-1.5B|s4
RedHatAI/Qwen2.5-1.5B-FP8-dynamic,qwen2.5,Qwen2.5-1.5B,fp8_dynamic,truthfulqa,46.57,46.08,-0.49,-0.08310606060606061,-1.7254498106060605,1.5592376893939395,False,True,Qwen2.5-1.5B|s4
RedHatAI/Qwen2.5-1.5B-quantized.w4a16,qwen2.5,Qwen2.5-1.5B,w4a16,mmlu,60.98,58.93,-2.05,-0.74234375,-2.3846875,0.9,False,True,Qwen2.5-1.5B|s4
RedHatAI/Qwen2.5-1.5B-quantized.w4a16,qwen2.5,Qwen2.5-1.5B,w4a16,arc_challenge,49.66,47.7,-1.96,-0.74234375,-2.3846875,0.9,False,True,Qwen2.5-1.5B|s4
RedHatAI/Qwen2.5-1.5B-quantized.w4a16,qwen2.5,Qwen2.5-1.5B,w4a16,gsm8k,60.96,56.71,-4.25,-0.74234375,-2.3846875,0.9,False,False,Qwen2.5-1.5B|s4
RedHatAI/Qwen2.5-1.5B-quantized.w4a16,qwen2.5,Qwen2.5-1.5B,w4a16,hellaswag,67.65,66.79,-0.86,-0.74234375,-2.3846875,0.9,False,True,Qwen2.5-1.5B|s4
RedHatAI/Qwen2.5-1.5B-quantized.w4a16,qwen2.5,Qwen2.5-1.5B,w4a16,winogrande,65.04,65.51,0.47,-0.74234375,-2.3846875,0.9,False,True,Qwen2.5-1.5B|s4
RedHatAI/Qwen2.5-1.5B-quantized.w4a16,qwen2.5,Qwen2.5-1.5B,w4a16,truthfulqa,46.57,44.49,-2.08,-0.74234375,-2.3846875,0.9,False,True,Qwen2.5-1.5B|s4
RedHatAI/Qwen2.5-1.5B-quantized.w8a16,qwen2.5,Qwen2.5-1.5B,w8a16,mmlu,60.98,61.0,0.02,0.05152542372881355,-1.5908183262711864,1.6938691737288136,False,True,Qwen2.5-1.5B|s4
RedHatAI/Qwen2.5-1.5B-quantized.w8a16,qwen2.5,Qwen2.5-1.5B,w8a16,arc_challenge,49.66,50.34,0.68,0.05152542372881355,-1.5908183262711864,1.6938691737288136,False,True,Qwen2.5-1.5B|s4
RedHatAI/Qwen2.5-1.5B-quantized.w8a16,qwen2.5,Qwen2.5-1.5B,w8a16,gsm8k,60.96,61.18,0.22,0.05152542372881355,-1.5908183262711864,1.6938691737288136,False,True,Qwen2.5-1.5B|s4
RedHatAI/Qwen2.5-1.5B-quantized.w8a16,qwen2.5,Qwen2.5-1.5B,w8a16,hellaswag,67.65,67.64,-0.01,0.05152542372881355,-1.5908183262711864,1.6938691737288136,False,True,Qwen2.5-1.5B|s4
RedHatAI/Qwen2.5-1.5B-quantized.w8a16,qwen2.5,Qwen2.5-1.5B,w8a16,winogrande,65.04,65.11,0.07,0.05152542372881355,-1.5908183262711864,1.6938691737288136,False,True,Qwen2.5-1.5B|s4
RedHatAI/Qwen2.5-1.5B-quantized.w8a16,qwen2.5,Qwen2.5-1.5B,w8a16,truthfulqa,46.57,46.57,0.0,0.05152542372881355,-1.5908183262711864,1.6938691737288136,False,True,Qwen2.5-1.5B|s4
RedHatAI/Qwen2.5-1.5B-quantized.w8a8,qwen2.5,Qwen2.5-1.5B,w8a8_int,mmlu,60.98,60.35,-0.63,-0.44128,-2.08362375,1.2010637499999999,False,True,Qwen2.5-1.5B|s4
RedHatAI/Qwen2.5-1.5B-quantized.w8a8,qwen2.5,Qwen2.5-1.5B,w8a8_int,arc_challenge,49.66,49.66,0.0,-0.44128,-2.08362375,1.2010637499999999,False,True,Qwen2.5-1.5B|s4
RedHatAI/Qwen2.5-1.5B-quantized.w8a8,qwen2.5,Qwen2.5-1.5B,w8a8_int,gsm8k,60.96,60.12,-0.84,-0.44128,-2.08362375,1.2010637499999999,False,True,Qwen2.5-1.5B|s4
RedHatAI/Qwen2.5-1.5B-quantized.w8a8,qwen2.5,Qwen2.5-1.5B,w8a8_int,hellaswag,67.65,67.72,0.07,-0.44128,-2.08362375,1.2010637499999999,False,True,Qwen2.5-1.5B|s4
RedHatAI/Qwen2.5-1.5B-quantized.w8a8,qwen2.5,Qwen2.5-1.5B,w8a8_int,winogrande,65.04,66.06,1.02,-0.44128,-2.08362375,1.2010637499999999,False,True,Qwen2.5-1.5B|s4
RedHatAI/Qwen2.5-1.5B-quantized.w8a8,qwen2.5,Qwen2.5-1.5B,w8a8_int,truthfulqa,46.57,46.14,-0.43,-0.44128,-2.08362375,1.2010637499999999,False,True,Qwen2.5-1.5B|s4
RedHatAI/Qwen2.5-14B-FP8-dynamic,qwen2.5,Qwen2.5-14B,fp8_dynamic,mmlu,79.71,79.48,-0.23,0.047435897435897434,-1.9494062078272605,2.0442780026990555,False,True,Qwen2.5-14B|s0
RedHatAI/Qwen2.5-14B-FP8-dynamic,qwen2.5,Qwen2.5-14B,fp8_dynamic,arc_challenge,65.7,65.19,-0.51,0.047435897435897434,-1.9494062078272605,2.0442780026990555,False,True,Qwen2.5-14B|s0
RedHatAI/Qwen2.5-14B-FP8-dynamic,qwen2.5,Qwen2.5-14B,fp8_dynamic,gsm8k,84.46,83.62,-0.84,0.047435897435897434,-1.9494062078272605,2.0442780026990555,False,True,Qwen2.5-14B|s0
RedHatAI/Qwen2.5-14B-FP8-dynamic,qwen2.5,Qwen2.5-14B,fp8_dynamic,hellaswag,84.28,84.28,0.0,0.047435897435897434,-1.9494062078272605,2.0442780026990555,False,True,Qwen2.5-14B|s0
RedHatAI/Qwen2.5-14B-FP8-dynamic,qwen2.5,Qwen2.5-14B,fp8_dynamic,winogrande,81.37,81.77,0.4,0.047435897435897434,-1.9494062078272605,2.0442780026990555,False,True,Qwen2.5-14B|s0
RedHatAI/Qwen2.5-14B-FP8-dynamic,qwen2.5,Qwen2.5-14B,fp8_dynamic,truthfulqa,58.46,58.3,-0.16,0.047435897435897434,-1.9494062078272605,2.0442780026990555,False,True,Qwen2.5-14B|s0
RedHatAI/Qwen2.5-14B-quantized.w8a8,qwen2.5,Qwen2.5-14B,w8a8_int,mmlu,79.71,79.38,-0.33,-0.33896774193548385,-2.3358098471986417,1.6578743633276742,False,True,Qwen2.5-14B|s0
RedHatAI/Qwen2.5-14B-quantized.w8a8,qwen2.5,Qwen2.5-14B,w8a8_int,arc_challenge,65.7,65.27,-0.43,-0.33896774193548385,-2.3358098471986417,1.6578743633276742,False,True,Qwen2.5-14B|s0
RedHatAI/Qwen2.5-14B-quantized.w8a8,qwen2.5,Qwen2.5-14B,w8a8_int,gsm8k,84.46,83.93,-0.53,-0.33896774193548385,-2.3358098471986417,1.6578743633276742,False,True,Qwen2.5-14B|s0
RedHatAI/Qwen2.5-14B-quantized.w8a8,qwen2.5,Qwen2.5-14B,w8a8_int,hellaswag,84.28,84.16,-0.12,-0.33896774193548385,-2.3358098471986417,1.6578743633276742,False,True,Qwen2.5-14B|s0
RedHatAI/Qwen2.5-14B-quantized.w8a8,qwen2.5,Qwen2.5-14B,w8a8_int,winogrande,81.37,81.22,-0.15,-0.33896774193548385,-2.3358098471986417,1.6578743633276742,False,True,Qwen2.5-14B|s0
RedHatAI/Qwen2.5-14B-quantized.w8a8,qwen2.5,Qwen2.5-14B,w8a8_int,truthfulqa,58.46,58.65,0.19,-0.33896774193548385,-2.3358098471986417,1.6578743633276742,False,True,Qwen2.5-14B|s0
RedHatAI/Qwen2.5-14B-FP8-dynamic,qwen2.5,Qwen2.5-14B,fp8_dynamic,mmlu,79.71,79.48,-0.23,-0.037898550724637686,-1.5757971014492753,1.5,False,True,Qwen2.5-14B|s1
RedHatAI/Qwen2.5-14B-FP8-dynamic,qwen2.5,Qwen2.5-14B,fp8_dynamic,arc_challenge,65.7,65.19,-0.51,-0.037898550724637686,-1.5757971014492753,1.5,False,True,Qwen2.5-14B|s1
RedHatAI/Qwen2.5-14B-FP8-dynamic,qwen2.5,Qwen2.5-14B,fp8_dynamic,gsm8k,84.46,83.62,-0.84,-0.037898550724637686,-1.5757971014492753,1.5,False,True,Qwen2.5-14B|s1
RedHatAI/Qwen2.5-14B-FP8-dynamic,qwen2.5,Qwen2.5-14B,fp8_dynamic,hellaswag,84.28,84.28,0.0,-0.037898550724637686,-1.5757971014492753,1.5,False,True,Qwen2.5-14B|s1
RedHatAI/Qwen2.5-14B-FP8-dynamic,qwen2.5,Qwen2.5-14B,fp8_dynamic,winogrande,81.37,81.77,0.4,-0.037898550724637686,-1.5757971014492753,1.5,False,True,Qwen2.5-14B|s1
RedHatAI/Qwen2.5-14B-FP8-dynamic,qwen2.5,Qwen2.5-14B,fp8_dynamic,truthfulqa,58.46,58.3,-0.16,-0.037898550724637686,-1.5757971014492753,1.5,False,True,Qwen2.5-14B|s1
RedHatAI/Qwen2.5-14B-quantized.w8a8,qwen2.5,Qwen2.5-14B,w8a8_int,mmlu,79.71,79.38,-0.33,-0.37065040650406506,-1.9085489572287027,1.1672481442205727,False,True,Qwen2.5-14B|s1
RedHatAI/Qwen2.5-14B-quantized.w8a8,qwen2.5,Qwen2.5-14B,w8a8_int,arc_challenge,65.7,65.27,-0.43,-0.37065040650406506,-1.9085489572287027,1.1672481442205727,False,True,Qwen2.5-14B|s1
RedHatAI/Qwen2.5-14B-quantized.w8a8,qwen2.5,Qwen2.5-14B,w8a8_int,gsm8k,84.46,83.93,-0.53,-0.37065040650406506,-1.9085489572287027,1.1672481442205727,False,True,Qwen2.5-14B|s1
RedHatAI/Qwen2.5-14B-quantized.w8a8,qwen2.5,Qwen2.5-14B,w8a8_int,hellaswag,84.28,84.16,-0.12,-0.37065040650406506,-1.9085489572287027,1.1672481442205727,False,True,Qwen2.5-14B|s1
RedHatAI/Qwen2.5-14B-quantized.w8a8,qwen2.5,Qwen2.5-14B,w8a8_int,winogrande,81.37,81.22,-0.15,-0.37065040650406506,-1.9085489572287027,1.1672481442205727,False,True,Qwen2.5-14B|s1
RedHatAI/Qwen2.5-14B-quantized.w8a8,qwen2.5,Qwen2.5-14B,w8a8_int,truthfulqa,58.46,58.65,0.19,-0.37065040650406506,-1.9085489572287027,1.1672481442205727,False,True,Qwen2.5-14B|s1
RedHatAI/Qwen2.5-14B-FP8-dynamic,qwen2.5,Qwen2.5-14B,fp8_dynamic,mmlu,79.71,79.48,-0.23,-0.08079710144927536,-1.8350436767917413,1.6734494738931904,False,True,Qwen2.5-14B|s2
RedHatAI/Qwen2.5-14B-FP8-dynamic,qwen2.5,Qwen2.5-14B,fp8_dynamic,arc_challenge,65.7,65.19,-0.51,-0.08079710144927536,-1.8350436767917413,1.6734494738931904,False,True,Qwen2.5-14B|s2
RedHatAI/Qwen2.5-14B-FP8-dynamic,qwen2.5,Qwen2.5-14B,fp8_dynamic,gsm8k,84.46,83.62,-0.84,-0.08079710144927536,-1.8350436767917413,1.6734494738931904,False,True,Qwen2.5-14B|s2
RedHatAI/Qwen2.5-14B-FP8-dynamic,qwen2.5,Qwen2.5-14B,fp8_dynamic,hellaswag,84.28,84.28,0.0,-0.08079710144927536,-1.8350436767917413,1.6734494738931904,False,True,Qwen2.5-14B|s2
RedHatAI/Qwen2.5-14B-FP8-dynamic,qwen2.5,Qwen2.5-14B,fp8_dynamic,winogrande,81.37,81.77,0.4,-0.08079710144927536,-1.8350436767917413,1.6734494738931904,False,True,Qwen2.5-14B|s2
RedHatAI/Qwen2.5-14B-FP8-dynamic,qwen2.5,Qwen2.5-14B,fp8_dynamic,truthfulqa,58.46,58.3,-0.16,-0.08079710144927536,-1.8350436767917413,1.6734494738931904,False,True,Qwen2.5-14B|s2
RedHatAI/Qwen2.5-14B-quantized.w8a8,qwen2.5,Qwen2.5-14B,w8a8_int,mmlu,79.71,79.38,-0.33,-0.3731007751937985,-2.1273473505362643,1.3811458001486674,False,True,Qwen2.5-14B|s2
RedHatAI/Qwen2.5-14B-quantized.w8a8,qwen2.5,Qwen2.5-14B,w8a8_int,arc_challenge,65.7,65.27,-0.43,-0.3731007751937985,-2.1273473505362643,1.3811458001486674,False,True,Qwen2.5-14B|s2
RedHatAI/Qwen2.5-14B-quantized.w8a8,qwen2.5,Qwen2.5-14B,w8a8_int,gsm8k,84.46,83.93,-0.53,-0.3731007751937985,-2.1273473505362643,1.3811458001486674,False,True,Qwen2.5-14B|s2
RedHatAI/Qwen2.5-14B-quantized.w8a8,qwen2.5,Qwen2.5-14B,w8a8_int,hellaswag,84.28,84.16,-0.12,-0.3731007751937985,-2.1273473505362643,1.3811458001486674,False,True,Qwen2.5-14B|s2
RedHatAI/Qwen2.5-14B-quantized.w8a8,qwen2.5,Qwen2.5-14B,w8a8_int,winogrande,81.37,81.22,-0.15,-0.3731007751937985,-2.1273473505362643,1.3811458001486674,False,True,Qwen2.5-14B|s2
RedHatAI/Qwen2.5-14B-quantized.w8a8,qwen2.5,Qwen2.5-14B,w8a8_int,truthfulqa,58.46,58.65,0.19,-0.3731007751937985,-2.1273473505362643,1.3811458001486674,False,True,Qwen2.5-14B|s2
RedHatAI/Qwen2.5-14B-FP8-dynamic,qwen2.5,Qwen2.5-14B,fp8_dynamic,mmlu,79.71,79.48,-0.23,-0.13841121495327105,-1.8058305697919808,1.5290081398854387,False,True,Qwen2.5-14B|s3
RedHatAI/Qwen2.5-14B-FP8-dynamic,qwen2.5,Qwen2.5-14B,fp8_dynamic,arc_challenge,65.7,65.19,-0.51,-0.13841121495327105,-1.8058305697919808,1.5290081398854387,False,True,Qwen2.5-14B|s3
RedHatAI/Qwen2.5-14B-FP8-dynamic,qwen2.5,Qwen2.5-14B,fp8_dynamic,gsm8k,84.46,83.62,-0.84,-0.13841121495327105,-1.8058305697919808,1.5290081398854387,False,True,Qwen2.5-14B|s3
RedHatAI/Qwen2.5-14B-FP8-dynamic,qwen2.5,Qwen2.5-14B,fp8_dynamic,hellaswag,84.28,84.28,0.0,-0.13841121495327105,-1.8058305697919808,1.5290081398854387,False,True,Qwen2.5-14B|s3
RedHatAI/Qwen2.5-14B-FP8-dynamic,qwen2.5,Qwen2.5-14B,fp8_dynamic,winogrande,81.37,81.77,0.4,-0.13841121495327105,-1.8058305697919808,1.5290081398854387,False,True,Qwen2.5-14B|s3
RedHatAI/Qwen2.5-14B-FP8-dynamic,qwen2.5,Qwen2.5-14B,fp8_dynamic,truthfulqa,58.46,58.3,-0.16,-0.13841121495327105,-1.8058305697919808,1.5290081398854387,False,True,Qwen2.5-14B|s3
RedHatAI/Qwen2.5-14B-quantized.w8a8,qwen2.5,Qwen2.5-14B,w8a8_int,mmlu,79.71,79.38,-0.33,-0.36782258064516127,-2.035241935483871,1.2995967741935486,False,True,Qwen2.5-14B|s3
RedHatAI/Qwen2.5-14B-quantized.w8a8,qwen2.5,Qwen2.5-14B,w8a8_int,arc_challenge,65.7,65.27,-0.43,-0.36782258064516127,-2.035241935483871,1.2995967741935486,False,True,Qwen2.5-14B|s3
RedHatAI/Qwen2.5-14B-quantized.w8a8,qwen2.5,Qwen2.5-14B,w8a8_int,gsm8k,84.46,83.93,-0.53,-0.36782258064516127,-2.035241935483871,1.2995967741935486,False,True,Qwen2.5-14B|s3
RedHatAI/Qwen2.5-14B-quantized.w8a8,qwen2.5,Qwen2.5-14B,w8a8_int,hellaswag,84.28,84.16,-0.12,-0.36782258064516127,-2.035241935483871,1.2995967741935486,False,True,Qwen2.5-14B|s3
RedHatAI/Qwen2.5-14B-quantized.w8a8,qwen2.5,Qwen2.5-14B,w8a8_int,winogrande,81.37,81.22,-0.15,-0.36782258064516127,-2.035241935483871,1.2995967741935486,False,True,Qwen2.5-14B|s3
RedHatAI/Qwen2.5-14B-quantized.w8a8,qwen2.5,Qwen2.5-14B,w8a8_int,truthfulqa,58.46,58.65,0.19,-0.36782258064516127,-2.035241935483871,1.2995967741935486,False,True,Qwen2.5-14B|s3
RedHatAI/Qwen2.5-14B-FP8-dynamic,qwen2.5,Qwen2.5-14B,fp8_dynamic,mmlu,79.71,79.48,-0.23,0.0025531914893617,-1.6109653270291566,1.61607171000788,False,True,Qwen2.5-14B|s4
RedHatAI/Qwen2.5-14B-FP8-dynamic,qwen2.5,Qwen2.5-14B,fp8_dynamic,arc_challenge,65.7,65.19,-0.51,0.0025531914893617,-1.6109653270291566,1.61607171000788,False,True,Qwen2.5-14B|s4
RedHatAI/Qwen2.5-14B-FP8-dynamic,qwen2.5,Qwen2.5-14B,fp8_dynamic,gsm8k,84.46,83.62,-0.84,0.0025531914893617,-1.6109653270291566,1.61607171000788,False,True,Qwen2.5-14B|s4
RedHatAI/Qwen2.5-14B-FP8-dynamic,qwen2.5,Qwen2.5-14B,fp8_dynamic,hellaswag,84.28,84.28,0.0,0.0025531914893617,-1.6109653270291566,1.61607171000788,False,True,Qwen2.5-14B|s4
RedHatAI/Qwen2.5-14B-FP8-dynamic,qwen2.5,Qwen2.5-14B,fp8_dynamic,winogrande,81.37,81.77,0.4,0.0025531914893617,-1.6109653270291566,1.61607171000788,False,True,Qwen2.5-14B|s4
RedHatAI/Qwen2.5-14B-FP8-dynamic,qwen2.5,Qwen2.5-14B,fp8_dynamic,truthfulqa,58.46,58.3,-0.16,0.0025531914893617,-1.6109653270291566,1.61607171000788,False,True,Qwen2.5-14B|s4
RedHatAI/Qwen2.5-14B-quantized.w8a8,qwen2.5,Qwen2.5-14B,w8a8_int,mmlu,79.71,79.38,-0.33,-0.28090225563909776,-1.894420774157616,1.3326162628794207,False,True,Qwen2.5-14B|s4
RedHatAI/Qwen2.5-14B-quantized.w8a8,qwen2.5,Qwen2.5-14B,w8a8_int,arc_challenge,65.7,65.27,-0.43,-0.28090225563909776,-1.894420774157616,1.3326162628794207,False,True,Qwen2.5-14B|s4
RedHatAI/Qwen2.5-14B-quantized.w8a8,qwen2.5,Qwen2.5-14B,w8a8_int,gsm8k,84.46,83.93,-0.53,-0.28090225563909776,-1.894420774157616,1.3326162628794207,False,True,Qwen2.5-14B|s4
RedHatAI/Qwen2.5-14B-quantized.w8a8,qwen2.5,Qwen2.5-14B,w8a8_int,hellaswag,84.28,84.16,-0.12,-0.28090225563909776,-1.894420774157616,1.3326162628794207,False,True,Qwen2.5-14B|s4
RedHatAI/Qwen2.5-14B-quantized.w8a8,qwen2.5,Qwen2.5-14B,w8a8_int,winogrande,81.37,81.22,-0.15,-0.28090225563909776,-1.894420774157616,1.3326162628794207,False,True,Qwen2.5-14B|s4
RedHatAI/Qwen2.5-14B-quantized.w8a8,qwen2.5,Qwen2.5-14B,w8a8_int,truthfulqa,58.46,58.65,0.19,-0.28090225563909776,-1.894420774157616,1.3326162628794207,False,True,Qwen2.5-14B|s4
RedHatAI/Qwen2.5-14B-Instruct-quantized.w8a8,qwen2.5,Qwen2.5-14B-Instruct,w8a8_int,mmlu,79.87,79.75,-0.12,-0.3628099173553719,-2.2256198347107436,1.5,False,True,Qwen2.5-14B-Instruct|s0
RedHatAI/Qwen2.5-14B-Instruct-quantized.w8a8,qwen2.5,Qwen2.5-14B-Instruct,w8a8_int,arc_challenge,68.94,69.2,0.26,-0.3628099173553719,-2.2256198347107436,1.5,False,True,Qwen2.5-14B-Instruct|s0
RedHatAI/Qwen2.5-14B-Instruct-quantized.w8a8,qwen2.5,Qwen2.5-14B-Instruct,w8a8_int,gsm8k,83.55,85.52,1.97,-0.3628099173553719,-2.2256198347107436,1.5,False,False,Qwen2.5-14B-Instruct|s0
RedHatAI/Qwen2.5-14B-Instruct-quantized.w8a8,qwen2.5,Qwen2.5-14B-Instruct,w8a8_int,hellaswag,85.3,85.07,-0.23,-0.3628099173553719,-2.2256198347107436,1.5,False,True,Qwen2.5-14B-Instruct|s0
RedHatAI/Qwen2.5-14B-Instruct-quantized.w8a8,qwen2.5,Qwen2.5-14B-Instruct,w8a8_int,winogrande,80.51,80.43,-0.08,-0.3628099173553719,-2.2256198347107436,1.5,False,True,Qwen2.5-14B-Instruct|s0
RedHatAI/Qwen2.5-14B-Instruct-quantized.w8a8,qwen2.5,Qwen2.5-14B-Instruct,w8a8_int,truthfulqa,68.93,68.94,0.01,-0.3628099173553719,-2.2256198347107436,1.5,False,True,Qwen2.5-14B-Instruct|s0
RedHatAI/Qwen2.5-14B-Instruct-quantized.w8a8,qwen2.5,Qwen2.5-14B-Instruct,w8a8_int,mmlu,79.87,79.75,-0.12,-0.3733333333333333,-2.006666666666667,1.26,False,True,Qwen2.5-14B-Instruct|s1
RedHatAI/Qwen2.5-14B-Instruct-quantized.w8a8,qwen2.5,Qwen2.5-14B-Instruct,w8a8_int,arc_challenge,68.94,69.2,0.26,-0.3733333333333333,-2.006666666666667,1.26,False,True,Qwen2.5-14B-Instruct|s1
RedHatAI/Qwen2.5-14B-Instruct-quantized.w8a8,qwen2.5,Qwen2.5-14B-Instruct,w8a8_int,gsm8k,83.55,85.52,1.97,-0.3733333333333333,-2.006666666666667,1.26,False,False,Qwen2.5-14B-Instruct|s1
RedHatAI/Qwen2.5-14B-Instruct-quantized.w8a8,qwen2.5,Qwen2.5-14B-Instruct,w8a8_int,hellaswag,85.3,85.07,-0.23,-0.3733333333333333,-2.006666666666667,1.26,False,True,Qwen2.5-14B-Instruct|s1
RedHatAI/Qwen2.5-14B-Instruct-quantized.w8a8,qwen2.5,Qwen2.5-14B-Instruct,w8a8_int,winogrande,80.51,80.43,-0.08,-0.3733333333333333,-2.006666666666667,1.26,False,True,Qwen2.5-14B-Instruct|s1
RedHatAI/Qwen2.5-14B-Instruct-quantized.w8a8,qwen2.5,Qwen2.5-14B-Instruct,w8a8_int,truthfulqa,68.93,68.94,0.01,-0.3733333333333333,-2.006666666666667,1.26,False,True,Qwen2.5-14B-Instruct|s1
RedHatAI/Qwen2.5-14B-Instruct-quantized.w8a8,qwen2.5,Qwen2.5-14B-Instruct,w8a8_int,mmlu,79.87,79.75,-0.12,-0.41992125984251966,-1.701599112191513,0.8617565925064736,False,True,Qwen2.5-14B-Instruct|s2
RedHatAI/Qwen2.5-14B-Instruct-quantized.w8a8,qwen2.5,Qwen2.5-14B-Instruct,w8a8_int,arc_challenge,68.94,69.2,0.26,-0.41992125984251966,-1.701599112191513,0.8617565925064736,False,True,Qwen2.5-14B-Instruct|s2
RedHatAI/Qwen2.5-14B-Instruct-quantized.w8a8,qwen2.5,Qwen2.5-14B-Instruct,w8a8_int,gsm8k,83.55,85.52,1.97,-0.41992125984251966,-1.701599112191513,0.8617565925064736,False,False,Qwen2.5-14B-Instruct|s2
RedHatAI/Qwen2.5-14B-Instruct-quantized.w8a8,qwen2.5,Qwen2.5-14B-Instruct,w8a8_int,hellaswag,85.3,85.07,-0.23,-0.41992125984251966,-1.701599112191513,0.8617565925064736,False,True,Qwen2.5-14B-Instruct|s2
RedHatAI/Qwen2.5-14B-Instruct-quantized.w8a8,qwen2.5,Qwen2.5-14B-Instruct,w8a8_int,winogrande,80.51,80.43,-0.08,-0.41992125984251966,-1.701599112191513,0.8617565925064736,False,True,Qwen2.5-14B-Instruct|s2
RedHatAI/Qwen2.5-14B-Instruct-quantized.w8a8,qwen2.5,Qwen2.5-14B-Instruct,w8a8_int,truthfulqa,68.93,68.94,0.01,-0.41992125984251966,-1.701599112191513,0.8617565925064736,False,True,Qwen2.5-14B-Instruct|s2
RedHatAI/Qwen2.5-14B-Instruct-quantized.w8a8,qwen2.5,Qwen2.5-14B-Instruct,w8a8_int,mmlu,79.87,79.75,-0.12,-0.47021126760563375,-2.0723930857874517,1.1319705505761843,False,True,Qwen2.5-14B-Instruct|s3
RedHatAI/Qwen2.5-14B-Instruct-quantized.w8a8,qwen2.5,Qwen2.5-14B-Instruct,w8a8_int,arc_challenge,68.94,69.2,0.26,-0.47021126760563375,-2.0723930857874517,1.1319705505761843,False,True,Qwen2.5-14B-Instruct|s3
RedHatAI/Qwen2.5-14B-Instruct-quantized.w8a8,qwen2.5,Qwen2.5-14B-Instruct,w8a8_int,gsm8k,83.55,85.52,1.97,-0.47021126760563375,-2.0723930857874517,1.1319705505761843,False,False,Qwen2.5-14B-Instruct|s3
RedHatAI/Qwen2.5-14B-Instruct-quantized.w8a8,qwen2.5,Qwen2.5-14B-Instruct,w8a8_int,hellaswag,85.3,85.07,-0.23,-0.47021126760563375,-2.0723930857874517,1.1319705505761843,False,True,Qwen2.5-14B-Instruct|s3
RedHatAI/Qwen2.5-14B-Instruct-quantized.w8a8,qwen2.5,Qwen2.5-14B-Instruct,w8a8_int,winogrande,80.51,80.43,-0.08,-0.47021126760563375,-2.0723930857874517,1.1319705505761843,False,True,Qwen2.5-14B-Instruct|s3
RedHatAI/Qwen2.5-14B-Instruct-quantized.w8a8,qwen2.5,Qwen2.5-14B-Instruct,w8a8_int,truthfulqa,68.93,68.94,0.01,-0.47021126760563375,-2.0723930857874517,1.1319705505761843,False,True,Qwen2.5-14B-Instruct|s3
RedHatAI/Qwen2.5-14B-Instruct-quantized.w8a8,qwen2.5,Qwen2.5-14B-Instruct,w8a8_int,mmlu,79.87,79.75,-0.12,-0.31496062992125984,-1.7528710776824536,1.1229498178399342,False,True,Qwen2.5-14B-Instruct|s4
RedHatAI/Qwen2.5-14B-Instruct-quantized.w8a8,qwen2.5,Qwen2.5-14B-Instruct,w8a8_int,arc_challenge,68.94,69.2,0.26,-0.31496062992125984,-1.7528710776824536,1.1229498178399342,False,True,Qwen2.5-14B-Instruct|s4
RedHatAI/Qwen2.5-14B-Instruct-quantized.w8a8,qwen2.5,Qwen2.5-14B-Instruct,w8a8_int,gsm8k,83.55,85.52,1.97,-0.31496062992125984,-1.7528710776824536,1.1229498178399342,False,False,Qwen2.5-14B-Instruct|s4
RedHatAI/Qwen2.5-14B-Instruct-quantized.w8a8,qwen2.5,Qwen2.5-14B-Instruct,w8a8_int,hellaswag,85.3,85.07,-0.23,-0.31496062992125984,-1.7528710776824536,1.1229498178399342,False,True,Qwen2.5-14B-Instruct|s4
RedHatAI/Qwen2.5-14B-Instruct-quantized.w8a8,qwen2.5,Qwen2.5-14B-Instruct,w8a8_int,winogrande,80.51,80.43,-0.08,-0.31496062992125984,-1.7528710776824536,1.1229498178399342,False,True,Qwen2.5-14B-Instruct|s4
RedHatAI/Qwen2.5-14B-Instruct-quantized.w8a8,qwen2.5,Qwen2.5-14B-Instruct,w8a8_int,truthfulqa,68.93,68.94,0.01,-0.31496062992125984,-1.7528710776824536,1.1229498178399342,False,True,Qwen2.5-14B-Instruct|s4
RedHatAI/Qwen2.5-32B-quantized.w8a16,qwen2.5,Qwen2.5-32B,w8a16,mmlu,83.25,83.19,-0.06,0.030545454545454546,-1.8608629961587708,1.9219539052496801,False,True,Qwen2.5-32B|s0
RedHatAI/Qwen2.5-32B-quantized.w8a16,qwen2.5,Qwen2.5-32B,w8a16,arc_challenge,66.3,66.04,-0.26,0.030545454545454546,-1.8608629961587708,1.9219539052496801,False,True,Qwen2.5-32B|s0
RedHatAI/Qwen2.5-32B-quantized.w8a16,qwen2.5,Qwen2.5-32B,w8a16,gsm8k,78.09,78.62,0.53,0.030545454545454546,-1.8608629961587708,1.9219539052496801,False,True,Qwen2.5-32B|s0
RedHatAI/Qwen2.5-32B-quantized.w8a16,qwen2.5,Qwen2.5-32B,w8a16,hellaswag,85.08,85.14,0.06,0.030545454545454546,-1.8608629961587708,1.9219539052496801,False,True,Qwen2.5-32B|s0
RedHatAI/Qwen2.5-32B-quantized.w8a16,qwen2.5,Qwen2.5-32B,w8a16,winogrande,81.29,81.61,0.32,0.030545454545454546,-1.8608629961587708,1.9219539052496801,False,True,Qwen2.5-32B|s0
RedHatAI/Qwen2.5-32B-quantized.w8a16,qwen2.5,Qwen2.5-32B,w8a16,truthfulqa,57.76,57.78,0.02,0.030545454545454546,-1.8608629961587708,1.9219539052496801,False,True,Qwen2.5-32B|s0
RedHatAI/Qwen2.5-32B-quantized.w8a16,qwen2.5,Qwen2.5-32B,w8a16,mmlu,83.25,83.19,-0.06,-0.13666666666666666,-1.9135897435897435,1.6402564102564101,False,True,Qwen2.5-32B|s1
RedHatAI/Qwen2.5-32B-quantized.w8a16,qwen2.5,Qwen2.5-32B,w8a16,arc_challenge,66.3,66.04,-0.26,-0.13666666666666666,-1.9135897435897435,1.6402564102564101,False,True,Qwen2.5-32B|s1
RedHatAI/Qwen2.5-32B-quantized.w8a16,qwen2.5,Qwen2.5-32B,w8a16,gsm8k,78.09,78.62,0.53,-0.13666666666666666,-1.9135897435897435,1.6402564102564101,False,True,Qwen2.5-32B|s1
RedHatAI/Qwen2.5-32B-quantized.w8a16,qwen2.5,Qwen2.5-32B,w8a16,hellaswag,85.08,85.14,0.06,-0.13666666666666666,-1.9135897435897435,1.6402564102564101,False,True,Qwen2.5-32B|s1
RedHatAI/Qwen2.5-32B-quantized.w8a16,qwen2.5,Qwen2.5-32B,w8a16,winogrande,81.29,81.61,0.32,-0.13666666666666666,-1.9135897435897435,1.6402564102564101,False,True,Qwen2.5-32B|s1
RedHatAI/Qwen2.5-32B-quantized.w8a16,qwen2.5,Qwen2.5-32B,w8a16,truthfulqa,57.76,57.78,0.02,-0.13666666666666666,-1.9135897435897435,1.6402564102564101,False,True,Qwen2.5-32B|s1
RedHatAI/Qwen2.5-32B-quantized.w8a16,qwen2.5,Qwen2.5-32B,w8a16,mmlu,83.25,83.19,-0.06,-0.1511627906976744,-1.926689106487148,1.6243635250917992,False,True,Qwen2.5-32B|s2
RedHatAI/Qwen2.5-32B-quantized.w8a16,qwen2.5,Qwen2.5-32B,w8a16,arc_challenge,66.3,66.04,-0.26,-0.1511627906976744,-1.926689106487148,1.6243635250917992,False,True,Qwen2.5-32B|s2
RedHatAI/Qwen2.5-32B-quantized.w8a16,qwen2.5,Qwen2.5-32B,w8a16,gsm8k,78.09,78.62,0.53,-0.1511627906976744,-1.926689106487148,1.6243635250917992,False,True,Qwen2.5-32B|s2
RedHatAI/Qwen2.5-32B-quantized.w8a16,qwen2.5,Qwen2.5-32B,w8a16,hellaswag,85.08,85.14,0.06,-0.1511627906976744,-1.926689106487148,1.6243635250917992,False,True,Qwen2.5-32B|s2
RedHatAI/Qwen2.5-32B-quantized.w8a16,qwen2.5,Qwen2.5-32B,w8a16,winogrande,81.29,81.61,0.32,-0.1511627906976744,-1.926689106487148,1.6243635250917992,False,True,Qwen2.5-32B|s2
RedHatAI/Qwen2.5-32B-quantized.w8a16,qwen2.5,Qwen2.5-32B,w8a16,truthfulqa,57.76,57.78,0.02,-0.1511627906976744,-1.926689106487148,1.6243635250917992,False,True,Qwen2.5-32B|s2
RedHatAI/Qwen2.5-32B-quantized.w8a16,qwen2.5,Qwen2.5-32B,w8a16,mmlu,83.25,83.19,-0.06,-0.19749999999999998,-1.7447357723577237,1.3497357723577237,False,True,Qwen2.5-32B|s3
RedHatAI/Qwen2.5-32B-quantized.w8a16,qwen2.5,Qwen2.5-32B,w8a16,arc_challenge,66.3,66.04,-0.26,-0.19749999999999998,-1.7447357723577237,1.3497357723577237,False,True,Qwen2.5-32B|s3
RedHatAI/Qwen2.5-32B-quantized.w8a16,qwen2.5,Qwen2.5-32B,w8a16,gsm8k,78.09,78.62,0.53,-0.19749999999999998,-1.7447357723577237,1.3497357723577237,False,True,Qwen2.5-32B|s3
RedHatAI/Qwen2.5-32B-quantized.w8a16,qwen2.5,Qwen2.5-32B,w8a16,hellaswag,85.08,85.14,0.06,-0.19749999999999998,-1.7447357723577237,1.3497357723577237,False,True,Qwen2.5-32B|s3
RedHatAI/Qwen2.5-32B-quantized.w8a16,qwen2.5,Qwen2.5-32B,w8a16,winogrande,81.29,81.61,0.32,-0.19749999999999998,-1.7447357723577237,1.3497357723577237,False,True,Qwen2.5-32B|s3
RedHatAI/Qwen2.5-32B-quantized.w8a16,qwen2.5,Qwen2.5-32B,w8a16,truthfulqa,57.76,57.78,0.02,-0.19749999999999998,-1.7447357723577237,1.3497357723577237,False,True,Qwen2.5-32B|s3
RedHatAI/Qwen2.5-32B-quantized.w8a16,qwen2.5,Qwen2.5-32B,w8a16,mmlu,83.25,83.19,-0.06,0.053214285714285714,-1.6267857142857143,1.7332142857142856,False,True,Qwen2.5-32B|s4
RedHatAI/Qwen2.5-32B-quantized.w8a16,qwen2.5,Qwen2.5-32B,w8a16,arc_challenge,66.3,66.04,-0.26,0.053214285714285714,-1.6267857142857143,1.7332142857142856,False,True,Qwen2.5-32B|s4
RedHatAI/Qwen2.5-32B-quantized.w8a16,qwen2.5,Qwen2.5-32B,w8a16,gsm8k,78.09,78.62,0.53,0.053214285714285714,-1.6267857142857143,1.7332142857142856,False,True,Qwen2.5-32B|s4
RedHatAI/Qwen2.5-32B-quantized.w8a16,qwen2.5,Qwen2.5-32B,w8a16,hellaswag,85.08,85.14,0.06,0.053214285714285714,-1.6267857142857143,1.7332142857142856,False,True,Qwen2.5-32B|s4
RedHatAI/Qwen2.5-32B-quantized.w8a16,qwen2.5,Qwen2.5-32B,w8a16,winogrande,81.29,81.61,0.32,0.053214285714285714,-1.6267857142857143,1.7332142857142856,False,True,Qwen2.5-32B|s4
RedHatAI/Qwen2.5-32B-quantized.w8a16,qwen2.5,Qwen2.5-32B,w8a16,truthfulqa,57.76,57.78,0.02,0.053214285714285714,-1.6267857142857143,1.7332142857142856,False,True,Qwen2.5-32B|s4
RedHatAI/Qwen2.5-3B-FP8-dynamic,qwen2.5,Qwen2.5-3B,fp8_dynamic,mmlu,65.68,65.23,-0.45,-0.027597402597402593,-1.5423246753246753,1.48712987012987,False,True,Qwen2.5-3B|s0
RedHatAI/Qwen2.5-3B-FP8-dynamic,qwen2.5,Qwen2.5-3B,fp8_dynamic,arc_challenge,63.59,62.5,-1.09,-0.027597402597402593,-1.5423246753246753,1.48712987012987,False,True,Qwen2.5-3B|s0
RedHatAI/Qwen2.5-3B-FP8-dynamic,qwen2.5,Qwen2.5-3B,fp8_dynamic,gsm8k,68.23,63.91,-4.32,-0.027597402597402593,-1.5423246753246753,1.48712987012987,False,False,Qwen2.5-3B|s0
RedHatAI/Qwen2.5-3B-FP8-dynamic,qwen2.5,Qwen2.5-3B,fp8_dynamic,hellaswag,74.46,74.13,-0.33,-0.027597402597402593,-1.5423246753246753,1.48712987012987,False,True,Qwen2.5-3B|s0
RedHatAI/Qwen2.5-3B-FP8-dynamic,qwen2.5,Qwen2.5-3B,fp8_dynamic,winogrande,70.64,69.93,-0.71,-0.027597402597402593,-1.5423246753246753,1.48712987012987,False,True,Qwen2.5-3B|s0
RedHatAI/Qwen2.5-3B-FP8-dynamic,qwen2.5,Qwen2.5-3B,fp8_dynamic,truthfulqa,48.93,48.71,-0.22,-0.027597402597402593,-1.5423246753246753,1.48712987012987,False,True,Qwen2.5-3B|s0
RedHatAI/Qwen2.5-3B-quantized.w4a16,qwen2.5,Qwen2.5-3B,w4a16,mmlu,65.68,64.1,-1.58,-0.7595488721804511,-2.2742761449077236,0.7551784005468216,False,True,Qwen2.5-3B|s0
RedHatAI/Qwen2.5-3B-quantized.w4a16,qwen2.5,Qwen2.5-3B,w4a16,arc_challenge,53.58,51.19,-2.39,-0.7595488721804511,-2.2742761449077236,0.7551784005468216,False,False,Qwen2.5-3B|s0
RedHatAI/Qwen2.5-3B-quantized.w4a16,qwen2.5,Qwen2.5-3B,w4a16,gsm8k,68.23,67.85,-0.38,-0.7595488721804511,-2.2742761449077236,0.7551784005468216,False,True,Qwen2.5-3B|s0
RedHatAI/Qwen2.5-3B-quantized.w4a16,qwen2.5,Qwen2.5-3B,w4a16,hellaswag,74.46,73.36,-1.1,-0.7595488721804511,-2.2742761449077236,0.7551784005468216,False,True,Qwen2.5-3B|s0
RedHatAI/Qwen2.5-3B-quantized.w4a16,qwen2.5,Qwen2.5-3B,w4a16,winogrande,70.64,70.32,-0.32,-0.7595488721804511,-2.2742761449077236,0.7551784005468216,False,True,Qwen2.5-3B|s0
RedHatAI/Qwen2.5-3B-quantized.w8a16,qwen2.5,Qwen2.5-3B,w8a16,mmlu,65.68,65.65,-0.03,-0.12931034482758622,-1.644037617554859,1.3854169278996864,False,True,Qwen2.5-3B|s0
RedHatAI/Qwen2.5-3B-quantized.w8a16,qwen2.5,Qwen2.5-3B,w8a16,arc_challenge,53.58,53.07,-0.51,-0.12931034482758622,-1.644037617554859,1.3854169278996864,False,True,Qwen2.5-3B|s0
RedHatAI/Qwen2.5-3B-quantized.w8a16,qwen2.5,Qwen2.5-3B,w8a16,gsm8k,68.23,70.05,1.82,-0.12931034482758622,-1.644037617554859,1.3854169278996864,False,False,Qwen2.5-3B|s0
RedHatAI/Qwen2.5-3B-quantized.w8a16,qwen2.5,Qwen2.5-3B,w8a16,hellaswag,51.83,51.78,-0.05,-0.12931034482758622,-1.644037617554859,1.3854169278996864,False,True,Qwen2.5-3B|s0
RedHatAI/Qwen2.5-3B-quantized.w8a16,qwen2.5,Qwen2.5-3B,w8a16,winogrande,70.64,70.56,-0.08,-0.12931034482758622,-1.644037617554859,1.3854169278996864,False,True,Qwen2.5-3B|s0
RedHatAI/Qwen2.5-3B-quantized.w8a8,qwen2.5,Qwen2.5-3B,w8a8_int,mmlu,65.68,64.73,-0.95,-0.3376470588235294,-1.8523743315508021,1.1770802139037433,False,True,Qwen2.5-3B|s0
RedHatAI/Qwen2.5-3B-quantized.w8a8,qwen2.5,Qwen2.5-3B,w8a8_int,arc_challenge,63.59,62.86,-0.73,-0.3376470588235294,-1.8523743315508021,1.1770802139037433,False,True,Qwen2.5-3B|s0
RedHatAI/Qwen2.5-3B-quantized.w8a8,qwen2.5,Qwen2.5-3B,w8a8_int,gsm8k,68.23,66.26,-1.97,-0.3376470588235294,-1.8523743315508021,1.1770802139037433,False,False,Qwen2.5-3B|s0
RedHatAI/Qwen2.5-3B-quantized.w8a8,qwen2.5,Qwen2.5-3B,w8a8_int,hellaswag,74.46,74.07,-0.39,-0.3376470588235294,-1.8523743315508021,1.1770802139037433,False,True,Qwen2.5-3B|s0
RedHatAI/Qwen2.5-3B-quantized.w8a8,qwen2.5,Qwen2.5-3B,w8a8_int,winogrande,70.64,70.48,-0.16,-0.3376470588235294,-1.8523743315508021,1.1770802139037433,False,True,Qwen2.5-3B|s0
RedHatAI/Qwen2.5-3B-quantized.w8a8,qwen2.5,Qwen2.5-3B,w8a8_int,truthfulqa,48.93,47.93,-1.0,-0.3376470588235294,-1.8523743315508021,1.1770802139037433,False,True,Qwen2.5-3B|s0
RedHatAI/Qwen2.5-3B-FP8-dynamic,qwen2.5,Qwen2.5-3B,fp8_dynamic,mmlu,65.68,65.23,-0.45,-0.031096774193548383,-1.5754870180959875,1.5132934697088907,False,True,Qwen2.5-3B|s1
RedHatAI/Qwen2.5-3B-FP8-dynamic,qwen2.5,Qwen2.5-3B,fp8_dynamic,arc_challenge,63.59,62.5,-1.09,-0.031096774193548383,-1.5754870180959875,1.5132934697088907,False,True,Qwen2.5-3B|s1
RedHatAI/Qwen2.5-3B-FP8-dynamic,qwen2.5,Qwen2.5-3B,fp8_dynamic,gsm8k,68.23,63.91,-4.32,-0.031096774193548383,-1.5754870180959875,1.5132934697088907,False,False,Qwen2.5-3B|s1
RedHatAI/Qwen2.5-3B-FP8-dynamic,qwen2.5,Qwen2.5-3B,fp8_dynamic,hellaswag,74.46,74.13,-0.33,-0.031096774193548383,-1.5754870180959875,1.5132934697088907,False,True,Qwen2.5-3B|s1
RedHatAI/Qwen2.5-3B-FP8-dynamic,qwen2.5,Qwen2.5-3B,fp8_dynamic,winogrande,70.64,69.93,-0.71,-0.031096774193548383,-1.5754870180959875,1.5132934697088907,False,True,Qwen2.5-3B|s1
RedHatAI/Qwen2.5-3B-FP8-dynamic,qwen2.5,Qwen2.5-3B,fp8_dynamic,truthfulqa,48.93,48.71,-0.22,-0.031096774193548383,-1.5754870180959875,1.5132934697088907,False,True,Qwen2.5-3B|s1
RedHatAI/Qwen2.5-3B-quantized.w4a16,qwen2.5,Qwen2.5-3B,w4a16,mmlu,65.68,64.1,-1.58,-0.6672483221476511,-2.21163856605009,0.877141921754788,False,True,Qwen2.5-3B|s1
RedHatAI/Qwen2.5-3B-quantized.w4a16,qwen2.5,Qwen2.5-3B,w4a16,arc_challenge,53.58,51.19,-2.39,-0.6672483221476511,-2.21163856605009,0.877141921754788,False,False,Qwen2.5-3B|s1
RedHatAI/Qwen2.5-3B-quantized.w4a16,qwen2.5,Qwen2.5-3B,w4a16,gsm8k,68.23,67.85,-0.38,-0.6672483221476511,-2.21163856605009,0.877141921754788,False,True,Qwen2.5-3B|s1
RedHatAI/Qwen2.5-3B-quantized.w4a16,qwen2.5,Qwen2.5-3B,w4a16,hellaswag,74.46,73.36,-1.1,-0.6672483221476511,-2.21163856605009,0.877141921754788,False,True,Qwen2.5-3B|s1
RedHatAI/Qwen2.5-3B-quantized.w4a16,qwen2.5,Qwen2.5-3B,w4a16,winogrande,70.64,70.32,-0.32,-0.6672483221476511,-2.21163856605009,0.877141921754788,False,True,Qwen2.5-3B|s1
RedHatAI/Qwen2.5-3B-quantized.w8a16,qwen2.5,Qwen2.5-3B,w8a16,mmlu,65.68,65.65,-0.03,-0.12115942028985506,-1.6655496641922942,1.423230823612584,False,True,Qwen2.5-3B|s1
RedHatAI/Qwen2.5-3B-quantized.w8a16,qwen2.5,Qwen2.5-3B,w8a16,arc_challenge,53.58,53.07,-0.51,-0.12115942028985506,-1.6655496641922942,1.423230823612584,False,True,Qwen2.5-3B|s1
RedHatAI/Qwen2.5-3B-quantized.w8a16,qwen2.5,Qwen2.5-3B,w8a16,gsm8k,68.23,70.05,1.82,-0.12115942028985506,-1.6655496641922942,1.423230823612584,False,False,Qwen2.5-3B|s1
RedHatAI/Qwen2.5-3B-quantized.w8a16,qwen2.5,Qwen2.5-3B,w8a16,hellaswag,51.83,51.78,-0.05,-0.12115942028985506,-1.6655496641922942,1.423230823612584,False,True,Qwen2.5-3B|s1
RedHatAI/Qwen2.5-3B-quantized.w8a16,qwen2.5,Qwen2.5-3B,w8a16,winogrande,70.64,70.56,-0.08,-0.12115942028985506,-1.6655496641922942,1.423230823612584,False,True,Qwen2.5-3B|s1
RedHatAI/Qwen2.5-3B-quantized.w8a8,qwen2.5,Qwen2.5-3B,w8a8_int,mmlu,65.68,64.73,-0.95,-0.34342465753424656,-1.8878149014366856,1.2009655863681925,False,True,Qwen2.5-3B|s1
RedHatAI/Qwen2.5-3B-quantized.w8a8,qwen2.5,Qwen2.5-3B,w8a8_int,arc_challenge,63.59,62.86,-0.73,-0.34342465753424656,-1.8878149014366856,1.2009655863681925,False,True,Qwen2.5-3B|s1
RedHatAI/Qwen2.5-3B-quantized.w8a8,qwen2.5,Qwen2.5-3B,w8a8_int,gsm8k,68.23,66.26,-1.97,-0.34342465753424656,-1.8878149014366856,1.2009655863681925,False,False,Qwen2.5-3B|s1
RedHatAI/Qwen2.5-3B-quantized.w8a8,qwen2.5,Qwen2.5-3B,w8a8_int,hellaswag,74.46,74.07,-0.39,-0.34342465753424656,-1.8878149014366856,1.2009655863681925,False,True,Qwen2.5-3B|s1
RedHatAI/Qwen2.5-3B-quantized.w8a8,qwen2.5,Qwen2.5-3B,w8a8_int,winogrande,70.64,70.48,-0.16,-0.34342465753424656,-1.8878149014366856,1.2009655863681925,False,True,Qwen2.5-3B|s1
RedHatAI/Qwen2.5-3B-quantized.w8a8,qwen2.5,Qwen2.5-3B,w8a8_int,truthfulqa,48.93,47.93,-1.0,-0.34342465753424656,-1.8878149014366856,1.2009655863681925,False,True,Qwen2.5-3B|s1
RedHatAI/Qwen2.5-3B-FP8-dynamic,qwen2.5,Qwen2.5-3B,fp8_dynamic,mmlu,65.68,65.23,-0.45,0.07987878787878788,-1.1424896331738437,1.3022472089314194,False,True,Qwen2.5-3B|s2
RedHatAI/Qwen2.5-3B-FP8-dynamic,qwen2.5,Qwen2.5-3B,fp8_dynamic,arc_challenge,63.59,62.5,-1.09,0.07987878787878788,-1.1424896331738437,1.3022472089314194,False,True,Qwen2.5-3B|s2
RedHatAI/Qwen2.5-3B-FP8-dynamic,qwen2.5,Qwen2.5-3B,fp8_dynamic,gsm8k,68.23,63.91,-4.32,0.07987878787878788,-1.1424896331738437,1.3022472089314194,False,False,Qwen2.5-3B|s2
RedHatAI/Qwen2.5-3B-FP8-dynamic,qwen2.5,Qwen2.5-3B,fp8_dynamic,hellaswag,74.46,74.13,-0.33,0.07987878787878788,-1.1424896331738437,1.3022472089314194,False,True,Qwen2.5-3B|s2
RedHatAI/Qwen2.5-3B-FP8-dynamic,qwen2.5,Qwen2.5-3B,fp8_dynamic,winogrande,70.64,69.93,-0.71,0.07987878787878788,-1.1424896331738437,1.3022472089314194,False,True,Qwen2.5-3B|s2
RedHatAI/Qwen2.5-3B-FP8-dynamic,qwen2.5,Qwen2.5-3B,fp8_dynamic,truthfulqa,48.93,48.71,-0.22,0.07987878787878788,-1.1424896331738437,1.3022472089314194,False,True,Qwen2.5-3B|s2
RedHatAI/Qwen2.5-3B-quantized.w4a16,qwen2.5,Qwen2.5-3B,w4a16,mmlu,65.68,64.1,-1.58,-0.8073124999999999,-2.0296809210526314,0.41505592105263167,False,True,Qwen2.5-3B|s2
RedHatAI/Qwen2.5-3B-quantized.w4a16,qwen2.5,Qwen2.5-3B,w4a16,arc_challenge,53.58,51.19,-2.39,-0.8073124999999999,-2.0296809210526314,0.41505592105263167,False,False,Qwen2.5-3B|s2
RedHatAI/Qwen2.5-3B-quantized.w4a16,qwen2.5,Qwen2.5-3B,w4a16,gsm8k,68.23,67.85,-0.38,-0.8073124999999999,-2.0296809210526314,0.41505592105263167,False,True,Qwen2.5-3B|s2
RedHatAI/Qwen2.5-3B-quantized.w4a16,qwen2.5,Qwen2.5-3B,w4a16,hellaswag,74.46,73.36,-1.1,-0.8073124999999999,-2.0296809210526314,0.41505592105263167,False,True,Qwen2.5-3B|s2
RedHatAI/Qwen2.5-3B-quantized.w4a16,qwen2.5,Qwen2.5-3B,w4a16,winogrande,70.64,70.32,-0.32,-0.8073124999999999,-2.0296809210526314,0.41505592105263167,False,True,Qwen2.5-3B|s2
RedHatAI/Qwen2.5-3B-quantized.w8a16,qwen2.5,Qwen2.5-3B,w8a16,mmlu,65.68,65.65,-0.03,-0.15789473684210525,-1.3802631578947369,1.0644736842105262,False,True,Qwen2.5-3B|s2
RedHatAI/Qwen2.5-3B-quantized.w8a16,qwen2.5,Qwen2.5-3B,w8a16,arc_challenge,53.58,53.07,-0.51,-0.15789473684210525,-1.3802631578947369,1.0644736842105262,False,True,Qwen2.5-3B|s2
RedHatAI/Qwen2.5-3B-quantized.w8a16,qwen2.5,Qwen2.5-3B,w8a16,gsm8k,68.23,70.05,1.82,-0.15789473684210525,-1.3802631578947369,1.0644736842105262,False,False,Qwen2.5-3B|s2
RedHatAI/Qwen2.5-3B-quantized.w8a16,qwen2.5,Qwen2.5-3B,w8a16,hellaswag,51.83,51.78,-0.05,-0.15789473684210525,-1.3802631578947369,1.0644736842105262,False,True,Qwen2.5-3B|s2
RedHatAI/Qwen2.5-3B-quantized.w8a16,qwen2.5,Qwen2.5-3B,w8a16,winogrande,70.64,70.56,-0.08,-0.15789473684210525,-1.3802631578947369,1.0644736842105262,False,True,Qwen2.5-3B|s2
RedHatAI/Qwen2.5-3B-quantized.w8a8,qwen2.5,Qwen2.5-3B,w8a8_int,mmlu,65.68,64.73,-0.95,-0.3263758389261745,-1.5487442599788062,0.895992582126457,False,True,Qwen2.5-3B|s2
RedHatAI/Qwen2.5-3B-quantized.w8a8,qwen2.5,Qwen2.5-3B,w8a8_int,arc_challenge,63.59,62.86,-0.73,-0.3263758389261745,-1.5487442599788062,0.895992582126457,False,True,Qwen2.5-3B|s2
RedHatAI/Qwen2.5-3B-quantized.w8a8,qwen2.5,Qwen2.5-3B,w8a8_int,gsm8k,68.23,66.26,-1.97,-0.3263758389261745,-1.5487442599788062,0.895992582126457,False,False,Qwen2.5-3B|s2
RedHatAI/Qwen2.5-3B-quantized.w8a8,qwen2.5,Qwen2.5-3B,w8a8_int,hellaswag,74.46,74.07,-0.39,-0.3263758389261745,-1.5487442599788062,0.895992582126457,False,True,Qwen2.5-3B|s2
RedHatAI/Qwen2.5-3B-quantized.w8a8,qwen2.5,Qwen2.5-3B,w8a8_int,winogrande,70.64,70.48,-0.16,-0.3263758389261745,-1.5487442599788062,0.895992582126457,False,True,Qwen2.5-3B|s2
RedHatAI/Qwen2.5-3B-quantized.w8a8,qwen2.5,Qwen2.5-3B,w8a8_int,truthfulqa,48.93,47.93,-1.0,-0.3263758389261745,-1.5487442599788062,0.895992582126457,False,True,Qwen2.5-3B|s2
RedHatAI/Qwen2.5-3B-FP8-dynamic,qwen2.5,Qwen2.5-3B,fp8_dynamic,mmlu,65.68,65.23,-0.45,-0.007164179104477606,-1.328482008561842,1.3141536503528868,False,True,Qwen2.5-3B|s3
RedHatAI/Qwen2.5-3B-FP8-dynamic,qwen2.5,Qwen2.5-3B,fp8_dynamic,arc_challenge,63.59,62.5,-1.09,-0.007164179104477606,-1.328482008561842,1.3141536503528868,False,True,Qwen2.5-3B|s3
RedHatAI/Qwen2.5-3B-FP8-dynamic,qwen2.5,Qwen2.5-3B,fp8_dynamic,gsm8k,68.23,63.91,-4.32,-0.007164179104477606,-1.328482008561842,1.3141536503528868,False,False,Qwen2.5-3B|s3
RedHatAI/Qwen2.5-3B-FP8-dynamic,qwen2.5,Qwen2.5-3B,fp8_dynamic,hellaswag,74.46,74.13,-0.33,-0.007164179104477606,-1.328482008561842,1.3141536503528868,False,True,Qwen2.5-3B|s3
RedHatAI/Qwen2.5-3B-FP8-dynamic,qwen2.5,Qwen2.5-3B,fp8_dynamic,winogrande,70.64,69.93,-0.71,-0.007164179104477606,-1.328482008561842,1.3141536503528868,False,True,Qwen2.5-3B|s3
RedHatAI/Qwen2.5-3B-FP8-dynamic,qwen2.5,Qwen2.5-3B,fp8_dynamic,truthfulqa,48.93,48.71,-0.22,-0.007164179104477606,-1.328482008561842,1.3141536503528868,False,True,Qwen2.5-3B|s3
RedHatAI/Qwen2.5-3B-quantized.w4a16,qwen2.5,Qwen2.5-3B,w4a16,mmlu,65.68,64.1,-1.58,-0.7586821705426356,-2.08,0.5626356589147288,False,True,Qwen2.5-3B|s3
RedHatAI/Qwen2.5-3B-quantized.w4a16,qwen2.5,Qwen2.5-3B,w4a16,arc_challenge,53.58,51.19,-2.39,-0.7586821705426356,-2.08,0.5626356589147288,False,False,Qwen2.5-3B|s3
RedHatAI/Qwen2.5-3B-quantized.w4a16,qwen2.5,Qwen2.5-3B,w4a16,gsm8k,68.23,67.85,-0.38,-0.7586821705426356,-2.08,0.5626356589147288,False,True,Qwen2.5-3B|s3
RedHatAI/Qwen2.5-3B-quantized.w4a16,qwen2.5,Qwen2.5-3B,w4a16,hellaswag,74.46,73.36,-1.1,-0.7586821705426356,-2.08,0.5626356589147288,False,True,Qwen2.5-3B|s3
RedHatAI/Qwen2.5-3B-quantized.w4a16,qwen2.5,Qwen2.5-3B,w4a16,winogrande,70.64,70.32,-0.32,-0.7586821705426356,-2.08,0.5626356589147288,False,True,Qwen2.5-3B|s3
RedHatAI/Qwen2.5-3B-quantized.w8a16,qwen2.5,Qwen2.5-3B,w8a16,mmlu,65.68,65.65,-0.03,0.011754385964912276,-1.3095634434924521,1.3330722154222767,False,True,Qwen2.5-3B|s3
RedHatAI/Qwen2.5-3B-quantized.w8a16,qwen2.5,Qwen2.5-3B,w8a16,arc_challenge,53.58,53.07,-0.51,0.011754385964912276,-1.3095634434924521,1.3330722154222767,False,True,Qwen2.5-3B|s3
RedHatAI/Qwen2.5-3B-quantized.w8a16,qwen2.5,Qwen2.5-3B,w8a16,gsm8k,68.23,70.05,1.82,0.011754385964912276,-1.3095634434924521,1.3330722154222767,False,False,Qwen2.5-3B|s3
RedHatAI/Qwen2.5-3B-quantized.w8a16,qwen2.5,Qwen2.5-3B,w8a16,hellaswag,51.83,51.78,-0.05,0.011754385964912276,-1.3095634434924521,1.3330722154222767,False,True,Qwen2.5-3B|s3
RedHatAI/Qwen2.5-3B-quantized.w8a16,qwen2.5,Qwen2.5-3B,w8a16,winogrande,70.64,70.56,-0.08,0.011754385964912276,-1.3095634434924521,1.3330722154222767,False,True,Qwen2.5-3B|s3
RedHatAI/Qwen2.5-3B-quantized.w8a8,qwen2.5,Qwen2.5-3B,w8a8_int,mmlu,65.68,64.73,-0.95,-0.3399206349206349,-1.6612384643779994,0.9813971945367295,False,True,Qwen2.5-3B|s3
RedHatAI/Qwen2.5-3B-quantized.w8a8,qwen2.5,Qwen2.5-3B,w8a8_int,arc_challenge,63.59,62.86,-0.73,-0.3399206349206349,-1.6612384643779994,0.9813971945367295,False,True,Qwen2.5-3B|s3
RedHatAI/Qwen2.5-3B-quantized.w8a8,qwen2.5,Qwen2.5-3B,w8a8_int,gsm8k,68.23,66.26,-1.97,-0.3399206349206349,-1.6612384643779994,0.9813971945367295,False,False,Qwen2.5-3B|s3
RedHatAI/Qwen2.5-3B-quantized.w8a8,qwen2.5,Qwen2.5-3B,w8a8_int,hellaswag,74.46,74.07,-0.39,-0.3399206349206349,-1.6612384643779994,0.9813971945367295,False,True,Qwen2.5-3B|s3
RedHatAI/Qwen2.5-3B-quantized.w8a8,qwen2.5,Qwen2.5-3B,w8a8_int,winogrande,70.64,70.48,-0.16,-0.3399206349206349,-1.6612384643779994,0.9813971945367295,False,True,Qwen2.5-3B|s3
RedHatAI/Qwen2.5-3B-quantized.w8a8,qwen2.5,Qwen2.5-3B,w8a8_int,truthfulqa,48.93,47.93,-1.0,-0.3399206349206349,-1.6612384643779994,0.9813971945367295,False,True,Qwen2.5-3B|s3
RedHatAI/Qwen2.5-3B-FP8-dynamic,qwen2.5,Qwen2.5-3B,fp8_dynamic,mmlu,65.68,65.23,-0.45,0.044604316546762585,-1.1361956834532374,1.2254043165467627,False,True,Qwen2.5-3B|s4
RedHatAI/Qwen2.5-3B-FP8-dynamic,qwen2.5,Qwen2.5-3B,fp8_dynamic,arc_challenge,63.59,62.5,-1.09,0.044604316546762585,-1.1361956834532374,1.2254043165467627,False,True,Qwen2.5-3B|s4
RedHatAI/Qwen2.5-3B-FP8-dynamic,qwen2.5,Qwen2.5-3B,fp8_dynamic,gsm8k,68.23,63.91,-4.32,0.044604316546762585,-1.1361956834532374,1.2254043165467627,False,False,Qwen2.5-3B|s4
RedHatAI/Qwen2.5-3B-FP8-dynamic,qwen2.5,Qwen2.5-3B,fp8_dynamic,hellaswag,74.46,74.13,-0.33,0.044604316546762585,-1.1361956834532374,1.2254043165467627,False,True,Qwen2.5-3B|s4
RedHatAI/Qwen2.5-3B-FP8-dynamic,qwen2.5,Qwen2.5-3B,fp8_dynamic,winogrande,70.64,69.93,-0.71,0.044604316546762585,-1.1361956834532374,1.2254043165467627,False,True,Qwen2.5-3B|s4
RedHatAI/Qwen2.5-3B-FP8-dynamic,qwen2.5,Qwen2.5-3B,fp8_dynamic,truthfulqa,48.93,48.71,-0.22,0.044604316546762585,-1.1361956834532374,1.2254043165467627,False,True,Qwen2.5-3B|s4
RedHatAI/Qwen2.5-3B-quantized.w4a16,qwen2.5,Qwen2.5-3B,w4a16,mmlu,65.68,64.1,-1.58,-0.6808000000000001,-1.8616000000000001,0.5,False,True,Qwen2.5-3B|s4
RedHatAI/Qwen2.5-3B-quantized.w4a16,qwen2.5,Qwen2.5-3B,w4a16,arc_challenge,53.58,51.19,-2.39,-0.6808000000000001,-1.8616000000000001,0.5,False,False,Qwen2.5-3B|s4
RedHatAI/Qwen2.5-3B-quantized.w4a16,qwen2.5,Qwen2.5-3B,w4a16,gsm8k,68.23,67.85,-0.38,-0.6808000000000001,-1.8616000000000001,0.5,False,True,Qwen2.5-3B|s4
RedHatAI/Qwen2.5-3B-quantized.w4a16,qwen2.5,Qwen2.5-3B,w4a16,hellaswag,74.46,73.36,-1.1,-0.6808000000000001,-1.8616000000000001,0.5,False,True,Qwen2.5-3B|s4
RedHatAI/Qwen2.5-3B-quantized.w4a16,qwen2.5,Qwen2.5-3B,w4a16,winogrande,70.64,70.32,-0.32,-0.6808000000000001,-1.8616000000000001,0.5,False,True,Qwen2.5-3B|s4
RedHatAI/Qwen2.5-3B-quantized.w8a16,qwen2.5,Qwen2.5-3B,w8a16,mmlu,65.68,65.65,-0.03,-0.156140350877193,-1.336940350877193,1.024659649122807,False,True,Qwen2.5-3B|s4
RedHatAI/Qwen2.5-3B-quantized.w8a16,qwen2.5,Qwen2.5-3B,w8a16,arc_challenge,53.58,53.07,-0.51,-0.156140350877193,-1.336940350877193,1.024659649122807,False,True,Qwen2.5-3B|s4
RedHatAI/Qwen2.5-3B-quantized.w8a16,qwen2.5,Qwen2.5-3B,w8a16,gsm8k,68.23,70.05,1.82,-0.156140350877193,-1.336940350877193,1.024659649122807,False,False,Qwen2.5-3B|s4
RedHatAI/Qwen2.5-3B-quantized.w8a16,qwen2.5,Qwen2.5-3B,w8a16,hellaswag,51.83,51.78,-0.05,-0.156140350877193,-1.336940350877193,1.024659649122807,False,True,Qwen2.5-3B|s4
RedHatAI/Qwen2.5-3B-quantized.w8a16,qwen2.5,Qwen2.5-3B,w8a16,winogrande,70.64,70.56,-0.08,-0.156140350877193,-1.336940350877193,1.024659649122807,False,True,Qwen2.5-3B|s4
RedHatAI/Qwen2.5-3B-quantized.w8a8,qwen2.5,Qwen2.5-3B,w8a8_int,mmlu,65.68,64.73,-0.95,-0.25069767441860463,-1.4314976744186048,0.9301023255813954,False,True,Qwen2.5-3B|s4
RedHatAI/Qwen2.5-3B-quantized.w8a8,qwen2.5,Qwen2.5-3B,w8a8_int,arc_challenge,63.59,62.86,-0.73,-0.25069767441860463,-1.4314976744186048,0.9301023255813954,False,True,Qwen2.5-3B|s4
RedHatAI/Qwen2.5-3B-quantized.w8a8,qwen2.5,Qwen2.5-3B,w8a8_int,gsm8k,68.23,66.26,-1.97,-0.25069767441860463,-1.4314976744186048,0.9301023255813954,False,False,Qwen2.5-3B|s4
RedHatAI/Qwen2.5-3B-quantized.w8a8,qwen2.5,Qwen2.5-3B,w8a8_int,hellaswag,74.46,74.07,-0.39,-0.25069767441860463,-1.4314976744186048,0.9301023255813954,False,True,Qwen2.5-3B|s4
RedHatAI/Qwen2.5-3B-quantized.w8a8,qwen2.5,Qwen2.5-3B,w8a8_int,winogrande,70.64,70.48,-0.16,-0.25069767441860463,-1.4314976744186048,0.9301023255813954,False,True,Qwen2.5-3B|s4
RedHatAI/Qwen2.5-3B-quantized.w8a8,qwen2.5,Qwen2.5-3B,w8a8_int,truthfulqa,48.93,47.93,-1.0,-0.25069767441860463,-1.4314976744186048,0.9301023255813954,False,True,Qwen2.5-3B|s4
RedHatAI/Qwen2.5-72B-FP8-dynamic,qwen2.5,Qwen2.5-72B,fp8_dynamic,mmlu,86.05,85.84,-0.21,-0.055234375,-1.9830805288461537,1.8726117788461538,False,True,Qwen2.5-72B|s0
RedHatAI/Qwen2.5-72B-FP8-dynamic,qwen2.5,Qwen2.5-72B,fp8_dynamic,arc_challenge,68.26,68.17,-0.09,-0.055234375,-1.9830805288461537,1.8726117788461538,False,True,Qwen2.5-72B|s0
RedHatAI/Qwen2.5-72B-FP8-dynamic,qwen2.5,Qwen2.5-72B,fp8_dynamic,gsm8k,88.63,87.79,-0.84,-0.055234375,-1.9830805288461537,1.8726117788461538,False,True,Qwen2.5-72B|s0
RedHatAI/Qwen2.5-72B-FP8-dynamic,qwen2.5,Qwen2.5-72B,fp8_dynamic,hellaswag,87.53,87.46,-0.07,-0.055234375,-1.9830805288461537,1.8726117788461538,False,True,Qwen2.5-72B|s0
RedHatAI/Qwen2.5-72B-FP8-dynamic,qwen2.5,Qwen2.5-72B,fp8_dynamic,winogrande,82.56,83.19,0.63,-0.055234375,-1.9830805288461537,1.8726117788461538,False,True,Qwen2.5-72B|s0
RedHatAI/Qwen2.5-72B-FP8-dynamic,qwen2.5,Qwen2.5-72B,fp8_dynamic,truthfulqa,60.44,60.28,-0.16,-0.055234375,-1.9830805288461537,1.8726117788461538,False,True,Qwen2.5-72B|s0
RedHatAI/Qwen2.5-72B-quantized.w8a16,qwen2.5,Qwen2.5-72B,w8a16,mmlu,86.05,85.98,-0.07,-0.18,-2.107846153846154,1.7478461538461538,False,True,Qwen2.5-72B|s0
RedHatAI/Qwen2.5-72B-quantized.w8a16,qwen2.5,Qwen2.5-72B,w8a16,arc_challenge,68.26,68.17,-0.09,-0.18,-2.107846153846154,1.7478461538461538,False,True,Qwen2.5-72B|s0
RedHatAI/Qwen2.5-72B-quantized.w8a16,qwen2.5,Qwen2.5-72B,w8a16,gsm8k,88.63,89.16,0.53,-0.18,-2.107846153846154,1.7478461538461538,False,True,Qwen2.5-72B|s0
RedHatAI/Qwen2.5-72B-quantized.w8a16,qwen2.5,Qwen2.5-72B,w8a16,hellaswag,87.53,87.49,-0.04,-0.18,-2.107846153846154,1.7478461538461538,False,True,Qwen2.5-72B|s0
RedHatAI/Qwen2.5-72B-quantized.w8a16,qwen2.5,Qwen2.5-72B,w8a16,winogrande,82.56,82.56,0.0,-0.18,-2.107846153846154,1.7478461538461538,False,True,Qwen2.5-72B|s0
RedHatAI/Qwen2.5-72B-quantized.w8a16,qwen2.5,Qwen2.5-72B,w8a16,truthfulqa,60.44,60.3,-0.14,-0.18,-2.107846153846154,1.7478461538461538,False,True,Qwen2.5-72B|s0
RedHatAI/Qwen2.5-72B-quantized.w8a8,qwen2.5,Qwen2.5-72B,w8a8_int,mmlu,86.05,85.68,-0.37,-0.29523076923076924,-2.223076923076923,1.6326153846153846,False,True,Qwen2.5-72B|s0
RedHatAI/Qwen2.5-72B-quantized.w8a8,qwen2.5,Qwen2.5-72B,w8a8_int,arc_challenge,68.26,68.17,-0.09,-0.29523076923076924,-2.223076923076923,1.6326153846153846,False,True,Qwen2.5-72B|s0
RedHatAI/Qwen2.5-72B-quantized.w8a8,qwen2.5,Qwen2.5-72B,w8a8_int,gsm8k,88.63,88.63,0.0,-0.29523076923076924,-2.223076923076923,1.6326153846153846,False,True,Qwen2.5-72B|s0
RedHatAI/Qwen2.5-72B-quantized.w8a8,qwen2.5,Qwen2.5-72B,w8a8_int,hellaswag,87.53,87.53,0.0,-0.29523076923076924,-2.223076923076923,1.6326153846153846,False,True,Qwen2.5-72B|s0
RedHatAI/Qwen2.5-72B-quantized.w8a8,qwen2.5,Qwen2.5-72B,w8a8_int,winogrande,82.56,81.77,-0.79,-0.29523076923076924,-2.223076923076923,1.6326153846153846,False,True,Qwen2.5-72B|s0
RedHatAI/Qwen2.5-72B-quantized.w8a8,qwen2.5,Qwen2.5-72B,w8a8_int,truthfulqa,60.44,60.49,0.05,-0.29523076923076924,-2.223076923076923,1.6326153846153846,False,True,Qwen2.5-72B|s0
RedHatAI/Qwen2.5-72B-FP8-dynamic,qwen2.5,Qwen2.5-72B,fp8_dynamic,mmlu,86.05,85.84,-0.21,-0.09993197278911566,-1.8890048204712349,1.6891408748930035,False,True,Qwen2.5-72B|s1
RedHatAI/Qwen2.5-72B-FP8-dynamic,qwen2.5,Qwen2.5-72B,fp8_dynamic,arc_challenge,68.26,68.17,-0.09,-0.09993197278911566,-1.8890048204712349,1.6891408748930035,False,True,Qwen2.5-72B|s1
RedHatAI/Qwen2.5-72B-FP8-dynamic,qwen2.5,Qwen2.5-72B,fp8_dynamic,gsm8k,88.63,87.79,-0.84,-0.09993197278911566,-1.8890048204712349,1.6891408748930035,False,True,Qwen2.5-72B|s1
RedHatAI/Qwen2.5-72B-FP8-dynamic,qwen2.5,Qwen2.5-72B,fp8_dynamic,hellaswag,87.53,87.46,-0.07,-0.09993197278911566,-1.8890048204712349,1.6891408748930035,False,True,Qwen2.5-72B|s1
RedHatAI/Qwen2.5-72B-FP8-dynamic,qwen2.5,Qwen2.5-72B,fp8_dynamic,winogrande,82.56,83.19,0.63,-0.09993197278911566,-1.8890048204712349,1.6891408748930035,False,True,Qwen2.5-72B|s1
RedHatAI/Qwen2.5-72B-FP8-dynamic,qwen2.5,Qwen2.5-72B,fp8_dynamic,truthfulqa,60.44,60.28,-0.16,-0.09993197278911566,-1.8890048204712349,1.6891408748930035,False,True,Qwen2.5-72B|s1
RedHatAI/Qwen2.5-72B-quantized.w8a16,qwen2.5,Qwen2.5-72B,w8a16,mmlu,86.05,85.98,-0.07,-0.15617021276595744,-1.9452430604480766,1.6329026349161617,False,True,Qwen2.5-72B|s1
RedHatAI/Qwen2.5-72B-quantized.w8a16,qwen2.5,Qwen2.5-72B,w8a16,arc_challenge,68.26,68.17,-0.09,-0.15617021276595744,-1.9452430604480766,1.6329026349161617,False,True,Qwen2.5-72B|s1
RedHatAI/Qwen2.5-72B-quantized.w8a16,qwen2.5,Qwen2.5-72B,w8a16,gsm8k,88.63,89.16,0.53,-0.15617021276595744,-1.9452430604480766,1.6329026349161617,False,True,Qwen2.5-72B|s1
RedHatAI/Qwen2.5-72B-quantized.w8a16,qwen2.5,Qwen2.5-72B,w8a16,hellaswag,87.53,87.49,-0.04,-0.15617021276595744,-1.9452430604480766,1.6329026349161617,False,True,Qwen2.5-72B|s1
RedHatAI/Qwen2.5-72B-quantized.w8a16,qwen2.5,Qwen2.5-72B,w8a16,winogrande,82.56,82.56,0.0,-0.15617021276595744,-1.9452430604480766,1.6329026349161617,False,True,Qwen2.5-72B|s1
RedHatAI/Qwen2.5-72B-quantized.w8a16,qwen2.5,Qwen2.5-72B,w8a16,truthfulqa,60.44,60.3,-0.14,-0.15617021276595744,-1.9452430604480766,1.6329026349161617,False,True,Qwen2.5-72B|s1
RedHatAI/Qwen2.5-72B-quantized.w8a8,qwen2.5,Qwen2.5-72B,w8a8_int,mmlu,86.05,85.68,-0.37,-0.3890728476821192,-2.1781456953642384,1.4,False,True,Qwen2.5-72B|s1
RedHatAI/Qwen2.5-72B-quantized.w8a8,qwen2.5,Qwen2.5-72B,w8a8_int,arc_challenge,68.26,68.17,-0.09,-0.3890728476821192,-2.1781456953642384,1.4,False,True,Qwen2.5-72B|s1
RedHatAI/Qwen2.5-72B-quantized.w8a8,qwen2.5,Qwen2.5-72B,w8a8_int,gsm8k,88.63,88.63,0.0,-0.3890728476821192,-2.1781456953642384,1.4,False,True,Qwen2.5-72B|s1
RedHatAI/Qwen2.5-72B-quantized.w8a8,qwen2.5,Qwen2.5-72B,w8a8_int,hellaswag,87.53,87.53,0.0,-0.3890728476821192,-2.1781456953642384,1.4,False,True,Qwen2.5-72B|s1
RedHatAI/Qwen2.5-72B-quantized.w8a8,qwen2.5,Qwen2.5-72B,w8a8_int,winogrande,82.56,81.77,-0.79,-0.3890728476821192,-2.1781456953642384,1.4,False,True,Qwen2.5-72B|s1
RedHatAI/Qwen2.5-72B-quantized.w8a8,qwen2.5,Qwen2.5-72B,w8a8_int,truthfulqa,60.44,60.49,0.05,-0.3890728476821192,-2.1781456953642384,1.4,False,True,Qwen2.5-72B|s1
RedHatAI/Qwen2.5-72B-FP8-dynamic,qwen2.5,Qwen2.5-72B,fp8_dynamic,mmlu,86.05,85.84,-0.21,-0.11031746031746031,-2.1206349206349207,1.9,False,True,Qwen2.5-72B|s2
RedHatAI/Qwen2.5-72B-FP8-dynamic,qwen2.5,Qwen2.5-72B,fp8_dynamic,arc_challenge,68.26,68.17,-0.09,-0.11031746031746031,-2.1206349206349207,1.9,False,True,Qwen2.5-72B|s2
RedHatAI/Qwen2.5-72B-FP8-dynamic,qwen2.5,Qwen2.5-72B,fp8_dynamic,gsm8k,88.63,87.79,-0.84,-0.11031746031746031,-2.1206349206349207,1.9,False,True,Qwen2.5-72B|s2
RedHatAI/Qwen2.5-72B-FP8-dynamic,qwen2.5,Qwen2.5-72B,fp8_dynamic,hellaswag,87.53,87.46,-0.07,-0.11031746031746031,-2.1206349206349207,1.9,False,True,Qwen2.5-72B|s2
RedHatAI/Qwen2.5-72B-FP8-dynamic,qwen2.5,Qwen2.5-72B,fp8_dynamic,winogrande,82.56,83.19,0.63,-0.11031746031746031,-2.1206349206349207,1.9,False,True,Qwen2.5-72B|s2
RedHatAI/Qwen2.5-72B-FP8-dynamic,qwen2.5,Qwen2.5-72B,fp8_dynamic,truthfulqa,60.44,60.28,-0.16,-0.11031746031746031,-2.1206349206349207,1.9,False,True,Qwen2.5-72B|s2
RedHatAI/Qwen2.5-72B-quantized.w8a16,qwen2.5,Qwen2.5-72B,w8a16,mmlu,86.05,85.98,-0.07,0.03568627450980391,-1.9746311858076564,2.046003734827264,False,True,Qwen2.5-72B|s2
RedHatAI/Qwen2.5-72B-quantized.w8a16,qwen2.5,Qwen2.5-72B,w8a16,arc_challenge,68.26,68.17,-0.09,0.03568627450980391,-1.9746311858076564,2.046003734827264,False,True,Qwen2.5-72B|s2
RedHatAI/Qwen2.5-72B-quantized.w8a16,qwen2.5,Qwen2.5-72B,w8a16,gsm8k,88.63,89.16,0.53,0.03568627450980391,-1.9746311858076564,2.046003734827264,False,True,Qwen2.5-72B|s2
RedHatAI/Qwen2.5-72B-quantized.w8a16,qwen2.5,Qwen2.5-72B,w8a16,hellaswag,87.53,87.49,-0.04,0.03568627450980391,-1.9746311858076564,2.046003734827264,False,True,Qwen2.5-72B|s2
RedHatAI/Qwen2.5-72B-quantized.w8a16,qwen2.5,Qwen2.5-72B,w8a16,winogrande,82.56,82.56,0.0,0.03568627450980391,-1.9746311858076564,2.046003734827264,False,True,Qwen2.5-72B|s2
RedHatAI/Qwen2.5-72B-quantized.w8a16,qwen2.5,Qwen2.5-72B,w8a16,truthfulqa,60.44,60.3,-0.14,0.03568627450980391,-1.9746311858076564,2.046003734827264,False,True,Qwen2.5-72B|s2
RedHatAI/Qwen2.5-72B-quantized.w8a8,qwen2.5,Qwen2.5-72B,w8a8_int,mmlu,86.05,85.68,-0.37,-0.2815037593984962,-2.2918212197159566,1.7288137009189641,False,True,Qwen2.5-72B|s2
RedHatAI/Qwen2.5-72B-quantized.w8a8,qwen2.5,Qwen2.5-72B,w8a8_int,arc_challenge,68.26,68.17,-0.09,-0.2815037593984962,-2.2918212197159566,1.7288137009189641,False,True,Qwen2.5-72B|s2
RedHatAI/Qwen2.5-72B-quantized.w8a8,qwen2.5,Qwen2.5-72B,w8a8_int,gsm8k,88.63,88.63,0.0,-0.2815037593984962,-2.2918212197159566,1.7288137009189641,False,True,Qwen2.5-72B|s2
RedHatAI/Qwen2.5-72B-quantized.w8a8,qwen2.5,Qwen2.5-72B,w8a8_int,hellaswag,87.53,87.53,0.0,-0.2815037593984962,-2.2918212197159566,1.7288137009189641,False,True,Qwen2.5-72B|s2
RedHatAI/Qwen2.5-72B-quantized.w8a8,qwen2.5,Qwen2.5-72B,w8a8_int,winogrande,82.56,81.77,-0.79,-0.2815037593984962,-2.2918212197159566,1.7288137009189641,False,True,Qwen2.5-72B|s2
RedHatAI/Qwen2.5-72B-quantized.w8a8,qwen2.5,Qwen2.5-72B,w8a8_int,truthfulqa,60.44,60.49,0.05,-0.2815037593984962,-2.2918212197159566,1.7288137009189641,False,True,Qwen2.5-72B|s2
RedHatAI/Qwen2.5-72B-FP8-dynamic,qwen2.5,Qwen2.5-72B,fp8_dynamic,mmlu,86.05,85.84,-0.21,-0.009083333333333337,-1.7566443089430896,1.738477642276423,False,True,Qwen2.5-72B|s3
RedHatAI/Qwen2.5-72B-FP8-dynamic,qwen2.5,Qwen2.5-72B,fp8_dynamic,arc_challenge,68.26,68.17,-0.09,-0.009083333333333337,-1.7566443089430896,1.738477642276423,False,True,Qwen2.5-72B|s3
RedHatAI/Qwen2.5-72B-FP8-dynamic,qwen2.5,Qwen2.5-72B,fp8_dynamic,gsm8k,88.63,87.79,-0.84,-0.009083333333333337,-1.7566443089430896,1.738477642276423,False,True,Qwen2.5-72B|s3
RedHatAI/Qwen2.5-72B-FP8-dynamic,qwen2.5,Qwen2.5-72B,fp8_dynamic,hellaswag,87.53,87.46,-0.07,-0.009083333333333337,-1.7566443089430896,1.738477642276423,False,True,Qwen2.5-72B|s3
RedHatAI/Qwen2.5-72B-FP8-dynamic,qwen2.5,Qwen2.5-72B,fp8_dynamic,winogrande,82.56,83.19,0.63,-0.009083333333333337,-1.7566443089430896,1.738477642276423,False,True,Qwen2.5-72B|s3
RedHatAI/Qwen2.5-72B-FP8-dynamic,qwen2.5,Qwen2.5-72B,fp8_dynamic,truthfulqa,60.44,60.28,-0.16,-0.009083333333333337,-1.7566443089430896,1.738477642276423,False,True,Qwen2.5-72B|s3
RedHatAI/Qwen2.5-72B-quantized.w8a16,qwen2.5,Qwen2.5-72B,w8a16,mmlu,86.05,85.98,-0.07,-0.1306779661016949,-1.8782389417114511,1.6168830095080615,False,True,Qwen2.5-72B|s3
RedHatAI/Qwen2.5-72B-quantized.w8a16,qwen2.5,Qwen2.5-72B,w8a16,arc_challenge,68.26,68.17,-0.09,-0.1306779661016949,-1.8782389417114511,1.6168830095080615,False,True,Qwen2.5-72B|s3
RedHatAI/Qwen2.5-72B-quantized.w8a16,qwen2.5,Qwen2.5-72B,w8a16,gsm8k,88.63,89.16,0.53,-0.1306779661016949,-1.8782389417114511,1.6168830095080615,False,True,Qwen2.5-72B|s3
RedHatAI/Qwen2.5-72B-quantized.w8a16,qwen2.5,Qwen2.5-72B,w8a16,hellaswag,87.53,87.49,-0.04,-0.1306779661016949,-1.8782389417114511,1.6168830095080615,False,True,Qwen2.5-72B|s3
RedHatAI/Qwen2.5-72B-quantized.w8a16,qwen2.5,Qwen2.5-72B,w8a16,winogrande,82.56,82.56,0.0,-0.1306779661016949,-1.8782389417114511,1.6168830095080615,False,True,Qwen2.5-72B|s3
RedHatAI/Qwen2.5-72B-quantized.w8a16,qwen2.5,Qwen2.5-72B,w8a16,truthfulqa,60.44,60.3,-0.14,-0.1306779661016949,-1.8782389417114511,1.6168830095080615,False,True,Qwen2.5-72B|s3
RedHatAI/Qwen2.5-72B-quantized.w8a8,qwen2.5,Qwen2.5-72B,w8a8_int,mmlu,86.05,85.68,-0.37,-0.3282786885245902,-2.0758396641343464,1.4192822870851662,False,True,Qwen2.5-72B|s3
RedHatAI/Qwen2.5-72B-quantized.w8a8,qwen2.5,Qwen2.5-72B,w8a8_int,arc_challenge,68.26,68.17,-0.09,-0.3282786885245902,-2.0758396641343464,1.4192822870851662,False,True,Qwen2.5-72B|s3
RedHatAI/Qwen2.5-72B-quantized.w8a8,qwen2.5,Qwen2.5-72B,w8a8_int,gsm8k,88.63,88.63,0.0,-0.3282786885245902,-2.0758396641343464,1.4192822870851662,False,True,Qwen2.5-72B|s3
RedHatAI/Qwen2.5-72B-quantized.w8a8,qwen2.5,Qwen2.5-72B,w8a8_int,hellaswag,87.53,87.53,0.0,-0.3282786885245902,-2.0758396641343464,1.4192822870851662,False,True,Qwen2.5-72B|s3
RedHatAI/Qwen2.5-72B-quantized.w8a8,qwen2.5,Qwen2.5-72B,w8a8_int,winogrande,82.56,81.77,-0.79,-0.3282786885245902,-2.0758396641343464,1.4192822870851662,False,True,Qwen2.5-72B|s3
RedHatAI/Qwen2.5-72B-quantized.w8a8,qwen2.5,Qwen2.5-72B,w8a8_int,truthfulqa,60.44,60.49,0.05,-0.3282786885245902,-2.0758396641343464,1.4192822870851662,False,True,Qwen2.5-72B|s3
RedHatAI/Qwen2.5-72B-FP8-dynamic,qwen2.5,Qwen2.5-72B,fp8_dynamic,mmlu,86.05,85.84,-0.21,-0.0671764705882353,-1.9297738731856378,1.795420932009167,False,True,Qwen2.5-72B|s4
RedHatAI/Qwen2.5-72B-FP8-dynamic,qwen2.5,Qwen2.5-72B,fp8_dynamic,arc_challenge,68.26,68.17,-0.09,-0.0671764705882353,-1.9297738731856378,1.795420932009167,False,True,Qwen2.5-72B|s4
RedHatAI/Qwen2.5-72B-FP8-dynamic,qwen2.5,Qwen2.5-72B,fp8_dynamic,gsm8k,88.63,87.79,-0.84,-0.0671764705882353,-1.9297738731856378,1.795420932009167,False,True,Qwen2.5-72B|s4
RedHatAI/Qwen2.5-72B-FP8-dynamic,qwen2.5,Qwen2.5-72B,fp8_dynamic,hellaswag,87.53,87.46,-0.07,-0.0671764705882353,-1.9297738731856378,1.795420932009167,False,True,Qwen2.5-72B|s4
RedHatAI/Qwen2.5-72B-FP8-dynamic,qwen2.5,Qwen2.5-72B,fp8_dynamic,winogrande,82.56,83.19,0.63,-0.0671764705882353,-1.9297738731856378,1.795420932009167,False,True,Qwen2.5-72B|s4
RedHatAI/Qwen2.5-72B-FP8-dynamic,qwen2.5,Qwen2.5-72B,fp8_dynamic,truthfulqa,60.44,60.28,-0.16,-0.0671764705882353,-1.9297738731856378,1.795420932009167,False,True,Qwen2.5-72B|s4
RedHatAI/Qwen2.5-72B-quantized.w8a16,qwen2.5,Qwen2.5-72B,w8a16,mmlu,86.05,85.98,-0.07,-0.10214285714285713,-1.9647402597402595,1.7604545454545453,False,True,Qwen2.5-72B|s4
RedHatAI/Qwen2.5-72B-quantized.w8a16,qwen2.5,Qwen2.5-72B,w8a16,arc_challenge,68.26,68.17,-0.09,-0.10214285714285713,-1.9647402597402595,1.7604545454545453,False,True,Qwen2.5-72B|s4
RedHatAI/Qwen2.5-72B-quantized.w8a16,qwen2.5,Qwen2.5-72B,w8a16,gsm8k,88.63,89.16,0.53,-0.10214285714285713,-1.9647402597402595,1.7604545454545453,False,True,Qwen2.5-72B|s4
RedHatAI/Qwen2.5-72B-quantized.w8a16,qwen2.5,Qwen2.5-72B,w8a16,hellaswag,87.53,87.49,-0.04,-0.10214285714285713,-1.9647402597402595,1.7604545454545453,False,True,Qwen2.5-72B|s4
RedHatAI/Qwen2.5-72B-quantized.w8a16,qwen2.5,Qwen2.5-72B,w8a16,winogrande,82.56,82.56,0.0,-0.10214285714285713,-1.9647402597402595,1.7604545454545453,False,True,Qwen2.5-72B|s4
RedHatAI/Qwen2.5-72B-quantized.w8a16,qwen2.5,Qwen2.5-72B,w8a16,truthfulqa,60.44,60.3,-0.14,-0.10214285714285713,-1.9647402597402595,1.7604545454545453,False,True,Qwen2.5-72B|s4
RedHatAI/Qwen2.5-72B-quantized.w8a8,qwen2.5,Qwen2.5-72B,w8a8_int,mmlu,86.05,85.68,-0.37,-0.366038961038961,-2.2286363636363635,1.4965584415584414,False,True,Qwen2.5-72B|s4
RedHatAI/Qwen2.5-72B-quantized.w8a8,qwen2.5,Qwen2.5-72B,w8a8_int,arc_challenge,68.26,68.17,-0.09,-0.366038961038961,-2.2286363636363635,1.4965584415584414,False,True,Qwen2.5-72B|s4
RedHatAI/Qwen2.5-72B-quantized.w8a8,qwen2.5,Qwen2.5-72B,w8a8_int,gsm8k,88.63,88.63,0.0,-0.366038961038961,-2.2286363636363635,1.4965584415584414,False,True,Qwen2.5-72B|s4
RedHatAI/Qwen2.5-72B-quantized.w8a8,qwen2.5,Qwen2.5-72B,w8a8_int,hellaswag,87.53,87.53,0.0,-0.366038961038961,-2.2286363636363635,1.4965584415584414,False,True,Qwen2.5-72B|s4
RedHatAI/Qwen2.5-72B-quantized.w8a8,qwen2.5,Qwen2.5-72B,w8a8_int,winogrande,82.56,81.77,-0.79,-0.366038961038961,-2.2286363636363635,1.4965584415584414,False,True,Qwen2.5-72B|s4
RedHatAI/Qwen2.5-72B-quantized.w8a8,qwen2.5,Qwen2.5-72B,w8a8_int,truthfulqa,60.44,60.49,0.05,-0.366038961038961,-2.2286363636363635,1.4965584415584414,False,True,Qwen2.5-72B|s4
RedHatAI/Qwen2.5-7B-FP8-dynamic,qwen2.5,Qwen2.5-7B,fp8_dynamic,mmlu,74.15,74.26,0.11,-0.0012820512820512747,-1.6302475685234306,1.627683465959328,False,True,Qwen2.5-7B|s0
RedHatAI/Qwen2.5-7B-FP8-dynamic,qwen2.5,Qwen2.5-7B,fp8_dynamic,arc_challenge,59.39,59.39,0.0,-0.0012820512820512747,-1.6302475685234306,1.627683465959328,False,True,Qwen2.5-7B|s0
RedHatAI/Qwen2.5-7B-FP8-dynamic,qwen2.5,Qwen2.5-7B,fp8_dynamic,gsm8k,79.76,80.74,0.98,-0.0012820512820512747,-1.6302475685234306,1.627683465959328,False,True,Qwen2.5-7B|s0
RedHatAI/Qwen2.5-7B-FP8-dynamic,qwen2.5,Qwen2.5-7B,fp8_dynamic,hellaswag,80.17,80.13,-0.04,-0.0012820512820512747,-1.6302475685234306,1.627683465959328,False,True,Qwen2.5-7B|s0
RedHatAI/Qwen2.5-7B-FP8-dynamic,qwen2.5,Qwen2.5-7B,fp8_dynamic,winogrande,75.69,75.3,-0.39,-0.0012820512820512747,-1.6302475685234306,1.627683465959328,False,True,Qwen2.5-7B|s0
RedHatAI/Qwen2.5-7B-FP8-dynamic,qwen2.5,Qwen2.5-7B,fp8_dynamic,truthfulqa,56.38,56.18,-0.2,-0.0012820512820512747,-1.6302475685234306,1.627683465959328,False,True,Qwen2.5-7B|s0
RedHatAI/Qwen2.5-7B-quantized.w4a16,qwen2.5,Qwen2.5-7B,w4a16,mmlu,74.15,73.47,-0.68,-0.6388489208633094,-2.2678144381046885,0.9901165963780699,False,True,Qwen2.5-7B|s0
RedHatAI/Qwen2.5-7B-quantized.w4a16,qwen2.5,Qwen2.5-7B,w4a16,arc_challenge,59.39,58.7,-0.69,-0.6388489208633094,-2.2678144381046885,0.9901165963780699,False,True,Qwen2.5-7B|s0
RedHatAI/Qwen2.5-7B-quantized.w4a16,qwen2.5,Qwen2.5-7B,w4a16,gsm8k,79.76,79.08,-0.68,-0.6388489208633094,-2.2678144381046885,0.9901165963780699,False,True,Qwen2.5-7B|s0
RedHatAI/Qwen2.5-7B-quantized.w4a16,qwen2.5,Qwen2.5-7B,w4a16,hellaswag,80.17,79.39,-0.78,-0.6388489208633094,-2.2678144381046885,0.9901165963780699,False,True,Qwen2.5-7B|s0
RedHatAI/Qwen2.5-7B-quantized.w4a16,qwen2.5,Qwen2.5-7B,w4a16,winogrande,75.69,76.01,0.32,-0.6388489208633094,-2.2678144381046885,0.9901165963780699,False,True,Qwen2.5-7B|s0
RedHatAI/Qwen2.5-7B-quantized.w4a16,qwen2.5,Qwen2.5-7B,w4a16,truthfulqa,56.38,55.48,-0.9,-0.6388489208633094,-2.2678144381046885,0.9901165963780699,False,True,Qwen2.5-7B|s0
RedHatAI/Qwen2.5-7B-quantized.w8a16,qwen2.5,Qwen2.5-7B,w8a16,mmlu,74.15,74.41,0.26,-0.1846153846153846,-1.813580901856764,1.4443501326259947,False,True,Qwen2.5-7B|s0
RedHatAI/Qwen2.5-7B-quantized.w8a16,qwen2.5,Qwen2.5-7B,w8a16,gsm8k,79.76,80.44,0.68,-0.1846153846153846,-1.813580901856764,1.4443501326259947,False,True,Qwen2.5-7B|s0
RedHatAI/Qwen2.5-7B-quantized.w8a16,qwen2.5,Qwen2.5-7B,w8a16,hellaswag,80.17,80.25,0.08,-0.1846153846153846,-1.813580901856764,1.4443501326259947,False,True,Qwen2.5-7B|s0
RedHatAI/Qwen2.5-7B-quantized.w8a16,qwen2.5,Qwen2.5-7B,w8a16,winogrande,75.69,75.37,-0.32,-0.1846153846153846,-1.813580901856764,1.4443501326259947,False,True,Qwen2.5-7B|s0
RedHatAI/Qwen2.5-7B-quantized.w8a16,qwen2.5,Qwen2.5-7B,w8a16,truthfulqa,56.38,56.28,-0.1,-0.1846153846153846,-1.813580901856764,1.4443501326259947,False,True,Qwen2.5-7B|s0
RedHatAI/Qwen2.5-7B-quantized.w8a8,qwen2.5,Qwen2.5-7B,w8a8_int,mmlu,74.15,73.66,-0.49,-0.3306474820143885,-1.9596129992557678,1.2983180352269907,False,True,Qwen2.5-7B|s0
RedHatAI/Qwen2.5-7B-quantized.w8a8,qwen2.5,Qwen2.5-7B,w8a8_int,arc_challenge,59.39,59.13,-0.26,-0.3306474820143885,-1.9596129992557678,1.2983180352269907,False,True,Qwen2.5-7B|s0
RedHatAI/Qwen2.5-7B-quantized.w8a8,qwen2.5,Qwen2.5-7B,w8a8_int,gsm8k,79.76,79.83,0.07,-0.3306474820143885,-1.9596129992557678,1.2983180352269907,False,True,Qwen2.5-7B|s0
RedHatAI/Qwen2.5-7B-quantized.w8a8,qwen2.5,Qwen2.5-7B,w8a8_int,hellaswag,80.17,79.95,-0.22,-0.3306474820143885,-1.9596129992557678,1.2983180352269907,False,True,Qwen2.5-7B|s0
RedHatAI/Qwen2.5-7B-quantized.w8a8,qwen2.5,Qwen2.5-7B,w8a8_int,winogrande,75.69,75.22,-0.47,-0.3306474820143885,-1.9596129992557678,1.2983180352269907,False,True,Qwen2.5-7B|s0
RedHatAI/Qwen2.5-7B-quantized.w8a8,qwen2.5,Qwen2.5-7B,w8a8_int,truthfulqa,56.38,56.38,0.0,-0.3306474820143885,-1.9596129992557678,1.2983180352269907,False,True,Qwen2.5-7B|s0
RedHatAI/Qwen2.5-7B-FP8-dynamic,qwen2.5,Qwen2.5-7B,fp8_dynamic,mmlu,74.15,74.26,0.11,-0.1406779661016949,-2.0443446327683614,1.7629887005649718,False,True,Qwen2.5-7B|s1
RedHatAI/Qwen2.5-7B-FP8-dynamic,qwen2.5,Qwen2.5-7B,fp8_dynamic,arc_challenge,59.39,59.39,0.0,-0.1406779661016949,-2.0443446327683614,1.7629887005649718,False,True,Qwen2.5-7B|s1
RedHatAI/Qwen2.5-7B-FP8-dynamic,qwen2.5,Qwen2.5-7B,fp8_dynamic,gsm8k,79.76,80.74,0.98,-0.1406779661016949,-2.0443446327683614,1.7629887005649718,False,True,Qwen2.5-7B|s1
RedHatAI/Qwen2.5-7B-FP8-dynamic,qwen2.5,Qwen2.5-7B,fp8_dynamic,hellaswag,80.17,80.13,-0.04,-0.1406779661016949,-2.0443446327683614,1.7629887005649718,False,True,Qwen2.5-7B|s1
RedHatAI/Qwen2.5-7B-FP8-dynamic,qwen2.5,Qwen2.5-7B,fp8_dynamic,winogrande,75.69,75.3,-0.39,-0.1406779661016949,-2.0443446327683614,1.7629887005649718,False,True,Qwen2.5-7B|s1
RedHatAI/Qwen2.5-7B-FP8-dynamic,qwen2.5,Qwen2.5-7B,fp8_dynamic,truthfulqa,56.38,56.18,-0.2,-0.1406779661016949,-2.0443446327683614,1.7629887005649718,False,True,Qwen2.5-7B|s1
RedHatAI/Qwen2.5-7B-quantized.w4a16,qwen2.5,Qwen2.5-7B,w4a16,mmlu,74.15,73.47,-0.68,-0.6336666666666667,-2.537333333333333,1.27,False,True,Qwen2.5-7B|s1
RedHatAI/Qwen2.5-7B-quantized.w4a16,qwen2.5,Qwen2.5-7B,w4a16,arc_challenge,59.39,58.7,-0.69,-0.6336666666666667,-2.537333333333333,1.27,False,True,Qwen2.5-7B|s1
RedHatAI/Qwen2.5-7B-quantized.w4a16,qwen2.5,Qwen2.5-7B,w4a16,gsm8k,79.76,79.08,-0.68,-0.6336666666666667,-2.537333333333333,1.27,False,True,Qwen2.5-7B|s1
RedHatAI/Qwen2.5-7B-quantized.w4a16,qwen2.5,Qwen2.5-7B,w4a16,hellaswag,80.17,79.39,-0.78,-0.6336666666666667,-2.537333333333333,1.27,False,True,Qwen2.5-7B|s1
RedHatAI/Qwen2.5-7B-quantized.w4a16,qwen2.5,Qwen2.5-7B,w4a16,winogrande,75.69,76.01,0.32,-0.6336666666666667,-2.537333333333333,1.27,False,True,Qwen2.5-7B|s1
RedHatAI/Qwen2.5-7B-quantized.w4a16,qwen2.5,Qwen2.5-7B,w4a16,truthfulqa,56.38,55.48,-0.9,-0.6336666666666667,-2.537333333333333,1.27,False,True,Qwen2.5-7B|s1
RedHatAI/Qwen2.5-7B-quantized.w8a16,qwen2.5,Qwen2.5-7B,w8a16,mmlu,74.15,74.41,0.26,0.03509803921568627,-1.8685686274509803,1.938764705882353,False,True,Qwen2.5-7B|s1
RedHatAI/Qwen2.5-7B-quantized.w8a16,qwen2.5,Qwen2.5-7B,w8a16,gsm8k,79.76,80.44,0.68,0.03509803921568627,-1.8685686274509803,1.938764705882353,False,True,Qwen2.5-7B|s1
RedHatAI/Qwen2.5-7B-quantized.w8a16,qwen2.5,Qwen2.5-7B,w8a16,hellaswag,80.17,80.25,0.08,0.03509803921568627,-1.8685686274509803,1.938764705882353,False,True,Qwen2.5-7B|s1
RedHatAI/Qwen2.5-7B-quantized.w8a16,qwen2.5,Qwen2.5-7B,w8a16,winogrande,75.69,75.37,-0.32,0.03509803921568627,-1.8685686274509803,1.938764705882353,False,True,Qwen2.5-7B|s1
RedHatAI/Qwen2.5-7B-quantized.w8a16,qwen2.5,Qwen2.5-7B,w8a16,truthfulqa,56.38,56.28,-0.1,0.03509803921568627,-1.8685686274509803,1.938764705882353,False,True,Qwen2.5-7B|s1
RedHatAI/Qwen2.5-7B-quantized.w8a8,qwen2.5,Qwen2.5-7B,w8a8_int,mmlu,74.15,73.66,-0.49,-0.32653543307086613,-2.2302020997375327,1.5771312335958005,False,True,Qwen2.5-7B|s1
RedHatAI/Qwen2.5-7B-quantized.w8a8,qwen2.5,Qwen2.5-7B,w8a8_int,arc_challenge,59.39,59.13,-0.26,-0.32653543307086613,-2.2302020997375327,1.5771312335958005,False,True,Qwen2.5-7B|s1
RedHatAI/Qwen2.5-7B-quantized.w8a8,qwen2.5,Qwen2.5-7B,w8a8_int,gsm8k,79.76,79.83,0.07,-0.32653543307086613,-2.2302020997375327,1.5771312335958005,False,True,Qwen2.5-7B|s1
RedHatAI/Qwen2.5-7B-quantized.w8a8,qwen2.5,Qwen2.5-7B,w8a8_int,hellaswag,80.17,79.95,-0.22,-0.32653543307086613,-2.2302020997375327,1.5771312335958005,False,True,Qwen2.5-7B|s1
RedHatAI/Qwen2.5-7B-quantized.w8a8,qwen2.5,Qwen2.5-7B,w8a8_int,winogrande,75.69,75.22,-0.47,-0.32653543307086613,-2.2302020997375327,1.5771312335958005,False,True,Qwen2.5-7B|s1
RedHatAI/Qwen2.5-7B-quantized.w8a8,qwen2.5,Qwen2.5-7B,w8a8_int,truthfulqa,56.38,56.38,0.0,-0.32653543307086613,-2.2302020997375327,1.5771312335958005,False,True,Qwen2.5-7B|s1
RedHatAI/Qwen2.5-7B-FP8-dynamic,qwen2.5,Qwen2.5-7B,fp8_dynamic,mmlu,74.15,74.26,0.11,-0.19174603174603175,-2.43,2.0465079365079366,False,True,Qwen2.5-7B|s2
RedHatAI/Qwen2.5-7B-FP8-dynamic,qwen2.5,Qwen2.5-7B,fp8_dynamic,arc_challenge,59.39,59.39,0.0,-0.19174603174603175,-2.43,2.0465079365079366,False,True,Qwen2.5-7B|s2
RedHatAI/Qwen2.5-7B-FP8-dynamic,qwen2.5,Qwen2.5-7B,fp8_dynamic,gsm8k,79.76,80.74,0.98,-0.19174603174603175,-2.43,2.0465079365079366,False,True,Qwen2.5-7B|s2
RedHatAI/Qwen2.5-7B-FP8-dynamic,qwen2.5,Qwen2.5-7B,fp8_dynamic,hellaswag,80.17,80.13,-0.04,-0.19174603174603175,-2.43,2.0465079365079366,False,True,Qwen2.5-7B|s2
RedHatAI/Qwen2.5-7B-FP8-dynamic,qwen2.5,Qwen2.5-7B,fp8_dynamic,winogrande,75.69,75.3,-0.39,-0.19174603174603175,-2.43,2.0465079365079366,False,True,Qwen2.5-7B|s2
RedHatAI/Qwen2.5-7B-FP8-dynamic,qwen2.5,Qwen2.5-7B,fp8_dynamic,truthfulqa,56.38,56.18,-0.2,-0.19174603174603175,-2.43,2.0465079365079366,False,True,Qwen2.5-7B|s2
RedHatAI/Qwen2.5-7B-quantized.w4a16,qwen2.5,Qwen2.5-7B,w4a16,mmlu,74.15,73.47,-0.68,-0.5494871794871795,-2.787741147741148,1.688766788766789,False,True,Qwen2.5-7B|s2
RedHatAI/Qwen2.5-7B-quantized.w4a16,qwen2.5,Qwen2.5-7B,w4a16,arc_challenge,59.39,58.7,-0.69,-0.5494871794871795,-2.787741147741148,1.688766788766789,False,True,Qwen2.5-7B|s2
RedHatAI/Qwen2.5-7B-quantized.w4a16,qwen2.5,Qwen2.5-7B,w4a16,gsm8k,79.76,79.08,-0.68,-0.5494871794871795,-2.787741147741148,1.688766788766789,False,True,Qwen2.5-7B|s2
RedHatAI/Qwen2.5-7B-quantized.w4a16,qwen2.5,Qwen2.5-7B,w4a16,hellaswag,80.17,79.39,-0.78,-0.5494871794871795,-2.787741147741148,1.688766788766789,False,True,Qwen2.5-7B|s2
RedHatAI/Qwen2.5-7B-quantized.w4a16,qwen2.5,Qwen2.5-7B,w4a16,winogrande,75.69,76.01,0.32,-0.5494871794871795,-2.787741147741148,1.688766788766789,False,True,Qwen2.5-7B|s2
RedHatAI/Qwen2.5-7B-quantized.w4a16,qwen2.5,Qwen2.5-7B,w4a16,truthfulqa,56.38,55.48,-0.9,-0.5494871794871795,-2.787741147741148,1.688766788766789,False,True,Qwen2.5-7B|s2
RedHatAI/Qwen2.5-7B-quantized.w8a16,qwen2.5,Qwen2.5-7B,w8a16,mmlu,74.15,74.41,0.26,-0.1442857142857143,-2.3825396825396825,2.0939682539682543,False,True,Qwen2.5-7B|s2
RedHatAI/Qwen2.5-7B-quantized.w8a16,qwen2.5,Qwen2.5-7B,w8a16,gsm8k,79.76,80.44,0.68,-0.1442857142857143,-2.3825396825396825,2.0939682539682543,False,True,Qwen2.5-7B|s2
RedHatAI/Qwen2.5-7B-quantized.w8a16,qwen2.5,Qwen2.5-7B,w8a16,hellaswag,80.17,80.25,0.08,-0.1442857142857143,-2.3825396825396825,2.0939682539682543,False,True,Qwen2.5-7B|s2
RedHatAI/Qwen2.5-7B-quantized.w8a16,qwen2.5,Qwen2.5-7B,w8a16,winogrande,75.69,75.37,-0.32,-0.1442857142857143,-2.3825396825396825,2.0939682539682543,False,True,Qwen2.5-7B|s2
RedHatAI/Qwen2.5-7B-quantized.w8a16,qwen2.5,Qwen2.5-7B,w8a16,truthfulqa,56.38,56.28,-0.1,-0.1442857142857143,-2.3825396825396825,2.0939682539682543,False,True,Qwen2.5-7B|s2
RedHatAI/Qwen2.5-7B-quantized.w8a8,qwen2.5,Qwen2.5-7B,w8a8_int,mmlu,74.15,73.66,-0.49,-0.3003472222222222,-2.5386011904761907,1.937906746031746,False,True,Qwen2.5-7B|s2
RedHatAI/Qwen2.5-7B-quantized.w8a8,qwen2.5,Qwen2.5-7B,w8a8_int,arc_challenge,59.39,59.13,-0.26,-0.3003472222222222,-2.5386011904761907,1.937906746031746,False,True,Qwen2.5-7B|s2
RedHatAI/Qwen2.5-7B-quantized.w8a8,qwen2.5,Qwen2.5-7B,w8a8_int,gsm8k,79.76,79.83,0.07,-0.3003472222222222,-2.5386011904761907,1.937906746031746,False,True,Qwen2.5-7B|s2
RedHatAI/Qwen2.5-7B-quantized.w8a8,qwen2.5,Qwen2.5-7B,w8a8_int,hellaswag,80.17,79.95,-0.22,-0.3003472222222222,-2.5386011904761907,1.937906746031746,False,True,Qwen2.5-7B|s2
RedHatAI/Qwen2.5-7B-quantized.w8a8,qwen2.5,Qwen2.5-7B,w8a8_int,winogrande,75.69,75.22,-0.47,-0.3003472222222222,-2.5386011904761907,1.937906746031746,False,True,Qwen2.5-7B|s2
RedHatAI/Qwen2.5-7B-quantized.w8a8,qwen2.5,Qwen2.5-7B,w8a8_int,truthfulqa,56.38,56.38,0.0,-0.3003472222222222,-2.5386011904761907,1.937906746031746,False,True,Qwen2.5-7B|s2
RedHatAI/Qwen2.5-7B-FP8-dynamic,qwen2.5,Qwen2.5-7B,fp8_dynamic,mmlu,74.15,74.26,0.11,-0.027419354838709675,-1.7999774943735933,1.7451387846961741,False,True,Qwen2.5-7B|s3
RedHatAI/Qwen2.5-7B-FP8-dynamic,qwen2.5,Qwen2.5-7B,fp8_dynamic,arc_challenge,59.39,59.39,0.0,-0.027419354838709675,-1.7999774943735933,1.7451387846961741,False,True,Qwen2.5-7B|s3
RedHatAI/Qwen2.5-7B-FP8-dynamic,qwen2.5,Qwen2.5-7B,fp8_dynamic,gsm8k,79.76,80.74,0.98,-0.027419354838709675,-1.7999774943735933,1.7451387846961741,False,True,Qwen2.5-7B|s3
RedHatAI/Qwen2.5-7B-FP8-dynamic,qwen2.5,Qwen2.5-7B,fp8_dynamic,hellaswag,80.17,80.13,-0.04,-0.027419354838709675,-1.7999774943735933,1.7451387846961741,False,True,Qwen2.5-7B|s3
RedHatAI/Qwen2.5-7B-FP8-dynamic,qwen2.5,Qwen2.5-7B,fp8_dynamic,winogrande,75.69,75.3,-0.39,-0.027419354838709675,-1.7999774943735933,1.7451387846961741,False,True,Qwen2.5-7B|s3
RedHatAI/Qwen2.5-7B-FP8-dynamic,qwen2.5,Qwen2.5-7B,fp8_dynamic,truthfulqa,56.38,56.18,-0.2,-0.027419354838709675,-1.7999774943735933,1.7451387846961741,False,True,Qwen2.5-7B|s3
RedHatAI/Qwen2.5-7B-quantized.w4a16,qwen2.5,Qwen2.5-7B,w4a16,mmlu,74.15,73.47,-0.68,-0.6174418604651163,-2.39,1.1551162790697673,False,True,Qwen2.5-7B|s3
RedHatAI/Qwen2.5-7B-quantized.w4a16,qwen2.5,Qwen2.5-7B,w4a16,arc_challenge,59.39,58.7,-0.69,-0.6174418604651163,-2.39,1.1551162790697673,False,True,Qwen2.5-7B|s3
RedHatAI/Qwen2.5-7B-quantized.w4a16,qwen2.5,Qwen2.5-7B,w4a16,gsm8k,79.76,79.08,-0.68,-0.6174418604651163,-2.39,1.1551162790697673,False,True,Qwen2.5-7B|s3
RedHatAI/Qwen2.5-7B-quantized.w4a16,qwen2.5,Qwen2.5-7B,w4a16,hellaswag,80.17,79.39,-0.78,-0.6174418604651163,-2.39,1.1551162790697673,False,True,Qwen2.5-7B|s3
RedHatAI/Qwen2.5-7B-quantized.w4a16,qwen2.5,Qwen2.5-7B,w4a16,winogrande,75.69,76.01,0.32,-0.6174418604651163,-2.39,1.1551162790697673,False,True,Qwen2.5-7B|s3
RedHatAI/Qwen2.5-7B-quantized.w4a16,qwen2.5,Qwen2.5-7B,w4a16,truthfulqa,56.38,55.48,-0.9,-0.6174418604651163,-2.39,1.1551162790697673,False,True,Qwen2.5-7B|s3
RedHatAI/Qwen2.5-7B-quantized.w8a16,qwen2.5,Qwen2.5-7B,w8a16,mmlu,74.15,74.41,0.26,0.051875,-1.7206831395348838,1.8244331395348836,False,True,Qwen2.5-7B|s3
RedHatAI/Qwen2.5-7B-quantized.w8a16,qwen2.5,Qwen2.5-7B,w8a16,gsm8k,79.76,80.44,0.68,0.051875,-1.7206831395348838,1.8244331395348836,False,True,Qwen2.5-7B|s3
RedHatAI/Qwen2.5-7B-quantized.w8a16,qwen2.5,Qwen2.5-7B,w8a16,hellaswag,80.17,80.25,0.08,0.051875,-1.7206831395348838,1.8244331395348836,False,True,Qwen2.5-7B|s3
RedHatAI/Qwen2.5-7B-quantized.w8a16,qwen2.5,Qwen2.5-7B,w8a16,winogrande,75.69,75.37,-0.32,0.051875,-1.7206831395348838,1.8244331395348836,False,True,Qwen2.5-7B|s3
RedHatAI/Qwen2.5-7B-quantized.w8a16,qwen2.5,Qwen2.5-7B,w8a16,truthfulqa,56.38,56.28,-0.1,0.051875,-1.7206831395348838,1.8244331395348836,False,True,Qwen2.5-7B|s3
RedHatAI/Qwen2.5-7B-quantized.w8a8,qwen2.5,Qwen2.5-7B,w8a8_int,mmlu,74.15,73.66,-0.49,-0.3816793893129771,-2.154237528847861,1.3908787502219067,False,True,Qwen2.5-7B|s3
RedHatAI/Qwen2.5-7B-quantized.w8a8,qwen2.5,Qwen2.5-7B,w8a8_int,arc_challenge,59.39,59.13,-0.26,-0.3816793893129771,-2.154237528847861,1.3908787502219067,False,True,Qwen2.5-7B|s3
RedHatAI/Qwen2.5-7B-quantized.w8a8,qwen2.5,Qwen2.5-7B,w8a8_int,gsm8k,79.76,79.83,0.07,-0.3816793893129771,-2.154237528847861,1.3908787502219067,False,True,Qwen2.5-7B|s3
RedHatAI/Qwen2.5-7B-quantized.w8a8,qwen2.5,Qwen2.5-7B,w8a8_int,hellaswag,80.17,79.95,-0.22,-0.3816793893129771,-2.154237528847861,1.3908787502219067,False,True,Qwen2.5-7B|s3
RedHatAI/Qwen2.5-7B-quantized.w8a8,qwen2.5,Qwen2.5-7B,w8a8_int,winogrande,75.69,75.22,-0.47,-0.3816793893129771,-2.154237528847861,1.3908787502219067,False,True,Qwen2.5-7B|s3
RedHatAI/Qwen2.5-7B-quantized.w8a8,qwen2.5,Qwen2.5-7B,w8a8_int,truthfulqa,56.38,56.38,0.0,-0.3816793893129771,-2.154237528847861,1.3908787502219067,False,True,Qwen2.5-7B|s3
RedHatAI/Qwen2.5-7B-FP8-dynamic,qwen2.5,Qwen2.5-7B,fp8_dynamic,mmlu,74.15,74.26,0.11,-0.03593333333333335,-1.561861904761905,1.4899952380952382,False,True,Qwen2.5-7B|s4
RedHatAI/Qwen2.5-7B-FP8-dynamic,qwen2.5,Qwen2.5-7B,fp8_dynamic,arc_challenge,59.39,59.39,0.0,-0.03593333333333335,-1.561861904761905,1.4899952380952382,False,True,Qwen2.5-7B|s4
RedHatAI/Qwen2.5-7B-FP8-dynamic,qwen2.5,Qwen2.5-7B,fp8_dynamic,gsm8k,79.76,80.74,0.98,-0.03593333333333335,-1.561861904761905,1.4899952380952382,False,True,Qwen2.5-7B|s4
RedHatAI/Qwen2.5-7B-FP8-dynamic,qwen2.5,Qwen2.5-7B,fp8_dynamic,hellaswag,80.17,80.13,-0.04,-0.03593333333333335,-1.561861904761905,1.4899952380952382,False,True,Qwen2.5-7B|s4
RedHatAI/Qwen2.5-7B-FP8-dynamic,qwen2.5,Qwen2.5-7B,fp8_dynamic,winogrande,75.69,75.3,-0.39,-0.03593333333333335,-1.561861904761905,1.4899952380952382,False,True,Qwen2.5-7B|s4
RedHatAI/Qwen2.5-7B-FP8-dynamic,qwen2.5,Qwen2.5-7B,fp8_dynamic,truthfulqa,56.38,56.18,-0.2,-0.03593333333333335,-1.561861904761905,1.4899952380952382,False,True,Qwen2.5-7B|s4
RedHatAI/Qwen2.5-7B-quantized.w4a16,qwen2.5,Qwen2.5-7B,w4a16,mmlu,74.15,73.47,-0.68,-0.6259285714285714,-2.1518571428571427,0.9000000000000001,False,True,Qwen2.5-7B|s4
RedHatAI/Qwen2.5-7B-quantized.w4a16,qwen2.5,Qwen2.5-7B,w4a16,arc_challenge,59.39,58.7,-0.69,-0.6259285714285714,-2.1518571428571427,0.9000000000000001,False,True,Qwen2.5-7B|s4
RedHatAI/Qwen2.5-7B-quantized.w4a16,qwen2.5,Qwen2.5-7B,w4a16,gsm8k,79.76,79.08,-0.68,-0.6259285714285714,-2.1518571428571427,0.9000000000000001,False,True,Qwen2.5-7B|s4
RedHatAI/Qwen2.5-7B-quantized.w4a16,qwen2.5,Qwen2.5-7B,w4a16,hellaswag,80.17,79.39,-0.78,-0.6259285714285714,-2.1518571428571427,0.9000000000000001,False,True,Qwen2.5-7B|s4
RedHatAI/Qwen2.5-7B-quantized.w4a16,qwen2.5,Qwen2.5-7B,w4a16,winogrande,75.69,76.01,0.32,-0.6259285714285714,-2.1518571428571427,0.9000000000000001,False,True,Qwen2.5-7B|s4
RedHatAI/Qwen2.5-7B-quantized.w4a16,qwen2.5,Qwen2.5-7B,w4a16,truthfulqa,56.38,55.48,-0.9,-0.6259285714285714,-2.1518571428571427,0.9000000000000001,False,True,Qwen2.5-7B|s4
RedHatAI/Qwen2.5-7B-quantized.w8a16,qwen2.5,Qwen2.5-7B,w8a16,mmlu,74.15,74.41,0.26,-0.14550000000000002,-1.6714285714285715,1.3804285714285716,False,True,Qwen2.5-7B|s4
RedHatAI/Qwen2.5-7B-quantized.w8a16,qwen2.5,Qwen2.5-7B,w8a16,gsm8k,79.76,80.44,0.68,-0.14550000000000002,-1.6714285714285715,1.3804285714285716,False,True,Qwen2.5-7B|s4
RedHatAI/Qwen2.5-7B-quantized.w8a16,qwen2.5,Qwen2.5-7B,w8a16,hellaswag,80.17,80.25,0.08,-0.14550000000000002,-1.6714285714285715,1.3804285714285716,False,True,Qwen2.5-7B|s4
RedHatAI/Qwen2.5-7B-quantized.w8a16,qwen2.5,Qwen2.5-7B,w8a16,winogrande,75.69,75.37,-0.32,-0.14550000000000002,-1.6714285714285715,1.3804285714285716,False,True,Qwen2.5-7B|s4
RedHatAI/Qwen2.5-7B-quantized.w8a16,qwen2.5,Qwen2.5-7B,w8a16,truthfulqa,56.38,56.28,-0.1,-0.14550000000000002,-1.6714285714285715,1.3804285714285716,False,True,Qwen2.5-7B|s4
RedHatAI/Qwen2.5-7B-quantized.w8a8,qwen2.5,Qwen2.5-7B,w8a8_int,mmlu,74.15,73.66,-0.49,-0.4146206896551724,-1.9405492610837438,1.1113078817733992,False,True,Qwen2.5-7B|s4
RedHatAI/Qwen2.5-7B-quantized.w8a8,qwen2.5,Qwen2.5-7B,w8a8_int,arc_challenge,59.39,59.13,-0.26,-0.4146206896551724,-1.9405492610837438,1.1113078817733992,False,True,Qwen2.5-7B|s4
RedHatAI/Qwen2.5-7B-quantized.w8a8,qwen2.5,Qwen2.5-7B,w8a8_int,gsm8k,79.76,79.83,0.07,-0.4146206896551724,-1.9405492610837438,1.1113078817733992,False,True,Qwen2.5-7B|s4
RedHatAI/Qwen2.5-7B-quantized.w8a8,qwen2.5,Qwen2.5-7B,w8a8_int,hellaswag,80.17,79.95,-0.22,-0.4146206896551724,-1.9405492610837438,1.1113078817733992,False,True,Qwen2.5-7B|s4
RedHatAI/Qwen2.5-7B-quantized.w8a8,qwen2.5,Qwen2.5-7B,w8a8_int,winogrande,75.69,75.22,-0.47,-0.4146206896551724,-1.9405492610837438,1.1113078817733992,False,True,Qwen2.5-7B|s4
RedHatAI/Qwen2.5-7B-quantized.w8a8,qwen2.5,Qwen2.5-7B,w8a8_int,truthfulqa,56.38,56.38,0.0,-0.4146206896551724,-1.9405492610837438,1.1113078817733992,False,True,Qwen2.5-7B|s4
RedHatAI/Qwen2.5-7B-Instruct-FP8-dynamic,qwen2.5,Qwen2.5-7B-Instruct,fp8_dynamic,mmlu,74.24,74.04,-0.2,-0.04470149253731344,-1.6046221274579484,1.5152191423833214,False,True,Qwen2.5-7B-Instruct|s0
RedHatAI/Qwen2.5-7B-Instruct-FP8-dynamic,qwen2.5,Qwen2.5-7B-Instruct,fp8_dynamic,arc_challenge,63.4,63.14,-0.26,-0.04470149253731344,-1.6046221274579484,1.5152191423833214,False,True,Qwen2.5-7B-Instruct|s0
RedHatAI/Qwen2.5-7B-Instruct-FP8-dynamic,qwen2.5,Qwen2.5-7B-Instruct,fp8_dynamic,gsm8k,80.36,80.06,-0.3,-0.04470149253731344,-1.6046221274579484,1.5152191423833214,False,True,Qwen2.5-7B-Instruct|s0
RedHatAI/Qwen2.5-7B-Instruct-FP8-dynamic,qwen2.5,Qwen2.5-7B-Instruct,fp8_dynamic,hellaswag,81.52,81.11,-0.41,-0.04470149253731344,-1.6046221274579484,1.5152191423833214,False,True,Qwen2.5-7B-Instruct|s0
RedHatAI/Qwen2.5-7B-Instruct-FP8-dynamic,qwen2.5,Qwen2.5-7B-Instruct,fp8_dynamic,winogrande,74.66,74.43,-0.23,-0.04470149253731344,-1.6046221274579484,1.5152191423833214,False,True,Qwen2.5-7B-Instruct|s0
RedHatAI/Qwen2.5-7B-Instruct-FP8-dynamic,qwen2.5,Qwen2.5-7B-Instruct,fp8_dynamic,truthfulqa,64.76,64.87,0.11,-0.04470149253731344,-1.6046221274579484,1.5152191423833214,False,True,Qwen2.5-7B-Instruct|s0
RedHatAI/Qwen2.5-7B-Instruct-quantized.w4a16,qwen2.5,Qwen2.5-7B-Instruct,w4a16,mmlu,74.24,73.19,-1.05,-0.7418852459016394,-2.3018058808222746,0.8180353890189955,False,True,Qwen2.5-7B-Instruct|s0
RedHatAI/Qwen2.5-7B-Instruct-quantized.w4a16,qwen2.5,Qwen2.5-7B-Instruct,w4a16,arc_challenge,63.4,63.23,-0.17,-0.7418852459016394,-2.3018058808222746,0.8180353890189955,False,True,Qwen2.5-7B-Instruct|s0
RedHatAI/Qwen2.5-7B-Instruct-quantized.w4a16,qwen2.5,Qwen2.5-7B-Instruct,w4a16,gsm8k,80.36,80.59,0.23,-0.7418852459016394,-2.3018058808222746,0.8180353890189955,False,True,Qwen2.5-7B-Instruct|s0
RedHatAI/Qwen2.5-7B-Instruct-quantized.w4a16,qwen2.5,Qwen2.5-7B-Instruct,w4a16,hellaswag,81.52,80.65,-0.87,-0.7418852459016394,-2.3018058808222746,0.8180353890189955,False,True,Qwen2.5-7B-Instruct|s0
RedHatAI/Qwen2.5-7B-Instruct-quantized.w4a16,qwen2.5,Qwen2.5-7B-Instruct,w4a16,winogrande,74.66,74.19,-0.47,-0.7418852459016394,-2.3018058808222746,0.8180353890189955,False,True,Qwen2.5-7B-Instruct|s0
RedHatAI/Qwen2.5-7B-Instruct-quantized.w4a16,qwen2.5,Qwen2.5-7B-Instruct,w4a16,truthfulqa,64.76,64.27,-0.49,-0.7418852459016394,-2.3018058808222746,0.8180353890189955,False,True,Qwen2.5-7B-Instruct|s0
RedHatAI/Qwen2.5-7B-Instruct-quantized.w8a8,qwen2.5,Qwen2.5-7B-Instruct,w8a8_int,mmlu,74.24,73.87,-0.37,-0.2999206349206349,-1.8598412698412699,1.26,False,True,Qwen2.5-7B-Instruct|s0
RedHatAI/Qwen2.5-7B-Instruct-quantized.w8a8,qwen2.5,Qwen2.5-7B-Instruct,w8a8_int,arc_challenge,63.4,63.23,-0.17,-0.2999206349206349,-1.8598412698412699,1.26,False,True,Qwen2.5-7B-Instruct|s0
RedHatAI/Qwen2.5-7B-Instruct-quantized.w8a8,qwen2.5,Qwen2.5-7B-Instruct,w8a8_int,gsm8k,80.36,80.74,0.38,-0.2999206349206349,-1.8598412698412699,1.26,False,True,Qwen2.5-7B-Instruct|s0
RedHatAI/Qwen2.5-7B-Instruct-quantized.w8a8,qwen2.5,Qwen2.5-7B-Instruct,w8a8_int,hellaswag,81.52,81.06,-0.46,-0.2999206349206349,-1.8598412698412699,1.26,False,True,Qwen2.5-7B-Instruct|s0
RedHatAI/Qwen2.5-7B-Instruct-quantized.w8a8,qwen2.5,Qwen2.5-7B-Instruct,w8a8_int,winogrande,74.66,74.82,0.16,-0.2999206349206349,-1.8598412698412699,1.26,False,True,Qwen2.5-7B-Instruct|s0
RedHatAI/Qwen2.5-7B-Instruct-quantized.w8a8,qwen2.5,Qwen2.5-7B-Instruct,w8a8_int,truthfulqa,64.76,64.58,-0.18,-0.2999206349206349,-1.8598412698412699,1.26,False,True,Qwen2.5-7B-Instruct|s0
RedHatAI/Qwen2.5-7B-Instruct-FP8-dynamic,qwen2.5,Qwen2.5-7B-Instruct,fp8_dynamic,mmlu,74.24,74.04,-0.2,-0.039999999999999994,-1.7952066115702479,1.7152066115702478,False,True,Qwen2.5-7B-Instruct|s1
RedHatAI/Qwen2.5-7B-Instruct-FP8-dynamic,qwen2.5,Qwen2.5-7B-Instruct,fp8_dynamic,arc_challenge,63.4,63.14,-0.26,-0.039999999999999994,-1.7952066115702479,1.7152066115702478,False,True,Qwen2.5-7B-Instruct|s1
RedHatAI/Qwen2.5-7B-Instruct-FP8-dynamic,qwen2.5,Qwen2.5-7B-Instruct,fp8_dynamic,gsm8k,80.36,80.06,-0.3,-0.039999999999999994,-1.7952066115702479,1.7152066115702478,False,True,Qwen2.5-7B-Instruct|s1
RedHatAI/Qwen2.5-7B-Instruct-FP8-dynamic,qwen2.5,Qwen2.5-7B-Instruct,fp8_dynamic,hellaswag,81.52,81.11,-0.41,-0.039999999999999994,-1.7952066115702479,1.7152066115702478,False,True,Qwen2.5-7B-Instruct|s1
RedHatAI/Qwen2.5-7B-Instruct-FP8-dynamic,qwen2.5,Qwen2.5-7B-Instruct,fp8_dynamic,winogrande,74.66,74.43,-0.23,-0.039999999999999994,-1.7952066115702479,1.7152066115702478,False,True,Qwen2.5-7B-Instruct|s1
RedHatAI/Qwen2.5-7B-Instruct-FP8-dynamic,qwen2.5,Qwen2.5-7B-Instruct,fp8_dynamic,truthfulqa,64.76,64.87,0.11,-0.039999999999999994,-1.7952066115702479,1.7152066115702478,False,True,Qwen2.5-7B-Instruct|s1
RedHatAI/Qwen2.5-7B-Instruct-quantized.w4a16,qwen2.5,Qwen2.5-7B-Instruct,w4a16,mmlu,74.24,73.19,-1.05,-0.6152066115702479,-2.3704132231404955,1.14,False,True,Qwen2.5-7B-Instruct|s1
RedHatAI/Qwen2.5-7B-Instruct-quantized.w4a16,qwen2.5,Qwen2.5-7B-Instruct,w4a16,arc_challenge,63.4,63.23,-0.17,-0.6152066115702479,-2.3704132231404955,1.14,False,True,Qwen2.5-7B-Instruct|s1
RedHatAI/Qwen2.5-7B-Instruct-quantized.w4a16,qwen2.5,Qwen2.5-7B-Instruct,w4a16,gsm8k,80.36,80.59,0.23,-0.6152066115702479,-2.3704132231404955,1.14,False,True,Qwen2.5-7B-Instruct|s1
RedHatAI/Qwen2.5-7B-Instruct-quantized.w4a16,qwen2.5,Qwen2.5-7B-Instruct,w4a16,hellaswag,81.52,80.65,-0.87,-0.6152066115702479,-2.3704132231404955,1.14,False,True,Qwen2.5-7B-Instruct|s1
RedHatAI/Qwen2.5-7B-Instruct-quantized.w4a16,qwen2.5,Qwen2.5-7B-Instruct,w4a16,winogrande,74.66,74.19,-0.47,-0.6152066115702479,-2.3704132231404955,1.14,False,True,Qwen2.5-7B-Instruct|s1
RedHatAI/Qwen2.5-7B-Instruct-quantized.w4a16,qwen2.5,Qwen2.5-7B-Instruct,w4a16,truthfulqa,64.76,64.27,-0.49,-0.6152066115702479,-2.3704132231404955,1.14,False,True,Qwen2.5-7B-Instruct|s1
RedHatAI/Qwen2.5-7B-Instruct-quantized.w8a8,qwen2.5,Qwen2.5-7B-Instruct,w8a8_int,mmlu,74.24,73.87,-0.37,-0.31669172932330825,-2.071898340893556,1.4385148822469396,False,True,Qwen2.5-7B-Instruct|s1
RedHatAI/Qwen2.5-7B-Instruct-quantized.w8a8,qwen2.5,Qwen2.5-7B-Instruct,w8a8_int,arc_challenge,63.4,63.23,-0.17,-0.31669172932330825,-2.071898340893556,1.4385148822469396,False,True,Qwen2.5-7B-Instruct|s1
RedHatAI/Qwen2.5-7B-Instruct-quantized.w8a8,qwen2.5,Qwen2.5-7B-Instruct,w8a8_int,gsm8k,80.36,80.74,0.38,-0.31669172932330825,-2.071898340893556,1.4385148822469396,False,True,Qwen2.5-7B-Instruct|s1
RedHatAI/Qwen2.5-7B-Instruct-quantized.w8a8,qwen2.5,Qwen2.5-7B-Instruct,w8a8_int,hellaswag,81.52,81.06,-0.46,-0.31669172932330825,-2.071898340893556,1.4385148822469396,False,True,Qwen2.5-7B-Instruct|s1
RedHatAI/Qwen2.5-7B-Instruct-quantized.w8a8,qwen2.5,Qwen2.5-7B-Instruct,w8a8_int,winogrande,74.66,74.82,0.16,-0.31669172932330825,-2.071898340893556,1.4385148822469396,False,True,Qwen2.5-7B-Instruct|s1
RedHatAI/Qwen2.5-7B-Instruct-quantized.w8a8,qwen2.5,Qwen2.5-7B-Instruct,w8a8_int,truthfulqa,64.76,64.58,-0.18,-0.31669172932330825,-2.071898340893556,1.4385148822469396,False,True,Qwen2.5-7B-Instruct|s1
RedHatAI/Qwen2.5-7B-Instruct-FP8-dynamic,qwen2.5,Qwen2.5-7B-Instruct,fp8_dynamic,mmlu,74.24,74.04,-0.2,0.012589928057553955,-1.544410071942446,1.5695899280575538,False,True,Qwen2.5-7B-Instruct|s2
RedHatAI/Qwen2.5-7B-Instruct-FP8-dynamic,qwen2.5,Qwen2.5-7B-Instruct,fp8_dynamic,arc_challenge,63.4,63.14,-0.26,0.012589928057553955,-1.544410071942446,1.5695899280575538,False,True,Qwen2.5-7B-Instruct|s2
RedHatAI/Qwen2.5-7B-Instruct-FP8-dynamic,qwen2.5,Qwen2.5-7B-Instruct,fp8_dynamic,gsm8k,80.36,80.06,-0.3,0.012589928057553955,-1.544410071942446,1.5695899280575538,False,True,Qwen2.5-7B-Instruct|s2
RedHatAI/Qwen2.5-7B-Instruct-FP8-dynamic,qwen2.5,Qwen2.5-7B-Instruct,fp8_dynamic,hellaswag,81.52,81.11,-0.41,0.012589928057553955,-1.544410071942446,1.5695899280575538,False,True,Qwen2.5-7B-Instruct|s2
RedHatAI/Qwen2.5-7B-Instruct-FP8-dynamic,qwen2.5,Qwen2.5-7B-Instruct,fp8_dynamic,winogrande,74.66,74.43,-0.23,0.012589928057553955,-1.544410071942446,1.5695899280575538,False,True,Qwen2.5-7B-Instruct|s2
RedHatAI/Qwen2.5-7B-Instruct-FP8-dynamic,qwen2.5,Qwen2.5-7B-Instruct,fp8_dynamic,truthfulqa,64.76,64.87,0.11,0.012589928057553955,-1.544410071942446,1.5695899280575538,False,True,Qwen2.5-7B-Instruct|s2
RedHatAI/Qwen2.5-7B-Instruct-quantized.w4a16,qwen2.5,Qwen2.5-7B-Instruct,w4a16,mmlu,74.24,73.19,-1.05,-0.8330000000000001,-2.39,0.7239999999999999,False,True,Qwen2.5-7B-Instruct|s2
RedHatAI/Qwen2.5-7B-Instruct-quantized.w4a16,qwen2.5,Qwen2.5-7B-Instruct,w4a16,arc_challenge,63.4,63.23,-0.17,-0.8330000000000001,-2.39,0.7239999999999999,False,True,Qwen2.5-7B-Instruct|s2
RedHatAI/Qwen2.5-7B-Instruct-quantized.w4a16,qwen2.5,Qwen2.5-7B-Instruct,w4a16,gsm8k,80.36,80.59,0.23,-0.8330000000000001,-2.39,0.7239999999999999,False,True,Qwen2.5-7B-Instruct|s2
RedHatAI/Qwen2.5-7B-Instruct-quantized.w4a16,qwen2.5,Qwen2.5-7B-Instruct,w4a16,hellaswag,81.52,80.65,-0.87,-0.8330000000000001,-2.39,0.7239999999999999,False,True,Qwen2.5-7B-Instruct|s2
RedHatAI/Qwen2.5-7B-Instruct-quantized.w4a16,qwen2.5,Qwen2.5-7B-Instruct,w4a16,winogrande,74.66,74.19,-0.47,-0.8330000000000001,-2.39,0.7239999999999999,False,True,Qwen2.5-7B-Instruct|s2
RedHatAI/Qwen2.5-7B-Instruct-quantized.w4a16,qwen2.5,Qwen2.5-7B-Instruct,w4a16,truthfulqa,64.76,64.27,-0.49,-0.8330000000000001,-2.39,0.7239999999999999,False,True,Qwen2.5-7B-Instruct|s2
RedHatAI/Qwen2.5-7B-Instruct-quantized.w8a8,qwen2.5,Qwen2.5-7B-Instruct,w8a8_int,mmlu,74.24,73.87,-0.37,-0.29109375,-1.8480937499999999,1.26590625,False,True,Qwen2.5-7B-Instruct|s2
RedHatAI/Qwen2.5-7B-Instruct-quantized.w8a8,qwen2.5,Qwen2.5-7B-Instruct,w8a8_int,arc_challenge,63.4,63.23,-0.17,-0.29109375,-1.8480937499999999,1.26590625,False,True,Qwen2.5-7B-Instruct|s2
RedHatAI/Qwen2.5-7B-Instruct-quantized.w8a8,qwen2.5,Qwen2.5-7B-Instruct,w8a8_int,gsm8k,80.36,80.74,0.38,-0.29109375,-1.8480937499999999,1.26590625,False,True,Qwen2.5-7B-Instruct|s2
RedHatAI/Qwen2.5-7B-Instruct-quantized.w8a8,qwen2.5,Qwen2.5-7B-Instruct,w8a8_int,hellaswag,81.52,81.06,-0.46,-0.29109375,-1.8480937499999999,1.26590625,False,True,Qwen2.5-7B-Instruct|s2
RedHatAI/Qwen2.5-7B-Instruct-quantized.w8a8,qwen2.5,Qwen2.5-7B-Instruct,w8a8_int,winogrande,74.66,74.82,0.16,-0.29109375,-1.8480937499999999,1.26590625,False,True,Qwen2.5-7B-Instruct|s2
RedHatAI/Qwen2.5-7B-Instruct-quantized.w8a8,qwen2.5,Qwen2.5-7B-Instruct,w8a8_int,truthfulqa,64.76,64.58,-0.18,-0.29109375,-1.8480937499999999,1.26590625,False,True,Qwen2.5-7B-Instruct|s2
RedHatAI/Qwen2.5-7B-Instruct-FP8-dynamic,qwen2.5,Qwen2.5-7B-Instruct,fp8_dynamic,mmlu,74.24,74.04,-0.2,-0.14740458015267177,-2.112960135708227,1.8181509754028837,False,True,Qwen2.5-7B-Instruct|s3
RedHatAI/Qwen2.5-7B-Instruct-FP8-dynamic,qwen2.5,Qwen2.5-7B-Instruct,fp8_dynamic,arc_challenge,63.4,63.14,-0.26,-0.14740458015267177,-2.112960135708227,1.8181509754028837,False,True,Qwen2.5-7B-Instruct|s3
RedHatAI/Qwen2.5-7B-Instruct-FP8-dynamic,qwen2.5,Qwen2.5-7B-Instruct,fp8_dynamic,gsm8k,80.36,80.06,-0.3,-0.14740458015267177,-2.112960135708227,1.8181509754028837,False,True,Qwen2.5-7B-Instruct|s3
RedHatAI/Qwen2.5-7B-Instruct-FP8-dynamic,qwen2.5,Qwen2.5-7B-Instruct,fp8_dynamic,hellaswag,81.52,81.11,-0.41,-0.14740458015267177,-2.112960135708227,1.8181509754028837,False,True,Qwen2.5-7B-Instruct|s3
RedHatAI/Qwen2.5-7B-Instruct-FP8-dynamic,qwen2.5,Qwen2.5-7B-Instruct,fp8_dynamic,winogrande,74.66,74.43,-0.23,-0.14740458015267177,-2.112960135708227,1.8181509754028837,False,True,Qwen2.5-7B-Instruct|s3
RedHatAI/Qwen2.5-7B-Instruct-FP8-dynamic,qwen2.5,Qwen2.5-7B-Instruct,fp8_dynamic,truthfulqa,64.76,64.87,0.11,-0.14740458015267177,-2.112960135708227,1.8181509754028837,False,True,Qwen2.5-7B-Instruct|s3
RedHatAI/Qwen2.5-7B-Instruct-quantized.w4a16,qwen2.5,Qwen2.5-7B-Instruct,w4a16,mmlu,74.24,73.19,-1.05,-0.8126515151515151,-2.7782070707070705,1.1529040404040405,False,True,Qwen2.5-7B-Instruct|s3
RedHatAI/Qwen2.5-7B-Instruct-quantized.w4a16,qwen2.5,Qwen2.5-7B-Instruct,w4a16,arc_challenge,63.4,63.23,-0.17,-0.8126515151515151,-2.7782070707070705,1.1529040404040405,False,True,Qwen2.5-7B-Instruct|s3
RedHatAI/Qwen2.5-7B-Instruct-quantized.w4a16,qwen2.5,Qwen2.5-7B-Instruct,w4a16,gsm8k,80.36,80.59,0.23,-0.8126515151515151,-2.7782070707070705,1.1529040404040405,False,True,Qwen2.5-7B-Instruct|s3
RedHatAI/Qwen2.5-7B-Instruct-quantized.w4a16,qwen2.5,Qwen2.5-7B-Instruct,w4a16,hellaswag,81.52,80.65,-0.87,-0.8126515151515151,-2.7782070707070705,1.1529040404040405,False,True,Qwen2.5-7B-Instruct|s3
RedHatAI/Qwen2.5-7B-Instruct-quantized.w4a16,qwen2.5,Qwen2.5-7B-Instruct,w4a16,winogrande,74.66,74.19,-0.47,-0.8126515151515151,-2.7782070707070705,1.1529040404040405,False,True,Qwen2.5-7B-Instruct|s3
RedHatAI/Qwen2.5-7B-Instruct-quantized.w4a16,qwen2.5,Qwen2.5-7B-Instruct,w4a16,truthfulqa,64.76,64.27,-0.49,-0.8126515151515151,-2.7782070707070705,1.1529040404040405,False,True,Qwen2.5-7B-Instruct|s3
RedHatAI/Qwen2.5-7B-Instruct-quantized.w8a8,qwen2.5,Qwen2.5-7B-Instruct,w8a8_int,mmlu,74.24,73.87,-0.37,-0.44350746268656716,-2.4090630182421227,1.5220480928689883,False,True,Qwen2.5-7B-Instruct|s3
RedHatAI/Qwen2.5-7B-Instruct-quantized.w8a8,qwen2.5,Qwen2.5-7B-Instruct,w8a8_int,arc_challenge,63.4,63.23,-0.17,-0.44350746268656716,-2.4090630182421227,1.5220480928689883,False,True,Qwen2.5-7B-Instruct|s3
RedHatAI/Qwen2.5-7B-Instruct-quantized.w8a8,qwen2.5,Qwen2.5-7B-Instruct,w8a8_int,gsm8k,80.36,80.74,0.38,-0.44350746268656716,-2.4090630182421227,1.5220480928689883,False,True,Qwen2.5-7B-Instruct|s3
RedHatAI/Qwen2.5-7B-Instruct-quantized.w8a8,qwen2.5,Qwen2.5-7B-Instruct,w8a8_int,hellaswag,81.52,81.06,-0.46,-0.44350746268656716,-2.4090630182421227,1.5220480928689883,False,True,Qwen2.5-7B-Instruct|s3
RedHatAI/Qwen2.5-7B-Instruct-quantized.w8a8,qwen2.5,Qwen2.5-7B-Instruct,w8a8_int,winogrande,74.66,74.82,0.16,-0.44350746268656716,-2.4090630182421227,1.5220480928689883,False,True,Qwen2.5-7B-Instruct|s3
RedHatAI/Qwen2.5-7B-Instruct-quantized.w8a8,qwen2.5,Qwen2.5-7B-Instruct,w8a8_int,truthfulqa,64.76,64.58,-0.18,-0.44350746268656716,-2.4090630182421227,1.5220480928689883,False,True,Qwen2.5-7B-Instruct|s3
RedHatAI/Qwen2.5-7B-Instruct-FP8-dynamic,qwen2.5,Qwen2.5-7B-Instruct,fp8_dynamic,mmlu,74.24,74.04,-0.2,-0.020458015267175583,-1.2918373256120033,1.250921295077652,False,True,Qwen2.5-7B-Instruct|s4
RedHatAI/Qwen2.5-7B-Instruct-FP8-dynamic,qwen2.5,Qwen2.5-7B-Instruct,fp8_dynamic,arc_challenge,63.4,63.14,-0.26,-0.020458015267175583,-1.2918373256120033,1.250921295077652,False,True,Qwen2.5-7B-Instruct|s4
RedHatAI/Qwen2.5-7B-Instruct-FP8-dynamic,qwen2.5,Qwen2.5-7B-Instruct,fp8_dynamic,gsm8k,80.36,80.06,-0.3,-0.020458015267175583,-1.2918373256120033,1.250921295077652,False,True,Qwen2.5-7B-Instruct|s4
RedHatAI/Qwen2.5-7B-Instruct-FP8-dynamic,qwen2.5,Qwen2.5-7B-Instruct,fp8_dynamic,hellaswag,81.52,81.11,-0.41,-0.020458015267175583,-1.2918373256120033,1.250921295077652,False,True,Qwen2.5-7B-Instruct|s4
RedHatAI/Qwen2.5-7B-Instruct-FP8-dynamic,qwen2.5,Qwen2.5-7B-Instruct,fp8_dynamic,winogrande,74.66,74.43,-0.23,-0.020458015267175583,-1.2918373256120033,1.250921295077652,False,True,Qwen2.5-7B-Instruct|s4
RedHatAI/Qwen2.5-7B-Instruct-FP8-dynamic,qwen2.5,Qwen2.5-7B-Instruct,fp8_dynamic,truthfulqa,64.76,64.87,0.11,-0.020458015267175583,-1.2918373256120033,1.250921295077652,False,True,Qwen2.5-7B-Instruct|s4
RedHatAI/Qwen2.5-7B-Instruct-quantized.w4a16,qwen2.5,Qwen2.5-7B-Instruct,w4a16,mmlu,74.24,73.19,-1.05,-0.7488976377952756,-2.0202769481401033,0.522481672549552,False,True,Qwen2.5-7B-Instruct|s4
RedHatAI/Qwen2.5-7B-Instruct-quantized.w4a16,qwen2.5,Qwen2.5-7B-Instruct,w4a16,arc_challenge,63.4,63.23,-0.17,-0.7488976377952756,-2.0202769481401033,0.522481672549552,False,True,Qwen2.5-7B-Instruct|s4
RedHatAI/Qwen2.5-7B-Instruct-quantized.w4a16,qwen2.5,Qwen2.5-7B-Instruct,w4a16,gsm8k,80.36,80.59,0.23,-0.7488976377952756,-2.0202769481401033,0.522481672549552,False,True,Qwen2.5-7B-Instruct|s4
RedHatAI/Qwen2.5-7B-Instruct-quantized.w4a16,qwen2.5,Qwen2.5-7B-Instruct,w4a16,hellaswag,81.52,80.65,-0.87,-0.7488976377952756,-2.0202769481401033,0.522481672549552,False,True,Qwen2.5-7B-Instruct|s4
RedHatAI/Qwen2.5-7B-Instruct-quantized.w4a16,qwen2.5,Qwen2.5-7B-Instruct,w4a16,winogrande,74.66,74.19,-0.47,-0.7488976377952756,-2.0202769481401033,0.522481672549552,False,True,Qwen2.5-7B-Instruct|s4
RedHatAI/Qwen2.5-7B-Instruct-quantized.w4a16,qwen2.5,Qwen2.5-7B-Instruct,w4a16,truthfulqa,64.76,64.27,-0.49,-0.7488976377952756,-2.0202769481401033,0.522481672549552,False,True,Qwen2.5-7B-Instruct|s4
RedHatAI/Qwen2.5-7B-Instruct-quantized.w8a8,qwen2.5,Qwen2.5-7B-Instruct,w8a8_int,mmlu,74.24,73.87,-0.37,-0.4013793103448276,-1.6727586206896552,0.8700000000000001,False,True,Qwen2.5-7B-Instruct|s4
RedHatAI/Qwen2.5-7B-Instruct-quantized.w8a8,qwen2.5,Qwen2.5-7B-Instruct,w8a8_int,arc_challenge,63.4,63.23,-0.17,-0.4013793103448276,-1.6727586206896552,0.8700000000000001,False,True,Qwen2.5-7B-Instruct|s4
RedHatAI/Qwen2.5-7B-Instruct-quantized.w8a8,qwen2.5,Qwen2.5-7B-Instruct,w8a8_int,gsm8k,80.36,80.74,0.38,-0.4013793103448276,-1.6727586206896552,0.8700000000000001,False,True,Qwen2.5-7B-Instruct|s4
RedHatAI/Qwen2.5-7B-Instruct-quantized.w8a8,qwen2.5,Qwen2.5-7B-Instruct,w8a8_int,hellaswag,81.52,81.06,-0.46,-0.4013793103448276,-1.6727586206896552,0.8700000000000001,False,True,Qwen2.5-7B-Instruct|s4
RedHatAI/Qwen2.5-7B-Instruct-quantized.w8a8,qwen2.5,Qwen2.5-7B-Instruct,w8a8_int,winogrande,74.66,74.82,0.16,-0.4013793103448276,-1.6727586206896552,0.8700000000000001,False,True,Qwen2.5-7B-Instruct|s4
RedHatAI/Qwen2.5-7B-Instruct-quantized.w8a8,qwen2.5,Qwen2.5-7B-Instruct,w8a8_int,truthfulqa,64.76,64.58,-0.18,-0.4013793103448276,-1.6727586206896552,0.8700000000000001,False,True,Qwen2.5-7B-Instruct|s4
RedHatAI/Qwen3-14B-FP8-dynamic,qwen3,Qwen3-14B,fp8_dynamic,mmlu,76.81,76.47,-0.34,0.021136363636363637,-1.7894723320158101,1.8317450592885376,False,True,Qwen3-14B|s0
RedHatAI/Qwen3-14B-FP8-dynamic,qwen3,Qwen3-14B,fp8_dynamic,arc_challenge,61.6,61.95,0.35,0.021136363636363637,-1.7894723320158101,1.8317450592885376,False,True,Qwen3-14B|s0
RedHatAI/Qwen3-14B-FP8-dynamic,qwen3,Qwen3-14B,fp8_dynamic,gsm8k,67.63,66.19,-1.44,0.021136363636363637,-1.7894723320158101,1.8317450592885376,False,True,Qwen3-14B|s0
RedHatAI/Qwen3-14B-FP8-dynamic,qwen3,Qwen3-14B,fp8_dynamic,hellaswag,55.09,56.46,1.37,0.021136363636363637,-1.7894723320158101,1.8317450592885376,False,True,Qwen3-14B|s0
RedHatAI/Qwen3-14B-FP8-dynamic,qwen3,Qwen3-14B,fp8_dynamic,winogrande,62.51,63.61,1.1,0.021136363636363637,-1.7894723320158101,1.8317450592885376,False,True,Qwen3-14B|s0
RedHatAI/Qwen3-14B-FP8-dynamic,qwen3,Qwen3-14B,fp8_dynamic,truthfulqa,55.39,55.59,0.2,0.021136363636363637,-1.7894723320158101,1.8317450592885376,False,True,Qwen3-14B|s0
RedHatAI/Qwen3-14B-FP8-dynamic,qwen3,Qwen3-14B,fp8_dynamic,ifeval,87.48,87.78,0.3,0.021136363636363637,-1.7894723320158101,1.8317450592885376,False,True,Qwen3-14B|s0
RedHatAI/Qwen3-14B-FP8-dynamic,qwen3,Qwen3-14B,fp8_dynamic,bbh,40.4,40.37,-0.03,0.021136363636363637,-1.7894723320158101,1.8317450592885376,False,True,Qwen3-14B|s0
RedHatAI/Qwen3-14B-FP8-dynamic,qwen3,Qwen3-14B,fp8_dynamic,math_lvl5,54.18,54.31,0.13,0.021136363636363637,-1.7894723320158101,1.8317450592885376,False,True,Qwen3-14B|s0
RedHatAI/Qwen3-14B-FP8-dynamic,qwen3,Qwen3-14B,fp8_dynamic,gpqa_diamond,61.62,64.14,2.52,0.021136363636363637,-1.7894723320158101,1.8317450592885376,False,False,Qwen3-14B|s0
RedHatAI/Qwen3-14B-NVFP4,qwen3,Qwen3-14B,nvfp4,arc_challenge,67.32,67.06,-0.26,-0.8721428571428572,-2.682751552795031,0.9384658385093166,False,True,Qwen3-14B|s0
RedHatAI/Qwen3-14B-NVFP4,qwen3,Qwen3-14B,nvfp4,gsm8k,88.7,88.25,-0.45,-0.8721428571428572,-2.682751552795031,0.9384658385093166,False,True,Qwen3-14B|s0
RedHatAI/Qwen3-14B-NVFP4,qwen3,Qwen3-14B,nvfp4,hellaswag,79.62,78.24,-1.38,-0.8721428571428572,-2.682751552795031,0.9384658385093166,False,True,Qwen3-14B|s0
RedHatAI/Qwen3-14B-NVFP4,qwen3,Qwen3-14B,nvfp4,mmlu,78.86,77.23,-1.63,-0.8721428571428572,-2.682751552795031,0.9384658385093166,False,True,Qwen3-14B|s0
RedHatAI/Qwen3-14B-NVFP4,qwen3,Qwen3-14B,nvfp4,truthfulqa,58.59,58.49,-0.1,-0.8721428571428572,-2.682751552795031,0.9384658385093166,False,True,Qwen3-14B|s0
RedHatAI/Qwen3-14B-NVFP4,qwen3,Qwen3-14B,nvfp4,winogrande,73.72,73.8,0.08,-0.8721428571428572,-2.682751552795031,0.9384658385093166,False,True,Qwen3-14B|s0
RedHatAI/Qwen3-14B-NVFP4,qwen3,Qwen3-14B,nvfp4,bbh,59.45,56.78,-2.67,-0.8721428571428572,-2.682751552795031,0.9384658385093166,False,True,Qwen3-14B|s0
RedHatAI/Qwen3-14B-NVFP4,qwen3,Qwen3-14B,nvfp4,mmlu_pro,44.39,41.15,-3.24,-0.8721428571428572,-2.682751552795031,0.9384658385093166,False,False,Qwen3-14B|s0
RedHatAI/Qwen3-14B-NVFP4,qwen3,Qwen3-14B,nvfp4,musr,38.62,37.83,-0.79,-0.8721428571428572,-2.682751552795031,0.9384658385093166,False,True,Qwen3-14B|s0
RedHatAI/Qwen3-14B-NVFP4,qwen3,Qwen3-14B,nvfp4,ifeval,89.45,90.41,0.96,-0.8721428571428572,-2.682751552795031,0.9384658385093166,False,False,Qwen3-14B|s0
RedHatAI/Qwen3-14B-NVFP4,qwen3,Qwen3-14B,nvfp4,gpqa_main,27.43,26.59,-0.84,-0.8721428571428572,-2.682751552795031,0.9384658385093166,False,True,Qwen3-14B|s0
RedHatAI/Qwen3-14B-NVFP4,qwen3,Qwen3-14B,nvfp4,math_lvl5,57.33,53.4,-3.93,-0.8721428571428572,-2.682751552795031,0.9384658385093166,False,False,Qwen3-14B|s0
RedHatAI/Qwen3-14B-NVFP4,qwen3,Qwen3-14B,nvfp4,humaneval,90.74,89.87,-0.87,-0.8721428571428572,-2.682751552795031,0.9384658385093166,False,True,Qwen3-14B|s0
RedHatAI/Qwen3-14B-quantized.w4a16,qwen3,Qwen3-14B,w4a16,mmlu,76.81,75.9,-0.91,-0.7106086956521739,-2.5212173913043476,1.1,False,True,Qwen3-14B|s0
RedHatAI/Qwen3-14B-quantized.w4a16,qwen3,Qwen3-14B,w4a16,arc_challenge,61.6,61.52,-0.08,-0.7106086956521739,-2.5212173913043476,1.1,False,True,Qwen3-14B|s0
RedHatAI/Qwen3-14B-quantized.w4a16,qwen3,Qwen3-14B,w4a16,gsm8k,67.63,71.57,3.94,-0.7106086956521739,-2.5212173913043476,1.1,False,False,Qwen3-14B|s0
RedHatAI/Qwen3-14B-quantized.w4a16,qwen3,Qwen3-14B,w4a16,hellaswag,55.09,57.96,2.87,-0.7106086956521739,-2.5212173913043476,1.1,False,False,Qwen3-14B|s0
RedHatAI/Qwen3-14B-quantized.w4a16,qwen3,Qwen3-14B,w4a16,truthfulqa,55.39,56.3,0.91,-0.7106086956521739,-2.5212173913043476,1.1,False,True,Qwen3-14B|s0
RedHatAI/Qwen3-14B-quantized.w4a16,qwen3,Qwen3-14B,w4a16,mmlu_pro,44.59,42.39,-2.2,-0.7106086956521739,-2.5212173913043476,1.1,False,True,Qwen3-14B|s0
RedHatAI/Qwen3-14B-quantized.w4a16,qwen3,Qwen3-14B,w4a16,bbh,40.4,38.74,-1.66,-0.7106086956521739,-2.5212173913043476,1.1,False,True,Qwen3-14B|s0
RedHatAI/Qwen3-14B-quantized.w4a16,qwen3,Qwen3-14B,w4a16,math_lvl5,54.18,55.05,0.87,-0.7106086956521739,-2.5212173913043476,1.1,False,True,Qwen3-14B|s0
RedHatAI/Qwen3-14B-quantized.w4a16,qwen3,Qwen3-14B,w4a16,gpqa_diamond,61.62,61.11,-0.51,-0.7106086956521739,-2.5212173913043476,1.1,False,True,Qwen3-14B|s0
RedHatAI/Qwen3-14B-FP8-dynamic,qwen3,Qwen3-14B,fp8_dynamic,mmlu,76.81,76.47,-0.34,-0.16982142857142857,-1.90718984962406,1.5675469924812029,False,True,Qwen3-14B|s1
RedHatAI/Qwen3-14B-FP8-dynamic,qwen3,Qwen3-14B,fp8_dynamic,arc_challenge,61.6,61.95,0.35,-0.16982142857142857,-1.90718984962406,1.5675469924812029,False,True,Qwen3-14B|s1
RedHatAI/Qwen3-14B-FP8-dynamic,qwen3,Qwen3-14B,fp8_dynamic,gsm8k,67.63,66.19,-1.44,-0.16982142857142857,-1.90718984962406,1.5675469924812029,False,True,Qwen3-14B|s1
RedHatAI/Qwen3-14B-FP8-dynamic,qwen3,Qwen3-14B,fp8_dynamic,hellaswag,55.09,56.46,1.37,-0.16982142857142857,-1.90718984962406,1.5675469924812029,False,True,Qwen3-14B|s1
RedHatAI/Qwen3-14B-FP8-dynamic,qwen3,Qwen3-14B,fp8_dynamic,winogrande,62.51,63.61,1.1,-0.16982142857142857,-1.90718984962406,1.5675469924812029,False,True,Qwen3-14B|s1
RedHatAI/Qwen3-14B-FP8-dynamic,qwen3,Qwen3-14B,fp8_dynamic,truthfulqa,55.39,55.59,0.2,-0.16982142857142857,-1.90718984962406,1.5675469924812029,False,True,Qwen3-14B|s1
RedHatAI/Qwen3-14B-FP8-dynamic,qwen3,Qwen3-14B,fp8_dynamic,ifeval,87.48,87.78,0.3,-0.16982142857142857,-1.90718984962406,1.5675469924812029,False,True,Qwen3-14B|s1
RedHatAI/Qwen3-14B-FP8-dynamic,qwen3,Qwen3-14B,fp8_dynamic,bbh,40.4,40.37,-0.03,-0.16982142857142857,-1.90718984962406,1.5675469924812029,False,True,Qwen3-14B|s1
RedHatAI/Qwen3-14B-FP8-dynamic,qwen3,Qwen3-14B,fp8_dynamic,math_lvl5,54.18,54.31,0.13,-0.16982142857142857,-1.90718984962406,1.5675469924812029,False,True,Qwen3-14B|s1
RedHatAI/Qwen3-14B-FP8-dynamic,qwen3,Qwen3-14B,fp8_dynamic,gpqa_diamond,61.62,64.14,2.52,-0.16982142857142857,-1.90718984962406,1.5675469924812029,False,False,Qwen3-14B|s1
RedHatAI/Qwen3-14B-NVFP4,qwen3,Qwen3-14B,nvfp4,arc_challenge,67.32,67.06,-0.26,-1.2900000000000003,-3.027368421052632,0.4473684210526312,False,True,Qwen3-14B|s1
RedHatAI/Qwen3-14B-NVFP4,qwen3,Qwen3-14B,nvfp4,gsm8k,88.7,88.25,-0.45,-1.2900000000000003,-3.027368421052632,0.4473684210526312,False,True,Qwen3-14B|s1
RedHatAI/Qwen3-14B-NVFP4,qwen3,Qwen3-14B,nvfp4,hellaswag,79.62,78.24,-1.38,-1.2900000000000003,-3.027368421052632,0.4473684210526312,False,True,Qwen3-14B|s1
RedHatAI/Qwen3-14B-NVFP4,qwen3,Qwen3-14B,nvfp4,mmlu,78.86,77.23,-1.63,-1.2900000000000003,-3.027368421052632,0.4473684210526312,False,True,Qwen3-14B|s1
RedHatAI/Qwen3-14B-NVFP4,qwen3,Qwen3-14B,nvfp4,truthfulqa,58.59,58.49,-0.1,-1.2900000000000003,-3.027368421052632,0.4473684210526312,False,True,Qwen3-14B|s1
RedHatAI/Qwen3-14B-NVFP4,qwen3,Qwen3-14B,nvfp4,winogrande,73.72,73.8,0.08,-1.2900000000000003,-3.027368421052632,0.4473684210526312,False,True,Qwen3-14B|s1
RedHatAI/Qwen3-14B-NVFP4,qwen3,Qwen3-14B,nvfp4,bbh,59.45,56.78,-2.67,-1.2900000000000003,-3.027368421052632,0.4473684210526312,False,True,Qwen3-14B|s1
RedHatAI/Qwen3-14B-NVFP4,qwen3,Qwen3-14B,nvfp4,mmlu_pro,44.39,41.15,-3.24,-1.2900000000000003,-3.027368421052632,0.4473684210526312,False,False,Qwen3-14B|s1
RedHatAI/Qwen3-14B-NVFP4,qwen3,Qwen3-14B,nvfp4,musr,38.62,37.83,-0.79,-1.2900000000000003,-3.027368421052632,0.4473684210526312,False,True,Qwen3-14B|s1
RedHatAI/Qwen3-14B-NVFP4,qwen3,Qwen3-14B,nvfp4,ifeval,89.45,90.41,0.96,-1.2900000000000003,-3.027368421052632,0.4473684210526312,False,False,Qwen3-14B|s1
RedHatAI/Qwen3-14B-NVFP4,qwen3,Qwen3-14B,nvfp4,gpqa_main,27.43,26.59,-0.84,-1.2900000000000003,-3.027368421052632,0.4473684210526312,False,True,Qwen3-14B|s1
RedHatAI/Qwen3-14B-NVFP4,qwen3,Qwen3-14B,nvfp4,math_lvl5,57.33,53.4,-3.93,-1.2900000000000003,-3.027368421052632,0.4473684210526312,False,False,Qwen3-14B|s1
RedHatAI/Qwen3-14B-NVFP4,qwen3,Qwen3-14B,nvfp4,humaneval,90.74,89.87,-0.87,-1.2900000000000003,-3.027368421052632,0.4473684210526312,False,True,Qwen3-14B|s1
RedHatAI/Qwen3-14B-quantized.w4a16,qwen3,Qwen3-14B,w4a16,mmlu,76.81,75.9,-0.91,-0.8373684210526315,-2.574736842105263,0.8999999999999999,False,True,Qwen3-14B|s1
RedHatAI/Qwen3-14B-quantized.w4a16,qwen3,Qwen3-14B,w4a16,arc_challenge,61.6,61.52,-0.08,-0.8373684210526315,-2.574736842105263,0.8999999999999999,False,True,Qwen3-14B|s1
RedHatAI/Qwen3-14B-quantized.w4a16,qwen3,Qwen3-14B,w4a16,gsm8k,67.63,71.57,3.94,-0.8373684210526315,-2.574736842105263,0.8999999999999999,False,False,Qwen3-14B|s1
RedHatAI/Qwen3-14B-quantized.w4a16,qwen3,Qwen3-14B,w4a16,hellaswag,55.09,57.96,2.87,-0.8373684210526315,-2.574736842105263,0.8999999999999999,False,False,Qwen3-14B|s1
RedHatAI/Qwen3-14B-quantized.w4a16,qwen3,Qwen3-14B,w4a16,truthfulqa,55.39,56.3,0.91,-0.8373684210526315,-2.574736842105263,0.8999999999999999,False,False,Qwen3-14B|s1
RedHatAI/Qwen3-14B-quantized.w4a16,qwen3,Qwen3-14B,w4a16,mmlu_pro,44.59,42.39,-2.2,-0.8373684210526315,-2.574736842105263,0.8999999999999999,False,True,Qwen3-14B|s1
RedHatAI/Qwen3-14B-quantized.w4a16,qwen3,Qwen3-14B,w4a16,bbh,40.4,38.74,-1.66,-0.8373684210526315,-2.574736842105263,0.8999999999999999,False,True,Qwen3-14B|s1
RedHatAI/Qwen3-14B-quantized.w4a16,qwen3,Qwen3-14B,w4a16,math_lvl5,54.18,55.05,0.87,-0.8373684210526315,-2.574736842105263,0.8999999999999999,False,True,Qwen3-14B|s1
RedHatAI/Qwen3-14B-quantized.w4a16,qwen3,Qwen3-14B,w4a16,gpqa_diamond,61.62,61.11,-0.51,-0.8373684210526315,-2.574736842105263,0.8999999999999999,False,True,Qwen3-14B|s1
RedHatAI/Qwen3-14B-FP8-dynamic,qwen3,Qwen3-14B,fp8_dynamic,mmlu,76.81,76.47,-0.34,-0.01694029850746269,-1.2959233493549203,1.2620427523399949,False,True,Qwen3-14B|s2
RedHatAI/Qwen3-14B-FP8-dynamic,qwen3,Qwen3-14B,fp8_dynamic,arc_challenge,61.6,61.95,0.35,-0.01694029850746269,-1.2959233493549203,1.2620427523399949,False,True,Qwen3-14B|s2
RedHatAI/Qwen3-14B-FP8-dynamic,qwen3,Qwen3-14B,fp8_dynamic,gsm8k,67.63,66.19,-1.44,-0.01694029850746269,-1.2959233493549203,1.2620427523399949,False,False,Qwen3-14B|s2
RedHatAI/Qwen3-14B-FP8-dynamic,qwen3,Qwen3-14B,fp8_dynamic,hellaswag,55.09,56.46,1.37,-0.01694029850746269,-1.2959233493549203,1.2620427523399949,False,False,Qwen3-14B|s2
RedHatAI/Qwen3-14B-FP8-dynamic,qwen3,Qwen3-14B,fp8_dynamic,winogrande,62.51,63.61,1.1,-0.01694029850746269,-1.2959233493549203,1.2620427523399949,False,True,Qwen3-14B|s2
RedHatAI/Qwen3-14B-FP8-dynamic,qwen3,Qwen3-14B,fp8_dynamic,truthfulqa,55.39,55.59,0.2,-0.01694029850746269,-1.2959233493549203,1.2620427523399949,False,True,Qwen3-14B|s2
RedHatAI/Qwen3-14B-FP8-dynamic,qwen3,Qwen3-14B,fp8_dynamic,ifeval,87.48,87.78,0.3,-0.01694029850746269,-1.2959233493549203,1.2620427523399949,False,True,Qwen3-14B|s2
RedHatAI/Qwen3-14B-FP8-dynamic,qwen3,Qwen3-14B,fp8_dynamic,bbh,40.4,40.37,-0.03,-0.01694029850746269,-1.2959233493549203,1.2620427523399949,False,True,Qwen3-14B|s2
RedHatAI/Qwen3-14B-FP8-dynamic,qwen3,Qwen3-14B,fp8_dynamic,math_lvl5,54.18,54.31,0.13,-0.01694029850746269,-1.2959233493549203,1.2620427523399949,False,True,Qwen3-14B|s2
RedHatAI/Qwen3-14B-FP8-dynamic,qwen3,Qwen3-14B,fp8_dynamic,gpqa_diamond,61.62,64.14,2.52,-0.01694029850746269,-1.2959233493549203,1.2620427523399949,False,False,Qwen3-14B|s2
RedHatAI/Qwen3-14B-NVFP4,qwen3,Qwen3-14B,nvfp4,arc_challenge,67.32,67.06,-0.26,-1.1552727272727272,-2.4342557781201846,0.12371032357473033,False,True,Qwen3-14B|s2
RedHatAI/Qwen3-14B-NVFP4,qwen3,Qwen3-14B,nvfp4,gsm8k,88.7,88.25,-0.45,-1.1552727272727272,-2.4342557781201846,0.12371032357473033,False,True,Qwen3-14B|s2
RedHatAI/Qwen3-14B-NVFP4,qwen3,Qwen3-14B,nvfp4,hellaswag,79.62,78.24,-1.38,-1.1552727272727272,-2.4342557781201846,0.12371032357473033,False,True,Qwen3-14B|s2
RedHatAI/Qwen3-14B-NVFP4,qwen3,Qwen3-14B,nvfp4,mmlu,78.86,77.23,-1.63,-1.1552727272727272,-2.4342557781201846,0.12371032357473033,False,True,Qwen3-14B|s2
RedHatAI/Qwen3-14B-NVFP4,qwen3,Qwen3-14B,nvfp4,truthfulqa,58.59,58.49,-0.1,-1.1552727272727272,-2.4342557781201846,0.12371032357473033,False,True,Qwen3-14B|s2
RedHatAI/Qwen3-14B-NVFP4,qwen3,Qwen3-14B,nvfp4,winogrande,73.72,73.8,0.08,-1.1552727272727272,-2.4342557781201846,0.12371032357473033,False,True,Qwen3-14B|s2
RedHatAI/Qwen3-14B-NVFP4,qwen3,Qwen3-14B,nvfp4,bbh,59.45,56.78,-2.67,-1.1552727272727272,-2.4342557781201846,0.12371032357473033,False,False,Qwen3-14B|s2
RedHatAI/Qwen3-14B-NVFP4,qwen3,Qwen3-14B,nvfp4,mmlu_pro,44.39,41.15,-3.24,-1.1552727272727272,-2.4342557781201846,0.12371032357473033,False,False,Qwen3-14B|s2
RedHatAI/Qwen3-14B-NVFP4,qwen3,Qwen3-14B,nvfp4,musr,38.62,37.83,-0.79,-1.1552727272727272,-2.4342557781201846,0.12371032357473033,False,True,Qwen3-14B|s2
RedHatAI/Qwen3-14B-NVFP4,qwen3,Qwen3-14B,nvfp4,ifeval,89.45,90.41,0.96,-1.1552727272727272,-2.4342557781201846,0.12371032357473033,False,False,Qwen3-14B|s2
RedHatAI/Qwen3-14B-NVFP4,qwen3,Qwen3-14B,nvfp4,gpqa_main,27.43,26.59,-0.84,-1.1552727272727272,-2.4342557781201846,0.12371032357473033,False,True,Qwen3-14B|s2
RedHatAI/Qwen3-14B-NVFP4,qwen3,Qwen3-14B,nvfp4,math_lvl5,57.33,53.4,-3.93,-1.1552727272727272,-2.4342557781201846,0.12371032357473033,False,False,Qwen3-14B|s2
RedHatAI/Qwen3-14B-NVFP4,qwen3,Qwen3-14B,nvfp4,humaneval,90.74,89.87,-0.87,-1.1552727272727272,-2.4342557781201846,0.12371032357473033,False,True,Qwen3-14B|s2
RedHatAI/Qwen3-14B-quantized.w4a16,qwen3,Qwen3-14B,w4a16,mmlu,76.81,75.9,-0.91,-0.8789830508474576,-2.157966101694915,0.3999999999999999,False,True,Qwen3-14B|s2
RedHatAI/Qwen3-14B-quantized.w4a16,qwen3,Qwen3-14B,w4a16,arc_challenge,61.6,61.52,-0.08,-0.8789830508474576,-2.157966101694915,0.3999999999999999,False,True,Qwen3-14B|s2
RedHatAI/Qwen3-14B-quantized.w4a16,qwen3,Qwen3-14B,w4a16,gsm8k,67.63,71.57,3.94,-0.8789830508474576,-2.157966101694915,0.3999999999999999,False,False,Qwen3-14B|s2
RedHatAI/Qwen3-14B-quantized.w4a16,qwen3,Qwen3-14B,w4a16,hellaswag,55.09,57.96,2.87,-0.8789830508474576,-2.157966101694915,0.3999999999999999,False,False,Qwen3-14B|s2
RedHatAI/Qwen3-14B-quantized.w4a16,qwen3,Qwen3-14B,w4a16,truthfulqa,55.39,56.3,0.91,-0.8789830508474576,-2.157966101694915,0.3999999999999999,False,False,Qwen3-14B|s2
RedHatAI/Qwen3-14B-quantized.w4a16,qwen3,Qwen3-14B,w4a16,mmlu_pro,44.59,42.39,-2.2,-0.8789830508474576,-2.157966101694915,0.3999999999999999,False,False,Qwen3-14B|s2
RedHatAI/Qwen3-14B-quantized.w4a16,qwen3,Qwen3-14B,w4a16,bbh,40.4,38.74,-1.66,-0.8789830508474576,-2.157966101694915,0.3999999999999999,False,True,Qwen3-14B|s2
RedHatAI/Qwen3-14B-quantized.w4a16,qwen3,Qwen3-14B,w4a16,math_lvl5,54.18,55.05,0.87,-0.8789830508474576,-2.157966101694915,0.3999999999999999,False,False,Qwen3-14B|s2
RedHatAI/Qwen3-14B-quantized.w4a16,qwen3,Qwen3-14B,w4a16,gpqa_diamond,61.62,61.11,-0.51,-0.8789830508474576,-2.157966101694915,0.3999999999999999,False,True,Qwen3-14B|s2
RedHatAI/Qwen3-14B-FP8-dynamic,qwen3,Qwen3-14B,fp8_dynamic,mmlu,76.81,76.47,-0.34,-0.08978102189781022,-2.3034173855341735,2.1238553417385533,False,True,Qwen3-14B|s3
RedHatAI/Qwen3-14B-FP8-dynamic,qwen3,Qwen3-14B,fp8_dynamic,arc_challenge,61.6,61.95,0.35,-0.08978102189781022,-2.3034173855341735,2.1238553417385533,False,True,Qwen3-14B|s3
RedHatAI/Qwen3-14B-FP8-dynamic,qwen3,Qwen3-14B,fp8_dynamic,gsm8k,67.63,66.19,-1.44,-0.08978102189781022,-2.3034173855341735,2.1238553417385533,False,True,Qwen3-14B|s3
RedHatAI/Qwen3-14B-FP8-dynamic,qwen3,Qwen3-14B,fp8_dynamic,hellaswag,55.09,56.46,1.37,-0.08978102189781022,-2.3034173855341735,2.1238553417385533,False,True,Qwen3-14B|s3
RedHatAI/Qwen3-14B-FP8-dynamic,qwen3,Qwen3-14B,fp8_dynamic,winogrande,62.51,63.61,1.1,-0.08978102189781022,-2.3034173855341735,2.1238553417385533,False,True,Qwen3-14B|s3
RedHatAI/Qwen3-14B-FP8-dynamic,qwen3,Qwen3-14B,fp8_dynamic,truthfulqa,55.39,55.59,0.2,-0.08978102189781022,-2.3034173855341735,2.1238553417385533,False,True,Qwen3-14B|s3
RedHatAI/Qwen3-14B-FP8-dynamic,qwen3,Qwen3-14B,fp8_dynamic,ifeval,87.48,87.78,0.3,-0.08978102189781022,-2.3034173855341735,2.1238553417385533,False,True,Qwen3-14B|s3
RedHatAI/Qwen3-14B-FP8-dynamic,qwen3,Qwen3-14B,fp8_dynamic,bbh,40.4,40.37,-0.03,-0.08978102189781022,-2.3034173855341735,2.1238553417385533,False,True,Qwen3-14B|s3
RedHatAI/Qwen3-14B-FP8-dynamic,qwen3,Qwen3-14B,fp8_dynamic,math_lvl5,54.18,54.31,0.13,-0.08978102189781022,-2.3034173855341735,2.1238553417385533,False,True,Qwen3-14B|s3
RedHatAI/Qwen3-14B-FP8-dynamic,qwen3,Qwen3-14B,fp8_dynamic,gpqa_diamond,61.62,64.14,2.52,-0.08978102189781022,-2.3034173855341735,2.1238553417385533,False,False,Qwen3-14B|s3
RedHatAI/Qwen3-14B-NVFP4,qwen3,Qwen3-14B,nvfp4,arc_challenge,67.32,67.06,-0.26,-1.0432142857142856,-3.256850649350649,1.1704220779220778,False,True,Qwen3-14B|s3
RedHatAI/Qwen3-14B-NVFP4,qwen3,Qwen3-14B,nvfp4,gsm8k,88.7,88.25,-0.45,-1.0432142857142856,-3.256850649350649,1.1704220779220778,False,True,Qwen3-14B|s3
RedHatAI/Qwen3-14B-NVFP4,qwen3,Qwen3-14B,nvfp4,hellaswag,79.62,78.24,-1.38,-1.0432142857142856,-3.256850649350649,1.1704220779220778,False,True,Qwen3-14B|s3
RedHatAI/Qwen3-14B-NVFP4,qwen3,Qwen3-14B,nvfp4,mmlu,78.86,77.23,-1.63,-1.0432142857142856,-3.256850649350649,1.1704220779220778,False,True,Qwen3-14B|s3
RedHatAI/Qwen3-14B-NVFP4,qwen3,Qwen3-14B,nvfp4,truthfulqa,58.59,58.49,-0.1,-1.0432142857142856,-3.256850649350649,1.1704220779220778,False,True,Qwen3-14B|s3
RedHatAI/Qwen3-14B-NVFP4,qwen3,Qwen3-14B,nvfp4,winogrande,73.72,73.8,0.08,-1.0432142857142856,-3.256850649350649,1.1704220779220778,False,True,Qwen3-14B|s3
RedHatAI/Qwen3-14B-NVFP4,qwen3,Qwen3-14B,nvfp4,bbh,59.45,56.78,-2.67,-1.0432142857142856,-3.256850649350649,1.1704220779220778,False,True,Qwen3-14B|s3
RedHatAI/Qwen3-14B-NVFP4,qwen3,Qwen3-14B,nvfp4,mmlu_pro,44.39,41.15,-3.24,-1.0432142857142856,-3.256850649350649,1.1704220779220778,False,True,Qwen3-14B|s3
RedHatAI/Qwen3-14B-NVFP4,qwen3,Qwen3-14B,nvfp4,musr,38.62,37.83,-0.79,-1.0432142857142856,-3.256850649350649,1.1704220779220778,False,True,Qwen3-14B|s3
RedHatAI/Qwen3-14B-NVFP4,qwen3,Qwen3-14B,nvfp4,ifeval,89.45,90.41,0.96,-1.0432142857142856,-3.256850649350649,1.1704220779220778,False,True,Qwen3-14B|s3
RedHatAI/Qwen3-14B-NVFP4,qwen3,Qwen3-14B,nvfp4,gpqa_main,27.43,26.59,-0.84,-1.0432142857142856,-3.256850649350649,1.1704220779220778,False,True,Qwen3-14B|s3
RedHatAI/Qwen3-14B-NVFP4,qwen3,Qwen3-14B,nvfp4,math_lvl5,57.33,53.4,-3.93,-1.0432142857142856,-3.256850649350649,1.1704220779220778,False,False,Qwen3-14B|s3
RedHatAI/Qwen3-14B-NVFP4,qwen3,Qwen3-14B,nvfp4,humaneval,90.74,89.87,-0.87,-1.0432142857142856,-3.256850649350649,1.1704220779220778,False,True,Qwen3-14B|s3
RedHatAI/Qwen3-14B-quantized.w4a16,qwen3,Qwen3-14B,w4a16,mmlu,76.81,75.9,-0.91,-0.8163636363636364,-3.03,1.397272727272727,False,True,Qwen3-14B|s3
RedHatAI/Qwen3-14B-quantized.w4a16,qwen3,Qwen3-14B,w4a16,arc_challenge,61.6,61.52,-0.08,-0.8163636363636364,-3.03,1.397272727272727,False,True,Qwen3-14B|s3
RedHatAI/Qwen3-14B-quantized.w4a16,qwen3,Qwen3-14B,w4a16,gsm8k,67.63,71.57,3.94,-0.8163636363636364,-3.03,1.397272727272727,False,False,Qwen3-14B|s3
RedHatAI/Qwen3-14B-quantized.w4a16,qwen3,Qwen3-14B,w4a16,hellaswag,55.09,57.96,2.87,-0.8163636363636364,-3.03,1.397272727272727,False,False,Qwen3-14B|s3
RedHatAI/Qwen3-14B-quantized.w4a16,qwen3,Qwen3-14B,w4a16,truthfulqa,55.39,56.3,0.91,-0.8163636363636364,-3.03,1.397272727272727,False,True,Qwen3-14B|s3
RedHatAI/Qwen3-14B-quantized.w4a16,qwen3,Qwen3-14B,w4a16,mmlu_pro,44.59,42.39,-2.2,-0.8163636363636364,-3.03,1.397272727272727,False,True,Qwen3-14B|s3
RedHatAI/Qwen3-14B-quantized.w4a16,qwen3,Qwen3-14B,w4a16,bbh,40.4,38.74,-1.66,-0.8163636363636364,-3.03,1.397272727272727,False,True,Qwen3-14B|s3
RedHatAI/Qwen3-14B-quantized.w4a16,qwen3,Qwen3-14B,w4a16,math_lvl5,54.18,55.05,0.87,-0.8163636363636364,-3.03,1.397272727272727,False,True,Qwen3-14B|s3
RedHatAI/Qwen3-14B-quantized.w4a16,qwen3,Qwen3-14B,w4a16,gpqa_diamond,61.62,61.11,-0.51,-0.8163636363636364,-3.03,1.397272727272727,False,True,Qwen3-14B|s3
RedHatAI/Qwen3-14B-FP8-dynamic,qwen3,Qwen3-14B,fp8_dynamic,mmlu,76.81,76.47,-0.34,-0.133,-2.04887786259542,1.78287786259542,False,True,Qwen3-14B|s4
RedHatAI/Qwen3-14B-FP8-dynamic,qwen3,Qwen3-14B,fp8_dynamic,arc_challenge,61.6,61.95,0.35,-0.133,-2.04887786259542,1.78287786259542,False,True,Qwen3-14B|s4
RedHatAI/Qwen3-14B-FP8-dynamic,qwen3,Qwen3-14B,fp8_dynamic,gsm8k,67.63,66.19,-1.44,-0.133,-2.04887786259542,1.78287786259542,False,True,Qwen3-14B|s4
RedHatAI/Qwen3-14B-FP8-dynamic,qwen3,Qwen3-14B,fp8_dynamic,hellaswag,55.09,56.46,1.37,-0.133,-2.04887786259542,1.78287786259542,False,True,Qwen3-14B|s4
RedHatAI/Qwen3-14B-FP8-dynamic,qwen3,Qwen3-14B,fp8_dynamic,winogrande,62.51,63.61,1.1,-0.133,-2.04887786259542,1.78287786259542,False,True,Qwen3-14B|s4
RedHatAI/Qwen3-14B-FP8-dynamic,qwen3,Qwen3-14B,fp8_dynamic,truthfulqa,55.39,55.59,0.2,-0.133,-2.04887786259542,1.78287786259542,False,True,Qwen3-14B|s4
RedHatAI/Qwen3-14B-FP8-dynamic,qwen3,Qwen3-14B,fp8_dynamic,ifeval,87.48,87.78,0.3,-0.133,-2.04887786259542,1.78287786259542,False,True,Qwen3-14B|s4
RedHatAI/Qwen3-14B-FP8-dynamic,qwen3,Qwen3-14B,fp8_dynamic,bbh,40.4,40.37,-0.03,-0.133,-2.04887786259542,1.78287786259542,False,True,Qwen3-14B|s4
RedHatAI/Qwen3-14B-FP8-dynamic,qwen3,Qwen3-14B,fp8_dynamic,math_lvl5,54.18,54.31,0.13,-0.133,-2.04887786259542,1.78287786259542,False,True,Qwen3-14B|s4
RedHatAI/Qwen3-14B-FP8-dynamic,qwen3,Qwen3-14B,fp8_dynamic,gpqa_diamond,61.62,64.14,2.52,-0.133,-2.04887786259542,1.78287786259542,False,False,Qwen3-14B|s4
RedHatAI/Qwen3-14B-NVFP4,qwen3,Qwen3-14B,nvfp4,arc_challenge,67.32,67.06,-0.26,-1.2900000000000003,-3.20587786259542,0.6258778625954198,False,True,Qwen3-14B|s4
RedHatAI/Qwen3-14B-NVFP4,qwen3,Qwen3-14B,nvfp4,gsm8k,88.7,88.25,-0.45,-1.2900000000000003,-3.20587786259542,0.6258778625954198,False,True,Qwen3-14B|s4
RedHatAI/Qwen3-14B-NVFP4,qwen3,Qwen3-14B,nvfp4,hellaswag,79.62,78.24,-1.38,-1.2900000000000003,-3.20587786259542,0.6258778625954198,False,True,Qwen3-14B|s4
RedHatAI/Qwen3-14B-NVFP4,qwen3,Qwen3-14B,nvfp4,mmlu,78.86,77.23,-1.63,-1.2900000000000003,-3.20587786259542,0.6258778625954198,False,True,Qwen3-14B|s4
RedHatAI/Qwen3-14B-NVFP4,qwen3,Qwen3-14B,nvfp4,truthfulqa,58.59,58.49,-0.1,-1.2900000000000003,-3.20587786259542,0.6258778625954198,False,True,Qwen3-14B|s4
RedHatAI/Qwen3-14B-NVFP4,qwen3,Qwen3-14B,nvfp4,winogrande,73.72,73.8,0.08,-1.2900000000000003,-3.20587786259542,0.6258778625954198,False,True,Qwen3-14B|s4
RedHatAI/Qwen3-14B-NVFP4,qwen3,Qwen3-14B,nvfp4,bbh,59.45,56.78,-2.67,-1.2900000000000003,-3.20587786259542,0.6258778625954198,False,True,Qwen3-14B|s4
RedHatAI/Qwen3-14B-NVFP4,qwen3,Qwen3-14B,nvfp4,mmlu_pro,44.39,41.15,-3.24,-1.2900000000000003,-3.20587786259542,0.6258778625954198,False,False,Qwen3-14B|s4
RedHatAI/Qwen3-14B-NVFP4,qwen3,Qwen3-14B,nvfp4,musr,38.62,37.83,-0.79,-1.2900000000000003,-3.20587786259542,0.6258778625954198,False,True,Qwen3-14B|s4
RedHatAI/Qwen3-14B-NVFP4,qwen3,Qwen3-14B,nvfp4,ifeval,89.45,90.41,0.96,-1.2900000000000003,-3.20587786259542,0.6258778625954198,False,False,Qwen3-14B|s4
RedHatAI/Qwen3-14B-NVFP4,qwen3,Qwen3-14B,nvfp4,gpqa_main,27.43,26.59,-0.84,-1.2900000000000003,-3.20587786259542,0.6258778625954198,False,True,Qwen3-14B|s4
RedHatAI/Qwen3-14B-NVFP4,qwen3,Qwen3-14B,nvfp4,math_lvl5,57.33,53.4,-3.93,-1.2900000000000003,-3.20587786259542,0.6258778625954198,False,False,Qwen3-14B|s4
RedHatAI/Qwen3-14B-NVFP4,qwen3,Qwen3-14B,nvfp4,humaneval,90.74,89.87,-0.87,-1.2900000000000003,-3.20587786259542,0.6258778625954198,False,True,Qwen3-14B|s4
RedHatAI/Qwen3-14B-quantized.w4a16,qwen3,Qwen3-14B,w4a16,mmlu,76.81,75.9,-0.91,-0.7344915254237289,-2.650369388019149,1.1813863371716913,False,True,Qwen3-14B|s4
RedHatAI/Qwen3-14B-quantized.w4a16,qwen3,Qwen3-14B,w4a16,arc_challenge,61.6,61.52,-0.08,-0.7344915254237289,-2.650369388019149,1.1813863371716913,False,True,Qwen3-14B|s4
RedHatAI/Qwen3-14B-quantized.w4a16,qwen3,Qwen3-14B,w4a16,gsm8k,67.63,71.57,3.94,-0.7344915254237289,-2.650369388019149,1.1813863371716913,False,False,Qwen3-14B|s4
RedHatAI/Qwen3-14B-quantized.w4a16,qwen3,Qwen3-14B,w4a16,hellaswag,55.09,57.96,2.87,-0.7344915254237289,-2.650369388019149,1.1813863371716913,False,False,Qwen3-14B|s4
RedHatAI/Qwen3-14B-quantized.w4a16,qwen3,Qwen3-14B,w4a16,truthfulqa,55.39,56.3,0.91,-0.7344915254237289,-2.650369388019149,1.1813863371716913,False,True,Qwen3-14B|s4
RedHatAI/Qwen3-14B-quantized.w4a16,qwen3,Qwen3-14B,w4a16,mmlu_pro,44.59,42.39,-2.2,-0.7344915254237289,-2.650369388019149,1.1813863371716913,False,True,Qwen3-14B|s4
RedHatAI/Qwen3-14B-quantized.w4a16,qwen3,Qwen3-14B,w4a16,bbh,40.4,38.74,-1.66,-0.7344915254237289,-2.650369388019149,1.1813863371716913,False,True,Qwen3-14B|s4
RedHatAI/Qwen3-14B-quantized.w4a16,qwen3,Qwen3-14B,w4a16,math_lvl5,54.18,55.05,0.87,-0.7344915254237289,-2.650369388019149,1.1813863371716913,False,True,Qwen3-14B|s4
RedHatAI/Qwen3-14B-quantized.w4a16,qwen3,Qwen3-14B,w4a16,gpqa_diamond,61.62,61.11,-0.51,-0.7344915254237289,-2.650369388019149,1.1813863371716913,False,True,Qwen3-14B|s4
RedHatAI/Qwen3-32B-FP8-dynamic,qwen3,Qwen3-32B,fp8_dynamic,mmlu,80.96,80.89,-0.07,-0.04286885245901641,-1.9728688524590163,1.8871311475409835,False,True,Qwen3-32B|s0
RedHatAI/Qwen3-32B-FP8-dynamic,qwen3,Qwen3-32B,fp8_dynamic,arc_challenge,69.03,68.0,-1.03,-0.04286885245901641,-1.9728688524590163,1.8871311475409835,False,True,Qwen3-32B|s0
RedHatAI/Qwen3-32B-FP8-dynamic,qwen3,Qwen3-32B,fp8_dynamic,gsm8k,87.64,88.32,0.68,-0.04286885245901641,-1.9728688524590163,1.8871311475409835,False,True,Qwen3-32B|s0
RedHatAI/Qwen3-32B-FP8-dynamic,qwen3,Qwen3-32B,fp8_dynamic,hellaswag,71.1,71.44,0.34,-0.04286885245901641,-1.9728688524590163,1.8871311475409835,False,True,Qwen3-32B|s0
RedHatAI/Qwen3-32B-FP8-dynamic,qwen3,Qwen3-32B,fp8_dynamic,winogrande,69.77,69.85,0.08,-0.04286885245901641,-1.9728688524590163,1.8871311475409835,False,True,Qwen3-32B|s0
RedHatAI/Qwen3-32B-FP8-dynamic,qwen3,Qwen3-32B,fp8_dynamic,truthfulqa,58.63,59.13,0.5,-0.04286885245901641,-1.9728688524590163,1.8871311475409835,False,True,Qwen3-32B|s0
RedHatAI/Qwen3-32B-FP8-dynamic,qwen3,Qwen3-32B,fp8_dynamic,mmlu_pro,54.24,54.78,0.54,-0.04286885245901641,-1.9728688524590163,1.8871311475409835,False,True,Qwen3-32B|s0
RedHatAI/Qwen3-32B-FP8-dynamic,qwen3,Qwen3-32B,fp8_dynamic,ifeval,86.23,86.23,0.0,-0.04286885245901641,-1.9728688524590163,1.8871311475409835,False,True,Qwen3-32B|s0
RedHatAI/Qwen3-32B-FP8-dynamic,qwen3,Qwen3-32B,fp8_dynamic,bbh,44.29,43.7,-0.59,-0.04286885245901641,-1.9728688524590163,1.8871311475409835,False,True,Qwen3-32B|s0
RedHatAI/Qwen3-32B-FP8-dynamic,qwen3,Qwen3-32B,fp8_dynamic,math_lvl5,54.61,57.26,2.65,-0.04286885245901641,-1.9728688524590163,1.8871311475409835,False,False,Qwen3-32B|s0
RedHatAI/Qwen3-32B-FP8-dynamic,qwen3,Qwen3-32B,fp8_dynamic,gpqa_diamond,66.67,68.69,2.02,-0.04286885245901641,-1.9728688524590163,1.8871311475409835,False,False,Qwen3-32B|s0
RedHatAI/Qwen3-32B-NVFP4,qwen3,Qwen3-32B,nvfp4,arc_challenge,70.65,70.22,-0.43,-1.2900000000000003,-3.22,0.6399999999999997,False,True,Qwen3-32B|s0
RedHatAI/Qwen3-32B-NVFP4,qwen3,Qwen3-32B,nvfp4,gsm8k,74.15,74.68,0.53,-1.2900000000000003,-3.22,0.6399999999999997,False,True,Qwen3-32B|s0
RedHatAI/Qwen3-32B-NVFP4,qwen3,Qwen3-32B,nvfp4,hellaswag,84.0,83.33,-0.67,-1.2900000000000003,-3.22,0.6399999999999997,False,True,Qwen3-32B|s0
RedHatAI/Qwen3-32B-NVFP4,qwen3,Qwen3-32B,nvfp4,mmlu,81.84,81.23,-0.61,-1.2900000000000003,-3.22,0.6399999999999997,False,True,Qwen3-32B|s0
RedHatAI/Qwen3-32B-NVFP4,qwen3,Qwen3-32B,nvfp4,truthfulqa,59.36,58.92,-0.44,-1.2900000000000003,-3.22,0.6399999999999997,False,True,Qwen3-32B|s0
RedHatAI/Qwen3-32B-NVFP4,qwen3,Qwen3-32B,nvfp4,winogrande,75.93,76.8,0.87,-1.2900000000000003,-3.22,0.6399999999999997,False,False,Qwen3-32B|s0
RedHatAI/Qwen3-32B-NVFP4,qwen3,Qwen3-32B,nvfp4,bbh,62.35,60.72,-1.63,-1.2900000000000003,-3.22,0.6399999999999997,False,True,Qwen3-32B|s0
RedHatAI/Qwen3-32B-NVFP4,qwen3,Qwen3-32B,nvfp4,mmlu_pro,54.39,51.13,-3.26,-1.2900000000000003,-3.22,0.6399999999999997,False,False,Qwen3-32B|s0
RedHatAI/Qwen3-32B-NVFP4,qwen3,Qwen3-32B,nvfp4,musr,39.29,41.01,1.72,-1.2900000000000003,-3.22,0.6399999999999997,False,False,Qwen3-32B|s0
RedHatAI/Qwen3-32B-NVFP4,qwen3,Qwen3-32B,nvfp4,ifeval,88.97,87.29,-1.68,-1.2900000000000003,-3.22,0.6399999999999997,False,True,Qwen3-32B|s0
RedHatAI/Qwen3-32B-NVFP4,qwen3,Qwen3-32B,nvfp4,gpqa_main,30.12,30.29,0.17,-1.2900000000000003,-3.22,0.6399999999999997,False,True,Qwen3-32B|s0
RedHatAI/Qwen3-32B-NVFP4,qwen3,Qwen3-32B,nvfp4,math_lvl5,58.99,56.27,-2.72,-1.2900000000000003,-3.22,0.6399999999999997,False,True,Qwen3-32B|s0
RedHatAI/Qwen3-32B-NVFP4,qwen3,Qwen3-32B,nvfp4,humaneval,90.14,90.4,0.26,-1.2900000000000003,-3.22,0.6399999999999997,False,True,Qwen3-32B|s0
RedHatAI/Qwen3-32B-NVFP4,qwen3,Qwen3-32B,nvfp4,gpqa_diamond,62.94,64.47,1.53,-1.2900000000000003,-3.22,0.6399999999999997,False,False,Qwen3-32B|s0
RedHatAI/Qwen3-32B-quantized.w4a16,qwen3,Qwen3-32B,w4a16,mmlu,80.96,80.36,-0.6,-0.7937121212121212,-2.723712121212121,1.1362878787878787,False,True,Qwen3-32B|s0
RedHatAI/Qwen3-32B-quantized.w4a16,qwen3,Qwen3-32B,w4a16,arc_challenge,69.03,68.69,-0.34,-0.7937121212121212,-2.723712121212121,1.1362878787878787,False,True,Qwen3-32B|s0
RedHatAI/Qwen3-32B-quantized.w4a16,qwen3,Qwen3-32B,w4a16,gsm8k,87.64,85.97,-1.67,-0.7937121212121212,-2.723712121212121,1.1362878787878787,False,True,Qwen3-32B|s0
RedHatAI/Qwen3-32B-quantized.w4a16,qwen3,Qwen3-32B,w4a16,hellaswag,71.1,71.18,0.08,-0.7937121212121212,-2.723712121212121,1.1362878787878787,False,True,Qwen3-32B|s0
RedHatAI/Qwen3-32B-quantized.w4a16,qwen3,Qwen3-32B,w4a16,truthfulqa,58.63,58.86,0.23,-0.7937121212121212,-2.723712121212121,1.1362878787878787,False,True,Qwen3-32B|s0
RedHatAI/Qwen3-32B-quantized.w4a16,qwen3,Qwen3-32B,w4a16,mmlu_pro,54.24,52.63,-1.61,-0.7937121212121212,-2.723712121212121,1.1362878787878787,False,True,Qwen3-32B|s0
RedHatAI/Qwen3-32B-quantized.w4a16,qwen3,Qwen3-32B,w4a16,ifeval,86.23,85.53,-0.7,-0.7937121212121212,-2.723712121212121,1.1362878787878787,False,True,Qwen3-32B|s0
RedHatAI/Qwen3-32B-quantized.w4a16,qwen3,Qwen3-32B,w4a16,bbh,44.29,41.07,-3.22,-0.7937121212121212,-2.723712121212121,1.1362878787878787,False,False,Qwen3-32B|s0
RedHatAI/Qwen3-32B-quantized.w4a16,qwen3,Qwen3-32B,w4a16,math_lvl5,54.61,55.38,0.77,-0.7937121212121212,-2.723712121212121,1.1362878787878787,False,True,Qwen3-32B|s0
RedHatAI/Qwen3-32B-quantized.w4a16,qwen3,Qwen3-32B,w4a16,gpqa_diamond,66.67,66.67,0.0,-0.7937121212121212,-2.723712121212121,1.1362878787878787,False,True,Qwen3-32B|s0
RedHatAI/Qwen3-32B-FP8-dynamic,qwen3,Qwen3-32B,fp8_dynamic,mmlu,80.96,80.89,-0.07,-0.09120370370370372,-1.5430458089668615,1.3606384015594541,False,True,Qwen3-32B|s1
RedHatAI/Qwen3-32B-FP8-dynamic,qwen3,Qwen3-32B,fp8_dynamic,arc_challenge,69.03,68.0,-1.03,-0.09120370370370372,-1.5430458089668615,1.3606384015594541,False,True,Qwen3-32B|s1
RedHatAI/Qwen3-32B-FP8-dynamic,qwen3,Qwen3-32B,fp8_dynamic,gsm8k,87.64,88.32,0.68,-0.09120370370370372,-1.5430458089668615,1.3606384015594541,False,True,Qwen3-32B|s1
RedHatAI/Qwen3-32B-FP8-dynamic,qwen3,Qwen3-32B,fp8_dynamic,hellaswag,71.1,71.44,0.34,-0.09120370370370372,-1.5430458089668615,1.3606384015594541,False,True,Qwen3-32B|s1
RedHatAI/Qwen3-32B-FP8-dynamic,qwen3,Qwen3-32B,fp8_dynamic,winogrande,69.77,69.85,0.08,-0.09120370370370372,-1.5430458089668615,1.3606384015594541,False,True,Qwen3-32B|s1
RedHatAI/Qwen3-32B-FP8-dynamic,qwen3,Qwen3-32B,fp8_dynamic,truthfulqa,58.63,59.13,0.5,-0.09120370370370372,-1.5430458089668615,1.3606384015594541,False,True,Qwen3-32B|s1
RedHatAI/Qwen3-32B-FP8-dynamic,qwen3,Qwen3-32B,fp8_dynamic,mmlu_pro,54.24,54.78,0.54,-0.09120370370370372,-1.5430458089668615,1.3606384015594541,False,True,Qwen3-32B|s1
RedHatAI/Qwen3-32B-FP8-dynamic,qwen3,Qwen3-32B,fp8_dynamic,ifeval,86.23,86.23,0.0,-0.09120370370370372,-1.5430458089668615,1.3606384015594541,False,True,Qwen3-32B|s1
RedHatAI/Qwen3-32B-FP8-dynamic,qwen3,Qwen3-32B,fp8_dynamic,bbh,44.29,43.7,-0.59,-0.09120370370370372,-1.5430458089668615,1.3606384015594541,False,True,Qwen3-32B|s1
RedHatAI/Qwen3-32B-FP8-dynamic,qwen3,Qwen3-32B,fp8_dynamic,math_lvl5,54.61,57.26,2.65,-0.09120370370370372,-1.5430458089668615,1.3606384015594541,False,False,Qwen3-32B|s1
RedHatAI/Qwen3-32B-FP8-dynamic,qwen3,Qwen3-32B,fp8_dynamic,gpqa_diamond,66.67,68.69,2.02,-0.09120370370370372,-1.5430458089668615,1.3606384015594541,False,False,Qwen3-32B|s1
RedHatAI/Qwen3-32B-NVFP4,qwen3,Qwen3-32B,nvfp4,arc_challenge,70.65,70.22,-0.43,-1.23625,-2.688092105263158,0.21559210526315775,False,True,Qwen3-32B|s1
RedHatAI/Qwen3-32B-NVFP4,qwen3,Qwen3-32B,nvfp4,gsm8k,74.15,74.68,0.53,-1.23625,-2.688092105263158,0.21559210526315775,False,False,Qwen3-32B|s1
RedHatAI/Qwen3-32B-NVFP4,qwen3,Qwen3-32B,nvfp4,hellaswag,84.0,83.33,-0.67,-1.23625,-2.688092105263158,0.21559210526315775,False,True,Qwen3-32B|s1
RedHatAI/Qwen3-32B-NVFP4,qwen3,Qwen3-32B,nvfp4,mmlu,81.84,81.23,-0.61,-1.23625,-2.688092105263158,0.21559210526315775,False,True,Qwen3-32B|s1
RedHatAI/Qwen3-32B-NVFP4,qwen3,Qwen3-32B,nvfp4,truthfulqa,59.36,58.92,-0.44,-1.23625,-2.688092105263158,0.21559210526315775,False,True,Qwen3-32B|s1
RedHatAI/Qwen3-32B-NVFP4,qwen3,Qwen3-32B,nvfp4,winogrande,75.93,76.8,0.87,-1.23625,-2.688092105263158,0.21559210526315775,False,False,Qwen3-32B|s1
RedHatAI/Qwen3-32B-NVFP4,qwen3,Qwen3-32B,nvfp4,bbh,62.35,60.72,-1.63,-1.23625,-2.688092105263158,0.21559210526315775,False,True,Qwen3-32B|s1
RedHatAI/Qwen3-32B-NVFP4,qwen3,Qwen3-32B,nvfp4,mmlu_pro,54.39,51.13,-3.26,-1.23625,-2.688092105263158,0.21559210526315775,False,False,Qwen3-32B|s1
RedHatAI/Qwen3-32B-NVFP4,qwen3,Qwen3-32B,nvfp4,musr,39.29,41.01,1.72,-1.23625,-2.688092105263158,0.21559210526315775,False,False,Qwen3-32B|s1
RedHatAI/Qwen3-32B-NVFP4,qwen3,Qwen3-32B,nvfp4,ifeval,88.97,87.29,-1.68,-1.23625,-2.688092105263158,0.21559210526315775,False,True,Qwen3-32B|s1
RedHatAI/Qwen3-32B-NVFP4,qwen3,Qwen3-32B,nvfp4,gpqa_main,30.12,30.29,0.17,-1.23625,-2.688092105263158,0.21559210526315775,False,True,Qwen3-32B|s1
RedHatAI/Qwen3-32B-NVFP4,qwen3,Qwen3-32B,nvfp4,math_lvl5,58.99,56.27,-2.72,-1.23625,-2.688092105263158,0.21559210526315775,False,False,Qwen3-32B|s1
RedHatAI/Qwen3-32B-NVFP4,qwen3,Qwen3-32B,nvfp4,humaneval,90.14,90.4,0.26,-1.23625,-2.688092105263158,0.21559210526315775,False,False,Qwen3-32B|s1
RedHatAI/Qwen3-32B-NVFP4,qwen3,Qwen3-32B,nvfp4,gpqa_diamond,62.94,64.47,1.53,-1.23625,-2.688092105263158,0.21559210526315775,False,False,Qwen3-32B|s1
RedHatAI/Qwen3-32B-quantized.w4a16,qwen3,Qwen3-32B,w4a16,mmlu,80.96,80.36,-0.6,-0.6534285714285715,-2.1052706766917293,0.7984135338345864,False,True,Qwen3-32B|s1
RedHatAI/Qwen3-32B-quantized.w4a16,qwen3,Qwen3-32B,w4a16,arc_challenge,69.03,68.69,-0.34,-0.6534285714285715,-2.1052706766917293,0.7984135338345864,False,True,Qwen3-32B|s1
RedHatAI/Qwen3-32B-quantized.w4a16,qwen3,Qwen3-32B,w4a16,gsm8k,87.64,85.97,-1.67,-0.6534285714285715,-2.1052706766917293,0.7984135338345864,False,True,Qwen3-32B|s1
RedHatAI/Qwen3-32B-quantized.w4a16,qwen3,Qwen3-32B,w4a16,hellaswag,71.1,71.18,0.08,-0.6534285714285715,-2.1052706766917293,0.7984135338345864,False,True,Qwen3-32B|s1
RedHatAI/Qwen3-32B-quantized.w4a16,qwen3,Qwen3-32B,w4a16,truthfulqa,58.63,58.86,0.23,-0.6534285714285715,-2.1052706766917293,0.7984135338345864,False,True,Qwen3-32B|s1
RedHatAI/Qwen3-32B-quantized.w4a16,qwen3,Qwen3-32B,w4a16,mmlu_pro,54.24,52.63,-1.61,-0.6534285714285715,-2.1052706766917293,0.7984135338345864,False,True,Qwen3-32B|s1
RedHatAI/Qwen3-32B-quantized.w4a16,qwen3,Qwen3-32B,w4a16,ifeval,86.23,85.53,-0.7,-0.6534285714285715,-2.1052706766917293,0.7984135338345864,False,True,Qwen3-32B|s1
RedHatAI/Qwen3-32B-quantized.w4a16,qwen3,Qwen3-32B,w4a16,bbh,44.29,41.07,-3.22,-0.6534285714285715,-2.1052706766917293,0.7984135338345864,False,False,Qwen3-32B|s1
RedHatAI/Qwen3-32B-quantized.w4a16,qwen3,Qwen3-32B,w4a16,math_lvl5,54.61,55.38,0.77,-0.6534285714285715,-2.1052706766917293,0.7984135338345864,False,True,Qwen3-32B|s1
RedHatAI/Qwen3-32B-quantized.w4a16,qwen3,Qwen3-32B,w4a16,gpqa_diamond,66.67,66.67,0.0,-0.6534285714285715,-2.1052706766917293,0.7984135338345864,False,True,Qwen3-32B|s1
RedHatAI/Qwen3-32B-FP8-dynamic,qwen3,Qwen3-32B,fp8_dynamic,mmlu,80.96,80.89,-0.07,-0.010967741935483872,-1.5219354838709678,1.5,False,True,Qwen3-32B|s2
RedHatAI/Qwen3-32B-FP8-dynamic,qwen3,Qwen3-32B,fp8_dynamic,arc_challenge,69.03,68.0,-1.03,-0.010967741935483872,-1.5219354838709678,1.5,False,True,Qwen3-32B|s2
RedHatAI/Qwen3-32B-FP8-dynamic,qwen3,Qwen3-32B,fp8_dynamic,gsm8k,87.64,88.32,0.68,-0.010967741935483872,-1.5219354838709678,1.5,False,True,Qwen3-32B|s2
RedHatAI/Qwen3-32B-FP8-dynamic,qwen3,Qwen3-32B,fp8_dynamic,hellaswag,71.1,71.44,0.34,-0.010967741935483872,-1.5219354838709678,1.5,False,True,Qwen3-32B|s2
RedHatAI/Qwen3-32B-FP8-dynamic,qwen3,Qwen3-32B,fp8_dynamic,winogrande,69.77,69.85,0.08,-0.010967741935483872,-1.5219354838709678,1.5,False,True,Qwen3-32B|s2
RedHatAI/Qwen3-32B-FP8-dynamic,qwen3,Qwen3-32B,fp8_dynamic,truthfulqa,58.63,59.13,0.5,-0.010967741935483872,-1.5219354838709678,1.5,False,True,Qwen3-32B|s2
RedHatAI/Qwen3-32B-FP8-dynamic,qwen3,Qwen3-32B,fp8_dynamic,mmlu_pro,54.24,54.78,0.54,-0.010967741935483872,-1.5219354838709678,1.5,False,True,Qwen3-32B|s2
RedHatAI/Qwen3-32B-FP8-dynamic,qwen3,Qwen3-32B,fp8_dynamic,ifeval,86.23,86.23,0.0,-0.010967741935483872,-1.5219354838709678,1.5,False,True,Qwen3-32B|s2
RedHatAI/Qwen3-32B-FP8-dynamic,qwen3,Qwen3-32B,fp8_dynamic,bbh,44.29,43.7,-0.59,-0.010967741935483872,-1.5219354838709678,1.5,False,True,Qwen3-32B|s2
RedHatAI/Qwen3-32B-FP8-dynamic,qwen3,Qwen3-32B,fp8_dynamic,math_lvl5,54.61,57.26,2.65,-0.010967741935483872,-1.5219354838709678,1.5,False,False,Qwen3-32B|s2
RedHatAI/Qwen3-32B-FP8-dynamic,qwen3,Qwen3-32B,fp8_dynamic,gpqa_diamond,66.67,68.69,2.02,-0.010967741935483872,-1.5219354838709678,1.5,False,False,Qwen3-32B|s2
RedHatAI/Qwen3-32B-NVFP4,qwen3,Qwen3-32B,nvfp4,arc_challenge,70.65,70.22,-0.43,-1.3388888888888888,-2.8498566308243727,0.1720788530465951,False,True,Qwen3-32B|s2
RedHatAI/Qwen3-32B-NVFP4,qwen3,Qwen3-32B,nvfp4,gsm8k,74.15,74.68,0.53,-1.3388888888888888,-2.8498566308243727,0.1720788530465951,False,False,Qwen3-32B|s2
RedHatAI/Qwen3-32B-NVFP4,qwen3,Qwen3-32B,nvfp4,hellaswag,84.0,83.33,-0.67,-1.3388888888888888,-2.8498566308243727,0.1720788530465951,False,True,Qwen3-32B|s2
RedHatAI/Qwen3-32B-NVFP4,qwen3,Qwen3-32B,nvfp4,mmlu,81.84,81.23,-0.61,-1.3388888888888888,-2.8498566308243727,0.1720788530465951,False,True,Qwen3-32B|s2
RedHatAI/Qwen3-32B-NVFP4,qwen3,Qwen3-32B,nvfp4,truthfulqa,59.36,58.92,-0.44,-1.3388888888888888,-2.8498566308243727,0.1720788530465951,False,True,Qwen3-32B|s2
RedHatAI/Qwen3-32B-NVFP4,qwen3,Qwen3-32B,nvfp4,winogrande,75.93,76.8,0.87,-1.3388888888888888,-2.8498566308243727,0.1720788530465951,False,False,Qwen3-32B|s2
RedHatAI/Qwen3-32B-NVFP4,qwen3,Qwen3-32B,nvfp4,bbh,62.35,60.72,-1.63,-1.3388888888888888,-2.8498566308243727,0.1720788530465951,False,True,Qwen3-32B|s2
RedHatAI/Qwen3-32B-NVFP4,qwen3,Qwen3-32B,nvfp4,mmlu_pro,54.39,51.13,-3.26,-1.3388888888888888,-2.8498566308243727,0.1720788530465951,False,False,Qwen3-32B|s2
RedHatAI/Qwen3-32B-NVFP4,qwen3,Qwen3-32B,nvfp4,musr,39.29,41.01,1.72,-1.3388888888888888,-2.8498566308243727,0.1720788530465951,False,False,Qwen3-32B|s2
RedHatAI/Qwen3-32B-NVFP4,qwen3,Qwen3-32B,nvfp4,ifeval,88.97,87.29,-1.68,-1.3388888888888888,-2.8498566308243727,0.1720788530465951,False,True,Qwen3-32B|s2
RedHatAI/Qwen3-32B-NVFP4,qwen3,Qwen3-32B,nvfp4,gpqa_main,30.12,30.29,0.17,-1.3388888888888888,-2.8498566308243727,0.1720788530465951,False,True,Qwen3-32B|s2
RedHatAI/Qwen3-32B-NVFP4,qwen3,Qwen3-32B,nvfp4,math_lvl5,58.99,56.27,-2.72,-1.3388888888888888,-2.8498566308243727,0.1720788530465951,False,True,Qwen3-32B|s2
RedHatAI/Qwen3-32B-NVFP4,qwen3,Qwen3-32B,nvfp4,humaneval,90.14,90.4,0.26,-1.3388888888888888,-2.8498566308243727,0.1720788530465951,False,False,Qwen3-32B|s2
RedHatAI/Qwen3-32B-NVFP4,qwen3,Qwen3-32B,nvfp4,gpqa_diamond,62.94,64.47,1.53,-1.3388888888888888,-2.8498566308243727,0.1720788530465951,False,False,Qwen3-32B|s2
RedHatAI/Qwen3-32B-quantized.w4a16,qwen3,Qwen3-32B,w4a16,mmlu,80.96,80.36,-0.6,-0.8336129032258065,-2.3445806451612903,0.6773548387096774,False,True,Qwen3-32B|s2
RedHatAI/Qwen3-32B-quantized.w4a16,qwen3,Qwen3-32B,w4a16,arc_challenge,69.03,68.69,-0.34,-0.8336129032258065,-2.3445806451612903,0.6773548387096774,False,True,Qwen3-32B|s2
RedHatAI/Qwen3-32B-quantized.w4a16,qwen3,Qwen3-32B,w4a16,gsm8k,87.64,85.97,-1.67,-0.8336129032258065,-2.3445806451612903,0.6773548387096774,False,True,Qwen3-32B|s2
RedHatAI/Qwen3-32B-quantized.w4a16,qwen3,Qwen3-32B,w4a16,hellaswag,71.1,71.18,0.08,-0.8336129032258065,-2.3445806451612903,0.6773548387096774,False,True,Qwen3-32B|s2
RedHatAI/Qwen3-32B-quantized.w4a16,qwen3,Qwen3-32B,w4a16,truthfulqa,58.63,58.86,0.23,-0.8336129032258065,-2.3445806451612903,0.6773548387096774,False,True,Qwen3-32B|s2
RedHatAI/Qwen3-32B-quantized.w4a16,qwen3,Qwen3-32B,w4a16,mmlu_pro,54.24,52.63,-1.61,-0.8336129032258065,-2.3445806451612903,0.6773548387096774,False,True,Qwen3-32B|s2
RedHatAI/Qwen3-32B-quantized.w4a16,qwen3,Qwen3-32B,w4a16,ifeval,86.23,85.53,-0.7,-0.8336129032258065,-2.3445806451612903,0.6773548387096774,False,True,Qwen3-32B|s2
RedHatAI/Qwen3-32B-quantized.w4a16,qwen3,Qwen3-32B,w4a16,bbh,44.29,41.07,-3.22,-0.8336129032258065,-2.3445806451612903,0.6773548387096774,False,False,Qwen3-32B|s2
RedHatAI/Qwen3-32B-quantized.w4a16,qwen3,Qwen3-32B,w4a16,math_lvl5,54.61,55.38,0.77,-0.8336129032258065,-2.3445806451612903,0.6773548387096774,False,False,Qwen3-32B|s2
RedHatAI/Qwen3-32B-quantized.w4a16,qwen3,Qwen3-32B,w4a16,gpqa_diamond,66.67,66.67,0.0,-0.8336129032258065,-2.3445806451612903,0.6773548387096774,False,True,Qwen3-32B|s2
RedHatAI/Qwen3-32B-FP8-dynamic,qwen3,Qwen3-32B,fp8_dynamic,mmlu,80.96,80.89,-0.07,-0.09492307692307692,-1.4750619658119657,1.285215811965812,False,True,Qwen3-32B|s3
RedHatAI/Qwen3-32B-FP8-dynamic,qwen3,Qwen3-32B,fp8_dynamic,arc_challenge,69.03,68.0,-1.03,-0.09492307692307692,-1.4750619658119657,1.285215811965812,False,True,Qwen3-32B|s3
RedHatAI/Qwen3-32B-FP8-dynamic,qwen3,Qwen3-32B,fp8_dynamic,gsm8k,87.64,88.32,0.68,-0.09492307692307692,-1.4750619658119657,1.285215811965812,False,True,Qwen3-32B|s3
RedHatAI/Qwen3-32B-FP8-dynamic,qwen3,Qwen3-32B,fp8_dynamic,hellaswag,71.1,71.44,0.34,-0.09492307692307692,-1.4750619658119657,1.285215811965812,False,True,Qwen3-32B|s3
RedHatAI/Qwen3-32B-FP8-dynamic,qwen3,Qwen3-32B,fp8_dynamic,winogrande,69.77,69.85,0.08,-0.09492307692307692,-1.4750619658119657,1.285215811965812,False,True,Qwen3-32B|s3
RedHatAI/Qwen3-32B-FP8-dynamic,qwen3,Qwen3-32B,fp8_dynamic,truthfulqa,58.63,59.13,0.5,-0.09492307692307692,-1.4750619658119657,1.285215811965812,False,True,Qwen3-32B|s3
RedHatAI/Qwen3-32B-FP8-dynamic,qwen3,Qwen3-32B,fp8_dynamic,mmlu_pro,54.24,54.78,0.54,-0.09492307692307692,-1.4750619658119657,1.285215811965812,False,True,Qwen3-32B|s3
RedHatAI/Qwen3-32B-FP8-dynamic,qwen3,Qwen3-32B,fp8_dynamic,ifeval,86.23,86.23,0.0,-0.09492307692307692,-1.4750619658119657,1.285215811965812,False,True,Qwen3-32B|s3
RedHatAI/Qwen3-32B-FP8-dynamic,qwen3,Qwen3-32B,fp8_dynamic,bbh,44.29,43.7,-0.59,-0.09492307692307692,-1.4750619658119657,1.285215811965812,False,True,Qwen3-32B|s3
RedHatAI/Qwen3-32B-FP8-dynamic,qwen3,Qwen3-32B,fp8_dynamic,math_lvl5,54.61,57.26,2.65,-0.09492307692307692,-1.4750619658119657,1.285215811965812,False,False,Qwen3-32B|s3
RedHatAI/Qwen3-32B-FP8-dynamic,qwen3,Qwen3-32B,fp8_dynamic,gpqa_diamond,66.67,68.69,2.02,-0.09492307692307692,-1.4750619658119657,1.285215811965812,False,False,Qwen3-32B|s3
RedHatAI/Qwen3-32B-NVFP4,qwen3,Qwen3-32B,nvfp4,arc_challenge,70.65,70.22,-0.43,-1.228888888888889,-2.6090277777777775,0.15124999999999988,False,True,Qwen3-32B|s3
RedHatAI/Qwen3-32B-NVFP4,qwen3,Qwen3-32B,nvfp4,gsm8k,74.15,74.68,0.53,-1.228888888888889,-2.6090277777777775,0.15124999999999988,False,False,Qwen3-32B|s3
RedHatAI/Qwen3-32B-NVFP4,qwen3,Qwen3-32B,nvfp4,hellaswag,84.0,83.33,-0.67,-1.228888888888889,-2.6090277777777775,0.15124999999999988,False,True,Qwen3-32B|s3
RedHatAI/Qwen3-32B-NVFP4,qwen3,Qwen3-32B,nvfp4,mmlu,81.84,81.23,-0.61,-1.228888888888889,-2.6090277777777775,0.15124999999999988,False,True,Qwen3-32B|s3
RedHatAI/Qwen3-32B-NVFP4,qwen3,Qwen3-32B,nvfp4,truthfulqa,59.36,58.92,-0.44,-1.228888888888889,-2.6090277777777775,0.15124999999999988,False,True,Qwen3-32B|s3
RedHatAI/Qwen3-32B-NVFP4,qwen3,Qwen3-32B,nvfp4,winogrande,75.93,76.8,0.87,-1.228888888888889,-2.6090277777777775,0.15124999999999988,False,False,Qwen3-32B|s3
RedHatAI/Qwen3-32B-NVFP4,qwen3,Qwen3-32B,nvfp4,bbh,62.35,60.72,-1.63,-1.228888888888889,-2.6090277777777775,0.15124999999999988,False,True,Qwen3-32B|s3
RedHatAI/Qwen3-32B-NVFP4,qwen3,Qwen3-32B,nvfp4,mmlu_pro,54.39,51.13,-3.26,-1.228888888888889,-2.6090277777777775,0.15124999999999988,False,False,Qwen3-32B|s3
RedHatAI/Qwen3-32B-NVFP4,qwen3,Qwen3-32B,nvfp4,musr,39.29,41.01,1.72,-1.228888888888889,-2.6090277777777775,0.15124999999999988,False,False,Qwen3-32B|s3
RedHatAI/Qwen3-32B-NVFP4,qwen3,Qwen3-32B,nvfp4,ifeval,88.97,87.29,-1.68,-1.228888888888889,-2.6090277777777775,0.15124999999999988,False,True,Qwen3-32B|s3
RedHatAI/Qwen3-32B-NVFP4,qwen3,Qwen3-32B,nvfp4,gpqa_main,30.12,30.29,0.17,-1.228888888888889,-2.6090277777777775,0.15124999999999988,False,False,Qwen3-32B|s3
RedHatAI/Qwen3-32B-NVFP4,qwen3,Qwen3-32B,nvfp4,math_lvl5,58.99,56.27,-2.72,-1.228888888888889,-2.6090277777777775,0.15124999999999988,False,False,Qwen3-32B|s3
RedHatAI/Qwen3-32B-NVFP4,qwen3,Qwen3-32B,nvfp4,humaneval,90.14,90.4,0.26,-1.228888888888889,-2.6090277777777775,0.15124999999999988,False,False,Qwen3-32B|s3
RedHatAI/Qwen3-32B-NVFP4,qwen3,Qwen3-32B,nvfp4,gpqa_diamond,62.94,64.47,1.53,-1.228888888888889,-2.6090277777777775,0.15124999999999988,False,False,Qwen3-32B|s3
RedHatAI/Qwen3-32B-quantized.w4a16,qwen3,Qwen3-32B,w4a16,mmlu,80.96,80.36,-0.6,-0.669861111111111,-2.05,0.7102777777777778,False,True,Qwen3-32B|s3
RedHatAI/Qwen3-32B-quantized.w4a16,qwen3,Qwen3-32B,w4a16,arc_challenge,69.03,68.69,-0.34,-0.669861111111111,-2.05,0.7102777777777778,False,True,Qwen3-32B|s3
RedHatAI/Qwen3-32B-quantized.w4a16,qwen3,Qwen3-32B,w4a16,gsm8k,87.64,85.97,-1.67,-0.669861111111111,-2.05,0.7102777777777778,False,True,Qwen3-32B|s3
RedHatAI/Qwen3-32B-quantized.w4a16,qwen3,Qwen3-32B,w4a16,hellaswag,71.1,71.18,0.08,-0.669861111111111,-2.05,0.7102777777777778,False,True,Qwen3-32B|s3
RedHatAI/Qwen3-32B-quantized.w4a16,qwen3,Qwen3-32B,w4a16,truthfulqa,58.63,58.86,0.23,-0.669861111111111,-2.05,0.7102777777777778,False,True,Qwen3-32B|s3
RedHatAI/Qwen3-32B-quantized.w4a16,qwen3,Qwen3-32B,w4a16,mmlu_pro,54.24,52.63,-1.61,-0.669861111111111,-2.05,0.7102777777777778,False,True,Qwen3-32B|s3
RedHatAI/Qwen3-32B-quantized.w4a16,qwen3,Qwen3-32B,w4a16,ifeval,86.23,85.53,-0.7,-0.669861111111111,-2.05,0.7102777777777778,False,True,Qwen3-32B|s3
RedHatAI/Qwen3-32B-quantized.w4a16,qwen3,Qwen3-32B,w4a16,bbh,44.29,41.07,-3.22,-0.669861111111111,-2.05,0.7102777777777778,False,False,Qwen3-32B|s3
RedHatAI/Qwen3-32B-quantized.w4a16,qwen3,Qwen3-32B,w4a16,math_lvl5,54.61,55.38,0.77,-0.669861111111111,-2.05,0.7102777777777778,False,False,Qwen3-32B|s3
RedHatAI/Qwen3-32B-quantized.w4a16,qwen3,Qwen3-32B,w4a16,gpqa_diamond,66.67,66.67,0.0,-0.669861111111111,-2.05,0.7102777777777778,False,True,Qwen3-32B|s3
RedHatAI/Qwen3-32B-FP8-dynamic,qwen3,Qwen3-32B,fp8_dynamic,mmlu,80.96,80.89,-0.07,-0.10710937500000002,-1.74,1.5257812499999999,False,True,Qwen3-32B|s4
RedHatAI/Qwen3-32B-FP8-dynamic,qwen3,Qwen3-32B,fp8_dynamic,arc_challenge,69.03,68.0,-1.03,-0.10710937500000002,-1.74,1.5257812499999999,False,True,Qwen3-32B|s4
RedHatAI/Qwen3-32B-FP8-dynamic,qwen3,Qwen3-32B,fp8_dynamic,gsm8k,87.64,88.32,0.68,-0.10710937500000002,-1.74,1.5257812499999999,False,True,Qwen3-32B|s4
RedHatAI/Qwen3-32B-FP8-dynamic,qwen3,Qwen3-32B,fp8_dynamic,hellaswag,71.1,71.44,0.34,-0.10710937500000002,-1.74,1.5257812499999999,False,True,Qwen3-32B|s4
RedHatAI/Qwen3-32B-FP8-dynamic,qwen3,Qwen3-32B,fp8_dynamic,winogrande,69.77,69.85,0.08,-0.10710937500000002,-1.74,1.5257812499999999,False,True,Qwen3-32B|s4
RedHatAI/Qwen3-32B-FP8-dynamic,qwen3,Qwen3-32B,fp8_dynamic,truthfulqa,58.63,59.13,0.5,-0.10710937500000002,-1.74,1.5257812499999999,False,True,Qwen3-32B|s4
RedHatAI/Qwen3-32B-FP8-dynamic,qwen3,Qwen3-32B,fp8_dynamic,mmlu_pro,54.24,54.78,0.54,-0.10710937500000002,-1.74,1.5257812499999999,False,True,Qwen3-32B|s4
RedHatAI/Qwen3-32B-FP8-dynamic,qwen3,Qwen3-32B,fp8_dynamic,ifeval,86.23,86.23,0.0,-0.10710937500000002,-1.74,1.5257812499999999,False,True,Qwen3-32B|s4
RedHatAI/Qwen3-32B-FP8-dynamic,qwen3,Qwen3-32B,fp8_dynamic,bbh,44.29,43.7,-0.59,-0.10710937500000002,-1.74,1.5257812499999999,False,True,Qwen3-32B|s4
RedHatAI/Qwen3-32B-FP8-dynamic,qwen3,Qwen3-32B,fp8_dynamic,math_lvl5,54.61,57.26,2.65,-0.10710937500000002,-1.74,1.5257812499999999,False,False,Qwen3-32B|s4
RedHatAI/Qwen3-32B-FP8-dynamic,qwen3,Qwen3-32B,fp8_dynamic,gpqa_diamond,66.67,68.69,2.02,-0.10710937500000002,-1.74,1.5257812499999999,False,False,Qwen3-32B|s4
RedHatAI/Qwen3-32B-NVFP4,qwen3,Qwen3-32B,nvfp4,arc_challenge,70.65,70.22,-0.43,-1.3946341463414633,-3.0275247713414632,0.2382564786585366,False,True,Qwen3-32B|s4
RedHatAI/Qwen3-32B-NVFP4,qwen3,Qwen3-32B,nvfp4,gsm8k,74.15,74.68,0.53,-1.3946341463414633,-3.0275247713414632,0.2382564786585366,False,False,Qwen3-32B|s4
RedHatAI/Qwen3-32B-NVFP4,qwen3,Qwen3-32B,nvfp4,hellaswag,84.0,83.33,-0.67,-1.3946341463414633,-3.0275247713414632,0.2382564786585366,False,True,Qwen3-32B|s4
RedHatAI/Qwen3-32B-NVFP4,qwen3,Qwen3-32B,nvfp4,mmlu,81.84,81.23,-0.61,-1.3946341463414633,-3.0275247713414632,0.2382564786585366,False,True,Qwen3-32B|s4
RedHatAI/Qwen3-32B-NVFP4,qwen3,Qwen3-32B,nvfp4,truthfulqa,59.36,58.92,-0.44,-1.3946341463414633,-3.0275247713414632,0.2382564786585366,False,True,Qwen3-32B|s4
RedHatAI/Qwen3-32B-NVFP4,qwen3,Qwen3-32B,nvfp4,winogrande,75.93,76.8,0.87,-1.3946341463414633,-3.0275247713414632,0.2382564786585366,False,False,Qwen3-32B|s4
RedHatAI/Qwen3-32B-NVFP4,qwen3,Qwen3-32B,nvfp4,bbh,62.35,60.72,-1.63,-1.3946341463414633,-3.0275247713414632,0.2382564786585366,False,True,Qwen3-32B|s4
RedHatAI/Qwen3-32B-NVFP4,qwen3,Qwen3-32B,nvfp4,mmlu_pro,54.39,51.13,-3.26,-1.3946341463414633,-3.0275247713414632,0.2382564786585366,False,False,Qwen3-32B|s4
RedHatAI/Qwen3-32B-NVFP4,qwen3,Qwen3-32B,nvfp4,musr,39.29,41.01,1.72,-1.3946341463414633,-3.0275247713414632,0.2382564786585366,False,False,Qwen3-32B|s4
RedHatAI/Qwen3-32B-NVFP4,qwen3,Qwen3-32B,nvfp4,ifeval,88.97,87.29,-1.68,-1.3946341463414633,-3.0275247713414632,0.2382564786585366,False,True,Qwen3-32B|s4
RedHatAI/Qwen3-32B-NVFP4,qwen3,Qwen3-32B,nvfp4,gpqa_main,30.12,30.29,0.17,-1.3946341463414633,-3.0275247713414632,0.2382564786585366,False,True,Qwen3-32B|s4
RedHatAI/Qwen3-32B-NVFP4,qwen3,Qwen3-32B,nvfp4,math_lvl5,58.99,56.27,-2.72,-1.3946341463414633,-3.0275247713414632,0.2382564786585366,False,True,Qwen3-32B|s4
RedHatAI/Qwen3-32B-NVFP4,qwen3,Qwen3-32B,nvfp4,humaneval,90.14,90.4,0.26,-1.3946341463414633,-3.0275247713414632,0.2382564786585366,False,False,Qwen3-32B|s4
RedHatAI/Qwen3-32B-NVFP4,qwen3,Qwen3-32B,nvfp4,gpqa_diamond,62.94,64.47,1.53,-1.3946341463414633,-3.0275247713414632,0.2382564786585366,False,False,Qwen3-32B|s4
RedHatAI/Qwen3-32B-quantized.w4a16,qwen3,Qwen3-32B,w4a16,mmlu,80.96,80.36,-0.6,-0.6213157894736842,-2.254206414473684,1.0115748355263157,False,True,Qwen3-32B|s4
RedHatAI/Qwen3-32B-quantized.w4a16,qwen3,Qwen3-32B,w4a16,arc_challenge,69.03,68.69,-0.34,-0.6213157894736842,-2.254206414473684,1.0115748355263157,False,True,Qwen3-32B|s4
RedHatAI/Qwen3-32B-quantized.w4a16,qwen3,Qwen3-32B,w4a16,gsm8k,87.64,85.97,-1.67,-0.6213157894736842,-2.254206414473684,1.0115748355263157,False,True,Qwen3-32B|s4
RedHatAI/Qwen3-32B-quantized.w4a16,qwen3,Qwen3-32B,w4a16,hellaswag,71.1,71.18,0.08,-0.6213157894736842,-2.254206414473684,1.0115748355263157,False,True,Qwen3-32B|s4
RedHatAI/Qwen3-32B-quantized.w4a16,qwen3,Qwen3-32B,w4a16,truthfulqa,58.63,58.86,0.23,-0.6213157894736842,-2.254206414473684,1.0115748355263157,False,True,Qwen3-32B|s4
RedHatAI/Qwen3-32B-quantized.w4a16,qwen3,Qwen3-32B,w4a16,mmlu_pro,54.24,52.63,-1.61,-0.6213157894736842,-2.254206414473684,1.0115748355263157,False,True,Qwen3-32B|s4
RedHatAI/Qwen3-32B-quantized.w4a16,qwen3,Qwen3-32B,w4a16,ifeval,86.23,85.53,-0.7,-0.6213157894736842,-2.254206414473684,1.0115748355263157,False,True,Qwen3-32B|s4
RedHatAI/Qwen3-32B-quantized.w4a16,qwen3,Qwen3-32B,w4a16,bbh,44.29,41.07,-3.22,-0.6213157894736842,-2.254206414473684,1.0115748355263157,False,False,Qwen3-32B|s4
RedHatAI/Qwen3-32B-quantized.w4a16,qwen3,Qwen3-32B,w4a16,math_lvl5,54.61,55.38,0.77,-0.6213157894736842,-2.254206414473684,1.0115748355263157,False,True,Qwen3-32B|s4
RedHatAI/Qwen3-32B-quantized.w4a16,qwen3,Qwen3-32B,w4a16,gpqa_diamond,66.67,66.67,0.0,-0.6213157894736842,-2.254206414473684,1.0115748355263157,False,True,Qwen3-32B|s4
RedHatAI/Qwen3-8B-FP8-dynamic,qwen3,Qwen3-8B,fp8_dynamic,mmlu,71.95,72.3,0.35,-0.05412162162162162,-1.613696089706728,1.5054528464634849,False,True,Qwen3-8B|s0
RedHatAI/Qwen3-8B-FP8-dynamic,qwen3,Qwen3-8B,fp8_dynamic,arc_challenge,61.69,61.6,-0.09,-0.05412162162162162,-1.613696089706728,1.5054528464634849,False,True,Qwen3-8B|s0
RedHatAI/Qwen3-8B-FP8-dynamic,qwen3,Qwen3-8B,fp8_dynamic,gsm8k,75.97,80.52,4.55,-0.05412162162162162,-1.613696089706728,1.5054528464634849,False,False,Qwen3-8B|s0
RedHatAI/Qwen3-8B-FP8-dynamic,qwen3,Qwen3-8B,fp8_dynamic,hellaswag,56.52,55.95,-0.57,-0.05412162162162162,-1.613696089706728,1.5054528464634849,False,True,Qwen3-8B|s0
RedHatAI/Qwen3-8B-FP8-dynamic,qwen3,Qwen3-8B,fp8_dynamic,winogrande,65.98,66.22,0.24,-0.05412162162162162,-1.613696089706728,1.5054528464634849,False,True,Qwen3-8B|s0
RedHatAI/Qwen3-8B-FP8-dynamic,qwen3,Qwen3-8B,fp8_dynamic,truthfulqa,53.17,52.39,-0.78,-0.05412162162162162,-1.613696089706728,1.5054528464634849,False,True,Qwen3-8B|s0
RedHatAI/Qwen3-8B-FP8-dynamic,qwen3,Qwen3-8B,fp8_dynamic,mmlu_pro,34.57,37.82,3.25,-0.05412162162162162,-1.613696089706728,1.5054528464634849,False,False,Qwen3-8B|s0
RedHatAI/Qwen3-8B-FP8-dynamic,qwen3,Qwen3-8B,fp8_dynamic,ifeval,84.77,84.56,-0.21,-0.05412162162162162,-1.613696089706728,1.5054528464634849,False,True,Qwen3-8B|s0
RedHatAI/Qwen3-8B-FP8-dynamic,qwen3,Qwen3-8B,fp8_dynamic,bbh,25.47,27.2,1.73,-0.05412162162162162,-1.613696089706728,1.5054528464634849,False,False,Qwen3-8B|s0
RedHatAI/Qwen3-8B-FP8-dynamic,qwen3,Qwen3-8B,fp8_dynamic,math_lvl5,51.05,51.9,0.85,-0.05412162162162162,-1.613696089706728,1.5054528464634849,False,True,Qwen3-8B|s0
RedHatAI/Qwen3-8B-FP8-dynamic,qwen3,Qwen3-8B,fp8_dynamic,gpqa_diamond,58.59,61.11,2.52,-0.05412162162162162,-1.613696089706728,1.5054528464634849,False,False,Qwen3-8B|s0
RedHatAI/Qwen3-8B-NVFP4,qwen3,Qwen3-8B,nvfp4,arc_challenge,64.76,63.91,-0.85,-1.1222222222222222,-2.681796690307329,0.43735224586288424,False,True,Qwen3-8B|s0
RedHatAI/Qwen3-8B-NVFP4,qwen3,Qwen3-8B,nvfp4,gsm8k,87.26,86.73,-0.53,-1.1222222222222222,-2.681796690307329,0.43735224586288424,False,True,Qwen3-8B|s0
RedHatAI/Qwen3-8B-NVFP4,qwen3,Qwen3-8B,nvfp4,hellaswag,76.68,75.34,-1.34,-1.1222222222222222,-2.681796690307329,0.43735224586288424,False,True,Qwen3-8B|s0
RedHatAI/Qwen3-8B-NVFP4,qwen3,Qwen3-8B,nvfp4,mmlu,74.97,73.07,-1.9,-1.1222222222222222,-2.681796690307329,0.43735224586288424,False,True,Qwen3-8B|s0
RedHatAI/Qwen3-8B-NVFP4,qwen3,Qwen3-8B,nvfp4,truthfulqa,54.42,55.07,0.65,-1.1222222222222222,-2.681796690307329,0.43735224586288424,False,False,Qwen3-8B|s0
RedHatAI/Qwen3-8B-NVFP4,qwen3,Qwen3-8B,nvfp4,winogrande,71.43,68.43,-3.0,-1.1222222222222222,-2.681796690307329,0.43735224586288424,False,False,Qwen3-8B|s0
RedHatAI/Qwen3-8B-NVFP4,qwen3,Qwen3-8B,nvfp4,bbh,47.46,49.33,1.87,-1.1222222222222222,-2.681796690307329,0.43735224586288424,False,False,Qwen3-8B|s0
RedHatAI/Qwen3-8B-NVFP4,qwen3,Qwen3-8B,nvfp4,mmlu_pro,34.64,27.49,-7.15,-1.1222222222222222,-2.681796690307329,0.43735224586288424,False,False,Qwen3-8B|s0
RedHatAI/Qwen3-8B-NVFP4,qwen3,Qwen3-8B,nvfp4,musr,40.61,42.86,2.25,-1.1222222222222222,-2.681796690307329,0.43735224586288424,False,False,Qwen3-8B|s0
RedHatAI/Qwen3-8B-NVFP4,qwen3,Qwen3-8B,nvfp4,ifeval,87.89,87.65,-0.24,-1.1222222222222222,-2.681796690307329,0.43735224586288424,False,True,Qwen3-8B|s0
RedHatAI/Qwen3-8B-NVFP4,qwen3,Qwen3-8B,nvfp4,gpqa_main,25.17,26.34,1.17,-1.1222222222222222,-2.681796690307329,0.43735224586288424,False,False,Qwen3-8B|s0
RedHatAI/Qwen3-8B-NVFP4,qwen3,Qwen3-8B,nvfp4,math_lvl5,53.55,50.83,-2.72,-1.1222222222222222,-2.681796690307329,0.43735224586288424,False,False,Qwen3-8B|s0
RedHatAI/Qwen3-8B-NVFP4,qwen3,Qwen3-8B,nvfp4,humaneval,86.51,85.32,-1.19,-1.1222222222222222,-2.681796690307329,0.43735224586288424,False,True,Qwen3-8B|s0
RedHatAI/Qwen3-8B-NVFP4,qwen3,Qwen3-8B,nvfp4,gpqa_diamond,59.9,54.82,-5.08,-1.1222222222222222,-2.681796690307329,0.43735224586288424,False,False,Qwen3-8B|s0
RedHatAI/Qwen3-8B-quantized.w4a16,qwen3,Qwen3-8B,w4a16,mmlu,71.95,69.74,-2.21,-0.7504255319148936,-2.31,0.8091489361702129,False,True,Qwen3-8B|s0
RedHatAI/Qwen3-8B-quantized.w4a16,qwen3,Qwen3-8B,w4a16,arc_challenge,61.69,61.77,0.08,-0.7504255319148936,-2.31,0.8091489361702129,False,True,Qwen3-8B|s0
RedHatAI/Qwen3-8B-quantized.w4a16,qwen3,Qwen3-8B,w4a16,gsm8k,75.97,78.62,2.65,-0.7504255319148936,-2.31,0.8091489361702129,False,False,Qwen3-8B|s0
RedHatAI/Qwen3-8B-quantized.w4a16,qwen3,Qwen3-8B,w4a16,hellaswag,56.52,57.79,1.27,-0.7504255319148936,-2.31,0.8091489361702129,False,False,Qwen3-8B|s0
RedHatAI/Qwen3-8B-quantized.w4a16,qwen3,Qwen3-8B,w4a16,winogrande,65.98,66.22,0.24,-0.7504255319148936,-2.31,0.8091489361702129,False,True,Qwen3-8B|s0
RedHatAI/Qwen3-8B-quantized.w4a16,qwen3,Qwen3-8B,w4a16,truthfulqa,53.17,53.71,0.54,-0.7504255319148936,-2.31,0.8091489361702129,False,True,Qwen3-8B|s0
RedHatAI/Qwen3-8B-quantized.w4a16,qwen3,Qwen3-8B,w4a16,mmlu_pro,34.57,25.71,-8.86,-0.7504255319148936,-2.31,0.8091489361702129,False,False,Qwen3-8B|s0
RedHatAI/Qwen3-8B-quantized.w4a16,qwen3,Qwen3-8B,w4a16,ifeval,84.77,85.44,0.67,-0.7504255319148936,-2.31,0.8091489361702129,False,True,Qwen3-8B|s0
RedHatAI/Qwen3-8B-quantized.w4a16,qwen3,Qwen3-8B,w4a16,bbh,25.47,21.17,-4.3,-0.7504255319148936,-2.31,0.8091489361702129,False,False,Qwen3-8B|s0
RedHatAI/Qwen3-8B-quantized.w4a16,qwen3,Qwen3-8B,w4a16,math_lvl5,51.05,51.38,0.33,-0.7504255319148936,-2.31,0.8091489361702129,False,True,Qwen3-8B|s0
RedHatAI/Qwen3-8B-quantized.w4a16,qwen3,Qwen3-8B,w4a16,gpqa_diamond,58.59,55.56,-3.03,-0.7504255319148936,-2.31,0.8091489361702129,False,False,Qwen3-8B|s0
RedHatAI/Qwen3-8B-FP8-dynamic,qwen3,Qwen3-8B,fp8_dynamic,mmlu,71.95,72.3,0.35,-0.1196376811594203,-2.259275362318841,2.02,False,True,Qwen3-8B|s1
RedHatAI/Qwen3-8B-FP8-dynamic,qwen3,Qwen3-8B,fp8_dynamic,arc_challenge,61.69,61.6,-0.09,-0.1196376811594203,-2.259275362318841,2.02,False,True,Qwen3-8B|s1
RedHatAI/Qwen3-8B-FP8-dynamic,qwen3,Qwen3-8B,fp8_dynamic,gsm8k,75.97,80.52,4.55,-0.1196376811594203,-2.259275362318841,2.02,False,False,Qwen3-8B|s1
RedHatAI/Qwen3-8B-FP8-dynamic,qwen3,Qwen3-8B,fp8_dynamic,hellaswag,56.52,55.95,-0.57,-0.1196376811594203,-2.259275362318841,2.02,False,True,Qwen3-8B|s1
RedHatAI/Qwen3-8B-FP8-dynamic,qwen3,Qwen3-8B,fp8_dynamic,winogrande,65.98,66.22,0.24,-0.1196376811594203,-2.259275362318841,2.02,False,True,Qwen3-8B|s1
RedHatAI/Qwen3-8B-FP8-dynamic,qwen3,Qwen3-8B,fp8_dynamic,truthfulqa,53.17,52.39,-0.78,-0.1196376811594203,-2.259275362318841,2.02,False,True,Qwen3-8B|s1
RedHatAI/Qwen3-8B-FP8-dynamic,qwen3,Qwen3-8B,fp8_dynamic,mmlu_pro,34.57,37.82,3.25,-0.1196376811594203,-2.259275362318841,2.02,False,False,Qwen3-8B|s1
RedHatAI/Qwen3-8B-FP8-dynamic,qwen3,Qwen3-8B,fp8_dynamic,ifeval,84.77,84.56,-0.21,-0.1196376811594203,-2.259275362318841,2.02,False,True,Qwen3-8B|s1
RedHatAI/Qwen3-8B-FP8-dynamic,qwen3,Qwen3-8B,fp8_dynamic,bbh,25.47,27.2,1.73,-0.1196376811594203,-2.259275362318841,2.02,False,True,Qwen3-8B|s1
RedHatAI/Qwen3-8B-FP8-dynamic,qwen3,Qwen3-8B,fp8_dynamic,math_lvl5,51.05,51.9,0.85,-0.1196376811594203,-2.259275362318841,2.02,False,True,Qwen3-8B|s1
RedHatAI/Qwen3-8B-FP8-dynamic,qwen3,Qwen3-8B,fp8_dynamic,gpqa_diamond,58.59,61.11,2.52,-0.1196376811594203,-2.259275362318841,2.02,False,False,Qwen3-8B|s1
RedHatAI/Qwen3-8B-NVFP4,qwen3,Qwen3-8B,nvfp4,arc_challenge,64.76,63.91,-0.85,-1.448888888888889,-3.5885265700483093,0.6907487922705315,False,True,Qwen3-8B|s1
RedHatAI/Qwen3-8B-NVFP4,qwen3,Qwen3-8B,nvfp4,gsm8k,87.26,86.73,-0.53,-1.448888888888889,-3.5885265700483093,0.6907487922705315,False,True,Qwen3-8B|s1
RedHatAI/Qwen3-8B-NVFP4,qwen3,Qwen3-8B,nvfp4,hellaswag,76.68,75.34,-1.34,-1.448888888888889,-3.5885265700483093,0.6907487922705315,False,True,Qwen3-8B|s1
RedHatAI/Qwen3-8B-NVFP4,qwen3,Qwen3-8B,nvfp4,mmlu,74.97,73.07,-1.9,-1.448888888888889,-3.5885265700483093,0.6907487922705315,False,True,Qwen3-8B|s1
RedHatAI/Qwen3-8B-NVFP4,qwen3,Qwen3-8B,nvfp4,truthfulqa,54.42,55.07,0.65,-1.448888888888889,-3.5885265700483093,0.6907487922705315,False,True,Qwen3-8B|s1
RedHatAI/Qwen3-8B-NVFP4,qwen3,Qwen3-8B,nvfp4,winogrande,71.43,68.43,-3.0,-1.448888888888889,-3.5885265700483093,0.6907487922705315,False,True,Qwen3-8B|s1
RedHatAI/Qwen3-8B-NVFP4,qwen3,Qwen3-8B,nvfp4,bbh,47.46,49.33,1.87,-1.448888888888889,-3.5885265700483093,0.6907487922705315,False,False,Qwen3-8B|s1
RedHatAI/Qwen3-8B-NVFP4,qwen3,Qwen3-8B,nvfp4,mmlu_pro,34.64,27.49,-7.15,-1.448888888888889,-3.5885265700483093,0.6907487922705315,False,False,Qwen3-8B|s1
RedHatAI/Qwen3-8B-NVFP4,qwen3,Qwen3-8B,nvfp4,musr,40.61,42.86,2.25,-1.448888888888889,-3.5885265700483093,0.6907487922705315,False,False,Qwen3-8B|s1
RedHatAI/Qwen3-8B-NVFP4,qwen3,Qwen3-8B,nvfp4,ifeval,87.89,87.65,-0.24,-1.448888888888889,-3.5885265700483093,0.6907487922705315,False,True,Qwen3-8B|s1
RedHatAI/Qwen3-8B-NVFP4,qwen3,Qwen3-8B,nvfp4,gpqa_main,25.17,26.34,1.17,-1.448888888888889,-3.5885265700483093,0.6907487922705315,False,False,Qwen3-8B|s1
RedHatAI/Qwen3-8B-NVFP4,qwen3,Qwen3-8B,nvfp4,math_lvl5,53.55,50.83,-2.72,-1.448888888888889,-3.5885265700483093,0.6907487922705315,False,True,Qwen3-8B|s1
RedHatAI/Qwen3-8B-NVFP4,qwen3,Qwen3-8B,nvfp4,humaneval,86.51,85.32,-1.19,-1.448888888888889,-3.5885265700483093,0.6907487922705315,False,True,Qwen3-8B|s1
RedHatAI/Qwen3-8B-NVFP4,qwen3,Qwen3-8B,nvfp4,gpqa_diamond,59.9,54.82,-5.08,-1.448888888888889,-3.5885265700483093,0.6907487922705315,False,False,Qwen3-8B|s1
RedHatAI/Qwen3-8B-quantized.w4a16,qwen3,Qwen3-8B,w4a16,mmlu,71.95,69.74,-2.21,-0.8172142857142857,-2.956851966873706,1.3224233954451348,False,True,Qwen3-8B|s1
RedHatAI/Qwen3-8B-quantized.w4a16,qwen3,Qwen3-8B,w4a16,arc_challenge,61.69,61.77,0.08,-0.8172142857142857,-2.956851966873706,1.3224233954451348,False,True,Qwen3-8B|s1
RedHatAI/Qwen3-8B-quantized.w4a16,qwen3,Qwen3-8B,w4a16,gsm8k,75.97,78.62,2.65,-0.8172142857142857,-2.956851966873706,1.3224233954451348,False,False,Qwen3-8B|s1
RedHatAI/Qwen3-8B-quantized.w4a16,qwen3,Qwen3-8B,w4a16,hellaswag,56.52,57.79,1.27,-0.8172142857142857,-2.956851966873706,1.3224233954451348,False,True,Qwen3-8B|s1
RedHatAI/Qwen3-8B-quantized.w4a16,qwen3,Qwen3-8B,w4a16,winogrande,65.98,66.22,0.24,-0.8172142857142857,-2.956851966873706,1.3224233954451348,False,True,Qwen3-8B|s1
RedHatAI/Qwen3-8B-quantized.w4a16,qwen3,Qwen3-8B,w4a16,truthfulqa,53.17,53.71,0.54,-0.8172142857142857,-2.956851966873706,1.3224233954451348,False,True,Qwen3-8B|s1
RedHatAI/Qwen3-8B-quantized.w4a16,qwen3,Qwen3-8B,w4a16,mmlu_pro,34.57,25.71,-8.86,-0.8172142857142857,-2.956851966873706,1.3224233954451348,False,False,Qwen3-8B|s1
RedHatAI/Qwen3-8B-quantized.w4a16,qwen3,Qwen3-8B,w4a16,ifeval,84.77,85.44,0.67,-0.8172142857142857,-2.956851966873706,1.3224233954451348,False,True,Qwen3-8B|s1
RedHatAI/Qwen3-8B-quantized.w4a16,qwen3,Qwen3-8B,w4a16,bbh,25.47,21.17,-4.3,-0.8172142857142857,-2.956851966873706,1.3224233954451348,False,False,Qwen3-8B|s1
RedHatAI/Qwen3-8B-quantized.w4a16,qwen3,Qwen3-8B,w4a16,math_lvl5,51.05,51.38,0.33,-0.8172142857142857,-2.956851966873706,1.3224233954451348,False,True,Qwen3-8B|s1
RedHatAI/Qwen3-8B-quantized.w4a16,qwen3,Qwen3-8B,w4a16,gpqa_diamond,58.59,55.56,-3.03,-0.8172142857142857,-2.956851966873706,1.3224233954451348,False,False,Qwen3-8B|s1
RedHatAI/Qwen3-8B-FP8-dynamic,qwen3,Qwen3-8B,fp8_dynamic,mmlu,71.95,72.3,0.35,-0.07526315789473682,-1.480526315789474,1.33,False,True,Qwen3-8B|s2
RedHatAI/Qwen3-8B-FP8-dynamic,qwen3,Qwen3-8B,fp8_dynamic,arc_challenge,61.69,61.6,-0.09,-0.07526315789473682,-1.480526315789474,1.33,False,True,Qwen3-8B|s2
RedHatAI/Qwen3-8B-FP8-dynamic,qwen3,Qwen3-8B,fp8_dynamic,gsm8k,75.97,80.52,4.55,-0.07526315789473682,-1.480526315789474,1.33,False,False,Qwen3-8B|s2
RedHatAI/Qwen3-8B-FP8-dynamic,qwen3,Qwen3-8B,fp8_dynamic,hellaswag,56.52,55.95,-0.57,-0.07526315789473682,-1.480526315789474,1.33,False,True,Qwen3-8B|s2
RedHatAI/Qwen3-8B-FP8-dynamic,qwen3,Qwen3-8B,fp8_dynamic,winogrande,65.98,66.22,0.24,-0.07526315789473682,-1.480526315789474,1.33,False,True,Qwen3-8B|s2
RedHatAI/Qwen3-8B-FP8-dynamic,qwen3,Qwen3-8B,fp8_dynamic,truthfulqa,53.17,52.39,-0.78,-0.07526315789473682,-1.480526315789474,1.33,False,True,Qwen3-8B|s2
RedHatAI/Qwen3-8B-FP8-dynamic,qwen3,Qwen3-8B,fp8_dynamic,mmlu_pro,34.57,37.82,3.25,-0.07526315789473682,-1.480526315789474,1.33,False,False,Qwen3-8B|s2
RedHatAI/Qwen3-8B-FP8-dynamic,qwen3,Qwen3-8B,fp8_dynamic,ifeval,84.77,84.56,-0.21,-0.07526315789473682,-1.480526315789474,1.33,False,True,Qwen3-8B|s2
RedHatAI/Qwen3-8B-FP8-dynamic,qwen3,Qwen3-8B,fp8_dynamic,bbh,25.47,27.2,1.73,-0.07526315789473682,-1.480526315789474,1.33,False,False,Qwen3-8B|s2
RedHatAI/Qwen3-8B-FP8-dynamic,qwen3,Qwen3-8B,fp8_dynamic,math_lvl5,51.05,51.9,0.85,-0.07526315789473682,-1.480526315789474,1.33,False,True,Qwen3-8B|s2
RedHatAI/Qwen3-8B-FP8-dynamic,qwen3,Qwen3-8B,fp8_dynamic,gpqa_diamond,58.59,61.11,2.52,-0.07526315789473682,-1.480526315789474,1.33,False,False,Qwen3-8B|s2
RedHatAI/Qwen3-8B-NVFP4,qwen3,Qwen3-8B,nvfp4,arc_challenge,64.76,63.91,-0.85,-1.1222222222222222,-2.5274853801169592,0.28304093567251476,False,True,Qwen3-8B|s2
RedHatAI/Qwen3-8B-NVFP4,qwen3,Qwen3-8B,nvfp4,gsm8k,87.26,86.73,-0.53,-1.1222222222222222,-2.5274853801169592,0.28304093567251476,False,True,Qwen3-8B|s2
RedHatAI/Qwen3-8B-NVFP4,qwen3,Qwen3-8B,nvfp4,hellaswag,76.68,75.34,-1.34,-1.1222222222222222,-2.5274853801169592,0.28304093567251476,False,True,Qwen3-8B|s2
RedHatAI/Qwen3-8B-NVFP4,qwen3,Qwen3-8B,nvfp4,mmlu,74.97,73.07,-1.9,-1.1222222222222222,-2.5274853801169592,0.28304093567251476,False,True,Qwen3-8B|s2
RedHatAI/Qwen3-8B-NVFP4,qwen3,Qwen3-8B,nvfp4,truthfulqa,54.42,55.07,0.65,-1.1222222222222222,-2.5274853801169592,0.28304093567251476,False,False,Qwen3-8B|s2
RedHatAI/Qwen3-8B-NVFP4,qwen3,Qwen3-8B,nvfp4,winogrande,71.43,68.43,-3.0,-1.1222222222222222,-2.5274853801169592,0.28304093567251476,False,False,Qwen3-8B|s2
RedHatAI/Qwen3-8B-NVFP4,qwen3,Qwen3-8B,nvfp4,bbh,47.46,49.33,1.87,-1.1222222222222222,-2.5274853801169592,0.28304093567251476,False,False,Qwen3-8B|s2
RedHatAI/Qwen3-8B-NVFP4,qwen3,Qwen3-8B,nvfp4,mmlu_pro,34.64,27.49,-7.15,-1.1222222222222222,-2.5274853801169592,0.28304093567251476,False,False,Qwen3-8B|s2
RedHatAI/Qwen3-8B-NVFP4,qwen3,Qwen3-8B,nvfp4,musr,40.61,42.86,2.25,-1.1222222222222222,-2.5274853801169592,0.28304093567251476,False,False,Qwen3-8B|s2
RedHatAI/Qwen3-8B-NVFP4,qwen3,Qwen3-8B,nvfp4,ifeval,87.89,87.65,-0.24,-1.1222222222222222,-2.5274853801169592,0.28304093567251476,False,True,Qwen3-8B|s2
RedHatAI/Qwen3-8B-NVFP4,qwen3,Qwen3-8B,nvfp4,gpqa_main,25.17,26.34,1.17,-1.1222222222222222,-2.5274853801169592,0.28304093567251476,False,False,Qwen3-8B|s2
RedHatAI/Qwen3-8B-NVFP4,qwen3,Qwen3-8B,nvfp4,math_lvl5,53.55,50.83,-2.72,-1.1222222222222222,-2.5274853801169592,0.28304093567251476,False,False,Qwen3-8B|s2
RedHatAI/Qwen3-8B-NVFP4,qwen3,Qwen3-8B,nvfp4,humaneval,86.51,85.32,-1.19,-1.1222222222222222,-2.5274853801169592,0.28304093567251476,False,True,Qwen3-8B|s2
RedHatAI/Qwen3-8B-NVFP4,qwen3,Qwen3-8B,nvfp4,gpqa_diamond,59.9,54.82,-5.08,-1.1222222222222222,-2.5274853801169592,0.28304093567251476,False,False,Qwen3-8B|s2
RedHatAI/Qwen3-8B-quantized.w4a16,qwen3,Qwen3-8B,w4a16,mmlu,71.95,69.74,-2.21,-0.5934375,-1.9987006578947368,0.811825657894737,False,False,Qwen3-8B|s2
RedHatAI/Qwen3-8B-quantized.w4a16,qwen3,Qwen3-8B,w4a16,arc_challenge,61.69,61.77,0.08,-0.5934375,-1.9987006578947368,0.811825657894737,False,True,Qwen3-8B|s2
RedHatAI/Qwen3-8B-quantized.w4a16,qwen3,Qwen3-8B,w4a16,gsm8k,75.97,78.62,2.65,-0.5934375,-1.9987006578947368,0.811825657894737,False,False,Qwen3-8B|s2
RedHatAI/Qwen3-8B-quantized.w4a16,qwen3,Qwen3-8B,w4a16,hellaswag,56.52,57.79,1.27,-0.5934375,-1.9987006578947368,0.811825657894737,False,False,Qwen3-8B|s2
RedHatAI/Qwen3-8B-quantized.w4a16,qwen3,Qwen3-8B,w4a16,winogrande,65.98,66.22,0.24,-0.5934375,-1.9987006578947368,0.811825657894737,False,True,Qwen3-8B|s2
RedHatAI/Qwen3-8B-quantized.w4a16,qwen3,Qwen3-8B,w4a16,truthfulqa,53.17,53.71,0.54,-0.5934375,-1.9987006578947368,0.811825657894737,False,True,Qwen3-8B|s2
RedHatAI/Qwen3-8B-quantized.w4a16,qwen3,Qwen3-8B,w4a16,mmlu_pro,34.57,25.71,-8.86,-0.5934375,-1.9987006578947368,0.811825657894737,False,False,Qwen3-8B|s2
RedHatAI/Qwen3-8B-quantized.w4a16,qwen3,Qwen3-8B,w4a16,ifeval,84.77,85.44,0.67,-0.5934375,-1.9987006578947368,0.811825657894737,False,True,Qwen3-8B|s2
RedHatAI/Qwen3-8B-quantized.w4a16,qwen3,Qwen3-8B,w4a16,bbh,25.47,21.17,-4.3,-0.5934375,-1.9987006578947368,0.811825657894737,False,False,Qwen3-8B|s2
RedHatAI/Qwen3-8B-quantized.w4a16,qwen3,Qwen3-8B,w4a16,math_lvl5,51.05,51.38,0.33,-0.5934375,-1.9987006578947368,0.811825657894737,False,True,Qwen3-8B|s2
RedHatAI/Qwen3-8B-quantized.w4a16,qwen3,Qwen3-8B,w4a16,gpqa_diamond,58.59,55.56,-3.03,-0.5934375,-1.9987006578947368,0.811825657894737,False,False,Qwen3-8B|s2
RedHatAI/Qwen3-8B-FP8-dynamic,qwen3,Qwen3-8B,fp8_dynamic,mmlu,71.95,72.3,0.35,-0.02856164383561644,-1.5571232876712329,1.5,False,True,Qwen3-8B|s3
RedHatAI/Qwen3-8B-FP8-dynamic,qwen3,Qwen3-8B,fp8_dynamic,arc_challenge,61.69,61.6,-0.09,-0.02856164383561644,-1.5571232876712329,1.5,False,True,Qwen3-8B|s3
RedHatAI/Qwen3-8B-FP8-dynamic,qwen3,Qwen3-8B,fp8_dynamic,gsm8k,75.97,80.52,4.55,-0.02856164383561644,-1.5571232876712329,1.5,False,False,Qwen3-8B|s3
RedHatAI/Qwen3-8B-FP8-dynamic,qwen3,Qwen3-8B,fp8_dynamic,hellaswag,56.52,55.95,-0.57,-0.02856164383561644,-1.5571232876712329,1.5,False,True,Qwen3-8B|s3
RedHatAI/Qwen3-8B-FP8-dynamic,qwen3,Qwen3-8B,fp8_dynamic,winogrande,65.98,66.22,0.24,-0.02856164383561644,-1.5571232876712329,1.5,False,True,Qwen3-8B|s3
RedHatAI/Qwen3-8B-FP8-dynamic,qwen3,Qwen3-8B,fp8_dynamic,truthfulqa,53.17,52.39,-0.78,-0.02856164383561644,-1.5571232876712329,1.5,False,True,Qwen3-8B|s3
RedHatAI/Qwen3-8B-FP8-dynamic,qwen3,Qwen3-8B,fp8_dynamic,mmlu_pro,34.57,37.82,3.25,-0.02856164383561644,-1.5571232876712329,1.5,False,False,Qwen3-8B|s3
RedHatAI/Qwen3-8B-FP8-dynamic,qwen3,Qwen3-8B,fp8_dynamic,ifeval,84.77,84.56,-0.21,-0.02856164383561644,-1.5571232876712329,1.5,False,True,Qwen3-8B|s3
RedHatAI/Qwen3-8B-FP8-dynamic,qwen3,Qwen3-8B,fp8_dynamic,bbh,25.47,27.2,1.73,-0.02856164383561644,-1.5571232876712329,1.5,False,False,Qwen3-8B|s3
RedHatAI/Qwen3-8B-FP8-dynamic,qwen3,Qwen3-8B,fp8_dynamic,math_lvl5,51.05,51.9,0.85,-0.02856164383561644,-1.5571232876712329,1.5,False,True,Qwen3-8B|s3
RedHatAI/Qwen3-8B-FP8-dynamic,qwen3,Qwen3-8B,fp8_dynamic,gpqa_diamond,58.59,61.11,2.52,-0.02856164383561644,-1.5571232876712329,1.5,False,False,Qwen3-8B|s3
RedHatAI/Qwen3-8B-NVFP4,qwen3,Qwen3-8B,nvfp4,arc_challenge,64.76,63.91,-0.85,-1.1222222222222222,-2.6507838660578384,0.4063394216133942,False,True,Qwen3-8B|s3
RedHatAI/Qwen3-8B-NVFP4,qwen3,Qwen3-8B,nvfp4,gsm8k,87.26,86.73,-0.53,-1.1222222222222222,-2.6507838660578384,0.4063394216133942,False,True,Qwen3-8B|s3
RedHatAI/Qwen3-8B-NVFP4,qwen3,Qwen3-8B,nvfp4,hellaswag,76.68,75.34,-1.34,-1.1222222222222222,-2.6507838660578384,0.4063394216133942,False,True,Qwen3-8B|s3
RedHatAI/Qwen3-8B-NVFP4,qwen3,Qwen3-8B,nvfp4,mmlu,74.97,73.07,-1.9,-1.1222222222222222,-2.6507838660578384,0.4063394216133942,False,True,Qwen3-8B|s3
RedHatAI/Qwen3-8B-NVFP4,qwen3,Qwen3-8B,nvfp4,truthfulqa,54.42,55.07,0.65,-1.1222222222222222,-2.6507838660578384,0.4063394216133942,False,False,Qwen3-8B|s3
RedHatAI/Qwen3-8B-NVFP4,qwen3,Qwen3-8B,nvfp4,winogrande,71.43,68.43,-3.0,-1.1222222222222222,-2.6507838660578384,0.4063394216133942,False,False,Qwen3-8B|s3
RedHatAI/Qwen3-8B-NVFP4,qwen3,Qwen3-8B,nvfp4,bbh,47.46,49.33,1.87,-1.1222222222222222,-2.6507838660578384,0.4063394216133942,False,False,Qwen3-8B|s3
RedHatAI/Qwen3-8B-NVFP4,qwen3,Qwen3-8B,nvfp4,mmlu_pro,34.64,27.49,-7.15,-1.1222222222222222,-2.6507838660578384,0.4063394216133942,False,False,Qwen3-8B|s3
RedHatAI/Qwen3-8B-NVFP4,qwen3,Qwen3-8B,nvfp4,musr,40.61,42.86,2.25,-1.1222222222222222,-2.6507838660578384,0.4063394216133942,False,False,Qwen3-8B|s3
RedHatAI/Qwen3-8B-NVFP4,qwen3,Qwen3-8B,nvfp4,ifeval,87.89,87.65,-0.24,-1.1222222222222222,-2.6507838660578384,0.4063394216133942,False,True,Qwen3-8B|s3
RedHatAI/Qwen3-8B-NVFP4,qwen3,Qwen3-8B,nvfp4,gpqa_main,25.17,26.34,1.17,-1.1222222222222222,-2.6507838660578384,0.4063394216133942,False,False,Qwen3-8B|s3
RedHatAI/Qwen3-8B-NVFP4,qwen3,Qwen3-8B,nvfp4,math_lvl5,53.55,50.83,-2.72,-1.1222222222222222,-2.6507838660578384,0.4063394216133942,False,False,Qwen3-8B|s3
RedHatAI/Qwen3-8B-NVFP4,qwen3,Qwen3-8B,nvfp4,humaneval,86.51,85.32,-1.19,-1.1222222222222222,-2.6507838660578384,0.4063394216133942,False,True,Qwen3-8B|s3
RedHatAI/Qwen3-8B-NVFP4,qwen3,Qwen3-8B,nvfp4,gpqa_diamond,59.9,54.82,-5.08,-1.1222222222222222,-2.6507838660578384,0.4063394216133942,False,False,Qwen3-8B|s3
RedHatAI/Qwen3-8B-quantized.w4a16,qwen3,Qwen3-8B,w4a16,mmlu,71.95,69.74,-2.21,-0.8633884297520661,-2.3919500735876826,0.6651732140835503,False,True,Qwen3-8B|s3
RedHatAI/Qwen3-8B-quantized.w4a16,qwen3,Qwen3-8B,w4a16,arc_challenge,61.69,61.77,0.08,-0.8633884297520661,-2.3919500735876826,0.6651732140835503,False,True,Qwen3-8B|s3
RedHatAI/Qwen3-8B-quantized.w4a16,qwen3,Qwen3-8B,w4a16,gsm8k,75.97,78.62,2.65,-0.8633884297520661,-2.3919500735876826,0.6651732140835503,False,False,Qwen3-8B|s3
RedHatAI/Qwen3-8B-quantized.w4a16,qwen3,Qwen3-8B,w4a16,hellaswag,56.52,57.79,1.27,-0.8633884297520661,-2.3919500735876826,0.6651732140835503,False,False,Qwen3-8B|s3
RedHatAI/Qwen3-8B-quantized.w4a16,qwen3,Qwen3-8B,w4a16,winogrande,65.98,66.22,0.24,-0.8633884297520661,-2.3919500735876826,0.6651732140835503,False,True,Qwen3-8B|s3
RedHatAI/Qwen3-8B-quantized.w4a16,qwen3,Qwen3-8B,w4a16,truthfulqa,53.17,53.71,0.54,-0.8633884297520661,-2.3919500735876826,0.6651732140835503,False,True,Qwen3-8B|s3
RedHatAI/Qwen3-8B-quantized.w4a16,qwen3,Qwen3-8B,w4a16,mmlu_pro,34.57,25.71,-8.86,-0.8633884297520661,-2.3919500735876826,0.6651732140835503,False,False,Qwen3-8B|s3
RedHatAI/Qwen3-8B-quantized.w4a16,qwen3,Qwen3-8B,w4a16,ifeval,84.77,85.44,0.67,-0.8633884297520661,-2.3919500735876826,0.6651732140835503,False,False,Qwen3-8B|s3
RedHatAI/Qwen3-8B-quantized.w4a16,qwen3,Qwen3-8B,w4a16,bbh,25.47,21.17,-4.3,-0.8633884297520661,-2.3919500735876826,0.6651732140835503,False,False,Qwen3-8B|s3
RedHatAI/Qwen3-8B-quantized.w4a16,qwen3,Qwen3-8B,w4a16,math_lvl5,51.05,51.38,0.33,-0.8633884297520661,-2.3919500735876826,0.6651732140835503,False,True,Qwen3-8B|s3
RedHatAI/Qwen3-8B-quantized.w4a16,qwen3,Qwen3-8B,w4a16,gpqa_diamond,58.59,55.56,-3.03,-0.8633884297520661,-2.3919500735876826,0.6651732140835503,False,False,Qwen3-8B|s3
RedHatAI/Qwen3-8B-FP8-dynamic,qwen3,Qwen3-8B,fp8_dynamic,mmlu,71.95,72.3,0.35,-0.038267716535433066,-1.2166677165354332,1.140132283464567,False,True,Qwen3-8B|s4
RedHatAI/Qwen3-8B-FP8-dynamic,qwen3,Qwen3-8B,fp8_dynamic,arc_challenge,61.69,61.6,-0.09,-0.038267716535433066,-1.2166677165354332,1.140132283464567,False,True,Qwen3-8B|s4
RedHatAI/Qwen3-8B-FP8-dynamic,qwen3,Qwen3-8B,fp8_dynamic,gsm8k,75.97,80.52,4.55,-0.038267716535433066,-1.2166677165354332,1.140132283464567,False,False,Qwen3-8B|s4
RedHatAI/Qwen3-8B-FP8-dynamic,qwen3,Qwen3-8B,fp8_dynamic,hellaswag,56.52,55.95,-0.57,-0.038267716535433066,-1.2166677165354332,1.140132283464567,False,True,Qwen3-8B|s4
RedHatAI/Qwen3-8B-FP8-dynamic,qwen3,Qwen3-8B,fp8_dynamic,winogrande,65.98,66.22,0.24,-0.038267716535433066,-1.2166677165354332,1.140132283464567,False,True,Qwen3-8B|s4
RedHatAI/Qwen3-8B-FP8-dynamic,qwen3,Qwen3-8B,fp8_dynamic,truthfulqa,53.17,52.39,-0.78,-0.038267716535433066,-1.2166677165354332,1.140132283464567,False,True,Qwen3-8B|s4
RedHatAI/Qwen3-8B-FP8-dynamic,qwen3,Qwen3-8B,fp8_dynamic,mmlu_pro,34.57,37.82,3.25,-0.038267716535433066,-1.2166677165354332,1.140132283464567,False,False,Qwen3-8B|s4
RedHatAI/Qwen3-8B-FP8-dynamic,qwen3,Qwen3-8B,fp8_dynamic,ifeval,84.77,84.56,-0.21,-0.038267716535433066,-1.2166677165354332,1.140132283464567,False,True,Qwen3-8B|s4
RedHatAI/Qwen3-8B-FP8-dynamic,qwen3,Qwen3-8B,fp8_dynamic,bbh,25.47,27.2,1.73,-0.038267716535433066,-1.2166677165354332,1.140132283464567,False,False,Qwen3-8B|s4
RedHatAI/Qwen3-8B-FP8-dynamic,qwen3,Qwen3-8B,fp8_dynamic,math_lvl5,51.05,51.9,0.85,-0.038267716535433066,-1.2166677165354332,1.140132283464567,False,True,Qwen3-8B|s4
RedHatAI/Qwen3-8B-FP8-dynamic,qwen3,Qwen3-8B,fp8_dynamic,gpqa_diamond,58.59,61.11,2.52,-0.038267716535433066,-1.2166677165354332,1.140132283464567,False,False,Qwen3-8B|s4
RedHatAI/Qwen3-8B-NVFP4,qwen3,Qwen3-8B,nvfp4,arc_challenge,64.76,63.91,-0.85,-1.1222222222222222,-2.3006222222222226,0.05617777777777788,False,True,Qwen3-8B|s4
RedHatAI/Qwen3-8B-NVFP4,qwen3,Qwen3-8B,nvfp4,gsm8k,87.26,86.73,-0.53,-1.1222222222222222,-2.3006222222222226,0.05617777777777788,False,True,Qwen3-8B|s4
RedHatAI/Qwen3-8B-NVFP4,qwen3,Qwen3-8B,nvfp4,hellaswag,76.68,75.34,-1.34,-1.1222222222222222,-2.3006222222222226,0.05617777777777788,False,True,Qwen3-8B|s4
RedHatAI/Qwen3-8B-NVFP4,qwen3,Qwen3-8B,nvfp4,mmlu,74.97,73.07,-1.9,-1.1222222222222222,-2.3006222222222226,0.05617777777777788,False,True,Qwen3-8B|s4
RedHatAI/Qwen3-8B-NVFP4,qwen3,Qwen3-8B,nvfp4,truthfulqa,54.42,55.07,0.65,-1.1222222222222222,-2.3006222222222226,0.05617777777777788,False,False,Qwen3-8B|s4
RedHatAI/Qwen3-8B-NVFP4,qwen3,Qwen3-8B,nvfp4,winogrande,71.43,68.43,-3.0,-1.1222222222222222,-2.3006222222222226,0.05617777777777788,False,False,Qwen3-8B|s4
RedHatAI/Qwen3-8B-NVFP4,qwen3,Qwen3-8B,nvfp4,bbh,47.46,49.33,1.87,-1.1222222222222222,-2.3006222222222226,0.05617777777777788,False,False,Qwen3-8B|s4
RedHatAI/Qwen3-8B-NVFP4,qwen3,Qwen3-8B,nvfp4,mmlu_pro,34.64,27.49,-7.15,-1.1222222222222222,-2.3006222222222226,0.05617777777777788,False,False,Qwen3-8B|s4
RedHatAI/Qwen3-8B-NVFP4,qwen3,Qwen3-8B,nvfp4,musr,40.61,42.86,2.25,-1.1222222222222222,-2.3006222222222226,0.05617777777777788,False,False,Qwen3-8B|s4
RedHatAI/Qwen3-8B-NVFP4,qwen3,Qwen3-8B,nvfp4,ifeval,87.89,87.65,-0.24,-1.1222222222222222,-2.3006222222222226,0.05617777777777788,False,True,Qwen3-8B|s4
RedHatAI/Qwen3-8B-NVFP4,qwen3,Qwen3-8B,nvfp4,gpqa_main,25.17,26.34,1.17,-1.1222222222222222,-2.3006222222222226,0.05617777777777788,False,False,Qwen3-8B|s4
RedHatAI/Qwen3-8B-NVFP4,qwen3,Qwen3-8B,nvfp4,math_lvl5,53.55,50.83,-2.72,-1.1222222222222222,-2.3006222222222226,0.05617777777777788,False,False,Qwen3-8B|s4
RedHatAI/Qwen3-8B-NVFP4,qwen3,Qwen3-8B,nvfp4,humaneval,86.51,85.32,-1.19,-1.1222222222222222,-2.3006222222222226,0.05617777777777788,False,True,Qwen3-8B|s4
RedHatAI/Qwen3-8B-NVFP4,qwen3,Qwen3-8B,nvfp4,gpqa_diamond,59.9,54.82,-5.08,-1.1222222222222222,-2.3006222222222226,0.05617777777777788,False,False,Qwen3-8B|s4
RedHatAI/Qwen3-8B-quantized.w4a16,qwen3,Qwen3-8B,w4a16,mmlu,71.95,69.74,-2.21,-0.8482835820895522,-2.0266835820895523,0.3301164179104479,False,False,Qwen3-8B|s4
RedHatAI/Qwen3-8B-quantized.w4a16,qwen3,Qwen3-8B,w4a16,arc_challenge,61.69,61.77,0.08,-0.8482835820895522,-2.0266835820895523,0.3301164179104479,False,True,Qwen3-8B|s4
RedHatAI/Qwen3-8B-quantized.w4a16,qwen3,Qwen3-8B,w4a16,gsm8k,75.97,78.62,2.65,-0.8482835820895522,-2.0266835820895523,0.3301164179104479,False,False,Qwen3-8B|s4
RedHatAI/Qwen3-8B-quantized.w4a16,qwen3,Qwen3-8B,w4a16,hellaswag,56.52,57.79,1.27,-0.8482835820895522,-2.0266835820895523,0.3301164179104479,False,False,Qwen3-8B|s4
RedHatAI/Qwen3-8B-quantized.w4a16,qwen3,Qwen3-8B,w4a16,winogrande,65.98,66.22,0.24,-0.8482835820895522,-2.0266835820895523,0.3301164179104479,False,True,Qwen3-8B|s4
RedHatAI/Qwen3-8B-quantized.w4a16,qwen3,Qwen3-8B,w4a16,truthfulqa,53.17,53.71,0.54,-0.8482835820895522,-2.0266835820895523,0.3301164179104479,False,False,Qwen3-8B|s4
RedHatAI/Qwen3-8B-quantized.w4a16,qwen3,Qwen3-8B,w4a16,mmlu_pro,34.57,25.71,-8.86,-0.8482835820895522,-2.0266835820895523,0.3301164179104479,False,False,Qwen3-8B|s4
RedHatAI/Qwen3-8B-quantized.w4a16,qwen3,Qwen3-8B,w4a16,ifeval,84.77,85.44,0.67,-0.8482835820895522,-2.0266835820895523,0.3301164179104479,False,False,Qwen3-8B|s4
RedHatAI/Qwen3-8B-quantized.w4a16,qwen3,Qwen3-8B,w4a16,bbh,25.47,21.17,-4.3,-0.8482835820895522,-2.0266835820895523,0.3301164179104479,False,False,Qwen3-8B|s4
RedHatAI/Qwen3-8B-quantized.w4a16,qwen3,Qwen3-8B,w4a16,math_lvl5,51.05,51.38,0.33,-0.8482835820895522,-2.0266835820895523,0.3301164179104479,False,True,Qwen3-8B|s4
RedHatAI/Qwen3-8B-quantized.w4a16,qwen3,Qwen3-8B,w4a16,gpqa_diamond,58.59,55.56,-3.03,-0.8482835820895522,-2.0266835820895523,0.3301164179104479,False,False,Qwen3-8B|s4
RedHatAI/gemma-2-27b-it-quantized.w8a16,gemma-2,gemma-2-27b-it,w8a16,mmlu,76.34,76.34,0.0,-0.14022222222222222,-2.0590027100271002,1.778558265582656,False,True,gemma-2-27b-it|s0
RedHatAI/gemma-2-27b-it-quantized.w8a16,gemma-2,gemma-2-27b-it,w8a16,arc_challenge,74.49,74.49,0.0,-0.14022222222222222,-2.0590027100271002,1.778558265582656,False,True,gemma-2-27b-it|s0
RedHatAI/gemma-2-27b-it-quantized.w8a16,gemma-2,gemma-2-27b-it,w8a16,gsm8k,21.0,20.32,-0.68,-0.14022222222222222,-2.0590027100271002,1.778558265582656,False,True,gemma-2-27b-it|s0
RedHatAI/gemma-2-27b-it-quantized.w8a16,gemma-2,gemma-2-27b-it,w8a16,hellaswag,86.03,86.04,0.01,-0.14022222222222222,-2.0590027100271002,1.778558265582656,False,True,gemma-2-27b-it|s0
RedHatAI/gemma-2-27b-it-quantized.w8a16,gemma-2,gemma-2-27b-it,w8a16,winogrande,77.98,77.74,-0.24,-0.14022222222222222,-2.0590027100271002,1.778558265582656,False,True,gemma-2-27b-it|s0
RedHatAI/gemma-2-27b-it-quantized.w8a16,gemma-2,gemma-2-27b-it,w8a16,truthfulqa,64.6,64.51,-0.09,-0.14022222222222222,-2.0590027100271002,1.778558265582656,False,True,gemma-2-27b-it|s0
RedHatAI/gemma-2-27b-it-quantized.w8a16,gemma-2,gemma-2-27b-it,w8a16,mmlu,76.34,76.34,0.0,-0.11016129032258065,-2.378856942496494,2.1585343618513324,False,True,gemma-2-27b-it|s1
RedHatAI/gemma-2-27b-it-quantized.w8a16,gemma-2,gemma-2-27b-it,w8a16,arc_challenge,74.49,74.49,0.0,-0.11016129032258065,-2.378856942496494,2.1585343618513324,False,True,gemma-2-27b-it|s1
RedHatAI/gemma-2-27b-it-quantized.w8a16,gemma-2,gemma-2-27b-it,w8a16,gsm8k,21.0,20.32,-0.68,-0.11016129032258065,-2.378856942496494,2.1585343618513324,False,True,gemma-2-27b-it|s1
RedHatAI/gemma-2-27b-it-quantized.w8a16,gemma-2,gemma-2-27b-it,w8a16,hellaswag,86.03,86.04,0.01,-0.11016129032258065,-2.378856942496494,2.1585343618513324,False,True,gemma-2-27b-it|s1
RedHatAI/gemma-2-27b-it-quantized.w8a16,gemma-2,gemma-2-27b-it,w8a16,winogrande,77.98,77.74,-0.24,-0.11016129032258065,-2.378856942496494,2.1585343618513324,False,True,gemma-2-27b-it|s1
RedHatAI/gemma-2-27b-it-quantized.w8a16,gemma-2,gemma-2-27b-it,w8a16,truthfulqa,64.6,64.51,-0.09,-0.11016129032258065,-2.378856942496494,2.1585343618513324,False,True,gemma-2-27b-it|s1
RedHatAI/gemma-2-27b-it-quantized.w8a16,gemma-2,gemma-2-27b-it,w8a16,mmlu,76.34,76.34,0.0,-0.14235294117647057,-2.1861386554621847,1.9014327731092433,False,True,gemma-2-27b-it|s2
RedHatAI/gemma-2-27b-it-quantized.w8a16,gemma-2,gemma-2-27b-it,w8a16,arc_challenge,74.49,74.49,0.0,-0.14235294117647057,-2.1861386554621847,1.9014327731092433,False,True,gemma-2-27b-it|s2
RedHatAI/gemma-2-27b-it-quantized.w8a16,gemma-2,gemma-2-27b-it,w8a16,gsm8k,21.0,20.32,-0.68,-0.14235294117647057,-2.1861386554621847,1.9014327731092433,False,True,gemma-2-27b-it|s2
RedHatAI/gemma-2-27b-it-quantized.w8a16,gemma-2,gemma-2-27b-it,w8a16,hellaswag,86.03,86.04,0.01,-0.14235294117647057,-2.1861386554621847,1.9014327731092433,False,True,gemma-2-27b-it|s2
RedHatAI/gemma-2-27b-it-quantized.w8a16,gemma-2,gemma-2-27b-it,w8a16,winogrande,77.98,77.74,-0.24,-0.14235294117647057,-2.1861386554621847,1.9014327731092433,False,True,gemma-2-27b-it|s2
RedHatAI/gemma-2-27b-it-quantized.w8a16,gemma-2,gemma-2-27b-it,w8a16,truthfulqa,64.6,64.51,-0.09,-0.14235294117647057,-2.1861386554621847,1.9014327731092433,False,True,gemma-2-27b-it|s2
RedHatAI/gemma-2-27b-it-quantized.w8a16,gemma-2,gemma-2-27b-it,w8a16,mmlu,76.34,76.34,0.0,-0.14412698412698413,-1.4796683854008694,1.1914144171469012,False,True,gemma-2-27b-it|s3
RedHatAI/gemma-2-27b-it-quantized.w8a16,gemma-2,gemma-2-27b-it,w8a16,arc_challenge,74.49,74.49,0.0,-0.14412698412698413,-1.4796683854008694,1.1914144171469012,False,True,gemma-2-27b-it|s3
RedHatAI/gemma-2-27b-it-quantized.w8a16,gemma-2,gemma-2-27b-it,w8a16,gsm8k,21.0,20.32,-0.68,-0.14412698412698413,-1.4796683854008694,1.1914144171469012,False,True,gemma-2-27b-it|s3
RedHatAI/gemma-2-27b-it-quantized.w8a16,gemma-2,gemma-2-27b-it,w8a16,hellaswag,86.03,86.04,0.01,-0.14412698412698413,-1.4796683854008694,1.1914144171469012,False,True,gemma-2-27b-it|s3
RedHatAI/gemma-2-27b-it-quantized.w8a16,gemma-2,gemma-2-27b-it,w8a16,winogrande,77.98,77.74,-0.24,-0.14412698412698413,-1.4796683854008694,1.1914144171469012,False,True,gemma-2-27b-it|s3
RedHatAI/gemma-2-27b-it-quantized.w8a16,gemma-2,gemma-2-27b-it,w8a16,truthfulqa,64.6,64.51,-0.09,-0.14412698412698413,-1.4796683854008694,1.1914144171469012,False,True,gemma-2-27b-it|s3
RedHatAI/gemma-2-27b-it-quantized.w8a16,gemma-2,gemma-2-27b-it,w8a16,mmlu,76.34,76.34,0.0,0.06082191780821917,-1.5926474699468827,1.714291305563321,False,True,gemma-2-27b-it|s4
RedHatAI/gemma-2-27b-it-quantized.w8a16,gemma-2,gemma-2-27b-it,w8a16,arc_challenge,74.49,74.49,0.0,0.06082191780821917,-1.5926474699468827,1.714291305563321,False,True,gemma-2-27b-it|s4
RedHatAI/gemma-2-27b-it-quantized.w8a16,gemma-2,gemma-2-27b-it,w8a16,gsm8k,21.0,20.32,-0.68,0.06082191780821917,-1.5926474699468827,1.714291305563321,False,True,gemma-2-27b-it|s4
RedHatAI/gemma-2-27b-it-quantized.w8a16,gemma-2,gemma-2-27b-it,w8a16,hellaswag,86.03,86.04,0.01,0.06082191780821917,-1.5926474699468827,1.714291305563321,False,True,gemma-2-27b-it|s4
RedHatAI/gemma-2-27b-it-quantized.w8a16,gemma-2,gemma-2-27b-it,w8a16,winogrande,77.98,77.74,-0.24,0.06082191780821917,-1.5926474699468827,1.714291305563321,False,True,gemma-2-27b-it|s4
RedHatAI/gemma-2-27b-it-quantized.w8a16,gemma-2,gemma-2-27b-it,w8a16,truthfulqa,64.6,64.51,-0.09,0.06082191780821917,-1.5926474699468827,1.714291305563321,False,True,gemma-2-27b-it|s4
RedHatAI/gemma-2-2b-quantized.w8a16,gemma-2,gemma-2-2b,w8a16,mmlu,53.01,52.86,-0.15,-0.13435483870967743,-1.9351612903225806,1.6664516129032259,False,True,gemma-2-2b|s0
RedHatAI/gemma-2-2b-quantized.w8a16,gemma-2,gemma-2-2b,w8a16,arc_challenge,53.92,54.27,0.35,-0.13435483870967743,-1.9351612903225806,1.6664516129032259,False,True,gemma-2-2b|s0
RedHatAI/gemma-2-2b-quantized.w8a16,gemma-2,gemma-2-2b,w8a16,gsm8k,24.03,23.81,-0.22,-0.13435483870967743,-1.9351612903225806,1.6664516129032259,False,True,gemma-2-2b|s0
RedHatAI/gemma-2-2b-quantized.w8a16,gemma-2,gemma-2-2b,w8a16,hellaswag,74.74,74.56,-0.18,-0.13435483870967743,-1.9351612903225806,1.6664516129032259,False,True,gemma-2-2b|s0
RedHatAI/gemma-2-2b-quantized.w8a16,gemma-2,gemma-2-2b,w8a16,winogrande,70.96,70.56,-0.4,-0.13435483870967743,-1.9351612903225806,1.6664516129032259,False,True,gemma-2-2b|s0
RedHatAI/gemma-2-2b-quantized.w8a16,gemma-2,gemma-2-2b,w8a16,truthfulqa,36.29,36.15,-0.14,-0.13435483870967743,-1.9351612903225806,1.6664516129032259,False,True,gemma-2-2b|s0
RedHatAI/gemma-2-2b-quantized.w8a16,gemma-2,gemma-2-2b,w8a16,mmlu,53.01,52.86,-0.15,0.10195121951219512,-1.3812604593199216,1.585162898344312,False,True,gemma-2-2b|s1
RedHatAI/gemma-2-2b-quantized.w8a16,gemma-2,gemma-2-2b,w8a16,arc_challenge,53.92,54.27,0.35,0.10195121951219512,-1.3812604593199216,1.585162898344312,False,True,gemma-2-2b|s1
RedHatAI/gemma-2-2b-quantized.w8a16,gemma-2,gemma-2-2b,w8a16,gsm8k,24.03,23.81,-0.22,0.10195121951219512,-1.3812604593199216,1.585162898344312,False,True,gemma-2-2b|s1
RedHatAI/gemma-2-2b-quantized.w8a16,gemma-2,gemma-2-2b,w8a16,hellaswag,74.74,74.56,-0.18,0.10195121951219512,-1.3812604593199216,1.585162898344312,False,True,gemma-2-2b|s1
RedHatAI/gemma-2-2b-quantized.w8a16,gemma-2,gemma-2-2b,w8a16,winogrande,70.96,70.56,-0.4,0.10195121951219512,-1.3812604593199216,1.585162898344312,False,True,gemma-2-2b|s1
RedHatAI/gemma-2-2b-quantized.w8a16,gemma-2,gemma-2-2b,w8a16,truthfulqa,36.29,36.15,-0.14,0.10195121951219512,-1.3812604593199216,1.585162898344312,False,True,gemma-2-2b|s1
RedHatAI/gemma-2-2b-quantized.w8a16,gemma-2,gemma-2-2b,w8a16,mmlu,53.01,52.86,-0.15,-0.14829787234042552,-1.427771556550952,1.1311758118701007,False,True,gemma-2-2b|s2
RedHatAI/gemma-2-2b-quantized.w8a16,gemma-2,gemma-2-2b,w8a16,arc_challenge,53.92,54.27,0.35,-0.14829787234042552,-1.427771556550952,1.1311758118701007,False,True,gemma-2-2b|s2
RedHatAI/gemma-2-2b-quantized.w8a16,gemma-2,gemma-2-2b,w8a16,gsm8k,24.03,23.81,-0.22,-0.14829787234042552,-1.427771556550952,1.1311758118701007,False,True,gemma-2-2b|s2
RedHatAI/gemma-2-2b-quantized.w8a16,gemma-2,gemma-2-2b,w8a16,hellaswag,74.74,74.56,-0.18,-0.14829787234042552,-1.427771556550952,1.1311758118701007,False,True,gemma-2-2b|s2
RedHatAI/gemma-2-2b-quantized.w8a16,gemma-2,gemma-2-2b,w8a16,winogrande,70.96,70.56,-0.4,-0.14829787234042552,-1.427771556550952,1.1311758118701007,False,True,gemma-2-2b|s2
RedHatAI/gemma-2-2b-quantized.w8a16,gemma-2,gemma-2-2b,w8a16,truthfulqa,36.29,36.15,-0.14,-0.14829787234042552,-1.427771556550952,1.1311758118701007,False,True,gemma-2-2b|s2
RedHatAI/gemma-2-2b-quantized.w8a16,gemma-2,gemma-2-2b,w8a16,mmlu,53.01,52.86,-0.15,0.035199999999999995,-1.5608000000000002,1.6312,False,True,gemma-2-2b|s3
RedHatAI/gemma-2-2b-quantized.w8a16,gemma-2,gemma-2-2b,w8a16,arc_challenge,53.92,54.27,0.35,0.035199999999999995,-1.5608000000000002,1.6312,False,True,gemma-2-2b|s3
RedHatAI/gemma-2-2b-quantized.w8a16,gemma-2,gemma-2-2b,w8a16,gsm8k,24.03,23.81,-0.22,0.035199999999999995,-1.5608000000000002,1.6312,False,True,gemma-2-2b|s3
RedHatAI/gemma-2-2b-quantized.w8a16,gemma-2,gemma-2-2b,w8a16,hellaswag,74.74,74.56,-0.18,0.035199999999999995,-1.5608000000000002,1.6312,False,True,gemma-2-2b|s3
RedHatAI/gemma-2-2b-quantized.w8a16,gemma-2,gemma-2-2b,w8a16,winogrande,70.96,70.56,-0.4,0.035199999999999995,-1.5608000000000002,1.6312,False,True,gemma-2-2b|s3
RedHatAI/gemma-2-2b-quantized.w8a16,gemma-2,gemma-2-2b,w8a16,truthfulqa,36.29,36.15,-0.14,0.035199999999999995,-1.5608000000000002,1.6312,False,True,gemma-2-2b|s3
RedHatAI/gemma-2-2b-quantized.w8a16,gemma-2,gemma-2-2b,w8a16,mmlu,53.01,52.86,-0.15,-0.0013725490196078451,-1.4547287134031694,1.4519836153639536,False,True,gemma-2-2b|s4
RedHatAI/gemma-2-2b-quantized.w8a16,gemma-2,gemma-2-2b,w8a16,arc_challenge,53.92,54.27,0.35,-0.0013725490196078451,-1.4547287134031694,1.4519836153639536,False,True,gemma-2-2b|s4
RedHatAI/gemma-2-2b-quantized.w8a16,gemma-2,gemma-2-2b,w8a16,gsm8k,24.03,23.81,-0.22,-0.0013725490196078451,-1.4547287134031694,1.4519836153639536,False,True,gemma-2-2b|s4
RedHatAI/gemma-2-2b-quantized.w8a16,gemma-2,gemma-2-2b,w8a16,hellaswag,74.74,74.56,-0.18,-0.0013725490196078451,-1.4547287134031694,1.4519836153639536,False,True,gemma-2-2b|s4
RedHatAI/gemma-2-2b-quantized.w8a16,gemma-2,gemma-2-2b,w8a16,winogrande,70.96,70.56,-0.4,-0.0013725490196078451,-1.4547287134031694,1.4519836153639536,False,True,gemma-2-2b|s4
RedHatAI/gemma-2-2b-quantized.w8a16,gemma-2,gemma-2-2b,w8a16,truthfulqa,36.29,36.15,-0.14,-0.0013725490196078451,-1.4547287134031694,1.4519836153639536,False,True,gemma-2-2b|s4
RedHatAI/gemma-2-2b-it-FP8,gemma-2,gemma-2-2b-it,fp8,mmlu,56.93,56.87,-0.06,-0.4008,-2.079936690647482,1.278336690647482,False,True,gemma-2-2b-it|s0
RedHatAI/gemma-2-2b-it-FP8,gemma-2,gemma-2-2b-it,fp8,arc_challenge,57.76,57.25,-0.51,-0.4008,-2.079936690647482,1.278336690647482,False,True,gemma-2-2b-it|s0
RedHatAI/gemma-2-2b-it-FP8,gemma-2,gemma-2-2b-it,fp8,gsm8k,45.11,44.35,-0.76,-0.4008,-2.079936690647482,1.278336690647482,False,True,gemma-2-2b-it|s0
RedHatAI/gemma-2-2b-it-FP8,gemma-2,gemma-2-2b-it,fp8,hellaswag,71.22,70.87,-0.35,-0.4008,-2.079936690647482,1.278336690647482,False,True,gemma-2-2b-it|s0
RedHatAI/gemma-2-2b-it-FP8,gemma-2,gemma-2-2b-it,fp8,winogrande,68.67,68.11,-0.56,-0.4008,-2.079936690647482,1.278336690647482,False,True,gemma-2-2b-it|s0
RedHatAI/gemma-2-2b-it-FP8,gemma-2,gemma-2-2b-it,fp8,truthfulqa,53.11,52.99,-0.12,-0.4008,-2.079936690647482,1.278336690647482,False,True,gemma-2-2b-it|s0
RedHatAI/gemma-2-2b-it-quantized.w4a16,gemma-2,gemma-2-2b-it,w4a16,mmlu,56.93,55.98,-0.95,-0.769136690647482,-2.448273381294964,0.91,False,True,gemma-2-2b-it|s0
RedHatAI/gemma-2-2b-it-quantized.w4a16,gemma-2,gemma-2-2b-it,w4a16,arc_challenge,57.76,57.08,-0.68,-0.769136690647482,-2.448273381294964,0.91,False,True,gemma-2-2b-it|s0
RedHatAI/gemma-2-2b-it-quantized.w4a16,gemma-2,gemma-2-2b-it,w4a16,gsm8k,45.11,42.0,-3.11,-0.769136690647482,-2.448273381294964,0.91,False,False,gemma-2-2b-it|s0
RedHatAI/gemma-2-2b-it-quantized.w4a16,gemma-2,gemma-2-2b-it,w4a16,hellaswag,71.22,70.53,-0.69,-0.769136690647482,-2.448273381294964,0.91,False,True,gemma-2-2b-it|s0
RedHatAI/gemma-2-2b-it-quantized.w4a16,gemma-2,gemma-2-2b-it,w4a16,winogrande,68.67,68.35,-0.32,-0.769136690647482,-2.448273381294964,0.91,False,True,gemma-2-2b-it|s0
RedHatAI/gemma-2-2b-it-quantized.w4a16,gemma-2,gemma-2-2b-it,w4a16,truthfulqa,53.11,52.57,-0.54,-0.769136690647482,-2.448273381294964,0.91,False,True,gemma-2-2b-it|s0
RedHatAI/gemma-2-2b-it-quantized.w8a16,gemma-2,gemma-2-2b-it,w8a16,mmlu,56.94,56.81,-0.13,0.08627906976744186,-1.5928576208800402,1.7654157604149239,False,True,gemma-2-2b-it|s0
RedHatAI/gemma-2-2b-it-quantized.w8a16,gemma-2,gemma-2-2b-it,w8a16,arc_challenge,58.87,58.7,-0.17,0.08627906976744186,-1.5928576208800402,1.7654157604149239,False,True,gemma-2-2b-it|s0
RedHatAI/gemma-2-2b-it-quantized.w8a16,gemma-2,gemma-2-2b-it,w8a16,gsm8k,44.81,44.88,0.07,0.08627906976744186,-1.5928576208800402,1.7654157604149239,False,True,gemma-2-2b-it|s0
RedHatAI/gemma-2-2b-it-quantized.w8a16,gemma-2,gemma-2-2b-it,w8a16,hellaswag,71.41,71.34,-0.07,0.08627906976744186,-1.5928576208800402,1.7654157604149239,False,True,gemma-2-2b-it|s0
RedHatAI/gemma-2-2b-it-quantized.w8a16,gemma-2,gemma-2-2b-it,w8a16,winogrande,68.82,69.46,0.64,0.08627906976744186,-1.5928576208800402,1.7654157604149239,False,True,gemma-2-2b-it|s0
RedHatAI/gemma-2-2b-it-quantized.w8a16,gemma-2,gemma-2-2b-it,w8a16,truthfulqa,53.22,53.13,-0.09,0.08627906976744186,-1.5928576208800402,1.7654157604149239,False,True,gemma-2-2b-it|s0
RedHatAI/gemma-2-2b-it-quantized.w8a8,gemma-2,gemma-2-2b-it,w8a8_int,mmlu,56.94,56.64,-0.3,-0.331984126984127,-2.011120817631609,1.347152563663355,False,True,gemma-2-2b-it|s0
RedHatAI/gemma-2-2b-it-quantized.w8a8,gemma-2,gemma-2-2b-it,w8a8_int,arc_challenge,58.87,56.74,-2.13,-0.331984126984127,-2.011120817631609,1.347152563663355,False,False,gemma-2-2b-it|s0
RedHatAI/gemma-2-2b-it-quantized.w8a8,gemma-2,gemma-2-2b-it,w8a8_int,gsm8k,44.81,43.97,-0.84,-0.331984126984127,-2.011120817631609,1.347152563663355,False,True,gemma-2-2b-it|s0
RedHatAI/gemma-2-2b-it-quantized.w8a8,gemma-2,gemma-2-2b-it,w8a8_int,hellaswag,71.41,71.18,-0.23,-0.331984126984127,-2.011120817631609,1.347152563663355,False,True,gemma-2-2b-it|s0
RedHatAI/gemma-2-2b-it-quantized.w8a8,gemma-2,gemma-2-2b-it,w8a8_int,winogrande,68.82,68.59,-0.23,-0.331984126984127,-2.011120817631609,1.347152563663355,False,True,gemma-2-2b-it|s0
RedHatAI/gemma-2-2b-it-quantized.w8a8,gemma-2,gemma-2-2b-it,w8a8_int,truthfulqa,53.22,53.19,-0.03,-0.331984126984127,-2.011120817631609,1.347152563663355,False,True,gemma-2-2b-it|s0
RedHatAI/gemma-2-2b-it-FP8,gemma-2,gemma-2-2b-it,fp8,mmlu,56.93,56.87,-0.06,-0.266,-1.6883021582733813,1.1563021582733812,False,True,gemma-2-2b-it|s1
RedHatAI/gemma-2-2b-it-FP8,gemma-2,gemma-2-2b-it,fp8,arc_challenge,57.76,57.25,-0.51,-0.266,-1.6883021582733813,1.1563021582733812,False,True,gemma-2-2b-it|s1
RedHatAI/gemma-2-2b-it-FP8,gemma-2,gemma-2-2b-it,fp8,gsm8k,45.11,44.35,-0.76,-0.266,-1.6883021582733813,1.1563021582733812,False,True,gemma-2-2b-it|s1
RedHatAI/gemma-2-2b-it-FP8,gemma-2,gemma-2-2b-it,fp8,hellaswag,71.22,70.87,-0.35,-0.266,-1.6883021582733813,1.1563021582733812,False,True,gemma-2-2b-it|s1
RedHatAI/gemma-2-2b-it-FP8,gemma-2,gemma-2-2b-it,fp8,winogrande,68.67,68.11,-0.56,-0.266,-1.6883021582733813,1.1563021582733812,False,True,gemma-2-2b-it|s1
RedHatAI/gemma-2-2b-it-FP8,gemma-2,gemma-2-2b-it,fp8,truthfulqa,53.11,52.99,-0.12,-0.266,-1.6883021582733813,1.1563021582733812,False,True,gemma-2-2b-it|s1
RedHatAI/gemma-2-2b-it-quantized.w4a16,gemma-2,gemma-2-2b-it,w4a16,mmlu,56.93,55.98,-0.95,-0.6276978417266187,-2.05,0.7946043165467626,False,True,gemma-2-2b-it|s1
RedHatAI/gemma-2-2b-it-quantized.w4a16,gemma-2,gemma-2-2b-it,w4a16,arc_challenge,57.76,57.08,-0.68,-0.6276978417266187,-2.05,0.7946043165467626,False,True,gemma-2-2b-it|s1
RedHatAI/gemma-2-2b-it-quantized.w4a16,gemma-2,gemma-2-2b-it,w4a16,gsm8k,45.11,42.0,-3.11,-0.6276978417266187,-2.05,0.7946043165467626,False,False,gemma-2-2b-it|s1
RedHatAI/gemma-2-2b-it-quantized.w4a16,gemma-2,gemma-2-2b-it,w4a16,hellaswag,71.22,70.53,-0.69,-0.6276978417266187,-2.05,0.7946043165467626,False,True,gemma-2-2b-it|s1
RedHatAI/gemma-2-2b-it-quantized.w4a16,gemma-2,gemma-2-2b-it,w4a16,winogrande,68.67,68.35,-0.32,-0.6276978417266187,-2.05,0.7946043165467626,False,True,gemma-2-2b-it|s1
RedHatAI/gemma-2-2b-it-quantized.w4a16,gemma-2,gemma-2-2b-it,w4a16,truthfulqa,53.11,52.57,-0.54,-0.6276978417266187,-2.05,0.7946043165467626,False,True,gemma-2-2b-it|s1
RedHatAI/gemma-2-2b-it-quantized.w8a16,gemma-2,gemma-2-2b-it,w8a16,mmlu,56.94,56.81,-0.13,-0.28710526315789475,-1.709407421431276,1.1351968951154865,False,True,gemma-2-2b-it|s1
RedHatAI/gemma-2-2b-it-quantized.w8a16,gemma-2,gemma-2-2b-it,w8a16,arc_challenge,58.87,58.7,-0.17,-0.28710526315789475,-1.709407421431276,1.1351968951154865,False,True,gemma-2-2b-it|s1
RedHatAI/gemma-2-2b-it-quantized.w8a16,gemma-2,gemma-2-2b-it,w8a16,gsm8k,44.81,44.88,0.07,-0.28710526315789475,-1.709407421431276,1.1351968951154865,False,True,gemma-2-2b-it|s1
RedHatAI/gemma-2-2b-it-quantized.w8a16,gemma-2,gemma-2-2b-it,w8a16,hellaswag,71.41,71.34,-0.07,-0.28710526315789475,-1.709407421431276,1.1351968951154865,False,True,gemma-2-2b-it|s1
RedHatAI/gemma-2-2b-it-quantized.w8a16,gemma-2,gemma-2-2b-it,w8a16,winogrande,68.82,69.46,0.64,-0.28710526315789475,-1.709407421431276,1.1351968951154865,False,True,gemma-2-2b-it|s1
RedHatAI/gemma-2-2b-it-quantized.w8a16,gemma-2,gemma-2-2b-it,w8a16,truthfulqa,53.22,53.13,-0.09,-0.28710526315789475,-1.709407421431276,1.1351968951154865,False,True,gemma-2-2b-it|s1
RedHatAI/gemma-2-2b-it-quantized.w8a8,gemma-2,gemma-2-2b-it,w8a8_int,mmlu,56.94,56.64,-0.3,-0.3073509933774834,-1.7296531516508646,1.1149511648958979,False,True,gemma-2-2b-it|s1
RedHatAI/gemma-2-2b-it-quantized.w8a8,gemma-2,gemma-2-2b-it,w8a8_int,arc_challenge,58.87,56.74,-2.13,-0.3073509933774834,-1.7296531516508646,1.1149511648958979,False,False,gemma-2-2b-it|s1
RedHatAI/gemma-2-2b-it-quantized.w8a8,gemma-2,gemma-2-2b-it,w8a8_int,gsm8k,44.81,43.97,-0.84,-0.3073509933774834,-1.7296531516508646,1.1149511648958979,False,True,gemma-2-2b-it|s1
RedHatAI/gemma-2-2b-it-quantized.w8a8,gemma-2,gemma-2-2b-it,w8a8_int,hellaswag,71.41,71.18,-0.23,-0.3073509933774834,-1.7296531516508646,1.1149511648958979,False,True,gemma-2-2b-it|s1
RedHatAI/gemma-2-2b-it-quantized.w8a8,gemma-2,gemma-2-2b-it,w8a8_int,winogrande,68.82,68.59,-0.23,-0.3073509933774834,-1.7296531516508646,1.1149511648958979,False,True,gemma-2-2b-it|s1
RedHatAI/gemma-2-2b-it-quantized.w8a8,gemma-2,gemma-2-2b-it,w8a8_int,truthfulqa,53.22,53.19,-0.03,-0.3073509933774834,-1.7296531516508646,1.1149511648958979,False,True,gemma-2-2b-it|s1
RedHatAI/gemma-2-2b-it-FP8,gemma-2,gemma-2-2b-it,fp8,mmlu,56.93,56.87,-0.06,-0.2997368421052632,-1.8774968421052631,1.278023157894737,False,True,gemma-2-2b-it|s2
RedHatAI/gemma-2-2b-it-FP8,gemma-2,gemma-2-2b-it,fp8,arc_challenge,57.76,57.25,-0.51,-0.2997368421052632,-1.8774968421052631,1.278023157894737,False,True,gemma-2-2b-it|s2
RedHatAI/gemma-2-2b-it-FP8,gemma-2,gemma-2-2b-it,fp8,gsm8k,45.11,44.35,-0.76,-0.2997368421052632,-1.8774968421052631,1.278023157894737,False,True,gemma-2-2b-it|s2
RedHatAI/gemma-2-2b-it-FP8,gemma-2,gemma-2-2b-it,fp8,hellaswag,71.22,70.87,-0.35,-0.2997368421052632,-1.8774968421052631,1.278023157894737,False,True,gemma-2-2b-it|s2
RedHatAI/gemma-2-2b-it-FP8,gemma-2,gemma-2-2b-it,fp8,winogrande,68.67,68.11,-0.56,-0.2997368421052632,-1.8774968421052631,1.278023157894737,False,True,gemma-2-2b-it|s2
RedHatAI/gemma-2-2b-it-FP8,gemma-2,gemma-2-2b-it,fp8,truthfulqa,53.11,52.99,-0.12,-0.2997368421052632,-1.8774968421052631,1.278023157894737,False,True,gemma-2-2b-it|s2
RedHatAI/gemma-2-2b-it-quantized.w4a16,gemma-2,gemma-2-2b-it,w4a16,mmlu,56.93,55.98,-0.95,-0.77776,-2.3555200000000003,0.8,False,True,gemma-2-2b-it|s2
RedHatAI/gemma-2-2b-it-quantized.w4a16,gemma-2,gemma-2-2b-it,w4a16,arc_challenge,57.76,57.08,-0.68,-0.77776,-2.3555200000000003,0.8,False,True,gemma-2-2b-it|s2
RedHatAI/gemma-2-2b-it-quantized.w4a16,gemma-2,gemma-2-2b-it,w4a16,gsm8k,45.11,42.0,-3.11,-0.77776,-2.3555200000000003,0.8,False,False,gemma-2-2b-it|s2
RedHatAI/gemma-2-2b-it-quantized.w4a16,gemma-2,gemma-2-2b-it,w4a16,hellaswag,71.22,70.53,-0.69,-0.77776,-2.3555200000000003,0.8,False,True,gemma-2-2b-it|s2
RedHatAI/gemma-2-2b-it-quantized.w4a16,gemma-2,gemma-2-2b-it,w4a16,winogrande,68.67,68.35,-0.32,-0.77776,-2.3555200000000003,0.8,False,True,gemma-2-2b-it|s2
RedHatAI/gemma-2-2b-it-quantized.w4a16,gemma-2,gemma-2-2b-it,w4a16,truthfulqa,53.11,52.57,-0.54,-0.77776,-2.3555200000000003,0.8,False,True,gemma-2-2b-it|s2
RedHatAI/gemma-2-2b-it-quantized.w8a16,gemma-2,gemma-2-2b-it,w8a16,mmlu,56.94,56.81,-0.13,-0.02307692307692308,-1.600836923076923,1.554683076923077,False,True,gemma-2-2b-it|s2
RedHatAI/gemma-2-2b-it-quantized.w8a16,gemma-2,gemma-2-2b-it,w8a16,arc_challenge,58.87,58.7,-0.17,-0.02307692307692308,-1.600836923076923,1.554683076923077,False,True,gemma-2-2b-it|s2
RedHatAI/gemma-2-2b-it-quantized.w8a16,gemma-2,gemma-2-2b-it,w8a16,gsm8k,44.81,44.88,0.07,-0.02307692307692308,-1.600836923076923,1.554683076923077,False,True,gemma-2-2b-it|s2
RedHatAI/gemma-2-2b-it-quantized.w8a16,gemma-2,gemma-2-2b-it,w8a16,hellaswag,71.41,71.34,-0.07,-0.02307692307692308,-1.600836923076923,1.554683076923077,False,True,gemma-2-2b-it|s2
RedHatAI/gemma-2-2b-it-quantized.w8a16,gemma-2,gemma-2-2b-it,w8a16,winogrande,68.82,69.46,0.64,-0.02307692307692308,-1.600836923076923,1.554683076923077,False,True,gemma-2-2b-it|s2
RedHatAI/gemma-2-2b-it-quantized.w8a16,gemma-2,gemma-2-2b-it,w8a16,truthfulqa,53.22,53.13,-0.09,-0.02307692307692308,-1.600836923076923,1.554683076923077,False,True,gemma-2-2b-it|s2
RedHatAI/gemma-2-2b-it-quantized.w8a8,gemma-2,gemma-2-2b-it,w8a8_int,mmlu,56.94,56.64,-0.3,-0.25713178294573646,-1.8348917829457365,1.3206282170542636,False,True,gemma-2-2b-it|s2
RedHatAI/gemma-2-2b-it-quantized.w8a8,gemma-2,gemma-2-2b-it,w8a8_int,arc_challenge,58.87,56.74,-2.13,-0.25713178294573646,-1.8348917829457365,1.3206282170542636,False,False,gemma-2-2b-it|s2
RedHatAI/gemma-2-2b-it-quantized.w8a8,gemma-2,gemma-2-2b-it,w8a8_int,gsm8k,44.81,43.97,-0.84,-0.25713178294573646,-1.8348917829457365,1.3206282170542636,False,True,gemma-2-2b-it|s2
RedHatAI/gemma-2-2b-it-quantized.w8a8,gemma-2,gemma-2-2b-it,w8a8_int,hellaswag,71.41,71.18,-0.23,-0.25713178294573646,-1.8348917829457365,1.3206282170542636,False,True,gemma-2-2b-it|s2
RedHatAI/gemma-2-2b-it-quantized.w8a8,gemma-2,gemma-2-2b-it,w8a8_int,winogrande,68.82,68.59,-0.23,-0.25713178294573646,-1.8348917829457365,1.3206282170542636,False,True,gemma-2-2b-it|s2
RedHatAI/gemma-2-2b-it-quantized.w8a8,gemma-2,gemma-2-2b-it,w8a8_int,truthfulqa,53.22,53.19,-0.03,-0.25713178294573646,-1.8348917829457365,1.3206282170542636,False,True,gemma-2-2b-it|s2
RedHatAI/gemma-2-2b-it-FP8,gemma-2,gemma-2-2b-it,fp8,mmlu,56.93,56.87,-0.06,-0.3462903225806451,-2.575365952832746,1.882785307671456,False,True,gemma-2-2b-it|s3
RedHatAI/gemma-2-2b-it-FP8,gemma-2,gemma-2-2b-it,fp8,arc_challenge,57.76,57.25,-0.51,-0.3462903225806451,-2.575365952832746,1.882785307671456,False,True,gemma-2-2b-it|s3
RedHatAI/gemma-2-2b-it-FP8,gemma-2,gemma-2-2b-it,fp8,gsm8k,45.11,44.35,-0.76,-0.3462903225806451,-2.575365952832746,1.882785307671456,False,True,gemma-2-2b-it|s3
RedHatAI/gemma-2-2b-it-FP8,gemma-2,gemma-2-2b-it,fp8,hellaswag,71.22,70.87,-0.35,-0.3462903225806451,-2.575365952832746,1.882785307671456,False,True,gemma-2-2b-it|s3
RedHatAI/gemma-2-2b-it-FP8,gemma-2,gemma-2-2b-it,fp8,winogrande,68.67,68.11,-0.56,-0.3462903225806451,-2.575365952832746,1.882785307671456,False,True,gemma-2-2b-it|s3
RedHatAI/gemma-2-2b-it-FP8,gemma-2,gemma-2-2b-it,fp8,truthfulqa,53.11,52.99,-0.12,-0.3462903225806451,-2.575365952832746,1.882785307671456,False,True,gemma-2-2b-it|s3
RedHatAI/gemma-2-2b-it-quantized.w4a16,gemma-2,gemma-2-2b-it,w4a16,mmlu,56.93,55.98,-0.95,-0.678859649122807,-2.9079352793749083,1.550215981129294,False,True,gemma-2-2b-it|s3
RedHatAI/gemma-2-2b-it-quantized.w4a16,gemma-2,gemma-2-2b-it,w4a16,arc_challenge,57.76,57.08,-0.68,-0.678859649122807,-2.9079352793749083,1.550215981129294,False,True,gemma-2-2b-it|s3
RedHatAI/gemma-2-2b-it-quantized.w4a16,gemma-2,gemma-2-2b-it,w4a16,gsm8k,45.11,42.0,-3.11,-0.678859649122807,-2.9079352793749083,1.550215981129294,False,False,gemma-2-2b-it|s3
RedHatAI/gemma-2-2b-it-quantized.w4a16,gemma-2,gemma-2-2b-it,w4a16,hellaswag,71.22,70.53,-0.69,-0.678859649122807,-2.9079352793749083,1.550215981129294,False,True,gemma-2-2b-it|s3
RedHatAI/gemma-2-2b-it-quantized.w4a16,gemma-2,gemma-2-2b-it,w4a16,winogrande,68.67,68.35,-0.32,-0.678859649122807,-2.9079352793749083,1.550215981129294,False,True,gemma-2-2b-it|s3
RedHatAI/gemma-2-2b-it-quantized.w4a16,gemma-2,gemma-2-2b-it,w4a16,truthfulqa,53.11,52.57,-0.54,-0.678859649122807,-2.9079352793749083,1.550215981129294,False,True,gemma-2-2b-it|s3
RedHatAI/gemma-2-2b-it-quantized.w8a16,gemma-2,gemma-2-2b-it,w8a16,mmlu,56.94,56.81,-0.13,-0.11569230769230769,-2.344767937944409,2.1133833225597933,False,True,gemma-2-2b-it|s3
RedHatAI/gemma-2-2b-it-quantized.w8a16,gemma-2,gemma-2-2b-it,w8a16,arc_challenge,58.87,58.7,-0.17,-0.11569230769230769,-2.344767937944409,2.1133833225597933,False,True,gemma-2-2b-it|s3
RedHatAI/gemma-2-2b-it-quantized.w8a16,gemma-2,gemma-2-2b-it,w8a16,gsm8k,44.81,44.88,0.07,-0.11569230769230769,-2.344767937944409,2.1133833225597933,False,True,gemma-2-2b-it|s3
RedHatAI/gemma-2-2b-it-quantized.w8a16,gemma-2,gemma-2-2b-it,w8a16,hellaswag,71.41,71.34,-0.07,-0.11569230769230769,-2.344767937944409,2.1133833225597933,False,True,gemma-2-2b-it|s3
RedHatAI/gemma-2-2b-it-quantized.w8a16,gemma-2,gemma-2-2b-it,w8a16,winogrande,68.82,69.46,0.64,-0.11569230769230769,-2.344767937944409,2.1133833225597933,False,True,gemma-2-2b-it|s3
RedHatAI/gemma-2-2b-it-quantized.w8a16,gemma-2,gemma-2-2b-it,w8a16,truthfulqa,53.22,53.13,-0.09,-0.11569230769230769,-2.344767937944409,2.1133833225597933,False,True,gemma-2-2b-it|s3
RedHatAI/gemma-2-2b-it-quantized.w8a8,gemma-2,gemma-2-2b-it,w8a8_int,mmlu,56.94,56.64,-0.3,-0.44353448275862073,-2.672610113010722,1.7855411474934804,False,True,gemma-2-2b-it|s3
RedHatAI/gemma-2-2b-it-quantized.w8a8,gemma-2,gemma-2-2b-it,w8a8_int,arc_challenge,58.87,56.74,-2.13,-0.44353448275862073,-2.672610113010722,1.7855411474934804,False,True,gemma-2-2b-it|s3
RedHatAI/gemma-2-2b-it-quantized.w8a8,gemma-2,gemma-2-2b-it,w8a8_int,gsm8k,44.81,43.97,-0.84,-0.44353448275862073,-2.672610113010722,1.7855411474934804,False,True,gemma-2-2b-it|s3
RedHatAI/gemma-2-2b-it-quantized.w8a8,gemma-2,gemma-2-2b-it,w8a8_int,hellaswag,71.41,71.18,-0.23,-0.44353448275862073,-2.672610113010722,1.7855411474934804,False,True,gemma-2-2b-it|s3
RedHatAI/gemma-2-2b-it-quantized.w8a8,gemma-2,gemma-2-2b-it,w8a8_int,winogrande,68.82,68.59,-0.23,-0.44353448275862073,-2.672610113010722,1.7855411474934804,False,True,gemma-2-2b-it|s3
RedHatAI/gemma-2-2b-it-quantized.w8a8,gemma-2,gemma-2-2b-it,w8a8_int,truthfulqa,53.22,53.19,-0.03,-0.44353448275862073,-2.672610113010722,1.7855411474934804,False,True,gemma-2-2b-it|s3
RedHatAI/gemma-2-2b-it-FP8,gemma-2,gemma-2-2b-it,fp8,mmlu,56.93,56.87,-0.06,-0.2898387096774193,-2.309746117084827,1.730068697729988,False,True,gemma-2-2b-it|s4
RedHatAI/gemma-2-2b-it-FP8,gemma-2,gemma-2-2b-it,fp8,arc_challenge,57.76,57.25,-0.51,-0.2898387096774193,-2.309746117084827,1.730068697729988,False,True,gemma-2-2b-it|s4
RedHatAI/gemma-2-2b-it-FP8,gemma-2,gemma-2-2b-it,fp8,gsm8k,45.11,44.35,-0.76,-0.2898387096774193,-2.309746117084827,1.730068697729988,False,True,gemma-2-2b-it|s4
RedHatAI/gemma-2-2b-it-FP8,gemma-2,gemma-2-2b-it,fp8,hellaswag,71.22,70.87,-0.35,-0.2898387096774193,-2.309746117084827,1.730068697729988,False,True,gemma-2-2b-it|s4
RedHatAI/gemma-2-2b-it-FP8,gemma-2,gemma-2-2b-it,fp8,winogrande,68.67,68.11,-0.56,-0.2898387096774193,-2.309746117084827,1.730068697729988,False,True,gemma-2-2b-it|s4
RedHatAI/gemma-2-2b-it-FP8,gemma-2,gemma-2-2b-it,fp8,truthfulqa,53.11,52.99,-0.12,-0.2898387096774193,-2.309746117084827,1.730068697729988,False,True,gemma-2-2b-it|s4
RedHatAI/gemma-2-2b-it-quantized.w4a16,gemma-2,gemma-2-2b-it,w4a16,mmlu,56.93,55.98,-0.95,-0.6600925925925927,-2.6799999999999997,1.3598148148148146,False,True,gemma-2-2b-it|s4
RedHatAI/gemma-2-2b-it-quantized.w4a16,gemma-2,gemma-2-2b-it,w4a16,arc_challenge,57.76,57.08,-0.68,-0.6600925925925927,-2.6799999999999997,1.3598148148148146,False,True,gemma-2-2b-it|s4
RedHatAI/gemma-2-2b-it-quantized.w4a16,gemma-2,gemma-2-2b-it,w4a16,gsm8k,45.11,42.0,-3.11,-0.6600925925925927,-2.6799999999999997,1.3598148148148146,False,False,gemma-2-2b-it|s4
RedHatAI/gemma-2-2b-it-quantized.w4a16,gemma-2,gemma-2-2b-it,w4a16,hellaswag,71.22,70.53,-0.69,-0.6600925925925927,-2.6799999999999997,1.3598148148148146,False,True,gemma-2-2b-it|s4
RedHatAI/gemma-2-2b-it-quantized.w4a16,gemma-2,gemma-2-2b-it,w4a16,winogrande,68.67,68.35,-0.32,-0.6600925925925927,-2.6799999999999997,1.3598148148148146,False,True,gemma-2-2b-it|s4
RedHatAI/gemma-2-2b-it-quantized.w4a16,gemma-2,gemma-2-2b-it,w4a16,truthfulqa,53.11,52.57,-0.54,-0.6600925925925927,-2.6799999999999997,1.3598148148148146,False,True,gemma-2-2b-it|s4
RedHatAI/gemma-2-2b-it-quantized.w8a16,gemma-2,gemma-2-2b-it,w8a16,mmlu,56.94,56.81,-0.13,0.047090909090909086,-1.9728164983164982,2.0669983164983163,False,True,gemma-2-2b-it|s4
RedHatAI/gemma-2-2b-it-quantized.w8a16,gemma-2,gemma-2-2b-it,w8a16,arc_challenge,58.87,58.7,-0.17,0.047090909090909086,-1.9728164983164982,2.0669983164983163,False,True,gemma-2-2b-it|s4
RedHatAI/gemma-2-2b-it-quantized.w8a16,gemma-2,gemma-2-2b-it,w8a16,gsm8k,44.81,44.88,0.07,0.047090909090909086,-1.9728164983164982,2.0669983164983163,False,True,gemma-2-2b-it|s4
RedHatAI/gemma-2-2b-it-quantized.w8a16,gemma-2,gemma-2-2b-it,w8a16,hellaswag,71.41,71.34,-0.07,0.047090909090909086,-1.9728164983164982,2.0669983164983163,False,True,gemma-2-2b-it|s4
RedHatAI/gemma-2-2b-it-quantized.w8a16,gemma-2,gemma-2-2b-it,w8a16,winogrande,68.82,69.46,0.64,0.047090909090909086,-1.9728164983164982,2.0669983164983163,False,True,gemma-2-2b-it|s4
RedHatAI/gemma-2-2b-it-quantized.w8a16,gemma-2,gemma-2-2b-it,w8a16,truthfulqa,53.22,53.13,-0.09,0.047090909090909086,-1.9728164983164982,2.0669983164983163,False,True,gemma-2-2b-it|s4
RedHatAI/gemma-2-2b-it-quantized.w8a8,gemma-2,gemma-2-2b-it,w8a8_int,mmlu,56.94,56.64,-0.3,-0.27260162601626015,-2.2925090334236673,1.7473057813911472,False,True,gemma-2-2b-it|s4
RedHatAI/gemma-2-2b-it-quantized.w8a8,gemma-2,gemma-2-2b-it,w8a8_int,arc_challenge,58.87,56.74,-2.13,-0.27260162601626015,-2.2925090334236673,1.7473057813911472,False,True,gemma-2-2b-it|s4
RedHatAI/gemma-2-2b-it-quantized.w8a8,gemma-2,gemma-2-2b-it,w8a8_int,gsm8k,44.81,43.97,-0.84,-0.27260162601626015,-2.2925090334236673,1.7473057813911472,False,True,gemma-2-2b-it|s4
RedHatAI/gemma-2-2b-it-quantized.w8a8,gemma-2,gemma-2-2b-it,w8a8_int,hellaswag,71.41,71.18,-0.23,-0.27260162601626015,-2.2925090334236673,1.7473057813911472,False,True,gemma-2-2b-it|s4
RedHatAI/gemma-2-2b-it-quantized.w8a8,gemma-2,gemma-2-2b-it,w8a8_int,winogrande,68.82,68.59,-0.23,-0.27260162601626015,-2.2925090334236673,1.7473057813911472,False,True,gemma-2-2b-it|s4
RedHatAI/gemma-2-2b-it-quantized.w8a8,gemma-2,gemma-2-2b-it,w8a8_int,truthfulqa,53.22,53.19,-0.03,-0.27260162601626015,-2.2925090334236673,1.7473057813911472,False,True,gemma-2-2b-it|s4
RedHatAI/gemma-2-9b-it-FP8,gemma-2,gemma-2-9b-it,fp8,mmlu,72.28,71.99,-0.29,-0.33956521739130435,-2.148454106280193,1.4693236714975844,False,True,gemma-2-9b-it|s0
RedHatAI/gemma-2-9b-it-FP8,gemma-2,gemma-2-9b-it,fp8,arc_challenge,71.5,71.5,0.0,-0.33956521739130435,-2.148454106280193,1.4693236714975844,False,True,gemma-2-9b-it|s0
RedHatAI/gemma-2-9b-it-FP8,gemma-2,gemma-2-9b-it,fp8,hellaswag,81.91,81.7,-0.21,-0.33956521739130435,-2.148454106280193,1.4693236714975844,False,True,gemma-2-9b-it|s0
RedHatAI/gemma-2-9b-it-FP8,gemma-2,gemma-2-9b-it,fp8,winogrande,77.11,78.37,1.26,-0.33956521739130435,-2.148454106280193,1.4693236714975844,False,True,gemma-2-9b-it|s0
RedHatAI/gemma-2-9b-it-FP8,gemma-2,gemma-2-9b-it,fp8,truthfulqa,60.32,60.52,0.2,-0.33956521739130435,-2.148454106280193,1.4693236714975844,False,True,gemma-2-9b-it|s0
RedHatAI/gemma-2-9b-it-quantized.w4a16,gemma-2,gemma-2-9b-it,w4a16,mmlu,72.28,71.36,-0.92,-0.6241353383458647,-2.4330242272347533,1.1847535505430242,False,True,gemma-2-9b-it|s0
RedHatAI/gemma-2-9b-it-quantized.w4a16,gemma-2,gemma-2-9b-it,w4a16,arc_challenge,71.5,70.98,-0.52,-0.6241353383458647,-2.4330242272347533,1.1847535505430242,False,True,gemma-2-9b-it|s0
RedHatAI/gemma-2-9b-it-quantized.w4a16,gemma-2,gemma-2-9b-it,w4a16,gsm8k,76.26,79.83,3.57,-0.6241353383458647,-2.4330242272347533,1.1847535505430242,False,False,gemma-2-9b-it|s0
RedHatAI/gemma-2-9b-it-quantized.w4a16,gemma-2,gemma-2-9b-it,w4a16,hellaswag,81.91,81.29,-0.62,-0.6241353383458647,-2.4330242272347533,1.1847535505430242,False,True,gemma-2-9b-it|s0
RedHatAI/gemma-2-9b-it-quantized.w4a16,gemma-2,gemma-2-9b-it,w4a16,winogrande,77.11,78.29,1.18,-0.6241353383458647,-2.4330242272347533,1.1847535505430242,False,True,gemma-2-9b-it|s0
RedHatAI/gemma-2-9b-it-quantized.w4a16,gemma-2,gemma-2-9b-it,w4a16,truthfulqa,60.32,59.97,-0.35,-0.6241353383458647,-2.4330242272347533,1.1847535505430242,False,True,gemma-2-9b-it|s0
RedHatAI/gemma-2-9b-it-quantized.w8a16,gemma-2,gemma-2-9b-it,w8a16,mmlu,72.29,72.4,0.11,-0.1668,-1.9756888888888888,1.6420888888888887,False,True,gemma-2-9b-it|s0
RedHatAI/gemma-2-9b-it-quantized.w8a16,gemma-2,gemma-2-9b-it,w8a16,arc_challenge,71.08,71.33,0.25,-0.1668,-1.9756888888888888,1.6420888888888887,False,True,gemma-2-9b-it|s0
RedHatAI/gemma-2-9b-it-quantized.w8a16,gemma-2,gemma-2-9b-it,w8a16,gsm8k,79.3,79.23,-0.07,-0.1668,-1.9756888888888888,1.6420888888888887,False,True,gemma-2-9b-it|s0
RedHatAI/gemma-2-9b-it-quantized.w8a16,gemma-2,gemma-2-9b-it,w8a16,hellaswag,81.93,81.93,0.0,-0.1668,-1.9756888888888888,1.6420888888888887,False,True,gemma-2-9b-it|s0
RedHatAI/gemma-2-9b-it-quantized.w8a16,gemma-2,gemma-2-9b-it,w8a16,winogrande,77.98,77.74,-0.24,-0.1668,-1.9756888888888888,1.6420888888888887,False,True,gemma-2-9b-it|s0
RedHatAI/gemma-2-9b-it-quantized.w8a16,gemma-2,gemma-2-9b-it,w8a16,truthfulqa,60.21,60.2,-0.01,-0.1668,-1.9756888888888888,1.6420888888888887,False,True,gemma-2-9b-it|s0
RedHatAI/gemma-2-9b-it-quantized.w8a8,gemma-2,gemma-2-9b-it,w8a8_int,mmlu,72.29,71.9,-0.39,-0.3719402985074627,-2.1808291873963515,1.436948590381426,False,True,gemma-2-9b-it|s0
RedHatAI/gemma-2-9b-it-quantized.w8a8,gemma-2,gemma-2-9b-it,w8a8_int,arc_challenge,71.08,71.42,0.34,-0.3719402985074627,-2.1808291873963515,1.436948590381426,False,True,gemma-2-9b-it|s0
RedHatAI/gemma-2-9b-it-quantized.w8a8,gemma-2,gemma-2-9b-it,w8a8_int,gsm8k,79.3,78.85,-0.45,-0.3719402985074627,-2.1808291873963515,1.436948590381426,False,True,gemma-2-9b-it|s0
RedHatAI/gemma-2-9b-it-quantized.w8a8,gemma-2,gemma-2-9b-it,w8a8_int,hellaswag,81.93,81.6,-0.33,-0.3719402985074627,-2.1808291873963515,1.436948590381426,False,True,gemma-2-9b-it|s0
RedHatAI/gemma-2-9b-it-quantized.w8a8,gemma-2,gemma-2-9b-it,w8a8_int,winogrande,77.98,78.37,0.39,-0.3719402985074627,-2.1808291873963515,1.436948590381426,False,True,gemma-2-9b-it|s0
RedHatAI/gemma-2-9b-it-quantized.w8a8,gemma-2,gemma-2-9b-it,w8a8_int,truthfulqa,60.21,60.12,-0.09,-0.3719402985074627,-2.1808291873963515,1.436948590381426,False,True,gemma-2-9b-it|s0
RedHatAI/gemma-2-9b-it-FP8,gemma-2,gemma-2-9b-it,fp8,mmlu,72.28,71.99,-0.29,-0.43517857142857147,-2.328593205574913,1.4582360627177697,False,True,gemma-2-9b-it|s1
RedHatAI/gemma-2-9b-it-FP8,gemma-2,gemma-2-9b-it,fp8,arc_challenge,71.5,71.5,0.0,-0.43517857142857147,-2.328593205574913,1.4582360627177697,False,True,gemma-2-9b-it|s1
RedHatAI/gemma-2-9b-it-FP8,gemma-2,gemma-2-9b-it,fp8,hellaswag,81.91,81.7,-0.21,-0.43517857142857147,-2.328593205574913,1.4582360627177697,False,True,gemma-2-9b-it|s1
RedHatAI/gemma-2-9b-it-FP8,gemma-2,gemma-2-9b-it,fp8,winogrande,77.11,78.37,1.26,-0.43517857142857147,-2.328593205574913,1.4582360627177697,False,True,gemma-2-9b-it|s1
RedHatAI/gemma-2-9b-it-FP8,gemma-2,gemma-2-9b-it,fp8,truthfulqa,60.32,60.52,0.2,-0.43517857142857147,-2.328593205574913,1.4582360627177697,False,True,gemma-2-9b-it|s1
RedHatAI/gemma-2-9b-it-quantized.w4a16,gemma-2,gemma-2-9b-it,w4a16,mmlu,72.28,71.36,-0.92,-0.6508955223880597,-2.544310156534401,1.2425191117582814,False,True,gemma-2-9b-it|s1
RedHatAI/gemma-2-9b-it-quantized.w4a16,gemma-2,gemma-2-9b-it,w4a16,arc_challenge,71.5,70.98,-0.52,-0.6508955223880597,-2.544310156534401,1.2425191117582814,False,True,gemma-2-9b-it|s1
RedHatAI/gemma-2-9b-it-quantized.w4a16,gemma-2,gemma-2-9b-it,w4a16,gsm8k,76.26,79.83,3.57,-0.6508955223880597,-2.544310156534401,1.2425191117582814,False,False,gemma-2-9b-it|s1
RedHatAI/gemma-2-9b-it-quantized.w4a16,gemma-2,gemma-2-9b-it,w4a16,hellaswag,81.91,81.29,-0.62,-0.6508955223880597,-2.544310156534401,1.2425191117582814,False,True,gemma-2-9b-it|s1
RedHatAI/gemma-2-9b-it-quantized.w4a16,gemma-2,gemma-2-9b-it,w4a16,winogrande,77.11,78.29,1.18,-0.6508955223880597,-2.544310156534401,1.2425191117582814,False,True,gemma-2-9b-it|s1
RedHatAI/gemma-2-9b-it-quantized.w4a16,gemma-2,gemma-2-9b-it,w4a16,truthfulqa,60.32,59.97,-0.35,-0.6508955223880597,-2.544310156534401,1.2425191117582814,False,True,gemma-2-9b-it|s1
RedHatAI/gemma-2-9b-it-quantized.w8a16,gemma-2,gemma-2-9b-it,w8a16,mmlu,72.29,72.4,0.11,-0.13080645161290322,-2.0242210857592444,1.7626081825334379,False,True,gemma-2-9b-it|s1
RedHatAI/gemma-2-9b-it-quantized.w8a16,gemma-2,gemma-2-9b-it,w8a16,arc_challenge,71.08,71.33,0.25,-0.13080645161290322,-2.0242210857592444,1.7626081825334379,False,True,gemma-2-9b-it|s1
RedHatAI/gemma-2-9b-it-quantized.w8a16,gemma-2,gemma-2-9b-it,w8a16,gsm8k,79.3,79.23,-0.07,-0.13080645161290322,-2.0242210857592444,1.7626081825334379,False,True,gemma-2-9b-it|s1
RedHatAI/gemma-2-9b-it-quantized.w8a16,gemma-2,gemma-2-9b-it,w8a16,hellaswag,81.93,81.93,0.0,-0.13080645161290322,-2.0242210857592444,1.7626081825334379,False,True,gemma-2-9b-it|s1
RedHatAI/gemma-2-9b-it-quantized.w8a16,gemma-2,gemma-2-9b-it,w8a16,winogrande,77.98,77.74,-0.24,-0.13080645161290322,-2.0242210857592444,1.7626081825334379,False,True,gemma-2-9b-it|s1
RedHatAI/gemma-2-9b-it-quantized.w8a16,gemma-2,gemma-2-9b-it,w8a16,truthfulqa,60.21,60.2,-0.01,-0.13080645161290322,-2.0242210857592444,1.7626081825334379,False,True,gemma-2-9b-it|s1
RedHatAI/gemma-2-9b-it-quantized.w8a8,gemma-2,gemma-2-9b-it,w8a8_int,mmlu,72.29,71.9,-0.39,-0.29979020979020976,-2.193204843936551,1.5936244243561313,False,True,gemma-2-9b-it|s1
RedHatAI/gemma-2-9b-it-quantized.w8a8,gemma-2,gemma-2-9b-it,w8a8_int,arc_challenge,71.08,71.42,0.34,-0.29979020979020976,-2.193204843936551,1.5936244243561313,False,True,gemma-2-9b-it|s1
RedHatAI/gemma-2-9b-it-quantized.w8a8,gemma-2,gemma-2-9b-it,w8a8_int,gsm8k,79.3,78.85,-0.45,-0.29979020979020976,-2.193204843936551,1.5936244243561313,False,True,gemma-2-9b-it|s1
RedHatAI/gemma-2-9b-it-quantized.w8a8,gemma-2,gemma-2-9b-it,w8a8_int,hellaswag,81.93,81.6,-0.33,-0.29979020979020976,-2.193204843936551,1.5936244243561313,False,True,gemma-2-9b-it|s1
RedHatAI/gemma-2-9b-it-quantized.w8a8,gemma-2,gemma-2-9b-it,w8a8_int,winogrande,77.98,78.37,0.39,-0.29979020979020976,-2.193204843936551,1.5936244243561313,False,True,gemma-2-9b-it|s1
RedHatAI/gemma-2-9b-it-quantized.w8a8,gemma-2,gemma-2-9b-it,w8a8_int,truthfulqa,60.21,60.12,-0.09,-0.29979020979020976,-2.193204843936551,1.5936244243561313,False,True,gemma-2-9b-it|s1
RedHatAI/gemma-2-9b-it-FP8,gemma-2,gemma-2-9b-it,fp8,mmlu,72.28,71.99,-0.29,-0.24411764705882352,-1.9953676470588233,1.5071323529411762,False,True,gemma-2-9b-it|s2
RedHatAI/gemma-2-9b-it-FP8,gemma-2,gemma-2-9b-it,fp8,arc_challenge,71.5,71.5,0.0,-0.24411764705882352,-1.9953676470588233,1.5071323529411762,False,True,gemma-2-9b-it|s2
RedHatAI/gemma-2-9b-it-FP8,gemma-2,gemma-2-9b-it,fp8,hellaswag,81.91,81.7,-0.21,-0.24411764705882352,-1.9953676470588233,1.5071323529411762,False,True,gemma-2-9b-it|s2
RedHatAI/gemma-2-9b-it-FP8,gemma-2,gemma-2-9b-it,fp8,winogrande,77.11,78.37,1.26,-0.24411764705882352,-1.9953676470588233,1.5071323529411762,False,True,gemma-2-9b-it|s2
RedHatAI/gemma-2-9b-it-FP8,gemma-2,gemma-2-9b-it,fp8,truthfulqa,60.32,60.52,0.2,-0.24411764705882352,-1.9953676470588233,1.5071323529411762,False,True,gemma-2-9b-it|s2
RedHatAI/gemma-2-9b-it-quantized.w4a16,gemma-2,gemma-2-9b-it,w4a16,mmlu,72.28,71.36,-0.92,-0.8698400000000001,-2.6210899999999997,0.8814099999999997,False,True,gemma-2-9b-it|s2
RedHatAI/gemma-2-9b-it-quantized.w4a16,gemma-2,gemma-2-9b-it,w4a16,arc_challenge,71.5,70.98,-0.52,-0.8698400000000001,-2.6210899999999997,0.8814099999999997,False,True,gemma-2-9b-it|s2
RedHatAI/gemma-2-9b-it-quantized.w4a16,gemma-2,gemma-2-9b-it,w4a16,gsm8k,76.26,79.83,3.57,-0.8698400000000001,-2.6210899999999997,0.8814099999999997,False,False,gemma-2-9b-it|s2
RedHatAI/gemma-2-9b-it-quantized.w4a16,gemma-2,gemma-2-9b-it,w4a16,hellaswag,81.91,81.29,-0.62,-0.8698400000000001,-2.6210899999999997,0.8814099999999997,False,True,gemma-2-9b-it|s2
RedHatAI/gemma-2-9b-it-quantized.w4a16,gemma-2,gemma-2-9b-it,w4a16,winogrande,77.11,78.29,1.18,-0.8698400000000001,-2.6210899999999997,0.8814099999999997,False,False,gemma-2-9b-it|s2
RedHatAI/gemma-2-9b-it-quantized.w4a16,gemma-2,gemma-2-9b-it,w4a16,truthfulqa,60.32,59.97,-0.35,-0.8698400000000001,-2.6210899999999997,0.8814099999999997,False,True,gemma-2-9b-it|s2
RedHatAI/gemma-2-9b-it-quantized.w8a16,gemma-2,gemma-2-9b-it,w8a16,mmlu,72.29,72.4,0.11,-0.12833333333333333,-1.8795833333333332,1.6229166666666663,False,True,gemma-2-9b-it|s2
RedHatAI/gemma-2-9b-it-quantized.w8a16,gemma-2,gemma-2-9b-it,w8a16,arc_challenge,71.08,71.33,0.25,-0.12833333333333333,-1.8795833333333332,1.6229166666666663,False,True,gemma-2-9b-it|s2
RedHatAI/gemma-2-9b-it-quantized.w8a16,gemma-2,gemma-2-9b-it,w8a16,gsm8k,79.3,79.23,-0.07,-0.12833333333333333,-1.8795833333333332,1.6229166666666663,False,True,gemma-2-9b-it|s2
RedHatAI/gemma-2-9b-it-quantized.w8a16,gemma-2,gemma-2-9b-it,w8a16,hellaswag,81.93,81.93,0.0,-0.12833333333333333,-1.8795833333333332,1.6229166666666663,False,True,gemma-2-9b-it|s2
RedHatAI/gemma-2-9b-it-quantized.w8a16,gemma-2,gemma-2-9b-it,w8a16,winogrande,77.98,77.74,-0.24,-0.12833333333333333,-1.8795833333333332,1.6229166666666663,False,True,gemma-2-9b-it|s2
RedHatAI/gemma-2-9b-it-quantized.w8a16,gemma-2,gemma-2-9b-it,w8a16,truthfulqa,60.21,60.2,-0.01,-0.12833333333333333,-1.8795833333333332,1.6229166666666663,False,True,gemma-2-9b-it|s2
RedHatAI/gemma-2-9b-it-quantized.w8a8,gemma-2,gemma-2-9b-it,w8a8_int,mmlu,72.29,71.9,-0.39,-0.37875000000000003,-2.13,1.3724999999999996,False,True,gemma-2-9b-it|s2
RedHatAI/gemma-2-9b-it-quantized.w8a8,gemma-2,gemma-2-9b-it,w8a8_int,arc_challenge,71.08,71.42,0.34,-0.37875000000000003,-2.13,1.3724999999999996,False,True,gemma-2-9b-it|s2
RedHatAI/gemma-2-9b-it-quantized.w8a8,gemma-2,gemma-2-9b-it,w8a8_int,gsm8k,79.3,78.85,-0.45,-0.37875000000000003,-2.13,1.3724999999999996,False,True,gemma-2-9b-it|s2
RedHatAI/gemma-2-9b-it-quantized.w8a8,gemma-2,gemma-2-9b-it,w8a8_int,hellaswag,81.93,81.6,-0.33,-0.37875000000000003,-2.13,1.3724999999999996,False,True,gemma-2-9b-it|s2
RedHatAI/gemma-2-9b-it-quantized.w8a8,gemma-2,gemma-2-9b-it,w8a8_int,winogrande,77.98,78.37,0.39,-0.37875000000000003,-2.13,1.3724999999999996,False,True,gemma-2-9b-it|s2
RedHatAI/gemma-2-9b-it-quantized.w8a8,gemma-2,gemma-2-9b-it,w8a8_int,truthfulqa,60.21,60.12,-0.09,-0.37875000000000003,-2.13,1.3724999999999996,False,True,gemma-2-9b-it|s2
RedHatAI/gemma-2-9b-it-FP8,gemma-2,gemma-2-9b-it,fp8,mmlu,72.28,71.99,-0.29,-0.3854545454545455,-1.8550308166409861,1.0841217257318951,False,True,gemma-2-9b-it|s3
RedHatAI/gemma-2-9b-it-FP8,gemma-2,gemma-2-9b-it,fp8,arc_challenge,71.5,71.5,0.0,-0.3854545454545455,-1.8550308166409861,1.0841217257318951,False,True,gemma-2-9b-it|s3
RedHatAI/gemma-2-9b-it-FP8,gemma-2,gemma-2-9b-it,fp8,hellaswag,81.91,81.7,-0.21,-0.3854545454545455,-1.8550308166409861,1.0841217257318951,False,True,gemma-2-9b-it|s3
RedHatAI/gemma-2-9b-it-FP8,gemma-2,gemma-2-9b-it,fp8,winogrande,77.11,78.37,1.26,-0.3854545454545455,-1.8550308166409861,1.0841217257318951,False,False,gemma-2-9b-it|s3
RedHatAI/gemma-2-9b-it-FP8,gemma-2,gemma-2-9b-it,fp8,truthfulqa,60.32,60.52,0.2,-0.3854545454545455,-1.8550308166409861,1.0841217257318951,False,True,gemma-2-9b-it|s3
RedHatAI/gemma-2-9b-it-quantized.w4a16,gemma-2,gemma-2-9b-it,w4a16,mmlu,72.28,71.36,-0.92,-0.9695762711864406,-2.4391525423728813,0.5,False,True,gemma-2-9b-it|s3
RedHatAI/gemma-2-9b-it-quantized.w4a16,gemma-2,gemma-2-9b-it,w4a16,arc_challenge,71.5,70.98,-0.52,-0.9695762711864406,-2.4391525423728813,0.5,False,True,gemma-2-9b-it|s3
RedHatAI/gemma-2-9b-it-quantized.w4a16,gemma-2,gemma-2-9b-it,w4a16,gsm8k,76.26,79.83,3.57,-0.9695762711864406,-2.4391525423728813,0.5,False,False,gemma-2-9b-it|s3
RedHatAI/gemma-2-9b-it-quantized.w4a16,gemma-2,gemma-2-9b-it,w4a16,hellaswag,81.91,81.29,-0.62,-0.9695762711864406,-2.4391525423728813,0.5,False,True,gemma-2-9b-it|s3
RedHatAI/gemma-2-9b-it-quantized.w4a16,gemma-2,gemma-2-9b-it,w4a16,winogrande,77.11,78.29,1.18,-0.9695762711864406,-2.4391525423728813,0.5,False,False,gemma-2-9b-it|s3
RedHatAI/gemma-2-9b-it-quantized.w4a16,gemma-2,gemma-2-9b-it,w4a16,truthfulqa,60.32,59.97,-0.35,-0.9695762711864406,-2.4391525423728813,0.5,False,True,gemma-2-9b-it|s3
RedHatAI/gemma-2-9b-it-quantized.w8a16,gemma-2,gemma-2-9b-it,w8a16,mmlu,72.29,72.4,0.11,0.008666666666666665,-1.460909604519774,1.4782429378531072,False,True,gemma-2-9b-it|s3
RedHatAI/gemma-2-9b-it-quantized.w8a16,gemma-2,gemma-2-9b-it,w8a16,arc_challenge,71.08,71.33,0.25,0.008666666666666665,-1.460909604519774,1.4782429378531072,False,True,gemma-2-9b-it|s3
RedHatAI/gemma-2-9b-it-quantized.w8a16,gemma-2,gemma-2-9b-it,w8a16,gsm8k,79.3,79.23,-0.07,0.008666666666666665,-1.460909604519774,1.4782429378531072,False,True,gemma-2-9b-it|s3
RedHatAI/gemma-2-9b-it-quantized.w8a16,gemma-2,gemma-2-9b-it,w8a16,hellaswag,81.93,81.93,0.0,0.008666666666666665,-1.460909604519774,1.4782429378531072,False,True,gemma-2-9b-it|s3
RedHatAI/gemma-2-9b-it-quantized.w8a16,gemma-2,gemma-2-9b-it,w8a16,winogrande,77.98,77.74,-0.24,0.008666666666666665,-1.460909604519774,1.4782429378531072,False,True,gemma-2-9b-it|s3
RedHatAI/gemma-2-9b-it-quantized.w8a16,gemma-2,gemma-2-9b-it,w8a16,truthfulqa,60.21,60.2,-0.01,0.008666666666666665,-1.460909604519774,1.4782429378531072,False,True,gemma-2-9b-it|s3
RedHatAI/gemma-2-9b-it-quantized.w8a8,gemma-2,gemma-2-9b-it,w8a8_int,mmlu,72.29,71.9,-0.39,-0.20445454545454547,-1.674030816640986,1.2651217257318952,False,True,gemma-2-9b-it|s3
RedHatAI/gemma-2-9b-it-quantized.w8a8,gemma-2,gemma-2-9b-it,w8a8_int,arc_challenge,71.08,71.42,0.34,-0.20445454545454547,-1.674030816640986,1.2651217257318952,False,True,gemma-2-9b-it|s3
RedHatAI/gemma-2-9b-it-quantized.w8a8,gemma-2,gemma-2-9b-it,w8a8_int,gsm8k,79.3,78.85,-0.45,-0.20445454545454547,-1.674030816640986,1.2651217257318952,False,True,gemma-2-9b-it|s3
RedHatAI/gemma-2-9b-it-quantized.w8a8,gemma-2,gemma-2-9b-it,w8a8_int,hellaswag,81.93,81.6,-0.33,-0.20445454545454547,-1.674030816640986,1.2651217257318952,False,True,gemma-2-9b-it|s3
RedHatAI/gemma-2-9b-it-quantized.w8a8,gemma-2,gemma-2-9b-it,w8a8_int,winogrande,77.98,78.37,0.39,-0.20445454545454547,-1.674030816640986,1.2651217257318952,False,True,gemma-2-9b-it|s3
RedHatAI/gemma-2-9b-it-quantized.w8a8,gemma-2,gemma-2-9b-it,w8a8_int,truthfulqa,60.21,60.12,-0.09,-0.20445454545454547,-1.674030816640986,1.2651217257318952,False,True,gemma-2-9b-it|s3
RedHatAI/gemma-2-9b-it-FP8,gemma-2,gemma-2-9b-it,fp8,mmlu,72.28,71.99,-0.29,-0.3803921568627451,-2.19828331332533,1.43749899959984,False,True,gemma-2-9b-it|s4
RedHatAI/gemma-2-9b-it-FP8,gemma-2,gemma-2-9b-it,fp8,arc_challenge,71.5,71.5,0.0,-0.3803921568627451,-2.19828331332533,1.43749899959984,False,True,gemma-2-9b-it|s4
RedHatAI/gemma-2-9b-it-FP8,gemma-2,gemma-2-9b-it,fp8,hellaswag,81.91,81.7,-0.21,-0.3803921568627451,-2.19828331332533,1.43749899959984,False,True,gemma-2-9b-it|s4
RedHatAI/gemma-2-9b-it-FP8,gemma-2,gemma-2-9b-it,fp8,winogrande,77.11,78.37,1.26,-0.3803921568627451,-2.19828331332533,1.43749899959984,False,True,gemma-2-9b-it|s4
RedHatAI/gemma-2-9b-it-FP8,gemma-2,gemma-2-9b-it,fp8,truthfulqa,60.32,60.52,0.2,-0.3803921568627451,-2.19828331332533,1.43749899959984,False,True,gemma-2-9b-it|s4
RedHatAI/gemma-2-9b-it-quantized.w4a16,gemma-2,gemma-2-9b-it,w4a16,mmlu,72.28,71.36,-0.92,-0.7943076923076924,-2.6121988487702774,1.0235834641548927,False,True,gemma-2-9b-it|s4
RedHatAI/gemma-2-9b-it-quantized.w4a16,gemma-2,gemma-2-9b-it,w4a16,arc_challenge,71.5,70.98,-0.52,-0.7943076923076924,-2.6121988487702774,1.0235834641548927,False,True,gemma-2-9b-it|s4
RedHatAI/gemma-2-9b-it-quantized.w4a16,gemma-2,gemma-2-9b-it,w4a16,gsm8k,76.26,79.83,3.57,-0.7943076923076924,-2.6121988487702774,1.0235834641548927,False,False,gemma-2-9b-it|s4
RedHatAI/gemma-2-9b-it-quantized.w4a16,gemma-2,gemma-2-9b-it,w4a16,hellaswag,81.91,81.29,-0.62,-0.7943076923076924,-2.6121988487702774,1.0235834641548927,False,True,gemma-2-9b-it|s4
RedHatAI/gemma-2-9b-it-quantized.w4a16,gemma-2,gemma-2-9b-it,w4a16,winogrande,77.11,78.29,1.18,-0.7943076923076924,-2.6121988487702774,1.0235834641548927,False,False,gemma-2-9b-it|s4
RedHatAI/gemma-2-9b-it-quantized.w4a16,gemma-2,gemma-2-9b-it,w4a16,truthfulqa,60.32,59.97,-0.35,-0.7943076923076924,-2.6121988487702774,1.0235834641548927,False,True,gemma-2-9b-it|s4
RedHatAI/gemma-2-9b-it-quantized.w8a16,gemma-2,gemma-2-9b-it,w8a16,mmlu,72.29,72.4,0.11,-0.17338709677419356,-1.9912782532367785,1.6445040596883915,False,True,gemma-2-9b-it|s4
RedHatAI/gemma-2-9b-it-quantized.w8a16,gemma-2,gemma-2-9b-it,w8a16,arc_challenge,71.08,71.33,0.25,-0.17338709677419356,-1.9912782532367785,1.6445040596883915,False,True,gemma-2-9b-it|s4
RedHatAI/gemma-2-9b-it-quantized.w8a16,gemma-2,gemma-2-9b-it,w8a16,gsm8k,79.3,79.23,-0.07,-0.17338709677419356,-1.9912782532367785,1.6445040596883915,False,True,gemma-2-9b-it|s4
RedHatAI/gemma-2-9b-it-quantized.w8a16,gemma-2,gemma-2-9b-it,w8a16,hellaswag,81.93,81.93,0.0,-0.17338709677419356,-1.9912782532367785,1.6445040596883915,False,True,gemma-2-9b-it|s4
RedHatAI/gemma-2-9b-it-quantized.w8a16,gemma-2,gemma-2-9b-it,w8a16,winogrande,77.98,77.74,-0.24,-0.17338709677419356,-1.9912782532367785,1.6445040596883915,False,True,gemma-2-9b-it|s4
RedHatAI/gemma-2-9b-it-quantized.w8a16,gemma-2,gemma-2-9b-it,w8a16,truthfulqa,60.21,60.2,-0.01,-0.17338709677419356,-1.9912782532367785,1.6445040596883915,False,True,gemma-2-9b-it|s4
RedHatAI/gemma-2-9b-it-quantized.w8a8,gemma-2,gemma-2-9b-it,w8a8_int,mmlu,72.29,71.9,-0.39,-0.31789115646258503,-2.13578231292517,1.5,False,True,gemma-2-9b-it|s4
RedHatAI/gemma-2-9b-it-quantized.w8a8,gemma-2,gemma-2-9b-it,w8a8_int,arc_challenge,71.08,71.42,0.34,-0.31789115646258503,-2.13578231292517,1.5,False,True,gemma-2-9b-it|s4
RedHatAI/gemma-2-9b-it-quantized.w8a8,gemma-2,gemma-2-9b-it,w8a8_int,gsm8k,79.3,78.85,-0.45,-0.31789115646258503,-2.13578231292517,1.5,False,True,gemma-2-9b-it|s4
RedHatAI/gemma-2-9b-it-quantized.w8a8,gemma-2,gemma-2-9b-it,w8a8_int,hellaswag,81.93,81.6,-0.33,-0.31789115646258503,-2.13578231292517,1.5,False,True,gemma-2-9b-it|s4
RedHatAI/gemma-2-9b-it-quantized.w8a8,gemma-2,gemma-2-9b-it,w8a8_int,winogrande,77.98,78.37,0.39,-0.31789115646258503,-2.13578231292517,1.5,False,True,gemma-2-9b-it|s4
RedHatAI/gemma-2-9b-it-quantized.w8a8,gemma-2,gemma-2-9b-it,w8a8_int,truthfulqa,60.21,60.12,-0.09,-0.31789115646258503,-2.13578231292517,1.5,False,True,gemma-2-9b-it|s4
RedHatAI/granite-3.1-2b-base-FP8-dynamic,granite,granite-3.1-2b-base,fp8_dynamic,arc_challenge,53.75,53.5,-0.25,-0.07444444444444445,-1.9255748792270535,1.7766859903381644,False,True,granite-3.1-2b-base|s0
RedHatAI/granite-3.1-2b-base-FP8-dynamic,granite,granite-3.1-2b-base,fp8_dynamic,gsm8k,47.84,46.1,-1.74,-0.07444444444444445,-1.9255748792270535,1.7766859903381644,False,True,granite-3.1-2b-base|s0
RedHatAI/granite-3.1-2b-base-FP8-dynamic,granite,granite-3.1-2b-base,fp8_dynamic,hellaswag,77.94,77.76,-0.18,-0.07444444444444445,-1.9255748792270535,1.7766859903381644,False,True,granite-3.1-2b-base|s0
RedHatAI/granite-3.1-2b-base-FP8-dynamic,granite,granite-3.1-2b-base,fp8_dynamic,mmlu,52.88,52.61,-0.27,-0.07444444444444445,-1.9255748792270535,1.7766859903381644,False,True,granite-3.1-2b-base|s0
RedHatAI/granite-3.1-2b-base-FP8-dynamic,granite,granite-3.1-2b-base,fp8_dynamic,truthfulqa,39.04,39.84,0.8,-0.07444444444444445,-1.9255748792270535,1.7766859903381644,False,True,granite-3.1-2b-base|s0
RedHatAI/granite-3.1-2b-base-FP8-dynamic,granite,granite-3.1-2b-base,fp8_dynamic,winogrande,74.43,74.43,0.0,-0.07444444444444445,-1.9255748792270535,1.7766859903381644,False,True,granite-3.1-2b-base|s0
RedHatAI/granite-3.1-2b-base-FP8-dynamic,granite,granite-3.1-2b-base,fp8_dynamic,humaneval,30.0,30.4,0.4,-0.07444444444444445,-1.9255748792270535,1.7766859903381644,False,True,granite-3.1-2b-base|s0
RedHatAI/granite-3.1-2b-base-quantized.w4a16,granite,granite-3.1-2b-base,w4a16,arc_challenge,53.75,51.96,-1.79,-0.650909090909091,-2.5020395256917,1.200221343873518,False,True,granite-3.1-2b-base|s0
RedHatAI/granite-3.1-2b-base-quantized.w4a16,granite,granite-3.1-2b-base,w4a16,gsm8k,47.84,42.53,-5.31,-0.650909090909091,-2.5020395256917,1.200221343873518,False,False,granite-3.1-2b-base|s0
RedHatAI/granite-3.1-2b-base-quantized.w4a16,granite,granite-3.1-2b-base,w4a16,hellaswag,77.94,75.38,-2.56,-0.650909090909091,-2.5020395256917,1.200221343873518,False,False,granite-3.1-2b-base|s0
RedHatAI/granite-3.1-2b-base-quantized.w4a16,granite,granite-3.1-2b-base,w4a16,mmlu,52.88,51.09,-1.79,-0.650909090909091,-2.5020395256917,1.200221343873518,False,True,granite-3.1-2b-base|s0
RedHatAI/granite-3.1-2b-base-quantized.w4a16,granite,granite-3.1-2b-base,w4a16,truthfulqa,39.04,41.35,2.31,-0.650909090909091,-2.5020395256917,1.200221343873518,False,False,granite-3.1-2b-base|s0
RedHatAI/granite-3.1-2b-base-quantized.w4a16,granite,granite-3.1-2b-base,w4a16,winogrande,74.43,74.27,-0.16,-0.650909090909091,-2.5020395256917,1.200221343873518,False,True,granite-3.1-2b-base|s0
RedHatAI/granite-3.1-2b-base-quantized.w4a16,granite,granite-3.1-2b-base,w4a16,humaneval,30.0,29.8,-0.2,-0.650909090909091,-2.5020395256917,1.200221343873518,False,True,granite-3.1-2b-base|s0
RedHatAI/granite-3.1-2b-base-quantized.w8a8,granite,granite-3.1-2b-base,w8a8_int,arc_challenge,53.75,54.01,0.26,-0.34886956521739126,-2.2,1.5022608695652178,False,True,granite-3.1-2b-base|s0
RedHatAI/granite-3.1-2b-base-quantized.w8a8,granite,granite-3.1-2b-base,w8a8_int,gsm8k,47.84,46.55,-1.29,-0.34886956521739126,-2.2,1.5022608695652178,False,True,granite-3.1-2b-base|s0
RedHatAI/granite-3.1-2b-base-quantized.w8a8,granite,granite-3.1-2b-base,w8a8_int,hellaswag,77.94,77.94,0.0,-0.34886956521739126,-2.2,1.5022608695652178,False,True,granite-3.1-2b-base|s0
RedHatAI/granite-3.1-2b-base-quantized.w8a8,granite,granite-3.1-2b-base,w8a8_int,mmlu,52.88,52.34,-0.54,-0.34886956521739126,-2.2,1.5022608695652178,False,True,granite-3.1-2b-base|s0
RedHatAI/granite-3.1-2b-base-quantized.w8a8,granite,granite-3.1-2b-base,w8a8_int,truthfulqa,39.04,38.12,-0.92,-0.34886956521739126,-2.2,1.5022608695652178,False,True,granite-3.1-2b-base|s0
RedHatAI/granite-3.1-2b-base-quantized.w8a8,granite,granite-3.1-2b-base,w8a8_int,winogrande,74.43,74.35,-0.08,-0.34886956521739126,-2.2,1.5022608695652178,False,True,granite-3.1-2b-base|s0
RedHatAI/granite-3.1-2b-base-quantized.w8a8,granite,granite-3.1-2b-base,w8a8_int,humaneval,30.0,29.6,-0.4,-0.34886956521739126,-2.2,1.5022608695652178,False,True,granite-3.1-2b-base|s0
RedHatAI/granite-3.1-2b-base-FP8-dynamic,granite,granite-3.1-2b-base,fp8_dynamic,arc_challenge,53.75,53.5,-0.25,0.07931972789115646,-1.18,1.3386394557823127,False,True,granite-3.1-2b-base|s1
RedHatAI/granite-3.1-2b-base-FP8-dynamic,granite,granite-3.1-2b-base,fp8_dynamic,gsm8k,47.84,46.1,-1.74,0.07931972789115646,-1.18,1.3386394557823127,False,False,granite-3.1-2b-base|s1
RedHatAI/granite-3.1-2b-base-FP8-dynamic,granite,granite-3.1-2b-base,fp8_dynamic,hellaswag,77.94,77.76,-0.18,0.07931972789115646,-1.18,1.3386394557823127,False,True,granite-3.1-2b-base|s1
RedHatAI/granite-3.1-2b-base-FP8-dynamic,granite,granite-3.1-2b-base,fp8_dynamic,mmlu,52.88,52.61,-0.27,0.07931972789115646,-1.18,1.3386394557823127,False,True,granite-3.1-2b-base|s1
RedHatAI/granite-3.1-2b-base-FP8-dynamic,granite,granite-3.1-2b-base,fp8_dynamic,truthfulqa,39.04,39.84,0.8,0.07931972789115646,-1.18,1.3386394557823127,False,True,granite-3.1-2b-base|s1
RedHatAI/granite-3.1-2b-base-FP8-dynamic,granite,granite-3.1-2b-base,fp8_dynamic,winogrande,74.43,74.43,0.0,0.07931972789115646,-1.18,1.3386394557823127,False,True,granite-3.1-2b-base|s1
RedHatAI/granite-3.1-2b-base-FP8-dynamic,granite,granite-3.1-2b-base,fp8_dynamic,humaneval,30.0,30.4,0.4,0.07931972789115646,-1.18,1.3386394557823127,False,True,granite-3.1-2b-base|s1
RedHatAI/granite-3.1-2b-base-quantized.w4a16,granite,granite-3.1-2b-base,w4a16,arc_challenge,53.75,51.96,-1.79,-0.7880882352941176,-2.047407963185274,0.47123149259703867,False,True,granite-3.1-2b-base|s1
RedHatAI/granite-3.1-2b-base-quantized.w4a16,granite,granite-3.1-2b-base,w4a16,gsm8k,47.84,42.53,-5.31,-0.7880882352941176,-2.047407963185274,0.47123149259703867,False,False,granite-3.1-2b-base|s1
RedHatAI/granite-3.1-2b-base-quantized.w4a16,granite,granite-3.1-2b-base,w4a16,hellaswag,77.94,75.38,-2.56,-0.7880882352941176,-2.047407963185274,0.47123149259703867,False,False,granite-3.1-2b-base|s1
RedHatAI/granite-3.1-2b-base-quantized.w4a16,granite,granite-3.1-2b-base,w4a16,mmlu,52.88,51.09,-1.79,-0.7880882352941176,-2.047407963185274,0.47123149259703867,False,True,granite-3.1-2b-base|s1
RedHatAI/granite-3.1-2b-base-quantized.w4a16,granite,granite-3.1-2b-base,w4a16,truthfulqa,39.04,41.35,2.31,-0.7880882352941176,-2.047407963185274,0.47123149259703867,False,False,granite-3.1-2b-base|s1
RedHatAI/granite-3.1-2b-base-quantized.w4a16,granite,granite-3.1-2b-base,w4a16,winogrande,74.43,74.27,-0.16,-0.7880882352941176,-2.047407963185274,0.47123149259703867,False,True,granite-3.1-2b-base|s1
RedHatAI/granite-3.1-2b-base-quantized.w4a16,granite,granite-3.1-2b-base,w4a16,humaneval,30.0,29.8,-0.2,-0.7880882352941176,-2.047407963185274,0.47123149259703867,False,True,granite-3.1-2b-base|s1
RedHatAI/granite-3.1-2b-base-quantized.w8a8,granite,granite-3.1-2b-base,w8a8_int,arc_challenge,53.75,54.01,0.26,-0.25879432624113474,-1.518114054132291,1.0005254016500216,False,True,granite-3.1-2b-base|s1
RedHatAI/granite-3.1-2b-base-quantized.w8a8,granite,granite-3.1-2b-base,w8a8_int,gsm8k,47.84,46.55,-1.29,-0.25879432624113474,-1.518114054132291,1.0005254016500216,False,True,granite-3.1-2b-base|s1
RedHatAI/granite-3.1-2b-base-quantized.w8a8,granite,granite-3.1-2b-base,w8a8_int,hellaswag,77.94,77.94,0.0,-0.25879432624113474,-1.518114054132291,1.0005254016500216,False,True,granite-3.1-2b-base|s1
RedHatAI/granite-3.1-2b-base-quantized.w8a8,granite,granite-3.1-2b-base,w8a8_int,mmlu,52.88,52.34,-0.54,-0.25879432624113474,-1.518114054132291,1.0005254016500216,False,True,granite-3.1-2b-base|s1
RedHatAI/granite-3.1-2b-base-quantized.w8a8,granite,granite-3.1-2b-base,w8a8_int,truthfulqa,39.04,38.12,-0.92,-0.25879432624113474,-1.518114054132291,1.0005254016500216,False,True,granite-3.1-2b-base|s1
RedHatAI/granite-3.1-2b-base-quantized.w8a8,granite,granite-3.1-2b-base,w8a8_int,winogrande,74.43,74.35,-0.08,-0.25879432624113474,-1.518114054132291,1.0005254016500216,False,True,granite-3.1-2b-base|s1
RedHatAI/granite-3.1-2b-base-quantized.w8a8,granite,granite-3.1-2b-base,w8a8_int,humaneval,30.0,29.6,-0.4,-0.25879432624113474,-1.518114054132291,1.0005254016500216,False,True,granite-3.1-2b-base|s1
RedHatAI/granite-3.1-2b-base-FP8-dynamic,granite,granite-3.1-2b-base,fp8_dynamic,arc_challenge,53.75,53.5,-0.25,0.00340425531914893,-1.4339344543582704,1.4407429649965682,False,True,granite-3.1-2b-base|s2
RedHatAI/granite-3.1-2b-base-FP8-dynamic,granite,granite-3.1-2b-base,fp8_dynamic,gsm8k,47.84,46.1,-1.74,0.00340425531914893,-1.4339344543582704,1.4407429649965682,False,False,granite-3.1-2b-base|s2
RedHatAI/granite-3.1-2b-base-FP8-dynamic,granite,granite-3.1-2b-base,fp8_dynamic,hellaswag,77.94,77.76,-0.18,0.00340425531914893,-1.4339344543582704,1.4407429649965682,False,True,granite-3.1-2b-base|s2
RedHatAI/granite-3.1-2b-base-FP8-dynamic,granite,granite-3.1-2b-base,fp8_dynamic,mmlu,52.88,52.61,-0.27,0.00340425531914893,-1.4339344543582704,1.4407429649965682,False,True,granite-3.1-2b-base|s2
RedHatAI/granite-3.1-2b-base-FP8-dynamic,granite,granite-3.1-2b-base,fp8_dynamic,truthfulqa,39.04,39.84,0.8,0.00340425531914893,-1.4339344543582704,1.4407429649965682,False,True,granite-3.1-2b-base|s2
RedHatAI/granite-3.1-2b-base-FP8-dynamic,granite,granite-3.1-2b-base,fp8_dynamic,winogrande,74.43,74.43,0.0,0.00340425531914893,-1.4339344543582704,1.4407429649965682,False,True,granite-3.1-2b-base|s2
RedHatAI/granite-3.1-2b-base-FP8-dynamic,granite,granite-3.1-2b-base,fp8_dynamic,humaneval,30.0,30.4,0.4,0.00340425531914893,-1.4339344543582704,1.4407429649965682,False,True,granite-3.1-2b-base|s2
RedHatAI/granite-3.1-2b-base-quantized.w4a16,granite,granite-3.1-2b-base,w4a16,arc_challenge,53.75,51.96,-1.79,-0.7273387096774193,-2.1646774193548386,0.71,False,True,granite-3.1-2b-base|s2
RedHatAI/granite-3.1-2b-base-quantized.w4a16,granite,granite-3.1-2b-base,w4a16,gsm8k,47.84,42.53,-5.31,-0.7273387096774193,-2.1646774193548386,0.71,False,False,granite-3.1-2b-base|s2
RedHatAI/granite-3.1-2b-base-quantized.w4a16,granite,granite-3.1-2b-base,w4a16,hellaswag,77.94,75.38,-2.56,-0.7273387096774193,-2.1646774193548386,0.71,False,False,granite-3.1-2b-base|s2
RedHatAI/granite-3.1-2b-base-quantized.w4a16,granite,granite-3.1-2b-base,w4a16,mmlu,52.88,51.09,-1.79,-0.7273387096774193,-2.1646774193548386,0.71,False,True,granite-3.1-2b-base|s2
RedHatAI/granite-3.1-2b-base-quantized.w4a16,granite,granite-3.1-2b-base,w4a16,truthfulqa,39.04,41.35,2.31,-0.7273387096774193,-2.1646774193548386,0.71,False,False,granite-3.1-2b-base|s2
RedHatAI/granite-3.1-2b-base-quantized.w4a16,granite,granite-3.1-2b-base,w4a16,winogrande,74.43,74.27,-0.16,-0.7273387096774193,-2.1646774193548386,0.71,False,True,granite-3.1-2b-base|s2
RedHatAI/granite-3.1-2b-base-quantized.w4a16,granite,granite-3.1-2b-base,w4a16,humaneval,30.0,29.8,-0.2,-0.7273387096774193,-2.1646774193548386,0.71,False,True,granite-3.1-2b-base|s2
RedHatAI/granite-3.1-2b-base-quantized.w8a8,granite,granite-3.1-2b-base,w8a8_int,arc_challenge,53.75,54.01,0.26,-0.35208955223880595,-1.7894282619162252,1.0852491574386134,False,True,granite-3.1-2b-base|s2
RedHatAI/granite-3.1-2b-base-quantized.w8a8,granite,granite-3.1-2b-base,w8a8_int,gsm8k,47.84,46.55,-1.29,-0.35208955223880595,-1.7894282619162252,1.0852491574386134,False,True,granite-3.1-2b-base|s2
RedHatAI/granite-3.1-2b-base-quantized.w8a8,granite,granite-3.1-2b-base,w8a8_int,hellaswag,77.94,77.94,0.0,-0.35208955223880595,-1.7894282619162252,1.0852491574386134,False,True,granite-3.1-2b-base|s2
RedHatAI/granite-3.1-2b-base-quantized.w8a8,granite,granite-3.1-2b-base,w8a8_int,mmlu,52.88,52.34,-0.54,-0.35208955223880595,-1.7894282619162252,1.0852491574386134,False,True,granite-3.1-2b-base|s2
RedHatAI/granite-3.1-2b-base-quantized.w8a8,granite,granite-3.1-2b-base,w8a8_int,truthfulqa,39.04,38.12,-0.92,-0.35208955223880595,-1.7894282619162252,1.0852491574386134,False,True,granite-3.1-2b-base|s2
RedHatAI/granite-3.1-2b-base-quantized.w8a8,granite,granite-3.1-2b-base,w8a8_int,winogrande,74.43,74.35,-0.08,-0.35208955223880595,-1.7894282619162252,1.0852491574386134,False,True,granite-3.1-2b-base|s2
RedHatAI/granite-3.1-2b-base-quantized.w8a8,granite,granite-3.1-2b-base,w8a8_int,humaneval,30.0,29.6,-0.4,-0.35208955223880595,-1.7894282619162252,1.0852491574386134,False,True,granite-3.1-2b-base|s2
RedHatAI/granite-3.1-2b-base-FP8-dynamic,granite,granite-3.1-2b-base,fp8_dynamic,arc_challenge,53.75,53.5,-0.25,-0.022962962962962966,-2.0485629629629627,2.002637037037037,False,True,granite-3.1-2b-base|s3
RedHatAI/granite-3.1-2b-base-FP8-dynamic,granite,granite-3.1-2b-base,fp8_dynamic,gsm8k,47.84,46.1,-1.74,-0.022962962962962966,-2.0485629629629627,2.002637037037037,False,True,granite-3.1-2b-base|s3
RedHatAI/granite-3.1-2b-base-FP8-dynamic,granite,granite-3.1-2b-base,fp8_dynamic,hellaswag,77.94,77.76,-0.18,-0.022962962962962966,-2.0485629629629627,2.002637037037037,False,True,granite-3.1-2b-base|s3
RedHatAI/granite-3.1-2b-base-FP8-dynamic,granite,granite-3.1-2b-base,fp8_dynamic,mmlu,52.88,52.61,-0.27,-0.022962962962962966,-2.0485629629629627,2.002637037037037,False,True,granite-3.1-2b-base|s3
RedHatAI/granite-3.1-2b-base-FP8-dynamic,granite,granite-3.1-2b-base,fp8_dynamic,truthfulqa,39.04,39.84,0.8,-0.022962962962962966,-2.0485629629629627,2.002637037037037,False,True,granite-3.1-2b-base|s3
RedHatAI/granite-3.1-2b-base-FP8-dynamic,granite,granite-3.1-2b-base,fp8_dynamic,winogrande,74.43,74.43,0.0,-0.022962962962962966,-2.0485629629629627,2.002637037037037,False,True,granite-3.1-2b-base|s3
RedHatAI/granite-3.1-2b-base-FP8-dynamic,granite,granite-3.1-2b-base,fp8_dynamic,humaneval,30.0,30.4,0.4,-0.022962962962962966,-2.0485629629629627,2.002637037037037,False,True,granite-3.1-2b-base|s3
RedHatAI/granite-3.1-2b-base-quantized.w4a16,granite,granite-3.1-2b-base,w4a16,arc_challenge,53.75,51.96,-1.79,-0.8456,-2.8712,1.1799999999999997,False,True,granite-3.1-2b-base|s3
RedHatAI/granite-3.1-2b-base-quantized.w4a16,granite,granite-3.1-2b-base,w4a16,gsm8k,47.84,42.53,-5.31,-0.8456,-2.8712,1.1799999999999997,False,False,granite-3.1-2b-base|s3
RedHatAI/granite-3.1-2b-base-quantized.w4a16,granite,granite-3.1-2b-base,w4a16,hellaswag,77.94,75.38,-2.56,-0.8456,-2.8712,1.1799999999999997,False,True,granite-3.1-2b-base|s3
RedHatAI/granite-3.1-2b-base-quantized.w4a16,granite,granite-3.1-2b-base,w4a16,mmlu,52.88,51.09,-1.79,-0.8456,-2.8712,1.1799999999999997,False,True,granite-3.1-2b-base|s3
RedHatAI/granite-3.1-2b-base-quantized.w4a16,granite,granite-3.1-2b-base,w4a16,truthfulqa,39.04,41.35,2.31,-0.8456,-2.8712,1.1799999999999997,False,False,granite-3.1-2b-base|s3
RedHatAI/granite-3.1-2b-base-quantized.w4a16,granite,granite-3.1-2b-base,w4a16,winogrande,74.43,74.27,-0.16,-0.8456,-2.8712,1.1799999999999997,False,True,granite-3.1-2b-base|s3
RedHatAI/granite-3.1-2b-base-quantized.w4a16,granite,granite-3.1-2b-base,w4a16,humaneval,30.0,29.8,-0.2,-0.8456,-2.8712,1.1799999999999997,False,True,granite-3.1-2b-base|s3
RedHatAI/granite-3.1-2b-base-quantized.w8a8,granite,granite-3.1-2b-base,w8a8_int,arc_challenge,53.75,54.01,0.26,-0.28294520547945207,-2.3085452054794517,1.7426547945205477,False,True,granite-3.1-2b-base|s3
RedHatAI/granite-3.1-2b-base-quantized.w8a8,granite,granite-3.1-2b-base,w8a8_int,gsm8k,47.84,46.55,-1.29,-0.28294520547945207,-2.3085452054794517,1.7426547945205477,False,True,granite-3.1-2b-base|s3
RedHatAI/granite-3.1-2b-base-quantized.w8a8,granite,granite-3.1-2b-base,w8a8_int,hellaswag,77.94,77.94,0.0,-0.28294520547945207,-2.3085452054794517,1.7426547945205477,False,True,granite-3.1-2b-base|s3
RedHatAI/granite-3.1-2b-base-quantized.w8a8,granite,granite-3.1-2b-base,w8a8_int,mmlu,52.88,52.34,-0.54,-0.28294520547945207,-2.3085452054794517,1.7426547945205477,False,True,granite-3.1-2b-base|s3
RedHatAI/granite-3.1-2b-base-quantized.w8a8,granite,granite-3.1-2b-base,w8a8_int,truthfulqa,39.04,38.12,-0.92,-0.28294520547945207,-2.3085452054794517,1.7426547945205477,False,True,granite-3.1-2b-base|s3
RedHatAI/granite-3.1-2b-base-quantized.w8a8,granite,granite-3.1-2b-base,w8a8_int,winogrande,74.43,74.35,-0.08,-0.28294520547945207,-2.3085452054794517,1.7426547945205477,False,True,granite-3.1-2b-base|s3
RedHatAI/granite-3.1-2b-base-quantized.w8a8,granite,granite-3.1-2b-base,w8a8_int,humaneval,30.0,29.6,-0.4,-0.28294520547945207,-2.3085452054794517,1.7426547945205477,False,True,granite-3.1-2b-base|s3
RedHatAI/granite-3.1-2b-base-FP8-dynamic,granite,granite-3.1-2b-base,fp8_dynamic,arc_challenge,53.75,53.5,-0.25,-0.09426356589147288,-1.9153349944629012,1.7268078626799557,False,True,granite-3.1-2b-base|s4
RedHatAI/granite-3.1-2b-base-FP8-dynamic,granite,granite-3.1-2b-base,fp8_dynamic,gsm8k,47.84,46.1,-1.74,-0.09426356589147288,-1.9153349944629012,1.7268078626799557,False,True,granite-3.1-2b-base|s4
RedHatAI/granite-3.1-2b-base-FP8-dynamic,granite,granite-3.1-2b-base,fp8_dynamic,hellaswag,77.94,77.76,-0.18,-0.09426356589147288,-1.9153349944629012,1.7268078626799557,False,True,granite-3.1-2b-base|s4
RedHatAI/granite-3.1-2b-base-FP8-dynamic,granite,granite-3.1-2b-base,fp8_dynamic,mmlu,52.88,52.61,-0.27,-0.09426356589147288,-1.9153349944629012,1.7268078626799557,False,True,granite-3.1-2b-base|s4
RedHatAI/granite-3.1-2b-base-FP8-dynamic,granite,granite-3.1-2b-base,fp8_dynamic,truthfulqa,39.04,39.84,0.8,-0.09426356589147288,-1.9153349944629012,1.7268078626799557,False,True,granite-3.1-2b-base|s4
RedHatAI/granite-3.1-2b-base-FP8-dynamic,granite,granite-3.1-2b-base,fp8_dynamic,winogrande,74.43,74.43,0.0,-0.09426356589147288,-1.9153349944629012,1.7268078626799557,False,True,granite-3.1-2b-base|s4
RedHatAI/granite-3.1-2b-base-FP8-dynamic,granite,granite-3.1-2b-base,fp8_dynamic,humaneval,30.0,30.4,0.4,-0.09426356589147288,-1.9153349944629012,1.7268078626799557,False,True,granite-3.1-2b-base|s4
RedHatAI/granite-3.1-2b-base-quantized.w4a16,granite,granite-3.1-2b-base,w4a16,arc_challenge,53.75,51.96,-1.79,-0.6710869565217391,-2.4921583850931674,1.1499844720496895,False,True,granite-3.1-2b-base|s4
RedHatAI/granite-3.1-2b-base-quantized.w4a16,granite,granite-3.1-2b-base,w4a16,gsm8k,47.84,42.53,-5.31,-0.6710869565217391,-2.4921583850931674,1.1499844720496895,False,False,granite-3.1-2b-base|s4
RedHatAI/granite-3.1-2b-base-quantized.w4a16,granite,granite-3.1-2b-base,w4a16,hellaswag,77.94,75.38,-2.56,-0.6710869565217391,-2.4921583850931674,1.1499844720496895,False,False,granite-3.1-2b-base|s4
RedHatAI/granite-3.1-2b-base-quantized.w4a16,granite,granite-3.1-2b-base,w4a16,mmlu,52.88,51.09,-1.79,-0.6710869565217391,-2.4921583850931674,1.1499844720496895,False,True,granite-3.1-2b-base|s4
RedHatAI/granite-3.1-2b-base-quantized.w4a16,granite,granite-3.1-2b-base,w4a16,truthfulqa,39.04,41.35,2.31,-0.6710869565217391,-2.4921583850931674,1.1499844720496895,False,False,granite-3.1-2b-base|s4
RedHatAI/granite-3.1-2b-base-quantized.w4a16,granite,granite-3.1-2b-base,w4a16,winogrande,74.43,74.27,-0.16,-0.6710869565217391,-2.4921583850931674,1.1499844720496895,False,True,granite-3.1-2b-base|s4
RedHatAI/granite-3.1-2b-base-quantized.w4a16,granite,granite-3.1-2b-base,w4a16,humaneval,30.0,29.8,-0.2,-0.6710869565217391,-2.4921583850931674,1.1499844720496895,False,True,granite-3.1-2b-base|s4
RedHatAI/granite-3.1-2b-base-quantized.w8a8,granite,granite-3.1-2b-base,w8a8_int,arc_challenge,53.75,54.01,0.26,-0.37431654676258996,-2.195387975334018,1.4467548818088385,False,True,granite-3.1-2b-base|s4
RedHatAI/granite-3.1-2b-base-quantized.w8a8,granite,granite-3.1-2b-base,w8a8_int,gsm8k,47.84,46.55,-1.29,-0.37431654676258996,-2.195387975334018,1.4467548818088385,False,True,granite-3.1-2b-base|s4
RedHatAI/granite-3.1-2b-base-quantized.w8a8,granite,granite-3.1-2b-base,w8a8_int,hellaswag,77.94,77.94,0.0,-0.37431654676258996,-2.195387975334018,1.4467548818088385,False,True,granite-3.1-2b-base|s4
RedHatAI/granite-3.1-2b-base-quantized.w8a8,granite,granite-3.1-2b-base,w8a8_int,mmlu,52.88,52.34,-0.54,-0.37431654676258996,-2.195387975334018,1.4467548818088385,False,True,granite-3.1-2b-base|s4
RedHatAI/granite-3.1-2b-base-quantized.w8a8,granite,granite-3.1-2b-base,w8a8_int,truthfulqa,39.04,38.12,-0.92,-0.37431654676258996,-2.195387975334018,1.4467548818088385,False,True,granite-3.1-2b-base|s4
RedHatAI/granite-3.1-2b-base-quantized.w8a8,granite,granite-3.1-2b-base,w8a8_int,winogrande,74.43,74.35,-0.08,-0.37431654676258996,-2.195387975334018,1.4467548818088385,False,True,granite-3.1-2b-base|s4
RedHatAI/granite-3.1-2b-base-quantized.w8a8,granite,granite-3.1-2b-base,w8a8_int,humaneval,30.0,29.6,-0.4,-0.37431654676258996,-2.195387975334018,1.4467548818088385,False,True,granite-3.1-2b-base|s4
RedHatAI/granite-3.1-2b-instruct-FP8-dynamic,granite,granite-3.1-2b-instruct,fp8_dynamic,arc_challenge,55.63,55.03,-0.6,-0.018775510204081636,-1.9153608760577403,1.877809855649577,False,True,granite-3.1-2b-instruct|s0
RedHatAI/granite-3.1-2b-instruct-FP8-dynamic,granite,granite-3.1-2b-instruct,fp8_dynamic,gsm8k,60.96,61.49,0.53,-0.018775510204081636,-1.9153608760577403,1.877809855649577,False,True,granite-3.1-2b-instruct|s0
RedHatAI/granite-3.1-2b-instruct-FP8-dynamic,granite,granite-3.1-2b-instruct,fp8_dynamic,hellaswag,75.21,75.26,0.05,-0.018775510204081636,-1.9153608760577403,1.877809855649577,False,True,granite-3.1-2b-instruct|s0
RedHatAI/granite-3.1-2b-instruct-FP8-dynamic,granite,granite-3.1-2b-instruct,fp8_dynamic,mmlu,54.38,54.24,-0.14,-0.018775510204081636,-1.9153608760577403,1.877809855649577,False,True,granite-3.1-2b-instruct|s0
RedHatAI/granite-3.1-2b-instruct-FP8-dynamic,granite,granite-3.1-2b-instruct,fp8_dynamic,truthfulqa,55.93,55.42,-0.51,-0.018775510204081636,-1.9153608760577403,1.877809855649577,False,True,granite-3.1-2b-instruct|s0
RedHatAI/granite-3.1-2b-instruct-FP8-dynamic,granite,granite-3.1-2b-instruct,fp8_dynamic,winogrande,69.67,69.61,-0.06,-0.018775510204081636,-1.9153608760577403,1.877809855649577,False,True,granite-3.1-2b-instruct|s0
RedHatAI/granite-3.1-2b-instruct-FP8-dynamic,granite,granite-3.1-2b-instruct,fp8_dynamic,ifeval,67.99,66.79,-1.2,-0.018775510204081636,-1.9153608760577403,1.877809855649577,False,True,granite-3.1-2b-instruct|s0
RedHatAI/granite-3.1-2b-instruct-FP8-dynamic,granite,granite-3.1-2b-instruct,fp8_dynamic,bbh,44.11,44.24,0.13,-0.018775510204081636,-1.9153608760577403,1.877809855649577,False,True,granite-3.1-2b-instruct|s0
RedHatAI/granite-3.1-2b-instruct-FP8-dynamic,granite,granite-3.1-2b-instruct,fp8_dynamic,gpqa_main_norm,28.3,26.9,-1.4,-0.018775510204081636,-1.9153608760577403,1.877809855649577,False,True,granite-3.1-2b-instruct|s0
RedHatAI/granite-3.1-2b-instruct-FP8-dynamic,granite,granite-3.1-2b-instruct,fp8_dynamic,musr,35.12,35.12,0.0,-0.018775510204081636,-1.9153608760577403,1.877809855649577,False,True,granite-3.1-2b-instruct|s0
RedHatAI/granite-3.1-2b-instruct-FP8-dynamic,granite,granite-3.1-2b-instruct,fp8_dynamic,mmlu_pro,26.87,28.33,1.46,-0.018775510204081636,-1.9153608760577403,1.877809855649577,False,True,granite-3.1-2b-instruct|s0
RedHatAI/granite-3.1-2b-instruct-FP8-dynamic,granite,granite-3.1-2b-instruct,fp8_dynamic,humaneval,53.4,54.9,1.5,-0.018775510204081636,-1.9153608760577403,1.877809855649577,False,True,granite-3.1-2b-instruct|s0
RedHatAI/granite-3.1-2b-instruct-quantized.w4a16,granite,granite-3.1-2b-instruct,w4a16,arc_challenge,55.63,54.18,-1.45,-0.7345833333333334,-2.631168699186992,1.1620020325203253,False,True,granite-3.1-2b-instruct|s0
RedHatAI/granite-3.1-2b-instruct-quantized.w4a16,granite,granite-3.1-2b-instruct,w4a16,gsm8k,60.96,62.85,1.89,-0.7345833333333334,-2.631168699186992,1.1620020325203253,False,False,granite-3.1-2b-instruct|s0
RedHatAI/granite-3.1-2b-instruct-quantized.w4a16,granite,granite-3.1-2b-instruct,w4a16,hellaswag,75.21,73.36,-1.85,-0.7345833333333334,-2.631168699186992,1.1620020325203253,False,True,granite-3.1-2b-instruct|s0
RedHatAI/granite-3.1-2b-instruct-quantized.w4a16,granite,granite-3.1-2b-instruct,w4a16,mmlu,54.38,52.17,-2.21,-0.7345833333333334,-2.631168699186992,1.1620020325203253,False,True,granite-3.1-2b-instruct|s0
RedHatAI/granite-3.1-2b-instruct-quantized.w4a16,granite,granite-3.1-2b-instruct,w4a16,truthfulqa,55.93,56.83,0.9,-0.7345833333333334,-2.631168699186992,1.1620020325203253,False,True,granite-3.1-2b-instruct|s0
RedHatAI/granite-3.1-2b-instruct-quantized.w4a16,granite,granite-3.1-2b-instruct,w4a16,winogrande,69.67,69.85,0.18,-0.7345833333333334,-2.631168699186992,1.1620020325203253,False,True,granite-3.1-2b-instruct|s0
RedHatAI/granite-3.1-2b-instruct-quantized.w4a16,granite,granite-3.1-2b-instruct,w4a16,ifeval,67.99,67.63,-0.36,-0.7345833333333334,-2.631168699186992,1.1620020325203253,False,True,granite-3.1-2b-instruct|s0
RedHatAI/granite-3.1-2b-instruct-quantized.w4a16,granite,granite-3.1-2b-instruct,w4a16,bbh,44.11,43.22,-0.89,-0.7345833333333334,-2.631168699186992,1.1620020325203253,False,True,granite-3.1-2b-instruct|s0
RedHatAI/granite-3.1-2b-instruct-quantized.w4a16,granite,granite-3.1-2b-instruct,w4a16,gpqa_main_norm,28.3,28.56,0.26,-0.7345833333333334,-2.631168699186992,1.1620020325203253,False,True,granite-3.1-2b-instruct|s0
RedHatAI/granite-3.1-2b-instruct-quantized.w4a16,granite,granite-3.1-2b-instruct,w4a16,musr,35.12,35.26,0.14,-0.7345833333333334,-2.631168699186992,1.1620020325203253,False,True,granite-3.1-2b-instruct|s0
RedHatAI/granite-3.1-2b-instruct-quantized.w4a16,granite,granite-3.1-2b-instruct,w4a16,mmlu_pro,26.87,27.27,0.4,-0.7345833333333334,-2.631168699186992,1.1620020325203253,False,True,granite-3.1-2b-instruct|s0
RedHatAI/granite-3.1-2b-instruct-quantized.w4a16,granite,granite-3.1-2b-instruct,w4a16,humaneval,53.4,52.3,-1.1,-0.7345833333333334,-2.631168699186992,1.1620020325203253,False,True,granite-3.1-2b-instruct|s0
RedHatAI/granite-3.1-2b-instruct-quantized.w8a8,granite,granite-3.1-2b-instruct,w8a8_int,arc_challenge,55.63,55.12,-0.51,-0.3173103448275862,-2.213895710681245,1.5792750210260724,False,True,granite-3.1-2b-instruct|s0
RedHatAI/granite-3.1-2b-instruct-quantized.w8a8,granite,granite-3.1-2b-instruct,w8a8_int,gsm8k,60.96,60.58,-0.38,-0.3173103448275862,-2.213895710681245,1.5792750210260724,False,True,granite-3.1-2b-instruct|s0
RedHatAI/granite-3.1-2b-instruct-quantized.w8a8,granite,granite-3.1-2b-instruct,w8a8_int,hellaswag,75.21,74.6,-0.61,-0.3173103448275862,-2.213895710681245,1.5792750210260724,False,True,granite-3.1-2b-instruct|s0
RedHatAI/granite-3.1-2b-instruct-quantized.w8a8,granite,granite-3.1-2b-instruct,w8a8_int,mmlu,54.38,54.12,-0.26,-0.3173103448275862,-2.213895710681245,1.5792750210260724,False,True,granite-3.1-2b-instruct|s0
RedHatAI/granite-3.1-2b-instruct-quantized.w8a8,granite,granite-3.1-2b-instruct,w8a8_int,truthfulqa,55.93,54.87,-1.06,-0.3173103448275862,-2.213895710681245,1.5792750210260724,False,True,granite-3.1-2b-instruct|s0
RedHatAI/granite-3.1-2b-instruct-quantized.w8a8,granite,granite-3.1-2b-instruct,w8a8_int,winogrande,69.67,70.8,1.13,-0.3173103448275862,-2.213895710681245,1.5792750210260724,False,True,granite-3.1-2b-instruct|s0
RedHatAI/granite-3.1-2b-instruct-quantized.w8a8,granite,granite-3.1-2b-instruct,w8a8_int,ifeval,67.99,67.03,-0.96,-0.3173103448275862,-2.213895710681245,1.5792750210260724,False,True,granite-3.1-2b-instruct|s0
RedHatAI/granite-3.1-2b-instruct-quantized.w8a8,granite,granite-3.1-2b-instruct,w8a8_int,bbh,44.11,43.53,-0.58,-0.3173103448275862,-2.213895710681245,1.5792750210260724,False,True,granite-3.1-2b-instruct|s0
RedHatAI/granite-3.1-2b-instruct-quantized.w8a8,granite,granite-3.1-2b-instruct,w8a8_int,gpqa_main_norm,28.3,27.6,-0.7,-0.3173103448275862,-2.213895710681245,1.5792750210260724,False,True,granite-3.1-2b-instruct|s0
RedHatAI/granite-3.1-2b-instruct-quantized.w8a8,granite,granite-3.1-2b-instruct,w8a8_int,musr,35.12,34.58,-0.54,-0.3173103448275862,-2.213895710681245,1.5792750210260724,False,True,granite-3.1-2b-instruct|s0
RedHatAI/granite-3.1-2b-instruct-quantized.w8a8,granite,granite-3.1-2b-instruct,w8a8_int,mmlu_pro,26.87,26.89,0.02,-0.3173103448275862,-2.213895710681245,1.5792750210260724,False,True,granite-3.1-2b-instruct|s0
RedHatAI/granite-3.1-2b-instruct-quantized.w8a8,granite,granite-3.1-2b-instruct,w8a8_int,humaneval,53.4,54.9,1.5,-0.3173103448275862,-2.213895710681245,1.5792750210260724,False,True,granite-3.1-2b-instruct|s0
RedHatAI/granite-3.1-2b-instruct-FP8-dynamic,granite,granite-3.1-2b-instruct,fp8_dynamic,arc_challenge,55.63,55.03,-0.6,-0.03372670807453418,-1.22,1.1525465838509314,False,True,granite-3.1-2b-instruct|s1
RedHatAI/granite-3.1-2b-instruct-FP8-dynamic,granite,granite-3.1-2b-instruct,fp8_dynamic,gsm8k,60.96,61.49,0.53,-0.03372670807453418,-1.22,1.1525465838509314,False,True,granite-3.1-2b-instruct|s1
RedHatAI/granite-3.1-2b-instruct-FP8-dynamic,granite,granite-3.1-2b-instruct,fp8_dynamic,hellaswag,75.21,75.26,0.05,-0.03372670807453418,-1.22,1.1525465838509314,False,True,granite-3.1-2b-instruct|s1
RedHatAI/granite-3.1-2b-instruct-FP8-dynamic,granite,granite-3.1-2b-instruct,fp8_dynamic,mmlu,54.38,54.24,-0.14,-0.03372670807453418,-1.22,1.1525465838509314,False,True,granite-3.1-2b-instruct|s1
RedHatAI/granite-3.1-2b-instruct-FP8-dynamic,granite,granite-3.1-2b-instruct,fp8_dynamic,truthfulqa,55.93,55.42,-0.51,-0.03372670807453418,-1.22,1.1525465838509314,False,True,granite-3.1-2b-instruct|s1
RedHatAI/granite-3.1-2b-instruct-FP8-dynamic,granite,granite-3.1-2b-instruct,fp8_dynamic,winogrande,69.67,69.61,-0.06,-0.03372670807453418,-1.22,1.1525465838509314,False,True,granite-3.1-2b-instruct|s1
RedHatAI/granite-3.1-2b-instruct-FP8-dynamic,granite,granite-3.1-2b-instruct,fp8_dynamic,ifeval,67.99,66.79,-1.2,-0.03372670807453418,-1.22,1.1525465838509314,False,True,granite-3.1-2b-instruct|s1
RedHatAI/granite-3.1-2b-instruct-FP8-dynamic,granite,granite-3.1-2b-instruct,fp8_dynamic,bbh,44.11,44.24,0.13,-0.03372670807453418,-1.22,1.1525465838509314,False,True,granite-3.1-2b-instruct|s1
RedHatAI/granite-3.1-2b-instruct-FP8-dynamic,granite,granite-3.1-2b-instruct,fp8_dynamic,gpqa_main_norm,28.3,26.9,-1.4,-0.03372670807453418,-1.22,1.1525465838509314,False,False,granite-3.1-2b-instruct|s1
RedHatAI/granite-3.1-2b-instruct-FP8-dynamic,granite,granite-3.1-2b-instruct,fp8_dynamic,musr,35.12,35.12,0.0,-0.03372670807453418,-1.22,1.1525465838509314,False,True,granite-3.1-2b-instruct|s1
RedHatAI/granite-3.1-2b-instruct-FP8-dynamic,granite,granite-3.1-2b-instruct,fp8_dynamic,mmlu_pro,26.87,28.33,1.46,-0.03372670807453418,-1.22,1.1525465838509314,False,False,granite-3.1-2b-instruct|s1
RedHatAI/granite-3.1-2b-instruct-FP8-dynamic,granite,granite-3.1-2b-instruct,fp8_dynamic,humaneval,53.4,54.9,1.5,-0.03372670807453418,-1.22,1.1525465838509314,False,False,granite-3.1-2b-instruct|s1
RedHatAI/granite-3.1-2b-instruct-quantized.w4a16,granite,granite-3.1-2b-instruct,w4a16,arc_challenge,55.63,54.18,-1.45,-0.8339735099337748,-2.0202468018592405,0.3522997819916909,False,True,granite-3.1-2b-instruct|s1
RedHatAI/granite-3.1-2b-instruct-quantized.w4a16,granite,granite-3.1-2b-instruct,w4a16,gsm8k,60.96,62.85,1.89,-0.8339735099337748,-2.0202468018592405,0.3522997819916909,False,False,granite-3.1-2b-instruct|s1
RedHatAI/granite-3.1-2b-instruct-quantized.w4a16,granite,granite-3.1-2b-instruct,w4a16,hellaswag,75.21,73.36,-1.85,-0.8339735099337748,-2.0202468018592405,0.3522997819916909,False,True,granite-3.1-2b-instruct|s1
RedHatAI/granite-3.1-2b-instruct-quantized.w4a16,granite,granite-3.1-2b-instruct,w4a16,mmlu,54.38,52.17,-2.21,-0.8339735099337748,-2.0202468018592405,0.3522997819916909,False,False,granite-3.1-2b-instruct|s1
RedHatAI/granite-3.1-2b-instruct-quantized.w4a16,granite,granite-3.1-2b-instruct,w4a16,truthfulqa,55.93,56.83,0.9,-0.8339735099337748,-2.0202468018592405,0.3522997819916909,False,False,granite-3.1-2b-instruct|s1
RedHatAI/granite-3.1-2b-instruct-quantized.w4a16,granite,granite-3.1-2b-instruct,w4a16,winogrande,69.67,69.85,0.18,-0.8339735099337748,-2.0202468018592405,0.3522997819916909,False,True,granite-3.1-2b-instruct|s1
RedHatAI/granite-3.1-2b-instruct-quantized.w4a16,granite,granite-3.1-2b-instruct,w4a16,ifeval,67.99,67.63,-0.36,-0.8339735099337748,-2.0202468018592405,0.3522997819916909,False,True,granite-3.1-2b-instruct|s1
RedHatAI/granite-3.1-2b-instruct-quantized.w4a16,granite,granite-3.1-2b-instruct,w4a16,bbh,44.11,43.22,-0.89,-0.8339735099337748,-2.0202468018592405,0.3522997819916909,False,True,granite-3.1-2b-instruct|s1
RedHatAI/granite-3.1-2b-instruct-quantized.w4a16,granite,granite-3.1-2b-instruct,w4a16,gpqa_main_norm,28.3,28.56,0.26,-0.8339735099337748,-2.0202468018592405,0.3522997819916909,False,True,granite-3.1-2b-instruct|s1
RedHatAI/granite-3.1-2b-instruct-quantized.w4a16,granite,granite-3.1-2b-instruct,w4a16,musr,35.12,35.26,0.14,-0.8339735099337748,-2.0202468018592405,0.3522997819916909,False,True,granite-3.1-2b-instruct|s1
RedHatAI/granite-3.1-2b-instruct-quantized.w4a16,granite,granite-3.1-2b-instruct,w4a16,mmlu_pro,26.87,27.27,0.4,-0.8339735099337748,-2.0202468018592405,0.3522997819916909,False,False,granite-3.1-2b-instruct|s1
RedHatAI/granite-3.1-2b-instruct-quantized.w4a16,granite,granite-3.1-2b-instruct,w4a16,humaneval,53.4,52.3,-1.1,-0.8339735099337748,-2.0202468018592405,0.3522997819916909,False,True,granite-3.1-2b-instruct|s1
RedHatAI/granite-3.1-2b-instruct-quantized.w8a8,granite,granite-3.1-2b-instruct,w8a8_int,arc_challenge,55.63,55.12,-0.51,-0.33992537313432836,-1.526198665059794,0.8463479187911374,False,True,granite-3.1-2b-instruct|s1
RedHatAI/granite-3.1-2b-instruct-quantized.w8a8,granite,granite-3.1-2b-instruct,w8a8_int,gsm8k,60.96,60.58,-0.38,-0.33992537313432836,-1.526198665059794,0.8463479187911374,False,True,granite-3.1-2b-instruct|s1
RedHatAI/granite-3.1-2b-instruct-quantized.w8a8,granite,granite-3.1-2b-instruct,w8a8_int,hellaswag,75.21,74.6,-0.61,-0.33992537313432836,-1.526198665059794,0.8463479187911374,False,True,granite-3.1-2b-instruct|s1
RedHatAI/granite-3.1-2b-instruct-quantized.w8a8,granite,granite-3.1-2b-instruct,w8a8_int,mmlu,54.38,54.12,-0.26,-0.33992537313432836,-1.526198665059794,0.8463479187911374,False,True,granite-3.1-2b-instruct|s1
RedHatAI/granite-3.1-2b-instruct-quantized.w8a8,granite,granite-3.1-2b-instruct,w8a8_int,truthfulqa,55.93,54.87,-1.06,-0.33992537313432836,-1.526198665059794,0.8463479187911374,False,True,granite-3.1-2b-instruct|s1
RedHatAI/granite-3.1-2b-instruct-quantized.w8a8,granite,granite-3.1-2b-instruct,w8a8_int,winogrande,69.67,70.8,1.13,-0.33992537313432836,-1.526198665059794,0.8463479187911374,False,False,granite-3.1-2b-instruct|s1
RedHatAI/granite-3.1-2b-instruct-quantized.w8a8,granite,granite-3.1-2b-instruct,w8a8_int,ifeval,67.99,67.03,-0.96,-0.33992537313432836,-1.526198665059794,0.8463479187911374,False,True,granite-3.1-2b-instruct|s1
RedHatAI/granite-3.1-2b-instruct-quantized.w8a8,granite,granite-3.1-2b-instruct,w8a8_int,bbh,44.11,43.53,-0.58,-0.33992537313432836,-1.526198665059794,0.8463479187911374,False,True,granite-3.1-2b-instruct|s1
RedHatAI/granite-3.1-2b-instruct-quantized.w8a8,granite,granite-3.1-2b-instruct,w8a8_int,gpqa_main_norm,28.3,27.6,-0.7,-0.33992537313432836,-1.526198665059794,0.8463479187911374,False,True,granite-3.1-2b-instruct|s1
RedHatAI/granite-3.1-2b-instruct-quantized.w8a8,granite,granite-3.1-2b-instruct,w8a8_int,musr,35.12,34.58,-0.54,-0.33992537313432836,-1.526198665059794,0.8463479187911374,False,True,granite-3.1-2b-instruct|s1
RedHatAI/granite-3.1-2b-instruct-quantized.w8a8,granite,granite-3.1-2b-instruct,w8a8_int,mmlu_pro,26.87,26.89,0.02,-0.33992537313432836,-1.526198665059794,0.8463479187911374,False,True,granite-3.1-2b-instruct|s1
RedHatAI/granite-3.1-2b-instruct-quantized.w8a8,granite,granite-3.1-2b-instruct,w8a8_int,humaneval,53.4,54.9,1.5,-0.33992537313432836,-1.526198665059794,0.8463479187911374,False,False,granite-3.1-2b-instruct|s1
RedHatAI/granite-3.1-2b-instruct-FP8-dynamic,granite,granite-3.1-2b-instruct,fp8_dynamic,arc_challenge,55.63,55.03,-0.6,0.030952380952380943,-1.5234476190476192,1.5853523809523808,False,True,granite-3.1-2b-instruct|s2
RedHatAI/granite-3.1-2b-instruct-FP8-dynamic,granite,granite-3.1-2b-instruct,fp8_dynamic,gsm8k,60.96,61.49,0.53,0.030952380952380943,-1.5234476190476192,1.5853523809523808,False,True,granite-3.1-2b-instruct|s2
RedHatAI/granite-3.1-2b-instruct-FP8-dynamic,granite,granite-3.1-2b-instruct,fp8_dynamic,hellaswag,75.21,75.26,0.05,0.030952380952380943,-1.5234476190476192,1.5853523809523808,False,True,granite-3.1-2b-instruct|s2
RedHatAI/granite-3.1-2b-instruct-FP8-dynamic,granite,granite-3.1-2b-instruct,fp8_dynamic,mmlu,54.38,54.24,-0.14,0.030952380952380943,-1.5234476190476192,1.5853523809523808,False,True,granite-3.1-2b-instruct|s2
RedHatAI/granite-3.1-2b-instruct-FP8-dynamic,granite,granite-3.1-2b-instruct,fp8_dynamic,truthfulqa,55.93,55.42,-0.51,0.030952380952380943,-1.5234476190476192,1.5853523809523808,False,True,granite-3.1-2b-instruct|s2
RedHatAI/granite-3.1-2b-instruct-FP8-dynamic,granite,granite-3.1-2b-instruct,fp8_dynamic,winogrande,69.67,69.61,-0.06,0.030952380952380943,-1.5234476190476192,1.5853523809523808,False,True,granite-3.1-2b-instruct|s2
RedHatAI/granite-3.1-2b-instruct-FP8-dynamic,granite,granite-3.1-2b-instruct,fp8_dynamic,ifeval,67.99,66.79,-1.2,0.030952380952380943,-1.5234476190476192,1.5853523809523808,False,True,granite-3.1-2b-instruct|s2
RedHatAI/granite-3.1-2b-instruct-FP8-dynamic,granite,granite-3.1-2b-instruct,fp8_dynamic,bbh,44.11,44.24,0.13,0.030952380952380943,-1.5234476190476192,1.5853523809523808,False,True,granite-3.1-2b-instruct|s2
RedHatAI/granite-3.1-2b-instruct-FP8-dynamic,granite,granite-3.1-2b-instruct,fp8_dynamic,gpqa_main_norm,28.3,26.9,-1.4,0.030952380952380943,-1.5234476190476192,1.5853523809523808,False,True,granite-3.1-2b-instruct|s2
RedHatAI/granite-3.1-2b-instruct-FP8-dynamic,granite,granite-3.1-2b-instruct,fp8_dynamic,musr,35.12,35.12,0.0,0.030952380952380943,-1.5234476190476192,1.5853523809523808,False,True,granite-3.1-2b-instruct|s2
RedHatAI/granite-3.1-2b-instruct-FP8-dynamic,granite,granite-3.1-2b-instruct,fp8_dynamic,mmlu_pro,26.87,28.33,1.46,0.030952380952380943,-1.5234476190476192,1.5853523809523808,False,True,granite-3.1-2b-instruct|s2
RedHatAI/granite-3.1-2b-instruct-FP8-dynamic,granite,granite-3.1-2b-instruct,fp8_dynamic,humaneval,53.4,54.9,1.5,0.030952380952380943,-1.5234476190476192,1.5853523809523808,False,True,granite-3.1-2b-instruct|s2
RedHatAI/granite-3.1-2b-instruct-quantized.w4a16,granite,granite-3.1-2b-instruct,w4a16,arc_challenge,55.63,54.18,-1.45,-0.7556,-2.31,0.7988,False,True,granite-3.1-2b-instruct|s2
RedHatAI/granite-3.1-2b-instruct-quantized.w4a16,granite,granite-3.1-2b-instruct,w4a16,gsm8k,60.96,62.85,1.89,-0.7556,-2.31,0.7988,False,False,granite-3.1-2b-instruct|s2
RedHatAI/granite-3.1-2b-instruct-quantized.w4a16,granite,granite-3.1-2b-instruct,w4a16,hellaswag,75.21,73.36,-1.85,-0.7556,-2.31,0.7988,False,True,granite-3.1-2b-instruct|s2
RedHatAI/granite-3.1-2b-instruct-quantized.w4a16,granite,granite-3.1-2b-instruct,w4a16,mmlu,54.38,52.17,-2.21,-0.7556,-2.31,0.7988,False,True,granite-3.1-2b-instruct|s2
RedHatAI/granite-3.1-2b-instruct-quantized.w4a16,granite,granite-3.1-2b-instruct,w4a16,truthfulqa,55.93,56.83,0.9,-0.7556,-2.31,0.7988,False,False,granite-3.1-2b-instruct|s2
RedHatAI/granite-3.1-2b-instruct-quantized.w4a16,granite,granite-3.1-2b-instruct,w4a16,winogrande,69.67,69.85,0.18,-0.7556,-2.31,0.7988,False,True,granite-3.1-2b-instruct|s2
RedHatAI/granite-3.1-2b-instruct-quantized.w4a16,granite,granite-3.1-2b-instruct,w4a16,ifeval,67.99,67.63,-0.36,-0.7556,-2.31,0.7988,False,True,granite-3.1-2b-instruct|s2
RedHatAI/granite-3.1-2b-instruct-quantized.w4a16,granite,granite-3.1-2b-instruct,w4a16,bbh,44.11,43.22,-0.89,-0.7556,-2.31,0.7988,False,True,granite-3.1-2b-instruct|s2
RedHatAI/granite-3.1-2b-instruct-quantized.w4a16,granite,granite-3.1-2b-instruct,w4a16,gpqa_main_norm,28.3,28.56,0.26,-0.7556,-2.31,0.7988,False,True,granite-3.1-2b-instruct|s2
RedHatAI/granite-3.1-2b-instruct-quantized.w4a16,granite,granite-3.1-2b-instruct,w4a16,musr,35.12,35.26,0.14,-0.7556,-2.31,0.7988,False,True,granite-3.1-2b-instruct|s2
RedHatAI/granite-3.1-2b-instruct-quantized.w4a16,granite,granite-3.1-2b-instruct,w4a16,mmlu_pro,26.87,27.27,0.4,-0.7556,-2.31,0.7988,False,True,granite-3.1-2b-instruct|s2
RedHatAI/granite-3.1-2b-instruct-quantized.w4a16,granite,granite-3.1-2b-instruct,w4a16,humaneval,53.4,52.3,-1.1,-0.7556,-2.31,0.7988,False,True,granite-3.1-2b-instruct|s2
RedHatAI/granite-3.1-2b-instruct-quantized.w8a8,granite,granite-3.1-2b-instruct,w8a8_int,arc_challenge,55.63,55.12,-0.51,-0.29514851485148513,-1.8495485148514852,1.2592514851485148,False,True,granite-3.1-2b-instruct|s2
RedHatAI/granite-3.1-2b-instruct-quantized.w8a8,granite,granite-3.1-2b-instruct,w8a8_int,gsm8k,60.96,60.58,-0.38,-0.29514851485148513,-1.8495485148514852,1.2592514851485148,False,True,granite-3.1-2b-instruct|s2
RedHatAI/granite-3.1-2b-instruct-quantized.w8a8,granite,granite-3.1-2b-instruct,w8a8_int,hellaswag,75.21,74.6,-0.61,-0.29514851485148513,-1.8495485148514852,1.2592514851485148,False,True,granite-3.1-2b-instruct|s2
RedHatAI/granite-3.1-2b-instruct-quantized.w8a8,granite,granite-3.1-2b-instruct,w8a8_int,mmlu,54.38,54.12,-0.26,-0.29514851485148513,-1.8495485148514852,1.2592514851485148,False,True,granite-3.1-2b-instruct|s2
RedHatAI/granite-3.1-2b-instruct-quantized.w8a8,granite,granite-3.1-2b-instruct,w8a8_int,truthfulqa,55.93,54.87,-1.06,-0.29514851485148513,-1.8495485148514852,1.2592514851485148,False,True,granite-3.1-2b-instruct|s2
RedHatAI/granite-3.1-2b-instruct-quantized.w8a8,granite,granite-3.1-2b-instruct,w8a8_int,winogrande,69.67,70.8,1.13,-0.29514851485148513,-1.8495485148514852,1.2592514851485148,False,True,granite-3.1-2b-instruct|s2
RedHatAI/granite-3.1-2b-instruct-quantized.w8a8,granite,granite-3.1-2b-instruct,w8a8_int,ifeval,67.99,67.03,-0.96,-0.29514851485148513,-1.8495485148514852,1.2592514851485148,False,True,granite-3.1-2b-instruct|s2
RedHatAI/granite-3.1-2b-instruct-quantized.w8a8,granite,granite-3.1-2b-instruct,w8a8_int,bbh,44.11,43.53,-0.58,-0.29514851485148513,-1.8495485148514852,1.2592514851485148,False,True,granite-3.1-2b-instruct|s2
RedHatAI/granite-3.1-2b-instruct-quantized.w8a8,granite,granite-3.1-2b-instruct,w8a8_int,gpqa_main_norm,28.3,27.6,-0.7,-0.29514851485148513,-1.8495485148514852,1.2592514851485148,False,True,granite-3.1-2b-instruct|s2
RedHatAI/granite-3.1-2b-instruct-quantized.w8a8,granite,granite-3.1-2b-instruct,w8a8_int,musr,35.12,34.58,-0.54,-0.29514851485148513,-1.8495485148514852,1.2592514851485148,False,True,granite-3.1-2b-instruct|s2
RedHatAI/granite-3.1-2b-instruct-quantized.w8a8,granite,granite-3.1-2b-instruct,w8a8_int,mmlu_pro,26.87,26.89,0.02,-0.29514851485148513,-1.8495485148514852,1.2592514851485148,False,True,granite-3.1-2b-instruct|s2
RedHatAI/granite-3.1-2b-instruct-quantized.w8a8,granite,granite-3.1-2b-instruct,w8a8_int,humaneval,53.4,54.9,1.5,-0.29514851485148513,-1.8495485148514852,1.2592514851485148,False,False,granite-3.1-2b-instruct|s2
RedHatAI/granite-3.1-2b-instruct-FP8-dynamic,granite,granite-3.1-2b-instruct,fp8_dynamic,arc_challenge,55.63,55.03,-0.6,0.13315384615384618,-1.5610264817150061,1.8273341740226985,False,True,granite-3.1-2b-instruct|s3
RedHatAI/granite-3.1-2b-instruct-FP8-dynamic,granite,granite-3.1-2b-instruct,fp8_dynamic,gsm8k,60.96,61.49,0.53,0.13315384615384618,-1.5610264817150061,1.8273341740226985,False,True,granite-3.1-2b-instruct|s3
RedHatAI/granite-3.1-2b-instruct-FP8-dynamic,granite,granite-3.1-2b-instruct,fp8_dynamic,hellaswag,75.21,75.26,0.05,0.13315384615384618,-1.5610264817150061,1.8273341740226985,False,True,granite-3.1-2b-instruct|s3
RedHatAI/granite-3.1-2b-instruct-FP8-dynamic,granite,granite-3.1-2b-instruct,fp8_dynamic,mmlu,54.38,54.24,-0.14,0.13315384615384618,-1.5610264817150061,1.8273341740226985,False,True,granite-3.1-2b-instruct|s3
RedHatAI/granite-3.1-2b-instruct-FP8-dynamic,granite,granite-3.1-2b-instruct,fp8_dynamic,truthfulqa,55.93,55.42,-0.51,0.13315384615384618,-1.5610264817150061,1.8273341740226985,False,True,granite-3.1-2b-instruct|s3
RedHatAI/granite-3.1-2b-instruct-FP8-dynamic,granite,granite-3.1-2b-instruct,fp8_dynamic,winogrande,69.67,69.61,-0.06,0.13315384615384618,-1.5610264817150061,1.8273341740226985,False,True,granite-3.1-2b-instruct|s3
RedHatAI/granite-3.1-2b-instruct-FP8-dynamic,granite,granite-3.1-2b-instruct,fp8_dynamic,ifeval,67.99,66.79,-1.2,0.13315384615384618,-1.5610264817150061,1.8273341740226985,False,True,granite-3.1-2b-instruct|s3
RedHatAI/granite-3.1-2b-instruct-FP8-dynamic,granite,granite-3.1-2b-instruct,fp8_dynamic,bbh,44.11,44.24,0.13,0.13315384615384618,-1.5610264817150061,1.8273341740226985,False,True,granite-3.1-2b-instruct|s3
RedHatAI/granite-3.1-2b-instruct-FP8-dynamic,granite,granite-3.1-2b-instruct,fp8_dynamic,gpqa_main_norm,28.3,26.9,-1.4,0.13315384615384618,-1.5610264817150061,1.8273341740226985,False,True,granite-3.1-2b-instruct|s3
RedHatAI/granite-3.1-2b-instruct-FP8-dynamic,granite,granite-3.1-2b-instruct,fp8_dynamic,musr,35.12,35.12,0.0,0.13315384615384618,-1.5610264817150061,1.8273341740226985,False,True,granite-3.1-2b-instruct|s3
RedHatAI/granite-3.1-2b-instruct-FP8-dynamic,granite,granite-3.1-2b-instruct,fp8_dynamic,mmlu_pro,26.87,28.33,1.46,0.13315384615384618,-1.5610264817150061,1.8273341740226985,False,True,granite-3.1-2b-instruct|s3
RedHatAI/granite-3.1-2b-instruct-FP8-dynamic,granite,granite-3.1-2b-instruct,fp8_dynamic,humaneval,53.4,54.9,1.5,0.13315384615384618,-1.5610264817150061,1.8273341740226985,False,True,granite-3.1-2b-instruct|s3
RedHatAI/granite-3.1-2b-instruct-quantized.w4a16,granite,granite-3.1-2b-instruct,w4a16,arc_challenge,55.63,54.18,-1.45,-0.7052941176470587,-2.399474445515911,0.9888862102217936,False,True,granite-3.1-2b-instruct|s3
RedHatAI/granite-3.1-2b-instruct-quantized.w4a16,granite,granite-3.1-2b-instruct,w4a16,gsm8k,60.96,62.85,1.89,-0.7052941176470587,-2.399474445515911,0.9888862102217936,False,False,granite-3.1-2b-instruct|s3
RedHatAI/granite-3.1-2b-instruct-quantized.w4a16,granite,granite-3.1-2b-instruct,w4a16,hellaswag,75.21,73.36,-1.85,-0.7052941176470587,-2.399474445515911,0.9888862102217936,False,True,granite-3.1-2b-instruct|s3
RedHatAI/granite-3.1-2b-instruct-quantized.w4a16,granite,granite-3.1-2b-instruct,w4a16,mmlu,54.38,52.17,-2.21,-0.7052941176470587,-2.399474445515911,0.9888862102217936,False,True,granite-3.1-2b-instruct|s3
RedHatAI/granite-3.1-2b-instruct-quantized.w4a16,granite,granite-3.1-2b-instruct,w4a16,truthfulqa,55.93,56.83,0.9,-0.7052941176470587,-2.399474445515911,0.9888862102217936,False,True,granite-3.1-2b-instruct|s3
RedHatAI/granite-3.1-2b-instruct-quantized.w4a16,granite,granite-3.1-2b-instruct,w4a16,winogrande,69.67,69.85,0.18,-0.7052941176470587,-2.399474445515911,0.9888862102217936,False,True,granite-3.1-2b-instruct|s3
RedHatAI/granite-3.1-2b-instruct-quantized.w4a16,granite,granite-3.1-2b-instruct,w4a16,ifeval,67.99,67.63,-0.36,-0.7052941176470587,-2.399474445515911,0.9888862102217936,False,True,granite-3.1-2b-instruct|s3
RedHatAI/granite-3.1-2b-instruct-quantized.w4a16,granite,granite-3.1-2b-instruct,w4a16,bbh,44.11,43.22,-0.89,-0.7052941176470587,-2.399474445515911,0.9888862102217936,False,True,granite-3.1-2b-instruct|s3
RedHatAI/granite-3.1-2b-instruct-quantized.w4a16,granite,granite-3.1-2b-instruct,w4a16,gpqa_main_norm,28.3,28.56,0.26,-0.7052941176470587,-2.399474445515911,0.9888862102217936,False,True,granite-3.1-2b-instruct|s3
RedHatAI/granite-3.1-2b-instruct-quantized.w4a16,granite,granite-3.1-2b-instruct,w4a16,musr,35.12,35.26,0.14,-0.7052941176470587,-2.399474445515911,0.9888862102217936,False,True,granite-3.1-2b-instruct|s3
RedHatAI/granite-3.1-2b-instruct-quantized.w4a16,granite,granite-3.1-2b-instruct,w4a16,mmlu_pro,26.87,27.27,0.4,-0.7052941176470587,-2.399474445515911,0.9888862102217936,False,True,granite-3.1-2b-instruct|s3
RedHatAI/granite-3.1-2b-instruct-quantized.w4a16,granite,granite-3.1-2b-instruct,w4a16,humaneval,53.4,52.3,-1.1,-0.7052941176470587,-2.399474445515911,0.9888862102217936,False,True,granite-3.1-2b-instruct|s3
RedHatAI/granite-3.1-2b-instruct-quantized.w8a8,granite,granite-3.1-2b-instruct,w8a8_int,arc_challenge,55.63,55.12,-0.51,-0.27581967213114755,-1.9699999999999998,1.4183606557377049,False,True,granite-3.1-2b-instruct|s3
RedHatAI/granite-3.1-2b-instruct-quantized.w8a8,granite,granite-3.1-2b-instruct,w8a8_int,gsm8k,60.96,60.58,-0.38,-0.27581967213114755,-1.9699999999999998,1.4183606557377049,False,True,granite-3.1-2b-instruct|s3
RedHatAI/granite-3.1-2b-instruct-quantized.w8a8,granite,granite-3.1-2b-instruct,w8a8_int,hellaswag,75.21,74.6,-0.61,-0.27581967213114755,-1.9699999999999998,1.4183606557377049,False,True,granite-3.1-2b-instruct|s3
RedHatAI/granite-3.1-2b-instruct-quantized.w8a8,granite,granite-3.1-2b-instruct,w8a8_int,mmlu,54.38,54.12,-0.26,-0.27581967213114755,-1.9699999999999998,1.4183606557377049,False,True,granite-3.1-2b-instruct|s3
RedHatAI/granite-3.1-2b-instruct-quantized.w8a8,granite,granite-3.1-2b-instruct,w8a8_int,truthfulqa,55.93,54.87,-1.06,-0.27581967213114755,-1.9699999999999998,1.4183606557377049,False,True,granite-3.1-2b-instruct|s3
RedHatAI/granite-3.1-2b-instruct-quantized.w8a8,granite,granite-3.1-2b-instruct,w8a8_int,winogrande,69.67,70.8,1.13,-0.27581967213114755,-1.9699999999999998,1.4183606557377049,False,True,granite-3.1-2b-instruct|s3
RedHatAI/granite-3.1-2b-instruct-quantized.w8a8,granite,granite-3.1-2b-instruct,w8a8_int,ifeval,67.99,67.03,-0.96,-0.27581967213114755,-1.9699999999999998,1.4183606557377049,False,True,granite-3.1-2b-instruct|s3
RedHatAI/granite-3.1-2b-instruct-quantized.w8a8,granite,granite-3.1-2b-instruct,w8a8_int,bbh,44.11,43.53,-0.58,-0.27581967213114755,-1.9699999999999998,1.4183606557377049,False,True,granite-3.1-2b-instruct|s3
RedHatAI/granite-3.1-2b-instruct-quantized.w8a8,granite,granite-3.1-2b-instruct,w8a8_int,gpqa_main_norm,28.3,27.6,-0.7,-0.27581967213114755,-1.9699999999999998,1.4183606557377049,False,True,granite-3.1-2b-instruct|s3
RedHatAI/granite-3.1-2b-instruct-quantized.w8a8,granite,granite-3.1-2b-instruct,w8a8_int,musr,35.12,34.58,-0.54,-0.27581967213114755,-1.9699999999999998,1.4183606557377049,False,True,granite-3.1-2b-instruct|s3
RedHatAI/granite-3.1-2b-instruct-quantized.w8a8,granite,granite-3.1-2b-instruct,w8a8_int,mmlu_pro,26.87,26.89,0.02,-0.27581967213114755,-1.9699999999999998,1.4183606557377049,False,True,granite-3.1-2b-instruct|s3
RedHatAI/granite-3.1-2b-instruct-quantized.w8a8,granite,granite-3.1-2b-instruct,w8a8_int,humaneval,53.4,54.9,1.5,-0.27581967213114755,-1.9699999999999998,1.4183606557377049,False,False,granite-3.1-2b-instruct|s3
RedHatAI/granite-3.1-2b-instruct-FP8-dynamic,granite,granite-3.1-2b-instruct,fp8_dynamic,arc_challenge,55.63,55.03,-0.6,0.07050847457627119,-1.3727673874926942,1.5137843366452366,False,True,granite-3.1-2b-instruct|s4
RedHatAI/granite-3.1-2b-instruct-FP8-dynamic,granite,granite-3.1-2b-instruct,fp8_dynamic,gsm8k,60.96,61.49,0.53,0.07050847457627119,-1.3727673874926942,1.5137843366452366,False,True,granite-3.1-2b-instruct|s4
RedHatAI/granite-3.1-2b-instruct-FP8-dynamic,granite,granite-3.1-2b-instruct,fp8_dynamic,hellaswag,75.21,75.26,0.05,0.07050847457627119,-1.3727673874926942,1.5137843366452366,False,True,granite-3.1-2b-instruct|s4
RedHatAI/granite-3.1-2b-instruct-FP8-dynamic,granite,granite-3.1-2b-instruct,fp8_dynamic,mmlu,54.38,54.24,-0.14,0.07050847457627119,-1.3727673874926942,1.5137843366452366,False,True,granite-3.1-2b-instruct|s4
RedHatAI/granite-3.1-2b-instruct-FP8-dynamic,granite,granite-3.1-2b-instruct,fp8_dynamic,truthfulqa,55.93,55.42,-0.51,0.07050847457627119,-1.3727673874926942,1.5137843366452366,False,True,granite-3.1-2b-instruct|s4
RedHatAI/granite-3.1-2b-instruct-FP8-dynamic,granite,granite-3.1-2b-instruct,fp8_dynamic,winogrande,69.67,69.61,-0.06,0.07050847457627119,-1.3727673874926942,1.5137843366452366,False,True,granite-3.1-2b-instruct|s4
RedHatAI/granite-3.1-2b-instruct-FP8-dynamic,granite,granite-3.1-2b-instruct,fp8_dynamic,ifeval,67.99,66.79,-1.2,0.07050847457627119,-1.3727673874926942,1.5137843366452366,False,True,granite-3.1-2b-instruct|s4
RedHatAI/granite-3.1-2b-instruct-FP8-dynamic,granite,granite-3.1-2b-instruct,fp8_dynamic,bbh,44.11,44.24,0.13,0.07050847457627119,-1.3727673874926942,1.5137843366452366,False,True,granite-3.1-2b-instruct|s4
RedHatAI/granite-3.1-2b-instruct-FP8-dynamic,granite,granite-3.1-2b-instruct,fp8_dynamic,gpqa_main_norm,28.3,26.9,-1.4,0.07050847457627119,-1.3727673874926942,1.5137843366452366,False,False,granite-3.1-2b-instruct|s4
RedHatAI/granite-3.1-2b-instruct-FP8-dynamic,granite,granite-3.1-2b-instruct,fp8_dynamic,musr,35.12,35.12,0.0,0.07050847457627119,-1.3727673874926942,1.5137843366452366,False,True,granite-3.1-2b-instruct|s4
RedHatAI/granite-3.1-2b-instruct-FP8-dynamic,granite,granite-3.1-2b-instruct,fp8_dynamic,mmlu_pro,26.87,28.33,1.46,0.07050847457627119,-1.3727673874926942,1.5137843366452366,False,True,granite-3.1-2b-instruct|s4
RedHatAI/granite-3.1-2b-instruct-FP8-dynamic,granite,granite-3.1-2b-instruct,fp8_dynamic,humaneval,53.4,54.9,1.5,0.07050847457627119,-1.3727673874926942,1.5137843366452366,False,True,granite-3.1-2b-instruct|s4
RedHatAI/granite-3.1-2b-instruct-quantized.w4a16,granite,granite-3.1-2b-instruct,w4a16,arc_challenge,55.63,54.18,-1.45,-0.7921428571428571,-2.2354187192118227,0.6511330049261083,False,True,granite-3.1-2b-instruct|s4
RedHatAI/granite-3.1-2b-instruct-quantized.w4a16,granite,granite-3.1-2b-instruct,w4a16,gsm8k,60.96,62.85,1.89,-0.7921428571428571,-2.2354187192118227,0.6511330049261083,False,False,granite-3.1-2b-instruct|s4
RedHatAI/granite-3.1-2b-instruct-quantized.w4a16,granite,granite-3.1-2b-instruct,w4a16,hellaswag,75.21,73.36,-1.85,-0.7921428571428571,-2.2354187192118227,0.6511330049261083,False,True,granite-3.1-2b-instruct|s4
RedHatAI/granite-3.1-2b-instruct-quantized.w4a16,granite,granite-3.1-2b-instruct,w4a16,mmlu,54.38,52.17,-2.21,-0.7921428571428571,-2.2354187192118227,0.6511330049261083,False,True,granite-3.1-2b-instruct|s4
RedHatAI/granite-3.1-2b-instruct-quantized.w4a16,granite,granite-3.1-2b-instruct,w4a16,truthfulqa,55.93,56.83,0.9,-0.7921428571428571,-2.2354187192118227,0.6511330049261083,False,False,granite-3.1-2b-instruct|s4
RedHatAI/granite-3.1-2b-instruct-quantized.w4a16,granite,granite-3.1-2b-instruct,w4a16,winogrande,69.67,69.85,0.18,-0.7921428571428571,-2.2354187192118227,0.6511330049261083,False,True,granite-3.1-2b-instruct|s4
RedHatAI/granite-3.1-2b-instruct-quantized.w4a16,granite,granite-3.1-2b-instruct,w4a16,ifeval,67.99,67.63,-0.36,-0.7921428571428571,-2.2354187192118227,0.6511330049261083,False,True,granite-3.1-2b-instruct|s4
RedHatAI/granite-3.1-2b-instruct-quantized.w4a16,granite,granite-3.1-2b-instruct,w4a16,bbh,44.11,43.22,-0.89,-0.7921428571428571,-2.2354187192118227,0.6511330049261083,False,True,granite-3.1-2b-instruct|s4
RedHatAI/granite-3.1-2b-instruct-quantized.w4a16,granite,granite-3.1-2b-instruct,w4a16,gpqa_main_norm,28.3,28.56,0.26,-0.7921428571428571,-2.2354187192118227,0.6511330049261083,False,True,granite-3.1-2b-instruct|s4
RedHatAI/granite-3.1-2b-instruct-quantized.w4a16,granite,granite-3.1-2b-instruct,w4a16,musr,35.12,35.26,0.14,-0.7921428571428571,-2.2354187192118227,0.6511330049261083,False,True,granite-3.1-2b-instruct|s4
RedHatAI/granite-3.1-2b-instruct-quantized.w4a16,granite,granite-3.1-2b-instruct,w4a16,mmlu_pro,26.87,27.27,0.4,-0.7921428571428571,-2.2354187192118227,0.6511330049261083,False,True,granite-3.1-2b-instruct|s4
RedHatAI/granite-3.1-2b-instruct-quantized.w4a16,granite,granite-3.1-2b-instruct,w4a16,humaneval,53.4,52.3,-1.1,-0.7921428571428571,-2.2354187192118227,0.6511330049261083,False,True,granite-3.1-2b-instruct|s4
RedHatAI/granite-3.1-2b-instruct-quantized.w8a8,granite,granite-3.1-2b-instruct,w8a8_int,arc_challenge,55.63,55.12,-0.51,-0.2667241379310345,-1.71,1.1765517241379309,False,True,granite-3.1-2b-instruct|s4
RedHatAI/granite-3.1-2b-instruct-quantized.w8a8,granite,granite-3.1-2b-instruct,w8a8_int,gsm8k,60.96,60.58,-0.38,-0.2667241379310345,-1.71,1.1765517241379309,False,True,granite-3.1-2b-instruct|s4
RedHatAI/granite-3.1-2b-instruct-quantized.w8a8,granite,granite-3.1-2b-instruct,w8a8_int,hellaswag,75.21,74.6,-0.61,-0.2667241379310345,-1.71,1.1765517241379309,False,True,granite-3.1-2b-instruct|s4
RedHatAI/granite-3.1-2b-instruct-quantized.w8a8,granite,granite-3.1-2b-instruct,w8a8_int,mmlu,54.38,54.12,-0.26,-0.2667241379310345,-1.71,1.1765517241379309,False,True,granite-3.1-2b-instruct|s4
RedHatAI/granite-3.1-2b-instruct-quantized.w8a8,granite,granite-3.1-2b-instruct,w8a8_int,truthfulqa,55.93,54.87,-1.06,-0.2667241379310345,-1.71,1.1765517241379309,False,True,granite-3.1-2b-instruct|s4
RedHatAI/granite-3.1-2b-instruct-quantized.w8a8,granite,granite-3.1-2b-instruct,w8a8_int,winogrande,69.67,70.8,1.13,-0.2667241379310345,-1.71,1.1765517241379309,False,True,granite-3.1-2b-instruct|s4
RedHatAI/granite-3.1-2b-instruct-quantized.w8a8,granite,granite-3.1-2b-instruct,w8a8_int,ifeval,67.99,67.03,-0.96,-0.2667241379310345,-1.71,1.1765517241379309,False,True,granite-3.1-2b-instruct|s4
RedHatAI/granite-3.1-2b-instruct-quantized.w8a8,granite,granite-3.1-2b-instruct,w8a8_int,bbh,44.11,43.53,-0.58,-0.2667241379310345,-1.71,1.1765517241379309,False,True,granite-3.1-2b-instruct|s4
RedHatAI/granite-3.1-2b-instruct-quantized.w8a8,granite,granite-3.1-2b-instruct,w8a8_int,gpqa_main_norm,28.3,27.6,-0.7,-0.2667241379310345,-1.71,1.1765517241379309,False,True,granite-3.1-2b-instruct|s4
RedHatAI/granite-3.1-2b-instruct-quantized.w8a8,granite,granite-3.1-2b-instruct,w8a8_int,musr,35.12,34.58,-0.54,-0.2667241379310345,-1.71,1.1765517241379309,False,True,granite-3.1-2b-instruct|s4
RedHatAI/granite-3.1-2b-instruct-quantized.w8a8,granite,granite-3.1-2b-instruct,w8a8_int,mmlu_pro,26.87,26.89,0.02,-0.2667241379310345,-1.71,1.1765517241379309,False,True,granite-3.1-2b-instruct|s4
RedHatAI/granite-3.1-2b-instruct-quantized.w8a8,granite,granite-3.1-2b-instruct,w8a8_int,humaneval,53.4,54.9,1.5,-0.2667241379310345,-1.71,1.1765517241379309,False,False,granite-3.1-2b-instruct|s4
RedHatAI/granite-3.1-8b-base-FP8-dynamic,granite,granite-3.1-8b-base,fp8_dynamic,arc_challenge,64.68,64.16,-0.52,0.07883870967741936,-1.74,1.897677419354839,False,True,granite-3.1-8b-base|s0
RedHatAI/granite-3.1-8b-base-FP8-dynamic,granite,granite-3.1-8b-base,fp8_dynamic,gsm8k,60.88,58.45,-2.43,0.07883870967741936,-1.74,1.897677419354839,False,False,granite-3.1-8b-base|s0
RedHatAI/granite-3.1-8b-base-FP8-dynamic,granite,granite-3.1-8b-base,fp8_dynamic,hellaswag,83.52,83.46,-0.06,0.07883870967741936,-1.74,1.897677419354839,False,True,granite-3.1-8b-base|s0
RedHatAI/granite-3.1-8b-base-FP8-dynamic,granite,granite-3.1-8b-base,fp8_dynamic,mmlu,63.33,63.35,0.02,0.07883870967741936,-1.74,1.897677419354839,False,True,granite-3.1-8b-base|s0
RedHatAI/granite-3.1-8b-base-FP8-dynamic,granite,granite-3.1-8b-base,fp8_dynamic,truthfulqa,51.33,51.56,0.23,0.07883870967741936,-1.74,1.897677419354839,False,True,granite-3.1-8b-base|s0
RedHatAI/granite-3.1-8b-base-FP8-dynamic,granite,granite-3.1-8b-base,fp8_dynamic,winogrande,80.9,80.66,-0.24,0.07883870967741936,-1.74,1.897677419354839,False,True,granite-3.1-8b-base|s0
RedHatAI/granite-3.1-8b-base-FP8-dynamic,granite,granite-3.1-8b-base,fp8_dynamic,humaneval,44.1,44.8,0.7,0.07883870967741936,-1.74,1.897677419354839,False,True,granite-3.1-8b-base|s0
RedHatAI/granite-3.1-8b-base-quantized.w4a16,granite,granite-3.1-8b-base,w4a16,arc_challenge,64.68,62.37,-2.31,-0.7014189189189189,-2.5202576285963385,1.1174197907585004,False,True,granite-3.1-8b-base|s0
RedHatAI/granite-3.1-8b-base-quantized.w4a16,granite,granite-3.1-8b-base,w4a16,gsm8k,60.88,54.89,-5.99,-0.7014189189189189,-2.5202576285963385,1.1174197907585004,False,False,granite-3.1-8b-base|s0
RedHatAI/granite-3.1-8b-base-quantized.w4a16,granite,granite-3.1-8b-base,w4a16,hellaswag,83.52,82.53,-0.99,-0.7014189189189189,-2.5202576285963385,1.1174197907585004,False,True,granite-3.1-8b-base|s0
RedHatAI/granite-3.1-8b-base-quantized.w4a16,granite,granite-3.1-8b-base,w4a16,mmlu,63.33,62.78,-0.55,-0.7014189189189189,-2.5202576285963385,1.1174197907585004,False,True,granite-3.1-8b-base|s0
RedHatAI/granite-3.1-8b-base-quantized.w4a16,granite,granite-3.1-8b-base,w4a16,truthfulqa,51.33,51.3,-0.03,-0.7014189189189189,-2.5202576285963385,1.1174197907585004,False,True,granite-3.1-8b-base|s0
RedHatAI/granite-3.1-8b-base-quantized.w4a16,granite,granite-3.1-8b-base,w4a16,winogrande,80.9,79.24,-1.66,-0.7014189189189189,-2.5202576285963385,1.1174197907585004,False,True,granite-3.1-8b-base|s0
RedHatAI/granite-3.1-8b-base-quantized.w4a16,granite,granite-3.1-8b-base,w4a16,humaneval,44.1,40.7,-3.4,-0.7014189189189189,-2.5202576285963385,1.1174197907585004,False,False,granite-3.1-8b-base|s0
RedHatAI/granite-3.1-8b-base-quantized.w8a8,granite,granite-3.1-8b-base,w8a8_int,arc_challenge,64.68,64.25,-0.43,-0.34766423357664233,-2.166502943254062,1.471174476100777,False,True,granite-3.1-8b-base|s0
RedHatAI/granite-3.1-8b-base-quantized.w8a8,granite,granite-3.1-8b-base,w8a8_int,gsm8k,60.88,60.5,-0.38,-0.34766423357664233,-2.166502943254062,1.471174476100777,False,True,granite-3.1-8b-base|s0
RedHatAI/granite-3.1-8b-base-quantized.w8a8,granite,granite-3.1-8b-base,w8a8_int,hellaswag,83.52,83.22,-0.3,-0.34766423357664233,-2.166502943254062,1.471174476100777,False,True,granite-3.1-8b-base|s0
RedHatAI/granite-3.1-8b-base-quantized.w8a8,granite,granite-3.1-8b-base,w8a8_int,mmlu,63.33,63.16,-0.17,-0.34766423357664233,-2.166502943254062,1.471174476100777,False,True,granite-3.1-8b-base|s0
RedHatAI/granite-3.1-8b-base-quantized.w8a8,granite,granite-3.1-8b-base,w8a8_int,truthfulqa,51.33,52.59,1.26,-0.34766423357664233,-2.166502943254062,1.471174476100777,False,True,granite-3.1-8b-base|s0
RedHatAI/granite-3.1-8b-base-quantized.w8a8,granite,granite-3.1-8b-base,w8a8_int,winogrande,80.9,80.11,-0.79,-0.34766423357664233,-2.166502943254062,1.471174476100777,False,True,granite-3.1-8b-base|s0
RedHatAI/granite-3.1-8b-base-quantized.w8a8,granite,granite-3.1-8b-base,w8a8_int,humaneval,44.1,43.1,-1.0,-0.34766423357664233,-2.166502943254062,1.471174476100777,False,True,granite-3.1-8b-base|s0
RedHatAI/granite-3.1-8b-base-FP8-dynamic,granite,granite-3.1-8b-base,fp8_dynamic,arc_challenge,64.68,64.16,-0.52,-0.056029411764705876,-1.8642325367647057,1.7521737132352941,False,True,granite-3.1-8b-base|s1
RedHatAI/granite-3.1-8b-base-FP8-dynamic,granite,granite-3.1-8b-base,fp8_dynamic,gsm8k,60.88,58.45,-2.43,-0.056029411764705876,-1.8642325367647057,1.7521737132352941,False,False,granite-3.1-8b-base|s1
RedHatAI/granite-3.1-8b-base-FP8-dynamic,granite,granite-3.1-8b-base,fp8_dynamic,hellaswag,83.52,83.46,-0.06,-0.056029411764705876,-1.8642325367647057,1.7521737132352941,False,True,granite-3.1-8b-base|s1
RedHatAI/granite-3.1-8b-base-FP8-dynamic,granite,granite-3.1-8b-base,fp8_dynamic,mmlu,63.33,63.35,0.02,-0.056029411764705876,-1.8642325367647057,1.7521737132352941,False,True,granite-3.1-8b-base|s1
RedHatAI/granite-3.1-8b-base-FP8-dynamic,granite,granite-3.1-8b-base,fp8_dynamic,truthfulqa,51.33,51.56,0.23,-0.056029411764705876,-1.8642325367647057,1.7521737132352941,False,True,granite-3.1-8b-base|s1
RedHatAI/granite-3.1-8b-base-FP8-dynamic,granite,granite-3.1-8b-base,fp8_dynamic,winogrande,80.9,80.66,-0.24,-0.056029411764705876,-1.8642325367647057,1.7521737132352941,False,True,granite-3.1-8b-base|s1
RedHatAI/granite-3.1-8b-base-FP8-dynamic,granite,granite-3.1-8b-base,fp8_dynamic,humaneval,44.1,44.8,0.7,-0.056029411764705876,-1.8642325367647057,1.7521737132352941,False,True,granite-3.1-8b-base|s1
RedHatAI/granite-3.1-8b-base-quantized.w4a16,granite,granite-3.1-8b-base,w4a16,arc_challenge,64.68,62.37,-2.31,-0.721796875,-2.53,1.08640625,False,True,granite-3.1-8b-base|s1
RedHatAI/granite-3.1-8b-base-quantized.w4a16,granite,granite-3.1-8b-base,w4a16,gsm8k,60.88,54.89,-5.99,-0.721796875,-2.53,1.08640625,False,False,granite-3.1-8b-base|s1
RedHatAI/granite-3.1-8b-base-quantized.w4a16,granite,granite-3.1-8b-base,w4a16,hellaswag,83.52,82.53,-0.99,-0.721796875,-2.53,1.08640625,False,True,granite-3.1-8b-base|s1
RedHatAI/granite-3.1-8b-base-quantized.w4a16,granite,granite-3.1-8b-base,w4a16,mmlu,63.33,62.78,-0.55,-0.721796875,-2.53,1.08640625,False,True,granite-3.1-8b-base|s1
RedHatAI/granite-3.1-8b-base-quantized.w4a16,granite,granite-3.1-8b-base,w4a16,truthfulqa,51.33,51.3,-0.03,-0.721796875,-2.53,1.08640625,False,True,granite-3.1-8b-base|s1
RedHatAI/granite-3.1-8b-base-quantized.w4a16,granite,granite-3.1-8b-base,w4a16,winogrande,80.9,79.24,-1.66,-0.721796875,-2.53,1.08640625,False,True,granite-3.1-8b-base|s1
RedHatAI/granite-3.1-8b-base-quantized.w4a16,granite,granite-3.1-8b-base,w4a16,humaneval,44.1,40.7,-3.4,-0.721796875,-2.53,1.08640625,False,False,granite-3.1-8b-base|s1
RedHatAI/granite-3.1-8b-base-quantized.w8a8,granite,granite-3.1-8b-base,w8a8_int,arc_challenge,64.68,64.25,-0.43,-0.34828571428571425,-2.156488839285714,1.4599174107142856,False,True,granite-3.1-8b-base|s1
RedHatAI/granite-3.1-8b-base-quantized.w8a8,granite,granite-3.1-8b-base,w8a8_int,gsm8k,60.88,60.5,-0.38,-0.34828571428571425,-2.156488839285714,1.4599174107142856,False,True,granite-3.1-8b-base|s1
RedHatAI/granite-3.1-8b-base-quantized.w8a8,granite,granite-3.1-8b-base,w8a8_int,hellaswag,83.52,83.22,-0.3,-0.34828571428571425,-2.156488839285714,1.4599174107142856,False,True,granite-3.1-8b-base|s1
RedHatAI/granite-3.1-8b-base-quantized.w8a8,granite,granite-3.1-8b-base,w8a8_int,mmlu,63.33,63.16,-0.17,-0.34828571428571425,-2.156488839285714,1.4599174107142856,False,True,granite-3.1-8b-base|s1
RedHatAI/granite-3.1-8b-base-quantized.w8a8,granite,granite-3.1-8b-base,w8a8_int,truthfulqa,51.33,52.59,1.26,-0.34828571428571425,-2.156488839285714,1.4599174107142856,False,True,granite-3.1-8b-base|s1
RedHatAI/granite-3.1-8b-base-quantized.w8a8,granite,granite-3.1-8b-base,w8a8_int,winogrande,80.9,80.11,-0.79,-0.34828571428571425,-2.156488839285714,1.4599174107142856,False,True,granite-3.1-8b-base|s1
RedHatAI/granite-3.1-8b-base-quantized.w8a8,granite,granite-3.1-8b-base,w8a8_int,humaneval,44.1,43.1,-1.0,-0.34828571428571425,-2.156488839285714,1.4599174107142856,False,True,granite-3.1-8b-base|s1
RedHatAI/granite-3.1-8b-base-FP8-dynamic,granite,granite-3.1-8b-base,fp8_dynamic,arc_challenge,64.68,64.16,-0.52,-0.03331288343558282,-1.3406205757432752,1.2739948088721094,False,True,granite-3.1-8b-base|s2
RedHatAI/granite-3.1-8b-base-FP8-dynamic,granite,granite-3.1-8b-base,fp8_dynamic,gsm8k,60.88,58.45,-2.43,-0.03331288343558282,-1.3406205757432752,1.2739948088721094,False,False,granite-3.1-8b-base|s2
RedHatAI/granite-3.1-8b-base-FP8-dynamic,granite,granite-3.1-8b-base,fp8_dynamic,hellaswag,83.52,83.46,-0.06,-0.03331288343558282,-1.3406205757432752,1.2739948088721094,False,True,granite-3.1-8b-base|s2
RedHatAI/granite-3.1-8b-base-FP8-dynamic,granite,granite-3.1-8b-base,fp8_dynamic,mmlu,63.33,63.35,0.02,-0.03331288343558282,-1.3406205757432752,1.2739948088721094,False,True,granite-3.1-8b-base|s2
RedHatAI/granite-3.1-8b-base-FP8-dynamic,granite,granite-3.1-8b-base,fp8_dynamic,truthfulqa,51.33,51.56,0.23,-0.03331288343558282,-1.3406205757432752,1.2739948088721094,False,True,granite-3.1-8b-base|s2
RedHatAI/granite-3.1-8b-base-FP8-dynamic,granite,granite-3.1-8b-base,fp8_dynamic,winogrande,80.9,80.66,-0.24,-0.03331288343558282,-1.3406205757432752,1.2739948088721094,False,True,granite-3.1-8b-base|s2
RedHatAI/granite-3.1-8b-base-FP8-dynamic,granite,granite-3.1-8b-base,fp8_dynamic,humaneval,44.1,44.8,0.7,-0.03331288343558282,-1.3406205757432752,1.2739948088721094,False,True,granite-3.1-8b-base|s2
RedHatAI/granite-3.1-8b-base-quantized.w4a16,granite,granite-3.1-8b-base,w4a16,arc_challenge,64.68,62.37,-2.31,-0.7639490445859872,-2.0712567368936794,0.5433586477217051,False,False,granite-3.1-8b-base|s2
RedHatAI/granite-3.1-8b-base-quantized.w4a16,granite,granite-3.1-8b-base,w4a16,gsm8k,60.88,54.89,-5.99,-0.7639490445859872,-2.0712567368936794,0.5433586477217051,False,False,granite-3.1-8b-base|s2
RedHatAI/granite-3.1-8b-base-quantized.w4a16,granite,granite-3.1-8b-base,w4a16,hellaswag,83.52,82.53,-0.99,-0.7639490445859872,-2.0712567368936794,0.5433586477217051,False,True,granite-3.1-8b-base|s2
RedHatAI/granite-3.1-8b-base-quantized.w4a16,granite,granite-3.1-8b-base,w4a16,mmlu,63.33,62.78,-0.55,-0.7639490445859872,-2.0712567368936794,0.5433586477217051,False,True,granite-3.1-8b-base|s2
RedHatAI/granite-3.1-8b-base-quantized.w4a16,granite,granite-3.1-8b-base,w4a16,truthfulqa,51.33,51.3,-0.03,-0.7639490445859872,-2.0712567368936794,0.5433586477217051,False,True,granite-3.1-8b-base|s2
RedHatAI/granite-3.1-8b-base-quantized.w4a16,granite,granite-3.1-8b-base,w4a16,winogrande,80.9,79.24,-1.66,-0.7639490445859872,-2.0712567368936794,0.5433586477217051,False,True,granite-3.1-8b-base|s2
RedHatAI/granite-3.1-8b-base-quantized.w4a16,granite,granite-3.1-8b-base,w4a16,humaneval,44.1,40.7,-3.4,-0.7639490445859872,-2.0712567368936794,0.5433586477217051,False,False,granite-3.1-8b-base|s2
RedHatAI/granite-3.1-8b-base-quantized.w8a8,granite,granite-3.1-8b-base,w8a8_int,arc_challenge,64.68,64.25,-0.43,-0.43730769230769234,-1.7446153846153847,0.8699999999999999,False,True,granite-3.1-8b-base|s2
RedHatAI/granite-3.1-8b-base-quantized.w8a8,granite,granite-3.1-8b-base,w8a8_int,gsm8k,60.88,60.5,-0.38,-0.43730769230769234,-1.7446153846153847,0.8699999999999999,False,True,granite-3.1-8b-base|s2
RedHatAI/granite-3.1-8b-base-quantized.w8a8,granite,granite-3.1-8b-base,w8a8_int,hellaswag,83.52,83.22,-0.3,-0.43730769230769234,-1.7446153846153847,0.8699999999999999,False,True,granite-3.1-8b-base|s2
RedHatAI/granite-3.1-8b-base-quantized.w8a8,granite,granite-3.1-8b-base,w8a8_int,mmlu,63.33,63.16,-0.17,-0.43730769230769234,-1.7446153846153847,0.8699999999999999,False,True,granite-3.1-8b-base|s2
RedHatAI/granite-3.1-8b-base-quantized.w8a8,granite,granite-3.1-8b-base,w8a8_int,truthfulqa,51.33,52.59,1.26,-0.43730769230769234,-1.7446153846153847,0.8699999999999999,False,False,granite-3.1-8b-base|s2
RedHatAI/granite-3.1-8b-base-quantized.w8a8,granite,granite-3.1-8b-base,w8a8_int,winogrande,80.9,80.11,-0.79,-0.43730769230769234,-1.7446153846153847,0.8699999999999999,False,True,granite-3.1-8b-base|s2
RedHatAI/granite-3.1-8b-base-quantized.w8a8,granite,granite-3.1-8b-base,w8a8_int,humaneval,44.1,43.1,-1.0,-0.43730769230769234,-1.7446153846153847,0.8699999999999999,False,True,granite-3.1-8b-base|s2
RedHatAI/granite-3.1-8b-base-FP8-dynamic,granite,granite-3.1-8b-base,fp8_dynamic,arc_challenge,64.68,64.16,-0.52,0.04729729729729729,-1.5795520177711957,1.6741466123657904,False,True,granite-3.1-8b-base|s3
RedHatAI/granite-3.1-8b-base-FP8-dynamic,granite,granite-3.1-8b-base,fp8_dynamic,gsm8k,60.88,58.45,-2.43,0.04729729729729729,-1.5795520177711957,1.6741466123657904,False,False,granite-3.1-8b-base|s3
RedHatAI/granite-3.1-8b-base-FP8-dynamic,granite,granite-3.1-8b-base,fp8_dynamic,hellaswag,83.52,83.46,-0.06,0.04729729729729729,-1.5795520177711957,1.6741466123657904,False,True,granite-3.1-8b-base|s3
RedHatAI/granite-3.1-8b-base-FP8-dynamic,granite,granite-3.1-8b-base,fp8_dynamic,mmlu,63.33,63.35,0.02,0.04729729729729729,-1.5795520177711957,1.6741466123657904,False,True,granite-3.1-8b-base|s3
RedHatAI/granite-3.1-8b-base-FP8-dynamic,granite,granite-3.1-8b-base,fp8_dynamic,truthfulqa,51.33,51.56,0.23,0.04729729729729729,-1.5795520177711957,1.6741466123657904,False,True,granite-3.1-8b-base|s3
RedHatAI/granite-3.1-8b-base-FP8-dynamic,granite,granite-3.1-8b-base,fp8_dynamic,winogrande,80.9,80.66,-0.24,0.04729729729729729,-1.5795520177711957,1.6741466123657904,False,True,granite-3.1-8b-base|s3
RedHatAI/granite-3.1-8b-base-FP8-dynamic,granite,granite-3.1-8b-base,fp8_dynamic,humaneval,44.1,44.8,0.7,0.04729729729729729,-1.5795520177711957,1.6741466123657904,False,True,granite-3.1-8b-base|s3
RedHatAI/granite-3.1-8b-base-quantized.w4a16,granite,granite-3.1-8b-base,w4a16,arc_challenge,64.68,62.37,-2.31,-0.7168493150684931,-2.343698630136986,0.9099999999999999,False,True,granite-3.1-8b-base|s3
RedHatAI/granite-3.1-8b-base-quantized.w4a16,granite,granite-3.1-8b-base,w4a16,gsm8k,60.88,54.89,-5.99,-0.7168493150684931,-2.343698630136986,0.9099999999999999,False,False,granite-3.1-8b-base|s3
RedHatAI/granite-3.1-8b-base-quantized.w4a16,granite,granite-3.1-8b-base,w4a16,hellaswag,83.52,82.53,-0.99,-0.7168493150684931,-2.343698630136986,0.9099999999999999,False,True,granite-3.1-8b-base|s3
RedHatAI/granite-3.1-8b-base-quantized.w4a16,granite,granite-3.1-8b-base,w4a16,mmlu,63.33,62.78,-0.55,-0.7168493150684931,-2.343698630136986,0.9099999999999999,False,True,granite-3.1-8b-base|s3
RedHatAI/granite-3.1-8b-base-quantized.w4a16,granite,granite-3.1-8b-base,w4a16,truthfulqa,51.33,51.3,-0.03,-0.7168493150684931,-2.343698630136986,0.9099999999999999,False,True,granite-3.1-8b-base|s3
RedHatAI/granite-3.1-8b-base-quantized.w4a16,granite,granite-3.1-8b-base,w4a16,winogrande,80.9,79.24,-1.66,-0.7168493150684931,-2.343698630136986,0.9099999999999999,False,True,granite-3.1-8b-base|s3
RedHatAI/granite-3.1-8b-base-quantized.w4a16,granite,granite-3.1-8b-base,w4a16,humaneval,44.1,40.7,-3.4,-0.7168493150684931,-2.343698630136986,0.9099999999999999,False,False,granite-3.1-8b-base|s3
RedHatAI/granite-3.1-8b-base-quantized.w8a8,granite,granite-3.1-8b-base,w8a8_int,arc_challenge,64.68,64.25,-0.43,-0.3597619047619047,-1.9866112198303978,1.2670874103065883,False,True,granite-3.1-8b-base|s3
RedHatAI/granite-3.1-8b-base-quantized.w8a8,granite,granite-3.1-8b-base,w8a8_int,gsm8k,60.88,60.5,-0.38,-0.3597619047619047,-1.9866112198303978,1.2670874103065883,False,True,granite-3.1-8b-base|s3
RedHatAI/granite-3.1-8b-base-quantized.w8a8,granite,granite-3.1-8b-base,w8a8_int,hellaswag,83.52,83.22,-0.3,-0.3597619047619047,-1.9866112198303978,1.2670874103065883,False,True,granite-3.1-8b-base|s3
RedHatAI/granite-3.1-8b-base-quantized.w8a8,granite,granite-3.1-8b-base,w8a8_int,mmlu,63.33,63.16,-0.17,-0.3597619047619047,-1.9866112198303978,1.2670874103065883,False,True,granite-3.1-8b-base|s3
RedHatAI/granite-3.1-8b-base-quantized.w8a8,granite,granite-3.1-8b-base,w8a8_int,truthfulqa,51.33,52.59,1.26,-0.3597619047619047,-1.9866112198303978,1.2670874103065883,False,True,granite-3.1-8b-base|s3
RedHatAI/granite-3.1-8b-base-quantized.w8a8,granite,granite-3.1-8b-base,w8a8_int,winogrande,80.9,80.11,-0.79,-0.3597619047619047,-1.9866112198303978,1.2670874103065883,False,True,granite-3.1-8b-base|s3
RedHatAI/granite-3.1-8b-base-quantized.w8a8,granite,granite-3.1-8b-base,w8a8_int,humaneval,44.1,43.1,-1.0,-0.3597619047619047,-1.9866112198303978,1.2670874103065883,False,True,granite-3.1-8b-base|s3
RedHatAI/granite-3.1-8b-base-FP8-dynamic,granite,granite-3.1-8b-base,fp8_dynamic,arc_challenge,64.68,64.16,-0.52,-0.00781512605042017,-1.516704014939309,1.5010737628384685,False,True,granite-3.1-8b-base|s4
RedHatAI/granite-3.1-8b-base-FP8-dynamic,granite,granite-3.1-8b-base,fp8_dynamic,gsm8k,60.88,58.45,-2.43,-0.00781512605042017,-1.516704014939309,1.5010737628384685,False,False,granite-3.1-8b-base|s4
RedHatAI/granite-3.1-8b-base-FP8-dynamic,granite,granite-3.1-8b-base,fp8_dynamic,hellaswag,83.52,83.46,-0.06,-0.00781512605042017,-1.516704014939309,1.5010737628384685,False,True,granite-3.1-8b-base|s4
RedHatAI/granite-3.1-8b-base-FP8-dynamic,granite,granite-3.1-8b-base,fp8_dynamic,mmlu,63.33,63.35,0.02,-0.00781512605042017,-1.516704014939309,1.5010737628384685,False,True,granite-3.1-8b-base|s4
RedHatAI/granite-3.1-8b-base-FP8-dynamic,granite,granite-3.1-8b-base,fp8_dynamic,truthfulqa,51.33,51.56,0.23,-0.00781512605042017,-1.516704014939309,1.5010737628384685,False,True,granite-3.1-8b-base|s4
RedHatAI/granite-3.1-8b-base-FP8-dynamic,granite,granite-3.1-8b-base,fp8_dynamic,winogrande,80.9,80.66,-0.24,-0.00781512605042017,-1.516704014939309,1.5010737628384685,False,True,granite-3.1-8b-base|s4
RedHatAI/granite-3.1-8b-base-FP8-dynamic,granite,granite-3.1-8b-base,fp8_dynamic,humaneval,44.1,44.8,0.7,-0.00781512605042017,-1.516704014939309,1.5010737628384685,False,True,granite-3.1-8b-base|s4
RedHatAI/granite-3.1-8b-base-quantized.w4a16,granite,granite-3.1-8b-base,w4a16,arc_challenge,64.68,62.37,-2.31,-0.6115322580645162,-2.120421146953405,0.8973566308243726,False,False,granite-3.1-8b-base|s4
RedHatAI/granite-3.1-8b-base-quantized.w4a16,granite,granite-3.1-8b-base,w4a16,gsm8k,60.88,54.89,-5.99,-0.6115322580645162,-2.120421146953405,0.8973566308243726,False,False,granite-3.1-8b-base|s4
RedHatAI/granite-3.1-8b-base-quantized.w4a16,granite,granite-3.1-8b-base,w4a16,hellaswag,83.52,82.53,-0.99,-0.6115322580645162,-2.120421146953405,0.8973566308243726,False,True,granite-3.1-8b-base|s4
RedHatAI/granite-3.1-8b-base-quantized.w4a16,granite,granite-3.1-8b-base,w4a16,mmlu,63.33,62.78,-0.55,-0.6115322580645162,-2.120421146953405,0.8973566308243726,False,True,granite-3.1-8b-base|s4
RedHatAI/granite-3.1-8b-base-quantized.w4a16,granite,granite-3.1-8b-base,w4a16,truthfulqa,51.33,51.3,-0.03,-0.6115322580645162,-2.120421146953405,0.8973566308243726,False,True,granite-3.1-8b-base|s4
RedHatAI/granite-3.1-8b-base-quantized.w4a16,granite,granite-3.1-8b-base,w4a16,winogrande,80.9,79.24,-1.66,-0.6115322580645162,-2.120421146953405,0.8973566308243726,False,True,granite-3.1-8b-base|s4
RedHatAI/granite-3.1-8b-base-quantized.w4a16,granite,granite-3.1-8b-base,w4a16,humaneval,44.1,40.7,-3.4,-0.6115322580645162,-2.120421146953405,0.8973566308243726,False,False,granite-3.1-8b-base|s4
RedHatAI/granite-3.1-8b-base-quantized.w8a8,granite,granite-3.1-8b-base,w8a8_int,arc_challenge,64.68,64.25,-0.43,-0.34491666666666665,-1.8538055555555553,1.1639722222222222,False,True,granite-3.1-8b-base|s4
RedHatAI/granite-3.1-8b-base-quantized.w8a8,granite,granite-3.1-8b-base,w8a8_int,gsm8k,60.88,60.5,-0.38,-0.34491666666666665,-1.8538055555555553,1.1639722222222222,False,True,granite-3.1-8b-base|s4
RedHatAI/granite-3.1-8b-base-quantized.w8a8,granite,granite-3.1-8b-base,w8a8_int,hellaswag,83.52,83.22,-0.3,-0.34491666666666665,-1.8538055555555553,1.1639722222222222,False,True,granite-3.1-8b-base|s4
RedHatAI/granite-3.1-8b-base-quantized.w8a8,granite,granite-3.1-8b-base,w8a8_int,mmlu,63.33,63.16,-0.17,-0.34491666666666665,-1.8538055555555553,1.1639722222222222,False,True,granite-3.1-8b-base|s4
RedHatAI/granite-3.1-8b-base-quantized.w8a8,granite,granite-3.1-8b-base,w8a8_int,truthfulqa,51.33,52.59,1.26,-0.34491666666666665,-1.8538055555555553,1.1639722222222222,False,False,granite-3.1-8b-base|s4
RedHatAI/granite-3.1-8b-base-quantized.w8a8,granite,granite-3.1-8b-base,w8a8_int,winogrande,80.9,80.11,-0.79,-0.34491666666666665,-1.8538055555555553,1.1639722222222222,False,True,granite-3.1-8b-base|s4
RedHatAI/granite-3.1-8b-base-quantized.w8a8,granite,granite-3.1-8b-base,w8a8_int,humaneval,44.1,43.1,-1.0,-0.34491666666666665,-1.8538055555555553,1.1639722222222222,False,True,granite-3.1-8b-base|s4
RedHatAI/granite-3.1-8b-instruct-FP8-dynamic,granite,granite-3.1-8b-instruct,fp8_dynamic,arc_challenge,66.81,66.81,0.0,0.04642857142857142,-1.22,1.312857142857143,False,True,granite-3.1-8b-instruct|s0
RedHatAI/granite-3.1-8b-instruct-FP8-dynamic,granite,granite-3.1-8b-instruct,fp8_dynamic,gsm8k,64.52,66.64,2.12,0.04642857142857142,-1.22,1.312857142857143,False,False,granite-3.1-8b-instruct|s0
RedHatAI/granite-3.1-8b-instruct-FP8-dynamic,granite,granite-3.1-8b-instruct,fp8_dynamic,hellaswag,84.18,84.16,-0.02,0.04642857142857142,-1.22,1.312857142857143,False,True,granite-3.1-8b-instruct|s0
RedHatAI/granite-3.1-8b-instruct-FP8-dynamic,granite,granite-3.1-8b-instruct,fp8_dynamic,mmlu,65.52,65.36,-0.16,0.04642857142857142,-1.22,1.312857142857143,False,True,granite-3.1-8b-instruct|s0
RedHatAI/granite-3.1-8b-instruct-FP8-dynamic,granite,granite-3.1-8b-instruct,fp8_dynamic,truthfulqa,60.57,60.52,-0.05,0.04642857142857142,-1.22,1.312857142857143,False,True,granite-3.1-8b-instruct|s0
RedHatAI/granite-3.1-8b-instruct-FP8-dynamic,granite,granite-3.1-8b-instruct,fp8_dynamic,winogrande,80.19,79.95,-0.24,0.04642857142857142,-1.22,1.312857142857143,False,True,granite-3.1-8b-instruct|s0
RedHatAI/granite-3.1-8b-instruct-FP8-dynamic,granite,granite-3.1-8b-instruct,fp8_dynamic,ifeval,74.1,73.62,-0.48,0.04642857142857142,-1.22,1.312857142857143,False,True,granite-3.1-8b-instruct|s0
RedHatAI/granite-3.1-8b-instruct-FP8-dynamic,granite,granite-3.1-8b-instruct,fp8_dynamic,bbh,53.19,53.26,0.07,0.04642857142857142,-1.22,1.312857142857143,False,True,granite-3.1-8b-instruct|s0
RedHatAI/granite-3.1-8b-instruct-FP8-dynamic,granite,granite-3.1-8b-instruct,fp8_dynamic,gpqa_main_norm,31.76,32.58,0.82,0.04642857142857142,-1.22,1.312857142857143,False,True,granite-3.1-8b-instruct|s0
RedHatAI/granite-3.1-8b-instruct-FP8-dynamic,granite,granite-3.1-8b-instruct,fp8_dynamic,musr,46.01,47.34,1.33,0.04642857142857142,-1.22,1.312857142857143,False,False,granite-3.1-8b-instruct|s0
RedHatAI/granite-3.1-8b-instruct-FP8-dynamic,granite,granite-3.1-8b-instruct,fp8_dynamic,mmlu_pro,35.81,35.72,-0.09,0.04642857142857142,-1.22,1.312857142857143,False,True,granite-3.1-8b-instruct|s0
RedHatAI/granite-3.1-8b-instruct-FP8-dynamic,granite,granite-3.1-8b-instruct,fp8_dynamic,humaneval,71.0,69.9,-1.1,0.04642857142857142,-1.22,1.312857142857143,False,True,granite-3.1-8b-instruct|s0
RedHatAI/granite-3.1-8b-instruct-quantized.w4a16,granite,granite-3.1-8b-instruct,w4a16,arc_challenge,66.81,66.81,0.0,-0.7524031007751938,-2.018831672203765,0.5140254706533777,False,True,granite-3.1-8b-instruct|s0
RedHatAI/granite-3.1-8b-instruct-quantized.w4a16,granite,granite-3.1-8b-instruct,w4a16,gsm8k,64.52,65.66,1.14,-0.7524031007751938,-2.018831672203765,0.5140254706533777,False,False,granite-3.1-8b-instruct|s0
RedHatAI/granite-3.1-8b-instruct-quantized.w4a16,granite,granite-3.1-8b-instruct,w4a16,hellaswag,84.18,83.62,-0.56,-0.7524031007751938,-2.018831672203765,0.5140254706533777,False,True,granite-3.1-8b-instruct|s0
RedHatAI/granite-3.1-8b-instruct-quantized.w4a16,granite,granite-3.1-8b-instruct,w4a16,mmlu,65.52,64.25,-1.27,-0.7524031007751938,-2.018831672203765,0.5140254706533777,False,True,granite-3.1-8b-instruct|s0
RedHatAI/granite-3.1-8b-instruct-quantized.w4a16,granite,granite-3.1-8b-instruct,w4a16,truthfulqa,60.57,60.17,-0.4,-0.7524031007751938,-2.018831672203765,0.5140254706533777,False,True,granite-3.1-8b-instruct|s0
RedHatAI/granite-3.1-8b-instruct-quantized.w4a16,granite,granite-3.1-8b-instruct,w4a16,winogrande,80.19,78.37,-1.82,-0.7524031007751938,-2.018831672203765,0.5140254706533777,False,True,granite-3.1-8b-instruct|s0
RedHatAI/granite-3.1-8b-instruct-quantized.w4a16,granite,granite-3.1-8b-instruct,w4a16,ifeval,74.01,73.14,-0.87,-0.7524031007751938,-2.018831672203765,0.5140254706533777,False,True,granite-3.1-8b-instruct|s0
RedHatAI/granite-3.1-8b-instruct-quantized.w4a16,granite,granite-3.1-8b-instruct,w4a16,bbh,53.19,51.52,-1.67,-0.7524031007751938,-2.018831672203765,0.5140254706533777,False,True,granite-3.1-8b-instruct|s0
RedHatAI/granite-3.1-8b-instruct-quantized.w4a16,granite,granite-3.1-8b-instruct,w4a16,gpqa_main_norm,31.76,29.91,-1.85,-0.7524031007751938,-2.018831672203765,0.5140254706533777,False,True,granite-3.1-8b-instruct|s0
RedHatAI/granite-3.1-8b-instruct-quantized.w4a16,granite,granite-3.1-8b-instruct,w4a16,musr,46.01,45.75,-0.26,-0.7524031007751938,-2.018831672203765,0.5140254706533777,False,True,granite-3.1-8b-instruct|s0
RedHatAI/granite-3.1-8b-instruct-quantized.w4a16,granite,granite-3.1-8b-instruct,w4a16,mmlu_pro,35.81,34.23,-1.58,-0.7524031007751938,-2.018831672203765,0.5140254706533777,False,True,granite-3.1-8b-instruct|s0
RedHatAI/granite-3.1-8b-instruct-quantized.w4a16,granite,granite-3.1-8b-instruct,w4a16,humaneval,71.0,70.5,-0.5,-0.7524031007751938,-2.018831672203765,0.5140254706533777,False,True,granite-3.1-8b-instruct|s0
RedHatAI/granite-3.1-8b-instruct-quantized.w8a8,granite,granite-3.1-8b-instruct,w8a8_int,arc_challenge,66.81,67.06,0.25,-0.34863247863247865,-1.61506105006105,0.9177960927960929,False,True,granite-3.1-8b-instruct|s0
RedHatAI/granite-3.1-8b-instruct-quantized.w8a8,granite,granite-3.1-8b-instruct,w8a8_int,gsm8k,64.52,65.66,1.14,-0.34863247863247865,-1.61506105006105,0.9177960927960929,False,False,granite-3.1-8b-instruct|s0
RedHatAI/granite-3.1-8b-instruct-quantized.w8a8,granite,granite-3.1-8b-instruct,w8a8_int,hellaswag,84.18,83.93,-0.25,-0.34863247863247865,-1.61506105006105,0.9177960927960929,False,True,granite-3.1-8b-instruct|s0
RedHatAI/granite-3.1-8b-instruct-quantized.w8a8,granite,granite-3.1-8b-instruct,w8a8_int,mmlu,65.52,65.03,-0.49,-0.34863247863247865,-1.61506105006105,0.9177960927960929,False,True,granite-3.1-8b-instruct|s0
RedHatAI/granite-3.1-8b-instruct-quantized.w8a8,granite,granite-3.1-8b-instruct,w8a8_int,truthfulqa,60.57,60.02,-0.55,-0.34863247863247865,-1.61506105006105,0.9177960927960929,False,True,granite-3.1-8b-instruct|s0
RedHatAI/granite-3.1-8b-instruct-quantized.w8a8,granite,granite-3.1-8b-instruct,w8a8_int,winogrande,80.19,79.87,-0.32,-0.34863247863247865,-1.61506105006105,0.9177960927960929,False,True,granite-3.1-8b-instruct|s0
RedHatAI/granite-3.1-8b-instruct-quantized.w8a8,granite,granite-3.1-8b-instruct,w8a8_int,ifeval,74.01,73.5,-0.51,-0.34863247863247865,-1.61506105006105,0.9177960927960929,False,True,granite-3.1-8b-instruct|s0
RedHatAI/granite-3.1-8b-instruct-quantized.w8a8,granite,granite-3.1-8b-instruct,w8a8_int,bbh,53.19,52.59,-0.6,-0.34863247863247865,-1.61506105006105,0.9177960927960929,False,True,granite-3.1-8b-instruct|s0
RedHatAI/granite-3.1-8b-instruct-quantized.w8a8,granite,granite-3.1-8b-instruct,w8a8_int,gpqa_main_norm,31.76,30.62,-1.14,-0.34863247863247865,-1.61506105006105,0.9177960927960929,False,True,granite-3.1-8b-instruct|s0
RedHatAI/granite-3.1-8b-instruct-quantized.w8a8,granite,granite-3.1-8b-instruct,w8a8_int,musr,46.01,44.3,-1.71,-0.34863247863247865,-1.61506105006105,0.9177960927960929,False,False,granite-3.1-8b-instruct|s0
RedHatAI/granite-3.1-8b-instruct-quantized.w8a8,granite,granite-3.1-8b-instruct,w8a8_int,mmlu_pro,35.81,35.41,-0.4,-0.34863247863247865,-1.61506105006105,0.9177960927960929,False,True,granite-3.1-8b-instruct|s0
RedHatAI/granite-3.1-8b-instruct-quantized.w8a8,granite,granite-3.1-8b-instruct,w8a8_int,humaneval,71.0,70.5,-0.5,-0.34863247863247865,-1.61506105006105,0.9177960927960929,False,True,granite-3.1-8b-instruct|s0
RedHatAI/granite-3.1-8b-instruct-FP8-dynamic,granite,granite-3.1-8b-instruct,fp8_dynamic,arc_challenge,66.81,66.81,0.0,-0.18304687500000003,-2.43,2.06390625,False,True,granite-3.1-8b-instruct|s1
RedHatAI/granite-3.1-8b-instruct-FP8-dynamic,granite,granite-3.1-8b-instruct,fp8_dynamic,gsm8k,64.52,66.64,2.12,-0.18304687500000003,-2.43,2.06390625,False,False,granite-3.1-8b-instruct|s1
RedHatAI/granite-3.1-8b-instruct-FP8-dynamic,granite,granite-3.1-8b-instruct,fp8_dynamic,hellaswag,84.18,84.16,-0.02,-0.18304687500000003,-2.43,2.06390625,False,True,granite-3.1-8b-instruct|s1
RedHatAI/granite-3.1-8b-instruct-FP8-dynamic,granite,granite-3.1-8b-instruct,fp8_dynamic,mmlu,65.52,65.36,-0.16,-0.18304687500000003,-2.43,2.06390625,False,True,granite-3.1-8b-instruct|s1
RedHatAI/granite-3.1-8b-instruct-FP8-dynamic,granite,granite-3.1-8b-instruct,fp8_dynamic,truthfulqa,60.57,60.52,-0.05,-0.18304687500000003,-2.43,2.06390625,False,True,granite-3.1-8b-instruct|s1
RedHatAI/granite-3.1-8b-instruct-FP8-dynamic,granite,granite-3.1-8b-instruct,fp8_dynamic,winogrande,80.19,79.95,-0.24,-0.18304687500000003,-2.43,2.06390625,False,True,granite-3.1-8b-instruct|s1
RedHatAI/granite-3.1-8b-instruct-FP8-dynamic,granite,granite-3.1-8b-instruct,fp8_dynamic,ifeval,74.1,73.62,-0.48,-0.18304687500000003,-2.43,2.06390625,False,True,granite-3.1-8b-instruct|s1
RedHatAI/granite-3.1-8b-instruct-FP8-dynamic,granite,granite-3.1-8b-instruct,fp8_dynamic,bbh,53.19,53.26,0.07,-0.18304687500000003,-2.43,2.06390625,False,True,granite-3.1-8b-instruct|s1
RedHatAI/granite-3.1-8b-instruct-FP8-dynamic,granite,granite-3.1-8b-instruct,fp8_dynamic,gpqa_main_norm,31.76,32.58,0.82,-0.18304687500000003,-2.43,2.06390625,False,True,granite-3.1-8b-instruct|s1
RedHatAI/granite-3.1-8b-instruct-FP8-dynamic,granite,granite-3.1-8b-instruct,fp8_dynamic,musr,46.01,47.34,1.33,-0.18304687500000003,-2.43,2.06390625,False,True,granite-3.1-8b-instruct|s1
RedHatAI/granite-3.1-8b-instruct-FP8-dynamic,granite,granite-3.1-8b-instruct,fp8_dynamic,mmlu_pro,35.81,35.72,-0.09,-0.18304687500000003,-2.43,2.06390625,False,True,granite-3.1-8b-instruct|s1
RedHatAI/granite-3.1-8b-instruct-FP8-dynamic,granite,granite-3.1-8b-instruct,fp8_dynamic,humaneval,71.0,69.9,-1.1,-0.18304687500000003,-2.43,2.06390625,False,True,granite-3.1-8b-instruct|s1
RedHatAI/granite-3.1-8b-instruct-quantized.w4a16,granite,granite-3.1-8b-instruct,w4a16,arc_challenge,66.81,66.81,0.0,-0.7317857142857143,-2.9787388392857146,1.5151674107142858,False,True,granite-3.1-8b-instruct|s1
RedHatAI/granite-3.1-8b-instruct-quantized.w4a16,granite,granite-3.1-8b-instruct,w4a16,gsm8k,64.52,65.66,1.14,-0.7317857142857143,-2.9787388392857146,1.5151674107142858,False,True,granite-3.1-8b-instruct|s1
RedHatAI/granite-3.1-8b-instruct-quantized.w4a16,granite,granite-3.1-8b-instruct,w4a16,hellaswag,84.18,83.62,-0.56,-0.7317857142857143,-2.9787388392857146,1.5151674107142858,False,True,granite-3.1-8b-instruct|s1
RedHatAI/granite-3.1-8b-instruct-quantized.w4a16,granite,granite-3.1-8b-instruct,w4a16,mmlu,65.52,64.25,-1.27,-0.7317857142857143,-2.9787388392857146,1.5151674107142858,False,True,granite-3.1-8b-instruct|s1
RedHatAI/granite-3.1-8b-instruct-quantized.w4a16,granite,granite-3.1-8b-instruct,w4a16,truthfulqa,60.57,60.17,-0.4,-0.7317857142857143,-2.9787388392857146,1.5151674107142858,False,True,granite-3.1-8b-instruct|s1
RedHatAI/granite-3.1-8b-instruct-quantized.w4a16,granite,granite-3.1-8b-instruct,w4a16,winogrande,80.19,78.37,-1.82,-0.7317857142857143,-2.9787388392857146,1.5151674107142858,False,True,granite-3.1-8b-instruct|s1
RedHatAI/granite-3.1-8b-instruct-quantized.w4a16,granite,granite-3.1-8b-instruct,w4a16,ifeval,74.01,73.14,-0.87,-0.7317857142857143,-2.9787388392857146,1.5151674107142858,False,True,granite-3.1-8b-instruct|s1
RedHatAI/granite-3.1-8b-instruct-quantized.w4a16,granite,granite-3.1-8b-instruct,w4a16,bbh,53.19,51.52,-1.67,-0.7317857142857143,-2.9787388392857146,1.5151674107142858,False,True,granite-3.1-8b-instruct|s1
RedHatAI/granite-3.1-8b-instruct-quantized.w4a16,granite,granite-3.1-8b-instruct,w4a16,gpqa_main_norm,31.76,29.91,-1.85,-0.7317857142857143,-2.9787388392857146,1.5151674107142858,False,True,granite-3.1-8b-instruct|s1
RedHatAI/granite-3.1-8b-instruct-quantized.w4a16,granite,granite-3.1-8b-instruct,w4a16,musr,46.01,45.75,-0.26,-0.7317857142857143,-2.9787388392857146,1.5151674107142858,False,True,granite-3.1-8b-instruct|s1
RedHatAI/granite-3.1-8b-instruct-quantized.w4a16,granite,granite-3.1-8b-instruct,w4a16,mmlu_pro,35.81,34.23,-1.58,-0.7317857142857143,-2.9787388392857146,1.5151674107142858,False,True,granite-3.1-8b-instruct|s1
RedHatAI/granite-3.1-8b-instruct-quantized.w4a16,granite,granite-3.1-8b-instruct,w4a16,humaneval,71.0,70.5,-0.5,-0.7317857142857143,-2.9787388392857146,1.5151674107142858,False,True,granite-3.1-8b-instruct|s1
RedHatAI/granite-3.1-8b-instruct-quantized.w8a8,granite,granite-3.1-8b-instruct,w8a8_int,arc_challenge,66.81,67.06,0.25,-0.4060144927536232,-2.652967617753623,1.840938632246377,False,True,granite-3.1-8b-instruct|s1
RedHatAI/granite-3.1-8b-instruct-quantized.w8a8,granite,granite-3.1-8b-instruct,w8a8_int,gsm8k,64.52,65.66,1.14,-0.4060144927536232,-2.652967617753623,1.840938632246377,False,True,granite-3.1-8b-instruct|s1
RedHatAI/granite-3.1-8b-instruct-quantized.w8a8,granite,granite-3.1-8b-instruct,w8a8_int,hellaswag,84.18,83.93,-0.25,-0.4060144927536232,-2.652967617753623,1.840938632246377,False,True,granite-3.1-8b-instruct|s1
RedHatAI/granite-3.1-8b-instruct-quantized.w8a8,granite,granite-3.1-8b-instruct,w8a8_int,mmlu,65.52,65.03,-0.49,-0.4060144927536232,-2.652967617753623,1.840938632246377,False,True,granite-3.1-8b-instruct|s1
RedHatAI/granite-3.1-8b-instruct-quantized.w8a8,granite,granite-3.1-8b-instruct,w8a8_int,truthfulqa,60.57,60.02,-0.55,-0.4060144927536232,-2.652967617753623,1.840938632246377,False,True,granite-3.1-8b-instruct|s1
RedHatAI/granite-3.1-8b-instruct-quantized.w8a8,granite,granite-3.1-8b-instruct,w8a8_int,winogrande,80.19,79.87,-0.32,-0.4060144927536232,-2.652967617753623,1.840938632246377,False,True,granite-3.1-8b-instruct|s1
RedHatAI/granite-3.1-8b-instruct-quantized.w8a8,granite,granite-3.1-8b-instruct,w8a8_int,ifeval,74.01,73.5,-0.51,-0.4060144927536232,-2.652967617753623,1.840938632246377,False,True,granite-3.1-8b-instruct|s1
RedHatAI/granite-3.1-8b-instruct-quantized.w8a8,granite,granite-3.1-8b-instruct,w8a8_int,bbh,53.19,52.59,-0.6,-0.4060144927536232,-2.652967617753623,1.840938632246377,False,True,granite-3.1-8b-instruct|s1
RedHatAI/granite-3.1-8b-instruct-quantized.w8a8,granite,granite-3.1-8b-instruct,w8a8_int,gpqa_main_norm,31.76,30.62,-1.14,-0.4060144927536232,-2.652967617753623,1.840938632246377,False,True,granite-3.1-8b-instruct|s1
RedHatAI/granite-3.1-8b-instruct-quantized.w8a8,granite,granite-3.1-8b-instruct,w8a8_int,musr,46.01,44.3,-1.71,-0.4060144927536232,-2.652967617753623,1.840938632246377,False,True,granite-3.1-8b-instruct|s1
RedHatAI/granite-3.1-8b-instruct-quantized.w8a8,granite,granite-3.1-8b-instruct,w8a8_int,mmlu_pro,35.81,35.41,-0.4,-0.4060144927536232,-2.652967617753623,1.840938632246377,False,True,granite-3.1-8b-instruct|s1
RedHatAI/granite-3.1-8b-instruct-quantized.w8a8,granite,granite-3.1-8b-instruct,w8a8_int,humaneval,71.0,70.5,-0.5,-0.4060144927536232,-2.652967617753623,1.840938632246377,False,True,granite-3.1-8b-instruct|s1
RedHatAI/granite-3.1-8b-instruct-FP8-dynamic,granite,granite-3.1-8b-instruct,fp8_dynamic,arc_challenge,66.81,66.81,0.0,-0.04626984126984127,-1.44,1.3474603174603175,False,True,granite-3.1-8b-instruct|s2
RedHatAI/granite-3.1-8b-instruct-FP8-dynamic,granite,granite-3.1-8b-instruct,fp8_dynamic,gsm8k,64.52,66.64,2.12,-0.04626984126984127,-1.44,1.3474603174603175,False,False,granite-3.1-8b-instruct|s2
RedHatAI/granite-3.1-8b-instruct-FP8-dynamic,granite,granite-3.1-8b-instruct,fp8_dynamic,hellaswag,84.18,84.16,-0.02,-0.04626984126984127,-1.44,1.3474603174603175,False,True,granite-3.1-8b-instruct|s2
RedHatAI/granite-3.1-8b-instruct-FP8-dynamic,granite,granite-3.1-8b-instruct,fp8_dynamic,mmlu,65.52,65.36,-0.16,-0.04626984126984127,-1.44,1.3474603174603175,False,True,granite-3.1-8b-instruct|s2
RedHatAI/granite-3.1-8b-instruct-FP8-dynamic,granite,granite-3.1-8b-instruct,fp8_dynamic,truthfulqa,60.57,60.52,-0.05,-0.04626984126984127,-1.44,1.3474603174603175,False,True,granite-3.1-8b-instruct|s2
RedHatAI/granite-3.1-8b-instruct-FP8-dynamic,granite,granite-3.1-8b-instruct,fp8_dynamic,winogrande,80.19,79.95,-0.24,-0.04626984126984127,-1.44,1.3474603174603175,False,True,granite-3.1-8b-instruct|s2
RedHatAI/granite-3.1-8b-instruct-FP8-dynamic,granite,granite-3.1-8b-instruct,fp8_dynamic,ifeval,74.1,73.62,-0.48,-0.04626984126984127,-1.44,1.3474603174603175,False,True,granite-3.1-8b-instruct|s2
RedHatAI/granite-3.1-8b-instruct-FP8-dynamic,granite,granite-3.1-8b-instruct,fp8_dynamic,bbh,53.19,53.26,0.07,-0.04626984126984127,-1.44,1.3474603174603175,False,True,granite-3.1-8b-instruct|s2
RedHatAI/granite-3.1-8b-instruct-FP8-dynamic,granite,granite-3.1-8b-instruct,fp8_dynamic,gpqa_main_norm,31.76,32.58,0.82,-0.04626984126984127,-1.44,1.3474603174603175,False,True,granite-3.1-8b-instruct|s2
RedHatAI/granite-3.1-8b-instruct-FP8-dynamic,granite,granite-3.1-8b-instruct,fp8_dynamic,musr,46.01,47.34,1.33,-0.04626984126984127,-1.44,1.3474603174603175,False,True,granite-3.1-8b-instruct|s2
RedHatAI/granite-3.1-8b-instruct-FP8-dynamic,granite,granite-3.1-8b-instruct,fp8_dynamic,mmlu_pro,35.81,35.72,-0.09,-0.04626984126984127,-1.44,1.3474603174603175,False,True,granite-3.1-8b-instruct|s2
RedHatAI/granite-3.1-8b-instruct-FP8-dynamic,granite,granite-3.1-8b-instruct,fp8_dynamic,humaneval,71.0,69.9,-1.1,-0.04626984126984127,-1.44,1.3474603174603175,False,True,granite-3.1-8b-instruct|s2
RedHatAI/granite-3.1-8b-instruct-quantized.w4a16,granite,granite-3.1-8b-instruct,w4a16,arc_challenge,66.81,66.81,0.0,-0.8108130081300813,-2.20454316686024,0.5829171506000774,False,True,granite-3.1-8b-instruct|s2
RedHatAI/granite-3.1-8b-instruct-quantized.w4a16,granite,granite-3.1-8b-instruct,w4a16,gsm8k,64.52,65.66,1.14,-0.8108130081300813,-2.20454316686024,0.5829171506000774,False,False,granite-3.1-8b-instruct|s2
RedHatAI/granite-3.1-8b-instruct-quantized.w4a16,granite,granite-3.1-8b-instruct,w4a16,hellaswag,84.18,83.62,-0.56,-0.8108130081300813,-2.20454316686024,0.5829171506000774,False,True,granite-3.1-8b-instruct|s2
RedHatAI/granite-3.1-8b-instruct-quantized.w4a16,granite,granite-3.1-8b-instruct,w4a16,mmlu,65.52,64.25,-1.27,-0.8108130081300813,-2.20454316686024,0.5829171506000774,False,True,granite-3.1-8b-instruct|s2
RedHatAI/granite-3.1-8b-instruct-quantized.w4a16,granite,granite-3.1-8b-instruct,w4a16,truthfulqa,60.57,60.17,-0.4,-0.8108130081300813,-2.20454316686024,0.5829171506000774,False,True,granite-3.1-8b-instruct|s2
RedHatAI/granite-3.1-8b-instruct-quantized.w4a16,granite,granite-3.1-8b-instruct,w4a16,winogrande,80.19,78.37,-1.82,-0.8108130081300813,-2.20454316686024,0.5829171506000774,False,True,granite-3.1-8b-instruct|s2
RedHatAI/granite-3.1-8b-instruct-quantized.w4a16,granite,granite-3.1-8b-instruct,w4a16,ifeval,74.01,73.14,-0.87,-0.8108130081300813,-2.20454316686024,0.5829171506000774,False,True,granite-3.1-8b-instruct|s2
RedHatAI/granite-3.1-8b-instruct-quantized.w4a16,granite,granite-3.1-8b-instruct,w4a16,bbh,53.19,51.52,-1.67,-0.8108130081300813,-2.20454316686024,0.5829171506000774,False,True,granite-3.1-8b-instruct|s2
RedHatAI/granite-3.1-8b-instruct-quantized.w4a16,granite,granite-3.1-8b-instruct,w4a16,gpqa_main_norm,31.76,29.91,-1.85,-0.8108130081300813,-2.20454316686024,0.5829171506000774,False,True,granite-3.1-8b-instruct|s2
RedHatAI/granite-3.1-8b-instruct-quantized.w4a16,granite,granite-3.1-8b-instruct,w4a16,musr,46.01,45.75,-0.26,-0.8108130081300813,-2.20454316686024,0.5829171506000774,False,True,granite-3.1-8b-instruct|s2
RedHatAI/granite-3.1-8b-instruct-quantized.w4a16,granite,granite-3.1-8b-instruct,w4a16,mmlu_pro,35.81,34.23,-1.58,-0.8108130081300813,-2.20454316686024,0.5829171506000774,False,True,granite-3.1-8b-instruct|s2
RedHatAI/granite-3.1-8b-instruct-quantized.w4a16,granite,granite-3.1-8b-instruct,w4a16,humaneval,71.0,70.5,-0.5,-0.8108130081300813,-2.20454316686024,0.5829171506000774,False,True,granite-3.1-8b-instruct|s2
RedHatAI/granite-3.1-8b-instruct-quantized.w8a8,granite,granite-3.1-8b-instruct,w8a8_int,arc_challenge,66.81,67.06,0.25,-0.24275,-1.6364801587301587,1.1509801587301587,False,True,granite-3.1-8b-instruct|s2
RedHatAI/granite-3.1-8b-instruct-quantized.w8a8,granite,granite-3.1-8b-instruct,w8a8_int,gsm8k,64.52,65.66,1.14,-0.24275,-1.6364801587301587,1.1509801587301587,False,True,granite-3.1-8b-instruct|s2
RedHatAI/granite-3.1-8b-instruct-quantized.w8a8,granite,granite-3.1-8b-instruct,w8a8_int,hellaswag,84.18,83.93,-0.25,-0.24275,-1.6364801587301587,1.1509801587301587,False,True,granite-3.1-8b-instruct|s2
RedHatAI/granite-3.1-8b-instruct-quantized.w8a8,granite,granite-3.1-8b-instruct,w8a8_int,mmlu,65.52,65.03,-0.49,-0.24275,-1.6364801587301587,1.1509801587301587,False,True,granite-3.1-8b-instruct|s2
RedHatAI/granite-3.1-8b-instruct-quantized.w8a8,granite,granite-3.1-8b-instruct,w8a8_int,truthfulqa,60.57,60.02,-0.55,-0.24275,-1.6364801587301587,1.1509801587301587,False,True,granite-3.1-8b-instruct|s2
RedHatAI/granite-3.1-8b-instruct-quantized.w8a8,granite,granite-3.1-8b-instruct,w8a8_int,winogrande,80.19,79.87,-0.32,-0.24275,-1.6364801587301587,1.1509801587301587,False,True,granite-3.1-8b-instruct|s2
RedHatAI/granite-3.1-8b-instruct-quantized.w8a8,granite,granite-3.1-8b-instruct,w8a8_int,ifeval,74.01,73.5,-0.51,-0.24275,-1.6364801587301587,1.1509801587301587,False,True,granite-3.1-8b-instruct|s2
RedHatAI/granite-3.1-8b-instruct-quantized.w8a8,granite,granite-3.1-8b-instruct,w8a8_int,bbh,53.19,52.59,-0.6,-0.24275,-1.6364801587301587,1.1509801587301587,False,True,granite-3.1-8b-instruct|s2
RedHatAI/granite-3.1-8b-instruct-quantized.w8a8,granite,granite-3.1-8b-instruct,w8a8_int,gpqa_main_norm,31.76,30.62,-1.14,-0.24275,-1.6364801587301587,1.1509801587301587,False,True,granite-3.1-8b-instruct|s2
RedHatAI/granite-3.1-8b-instruct-quantized.w8a8,granite,granite-3.1-8b-instruct,w8a8_int,musr,46.01,44.3,-1.71,-0.24275,-1.6364801587301587,1.1509801587301587,False,False,granite-3.1-8b-instruct|s2
RedHatAI/granite-3.1-8b-instruct-quantized.w8a8,granite,granite-3.1-8b-instruct,w8a8_int,mmlu_pro,35.81,35.41,-0.4,-0.24275,-1.6364801587301587,1.1509801587301587,False,True,granite-3.1-8b-instruct|s2
RedHatAI/granite-3.1-8b-instruct-quantized.w8a8,granite,granite-3.1-8b-instruct,w8a8_int,humaneval,71.0,70.5,-0.5,-0.24275,-1.6364801587301587,1.1509801587301587,False,True,granite-3.1-8b-instruct|s2
RedHatAI/granite-3.1-8b-instruct-FP8-dynamic,granite,granite-3.1-8b-instruct,fp8_dynamic,arc_challenge,66.81,66.81,0.0,0.08851239669421489,-1.4124178358639246,1.5894426292523545,False,True,granite-3.1-8b-instruct|s3
RedHatAI/granite-3.1-8b-instruct-FP8-dynamic,granite,granite-3.1-8b-instruct,fp8_dynamic,gsm8k,64.52,66.64,2.12,0.08851239669421489,-1.4124178358639246,1.5894426292523545,False,False,granite-3.1-8b-instruct|s3
RedHatAI/granite-3.1-8b-instruct-FP8-dynamic,granite,granite-3.1-8b-instruct,fp8_dynamic,hellaswag,84.18,84.16,-0.02,0.08851239669421489,-1.4124178358639246,1.5894426292523545,False,True,granite-3.1-8b-instruct|s3
RedHatAI/granite-3.1-8b-instruct-FP8-dynamic,granite,granite-3.1-8b-instruct,fp8_dynamic,mmlu,65.52,65.36,-0.16,0.08851239669421489,-1.4124178358639246,1.5894426292523545,False,True,granite-3.1-8b-instruct|s3
RedHatAI/granite-3.1-8b-instruct-FP8-dynamic,granite,granite-3.1-8b-instruct,fp8_dynamic,truthfulqa,60.57,60.52,-0.05,0.08851239669421489,-1.4124178358639246,1.5894426292523545,False,True,granite-3.1-8b-instruct|s3
RedHatAI/granite-3.1-8b-instruct-FP8-dynamic,granite,granite-3.1-8b-instruct,fp8_dynamic,winogrande,80.19,79.95,-0.24,0.08851239669421489,-1.4124178358639246,1.5894426292523545,False,True,granite-3.1-8b-instruct|s3
RedHatAI/granite-3.1-8b-instruct-FP8-dynamic,granite,granite-3.1-8b-instruct,fp8_dynamic,ifeval,74.1,73.62,-0.48,0.08851239669421489,-1.4124178358639246,1.5894426292523545,False,True,granite-3.1-8b-instruct|s3
RedHatAI/granite-3.1-8b-instruct-FP8-dynamic,granite,granite-3.1-8b-instruct,fp8_dynamic,bbh,53.19,53.26,0.07,0.08851239669421489,-1.4124178358639246,1.5894426292523545,False,True,granite-3.1-8b-instruct|s3
RedHatAI/granite-3.1-8b-instruct-FP8-dynamic,granite,granite-3.1-8b-instruct,fp8_dynamic,gpqa_main_norm,31.76,32.58,0.82,0.08851239669421489,-1.4124178358639246,1.5894426292523545,False,True,granite-3.1-8b-instruct|s3
RedHatAI/granite-3.1-8b-instruct-FP8-dynamic,granite,granite-3.1-8b-instruct,fp8_dynamic,musr,46.01,47.34,1.33,0.08851239669421489,-1.4124178358639246,1.5894426292523545,False,True,granite-3.1-8b-instruct|s3
RedHatAI/granite-3.1-8b-instruct-FP8-dynamic,granite,granite-3.1-8b-instruct,fp8_dynamic,mmlu_pro,35.81,35.72,-0.09,0.08851239669421489,-1.4124178358639246,1.5894426292523545,False,True,granite-3.1-8b-instruct|s3
RedHatAI/granite-3.1-8b-instruct-FP8-dynamic,granite,granite-3.1-8b-instruct,fp8_dynamic,humaneval,71.0,69.9,-1.1,0.08851239669421489,-1.4124178358639246,1.5894426292523545,False,True,granite-3.1-8b-instruct|s3
RedHatAI/granite-3.1-8b-instruct-quantized.w4a16,granite,granite-3.1-8b-instruct,w4a16,arc_challenge,66.81,66.81,0.0,-0.7090697674418605,-2.21,0.791860465116279,False,True,granite-3.1-8b-instruct|s3
RedHatAI/granite-3.1-8b-instruct-quantized.w4a16,granite,granite-3.1-8b-instruct,w4a16,gsm8k,64.52,65.66,1.14,-0.7090697674418605,-2.21,0.791860465116279,False,False,granite-3.1-8b-instruct|s3
RedHatAI/granite-3.1-8b-instruct-quantized.w4a16,granite,granite-3.1-8b-instruct,w4a16,hellaswag,84.18,83.62,-0.56,-0.7090697674418605,-2.21,0.791860465116279,False,True,granite-3.1-8b-instruct|s3
RedHatAI/granite-3.1-8b-instruct-quantized.w4a16,granite,granite-3.1-8b-instruct,w4a16,mmlu,65.52,64.25,-1.27,-0.7090697674418605,-2.21,0.791860465116279,False,True,granite-3.1-8b-instruct|s3
RedHatAI/granite-3.1-8b-instruct-quantized.w4a16,granite,granite-3.1-8b-instruct,w4a16,truthfulqa,60.57,60.17,-0.4,-0.7090697674418605,-2.21,0.791860465116279,False,True,granite-3.1-8b-instruct|s3
RedHatAI/granite-3.1-8b-instruct-quantized.w4a16,granite,granite-3.1-8b-instruct,w4a16,winogrande,80.19,78.37,-1.82,-0.7090697674418605,-2.21,0.791860465116279,False,True,granite-3.1-8b-instruct|s3
RedHatAI/granite-3.1-8b-instruct-quantized.w4a16,granite,granite-3.1-8b-instruct,w4a16,ifeval,74.01,73.14,-0.87,-0.7090697674418605,-2.21,0.791860465116279,False,True,granite-3.1-8b-instruct|s3
RedHatAI/granite-3.1-8b-instruct-quantized.w4a16,granite,granite-3.1-8b-instruct,w4a16,bbh,53.19,51.52,-1.67,-0.7090697674418605,-2.21,0.791860465116279,False,True,granite-3.1-8b-instruct|s3
RedHatAI/granite-3.1-8b-instruct-quantized.w4a16,granite,granite-3.1-8b-instruct,w4a16,gpqa_main_norm,31.76,29.91,-1.85,-0.7090697674418605,-2.21,0.791860465116279,False,True,granite-3.1-8b-instruct|s3
RedHatAI/granite-3.1-8b-instruct-quantized.w4a16,granite,granite-3.1-8b-instruct,w4a16,musr,46.01,45.75,-0.26,-0.7090697674418605,-2.21,0.791860465116279,False,True,granite-3.1-8b-instruct|s3
RedHatAI/granite-3.1-8b-instruct-quantized.w4a16,granite,granite-3.1-8b-instruct,w4a16,mmlu_pro,35.81,34.23,-1.58,-0.7090697674418605,-2.21,0.791860465116279,False,True,granite-3.1-8b-instruct|s3
RedHatAI/granite-3.1-8b-instruct-quantized.w4a16,granite,granite-3.1-8b-instruct,w4a16,humaneval,71.0,70.5,-0.5,-0.7090697674418605,-2.21,0.791860465116279,False,True,granite-3.1-8b-instruct|s3
RedHatAI/granite-3.1-8b-instruct-quantized.w8a8,granite,granite-3.1-8b-instruct,w8a8_int,arc_challenge,66.81,67.06,0.25,-0.32214953271028035,-1.8230797652684199,1.1787806998478592,False,True,granite-3.1-8b-instruct|s3
RedHatAI/granite-3.1-8b-instruct-quantized.w8a8,granite,granite-3.1-8b-instruct,w8a8_int,gsm8k,64.52,65.66,1.14,-0.32214953271028035,-1.8230797652684199,1.1787806998478592,False,True,granite-3.1-8b-instruct|s3
RedHatAI/granite-3.1-8b-instruct-quantized.w8a8,granite,granite-3.1-8b-instruct,w8a8_int,hellaswag,84.18,83.93,-0.25,-0.32214953271028035,-1.8230797652684199,1.1787806998478592,False,True,granite-3.1-8b-instruct|s3
RedHatAI/granite-3.1-8b-instruct-quantized.w8a8,granite,granite-3.1-8b-instruct,w8a8_int,mmlu,65.52,65.03,-0.49,-0.32214953271028035,-1.8230797652684199,1.1787806998478592,False,True,granite-3.1-8b-instruct|s3
RedHatAI/granite-3.1-8b-instruct-quantized.w8a8,granite,granite-3.1-8b-instruct,w8a8_int,truthfulqa,60.57,60.02,-0.55,-0.32214953271028035,-1.8230797652684199,1.1787806998478592,False,True,granite-3.1-8b-instruct|s3
RedHatAI/granite-3.1-8b-instruct-quantized.w8a8,granite,granite-3.1-8b-instruct,w8a8_int,winogrande,80.19,79.87,-0.32,-0.32214953271028035,-1.8230797652684199,1.1787806998478592,False,True,granite-3.1-8b-instruct|s3
RedHatAI/granite-3.1-8b-instruct-quantized.w8a8,granite,granite-3.1-8b-instruct,w8a8_int,ifeval,74.01,73.5,-0.51,-0.32214953271028035,-1.8230797652684199,1.1787806998478592,False,True,granite-3.1-8b-instruct|s3
RedHatAI/granite-3.1-8b-instruct-quantized.w8a8,granite,granite-3.1-8b-instruct,w8a8_int,bbh,53.19,52.59,-0.6,-0.32214953271028035,-1.8230797652684199,1.1787806998478592,False,True,granite-3.1-8b-instruct|s3
RedHatAI/granite-3.1-8b-instruct-quantized.w8a8,granite,granite-3.1-8b-instruct,w8a8_int,gpqa_main_norm,31.76,30.62,-1.14,-0.32214953271028035,-1.8230797652684199,1.1787806998478592,False,True,granite-3.1-8b-instruct|s3
RedHatAI/granite-3.1-8b-instruct-quantized.w8a8,granite,granite-3.1-8b-instruct,w8a8_int,musr,46.01,44.3,-1.71,-0.32214953271028035,-1.8230797652684199,1.1787806998478592,False,True,granite-3.1-8b-instruct|s3
RedHatAI/granite-3.1-8b-instruct-quantized.w8a8,granite,granite-3.1-8b-instruct,w8a8_int,mmlu_pro,35.81,35.41,-0.4,-0.32214953271028035,-1.8230797652684199,1.1787806998478592,False,True,granite-3.1-8b-instruct|s3
RedHatAI/granite-3.1-8b-instruct-quantized.w8a8,granite,granite-3.1-8b-instruct,w8a8_int,humaneval,71.0,70.5,-0.5,-0.32214953271028035,-1.8230797652684199,1.1787806998478592,False,True,granite-3.1-8b-instruct|s3
RedHatAI/granite-3.1-8b-instruct-FP8-dynamic,granite,granite-3.1-8b-instruct,fp8_dynamic,arc_challenge,66.81,66.81,0.0,-0.04817567567567567,-2.43,2.333648648648649,False,True,granite-3.1-8b-instruct|s4
RedHatAI/granite-3.1-8b-instruct-FP8-dynamic,granite,granite-3.1-8b-instruct,fp8_dynamic,gsm8k,64.52,66.64,2.12,-0.04817567567567567,-2.43,2.333648648648649,False,True,granite-3.1-8b-instruct|s4
RedHatAI/granite-3.1-8b-instruct-FP8-dynamic,granite,granite-3.1-8b-instruct,fp8_dynamic,hellaswag,84.18,84.16,-0.02,-0.04817567567567567,-2.43,2.333648648648649,False,True,granite-3.1-8b-instruct|s4
RedHatAI/granite-3.1-8b-instruct-FP8-dynamic,granite,granite-3.1-8b-instruct,fp8_dynamic,mmlu,65.52,65.36,-0.16,-0.04817567567567567,-2.43,2.333648648648649,False,True,granite-3.1-8b-instruct|s4
RedHatAI/granite-3.1-8b-instruct-FP8-dynamic,granite,granite-3.1-8b-instruct,fp8_dynamic,truthfulqa,60.57,60.52,-0.05,-0.04817567567567567,-2.43,2.333648648648649,False,True,granite-3.1-8b-instruct|s4
RedHatAI/granite-3.1-8b-instruct-FP8-dynamic,granite,granite-3.1-8b-instruct,fp8_dynamic,winogrande,80.19,79.95,-0.24,-0.04817567567567567,-2.43,2.333648648648649,False,True,granite-3.1-8b-instruct|s4
RedHatAI/granite-3.1-8b-instruct-FP8-dynamic,granite,granite-3.1-8b-instruct,fp8_dynamic,ifeval,74.1,73.62,-0.48,-0.04817567567567567,-2.43,2.333648648648649,False,True,granite-3.1-8b-instruct|s4
RedHatAI/granite-3.1-8b-instruct-FP8-dynamic,granite,granite-3.1-8b-instruct,fp8_dynamic,bbh,53.19,53.26,0.07,-0.04817567567567567,-2.43,2.333648648648649,False,True,granite-3.1-8b-instruct|s4
RedHatAI/granite-3.1-8b-instruct-FP8-dynamic,granite,granite-3.1-8b-instruct,fp8_dynamic,gpqa_main_norm,31.76,32.58,0.82,-0.04817567567567567,-2.43,2.333648648648649,False,True,granite-3.1-8b-instruct|s4
RedHatAI/granite-3.1-8b-instruct-FP8-dynamic,granite,granite-3.1-8b-instruct,fp8_dynamic,musr,46.01,47.34,1.33,-0.04817567567567567,-2.43,2.333648648648649,False,True,granite-3.1-8b-instruct|s4
RedHatAI/granite-3.1-8b-instruct-FP8-dynamic,granite,granite-3.1-8b-instruct,fp8_dynamic,mmlu_pro,35.81,35.72,-0.09,-0.04817567567567567,-2.43,2.333648648648649,False,True,granite-3.1-8b-instruct|s4
RedHatAI/granite-3.1-8b-instruct-FP8-dynamic,granite,granite-3.1-8b-instruct,fp8_dynamic,humaneval,71.0,69.9,-1.1,-0.04817567567567567,-2.43,2.333648648648649,False,True,granite-3.1-8b-instruct|s4
RedHatAI/granite-3.1-8b-instruct-quantized.w4a16,granite,granite-3.1-8b-instruct,w4a16,arc_challenge,66.81,66.81,0.0,-0.5918115942028985,-2.973635918527223,1.7900127301214261,False,True,granite-3.1-8b-instruct|s4
RedHatAI/granite-3.1-8b-instruct-quantized.w4a16,granite,granite-3.1-8b-instruct,w4a16,gsm8k,64.52,65.66,1.14,-0.5918115942028985,-2.973635918527223,1.7900127301214261,False,True,granite-3.1-8b-instruct|s4
RedHatAI/granite-3.1-8b-instruct-quantized.w4a16,granite,granite-3.1-8b-instruct,w4a16,hellaswag,84.18,83.62,-0.56,-0.5918115942028985,-2.973635918527223,1.7900127301214261,False,True,granite-3.1-8b-instruct|s4
RedHatAI/granite-3.1-8b-instruct-quantized.w4a16,granite,granite-3.1-8b-instruct,w4a16,mmlu,65.52,64.25,-1.27,-0.5918115942028985,-2.973635918527223,1.7900127301214261,False,True,granite-3.1-8b-instruct|s4
RedHatAI/granite-3.1-8b-instruct-quantized.w4a16,granite,granite-3.1-8b-instruct,w4a16,truthfulqa,60.57,60.17,-0.4,-0.5918115942028985,-2.973635918527223,1.7900127301214261,False,True,granite-3.1-8b-instruct|s4
RedHatAI/granite-3.1-8b-instruct-quantized.w4a16,granite,granite-3.1-8b-instruct,w4a16,winogrande,80.19,78.37,-1.82,-0.5918115942028985,-2.973635918527223,1.7900127301214261,False,True,granite-3.1-8b-instruct|s4
RedHatAI/granite-3.1-8b-instruct-quantized.w4a16,granite,granite-3.1-8b-instruct,w4a16,ifeval,74.01,73.14,-0.87,-0.5918115942028985,-2.973635918527223,1.7900127301214261,False,True,granite-3.1-8b-instruct|s4
RedHatAI/granite-3.1-8b-instruct-quantized.w4a16,granite,granite-3.1-8b-instruct,w4a16,bbh,53.19,51.52,-1.67,-0.5918115942028985,-2.973635918527223,1.7900127301214261,False,True,granite-3.1-8b-instruct|s4
RedHatAI/granite-3.1-8b-instruct-quantized.w4a16,granite,granite-3.1-8b-instruct,w4a16,gpqa_main_norm,31.76,29.91,-1.85,-0.5918115942028985,-2.973635918527223,1.7900127301214261,False,True,granite-3.1-8b-instruct|s4
RedHatAI/granite-3.1-8b-instruct-quantized.w4a16,granite,granite-3.1-8b-instruct,w4a16,musr,46.01,45.75,-0.26,-0.5918115942028985,-2.973635918527223,1.7900127301214261,False,True,granite-3.1-8b-instruct|s4
RedHatAI/granite-3.1-8b-instruct-quantized.w4a16,granite,granite-3.1-8b-instruct,w4a16,mmlu_pro,35.81,34.23,-1.58,-0.5918115942028985,-2.973635918527223,1.7900127301214261,False,True,granite-3.1-8b-instruct|s4
RedHatAI/granite-3.1-8b-instruct-quantized.w4a16,granite,granite-3.1-8b-instruct,w4a16,humaneval,71.0,70.5,-0.5,-0.5918115942028985,-2.973635918527223,1.7900127301214261,False,True,granite-3.1-8b-instruct|s4
RedHatAI/granite-3.1-8b-instruct-quantized.w8a8,granite,granite-3.1-8b-instruct,w8a8_int,arc_challenge,66.81,67.06,0.25,-0.3182269503546099,-2.7000512746789345,2.063597373969715,False,True,granite-3.1-8b-instruct|s4
RedHatAI/granite-3.1-8b-instruct-quantized.w8a8,granite,granite-3.1-8b-instruct,w8a8_int,gsm8k,64.52,65.66,1.14,-0.3182269503546099,-2.7000512746789345,2.063597373969715,False,True,granite-3.1-8b-instruct|s4
RedHatAI/granite-3.1-8b-instruct-quantized.w8a8,granite,granite-3.1-8b-instruct,w8a8_int,hellaswag,84.18,83.93,-0.25,-0.3182269503546099,-2.7000512746789345,2.063597373969715,False,True,granite-3.1-8b-instruct|s4
RedHatAI/granite-3.1-8b-instruct-quantized.w8a8,granite,granite-3.1-8b-instruct,w8a8_int,mmlu,65.52,65.03,-0.49,-0.3182269503546099,-2.7000512746789345,2.063597373969715,False,True,granite-3.1-8b-instruct|s4
RedHatAI/granite-3.1-8b-instruct-quantized.w8a8,granite,granite-3.1-8b-instruct,w8a8_int,truthfulqa,60.57,60.02,-0.55,-0.3182269503546099,-2.7000512746789345,2.063597373969715,False,True,granite-3.1-8b-instruct|s4
RedHatAI/granite-3.1-8b-instruct-quantized.w8a8,granite,granite-3.1-8b-instruct,w8a8_int,winogrande,80.19,79.87,-0.32,-0.3182269503546099,-2.7000512746789345,2.063597373969715,False,True,granite-3.1-8b-instruct|s4
RedHatAI/granite-3.1-8b-instruct-quantized.w8a8,granite,granite-3.1-8b-instruct,w8a8_int,ifeval,74.01,73.5,-0.51,-0.3182269503546099,-2.7000512746789345,2.063597373969715,False,True,granite-3.1-8b-instruct|s4
RedHatAI/granite-3.1-8b-instruct-quantized.w8a8,granite,granite-3.1-8b-instruct,w8a8_int,bbh,53.19,52.59,-0.6,-0.3182269503546099,-2.7000512746789345,2.063597373969715,False,True,granite-3.1-8b-instruct|s4
RedHatAI/granite-3.1-8b-instruct-quantized.w8a8,granite,granite-3.1-8b-instruct,w8a8_int,gpqa_main_norm,31.76,30.62,-1.14,-0.3182269503546099,-2.7000512746789345,2.063597373969715,False,True,granite-3.1-8b-instruct|s4
RedHatAI/granite-3.1-8b-instruct-quantized.w8a8,granite,granite-3.1-8b-instruct,w8a8_int,musr,46.01,44.3,-1.71,-0.3182269503546099,-2.7000512746789345,2.063597373969715,False,True,granite-3.1-8b-instruct|s4
RedHatAI/granite-3.1-8b-instruct-quantized.w8a8,granite,granite-3.1-8b-instruct,w8a8_int,mmlu_pro,35.81,35.41,-0.4,-0.3182269503546099,-2.7000512746789345,2.063597373969715,False,True,granite-3.1-8b-instruct|s4
RedHatAI/granite-3.1-8b-instruct-quantized.w8a8,granite,granite-3.1-8b-instruct,w8a8_int,humaneval,71.0,70.5,-0.5,-0.3182269503546099,-2.7000512746789345,2.063597373969715,False,True,granite-3.1-8b-instruct|s4
