model,family,base_model,scheme,benchmark,acc_before,acc_after,y,yhat,lo,hi,backoff,covered,fold
RedHatAI/Llama-3.2-1B-Instruct-FP8-dynamic,llama-3,Llama-3.2-1B-Instruct,fp8_dynamic,mmlu,47.66,47.55,-0.11,0.03641791044776119,-0.5283374131010474,0.6011732339965699,False,True,Llama-3.2-1B-Instruct|s0
RedHatAI/Llama-3.2-1B-Instruct-FP8-dynamic,llama-3,Llama-3.2-1B-Instruct,fp8_dynamic,mmlu_cot,47.1,46.79,-0.31,0.03641791044776119,-0.5280051442184944,0.6008409651140169,False,True,Llama-3.2-1B-Instruct|s0
RedHatAI/Llama-3.2-1B-Instruct-FP8-dynamic,llama-3,Llama-3.2-1B-Instruct,fp8_dynamic,arc_challenge,58.36,57.25,-1.11,0.03641791044776119,-1.8930170158343054,1.9658528367298276,False,True,Llama-3.2-1B-Instruct|s0
RedHatAI/Llama-3.2-1B-Instruct-FP8-dynamic,llama-3,Llama-3.2-1B-Instruct,fp8_dynamic,gsm8k,45.72,45.94,0.22,0.03641791044776119,-1.8015231159884701,1.8743589368839924,False,True,Llama-3.2-1B-Instruct|s0
RedHatAI/Llama-3.2-1B-Instruct-FP8-dynamic,llama-3,Llama-3.2-1B-Instruct,fp8_dynamic,winogrande,62.27,61.4,-0.87,0.03641791044776119,-1.7882148477030966,1.8610506685986188,False,True,Llama-3.2-1B-Instruct|s0
RedHatAI/Llama-3.2-1B-Instruct-FP8-dynamic,llama-3,Llama-3.2-1B-Instruct,fp8_dynamic,hellaswag,61.01,60.95,-0.06,0.03641791044776119,-0.6157327841267567,0.6885686050222791,False,True,Llama-3.2-1B-Instruct|s0
RedHatAI/Llama-3.2-1B-Instruct-FP8-dynamic,llama-3,Llama-3.2-1B-Instruct,fp8_dynamic,truthfulqa,43.52,44.23,0.71,0.03641791044776119,-2.2877189505762705,2.360554771471793,False,True,Llama-3.2-1B-Instruct|s0
RedHatAI/Llama-3.2-1B-Instruct-FP8,llama-3,Llama-3.2-1B-Instruct,fp8,mmlu,47.66,47.76,0.1,-0.3361111111111111,-0.6302287643938685,-0.04199345782835362,False,False,Llama-3.2-1B-Instruct|s0
RedHatAI/Llama-3.2-1B-Instruct-FP8,llama-3,Llama-3.2-1B-Instruct,fp8,arc_challenge,58.36,57.85,-0.51,-0.3361111111111111,-1.3409371818313234,0.6687149596091013,False,True,Llama-3.2-1B-Instruct|s0
RedHatAI/Llama-3.2-1B-Instruct-FP8,llama-3,Llama-3.2-1B-Instruct,fp8,gsm8k,45.72,45.49,-0.23,-0.3361111111111111,-1.2932882797488288,0.6210660575266067,False,True,Llama-3.2-1B-Instruct|s0
RedHatAI/Llama-3.2-1B-Instruct-FP8,llama-3,Llama-3.2-1B-Instruct,fp8,hellaswag,61.01,61.0,-0.01,-0.3361111111111111,-0.6757432028808499,0.0035209806586277703,False,True,Llama-3.2-1B-Instruct|s0
RedHatAI/Llama-3.2-1B-Instruct-FP8,llama-3,Llama-3.2-1B-Instruct,fp8,winogrande,62.27,62.35,0.08,-0.3361111111111111,-1.286357496674921,0.6141352744526989,False,True,Llama-3.2-1B-Instruct|s0
RedHatAI/Llama-3.2-1B-Instruct-FP8,llama-3,Llama-3.2-1B-Instruct,fp8,truthfulqa,43.52,43.08,-0.44,-0.3361111111111111,-1.5464931136691895,0.8742708914469675,False,True,Llama-3.2-1B-Instruct|s0
RedHatAI/Llama-3.2-1B-Instruct-quantized.w8a8,llama-3,Llama-3.2-1B-Instruct,w8a8_int,mmlu,47.66,47.95,0.29,-0.3317557251908397,-0.9821306217394348,0.31861917135775536,False,True,Llama-3.2-1B-Instruct|s0
RedHatAI/Llama-3.2-1B-Instruct-quantized.w8a8,llama-3,Llama-3.2-1B-Instruct,w8a8_int,mmlu_cot,47.1,44.63,-2.47,-0.3317557251908397,-0.9817479793257984,0.31823652894411897,False,False,Llama-3.2-1B-Instruct|s0
RedHatAI/Llama-3.2-1B-Instruct-quantized.w8a8,llama-3,Llama-3.2-1B-Instruct,w8a8_int,arc_challenge,58.36,56.14,-2.22,-0.3317557251908397,-2.553702094270962,1.8901906438892828,False,True,Llama-3.2-1B-Instruct|s0
RedHatAI/Llama-3.2-1B-Instruct-quantized.w8a8,llama-3,Llama-3.2-1B-Instruct,w8a8_int,gsm8k,45.72,46.7,0.98,-0.3317557251908397,-2.448337287307934,1.7848258369262546,False,True,Llama-3.2-1B-Instruct|s0
RedHatAI/Llama-3.2-1B-Instruct-quantized.w8a8,llama-3,Llama-3.2-1B-Instruct,w8a8_int,hellaswag,61.01,60.95,-0.06,-0.3317557251908397,-1.0827755435659385,0.4192640931842592,False,True,Llama-3.2-1B-Instruct|s0
RedHatAI/Llama-3.2-1B-Instruct-quantized.w8a8,llama-3,Llama-3.2-1B-Instruct,w8a8_int,winogrande,62.27,61.33,-0.94,-0.3317557251908397,-2.4330114227282924,1.7694999723466132,False,True,Llama-3.2-1B-Instruct|s0
RedHatAI/Llama-3.2-1B-Instruct-quantized.w8a8,llama-3,Llama-3.2-1B-Instruct,w8a8_int,truthfulqa,43.52,42.84,-0.68,-0.3317557251908397,-3.0082427055258654,2.344731255144186,False,True,Llama-3.2-1B-Instruct|s0
RedHatAI/Llama-3.2-1B-Instruct-FP8-dynamic,llama-3,Llama-3.2-1B-Instruct,fp8_dynamic,mmlu,47.66,47.55,-0.11,-0.0007432432432432454,-0.4973358469474954,0.49584936046100886,False,True,Llama-3.2-1B-Instruct|s1
RedHatAI/Llama-3.2-1B-Instruct-FP8-dynamic,llama-3,Llama-3.2-1B-Instruct,fp8_dynamic,mmlu_cot,47.1,46.79,-0.31,-0.0007432432432432454,-0.4970436810083059,0.4955571945218194,False,True,Llama-3.2-1B-Instruct|s1
RedHatAI/Llama-3.2-1B-Instruct-FP8-dynamic,llama-3,Llama-3.2-1B-Instruct,fp8_dynamic,arc_challenge,58.36,57.25,-1.11,-0.0007432432432432454,-1.6973064694197666,1.69581998293328,False,True,Llama-3.2-1B-Instruct|s1
RedHatAI/Llama-3.2-1B-Instruct-FP8-dynamic,llama-3,Llama-3.2-1B-Instruct,fp8_dynamic,gsm8k,45.72,45.94,0.22,-0.0007432432432432454,-1.6168553571363202,1.6153688706498337,False,True,Llama-3.2-1B-Instruct|s1
RedHatAI/Llama-3.2-1B-Instruct-FP8-dynamic,llama-3,Llama-3.2-1B-Instruct,fp8_dynamic,winogrande,62.27,61.4,-0.87,-0.0007432432432432454,-1.6051533203018553,1.6036668338153688,False,True,Llama-3.2-1B-Instruct|s1
RedHatAI/Llama-3.2-1B-Instruct-FP8-dynamic,llama-3,Llama-3.2-1B-Instruct,fp8_dynamic,hellaswag,61.01,60.95,-0.06,-0.0007432432432432454,-0.5741830992702179,0.5726966127837314,False,True,Llama-3.2-1B-Instruct|s1
RedHatAI/Llama-3.2-1B-Instruct-FP8-dynamic,llama-3,Llama-3.2-1B-Instruct,fp8_dynamic,truthfulqa,43.52,44.23,0.71,-0.0007432432432432454,-2.044370150429369,2.0428836639428827,False,True,Llama-3.2-1B-Instruct|s1
RedHatAI/Llama-3.2-1B-Instruct-FP8,llama-3,Llama-3.2-1B-Instruct,fp8,mmlu,47.66,47.76,0.1,-0.2742857142857143,-0.6584016958679026,0.10983026729647405,False,True,Llama-3.2-1B-Instruct|s1
RedHatAI/Llama-3.2-1B-Instruct-FP8,llama-3,Llama-3.2-1B-Instruct,fp8,arc_challenge,58.36,57.85,-0.51,-0.2742857142857143,-1.5865828449275323,1.0380114163561038,False,True,Llama-3.2-1B-Instruct|s1
RedHatAI/Llama-3.2-1B-Instruct-FP8,llama-3,Llama-3.2-1B-Instruct,fp8,gsm8k,45.72,45.49,-0.23,-0.2742857142857143,-1.5243536499423025,0.975782221370874,False,True,Llama-3.2-1B-Instruct|s1
RedHatAI/Llama-3.2-1B-Instruct-FP8,llama-3,Llama-3.2-1B-Instruct,fp8,hellaswag,61.01,61.0,-0.01,-0.2742857142857143,-0.7178432935430392,0.16927186497161067,False,True,Llama-3.2-1B-Instruct|s1
RedHatAI/Llama-3.2-1B-Instruct-FP8,llama-3,Llama-3.2-1B-Instruct,fp8,winogrande,62.27,62.35,0.08,-0.2742857142857143,-1.5153020866857172,0.9667306581142887,False,True,Llama-3.2-1B-Instruct|s1
RedHatAI/Llama-3.2-1B-Instruct-FP8,llama-3,Llama-3.2-1B-Instruct,fp8,truthfulqa,43.52,43.08,-0.44,-0.2742857142857143,-1.8550377222416654,1.306466293670237,False,True,Llama-3.2-1B-Instruct|s1
RedHatAI/Llama-3.2-1B-Instruct-quantized.w8a8,llama-3,Llama-3.2-1B-Instruct,w8a8_int,mmlu,47.66,47.95,0.29,-0.2985507246376812,-0.6802276815722111,0.08312623229684879,False,False,Llama-3.2-1B-Instruct|s1
RedHatAI/Llama-3.2-1B-Instruct-quantized.w8a8,llama-3,Llama-3.2-1B-Instruct,w8a8_int,mmlu_cot,47.1,44.63,-2.47,-0.2985507246376812,-0.6800031252543,0.0829016759789376,False,False,Llama-3.2-1B-Instruct|s1
RedHatAI/Llama-3.2-1B-Instruct-quantized.w8a8,llama-3,Llama-3.2-1B-Instruct,w8a8_int,arc_challenge,58.36,56.14,-2.22,-0.2985507246376812,-1.6025151505753032,1.0054137012999407,False,False,Llama-3.2-1B-Instruct|s1
RedHatAI/Llama-3.2-1B-Instruct-quantized.w8a8,llama-3,Llama-3.2-1B-Instruct,w8a8_int,gsm8k,45.72,46.7,0.98,-0.2985507246376812,-1.5406810928601962,0.9435796435848337,False,False,Llama-3.2-1B-Instruct|s1
RedHatAI/Llama-3.2-1B-Instruct-quantized.w8a8,llama-3,Llama-3.2-1B-Instruct,w8a8_int,hellaswag,61.01,60.95,-0.06,-0.2985507246376812,-0.7392918424085348,0.14219039313317255,False,True,Llama-3.2-1B-Instruct|s1
RedHatAI/Llama-3.2-1B-Instruct-quantized.w8a8,llama-3,Llama-3.2-1B-Instruct,w8a8_int,winogrande,62.27,61.33,-0.94,-0.2985507246376812,-1.5316870043949269,0.9345855551195646,False,True,Llama-3.2-1B-Instruct|s1
RedHatAI/Llama-3.2-1B-Instruct-quantized.w8a8,llama-3,Llama-3.2-1B-Instruct,w8a8_int,truthfulqa,43.52,42.84,-0.68,-0.2985507246376812,-1.8692654175791432,1.272163968303781,False,True,Llama-3.2-1B-Instruct|s1
RedHatAI/Llama-3.2-1B-Instruct-FP8-dynamic,llama-3,Llama-3.2-1B-Instruct,fp8_dynamic,mmlu,47.66,47.55,-0.11,-0.12401574803149606,-0.7402187879311826,0.49218729186819044,False,True,Llama-3.2-1B-Instruct|s2
RedHatAI/Llama-3.2-1B-Instruct-FP8-dynamic,llama-3,Llama-3.2-1B-Instruct,fp8_dynamic,mmlu_cot,47.1,46.79,-0.31,-0.12401574803149606,-0.7398562502321899,0.4918247541691978,False,True,Llama-3.2-1B-Instruct|s2
RedHatAI/Llama-3.2-1B-Instruct-FP8-dynamic,llama-3,Llama-3.2-1B-Instruct,fp8_dynamic,arc_challenge,58.36,57.25,-1.11,-0.12401574803149606,-2.2292170932665973,1.981185597203605,False,True,Llama-3.2-1B-Instruct|s2
RedHatAI/Llama-3.2-1B-Instruct-FP8-dynamic,llama-3,Llama-3.2-1B-Instruct,fp8_dynamic,gsm8k,45.72,45.94,0.22,-0.12401574803149606,-2.1293883411213175,1.8813568450583256,False,True,Llama-3.2-1B-Instruct|s2
RedHatAI/Llama-3.2-1B-Instruct-FP8-dynamic,llama-3,Llama-3.2-1B-Instruct,fp8_dynamic,winogrande,62.27,61.4,-0.87,-0.12401574803149606,-2.1148677247919014,1.8668362287289093,False,True,Llama-3.2-1B-Instruct|s2
RedHatAI/Llama-3.2-1B-Instruct-FP8-dynamic,llama-3,Llama-3.2-1B-Instruct,fp8_dynamic,hellaswag,61.01,60.95,-0.06,-0.12401574803149606,-0.835575646120318,0.5875441500573259,False,True,Llama-3.2-1B-Instruct|s2
RedHatAI/Llama-3.2-1B-Instruct-FP8-dynamic,llama-3,Llama-3.2-1B-Instruct,fp8_dynamic,truthfulqa,43.52,44.23,0.71,-0.12401574803149606,-2.659875330384157,2.4118438343211643,False,True,Llama-3.2-1B-Instruct|s2
RedHatAI/Llama-3.2-1B-Instruct-FP8,llama-3,Llama-3.2-1B-Instruct,fp8,mmlu,47.66,47.76,0.1,-0.36027777777777775,-0.7242545889478018,0.0036990333922462537,False,False,Llama-3.2-1B-Instruct|s2
RedHatAI/Llama-3.2-1B-Instruct-FP8,llama-3,Llama-3.2-1B-Instruct,fp8,arc_challenge,58.36,57.85,-0.51,-0.36027777777777775,-1.603771274067988,0.8832157185124325,False,True,Llama-3.2-1B-Instruct|s2
RedHatAI/Llama-3.2-1B-Instruct-FP8,llama-3,Llama-3.2-1B-Instruct,fp8,gsm8k,45.72,45.49,-0.23,-0.36027777777777775,-1.544804750834288,0.8242491952787325,False,True,Llama-3.2-1B-Instruct|s2
RedHatAI/Llama-3.2-1B-Instruct-FP8,llama-3,Llama-3.2-1B-Instruct,fp8,hellaswag,61.01,61.0,-0.01,-0.36027777777777775,-0.780579668377017,0.06002411282146147,False,True,Llama-3.2-1B-Instruct|s2
RedHatAI/Llama-3.2-1B-Instruct-FP8,llama-3,Llama-3.2-1B-Instruct,fp8,winogrande,62.27,62.35,0.08,-0.36027777777777775,-1.5362277603204715,0.8156722047649161,False,True,Llama-3.2-1B-Instruct|s2
RedHatAI/Llama-3.2-1B-Instruct-FP8,llama-3,Llama-3.2-1B-Instruct,fp8,truthfulqa,43.52,43.08,-0.44,-0.36027777777777775,-1.8581510834822212,1.1375955279266659,False,True,Llama-3.2-1B-Instruct|s2
RedHatAI/Llama-3.2-1B-Instruct-quantized.w8a8,llama-3,Llama-3.2-1B-Instruct,w8a8_int,mmlu,47.66,47.95,0.29,-0.29620437956204376,-0.7103137468745104,0.11790498775042285,False,False,Llama-3.2-1B-Instruct|s2
RedHatAI/Llama-3.2-1B-Instruct-quantized.w8a8,llama-3,Llama-3.2-1B-Instruct,w8a8_int,mmlu_cot,47.1,44.63,-2.47,-0.29620437956204376,-0.7100701092300399,0.1176613501059523,False,False,Llama-3.2-1B-Instruct|s2
RedHatAI/Llama-3.2-1B-Instruct-quantized.w8a8,llama-3,Llama-3.2-1B-Instruct,w8a8_int,arc_challenge,58.36,56.14,-2.22,-0.29620437956204376,-1.710971170200697,1.1185624110766095,False,False,Llama-3.2-1B-Instruct|s2
RedHatAI/Llama-3.2-1B-Instruct-quantized.w8a8,llama-3,Llama-3.2-1B-Instruct,w8a8_int,gsm8k,45.72,46.7,0.98,-0.29620437956204376,-1.6438828588590253,1.0514740997349379,False,True,Llama-3.2-1B-Instruct|s2
RedHatAI/Llama-3.2-1B-Instruct-quantized.w8a8,llama-3,Llama-3.2-1B-Instruct,w8a8_int,hellaswag,61.01,60.95,-0.06,-0.29620437956204376,-0.7743967936248735,0.181988034500786,False,True,Llama-3.2-1B-Instruct|s2
RedHatAI/Llama-3.2-1B-Instruct-quantized.w8a8,llama-3,Llama-3.2-1B-Instruct,w8a8_int,winogrande,62.27,61.33,-0.94,-0.29620437956204376,-1.6341245116068912,1.0417157524828038,False,True,Llama-3.2-1B-Instruct|s2
RedHatAI/Llama-3.2-1B-Instruct-quantized.w8a8,llama-3,Llama-3.2-1B-Instruct,w8a8_int,truthfulqa,43.52,42.84,-0.68,-0.29620437956204376,-2.000388129470627,1.4079793703465397,False,True,Llama-3.2-1B-Instruct|s2
RedHatAI/Llama-3.2-1B-Instruct-FP8-dynamic,llama-3,Llama-3.2-1B-Instruct,fp8_dynamic,mmlu,47.66,47.55,-0.11,-0.021041666666666667,-0.4854315109406264,0.44334817760729306,False,True,Llama-3.2-1B-Instruct|s3
RedHatAI/Llama-3.2-1B-Instruct-FP8-dynamic,llama-3,Llama-3.2-1B-Instruct,fp8_dynamic,mmlu_cot,47.1,46.79,-0.31,-0.021041666666666667,-0.48515829121485876,0.4430749578815254,False,True,Llama-3.2-1B-Instruct|s3
RedHatAI/Llama-3.2-1B-Instruct-FP8-dynamic,llama-3,Llama-3.2-1B-Instruct,fp8_dynamic,arc_challenge,58.36,57.25,-1.11,-0.021041666666666667,-1.6075871096073753,1.565503776274042,False,True,Llama-3.2-1B-Instruct|s3
RedHatAI/Llama-3.2-1B-Instruct-FP8-dynamic,llama-3,Llama-3.2-1B-Instruct,fp8_dynamic,gsm8k,45.72,45.94,0.22,-0.021041666666666667,-1.5323530460585213,1.490269712725188,False,True,Llama-3.2-1B-Instruct|s3
RedHatAI/Llama-3.2-1B-Instruct-FP8-dynamic,llama-3,Llama-3.2-1B-Instruct,fp8_dynamic,winogrande,62.27,61.4,-0.87,-0.021041666666666667,-1.5214098563639729,1.4793265230306396,False,True,Llama-3.2-1B-Instruct|s3
RedHatAI/Llama-3.2-1B-Instruct-FP8-dynamic,llama-3,Llama-3.2-1B-Instruct,fp8_dynamic,hellaswag,61.01,60.95,-0.06,-0.021041666666666667,-0.5572954156239197,0.5152120822905865,False,True,Llama-3.2-1B-Instruct|s3
RedHatAI/Llama-3.2-1B-Instruct-FP8-dynamic,llama-3,Llama-3.2-1B-Instruct,fp8_dynamic,truthfulqa,43.52,44.23,0.71,-0.021041666666666667,-1.9321445991369288,1.8900612658035956,False,True,Llama-3.2-1B-Instruct|s3
RedHatAI/Llama-3.2-1B-Instruct-FP8,llama-3,Llama-3.2-1B-Instruct,fp8,mmlu,47.66,47.76,0.1,-0.40540540540540543,-0.9629127709592453,0.15210196014843452,False,True,Llama-3.2-1B-Instruct|s3
RedHatAI/Llama-3.2-1B-Instruct-FP8,llama-3,Llama-3.2-1B-Instruct,fp8,arc_challenge,58.36,57.85,-0.51,-0.40540540540540543,-2.3100783458918492,1.4992675350810383,False,True,Llama-3.2-1B-Instruct|s3
RedHatAI/Llama-3.2-1B-Instruct-FP8,llama-3,Llama-3.2-1B-Instruct,fp8,gsm8k,45.72,45.49,-0.23,-0.40540540540540543,-2.219758660639887,1.4089478498290762,False,True,Llama-3.2-1B-Instruct|s3
RedHatAI/Llama-3.2-1B-Instruct-FP8,llama-3,Llama-3.2-1B-Instruct,fp8,hellaswag,61.01,61.0,-0.01,-0.40540540540540543,-1.0491865270984075,0.23837571628759674,False,True,Llama-3.2-1B-Instruct|s3
RedHatAI/Llama-3.2-1B-Instruct-FP8,llama-3,Llama-3.2-1B-Instruct,fp8,winogrande,62.27,62.35,0.08,-0.40540540540540543,-2.2066211880345117,1.395810377223701,False,True,Llama-3.2-1B-Instruct|s3
RedHatAI/Llama-3.2-1B-Instruct-FP8,llama-3,Llama-3.2-1B-Instruct,fp8,truthfulqa,43.52,43.08,-0.44,-0.40540540540540543,-2.6997147541584448,1.888903943347634,False,True,Llama-3.2-1B-Instruct|s3
RedHatAI/Llama-3.2-1B-Instruct-quantized.w8a8,llama-3,Llama-3.2-1B-Instruct,w8a8_int,mmlu,47.66,47.95,0.29,-0.3253284671532847,-1.229215994459004,0.5785590601524346,False,True,Llama-3.2-1B-Instruct|s3
RedHatAI/Llama-3.2-1B-Instruct-quantized.w8a8,llama-3,Llama-3.2-1B-Instruct,w8a8_int,mmlu_cot,47.1,44.63,-2.47,-0.3253284671532847,-1.2286842000940315,0.5780272657874622,False,False,Llama-3.2-1B-Instruct|s3
RedHatAI/Llama-3.2-1B-Instruct-quantized.w8a8,llama-3,Llama-3.2-1B-Instruct,w8a8_int,arc_challenge,58.36,56.14,-2.22,-0.3253284671532847,-3.413377560087008,2.7627206257804384,False,True,Llama-3.2-1B-Instruct|s3
RedHatAI/Llama-3.2-1B-Instruct-quantized.w8a8,llama-3,Llama-3.2-1B-Instruct,w8a8_int,gsm8k,45.72,46.7,0.98,-0.3253284671532847,-3.266942119026377,2.6162851847198074,False,True,Llama-3.2-1B-Instruct|s3
RedHatAI/Llama-3.2-1B-Instruct-quantized.w8a8,llama-3,Llama-3.2-1B-Instruct,w8a8_int,hellaswag,61.01,60.95,-0.06,-0.3253284671532847,-1.3690917645854404,0.7184348302788709,False,True,Llama-3.2-1B-Instruct|s3
RedHatAI/Llama-3.2-1B-Instruct-quantized.w8a8,llama-3,Llama-3.2-1B-Instruct,w8a8_int,winogrande,62.27,61.33,-0.94,-0.3253284671532847,-3.245642315002223,2.5949853806956535,False,True,Llama-3.2-1B-Instruct|s3
RedHatAI/Llama-3.2-1B-Instruct-quantized.w8a8,llama-3,Llama-3.2-1B-Instruct,w8a8_int,truthfulqa,43.52,42.84,-0.68,-0.3253284671532847,-4.04509565275562,3.394438718449051,False,True,Llama-3.2-1B-Instruct|s3
RedHatAI/Llama-3.2-1B-Instruct-FP8-dynamic,llama-3,Llama-3.2-1B-Instruct,fp8_dynamic,mmlu,47.66,47.55,-0.11,-0.029323308270676696,-0.4969830498400077,0.4383364332986543,False,True,Llama-3.2-1B-Instruct|s4
RedHatAI/Llama-3.2-1B-Instruct-FP8-dynamic,llama-3,Llama-3.2-1B-Instruct,fp8_dynamic,mmlu_cot,47.1,46.79,-0.31,-0.029323308270676696,-0.4967079062986068,0.4380612897572534,False,True,Llama-3.2-1B-Instruct|s4
RedHatAI/Llama-3.2-1B-Instruct-FP8-dynamic,llama-3,Llama-3.2-1B-Instruct,fp8_dynamic,arc_challenge,58.36,57.25,-1.11,-0.029323308270676696,-1.6270400563482716,1.5683934398069181,False,True,Llama-3.2-1B-Instruct|s4
RedHatAI/Llama-3.2-1B-Instruct-FP8-dynamic,llama-3,Llama-3.2-1B-Instruct,fp8_dynamic,gsm8k,45.72,45.94,0.22,-0.029323308270676696,-1.551276248956068,1.4926296324147146,False,True,Llama-3.2-1B-Instruct|s4
RedHatAI/Llama-3.2-1B-Instruct-FP8-dynamic,llama-3,Llama-3.2-1B-Instruct,fp8_dynamic,winogrande,62.27,61.4,-0.87,-0.029323308270676696,-1.5402560052371344,1.4816093886957808,False,True,Llama-3.2-1B-Instruct|s4
RedHatAI/Llama-3.2-1B-Instruct-FP8-dynamic,llama-3,Llama-3.2-1B-Instruct,fp8_dynamic,hellaswag,61.01,60.95,-0.06,-0.029323308270676696,-0.5693529681462435,0.51070635160489,False,True,Llama-3.2-1B-Instruct|s4
RedHatAI/Llama-3.2-1B-Instruct-FP8-dynamic,llama-3,Llama-3.2-1B-Instruct,fp8_dynamic,truthfulqa,43.52,44.23,0.71,-0.029323308270676696,-1.953882844900383,1.8952362283590296,False,True,Llama-3.2-1B-Instruct|s4
RedHatAI/Llama-3.2-1B-Instruct-FP8,llama-3,Llama-3.2-1B-Instruct,fp8,mmlu,47.66,47.76,0.1,-0.23199999999999998,-0.6682352109624807,0.2042352109624807,False,True,Llama-3.2-1B-Instruct|s4
RedHatAI/Llama-3.2-1B-Instruct-FP8,llama-3,Llama-3.2-1B-Instruct,fp8,arc_challenge,58.36,57.85,-0.51,-0.23199999999999998,-1.722357712462171,1.258357712462171,False,True,Llama-3.2-1B-Instruct|s4
RedHatAI/Llama-3.2-1B-Instruct-FP8,llama-3,Llama-3.2-1B-Instruct,fp8,gsm8k,45.72,45.49,-0.23,-0.23199999999999998,-1.6516848758606075,1.1876848758606076,False,True,Llama-3.2-1B-Instruct|s4
RedHatAI/Llama-3.2-1B-Instruct-FP8,llama-3,Llama-3.2-1B-Instruct,fp8,hellaswag,61.01,61.0,-0.01,-0.23199999999999998,-0.735742211829644,0.2717422118296441,False,True,Llama-3.2-1B-Instruct|s4
RedHatAI/Llama-3.2-1B-Instruct-FP8,llama-3,Llama-3.2-1B-Instruct,fp8,winogrande,62.27,62.35,0.08,-0.23199999999999998,-1.6414051405824444,1.1774051405824444,False,True,Llama-3.2-1B-Instruct|s4
RedHatAI/Llama-3.2-1B-Instruct-FP8,llama-3,Llama-3.2-1B-Instruct,fp8,truthfulqa,43.52,43.08,-0.44,-0.23199999999999998,-2.0272382059960754,1.5632382059960754,False,True,Llama-3.2-1B-Instruct|s4
RedHatAI/Llama-3.2-1B-Instruct-quantized.w8a8,llama-3,Llama-3.2-1B-Instruct,w8a8_int,mmlu,47.66,47.95,0.29,-0.2640909090909091,-0.713309823637814,0.18512800545599584,False,False,Llama-3.2-1B-Instruct|s4
RedHatAI/Llama-3.2-1B-Instruct-quantized.w8a8,llama-3,Llama-3.2-1B-Instruct,w8a8_int,mmlu_cot,47.1,44.63,-2.47,-0.2640909090909091,-0.7130455295965994,0.18486371141478125,False,False,Llama-3.2-1B-Instruct|s4
RedHatAI/Llama-3.2-1B-Instruct-quantized.w8a8,llama-3,Llama-3.2-1B-Instruct,w8a8_int,arc_challenge,58.36,56.14,-2.22,-0.2640909090909091,-1.7988062577252635,1.2706244395434452,False,False,Llama-3.2-1B-Instruct|s4
RedHatAI/Llama-3.2-1B-Instruct-quantized.w8a8,llama-3,Llama-3.2-1B-Instruct,w8a8_int,gsm8k,45.72,46.7,0.98,-0.2640909090909091,-1.7260299798176197,1.1978481616358014,False,True,Llama-3.2-1B-Instruct|s4
RedHatAI/Llama-3.2-1B-Instruct-quantized.w8a8,llama-3,Llama-3.2-1B-Instruct,w8a8_int,hellaswag,61.01,60.95,-0.06,-0.2640909090909091,-0.7828260407880896,0.25464422260627145,False,True,Llama-3.2-1B-Instruct|s4
RedHatAI/Llama-3.2-1B-Instruct-quantized.w8a8,llama-3,Llama-3.2-1B-Instruct,w8a8_int,winogrande,62.27,61.33,-0.94,-0.2640909090909091,-1.7154442879535965,1.1872624697717782,False,True,Llama-3.2-1B-Instruct|s4
RedHatAI/Llama-3.2-1B-Instruct-quantized.w8a8,llama-3,Llama-3.2-1B-Instruct,w8a8_int,truthfulqa,43.52,42.84,-0.68,-0.2640909090909091,-2.1127609338497555,1.5845791156679374,False,True,Llama-3.2-1B-Instruct|s4
RedHatAI/Llama-3.2-3B-Instruct-FP8-dynamic,llama-3,Llama-3.2-3B-Instruct,fp8_dynamic,mmlu,62.98,62.95,-0.03,-0.0980909090909091,-0.5845117558255152,0.38832993764369694,False,True,Llama-3.2-3B-Instruct|s0
RedHatAI/Llama-3.2-3B-Instruct-FP8-dynamic,llama-3,Llama-3.2-3B-Instruct,fp8_dynamic,mmlu_cot,65.4,65.23,-0.17,-0.0980909090909091,-0.5772939525127802,0.3811121343309619,False,True,Llama-3.2-3B-Instruct|s0
RedHatAI/Llama-3.2-3B-Instruct-FP8-dynamic,llama-3,Llama-3.2-3B-Instruct,fp8_dynamic,arc_challenge,77.13,76.71,-0.42,-0.0980909090909091,-1.5625865068216485,1.3664046886398304,False,True,Llama-3.2-3B-Instruct|s0
RedHatAI/Llama-3.2-3B-Instruct-FP8-dynamic,llama-3,Llama-3.2-3B-Instruct,fp8_dynamic,gsm8k,77.94,76.72,-1.22,-0.0980909090909091,-1.4610025011899341,1.2648206830081161,False,True,Llama-3.2-3B-Instruct|s0
RedHatAI/Llama-3.2-3B-Instruct-FP8-dynamic,llama-3,Llama-3.2-3B-Instruct,fp8_dynamic,winogrande,71.11,71.11,0.0,-0.0980909090909091,-1.6181411102598644,1.4219592920780464,False,True,Llama-3.2-3B-Instruct|s0
RedHatAI/Llama-3.2-3B-Instruct-FP8-dynamic,llama-3,Llama-3.2-3B-Instruct,fp8_dynamic,hellaswag,73.62,73.54,-0.08,-0.0980909090909091,-0.6230582934735074,0.42687647529168915,False,True,Llama-3.2-3B-Instruct|s0
RedHatAI/Llama-3.2-3B-Instruct-FP8-dynamic,llama-3,Llama-3.2-3B-Instruct,fp8_dynamic,truthfulqa,51.47,51.06,-0.41,-0.0980909090909091,-2.1853594614661094,1.9891776432842911,False,True,Llama-3.2-3B-Instruct|s0
RedHatAI/Llama-3.2-3B-Instruct-FP8,llama-3,Llama-3.2-3B-Instruct,fp8,mmlu,62.98,62.61,-0.37,-0.39865384615384614,-0.9325517281653085,0.13524403585761624,False,True,Llama-3.2-3B-Instruct|s0
RedHatAI/Llama-3.2-3B-Instruct-FP8,llama-3,Llama-3.2-3B-Instruct,fp8,mmlu_cot,65.4,65.2,-0.2,-0.39865384615384614,-0.924629432220729,0.12732173991303675,False,True,Llama-3.2-3B-Instruct|s0
RedHatAI/Llama-3.2-3B-Instruct-FP8,llama-3,Llama-3.2-3B-Instruct,fp8,arc_challenge,77.13,76.62,-0.51,-0.39865384615384614,-2.006091321526189,1.2087836292184968,False,True,Llama-3.2-3B-Instruct|s0
RedHatAI/Llama-3.2-3B-Instruct-FP8,llama-3,Llama-3.2-3B-Instruct,fp8,gsm8k,77.94,77.86,-0.08,-0.39865384615384614,-1.894592223950291,1.0972845316425985,False,True,Llama-3.2-3B-Instruct|s0
RedHatAI/Llama-3.2-3B-Instruct-FP8,llama-3,Llama-3.2-3B-Instruct,fp8,hellaswag,73.62,73.48,-0.14,-0.39865384615384614,-0.9748605949568806,0.17755290264918833,False,True,Llama-3.2-3B-Instruct|s0
RedHatAI/Llama-3.2-3B-Instruct-FP8,llama-3,Llama-3.2-3B-Instruct,fp8,winogrande,71.11,70.88,-0.23,-0.39865384615384614,-2.0670683238704846,1.269760631562792,False,True,Llama-3.2-3B-Instruct|s0
RedHatAI/Llama-3.2-3B-Instruct-FP8,llama-3,Llama-3.2-3B-Instruct,fp8,truthfulqa,51.47,51.65,0.18,-0.39865384615384614,-2.6896499389061517,1.8923422465984596,False,True,Llama-3.2-3B-Instruct|s0
RedHatAI/Llama-3.2-3B-Instruct-quantized.w8a8,llama-3,Llama-3.2-3B-Instruct,w8a8_int,mmlu,62.98,62.75,-0.23,-0.3505607476635514,-0.8266824503343886,0.12556095500728587,False,True,Llama-3.2-3B-Instruct|s0
RedHatAI/Llama-3.2-3B-Instruct-quantized.w8a8,llama-3,Llama-3.2-3B-Instruct,w8a8_int,mmlu_cot,65.4,65.05,-0.35,-0.3505607476635514,-0.8196174718782379,0.11849597655113514,False,True,Llama-3.2-3B-Instruct|s0
RedHatAI/Llama-3.2-3B-Instruct-quantized.w8a8,llama-3,Llama-3.2-3B-Instruct,w8a8_int,arc_challenge,77.13,76.45,-0.68,-0.3505607476635514,-1.7840481120033123,1.0829266166762093,False,True,Llama-3.2-3B-Instruct|s0
RedHatAI/Llama-3.2-3B-Instruct-quantized.w8a8,llama-3,Llama-3.2-3B-Instruct,w8a8_int,gsm8k,77.94,77.56,-0.38,-0.3505607476635514,-1.6846149769923766,0.9834934816652737,False,True,Llama-3.2-3B-Instruct|s0
RedHatAI/Llama-3.2-3B-Instruct-quantized.w8a8,llama-3,Llama-3.2-3B-Instruct,w8a8_int,hellaswag,73.62,73.63,0.01,-0.3505607476635514,-0.8644128298200381,0.16329133449293531,False,True,Llama-3.2-3B-Instruct|s0
RedHatAI/Llama-3.2-3B-Instruct-quantized.w8a8,llama-3,Llama-3.2-3B-Instruct,w8a8_int,winogrande,71.11,71.9,0.79,-0.3505607476635514,-1.8384264400658803,1.1373049447387777,False,True,Llama-3.2-3B-Instruct|s0
RedHatAI/Llama-3.2-3B-Instruct-FP8-dynamic,llama-3,Llama-3.2-3B-Instruct,fp8_dynamic,mmlu,62.98,62.95,-0.03,-0.09458333333333335,-0.5734173930182569,0.38425072635159013,False,True,Llama-3.2-3B-Instruct|s1
RedHatAI/Llama-3.2-3B-Instruct-FP8-dynamic,llama-3,Llama-3.2-3B-Instruct,fp8_dynamic,mmlu_cot,65.4,65.23,-0.17,-0.09458333333333335,-0.5663121669872478,0.37714550032058114,False,True,Llama-3.2-3B-Instruct|s1
RedHatAI/Llama-3.2-3B-Instruct-FP8-dynamic,llama-3,Llama-3.2-3B-Instruct,fp8_dynamic,arc_challenge,77.13,76.71,-0.42,-0.09458333333333335,-1.536236949044246,1.3470702823775795,False,True,Llama-3.2-3B-Instruct|s1
RedHatAI/Llama-3.2-3B-Instruct-FP8-dynamic,llama-3,Llama-3.2-3B-Instruct,fp8_dynamic,gsm8k,77.94,76.72,-1.22,-0.09458333333333335,-1.4362373660859338,1.2470706994192668,False,True,Llama-3.2-3B-Instruct|s1
RedHatAI/Llama-3.2-3B-Instruct-FP8-dynamic,llama-3,Llama-3.2-3B-Instruct,fp8_dynamic,winogrande,71.11,71.11,0.0,-0.09458333333333335,-1.5909250580697645,1.4017583914030975,False,True,Llama-3.2-3B-Instruct|s1
RedHatAI/Llama-3.2-3B-Instruct-FP8-dynamic,llama-3,Llama-3.2-3B-Instruct,fp8_dynamic,hellaswag,73.62,73.54,-0.08,-0.09458333333333335,-0.6113627138915135,0.4221960472248468,False,True,Llama-3.2-3B-Instruct|s1
RedHatAI/Llama-3.2-3B-Instruct-FP8-dynamic,llama-3,Llama-3.2-3B-Instruct,fp8_dynamic,truthfulqa,51.47,51.06,-0.41,-0.09458333333333335,-2.149296410077347,1.96012974341068,False,True,Llama-3.2-3B-Instruct|s1
RedHatAI/Llama-3.2-3B-Instruct-FP8,llama-3,Llama-3.2-3B-Instruct,fp8,mmlu,62.98,62.61,-0.37,-0.3067441860465116,-0.699974519084746,0.0864861469917228,False,True,Llama-3.2-3B-Instruct|s1
RedHatAI/Llama-3.2-3B-Instruct-FP8,llama-3,Llama-3.2-3B-Instruct,fp8,mmlu_cot,65.4,65.2,-0.2,-0.3067441860465116,-0.6941395323247731,0.0806511602317499,False,True,Llama-3.2-3B-Instruct|s1
RedHatAI/Llama-3.2-3B-Instruct-FP8,llama-3,Llama-3.2-3B-Instruct,fp8,arc_challenge,77.13,76.62,-0.51,-0.3067441860465116,-1.4906656719257803,0.8771772998327569,False,True,Llama-3.2-3B-Instruct|s1
RedHatAI/Llama-3.2-3B-Instruct-FP8,llama-3,Llama-3.2-3B-Instruct,fp8,gsm8k,77.94,77.86,-0.08,-0.3067441860465116,-1.408543549417919,0.7950551773248957,False,True,Llama-3.2-3B-Instruct|s1
RedHatAI/Llama-3.2-3B-Instruct-FP8,llama-3,Llama-3.2-3B-Instruct,fp8,hellaswag,73.62,73.48,-0.14,-0.3067441860465116,-0.7311361519352824,0.11764777984225916,False,True,Llama-3.2-3B-Instruct|s1
RedHatAI/Llama-3.2-3B-Instruct-FP8,llama-3,Llama-3.2-3B-Instruct,fp8,winogrande,71.11,70.88,-0.23,-0.3067441860465116,-1.5355768951154722,0.9220885230224489,False,True,Llama-3.2-3B-Instruct|s1
RedHatAI/Llama-3.2-3B-Instruct-FP8,llama-3,Llama-3.2-3B-Instruct,fp8,truthfulqa,51.47,51.65,0.18,-0.3067441860465116,-1.9941252131975828,1.3806368411045595,False,True,Llama-3.2-3B-Instruct|s1
RedHatAI/Llama-3.2-3B-Instruct-quantized.w8a8,llama-3,Llama-3.2-3B-Instruct,w8a8_int,mmlu,62.98,62.75,-0.23,-0.40270833333333333,-1.3365091605481503,0.5310924938814835,False,True,Llama-3.2-3B-Instruct|s1
RedHatAI/Llama-3.2-3B-Instruct-quantized.w8a8,llama-3,Llama-3.2-3B-Instruct,w8a8_int,mmlu_cot,65.4,65.05,-0.35,-0.40270833333333333,-1.3226528656353147,0.5172361989686481,False,True,Llama-3.2-3B-Instruct|s1
RedHatAI/Llama-3.2-3B-Instruct-quantized.w8a8,llama-3,Llama-3.2-3B-Instruct,w8a8_int,arc_challenge,77.13,76.45,-0.68,-0.40270833333333333,-3.2141569169906936,2.4087402503240267,False,True,Llama-3.2-3B-Instruct|s1
RedHatAI/Llama-3.2-3B-Instruct-quantized.w8a8,llama-3,Llama-3.2-3B-Instruct,w8a8_int,gsm8k,77.94,77.56,-0.38,-0.40270833333333333,-3.0191421902833797,2.213725523616713,False,True,Llama-3.2-3B-Instruct|s1
RedHatAI/Llama-3.2-3B-Instruct-quantized.w8a8,llama-3,Llama-3.2-3B-Instruct,w8a8_int,hellaswag,73.62,73.63,0.01,-0.40270833333333333,-1.4105084329551594,0.6050917662884926,False,True,Llama-3.2-3B-Instruct|s1
RedHatAI/Llama-3.2-3B-Instruct-quantized.w8a8,llama-3,Llama-3.2-3B-Instruct,w8a8_int,winogrande,71.11,71.9,0.79,-0.40270833333333333,-3.320807228124463,2.5153905614577963,False,True,Llama-3.2-3B-Instruct|s1
RedHatAI/Llama-3.2-3B-Instruct-FP8-dynamic,llama-3,Llama-3.2-3B-Instruct,fp8_dynamic,mmlu,62.98,62.95,-0.03,0.00523809523809524,-0.6344396109458909,0.6449158014220814,False,True,Llama-3.2-3B-Instruct|s2
RedHatAI/Llama-3.2-3B-Instruct-FP8-dynamic,llama-3,Llama-3.2-3B-Instruct,fp8_dynamic,mmlu_cot,65.4,65.23,-0.17,0.00523809523809524,-0.624947690733646,0.6354238812098365,False,True,Llama-3.2-3B-Instruct|s2
RedHatAI/Llama-3.2-3B-Instruct-FP8-dynamic,llama-3,Llama-3.2-3B-Instruct,fp8_dynamic,arc_challenge,77.13,76.71,-0.42,0.00523809523809524,-1.9206768628929474,1.931153053369138,False,True,Llama-3.2-3B-Instruct|s2
RedHatAI/Llama-3.2-3B-Instruct-FP8-dynamic,llama-3,Llama-3.2-3B-Instruct,fp8_dynamic,gsm8k,77.94,76.72,-1.22,0.00523809523809524,-1.787086733802674,1.7975629242788644,False,True,Llama-3.2-3B-Instruct|s2
RedHatAI/Llama-3.2-3B-Instruct-FP8-dynamic,llama-3,Llama-3.2-3B-Instruct,fp8_dynamic,winogrande,71.11,71.11,0.0,0.00523809523809524,-1.9937350830204006,2.004211273496591,False,True,Llama-3.2-3B-Instruct|s2
RedHatAI/Llama-3.2-3B-Instruct-FP8-dynamic,llama-3,Llama-3.2-3B-Instruct,fp8_dynamic,hellaswag,73.62,73.54,-0.08,0.00523809523809524,-0.6851310254885236,0.6956072159647141,False,True,Llama-3.2-3B-Instruct|s2
RedHatAI/Llama-3.2-3B-Instruct-FP8-dynamic,llama-3,Llama-3.2-3B-Instruct,fp8_dynamic,truthfulqa,51.47,51.06,-0.41,0.00523809523809524,-2.7396672038183385,2.7501433942945286,False,True,Llama-3.2-3B-Instruct|s2
RedHatAI/Llama-3.2-3B-Instruct-FP8,llama-3,Llama-3.2-3B-Instruct,fp8,mmlu,62.98,62.61,-0.37,-0.348125,-0.7813612920919741,0.0851112920919741,False,True,Llama-3.2-3B-Instruct|s2
RedHatAI/Llama-3.2-3B-Instruct-FP8,llama-3,Llama-3.2-3B-Instruct,fp8,mmlu_cot,65.4,65.2,-0.2,-0.348125,-0.7749326729954644,0.07868267299546444,False,True,Llama-3.2-3B-Instruct|s2
RedHatAI/Llama-3.2-3B-Instruct-FP8,llama-3,Llama-3.2-3B-Instruct,fp8,arc_challenge,77.13,76.62,-0.51,-0.348125,-1.6524947588316083,0.9562447588316083,False,True,Llama-3.2-3B-Instruct|s2
RedHatAI/Llama-3.2-3B-Instruct-FP8,llama-3,Llama-3.2-3B-Instruct,fp8,gsm8k,77.94,77.86,-0.08,-0.348125,-1.5620178020334428,0.8657678020334427,False,True,Llama-3.2-3B-Instruct|s2
RedHatAI/Llama-3.2-3B-Instruct-FP8,llama-3,Llama-3.2-3B-Instruct,fp8,hellaswag,73.62,73.48,-0.14,-0.348125,-0.8156932068437925,0.1194432068437925,False,True,Llama-3.2-3B-Instruct|s2
RedHatAI/Llama-3.2-3B-Instruct-FP8,llama-3,Llama-3.2-3B-Instruct,fp8,winogrande,71.11,70.88,-0.23,-0.348125,-1.7019751019620182,1.0057251019620181,False,True,Llama-3.2-3B-Instruct|s2
RedHatAI/Llama-3.2-3B-Instruct-FP8,llama-3,Llama-3.2-3B-Instruct,fp8,truthfulqa,51.47,51.65,0.18,-0.348125,-2.207174615783829,1.510924615783829,False,True,Llama-3.2-3B-Instruct|s2
RedHatAI/Llama-3.2-3B-Instruct-quantized.w8a8,llama-3,Llama-3.2-3B-Instruct,w8a8_int,mmlu,62.98,62.75,-0.23,-0.2624390243902439,-0.8256073677387715,0.3007293189582837,False,True,Llama-3.2-3B-Instruct|s2
RedHatAI/Llama-3.2-3B-Instruct-quantized.w8a8,llama-3,Llama-3.2-3B-Instruct,w8a8_int,mmlu_cot,65.4,65.05,-0.35,-0.2624390243902439,-0.8172507391905993,0.2923726904101115,False,True,Llama-3.2-3B-Instruct|s2
RedHatAI/Llama-3.2-3B-Instruct-quantized.w8a8,llama-3,Llama-3.2-3B-Instruct,w8a8_int,arc_challenge,77.13,76.45,-0.68,-0.2624390243902439,-1.9580027839451968,1.433124735164709,False,True,Llama-3.2-3B-Instruct|s2
RedHatAI/Llama-3.2-3B-Instruct-quantized.w8a8,llama-3,Llama-3.2-3B-Instruct,w8a8_int,gsm8k,77.94,77.56,-0.38,-0.2624390243902439,-1.840390850685409,1.3155128019049211,False,True,Llama-3.2-3B-Instruct|s2
RedHatAI/Llama-3.2-3B-Instruct-quantized.w8a8,llama-3,Llama-3.2-3B-Instruct,w8a8_int,hellaswag,73.62,73.63,0.01,-0.2624390243902439,-0.8702357793185193,0.3453577305380314,False,True,Llama-3.2-3B-Instruct|s2
RedHatAI/Llama-3.2-3B-Instruct-quantized.w8a8,llama-3,Llama-3.2-3B-Instruct,w8a8_int,winogrande,71.11,71.9,0.79,-0.2624390243902439,-2.0223227944745865,1.497444745694099,False,True,Llama-3.2-3B-Instruct|s2
RedHatAI/Llama-3.2-3B-Instruct-FP8-dynamic,llama-3,Llama-3.2-3B-Instruct,fp8_dynamic,mmlu,62.98,62.95,-0.03,-0.03316770186335405,-0.607067073561089,0.5407316698343809,False,True,Llama-3.2-3B-Instruct|s3
RedHatAI/Llama-3.2-3B-Instruct-FP8-dynamic,llama-3,Llama-3.2-3B-Instruct,fp8_dynamic,mmlu_cot,65.4,65.23,-0.17,-0.03316770186335405,-0.5985512115991191,0.532215807872411,False,True,Llama-3.2-3B-Instruct|s3
RedHatAI/Llama-3.2-3B-Instruct-FP8-dynamic,llama-3,Llama-3.2-3B-Instruct,fp8_dynamic,arc_challenge,77.13,76.71,-0.42,-0.03316770186335405,-1.7610399940028745,1.6947045902761664,False,True,Llama-3.2-3B-Instruct|s3
RedHatAI/Llama-3.2-3B-Instruct-FP8-dynamic,llama-3,Llama-3.2-3B-Instruct,fp8_dynamic,gsm8k,77.94,76.72,-1.22,-0.03316770186335405,-1.6411869955182345,1.5748515917915265,False,True,Llama-3.2-3B-Instruct|s3
RedHatAI/Llama-3.2-3B-Instruct-FP8-dynamic,llama-3,Llama-3.2-3B-Instruct,fp8_dynamic,winogrande,71.11,71.11,0.0,-0.03316770186335405,-1.8265856058370327,1.7602502021103246,False,True,Llama-3.2-3B-Instruct|s3
RedHatAI/Llama-3.2-3B-Instruct-FP8-dynamic,llama-3,Llama-3.2-3B-Instruct,fp8_dynamic,hellaswag,73.62,73.54,-0.08,-0.03316770186335405,-0.6525458680778372,0.5862104643511291,False,True,Llama-3.2-3B-Instruct|s3
RedHatAI/Llama-3.2-3B-Instruct-FP8-dynamic,llama-3,Llama-3.2-3B-Instruct,fp8_dynamic,truthfulqa,51.47,51.06,-0.41,-0.03316770186335405,-2.4958132048554154,2.429477801128707,False,True,Llama-3.2-3B-Instruct|s3
RedHatAI/Llama-3.2-3B-Instruct-FP8,llama-3,Llama-3.2-3B-Instruct,fp8,mmlu,62.98,62.61,-0.37,-0.34703703703703703,-0.6816823447011168,-0.012391729372957294,False,True,Llama-3.2-3B-Instruct|s3
RedHatAI/Llama-3.2-3B-Instruct-FP8,llama-3,Llama-3.2-3B-Instruct,fp8,mmlu_cot,65.4,65.2,-0.2,-0.34703703703703703,-0.6767166775705571,-0.01735739650351692,False,True,Llama-3.2-3B-Instruct|s3
RedHatAI/Llama-3.2-3B-Instruct-FP8,llama-3,Llama-3.2-3B-Instruct,fp8,arc_challenge,77.13,76.62,-0.51,-0.34703703703703703,-1.3545731719812855,0.6604990979072114,False,True,Llama-3.2-3B-Instruct|s3
RedHatAI/Llama-3.2-3B-Instruct-FP8,llama-3,Llama-3.2-3B-Instruct,fp8,gsm8k,77.94,77.86,-0.08,-0.34703703703703703,-1.2846859312378345,0.5906118571637605,False,True,Llama-3.2-3B-Instruct|s3
RedHatAI/Llama-3.2-3B-Instruct-FP8,llama-3,Llama-3.2-3B-Instruct,fp8,hellaswag,73.62,73.48,-0.14,-0.34703703703703703,-0.7082013930461712,0.014127318972097236,False,True,Llama-3.2-3B-Instruct|s3
RedHatAI/Llama-3.2-3B-Instruct-FP8,llama-3,Llama-3.2-3B-Instruct,fp8,winogrande,71.11,70.88,-0.23,-0.34703703703703703,-1.3927933417880314,0.6987192677139573,False,True,Llama-3.2-3B-Instruct|s3
RedHatAI/Llama-3.2-3B-Instruct-FP8,llama-3,Llama-3.2-3B-Instruct,fp8,truthfulqa,51.47,51.65,0.18,-0.34703703703703703,-1.7830253002379763,1.0889512261639023,False,True,Llama-3.2-3B-Instruct|s3
RedHatAI/Llama-3.2-3B-Instruct-quantized.w8a8,llama-3,Llama-3.2-3B-Instruct,w8a8_int,mmlu,62.98,62.75,-0.23,-0.3141333333333333,-0.9276939030662903,0.2994272363996236,False,True,Llama-3.2-3B-Instruct|s3
RedHatAI/Llama-3.2-3B-Instruct-quantized.w8a8,llama-3,Llama-3.2-3B-Instruct,w8a8_int,mmlu_cot,65.4,65.05,-0.35,-0.3141333333333333,-0.9185895245378792,0.29032285787121254,False,True,Llama-3.2-3B-Instruct|s3
RedHatAI/Llama-3.2-3B-Instruct-quantized.w8a8,llama-3,Llama-3.2-3B-Instruct,w8a8_int,arc_challenge,77.13,76.45,-0.68,-0.3141333333333333,-2.1614159063299168,1.53314923966325,False,True,Llama-3.2-3B-Instruct|s3
RedHatAI/Llama-3.2-3B-Instruct-quantized.w8a8,llama-3,Llama-3.2-3B-Instruct,w8a8_int,gsm8k,77.94,77.56,-0.38,-0.3141333333333333,-2.0332800733581915,1.405013406691525,False,True,Llama-3.2-3B-Instruct|s3
RedHatAI/Llama-3.2-3B-Instruct-quantized.w8a8,llama-3,Llama-3.2-3B-Instruct,w8a8_int,hellaswag,73.62,73.63,0.01,-0.3141333333333333,-0.9763156588140223,0.3480489921473556,False,True,Llama-3.2-3B-Instruct|s3
RedHatAI/Llama-3.2-3B-Instruct-quantized.w8a8,llama-3,Llama-3.2-3B-Instruct,w8a8_int,winogrande,71.11,71.9,0.79,-0.3141333333333333,-2.231491262609698,1.6032245959430313,False,True,Llama-3.2-3B-Instruct|s3
RedHatAI/Llama-3.2-3B-Instruct-FP8-dynamic,llama-3,Llama-3.2-3B-Instruct,fp8_dynamic,mmlu,62.98,62.95,-0.03,-0.08947761194029852,-0.7611316451526047,0.5821764212720075,False,True,Llama-3.2-3B-Instruct|s4
RedHatAI/Llama-3.2-3B-Instruct-FP8-dynamic,llama-3,Llama-3.2-3B-Instruct,fp8_dynamic,mmlu_cot,65.4,65.23,-0.17,-0.08947761194029852,-0.7511652410840375,0.5722100172034406,False,True,Llama-3.2-3B-Instruct|s4
RedHatAI/Llama-3.2-3B-Instruct-FP8-dynamic,llama-3,Llama-3.2-3B-Instruct,fp8_dynamic,arc_challenge,77.13,76.71,-0.42,-0.08947761194029852,-2.111665561821062,1.932710337940465,False,True,Llama-3.2-3B-Instruct|s4
RedHatAI/Llama-3.2-3B-Instruct-FP8-dynamic,llama-3,Llama-3.2-3B-Instruct,fp8_dynamic,gsm8k,77.94,76.72,-1.22,-0.08947761194029852,-1.9713975047457268,1.79244228086513,False,True,Llama-3.2-3B-Instruct|s4
RedHatAI/Llama-3.2-3B-Instruct-FP8-dynamic,llama-3,Llama-3.2-3B-Instruct,fp8_dynamic,winogrande,71.11,71.11,0.0,-0.08947761194029852,-2.188375829716193,2.009420605835596,False,True,Llama-3.2-3B-Instruct|s4
RedHatAI/Llama-3.2-3B-Instruct-FP8-dynamic,llama-3,Llama-3.2-3B-Instruct,fp8_dynamic,hellaswag,73.62,73.54,-0.08,-0.08947761194029852,-0.8143570314645725,0.6354018075839756,False,True,Llama-3.2-3B-Instruct|s4
RedHatAI/Llama-3.2-3B-Instruct-FP8-dynamic,llama-3,Llama-3.2-3B-Instruct,fp8_dynamic,truthfulqa,51.47,51.06,-0.41,-0.08947761194029852,-2.9715957427960498,2.792640518915453,False,True,Llama-3.2-3B-Instruct|s4
RedHatAI/Llama-3.2-3B-Instruct-FP8,llama-3,Llama-3.2-3B-Instruct,fp8,mmlu,62.98,62.61,-0.37,-0.29333333333333333,-0.6717440451269049,0.08507737846023822,False,True,Llama-3.2-3B-Instruct|s4
RedHatAI/Llama-3.2-3B-Instruct-FP8,llama-3,Llama-3.2-3B-Instruct,fp8,mmlu_cot,65.4,65.2,-0.2,-0.29333333333333333,-0.6661289607663281,0.07946229409966138,False,True,Llama-3.2-3B-Instruct|s4
RedHatAI/Llama-3.2-3B-Instruct-FP8,llama-3,Llama-3.2-3B-Instruct,fp8,arc_challenge,77.13,76.62,-0.51,-0.29333333333333333,-1.4326365216652373,0.8459698549985707,False,True,Llama-3.2-3B-Instruct|s4
RedHatAI/Llama-3.2-3B-Instruct-FP8,llama-3,Llama-3.2-3B-Instruct,fp8,gsm8k,77.94,77.86,-0.08,-0.29333333333333333,-1.3536093250802348,0.766942658413568,False,True,Llama-3.2-3B-Instruct|s4
RedHatAI/Llama-3.2-3B-Instruct-FP8,llama-3,Llama-3.2-3B-Instruct,fp8,hellaswag,73.62,73.48,-0.14,-0.29333333333333333,-0.7017312935075501,0.11506462684088353,False,True,Llama-3.2-3B-Instruct|s4
RedHatAI/Llama-3.2-3B-Instruct-FP8,llama-3,Llama-3.2-3B-Instruct,fp8,winogrande,71.11,70.88,-0.23,-0.29333333333333333,-1.4758551813332819,0.8891885146666153,False,True,Llama-3.2-3B-Instruct|s4
RedHatAI/Llama-3.2-3B-Instruct-FP8,llama-3,Llama-3.2-3B-Instruct,fp8,truthfulqa,51.47,51.65,0.18,-0.29333333333333333,-1.9171222476262706,1.3304555809596041,False,True,Llama-3.2-3B-Instruct|s4
RedHatAI/Llama-3.2-3B-Instruct-quantized.w8a8,llama-3,Llama-3.2-3B-Instruct,w8a8_int,mmlu,62.98,62.75,-0.23,-0.2662043795620438,-0.9190599935584801,0.38665123443439253,False,True,Llama-3.2-3B-Instruct|s4
RedHatAI/Llama-3.2-3B-Instruct-quantized.w8a8,llama-3,Llama-3.2-3B-Instruct,w8a8_int,mmlu_cot,65.4,65.05,-0.35,-0.2662043795620438,-0.9093725316721846,0.376963772548097,False,True,Llama-3.2-3B-Instruct|s4
RedHatAI/Llama-3.2-3B-Instruct-quantized.w8a8,llama-3,Llama-3.2-3B-Instruct,w8a8_int,arc_challenge,77.13,76.45,-0.68,-0.2662043795620438,-2.231794832911252,1.699386073787164,False,True,Llama-3.2-3B-Instruct|s4
RedHatAI/Llama-3.2-3B-Instruct-quantized.w8a8,llama-3,Llama-3.2-3B-Instruct,w8a8_int,gsm8k,77.94,77.56,-0.38,-0.2662043795620438,-2.095452632912791,1.5630438737887036,False,True,Llama-3.2-3B-Instruct|s4
RedHatAI/Llama-3.2-3B-Instruct-quantized.w8a8,llama-3,Llama-3.2-3B-Instruct,w8a8_int,hellaswag,73.62,73.63,0.01,-0.2662043795620438,-0.9707956945929941,0.4383869354689065,False,True,Llama-3.2-3B-Instruct|s4
RedHatAI/Llama-3.2-3B-Instruct-quantized.w8a8,llama-3,Llama-3.2-3B-Instruct,w8a8_int,winogrande,71.11,71.9,0.79,-0.2662043795620438,-2.306358114854169,1.7739493557300818,False,True,Llama-3.2-3B-Instruct|s4
RedHatAI/Llama-3.3-70B-Instruct-FP8-dynamic,llama-3,Llama-3.3-70B-Instruct,fp8_dynamic,mmlu,81.6,81.31,-0.29,-0.071900826446281,-0.4757028473416101,0.33190119444904814,False,True,Llama-3.3-70B-Instruct|s0
RedHatAI/Llama-3.3-70B-Instruct-FP8-dynamic,llama-3,Llama-3.3-70B-Instruct,fp8_dynamic,mmlu_cot,86.58,86.34,-0.24,-0.071900826446281,-0.4271225734960499,0.2833209206034879,False,True,Llama-3.3-70B-Instruct|s0
RedHatAI/Llama-3.3-70B-Instruct-FP8-dynamic,llama-3,Llama-3.3-70B-Instruct,fp8_dynamic,arc_challenge,49.23,51.96,2.73,-0.071900826446281,-1.875265987414813,1.731464334522251,False,False,Llama-3.3-70B-Instruct|s0
RedHatAI/Llama-3.3-70B-Instruct-FP8-dynamic,llama-3,Llama-3.3-70B-Instruct,fp8_dynamic,gsm8k,94.16,94.92,0.76,-0.071900826446281,-0.8692457476614833,0.7254440947689212,False,False,Llama-3.3-70B-Instruct|s0
RedHatAI/Llama-3.3-70B-Instruct-FP8-dynamic,llama-3,Llama-3.3-70B-Instruct,fp8_dynamic,hellaswag,86.49,86.43,-0.06,-0.071900826446281,-0.4931407217224851,0.3493390688299231,False,True,Llama-3.3-70B-Instruct|s0
RedHatAI/Llama-3.3-70B-Instruct-FP8-dynamic,llama-3,Llama-3.3-70B-Instruct,fp8_dynamic,winogrande,84.77,84.53,-0.24,-0.071900826446281,-1.318456608189886,1.174654955297324,False,True,Llama-3.3-70B-Instruct|s0
RedHatAI/Llama-3.3-70B-Instruct-FP8-dynamic,llama-3,Llama-3.3-70B-Instruct,fp8_dynamic,truthfulqa,62.75,63.21,0.46,-0.071900826446281,-2.1606580120409737,2.0168563591484117,False,True,Llama-3.3-70B-Instruct|s0
RedHatAI/Llama-3.3-70B-Instruct-FP8-dynamic,llama-3,Llama-3.3-70B-Instruct,fp8_dynamic,mmlu_pro,51.89,51.5,-0.39,-0.071900826446281,-0.6343970146375377,0.4905953617449757,False,True,Llama-3.3-70B-Instruct|s0
RedHatAI/Llama-3.3-70B-Instruct-FP8-dynamic,llama-3,Llama-3.3-70B-Instruct,fp8_dynamic,ifeval,90.89,90.92,0.03,-0.071900826446281,-1.5996342818574536,1.4558326289648915,False,True,Llama-3.3-70B-Instruct|s0
RedHatAI/Llama-3.3-70B-Instruct-FP8-dynamic,llama-3,Llama-3.3-70B-Instruct,fp8_dynamic,bbh,63.15,62.84,-0.31,-0.071900826446281,-0.8101628987998926,0.6663612459073305,False,True,Llama-3.3-70B-Instruct|s0
RedHatAI/Llama-3.3-70B-Instruct-FP8-dynamic,llama-3,Llama-3.3-70B-Instruct,fp8_dynamic,musr,44.35,43.96,-0.39,-0.071900826446281,-2.303146956741215,2.159345303848653,False,True,Llama-3.3-70B-Instruct|s0
RedHatAI/Llama-3.3-70B-Instruct-FP8-dynamic,llama-3,Llama-3.3-70B-Instruct,fp8_dynamic,humaneval,83.2,83.7,0.5,-0.071900826446281,-3.6770510122274045,3.5332493593348424,False,True,Llama-3.3-70B-Instruct|s0
RedHatAI/Llama-3.3-70B-Instruct-FP8-dynamic,llama-3,Llama-3.3-70B-Instruct,fp8_dynamic,humaneval_plus,78.4,78.7,0.3,-0.071900826446281,-4.040086313998819,3.8962846611062565,False,True,Llama-3.3-70B-Instruct|s0
RedHatAI/Llama-3.3-70B-Instruct-NVFP4,llama-3,Llama-3.3-70B-Instruct,nvfp4,arc_challenge,93.39,92.62,-0.77,-1.0071794871794872,-11.284475976167254,9.27011700180828,False,True,Llama-3.3-70B-Instruct|s0
RedHatAI/Llama-3.3-70B-Instruct-NVFP4,llama-3,Llama-3.3-70B-Instruct,nvfp4,gsm8k,85.22,77.1,-8.12,-1.0071794871794872,-14.84530795871208,12.830948984353107,False,True,Llama-3.3-70B-Instruct|s0
RedHatAI/Llama-3.3-70B-Instruct-NVFP4,llama-3,Llama-3.3-70B-Instruct,nvfp4,hellaswag,70.23,75.4,5.17,-1.0071794871794872,-7.468665626514031,5.454306652155058,False,True,Llama-3.3-70B-Instruct|s0
RedHatAI/Llama-3.3-70B-Instruct-NVFP4,llama-3,Llama-3.3-70B-Instruct,nvfp4,winogrande,73.48,72.53,-0.95,-1.0071794871794872,-18.569212948037123,16.554853973678146,False,True,Llama-3.3-70B-Instruct|s0
RedHatAI/Llama-3.3-70B-Instruct-NVFP4,llama-3,Llama-3.3-70B-Instruct,nvfp4,truthfulqa,66.26,66.26,0.0,-1.0071794871794872,-24.432147184205693,22.417788209846716,False,True,Llama-3.3-70B-Instruct|s0
RedHatAI/Llama-3.3-70B-Instruct-NVFP4,llama-3,Llama-3.3-70B-Instruct,nvfp4,mmlu_pro,53.48,50.26,-3.22,-1.0071794871794872,-7.446475867354254,5.43211689299528,False,True,Llama-3.3-70B-Instruct|s0
RedHatAI/Llama-3.3-70B-Instruct-NVFP4,llama-3,Llama-3.3-70B-Instruct,nvfp4,ifeval,92.45,91.49,-0.96,-1.0071794871794872,-17.092142813354933,15.077783838995957,False,True,Llama-3.3-70B-Instruct|s0
RedHatAI/Llama-3.3-70B-Instruct-NVFP4,llama-3,Llama-3.3-70B-Instruct,nvfp4,bbh,69.05,66.31,-2.74,-1.0071794871794872,-9.120153679967641,7.105794705608668,False,True,Llama-3.3-70B-Instruct|s0
RedHatAI/Llama-3.3-70B-Instruct-NVFP4,llama-3,Llama-3.3-70B-Instruct,nvfp4,math_lvl5,47.96,43.81,-4.15,-1.0071794871794872,-20.449854307720873,18.435495333361896,False,True,Llama-3.3-70B-Instruct|s0
RedHatAI/Llama-3.3-70B-Instruct-NVFP4,llama-3,Llama-3.3-70B-Instruct,nvfp4,musr,44.18,44.18,0.0,-1.0071794871794872,-26.583534299499664,24.569175325140687,False,True,Llama-3.3-70B-Instruct|s0
RedHatAI/Llama-3.3-70B-Instruct-NVFP4,llama-3,Llama-3.3-70B-Instruct,nvfp4,humaneval,88.69,84.77,-3.92,-1.0071794871794872,-36.028980806517175,34.014621832158205,False,True,Llama-3.3-70B-Instruct|s0
RedHatAI/Llama-3.3-70B-Instruct-quantized.w4a16,llama-3,Llama-3.3-70B-Instruct,w4a16,mmlu,81.6,80.62,-0.98,-0.8049180327868852,-2.0345947344927975,0.4247586689190268,False,True,Llama-3.3-70B-Instruct|s0
RedHatAI/Llama-3.3-70B-Instruct-quantized.w4a16,llama-3,Llama-3.3-70B-Instruct,w4a16,mmlu_cot,86.58,85.81,-0.77,-0.8049180327868852,-1.8866558242864429,0.2768197587126724,False,True,Llama-3.3-70B-Instruct|s0
RedHatAI/Llama-3.3-70B-Instruct-quantized.w4a16,llama-3,Llama-3.3-70B-Instruct,w4a16,arc_challenge,49.23,49.49,0.26,-0.8049180327868852,-6.2966095260445565,4.6867734604707865,False,True,Llama-3.3-70B-Instruct|s0
RedHatAI/Llama-3.3-70B-Instruct-quantized.w4a16,llama-3,Llama-3.3-70B-Instruct,w4a16,gsm8k,94.16,94.47,0.31,-0.8049180327868852,-3.233029884896766,1.6231938193229951,False,True,Llama-3.3-70B-Instruct|s0
RedHatAI/Llama-3.3-70B-Instruct-quantized.w4a16,llama-3,Llama-3.3-70B-Instruct,w4a16,hellaswag,86.49,85.97,-0.52,-0.8049180327868852,-2.0876973608885048,0.4778612953147343,False,True,Llama-3.3-70B-Instruct|s0
RedHatAI/Llama-3.3-70B-Instruct-quantized.w4a16,llama-3,Llama-3.3-70B-Instruct,w4a16,winogrande,84.77,84.45,-0.32,-0.8049180327868852,-4.600987697788014,2.991151632214244,False,True,Llama-3.3-70B-Instruct|s0
RedHatAI/Llama-3.3-70B-Instruct-quantized.w4a16,llama-3,Llama-3.3-70B-Instruct,w4a16,truthfulqa,62.75,61.66,-1.09,-0.8049180327868852,-7.165698597855909,5.555862532282139,False,True,Llama-3.3-70B-Instruct|s0
RedHatAI/Llama-3.3-70B-Instruct-quantized.w4a16,llama-3,Llama-3.3-70B-Instruct,w4a16,humaneval,83.2,83.4,0.2,-0.8049180327868852,-11.783489115161245,10.173653049587475,False,True,Llama-3.3-70B-Instruct|s0
RedHatAI/Llama-3.3-70B-Instruct-quantized.w4a16,llama-3,Llama-3.3-70B-Instruct,w4a16,humaneval_plus,78.4,78.6,0.2,-0.8049180327868852,-12.889021107040007,11.279185041466237,False,True,Llama-3.3-70B-Instruct|s0
RedHatAI/Llama-3.3-70B-Instruct-quantized.w8a8,llama-3,Llama-3.3-70B-Instruct,w8a8_int,mmlu,81.6,81.19,-0.41,-0.45940677966101695,-0.9150609233289104,-0.003752635993123421,False,True,Llama-3.3-70B-Instruct|s0
RedHatAI/Llama-3.3-70B-Instruct-quantized.w8a8,llama-3,Llama-3.3-70B-Instruct,w8a8_int,mmlu_cot,86.58,85.92,-0.66,-0.45940677966101695,-0.8602424679156118,-0.05857109140642214,False,True,Llama-3.3-70B-Instruct|s0
RedHatAI/Llama-3.3-70B-Instruct-quantized.w8a8,llama-3,Llama-3.3-70B-Instruct,w8a8_int,arc_challenge,49.23,48.04,-1.19,-0.45940677966101695,-2.494341637886077,1.575528078564043,False,True,Llama-3.3-70B-Instruct|s0
RedHatAI/Llama-3.3-70B-Instruct-quantized.w8a8,llama-3,Llama-3.3-70B-Instruct,w8a8_int,gsm8k,94.16,94.01,-0.15,-0.45940677966101695,-1.3591385751550091,0.4403250158329751,False,True,Llama-3.3-70B-Instruct|s0
RedHatAI/Llama-3.3-70B-Instruct-quantized.w8a8,llama-3,Llama-3.3-70B-Instruct,w8a8_int,hellaswag,86.49,86.47,-0.02,-0.45940677966101695,-0.9347379910681666,0.015924431746132617,False,True,Llama-3.3-70B-Instruct|s0
RedHatAI/Llama-3.3-70B-Instruct-quantized.w8a8,llama-3,Llama-3.3-70B-Instruct,w8a8_int,winogrande,84.77,83.74,-1.03,-0.45940677966101695,-1.8660324969004973,0.9472189375784633,False,True,Llama-3.3-70B-Instruct|s0
RedHatAI/Llama-3.3-70B-Instruct-quantized.w8a8,llama-3,Llama-3.3-70B-Instruct,w8a8_int,truthfulqa,63.09,62.75,-0.34,-0.45940677966101695,-2.811947099952608,1.8931335406305738,False,True,Llama-3.3-70B-Instruct|s0
RedHatAI/Llama-3.3-70B-Instruct-quantized.w8a8,llama-3,Llama-3.3-70B-Instruct,w8a8_int,bbh,63.15,62.54,-0.61,-0.45940677966101695,-1.2924689115317405,0.3736553522097066,False,True,Llama-3.3-70B-Instruct|s0
RedHatAI/Llama-3.3-70B-Instruct-quantized.w8a8,llama-3,Llama-3.3-70B-Instruct,w8a8_int,musr,44.35,44.34,-0.01,-0.45940677966101695,-2.977166702104237,2.058353142782203,False,True,Llama-3.3-70B-Instruct|s0
RedHatAI/Llama-3.3-70B-Instruct-quantized.w8a8,llama-3,Llama-3.3-70B-Instruct,w8a8_int,humaneval,83.2,83.3,0.1,-0.45940677966101695,-4.527493455042108,3.6086798957200736,False,True,Llama-3.3-70B-Instruct|s0
RedHatAI/Llama-3.3-70B-Instruct-quantized.w8a8,llama-3,Llama-3.3-70B-Instruct,w8a8_int,humaneval_plus,78.4,78.6,0.2,-0.45940677966101695,-4.937146034747119,4.018332475425085,False,True,Llama-3.3-70B-Instruct|s0
RedHatAI/Llama-3.3-70B-Instruct-FP8-dynamic,llama-3,Llama-3.3-70B-Instruct,fp8_dynamic,gpqa_ambiguous_46,46.1,46.3,0.2,-0.071900826446281,-2.980171472507535,2.8363698196149727,False,True,Llama-3.3-70B-Instruct|s0
RedHatAI/Llama-3.3-70B-Instruct-NVFP4,llama-3,Llama-3.3-70B-Instruct,nvfp4,gpqa_main,31.63,32.21,0.58,-1.0071794871794872,-32.1196969190047,30.105337944645726,False,True,Llama-3.3-70B-Instruct|s0
RedHatAI/Llama-3.3-70B-Instruct-quantized.w8a8,llama-3,Llama-3.3-70B-Instruct,w8a8_int,gpqa_ambiguous_46,46.1,46.44,0.34,-0.45940677966101695,-3.7411277771124203,2.822314217790386,False,True,Llama-3.3-70B-Instruct|s0
RedHatAI/Llama-3.3-70B-Instruct-FP8-dynamic,llama-3,Llama-3.3-70B-Instruct,fp8_dynamic,mmlu,81.6,81.31,-0.29,0.02654411764705882,-0.331878916479757,0.38496715177387464,False,True,Llama-3.3-70B-Instruct|s1
RedHatAI/Llama-3.3-70B-Instruct-FP8-dynamic,llama-3,Llama-3.3-70B-Instruct,fp8_dynamic,mmlu_cot,86.58,86.34,-0.24,0.02654411764705882,-0.2887580596008589,0.34184629489497653,False,True,Llama-3.3-70B-Instruct|s1
RedHatAI/Llama-3.3-70B-Instruct-FP8-dynamic,llama-3,Llama-3.3-70B-Instruct,fp8_dynamic,arc_challenge,49.23,51.96,2.73,0.02654411764705882,-1.5741601363826203,1.627248371676738,False,False,Llama-3.3-70B-Instruct|s1
RedHatAI/Llama-3.3-70B-Instruct-FP8-dynamic,llama-3,Llama-3.3-70B-Instruct,fp8_dynamic,gsm8k,94.16,94.92,0.76,0.02654411764705882,-0.681195742777363,0.7342839780714805,False,False,Llama-3.3-70B-Instruct|s1
RedHatAI/Llama-3.3-70B-Instruct-FP8-dynamic,llama-3,Llama-3.3-70B-Instruct,fp8_dynamic,hellaswag,86.49,86.43,-0.06,0.02654411764705882,-0.3473571348166969,0.40044537011081455,False,True,Llama-3.3-70B-Instruct|s1
RedHatAI/Llama-3.3-70B-Instruct-FP8-dynamic,llama-3,Llama-3.3-70B-Instruct,fp8_dynamic,winogrande,84.77,84.53,-0.24,0.02654411764705882,-1.0799246031142042,1.133012838408322,False,True,Llama-3.3-70B-Instruct|s1
RedHatAI/Llama-3.3-70B-Instruct-FP8-dynamic,llama-3,Llama-3.3-70B-Instruct,fp8_dynamic,truthfulqa,62.75,63.21,0.46,0.02654411764705882,-1.827480006241862,1.8805682415359797,False,True,Llama-3.3-70B-Instruct|s1
RedHatAI/Llama-3.3-70B-Instruct-FP8-dynamic,llama-3,Llama-3.3-70B-Instruct,fp8_dynamic,mmlu_pro,51.89,51.5,-0.39,0.02654411764705882,-0.4727391450004528,0.5258273802945704,False,True,Llama-3.3-70B-Instruct|s1
RedHatAI/Llama-3.3-70B-Instruct-FP8-dynamic,llama-3,Llama-3.3-70B-Instruct,fp8_dynamic,ifeval,90.89,90.92,0.03,0.02654411764705882,-1.3295037278080177,1.3825919631021355,False,True,Llama-3.3-70B-Instruct|s1
RedHatAI/Llama-3.3-70B-Instruct-FP8-dynamic,llama-3,Llama-3.3-70B-Instruct,fp8_dynamic,bbh,63.15,62.84,-0.31,0.02654411764705882,-0.6287525828672825,0.6818408181614001,False,True,Llama-3.3-70B-Instruct|s1
RedHatAI/Llama-3.3-70B-Instruct-FP8-dynamic,llama-3,Llama-3.3-70B-Instruct,fp8_dynamic,musr,44.35,43.96,-0.39,0.02654411764705882,-1.9539561436711665,2.007044378965284,False,True,Llama-3.3-70B-Instruct|s1
RedHatAI/Llama-3.3-70B-Instruct-FP8-dynamic,llama-3,Llama-3.3-70B-Instruct,fp8_dynamic,humaneval,83.2,83.7,0.5,0.02654411764705882,-3.1734618288449012,3.2265500641390186,False,True,Llama-3.3-70B-Instruct|s1
RedHatAI/Llama-3.3-70B-Instruct-FP8-dynamic,llama-3,Llama-3.3-70B-Instruct,fp8_dynamic,humaneval_plus,78.4,78.7,0.3,0.02654411764705882,-3.4956994790368086,3.548787714330926,False,True,Llama-3.3-70B-Instruct|s1
RedHatAI/Llama-3.3-70B-Instruct-NVFP4,llama-3,Llama-3.3-70B-Instruct,nvfp4,arc_challenge,93.39,92.62,-0.77,-1.005,-2.266411840437514,0.2564118404375142,True,True,Llama-3.3-70B-Instruct|s1
RedHatAI/Llama-3.3-70B-Instruct-NVFP4,llama-3,Llama-3.3-70B-Instruct,nvfp4,gsm8k,85.22,77.1,-8.12,-1.005,-2.7034602051902006,0.693460205190201,True,False,Llama-3.3-70B-Instruct|s1
RedHatAI/Llama-3.3-70B-Instruct-NVFP4,llama-3,Llama-3.3-70B-Instruct,nvfp4,hellaswag,70.23,75.4,5.17,-1.005,-1.798068014697535,-0.21193198530246482,True,False,Llama-3.3-70B-Instruct|s1
RedHatAI/Llama-3.3-70B-Instruct-NVFP4,llama-3,Llama-3.3-70B-Instruct,nvfp4,winogrande,73.48,72.53,-0.95,-1.005,-3.1605237774275325,1.1505237774275328,True,True,Llama-3.3-70B-Instruct|s1
RedHatAI/Llama-3.3-70B-Instruct-NVFP4,llama-3,Llama-3.3-70B-Instruct,nvfp4,truthfulqa,66.26,66.26,0.0,-1.005,-3.8801269019587696,1.8701269019587698,True,True,Llama-3.3-70B-Instruct|s1
RedHatAI/Llama-3.3-70B-Instruct-NVFP4,llama-3,Llama-3.3-70B-Instruct,nvfp4,mmlu_pro,53.48,50.26,-3.22,-1.005,-1.7953444944633379,-0.2146555055366619,True,False,Llama-3.3-70B-Instruct|s1
RedHatAI/Llama-3.3-70B-Instruct-NVFP4,llama-3,Llama-3.3-70B-Instruct,nvfp4,ifeval,92.45,91.49,-0.96,-1.005,-2.979231570956582,0.9692315709565824,True,True,Llama-3.3-70B-Instruct|s1
RedHatAI/Llama-3.3-70B-Instruct-NVFP4,llama-3,Llama-3.3-70B-Instruct,nvfp4,bbh,69.05,66.31,-2.74,-1.005,-2.000767877175927,-0.009232122824072486,True,False,Llama-3.3-70B-Instruct|s1
RedHatAI/Llama-3.3-70B-Instruct-NVFP4,llama-3,Llama-3.3-70B-Instruct,nvfp4,math_lvl5,47.96,43.81,-4.15,-1.005,-3.3913493920493836,1.3813493920493838,True,False,Llama-3.3-70B-Instruct|s1
RedHatAI/Llama-3.3-70B-Instruct-NVFP4,llama-3,Llama-3.3-70B-Instruct,nvfp4,musr,44.18,44.18,0.0,-1.005,-4.14418323073204,2.1341832307320394,True,True,Llama-3.3-70B-Instruct|s1
RedHatAI/Llama-3.3-70B-Instruct-NVFP4,llama-3,Llama-3.3-70B-Instruct,nvfp4,humaneval,88.69,84.77,-3.92,-1.005,-5.303495708963807,3.293495708963807,True,True,Llama-3.3-70B-Instruct|s1
RedHatAI/Llama-3.3-70B-Instruct-quantized.w4a16,llama-3,Llama-3.3-70B-Instruct,w4a16,mmlu,81.6,80.62,-0.98,-0.8065034965034965,-2.0351404528394426,0.4221334598324493,False,True,Llama-3.3-70B-Instruct|s1
RedHatAI/Llama-3.3-70B-Instruct-quantized.w4a16,llama-3,Llama-3.3-70B-Instruct,w4a16,mmlu_cot,86.58,85.81,-0.77,-0.8065034965034965,-1.8873266314444084,0.27431963843741536,False,True,Llama-3.3-70B-Instruct|s1
RedHatAI/Llama-3.3-70B-Instruct-quantized.w4a16,llama-3,Llama-3.3-70B-Instruct,w4a16,arc_challenge,49.23,49.49,0.26,-0.8065034965034965,-6.293551524697971,4.680544531690979,False,True,Llama-3.3-70B-Instruct|s1
RedHatAI/Llama-3.3-70B-Instruct-quantized.w4a16,llama-3,Llama-3.3-70B-Instruct,w4a16,gsm8k,94.16,94.47,0.31,-0.8065034965034965,-3.2325622739698634,1.6195552809628706,False,True,Llama-3.3-70B-Instruct|s1
RedHatAI/Llama-3.3-70B-Instruct-quantized.w4a16,llama-3,Llama-3.3-70B-Instruct,w4a16,hellaswag,86.49,85.97,-0.52,-0.8065034965034965,-2.0881981786447334,0.47519118563774043,False,True,Llama-3.3-70B-Instruct|s1
RedHatAI/Llama-3.3-70B-Instruct-quantized.w4a16,llama-3,Llama-3.3-70B-Instruct,w4a16,winogrande,84.77,84.45,-0.32,-0.8065034965034965,-4.599363418770801,2.986356425763808,False,True,Llama-3.3-70B-Instruct|s1
RedHatAI/Llama-3.3-70B-Instruct-quantized.w4a16,llama-3,Llama-3.3-70B-Instruct,w4a16,truthfulqa,62.75,61.66,-1.09,-0.8065034965034965,-7.161905743732777,5.548898750725784,False,True,Llama-3.3-70B-Instruct|s1
RedHatAI/Llama-3.3-70B-Instruct-quantized.w4a16,llama-3,Llama-3.3-70B-Instruct,w4a16,humaneval,83.2,83.4,0.2,-0.8065034965034965,-11.775791717426626,10.162784724419632,False,True,Llama-3.3-70B-Instruct|s1
RedHatAI/Llama-3.3-70B-Instruct-quantized.w4a16,llama-3,Llama-3.3-70B-Instruct,w4a16,humaneval_plus,78.4,78.6,0.2,-0.8065034965034965,-12.880388933710867,11.267381940703872,False,True,Llama-3.3-70B-Instruct|s1
RedHatAI/Llama-3.3-70B-Instruct-quantized.w8a8,llama-3,Llama-3.3-70B-Instruct,w8a8_int,mmlu,81.6,81.19,-0.41,-0.262890625,-0.9793744618158906,0.4535932118158906,False,True,Llama-3.3-70B-Instruct|s1
RedHatAI/Llama-3.3-70B-Instruct-quantized.w8a8,llama-3,Llama-3.3-70B-Instruct,w8a8_int,mmlu_cot,86.58,85.92,-0.66,-0.262890625,-0.8931763270931916,0.3673950770931917,False,True,Llama-3.3-70B-Instruct|s1
RedHatAI/Llama-3.3-70B-Instruct-quantized.w8a8,llama-3,Llama-3.3-70B-Instruct,w8a8_int,arc_challenge,49.23,48.04,-1.19,-0.262890625,-3.4626814206130923,2.9369001706130926,False,True,Llama-3.3-70B-Instruct|s1
RedHatAI/Llama-3.3-70B-Instruct-quantized.w8a8,llama-3,Llama-3.3-70B-Instruct,w8a8_int,gsm8k,94.16,94.01,-0.15,-0.262890625,-1.6776550859386854,1.1518738359386853,False,True,Llama-3.3-70B-Instruct|s1
RedHatAI/Llama-3.3-70B-Instruct-quantized.w8a8,llama-3,Llama-3.3-70B-Instruct,w8a8_int,hellaswag,86.49,86.47,-0.02,-0.262890625,-1.0103152558085027,0.48453400580850264,False,True,Llama-3.3-70B-Instruct|s1
RedHatAI/Llama-3.3-70B-Instruct-quantized.w8a8,llama-3,Llama-3.3-70B-Instruct,w8a8_int,winogrande,84.77,83.74,-1.03,-0.262890625,-2.474709841081147,1.9489285910811474,False,True,Llama-3.3-70B-Instruct|s1
RedHatAI/Llama-3.3-70B-Instruct-quantized.w8a8,llama-3,Llama-3.3-70B-Instruct,w8a8_int,truthfulqa,63.09,62.75,-0.34,-0.262890625,-3.962093492724017,3.4363122427240174,False,True,Llama-3.3-70B-Instruct|s1
RedHatAI/Llama-3.3-70B-Instruct-quantized.w8a8,llama-3,Llama-3.3-70B-Instruct,w8a8_int,bbh,63.15,62.54,-0.61,-0.262890625,-1.5728217665102548,1.0470405165102548,False,True,Llama-3.3-70B-Instruct|s1
RedHatAI/Llama-3.3-70B-Instruct-quantized.w8a8,llama-3,Llama-3.3-70B-Instruct,w8a8_int,musr,44.35,44.34,-0.01,-0.262890625,-4.221889603681968,3.6961083536819688,False,True,Llama-3.3-70B-Instruct|s1
RedHatAI/Llama-3.3-70B-Instruct-quantized.w8a8,llama-3,Llama-3.3-70B-Instruct,w8a8_int,humaneval,83.2,83.3,0.1,-0.262890625,-6.659668510555794,6.133887260555794,False,True,Llama-3.3-70B-Instruct|s1
RedHatAI/Llama-3.3-70B-Instruct-quantized.w8a8,llama-3,Llama-3.3-70B-Instruct,w8a8_int,humaneval_plus,78.4,78.6,0.2,-0.262890625,-7.303818149371546,6.778036899371546,False,True,Llama-3.3-70B-Instruct|s1
RedHatAI/Llama-3.3-70B-Instruct-FP8-dynamic,llama-3,Llama-3.3-70B-Instruct,fp8_dynamic,gpqa_ambiguous_46,46.1,46.3,0.2,0.02654411764705882,-2.5548971210866895,2.607985356380807,False,True,Llama-3.3-70B-Instruct|s1
RedHatAI/Llama-3.3-70B-Instruct-NVFP4,llama-3,Llama-3.3-70B-Instruct,nvfp4,gpqa_main,31.63,32.21,0.58,-1.005,-4.823679155201474,2.8136791552014744,True,True,Llama-3.3-70B-Instruct|s1
RedHatAI/Llama-3.3-70B-Instruct-quantized.w8a8,llama-3,Llama-3.3-70B-Instruct,w8a8_int,gpqa_ambiguous_46,46.1,46.44,0.34,-0.262890625,-5.423164232271336,4.897382982271337,False,True,Llama-3.3-70B-Instruct|s1
RedHatAI/Llama-3.3-70B-Instruct-FP8-dynamic,llama-3,Llama-3.3-70B-Instruct,fp8_dynamic,mmlu,81.6,81.31,-0.29,-0.14567307692307693,-0.5464426377743204,0.25509648392816664,False,True,Llama-3.3-70B-Instruct|s2
RedHatAI/Llama-3.3-70B-Instruct-FP8-dynamic,llama-3,Llama-3.3-70B-Instruct,fp8_dynamic,mmlu_cot,86.58,86.34,-0.24,-0.14567307692307693,-0.49822719058079323,0.20688103673463934,False,True,Llama-3.3-70B-Instruct|s2
RedHatAI/Llama-3.3-70B-Instruct-FP8-dynamic,llama-3,Llama-3.3-70B-Instruct,fp8_dynamic,arc_challenge,49.23,51.96,2.73,-0.14567307692307693,-1.935495381460609,1.6441492276144551,False,False,Llama-3.3-70B-Instruct|s2
RedHatAI/Llama-3.3-70B-Instruct-FP8-dynamic,llama-3,Llama-3.3-70B-Instruct,fp8_dynamic,gsm8k,94.16,94.92,0.76,-0.14567307692307693,-0.9370301216794676,0.6456839678333137,False,False,Llama-3.3-70B-Instruct|s2
RedHatAI/Llama-3.3-70B-Instruct-FP8-dynamic,llama-3,Llama-3.3-70B-Instruct,fp8_dynamic,hellaswag,86.49,86.43,-0.06,-0.14567307692307693,-0.5637495577404639,0.27240340389430995,False,True,Llama-3.3-70B-Instruct|s2
RedHatAI/Llama-3.3-70B-Instruct-FP8-dynamic,llama-3,Llama-3.3-70B-Instruct,fp8_dynamic,winogrande,84.77,84.53,-0.24,-0.14567307692307693,-1.3828675122512286,1.0915213584050747,False,True,Llama-3.3-70B-Instruct|s2
RedHatAI/Llama-3.3-70B-Instruct-FP8-dynamic,llama-3,Llama-3.3-70B-Instruct,fp8_dynamic,truthfulqa,62.75,63.21,0.46,-0.14567307692307693,-2.2187441778046013,1.9273980239584476,False,True,Llama-3.3-70B-Instruct|s2
RedHatAI/Llama-3.3-70B-Instruct-FP8-dynamic,llama-3,Llama-3.3-70B-Instruct,fp8_dynamic,mmlu_pro,51.89,51.5,-0.39,-0.14567307692307693,-0.7039450484750549,0.412598894628901,False,True,Llama-3.3-70B-Instruct|s2
RedHatAI/Llama-3.3-70B-Instruct-FP8-dynamic,llama-3,Llama-3.3-70B-Instruct,fp8_dynamic,ifeval,90.89,90.92,0.03,-0.14567307692307693,-1.6619336064403296,1.3705874525941757,False,True,Llama-3.3-70B-Instruct|s2
RedHatAI/Llama-3.3-70B-Instruct-FP8-dynamic,llama-3,Llama-3.3-70B-Instruct,fp8_dynamic,bbh,63.15,62.84,-0.31,-0.14567307692307693,-0.878390971385968,0.5870448175398141,False,True,Llama-3.3-70B-Instruct|s2
RedHatAI/Llama-3.3-70B-Instruct-FP8-dynamic,llama-3,Llama-3.3-70B-Instruct,fp8_dynamic,musr,44.35,43.96,-0.39,-0.14567307692307693,-2.3601630633937734,2.06881690954762,False,True,Llama-3.3-70B-Instruct|s2
RedHatAI/Llama-3.3-70B-Instruct-FP8-dynamic,llama-3,Llama-3.3-70B-Instruct,fp8_dynamic,humaneval,83.2,83.7,0.5,-0.14567307692307693,-3.723749416300289,3.4324032624541356,False,True,Llama-3.3-70B-Instruct|s2
RedHatAI/Llama-3.3-70B-Instruct-FP8-dynamic,llama-3,Llama-3.3-70B-Instruct,fp8_dynamic,humaneval_plus,78.4,78.7,0.3,-0.14567307692307693,-4.084058406685808,3.7927122528396544,False,True,Llama-3.3-70B-Instruct|s2
RedHatAI/Llama-3.3-70B-Instruct-NVFP4,llama-3,Llama-3.3-70B-Instruct,nvfp4,arc_challenge,93.39,92.62,-0.77,-1.0071794871794872,-11.284475976167254,9.27011700180828,False,True,Llama-3.3-70B-Instruct|s2
RedHatAI/Llama-3.3-70B-Instruct-NVFP4,llama-3,Llama-3.3-70B-Instruct,nvfp4,gsm8k,85.22,77.1,-8.12,-1.0071794871794872,-14.84530795871208,12.830948984353107,False,True,Llama-3.3-70B-Instruct|s2
RedHatAI/Llama-3.3-70B-Instruct-NVFP4,llama-3,Llama-3.3-70B-Instruct,nvfp4,hellaswag,70.23,75.4,5.17,-1.0071794871794872,-7.468665626514031,5.454306652155058,False,True,Llama-3.3-70B-Instruct|s2
RedHatAI/Llama-3.3-70B-Instruct-NVFP4,llama-3,Llama-3.3-70B-Instruct,nvfp4,winogrande,73.48,72.53,-0.95,-1.0071794871794872,-18.569212948037123,16.554853973678146,False,True,Llama-3.3-70B-Instruct|s2
RedHatAI/Llama-3.3-70B-Instruct-NVFP4,llama-3,Llama-3.3-70B-Instruct,nvfp4,truthfulqa,66.26,66.26,0.0,-1.0071794871794872,-24.432147184205693,22.417788209846716,False,True,Llama-3.3-70B-Instruct|s2
RedHatAI/Llama-3.3-70B-Instruct-NVFP4,llama-3,Llama-3.3-70B-Instruct,nvfp4,mmlu_pro,53.48,50.26,-3.22,-1.0071794871794872,-7.446475867354254,5.43211689299528,False,True,Llama-3.3-70B-Instruct|s2
RedHatAI/Llama-3.3-70B-Instruct-NVFP4,llama-3,Llama-3.3-70B-Instruct,nvfp4,ifeval,92.45,91.49,-0.96,-1.0071794871794872,-17.092142813354933,15.077783838995957,False,True,Llama-3.3-70B-Instruct|s2
RedHatAI/Llama-3.3-70B-Instruct-NVFP4,llama-3,Llama-3.3-70B-Instruct,nvfp4,bbh,69.05,66.31,-2.74,-1.0071794871794872,-9.120153679967641,7.105794705608668,False,True,Llama-3.3-70B-Instruct|s2
RedHatAI/Llama-3.3-70B-Instruct-NVFP4,llama-3,Llama-3.3-70B-Instruct,nvfp4,math_lvl5,47.96,43.81,-4.15,-1.0071794871794872,-20.449854307720873,18.435495333361896,False,True,Llama-3.3-70B-Instruct|s2
RedHatAI/Llama-3.3-70B-Instruct-NVFP4,llama-3,Llama-3.3-70B-Instruct,nvfp4,musr,44.18,44.18,0.0,-1.0071794871794872,-26.583534299499664,24.569175325140687,False,True,Llama-3.3-70B-Instruct|s2
RedHatAI/Llama-3.3-70B-Instruct-NVFP4,llama-3,Llama-3.3-70B-Instruct,nvfp4,humaneval,88.69,84.77,-3.92,-1.0071794871794872,-36.028980806517175,34.014621832158205,False,True,Llama-3.3-70B-Instruct|s2
RedHatAI/Llama-3.3-70B-Instruct-quantized.w4a16,llama-3,Llama-3.3-70B-Instruct,w4a16,mmlu,81.6,80.62,-0.98,-0.6564406779661016,-1.983488666445894,0.6706073105136907,False,True,Llama-3.3-70B-Instruct|s2
RedHatAI/Llama-3.3-70B-Instruct-quantized.w4a16,llama-3,Llama-3.3-70B-Instruct,w4a16,mmlu_cot,86.58,85.81,-0.77,-0.6564406779661016,-1.8238352933805342,0.510953937448331,False,True,Llama-3.3-70B-Instruct|s2
RedHatAI/Llama-3.3-70B-Instruct-quantized.w4a16,llama-3,Llama-3.3-70B-Instruct,w4a16,arc_challenge,49.23,49.49,0.26,-0.6564406779661016,-6.582988801850217,5.270107445918013,False,True,Llama-3.3-70B-Instruct|s2
RedHatAI/Llama-3.3-70B-Instruct-quantized.w4a16,llama-3,Llama-3.3-70B-Instruct,w4a16,gsm8k,94.16,94.47,0.31,-0.6564406779661016,-3.2768212582244907,1.9639399022922872,False,True,Llama-3.3-70B-Instruct|s2
RedHatAI/Llama-3.3-70B-Instruct-quantized.w4a16,llama-3,Llama-3.3-70B-Instruct,w4a16,hellaswag,86.49,85.97,-0.52,-0.6564406779661016,-2.0407961956880563,0.7279148397558532,False,True,Llama-3.3-70B-Instruct|s2
RedHatAI/Llama-3.3-70B-Instruct-quantized.w4a16,llama-3,Llama-3.3-70B-Instruct,w4a16,winogrande,84.77,84.45,-0.32,-0.6564406779661016,-4.753100073139132,3.4402187172069283,False,True,Llama-3.3-70B-Instruct|s2
RedHatAI/Llama-3.3-70B-Instruct-quantized.w4a16,llama-3,Llama-3.3-70B-Instruct,w4a16,truthfulqa,62.75,61.66,-1.09,-0.6564406779661016,-7.5208962233350976,6.208014867402894,False,True,Llama-3.3-70B-Instruct|s2
RedHatAI/Llama-3.3-70B-Instruct-quantized.w4a16,llama-3,Llama-3.3-70B-Instruct,w4a16,humaneval,83.2,83.4,0.2,-0.6564406779661016,-12.504343993557777,11.191462637625575,False,True,Llama-3.3-70B-Instruct|s2
RedHatAI/Llama-3.3-70B-Instruct-quantized.w4a16,llama-3,Llama-3.3-70B-Instruct,w4a16,humaneval_plus,78.4,78.6,0.2,-0.6564406779661016,-13.697416940282304,12.384535584350102,False,True,Llama-3.3-70B-Instruct|s2
RedHatAI/Llama-3.3-70B-Instruct-quantized.w8a8,llama-3,Llama-3.3-70B-Instruct,w8a8_int,mmlu,81.6,81.19,-0.41,-0.22805309734513274,-0.672377866709282,0.21627167201901654,False,True,Llama-3.3-70B-Instruct|s2
RedHatAI/Llama-3.3-70B-Instruct-quantized.w8a8,llama-3,Llama-3.3-70B-Instruct,w8a8_int,mmlu_cot,86.58,85.92,-0.66,-0.22805309734513274,-0.6189224161292786,0.1628162214390131,False,False,Llama-3.3-70B-Instruct|s2
RedHatAI/Llama-3.3-70B-Instruct-quantized.w8a8,llama-3,Llama-3.3-70B-Instruct,w8a8_int,arc_challenge,49.23,48.04,-1.19,-0.22805309734513274,-2.212391381363744,1.7562851866734785,False,True,Llama-3.3-70B-Instruct|s2
RedHatAI/Llama-3.3-70B-Instruct-quantized.w8a8,llama-3,Llama-3.3-70B-Instruct,w8a8_int,gsm8k,94.16,94.01,-0.15,-0.22805309734513274,-1.1054139818624855,0.6493077871722199,False,True,Llama-3.3-70B-Instruct|s2
RedHatAI/Llama-3.3-70B-Instruct-quantized.w8a8,llama-3,Llama-3.3-70B-Instruct,w8a8_int,hellaswag,86.49,86.47,-0.02,-0.22805309734513274,-0.691565684282121,0.23545948959185548,False,True,Llama-3.3-70B-Instruct|s2
RedHatAI/Llama-3.3-70B-Instruct-quantized.w8a8,llama-3,Llama-3.3-70B-Instruct,w8a8_int,winogrande,84.77,83.74,-1.03,-0.22805309734513274,-1.5997045046231217,1.1435983099328564,False,True,Llama-3.3-70B-Instruct|s2
RedHatAI/Llama-3.3-70B-Instruct-quantized.w8a8,llama-3,Llama-3.3-70B-Instruct,w8a8_int,truthfulqa,63.09,62.75,-0.34,-0.22805309734513274,-2.5220999084178986,2.0659937137276327,False,True,Llama-3.3-70B-Instruct|s2
RedHatAI/Llama-3.3-70B-Instruct-quantized.w8a8,llama-3,Llama-3.3-70B-Instruct,w8a8_int,bbh,63.15,62.54,-0.61,-0.22805309734513274,-1.040401991244915,0.5842957965546494,False,True,Llama-3.3-70B-Instruct|s2
RedHatAI/Llama-3.3-70B-Instruct-quantized.w8a8,llama-3,Llama-3.3-70B-Instruct,w8a8_int,musr,44.35,44.34,-0.01,-0.22805309734513274,-2.6832114941252487,2.227105299434983,False,True,Llama-3.3-70B-Instruct|s2
RedHatAI/Llama-3.3-70B-Instruct-quantized.w8a8,llama-3,Llama-3.3-70B-Instruct,w8a8_int,humaneval,83.2,83.3,0.1,-0.22805309734513274,-4.1949909578060645,3.738884763115799,False,True,Llama-3.3-70B-Instruct|s2
RedHatAI/Llama-3.3-70B-Instruct-quantized.w8a8,llama-3,Llama-3.3-70B-Instruct,w8a8_int,humaneval_plus,78.4,78.6,0.2,-0.22805309734513274,-4.594457945051382,4.1383517503611165,False,True,Llama-3.3-70B-Instruct|s2
RedHatAI/Llama-3.3-70B-Instruct-FP8-dynamic,llama-3,Llama-3.3-70B-Instruct,fp8_dynamic,gpqa_ambiguous_46,46.1,46.3,0.2,-0.14567307692307693,-3.0321032811955217,2.7407571273493683,False,True,Llama-3.3-70B-Instruct|s2
RedHatAI/Llama-3.3-70B-Instruct-NVFP4,llama-3,Llama-3.3-70B-Instruct,nvfp4,gpqa_main,31.63,32.21,0.58,-1.0071794871794872,-32.1196969190047,30.105337944645726,False,True,Llama-3.3-70B-Instruct|s2
RedHatAI/Llama-3.3-70B-Instruct-quantized.w8a8,llama-3,Llama-3.3-70B-Instruct,w8a8_int,gpqa_ambiguous_46,46.1,46.44,0.34,-0.22805309734513274,-3.4281774582745985,2.9720712635843327,False,True,Llama-3.3-70B-Instruct|s2
RedHatAI/Llama-3.3-70B-Instruct-FP8-dynamic,llama-3,Llama-3.3-70B-Instruct,fp8_dynamic,mmlu,81.6,81.31,-0.29,-0.255,-0.8154786193705659,0.30547861937056586,False,True,Llama-3.3-70B-Instruct|s3
RedHatAI/Llama-3.3-70B-Instruct-FP8-dynamic,llama-3,Llama-3.3-70B-Instruct,fp8_dynamic,mmlu_cot,86.58,86.34,-0.24,-0.255,-0.7480490291143509,0.23804902911435083,False,True,Llama-3.3-70B-Instruct|s3
RedHatAI/Llama-3.3-70B-Instruct-FP8-dynamic,llama-3,Llama-3.3-70B-Instruct,fp8_dynamic,arc_challenge,49.23,51.96,2.73,-0.255,-2.758077159939772,2.2480771599397724,False,False,Llama-3.3-70B-Instruct|s3
RedHatAI/Llama-3.3-70B-Instruct-FP8-dynamic,llama-3,Llama-3.3-70B-Instruct,fp8_dynamic,gsm8k,94.16,94.92,0.76,-0.255,-1.3617175434485262,0.8517175434485263,False,True,Llama-3.3-70B-Instruct|s3
RedHatAI/Llama-3.3-70B-Instruct-FP8-dynamic,llama-3,Llama-3.3-70B-Instruct,fp8_dynamic,hellaswag,86.49,86.43,-0.06,-0.255,-0.8396824500895894,0.3296824500895894,False,True,Llama-3.3-70B-Instruct|s3
RedHatAI/Llama-3.3-70B-Instruct-FP8-dynamic,llama-3,Llama-3.3-70B-Instruct,fp8_dynamic,winogrande,84.77,84.53,-0.24,-0.255,-1.985223791280025,1.4752237912800248,False,True,Llama-3.3-70B-Instruct|s3
RedHatAI/Llama-3.3-70B-Instruct-FP8-dynamic,llama-3,Llama-3.3-70B-Instruct,fp8_dynamic,truthfulqa,62.75,63.21,0.46,-0.255,-3.154202289742686,2.6442022897426862,False,True,Llama-3.3-70B-Instruct|s3
RedHatAI/Llama-3.3-70B-Instruct-FP8-dynamic,llama-3,Llama-3.3-70B-Instruct,fp8_dynamic,mmlu_pro,51.89,51.5,-0.39,-0.255,-1.0357466794237835,0.5257466794237836,False,True,Llama-3.3-70B-Instruct|s3
RedHatAI/Llama-3.3-70B-Instruct-FP8-dynamic,llama-3,Llama-3.3-70B-Instruct,fp8_dynamic,ifeval,90.89,90.92,0.03,-0.255,-2.3754993871911116,1.8654993871911119,False,True,Llama-3.3-70B-Instruct|s3
RedHatAI/Llama-3.3-70B-Instruct-FP8-dynamic,llama-3,Llama-3.3-70B-Instruct,fp8_dynamic,bbh,63.15,62.84,-0.31,-0.255,-1.2797103422834586,0.7697103422834585,False,True,Llama-3.3-70B-Instruct|s3
RedHatAI/Llama-3.3-70B-Instruct-FP8-dynamic,llama-3,Llama-3.3-70B-Instruct,fp8_dynamic,musr,44.35,43.96,-0.39,-0.255,-3.351977444072242,2.841977444072242,False,True,Llama-3.3-70B-Instruct|s3
RedHatAI/Llama-3.3-70B-Instruct-FP8-dynamic,llama-3,Llama-3.3-70B-Instruct,fp8_dynamic,humaneval,83.2,83.7,0.5,-0.255,-5.258961085360472,4.748961085360472,False,True,Llama-3.3-70B-Instruct|s3
RedHatAI/Llama-3.3-70B-Instruct-FP8-dynamic,llama-3,Llama-3.3-70B-Instruct,fp8_dynamic,humaneval_plus,78.4,78.7,0.3,-0.255,-5.762855355796433,5.2528553557964335,False,True,Llama-3.3-70B-Instruct|s3
RedHatAI/Llama-3.3-70B-Instruct-NVFP4,llama-3,Llama-3.3-70B-Instruct,nvfp4,arc_challenge,93.39,92.62,-0.77,-0.39802105263157894,-3.3799085982699246,2.5838664930067665,False,True,Llama-3.3-70B-Instruct|s3
RedHatAI/Llama-3.3-70B-Instruct-NVFP4,llama-3,Llama-3.3-70B-Instruct,nvfp4,gsm8k,85.22,77.1,-8.12,-0.39802105263157894,-4.413059734100093,3.617017628836935,False,False,Llama-3.3-70B-Instruct|s3
RedHatAI/Llama-3.3-70B-Instruct-NVFP4,llama-3,Llama-3.3-70B-Instruct,nvfp4,hellaswag,70.23,75.4,5.17,-0.39802105263157894,-2.2727772266742106,1.4767351214110525,False,False,Llama-3.3-70B-Instruct|s3
RedHatAI/Llama-3.3-70B-Instruct-NVFP4,llama-3,Llama-3.3-70B-Instruct,nvfp4,winogrande,73.48,72.53,-0.95,-0.39802105263157894,-5.493525391649934,4.697483286386776,False,True,Llama-3.3-70B-Instruct|s3
RedHatAI/Llama-3.3-70B-Instruct-NVFP4,llama-3,Llama-3.3-70B-Instruct,nvfp4,truthfulqa,66.26,66.26,0.0,-0.39802105263157894,-7.194615809588204,6.398573704325046,False,True,Llama-3.3-70B-Instruct|s3
RedHatAI/Llama-3.3-70B-Instruct-NVFP4,llama-3,Llama-3.3-70B-Instruct,nvfp4,mmlu_pro,53.48,50.26,-3.22,-0.39802105263157894,-2.266339019257488,1.4702969139943303,False,False,Llama-3.3-70B-Instruct|s3
RedHatAI/Llama-3.3-70B-Instruct-NVFP4,llama-3,Llama-3.3-70B-Instruct,nvfp4,ifeval,92.45,91.49,-0.96,-0.39802105263157894,-5.064963556992094,4.268921451728936,False,True,Llama-3.3-70B-Instruct|s3
RedHatAI/Llama-3.3-70B-Instruct-NVFP4,llama-3,Llama-3.3-70B-Instruct,nvfp4,bbh,69.05,66.31,-2.74,-0.39802105263157894,-2.7519452319604785,1.9559031266973204,False,True,Llama-3.3-70B-Instruct|s3
RedHatAI/Llama-3.3-70B-Instruct-NVFP4,llama-3,Llama-3.3-70B-Instruct,nvfp4,math_lvl5,47.96,43.81,-4.15,-0.39802105263157894,-6.039180667262759,5.243138561999601,False,True,Llama-3.3-70B-Instruct|s3
RedHatAI/Llama-3.3-70B-Instruct-NVFP4,llama-3,Llama-3.3-70B-Instruct,nvfp4,musr,44.18,44.18,0.0,-0.39802105263157894,-7.818826121299641,7.022784016036483,False,True,Llama-3.3-70B-Instruct|s3
RedHatAI/Llama-3.3-70B-Instruct-NVFP4,llama-3,Llama-3.3-70B-Instruct,nvfp4,humaneval,88.69,84.77,-3.92,-0.39802105263157894,-10.559358062987625,9.763315957724467,False,True,Llama-3.3-70B-Instruct|s3
RedHatAI/Llama-3.3-70B-Instruct-quantized.w4a16,llama-3,Llama-3.3-70B-Instruct,w4a16,mmlu,81.6,80.62,-0.98,-0.786923076923077,-2.0029775761477704,0.4291314223016164,False,True,Llama-3.3-70B-Instruct|s3
RedHatAI/Llama-3.3-70B-Instruct-quantized.w4a16,llama-3,Llama-3.3-70B-Instruct,w4a16,mmlu_cot,86.58,85.81,-0.77,-0.786923076923077,-1.8566775144183256,0.2828313605721716,False,True,Llama-3.3-70B-Instruct|s3
RedHatAI/Llama-3.3-70B-Instruct-quantized.w4a16,llama-3,Llama-3.3-70B-Instruct,w4a16,arc_challenge,49.23,49.49,0.26,-0.786923076923077,-6.217778308599342,4.643932154753188,False,True,Llama-3.3-70B-Instruct|s3
RedHatAI/Llama-3.3-70B-Instruct-quantized.w4a16,llama-3,Llama-3.3-70B-Instruct,w4a16,gsm8k,94.16,94.47,0.31,-0.786923076923077,-3.1881366140119427,1.6142904601657886,False,True,Llama-3.3-70B-Instruct|s3
RedHatAI/Llama-3.3-70B-Instruct-quantized.w4a16,llama-3,Llama-3.3-70B-Instruct,w4a16,hellaswag,86.49,85.97,-0.52,-0.786923076923077,-2.05549193838588,0.48164578453972606,False,True,Llama-3.3-70B-Instruct|s3
RedHatAI/Llama-3.3-70B-Instruct-quantized.w4a16,llama-3,Llama-3.3-70B-Instruct,w4a16,winogrande,84.77,84.45,-0.32,-0.786923076923077,-4.540940363817246,2.9670942099710915,False,True,Llama-3.3-70B-Instruct|s3
RedHatAI/Llama-3.3-70B-Instruct-quantized.w4a16,llama-3,Llama-3.3-70B-Instruct,w4a16,truthfulqa,62.75,61.66,-1.09,-0.786923076923077,-7.077239721942411,5.503393568096258,False,True,Llama-3.3-70B-Instruct|s3
RedHatAI/Llama-3.3-70B-Instruct-quantized.w4a16,llama-3,Llama-3.3-70B-Instruct,w4a16,humaneval,83.2,83.4,0.2,-0.786923076923077,-11.643874941798169,10.070028787952014,False,True,Llama-3.3-70B-Instruct|s3
RedHatAI/Llama-3.3-70B-Instruct-quantized.w4a16,llama-3,Llama-3.3-70B-Instruct,w4a16,humaneval_plus,78.4,78.6,0.2,-0.786923076923077,-12.737159990539807,11.163313836693652,False,True,Llama-3.3-70B-Instruct|s3
RedHatAI/Llama-3.3-70B-Instruct-quantized.w8a8,llama-3,Llama-3.3-70B-Instruct,w8a8_int,mmlu,81.6,81.19,-0.41,-0.3452554744525548,-1.0416470791381625,0.351136130233053,False,True,Llama-3.3-70B-Instruct|s3
RedHatAI/Llama-3.3-70B-Instruct-quantized.w8a8,llama-3,Llama-3.3-70B-Instruct,w8a8_int,mmlu_cot,86.58,85.92,-0.66,-0.3452554744525548,-0.9578661837767067,0.2673552348715972,False,True,Llama-3.3-70B-Instruct|s3
RedHatAI/Llama-3.3-70B-Instruct-quantized.w8a8,llama-3,Llama-3.3-70B-Instruct,w8a8_int,arc_challenge,49.23,48.04,-1.19,-0.3452554744525548,-3.4553150910351276,2.764804142130018,False,True,Llama-3.3-70B-Instruct|s3
RedHatAI/Llama-3.3-70B-Instruct-quantized.w8a8,llama-3,Llama-3.3-70B-Instruct,w8a8_int,gsm8k,94.16,94.01,-0.15,-0.3452554744525548,-1.7203459406711628,1.029834991766053,False,True,Llama-3.3-70B-Instruct|s3
RedHatAI/Llama-3.3-70B-Instruct-quantized.w8a8,llama-3,Llama-3.3-70B-Instruct,w8a8_int,hellaswag,86.49,86.47,-0.02,-0.3452554744525548,-1.0717202058042408,0.3812092568991311,False,True,Llama-3.3-70B-Instruct|s3
RedHatAI/Llama-3.3-70B-Instruct-quantized.w8a8,llama-3,Llama-3.3-70B-Instruct,w8a8_int,winogrande,84.77,83.74,-1.03,-0.3452554744525548,-2.495049027376779,1.8045380784716691,False,True,Llama-3.3-70B-Instruct|s3
RedHatAI/Llama-3.3-70B-Instruct-quantized.w8a8,llama-3,Llama-3.3-70B-Instruct,w8a8_int,truthfulqa,63.09,62.75,-0.34,-0.3452554744525548,-3.9407222369133663,3.2502112880082565,False,True,Llama-3.3-70B-Instruct|s3
RedHatAI/Llama-3.3-70B-Instruct-quantized.w8a8,llama-3,Llama-3.3-70B-Instruct,w8a8_int,bbh,63.15,62.54,-0.61,-0.3452554744525548,-1.61845244386079,0.9279414949556802,False,True,Llama-3.3-70B-Instruct|s3
RedHatAI/Llama-3.3-70B-Instruct-quantized.w8a8,llama-3,Llama-3.3-70B-Instruct,w8a8_int,musr,44.35,44.34,-0.01,-0.3452554744525548,-4.193232930532234,3.502721981627124,False,True,Llama-3.3-70B-Instruct|s3
RedHatAI/Llama-3.3-70B-Instruct-quantized.w8a8,llama-3,Llama-3.3-70B-Instruct,w8a8_int,humaneval,83.2,83.3,0.1,-0.3452554744525548,-6.56264962577978,5.8721386768746715,False,True,Llama-3.3-70B-Instruct|s3
RedHatAI/Llama-3.3-70B-Instruct-quantized.w8a8,llama-3,Llama-3.3-70B-Instruct,w8a8_int,humaneval_plus,78.4,78.6,0.2,-0.3452554744525548,-7.18873548785042,6.498224538945311,False,True,Llama-3.3-70B-Instruct|s3
RedHatAI/Llama-3.3-70B-Instruct-FP8-dynamic,llama-3,Llama-3.3-70B-Instruct,fp8_dynamic,gpqa_ambiguous_46,46.1,46.3,0.2,-0.255,-4.2916898433202215,3.7816898433202217,False,True,Llama-3.3-70B-Instruct|s3
RedHatAI/Llama-3.3-70B-Instruct-NVFP4,llama-3,Llama-3.3-70B-Instruct,nvfp4,gpqa_main,31.63,32.21,0.58,-0.39802105263157894,-9.425105981321133,8.629063876057975,False,True,Llama-3.3-70B-Instruct|s3
RedHatAI/Llama-3.3-70B-Instruct-quantized.w8a8,llama-3,Llama-3.3-70B-Instruct,w8a8_int,gpqa_ambiguous_46,46.1,46.44,0.34,-0.3452554744525548,-5.360820422790515,4.670309473885406,False,True,Llama-3.3-70B-Instruct|s3
RedHatAI/Llama-3.3-70B-Instruct-FP8-dynamic,llama-3,Llama-3.3-70B-Instruct,fp8_dynamic,mmlu,81.6,81.31,-0.29,-0.13745901639344263,-0.5973586919300213,0.322440659143136,False,True,Llama-3.3-70B-Instruct|s4
RedHatAI/Llama-3.3-70B-Instruct-FP8-dynamic,llama-3,Llama-3.3-70B-Instruct,fp8_dynamic,mmlu_cot,86.58,86.34,-0.24,-0.13745901639344263,-0.5420294686400698,0.26711143585318464,False,True,Llama-3.3-70B-Instruct|s4
RedHatAI/Llama-3.3-70B-Instruct-FP8-dynamic,llama-3,Llama-3.3-70B-Instruct,fp8_dynamic,arc_challenge,49.23,51.96,2.73,-0.13745901639344263,-2.191354265764621,1.9164362329777356,False,False,Llama-3.3-70B-Instruct|s4
RedHatAI/Llama-3.3-70B-Instruct-FP8-dynamic,llama-3,Llama-3.3-70B-Instruct,fp8_dynamic,gsm8k,94.16,94.92,0.76,-0.13745901639344263,-1.0455740123128503,0.7706559795259651,False,True,Llama-3.3-70B-Instruct|s4
RedHatAI/Llama-3.3-70B-Instruct-FP8-dynamic,llama-3,Llama-3.3-70B-Instruct,fp8_dynamic,hellaswag,86.49,86.43,-0.06,-0.13745901639344263,-0.6172190996417767,0.3423010668548915,False,True,Llama-3.3-70B-Instruct|s4
RedHatAI/Llama-3.3-70B-Instruct-FP8-dynamic,llama-3,Llama-3.3-70B-Instruct,fp8_dynamic,winogrande,84.77,84.53,-0.24,-0.13745901639344263,-1.557190889678779,1.2822728568918937,False,True,Llama-3.3-70B-Instruct|s4
RedHatAI/Llama-3.3-70B-Instruct-FP8-dynamic,llama-3,Llama-3.3-70B-Instruct,fp8_dynamic,truthfulqa,62.75,63.21,0.46,-0.13745901639344263,-2.516393994974696,2.24147596218781,False,True,Llama-3.3-70B-Instruct|s4
RedHatAI/Llama-3.3-70B-Instruct-FP8-dynamic,llama-3,Llama-3.3-70B-Instruct,fp8_dynamic,mmlu_pro,51.89,51.5,-0.39,-0.13745901639344263,-0.7780992337606994,0.5031812009738142,False,True,Llama-3.3-70B-Instruct|s4
RedHatAI/Llama-3.3-70B-Instruct-FP8-dynamic,llama-3,Llama-3.3-70B-Instruct,fp8_dynamic,ifeval,90.89,90.92,0.03,-0.13745901639344263,-1.8774307948707443,1.602512762083859,False,True,Llama-3.3-70B-Instruct|s4
RedHatAI/Llama-3.3-70B-Instruct-FP8-dynamic,llama-3,Llama-3.3-70B-Instruct,fp8_dynamic,bbh,63.15,62.84,-0.31,-0.13745901639344263,-0.9782831578466572,0.703365125059772,False,True,Llama-3.3-70B-Instruct|s4
RedHatAI/Llama-3.3-70B-Instruct-FP8-dynamic,llama-3,Llama-3.3-70B-Instruct,fp8_dynamic,musr,44.35,43.96,-0.39,-0.13745901639344263,-2.6786780253762594,2.403759992589374,False,True,Llama-3.3-70B-Instruct|s4
RedHatAI/Llama-3.3-70B-Instruct-FP8-dynamic,llama-3,Llama-3.3-70B-Instruct,fp8_dynamic,humaneval,83.2,83.7,0.5,-0.13745901639344263,-4.243449860681844,3.9685318278949584,False,True,Llama-3.3-70B-Instruct|s4
RedHatAI/Llama-3.3-70B-Instruct-FP8-dynamic,llama-3,Llama-3.3-70B-Instruct,fp8_dynamic,humaneval_plus,78.4,78.7,0.3,-0.13745901639344263,-4.65691935526933,4.382001322482444,False,True,Llama-3.3-70B-Instruct|s4
RedHatAI/Llama-3.3-70B-Instruct-NVFP4,llama-3,Llama-3.3-70B-Instruct,nvfp4,arc_challenge,93.39,92.62,-0.77,-1.0071794871794872,-11.284475976167254,9.27011700180828,False,True,Llama-3.3-70B-Instruct|s4
RedHatAI/Llama-3.3-70B-Instruct-NVFP4,llama-3,Llama-3.3-70B-Instruct,nvfp4,gsm8k,85.22,77.1,-8.12,-1.0071794871794872,-14.84530795871208,12.830948984353107,False,True,Llama-3.3-70B-Instruct|s4
RedHatAI/Llama-3.3-70B-Instruct-NVFP4,llama-3,Llama-3.3-70B-Instruct,nvfp4,hellaswag,70.23,75.4,5.17,-1.0071794871794872,-7.468665626514031,5.454306652155058,False,True,Llama-3.3-70B-Instruct|s4
RedHatAI/Llama-3.3-70B-Instruct-NVFP4,llama-3,Llama-3.3-70B-Instruct,nvfp4,winogrande,73.48,72.53,-0.95,-1.0071794871794872,-18.569212948037123,16.554853973678146,False,True,Llama-3.3-70B-Instruct|s4
RedHatAI/Llama-3.3-70B-Instruct-NVFP4,llama-3,Llama-3.3-70B-Instruct,nvfp4,truthfulqa,66.26,66.26,0.0,-1.0071794871794872,-24.432147184205693,22.417788209846716,False,True,Llama-3.3-70B-Instruct|s4
RedHatAI/Llama-3.3-70B-Instruct-NVFP4,llama-3,Llama-3.3-70B-Instruct,nvfp4,mmlu_pro,53.48,50.26,-3.22,-1.0071794871794872,-7.446475867354254,5.43211689299528,False,True,Llama-3.3-70B-Instruct|s4
RedHatAI/Llama-3.3-70B-Instruct-NVFP4,llama-3,Llama-3.3-70B-Instruct,nvfp4,ifeval,92.45,91.49,-0.96,-1.0071794871794872,-17.092142813354933,15.077783838995957,False,True,Llama-3.3-70B-Instruct|s4
RedHatAI/Llama-3.3-70B-Instruct-NVFP4,llama-3,Llama-3.3-70B-Instruct,nvfp4,bbh,69.05,66.31,-2.74,-1.0071794871794872,-9.120153679967641,7.105794705608668,False,True,Llama-3.3-70B-Instruct|s4
RedHatAI/Llama-3.3-70B-Instruct-NVFP4,llama-3,Llama-3.3-70B-Instruct,nvfp4,math_lvl5,47.96,43.81,-4.15,-1.0071794871794872,-20.449854307720873,18.435495333361896,False,True,Llama-3.3-70B-Instruct|s4
RedHatAI/Llama-3.3-70B-Instruct-NVFP4,llama-3,Llama-3.3-70B-Instruct,nvfp4,musr,44.18,44.18,0.0,-1.0071794871794872,-26.583534299499664,24.569175325140687,False,True,Llama-3.3-70B-Instruct|s4
RedHatAI/Llama-3.3-70B-Instruct-NVFP4,llama-3,Llama-3.3-70B-Instruct,nvfp4,humaneval,88.69,84.77,-3.92,-1.0071794871794872,-36.028980806517175,34.014621832158205,False,True,Llama-3.3-70B-Instruct|s4
RedHatAI/Llama-3.3-70B-Instruct-quantized.w4a16,llama-3,Llama-3.3-70B-Instruct,w4a16,mmlu,81.6,80.62,-0.98,-0.599396551724138,-2.004071971424766,0.8052788679764902,False,True,Llama-3.3-70B-Instruct|s4
RedHatAI/Llama-3.3-70B-Instruct-quantized.w4a16,llama-3,Llama-3.3-70B-Instruct,w4a16,mmlu_cot,86.58,85.81,-0.77,-0.599396551724138,-1.8350794626654492,0.6362863592171732,False,True,Llama-3.3-70B-Instruct|s4
RedHatAI/Llama-3.3-70B-Instruct-quantized.w4a16,llama-3,Llama-3.3-70B-Instruct,w4a16,arc_challenge,49.23,49.49,0.26,-0.599396551724138,-6.872625964346587,5.673832860898311,False,True,Llama-3.3-70B-Instruct|s4
RedHatAI/Llama-3.3-70B-Instruct-quantized.w4a16,llama-3,Llama-3.3-70B-Instruct,w4a16,gsm8k,94.16,94.47,0.31,-0.599396551724138,-3.3730597676010348,2.174266664152759,False,True,Llama-3.3-70B-Instruct|s4
RedHatAI/Llama-3.3-70B-Instruct-quantized.w4a16,llama-3,Llama-3.3-70B-Instruct,w4a16,hellaswag,86.49,85.97,-0.52,-0.599396551724138,-2.064731780556805,0.8659386771085293,False,True,Llama-3.3-70B-Instruct|s4
RedHatAI/Llama-3.3-70B-Instruct-quantized.w4a16,llama-3,Llama-3.3-70B-Instruct,w4a16,winogrande,84.77,84.45,-0.32,-0.599396551724138,-4.93569546874919,3.7369023653009137,False,True,Llama-3.3-70B-Instruct|s4
RedHatAI/Llama-3.3-70B-Instruct-quantized.w4a16,llama-3,Llama-3.3-70B-Instruct,w4a16,truthfulqa,62.75,61.66,-1.09,-0.599396551724138,-7.865397523741231,6.666604420292955,False,True,Llama-3.3-70B-Instruct|s4
RedHatAI/Llama-3.3-70B-Instruct-quantized.w4a16,llama-3,Llama-3.3-70B-Instruct,w4a16,humaneval,83.2,83.4,0.2,-0.599396551724138,-13.140358677341062,11.941565573892788,False,True,Llama-3.3-70B-Instruct|s4
RedHatAI/Llama-3.3-70B-Instruct-quantized.w4a16,llama-3,Llama-3.3-70B-Instruct,w4a16,humaneval_plus,78.4,78.6,0.2,-0.599396551724138,-14.403222007621647,13.20442890417337,False,True,Llama-3.3-70B-Instruct|s4
RedHatAI/Llama-3.3-70B-Instruct-quantized.w8a8,llama-3,Llama-3.3-70B-Instruct,w8a8_int,mmlu,81.6,81.19,-0.41,-0.42636363636363633,-0.8151540174348122,-0.03757325529246047,False,True,Llama-3.3-70B-Instruct|s4
RedHatAI/Llama-3.3-70B-Instruct-quantized.w8a8,llama-3,Llama-3.3-70B-Instruct,w8a8_int,mmlu_cot,86.58,85.92,-0.66,-0.42636363636363633,-0.7683797513251996,-0.08434752140207302,False,True,Llama-3.3-70B-Instruct|s4
RedHatAI/Llama-3.3-70B-Instruct-quantized.w8a8,llama-3,Llama-3.3-70B-Instruct,w8a8_int,arc_challenge,49.23,48.04,-1.19,-0.42636363636363633,-2.162687359035595,1.3099600863083223,False,True,Llama-3.3-70B-Instruct|s4
RedHatAI/Llama-3.3-70B-Instruct-quantized.w8a8,llama-3,Llama-3.3-70B-Instruct,w8a8_int,gsm8k,94.16,94.01,-0.15,-0.42636363636363633,-1.1940666683521297,0.3413393956248571,False,True,Llama-3.3-70B-Instruct|s4
RedHatAI/Llama-3.3-70B-Instruct-quantized.w8a8,llama-3,Llama-3.3-70B-Instruct,w8a8_int,hellaswag,86.49,86.47,-0.02,-0.42636363636363633,-0.8319436258933817,-0.020783646833891,False,False,Llama-3.3-70B-Instruct|s4
RedHatAI/Llama-3.3-70B-Instruct-quantized.w8a8,llama-3,Llama-3.3-70B-Instruct,w8a8_int,winogrande,84.77,83.74,-1.03,-0.42636363636363633,-1.626577781741084,0.7738505090138115,False,True,Llama-3.3-70B-Instruct|s4
RedHatAI/Llama-3.3-70B-Instruct-quantized.w8a8,llama-3,Llama-3.3-70B-Instruct,w8a8_int,truthfulqa,63.09,62.75,-0.34,-0.42636363636363633,-2.433686647296504,1.5809593745692316,False,True,Llama-3.3-70B-Instruct|s4
RedHatAI/Llama-3.3-70B-Instruct-quantized.w8a8,llama-3,Llama-3.3-70B-Instruct,w8a8_int,bbh,63.15,62.54,-0.61,-0.42636363636363633,-1.1371802682476022,0.2844529955203295,False,True,Llama-3.3-70B-Instruct|s4
RedHatAI/Llama-3.3-70B-Instruct-quantized.w8a8,llama-3,Llama-3.3-70B-Instruct,w8a8_int,musr,44.35,44.34,-0.01,-0.42636363636363633,-2.574661535758791,1.7219342630315184,False,True,Llama-3.3-70B-Instruct|s4
RedHatAI/Llama-3.3-70B-Instruct-quantized.w8a8,llama-3,Llama-3.3-70B-Instruct,w8a8_int,humaneval,83.2,83.3,0.1,-0.42636363636363633,-3.8974896882859698,3.044762415558697,False,True,Llama-3.3-70B-Instruct|s4
RedHatAI/Llama-3.3-70B-Instruct-quantized.w8a8,llama-3,Llama-3.3-70B-Instruct,w8a8_int,humaneval_plus,78.4,78.6,0.2,-0.42636363636363633,-4.247028883273267,3.3943016105459947,False,True,Llama-3.3-70B-Instruct|s4
RedHatAI/Llama-3.3-70B-Instruct-FP8-dynamic,llama-3,Llama-3.3-70B-Instruct,fp8_dynamic,gpqa_ambiguous_46,46.1,46.3,0.2,-0.13745901639344263,-3.449757264754185,3.1748392319672996,False,True,Llama-3.3-70B-Instruct|s4
RedHatAI/Llama-3.3-70B-Instruct-NVFP4,llama-3,Llama-3.3-70B-Instruct,nvfp4,gpqa_main,31.63,32.21,0.58,-1.0071794871794872,-32.1196969190047,30.105337944645726,False,True,Llama-3.3-70B-Instruct|s4
RedHatAI/Llama-3.3-70B-Instruct-quantized.w8a8,llama-3,Llama-3.3-70B-Instruct,w8a8_int,gpqa_ambiguous_46,46.1,46.44,0.34,-0.42636363636363633,-3.226517162671431,2.3737898899441583,False,True,Llama-3.3-70B-Instruct|s4
RedHatAI/Meta-Llama-3.1-405B-FP8,llama-3,Meta-Llama-3.1-405B,fp8,arc_challenge,95.99,95.82,-0.17,-0.2927536231884058,-1.4126322605357509,0.8271250141589392,True,True,Meta-Llama-3.1-405B|s0
RedHatAI/Meta-Llama-3.1-405B-FP8,llama-3,Meta-Llama-3.1-405B,fp8,gsm8k,88.1,87.94,-0.16,-0.2927536231884058,-2.034915961437857,1.4494087150610457,True,True,Meta-Llama-3.1-405B|s0
RedHatAI/Meta-Llama-3.1-405B-FP8,llama-3,Meta-Llama-3.1-405B,fp8,hellaswag,90.02,89.14,-0.88,-0.2927536231884058,-0.8772398078248373,0.29173256144802573,True,False,Meta-Llama-3.1-405B|s0
RedHatAI/Meta-Llama-3.1-405B-FP8,llama-3,Meta-Llama-3.1-405B,fp8,winogrande,87.61,86.42,-1.19,-0.2927536231884058,-2.101483739132758,1.5159764927559465,True,True,Meta-Llama-3.1-405B|s0
RedHatAI/Meta-Llama-3.1-405B-FP8,llama-3,Meta-Llama-3.1-405B,fp8,truthfulqa,49.83,47.93,-1.9,-0.2927536231884058,-3.711021153398919,3.125513907022107,True,True,Meta-Llama-3.1-405B|s0
RedHatAI/Meta-Llama-3.1-405B-FP8,llama-3,Meta-Llama-3.1-405B,fp8,arc_challenge,95.99,95.82,-0.17,-0.17600000000000002,-0.6454202656719065,0.2934202656719065,False,True,Meta-Llama-3.1-405B|s1
RedHatAI/Meta-Llama-3.1-405B-FP8,llama-3,Meta-Llama-3.1-405B,fp8,gsm8k,88.1,87.94,-0.16,-0.17600000000000002,-0.9062633342500255,0.5542633342500254,False,True,Meta-Llama-3.1-405B|s1
RedHatAI/Meta-Llama-3.1-405B-FP8,llama-3,Meta-Llama-3.1-405B,fp8,hellaswag,90.02,89.14,-0.88,-0.17600000000000002,-0.4209994588016177,0.0689994588016177,False,False,Meta-Llama-3.1-405B|s1
RedHatAI/Meta-Llama-3.1-405B-FP8,llama-3,Meta-Llama-3.1-405B,fp8,winogrande,87.61,86.42,-1.19,-0.17600000000000002,-0.9341665934502782,0.5821665934502781,False,False,Meta-Llama-3.1-405B|s1
RedHatAI/Meta-Llama-3.1-405B-FP8,llama-3,Meta-Llama-3.1-405B,fp8,truthfulqa,49.83,47.93,-1.9,-0.17600000000000002,-1.6088374510026315,1.2568374510026317,False,False,Meta-Llama-3.1-405B|s1
RedHatAI/Meta-Llama-3.1-405B-FP8,llama-3,Meta-Llama-3.1-405B,fp8,arc_challenge,95.99,95.82,-0.17,-0.29278688524590163,-0.8354949835281733,0.2499212130363701,False,True,Meta-Llama-3.1-405B|s2
RedHatAI/Meta-Llama-3.1-405B-FP8,llama-3,Meta-Llama-3.1-405B,fp8,gsm8k,88.1,87.94,-0.16,-0.29278688524590163,-1.137061950381465,0.5514881798896616,False,True,Meta-Llama-3.1-405B|s2
RedHatAI/Meta-Llama-3.1-405B-FP8,llama-3,Meta-Llama-3.1-405B,fp8,hellaswag,90.02,89.14,-0.88,-0.29278688524590163,-0.5760366724618293,-0.00953709802997399,False,False,Meta-Llama-3.1-405B|s2
RedHatAI/Meta-Llama-3.1-405B-FP8,llama-3,Meta-Llama-3.1-405B,fp8,winogrande,87.61,86.42,-1.19,-0.29278688524590163,-1.169321581769068,0.5837478112772649,False,False,Meta-Llama-3.1-405B|s2
RedHatAI/Meta-Llama-3.1-405B-FP8,llama-3,Meta-Llama-3.1-405B,fp8,truthfulqa,49.83,47.93,-1.9,-0.29278688524590163,-1.9493248429078218,1.3637510724160185,False,True,Meta-Llama-3.1-405B|s2
RedHatAI/Meta-Llama-3.1-405B-FP8,llama-3,Meta-Llama-3.1-405B,fp8,arc_challenge,95.99,95.82,-0.17,-0.35619999999999996,-0.9764935473950657,0.26409354739506574,False,True,Meta-Llama-3.1-405B|s3
RedHatAI/Meta-Llama-3.1-405B-FP8,llama-3,Meta-Llama-3.1-405B,fp8,gsm8k,88.1,87.94,-0.16,-0.35619999999999996,-1.3211724719194335,0.6087724719194336,False,True,Meta-Llama-3.1-405B|s3
RedHatAI/Meta-Llama-3.1-405B-FP8,llama-3,Meta-Llama-3.1-405B,fp8,hellaswag,90.02,89.14,-0.88,-0.35619999999999996,-0.6799431242820366,-0.032456875717963296,False,False,Meta-Llama-3.1-405B|s3
RedHatAI/Meta-Llama-3.1-405B-FP8,llama-3,Meta-Llama-3.1-405B,fp8,winogrande,87.61,86.42,-1.19,-0.35619999999999996,-1.3580439342292991,0.6456439342292991,False,True,Meta-Llama-3.1-405B|s3
RedHatAI/Meta-Llama-3.1-405B-FP8,llama-3,Meta-Llama-3.1-405B,fp8,truthfulqa,49.83,47.93,-1.9,-0.35619999999999996,-2.249556316968479,1.5371563169684794,False,True,Meta-Llama-3.1-405B|s3
RedHatAI/Meta-Llama-3.1-405B-FP8,llama-3,Meta-Llama-3.1-405B,fp8,arc_challenge,95.99,95.82,-0.17,-0.32315789473684214,-1.0918557455135518,0.44553995603986746,False,True,Meta-Llama-3.1-405B|s4
RedHatAI/Meta-Llama-3.1-405B-FP8,llama-3,Meta-Llama-3.1-405B,fp8,gsm8k,88.1,87.94,-0.16,-0.32315789473684214,-1.5189985871610079,0.8726827976873237,False,True,Meta-Llama-3.1-405B|s4
RedHatAI/Meta-Llama-3.1-405B-FP8,llama-3,Meta-Llama-3.1-405B,fp8,hellaswag,90.02,89.14,-0.88,-0.32315789473684214,-0.7243560772496761,0.07804028777599181,False,False,Meta-Llama-3.1-405B|s4
RedHatAI/Meta-Llama-3.1-405B-FP8,llama-3,Meta-Llama-3.1-405B,fp8,winogrande,87.61,86.42,-1.19,-0.32315789473684214,-1.5646914916763217,0.9183757022026375,False,True,Meta-Llama-3.1-405B|s4
RedHatAI/Meta-Llama-3.1-405B-FP8,llama-3,Meta-Llama-3.1-405B,fp8,truthfulqa,49.83,47.93,-1.9,-0.32315789473684214,-2.6694968784651683,2.023181088991484,False,True,Meta-Llama-3.1-405B|s4
RedHatAI/Meta-Llama-3.1-405B-Instruct-FP8-dynamic,llama-3,Meta-Llama-3.1-405B-Instruct,fp8_dynamic,arena_hard,67.4,66.7,-0.7,-0.1718045112781955,-4.495035919449377,4.1514268968929855,False,True,Meta-Llama-3.1-405B-Instruct|s0
RedHatAI/Meta-Llama-3.1-405B-Instruct-FP8-dynamic,llama-3,Meta-Llama-3.1-405B-Instruct,fp8_dynamic,mmlu,87.4,87.5,0.1,-0.1718045112781955,-0.7493434106542853,0.4057343880978943,False,True,Meta-Llama-3.1-405B-Instruct|s0
RedHatAI/Meta-Llama-3.1-405B-Instruct-FP8-dynamic,llama-3,Meta-Llama-3.1-405B-Instruct,fp8_dynamic,mmlu_cot,88.1,88.1,0.0,-0.1718045112781955,-0.7353145884923326,0.3917055659359415,False,True,Meta-Llama-3.1-405B-Instruct|s0
RedHatAI/Meta-Llama-3.1-405B-Instruct-FP8-dynamic,llama-3,Meta-Llama-3.1-405B-Instruct,fp8_dynamic,arc_challenge,95.0,95.0,0.0,-0.1718045112781955,-1.484722912806631,1.1411138902502402,False,True,Meta-Llama-3.1-405B-Instruct|s0
RedHatAI/Meta-Llama-3.1-405B-Instruct-FP8-dynamic,llama-3,Meta-Llama-3.1-405B-Instruct,fp8_dynamic,gsm8k,96.0,95.8,-0.2,-0.1718045112781955,-1.284555402449827,0.940946379893436,False,True,Meta-Llama-3.1-405B-Instruct|s0
RedHatAI/Meta-Llama-3.1-405B-Instruct-FP8-dynamic,llama-3,Meta-Llama-3.1-405B-Instruct,fp8_dynamic,hellaswag,88.5,88.5,0.0,-0.1718045112781955,-0.8283505469905923,0.48474152443420127,False,True,Meta-Llama-3.1-405B-Instruct|s0
RedHatAI/Meta-Llama-3.1-405B-Instruct-FP8-dynamic,llama-3,Meta-Llama-3.1-405B-Instruct,fp8_dynamic,winogrande,87.2,88.0,0.8,-0.1718045112781955,-2.1074670992853304,1.7638580767289396,False,True,Meta-Llama-3.1-405B-Instruct|s0
RedHatAI/Meta-Llama-3.1-405B-Instruct-FP8-dynamic,llama-3,Meta-Llama-3.1-405B-Instruct,fp8_dynamic,truthfulqa,65.3,65.3,0.0,-0.1718045112781955,-3.606316495531023,3.2627074729746317,False,True,Meta-Llama-3.1-405B-Instruct|s0
RedHatAI/Meta-Llama-3.1-405B-Instruct-FP8-dynamic,llama-3,Meta-Llama-3.1-405B-Instruct,fp8_dynamic,mmlu_pro,59.7,59.4,-0.3,-0.1718045112781955,-1.094005351072444,0.750396328516053,False,True,Meta-Llama-3.1-405B-Instruct|s0
RedHatAI/Meta-Llama-3.1-405B-Instruct-FP8-dynamic,llama-3,Meta-Llama-3.1-405B-Instruct,fp8_dynamic,ifeval,87.7,86.8,-0.9,-0.1718045112781955,-3.0839190744423157,2.7403100518859245,False,True,Meta-Llama-3.1-405B-Instruct|s0
RedHatAI/Meta-Llama-3.1-405B-Instruct-FP8-dynamic,llama-3,Meta-Llama-3.1-405B-Instruct,fp8_dynamic,bbh,67.0,67.1,0.1,-0.1718045112781955,-1.3735853075618634,1.0299762850054726,False,True,Meta-Llama-3.1-405B-Instruct|s0
RedHatAI/Meta-Llama-3.1-405B-Instruct-FP8-dynamic,llama-3,Meta-Llama-3.1-405B-Instruct,fp8_dynamic,math_lvl5,39.0,38.8,-0.2,-0.1718045112781955,-2.936249581094566,2.5926405585381747,False,True,Meta-Llama-3.1-405B-Instruct|s0
RedHatAI/Meta-Llama-3.1-405B-Instruct-FP8-dynamic,llama-3,Meta-Llama-3.1-405B-Instruct,fp8_dynamic,humaneval,86.8,87.0,0.2,-0.1718045112781955,-5.622847920416233,5.279238897859842,False,True,Meta-Llama-3.1-405B-Instruct|s0
RedHatAI/Meta-Llama-3.1-405B-Instruct-FP8-dynamic,llama-3,Meta-Llama-3.1-405B-Instruct,fp8_dynamic,humaneval_plus,80.1,81.0,0.9,-0.1718045112781955,-6.601280941503531,6.25767191894714,False,True,Meta-Llama-3.1-405B-Instruct|s0
RedHatAI/Meta-Llama-3.1-405B-Instruct-FP8,llama-3,Meta-Llama-3.1-405B-Instruct,fp8,mmlu,87.41,87.41,0.0,-0.3526530612244898,-0.588035092210115,-0.11727103023886465,False,False,Meta-Llama-3.1-405B-Instruct|s0
RedHatAI/Meta-Llama-3.1-405B-Instruct-FP8,llama-3,Meta-Llama-3.1-405B-Instruct,fp8,mmlu_cot,88.11,88.02,-0.09,-0.3526530612244898,-0.5823120290360329,-0.1229940934129467,False,False,Meta-Llama-3.1-405B-Instruct|s0
RedHatAI/Meta-Llama-3.1-405B-Instruct-FP8,llama-3,Meta-Llama-3.1-405B-Instruct,fp8,arc_challenge,94.97,94.88,-0.09,-0.3526530612244898,-0.8894472068476312,0.18414108439865162,False,True,Meta-Llama-3.1-405B-Instruct|s0
RedHatAI/Meta-Llama-3.1-405B-Instruct-FP8,llama-3,Meta-Llama-3.1-405B-Instruct,fp8,gsm8k,95.98,96.29,0.31,-0.3526530612244898,-0.8074058452987678,0.10209972284978819,False,False,Meta-Llama-3.1-405B-Instruct|s0
RedHatAI/Meta-Llama-3.1-405B-Instruct-FP8,llama-3,Meta-Llama-3.1-405B-Instruct,fp8,hellaswag,88.54,88.54,0.0,-0.3526530612244898,-0.6199206675686588,-0.08538545488032084,False,False,Meta-Llama-3.1-405B-Instruct|s0
RedHatAI/Meta-Llama-3.1-405B-Instruct-FP8,llama-3,Meta-Llama-3.1-405B-Instruct,fp8,winogrande,87.21,86.98,-0.23,-0.3526530612244898,-1.1415576333623287,0.4362515109133491,False,True,Meta-Llama-3.1-405B-Instruct|s0
RedHatAI/Meta-Llama-3.1-405B-Instruct-FP8,llama-3,Meta-Llama-3.1-405B-Instruct,fp8,truthfulqa,65.31,65.33,0.02,-0.3526530612244898,-1.7528055236887394,1.0474994012397598,False,True,Meta-Llama-3.1-405B-Instruct|s0
RedHatAI/Meta-Llama-3.1-405B-Instruct-quantized.w4a16,llama-3,Meta-Llama-3.1-405B-Instruct,w4a16,arena_hard,67.4,66.5,-0.9,-0.8150387596899225,-8.661264928914726,7.031187409534882,False,True,Meta-Llama-3.1-405B-Instruct|s0
RedHatAI/Meta-Llama-3.1-405B-Instruct-quantized.w4a16,llama-3,Meta-Llama-3.1-405B-Instruct,w4a16,mmlu,87.4,87.2,-0.2,-0.8150387596899225,-1.863213238036176,0.23313571865633098,False,True,Meta-Llama-3.1-405B-Instruct|s0
RedHatAI/Meta-Llama-3.1-405B-Instruct-quantized.w4a16,llama-3,Meta-Llama-3.1-405B-Instruct,w4a16,arc_challenge,95.0,95.3,0.3,-0.8150387596899225,-3.1978523885553143,1.5677748691754694,False,True,Meta-Llama-3.1-405B-Instruct|s0
RedHatAI/Meta-Llama-3.1-405B-Instruct-quantized.w4a16,llama-3,Meta-Llama-3.1-405B-Instruct,w4a16,gsm8k,96.4,96.3,-0.1,-0.8150387596899225,-2.734920358156421,1.1048428387765763,False,True,Meta-Llama-3.1-405B-Instruct|s0
RedHatAI/Meta-Llama-3.1-405B-Instruct-quantized.w4a16,llama-3,Meta-Llama-3.1-405B-Instruct,w4a16,hellaswag,88.3,88.3,0.0,-0.8150387596899225,-2.015561112274628,0.3854835928947833,False,True,Meta-Llama-3.1-405B-Instruct|s0
RedHatAI/Meta-Llama-3.1-405B-Instruct-quantized.w4a16,llama-3,Meta-Llama-3.1-405B-Instruct,w4a16,winogrande,87.2,87.4,0.2,-0.8150387596899225,-4.328069874356923,2.697992354977078,False,True,Meta-Llama-3.1-405B-Instruct|s0
RedHatAI/Meta-Llama-3.1-405B-Instruct-quantized.w4a16,llama-3,Meta-Llama-3.1-405B-Instruct,w4a16,truthfulqa,64.6,65.3,0.7,-0.8150387596899225,-7.077051375266297,5.446973855886451,False,True,Meta-Llama-3.1-405B-Instruct|s0
RedHatAI/Meta-Llama-3.1-405B-Instruct-quantized.w4a16,llama-3,Meta-Llama-3.1-405B-Instruct,w4a16,mmlu_pro,59.7,59.4,-0.3,-0.8150387596899225,-2.4887396744266654,0.8586621550468203,False,True,Meta-Llama-3.1-405B-Instruct|s0
RedHatAI/Meta-Llama-3.1-405B-Instruct-quantized.w4a16,llama-3,Meta-Llama-3.1-405B-Instruct,w4a16,ifeval,87.7,88.0,0.3,-0.8150387596899225,-6.1002310929276735,4.4701535735478295,False,True,Meta-Llama-3.1-405B-Instruct|s0
RedHatAI/Meta-Llama-3.1-405B-Instruct-quantized.w4a16,llama-3,Meta-Llama-3.1-405B-Instruct,w4a16,bbh,67.0,67.5,0.5,-0.8150387596899225,-2.996148916238677,1.3660713968588323,False,True,Meta-Llama-3.1-405B-Instruct|s0
RedHatAI/Meta-Llama-3.1-405B-Instruct-quantized.w4a16,llama-3,Meta-Llama-3.1-405B-Instruct,w4a16,math_lvl5,39.0,37.6,-1.4,-0.8150387596899225,-5.8322259519325925,4.2021484325527485,False,True,Meta-Llama-3.1-405B-Instruct|s0
RedHatAI/Meta-Llama-3.1-405B-Instruct-quantized.w4a16,llama-3,Meta-Llama-3.1-405B-Instruct,w4a16,humaneval,86.8,85.1,-1.7,-0.8150387596899225,-10.708129230285834,9.078051710905989,False,True,Meta-Llama-3.1-405B-Instruct|s0
RedHatAI/Meta-Llama-3.1-405B-Instruct-quantized.w4a16,llama-3,Meta-Llama-3.1-405B-Instruct,w4a16,humaneval_plus,80.1,78.9,-1.2,-0.8150387596899225,-12.483885846130828,10.853808326750983,False,True,Meta-Llama-3.1-405B-Instruct|s0
RedHatAI/Meta-Llama-3.1-405B-Instruct-quantized.w8a16,llama-3,Meta-Llama-3.1-405B-Instruct,w8a16,mmlu,87.38,87.59,0.21,-0.1824561403508772,-0.45757181319117274,0.09265953248941833,False,False,Meta-Llama-3.1-405B-Instruct|s0
RedHatAI/Meta-Llama-3.1-405B-Instruct-quantized.w8a16,llama-3,Meta-Llama-3.1-405B-Instruct,w8a16,mmlu_cot,88.26,88.19,-0.07,-0.1824561403508772,-0.44913933220689617,0.08422705150514176,False,True,Meta-Llama-3.1-405B-Instruct|s0
RedHatAI/Meta-Llama-3.1-405B-Instruct-quantized.w8a16,llama-3,Meta-Llama-3.1-405B-Instruct,w8a16,arc_challenge,94.97,94.8,-0.17,-0.1824561403508772,-0.8092251639336748,0.4443128832319204,False,True,Meta-Llama-3.1-405B-Instruct|s0
RedHatAI/Meta-Llama-3.1-405B-Instruct-quantized.w8a16,llama-3,Meta-Llama-3.1-405B-Instruct,w8a16,hellaswag,88.33,88.52,0.19,-0.1824561403508772,-0.49699445359553074,0.13208217289377633,False,False,Meta-Llama-3.1-405B-Instruct|s0
RedHatAI/Meta-Llama-3.1-405B-Instruct-quantized.w8a16,llama-3,Meta-Llama-3.1-405B-Instruct,w8a16,winogrande,87.21,87.92,0.71,-0.1824561403508772,-1.1035931393485832,0.7386808586468288,False,True,Meta-Llama-3.1-405B-Instruct|s0
RedHatAI/Meta-Llama-3.1-405B-Instruct-quantized.w8a16,llama-3,Meta-Llama-3.1-405B-Instruct,w8a16,truthfulqa,64.64,65.41,0.77,-0.1824561403508772,-1.8245194320609044,1.4596071513591502,False,True,Meta-Llama-3.1-405B-Instruct|s0
RedHatAI/Meta-Llama-3.1-405B-Instruct-quantized.w8a8,llama-3,Meta-Llama-3.1-405B-Instruct,w8a8_int,arena_hard,67.4,64.6,-2.8,-0.3201481481481481,-1.8939042177284815,1.2536079214321854,False,False,Meta-Llama-3.1-405B-Instruct|s0
RedHatAI/Meta-Llama-3.1-405B-Instruct-quantized.w8a8,llama-3,Meta-Llama-3.1-405B-Instruct,w8a8_int,mmlu,87.4,87.1,-0.3,-0.3201481481481481,-0.5303856447100898,-0.1099106515862065,False,True,Meta-Llama-3.1-405B-Instruct|s0
RedHatAI/Meta-Llama-3.1-405B-Instruct-quantized.w8a8,llama-3,Meta-Llama-3.1-405B-Instruct,w8a8_int,arc_challenge,95.0,94.4,-0.6,-0.3201481481481481,-0.7980807657183784,0.15778446942208207,False,True,Meta-Llama-3.1-405B-Instruct|s0
RedHatAI/Meta-Llama-3.1-405B-Instruct-quantized.w8a8,llama-3,Meta-Llama-3.1-405B-Instruct,w8a8_int,gsm8k,96.4,95.5,-0.9,-0.3201481481481481,-0.7052282176359689,0.06493192133967263,False,False,Meta-Llama-3.1-405B-Instruct|s0
RedHatAI/Meta-Llama-3.1-405B-Instruct-quantized.w8a8,llama-3,Meta-Llama-3.1-405B-Instruct,w8a8_int,hellaswag,88.3,88.2,-0.1,-0.3201481481481481,-0.5609428051333807,-0.0793534911629156,False,True,Meta-Llama-3.1-405B-Instruct|s0
RedHatAI/Meta-Llama-3.1-405B-Instruct-quantized.w8a8,llama-3,Meta-Llama-3.1-405B-Instruct,w8a8_int,winogrande,87.2,86.1,-1.1,-0.3201481481481481,-1.0247740307178803,0.3844777344215841,False,False,Meta-Llama-3.1-405B-Instruct|s0
RedHatAI/Meta-Llama-3.1-405B-Instruct-quantized.w8a8,llama-3,Meta-Llama-3.1-405B-Instruct,w8a8_int,truthfulqa,64.6,64.4,-0.2,-0.3201481481481481,-1.576150734487765,0.9358544381914689,False,True,Meta-Llama-3.1-405B-Instruct|s0
RedHatAI/Meta-Llama-3.1-405B-Instruct-quantized.w8a8,llama-3,Meta-Llama-3.1-405B-Instruct,w8a8_int,mmlu_pro,59.7,58.4,-1.3,-0.3201481481481481,-0.6558505503501663,0.01555425405387001,False,False,Meta-Llama-3.1-405B-Instruct|s0
RedHatAI/Meta-Llama-3.1-405B-Instruct-quantized.w8a8,llama-3,Meta-Llama-3.1-405B-Instruct,w8a8_int,ifeval,87.7,87.0,-0.7,-0.3201481481481481,-1.3802250990212228,0.7399288027249267,False,True,Meta-Llama-3.1-405B-Instruct|s0
RedHatAI/Meta-Llama-3.1-405B-Instruct-quantized.w8a8,llama-3,Meta-Llama-3.1-405B-Instruct,w8a8_int,bbh,67.0,66.7,-0.3,-0.3201481481481481,-0.7576241108925466,0.11732781459625025,False,True,Meta-Llama-3.1-405B-Instruct|s0
RedHatAI/Meta-Llama-3.1-405B-Instruct-quantized.w8a8,llama-3,Meta-Llama-3.1-405B-Instruct,w8a8_int,math_lvl5,39.0,35.8,-3.2,-0.3201481481481481,-1.3264699932897481,0.686173696993452,False,False,Meta-Llama-3.1-405B-Instruct|s0
RedHatAI/Meta-Llama-3.1-405B-Instruct-quantized.w8a8,llama-3,Meta-Llama-3.1-405B-Instruct,w8a8_int,humaneval,86.8,86.9,0.1,-0.3201481481481481,-2.304453830805509,1.6641575345092126,False,True,Meta-Llama-3.1-405B-Instruct|s0
RedHatAI/Meta-Llama-3.1-405B-Instruct-quantized.w8a8,llama-3,Meta-Llama-3.1-405B-Instruct,w8a8_int,humaneval_plus,80.1,80.4,0.3,-0.3201481481481481,-2.6606260455760644,2.0203297492797683,False,True,Meta-Llama-3.1-405B-Instruct|s0
RedHatAI/Meta-Llama-3.1-405B-Instruct-FP8-dynamic,llama-3,Meta-Llama-3.1-405B-Instruct,fp8_dynamic,arena_hard,67.4,66.7,-0.7,-0.09435114503816795,-7.004274908227826,6.81557261815149,False,True,Meta-Llama-3.1-405B-Instruct|s1
RedHatAI/Meta-Llama-3.1-405B-Instruct-FP8-dynamic,llama-3,Meta-Llama-3.1-405B-Instruct,fp8_dynamic,mmlu,87.4,87.5,0.1,-0.09435114503816795,-1.0174453281120774,0.8287430380357415,False,True,Meta-Llama-3.1-405B-Instruct|s1
RedHatAI/Meta-Llama-3.1-405B-Instruct-FP8-dynamic,llama-3,Meta-Llama-3.1-405B-Instruct,fp8_dynamic,mmlu_cot,88.1,88.1,0.0,-0.09435114503816795,-0.9950227274057585,0.8063204373294225,False,True,Meta-Llama-3.1-405B-Instruct|s1
RedHatAI/Meta-Llama-3.1-405B-Instruct-FP8-dynamic,llama-3,Meta-Llama-3.1-405B-Instruct,fp8_dynamic,arc_challenge,95.0,95.0,0.0,-0.09435114503816795,-2.192819907247692,2.0041176171713566,False,True,Meta-Llama-3.1-405B-Instruct|s1
RedHatAI/Meta-Llama-3.1-405B-Instruct-FP8-dynamic,llama-3,Meta-Llama-3.1-405B-Instruct,fp8_dynamic,gsm8k,96.0,95.8,-0.2,-0.09435114503816795,-1.872887406336738,1.684185116260402,False,True,Meta-Llama-3.1-405B-Instruct|s1
RedHatAI/Meta-Llama-3.1-405B-Instruct-FP8-dynamic,llama-3,Meta-Llama-3.1-405B-Instruct,fp8_dynamic,hellaswag,88.5,88.5,0.0,-0.09435114503816795,-1.143724316509498,0.9550220264331619,False,True,Meta-Llama-3.1-405B-Instruct|s1
RedHatAI/Meta-Llama-3.1-405B-Instruct-FP8-dynamic,llama-3,Meta-Llama-3.1-405B-Instruct,fp8_dynamic,winogrande,87.2,88.0,0.8,-0.09435114503816795,-3.1881667777400318,2.999464487663696,False,True,Meta-Llama-3.1-405B-Instruct|s1
RedHatAI/Meta-Llama-3.1-405B-Instruct-FP8-dynamic,llama-3,Meta-Llama-3.1-405B-Instruct,fp8_dynamic,truthfulqa,65.3,65.3,0.0,-0.09435114503816795,-5.583813478720534,5.395111188644198,False,True,Meta-Llama-3.1-405B-Instruct|s1
RedHatAI/Meta-Llama-3.1-405B-Instruct-FP8-dynamic,llama-3,Meta-Llama-3.1-405B-Instruct,fp8_dynamic,mmlu_pro,59.7,59.4,-0.3,-0.09435114503816795,-1.5683267192541617,1.3796244291778257,False,True,Meta-Llama-3.1-405B-Instruct|s1
RedHatAI/Meta-Llama-3.1-405B-Instruct-FP8-dynamic,llama-3,Meta-Llama-3.1-405B-Instruct,fp8_dynamic,ifeval,87.7,86.8,-0.9,-0.09435114503816795,-4.748853234171227,4.560150944094891,False,True,Meta-Llama-3.1-405B-Instruct|s1
RedHatAI/Meta-Llama-3.1-405B-Instruct-FP8-dynamic,llama-3,Meta-Llama-3.1-405B-Instruct,fp8_dynamic,bbh,67.0,67.1,0.1,-0.09435114503816795,-2.0151860248667184,1.8264837347903826,False,True,Meta-Llama-3.1-405B-Instruct|s1
RedHatAI/Meta-Llama-3.1-405B-Instruct-FP8-dynamic,llama-3,Meta-Llama-3.1-405B-Instruct,fp8_dynamic,math_lvl5,39.0,38.8,-0.2,-0.09435114503816795,-4.512829564641717,4.324127274565382,False,True,Meta-Llama-3.1-405B-Instruct|s1
RedHatAI/Meta-Llama-3.1-405B-Instruct-FP8-dynamic,llama-3,Meta-Llama-3.1-405B-Instruct,fp8_dynamic,humaneval,86.8,87.0,0.2,-0.09435114503816795,-8.806883700151827,8.618181410075492,False,True,Meta-Llama-3.1-405B-Instruct|s1
RedHatAI/Meta-Llama-3.1-405B-Instruct-FP8-dynamic,llama-3,Meta-Llama-3.1-405B-Instruct,fp8_dynamic,humaneval_plus,80.1,81.0,0.9,-0.09435114503816795,-10.370736509493018,10.182034219416682,False,True,Meta-Llama-3.1-405B-Instruct|s1
RedHatAI/Meta-Llama-3.1-405B-Instruct-FP8,llama-3,Meta-Llama-3.1-405B-Instruct,fp8,mmlu,87.41,87.41,0.0,-0.37592592592592594,-0.6591595429539678,-0.0926923088978841,False,False,Meta-Llama-3.1-405B-Instruct|s1
RedHatAI/Meta-Llama-3.1-405B-Instruct-FP8,llama-3,Meta-Llama-3.1-405B-Instruct,fp8,mmlu_cot,88.11,88.02,-0.09,-0.37592592592592594,-0.6522730194734467,-0.09957883237840515,False,False,Meta-Llama-3.1-405B-Instruct|s1
RedHatAI/Meta-Llama-3.1-405B-Instruct-FP8,llama-3,Meta-Llama-3.1-405B-Instruct,fp8,arc_challenge,94.97,94.88,-0.09,-0.37592592592592594,-1.0218467161735245,0.2699948643216727,False,True,Meta-Llama-3.1-405B-Instruct|s1
RedHatAI/Meta-Llama-3.1-405B-Instruct-FP8,llama-3,Meta-Llama-3.1-405B-Instruct,fp8,gsm8k,95.98,96.29,0.31,-0.37592592592592594,-0.9231268968224502,0.17127504497059837,False,False,Meta-Llama-3.1-405B-Instruct|s1
RedHatAI/Meta-Llama-3.1-405B-Instruct-FP8,llama-3,Meta-Llama-3.1-405B-Instruct,fp8,hellaswag,88.54,88.54,0.0,-0.37592592592592594,-0.6975272416351475,-0.05432461021670437,False,False,Meta-Llama-3.1-405B-Instruct|s1
RedHatAI/Meta-Llama-3.1-405B-Instruct-FP8,llama-3,Meta-Llama-3.1-405B-Instruct,fp8,winogrande,87.21,86.98,-0.23,-0.37592592592592594,-1.3252094991915746,0.5733576473397226,False,True,Meta-Llama-3.1-405B-Instruct|s1
RedHatAI/Meta-Llama-3.1-405B-Instruct-FP8,llama-3,Meta-Llama-3.1-405B-Instruct,fp8,truthfulqa,65.31,65.33,0.02,-0.37592592592592594,-2.060719980399386,1.3088681285475339,False,True,Meta-Llama-3.1-405B-Instruct|s1
RedHatAI/Meta-Llama-3.1-405B-Instruct-quantized.w4a16,llama-3,Meta-Llama-3.1-405B-Instruct,w4a16,arena_hard,67.4,66.5,-0.9,-0.7337301587301588,-8.096423901581987,6.628963584121671,False,True,Meta-Llama-3.1-405B-Instruct|s1
RedHatAI/Meta-Llama-3.1-405B-Instruct-quantized.w4a16,llama-3,Meta-Llama-3.1-405B-Instruct,w4a16,mmlu,87.4,87.2,-0.2,-0.7337301587301588,-1.7173097174493293,0.24984939998901168,False,True,Meta-Llama-3.1-405B-Instruct|s1
RedHatAI/Meta-Llama-3.1-405B-Instruct-quantized.w4a16,llama-3,Meta-Llama-3.1-405B-Instruct,w4a16,arc_challenge,95.0,95.3,0.3,-0.7337301587301588,-2.9697002438701587,1.5022399264098412,False,True,Meta-Llama-3.1-405B-Instruct|s1
RedHatAI/Meta-Llama-3.1-405B-Instruct-quantized.w4a16,llama-3,Meta-Llama-3.1-405B-Instruct,w4a16,gsm8k,96.4,96.3,-0.1,-0.7337301587301588,-2.5352969154327925,1.0678365979724747,False,True,Meta-Llama-3.1-405B-Instruct|s1
RedHatAI/Meta-Llama-3.1-405B-Instruct-quantized.w4a16,llama-3,Meta-Llama-3.1-405B-Instruct,w4a16,hellaswag,88.3,88.3,0.0,-0.7337301587301588,-1.8602689842611668,0.39280866680084925,False,True,Meta-Llama-3.1-405B-Instruct|s1
RedHatAI/Meta-Llama-3.1-405B-Instruct-quantized.w4a16,llama-3,Meta-Llama-3.1-405B-Instruct,w4a16,winogrande,87.2,87.4,0.2,-0.7337301587301588,-4.030266818335266,2.5628065008749488,False,True,Meta-Llama-3.1-405B-Instruct|s1
RedHatAI/Meta-Llama-3.1-405B-Instruct-quantized.w4a16,llama-3,Meta-Llama-3.1-405B-Instruct,w4a16,truthfulqa,64.6,65.3,0.7,-0.7337301587301588,-6.609839272586932,5.142378955126615,False,True,Meta-Llama-3.1-405B-Instruct|s1
RedHatAI/Meta-Llama-3.1-405B-Instruct-quantized.w4a16,llama-3,Meta-Llama-3.1-405B-Instruct,w4a16,mmlu_pro,59.7,59.4,-0.3,-0.7337301587301588,-2.3042873905203676,0.8368270730600498,False,True,Meta-Llama-3.1-405B-Instruct|s1
RedHatAI/Meta-Llama-3.1-405B-Instruct-quantized.w4a16,llama-3,Meta-Llama-3.1-405B-Instruct,w4a16,ifeval,87.7,88.0,0.3,-0.7337301587301588,-5.6932166280760494,4.225756310615731,False,True,Meta-Llama-3.1-405B-Instruct|s1
RedHatAI/Meta-Llama-3.1-405B-Instruct-quantized.w4a16,llama-3,Meta-Llama-3.1-405B-Instruct,w4a16,bbh,67.0,67.5,0.5,-0.7337301587301588,-2.780426972681251,1.3129666552209334,False,True,Meta-Llama-3.1-405B-Instruct|s1
RedHatAI/Meta-Llama-3.1-405B-Instruct-quantized.w4a16,llama-3,Meta-Llama-3.1-405B-Instruct,w4a16,math_lvl5,39.0,37.6,-1.4,-0.7337301587301588,-5.441727602384153,3.9742672849238354,False,True,Meta-Llama-3.1-405B-Instruct|s1
RedHatAI/Meta-Llama-3.1-405B-Instruct-quantized.w4a16,llama-3,Meta-Llama-3.1-405B-Instruct,w4a16,humaneval,86.8,85.1,-1.7,-0.7337301587301588,-10.017147910696394,8.549687593236076,False,True,Meta-Llama-3.1-405B-Instruct|s1
RedHatAI/Meta-Llama-3.1-405B-Instruct-quantized.w4a16,llama-3,Meta-Llama-3.1-405B-Instruct,w4a16,humaneval_plus,80.1,78.9,-1.2,-0.7337301587301588,-11.68347154735004,10.216011229889721,False,True,Meta-Llama-3.1-405B-Instruct|s1
RedHatAI/Meta-Llama-3.1-405B-Instruct-quantized.w8a16,llama-3,Meta-Llama-3.1-405B-Instruct,w8a16,mmlu,87.38,87.59,0.21,0.004285714285714281,-2.2838011817610173,2.292372610332446,False,True,Meta-Llama-3.1-405B-Instruct|s1
RedHatAI/Meta-Llama-3.1-405B-Instruct-quantized.w8a16,llama-3,Meta-Llama-3.1-405B-Instruct,w8a16,mmlu_cot,88.26,88.19,-0.07,0.004285714285714281,-2.213669774698335,2.222241203269764,False,True,Meta-Llama-3.1-405B-Instruct|s1
RedHatAI/Meta-Llama-3.1-405B-Instruct-quantized.w8a16,llama-3,Meta-Llama-3.1-405B-Instruct,w8a16,arc_challenge,94.97,94.8,-0.17,0.004285714285714281,-5.208437991718121,5.21700942028955,False,True,Meta-Llama-3.1-405B-Instruct|s1
RedHatAI/Meta-Llama-3.1-405B-Instruct-quantized.w8a16,llama-3,Meta-Llama-3.1-405B-Instruct,w8a16,hellaswag,88.33,88.52,0.19,0.004285714285714281,-2.6116720950591357,2.6202435236305646,False,True,Meta-Llama-3.1-405B-Instruct|s1
RedHatAI/Meta-Llama-3.1-405B-Instruct-quantized.w8a16,llama-3,Meta-Llama-3.1-405B-Instruct,w8a16,winogrande,87.21,87.92,0.71,0.004285714285714281,-7.656642778486658,7.665214207058087,False,True,Meta-Llama-3.1-405B-Instruct|s1
RedHatAI/Meta-Llama-3.1-405B-Instruct-quantized.w8a16,llama-3,Meta-Llama-3.1-405B-Instruct,w8a16,truthfulqa,64.64,65.41,0.77,0.004285714285714281,-13.652455326498677,13.661026755070106,False,True,Meta-Llama-3.1-405B-Instruct|s1
RedHatAI/Meta-Llama-3.1-405B-Instruct-quantized.w8a8,llama-3,Meta-Llama-3.1-405B-Instruct,w8a8_int,arena_hard,67.4,64.6,-2.8,-0.2841739130434783,-3.040893682881315,2.472545856794359,False,True,Meta-Llama-3.1-405B-Instruct|s1
RedHatAI/Meta-Llama-3.1-405B-Instruct-quantized.w8a8,llama-3,Meta-Llama-3.1-405B-Instruct,w8a8_int,mmlu,87.4,87.1,-0.3,-0.2841739130434783,-0.6524430967728658,0.08409527068590933,False,True,Meta-Llama-3.1-405B-Instruct|s1
RedHatAI/Meta-Llama-3.1-405B-Instruct-quantized.w8a8,llama-3,Meta-Llama-3.1-405B-Instruct,w8a8_int,arc_challenge,95.0,94.4,-0.6,-0.2841739130434783,-1.121359752051895,0.5530119259649385,False,True,Meta-Llama-3.1-405B-Instruct|s1
RedHatAI/Meta-Llama-3.1-405B-Instruct-quantized.w8a8,llama-3,Meta-Llama-3.1-405B-Instruct,w8a8_int,gsm8k,96.4,95.5,-0.9,-0.2841739130434783,-0.9587116390906187,0.3903638130036622,False,True,Meta-Llama-3.1-405B-Instruct|s1
RedHatAI/Meta-Llama-3.1-405B-Instruct-quantized.w8a8,llama-3,Meta-Llama-3.1-405B-Instruct,w8a8_int,hellaswag,88.3,88.2,-0.1,-0.2841739130434783,-0.7059695167036597,0.1376216906167031,False,True,Meta-Llama-3.1-405B-Instruct|s1
RedHatAI/Meta-Llama-3.1-405B-Instruct-quantized.w8a8,llama-3,Meta-Llama-3.1-405B-Instruct,w8a8_int,winogrande,87.2,86.1,-1.1,-0.2841739130434783,-1.5184542048662135,0.9501063787792571,False,True,Meta-Llama-3.1-405B-Instruct|s1
RedHatAI/Meta-Llama-3.1-405B-Instruct-quantized.w8a8,llama-3,Meta-Llama-3.1-405B-Instruct,w8a8_int,truthfulqa,64.6,64.4,-0.2,-0.2841739130434783,-2.4842907085600743,1.915942882473118,False,True,Meta-Llama-3.1-405B-Instruct|s1
RedHatAI/Meta-Llama-3.1-405B-Instruct-quantized.w8a8,llama-3,Meta-Llama-3.1-405B-Instruct,w8a8_int,mmlu_pro,59.7,58.4,-1.3,-0.2841739130434783,-0.8722176809567221,0.3038698548697656,False,False,Meta-Llama-3.1-405B-Instruct|s1
RedHatAI/Meta-Llama-3.1-405B-Instruct-quantized.w8a8,llama-3,Meta-Llama-3.1-405B-Instruct,w8a8_int,ifeval,87.7,87.0,-0.7,-0.2841739130434783,-2.1410913505727294,1.5727435244857726,False,True,Meta-Llama-3.1-405B-Instruct|s1
RedHatAI/Meta-Llama-3.1-405B-Instruct-quantized.w8a8,llama-3,Meta-Llama-3.1-405B-Instruct,w8a8_int,bbh,67.0,66.7,-0.3,-0.2841739130434783,-1.050492568543833,0.48214474245687655,False,True,Meta-Llama-3.1-405B-Instruct|s1
RedHatAI/Meta-Llama-3.1-405B-Instruct-quantized.w8a8,llama-3,Meta-Llama-3.1-405B-Instruct,w8a8_int,math_lvl5,39.0,35.8,-3.2,-0.2841739130434783,-2.0469295134468553,1.4785816873598985,False,False,Meta-Llama-3.1-405B-Instruct|s1
RedHatAI/Meta-Llama-3.1-405B-Instruct-quantized.w8a8,llama-3,Meta-Llama-3.1-405B-Instruct,w8a8_int,humaneval,86.8,86.9,0.1,-0.2841739130434783,-3.7600459433523548,3.1916981172653984,False,True,Meta-Llama-3.1-405B-Instruct|s1
RedHatAI/Meta-Llama-3.1-405B-Instruct-quantized.w8a8,llama-3,Meta-Llama-3.1-405B-Instruct,w8a8_int,humaneval_plus,80.1,80.4,0.3,-0.2841739130434783,-4.383946308157142,3.815598482070186,False,True,Meta-Llama-3.1-405B-Instruct|s1
RedHatAI/Meta-Llama-3.1-405B-Instruct-FP8-dynamic,llama-3,Meta-Llama-3.1-405B-Instruct,fp8_dynamic,arena_hard,67.4,66.7,-0.7,-0.03368421052631579,-5.961918453987668,5.894550032935037,False,True,Meta-Llama-3.1-405B-Instruct|s2
RedHatAI/Meta-Llama-3.1-405B-Instruct-FP8-dynamic,llama-3,Meta-Llama-3.1-405B-Instruct,fp8_dynamic,mmlu,87.4,87.5,0.1,-0.03368421052631579,-0.8256348504437496,0.7582664293911181,False,True,Meta-Llama-3.1-405B-Instruct|s2
RedHatAI/Meta-Llama-3.1-405B-Instruct-FP8-dynamic,llama-3,Meta-Llama-3.1-405B-Instruct,fp8_dynamic,mmlu_cot,88.1,88.1,0.0,-0.03368421052631579,-0.8063978177513221,0.7390293966986906,False,True,Meta-Llama-3.1-405B-Instruct|s2
RedHatAI/Meta-Llama-3.1-405B-Instruct-FP8-dynamic,llama-3,Meta-Llama-3.1-405B-Instruct,fp8_dynamic,arc_challenge,95.0,95.0,0.0,-0.03368421052631579,-1.8340245328371931,1.7666561117845616,False,True,Meta-Llama-3.1-405B-Instruct|s2
RedHatAI/Meta-Llama-3.1-405B-Instruct-FP8-dynamic,llama-3,Meta-Llama-3.1-405B-Instruct,fp8_dynamic,gsm8k,96.0,95.8,-0.2,-0.03368421052631579,-1.5595446872562264,1.492176266203595,False,True,Meta-Llama-3.1-405B-Instruct|s2
RedHatAI/Meta-Llama-3.1-405B-Instruct-FP8-dynamic,llama-3,Meta-Llama-3.1-405B-Instruct,fp8_dynamic,hellaswag,88.5,88.5,0.0,-0.03368421052631579,-0.933973444168217,0.8666050231155855,False,True,Meta-Llama-3.1-405B-Instruct|s2
RedHatAI/Meta-Llama-3.1-405B-Instruct-FP8-dynamic,llama-3,Meta-Llama-3.1-405B-Instruct,fp8_dynamic,winogrande,87.2,88.0,0.8,-0.03368421052631579,-2.6879629558931097,2.6205945348404778,False,True,Meta-Llama-3.1-405B-Instruct|s2
RedHatAI/Meta-Llama-3.1-405B-Instruct-FP8-dynamic,llama-3,Meta-Llama-3.1-405B-Instruct,fp8_dynamic,truthfulqa,65.3,65.3,0.0,-0.03368421052631579,-4.743261291258843,4.675892870206212,False,True,Meta-Llama-3.1-405B-Instruct|s2
RedHatAI/Meta-Llama-3.1-405B-Instruct-FP8-dynamic,llama-3,Meta-Llama-3.1-405B-Instruct,fp8_dynamic,mmlu_pro,59.7,59.4,-0.3,-0.03368421052631579,-1.2982527893639095,1.230884368311278,False,True,Meta-Llama-3.1-405B-Instruct|s2
RedHatAI/Meta-Llama-3.1-405B-Instruct-FP8-dynamic,llama-3,Meta-Llama-3.1-405B-Instruct,fp8_dynamic,ifeval,87.7,86.8,-0.9,-0.03368421052631579,-4.026923443939209,3.9595550228865775,False,True,Meta-Llama-3.1-405B-Instruct|s2
RedHatAI/Meta-Llama-3.1-405B-Instruct-FP8-dynamic,llama-3,Meta-Llama-3.1-405B-Instruct,fp8_dynamic,bbh,67.0,67.1,0.1,-0.03368421052631579,-1.6816270100251933,1.6142585889725618,False,True,Meta-Llama-3.1-405B-Instruct|s2
RedHatAI/Meta-Llama-3.1-405B-Instruct-FP8-dynamic,llama-3,Meta-Llama-3.1-405B-Instruct,fp8_dynamic,math_lvl5,39.0,38.8,-0.2,-0.03368421052631579,-3.824431542736762,3.75706312168413,False,True,Meta-Llama-3.1-405B-Instruct|s2
RedHatAI/Meta-Llama-3.1-405B-Instruct-FP8-dynamic,llama-3,Meta-Llama-3.1-405B-Instruct,fp8_dynamic,humaneval,86.8,87.0,0.2,-0.03368421052631579,-7.508431488585248,7.441063067532617,False,True,Meta-Llama-3.1-405B-Instruct|s2
RedHatAI/Meta-Llama-3.1-405B-Instruct-FP8-dynamic,llama-3,Meta-Llama-3.1-405B-Instruct,fp8_dynamic,humaneval_plus,80.1,81.0,0.9,-0.03368421052631579,-8.850108487318181,8.78274006626555,False,True,Meta-Llama-3.1-405B-Instruct|s2
RedHatAI/Meta-Llama-3.1-405B-Instruct-FP8,llama-3,Meta-Llama-3.1-405B-Instruct,fp8,mmlu,87.41,87.41,0.0,-0.3609259259259259,-0.5966221185562635,-0.12522973329558826,False,False,Meta-Llama-3.1-405B-Instruct|s2
RedHatAI/Meta-Llama-3.1-405B-Instruct-FP8,llama-3,Meta-Llama-3.1-405B-Instruct,fp8,mmlu_cot,88.11,88.02,-0.09,-0.3609259259259259,-0.590891416876676,-0.13096043497517573,False,False,Meta-Llama-3.1-405B-Instruct|s2
RedHatAI/Meta-Llama-3.1-405B-Instruct-FP8,llama-3,Meta-Llama-3.1-405B-Instruct,fp8,arc_challenge,94.97,94.88,-0.09,-0.3609259259259259,-0.8984365244191306,0.17658467256727883,False,True,Meta-Llama-3.1-405B-Instruct|s2
RedHatAI/Meta-Llama-3.1-405B-Instruct-FP8,llama-3,Meta-Llama-3.1-405B-Instruct,fp8,gsm8k,95.98,96.29,0.31,-0.3609259259259259,-0.8162856632242207,0.09443381137236895,False,False,Meta-Llama-3.1-405B-Instruct|s2
RedHatAI/Meta-Llama-3.1-405B-Instruct-FP8,llama-3,Meta-Llama-3.1-405B-Instruct,fp8,hellaswag,88.54,88.54,0.0,-0.3609259259259259,-0.6285502512194381,-0.09330160063241372,False,False,Meta-Llama-3.1-405B-Instruct|s2
RedHatAI/Meta-Llama-3.1-405B-Instruct-FP8,llama-3,Meta-Llama-3.1-405B-Instruct,fp8,winogrande,87.21,86.98,-0.23,-0.3609259259259259,-1.1508834397724679,0.42903158792061613,False,True,Meta-Llama-3.1-405B-Instruct|s2
RedHatAI/Meta-Llama-3.1-405B-Instruct-FP8,llama-3,Meta-Llama-3.1-405B-Instruct,fp8,truthfulqa,65.31,65.33,0.02,-0.3609259259259259,-1.7629471555114977,1.041095303659646,False,True,Meta-Llama-3.1-405B-Instruct|s2
RedHatAI/Meta-Llama-3.1-405B-Instruct-quantized.w4a16,llama-3,Meta-Llama-3.1-405B-Instruct,w4a16,arena_hard,67.4,66.5,-0.9,-0.8606779661016949,-9.44645076356934,7.72509483136595,False,True,Meta-Llama-3.1-405B-Instruct|s2
RedHatAI/Meta-Llama-3.1-405B-Instruct-quantized.w4a16,llama-3,Meta-Llama-3.1-405B-Instruct,w4a16,mmlu,87.4,87.2,-0.2,-0.8606779661016949,-2.007648207474973,0.28629227527158296,False,True,Meta-Llama-3.1-405B-Instruct|s2
RedHatAI/Meta-Llama-3.1-405B-Instruct-quantized.w4a16,llama-3,Meta-Llama-3.1-405B-Instruct,w4a16,arc_challenge,95.0,95.3,0.3,-0.8606779661016949,-3.468083869896703,1.7467279376933131,False,True,Meta-Llama-3.1-405B-Instruct|s2
RedHatAI/Meta-Llama-3.1-405B-Instruct-quantized.w4a16,llama-3,Meta-Llama-3.1-405B-Instruct,w4a16,gsm8k,96.4,96.3,-0.1,-0.8606779661016949,-2.961518146713125,1.240162214509735,False,True,Meta-Llama-3.1-405B-Instruct|s2
RedHatAI/Meta-Llama-3.1-405B-Instruct-quantized.w4a16,llama-3,Meta-Llama-3.1-405B-Instruct,w4a16,hellaswag,88.3,88.3,0.0,-0.8606779661016949,-2.174355641874325,0.45299970967093517,False,True,Meta-Llama-3.1-405B-Instruct|s2
RedHatAI/Meta-Llama-3.1-405B-Instruct-quantized.w4a16,llama-3,Meta-Llama-3.1-405B-Instruct,w4a16,winogrande,87.2,87.4,0.2,-0.8606779661016949,-4.704830088464661,2.9834741562612708,False,True,Meta-Llama-3.1-405B-Instruct|s2
RedHatAI/Meta-Llama-3.1-405B-Instruct-quantized.w4a16,llama-3,Meta-Llama-3.1-405B-Instruct,w4a16,truthfulqa,64.6,65.3,0.7,-0.8606779661016949,-7.71291704418153,5.9915611119781405,False,True,Meta-Llama-3.1-405B-Instruct|s2
RedHatAI/Meta-Llama-3.1-405B-Instruct-quantized.w4a16,llama-3,Meta-Llama-3.1-405B-Instruct,w4a16,mmlu_pro,59.7,59.4,-0.3,-0.8606779661016949,-2.692133684419738,0.9707777522163482,False,True,Meta-Llama-3.1-405B-Instruct|s2
RedHatAI/Meta-Llama-3.1-405B-Instruct-quantized.w4a16,llama-3,Meta-Llama-3.1-405B-Instruct,w4a16,ifeval,87.7,88.0,0.3,-0.8606779661016949,-6.6440264938411735,4.922670561637784,False,True,Meta-Llama-3.1-405B-Instruct|s2
RedHatAI/Meta-Llama-3.1-405B-Instruct-quantized.w4a16,llama-3,Meta-Llama-3.1-405B-Instruct,w4a16,bbh,67.0,67.5,0.5,-0.8606779661016949,-3.2473688218697294,1.5260128896663394,False,True,Meta-Llama-3.1-405B-Instruct|s2
RedHatAI/Meta-Llama-3.1-405B-Instruct-quantized.w4a16,llama-3,Meta-Llama-3.1-405B-Instruct,w4a16,math_lvl5,39.0,37.6,-1.4,-0.8606779661016949,-6.350760508447792,4.6294045762444025,False,True,Meta-Llama-3.1-405B-Instruct|s2
RedHatAI/Meta-Llama-3.1-405B-Instruct-quantized.w4a16,llama-3,Meta-Llama-3.1-405B-Instruct,w4a16,humaneval,86.8,85.1,-1.7,-0.8606779661016949,-11.686242411145049,9.964886478941658,False,True,Meta-Llama-3.1-405B-Instruct|s2
RedHatAI/Meta-Llama-3.1-405B-Instruct-quantized.w4a16,llama-3,Meta-Llama-3.1-405B-Instruct,w4a16,humaneval_plus,80.1,78.9,-1.2,-0.8606779661016949,-13.629373098231968,11.908017166028577,False,True,Meta-Llama-3.1-405B-Instruct|s2
RedHatAI/Meta-Llama-3.1-405B-Instruct-quantized.w8a16,llama-3,Meta-Llama-3.1-405B-Instruct,w8a16,mmlu,87.38,87.59,0.21,-0.10177419354838708,-0.43038374482970676,0.22683535773293262,False,True,Meta-Llama-3.1-405B-Instruct|s2
RedHatAI/Meta-Llama-3.1-405B-Instruct-quantized.w8a16,llama-3,Meta-Llama-3.1-405B-Instruct,w8a16,mmlu_cot,88.26,88.19,-0.07,-0.10177419354838708,-0.4203116403806086,0.21676325328383445,False,True,Meta-Llama-3.1-405B-Instruct|s2
RedHatAI/Meta-Llama-3.1-405B-Instruct-quantized.w8a16,llama-3,Meta-Llama-3.1-405B-Instruct,w8a16,arc_challenge,94.97,94.8,-0.17,-0.10177419354838708,-0.8504130677725211,0.6468646806757469,False,True,Meta-Llama-3.1-405B-Instruct|s2
RedHatAI/Meta-Llama-3.1-405B-Instruct-quantized.w8a16,llama-3,Meta-Llama-3.1-405B-Instruct,w8a16,hellaswag,88.33,88.52,0.19,-0.10177419354838708,-0.4774717788913688,0.2739233917945947,False,True,Meta-Llama-3.1-405B-Instruct|s2
RedHatAI/Meta-Llama-3.1-405B-Instruct-quantized.w8a16,llama-3,Meta-Llama-3.1-405B-Instruct,w8a16,winogrande,87.21,87.92,0.71,-0.10177419354838708,-1.202018366423887,0.9984699793271128,False,True,Meta-Llama-3.1-405B-Instruct|s2
RedHatAI/Meta-Llama-3.1-405B-Instruct-quantized.w8a16,llama-3,Meta-Llama-3.1-405B-Instruct,w8a16,truthfulqa,64.64,65.41,0.77,-0.10177419354838708,-2.063122581641111,1.859574194544337,False,True,Meta-Llama-3.1-405B-Instruct|s2
RedHatAI/Meta-Llama-3.1-405B-Instruct-quantized.w8a8,llama-3,Meta-Llama-3.1-405B-Instruct,w8a8_int,arena_hard,67.4,64.6,-2.8,-0.24387596899224806,-3.120736112264739,2.632984174280243,False,True,Meta-Llama-3.1-405B-Instruct|s2
RedHatAI/Meta-Llama-3.1-405B-Instruct-quantized.w8a8,llama-3,Meta-Llama-3.1-405B-Instruct,w8a8_int,mmlu,87.4,87.1,-0.3,-0.24387596899224806,-0.6281946611779583,0.14044272319346213,False,True,Meta-Llama-3.1-405B-Instruct|s2
RedHatAI/Meta-Llama-3.1-405B-Instruct-quantized.w8a8,llama-3,Meta-Llama-3.1-405B-Instruct,w8a8_int,arc_challenge,95.0,94.4,-0.6,-0.24387596899224806,-1.1175471339424425,0.6297951959579463,False,True,Meta-Llama-3.1-405B-Instruct|s2
RedHatAI/Meta-Llama-3.1-405B-Instruct-quantized.w8a8,llama-3,Meta-Llama-3.1-405B-Instruct,w8a8_int,gsm8k,96.4,95.5,-0.9,-0.24387596899224806,-0.9478106671907628,0.46005872920626667,False,True,Meta-Llama-3.1-405B-Instruct|s2
RedHatAI/Meta-Llama-3.1-405B-Instruct-quantized.w8a8,llama-3,Meta-Llama-3.1-405B-Instruct,w8a8_int,hellaswag,88.3,88.2,-0.1,-0.24387596899224806,-0.6840538115333188,0.19630187354882273,False,True,Meta-Llama-3.1-405B-Instruct|s2
RedHatAI/Meta-Llama-3.1-405B-Instruct-quantized.w8a8,llama-3,Meta-Llama-3.1-405B-Instruct,w8a8_int,winogrande,87.2,86.1,-1.1,-0.24387596899224806,-1.5319473268511734,1.0441953888666773,False,True,Meta-Llama-3.1-405B-Instruct|s2
RedHatAI/Meta-Llama-3.1-405B-Instruct-quantized.w8a8,llama-3,Meta-Llama-3.1-405B-Instruct,w8a8_int,truthfulqa,64.6,64.4,-0.2,-0.24387596899224806,-2.5398758703309374,2.0521239323464417,False,True,Meta-Llama-3.1-405B-Instruct|s2
RedHatAI/Meta-Llama-3.1-405B-Instruct-quantized.w8a8,llama-3,Meta-Llama-3.1-405B-Instruct,w8a8_int,mmlu_pro,59.7,58.4,-1.3,-0.24387596899224806,-0.8575472231106546,0.36979528512615845,False,False,Meta-Llama-3.1-405B-Instruct|s2
RedHatAI/Meta-Llama-3.1-405B-Instruct-quantized.w8a8,llama-3,Meta-Llama-3.1-405B-Instruct,w8a8_int,ifeval,87.7,87.0,-0.7,-0.24387596899224806,-2.1817195698635237,1.6939676318790275,False,True,Meta-Llama-3.1-405B-Instruct|s2
RedHatAI/Meta-Llama-3.1-405B-Instruct-quantized.w8a8,llama-3,Meta-Llama-3.1-405B-Instruct,w8a8_int,bbh,67.0,66.7,-0.3,-0.24387596899224806,-1.0435914936445119,0.5558395556600157,False,True,Meta-Llama-3.1-405B-Instruct|s2
RedHatAI/Meta-Llama-3.1-405B-Instruct-quantized.w8a8,llama-3,Meta-Llama-3.1-405B-Instruct,w8a8_int,math_lvl5,39.0,35.8,-3.2,-0.24387596899224806,-2.083454073599216,1.5957021356147199,False,False,Meta-Llama-3.1-405B-Instruct|s2
RedHatAI/Meta-Llama-3.1-405B-Instruct-quantized.w8a8,llama-3,Meta-Llama-3.1-405B-Instruct,w8a8_int,humaneval,86.8,86.9,0.1,-0.24387596899224806,-3.871229687175748,3.3834777491912513,False,True,Meta-Llama-3.1-405B-Instruct|s2
RedHatAI/Meta-Llama-3.1-405B-Instruct-quantized.w8a8,llama-3,Meta-Llama-3.1-405B-Instruct,w8a8_int,humaneval_plus,80.1,80.4,0.3,-0.24387596899224806,-4.522320201532107,4.034568263547611,False,True,Meta-Llama-3.1-405B-Instruct|s2
RedHatAI/Meta-Llama-3.1-405B-Instruct-FP8-dynamic,llama-3,Meta-Llama-3.1-405B-Instruct,fp8_dynamic,arena_hard,67.4,66.7,-0.7,-0.20116666666666666,-3.850518774234102,3.448185440900769,False,True,Meta-Llama-3.1-405B-Instruct|s3
RedHatAI/Meta-Llama-3.1-405B-Instruct-FP8-dynamic,llama-3,Meta-Llama-3.1-405B-Instruct,fp8_dynamic,mmlu,87.4,87.5,0.1,-0.20116666666666666,-0.6886822772483099,0.2863489439149765,False,True,Meta-Llama-3.1-405B-Instruct|s3
RedHatAI/Meta-Llama-3.1-405B-Instruct-FP8-dynamic,llama-3,Meta-Llama-3.1-405B-Instruct,fp8_dynamic,mmlu_cot,88.1,88.1,0.0,-0.20116666666666666,-0.6768401834786708,0.27450685014533754,False,True,Meta-Llama-3.1-405B-Instruct|s3
RedHatAI/Meta-Llama-3.1-405B-Instruct-FP8-dynamic,llama-3,Meta-Llama-3.1-405B-Instruct,fp8_dynamic,arc_challenge,95.0,95.0,0.0,-0.20116666666666666,-1.3094352471146162,0.9071019137812828,False,True,Meta-Llama-3.1-405B-Instruct|s3
RedHatAI/Meta-Llama-3.1-405B-Instruct-FP8-dynamic,llama-3,Meta-Llama-3.1-405B-Instruct,fp8_dynamic,gsm8k,96.0,95.8,-0.2,-0.20116666666666666,-1.1404686439375404,0.7381353106042072,False,True,Meta-Llama-3.1-405B-Instruct|s3
RedHatAI/Meta-Llama-3.1-405B-Instruct-FP8-dynamic,llama-3,Meta-Llama-3.1-405B-Instruct,fp8_dynamic,hellaswag,88.5,88.5,0.0,-0.20116666666666666,-0.7553742565295523,0.353040923196219,False,True,Meta-Llama-3.1-405B-Instruct|s3
RedHatAI/Meta-Llama-3.1-405B-Instruct-FP8-dynamic,llama-3,Meta-Llama-3.1-405B-Instruct,fp8_dynamic,winogrande,87.2,88.0,0.8,-0.20116666666666666,-1.835109816628991,1.4327764832956575,False,True,Meta-Llama-3.1-405B-Instruct|s3
RedHatAI/Meta-Llama-3.1-405B-Instruct-FP8-dynamic,llama-3,Meta-Llama-3.1-405B-Instruct,fp8_dynamic,truthfulqa,65.3,65.3,0.0,-0.20116666666666666,-3.1003275870164537,2.6979942536831207,False,True,Meta-Llama-3.1-405B-Instruct|s3
RedHatAI/Meta-Llama-3.1-405B-Instruct-FP8-dynamic,llama-3,Meta-Llama-3.1-405B-Instruct,fp8_dynamic,mmlu_pro,59.7,59.4,-0.3,-0.20116666666666666,-0.9796203880989067,0.5772870547655733,False,True,Meta-Llama-3.1-405B-Instruct|s3
RedHatAI/Meta-Llama-3.1-405B-Instruct-FP8-dynamic,llama-3,Meta-Llama-3.1-405B-Instruct,fp8_dynamic,ifeval,87.7,86.8,-0.9,-0.20116666666666666,-2.6593583328528605,2.2570249995195275,False,True,Meta-Llama-3.1-405B-Instruct|s3
RedHatAI/Meta-Llama-3.1-405B-Instruct-FP8-dynamic,llama-3,Meta-Llama-3.1-405B-Instruct,fp8_dynamic,bbh,67.0,67.1,0.1,-0.20116666666666666,-1.2156211031010855,0.8132877697677521,False,True,Meta-Llama-3.1-405B-Instruct|s3
RedHatAI/Meta-Llama-3.1-405B-Instruct-FP8-dynamic,llama-3,Meta-Llama-3.1-405B-Instruct,fp8_dynamic,math_lvl5,39.0,38.8,-0.2,-0.20116666666666666,-2.534706671654833,2.1323733383215,False,True,Meta-Llama-3.1-405B-Instruct|s3
RedHatAI/Meta-Llama-3.1-405B-Instruct-FP8-dynamic,llama-3,Meta-Llama-3.1-405B-Instruct,fp8_dynamic,humaneval,86.8,87.0,0.2,-0.20116666666666666,-4.802534226122509,4.400200892789176,False,True,Meta-Llama-3.1-405B-Instruct|s3
RedHatAI/Meta-Llama-3.1-405B-Instruct-FP8-dynamic,llama-3,Meta-Llama-3.1-405B-Instruct,fp8_dynamic,humaneval_plus,80.1,81.0,0.9,-0.20116666666666666,-5.628454994756304,5.226121661422971,False,True,Meta-Llama-3.1-405B-Instruct|s3
RedHatAI/Meta-Llama-3.1-405B-Instruct-FP8,llama-3,Meta-Llama-3.1-405B-Instruct,fp8,mmlu,87.41,87.41,0.0,-0.40181818181818185,-0.7959781430981479,-0.00765822053821591,False,False,Meta-Llama-3.1-405B-Instruct|s3
RedHatAI/Meta-Llama-3.1-405B-Instruct-FP8,llama-3,Meta-Llama-3.1-405B-Instruct,fp8,mmlu_cot,88.11,88.02,-0.09,-0.40181818181818185,-0.7863945638008958,-0.017241799835467975,False,True,Meta-Llama-3.1-405B-Instruct|s3
RedHatAI/Meta-Llama-3.1-405B-Instruct-FP8,llama-3,Meta-Llama-3.1-405B-Instruct,fp8,arc_challenge,94.97,94.88,-0.09,-0.40181818181818185,-1.300709056232683,0.49707269259631937,False,True,Meta-Llama-3.1-405B-Instruct|s3
RedHatAI/Meta-Llama-3.1-405B-Instruct-FP8,llama-3,Meta-Llama-3.1-405B-Instruct,fp8,gsm8k,95.98,96.29,0.31,-0.40181818181818185,-1.1633263522257211,0.3596899885893574,False,True,Meta-Llama-3.1-405B-Instruct|s3
RedHatAI/Meta-Llama-3.1-405B-Instruct-FP8,llama-3,Meta-Llama-3.1-405B-Instruct,fp8,hellaswag,88.54,88.54,0.0,-0.40181818181818185,-0.8493722662437697,0.045735902607406065,False,True,Meta-Llama-3.1-405B-Instruct|s3
RedHatAI/Meta-Llama-3.1-405B-Instruct-FP8,llama-3,Meta-Llama-3.1-405B-Instruct,fp8,winogrande,87.21,86.98,-0.23,-0.40181818181818185,-1.7228816219854934,0.9192452583491297,False,True,Meta-Llama-3.1-405B-Instruct|s3
RedHatAI/Meta-Llama-3.1-405B-Instruct-FP8,llama-3,Meta-Llama-3.1-405B-Instruct,fp8,truthfulqa,65.31,65.33,0.02,-0.40181818181818185,-2.746449324985866,1.9428129613495022,False,True,Meta-Llama-3.1-405B-Instruct|s3
RedHatAI/Meta-Llama-3.1-405B-Instruct-quantized.w4a16,llama-3,Meta-Llama-3.1-405B-Instruct,w4a16,arena_hard,67.4,66.5,-0.9,-0.7232727272727273,-8.949775061904841,7.503229607359387,False,True,Meta-Llama-3.1-405B-Instruct|s3
RedHatAI/Meta-Llama-3.1-405B-Instruct-quantized.w4a16,llama-3,Meta-Llama-3.1-405B-Instruct,w4a16,mmlu,87.4,87.2,-0.2,-0.7232727272727273,-1.8222481591865354,0.3757027046410808,False,True,Meta-Llama-3.1-405B-Instruct|s3
RedHatAI/Meta-Llama-3.1-405B-Instruct-quantized.w4a16,llama-3,Meta-Llama-3.1-405B-Instruct,w4a16,arc_challenge,95.0,95.3,0.3,-0.7232727272727273,-3.2215720954122817,1.7750266408668274,False,True,Meta-Llama-3.1-405B-Instruct|s3
RedHatAI/Meta-Llama-3.1-405B-Instruct-quantized.w4a16,llama-3,Meta-Llama-3.1-405B-Instruct,w4a16,gsm8k,96.4,96.3,-0.1,-0.7232727272727273,-2.7362035441220085,1.2896580895765537,False,True,Meta-Llama-3.1-405B-Instruct|s3
RedHatAI/Meta-Llama-3.1-405B-Instruct-quantized.w4a16,llama-3,Meta-Llama-3.1-405B-Instruct,w4a16,hellaswag,88.3,88.3,0.0,-0.7232727272727273,-1.9819797442910585,0.5354342897456039,False,True,Meta-Llama-3.1-405B-Instruct|s3
RedHatAI/Meta-Llama-3.1-405B-Instruct-quantized.w4a16,llama-3,Meta-Llama-3.1-405B-Instruct,w4a16,winogrande,87.2,87.4,0.2,-0.7232727272727273,-4.406566841301385,2.9600213867559306,False,True,Meta-Llama-3.1-405B-Instruct|s3
RedHatAI/Meta-Llama-3.1-405B-Instruct-quantized.w4a16,llama-3,Meta-Llama-3.1-405B-Instruct,w4a16,truthfulqa,64.6,65.3,0.7,-0.7232727272727273,-7.288780818740903,5.8422353641954485,False,True,Meta-Llama-3.1-405B-Instruct|s3
RedHatAI/Meta-Llama-3.1-405B-Instruct-quantized.w4a16,llama-3,Meta-Llama-3.1-405B-Instruct,w4a16,mmlu_pro,59.7,59.4,-0.3,-0.7232727272727273,-2.4780914370064093,1.0315459824609547,False,True,Meta-Llama-3.1-405B-Instruct|s3
RedHatAI/Meta-Llama-3.1-405B-Instruct-quantized.w4a16,llama-3,Meta-Llama-3.1-405B-Instruct,w4a16,ifeval,87.7,88.0,0.3,-0.7232727272727273,-6.264617844100496,4.8180723895550415,False,True,Meta-Llama-3.1-405B-Instruct|s3
RedHatAI/Meta-Llama-3.1-405B-Instruct-quantized.w4a16,llama-3,Meta-Llama-3.1-405B-Instruct,w4a16,bbh,67.0,67.5,0.5,-0.7232727272727273,-3.0100928377247413,1.5635473831792865,False,True,Meta-Llama-3.1-405B-Instruct|s3
RedHatAI/Meta-Llama-3.1-405B-Instruct-quantized.w4a16,llama-3,Meta-Llama-3.1-405B-Instruct,w4a16,math_lvl5,39.0,37.6,-1.4,-0.7232727272727273,-5.983623532881543,4.537078078336089,False,True,Meta-Llama-3.1-405B-Instruct|s3
RedHatAI/Meta-Llama-3.1-405B-Instruct-quantized.w4a16,llama-3,Meta-Llama-3.1-405B-Instruct,w4a16,humaneval,86.8,85.1,-1.7,-0.7232727272727273,-11.095842941001955,9.6492974864565,False,True,Meta-Llama-3.1-405B-Instruct|s3
RedHatAI/Meta-Llama-3.1-405B-Instruct-quantized.w4a16,llama-3,Meta-Llama-3.1-405B-Instruct,w4a16,humaneval_plus,80.1,78.9,-1.2,-0.7232727272727273,-12.957663596043123,11.511118141497668,False,True,Meta-Llama-3.1-405B-Instruct|s3
RedHatAI/Meta-Llama-3.1-405B-Instruct-quantized.w8a16,llama-3,Meta-Llama-3.1-405B-Instruct,w8a16,mmlu,87.38,87.59,0.21,0.06036363636363636,-2.2817652639338872,2.4024925366611596,False,True,Meta-Llama-3.1-405B-Instruct|s3
RedHatAI/Meta-Llama-3.1-405B-Instruct-quantized.w8a16,llama-3,Meta-Llama-3.1-405B-Instruct,w8a16,mmlu_cot,88.26,88.19,-0.07,0.06036363636363636,-2.209977432980511,2.330704705707783,False,True,Meta-Llama-3.1-405B-Instruct|s3
RedHatAI/Meta-Llama-3.1-405B-Instruct-quantized.w8a16,llama-3,Meta-Llama-3.1-405B-Instruct,w8a16,arc_challenge,94.97,94.8,-0.17,0.06036363636363636,-5.275478661492975,5.396205934220247,False,True,Meta-Llama-3.1-405B-Instruct|s3
RedHatAI/Meta-Llama-3.1-405B-Instruct-quantized.w8a16,llama-3,Meta-Llama-3.1-405B-Instruct,w8a16,hellaswag,88.33,88.52,0.19,0.06036363636363636,-2.6173801144578084,2.7381073871850807,False,True,Meta-Llama-3.1-405B-Instruct|s3
RedHatAI/Meta-Llama-3.1-405B-Instruct-quantized.w8a16,llama-3,Meta-Llama-3.1-405B-Instruct,w8a16,winogrande,87.21,87.92,0.71,0.06036363636363636,-7.7815072545697195,7.902234527296992,False,True,Meta-Llama-3.1-405B-Instruct|s3
RedHatAI/Meta-Llama-3.1-405B-Instruct-quantized.w8a16,llama-3,Meta-Llama-3.1-405B-Instruct,w8a16,truthfulqa,64.64,65.41,0.77,0.06036363636363636,-13.91893406022486,14.039661332952132,False,True,Meta-Llama-3.1-405B-Instruct|s3
RedHatAI/Meta-Llama-3.1-405B-Instruct-quantized.w8a8,llama-3,Meta-Llama-3.1-405B-Instruct,w8a8_int,arena_hard,67.4,64.6,-2.8,-0.2791228070175439,-2.1242305986987087,1.5659849846636211,False,False,Meta-Llama-3.1-405B-Instruct|s3
RedHatAI/Meta-Llama-3.1-405B-Instruct-quantized.w8a8,llama-3,Meta-Llama-3.1-405B-Instruct,w8a8_int,mmlu,87.4,87.1,-0.3,-0.2791228070175439,-0.5256100806859613,-0.03263553334912647,False,True,Meta-Llama-3.1-405B-Instruct|s3
RedHatAI/Meta-Llama-3.1-405B-Instruct-quantized.w8a8,llama-3,Meta-Llama-3.1-405B-Instruct,w8a8_int,arc_challenge,95.0,94.4,-0.6,-0.2791228070175439,-0.8394619940254527,0.281216379990365,False,True,Meta-Llama-3.1-405B-Instruct|s3
RedHatAI/Meta-Llama-3.1-405B-Instruct-quantized.w8a8,llama-3,Meta-Llama-3.1-405B-Instruct,w8a8_int,gsm8k,96.4,95.5,-0.9,-0.2791228070175439,-0.7305995322654231,0.1723539182303353,False,False,Meta-Llama-3.1-405B-Instruct|s3
RedHatAI/Meta-Llama-3.1-405B-Instruct-quantized.w8a8,llama-3,Meta-Llama-3.1-405B-Instruct,w8a8_int,hellaswag,88.3,88.2,-0.1,-0.2791228070175439,-0.561435997979294,0.003190383944206232,False,True,Meta-Llama-3.1-405B-Instruct|s3
RedHatAI/Meta-Llama-3.1-405B-Instruct-quantized.w8a8,llama-3,Meta-Llama-3.1-405B-Instruct,w8a8_int,winogrande,87.2,86.1,-1.1,-0.2791228070175439,-1.1052423888764564,0.5469967748413685,False,True,Meta-Llama-3.1-405B-Instruct|s3
RedHatAI/Meta-Llama-3.1-405B-Instruct-quantized.w8a8,llama-3,Meta-Llama-3.1-405B-Instruct,w8a8_int,truthfulqa,64.6,64.4,-0.2,-0.2791228070175439,-1.7516891107935217,1.1934434967584338,False,True,Meta-Llama-3.1-405B-Instruct|s3
RedHatAI/Meta-Llama-3.1-405B-Instruct-quantized.w8a8,llama-3,Meta-Llama-3.1-405B-Instruct,w8a8_int,mmlu_pro,59.7,58.4,-1.3,-0.2791228070175439,-0.6727080201021882,0.11446240606710051,False,False,Meta-Llama-3.1-405B-Instruct|s3
RedHatAI/Meta-Llama-3.1-405B-Instruct-quantized.w8a8,llama-3,Meta-Llama-3.1-405B-Instruct,w8a8_int,ifeval,87.7,87.0,-0.7,-0.2791228070175439,-1.5219813920580503,0.9637357780229624,False,True,Meta-Llama-3.1-405B-Instruct|s3
RedHatAI/Meta-Llama-3.1-405B-Instruct-quantized.w8a8,llama-3,Meta-Llama-3.1-405B-Instruct,w8a8_int,bbh,67.0,66.7,-0.3,-0.2791228070175439,-0.7920296819363223,0.23378406790123452,False,True,Meta-Llama-3.1-405B-Instruct|s3
RedHatAI/Meta-Llama-3.1-405B-Instruct-quantized.w8a8,llama-3,Meta-Llama-3.1-405B-Instruct,w8a8_int,math_lvl5,39.0,35.8,-3.2,-0.2791228070175439,-1.4589576704375595,0.9007120564024717,False,False,Meta-Llama-3.1-405B-Instruct|s3
RedHatAI/Meta-Llama-3.1-405B-Instruct-quantized.w8a8,llama-3,Meta-Llama-3.1-405B-Instruct,w8a8_int,humaneval,86.8,86.9,0.1,-0.2791228070175439,-2.6055684023153214,2.0473227882802334,False,True,Meta-Llama-3.1-405B-Instruct|s3
RedHatAI/Meta-Llama-3.1-405B-Instruct-quantized.w8a8,llama-3,Meta-Llama-3.1-405B-Instruct,w8a8_int,humaneval_plus,80.1,80.4,0.3,-0.2791228070175439,-3.0231528941919663,2.4649072801568783,False,True,Meta-Llama-3.1-405B-Instruct|s3
RedHatAI/Meta-Llama-3.1-405B-Instruct-FP8-dynamic,llama-3,Meta-Llama-3.1-405B-Instruct,fp8_dynamic,arena_hard,67.4,66.7,-0.7,-0.11948717948717949,-8.3127548436325,8.07378048465814,False,True,Meta-Llama-3.1-405B-Instruct|s4
RedHatAI/Meta-Llama-3.1-405B-Instruct-FP8-dynamic,llama-3,Meta-Llama-3.1-405B-Instruct,fp8_dynamic,mmlu,87.4,87.5,0.1,-0.11948717948717949,-1.214022803950988,0.975048444976629,False,True,Meta-Llama-3.1-405B-Instruct|s4
RedHatAI/Meta-Llama-3.1-405B-Instruct-FP8-dynamic,llama-3,Meta-Llama-3.1-405B-Instruct,fp8_dynamic,mmlu_cot,88.1,88.1,0.0,-0.11948717948717949,-1.1874357712123922,0.9484614122380333,False,True,Meta-Llama-3.1-405B-Instruct|s4
RedHatAI/Meta-Llama-3.1-405B-Instruct-FP8-dynamic,llama-3,Meta-Llama-3.1-405B-Instruct,fp8_dynamic,arc_challenge,95.0,95.0,0.0,-0.11948717948717949,-2.6076935393347482,2.368719180360389,False,True,Meta-Llama-3.1-405B-Instruct|s4
RedHatAI/Meta-Llama-3.1-405B-Instruct-FP8-dynamic,llama-3,Meta-Llama-3.1-405B-Instruct,fp8_dynamic,gsm8k,96.0,95.8,-0.2,-0.11948717948717949,-2.2283416529381226,1.9893672939637634,False,True,Meta-Llama-3.1-405B-Instruct|s4
RedHatAI/Meta-Llama-3.1-405B-Instruct-FP8-dynamic,llama-3,Meta-Llama-3.1-405B-Instruct,fp8_dynamic,hellaswag,88.5,88.5,0.0,-0.11948717948717949,-1.3637549265844182,1.1247805676100593,False,True,Meta-Llama-3.1-405B-Instruct|s4
RedHatAI/Meta-Llama-3.1-405B-Instruct-FP8-dynamic,llama-3,Meta-Llama-3.1-405B-Instruct,fp8_dynamic,winogrande,87.2,88.0,0.8,-0.11948717948717949,-3.7879009639169072,3.548926604942548,False,True,Meta-Llama-3.1-405B-Instruct|s4
RedHatAI/Meta-Llama-3.1-405B-Instruct-FP8-dynamic,llama-3,Meta-Llama-3.1-405B-Instruct,fp8_dynamic,truthfulqa,65.3,65.3,0.0,-0.11948717948717949,-6.628478562532769,6.389504203558411,False,True,Meta-Llama-3.1-405B-Instruct|s4
RedHatAI/Meta-Llama-3.1-405B-Instruct-FP8-dynamic,llama-3,Meta-Llama-3.1-405B-Instruct,fp8_dynamic,mmlu_pro,59.7,59.4,-0.3,-0.11948717948717949,-1.8672165067336604,1.6282421477593014,False,True,Meta-Llama-3.1-405B-Instruct|s4
RedHatAI/Meta-Llama-3.1-405B-Instruct-FP8-dynamic,llama-3,Meta-Llama-3.1-405B-Instruct,fp8_dynamic,ifeval,87.7,86.8,-0.9,-0.11948717948717949,-5.638445530771094,5.399471171796735,False,True,Meta-Llama-3.1-405B-Instruct|s4
RedHatAI/Meta-Llama-3.1-405B-Instruct-FP8-dynamic,llama-3,Meta-Llama-3.1-405B-Instruct,fp8_dynamic,bbh,67.0,67.1,0.1,-0.11948717948717949,-2.3970686475925556,2.158094288618196,False,True,Meta-Llama-3.1-405B-Instruct|s4
RedHatAI/Meta-Llama-3.1-405B-Instruct-FP8-dynamic,llama-3,Meta-Llama-3.1-405B-Instruct,fp8_dynamic,math_lvl5,39.0,38.8,-0.2,-0.11948717948717949,-5.358586422942616,5.119612063968257,False,True,Meta-Llama-3.1-405B-Instruct|s4
RedHatAI/Meta-Llama-3.1-405B-Instruct-FP8-dynamic,llama-3,Meta-Llama-3.1-405B-Instruct,fp8_dynamic,humaneval,86.8,87.0,0.2,-0.11948717948717949,-10.450152712571855,10.211178353597495,False,True,Meta-Llama-3.1-405B-Instruct|s4
RedHatAI/Meta-Llama-3.1-405B-Instruct-FP8-dynamic,llama-3,Meta-Llama-3.1-405B-Instruct,fp8_dynamic,humaneval_plus,80.1,81.0,0.9,-0.11948717948717949,-12.304451702455848,12.065477343481488,False,True,Meta-Llama-3.1-405B-Instruct|s4
RedHatAI/Meta-Llama-3.1-405B-Instruct-FP8,llama-3,Meta-Llama-3.1-405B-Instruct,fp8,mmlu,87.41,87.41,0.0,-0.27,-0.632894537655461,0.09289453765546096,False,True,Meta-Llama-3.1-405B-Instruct|s4
RedHatAI/Meta-Llama-3.1-405B-Instruct-FP8,llama-3,Meta-Llama-3.1-405B-Instruct,fp8,mmlu_cot,88.11,88.02,-0.09,-0.27,-0.624071143805748,0.08407114380574804,False,True,Meta-Llama-3.1-405B-Instruct|s4
RedHatAI/Meta-Llama-3.1-405B-Instruct-FP8,llama-3,Meta-Llama-3.1-405B-Instruct,fp8,arc_challenge,94.97,94.88,-0.09,-0.27,-1.0975893553827163,0.5575893553827164,False,True,Meta-Llama-3.1-405B-Instruct|s4
RedHatAI/Meta-Llama-3.1-405B-Instruct-FP8,llama-3,Meta-Llama-3.1-405B-Instruct,fp8,gsm8k,95.98,96.29,0.31,-0.27,-0.9711040759277291,0.43110407592772904,False,True,Meta-Llama-3.1-405B-Instruct|s4
RedHatAI/Meta-Llama-3.1-405B-Instruct-FP8,llama-3,Meta-Llama-3.1-405B-Instruct,fp8,hellaswag,88.54,88.54,0.0,-0.27,-0.682053350157694,0.14205335015769388,False,True,Meta-Llama-3.1-405B-Instruct|s4
RedHatAI/Meta-Llama-3.1-405B-Instruct-FP8,llama-3,Meta-Llama-3.1-405B-Instruct,fp8,winogrande,87.21,86.98,-0.23,-0.27,-1.486274491138723,0.9462744911387229,False,True,Meta-Llama-3.1-405B-Instruct|s4
RedHatAI/Meta-Llama-3.1-405B-Instruct-FP8,llama-3,Meta-Llama-3.1-405B-Instruct,fp8,truthfulqa,65.31,65.33,0.02,-0.27,-2.428651101723858,1.888651101723858,False,True,Meta-Llama-3.1-405B-Instruct|s4
RedHatAI/Meta-Llama-3.1-405B-Instruct-quantized.w4a16,llama-3,Meta-Llama-3.1-405B-Instruct,w4a16,arena_hard,67.4,66.5,-0.9,-0.7295652173913044,-8.936123150294218,7.47699271551161,False,True,Meta-Llama-3.1-405B-Instruct|s4
RedHatAI/Meta-Llama-3.1-405B-Instruct-quantized.w4a16,llama-3,Meta-Llama-3.1-405B-Instruct,w4a16,mmlu,87.4,87.2,-0.2,-0.7295652173913044,-1.8258762839876268,0.36674584920501785,False,True,Meta-Llama-3.1-405B-Instruct|s4
RedHatAI/Meta-Llama-3.1-405B-Instruct-quantized.w4a16,llama-3,Meta-Llama-3.1-405B-Instruct,w4a16,arc_challenge,95.0,95.3,0.3,-0.7295652173913044,-3.2218076874457253,1.7626772526631163,False,True,Meta-Llama-3.1-405B-Instruct|s4
RedHatAI/Meta-Llama-3.1-405B-Instruct-quantized.w4a16,llama-3,Meta-Llama-3.1-405B-Instruct,w4a16,gsm8k,96.4,96.3,-0.1,-0.7295652173913044,-2.737615867769919,1.2784854329873099,False,True,Meta-Llama-3.1-405B-Instruct|s4
RedHatAI/Meta-Llama-3.1-405B-Instruct-quantized.w4a16,llama-3,Meta-Llama-3.1-405B-Instruct,w4a16,hellaswag,88.3,88.3,0.0,-0.7295652173913044,-1.9852206144883606,0.5260901797057519,False,True,Meta-Llama-3.1-405B-Instruct|s4
RedHatAI/Meta-Llama-3.1-405B-Instruct-quantized.w4a16,llama-3,Meta-Llama-3.1-405B-Instruct,w4a16,winogrande,87.2,87.4,0.2,-0.7295652173913044,-4.403929522066146,2.944799087283537,False,True,Meta-Llama-3.1-405B-Instruct|s4
RedHatAI/Meta-Llama-3.1-405B-Instruct-quantized.w4a16,llama-3,Meta-Llama-3.1-405B-Instruct,w4a16,truthfulqa,64.6,65.3,0.7,-0.7295652173913044,-7.279155835599757,5.820025400817149,False,True,Meta-Llama-3.1-405B-Instruct|s4
RedHatAI/Meta-Llama-3.1-405B-Instruct-quantized.w4a16,llama-3,Meta-Llama-3.1-405B-Instruct,w4a16,mmlu_pro,59.7,59.4,-0.3,-0.7295652173913044,-2.4801295298264523,1.0209990950438432,False,True,Meta-Llama-3.1-405B-Instruct|s4
RedHatAI/Meta-Llama-3.1-405B-Instruct-quantized.w4a16,llama-3,Meta-Llama-3.1-405B-Instruct,w4a16,ifeval,87.7,88.0,0.3,-0.7295652173913044,-6.257475850323664,4.798345415541056,False,True,Meta-Llama-3.1-405B-Instruct|s4
RedHatAI/Meta-Llama-3.1-405B-Instruct-quantized.w4a16,llama-3,Meta-Llama-3.1-405B-Instruct,w4a16,bbh,67.0,67.5,0.5,-0.7295652173913044,-3.0108411418563694,1.5517107070737604,False,True,Meta-Llama-3.1-405B-Instruct|s4
RedHatAI/Meta-Llama-3.1-405B-Instruct-quantized.w4a16,llama-3,Meta-Llama-3.1-405B-Instruct,w4a16,math_lvl5,39.0,37.6,-1.4,-0.7295652173913044,-5.977162784085702,4.518032349303094,False,True,Meta-Llama-3.1-405B-Instruct|s4
RedHatAI/Meta-Llama-3.1-405B-Instruct-quantized.w4a16,llama-3,Meta-Llama-3.1-405B-Instruct,w4a16,humaneval,86.8,85.1,-1.7,-0.7295652173913044,-11.07698808430267,9.617857649520062,False,True,Meta-Llama-3.1-405B-Instruct|s4
RedHatAI/Meta-Llama-3.1-405B-Instruct-quantized.w4a16,llama-3,Meta-Llama-3.1-405B-Instruct,w4a16,humaneval_plus,80.1,78.9,-1.2,-0.7295652173913044,-12.934294925625515,11.475164490842907,False,True,Meta-Llama-3.1-405B-Instruct|s4
RedHatAI/Meta-Llama-3.1-405B-Instruct-quantized.w8a16,llama-3,Meta-Llama-3.1-405B-Instruct,w8a16,mmlu,87.38,87.59,0.21,-0.15806451612903227,-0.4223144682335257,0.10618543597546115,False,False,Meta-Llama-3.1-405B-Instruct|s4
RedHatAI/Meta-Llama-3.1-405B-Instruct-quantized.w8a16,llama-3,Meta-Llama-3.1-405B-Instruct,w8a16,mmlu_cot,88.26,88.19,-0.07,-0.15806451612903227,-0.4142150289205548,0.09808599666249024,False,True,Meta-Llama-3.1-405B-Instruct|s4
RedHatAI/Meta-Llama-3.1-405B-Instruct-quantized.w8a16,llama-3,Meta-Llama-3.1-405B-Instruct,w8a16,arc_challenge,94.97,94.8,-0.17,-0.15806451612903227,-0.7600792350741024,0.4439502028160378,False,True,Meta-Llama-3.1-405B-Instruct|s4
RedHatAI/Meta-Llama-3.1-405B-Instruct-quantized.w8a16,llama-3,Meta-Llama-3.1-405B-Instruct,w8a16,hellaswag,88.33,88.52,0.19,-0.15806451612903227,-0.46018010755219724,0.1440510752941327,False,False,Meta-Llama-3.1-405B-Instruct|s4
RedHatAI/Meta-Llama-3.1-405B-Instruct-quantized.w8a16,llama-3,Meta-Llama-3.1-405B-Instruct,w8a16,winogrande,87.21,87.92,0.71,-0.15806451612903227,-1.0428211181570097,0.7266920858989452,False,True,Meta-Llama-3.1-405B-Instruct|s4
RedHatAI/Meta-Llama-3.1-405B-Instruct-quantized.w8a16,llama-3,Meta-Llama-3.1-405B-Instruct,w8a16,truthfulqa,64.64,65.41,0.77,-0.15806451612903227,-1.7352743555655845,1.4191453233075197,False,True,Meta-Llama-3.1-405B-Instruct|s4
RedHatAI/Meta-Llama-3.1-405B-Instruct-quantized.w8a8,llama-3,Meta-Llama-3.1-405B-Instruct,w8a8_int,arena_hard,67.4,64.6,-2.8,-0.3081506849315069,-2.0103654485166,1.394064078653586,False,False,Meta-Llama-3.1-405B-Instruct|s4
RedHatAI/Meta-Llama-3.1-405B-Instruct-quantized.w8a8,llama-3,Meta-Llama-3.1-405B-Instruct,w8a8_int,mmlu,87.4,87.1,-0.3,-0.3081506849315069,-0.5355489313461108,-0.08075243851690292,False,True,Meta-Llama-3.1-405B-Instruct|s4
RedHatAI/Meta-Llama-3.1-405B-Instruct-quantized.w8a8,llama-3,Meta-Llama-3.1-405B-Instruct,w8a8_int,arc_challenge,95.0,94.4,-0.6,-0.3081506849315069,-0.8250948120120513,0.2087934421490375,False,True,Meta-Llama-3.1-405B-Instruct|s4
RedHatAI/Meta-Llama-3.1-405B-Instruct-quantized.w8a8,llama-3,Meta-Llama-3.1-405B-Instruct,w8a8_int,gsm8k,96.4,95.5,-0.9,-0.3081506849315069,-0.724663124257214,0.10836175439420026,False,False,Meta-Llama-3.1-405B-Instruct|s4
RedHatAI/Meta-Llama-3.1-405B-Instruct-quantized.w8a8,llama-3,Meta-Llama-3.1-405B-Instruct,w8a8_int,hellaswag,88.3,88.2,-0.1,-0.3081506849315069,-0.5686003365868445,-0.04770103327616926,False,True,Meta-Llama-3.1-405B-Instruct|s4
RedHatAI/Meta-Llama-3.1-405B-Instruct-quantized.w8a8,llama-3,Meta-Llama-3.1-405B-Instruct,w8a8_int,winogrande,87.2,86.1,-1.1,-0.3081506849315069,-1.070292037901297,0.45399066803828314,False,False,Meta-Llama-3.1-405B-Instruct|s4
RedHatAI/Meta-Llama-3.1-405B-Instruct-quantized.w8a8,llama-3,Meta-Llama-3.1-405B-Instruct,w8a8_int,truthfulqa,64.6,64.4,-0.2,-0.3081506849315069,-1.6666751646105484,1.050373794747535,False,True,Meta-Llama-3.1-405B-Instruct|s4
RedHatAI/Meta-Llama-3.1-405B-Instruct-quantized.w8a8,llama-3,Meta-Llama-3.1-405B-Instruct,w8a8_int,mmlu_pro,59.7,58.4,-1.3,-0.3081506849315069,-0.6712549780584836,0.054953608195469794,False,False,Meta-Llama-3.1-405B-Instruct|s4
RedHatAI/Meta-Llama-3.1-405B-Instruct-quantized.w8a8,llama-3,Meta-Llama-3.1-405B-Instruct,w8a8_int,ifeval,87.7,87.0,-0.7,-0.3081506849315069,-1.4547569927271042,0.8384556228640904,False,True,Meta-Llama-3.1-405B-Instruct|s4
RedHatAI/Meta-Llama-3.1-405B-Instruct-quantized.w8a8,llama-3,Meta-Llama-3.1-405B-Instruct,w8a8_int,bbh,67.0,66.7,-0.3,-0.3081506849315069,-0.7813358607610095,0.16503449089799577,False,True,Meta-Llama-3.1-405B-Instruct|s4
RedHatAI/Meta-Llama-3.1-405B-Instruct-quantized.w8a8,llama-3,Meta-Llama-3.1-405B-Instruct,w8a8_int,math_lvl5,39.0,35.8,-3.2,-0.3081506849315069,-1.3966140972918577,0.7803127274288438,False,False,Meta-Llama-3.1-405B-Instruct|s4
RedHatAI/Meta-Llama-3.1-405B-Instruct-quantized.w8a8,llama-3,Meta-Llama-3.1-405B-Instruct,w8a8_int,humaneval,86.8,86.9,0.1,-0.3081506849315069,-2.454426396761407,1.838125026898393,False,True,Meta-Llama-3.1-405B-Instruct|s4
RedHatAI/Meta-Llama-3.1-405B-Instruct-quantized.w8a8,llama-3,Meta-Llama-3.1-405B-Instruct,w8a8_int,humaneval_plus,80.1,80.4,0.3,-0.3081506849315069,-2.8396713620265226,2.2233699921635086,False,True,Meta-Llama-3.1-405B-Instruct|s4
RedHatAI/Meta-Llama-3.1-70B-FP8,llama-3,Meta-Llama-3.1-70B,fp8,mmlu,78.81,78.85,0.04,-0.313469387755102,-0.7110047719008686,0.08406599639066459,False,True,Meta-Llama-3.1-70B|s0
RedHatAI/Meta-Llama-3.1-70B-FP8,llama-3,Meta-Llama-3.1-70B,fp8,arc_challenge,93.43,93.43,0.0,-0.313469387755102,-1.1477193320839216,0.5207805565737177,False,True,Meta-Llama-3.1-70B|s0
RedHatAI/Meta-Llama-3.1-70B-FP8,llama-3,Meta-Llama-3.1-70B,fp8,gsm8k,81.88,81.35,-0.53,-0.313469387755102,-1.5360563183140166,0.9091175428038125,False,True,Meta-Llama-3.1-70B|s0
RedHatAI/Meta-Llama-3.1-70B-FP8,llama-3,Meta-Llama-3.1-70B,fp8,hellaswag,87.98,87.82,-0.16,-0.313469387755102,-0.6875526157988869,0.060613840288682885,False,True,Meta-Llama-3.1-70B|s0
RedHatAI/Meta-Llama-3.1-70B-FP8,llama-3,Meta-Llama-3.1-70B,fp8,winogrande,85.78,85.87,0.09,-0.313469387755102,-1.4445372031598231,0.8175984276496191,False,True,Meta-Llama-3.1-70B|s0
RedHatAI/Meta-Llama-3.1-70B-FP8,llama-3,Meta-Llama-3.1-70B,fp8,truthfulqa,51.18,50.9,-0.28,-0.313469387755102,-2.3293840009645708,1.702445225454367,False,True,Meta-Llama-3.1-70B|s0
RedHatAI/Meta-Llama-3.1-70B-FP8,llama-3,Meta-Llama-3.1-70B,fp8,mmlu,78.81,78.85,0.04,-0.27387755102040817,-0.6227319015854881,0.07497679954467174,False,True,Meta-Llama-3.1-70B|s1
RedHatAI/Meta-Llama-3.1-70B-FP8,llama-3,Meta-Llama-3.1-70B,fp8,arc_challenge,93.43,93.43,0.0,-0.27387755102040817,-1.0059676595856124,0.4582125575447961,False,True,Meta-Llama-3.1-70B|s1
RedHatAI/Meta-Llama-3.1-70B-FP8,llama-3,Meta-Llama-3.1-70B,fp8,gsm8k,81.88,81.35,-0.53,-0.27387755102040817,-1.3467500214445645,0.7989949194037482,False,True,Meta-Llama-3.1-70B|s1
RedHatAI/Meta-Llama-3.1-70B-FP8,llama-3,Meta-Llama-3.1-70B,fp8,hellaswag,87.98,87.82,-0.16,-0.27387755102040817,-0.60215162870264,0.05439652666182371,False,True,Meta-Llama-3.1-70B|s1
RedHatAI/Meta-Llama-3.1-70B-FP8,llama-3,Meta-Llama-3.1-70B,fp8,winogrande,85.78,85.87,0.09,-0.27387755102040817,-1.2664380724843176,0.7186829704435012,False,True,Meta-Llama-3.1-70B|s1
RedHatAI/Meta-Llama-3.1-70B-FP8,llama-3,Meta-Llama-3.1-70B,fp8,truthfulqa,51.18,50.9,-0.28,-0.27387755102040817,-2.0429290901608206,1.4951739881200043,False,True,Meta-Llama-3.1-70B|s1
RedHatAI/Meta-Llama-3.1-70B-FP8,llama-3,Meta-Llama-3.1-70B,fp8,mmlu,78.81,78.85,0.04,-0.2868888888888889,-0.6233684255773948,0.04959064779961697,False,True,Meta-Llama-3.1-70B|s2
RedHatAI/Meta-Llama-3.1-70B-FP8,llama-3,Meta-Llama-3.1-70B,fp8,arc_challenge,93.43,93.43,0.0,-0.2868888888888889,-0.9930097675456786,0.4192319897679007,False,True,Meta-Llama-3.1-70B|s2
RedHatAI/Meta-Llama-3.1-70B-FP8,llama-3,Meta-Llama-3.1-70B,fp8,gsm8k,81.88,81.35,-0.53,-0.2868888888888889,-1.321703650950534,0.747925873172756,False,True,Meta-Llama-3.1-70B|s2
RedHatAI/Meta-Llama-3.1-70B-FP8,llama-3,Meta-Llama-3.1-70B,fp8,hellaswag,87.98,87.82,-0.16,-0.2868888888888889,-0.6035181910215501,0.029740413243772246,False,True,Meta-Llama-3.1-70B|s2
RedHatAI/Meta-Llama-3.1-70B-FP8,llama-3,Meta-Llama-3.1-70B,fp8,winogrande,85.78,85.87,0.09,-0.2868888888888889,-1.2442405855396483,0.6704628077618706,False,True,Meta-Llama-3.1-70B|s2
RedHatAI/Meta-Llama-3.1-70B-FP8,llama-3,Meta-Llama-3.1-70B,fp8,truthfulqa,51.18,50.9,-0.28,-0.2868888888888889,-1.9931873521411296,1.4194095743633517,False,True,Meta-Llama-3.1-70B|s2
RedHatAI/Meta-Llama-3.1-70B-FP8,llama-3,Meta-Llama-3.1-70B,fp8,mmlu,78.81,78.85,0.04,-0.34470588235294114,-0.8135701777256659,0.12415841301978353,False,True,Meta-Llama-3.1-70B|s3
RedHatAI/Meta-Llama-3.1-70B-FP8,llama-3,Meta-Llama-3.1-70B,fp8,arc_challenge,93.43,93.43,0.0,-0.34470588235294114,-1.3286434836635244,0.6392317189576422,False,True,Meta-Llama-3.1-70B|s3
RedHatAI/Meta-Llama-3.1-70B-FP8,llama-3,Meta-Llama-3.1-70B,fp8,gsm8k,81.88,81.35,-0.53,-0.34470588235294114,-1.786658932545372,1.0972471678394895,False,True,Meta-Llama-3.1-70B|s3
RedHatAI/Meta-Llama-3.1-70B-FP8,llama-3,Meta-Llama-3.1-70B,fp8,hellaswag,87.98,87.82,-0.16,-0.34470588235294114,-0.7859100521512972,0.09649828744541489,False,True,Meta-Llama-3.1-70B|s3
RedHatAI/Meta-Llama-3.1-70B-FP8,llama-3,Meta-Llama-3.1-70B,fp8,winogrande,85.78,85.87,0.09,-0.34470588235294114,-1.6787187411782252,0.9893069764723428,False,True,Meta-Llama-3.1-70B|s3
RedHatAI/Meta-Llama-3.1-70B-FP8,llama-3,Meta-Llama-3.1-70B,fp8,truthfulqa,51.18,50.9,-0.28,-0.34470588235294114,-2.722331679576209,2.0329199148703267,False,True,Meta-Llama-3.1-70B|s3
RedHatAI/Meta-Llama-3.1-70B-FP8,llama-3,Meta-Llama-3.1-70B,fp8,mmlu,78.81,78.85,0.04,-0.35767857142857146,-0.8303332378527292,0.11497609499558625,False,True,Meta-Llama-3.1-70B|s4
RedHatAI/Meta-Llama-3.1-70B-FP8,llama-3,Meta-Llama-3.1-70B,fp8,arc_challenge,93.43,93.43,0.0,-0.35767857142857146,-1.3495704755880404,0.6342133327308976,False,True,Meta-Llama-3.1-70B|s4
RedHatAI/Meta-Llama-3.1-70B-FP8,llama-3,Meta-Llama-3.1-70B,fp8,gsm8k,81.88,81.35,-0.53,-0.35767857142857146,-1.8112885917782842,1.0959314489211411,False,True,Meta-Llama-3.1-70B|s4
RedHatAI/Meta-Llama-3.1-70B-FP8,llama-3,Meta-Llama-3.1-70B,fp8,hellaswag,87.98,87.82,-0.16,-0.35767857142857146,-0.8024495035704875,0.08709236071334459,False,True,Meta-Llama-3.1-70B|s4
RedHatAI/Meta-Llama-3.1-70B-FP8,llama-3,Meta-Llama-3.1-70B,fp8,winogrande,85.78,85.87,0.09,-0.35767857142857146,-1.7024757953083776,0.9871186524512345,False,True,Meta-Llama-3.1-70B|s4
RedHatAI/Meta-Llama-3.1-70B-FP8,llama-3,Meta-Llama-3.1-70B,fp8,truthfulqa,51.18,50.9,-0.28,-0.35767857142857146,-2.754525461155314,2.039168318298171,False,True,Meta-Llama-3.1-70B|s4
RedHatAI/Meta-Llama-3.1-70B-Instruct-FP8-dynamic,llama-3,Meta-Llama-3.1-70B-Instruct,fp8_dynamic,arena_hard,57.0,57.9,0.9,-0.12854166666666667,-2.9232665624214493,2.6661832290881162,False,True,Meta-Llama-3.1-70B-Instruct|s0
RedHatAI/Meta-Llama-3.1-70B-Instruct-FP8-dynamic,llama-3,Meta-Llama-3.1-70B-Instruct,fp8_dynamic,mmlu,83.8,83.8,0.0,-0.12854166666666667,-0.5210215867880543,0.263938253454721,False,True,Meta-Llama-3.1-70B-Instruct|s0
RedHatAI/Meta-Llama-3.1-70B-Instruct-FP8-dynamic,llama-3,Meta-Llama-3.1-70B-Instruct,fp8_dynamic,mmlu_cot,86.0,85.5,-0.5,-0.12854166666666667,-0.498158012695696,0.24107467936236265,False,False,Meta-Llama-3.1-70B-Instruct|s0
RedHatAI/Meta-Llama-3.1-70B-Instruct-FP8-dynamic,llama-3,Meta-Llama-3.1-70B-Instruct,fp8_dynamic,arc_challenge,93.3,93.5,0.2,-0.12854166666666667,-1.0504056074054104,0.793322274072077,False,True,Meta-Llama-3.1-70B-Instruct|s0
RedHatAI/Meta-Llama-3.1-70B-Instruct-FP8-dynamic,llama-3,Meta-Llama-3.1-70B-Instruct,fp8_dynamic,gsm8k,94.9,94.5,-0.4,-0.12854166666666667,-0.8931661617578043,0.636082828424471,False,True,Meta-Llama-3.1-70B-Instruct|s0
RedHatAI/Meta-Llama-3.1-70B-Instruct-FP8-dynamic,llama-3,Meta-Llama-3.1-70B-Instruct,fp8_dynamic,hellaswag,86.8,86.6,-0.2,-0.12854166666666667,-0.5549141116246882,0.29783077829135485,False,True,Meta-Llama-3.1-70B-Instruct|s0
RedHatAI/Meta-Llama-3.1-70B-Instruct-FP8-dynamic,llama-3,Meta-Llama-3.1-70B-Instruct,fp8_dynamic,winogrande,85.3,84.6,-0.7,-0.12854166666666667,-1.3842746039821612,1.127191270648828,False,True,Meta-Llama-3.1-70B-Instruct|s0
RedHatAI/Meta-Llama-3.1-70B-Instruct-FP8-dynamic,llama-3,Meta-Llama-3.1-70B-Instruct,fp8_dynamic,truthfulqa,60.7,60.6,-0.1,-0.12854166666666667,-2.285451561090251,2.0283682277569177,False,True,Meta-Llama-3.1-70B-Instruct|s0
RedHatAI/Meta-Llama-3.1-70B-Instruct-FP8-dynamic,llama-3,Meta-Llama-3.1-70B-Instruct,fp8_dynamic,mmlu_pro,48.1,47.7,-0.4,-0.12854166666666667,-0.703504425503618,0.4464210921702847,False,True,Meta-Llama-3.1-70B-Instruct|s0
RedHatAI/Meta-Llama-3.1-70B-Instruct-FP8-dynamic,llama-3,Meta-Llama-3.1-70B-Instruct,fp8_dynamic,ifeval,86.4,87.6,1.2,-0.12854166666666667,-1.9888293175556169,1.7317459842222838,False,True,Meta-Llama-3.1-70B-Instruct|s0
RedHatAI/Meta-Llama-3.1-70B-Instruct-FP8-dynamic,llama-3,Meta-Llama-3.1-70B-Instruct,fp8_dynamic,bbh,55.8,54.9,-0.9,-0.12854166666666667,-0.9054267748588157,0.6483434415254824,False,True,Meta-Llama-3.1-70B-Instruct|s0
RedHatAI/Meta-Llama-3.1-70B-Instruct-FP8-dynamic,llama-3,Meta-Llama-3.1-70B-Instruct,fp8_dynamic,math_lvl5,26.1,28.0,1.9,-0.12854166666666667,-1.6520712462852005,1.394987912951867,False,False,Meta-Llama-3.1-70B-Instruct|s0
RedHatAI/Meta-Llama-3.1-70B-Instruct-FP8-dynamic,llama-3,Meta-Llama-3.1-70B-Instruct,fp8_dynamic,humaneval,79.7,80.0,0.3,-0.12854166666666667,-4.093217338387047,3.836134005053714,False,True,Meta-Llama-3.1-70B-Instruct|s0
RedHatAI/Meta-Llama-3.1-70B-Instruct-FP8-dynamic,llama-3,Meta-Llama-3.1-70B-Instruct,fp8_dynamic,humaneval_plus,74.8,75.0,0.2,-0.12854166666666667,-4.4079285927634375,4.1508452594301035,False,True,Meta-Llama-3.1-70B-Instruct|s0
RedHatAI/Meta-Llama-3.1-70B-Instruct-FP8,llama-3,Meta-Llama-3.1-70B-Instruct,fp8,mmlu,83.83,83.73,-0.1,-0.3923333333333333,-0.8277615070573082,0.0430948403906416,False,True,Meta-Llama-3.1-70B-Instruct|s0
RedHatAI/Meta-Llama-3.1-70B-Instruct-FP8,llama-3,Meta-Llama-3.1-70B-Instruct,fp8,mmlu_cot,86.01,85.44,-0.57,-0.3923333333333333,-0.8025800500820929,0.017913383415426254,False,True,Meta-Llama-3.1-70B-Instruct|s0
RedHatAI/Meta-Llama-3.1-70B-Instruct-FP8,llama-3,Meta-Llama-3.1-70B-Instruct,fp8,arc_challenge,93.26,92.92,-0.34,-0.3923333333333333,-1.418670639491391,0.6340039728247243,False,True,Meta-Llama-3.1-70B-Instruct|s0
RedHatAI/Meta-Llama-3.1-70B-Instruct-FP8,llama-3,Meta-Llama-3.1-70B-Instruct,fp8,gsm8k,94.92,94.54,-0.38,-0.3923333333333333,-1.2396867607332156,0.455020094066549,False,True,Meta-Llama-3.1-70B-Instruct|s0
RedHatAI/Meta-Llama-3.1-70B-Instruct-FP8,llama-3,Meta-Llama-3.1-70B-Instruct,fp8,hellaswag,86.75,86.64,-0.11,-0.3923333333333333,-0.8664757835309544,0.08180911686428782,False,True,Meta-Llama-3.1-70B-Instruct|s0
RedHatAI/Meta-Llama-3.1-70B-Instruct-FP8,llama-3,Meta-Llama-3.1-70B-Instruct,fp8,winogrande,85.32,85.95,0.63,-0.3923333333333333,-1.7857352739153538,1.001068607248687,False,True,Meta-Llama-3.1-70B-Instruct|s0
RedHatAI/Meta-Llama-3.1-70B-Instruct-FP8,llama-3,Meta-Llama-3.1-70B-Instruct,fp8,truthfulqa,60.68,60.84,0.16,-0.3923333333333333,-2.787274116878671,2.002607450212005,False,True,Meta-Llama-3.1-70B-Instruct|s0
RedHatAI/Meta-Llama-3.1-70B-Instruct-quantized.w4a16,llama-3,Meta-Llama-3.1-70B-Instruct,w4a16,arena_hard,57.0,57.0,0.0,-0.7693269230769231,-8.078443836411099,6.539789990257252,False,True,Meta-Llama-3.1-70B-Instruct|s0
RedHatAI/Meta-Llama-3.1-70B-Instruct-quantized.w4a16,llama-3,Meta-Llama-3.1-70B-Instruct,w4a16,mmlu,83.9,83.6,-0.3,-0.7693269230769231,-1.7932272680967707,0.25457342194292454,False,True,Meta-Llama-3.1-70B-Instruct|s0
RedHatAI/Meta-Llama-3.1-70B-Instruct-quantized.w4a16,llama-3,Meta-Llama-3.1-70B-Instruct,w4a16,mmlu_cot,86.2,85.6,-0.6,-0.7693269230769231,-1.7301799155078976,0.19152606935405148,False,True,Meta-Llama-3.1-70B-Instruct|s0
RedHatAI/Meta-Llama-3.1-70B-Instruct-quantized.w4a16,llama-3,Meta-Llama-3.1-70B-Instruct,w4a16,arc_challenge,93.3,92.8,-0.5,-0.7693269230769231,-3.180301731825203,1.6416478856713572,False,True,Meta-Llama-3.1-70B-Instruct|s0
RedHatAI/Meta-Llama-3.1-70B-Instruct-quantized.w4a16,llama-3,Meta-Llama-3.1-70B-Instruct,w4a16,gsm8k,95.4,94.4,-1.0,-0.7693269230769231,-2.67351113802561,1.1348572918717639,False,True,Meta-Llama-3.1-70B-Instruct|s0
RedHatAI/Meta-Llama-3.1-70B-Instruct-quantized.w4a16,llama-3,Meta-Llama-3.1-70B-Instruct,w4a16,hellaswag,86.7,86.3,-0.4,-0.7693269230769231,-1.888000849795979,0.3493470036421329,False,True,Meta-Llama-3.1-70B-Instruct|s0
RedHatAI/Meta-Llama-3.1-70B-Instruct-quantized.w4a16,llama-3,Meta-Llama-3.1-70B-Instruct,w4a16,winogrande,85.3,85.5,0.2,-0.7693269230769231,-4.0534780267170065,2.51482418056316,False,True,Meta-Llama-3.1-70B-Instruct|s0
RedHatAI/Meta-Llama-3.1-70B-Instruct-quantized.w4a16,llama-3,Meta-Llama-3.1-70B-Instruct,w4a16,truthfulqa,60.7,59.8,-0.9,-0.7693269230769231,-6.410349627607382,4.871695781453536,False,True,Meta-Llama-3.1-70B-Instruct|s0
RedHatAI/Meta-Llama-3.1-70B-Instruct-quantized.w4a16,llama-3,Meta-Llama-3.1-70B-Instruct,w4a16,mmlu_pro,48.1,47.3,-0.8,-0.7693269230769231,-2.273042022740592,0.7343881765867457,False,True,Meta-Llama-3.1-70B-Instruct|s0
RedHatAI/Meta-Llama-3.1-70B-Instruct-quantized.w4a16,llama-3,Meta-Llama-3.1-70B-Instruct,w4a16,ifeval,86.4,85.7,-0.7,-0.7693269230769231,-5.634585737435792,4.095931891281946,False,True,Meta-Llama-3.1-70B-Instruct|s0
RedHatAI/Meta-Llama-3.1-70B-Instruct-quantized.w4a16,llama-3,Meta-Llama-3.1-70B-Instruct,w4a16,bbh,55.8,55.0,-0.8,-0.7693269230769231,-2.8011348096528623,1.2624809634990164,False,True,Meta-Llama-3.1-70B-Instruct|s0
RedHatAI/Meta-Llama-3.1-70B-Instruct-quantized.w4a16,llama-3,Meta-Llama-3.1-70B-Instruct,w4a16,math_lvl5,26.1,24.4,-1.7,-0.7693269230769231,-4.753853570143299,3.2151997239894525,False,True,Meta-Llama-3.1-70B-Instruct|s0
RedHatAI/Meta-Llama-3.1-70B-Instruct-quantized.w4a16,llama-3,Meta-Llama-3.1-70B-Instruct,w4a16,humaneval,79.7,80.5,0.8,-0.7693269230769231,-11.138246616057897,9.599592769904051,False,True,Meta-Llama-3.1-70B-Instruct|s0
RedHatAI/Meta-Llama-3.1-70B-Instruct-quantized.w4a16,llama-3,Meta-Llama-3.1-70B-Instruct,w4a16,humaneval_plus,74.8,74.2,-0.6,-0.7693269230769231,-11.96131916809091,10.422665321937064,False,True,Meta-Llama-3.1-70B-Instruct|s0
RedHatAI/Meta-Llama-3.1-70B-Instruct-quantized.w8a16,llama-3,Meta-Llama-3.1-70B-Instruct,w8a16,mmlu,83.94,81.37,-2.57,0.012238805970149255,-0.2181808230274832,0.24265843496778172,False,False,Meta-Llama-3.1-70B-Instruct|s0
RedHatAI/Meta-Llama-3.1-70B-Instruct-quantized.w8a16,llama-3,Meta-Llama-3.1-70B-Instruct,w8a16,mmlu_cot,86.23,83.86,-2.37,0.012238805970149255,-0.20401232292773822,0.22848993486803673,False,False,Meta-Llama-3.1-70B-Instruct|s0
RedHatAI/Meta-Llama-3.1-70B-Instruct-quantized.w8a16,llama-3,Meta-Llama-3.1-70B-Instruct,w8a16,arc_challenge,93.34,92.32,-1.02,0.012238805970149255,-0.5293677484813274,0.5538453604216259,False,False,Meta-Llama-3.1-70B-Instruct|s0
RedHatAI/Meta-Llama-3.1-70B-Instruct-quantized.w8a16,llama-3,Meta-Llama-3.1-70B-Instruct,w8a16,gsm8k,95.38,92.34,-3.04,0.012238805970149255,-0.4175983494760281,0.4420759614163266,False,False,Meta-Llama-3.1-70B-Instruct|s0
RedHatAI/Meta-Llama-3.1-70B-Instruct-quantized.w8a16,llama-3,Meta-Llama-3.1-70B-Instruct,w8a16,hellaswag,86.66,86.01,-0.65,0.012238805970149255,-0.2400824589028816,0.2645600708431801,False,False,Meta-Llama-3.1-70B-Instruct|s0
RedHatAI/Meta-Llama-3.1-70B-Instruct-quantized.w8a16,llama-3,Meta-Llama-3.1-70B-Instruct,w8a16,winogrande,85.32,85.56,0.24,0.012238805970149255,-0.7271567708068205,0.751634382747119,False,True,Meta-Llama-3.1-70B-Instruct|s0
RedHatAI/Meta-Llama-3.1-70B-Instruct-quantized.w8a16,llama-3,Meta-Llama-3.1-70B-Instruct,w8a16,truthfulqa,60.65,59.39,-1.26,0.012238805970149255,-1.258784304297726,1.2832619162380245,False,False,Meta-Llama-3.1-70B-Instruct|s0
RedHatAI/Meta-Llama-3.1-70B-Instruct-quantized.w8a8,llama-3,Meta-Llama-3.1-70B-Instruct,w8a8_int,arena_hard,57.0,56.3,-0.7,-0.24657407407407406,-3.2808724645738216,2.787724316425674,False,True,Meta-Llama-3.1-70B-Instruct|s0
RedHatAI/Meta-Llama-3.1-70B-Instruct-quantized.w8a8,llama-3,Meta-Llama-3.1-70B-Instruct,w8a8_int,mmlu,83.9,83.7,-0.2,-0.24657407407407406,-0.6716348859018374,0.17848673775368928,False,True,Meta-Llama-3.1-70B-Instruct|s0
RedHatAI/Meta-Llama-3.1-70B-Instruct-quantized.w8a8,llama-3,Meta-Llama-3.1-70B-Instruct,w8a8_int,mmlu_cot,86.2,85.8,-0.4,-0.24657407407407406,-0.6454614804475223,0.15231333229937416,False,True,Meta-Llama-3.1-70B-Instruct|s0
RedHatAI/Meta-Llama-3.1-70B-Instruct-quantized.w8a8,llama-3,Meta-Llama-3.1-70B-Instruct,w8a8_int,arc_challenge,93.3,93.1,-0.2,-0.24657407407407406,-1.2474633837489968,0.7543152356008487,False,True,Meta-Llama-3.1-70B-Instruct|s0
RedHatAI/Meta-Llama-3.1-70B-Instruct-quantized.w8a8,llama-3,Meta-Llama-3.1-70B-Instruct,w8a8_int,gsm8k,95.4,94.2,-1.2,-0.24657407407407406,-1.0370749194078175,0.5439267712596694,False,False,Meta-Llama-3.1-70B-Instruct|s0
RedHatAI/Meta-Llama-3.1-70B-Instruct-quantized.w8a8,llama-3,Meta-Llama-3.1-70B-Instruct,w8a8_int,hellaswag,86.7,86.7,0.0,-0.24657407407407406,-0.7109790816263828,0.21783093347823468,False,True,Meta-Llama-3.1-70B-Instruct|s0
RedHatAI/Meta-Llama-3.1-70B-Instruct-quantized.w8a8,llama-3,Meta-Llama-3.1-70B-Instruct,w8a8_int,winogrande,85.1,85.3,0.2,-0.24657407407407406,-1.6175860236817468,1.1244378755335986,False,True,Meta-Llama-3.1-70B-Instruct|s0
RedHatAI/Meta-Llama-3.1-70B-Instruct-quantized.w8a8,llama-3,Meta-Llama-3.1-70B-Instruct,w8a8_int,truthfulqa,60.7,61.4,0.7,-0.24657407407407406,-2.5883817529064146,2.095233604758267,False,True,Meta-Llama-3.1-70B-Instruct|s0
RedHatAI/Meta-Llama-3.1-70B-Instruct-quantized.w8a8,llama-3,Meta-Llama-3.1-70B-Instruct,w8a8_int,mmlu_pro,48.1,47.1,-1.0,-0.24657407407407406,-0.8708246313959541,0.377676483247806,False,False,Meta-Llama-3.1-70B-Instruct|s0
RedHatAI/Meta-Llama-3.1-70B-Instruct-quantized.w8a8,llama-3,Meta-Llama-3.1-70B-Instruct,w8a8_int,ifeval,86.4,86.6,0.2,-0.24657407407407406,-2.266332023607214,1.7731838754590663,False,True,Meta-Llama-3.1-70B-Instruct|s0
RedHatAI/Meta-Llama-3.1-70B-Instruct-quantized.w8a8,llama-3,Meta-Llama-3.1-70B-Instruct,w8a8_int,bbh,55.8,55.2,-0.6,-0.24657407407407406,-1.0900564636901062,0.5969083155419581,False,True,Meta-Llama-3.1-70B-Instruct|s0
RedHatAI/Meta-Llama-3.1-70B-Instruct-quantized.w8a8,llama-3,Meta-Llama-3.1-70B-Instruct,w8a8_int,math_lvl5,26.1,23.9,-2.2,-0.24657407407407406,-1.900705884449193,1.407557736301045,False,False,Meta-Llama-3.1-70B-Instruct|s0
RedHatAI/Meta-Llama-3.1-70B-Instruct-quantized.w8a8,llama-3,Meta-Llama-3.1-70B-Instruct,w8a8_int,humaneval,79.7,78.7,-1.0,-0.24657407407407406,-4.55111547198711,4.057967323838962,False,True,Meta-Llama-3.1-70B-Instruct|s0
RedHatAI/Meta-Llama-3.1-70B-Instruct-quantized.w8a8,llama-3,Meta-Llama-3.1-70B-Instruct,w8a8_int,humaneval_plus,74.8,74.0,-0.8,-0.24657407407407406,-4.892804864770272,4.3996567166221245,False,True,Meta-Llama-3.1-70B-Instruct|s0
RedHatAI/Meta-Llama-3.1-70B-Instruct-FP8-dynamic,llama-3,Meta-Llama-3.1-70B-Instruct,fp8_dynamic,arena_hard,57.0,57.9,0.9,-0.16322033898305086,-4.0004508655865605,3.674010187620459,False,True,Meta-Llama-3.1-70B-Instruct|s1
RedHatAI/Meta-Llama-3.1-70B-Instruct-FP8-dynamic,llama-3,Meta-Llama-3.1-70B-Instruct,fp8_dynamic,mmlu,83.8,83.8,0.0,-0.16322033898305086,-0.702105555505214,0.37566487753911226,False,True,Meta-Llama-3.1-70B-Instruct|s1
RedHatAI/Meta-Llama-3.1-70B-Instruct-FP8-dynamic,llama-3,Meta-Llama-3.1-70B-Instruct,fp8_dynamic,mmlu_cot,86.0,85.5,-0.5,-0.16322033898305086,-0.6707132690630939,0.34427259109699215,False,True,Meta-Llama-3.1-70B-Instruct|s1
RedHatAI/Meta-Llama-3.1-70B-Instruct-FP8-dynamic,llama-3,Meta-Llama-3.1-70B-Instruct,fp8_dynamic,arc_challenge,93.3,93.5,0.2,-0.16322033898305086,-1.428963690019524,1.1025230120534222,False,True,Meta-Llama-3.1-70B-Instruct|s1
RedHatAI/Meta-Llama-3.1-70B-Instruct-FP8-dynamic,llama-3,Meta-Llama-3.1-70B-Instruct,fp8_dynamic,gsm8k,94.9,94.5,-0.4,-0.16322033898305086,-1.2130698101812172,0.8866291322151154,False,True,Meta-Llama-3.1-70B-Instruct|s1
RedHatAI/Meta-Llama-3.1-70B-Instruct-FP8-dynamic,llama-3,Meta-Llama-3.1-70B-Instruct,fp8_dynamic,hellaswag,86.8,86.6,-0.2,-0.16322033898305086,-0.7486408803682628,0.42220020240216105,False,True,Meta-Llama-3.1-70B-Instruct|s1
RedHatAI/Meta-Llama-3.1-70B-Instruct-FP8-dynamic,llama-3,Meta-Llama-3.1-70B-Instruct,fp8_dynamic,winogrande,85.3,84.6,-0.7,-0.16322033898305086,-1.8873745724276085,1.5609338944615068,False,True,Meta-Llama-3.1-70B-Instruct|s1
RedHatAI/Meta-Llama-3.1-70B-Instruct-FP8-dynamic,llama-3,Meta-Llama-3.1-70B-Instruct,fp8_dynamic,truthfulqa,60.7,60.6,-0.1,-0.16322033898305086,-3.1247141527704176,2.798273474804316,False,True,Meta-Llama-3.1-70B-Instruct|s1
RedHatAI/Meta-Llama-3.1-70B-Instruct-FP8-dynamic,llama-3,Meta-Llama-3.1-70B-Instruct,fp8_dynamic,mmlu_pro,48.1,47.7,-0.4,-0.16322033898305086,-0.9526592756099302,0.6262185976438285,False,True,Meta-Llama-3.1-70B-Instruct|s1
RedHatAI/Meta-Llama-3.1-70B-Instruct-FP8-dynamic,llama-3,Meta-Llama-3.1-70B-Instruct,fp8_dynamic,ifeval,86.4,87.6,1.2,-0.16322033898305086,-2.717444038459822,2.39100336049372,False,True,Meta-Llama-3.1-70B-Instruct|s1
RedHatAI/Meta-Llama-3.1-70B-Instruct-FP8-dynamic,llama-3,Meta-Llama-3.1-70B-Instruct,fp8_dynamic,bbh,55.8,54.9,-0.9,-0.16322033898305086,-1.229903953297608,0.9034632753315062,False,True,Meta-Llama-3.1-70B-Instruct|s1
RedHatAI/Meta-Llama-3.1-70B-Instruct-FP8-dynamic,llama-3,Meta-Llama-3.1-70B-Instruct,fp8_dynamic,math_lvl5,26.1,28.0,1.9,-0.16322033898305086,-2.255066380779863,1.9286257028137612,False,True,Meta-Llama-3.1-70B-Instruct|s1
RedHatAI/Meta-Llama-3.1-70B-Instruct-FP8-dynamic,llama-3,Meta-Llama-3.1-70B-Instruct,fp8_dynamic,humaneval,79.7,80.0,0.3,-0.16322033898305086,-5.606823943300957,5.280383265334856,False,True,Meta-Llama-3.1-70B-Instruct|s1
RedHatAI/Meta-Llama-3.1-70B-Instruct-FP8-dynamic,llama-3,Meta-Llama-3.1-70B-Instruct,fp8_dynamic,humaneval_plus,74.8,75.0,0.2,-0.16322033898305086,-6.038930743577848,5.712490065611747,False,True,Meta-Llama-3.1-70B-Instruct|s1
RedHatAI/Meta-Llama-3.1-70B-Instruct-FP8,llama-3,Meta-Llama-3.1-70B-Instruct,fp8,mmlu,83.83,83.73,-0.1,-0.32,-0.5882408475296825,-0.05175915247031748,False,True,Meta-Llama-3.1-70B-Instruct|s1
RedHatAI/Meta-Llama-3.1-70B-Instruct-FP8,llama-3,Meta-Llama-3.1-70B-Instruct,fp8,mmlu_cot,86.01,85.44,-0.57,-0.32,-0.5727280815474199,-0.06727191845258007,False,True,Meta-Llama-3.1-70B-Instruct|s1
RedHatAI/Meta-Llama-3.1-70B-Instruct-FP8,llama-3,Meta-Llama-3.1-70B-Instruct,fp8,arc_challenge,93.26,92.92,-0.34,-0.32,-0.9522640689522524,0.3122640689522524,False,True,Meta-Llama-3.1-70B-Instruct|s1
RedHatAI/Meta-Llama-3.1-70B-Instruct-FP8,llama-3,Meta-Llama-3.1-70B-Instruct,fp8,gsm8k,94.92,94.54,-0.38,-0.32,-0.8420029737143551,0.2020029737143551,False,True,Meta-Llama-3.1-70B-Instruct|s1
RedHatAI/Meta-Llama-3.1-70B-Instruct-FP8,llama-3,Meta-Llama-3.1-70B-Instruct,fp8,hellaswag,86.75,86.64,-0.11,-0.32,-0.6120903615470561,-0.02790963845294392,False,True,Meta-Llama-3.1-70B-Instruct|s1
RedHatAI/Meta-Llama-3.1-70B-Instruct-FP8,llama-3,Meta-Llama-3.1-70B-Instruct,fp8,winogrande,85.32,85.95,0.63,-0.32,-1.1783902926965004,0.5383902926965005,False,False,Meta-Llama-3.1-70B-Instruct|s1
RedHatAI/Meta-Llama-3.1-70B-Instruct-FP8,llama-3,Meta-Llama-3.1-70B-Instruct,fp8,truthfulqa,60.68,60.84,0.16,-0.32,-1.795377534869493,1.1553775348694928,False,True,Meta-Llama-3.1-70B-Instruct|s1
RedHatAI/Meta-Llama-3.1-70B-Instruct-quantized.w4a16,llama-3,Meta-Llama-3.1-70B-Instruct,w4a16,arena_hard,57.0,57.0,0.0,-0.7092105263157894,-9.47395139957722,8.055530346945641,False,True,Meta-Llama-3.1-70B-Instruct|s1
RedHatAI/Meta-Llama-3.1-70B-Instruct-quantized.w4a16,llama-3,Meta-Llama-3.1-70B-Instruct,w4a16,mmlu,83.9,83.6,-0.3,-0.7092105263157894,-1.9370224919131762,0.5186014392815975,False,True,Meta-Llama-3.1-70B-Instruct|s1
RedHatAI/Meta-Llama-3.1-70B-Instruct-quantized.w4a16,llama-3,Meta-Llama-3.1-70B-Instruct,w4a16,mmlu_cot,86.2,85.6,-0.6,-0.7092105263157894,-1.8614191441026477,0.44299809147106906,False,True,Meta-Llama-3.1-70B-Instruct|s1
RedHatAI/Meta-Llama-3.1-70B-Instruct-quantized.w4a16,llama-3,Meta-Llama-3.1-70B-Instruct,w4a16,arc_challenge,93.3,92.8,-0.5,-0.7092105263157894,-3.600335364131552,2.1819143114999733,False,True,Meta-Llama-3.1-70B-Instruct|s1
RedHatAI/Meta-Llama-3.1-70B-Instruct-quantized.w4a16,llama-3,Meta-Llama-3.1-70B-Instruct,w4a16,gsm8k,95.4,94.4,-1.0,-0.7092105263157894,-2.992616499550757,1.5741954469191786,False,True,Meta-Llama-3.1-70B-Instruct|s1
RedHatAI/Meta-Llama-3.1-70B-Instruct-quantized.w4a16,llama-3,Meta-Llama-3.1-70B-Instruct,w4a16,hellaswag,86.7,86.3,-0.4,-0.7092105263157894,-2.050670405207467,0.6322493525758882,False,True,Meta-Llama-3.1-70B-Instruct|s1
RedHatAI/Meta-Llama-3.1-70B-Instruct-quantized.w4a16,llama-3,Meta-Llama-3.1-70B-Instruct,w4a16,winogrande,85.3,85.5,0.2,-0.7092105263157894,-4.647406310204303,3.2289852575727247,False,True,Meta-Llama-3.1-70B-Instruct|s1
RedHatAI/Meta-Llama-3.1-70B-Instruct-quantized.w4a16,llama-3,Meta-Llama-3.1-70B-Instruct,w4a16,truthfulqa,60.7,59.8,-0.9,-0.7092105263157894,-7.473653187671445,6.055232135039866,False,True,Meta-Llama-3.1-70B-Instruct|s1
RedHatAI/Meta-Llama-3.1-70B-Instruct-quantized.w4a16,llama-3,Meta-Llama-3.1-70B-Instruct,w4a16,mmlu_pro,48.1,47.3,-0.8,-0.7092105263157894,-2.5123932297855602,1.0939721771539817,False,True,Meta-Llama-3.1-70B-Instruct|s1
RedHatAI/Meta-Llama-3.1-70B-Instruct-quantized.w4a16,llama-3,Meta-Llama-3.1-70B-Instruct,w4a16,ifeval,86.4,85.7,-0.7,-0.7092105263157894,-6.54339450432996,5.124973451698381,False,True,Meta-Llama-3.1-70B-Instruct|s1
RedHatAI/Meta-Llama-3.1-70B-Instruct-quantized.w4a16,llama-3,Meta-Llama-3.1-70B-Instruct,w4a16,bbh,55.8,55.0,-0.8,-0.7092105263157894,-3.1456566580774887,1.7272356054459101,False,True,Meta-Llama-3.1-70B-Instruct|s1
RedHatAI/Meta-Llama-3.1-70B-Instruct-quantized.w4a16,llama-3,Meta-Llama-3.1-70B-Instruct,w4a16,math_lvl5,26.1,24.4,-1.7,-0.7092105263157894,-5.487262920091378,4.068841867459798,False,True,Meta-Llama-3.1-70B-Instruct|s1
RedHatAI/Meta-Llama-3.1-70B-Instruct-quantized.w4a16,llama-3,Meta-Llama-3.1-70B-Instruct,w4a16,humaneval,79.7,80.5,0.8,-0.7092105263157894,-13.143119481697225,11.724698429065645,False,True,Meta-Llama-3.1-70B-Instruct|s1
RedHatAI/Meta-Llama-3.1-70B-Instruct-quantized.w4a16,llama-3,Meta-Llama-3.1-70B-Instruct,w4a16,humaneval_plus,74.8,74.2,-0.6,-0.7092105263157894,-14.130108433167226,12.711687380535647,False,True,Meta-Llama-3.1-70B-Instruct|s1
RedHatAI/Meta-Llama-3.1-70B-Instruct-quantized.w8a16,llama-3,Meta-Llama-3.1-70B-Instruct,w8a16,mmlu,83.94,81.37,-2.57,0.053461538461538456,-0.17914668306312007,0.286069759986197,False,False,Meta-Llama-3.1-70B-Instruct|s1
RedHatAI/Meta-Llama-3.1-70B-Instruct-quantized.w8a16,llama-3,Meta-Llama-3.1-70B-Instruct,w8a16,mmlu_cot,86.23,83.86,-2.37,0.053461538461538456,-0.16484360643631285,0.27176668335938975,False,False,Meta-Llama-3.1-70B-Instruct|s1
RedHatAI/Meta-Llama-3.1-70B-Instruct-quantized.w8a16,llama-3,Meta-Llama-3.1-70B-Instruct,w8a16,arc_challenge,93.34,92.32,-1.02,0.053461538461538456,-0.4932893522724734,0.6002124291955503,False,False,Meta-Llama-3.1-70B-Instruct|s1
RedHatAI/Meta-Llama-3.1-70B-Instruct-quantized.w8a16,llama-3,Meta-Llama-3.1-70B-Instruct,w8a16,gsm8k,95.38,92.34,-3.04,0.053461538461538456,-0.38045833506877097,0.48738141199184787,False,False,Meta-Llama-3.1-70B-Instruct|s1
RedHatAI/Meta-Llama-3.1-70B-Instruct-quantized.w8a16,llama-3,Meta-Llama-3.1-70B-Instruct,w8a16,hellaswag,86.66,86.01,-0.65,0.053461538461538456,-0.20125634703410678,0.3081794239571837,False,False,Meta-Llama-3.1-70B-Instruct|s1
RedHatAI/Meta-Llama-3.1-70B-Instruct-quantized.w8a16,llama-3,Meta-Llama-3.1-70B-Instruct,w8a16,winogrande,85.32,85.56,0.24,0.053461538461538456,-0.6929570321501572,0.7998801090732341,False,True,Meta-Llama-3.1-70B-Instruct|s1
RedHatAI/Meta-Llama-3.1-70B-Instruct-quantized.w8a16,llama-3,Meta-Llama-3.1-70B-Instruct,w8a16,truthfulqa,60.65,59.39,-1.26,0.053461538461538456,-1.2296341182856052,1.336557195208682,False,False,Meta-Llama-3.1-70B-Instruct|s1
RedHatAI/Meta-Llama-3.1-70B-Instruct-quantized.w8a8,llama-3,Meta-Llama-3.1-70B-Instruct,w8a8_int,arena_hard,57.0,56.3,-0.7,-0.3464347826086957,-2.694905684735459,2.002036119518068,False,True,Meta-Llama-3.1-70B-Instruct|s1
RedHatAI/Meta-Llama-3.1-70B-Instruct-quantized.w8a8,llama-3,Meta-Llama-3.1-70B-Instruct,w8a8_int,mmlu,83.9,83.7,-0.2,-0.3464347826086957,-0.6754211971740317,-0.017448368043359697,False,True,Meta-Llama-3.1-70B-Instruct|s1
RedHatAI/Meta-Llama-3.1-70B-Instruct-quantized.w8a8,llama-3,Meta-Llama-3.1-70B-Instruct,w8a8_int,mmlu_cot,86.2,85.8,-0.4,-0.3464347826086957,-0.6551636373666387,-0.03770592785075272,False,True,Meta-Llama-3.1-70B-Instruct|s1
RedHatAI/Meta-Llama-3.1-70B-Instruct-quantized.w8a8,llama-3,Meta-Llama-3.1-70B-Instruct,w8a8_int,arc_challenge,93.3,93.1,-0.2,-0.3464347826086957,-1.121098021853984,0.42822845663659265,False,True,Meta-Llama-3.1-70B-Instruct|s1
RedHatAI/Meta-Llama-3.1-70B-Instruct-quantized.w8a8,llama-3,Meta-Llama-3.1-70B-Instruct,w8a8_int,gsm8k,95.4,94.2,-1.2,-0.3464347826086957,-0.9582626236626357,0.26539305844524425,False,False,Meta-Llama-3.1-70B-Instruct|s1
RedHatAI/Meta-Llama-3.1-70B-Instruct-quantized.w8a8,llama-3,Meta-Llama-3.1-70B-Instruct,w8a8_int,hellaswag,86.7,86.7,0.0,-0.3464347826086957,-0.7058726185358764,0.013003053318485003,False,True,Meta-Llama-3.1-70B-Instruct|s1
RedHatAI/Meta-Llama-3.1-70B-Instruct-quantized.w8a8,llama-3,Meta-Llama-3.1-70B-Instruct,w8a8_int,winogrande,85.1,85.3,0.2,-0.3464347826086957,-1.4075636683513426,0.7146941031339511,False,True,Meta-Llama-3.1-70B-Instruct|s1
RedHatAI/Meta-Llama-3.1-70B-Instruct-quantized.w8a8,llama-3,Meta-Llama-3.1-70B-Instruct,w8a8_int,truthfulqa,60.7,61.4,0.7,-0.3464347826086957,-2.1589352305982477,1.4660656653808561,False,True,Meta-Llama-3.1-70B-Instruct|s1
RedHatAI/Meta-Llama-3.1-70B-Instruct-quantized.w8a8,llama-3,Meta-Llama-3.1-70B-Instruct,w8a8_int,mmlu_pro,48.1,47.1,-1.0,-0.3464347826086957,-0.8295890676641596,0.13671950244676823,False,False,Meta-Llama-3.1-70B-Instruct|s1
RedHatAI/Meta-Llama-3.1-70B-Instruct-quantized.w8a8,llama-3,Meta-Llama-3.1-70B-Instruct,w8a8_int,ifeval,86.4,86.6,0.2,-0.3464347826086957,-1.9096768120244545,1.216807246807063,False,True,Meta-Llama-3.1-70B-Instruct|s1
RedHatAI/Meta-Llama-3.1-70B-Instruct-quantized.w8a8,llama-3,Meta-Llama-3.1-70B-Instruct,w8a8_int,bbh,55.8,55.2,-0.6,-0.3464347826086957,-0.9992690109995788,0.3063994457821874,False,True,Meta-Llama-3.1-70B-Instruct|s1
RedHatAI/Meta-Llama-3.1-70B-Instruct-quantized.w8a8,llama-3,Meta-Llama-3.1-70B-Instruct,w8a8_int,math_lvl5,26.1,23.9,-2.2,-0.3464347826086957,-1.6266913444257514,0.9338217792083598,False,False,Meta-Llama-3.1-70B-Instruct|s1
RedHatAI/Meta-Llama-3.1-70B-Instruct-quantized.w8a8,llama-3,Meta-Llama-3.1-70B-Instruct,w8a8_int,humaneval,79.7,78.7,-1.0,-0.3464347826086957,-3.6780419349078683,2.9851723696904773,False,True,Meta-Llama-3.1-70B-Instruct|s1
RedHatAI/Meta-Llama-3.1-70B-Instruct-quantized.w8a8,llama-3,Meta-Llama-3.1-70B-Instruct,w8a8_int,humaneval_plus,74.8,74.0,-0.8,-0.3464347826086957,-3.9425009607667114,3.2496313955493203,False,True,Meta-Llama-3.1-70B-Instruct|s1
RedHatAI/Meta-Llama-3.1-70B-Instruct-FP8-dynamic,llama-3,Meta-Llama-3.1-70B-Instruct,fp8_dynamic,arena_hard,57.0,57.9,0.9,0.08917355371900827,-3.323878222691693,3.5022253301297095,False,True,Meta-Llama-3.1-70B-Instruct|s2
RedHatAI/Meta-Llama-3.1-70B-Instruct-FP8-dynamic,llama-3,Meta-Llama-3.1-70B-Instruct,fp8_dynamic,mmlu,83.8,83.8,0.0,0.08917355371900827,-0.39014170575809803,0.5684888131961146,False,True,Meta-Llama-3.1-70B-Instruct|s2
RedHatAI/Meta-Llama-3.1-70B-Instruct-FP8-dynamic,llama-3,Meta-Llama-3.1-70B-Instruct,fp8_dynamic,mmlu_cot,86.0,85.5,-0.5,0.08917355371900827,-0.3622196150043509,0.5405667224423675,False,False,Meta-Llama-3.1-70B-Instruct|s2
RedHatAI/Meta-Llama-3.1-70B-Instruct-FP8-dynamic,llama-3,Meta-Llama-3.1-70B-Instruct,fp8_dynamic,arc_challenge,93.3,93.5,0.2,0.08917355371900827,-1.0366508039223137,1.2149979113603304,False,True,Meta-Llama-3.1-70B-Instruct|s2
RedHatAI/Meta-Llama-3.1-70B-Instruct-FP8-dynamic,llama-3,Meta-Llama-3.1-70B-Instruct,fp8_dynamic,gsm8k,94.9,94.5,-0.4,0.08917355371900827,-0.8446224686451643,1.022969576083181,False,True,Meta-Llama-3.1-70B-Instruct|s2
RedHatAI/Meta-Llama-3.1-70B-Instruct-FP8-dynamic,llama-3,Meta-Llama-3.1-70B-Instruct,fp8_dynamic,hellaswag,86.8,86.6,-0.2,0.08917355371900827,-0.4315328789202334,0.6098799863582499,False,True,Meta-Llama-3.1-70B-Instruct|s2
RedHatAI/Meta-Llama-3.1-70B-Instruct-FP8-dynamic,llama-3,Meta-Llama-3.1-70B-Instruct,fp8_dynamic,winogrande,85.3,84.6,-0.7,0.08917355371900827,-1.444387598905487,1.6227347063435038,False,True,Meta-Llama-3.1-70B-Instruct|s2
RedHatAI/Meta-Llama-3.1-70B-Instruct-FP8-dynamic,llama-3,Meta-Llama-3.1-70B-Instruct,fp8_dynamic,truthfulqa,60.7,60.6,-0.1,0.08917355371900827,-2.544948022219522,2.7232951296575383,False,True,Meta-Llama-3.1-70B-Instruct|s2
RedHatAI/Meta-Llama-3.1-70B-Instruct-FP8-dynamic,llama-3,Meta-Llama-3.1-70B-Instruct,fp8_dynamic,mmlu_pro,48.1,47.7,-0.4,0.08917355371900827,-0.6129984806015532,0.7913455880395697,False,True,Meta-Llama-3.1-70B-Instruct|s2
RedHatAI/Meta-Llama-3.1-70B-Instruct-FP8-dynamic,llama-3,Meta-Llama-3.1-70B-Instruct,fp8_dynamic,ifeval,86.4,87.6,1.2,0.08917355371900827,-2.1826987443901955,2.361045851828212,False,True,Meta-Llama-3.1-70B-Instruct|s2
RedHatAI/Meta-Llama-3.1-70B-Instruct-FP8-dynamic,llama-3,Meta-Llama-3.1-70B-Instruct,fp8_dynamic,bbh,55.8,54.9,-0.9,0.08917355371900827,-0.8595957160613433,1.03794282349936,False,False,Meta-Llama-3.1-70B-Instruct|s2
RedHatAI/Meta-Llama-3.1-70B-Instruct-FP8-dynamic,llama-3,Meta-Llama-3.1-70B-Instruct,fp8_dynamic,math_lvl5,26.1,28.0,1.9,0.08917355371900827,-1.771433673142558,1.9497807805805747,False,True,Meta-Llama-3.1-70B-Instruct|s2
RedHatAI/Meta-Llama-3.1-70B-Instruct-FP8-dynamic,llama-3,Meta-Llama-3.1-70B-Instruct,fp8_dynamic,humaneval,79.7,80.0,0.3,0.08917355371900827,-4.752678095011158,4.931025202449174,False,True,Meta-Llama-3.1-70B-Instruct|s2
RedHatAI/Meta-Llama-3.1-70B-Instruct-FP8-dynamic,llama-3,Meta-Llama-3.1-70B-Instruct,fp8_dynamic,humaneval_plus,74.8,75.0,0.2,0.08917355371900827,-5.137018538479274,5.31536564591729,False,True,Meta-Llama-3.1-70B-Instruct|s2
RedHatAI/Meta-Llama-3.1-70B-Instruct-FP8,llama-3,Meta-Llama-3.1-70B-Instruct,fp8,mmlu,83.83,83.73,-0.1,-0.35253731343283584,-0.935791364618028,0.2307167377523564,True,True,Meta-Llama-3.1-70B-Instruct|s2
RedHatAI/Meta-Llama-3.1-70B-Instruct-FP8,llama-3,Meta-Llama-3.1-70B-Instruct,fp8,mmlu_cot,86.01,85.44,-0.57,-0.35253731343283584,-0.9020609179408445,0.1969862910751729,True,True,Meta-Llama-3.1-70B-Instruct|s2
RedHatAI/Meta-Llama-3.1-70B-Instruct-FP8,llama-3,Meta-Llama-3.1-70B-Instruct,fp8,arc_challenge,93.26,92.92,-0.34,-0.35253731343283584,-1.7273114503003695,1.022236823434698,True,True,Meta-Llama-3.1-70B-Instruct|s2
RedHatAI/Meta-Llama-3.1-70B-Instruct-FP8,llama-3,Meta-Llama-3.1-70B-Instruct,fp8,gsm8k,94.92,94.54,-0.38,-0.35253731343283584,-1.4875633616782458,0.7824887348125742,True,True,Meta-Llama-3.1-70B-Instruct|s2
RedHatAI/Meta-Llama-3.1-70B-Instruct-FP8,llama-3,Meta-Llama-3.1-70B-Instruct,fp8,hellaswag,86.75,86.64,-0.11,-0.35253731343283584,-0.9876489612426134,0.28257433437694174,True,True,Meta-Llama-3.1-70B-Instruct|s2
RedHatAI/Meta-Llama-3.1-70B-Instruct-FP8,llama-3,Meta-Llama-3.1-70B-Instruct,fp8,winogrande,85.32,85.95,0.63,-0.35253731343283584,-2.21899285263954,1.5139182257738681,True,True,Meta-Llama-3.1-70B-Instruct|s2
RedHatAI/Meta-Llama-3.1-70B-Instruct-FP8,llama-3,Meta-Llama-3.1-70B-Instruct,fp8,truthfulqa,60.68,60.84,0.16,-0.35253731343283584,-3.560549561250656,2.855474934384984,True,True,Meta-Llama-3.1-70B-Instruct|s2
RedHatAI/Meta-Llama-3.1-70B-Instruct-quantized.w4a16,llama-3,Meta-Llama-3.1-70B-Instruct,w4a16,arena_hard,57.0,57.0,0.0,-0.7521487603305785,-5.239255182076869,3.7349576614157116,False,True,Meta-Llama-3.1-70B-Instruct|s2
RedHatAI/Meta-Llama-3.1-70B-Instruct-quantized.w4a16,llama-3,Meta-Llama-3.1-70B-Instruct,w4a16,mmlu,83.9,83.6,-0.3,-0.7521487603305785,-1.3807267223255812,-0.12357079833557583,False,True,Meta-Llama-3.1-70B-Instruct|s2
RedHatAI/Meta-Llama-3.1-70B-Instruct-quantized.w4a16,llama-3,Meta-Llama-3.1-70B-Instruct,w4a16,mmlu_cot,86.2,85.6,-0.6,-0.7521487603305785,-1.3420216114305108,-0.16227590923064628,False,True,Meta-Llama-3.1-70B-Instruct|s2
RedHatAI/Meta-Llama-3.1-70B-Instruct-quantized.w4a16,llama-3,Meta-Llama-3.1-70B-Instruct,w4a16,arc_challenge,93.3,92.8,-0.5,-0.7521487603305785,-2.232259240882188,0.7279617202210311,False,True,Meta-Llama-3.1-70B-Instruct|s2
RedHatAI/Meta-Llama-3.1-70B-Instruct-quantized.w4a16,llama-3,Meta-Llama-3.1-70B-Instruct,w4a16,gsm8k,95.4,94.4,-1.0,-0.7521487603305785,-1.9211377531727465,0.4168402325115894,False,True,Meta-Llama-3.1-70B-Instruct|s2
RedHatAI/Meta-Llama-3.1-70B-Instruct-quantized.w4a16,llama-3,Meta-Llama-3.1-70B-Instruct,w4a16,hellaswag,86.7,86.3,-0.4,-0.7521487603305785,-1.4389087369378535,-0.06538878372330359,False,True,Meta-Llama-3.1-70B-Instruct|s2
RedHatAI/Meta-Llama-3.1-70B-Instruct-quantized.w4a16,llama-3,Meta-Llama-3.1-70B-Instruct,w4a16,winogrande,85.3,85.5,0.2,-0.7521487603305785,-2.7683068929559824,1.2640093722948254,False,True,Meta-Llama-3.1-70B-Instruct|s2
RedHatAI/Meta-Llama-3.1-70B-Instruct-quantized.w4a16,llama-3,Meta-Llama-3.1-70B-Instruct,w4a16,truthfulqa,60.7,59.8,-0.9,-0.7521487603305785,-4.21520312145843,2.7109056007972723,False,True,Meta-Llama-3.1-70B-Instruct|s2
RedHatAI/Meta-Llama-3.1-70B-Instruct-quantized.w4a16,llama-3,Meta-Llama-3.1-70B-Instruct,w4a16,mmlu_pro,48.1,47.3,-0.8,-0.7521487603305785,-1.67528759641465,0.170990075753493,False,True,Meta-Llama-3.1-70B-Instruct|s2
RedHatAI/Meta-Llama-3.1-70B-Instruct-quantized.w4a16,llama-3,Meta-Llama-3.1-70B-Instruct,w4a16,ifeval,86.4,85.7,-0.7,-0.7521487603305785,-3.738957471727819,2.234659951066662,False,True,Meta-Llama-3.1-70B-Instruct|s2
RedHatAI/Meta-Llama-3.1-70B-Instruct-quantized.w4a16,llama-3,Meta-Llama-3.1-70B-Instruct,w4a16,bbh,55.8,55.0,-0.8,-0.7521487603305785,-1.9994866157392717,0.4951890950781146,False,True,Meta-Llama-3.1-70B-Instruct|s2
RedHatAI/Meta-Llama-3.1-70B-Instruct-quantized.w4a16,llama-3,Meta-Llama-3.1-70B-Instruct,w4a16,math_lvl5,26.1,24.4,-1.7,-0.7521487603305785,-3.19827122870343,1.693973708042273,False,True,Meta-Llama-3.1-70B-Instruct|s2
RedHatAI/Meta-Llama-3.1-70B-Instruct-quantized.w4a16,llama-3,Meta-Llama-3.1-70B-Instruct,w4a16,humaneval,79.7,80.5,0.8,-0.7521487603305785,-7.1176846646841305,5.613387144022974,False,True,Meta-Llama-3.1-70B-Instruct|s2
RedHatAI/Meta-Llama-3.1-70B-Instruct-quantized.w4a16,llama-3,Meta-Llama-3.1-70B-Instruct,w4a16,humaneval_plus,74.8,74.2,-0.6,-0.7521487603305785,-7.6229733579122865,6.11867583725113,False,True,Meta-Llama-3.1-70B-Instruct|s2
RedHatAI/Meta-Llama-3.1-70B-Instruct-quantized.w8a16,llama-3,Meta-Llama-3.1-70B-Instruct,w8a16,mmlu,83.94,81.37,-2.57,0.02470588235294117,-0.40920893548335724,0.4586207001892396,False,False,Meta-Llama-3.1-70B-Instruct|s2
RedHatAI/Meta-Llama-3.1-70B-Instruct-quantized.w8a16,llama-3,Meta-Llama-3.1-70B-Instruct,w8a16,mmlu_cot,86.23,83.86,-2.37,0.02470588235294117,-0.38252751877186,0.43193928347774235,False,False,Meta-Llama-3.1-70B-Instruct|s2
RedHatAI/Meta-Llama-3.1-70B-Instruct-quantized.w8a16,llama-3,Meta-Llama-3.1-70B-Instruct,w8a16,arc_challenge,93.34,92.32,-1.02,0.02470588235294117,-0.9952207204113244,1.0446324851172066,False,False,Meta-Llama-3.1-70B-Instruct|s2
RedHatAI/Meta-Llama-3.1-70B-Instruct-quantized.w8a16,llama-3,Meta-Llama-3.1-70B-Instruct,w8a16,gsm8k,95.38,92.34,-3.04,0.02470588235294117,-0.78474213132569,0.8341538960315723,False,False,Meta-Llama-3.1-70B-Instruct|s2
RedHatAI/Meta-Llama-3.1-70B-Instruct-quantized.w8a16,llama-3,Meta-Llama-3.1-70B-Instruct,w8a16,hellaswag,86.66,86.01,-0.65,0.02470588235294117,-0.4504530099683833,0.49986477467426566,False,False,Meta-Llama-3.1-70B-Instruct|s2
RedHatAI/Meta-Llama-3.1-70B-Instruct-quantized.w8a16,llama-3,Meta-Llama-3.1-70B-Instruct,w8a16,winogrande,85.32,85.56,0.24,0.02470588235294117,-1.3676871980535905,1.4170989627594728,False,True,Meta-Llama-3.1-70B-Instruct|s2
RedHatAI/Meta-Llama-3.1-70B-Instruct-quantized.w8a16,llama-3,Meta-Llama-3.1-70B-Instruct,w8a16,truthfulqa,60.65,59.39,-1.26,0.02470588235294117,-2.3688218034471142,2.418233568152997,False,True,Meta-Llama-3.1-70B-Instruct|s2
RedHatAI/Meta-Llama-3.1-70B-Instruct-quantized.w8a8,llama-3,Meta-Llama-3.1-70B-Instruct,w8a8_int,arena_hard,57.0,56.3,-0.7,-0.2396521739130435,-4.1650346728712755,3.6857303250451885,False,True,Meta-Llama-3.1-70B-Instruct|s2
RedHatAI/Meta-Llama-3.1-70B-Instruct-quantized.w8a8,llama-3,Meta-Llama-3.1-70B-Instruct,w8a8_int,mmlu,83.9,83.7,-0.2,-0.2396521739130435,-0.789540832512264,0.31023648468617704,False,True,Meta-Llama-3.1-70B-Instruct|s2
RedHatAI/Meta-Llama-3.1-70B-Instruct-quantized.w8a8,llama-3,Meta-Llama-3.1-70B-Instruct,w8a8_int,mmlu_cot,86.2,85.8,-0.4,-0.2396521739130435,-0.755681068413195,0.27637672058710805,False,True,Meta-Llama-3.1-70B-Instruct|s2
RedHatAI/Meta-Llama-3.1-70B-Instruct-quantized.w8a8,llama-3,Meta-Llama-3.1-70B-Instruct,w8a8_int,arc_challenge,93.3,93.1,-0.2,-0.2396521739130435,-1.534473207959482,1.055168860133395,False,True,Meta-Llama-3.1-70B-Instruct|s2
RedHatAI/Meta-Llama-3.1-70B-Instruct-quantized.w8a8,llama-3,Meta-Llama-3.1-70B-Instruct,w8a8_int,gsm8k,95.4,94.2,-1.2,-0.2396521739130435,-1.2622998454143617,0.7829954975882747,False,True,Meta-Llama-3.1-70B-Instruct|s2
RedHatAI/Meta-Llama-3.1-70B-Instruct-quantized.w8a8,llama-3,Meta-Llama-3.1-70B-Instruct,w8a8_int,hellaswag,86.7,86.7,0.0,-0.2396521739130435,-0.840439260239829,0.36113491241374196,False,True,Meta-Llama-3.1-70B-Instruct|s2
RedHatAI/Meta-Llama-3.1-70B-Instruct-quantized.w8a8,llama-3,Meta-Llama-3.1-70B-Instruct,w8a8_int,winogrande,85.1,85.3,0.2,-0.2396521739130435,-2.013289970941368,1.533985623115281,False,True,Meta-Llama-3.1-70B-Instruct|s2
RedHatAI/Meta-Llama-3.1-70B-Instruct-quantized.w8a8,llama-3,Meta-Llama-3.1-70B-Instruct,w8a8_int,truthfulqa,60.7,61.4,0.7,-0.2396521739130435,-3.2691798259052622,2.7898754780791752,False,True,Meta-Llama-3.1-70B-Instruct|s2
RedHatAI/Meta-Llama-3.1-70B-Instruct-quantized.w8a8,llama-3,Meta-Llama-3.1-70B-Instruct,w8a8_int,mmlu_pro,48.1,47.1,-1.0,-0.2396521739130435,-1.0472267421718517,0.5679223943457647,False,True,Meta-Llama-3.1-70B-Instruct|s2
RedHatAI/Meta-Llama-3.1-70B-Instruct-quantized.w8a8,llama-3,Meta-Llama-3.1-70B-Instruct,w8a8_int,ifeval,86.4,86.6,0.2,-0.2396521739130435,-2.8525535721579804,2.3732492243318934,False,True,Meta-Llama-3.1-70B-Instruct|s2
RedHatAI/Meta-Llama-3.1-70B-Instruct-quantized.w8a8,llama-3,Meta-Llama-3.1-70B-Instruct,w8a8_int,bbh,55.8,55.2,-0.6,-0.2396521739130435,-1.3308405094916425,0.8515361616655555,False,True,Meta-Llama-3.1-70B-Instruct|s2
RedHatAI/Meta-Llama-3.1-70B-Instruct-quantized.w8a8,llama-3,Meta-Llama-3.1-70B-Instruct,w8a8_int,math_lvl5,26.1,23.9,-2.2,-0.2396521739130435,-2.3795537998527316,1.9002494520266446,False,True,Meta-Llama-3.1-70B-Instruct|s2
RedHatAI/Meta-Llama-3.1-70B-Instruct-quantized.w8a8,llama-3,Meta-Llama-3.1-70B-Instruct,w8a8_int,humaneval,79.7,78.7,-1.0,-0.2396521739130435,-5.808310655990052,5.329006308163965,False,True,Meta-Llama-3.1-70B-Instruct|s2
RedHatAI/Meta-Llama-3.1-70B-Instruct-quantized.w8a8,llama-3,Meta-Llama-3.1-70B-Instruct,w8a8_int,humaneval_plus,74.8,74.0,-0.8,-0.2396521739130435,-6.250344164200754,5.771039816374667,False,True,Meta-Llama-3.1-70B-Instruct|s2
RedHatAI/Meta-Llama-3.1-70B-Instruct-FP8-dynamic,llama-3,Meta-Llama-3.1-70B-Instruct,fp8_dynamic,arena_hard,57.0,57.9,0.9,-0.0923015873015873,-3.0148566347736283,2.8302534601704536,False,True,Meta-Llama-3.1-70B-Instruct|s3
RedHatAI/Meta-Llama-3.1-70B-Instruct-FP8-dynamic,llama-3,Meta-Llama-3.1-70B-Instruct,fp8_dynamic,mmlu,83.8,83.8,0.0,-0.0923015873015873,-0.502733459620955,0.3181302850177804,False,True,Meta-Llama-3.1-70B-Instruct|s3
RedHatAI/Meta-Llama-3.1-70B-Instruct-FP8-dynamic,llama-3,Meta-Llama-3.1-70B-Instruct,fp8_dynamic,mmlu_cot,86.0,85.5,-0.5,-0.0923015873015873,-0.47882411027198213,0.29422093566880747,False,False,Meta-Llama-3.1-70B-Instruct|s3
RedHatAI/Meta-Llama-3.1-70B-Instruct-FP8-dynamic,llama-3,Meta-Llama-3.1-70B-Instruct,fp8_dynamic,arc_challenge,93.3,93.5,0.2,-0.0923015873015873,-1.056331398314828,0.8717282237116534,False,True,Meta-Llama-3.1-70B-Instruct|s3
RedHatAI/Meta-Llama-3.1-70B-Instruct-FP8-dynamic,llama-3,Meta-Llama-3.1-70B-Instruct,fp8_dynamic,gsm8k,94.9,94.5,-0.4,-0.0923015873015873,-0.8918998522126824,0.7072966776095078,False,True,Meta-Llama-3.1-70B-Instruct|s3
RedHatAI/Meta-Llama-3.1-70B-Instruct-FP8-dynamic,llama-3,Meta-Llama-3.1-70B-Instruct,fp8_dynamic,hellaswag,86.8,86.6,-0.2,-0.0923015873015873,-0.5381762216915037,0.35357304708832904,False,True,Meta-Llama-3.1-70B-Instruct|s3
RedHatAI/Meta-Llama-3.1-70B-Instruct-FP8-dynamic,llama-3,Meta-Llama-3.1-70B-Instruct,fp8_dynamic,winogrande,85.3,84.6,-0.7,-0.0923015873015873,-1.4054714952961034,1.2208683206929287,False,True,Meta-Llama-3.1-70B-Instruct|s3
RedHatAI/Meta-Llama-3.1-70B-Instruct-FP8-dynamic,llama-3,Meta-Llama-3.1-70B-Instruct,fp8_dynamic,truthfulqa,60.7,60.6,-0.1,-0.0923015873015873,-2.3478681042297485,2.163264929626574,False,True,Meta-Llama-3.1-70B-Instruct|s3
RedHatAI/Meta-Llama-3.1-70B-Instruct-FP8-dynamic,llama-3,Meta-Llama-3.1-70B-Instruct,fp8_dynamic,mmlu_pro,48.1,47.7,-0.4,-0.0923015873015873,-0.6935630264864845,0.5089598518833098,False,True,Meta-Llama-3.1-70B-Instruct|s3
RedHatAI/Meta-Llama-3.1-70B-Instruct-FP8-dynamic,llama-3,Meta-Llama-3.1-70B-Instruct,fp8_dynamic,ifeval,86.4,87.6,1.2,-0.0923015873015873,-2.0376784192444934,1.853075244641319,False,True,Meta-Llama-3.1-70B-Instruct|s3
RedHatAI/Meta-Llama-3.1-70B-Instruct-FP8-dynamic,llama-3,Meta-Llama-3.1-70B-Instruct,fp8_dynamic,bbh,55.8,54.9,-0.9,-0.0923015873015873,-0.9047212632781839,0.7201180886750093,False,True,Meta-Llama-3.1-70B-Instruct|s3
RedHatAI/Meta-Llama-3.1-70B-Instruct-FP8-dynamic,llama-3,Meta-Llama-3.1-70B-Instruct,fp8_dynamic,math_lvl5,26.1,28.0,1.9,-0.0923015873015873,-1.685517101877154,1.5009139272739793,False,False,Meta-Llama-3.1-70B-Instruct|s3
RedHatAI/Meta-Llama-3.1-70B-Instruct-FP8-dynamic,llama-3,Meta-Llama-3.1-70B-Instruct,fp8_dynamic,humaneval,79.7,80.0,0.3,-0.0923015873015873,-4.238320722700837,4.053717548097663,False,True,Meta-Llama-3.1-70B-Instruct|s3
RedHatAI/Meta-Llama-3.1-70B-Instruct-FP8-dynamic,llama-3,Meta-Llama-3.1-70B-Instruct,fp8_dynamic,humaneval_plus,74.8,75.0,0.2,-0.0923015873015873,-4.567426806226662,4.382823631623488,False,True,Meta-Llama-3.1-70B-Instruct|s3
RedHatAI/Meta-Llama-3.1-70B-Instruct-FP8,llama-3,Meta-Llama-3.1-70B-Instruct,fp8,mmlu,83.83,83.73,-0.1,-0.29375,-0.9027235752013496,0.3152235752013495,False,True,Meta-Llama-3.1-70B-Instruct|s3
RedHatAI/Meta-Llama-3.1-70B-Instruct-FP8,llama-3,Meta-Llama-3.1-70B-Instruct,fp8,mmlu_cot,86.01,85.44,-0.57,-0.29375,-0.8675057303112832,0.2800057303112831,False,True,Meta-Llama-3.1-70B-Instruct|s3
RedHatAI/Meta-Llama-3.1-70B-Instruct-FP8,llama-3,Meta-Llama-3.1-70B-Instruct,fp8,arc_challenge,93.26,92.92,-0.34,-0.29375,-1.7291470101388067,1.1416470101388068,False,True,Meta-Llama-3.1-70B-Instruct|s3
RedHatAI/Meta-Llama-3.1-70B-Instruct-FP8,llama-3,Meta-Llama-3.1-70B-Instruct,fp8,gsm8k,94.92,94.54,-0.38,-0.29375,-1.4788268445450534,0.8913268445450535,False,True,Meta-Llama-3.1-70B-Instruct|s3
RedHatAI/Meta-Llama-3.1-70B-Instruct-FP8,llama-3,Meta-Llama-3.1-70B-Instruct,fp8,hellaswag,86.75,86.64,-0.11,-0.29375,-0.9568679158255624,0.36936791582556244,False,True,Meta-Llama-3.1-70B-Instruct|s3
RedHatAI/Meta-Llama-3.1-70B-Instruct-FP8,llama-3,Meta-Llama-3.1-70B-Instruct,fp8,winogrande,85.32,85.95,0.63,-0.29375,-2.2425098934896623,1.6550098934896622,False,True,Meta-Llama-3.1-70B-Instruct|s3
RedHatAI/Meta-Llama-3.1-70B-Instruct-FP8,llama-3,Meta-Llama-3.1-70B-Instruct,fp8,truthfulqa,60.68,60.84,0.16,-0.29375,-3.6432246995302724,3.055724699530272,False,True,Meta-Llama-3.1-70B-Instruct|s3
RedHatAI/Meta-Llama-3.1-70B-Instruct-quantized.w4a16,llama-3,Meta-Llama-3.1-70B-Instruct,w4a16,arena_hard,57.0,57.0,0.0,-0.718939393939394,-10.027226978281416,8.589348190402628,False,True,Meta-Llama-3.1-70B-Instruct|s3
RedHatAI/Meta-Llama-3.1-70B-Instruct-quantized.w4a16,llama-3,Meta-Llama-3.1-70B-Instruct,w4a16,mmlu,83.9,83.6,-0.3,-0.718939393939394,-2.0228943015103207,0.5850155136315325,False,True,Meta-Llama-3.1-70B-Instruct|s3
RedHatAI/Meta-Llama-3.1-70B-Instruct-quantized.w4a16,llama-3,Meta-Llama-3.1-70B-Instruct,w4a16,mmlu_cot,86.2,85.6,-0.6,-0.718939393939394,-1.9426024008214677,0.5047236129426798,False,True,Meta-Llama-3.1-70B-Instruct|s3
RedHatAI/Meta-Llama-3.1-70B-Instruct-quantized.w4a16,llama-3,Meta-Llama-3.1-70B-Instruct,w4a16,arc_challenge,93.3,92.8,-0.5,-0.718939393939394,-3.7893577693099534,2.351478981431166,False,True,Meta-Llama-3.1-70B-Instruct|s3
RedHatAI/Meta-Llama-3.1-70B-Instruct-quantized.w4a16,llama-3,Meta-Llama-3.1-70B-Instruct,w4a16,gsm8k,95.4,94.4,-1.0,-0.718939393939394,-3.1439511288004676,1.7060723409216794,False,True,Meta-Llama-3.1-70B-Instruct|s3
RedHatAI/Meta-Llama-3.1-70B-Instruct-quantized.w4a16,llama-3,Meta-Llama-3.1-70B-Instruct,w4a16,hellaswag,86.7,86.3,-0.4,-0.718939393939394,-2.1435901070795254,0.7057113192007372,False,True,Meta-Llama-3.1-70B-Instruct|s3
RedHatAI/Meta-Llama-3.1-70B-Instruct-quantized.w4a16,llama-3,Meta-Llama-3.1-70B-Instruct,w4a16,winogrande,85.3,85.5,0.2,-0.718939393939394,-4.901362976102509,3.4634841882237213,False,True,Meta-Llama-3.1-70B-Instruct|s3
RedHatAI/Meta-Llama-3.1-70B-Instruct-quantized.w4a16,llama-3,Meta-Llama-3.1-70B-Instruct,w4a16,truthfulqa,60.7,59.8,-0.9,-0.718939393939394,-7.902879974747508,6.4650011868687205,False,True,Meta-Llama-3.1-70B-Instruct|s3
RedHatAI/Meta-Llama-3.1-70B-Instruct-quantized.w4a16,llama-3,Meta-Llama-3.1-70B-Instruct,w4a16,mmlu_pro,48.1,47.3,-0.8,-0.718939393939394,-2.63394674141415,1.196067953535362,False,True,Meta-Llama-3.1-70B-Instruct|s3
RedHatAI/Meta-Llama-3.1-70B-Instruct-quantized.w4a16,llama-3,Meta-Llama-3.1-70B-Instruct,w4a16,ifeval,86.4,85.7,-0.7,-0.718939393939394,-6.914931160562911,5.477052372684123,False,True,Meta-Llama-3.1-70B-Instruct|s3
RedHatAI/Meta-Llama-3.1-70B-Instruct-quantized.w4a16,llama-3,Meta-Llama-3.1-70B-Instruct,w4a16,bbh,55.8,55.0,-0.8,-0.718939393939394,-3.3064820955591028,1.868603307680315,False,True,Meta-Llama-3.1-70B-Instruct|s3
RedHatAI/Meta-Llama-3.1-70B-Instruct-quantized.w4a16,llama-3,Meta-Llama-3.1-70B-Instruct,w4a16,math_lvl5,26.1,24.4,-1.7,-0.718939393939394,-5.79330341877876,4.3554246308999724,False,True,Meta-Llama-3.1-70B-Instruct|s3
RedHatAI/Meta-Llama-3.1-70B-Instruct-quantized.w4a16,llama-3,Meta-Llama-3.1-70B-Instruct,w4a16,humaneval,79.7,80.5,0.8,-0.718939393939394,-13.923939065669437,12.48606027779065,False,True,Meta-Llama-3.1-70B-Instruct|s3
RedHatAI/Meta-Llama-3.1-70B-Instruct-quantized.w4a16,llama-3,Meta-Llama-3.1-70B-Instruct,w4a16,humaneval_plus,74.8,74.2,-0.6,-0.718939393939394,-14.972136284012565,13.534257496133778,False,True,Meta-Llama-3.1-70B-Instruct|s3
RedHatAI/Meta-Llama-3.1-70B-Instruct-quantized.w8a16,llama-3,Meta-Llama-3.1-70B-Instruct,w8a16,mmlu,83.94,81.37,-2.57,0.0525,-0.14987161724520867,0.2548716172452087,False,False,Meta-Llama-3.1-70B-Instruct|s3
RedHatAI/Meta-Llama-3.1-70B-Instruct-quantized.w8a16,llama-3,Meta-Llama-3.1-70B-Instruct,w8a16,mmlu_cot,86.23,83.86,-2.37,0.0525,-0.13742778903665898,0.24242778903665896,False,False,Meta-Llama-3.1-70B-Instruct|s3
RedHatAI/Meta-Llama-3.1-70B-Instruct-quantized.w8a16,llama-3,Meta-Llama-3.1-70B-Instruct,w8a16,arc_challenge,93.34,92.32,-1.02,0.0525,-0.42317906784572024,0.5281790678457202,False,False,Meta-Llama-3.1-70B-Instruct|s3
RedHatAI/Meta-Llama-3.1-70B-Instruct-quantized.w8a16,llama-3,Meta-Llama-3.1-70B-Instruct,w8a16,gsm8k,95.38,92.34,-3.04,0.0525,-0.3250148874170648,0.4300148874170648,False,False,Meta-Llama-3.1-70B-Instruct|s3
RedHatAI/Meta-Llama-3.1-70B-Instruct-quantized.w8a16,llama-3,Meta-Llama-3.1-70B-Instruct,w8a16,hellaswag,86.66,86.01,-0.65,0.0525,-0.16910725915515024,0.2741072591551502,False,False,Meta-Llama-3.1-70B-Instruct|s3
RedHatAI/Meta-Llama-3.1-70B-Instruct-quantized.w8a16,llama-3,Meta-Llama-3.1-70B-Instruct,w8a16,winogrande,85.32,85.56,0.24,0.0525,-0.5968920648481154,0.7018920648481154,False,True,Meta-Llama-3.1-70B-Instruct|s3
RedHatAI/Meta-Llama-3.1-70B-Instruct-quantized.w8a16,llama-3,Meta-Llama-3.1-70B-Instruct,w8a16,truthfulqa,60.65,59.39,-1.26,0.0525,-1.0638068159596248,1.1688068159596248,False,False,Meta-Llama-3.1-70B-Instruct|s3
RedHatAI/Meta-Llama-3.1-70B-Instruct-quantized.w8a8,llama-3,Meta-Llama-3.1-70B-Instruct,w8a8_int,arena_hard,57.0,56.3,-0.7,-0.3139516129032258,-3.2446517102320733,2.6167484844256217,False,True,Meta-Llama-3.1-70B-Instruct|s3
RedHatAI/Meta-Llama-3.1-70B-Instruct-quantized.w8a8,llama-3,Meta-Llama-3.1-70B-Instruct,w8a8_int,mmlu,83.9,83.7,-0.2,-0.3139516129032258,-0.7244998195313599,0.0965965937249082,False,True,Meta-Llama-3.1-70B-Instruct|s3
RedHatAI/Meta-Llama-3.1-70B-Instruct-quantized.w8a8,llama-3,Meta-Llama-3.1-70B-Instruct,w8a8_int,mmlu_cot,86.2,85.8,-0.4,-0.3139516129032258,-0.6992200375057842,0.07131681169933252,False,True,Meta-Llama-3.1-70B-Instruct|s3
RedHatAI/Meta-Llama-3.1-70B-Instruct-quantized.w8a8,llama-3,Meta-Llama-3.1-70B-Instruct,w8a8_int,arc_challenge,93.3,93.1,-0.2,-0.3139516129032258,-1.2806681383655039,0.6527649125590523,False,True,Meta-Llama-3.1-70B-Instruct|s3
RedHatAI/Meta-Llama-3.1-70B-Instruct-quantized.w8a8,llama-3,Meta-Llama-3.1-70B-Instruct,w8a8_int,gsm8k,95.4,94.2,-1.2,-0.3139516129032258,-1.077462845553148,0.44955961974669656,False,False,Meta-Llama-3.1-70B-Instruct|s3
RedHatAI/Meta-Llama-3.1-70B-Instruct-quantized.w8a8,llama-3,Meta-Llama-3.1-70B-Instruct,w8a8_int,hellaswag,86.7,86.7,0.0,-0.3139516129032258,-0.7625007091604973,0.13459748335404564,False,True,Meta-Llama-3.1-70B-Instruct|s3
RedHatAI/Meta-Llama-3.1-70B-Instruct-quantized.w8a8,llama-3,Meta-Llama-3.1-70B-Instruct,w8a8_int,winogrande,85.1,85.3,0.2,-0.3139516129032258,-1.6381538952939343,1.0102506694874827,False,True,Meta-Llama-3.1-70B-Instruct|s3
RedHatAI/Meta-Llama-3.1-70B-Instruct-quantized.w8a8,llama-3,Meta-Llama-3.1-70B-Instruct,w8a8_int,truthfulqa,60.7,61.4,0.7,-0.3139516129032258,-2.5758043079999093,1.9479010821934577,False,True,Meta-Llama-3.1-70B-Instruct|s3
RedHatAI/Meta-Llama-3.1-70B-Instruct-quantized.w8a8,llama-3,Meta-Llama-3.1-70B-Instruct,w8a8_int,mmlu_pro,48.1,47.1,-1.0,-0.3139516129032258,-0.9168887448704958,0.2889855190640441,False,False,Meta-Llama-3.1-70B-Instruct|s3
RedHatAI/Meta-Llama-3.1-70B-Instruct-quantized.w8a8,llama-3,Meta-Llama-3.1-70B-Instruct,w8a8_int,ifeval,86.4,86.6,0.2,-0.3139516129032258,-2.26475013615017,1.6368469103437184,False,True,Meta-Llama-3.1-70B-Instruct|s3
RedHatAI/Meta-Llama-3.1-70B-Instruct-quantized.w8a8,llama-3,Meta-Llama-3.1-70B-Instruct,w8a8_int,bbh,55.8,55.2,-0.6,-0.3139516129032258,-1.1286354716438747,0.5007322458374229,False,True,Meta-Llama-3.1-70B-Instruct|s3
RedHatAI/Meta-Llama-3.1-70B-Instruct-quantized.w8a8,llama-3,Meta-Llama-3.1-70B-Instruct,w8a8_int,math_lvl5,26.1,23.9,-2.2,-0.3139516129032258,-1.911607358573868,1.2837041327674164,False,False,Meta-Llama-3.1-70B-Instruct|s3
RedHatAI/Meta-Llama-3.1-70B-Instruct-quantized.w8a8,llama-3,Meta-Llama-3.1-70B-Instruct,w8a8_int,humaneval,79.7,78.7,-1.0,-0.3139516129032258,-4.471525546079274,3.843622320272823,False,True,Meta-Llama-3.1-70B-Instruct|s3
RedHatAI/Meta-Llama-3.1-70B-Instruct-quantized.w8a8,llama-3,Meta-Llama-3.1-70B-Instruct,w8a8_int,humaneval_plus,74.8,74.0,-0.8,-0.3139516129032258,-4.80154883575347,4.17364560994702,False,True,Meta-Llama-3.1-70B-Instruct|s3
RedHatAI/Meta-Llama-3.1-70B-Instruct-FP8-dynamic,llama-3,Meta-Llama-3.1-70B-Instruct,fp8_dynamic,arena_hard,57.0,57.9,0.9,-0.31330275229357796,-4.472943876453898,3.846338371866742,False,True,Meta-Llama-3.1-70B-Instruct|s4
RedHatAI/Meta-Llama-3.1-70B-Instruct-FP8-dynamic,llama-3,Meta-Llama-3.1-70B-Instruct,fp8_dynamic,mmlu,83.8,83.8,0.0,-0.31330275229357796,-0.8974660159564815,0.27086051136932554,False,True,Meta-Llama-3.1-70B-Instruct|s4
RedHatAI/Meta-Llama-3.1-70B-Instruct-FP8-dynamic,llama-3,Meta-Llama-3.1-70B-Instruct,fp8_dynamic,mmlu_cot,86.0,85.5,-0.5,-0.31330275229357796,-0.8634360965235081,0.23683059193635214,False,True,Meta-Llama-3.1-70B-Instruct|s4
RedHatAI/Meta-Llama-3.1-70B-Instruct-FP8-dynamic,llama-3,Meta-Llama-3.1-70B-Instruct,fp8_dynamic,arc_challenge,93.3,93.5,0.2,-0.31330275229357796,-1.6853960000412203,1.0587904954540641,False,True,Meta-Llama-3.1-70B-Instruct|s4
RedHatAI/Meta-Llama-3.1-70B-Instruct-FP8-dynamic,llama-3,Meta-Llama-3.1-70B-Instruct,fp8_dynamic,gsm8k,94.9,94.5,-0.4,-0.31330275229357796,-1.4513623513448932,0.8247568467577374,False,True,Meta-Llama-3.1-70B-Instruct|s4
RedHatAI/Meta-Llama-3.1-70B-Instruct-FP8-dynamic,llama-3,Meta-Llama-3.1-70B-Instruct,fp8_dynamic,hellaswag,86.8,86.6,-0.2,-0.31330275229357796,-0.9479113175052094,0.3213058129180535,False,True,Meta-Llama-3.1-70B-Instruct|s4
RedHatAI/Meta-Llama-3.1-70B-Instruct-FP8-dynamic,llama-3,Meta-Llama-3.1-70B-Instruct,fp8_dynamic,winogrande,85.3,84.6,-0.7,-0.31330275229357796,-2.1823233399566297,1.555717835369474,False,True,Meta-Llama-3.1-70B-Instruct|s4
RedHatAI/Meta-Llama-3.1-70B-Instruct-FP8-dynamic,llama-3,Meta-Llama-3.1-70B-Instruct,fp8_dynamic,truthfulqa,60.7,60.6,-0.1,-0.31330275229357796,-3.5236262841664847,2.897020779579329,False,True,Meta-Llama-3.1-70B-Instruct|s4
RedHatAI/Meta-Llama-3.1-70B-Instruct-FP8-dynamic,llama-3,Meta-Llama-3.1-70B-Instruct,fp8_dynamic,mmlu_pro,48.1,47.7,-0.4,-0.31330275229357796,-1.1690716833077828,0.5424661787206269,False,True,Meta-Llama-3.1-70B-Instruct|s4
RedHatAI/Meta-Llama-3.1-70B-Instruct-FP8-dynamic,llama-3,Meta-Llama-3.1-70B-Instruct,fp8_dynamic,ifeval,86.4,87.6,1.2,-0.31330275229357796,-3.082136646162551,2.455531141575395,False,True,Meta-Llama-3.1-70B-Instruct|s4
RedHatAI/Meta-Llama-3.1-70B-Instruct-FP8-dynamic,llama-3,Meta-Llama-3.1-70B-Instruct,fp8_dynamic,bbh,55.8,54.9,-0.9,-0.31330275229357796,-1.4696109276322606,0.8430054230451048,False,True,Meta-Llama-3.1-70B-Instruct|s4
RedHatAI/Meta-Llama-3.1-70B-Instruct-FP8-dynamic,llama-3,Meta-Llama-3.1-70B-Instruct,fp8_dynamic,math_lvl5,26.1,28.0,1.9,-0.31330275229357796,-2.580909235809154,1.9543037312219984,False,True,Meta-Llama-3.1-70B-Instruct|s4
RedHatAI/Meta-Llama-3.1-70B-Instruct-FP8-dynamic,llama-3,Meta-Llama-3.1-70B-Instruct,fp8_dynamic,humaneval,79.7,80.0,0.3,-0.31330275229357796,-6.214287136515795,5.587681631928639,False,True,Meta-Llama-3.1-70B-Instruct|s4
RedHatAI/Meta-Llama-3.1-70B-Instruct-FP8-dynamic,llama-3,Meta-Llama-3.1-70B-Instruct,fp8_dynamic,humaneval_plus,74.8,75.0,0.2,-0.31330275229357796,-6.682700280839455,6.0560947762523,False,True,Meta-Llama-3.1-70B-Instruct|s4
RedHatAI/Meta-Llama-3.1-70B-Instruct-FP8,llama-3,Meta-Llama-3.1-70B-Instruct,fp8,mmlu,83.83,83.73,-0.1,-0.35507462686567165,-1.3710522572256552,0.6609030034943117,True,True,Meta-Llama-3.1-70B-Instruct|s4
RedHatAI/Meta-Llama-3.1-70B-Instruct-FP8,llama-3,Meta-Llama-3.1-70B-Instruct,fp8,mmlu_cot,86.01,85.44,-0.57,-0.35507462686567165,-1.3122967642866312,0.6021475105552878,True,True,Meta-Llama-3.1-70B-Instruct|s4
RedHatAI/Meta-Llama-3.1-70B-Instruct-FP8,llama-3,Meta-Llama-3.1-70B-Instruct,fp8,arc_challenge,93.26,92.92,-0.34,-0.35507462686567165,-2.749811134939032,2.039661881207689,True,True,Meta-Llama-3.1-70B-Instruct|s4
RedHatAI/Meta-Llama-3.1-70B-Instruct-FP8,llama-3,Meta-Llama-3.1-70B-Instruct,fp8,gsm8k,94.92,94.54,-0.38,-0.35507462686567165,-2.332190898154255,1.6220416444229118,True,True,Meta-Llama-3.1-70B-Instruct|s4
RedHatAI/Meta-Llama-3.1-70B-Instruct-FP8,llama-3,Meta-Llama-3.1-70B-Instruct,fp8,hellaswag,86.75,86.64,-0.11,-0.35507462686567165,-1.4613836626016659,0.7512344088703224,True,True,Meta-Llama-3.1-70B-Instruct|s4
RedHatAI/Meta-Llama-3.1-70B-Instruct-FP8,llama-3,Meta-Llama-3.1-70B-Instruct,fp8,winogrande,85.32,85.95,0.63,-0.35507462686567165,-3.6062772066714905,2.8961279529401476,True,True,Meta-Llama-3.1-70B-Instruct|s4
RedHatAI/Meta-Llama-3.1-70B-Instruct-FP8,llama-3,Meta-Llama-3.1-70B-Instruct,fp8,truthfulqa,60.68,60.84,0.16,-0.35507462686567165,-5.943151855100619,5.233002601369276,True,True,Meta-Llama-3.1-70B-Instruct|s4
RedHatAI/Meta-Llama-3.1-70B-Instruct-quantized.w4a16,llama-3,Meta-Llama-3.1-70B-Instruct,w4a16,arena_hard,57.0,57.0,0.0,-0.8123478260869565,-9.471688535740858,7.846992883566946,False,True,Meta-Llama-3.1-70B-Instruct|s4
RedHatAI/Meta-Llama-3.1-70B-Instruct-quantized.w4a16,llama-3,Meta-Llama-3.1-70B-Instruct,w4a16,mmlu,83.9,83.6,-0.3,-0.8123478260869565,-2.0253947707984388,0.4006991186245259,False,True,Meta-Llama-3.1-70B-Instruct|s4
RedHatAI/Meta-Llama-3.1-70B-Instruct-quantized.w4a16,llama-3,Meta-Llama-3.1-70B-Instruct,w4a16,mmlu_cot,86.2,85.6,-0.6,-0.8123478260869565,-1.9507005890823488,0.3260049369084357,False,True,Meta-Llama-3.1-70B-Instruct|s4
RedHatAI/Meta-Llama-3.1-70B-Instruct-quantized.w4a16,llama-3,Meta-Llama-3.1-70B-Instruct,w4a16,arc_challenge,93.3,92.8,-0.5,-0.8123478260869565,-3.6687055172954315,2.0440098651215184,False,True,Meta-Llama-3.1-70B-Instruct|s4
RedHatAI/Meta-Llama-3.1-70B-Instruct-quantized.w4a16,llama-3,Meta-Llama-3.1-70B-Instruct,w4a16,gsm8k,95.4,94.4,-1.0,-0.8123478260869565,-3.06829476012824,1.443599107954327,False,True,Meta-Llama-3.1-70B-Instruct|s4
RedHatAI/Meta-Llama-3.1-70B-Instruct-quantized.w4a16,llama-3,Meta-Llama-3.1-70B-Instruct,w4a16,hellaswag,86.7,86.3,-0.4,-0.8123478260869565,-2.1376760140647066,0.5129803618907938,False,True,Meta-Llama-3.1-70B-Instruct|s4
RedHatAI/Meta-Llama-3.1-70B-Instruct-quantized.w4a16,llama-3,Meta-Llama-3.1-70B-Instruct,w4a16,winogrande,85.3,85.5,0.2,-0.8123478260869565,-4.703184938915767,3.0784892867418536,False,True,Meta-Llama-3.1-70B-Instruct|s4
RedHatAI/Meta-Llama-3.1-70B-Instruct-quantized.w4a16,llama-3,Meta-Llama-3.1-70B-Instruct,w4a16,truthfulqa,60.7,59.8,-0.9,-0.8123478260869565,-7.495444858001848,5.870749205827936,False,True,Meta-Llama-3.1-70B-Instruct|s4
RedHatAI/Meta-Llama-3.1-70B-Instruct-quantized.w4a16,llama-3,Meta-Llama-3.1-70B-Instruct,w4a16,mmlu_pro,48.1,47.3,-0.8,-0.8123478260869565,-2.5938464028143406,0.9691507506404275,False,True,Meta-Llama-3.1-70B-Instruct|s4
RedHatAI/Meta-Llama-3.1-70B-Instruct-quantized.w4a16,llama-3,Meta-Llama-3.1-70B-Instruct,w4a16,ifeval,86.4,85.7,-0.7,-0.8123478260869565,-6.576372976282833,4.951677324108919,False,True,Meta-Llama-3.1-70B-Instruct|s4
RedHatAI/Meta-Llama-3.1-70B-Instruct-quantized.w4a16,llama-3,Meta-Llama-3.1-70B-Instruct,w4a16,bbh,55.8,55.0,-0.8,-0.8123478260869565,-3.2194945382055677,1.5947988860316546,False,True,Meta-Llama-3.1-70B-Instruct|s4
RedHatAI/Meta-Llama-3.1-70B-Instruct-quantized.w4a16,llama-3,Meta-Llama-3.1-70B-Instruct,w4a16,math_lvl5,26.1,24.4,-1.7,-0.8123478260869565,-5.532941874965475,3.9082462227915626,False,True,Meta-Llama-3.1-70B-Instruct|s4
RedHatAI/Meta-Llama-3.1-70B-Instruct-quantized.w4a16,llama-3,Meta-Llama-3.1-70B-Instruct,w4a16,humaneval,79.7,80.5,0.8,-0.8123478260869565,-13.096733132437722,11.47203748026381,False,True,Meta-Llama-3.1-70B-Instruct|s4
RedHatAI/Meta-Llama-3.1-70B-Instruct-quantized.w4a16,llama-3,Meta-Llama-3.1-70B-Instruct,w4a16,humaneval_plus,74.8,74.2,-0.6,-0.8123478260869565,-14.071853073920089,12.447157421746176,False,True,Meta-Llama-3.1-70B-Instruct|s4
RedHatAI/Meta-Llama-3.1-70B-Instruct-quantized.w8a16,llama-3,Meta-Llama-3.1-70B-Instruct,w8a16,mmlu,83.94,81.37,-2.57,0.03940298507462686,-0.13450497493360605,0.21331094508285978,False,False,Meta-Llama-3.1-70B-Instruct|s4
RedHatAI/Meta-Llama-3.1-70B-Instruct-quantized.w8a16,llama-3,Meta-Llama-3.1-70B-Instruct,w8a16,mmlu_cot,86.23,83.86,-2.37,0.03940298507462686,-0.12381137665188843,0.20261734680114216,False,False,Meta-Llama-3.1-70B-Instruct|s4
RedHatAI/Meta-Llama-3.1-70B-Instruct-quantized.w8a16,llama-3,Meta-Llama-3.1-70B-Instruct,w8a16,arc_challenge,93.34,92.32,-1.02,0.03940298507462686,-0.3693716120440588,0.4481775821933125,False,False,Meta-Llama-3.1-70B-Instruct|s4
RedHatAI/Meta-Llama-3.1-70B-Instruct-quantized.w8a16,llama-3,Meta-Llama-3.1-70B-Instruct,w8a16,gsm8k,95.38,92.34,-3.04,0.03940298507462686,-0.2850142668954927,0.3638202370447464,False,False,Meta-Llama-3.1-70B-Instruct|s4
RedHatAI/Meta-Llama-3.1-70B-Instruct-quantized.w8a16,llama-3,Meta-Llama-3.1-70B-Instruct,w8a16,hellaswag,86.66,86.01,-0.65,0.03940298507462686,-0.15103511532356734,0.22984108547282106,False,False,Meta-Llama-3.1-70B-Instruct|s4
RedHatAI/Meta-Llama-3.1-70B-Instruct-quantized.w8a16,llama-3,Meta-Llama-3.1-70B-Instruct,w8a16,winogrande,85.32,85.56,0.24,0.03940298507462686,-0.5186517993887003,0.5974577695379539,False,True,Meta-Llama-3.1-70B-Instruct|s4
RedHatAI/Meta-Llama-3.1-70B-Instruct-quantized.w8a16,llama-3,Meta-Llama-3.1-70B-Instruct,w8a16,truthfulqa,60.65,59.39,-1.26,0.03940298507462686,-0.9198947847880121,0.998700754937266,False,False,Meta-Llama-3.1-70B-Instruct|s4
RedHatAI/Meta-Llama-3.1-70B-Instruct-quantized.w8a8,llama-3,Meta-Llama-3.1-70B-Instruct,w8a8_int,arena_hard,57.0,56.3,-0.7,-0.3011678832116788,-2.126121581308619,1.5237858148852614,False,True,Meta-Llama-3.1-70B-Instruct|s4
RedHatAI/Meta-Llama-3.1-70B-Instruct-quantized.w8a8,llama-3,Meta-Llama-3.1-70B-Instruct,w8a8_int,mmlu,83.9,83.7,-0.2,-0.3011678832116788,-0.5568171967036865,-0.045518569719671165,False,True,Meta-Llama-3.1-70B-Instruct|s4
RedHatAI/Meta-Llama-3.1-70B-Instruct-quantized.w8a8,llama-3,Meta-Llama-3.1-70B-Instruct,w8a8_int,mmlu_cot,86.2,85.8,-0.4,-0.3011678832116788,-0.5410754182335156,-0.061260348189841995,False,True,Meta-Llama-3.1-70B-Instruct|s4
RedHatAI/Meta-Llama-3.1-70B-Instruct-quantized.w8a8,llama-3,Meta-Llama-3.1-70B-Instruct,w8a8_int,arc_challenge,93.3,93.1,-0.2,-0.3011678832116788,-0.9031444893344891,0.30080872291113153,False,True,Meta-Llama-3.1-70B-Instruct|s4
RedHatAI/Meta-Llama-3.1-70B-Instruct-quantized.w8a8,llama-3,Meta-Llama-3.1-70B-Instruct,w8a8_int,gsm8k,95.4,94.2,-1.2,-0.3011678832116788,-0.7766080856510217,0.17427231922766406,False,False,Meta-Llama-3.1-70B-Instruct|s4
RedHatAI/Meta-Llama-3.1-70B-Instruct-quantized.w8a8,llama-3,Meta-Llama-3.1-70B-Instruct,w8a8_int,hellaswag,86.7,86.7,0.0,-0.3011678832116788,-0.5804804381670066,-0.021855328256351114,False,False,Meta-Llama-3.1-70B-Instruct|s4
RedHatAI/Meta-Llama-3.1-70B-Instruct-quantized.w8a8,llama-3,Meta-Llama-3.1-70B-Instruct,w8a8_int,winogrande,85.1,85.3,0.2,-0.3011678832116788,-1.125751693230289,0.5234159268069312,False,True,Meta-Llama-3.1-70B-Instruct|s4
RedHatAI/Meta-Llama-3.1-70B-Instruct-quantized.w8a8,llama-3,Meta-Llama-3.1-70B-Instruct,w8a8_int,truthfulqa,60.7,61.4,0.7,-0.3011678832116788,-1.709628764019455,1.1072929975960972,False,True,Meta-Llama-3.1-70B-Instruct|s4
RedHatAI/Meta-Llama-3.1-70B-Instruct-quantized.w8a8,llama-3,Meta-Llama-3.1-70B-Instruct,w8a8_int,mmlu_pro,48.1,47.1,-1.0,-0.3011678832116788,-0.6766182234585425,0.07428245703518482,False,False,Meta-Llama-3.1-70B-Instruct|s4
RedHatAI/Meta-Llama-3.1-70B-Instruct-quantized.w8a8,llama-3,Meta-Llama-3.1-70B-Instruct,w8a8_int,ifeval,86.4,86.6,0.2,-0.3011678832116788,-1.5159346150538036,0.9135988486304458,False,True,Meta-Llama-3.1-70B-Instruct|s4
RedHatAI/Meta-Llama-3.1-70B-Instruct-quantized.w8a8,llama-3,Meta-Llama-3.1-70B-Instruct,w8a8_int,bbh,55.8,55.2,-0.6,-0.3011678832116788,-0.8084733977348886,0.206137631311531,False,True,Meta-Llama-3.1-70B-Instruct|s4
RedHatAI/Meta-Llama-3.1-70B-Instruct-quantized.w8a8,llama-3,Meta-Llama-3.1-70B-Instruct,w8a8_int,math_lvl5,26.1,23.9,-2.2,-0.3011678832116788,-1.296031794399622,0.6936960279762645,False,False,Meta-Llama-3.1-70B-Instruct|s4
RedHatAI/Meta-Llama-3.1-70B-Instruct-quantized.w8a8,llama-3,Meta-Llama-3.1-70B-Instruct,w8a8_int,humaneval,79.7,78.7,-1.0,-0.3011678832116788,-2.890098743580674,2.2877629771573162,False,True,Meta-Llama-3.1-70B-Instruct|s4
RedHatAI/Meta-Llama-3.1-70B-Instruct-quantized.w8a8,llama-3,Meta-Llama-3.1-70B-Instruct,w8a8_int,humaneval_plus,74.8,74.0,-0.8,-0.3011678832116788,-3.095605005889117,2.4932692394657594,False,True,Meta-Llama-3.1-70B-Instruct|s4
RedHatAI/Meta-Llama-3.1-8B-FP8,llama-3,Meta-Llama-3.1-8B,fp8,mmlu,65.19,65.01,-0.18,-0.3433333333333334,-0.7901845509649581,0.1035178842982914,False,True,Meta-Llama-3.1-8B|s0
RedHatAI/Meta-Llama-3.1-8B-FP8,llama-3,Meta-Llama-3.1-8B,fp8,arc_challenge,78.84,77.73,-1.11,-0.3433333333333334,-1.6695126842802117,0.9828460176135451,False,True,Meta-Llama-3.1-8B|s0
RedHatAI/Meta-Llama-3.1-8B-FP8,llama-3,Meta-Llama-3.1-8B,fp8,gsm8k,50.34,48.82,-1.52,-0.3433333333333334,-1.8736189395413114,1.1869522728746449,False,True,Meta-Llama-3.1-8B|s0
RedHatAI/Meta-Llama-3.1-8B-FP8,llama-3,Meta-Llama-3.1-8B,fp8,hellaswag,82.33,81.96,-0.37,-0.3433333333333334,-0.7664129983466306,0.07974633167996376,False,True,Meta-Llama-3.1-8B|s0
RedHatAI/Meta-Llama-3.1-8B-FP8,llama-3,Meta-Llama-3.1-8B,fp8,winogrande,77.98,78.06,0.08,-0.3433333333333334,-1.6373709263366174,0.9507042596699505,False,True,Meta-Llama-3.1-8B|s0
RedHatAI/Meta-Llama-3.1-8B-FP8,llama-3,Meta-Llama-3.1-8B,fp8,truthfulqa,44.14,43.83,-0.31,-0.3433333333333334,-2.2743700419327624,1.5877033752660958,False,True,Meta-Llama-3.1-8B|s0
RedHatAI/Meta-Llama-3.1-8B-quantized.w8a16,llama-3,Meta-Llama-3.1-8B,w8a16,mmlu,65.07,65.44,0.37,-0.10964285714285714,-0.34360705518792395,0.12432134090220966,False,False,Meta-Llama-3.1-8B|s0
RedHatAI/Meta-Llama-3.1-8B-quantized.w8a16,llama-3,Meta-Llama-3.1-8B,w8a16,arc_challenge,58.11,58.62,0.51,-0.10964285714285714,-0.9477335264766809,0.7284478121909665,False,True,Meta-Llama-3.1-8B|s0
RedHatAI/Meta-Llama-3.1-8B-quantized.w8a16,llama-3,Meta-Llama-3.1-8B,w8a16,gsm8k,50.64,49.66,-0.98,-0.10964285714285714,-0.9101887242182574,0.690903009932543,False,False,Meta-Llama-3.1-8B|s0
RedHatAI/Meta-Llama-3.1-8B-quantized.w8a16,llama-3,Meta-Llama-3.1-8B,w8a16,hellaswag,82.3,82.21,-0.09,-0.10964285714285714,-0.3311310785997623,0.11184536431404803,False,True,Meta-Llama-3.1-8B|s0
RedHatAI/Meta-Llama-3.1-8B-quantized.w8a16,llama-3,Meta-Llama-3.1-8B,w8a16,winogrande,77.9,78.06,0.16,-0.10964285714285714,-0.7875196276521889,0.5682339133664746,False,True,Meta-Llama-3.1-8B|s0
RedHatAI/Meta-Llama-3.1-8B-quantized.w8a16,llama-3,Meta-Llama-3.1-8B,w8a16,truthfulqa,44.15,43.61,-0.54,-0.10964285714285714,-1.1199190243351391,0.9006333100494248,False,True,Meta-Llama-3.1-8B|s0
RedHatAI/Meta-Llama-3.1-8B-quantized.w8a8,llama-3,Meta-Llama-3.1-8B,w8a8_int,mmlu,65.07,64.95,-0.12,-0.32566433566433567,-0.7932781726891461,0.1419495013604748,False,True,Meta-Llama-3.1-8B|s0
RedHatAI/Meta-Llama-3.1-8B-quantized.w8a8,llama-3,Meta-Llama-3.1-8B,w8a8_int,arc_challenge,58.11,58.62,0.51,-0.32566433566433567,-2.0007188821996635,1.349390210870992,False,True,Meta-Llama-3.1-8B|s0
RedHatAI/Meta-Llama-3.1-8B-quantized.w8a8,llama-3,Meta-Llama-3.1-8B,w8a8_int,gsm8k,50.64,49.51,-1.13,-0.32566433566433567,-1.9256797557388816,1.2743510844102104,False,True,Meta-Llama-3.1-8B|s0
RedHatAI/Meta-Llama-3.1-8B-quantized.w8a8,llama-3,Meta-Llama-3.1-8B,w8a8_int,hellaswag,82.3,81.63,-0.67,-0.32566433566433567,-0.7683429931541208,0.11701432182544946,False,True,Meta-Llama-3.1-8B|s0
RedHatAI/Meta-Llama-3.1-8B-quantized.w8a8,llama-3,Meta-Llama-3.1-8B,w8a8_int,winogrande,77.9,78.22,0.32,-0.32566433566433567,-1.6805064881666476,1.0291778168379764,False,True,Meta-Llama-3.1-8B|s0
RedHatAI/Meta-Llama-3.1-8B-quantized.w8a8,llama-3,Meta-Llama-3.1-8B,w8a8_int,truthfulqa,44.15,43.36,-0.79,-0.32566433566433567,-2.344858378782434,1.693529707453763,False,True,Meta-Llama-3.1-8B|s0
RedHatAI/Meta-Llama-3.1-8B-FP8,llama-3,Meta-Llama-3.1-8B,fp8,mmlu,65.19,65.01,-0.18,-0.34702127659574467,-0.8353659443090408,0.14132339111755143,False,True,Meta-Llama-3.1-8B|s1
RedHatAI/Meta-Llama-3.1-8B-FP8,llama-3,Meta-Llama-3.1-8B,fp8,arc_challenge,78.84,77.73,-1.11,-0.34702127659574467,-1.7963462172301985,1.1023036640387094,False,True,Meta-Llama-3.1-8B|s1
RedHatAI/Meta-Llama-3.1-8B-FP8,llama-3,Meta-Llama-3.1-8B,fp8,gsm8k,50.34,48.82,-1.52,-0.34702127659574467,-2.019405252253029,1.3253626990615395,False,True,Meta-Llama-3.1-8B|s1
RedHatAI/Meta-Llama-3.1-8B-FP8,llama-3,Meta-Llama-3.1-8B,fp8,hellaswag,82.33,81.96,-0.37,-0.34702127659574467,-0.8093870267043084,0.11534447351281901,False,True,Meta-Llama-3.1-8B|s1
RedHatAI/Meta-Llama-3.1-8B-FP8,llama-3,Meta-Llama-3.1-8B,fp8,winogrande,77.98,78.06,0.08,-0.34702127659574467,-1.761219858649644,1.0671773054581548,False,True,Meta-Llama-3.1-8B|s1
RedHatAI/Meta-Llama-3.1-8B-FP8,llama-3,Meta-Llama-3.1-8B,fp8,truthfulqa,44.14,43.83,-0.31,-0.34702127659574467,-2.4573690670779116,1.763326513886422,False,True,Meta-Llama-3.1-8B|s1
RedHatAI/Meta-Llama-3.1-8B-quantized.w8a16,llama-3,Meta-Llama-3.1-8B,w8a16,mmlu,65.07,65.44,0.37,0.008809523809523804,-2.1133511153816924,2.1309701630007396,False,True,Meta-Llama-3.1-8B|s1
RedHatAI/Meta-Llama-3.1-8B-quantized.w8a16,llama-3,Meta-Llama-3.1-8B,w8a16,arc_challenge,58.11,58.62,0.51,0.008809523809523804,-7.593050270957324,7.610669318576372,False,True,Meta-Llama-3.1-8B|s1
RedHatAI/Meta-Llama-3.1-8B-quantized.w8a16,llama-3,Meta-Llama-3.1-8B,w8a16,gsm8k,50.64,49.66,-0.98,0.008809523809523804,-7.252502006629735,7.270121054248783,False,True,Meta-Llama-3.1-8B|s1
RedHatAI/Meta-Llama-3.1-8B-quantized.w8a16,llama-3,Meta-Llama-3.1-8B,w8a16,hellaswag,82.3,82.21,-0.09,0.008809523809523804,-2.0001883893232044,2.0178074369422516,False,True,Meta-Llama-3.1-8B|s1
RedHatAI/Meta-Llama-3.1-8B-quantized.w8a16,llama-3,Meta-Llama-3.1-8B,w8a16,winogrande,77.9,78.06,0.16,0.008809523809523804,-6.139838058244295,6.157457105863343,False,True,Meta-Llama-3.1-8B|s1
RedHatAI/Meta-Llama-3.1-8B-quantized.w8a16,llama-3,Meta-Llama-3.1-8B,w8a16,truthfulqa,44.15,43.61,-0.54,0.008809523809523804,-9.154850278172011,9.172469325791058,False,True,Meta-Llama-3.1-8B|s1
RedHatAI/Meta-Llama-3.1-8B-quantized.w8a8,llama-3,Meta-Llama-3.1-8B,w8a8_int,mmlu,65.07,64.95,-0.12,-0.26364583333333336,-0.9090942293675038,0.3818025627008371,False,True,Meta-Llama-3.1-8B|s1
RedHatAI/Meta-Llama-3.1-8B-quantized.w8a8,llama-3,Meta-Llama-3.1-8B,w8a8_int,arc_challenge,58.11,58.62,0.51,-0.26364583333333336,-2.575727266187957,2.0484355995212904,False,True,Meta-Llama-3.1-8B|s1
RedHatAI/Meta-Llama-3.1-8B-quantized.w8a8,llama-3,Meta-Llama-3.1-8B,w8a8_int,gsm8k,50.64,49.51,-1.13,-0.26364583333333336,-2.472150596767571,1.9448589301009043,False,True,Meta-Llama-3.1-8B|s1
RedHatAI/Meta-Llama-3.1-8B-quantized.w8a8,llama-3,Meta-Llama-3.1-8B,w8a8_int,hellaswag,82.3,81.63,-0.67,-0.26364583333333336,-0.8746761468357582,0.3473844801690915,False,True,Meta-Llama-3.1-8B|s1
RedHatAI/Meta-Llama-3.1-8B-quantized.w8a8,llama-3,Meta-Llama-3.1-8B,w8a8_int,winogrande,77.9,78.22,0.32,-0.26364583333333336,-2.1337374024279887,1.6064457357613222,False,True,Meta-Llama-3.1-8B|s1
RedHatAI/Meta-Llama-3.1-8B-quantized.w8a8,llama-3,Meta-Llama-3.1-8B,w8a8_int,truthfulqa,44.15,43.36,-0.79,-0.26364583333333336,-3.0507437616249193,2.5234520949582526,False,True,Meta-Llama-3.1-8B|s1
RedHatAI/Meta-Llama-3.1-8B-FP8,llama-3,Meta-Llama-3.1-8B,fp8,mmlu,65.19,65.01,-0.18,-0.3117857142857143,-0.8471278344589879,0.22355640588755926,False,True,Meta-Llama-3.1-8B|s2
RedHatAI/Meta-Llama-3.1-8B-FP8,llama-3,Meta-Llama-3.1-8B,fp8,arc_challenge,78.84,77.73,-1.11,-0.3117857142857143,-1.9005911990929512,1.2770197705215225,False,True,Meta-Llama-3.1-8B|s2
RedHatAI/Meta-Llama-3.1-8B-FP8,llama-3,Meta-Llama-3.1-8B,fp8,gsm8k,50.34,48.82,-1.52,-0.3117857142857143,-2.145117052712045,1.5215456241406162,False,True,Meta-Llama-3.1-8B|s2
RedHatAI/Meta-Llama-3.1-8B-FP8,llama-3,Meta-Llama-3.1-8B,fp8,hellaswag,82.33,81.96,-0.37,-0.3117857142857143,-0.8186487504230189,0.19507732185159038,False,True,Meta-Llama-3.1-8B|s2
RedHatAI/Meta-Llama-3.1-8B-FP8,llama-3,Meta-Llama-3.1-8B,fp8,winogrande,77.98,78.06,0.08,-0.3117857142857143,-1.8620843400654234,1.2385129114939948,False,True,Meta-Llama-3.1-8B|s2
RedHatAI/Meta-Llama-3.1-8B-FP8,llama-3,Meta-Llama-3.1-8B,fp8,truthfulqa,44.14,43.83,-0.31,-0.3117857142857143,-2.625229753205742,2.0016583246343136,False,True,Meta-Llama-3.1-8B|s2
RedHatAI/Meta-Llama-3.1-8B-quantized.w8a16,llama-3,Meta-Llama-3.1-8B,w8a16,mmlu,65.07,65.44,0.37,0.0642,-2.0965158481800055,2.2249158481800055,False,True,Meta-Llama-3.1-8B|s2
RedHatAI/Meta-Llama-3.1-8B-quantized.w8a16,llama-3,Meta-Llama-3.1-8B,w8a16,arc_challenge,58.11,58.62,0.51,0.0642,-7.675769647375561,7.80416964737556,False,True,Meta-Llama-3.1-8B|s2
RedHatAI/Meta-Llama-3.1-8B-quantized.w8a16,llama-3,Meta-Llama-3.1-8B,w8a16,gsm8k,50.64,49.66,-0.98,0.0642,-7.329034335159399,7.457434335159398,False,True,Meta-Llama-3.1-8B|s2
RedHatAI/Meta-Llama-3.1-8B-quantized.w8a16,llama-3,Meta-Llama-3.1-8B,w8a16,hellaswag,82.3,82.21,-0.09,0.0642,-1.9812971926728453,2.1096971926728454,False,True,Meta-Llama-3.1-8B|s2
RedHatAI/Meta-Llama-3.1-8B-quantized.w8a16,llama-3,Meta-Llama-3.1-8B,w8a16,winogrande,77.9,78.06,0.16,0.0642,-6.196155615906924,6.324555615906923,False,True,Meta-Llama-3.1-8B|s2
RedHatAI/Meta-Llama-3.1-8B-quantized.w8a16,llama-3,Meta-Llama-3.1-8B,w8a16,truthfulqa,44.15,43.61,-0.54,0.0642,-9.265944285881027,9.394344285881026,False,True,Meta-Llama-3.1-8B|s2
RedHatAI/Meta-Llama-3.1-8B-quantized.w8a8,llama-3,Meta-Llama-3.1-8B,w8a8_int,mmlu,65.07,64.95,-0.12,-0.25883720930232557,-0.9134756658764013,0.39580124727175015,False,True,Meta-Llama-3.1-8B|s2
RedHatAI/Meta-Llama-3.1-8B-quantized.w8a8,llama-3,Meta-Llama-3.1-8B,w8a8_int,arc_challenge,58.11,58.62,0.51,-0.25883720930232557,-2.6038386532247277,2.086164234620077,False,True,Meta-Llama-3.1-8B|s2
RedHatAI/Meta-Llama-3.1-8B-quantized.w8a8,llama-3,Meta-Llama-3.1-8B,w8a8_int,gsm8k,50.64,49.51,-1.13,-0.25883720930232557,-2.4987872325022336,1.9811128138975826,False,True,Meta-Llama-3.1-8B|s2
RedHatAI/Meta-Llama-3.1-8B-quantized.w8a8,llama-3,Meta-Llama-3.1-8B,w8a8_int,hellaswag,82.3,81.63,-0.67,-0.25883720930232557,-0.8785675298189554,0.36089311121430423,False,True,Meta-Llama-3.1-8B|s2
RedHatAI/Meta-Llama-3.1-8B-quantized.w8a8,llama-3,Meta-Llama-3.1-8B,w8a8_int,winogrande,77.9,78.22,0.32,-0.25883720930232557,-2.1555556239213387,1.6378812053166873,False,True,Meta-Llama-3.1-8B|s2
RedHatAI/Meta-Llama-3.1-8B-quantized.w8a8,llama-3,Meta-Llama-3.1-8B,w8a8_int,truthfulqa,44.15,43.36,-0.79,-0.25883720930232557,-3.0856185558950826,2.5679441372904317,False,True,Meta-Llama-3.1-8B|s2
RedHatAI/Meta-Llama-3.1-8B-FP8,llama-3,Meta-Llama-3.1-8B,fp8,mmlu,65.19,65.01,-0.18,-0.3513953488372093,-0.8429911363108572,0.1402004386364386,False,True,Meta-Llama-3.1-8B|s3
RedHatAI/Meta-Llama-3.1-8B-FP8,llama-3,Meta-Llama-3.1-8B,fp8,arc_challenge,78.84,77.73,-1.11,-0.3513953488372093,-1.8103690667906238,1.1075783691162053,False,True,Meta-Llama-3.1-8B|s3
RedHatAI/Meta-Llama-3.1-8B-FP8,llama-3,Meta-Llama-3.1-8B,fp8,gsm8k,50.34,48.82,-1.52,-0.3513953488372093,-2.03491310141401,1.3321224037395913,False,True,Meta-Llama-3.1-8B|s3
RedHatAI/Meta-Llama-3.1-8B-FP8,llama-3,Meta-Llama-3.1-8B,fp8,hellaswag,82.33,81.96,-0.37,-0.3513953488372093,-0.8168392659169139,0.11404856824249526,False,True,Meta-Llama-3.1-8B|s3
RedHatAI/Meta-Llama-3.1-8B-FP8,llama-3,Meta-Llama-3.1-8B,fp8,winogrande,77.98,78.06,0.08,-0.3513953488372093,-1.7750088569856355,1.072218159311217,False,True,Meta-Llama-3.1-8B|s3
RedHatAI/Meta-Llama-3.1-8B-FP8,llama-3,Meta-Llama-3.1-8B,fp8,truthfulqa,44.14,43.83,-0.31,-0.3513953488372093,-2.475792629068038,1.7730019313936192,False,True,Meta-Llama-3.1-8B|s3
RedHatAI/Meta-Llama-3.1-8B-quantized.w8a16,llama-3,Meta-Llama-3.1-8B,w8a16,mmlu,65.07,65.44,0.37,-0.2538095238095238,-0.8111138248025328,0.30349477718348516,False,False,Meta-Llama-3.1-8B|s3
RedHatAI/Meta-Llama-3.1-8B-quantized.w8a16,llama-3,Meta-Llama-3.1-8B,w8a16,arc_challenge,58.11,58.62,0.51,-0.2538095238095238,-2.2501471624078926,1.7425281147888447,False,True,Meta-Llama-3.1-8B|s3
RedHatAI/Meta-Llama-3.1-8B-quantized.w8a16,llama-3,Meta-Llama-3.1-8B,w8a16,gsm8k,50.64,49.66,-0.98,-0.2538095238095238,-2.16071518968136,1.6530961420623123,False,True,Meta-Llama-3.1-8B|s3
RedHatAI/Meta-Llama-3.1-8B-quantized.w8a16,llama-3,Meta-Llama-3.1-8B,w8a16,hellaswag,82.3,82.21,-0.09,-0.2538095238095238,-0.781395964250504,0.2737769166314563,False,True,Meta-Llama-3.1-8B|s3
RedHatAI/Meta-Llama-3.1-8B-quantized.w8a16,llama-3,Meta-Llama-3.1-8B,w8a16,winogrande,77.9,78.06,0.16,-0.2538095238095238,-1.8685165726005182,1.3608975249814703,False,True,Meta-Llama-3.1-8B|s3
RedHatAI/Meta-Llama-3.1-8B-quantized.w8a16,llama-3,Meta-Llama-3.1-8B,w8a16,truthfulqa,44.15,43.61,-0.54,-0.2538095238095238,-2.660294182024361,2.1526751344053134,False,True,Meta-Llama-3.1-8B|s3
RedHatAI/Meta-Llama-3.1-8B-quantized.w8a8,llama-3,Meta-Llama-3.1-8B,w8a8_int,mmlu,65.07,64.95,-0.12,-0.34520661157024796,-0.8163318937932802,0.12591867065278428,False,True,Meta-Llama-3.1-8B|s3
RedHatAI/Meta-Llama-3.1-8B-quantized.w8a8,llama-3,Meta-Llama-3.1-8B,w8a8_int,arc_challenge,58.11,58.62,0.51,-0.34520661157024796,-2.032839618746549,1.3424263956060531,False,True,Meta-Llama-3.1-8B|s3
RedHatAI/Meta-Llama-3.1-8B-quantized.w8a8,llama-3,Meta-Llama-3.1-8B,w8a8_int,gsm8k,50.64,49.51,-1.13,-0.34520661157024796,-1.9572370021590293,1.2668237790185335,False,True,Meta-Llama-3.1-8B|s3
RedHatAI/Meta-Llama-3.1-8B-quantized.w8a8,llama-3,Meta-Llama-3.1-8B,w8a8_int,hellaswag,82.3,81.63,-0.67,-0.34520661157024796,-0.7912094689085403,0.10079624576804441,False,True,Meta-Llama-3.1-8B|s3
RedHatAI/Meta-Llama-3.1-8B-quantized.w8a8,llama-3,Meta-Llama-3.1-8B,w8a8_int,winogrande,77.9,78.22,0.32,-0.34520661157024796,-1.710222658842274,1.0198094357017782,False,True,Meta-Llama-3.1-8B|s3
RedHatAI/Meta-Llama-3.1-8B-quantized.w8a8,llama-3,Meta-Llama-3.1-8B,w8a8_int,truthfulqa,44.15,43.36,-0.79,-0.34520661157024796,-2.379563356613715,1.6891501334732193,False,True,Meta-Llama-3.1-8B|s3
RedHatAI/Meta-Llama-3.1-8B-FP8,llama-3,Meta-Llama-3.1-8B,fp8,mmlu,65.19,65.01,-0.18,-0.24238095238095236,-1.0993490084371964,0.6145871036752917,False,True,Meta-Llama-3.1-8B|s4
RedHatAI/Meta-Llama-3.1-8B-FP8,llama-3,Meta-Llama-3.1-8B,fp8,arc_challenge,78.84,77.73,-1.11,-0.24238095238095236,-2.785718187504658,2.300956282742754,False,True,Meta-Llama-3.1-8B|s4
RedHatAI/Meta-Llama-3.1-8B-FP8,llama-3,Meta-Llama-3.1-8B,fp8,gsm8k,50.34,48.82,-1.52,-0.24238095238095236,-3.1771516980298964,2.692389793267992,False,True,Meta-Llama-3.1-8B|s4
RedHatAI/Meta-Llama-3.1-8B-FP8,llama-3,Meta-Llama-3.1-8B,fp8,hellaswag,82.33,81.96,-0.37,-0.24238095238095236,-1.0537600955441342,0.5689981907822295,False,True,Meta-Llama-3.1-8B|s4
RedHatAI/Meta-Llama-3.1-8B-FP8,llama-3,Meta-Llama-3.1-8B,fp8,winogrande,77.98,78.06,0.08,-0.24238095238095236,-2.724076954950471,2.2393150501885666,False,True,Meta-Llama-3.1-8B|s4
RedHatAI/Meta-Llama-3.1-8B-FP8,llama-3,Meta-Llama-3.1-8B,fp8,truthfulqa,44.14,43.83,-0.31,-0.24238095238095236,-3.9457092841522563,3.460947379390351,False,True,Meta-Llama-3.1-8B|s4
RedHatAI/Meta-Llama-3.1-8B-quantized.w8a16,llama-3,Meta-Llama-3.1-8B,w8a16,mmlu,65.07,65.44,0.37,-0.14349206349206348,-0.7597045108608488,0.4727203838767219,False,True,Meta-Llama-3.1-8B|s4
RedHatAI/Meta-Llama-3.1-8B-quantized.w8a16,llama-3,Meta-Llama-3.1-8B,w8a16,arc_challenge,58.11,58.62,0.51,-0.14349206349206348,-2.3508464655004446,2.063862338516318,False,True,Meta-Llama-3.1-8B|s4
RedHatAI/Meta-Llama-3.1-8B-quantized.w8a16,llama-3,Meta-Llama-3.1-8B,w8a16,gsm8k,50.64,49.66,-0.98,-0.14349206349206348,-2.251961359663936,1.9649772326798092,False,True,Meta-Llama-3.1-8B|s4
RedHatAI/Meta-Llama-3.1-8B-quantized.w8a16,llama-3,Meta-Llama-3.1-8B,w8a16,hellaswag,82.3,82.21,-0.09,-0.14349206349206348,-0.7268454147643345,0.4398612877802076,False,True,Meta-Llama-3.1-8B|s4
RedHatAI/Meta-Llama-3.1-8B-quantized.w8a16,llama-3,Meta-Llama-3.1-8B,w8a16,winogrande,77.9,78.06,0.16,-0.14349206349206348,-1.9288767815827441,1.641892654598617,False,True,Meta-Llama-3.1-8B|s4
RedHatAI/Meta-Llama-3.1-8B-quantized.w8a16,llama-3,Meta-Llama-3.1-8B,w8a16,truthfulqa,44.15,43.61,-0.54,-0.14349206349206348,-2.804346821210148,2.5173626942260214,False,True,Meta-Llama-3.1-8B|s4
RedHatAI/Meta-Llama-3.1-8B-quantized.w8a8,llama-3,Meta-Llama-3.1-8B,w8a8_int,mmlu,65.07,64.95,-0.12,-0.29284552845528455,-0.7361092233042135,0.15041816639364441,False,True,Meta-Llama-3.1-8B|s4
RedHatAI/Meta-Llama-3.1-8B-quantized.w8a8,llama-3,Meta-Llama-3.1-8B,w8a8_int,arc_challenge,58.11,58.62,0.51,-0.29284552845528455,-1.8806746485147747,1.2949835916042054,False,True,Meta-Llama-3.1-8B|s4
RedHatAI/Meta-Llama-3.1-8B-quantized.w8a8,llama-3,Meta-Llama-3.1-8B,w8a8_int,gsm8k,50.64,49.51,-1.13,-0.29284552845528455,-1.809543048421689,1.2238519915111197,False,True,Meta-Llama-3.1-8B|s4
RedHatAI/Meta-Llama-3.1-8B-quantized.w8a8,llama-3,Meta-Llama-3.1-8B,w8a8_int,hellaswag,82.3,81.63,-0.67,-0.29284552845528455,-0.7124724980038236,0.1267814410932545,False,True,Meta-Llama-3.1-8B|s4
RedHatAI/Meta-Llama-3.1-8B-quantized.w8a8,llama-3,Meta-Llama-3.1-8B,w8a8_int,winogrande,77.9,78.22,0.32,-0.29284552845528455,-1.5771367339428308,0.9914456770322618,False,True,Meta-Llama-3.1-8B|s4
RedHatAI/Meta-Llama-3.1-8B-quantized.w8a8,llama-3,Meta-Llama-3.1-8B,w8a8_int,truthfulqa,44.15,43.36,-0.79,-0.29284552845528455,-2.2068937051819018,1.6212026482713324,False,True,Meta-Llama-3.1-8B|s4
RedHatAI/Meta-Llama-3.1-8B-Instruct-FP8-dynamic,llama-3,Meta-Llama-3.1-8B-Instruct,fp8_dynamic,mmlu,67.95,68.02,0.07,-0.10353333333333332,-1.4408273068072412,1.2337606401405747,False,True,Meta-Llama-3.1-8B-Instruct|s0
RedHatAI/Meta-Llama-3.1-8B-Instruct-FP8-dynamic,llama-3,Meta-Llama-3.1-8B-Instruct,fp8_dynamic,arena_hard,25.8,27.2,1.4,-0.10353333333333332,-6.747989302074099,6.540922635407433,False,True,Meta-Llama-3.1-8B-Instruct|s0
RedHatAI/Meta-Llama-3.1-8B-Instruct-FP8-dynamic,llama-3,Meta-Llama-3.1-8B-Instruct,fp8_dynamic,mmlu_cot,71.2,71.6,0.4,-0.10353333333333332,-1.4011738006813546,1.194107134014688,False,True,Meta-Llama-3.1-8B-Instruct|s0
RedHatAI/Meta-Llama-3.1-8B-Instruct-FP8-dynamic,llama-3,Meta-Llama-3.1-8B-Instruct,fp8_dynamic,arc_challenge,82.0,81.2,-0.8,-0.10353333333333332,-3.9142968369681985,3.7072301703015316,False,True,Meta-Llama-3.1-8B-Instruct|s0
RedHatAI/Meta-Llama-3.1-8B-Instruct-FP8-dynamic,llama-3,Meta-Llama-3.1-8B-Instruct,fp8_dynamic,gsm8k,82.0,82.0,0.0,-0.10353333333333332,-3.69567458068758,3.488607914020913,False,True,Meta-Llama-3.1-8B-Instruct|s0
RedHatAI/Meta-Llama-3.1-8B-Instruct-FP8-dynamic,llama-3,Meta-Llama-3.1-8B-Instruct,fp8_dynamic,hellaswag,80.5,80.0,-0.5,-0.10353333333333332,-1.4461058779577962,1.2390392112911297,False,True,Meta-Llama-3.1-8B-Instruct|s0
RedHatAI/Meta-Llama-3.1-8B-Instruct-FP8-dynamic,llama-3,Meta-Llama-3.1-8B-Instruct,fp8_dynamic,winogrande,78.5,77.7,-0.8,-0.10353333333333332,-4.022741895476131,3.815675228809465,False,True,Meta-Llama-3.1-8B-Instruct|s0
RedHatAI/Meta-Llama-3.1-8B-Instruct-FP8-dynamic,llama-3,Meta-Llama-3.1-8B-Instruct,fp8_dynamic,truthfulqa,54.5,54.3,-0.2,-0.10353333333333332,-6.019497646590039,5.812430979923373,False,True,Meta-Llama-3.1-8B-Instruct|s0
RedHatAI/Meta-Llama-3.1-8B-Instruct-FP8-dynamic,llama-3,Meta-Llama-3.1-8B-Instruct,fp8_dynamic,mmlu_pro,30.8,31.2,0.4,-0.10353333333333332,-1.5327304066849137,1.3256637400182472,False,True,Meta-Llama-3.1-8B-Instruct|s0
RedHatAI/Meta-Llama-3.1-8B-Instruct-FP8-dynamic,llama-3,Meta-Llama-3.1-8B-Instruct,fp8_dynamic,ifeval,77.9,77.2,-0.7,-0.10353333333333332,-6.1611091359923735,5.9540424693257075,False,True,Meta-Llama-3.1-8B-Instruct|s0
RedHatAI/Meta-Llama-3.1-8B-Instruct-FP8-dynamic,llama-3,Meta-Llama-3.1-8B-Instruct,fp8_dynamic,bbh,30.1,29.7,-0.4,-0.10353333333333332,-2.0338591200600384,1.8267924533933717,False,True,Meta-Llama-3.1-8B-Instruct|s0
RedHatAI/Meta-Llama-3.1-8B-Instruct-FP8-dynamic,llama-3,Meta-Llama-3.1-8B-Instruct,fp8_dynamic,humaneval,67.3,67.3,0.0,-0.10353333333333332,-12.542723543795619,12.335656877128953,False,True,Meta-Llama-3.1-8B-Instruct|s0
RedHatAI/Meta-Llama-3.1-8B-Instruct-FP8-dynamic,llama-3,Meta-Llama-3.1-8B-Instruct,fp8_dynamic,humaneval_plus,60.7,61.3,0.6,-0.10353333333333332,-13.05447421891571,12.847407552249043,False,True,Meta-Llama-3.1-8B-Instruct|s0
RedHatAI/Meta-Llama-3.1-8B-Instruct-FP8,llama-3,Meta-Llama-3.1-8B-Instruct,fp8,mmlu,67.95,67.97,0.02,-0.31489795918367347,-0.7025625798506365,0.07276666148328964,False,True,Meta-Llama-3.1-8B-Instruct|s0
RedHatAI/Meta-Llama-3.1-8B-Instruct-FP8,llama-3,Meta-Llama-3.1-8B-Instruct,fp8,mmlu_cot,71.24,71.12,-0.12,-0.31489795918367347,-0.6909117873540921,0.06111586898674515,False,True,Meta-Llama-3.1-8B-Instruct|s0
RedHatAI/Meta-Llama-3.1-8B-Instruct-FP8,llama-3,Meta-Llama-3.1-8B-Instruct,fp8,arc_challenge,82.0,81.66,-0.34,-0.31489795918367347,-1.4195901341214832,0.7897942157541363,False,True,Meta-Llama-3.1-8B-Instruct|s0
RedHatAI/Meta-Llama-3.1-8B-Instruct-FP8,llama-3,Meta-Llama-3.1-8B-Instruct,fp8,gsm8k,81.96,81.12,-0.84,-0.31489795918367347,-1.3571163886555975,0.7273204702882504,False,True,Meta-Llama-3.1-8B-Instruct|s0
RedHatAI/Meta-Llama-3.1-8B-Instruct-FP8,llama-3,Meta-Llama-3.1-8B-Instruct,fp8,hellaswag,80.46,80.4,-0.06,-0.31489795918367347,-0.7043949350683658,0.07459901670101887,False,True,Meta-Llama-3.1-8B-Instruct|s0
RedHatAI/Meta-Llama-3.1-8B-Instruct-FP8,llama-3,Meta-Llama-3.1-8B-Instruct,fp8,winogrande,78.45,77.9,-0.55,-0.31489795918367347,-1.4519849963030267,0.8221890779356799,False,True,Meta-Llama-3.1-8B-Instruct|s0
RedHatAI/Meta-Llama-3.1-8B-Instruct-FP8,llama-3,Meta-Llama-3.1-8B-Instruct,fp8,truthfulqa,54.5,53.92,-0.58,-0.31489795918367347,-2.0298612409072327,1.4000653225398856,False,True,Meta-Llama-3.1-8B-Instruct|s0
RedHatAI/Meta-Llama-3.1-8B-Instruct-quantized.w4a16,llama-3,Meta-Llama-3.1-8B-Instruct,w4a16,arena_hard,25.8,27.2,1.4,-0.604078947368421,-9.85330254329923,8.645144648562388,False,True,Meta-Llama-3.1-8B-Instruct|s0
RedHatAI/Meta-Llama-3.1-8B-Instruct-quantized.w4a16,llama-3,Meta-Llama-3.1-8B-Instruct,w4a16,mmlu,68.3,66.9,-1.4,-0.604078947368421,-2.4601900715763145,1.2520321768394722,False,True,Meta-Llama-3.1-8B-Instruct|s0
RedHatAI/Meta-Llama-3.1-8B-Instruct-quantized.w4a16,llama-3,Meta-Llama-3.1-8B-Instruct,w4a16,mmlu_cot,72.8,71.1,-1.7,-0.604078947368421,-2.379143422083519,1.170985527346677,False,True,Meta-Llama-3.1-8B-Instruct|s0
RedHatAI/Meta-Llama-3.1-8B-Instruct-quantized.w4a16,llama-3,Meta-Llama-3.1-8B-Instruct,w4a16,gsm8k,82.8,82.9,0.1,-0.604078947368421,-5.515820072088103,4.3076621773512604,False,True,Meta-Llama-3.1-8B-Instruct|s0
RedHatAI/Meta-Llama-3.1-8B-Instruct-quantized.w4a16,llama-3,Meta-Llama-3.1-8B-Instruct,w4a16,hellaswag,80.5,79.9,-0.6,-0.604078947368421,-2.472968397070474,1.2648105023336322,False,True,Meta-Llama-3.1-8B-Instruct|s0
RedHatAI/Meta-Llama-3.1-8B-Instruct-quantized.w4a16,llama-3,Meta-Llama-3.1-8B-Instruct,w4a16,winogrande,78.1,78.0,-0.1,-0.604078947368421,-6.0961701667030495,4.888012271966207,False,True,Meta-Llama-3.1-8B-Instruct|s0
RedHatAI/Meta-Llama-3.1-8B-Instruct-quantized.w4a16,llama-3,Meta-Llama-3.1-8B-Instruct,w4a16,truthfulqa,54.5,52.8,-1.7,-0.604078947368421,-8.839226712103855,7.631068817367012,False,True,Meta-Llama-3.1-8B-Instruct|s0
RedHatAI/Meta-Llama-3.1-8B-Instruct-quantized.w4a16,llama-3,Meta-Llama-3.1-8B-Instruct,w4a16,mmlu_pro,30.8,28.8,-2.0,-0.604078947368421,-2.5935515778242606,1.3853936830874183,False,True,Meta-Llama-3.1-8B-Instruct|s0
RedHatAI/Meta-Llama-3.1-8B-Instruct-quantized.w4a16,llama-3,Meta-Llama-3.1-8B-Instruct,w4a16,ifeval,77.9,76.3,-1.6,-0.604078947368421,-9.03635290804781,7.8281950133109675,False,True,Meta-Llama-3.1-8B-Instruct|s0
RedHatAI/Meta-Llama-3.1-8B-Instruct-quantized.w4a16,llama-3,Meta-Llama-3.1-8B-Instruct,w4a16,bbh,30.1,28.9,-1.2,-0.604078947368421,-3.2911333726549463,2.0829754779181044,False,True,Meta-Llama-3.1-8B-Instruct|s0
RedHatAI/Meta-Llama-3.1-8B-Instruct-quantized.w4a16,llama-3,Meta-Llama-3.1-8B-Instruct,w4a16,humaneval,67.3,67.1,-0.2,-0.604078947368421,-17.919695477924456,16.711537583187614,False,True,Meta-Llama-3.1-8B-Instruct|s0
RedHatAI/Meta-Llama-3.1-8B-Instruct-quantized.w4a16,llama-3,Meta-Llama-3.1-8B-Instruct,w4a16,humaneval_plus,60.7,59.1,-1.6,-0.604078947368421,-18.632063268729652,17.42390537399281,False,True,Meta-Llama-3.1-8B-Instruct|s0
RedHatAI/Meta-Llama-3.1-8B-Instruct-quantized.w8a16,llama-3,Meta-Llama-3.1-8B-Instruct,w8a16,hellaswag,80.47,80.48,0.01,-0.07126760563380281,-0.5051628080073671,0.36262759673976147,False,True,Meta-Llama-3.1-8B-Instruct|s0
RedHatAI/Meta-Llama-3.1-8B-Instruct-quantized.w8a16,llama-3,Meta-Llama-3.1-8B-Instruct,w8a16,winogrande,78.06,77.51,-0.55,-0.07126760563380281,-1.346446488029885,1.2039112767622793,False,True,Meta-Llama-3.1-8B-Instruct|s0
RedHatAI/Meta-Llama-3.1-8B-Instruct-quantized.w8a16,llama-3,Meta-Llama-3.1-8B-Instruct,w8a16,truthfulqa,54.48,54.41,-0.07,-0.07126760563380281,-1.982156701463838,1.8396214901962322,False,True,Meta-Llama-3.1-8B-Instruct|s0
RedHatAI/Meta-Llama-3.1-8B-Instruct-quantized.w8a8,llama-3,Meta-Llama-3.1-8B-Instruct,w8a8_int,arena_hard,25.8,27.2,1.4,-0.4151127819548872,-2.8677181620247802,2.037492598115006,False,True,Meta-Llama-3.1-8B-Instruct|s0
RedHatAI/Meta-Llama-3.1-8B-Instruct-quantized.w8a8,llama-3,Meta-Llama-3.1-8B-Instruct,w8a8_int,mmlu,68.3,67.8,-0.5,-0.4151127819548872,-0.9072955129727255,0.07706994906295106,False,True,Meta-Llama-3.1-8B-Instruct|s0
RedHatAI/Meta-Llama-3.1-8B-Instruct-quantized.w8a8,llama-3,Meta-Llama-3.1-8B-Instruct,w8a8_int,mmlu_cot,72.8,72.2,-0.6,-0.4151127819548872,-0.885804471425182,0.05557890751540756,False,True,Meta-Llama-3.1-8B-Instruct|s0
RedHatAI/Meta-Llama-3.1-8B-Instruct-quantized.w8a8,llama-3,Meta-Llama-3.1-8B-Instruct,w8a8_int,arc_challenge,81.4,81.7,0.3,-0.4151127819548872,-1.839754776015503,1.0095292121057287,False,True,Meta-Llama-3.1-8B-Instruct|s0
RedHatAI/Meta-Llama-3.1-8B-Instruct-quantized.w8a8,llama-3,Meta-Llama-3.1-8B-Instruct,w8a8_int,gsm8k,82.8,84.8,2.0,-0.4151127819548872,-1.7175532066082513,0.8873276426984769,False,False,Meta-Llama-3.1-8B-Instruct|s0
RedHatAI/Meta-Llama-3.1-8B-Instruct-quantized.w8a8,llama-3,Meta-Llama-3.1-8B-Instruct,w8a8_int,hellaswag,80.5,80.3,-0.2,-0.4151127819548872,-0.9106839260141237,0.08045836210434937,False,True,Meta-Llama-3.1-8B-Instruct|s0
RedHatAI/Meta-Llama-3.1-8B-Instruct-quantized.w8a8,llama-3,Meta-Llama-3.1-8B-Instruct,w8a8_int,winogrande,78.1,78.5,0.4,-0.4151127819548872,-1.8714439358801547,1.0412183719703803,False,True,Meta-Llama-3.1-8B-Instruct|s0
RedHatAI/Meta-Llama-3.1-8B-Instruct-quantized.w8a8,llama-3,Meta-Llama-3.1-8B-Instruct,w8a8_int,truthfulqa,54.5,54.7,0.2,-0.4151127819548872,-2.5988169063039392,1.7685913423941648,False,True,Meta-Llama-3.1-8B-Instruct|s0
RedHatAI/Meta-Llama-3.1-8B-Instruct-quantized.w8a8,llama-3,Meta-Llama-3.1-8B-Instruct,w8a8_int,mmlu_pro,30.8,30.9,0.1,-0.4151127819548872,-0.942658821506194,0.11243325759641953,False,True,Meta-Llama-3.1-8B-Instruct|s0
RedHatAI/Meta-Llama-3.1-8B-Instruct-quantized.w8a8,llama-3,Meta-Llama-3.1-8B-Instruct,w8a8_int,ifeval,77.9,78.0,0.1,-0.4151127819548872,-2.6510886201089296,1.8208630561991552,False,True,Meta-Llama-3.1-8B-Instruct|s0
RedHatAI/Meta-Llama-3.1-8B-Instruct-quantized.w8a8,llama-3,Meta-Llama-3.1-8B-Instruct,w8a8_int,bbh,30.1,31.0,0.9,-0.4151127819548872,-1.12763573824905,0.2974101743392755,False,False,Meta-Llama-3.1-8B-Instruct|s0
RedHatAI/Meta-Llama-3.1-8B-Instruct-quantized.w8a8,llama-3,Meta-Llama-3.1-8B-Instruct,w8a8_int,humaneval,67.3,67.1,-0.2,-0.4151127819548872,-5.0066737731663915,4.176448209256617,False,True,Meta-Llama-3.1-8B-Instruct|s0
RedHatAI/Meta-Llama-3.1-8B-Instruct-quantized.w8a8,llama-3,Meta-Llama-3.1-8B-Instruct,w8a8_int,humaneval_plus,60.7,60.0,-0.7,-0.4151127819548872,-5.1955714744919375,4.365345910582163,False,True,Meta-Llama-3.1-8B-Instruct|s0
RedHatAI/Meta-Llama-3.1-8B-Instruct-FP8-dynamic,llama-3,Meta-Llama-3.1-8B-Instruct,fp8_dynamic,mmlu,67.95,68.02,0.07,-0.0311764705882353,-0.5583424520770494,0.4959895109005788,False,True,Meta-Llama-3.1-8B-Instruct|s1
RedHatAI/Meta-Llama-3.1-8B-Instruct-FP8-dynamic,llama-3,Meta-Llama-3.1-8B-Instruct,fp8_dynamic,arena_hard,25.8,27.2,1.4,-0.0311764705882353,-2.6504443516221556,2.588091410445685,False,True,Meta-Llama-3.1-8B-Instruct|s1
RedHatAI/Meta-Llama-3.1-8B-Instruct-FP8-dynamic,llama-3,Meta-Llama-3.1-8B-Instruct,fp8_dynamic,mmlu_cot,71.2,71.6,0.4,-0.0311764705882353,-0.5427109006822404,0.4803579595057698,False,True,Meta-Llama-3.1-8B-Instruct|s1
RedHatAI/Meta-Llama-3.1-8B-Instruct-FP8-dynamic,llama-3,Meta-Llama-3.1-8B-Instruct,fp8_dynamic,arc_challenge,82.0,81.2,-0.8,-0.0311764705882353,-1.5333928287438503,1.4710398875673796,False,True,Meta-Llama-3.1-8B-Instruct|s1
RedHatAI/Meta-Llama-3.1-8B-Instruct-FP8-dynamic,llama-3,Meta-Llama-3.1-8B-Instruct,fp8_dynamic,gsm8k,82.0,82.0,0.0,-0.0311764705882353,-1.4472111674236514,1.3848582262471807,False,True,Meta-Llama-3.1-8B-Instruct|s1
RedHatAI/Meta-Llama-3.1-8B-Instruct-FP8-dynamic,llama-3,Meta-Llama-3.1-8B-Instruct,fp8_dynamic,hellaswag,80.5,80.0,-0.5,-0.0311764705882353,-0.5604232833651858,0.4980703421887152,False,True,Meta-Llama-3.1-8B-Instruct|s1
RedHatAI/Meta-Llama-3.1-8B-Instruct-FP8-dynamic,llama-3,Meta-Llama-3.1-8B-Instruct,fp8_dynamic,winogrande,78.5,77.7,-0.8,-0.0311764705882353,-1.576142251712862,1.5137893105363913,False,True,Meta-Llama-3.1-8B-Instruct|s1
RedHatAI/Meta-Llama-3.1-8B-Instruct-FP8-dynamic,llama-3,Meta-Llama-3.1-8B-Instruct,fp8_dynamic,truthfulqa,54.5,54.3,-0.2,-0.0311764705882353,-2.3632703822577015,2.3009174410812308,False,True,Meta-Llama-3.1-8B-Instruct|s1
RedHatAI/Meta-Llama-3.1-8B-Instruct-FP8-dynamic,llama-3,Meta-Llama-3.1-8B-Instruct,fp8_dynamic,mmlu_pro,30.8,31.2,0.4,-0.0311764705882353,-0.5945709768516156,0.5322180356751451,False,True,Meta-Llama-3.1-8B-Instruct|s1
RedHatAI/Meta-Llama-3.1-8B-Instruct-FP8-dynamic,llama-3,Meta-Llama-3.1-8B-Instruct,fp8_dynamic,ifeval,77.9,77.2,-0.7,-0.0311764705882353,-2.419094128779902,2.3567411876034314,False,True,Meta-Llama-3.1-8B-Instruct|s1
RedHatAI/Meta-Llama-3.1-8B-Instruct-FP8-dynamic,llama-3,Meta-Llama-3.1-8B-Instruct,fp8_dynamic,bbh,30.1,29.7,-0.4,-0.0311764705882353,-0.7921176758413412,0.7297647346648707,False,True,Meta-Llama-3.1-8B-Instruct|s1
RedHatAI/Meta-Llama-3.1-8B-Instruct-FP8-dynamic,llama-3,Meta-Llama-3.1-8B-Instruct,fp8_dynamic,humaneval,67.3,67.3,0.0,-0.0311764705882353,-4.934748943280862,4.8723960021043915,False,True,Meta-Llama-3.1-8B-Instruct|s1
RedHatAI/Meta-Llama-3.1-8B-Instruct-FP8-dynamic,llama-3,Meta-Llama-3.1-8B-Instruct,fp8_dynamic,humaneval_plus,60.7,61.3,0.6,-0.0311764705882353,-5.136482856899302,5.074129915722831,False,True,Meta-Llama-3.1-8B-Instruct|s1
RedHatAI/Meta-Llama-3.1-8B-Instruct-FP8,llama-3,Meta-Llama-3.1-8B-Instruct,fp8,mmlu,67.95,67.97,0.02,-0.20046511627906974,-0.5830853039434084,0.1821550713852689,False,True,Meta-Llama-3.1-8B-Instruct|s1
RedHatAI/Meta-Llama-3.1-8B-Instruct-FP8,llama-3,Meta-Llama-3.1-8B-Instruct,fp8,mmlu_cot,71.24,71.12,-0.12,-0.20046511627906974,-0.5715861157951668,0.17065588323702732,False,True,Meta-Llama-3.1-8B-Instruct|s1
RedHatAI/Meta-Llama-3.1-8B-Instruct-FP8,llama-3,Meta-Llama-3.1-8B-Instruct,fp8,arc_challenge,82.0,81.66,-0.34,-0.20046511627906974,-1.2907826349601133,0.8898524024019737,False,True,Meta-Llama-3.1-8B-Instruct|s1
RedHatAI/Meta-Llama-3.1-8B-Instruct-FP8,llama-3,Meta-Llama-3.1-8B-Instruct,fp8,gsm8k,81.96,81.12,-0.84,-0.20046511627906974,-1.2291218205862715,0.828191588028132,False,True,Meta-Llama-3.1-8B-Instruct|s1
RedHatAI/Meta-Llama-3.1-8B-Instruct-FP8,llama-3,Meta-Llama-3.1-8B-Instruct,fp8,hellaswag,80.46,80.4,-0.06,-0.20046511627906974,-0.5848938158887829,0.18396358333064342,False,True,Meta-Llama-3.1-8B-Instruct|s1
RedHatAI/Meta-Llama-3.1-8B-Instruct-FP8,llama-3,Meta-Llama-3.1-8B-Instruct,fp8,winogrande,78.45,77.9,-0.55,-0.20046511627906974,-1.3227559634158736,0.9218257308577341,False,True,Meta-Llama-3.1-8B-Instruct|s1
RedHatAI/Meta-Llama-3.1-8B-Instruct-FP8,llama-3,Meta-Llama-3.1-8B-Instruct,fp8,truthfulqa,54.5,53.92,-0.58,-0.20046511627906974,-1.8931126722040463,1.4921824396459067,False,True,Meta-Llama-3.1-8B-Instruct|s1
RedHatAI/Meta-Llama-3.1-8B-Instruct-quantized.w4a16,llama-3,Meta-Llama-3.1-8B-Instruct,w4a16,arena_hard,25.8,27.2,1.4,-0.7063999999999999,-8.10295334764015,6.690153347640152,False,True,Meta-Llama-3.1-8B-Instruct|s1
RedHatAI/Meta-Llama-3.1-8B-Instruct-quantized.w4a16,llama-3,Meta-Llama-3.1-8B-Instruct,w4a16,mmlu,68.3,66.9,-1.4,-0.7063999999999999,-2.190721879232329,0.7779218792323292,False,True,Meta-Llama-3.1-8B-Instruct|s1
RedHatAI/Meta-Llama-3.1-8B-Instruct-quantized.w4a16,llama-3,Meta-Llama-3.1-8B-Instruct,w4a16,mmlu_cot,72.8,71.1,-1.7,-0.7063999999999999,-2.1259093184369897,0.7131093184369897,False,True,Meta-Llama-3.1-8B-Instruct|s1
RedHatAI/Meta-Llama-3.1-8B-Instruct-quantized.w4a16,llama-3,Meta-Llama-3.1-8B-Instruct,w4a16,gsm8k,82.8,82.9,0.1,-0.7063999999999999,-4.634292420588741,3.221492420588741,False,True,Meta-Llama-3.1-8B-Instruct|s1
RedHatAI/Meta-Llama-3.1-8B-Instruct-quantized.w4a16,llama-3,Meta-Llama-3.1-8B-Instruct,w4a16,hellaswag,80.5,79.9,-0.6,-0.7063999999999999,-2.200940635999399,0.7881406359993994,False,True,Meta-Llama-3.1-8B-Instruct|s1
RedHatAI/Meta-Llama-3.1-8B-Instruct-quantized.w4a16,llama-3,Meta-Llama-3.1-8B-Instruct,w4a16,winogrande,78.1,78.0,-0.1,-0.7063999999999999,-5.098395206147519,3.6855952061475183,False,True,Meta-Llama-3.1-8B-Instruct|s1
RedHatAI/Meta-Llama-3.1-8B-Instruct-quantized.w4a16,llama-3,Meta-Llama-3.1-8B-Instruct,w4a16,truthfulqa,54.5,52.8,-1.7,-0.7063999999999999,-7.292002470932074,5.879202470932075,False,True,Meta-Llama-3.1-8B-Instruct|s1
RedHatAI/Meta-Llama-3.1-8B-Instruct-quantized.w4a16,llama-3,Meta-Llama-3.1-8B-Instruct,w4a16,mmlu_pro,30.8,28.8,-2.0,-0.7063999999999999,-2.297370343857895,0.8845703438578953,False,True,Meta-Llama-3.1-8B-Instruct|s1
RedHatAI/Meta-Llama-3.1-8B-Instruct-quantized.w4a16,llama-3,Meta-Llama-3.1-8B-Instruct,w4a16,ifeval,77.9,76.3,-1.6,-0.7063999999999999,-7.4496432079511585,6.03684320795116,False,True,Meta-Llama-3.1-8B-Instruct|s1
RedHatAI/Meta-Llama-3.1-8B-Instruct-quantized.w4a16,llama-3,Meta-Llama-3.1-8B-Instruct,w4a16,bbh,30.1,28.9,-1.2,-0.7063999999999999,-2.8552226766826467,1.442422676682647,False,True,Meta-Llama-3.1-8B-Instruct|s1
RedHatAI/Meta-Llama-3.1-8B-Instruct-quantized.w4a16,llama-3,Meta-Llama-3.1-8B-Instruct,w4a16,humaneval,67.3,67.1,-0.2,-0.7063999999999999,-14.55360350710132,13.14080350710132,False,True,Meta-Llama-3.1-8B-Instruct|s1
RedHatAI/Meta-Llama-3.1-8B-Instruct-quantized.w4a16,llama-3,Meta-Llama-3.1-8B-Instruct,w4a16,humaneval_plus,60.7,59.1,-1.6,-0.7063999999999999,-15.123280119757686,13.710480119757685,False,True,Meta-Llama-3.1-8B-Instruct|s1
RedHatAI/Meta-Llama-3.1-8B-Instruct-quantized.w8a16,llama-3,Meta-Llama-3.1-8B-Instruct,w8a16,hellaswag,80.47,80.48,0.01,-0.12492307692307691,-0.4884357492956476,0.23858959544949376,False,True,Meta-Llama-3.1-8B-Instruct|s1
RedHatAI/Meta-Llama-3.1-8B-Instruct-quantized.w8a16,llama-3,Meta-Llama-3.1-8B-Instruct,w8a16,winogrande,78.06,77.51,-0.55,-0.12492307692307691,-1.1932540489115102,0.9434078950653564,False,True,Meta-Llama-3.1-8B-Instruct|s1
RedHatAI/Meta-Llama-3.1-8B-Instruct-quantized.w8a16,llama-3,Meta-Llama-3.1-8B-Instruct,w8a16,truthfulqa,54.48,54.41,-0.07,-0.12492307692307691,-1.7258451383630051,1.4759989845168513,False,True,Meta-Llama-3.1-8B-Instruct|s1
RedHatAI/Meta-Llama-3.1-8B-Instruct-quantized.w8a8,llama-3,Meta-Llama-3.1-8B-Instruct,w8a8_int,arena_hard,25.8,27.2,1.4,-0.35177631578947366,-3.331191971091314,2.6276393395123665,False,True,Meta-Llama-3.1-8B-Instruct|s1
RedHatAI/Meta-Llama-3.1-8B-Instruct-quantized.w8a8,llama-3,Meta-Llama-3.1-8B-Instruct,w8a8_int,mmlu,68.3,67.8,-0.5,-0.35177631578947366,-0.949678019006798,0.24612538742785073,False,True,Meta-Llama-3.1-8B-Instruct|s1
RedHatAI/Meta-Llama-3.1-8B-Instruct-quantized.w8a8,llama-3,Meta-Llama-3.1-8B-Instruct,w8a8_int,mmlu_cot,72.8,72.2,-0.6,-0.35177631578947366,-0.9235707837557408,0.22001815217679344,False,True,Meta-Llama-3.1-8B-Instruct|s1
RedHatAI/Meta-Llama-3.1-8B-Instruct-quantized.w8a8,llama-3,Meta-Llama-3.1-8B-Instruct,w8a8_int,arc_challenge,81.4,81.7,0.3,-0.35177631578947366,-2.0824259730056993,1.3788733414267518,False,True,Meta-Llama-3.1-8B-Instruct|s1
RedHatAI/Meta-Llama-3.1-8B-Instruct-quantized.w8a8,llama-3,Meta-Llama-3.1-8B-Instruct,w8a8_int,gsm8k,82.8,84.8,2.0,-0.35177631578947366,-1.9339759728739843,1.2304233412950367,False,False,Meta-Llama-3.1-8B-Instruct|s1
RedHatAI/Meta-Llama-3.1-8B-Instruct-quantized.w8a8,llama-3,Meta-Llama-3.1-8B-Instruct,w8a8_int,hellaswag,80.5,80.3,-0.2,-0.35177631578947366,-0.9537942502375569,0.2502416186586096,False,True,Meta-Llama-3.1-8B-Instruct|s1
RedHatAI/Meta-Llama-3.1-8B-Instruct-quantized.w8a8,llama-3,Meta-Llama-3.1-8B-Instruct,w8a8_int,winogrande,78.1,78.5,0.4,-0.35177631578947366,-2.1209218434671,1.4173692118881527,False,True,Meta-Llama-3.1-8B-Instruct|s1
RedHatAI/Meta-Llama-3.1-8B-Instruct-quantized.w8a8,llama-3,Meta-Llama-3.1-8B-Instruct,w8a8_int,truthfulqa,54.5,54.7,0.2,-0.35177631578947366,-3.004531751907515,2.3009791203285674,False,True,Meta-Llama-3.1-8B-Instruct|s1
RedHatAI/Meta-Llama-3.1-8B-Instruct-quantized.w8a8,llama-3,Meta-Llama-3.1-8B-Instruct,w8a8_int,mmlu_pro,30.8,30.9,0.1,-0.35177631578947366,-0.9926372312486313,0.28908459966968403,False,True,Meta-Llama-3.1-8B-Instruct|s1
RedHatAI/Meta-Llama-3.1-8B-Instruct-quantized.w8a8,llama-3,Meta-Llama-3.1-8B-Instruct,w8a8_int,ifeval,77.9,78.0,0.1,-0.35177631578947366,-3.068031230341998,2.3644785987630503,False,True,Meta-Llama-3.1-8B-Instruct|s1
RedHatAI/Meta-Llama-3.1-8B-Instruct-quantized.w8a8,llama-3,Meta-Llama-3.1-8B-Instruct,w8a8_int,bbh,30.1,31.0,0.9,-0.35177631578947366,-1.2173464837405366,0.5137938521615892,False,False,Meta-Llama-3.1-8B-Instruct|s1
RedHatAI/Meta-Llama-3.1-8B-Instruct-quantized.w8a8,llama-3,Meta-Llama-3.1-8B-Instruct,w8a8_int,humaneval,67.3,67.1,-0.2,-0.35177631578947366,-5.929587084148362,5.226034452569414,False,True,Meta-Llama-3.1-8B-Instruct|s1
RedHatAI/Meta-Llama-3.1-8B-Instruct-quantized.w8a8,llama-3,Meta-Llama-3.1-8B-Instruct,w8a8_int,humaneval_plus,60.7,60.0,-0.7,-0.35177631578947366,-6.1590592907875825,5.455506659208635,False,True,Meta-Llama-3.1-8B-Instruct|s1
RedHatAI/Meta-Llama-3.1-8B-Instruct-FP8-dynamic,llama-3,Meta-Llama-3.1-8B-Instruct,fp8_dynamic,mmlu,67.95,68.02,0.07,-0.03301886792452831,-1.1461849612929054,1.080147225443849,False,True,Meta-Llama-3.1-8B-Instruct|s2
RedHatAI/Meta-Llama-3.1-8B-Instruct-FP8-dynamic,llama-3,Meta-Llama-3.1-8B-Instruct,fp8_dynamic,arena_hard,25.8,27.2,1.4,-0.03301886792452831,-5.563876884182286,5.49783914833323,False,True,Meta-Llama-3.1-8B-Instruct|s2
RedHatAI/Meta-Llama-3.1-8B-Instruct-FP8-dynamic,llama-3,Meta-Llama-3.1-8B-Instruct,fp8_dynamic,mmlu_cot,71.2,71.6,0.4,-0.03301886792452831,-1.1131773059993975,1.047139570150341,False,True,Meta-Llama-3.1-8B-Instruct|s2
RedHatAI/Meta-Llama-3.1-8B-Instruct-FP8-dynamic,llama-3,Meta-Llama-3.1-8B-Instruct,fp8_dynamic,arc_challenge,82.0,81.2,-0.8,-0.03301886792452831,-3.2051057884035568,3.1390680525545,False,True,Meta-Llama-3.1-8B-Instruct|s2
RedHatAI/Meta-Llama-3.1-8B-Instruct-FP8-dynamic,llama-3,Meta-Llama-3.1-8B-Instruct,fp8_dynamic,gsm8k,82.0,82.0,0.0,-0.03301886792452831,-3.023124198884321,2.9570864630352642,False,True,Meta-Llama-3.1-8B-Instruct|s2
RedHatAI/Meta-Llama-3.1-8B-Instruct-FP8-dynamic,llama-3,Meta-Llama-3.1-8B-Instruct,fp8_dynamic,hellaswag,80.5,80.0,-0.5,-0.03301886792452831,-1.1505788541412865,1.08454111829223,False,True,Meta-Llama-3.1-8B-Instruct|s2
RedHatAI/Meta-Llama-3.1-8B-Instruct-FP8-dynamic,llama-3,Meta-Llama-3.1-8B-Instruct,fp8_dynamic,winogrande,78.5,77.7,-0.8,-0.03301886792452831,-3.295375665123925,3.2293379292748683,False,True,Meta-Llama-3.1-8B-Instruct|s2
RedHatAI/Meta-Llama-3.1-8B-Instruct-FP8-dynamic,llama-3,Meta-Llama-3.1-8B-Instruct,fp8_dynamic,truthfulqa,54.5,54.3,-0.2,-0.03301886792452831,-4.957479019335799,4.891441283486743,False,True,Meta-Llama-3.1-8B-Instruct|s2
RedHatAI/Meta-Llama-3.1-8B-Instruct-FP8-dynamic,llama-3,Meta-Llama-3.1-8B-Instruct,fp8_dynamic,mmlu_pro,30.8,31.2,0.4,-0.03301886792452831,-1.2226852796137286,1.1566475437646722,False,True,Meta-Llama-3.1-8B-Instruct|s2
RedHatAI/Meta-Llama-3.1-8B-Instruct-FP8-dynamic,llama-3,Meta-Llama-3.1-8B-Instruct,fp8_dynamic,ifeval,77.9,77.2,-0.7,-0.03301886792452831,-5.0753566973638975,5.0093189615148415,False,True,Meta-Llama-3.1-8B-Instruct|s2
RedHatAI/Meta-Llama-3.1-8B-Instruct-FP8-dynamic,llama-3,Meta-Llama-3.1-8B-Instruct,fp8_dynamic,bbh,30.1,29.7,-0.4,-0.03301886792452831,-1.6398257911299816,1.5737880552809251,False,True,Meta-Llama-3.1-8B-Instruct|s2
RedHatAI/Meta-Llama-3.1-8B-Instruct-FP8-dynamic,llama-3,Meta-Llama-3.1-8B-Instruct,fp8_dynamic,humaneval,67.3,67.3,0.0,-0.03301886792452831,-10.387424889269417,10.321387153420359,False,True,Meta-Llama-3.1-8B-Instruct|s2
RedHatAI/Meta-Llama-3.1-8B-Instruct-FP8-dynamic,llama-3,Meta-Llama-3.1-8B-Instruct,fp8_dynamic,humaneval_plus,60.7,61.3,0.6,-0.03301886792452831,-10.813407142313029,10.74736940646397,False,True,Meta-Llama-3.1-8B-Instruct|s2
RedHatAI/Meta-Llama-3.1-8B-Instruct-FP8,llama-3,Meta-Llama-3.1-8B-Instruct,fp8,mmlu,67.95,67.97,0.02,-0.21068181818181816,-0.5910018963063152,0.1696382599426788,False,True,Meta-Llama-3.1-8B-Instruct|s2
RedHatAI/Meta-Llama-3.1-8B-Instruct-FP8,llama-3,Meta-Llama-3.1-8B-Instruct,fp8,mmlu_cot,71.24,71.12,-0.12,-0.21068181818181816,-0.5795718351754473,0.15820819881181095,False,True,Meta-Llama-3.1-8B-Instruct|s2
RedHatAI/Meta-Llama-3.1-8B-Instruct-FP8,llama-3,Meta-Llama-3.1-8B-Instruct,fp8,arc_challenge,82.0,81.66,-0.34,-0.21068181818181816,-1.2944449264918783,0.8730812901282419,False,True,Meta-Llama-3.1-8B-Instruct|s2
RedHatAI/Meta-Llama-3.1-8B-Instruct-FP8,llama-3,Meta-Llama-3.1-8B-Instruct,fp8,gsm8k,81.96,81.12,-0.84,-0.21068181818181816,-1.2331547842151922,0.8117911478515558,False,True,Meta-Llama-3.1-8B-Instruct|s2
RedHatAI/Meta-Llama-3.1-8B-Instruct-FP8,llama-3,Meta-Llama-3.1-8B-Instruct,fp8,hellaswag,80.46,80.4,-0.06,-0.21068181818181816,-0.5927995364375184,0.171435900073882,False,True,Meta-Llama-3.1-8B-Instruct|s2
RedHatAI/Meta-Llama-3.1-8B-Instruct-FP8,llama-3,Meta-Llama-3.1-8B-Instruct,fp8,winogrande,78.45,77.9,-0.55,-0.21068181818181816,-1.3262260482628567,0.9048624118992203,False,True,Meta-Llama-3.1-8B-Instruct|s2
RedHatAI/Meta-Llama-3.1-8B-Instruct-FP8,llama-3,Meta-Llama-3.1-8B-Instruct,fp8,truthfulqa,54.5,53.92,-0.58,-0.21068181818181816,-1.8931540751641571,1.4717904388005207,False,True,Meta-Llama-3.1-8B-Instruct|s2
RedHatAI/Meta-Llama-3.1-8B-Instruct-quantized.w4a16,llama-3,Meta-Llama-3.1-8B-Instruct,w4a16,arena_hard,25.8,27.2,1.4,-0.6782638888888889,-8.965603941960554,7.609076164182776,False,True,Meta-Llama-3.1-8B-Instruct|s2
RedHatAI/Meta-Llama-3.1-8B-Instruct-quantized.w4a16,llama-3,Meta-Llama-3.1-8B-Instruct,w4a16,mmlu,68.3,66.9,-1.4,-0.6782638888888889,-2.341346622597192,0.9848188448194143,False,True,Meta-Llama-3.1-8B-Instruct|s2
RedHatAI/Meta-Llama-3.1-8B-Instruct-quantized.w4a16,llama-3,Meta-Llama-3.1-8B-Instruct,w4a16,mmlu_cot,72.8,71.1,-1.7,-0.6782638888888889,-2.2687285117317133,0.9122007339539356,False,True,Meta-Llama-3.1-8B-Instruct|s2
RedHatAI/Meta-Llama-3.1-8B-Instruct-quantized.w4a16,llama-3,Meta-Llama-3.1-8B-Instruct,w4a16,gsm8k,82.8,82.9,0.1,-0.6782638888888889,-5.0792029007987045,3.7226751230209265,False,True,Meta-Llama-3.1-8B-Instruct|s2
RedHatAI/Meta-Llama-3.1-8B-Instruct-quantized.w4a16,llama-3,Meta-Llama-3.1-8B-Instruct,w4a16,hellaswag,80.5,79.9,-0.6,-0.6782638888888889,-2.3527960515768878,0.9962682737991101,False,True,Meta-Llama-3.1-8B-Instruct|s2
RedHatAI/Meta-Llama-3.1-8B-Instruct-quantized.w4a16,llama-3,Meta-Llama-3.1-8B-Instruct,w4a16,winogrande,78.1,78.0,-0.1,-0.6782638888888889,-5.599198826296964,4.242671048519186,False,True,Meta-Llama-3.1-8B-Instruct|s2
RedHatAI/Meta-Llama-3.1-8B-Instruct-quantized.w4a16,llama-3,Meta-Llama-3.1-8B-Instruct,w4a16,truthfulqa,54.5,52.8,-1.7,-0.6782638888888889,-8.056988081877476,6.700460304099698,False,True,Meta-Llama-3.1-8B-Instruct|s2
RedHatAI/Meta-Llama-3.1-8B-Instruct-quantized.w4a16,llama-3,Meta-Llama-3.1-8B-Instruct,w4a16,mmlu_pro,30.8,28.8,-2.0,-0.6782638888888889,-2.460839047102186,1.1043112693244082,False,True,Meta-Llama-3.1-8B-Instruct|s2
RedHatAI/Meta-Llama-3.1-8B-Instruct-quantized.w4a16,llama-3,Meta-Llama-3.1-8B-Instruct,w4a16,ifeval,77.9,76.3,-1.6,-0.6782638888888889,-8.233613914544632,6.877086136766855,False,True,Meta-Llama-3.1-8B-Instruct|s2
RedHatAI/Meta-Llama-3.1-8B-Instruct-quantized.w4a16,llama-3,Meta-Llama-3.1-8B-Instruct,w4a16,bbh,30.1,28.9,-1.2,-0.6782638888888889,-3.0858750286236356,1.7293472508458576,False,True,Meta-Llama-3.1-8B-Instruct|s2
RedHatAI/Meta-Llama-3.1-8B-Instruct-quantized.w4a16,llama-3,Meta-Llama-3.1-8B-Instruct,w4a16,humaneval,67.3,67.1,-0.2,-0.6782638888888889,-16.19312315561045,14.836595377832674,False,True,Meta-Llama-3.1-8B-Instruct|s2
RedHatAI/Meta-Llama-3.1-8B-Instruct-quantized.w4a16,llama-3,Meta-Llama-3.1-8B-Instruct,w4a16,humaneval_plus,60.7,59.1,-1.6,-0.6782638888888889,-16.83140744661358,15.4748796688358,False,True,Meta-Llama-3.1-8B-Instruct|s2
RedHatAI/Meta-Llama-3.1-8B-Instruct-quantized.w8a16,llama-3,Meta-Llama-3.1-8B-Instruct,w8a16,hellaswag,80.47,80.48,0.01,-0.15818181818181817,-0.6775391287210023,0.3611754923573659,False,True,Meta-Llama-3.1-8B-Instruct|s2
RedHatAI/Meta-Llama-3.1-8B-Instruct-quantized.w8a16,llama-3,Meta-Llama-3.1-8B-Instruct,w8a16,winogrande,78.06,77.51,-0.55,-0.15818181818181817,-1.6845261317273827,1.3681624953637463,False,True,Meta-Llama-3.1-8B-Instruct|s2
RedHatAI/Meta-Llama-3.1-8B-Instruct-quantized.w8a16,llama-3,Meta-Llama-3.1-8B-Instruct,w8a16,truthfulqa,54.48,54.41,-0.07,-0.15818181818181817,-2.4454489189009894,2.129085282537353,False,True,Meta-Llama-3.1-8B-Instruct|s2
RedHatAI/Meta-Llama-3.1-8B-Instruct-quantized.w8a8,llama-3,Meta-Llama-3.1-8B-Instruct,w8a8_int,arena_hard,25.8,27.2,1.4,-0.3847682119205298,-2.804379938700982,2.034843514859922,False,True,Meta-Llama-3.1-8B-Instruct|s2
RedHatAI/Meta-Llama-3.1-8B-Instruct-quantized.w8a8,llama-3,Meta-Llama-3.1-8B-Instruct,w8a8_int,mmlu,68.3,67.8,-0.5,-0.3847682119205298,-0.8703298588804875,0.100793435039428,False,True,Meta-Llama-3.1-8B-Instruct|s2
RedHatAI/Meta-Llama-3.1-8B-Instruct-quantized.w8a8,llama-3,Meta-Llama-3.1-8B-Instruct,w8a8_int,mmlu_cot,72.8,72.2,-0.6,-0.3847682119205298,-0.8491279253889773,0.07959150154791772,False,True,Meta-Llama-3.1-8B-Instruct|s2
RedHatAI/Meta-Llama-3.1-8B-Instruct-quantized.w8a8,llama-3,Meta-Llama-3.1-8B-Instruct,w8a8_int,arc_challenge,81.4,81.7,0.3,-0.3847682119205298,-1.7902452215137814,1.0207087976727218,False,True,Meta-Llama-3.1-8B-Instruct|s2
RedHatAI/Meta-Llama-3.1-8B-Instruct-quantized.w8a8,llama-3,Meta-Llama-3.1-8B-Instruct,w8a8_int,gsm8k,82.8,84.8,2.0,-0.3847682119205298,-1.6696875676932814,0.9001511438522218,False,False,Meta-Llama-3.1-8B-Instruct|s2
RedHatAI/Meta-Llama-3.1-8B-Instruct-quantized.w8a8,llama-3,Meta-Llama-3.1-8B-Instruct,w8a8_int,hellaswag,80.5,80.3,-0.2,-0.3847682119205298,-0.8736726893238871,0.10413626548282756,False,True,Meta-Llama-3.1-8B-Instruct|s2
RedHatAI/Meta-Llama-3.1-8B-Instruct-quantized.w8a8,llama-3,Meta-Llama-3.1-8B-Instruct,w8a8_int,winogrande,78.1,78.5,0.4,-0.3847682119205298,-1.8215080832213368,1.0519716593802773,False,True,Meta-Llama-3.1-8B-Instruct|s2
RedHatAI/Meta-Llama-3.1-8B-Instruct-quantized.w8a8,llama-3,Meta-Llama-3.1-8B-Instruct,w8a8_int,truthfulqa,54.5,54.7,0.2,-0.3847682119205298,-2.5390960748657023,1.7695596510246427,False,True,Meta-Llama-3.1-8B-Instruct|s2
RedHatAI/Meta-Llama-3.1-8B-Instruct-quantized.w8a8,llama-3,Meta-Llama-3.1-8B-Instruct,w8a8_int,mmlu_pro,30.8,30.9,0.1,-0.3847682119205298,-0.9052174428027315,0.13568101896167195,False,True,Meta-Llama-3.1-8B-Instruct|s2
RedHatAI/Meta-Llama-3.1-8B-Instruct-quantized.w8a8,llama-3,Meta-Llama-3.1-8B-Instruct,w8a8_int,ifeval,77.9,78.0,0.1,-0.3847682119205298,-2.5906646038794734,1.8211281800384138,False,True,Meta-Llama-3.1-8B-Instruct|s2
RedHatAI/Meta-Llama-3.1-8B-Instruct-quantized.w8a8,llama-3,Meta-Llama-3.1-8B-Instruct,w8a8_int,bbh,30.1,31.0,0.9,-0.3847682119205298,-1.0877059591257086,0.318169535284649,False,False,Meta-Llama-3.1-8B-Instruct|s2
RedHatAI/Meta-Llama-3.1-8B-Instruct-quantized.w8a8,llama-3,Meta-Llama-3.1-8B-Instruct,w8a8_int,humaneval,67.3,67.1,-0.2,-0.3847682119205298,-4.9145612674370405,4.14502484359598,False,True,Meta-Llama-3.1-8B-Instruct|s2
RedHatAI/Meta-Llama-3.1-8B-Instruct-quantized.w8a8,llama-3,Meta-Llama-3.1-8B-Instruct,w8a8_int,humaneval_plus,60.7,60.0,-0.7,-0.3847682119205298,-5.100917824021018,4.331381400179957,False,True,Meta-Llama-3.1-8B-Instruct|s2
RedHatAI/Meta-Llama-3.1-8B-Instruct-FP8-dynamic,llama-3,Meta-Llama-3.1-8B-Instruct,fp8_dynamic,mmlu,67.95,68.02,0.07,-0.06815384615384615,-0.5954732884824524,0.45916559617476016,False,True,Meta-Llama-3.1-8B-Instruct|s3
RedHatAI/Meta-Llama-3.1-8B-Instruct-FP8-dynamic,llama-3,Meta-Llama-3.1-8B-Instruct,fp8_dynamic,arena_hard,25.8,27.2,1.4,-0.06815384615384615,-2.6881842100921625,2.55187651778447,False,True,Meta-Llama-3.1-8B-Instruct|s3
RedHatAI/Meta-Llama-3.1-8B-Instruct-FP8-dynamic,llama-3,Meta-Llama-3.1-8B-Instruct,fp8_dynamic,mmlu_cot,71.2,71.6,0.4,-0.06815384615384615,-0.5798371866593371,0.4435294943516449,False,True,Meta-Llama-3.1-8B-Instruct|s3
RedHatAI/Meta-Llama-3.1-8B-Instruct-FP8-dynamic,llama-3,Meta-Llama-3.1-8B-Instruct,fp8_dynamic,arc_challenge,82.0,81.2,-0.8,-0.06815384615384615,-1.5708075075345689,1.4344998152268764,False,True,Meta-Llama-3.1-8B-Instruct|s3
RedHatAI/Meta-Llama-3.1-8B-Instruct-FP8-dynamic,llama-3,Meta-Llama-3.1-8B-Instruct,fp8_dynamic,gsm8k,82.0,82.0,0.0,-0.06815384615384615,-1.4846007582713212,1.3482930659636287,False,True,Meta-Llama-3.1-8B-Instruct|s3
RedHatAI/Meta-Llama-3.1-8B-Instruct-FP8-dynamic,llama-3,Meta-Llama-3.1-8B-Instruct,fp8_dynamic,hellaswag,80.5,80.0,-0.5,-0.06815384615384615,-0.5975547255117182,0.46124703320402594,False,True,Meta-Llama-3.1-8B-Instruct|s3
RedHatAI/Meta-Llama-3.1-8B-Instruct-FP8-dynamic,llama-3,Meta-Llama-3.1-8B-Instruct,fp8_dynamic,winogrande,78.5,77.7,-0.8,-0.06815384615384615,-1.6135693750894984,1.477261682781806,False,True,Meta-Llama-3.1-8B-Instruct|s3
RedHatAI/Meta-Llama-3.1-8B-Instruct-FP8-dynamic,llama-3,Meta-Llama-3.1-8B-Instruct,fp8_dynamic,truthfulqa,54.5,54.3,-0.2,-0.06815384615384615,-2.4009266428476237,2.2646189505399312,False,True,Meta-Llama-3.1-8B-Instruct|s3
RedHatAI/Meta-Llama-3.1-8B-Instruct-FP8-dynamic,llama-3,Meta-Llama-3.1-8B-Instruct,fp8_dynamic,mmlu_pro,30.8,31.2,0.4,-0.06815384615384615,-0.6317123595745574,0.49540466726686516,False,True,Meta-Llama-3.1-8B-Instruct|s3
RedHatAI/Meta-Llama-3.1-8B-Instruct-FP8-dynamic,llama-3,Meta-Llama-3.1-8B-Instruct,fp8_dynamic,ifeval,77.9,77.2,-0.7,-0.06815384615384615,-2.4567666399613315,2.320458947653639,False,True,Meta-Llama-3.1-8B-Instruct|s3
RedHatAI/Meta-Llama-3.1-8B-Instruct-FP8-dynamic,llama-3,Meta-Llama-3.1-8B-Instruct,fp8_dynamic,bbh,30.1,29.7,-0.4,-0.06815384615384615,-0.8293165654660741,0.6930088731583819,False,True,Meta-Llama-3.1-8B-Instruct|s3
RedHatAI/Meta-Llama-3.1-8B-Instruct-FP8-dynamic,llama-3,Meta-Llama-3.1-8B-Instruct,fp8_dynamic,humaneval,67.3,67.3,0.0,-0.06815384615384615,-4.973153775048249,4.836846082740556,False,True,Meta-Llama-3.1-8B-Instruct|s3
RedHatAI/Meta-Llama-3.1-8B-Instruct-FP8-dynamic,llama-3,Meta-Llama-3.1-8B-Instruct,fp8_dynamic,humaneval_plus,60.7,61.3,0.6,-0.06815384615384615,-5.174946414489078,5.0386387221813855,False,True,Meta-Llama-3.1-8B-Instruct|s3
RedHatAI/Meta-Llama-3.1-8B-Instruct-FP8,llama-3,Meta-Llama-3.1-8B-Instruct,fp8,mmlu,67.95,67.97,0.02,-0.26145833333333335,-0.6057130498549954,0.08279638318832866,False,True,Meta-Llama-3.1-8B-Instruct|s3
RedHatAI/Meta-Llama-3.1-8B-Instruct-FP8,llama-3,Meta-Llama-3.1-8B-Instruct,fp8,mmlu_cot,71.24,71.12,-0.12,-0.26145833333333335,-0.5953668896579412,0.07245022299127452,False,True,Meta-Llama-3.1-8B-Instruct|s3
RedHatAI/Meta-Llama-3.1-8B-Instruct-FP8,llama-3,Meta-Llama-3.1-8B-Instruct,fp8,arc_challenge,82.0,81.66,-0.34,-0.26145833333333335,-1.2424493014351663,0.7195326347684995,False,True,Meta-Llama-3.1-8B-Instruct|s3
RedHatAI/Meta-Llama-3.1-8B-Instruct-FP8,llama-3,Meta-Llama-3.1-8B-Instruct,fp8,gsm8k,81.96,81.12,-0.84,-0.26145833333333335,-1.186971240273941,0.6640545736072742,False,True,Meta-Llama-3.1-8B-Instruct|s3
RedHatAI/Meta-Llama-3.1-8B-Instruct-FP8,llama-3,Meta-Llama-3.1-8B-Instruct,fp8,hellaswag,80.46,80.4,-0.06,-0.26145833333333335,-0.6073402216225946,0.0844235549559279,False,True,Meta-Llama-3.1-8B-Instruct|s3
RedHatAI/Meta-Llama-3.1-8B-Instruct-FP8,llama-3,Meta-Llama-3.1-8B-Instruct,fp8,winogrande,78.45,77.9,-0.55,-0.26145833333333335,-1.2712166521360861,0.7482999854694194,False,True,Meta-Llama-3.1-8B-Instruct|s3
RedHatAI/Meta-Llama-3.1-8B-Instruct-FP8,llama-3,Meta-Llama-3.1-8B-Instruct,fp8,truthfulqa,54.5,53.92,-0.58,-0.26145833333333335,-1.7843834776992755,1.2614668110326088,False,True,Meta-Llama-3.1-8B-Instruct|s3
RedHatAI/Meta-Llama-3.1-8B-Instruct-quantized.w4a16,llama-3,Meta-Llama-3.1-8B-Instruct,w4a16,arena_hard,25.8,27.2,1.4,-0.6430201342281879,-7.330951813022384,6.044911544566009,False,True,Meta-Llama-3.1-8B-Instruct|s3
RedHatAI/Meta-Llama-3.1-8B-Instruct-quantized.w4a16,llama-3,Meta-Llama-3.1-8B-Instruct,w4a16,mmlu,68.3,66.9,-1.4,-0.6430201342281879,-1.9851375842175703,0.6990973157611943,False,True,Meta-Llama-3.1-8B-Instruct|s3
RedHatAI/Meta-Llama-3.1-8B-Instruct-quantized.w4a16,llama-3,Meta-Llama-3.1-8B-Instruct,w4a16,mmlu_cot,72.8,71.1,-1.7,-0.6430201342281879,-1.9265343459045225,0.6404940774481466,False,True,Meta-Llama-3.1-8B-Instruct|s3
RedHatAI/Meta-Llama-3.1-8B-Instruct-quantized.w4a16,llama-3,Meta-Llama-3.1-8B-Instruct,w4a16,gsm8k,82.8,82.9,0.1,-0.6430201342281879,-4.194603542861651,2.908563274405275,False,True,Meta-Llama-3.1-8B-Instruct|s3
RedHatAI/Meta-Llama-3.1-8B-Instruct-quantized.w4a16,llama-3,Meta-Llama-3.1-8B-Instruct,w4a16,hellaswag,80.5,79.9,-0.6,-0.6430201342281879,-1.9943773400725302,0.7083370716161542,False,True,Meta-Llama-3.1-8B-Instruct|s3
RedHatAI/Meta-Llama-3.1-8B-Instruct-quantized.w4a16,llama-3,Meta-Llama-3.1-8B-Instruct,w4a16,winogrande,78.1,78.0,-0.1,-0.6430201342281879,-4.614243282598736,3.32820301414236,False,True,Meta-Llama-3.1-8B-Instruct|s3
RedHatAI/Meta-Llama-3.1-8B-Instruct-quantized.w4a16,llama-3,Meta-Llama-3.1-8B-Instruct,w4a16,truthfulqa,54.5,52.8,-1.7,-0.6430201342281879,-6.597693523198482,5.311653254742107,False,True,Meta-Llama-3.1-8B-Instruct|s3
RedHatAI/Meta-Llama-3.1-8B-Instruct-quantized.w4a16,llama-3,Meta-Llama-3.1-8B-Instruct,w4a16,mmlu_pro,30.8,28.8,-2.0,-0.6430201342281879,-2.081568666579958,0.7955283981235824,False,True,Meta-Llama-3.1-8B-Instruct|s3
RedHatAI/Meta-Llama-3.1-8B-Instruct-quantized.w4a16,llama-3,Meta-Llama-3.1-8B-Instruct,w4a16,ifeval,77.9,76.3,-1.6,-0.6430201342281879,-6.740231598627191,5.454191330170816,False,True,Meta-Llama-3.1-8B-Instruct|s3
RedHatAI/Meta-Llama-3.1-8B-Instruct-quantized.w4a16,llama-3,Meta-Llama-3.1-8B-Instruct,w4a16,bbh,30.1,28.9,-1.2,-0.6430201342281879,-2.585976343160595,1.299936074704219,False,True,Meta-Llama-3.1-8B-Instruct|s3
RedHatAI/Meta-Llama-3.1-8B-Instruct-quantized.w4a16,llama-3,Meta-Llama-3.1-8B-Instruct,w4a16,humaneval,67.3,67.1,-0.2,-0.6430201342281879,-13.163601903221945,11.87756163476557,False,True,Meta-Llama-3.1-8B-Instruct|s3
RedHatAI/Meta-Llama-3.1-8B-Instruct-quantized.w4a16,llama-3,Meta-Llama-3.1-8B-Instruct,w4a16,humaneval_plus,60.7,59.1,-1.6,-0.6430201342281879,-13.678701042697258,12.392660774240882,False,True,Meta-Llama-3.1-8B-Instruct|s3
RedHatAI/Meta-Llama-3.1-8B-Instruct-quantized.w8a16,llama-3,Meta-Llama-3.1-8B-Instruct,w8a16,hellaswag,80.47,80.48,0.01,-0.11107692307692307,-0.5841163355121493,0.36196248935830305,False,True,Meta-Llama-3.1-8B-Instruct|s3
RedHatAI/Meta-Llama-3.1-8B-Instruct-quantized.w8a16,llama-3,Meta-Llama-3.1-8B-Instruct,w8a16,winogrande,78.06,77.51,-0.55,-0.11107692307692307,-1.50129710983786,1.2791432636840139,False,True,Meta-Llama-3.1-8B-Instruct|s3
RedHatAI/Meta-Llama-3.1-8B-Instruct-quantized.w8a16,llama-3,Meta-Llama-3.1-8B-Instruct,w8a16,truthfulqa,54.48,54.41,-0.07,-0.11107692307692307,-2.194358439386663,1.9722045932328167,False,True,Meta-Llama-3.1-8B-Instruct|s3
RedHatAI/Meta-Llama-3.1-8B-Instruct-quantized.w8a8,llama-3,Meta-Llama-3.1-8B-Instruct,w8a8_int,arena_hard,25.8,27.2,1.4,-0.4335245901639344,-2.3285412549006406,1.4614920745727717,False,True,Meta-Llama-3.1-8B-Instruct|s3
RedHatAI/Meta-Llama-3.1-8B-Instruct-quantized.w8a8,llama-3,Meta-Llama-3.1-8B-Instruct,w8a8_int,mmlu,68.3,67.8,-0.5,-0.4335245901639344,-0.8138118083824022,-0.05323737194546668,False,True,Meta-Llama-3.1-8B-Instruct|s3
RedHatAI/Meta-Llama-3.1-8B-Instruct-quantized.w8a8,llama-3,Meta-Llama-3.1-8B-Instruct,w8a8_int,mmlu_cot,72.8,72.2,-0.6,-0.4335245901639344,-0.7972066577103509,-0.06984252261751789,False,True,Meta-Llama-3.1-8B-Instruct|s3
RedHatAI/Meta-Llama-3.1-8B-Instruct-quantized.w8a8,llama-3,Meta-Llama-3.1-8B-Instruct,w8a8_int,arc_challenge,81.4,81.7,0.3,-0.4335245901639344,-1.5342806848731712,0.6672315045453023,False,True,Meta-Llama-3.1-8B-Instruct|s3
RedHatAI/Meta-Llama-3.1-8B-Instruct-quantized.w8a8,llama-3,Meta-Llama-3.1-8B-Instruct,w8a8_int,gsm8k,82.8,84.8,2.0,-0.4335245901639344,-1.439861088322697,0.5728119079948282,False,False,Meta-Llama-3.1-8B-Instruct|s3
RedHatAI/Meta-Llama-3.1-8B-Instruct-quantized.w8a8,llama-3,Meta-Llama-3.1-8B-Instruct,w8a8_int,hellaswag,80.5,80.3,-0.2,-0.4335245901639344,-0.8164298810787435,-0.05061929924912534,False,True,Meta-Llama-3.1-8B-Instruct|s3
RedHatAI/Meta-Llama-3.1-8B-Instruct-quantized.w8a8,llama-3,Meta-Llama-3.1-8B-Instruct,w8a8_int,winogrande,78.1,78.5,0.4,-0.4335245901639344,-1.5587654578916945,0.6917162775638257,False,True,Meta-Llama-3.1-8B-Instruct|s3
RedHatAI/Meta-Llama-3.1-8B-Instruct-quantized.w8a8,llama-3,Meta-Llama-3.1-8B-Instruct,w8a8_int,truthfulqa,54.5,54.7,0.2,-0.4335245901639344,-2.120773480720394,1.253724300392525,False,True,Meta-Llama-3.1-8B-Instruct|s3
RedHatAI/Meta-Llama-3.1-8B-Instruct-quantized.w8a8,llama-3,Meta-Llama-3.1-8B-Instruct,w8a8_int,mmlu_pro,30.8,30.9,0.1,-0.4335245901639344,-0.8411354290250506,-0.025913751302818255,False,False,Meta-Llama-3.1-8B-Instruct|s3
RedHatAI/Meta-Llama-3.1-8B-Instruct-quantized.w8a8,llama-3,Meta-Llama-3.1-8B-Instruct,w8a8_int,ifeval,77.9,78.0,0.1,-0.4335245901639344,-2.1611614573430256,1.2941122770151567,False,True,Meta-Llama-3.1-8B-Instruct|s3
RedHatAI/Meta-Llama-3.1-8B-Instruct-quantized.w8a8,llama-3,Meta-Llama-3.1-8B-Instruct,w8a8_int,bbh,30.1,31.0,0.9,-0.4335245901639344,-0.9840586822592652,0.11700950193139636,False,False,Meta-Llama-3.1-8B-Instruct|s3
RedHatAI/Meta-Llama-3.1-8B-Instruct-quantized.w8a8,llama-3,Meta-Llama-3.1-8B-Instruct,w8a8_int,humaneval,67.3,67.1,-0.2,-0.4335245901639344,-3.9812150038793406,3.1141658235514718,False,True,Meta-Llama-3.1-8B-Instruct|s3
RedHatAI/Meta-Llama-3.1-8B-Instruct-quantized.w8a8,llama-3,Meta-Llama-3.1-8B-Instruct,w8a8_int,humaneval_plus,60.7,60.0,-0.7,-0.4335245901639344,-4.127167669094552,3.260118488766683,False,True,Meta-Llama-3.1-8B-Instruct|s3
RedHatAI/Meta-Llama-3.1-8B-Instruct-FP8-dynamic,llama-3,Meta-Llama-3.1-8B-Instruct,fp8_dynamic,mmlu,67.95,68.02,0.07,-0.02656488549618322,-0.4427680769252509,0.3896383059328844,False,True,Meta-Llama-3.1-8B-Instruct|s4
RedHatAI/Meta-Llama-3.1-8B-Instruct-FP8-dynamic,llama-3,Meta-Llama-3.1-8B-Instruct,fp8_dynamic,arena_hard,25.8,27.2,1.4,-0.02656488549618322,-2.094504945314138,2.0413751743217716,False,True,Meta-Llama-3.1-8B-Instruct|s4
RedHatAI/Meta-Llama-3.1-8B-Instruct-FP8-dynamic,llama-3,Meta-Llama-3.1-8B-Instruct,fp8_dynamic,mmlu_cot,71.2,71.6,0.4,-0.02656488549618322,-0.43042679959333136,0.37729702860096487,False,False,Meta-Llama-3.1-8B-Instruct|s4
RedHatAI/Meta-Llama-3.1-8B-Instruct-FP8-dynamic,llama-3,Meta-Llama-3.1-8B-Instruct,fp8_dynamic,arc_challenge,82.0,81.2,-0.8,-0.02656488549618322,-1.2125807978195866,1.15945102682722,False,True,Meta-Llama-3.1-8B-Instruct|s4
RedHatAI/Meta-Llama-3.1-8B-Instruct-FP8-dynamic,llama-3,Meta-Llama-3.1-8B-Instruct,fp8_dynamic,gsm8k,82.0,82.0,0.0,-0.02656488549618322,-1.1445394526955617,1.091409681703195,False,True,Meta-Llama-3.1-8B-Instruct|s4
RedHatAI/Meta-Llama-3.1-8B-Instruct-FP8-dynamic,llama-3,Meta-Llama-3.1-8B-Instruct,fp8_dynamic,hellaswag,80.5,80.0,-0.5,-0.02656488549618322,-0.4444109155251582,0.3912811445327917,False,False,Meta-Llama-3.1-8B-Instruct|s4
RedHatAI/Meta-Llama-3.1-8B-Instruct-FP8-dynamic,llama-3,Meta-Llama-3.1-8B-Instruct,fp8_dynamic,winogrande,78.5,77.7,-0.8,-0.02656488549618322,-1.2463319253510041,1.1932021543586375,False,True,Meta-Llama-3.1-8B-Instruct|s4
RedHatAI/Meta-Llama-3.1-8B-Instruct-FP8-dynamic,llama-3,Meta-Llama-3.1-8B-Instruct,fp8_dynamic,truthfulqa,54.5,54.3,-0.2,-0.02656488549618322,-1.8677780191811488,1.8146482481887822,False,True,Meta-Llama-3.1-8B-Instruct|s4
RedHatAI/Meta-Llama-3.1-8B-Instruct-FP8-dynamic,llama-3,Meta-Llama-3.1-8B-Instruct,fp8_dynamic,mmlu_pro,30.8,31.2,0.4,-0.02656488549618322,-0.4713708854550374,0.4182411144626709,False,True,Meta-Llama-3.1-8B-Instruct|s4
RedHatAI/Meta-Llama-3.1-8B-Instruct-FP8-dynamic,llama-3,Meta-Llama-3.1-8B-Instruct,fp8_dynamic,ifeval,77.9,77.2,-0.7,-0.02656488549618322,-1.9118514652605985,1.8587216942682319,False,True,Meta-Llama-3.1-8B-Instruct|s4
RedHatAI/Meta-Llama-3.1-8B-Instruct-FP8-dynamic,llama-3,Meta-Llama-3.1-8B-Instruct,fp8_dynamic,bbh,30.1,29.7,-0.4,-0.02656488549618322,-0.6273361211927416,0.5742063502003752,False,True,Meta-Llama-3.1-8B-Instruct|s4
RedHatAI/Meta-Llama-3.1-8B-Instruct-FP8-dynamic,llama-3,Meta-Llama-3.1-8B-Instruct,fp8_dynamic,humaneval,67.3,67.3,0.0,-0.02656488549618322,-3.89798789874633,3.8448581277539637,False,True,Meta-Llama-3.1-8B-Instruct|s4
RedHatAI/Meta-Llama-3.1-8B-Instruct-FP8-dynamic,llama-3,Meta-Llama-3.1-8B-Instruct,fp8_dynamic,humaneval_plus,60.7,61.3,0.6,-0.02656488549618322,-4.057258985303064,4.004129214310697,False,True,Meta-Llama-3.1-8B-Instruct|s4
RedHatAI/Meta-Llama-3.1-8B-Instruct-FP8,llama-3,Meta-Llama-3.1-8B-Instruct,fp8,mmlu,67.95,67.97,0.02,-0.32090909090909087,-1.0570348705645363,0.4152166887463546,False,True,Meta-Llama-3.1-8B-Instruct|s4
RedHatAI/Meta-Llama-3.1-8B-Instruct-FP8,llama-3,Meta-Llama-3.1-8B-Instruct,fp8,mmlu_cot,71.24,71.12,-0.12,-0.32090909090909087,-1.0349114983172387,0.39309331649905704,False,True,Meta-Llama-3.1-8B-Instruct|s4
RedHatAI/Meta-Llama-3.1-8B-Instruct-FP8,llama-3,Meta-Llama-3.1-8B-Instruct,fp8,arc_challenge,82.0,81.66,-0.34,-0.32090909090909087,-2.4185789457343687,1.776760763916187,False,True,Meta-Llama-3.1-8B-Instruct|s4
RedHatAI/Meta-Llama-3.1-8B-Instruct-FP8,llama-3,Meta-Llama-3.1-8B-Instruct,fp8,gsm8k,81.96,81.12,-0.84,-0.32090909090909087,-2.2999492536310515,1.65813107181287,False,True,Meta-Llama-3.1-8B-Instruct|s4
RedHatAI/Meta-Llama-3.1-8B-Instruct-FP8,llama-3,Meta-Llama-3.1-8B-Instruct,fp8,hellaswag,80.46,80.4,-0.06,-0.32090909090909087,-1.060514279933738,0.41869609811555625,False,True,Meta-Llama-3.1-8B-Instruct|s4
RedHatAI/Meta-Llama-3.1-8B-Instruct-FP8,llama-3,Meta-Llama-3.1-8B-Instruct,fp8,winogrande,78.45,77.9,-0.55,-0.32090909090909087,-2.4800926663808185,1.8382744845626369,False,True,Meta-Llama-3.1-8B-Instruct|s4
RedHatAI/Meta-Llama-3.1-8B-Instruct-FP8,llama-3,Meta-Llama-3.1-8B-Instruct,fp8,truthfulqa,54.5,53.92,-0.58,-0.32090909090909087,-3.5774061131734722,2.9355879313552906,False,True,Meta-Llama-3.1-8B-Instruct|s4
RedHatAI/Meta-Llama-3.1-8B-Instruct-quantized.w4a16,llama-3,Meta-Llama-3.1-8B-Instruct,w4a16,arena_hard,25.8,27.2,1.4,-0.6608130081300813,-8.584631598172722,7.26300558191256,False,True,Meta-Llama-3.1-8B-Instruct|s4
RedHatAI/Meta-Llama-3.1-8B-Instruct-quantized.w4a16,llama-3,Meta-Llama-3.1-8B-Instruct,w4a16,mmlu,68.3,66.9,-1.4,-0.6608130081300813,-2.250945161239019,0.9293191449788568,False,True,Meta-Llama-3.1-8B-Instruct|s4
RedHatAI/Meta-Llama-3.1-8B-Instruct-quantized.w4a16,llama-3,Meta-Llama-3.1-8B-Instruct,w4a16,mmlu_cot,72.8,71.1,-1.7,-0.6608130081300813,-2.181512420074213,0.8598864038140505,False,True,Meta-Llama-3.1-8B-Instruct|s4
RedHatAI/Meta-Llama-3.1-8B-Instruct-quantized.w4a16,llama-3,Meta-Llama-3.1-8B-Instruct,w4a16,gsm8k,82.8,82.9,0.1,-0.6608130081300813,-4.868706268560447,3.5470802523002845,False,True,Meta-Llama-3.1-8B-Instruct|s4
RedHatAI/Meta-Llama-3.1-8B-Instruct-quantized.w4a16,llama-3,Meta-Llama-3.1-8B-Instruct,w4a16,hellaswag,80.5,79.9,-0.6,-0.6608130081300813,-2.261892364758327,0.9402663484981647,False,True,Meta-Llama-3.1-8B-Instruct|s4
RedHatAI/Meta-Llama-3.1-8B-Instruct-quantized.w4a16,llama-3,Meta-Llama-3.1-8B-Instruct,w4a16,winogrande,78.1,78.0,-0.1,-0.6608130081300813,-5.365892742727432,4.044266726467269,False,True,Meta-Llama-3.1-8B-Instruct|s4
RedHatAI/Meta-Llama-3.1-8B-Instruct-quantized.w4a16,llama-3,Meta-Llama-3.1-8B-Instruct,w4a16,truthfulqa,54.5,52.8,-1.7,-0.6608130081300813,-7.715871875845974,6.394245859585811,False,True,Meta-Llama-3.1-8B-Instruct|s4
RedHatAI/Meta-Llama-3.1-8B-Instruct-quantized.w4a16,llama-3,Meta-Llama-3.1-8B-Instruct,w4a16,mmlu_pro,30.8,28.8,-2.0,-0.6608130081300813,-2.3651960895946136,1.0435700733344508,False,True,Meta-Llama-3.1-8B-Instruct|s4
RedHatAI/Meta-Llama-3.1-8B-Instruct-quantized.w4a16,llama-3,Meta-Llama-3.1-8B-Instruct,w4a16,ifeval,77.9,76.3,-1.6,-0.6608130081300813,-7.88475007408656,6.563124057826397,False,True,Meta-Llama-3.1-8B-Instruct|s4
RedHatAI/Meta-Llama-3.1-8B-Instruct-quantized.w4a16,llama-3,Meta-Llama-3.1-8B-Instruct,w4a16,bbh,30.1,28.9,-1.2,-0.6608130081300813,-2.9628150720556414,1.6411890557954791,False,True,Meta-Llama-3.1-8B-Instruct|s4
RedHatAI/Meta-Llama-3.1-8B-Instruct-quantized.w4a16,llama-3,Meta-Llama-3.1-8B-Instruct,w4a16,humaneval,67.3,67.1,-0.2,-0.6608130081300813,-15.495118043553074,14.173492027292912,False,True,Meta-Llama-3.1-8B-Instruct|s4
RedHatAI/Meta-Llama-3.1-8B-Instruct-quantized.w4a16,llama-3,Meta-Llama-3.1-8B-Instruct,w4a16,humaneval_plus,60.7,59.1,-1.6,-0.6608130081300813,-16.105404202730067,14.783778186469904,False,True,Meta-Llama-3.1-8B-Instruct|s4
RedHatAI/Meta-Llama-3.1-8B-Instruct-quantized.w8a16,llama-3,Meta-Llama-3.1-8B-Instruct,w8a16,hellaswag,80.47,80.48,0.01,-0.14786885245901638,-0.653065780645602,0.3573280757275692,False,True,Meta-Llama-3.1-8B-Instruct|s4
RedHatAI/Meta-Llama-3.1-8B-Instruct-quantized.w8a16,llama-3,Meta-Llama-3.1-8B-Instruct,w8a16,winogrande,78.06,77.51,-0.55,-0.14786885245901638,-1.6325970788851352,1.3368593739671024,False,True,Meta-Llama-3.1-8B-Instruct|s4
RedHatAI/Meta-Llama-3.1-8B-Instruct-quantized.w8a16,llama-3,Meta-Llama-3.1-8B-Instruct,w8a16,truthfulqa,54.48,54.41,-0.07,-0.14786885245901638,-2.3727731520171176,2.0770354470990853,False,True,Meta-Llama-3.1-8B-Instruct|s4
RedHatAI/Meta-Llama-3.1-8B-Instruct-quantized.w8a8,llama-3,Meta-Llama-3.1-8B-Instruct,w8a8_int,arena_hard,25.8,27.2,1.4,-0.3362992125984252,-2.6359453838585294,1.9633469586616787,False,True,Meta-Llama-3.1-8B-Instruct|s4
RedHatAI/Meta-Llama-3.1-8B-Instruct-quantized.w8a8,llama-3,Meta-Llama-3.1-8B-Instruct,w8a8_int,mmlu,68.3,67.8,-0.5,-0.3362992125984252,-0.7977864710636492,0.12518804586679877,False,True,Meta-Llama-3.1-8B-Instruct|s4
RedHatAI/Meta-Llama-3.1-8B-Instruct-quantized.w8a8,llama-3,Meta-Llama-3.1-8B-Instruct,w8a8_int,mmlu_cot,72.8,72.2,-0.6,-0.3362992125984252,-0.7776357400031995,0.10503731480634909,False,True,Meta-Llama-3.1-8B-Instruct|s4
RedHatAI/Meta-Llama-3.1-8B-Instruct-quantized.w8a8,llama-3,Meta-Llama-3.1-8B-Instruct,w8a8_int,arc_challenge,81.4,81.7,0.3,-0.3362992125984252,-1.672091971466341,0.9994935462694905,False,True,Meta-Llama-3.1-8B-Instruct|s4
RedHatAI/Meta-Llama-3.1-8B-Instruct-quantized.w8a8,llama-3,Meta-Llama-3.1-8B-Instruct,w8a8_int,gsm8k,82.8,84.8,2.0,-0.3362992125984252,-1.5575116262167703,0.8849132010199199,False,False,Meta-Llama-3.1-8B-Instruct|s4
RedHatAI/Meta-Llama-3.1-8B-Instruct-quantized.w8a8,llama-3,Meta-Llama-3.1-8B-Instruct,w8a8_int,hellaswag,80.5,80.3,-0.2,-0.3362992125984252,-0.8009635623073605,0.12836513711051006,False,True,Meta-Llama-3.1-8B-Instruct|s4
RedHatAI/Meta-Llama-3.1-8B-Instruct-quantized.w8a8,llama-3,Meta-Llama-3.1-8B-Instruct,w8a8_int,winogrande,78.1,78.5,0.4,-0.3362992125984252,-1.701804804906802,1.0292063797099515,False,True,Meta-Llama-3.1-8B-Instruct|s4
RedHatAI/Meta-Llama-3.1-8B-Instruct-quantized.w8a8,llama-3,Meta-Llama-3.1-8B-Instruct,w8a8_int,truthfulqa,54.5,54.7,0.2,-0.3362992125984252,-2.3838144262285486,1.711216001031698,False,True,Meta-Llama-3.1-8B-Instruct|s4
RedHatAI/Meta-Llama-3.1-8B-Instruct-quantized.w8a8,llama-3,Meta-Llama-3.1-8B-Instruct,w8a8_int,mmlu_pro,30.8,30.9,0.1,-0.3362992125984252,-0.8309443111845751,0.1583458859877247,False,True,Meta-Llama-3.1-8B-Instruct|s4
RedHatAI/Meta-Llama-3.1-8B-Instruct-quantized.w8a8,llama-3,Meta-Llama-3.1-8B-Instruct,w8a8_int,ifeval,77.9,78.0,0.1,-0.3362992125984252,-2.4328261618683946,1.760227736671544,False,True,Meta-Llama-3.1-8B-Instruct|s4
RedHatAI/Meta-Llama-3.1-8B-Instruct-quantized.w8a8,llama-3,Meta-Llama-3.1-8B-Instruct,w8a8_int,bbh,30.1,31.0,0.9,-0.3362992125984252,-1.0043849559030034,0.33178653070615294,False,False,Meta-Llama-3.1-8B-Instruct|s4
RedHatAI/Meta-Llama-3.1-8B-Instruct-quantized.w8a8,llama-3,Meta-Llama-3.1-8B-Instruct,w8a8_int,humaneval,67.3,67.1,-0.2,-0.3362992125984252,-4.641502870451399,3.968904445254548,False,True,Meta-Llama-3.1-8B-Instruct|s4
RedHatAI/Meta-Llama-3.1-8B-Instruct-quantized.w8a8,llama-3,Meta-Llama-3.1-8B-Instruct,w8a8_int,humaneval_plus,60.7,60.0,-0.7,-0.3362992125984252,-4.818619776066581,4.14602135086973,False,True,Meta-Llama-3.1-8B-Instruct|s4
RedHatAI/Mistral-7B-Instruct-v0.3-FP8,mistral,Mistral-7B-Instruct-v0.3,fp8,mmlu,61.84,61.63,-0.21,-0.262,-0.561870188880971,0.037870188880970934,False,True,Mistral-7B-Instruct-v0.3|s0
RedHatAI/Mistral-7B-Instruct-v0.3-FP8,mistral,Mistral-7B-Instruct-v0.3,fp8,arc_challenge,63.57,63.73,0.16,-0.262,-1.2902547859464555,0.7662547859464555,False,True,Mistral-7B-Instruct-v0.3|s0
RedHatAI/Mistral-7B-Instruct-v0.3-FP8,mistral,Mistral-7B-Instruct-v0.3,fp8,gsm8k,49.05,47.54,-1.51,-0.262,-1.2688807927618169,0.7448807927618168,False,False,Mistral-7B-Instruct-v0.3|s0
RedHatAI/Mistral-7B-Instruct-v0.3-FP8,mistral,Mistral-7B-Instruct-v0.3,fp8,hellaswag,84.76,84.52,-0.24,-0.262,-0.524353403761751,0.0003534037617510255,False,True,Mistral-7B-Instruct-v0.3|s0
RedHatAI/Mistral-7B-Instruct-v0.3-FP8,mistral,Mistral-7B-Instruct-v0.3,fp8,winogrande,79.4,78.3,-1.1,-0.262,-1.093121291348109,0.569121291348109,False,False,Mistral-7B-Instruct-v0.3|s0
RedHatAI/Mistral-7B-Instruct-v0.3-FP8,mistral,Mistral-7B-Instruct-v0.3,fp8,truthfulqa,59.37,59.4,0.03,-0.262,-1.5189116784427152,0.9949116784427152,False,True,Mistral-7B-Instruct-v0.3|s0
RedHatAI/Mistral-7B-Instruct-v0.3-quantized.w4a16,mistral,Mistral-7B-Instruct-v0.3,w4a16,mmlu,61.84,60.83,-1.01,-0.6626143790849673,-2.335844401358421,1.0106156431884865,False,True,Mistral-7B-Instruct-v0.3|s0
RedHatAI/Mistral-7B-Instruct-v0.3-quantized.w4a16,mistral,Mistral-7B-Instruct-v0.3,w4a16,arc_challenge,63.73,63.9,0.17,-0.6626143790849673,-6.394706224157824,5.069477465987889,False,True,Mistral-7B-Instruct-v0.3|s0
RedHatAI/Mistral-7B-Instruct-v0.3-quantized.w4a16,mistral,Mistral-7B-Instruct-v0.3,w4a16,gsm8k,49.27,43.36,-5.91,-0.6626143790849673,-6.281271419220225,4.95604266105029,False,True,Mistral-7B-Instruct-v0.3|s0
RedHatAI/Mistral-7B-Instruct-v0.3-quantized.w4a16,mistral,Mistral-7B-Instruct-v0.3,w4a16,hellaswag,84.84,84.07,-0.77,-0.6626143790849673,-2.1233480202620445,0.7981192620921097,False,True,Mistral-7B-Instruct-v0.3|s0
RedHatAI/Mistral-7B-Instruct-v0.3-quantized.w4a16,mistral,Mistral-7B-Instruct-v0.3,w4a16,winogrande,79.55,79.87,0.32,-0.6626143790849673,-5.287592152880645,3.96236339471071,False,True,Mistral-7B-Instruct-v0.3|s0
RedHatAI/Mistral-7B-Instruct-v0.3-quantized.w4a16,mistral,Mistral-7B-Instruct-v0.3,w4a16,truthfulqa,59.33,58.47,-0.86,-0.6626143790849673,-7.677077583215035,6.3518488250451,False,True,Mistral-7B-Instruct-v0.3|s0
RedHatAI/Mistral-7B-Instruct-v0.3-quantized.w8a16,mistral,Mistral-7B-Instruct-v0.3,w8a16,mmlu,61.84,62.06,0.22,-0.16224489795918368,-0.6307534067511669,0.30626361083279957,False,True,Mistral-7B-Instruct-v0.3|s0
RedHatAI/Mistral-7B-Instruct-v0.3-quantized.w8a16,mistral,Mistral-7B-Instruct-v0.3,w8a16,arc_challenge,63.74,64.26,0.52,-0.16224489795918368,-1.767149296050387,1.4426595001320195,False,True,Mistral-7B-Instruct-v0.3|s0
RedHatAI/Mistral-7B-Instruct-v0.3-quantized.w8a16,mistral,Mistral-7B-Instruct-v0.3,w8a16,gsm8k,49.28,50.42,1.14,-0.16224489795918368,-1.7354872088126583,1.4109974128942908,False,True,Mistral-7B-Instruct-v0.3|s0
RedHatAI/Mistral-7B-Instruct-v0.3-quantized.w8a16,mistral,Mistral-7B-Instruct-v0.3,w8a16,hellaswag,84.84,84.78,-0.06,-0.16224489795918368,-0.5712538990290386,0.24676410311067115,False,True,Mistral-7B-Instruct-v0.3|s0
RedHatAI/Mistral-7B-Instruct-v0.3-quantized.w8a16,mistral,Mistral-7B-Instruct-v0.3,w8a16,winogrande,79.56,79.48,-0.08,-0.16224489795918368,-1.4570147218267782,1.1325249259084107,False,True,Mistral-7B-Instruct-v0.3|s0
RedHatAI/Mistral-7B-Instruct-v0.3-quantized.w8a16,mistral,Mistral-7B-Instruct-v0.3,w8a16,truthfulqa,59.33,59.48,0.15,-0.16224489795918368,-2.126311793721668,1.8018219978033003,False,True,Mistral-7B-Instruct-v0.3|s0
RedHatAI/Mistral-7B-Instruct-v0.3-FP8,mistral,Mistral-7B-Instruct-v0.3,fp8,mmlu,61.84,61.63,-0.21,-0.25857142857142856,-0.6710959877921887,0.15395313064933164,False,True,Mistral-7B-Instruct-v0.3|s1
RedHatAI/Mistral-7B-Instruct-v0.3-FP8,mistral,Mistral-7B-Instruct-v0.3,fp8,arc_challenge,63.57,63.73,0.16,-0.25857142857142856,-1.6731180159535133,1.1559751588106564,False,True,Mistral-7B-Instruct-v0.3|s1
RedHatAI/Mistral-7B-Instruct-v0.3-FP8,mistral,Mistral-7B-Instruct-v0.3,fp8,gsm8k,49.05,47.54,-1.51,-0.25857142857142856,-1.6437143024660736,1.1265714453232167,False,True,Mistral-7B-Instruct-v0.3|s1
RedHatAI/Mistral-7B-Instruct-v0.3-FP8,mistral,Mistral-7B-Instruct-v0.3,fp8,hellaswag,84.76,84.52,-0.24,-0.25857142857142856,-0.6194850047116753,0.10234214756881821,False,True,Mistral-7B-Instruct-v0.3|s1
RedHatAI/Mistral-7B-Instruct-v0.3-FP8,mistral,Mistral-7B-Instruct-v0.3,fp8,winogrande,79.4,78.3,-1.1,-0.25857142857142856,-1.401925976923883,0.8847831197810258,False,True,Mistral-7B-Instruct-v0.3|s1
RedHatAI/Mistral-7B-Instruct-v0.3-FP8,mistral,Mistral-7B-Instruct-v0.3,fp8,truthfulqa,59.37,59.4,0.03,-0.25857142857142856,-1.987676072363882,1.470533215221025,False,True,Mistral-7B-Instruct-v0.3|s1
RedHatAI/Mistral-7B-Instruct-v0.3-quantized.w4a16,mistral,Mistral-7B-Instruct-v0.3,w4a16,mmlu,61.84,60.83,-1.01,-0.5915573770491803,-2.238500426850594,1.0553856727522333,False,True,Mistral-7B-Instruct-v0.3|s1
RedHatAI/Mistral-7B-Instruct-v0.3-quantized.w4a16,mistral,Mistral-7B-Instruct-v0.3,w4a16,arc_challenge,63.73,63.9,0.17,-0.5915573770491803,-6.233596247615934,5.050481493517574,False,True,Mistral-7B-Instruct-v0.3|s1
RedHatAI/Mistral-7B-Instruct-v0.3-quantized.w4a16,mistral,Mistral-7B-Instruct-v0.3,w4a16,gsm8k,49.27,43.36,-5.91,-0.5915573770491803,-6.121943539314825,4.938828785216464,False,True,Mistral-7B-Instruct-v0.3|s1
RedHatAI/Mistral-7B-Instruct-v0.3-quantized.w4a16,mistral,Mistral-7B-Instruct-v0.3,w4a16,hellaswag,84.84,84.07,-0.77,-0.5915573770491803,-2.02934243106044,0.8462276769620795,False,True,Mistral-7B-Instruct-v0.3|s1
RedHatAI/Mistral-7B-Instruct-v0.3-quantized.w4a16,mistral,Mistral-7B-Instruct-v0.3,w4a16,winogrande,79.55,79.87,0.32,-0.5915573770491803,-5.1438752883004515,3.960760534202091,False,True,Mistral-7B-Instruct-v0.3|s1
RedHatAI/Mistral-7B-Instruct-v0.3-quantized.w4a16,mistral,Mistral-7B-Instruct-v0.3,w4a16,truthfulqa,59.33,58.47,-0.86,-0.5915573770491803,-7.495821147330593,6.312706393232233,False,True,Mistral-7B-Instruct-v0.3|s1
RedHatAI/Mistral-7B-Instruct-v0.3-quantized.w8a16,mistral,Mistral-7B-Instruct-v0.3,w8a16,mmlu,61.84,62.06,0.22,-0.1473846153846154,-0.6745692429402821,0.37980001217105136,False,True,Mistral-7B-Instruct-v0.3|s1
RedHatAI/Mistral-7B-Instruct-v0.3-quantized.w8a16,mistral,Mistral-7B-Instruct-v0.3,w8a16,arc_challenge,63.74,64.26,0.52,-0.1473846153846154,-1.9532876278010252,1.6585183970317943,False,True,Mistral-7B-Instruct-v0.3|s1
RedHatAI/Mistral-7B-Instruct-v0.3-quantized.w8a16,mistral,Mistral-7B-Instruct-v0.3,w8a16,gsm8k,49.28,50.42,1.14,-0.1473846153846154,-1.9176601731127516,1.6228909423435207,False,True,Mistral-7B-Instruct-v0.3|s1
RedHatAI/Mistral-7B-Instruct-v0.3-quantized.w8a16,mistral,Mistral-7B-Instruct-v0.3,w8a16,hellaswag,84.84,84.78,-0.06,-0.1473846153846154,-0.6076180025047264,0.3128487717354956,False,True,Mistral-7B-Instruct-v0.3|s1
RedHatAI/Mistral-7B-Instruct-v0.3-quantized.w8a16,mistral,Mistral-7B-Instruct-v0.3,w8a16,winogrande,79.56,79.48,-0.08,-0.1473846153846154,-1.6043117246188667,1.3095424938496358,False,True,Mistral-7B-Instruct-v0.3|s1
RedHatAI/Mistral-7B-Instruct-v0.3-quantized.w8a16,mistral,Mistral-7B-Instruct-v0.3,w8a16,truthfulqa,59.33,59.48,0.15,-0.1473846153846154,-2.3574317234013593,2.0626624926321284,False,True,Mistral-7B-Instruct-v0.3|s1
RedHatAI/Mistral-7B-Instruct-v0.3-FP8,mistral,Mistral-7B-Instruct-v0.3,fp8,mmlu,61.84,61.63,-0.21,-0.3224444444444444,-0.8018088902672799,0.15692000137839102,False,True,Mistral-7B-Instruct-v0.3|s2
RedHatAI/Mistral-7B-Instruct-v0.3-FP8,mistral,Mistral-7B-Instruct-v0.3,fp8,arc_challenge,63.57,63.73,0.16,-0.3224444444444444,-1.9661849825395925,1.3212960936507039,False,True,Mistral-7B-Instruct-v0.3|s2
RedHatAI/Mistral-7B-Instruct-v0.3-FP8,mistral,Mistral-7B-Instruct-v0.3,fp8,gsm8k,49.05,47.54,-1.51,-0.3224444444444444,-1.9320170899717777,1.287128201082889,False,True,Mistral-7B-Instruct-v0.3|s2
RedHatAI/Mistral-7B-Instruct-v0.3-FP8,mistral,Mistral-7B-Instruct-v0.3,fp8,hellaswag,84.76,84.52,-0.24,-0.3224444444444444,-0.7418355632258653,0.0969466743369764,False,True,Mistral-7B-Instruct-v0.3|s2
RedHatAI/Mistral-7B-Instruct-v0.3-FP8,mistral,Mistral-7B-Instruct-v0.3,fp8,winogrande,79.4,78.3,-1.1,-0.3224444444444444,-1.6510526623049686,1.00616377341608,False,True,Mistral-7B-Instruct-v0.3|s2
RedHatAI/Mistral-7B-Instruct-v0.3-FP8,mistral,Mistral-7B-Instruct-v0.3,fp8,truthfulqa,59.37,59.4,0.03,-0.3224444444444444,-2.331709761658431,1.6868208727695424,False,True,Mistral-7B-Instruct-v0.3|s2
RedHatAI/Mistral-7B-Instruct-v0.3-quantized.w4a16,mistral,Mistral-7B-Instruct-v0.3,w4a16,mmlu,61.84,60.83,-1.01,-0.6624087591240876,-1.7597513936386537,0.4349338753904787,False,True,Mistral-7B-Instruct-v0.3|s2
RedHatAI/Mistral-7B-Instruct-v0.3-quantized.w4a16,mistral,Mistral-7B-Instruct-v0.3,w4a16,arc_challenge,63.73,63.9,0.17,-0.6624087591240876,-4.4216460921987455,3.0968285739505705,False,True,Mistral-7B-Instruct-v0.3|s2
RedHatAI/Mistral-7B-Instruct-v0.3-quantized.w4a16,mistral,Mistral-7B-Instruct-v0.3,w4a16,gsm8k,49.27,43.36,-5.91,-0.6624087591240876,-4.347252944789915,3.0224354265417395,False,False,Mistral-7B-Instruct-v0.3|s2
RedHatAI/Mistral-7B-Instruct-v0.3-quantized.w4a16,mistral,Mistral-7B-Instruct-v0.3,w4a16,hellaswag,84.84,84.07,-0.77,-0.6624087591240876,-1.6203913919932849,0.2955738737451097,False,True,Mistral-7B-Instruct-v0.3|s2
RedHatAI/Mistral-7B-Instruct-v0.3-quantized.w4a16,mistral,Mistral-7B-Instruct-v0.3,w4a16,winogrande,79.55,79.87,0.32,-0.6624087591240876,-3.6955752857278235,2.370757767479648,False,True,Mistral-7B-Instruct-v0.3|s2
RedHatAI/Mistral-7B-Instruct-v0.3-quantized.w4a16,mistral,Mistral-7B-Instruct-v0.3,w4a16,truthfulqa,59.33,58.47,-0.86,-0.6624087591240876,-5.262654648608623,3.9378371303604482,False,True,Mistral-7B-Instruct-v0.3|s2
RedHatAI/Mistral-7B-Instruct-v0.3-quantized.w8a16,mistral,Mistral-7B-Instruct-v0.3,w8a16,mmlu,61.84,62.06,0.22,-0.2511764705882353,-0.8156678921100982,0.31331495093362755,False,True,Mistral-7B-Instruct-v0.3|s2
RedHatAI/Mistral-7B-Instruct-v0.3-quantized.w8a16,mistral,Mistral-7B-Instruct-v0.3,w8a16,arc_challenge,63.74,64.26,0.52,-0.2511764705882353,-2.184876175255573,1.6825232340791025,False,True,Mistral-7B-Instruct-v0.3|s2
RedHatAI/Mistral-7B-Instruct-v0.3-quantized.w8a16,mistral,Mistral-7B-Instruct-v0.3,w8a16,gsm8k,49.28,50.42,1.14,-0.2511764705882353,-2.146727504958722,1.6443745637822518,False,True,Mistral-7B-Instruct-v0.3|s2
RedHatAI/Mistral-7B-Instruct-v0.3-quantized.w8a16,mistral,Mistral-7B-Instruct-v0.3,w8a16,hellaswag,84.84,84.78,-0.06,-0.2511764705882353,-0.7439787742741873,0.2416258330977168,False,True,Mistral-7B-Instruct-v0.3|s2
RedHatAI/Mistral-7B-Instruct-v0.3-quantized.w8a16,mistral,Mistral-7B-Instruct-v0.3,w8a16,winogrande,79.56,79.48,-0.08,-0.2511764705882353,-1.8112046124530872,1.3088516712766165,False,True,Mistral-7B-Instruct-v0.3|s2
RedHatAI/Mistral-7B-Instruct-v0.3-quantized.w8a16,mistral,Mistral-7B-Instruct-v0.3,w8a16,truthfulqa,59.33,59.48,0.15,-0.2511764705882353,-2.617619967658759,2.1152670264822886,False,True,Mistral-7B-Instruct-v0.3|s2
RedHatAI/Mistral-7B-Instruct-v0.3-FP8,mistral,Mistral-7B-Instruct-v0.3,fp8,mmlu,61.84,61.63,-0.21,-0.28428571428571425,-0.6854215586813615,0.11685013010993295,False,True,Mistral-7B-Instruct-v0.3|s3
RedHatAI/Mistral-7B-Instruct-v0.3-FP8,mistral,Mistral-7B-Instruct-v0.3,fp8,arc_challenge,63.57,63.73,0.16,-0.28428571428571425,-1.6597804020161466,1.0912089734447181,False,True,Mistral-7B-Instruct-v0.3|s3
RedHatAI/Mistral-7B-Instruct-v0.3-FP8,mistral,Mistral-7B-Instruct-v0.3,fp8,gsm8k,49.05,47.54,-1.51,-0.28428571428571425,-1.6311884474900165,1.062617018918588,False,True,Mistral-7B-Instruct-v0.3|s3
RedHatAI/Mistral-7B-Instruct-v0.3-FP8,mistral,Mistral-7B-Instruct-v0.3,fp8,hellaswag,84.76,84.52,-0.24,-0.28428571428571425,-0.6352354186920278,0.06666399012059931,False,True,Mistral-7B-Instruct-v0.3|s3
RedHatAI/Mistral-7B-Instruct-v0.3-FP8,mistral,Mistral-7B-Instruct-v0.3,fp8,winogrande,79.4,78.3,-1.1,-0.28428571428571425,-1.3960752597695425,0.827503831198114,False,True,Mistral-7B-Instruct-v0.3|s3
RedHatAI/Mistral-7B-Instruct-v0.3-FP8,mistral,Mistral-7B-Instruct-v0.3,fp8,truthfulqa,59.37,59.4,0.03,-0.28428571428571425,-1.9656543403047566,1.397082911733328,False,True,Mistral-7B-Instruct-v0.3|s3
RedHatAI/Mistral-7B-Instruct-v0.3-quantized.w4a16,mistral,Mistral-7B-Instruct-v0.3,w4a16,mmlu,61.84,60.83,-1.01,-0.7766666666666667,-1.69721549200248,0.14388215866914655,False,True,Mistral-7B-Instruct-v0.3|s3
RedHatAI/Mistral-7B-Instruct-v0.3-quantized.w4a16,mistral,Mistral-7B-Instruct-v0.3,w4a16,arc_challenge,63.73,63.9,0.17,-0.7766666666666667,-3.930250061930688,2.3769167285973545,False,True,Mistral-7B-Instruct-v0.3|s3
RedHatAI/Mistral-7B-Instruct-v0.3-quantized.w4a16,mistral,Mistral-7B-Instruct-v0.3,w4a16,gsm8k,49.27,43.36,-5.91,-0.7766666666666667,-3.8678424580463022,2.3145091247129685,False,False,Mistral-7B-Instruct-v0.3|s3
RedHatAI/Mistral-7B-Instruct-v0.3-quantized.w4a16,mistral,Mistral-7B-Instruct-v0.3,w4a16,hellaswag,84.84,84.07,-0.77,-0.7766666666666667,-1.580307899261228,0.0269745659278946,False,True,Mistral-7B-Instruct-v0.3|s3
RedHatAI/Mistral-7B-Instruct-v0.3-quantized.w4a16,mistral,Mistral-7B-Instruct-v0.3,w4a16,winogrande,79.55,79.87,0.32,-0.7766666666666667,-3.3211571432880906,1.767823809954757,False,True,Mistral-7B-Instruct-v0.3|s3
RedHatAI/Mistral-7B-Instruct-v0.3-quantized.w4a16,mistral,Mistral-7B-Instruct-v0.3,w4a16,truthfulqa,59.33,58.47,-0.86,-0.7766666666666667,-4.6357630114416315,3.082429678108298,False,True,Mistral-7B-Instruct-v0.3|s3
RedHatAI/Mistral-7B-Instruct-v0.3-quantized.w8a16,mistral,Mistral-7B-Instruct-v0.3,w8a16,mmlu,61.84,62.06,0.22,0.013970588235294117,-3.4047943128400235,3.432735489310612,False,True,Mistral-7B-Instruct-v0.3|s3
RedHatAI/Mistral-7B-Instruct-v0.3-quantized.w8a16,mistral,Mistral-7B-Instruct-v0.3,w8a16,arc_challenge,63.74,64.26,0.52,0.013970588235294117,-11.697216557379042,11.72515773384963,False,True,Mistral-7B-Instruct-v0.3|s3
RedHatAI/Mistral-7B-Instruct-v0.3-quantized.w8a16,mistral,Mistral-7B-Instruct-v0.3,w8a16,gsm8k,49.28,50.42,1.14,0.013970588235294117,-11.466174366016851,11.494115542487439,False,True,Mistral-7B-Instruct-v0.3|s3
RedHatAI/Mistral-7B-Instruct-v0.3-quantized.w8a16,mistral,Mistral-7B-Instruct-v0.3,w8a16,hellaswag,84.84,84.78,-0.06,0.013970588235294117,-2.970618999447822,2.9985601759184104,False,True,Mistral-7B-Instruct-v0.3|s3
RedHatAI/Mistral-7B-Instruct-v0.3-quantized.w8a16,mistral,Mistral-7B-Instruct-v0.3,w8a16,winogrande,79.56,79.48,-0.08,0.013970588235294117,-9.434125968694827,9.462067145165415,False,True,Mistral-7B-Instruct-v0.3|s3
RedHatAI/Mistral-7B-Instruct-v0.3-quantized.w8a16,mistral,Mistral-7B-Instruct-v0.3,w8a16,truthfulqa,59.33,59.48,0.15,0.013970588235294117,-14.318070005669991,14.346011182140579,False,True,Mistral-7B-Instruct-v0.3|s3
RedHatAI/Mistral-7B-Instruct-v0.3-FP8,mistral,Mistral-7B-Instruct-v0.3,fp8,mmlu,61.84,61.63,-0.21,-0.305,-0.6761089824836064,0.06610898248360647,False,True,Mistral-7B-Instruct-v0.3|s4
RedHatAI/Mistral-7B-Instruct-v0.3-FP8,mistral,Mistral-7B-Instruct-v0.3,fp8,arc_challenge,63.57,63.73,0.16,-0.305,-1.5775325874188713,0.9675325874188714,False,True,Mistral-7B-Instruct-v0.3|s4
RedHatAI/Mistral-7B-Instruct-v0.3-FP8,mistral,Mistral-7B-Instruct-v0.3,fp8,gsm8k,49.05,47.54,-1.51,-0.305,-1.5510808721217857,0.9410808721217858,False,True,Mistral-7B-Instruct-v0.3|s4
RedHatAI/Mistral-7B-Instruct-v0.3-FP8,mistral,Mistral-7B-Instruct-v0.3,fp8,hellaswag,84.76,84.52,-0.24,-0.305,-0.6296795057703468,0.019679505770346883,False,True,Mistral-7B-Instruct-v0.3|s4
RedHatAI/Mistral-7B-Instruct-v0.3-FP8,mistral,Mistral-7B-Instruct-v0.3,fp8,winogrande,79.4,78.3,-1.1,-0.305,-1.33356698728091,0.7235669872809101,False,True,Mistral-7B-Instruct-v0.3|s4
RedHatAI/Mistral-7B-Instruct-v0.3-FP8,mistral,Mistral-7B-Instruct-v0.3,fp8,truthfulqa,59.37,59.4,0.03,-0.305,-1.860510455371704,1.2505104553717041,False,True,Mistral-7B-Instruct-v0.3|s4
RedHatAI/Mistral-7B-Instruct-v0.3-quantized.w4a16,mistral,Mistral-7B-Instruct-v0.3,w4a16,mmlu,61.84,60.83,-1.01,-0.7969354838709677,-1.5736549282855543,-0.020216039456381063,False,True,Mistral-7B-Instruct-v0.3|s4
RedHatAI/Mistral-7B-Instruct-v0.3-quantized.w4a16,mistral,Mistral-7B-Instruct-v0.3,w4a16,arc_challenge,63.73,63.9,0.17,-0.7969354838709677,-3.4577933061499597,1.8639223384080243,False,True,Mistral-7B-Instruct-v0.3|s4
RedHatAI/Mistral-7B-Instruct-v0.3-quantized.w4a16,mistral,Mistral-7B-Instruct-v0.3,w4a16,gsm8k,49.27,43.36,-5.91,-0.7969354838709677,-3.405136458319381,1.8112654905774455,False,False,Mistral-7B-Instruct-v0.3|s4
RedHatAI/Mistral-7B-Instruct-v0.3-quantized.w4a16,mistral,Mistral-7B-Instruct-v0.3,w4a16,hellaswag,84.84,84.07,-0.77,-0.7969354838709677,-1.4750133375489556,-0.11885763019297979,False,True,Mistral-7B-Instruct-v0.3|s4
RedHatAI/Mistral-7B-Instruct-v0.3-quantized.w4a16,mistral,Mistral-7B-Instruct-v0.3,w4a16,winogrande,79.55,79.87,0.32,-0.7969354838709677,-2.943866939243398,1.3499959715014627,False,True,Mistral-7B-Instruct-v0.3|s4
RedHatAI/Mistral-7B-Instruct-v0.3-quantized.w4a16,mistral,Mistral-7B-Instruct-v0.3,w4a16,truthfulqa,59.33,58.47,-0.86,-0.7969354838709677,-4.0530747416257284,2.4592037738837935,False,True,Mistral-7B-Instruct-v0.3|s4
RedHatAI/Mistral-7B-Instruct-v0.3-quantized.w8a16,mistral,Mistral-7B-Instruct-v0.3,w8a16,mmlu,61.84,62.06,0.22,0.03054545454545455,-3.353628619818576,3.4147195289094854,False,True,Mistral-7B-Instruct-v0.3|s4
RedHatAI/Mistral-7B-Instruct-v0.3-quantized.w8a16,mistral,Mistral-7B-Instruct-v0.3,w8a16,arc_challenge,63.74,64.26,0.52,0.03054545454545455,-11.562148709872666,11.623239618963574,False,True,Mistral-7B-Instruct-v0.3|s4
RedHatAI/Mistral-7B-Instruct-v0.3-quantized.w8a16,mistral,Mistral-7B-Instruct-v0.3,w8a16,gsm8k,49.28,50.42,1.14,0.03054545454545455,-11.33344418741596,11.394535096506868,False,True,Mistral-7B-Instruct-v0.3|s4
RedHatAI/Mistral-7B-Instruct-v0.3-quantized.w8a16,mistral,Mistral-7B-Instruct-v0.3,w8a16,hellaswag,84.84,84.78,-0.06,0.03054545454545455,-2.9238462622049783,2.9849371712958876,False,True,Mistral-7B-Instruct-v0.3|s4
RedHatAI/Mistral-7B-Instruct-v0.3-quantized.w8a16,mistral,Mistral-7B-Instruct-v0.3,w8a16,winogrande,79.56,79.48,-0.08,0.03054545454545455,-9.32195591517262,9.383046824263527,False,True,Mistral-7B-Instruct-v0.3|s4
RedHatAI/Mistral-7B-Instruct-v0.3-quantized.w8a16,mistral,Mistral-7B-Instruct-v0.3,w8a16,truthfulqa,59.33,59.48,0.15,0.03054545454545455,-14.15648454432097,14.217575453411877,False,True,Mistral-7B-Instruct-v0.3|s4
RedHatAI/Mistral-Small-24B-Instruct-2501-FP8-dynamic,mistral,Mistral-Small-24B-Instruct-2501,fp8_dynamic,arc_challenge,72.18,71.76,-0.42,-0.010864197530864202,-1.5984375704231861,1.576709175361458,False,True,Mistral-Small-24B-Instruct-2501|s0
RedHatAI/Mistral-Small-24B-Instruct-2501-FP8-dynamic,mistral,Mistral-Small-24B-Instruct-2501,fp8_dynamic,gsm8k,90.14,89.01,-1.13,-0.010864197530864202,-1.0064654790117407,0.9847370839500124,False,False,Mistral-Small-24B-Instruct-2501|s0
RedHatAI/Mistral-Small-24B-Instruct-2501-FP8-dynamic,mistral,Mistral-Small-24B-Instruct-2501,fp8_dynamic,hellaswag,85.05,84.65,-0.4,-0.010864197530864202,-0.44244116309896636,0.42071276803723795,False,True,Mistral-Small-24B-Instruct-2501|s0
RedHatAI/Mistral-Small-24B-Instruct-2501-FP8-dynamic,mistral,Mistral-Small-24B-Instruct-2501,fp8_dynamic,mmlu,80.69,80.55,-0.14,-0.010864197530864202,-0.41487885429364635,0.39315045923191794,False,True,Mistral-Small-24B-Instruct-2501|s0
RedHatAI/Mistral-Small-24B-Instruct-2501-FP8-dynamic,mistral,Mistral-Small-24B-Instruct-2501,fp8_dynamic,truthfulqa,65.55,64.85,-0.7,-0.010864197530864202,-2.027282093670965,2.005553698609236,False,True,Mistral-Small-24B-Instruct-2501|s0
RedHatAI/Mistral-Small-24B-Instruct-2501-FP8-dynamic,mistral,Mistral-Small-24B-Instruct-2501,fp8_dynamic,winogrande,83.11,82.48,-0.63,-0.010864197530864202,-1.287490443760725,1.2657620486989969,False,True,Mistral-Small-24B-Instruct-2501|s0
RedHatAI/Mistral-Small-24B-Instruct-2501-FP8-dynamic,mistral,Mistral-Small-24B-Instruct-2501,fp8_dynamic,ifeval,73.27,73.53,0.26,-0.010864197530864202,-2.3185387074742834,2.2968103124125547,False,True,Mistral-Small-24B-Instruct-2501|s0
RedHatAI/Mistral-Small-24B-Instruct-2501-FP8-dynamic,mistral,Mistral-Small-24B-Instruct-2501,fp8_dynamic,bbh,45.18,44.39,-0.79,-0.010864197530864202,-0.7589120691338803,0.7371836740721519,False,False,Mistral-Small-24B-Instruct-2501|s0
RedHatAI/Mistral-Small-24B-Instruct-2501-FP8-dynamic,mistral,Mistral-Small-24B-Instruct-2501,fp8_dynamic,mmlu_pro,38.83,37.28,-1.55,-0.010864197530864202,-0.5497473849332366,0.5280189898715082,False,False,Mistral-Small-24B-Instruct-2501|s0
RedHatAI/Mistral-Small-24B-Instruct-2501-quantized.w4a16,mistral,Mistral-Small-24B-Instruct-2501,w4a16,arc_challenge,72.18,71.16,-1.02,-0.7348275862068965,-3.4959952704142587,2.0263400980004658,False,True,Mistral-Small-24B-Instruct-2501|s0
RedHatAI/Mistral-Small-24B-Instruct-2501-quantized.w4a16,mistral,Mistral-Small-24B-Instruct-2501,w4a16,gsm8k,90.14,89.69,-0.45,-0.7348275862068965,-2.466415008696936,0.9967598362831431,False,True,Mistral-Small-24B-Instruct-2501|s0
RedHatAI/Mistral-Small-24B-Instruct-2501-quantized.w4a16,mistral,Mistral-Small-24B-Instruct-2501,w4a16,hellaswag,85.05,84.43,-0.62,-0.7348275862068965,-1.4854425756759482,0.01578740326215522,False,True,Mistral-Small-24B-Instruct-2501|s0
RedHatAI/Mistral-Small-24B-Instruct-2501-quantized.w4a16,mistral,Mistral-Small-24B-Instruct-2501,w4a16,mmlu,80.69,80.0,-0.69,-0.7348275862068965,-1.437505165238821,-0.03215000717497196,False,True,Mistral-Small-24B-Instruct-2501|s0
RedHatAI/Mistral-Small-24B-Instruct-2501-quantized.w4a16,mistral,Mistral-Small-24B-Instruct-2501,w4a16,truthfulqa,65.55,63.92,-1.63,-0.7348275862068965,-4.241857892803676,2.7722027203898825,False,True,Mistral-Small-24B-Instruct-2501|s0
RedHatAI/Mistral-Small-24B-Instruct-2501-quantized.w4a16,mistral,Mistral-Small-24B-Instruct-2501,w4a16,winogrande,83.11,82.24,-0.87,-0.7348275862068965,-2.95518426142554,1.485529089011747,False,True,Mistral-Small-24B-Instruct-2501|s0
RedHatAI/Mistral-Small-24B-Instruct-2501-quantized.w4a16,mistral,Mistral-Small-24B-Instruct-2501,w4a16,ifeval,73.27,74.37,1.1,-0.7348275862068965,-4.748422416735089,3.278767244321296,False,True,Mistral-Small-24B-Instruct-2501|s0
RedHatAI/Mistral-Small-24B-Instruct-2501-quantized.w4a16,mistral,Mistral-Small-24B-Instruct-2501,w4a16,bbh,45.18,45.15,-0.03,-0.7348275862068965,-2.035860750770081,0.566205578356288,False,True,Mistral-Small-24B-Instruct-2501|s0
RedHatAI/Mistral-Small-24B-Instruct-2501-quantized.w4a16,mistral,Mistral-Small-24B-Instruct-2501,w4a16,mmlu_pro,38.83,36.0,-2.83,-0.7348275862068965,-1.6720736171775932,0.20241844476380033,False,False,Mistral-Small-24B-Instruct-2501|s0
RedHatAI/Mistral-Small-24B-Instruct-2501-quantized.w8a8,mistral,Mistral-Small-24B-Instruct-2501,w8a8_int,arc_challenge,72.18,68.86,-3.32,-0.28417721518987343,-1.9651110988913174,1.3967566685115707,False,False,Mistral-Small-24B-Instruct-2501|s0
RedHatAI/Mistral-Small-24B-Instruct-2501-quantized.w8a8,mistral,Mistral-Small-24B-Instruct-2501,w8a8_int,gsm8k,90.14,90.0,-0.14,-0.28417721518987343,-1.3383268735762723,0.7699724431965256,False,True,Mistral-Small-24B-Instruct-2501|s0
RedHatAI/Mistral-Small-24B-Instruct-2501-quantized.w8a8,mistral,Mistral-Small-24B-Instruct-2501,w8a8_int,hellaswag,85.05,85.06,0.01,-0.28417721518987343,-0.7411339500630518,0.1727795196833049,False,True,Mistral-Small-24B-Instruct-2501|s0
RedHatAI/Mistral-Small-24B-Instruct-2501-quantized.w8a8,mistral,Mistral-Small-24B-Instruct-2501,w8a8_int,mmlu,80.69,80.25,-0.44,-0.28417721518987343,-0.7119507831146807,0.14359635273493393,False,True,Mistral-Small-24B-Instruct-2501|s0
RedHatAI/Mistral-Small-24B-Instruct-2501-quantized.w8a8,mistral,Mistral-Small-24B-Instruct-2501,w8a8_int,truthfulqa,65.55,65.69,0.14,-0.28417721518987343,-2.419174704564978,1.8508202741852309,False,True,Mistral-Small-24B-Instruct-2501|s0
RedHatAI/Mistral-Small-24B-Instruct-2501-quantized.w8a8,mistral,Mistral-Small-24B-Instruct-2501,w8a8_int,winogrande,83.11,81.69,-1.42,-0.28417721518987343,-1.6358780882026287,1.067523657822882,False,True,Mistral-Small-24B-Instruct-2501|s0
RedHatAI/Mistral-Small-24B-Instruct-2501-FP8-dynamic,mistral,Mistral-Small-24B-Instruct-2501,fp8_dynamic,arc_challenge,72.18,71.76,-0.42,0.06703125,-1.6009099400694247,1.7349724400694249,False,True,Mistral-Small-24B-Instruct-2501|s1
RedHatAI/Mistral-Small-24B-Instruct-2501-FP8-dynamic,mistral,Mistral-Small-24B-Instruct-2501,fp8_dynamic,gsm8k,90.14,89.01,-1.13,0.06703125,-0.9789704117956272,1.1130329117956272,False,False,Mistral-Small-24B-Instruct-2501|s1
RedHatAI/Mistral-Small-24B-Instruct-2501-FP8-dynamic,mistral,Mistral-Small-24B-Instruct-2501,fp8_dynamic,hellaswag,85.05,84.65,-0.4,0.06703125,-0.38639346084959125,0.5204559608495912,False,False,Mistral-Small-24B-Instruct-2501|s1
RedHatAI/Mistral-Small-24B-Instruct-2501-FP8-dynamic,mistral,Mistral-Small-24B-Instruct-2501,fp8_dynamic,mmlu,80.69,80.55,-0.14,0.06703125,-0.35743586371752817,0.49149836371752814,False,True,Mistral-Small-24B-Instruct-2501|s1
RedHatAI/Mistral-Small-24B-Instruct-2501-FP8-dynamic,mistral,Mistral-Small-24B-Instruct-2501,fp8_dynamic,truthfulqa,65.55,64.85,-0.7,0.06703125,-2.051463884015655,2.1855263840156547,False,True,Mistral-Small-24B-Instruct-2501|s1
RedHatAI/Mistral-Small-24B-Instruct-2501-FP8-dynamic,mistral,Mistral-Small-24B-Instruct-2501,fp8_dynamic,winogrande,83.11,82.48,-0.63,0.06703125,-1.2742217193233398,1.40828421932334,False,True,Mistral-Small-24B-Instruct-2501|s1
RedHatAI/Mistral-Small-24B-Instruct-2501-FP8-dynamic,mistral,Mistral-Small-24B-Instruct-2501,fp8_dynamic,ifeval,73.27,73.53,0.26,0.06703125,-2.3574647979498846,2.4915272979498844,False,True,Mistral-Small-24B-Instruct-2501|s1
RedHatAI/Mistral-Small-24B-Instruct-2501-FP8-dynamic,mistral,Mistral-Small-24B-Instruct-2501,fp8_dynamic,bbh,45.18,44.39,-0.79,0.06703125,-0.7188850915655629,0.8529475915655629,False,False,Mistral-Small-24B-Instruct-2501|s1
RedHatAI/Mistral-Small-24B-Instruct-2501-FP8-dynamic,mistral,Mistral-Small-24B-Instruct-2501,fp8_dynamic,mmlu_pro,38.83,37.28,-1.55,0.06703125,-0.4991318516567076,0.6331943516567076,False,False,Mistral-Small-24B-Instruct-2501|s1
RedHatAI/Mistral-Small-24B-Instruct-2501-quantized.w4a16,mistral,Mistral-Small-24B-Instruct-2501,w4a16,arc_challenge,72.18,71.16,-1.02,-0.505648854961832,-5.644492933804243,4.63319522388058,False,True,Mistral-Small-24B-Instruct-2501|s1
RedHatAI/Mistral-Small-24B-Instruct-2501-quantized.w4a16,mistral,Mistral-Small-24B-Instruct-2501,w4a16,gsm8k,90.14,89.69,-0.45,-0.505648854961832,-3.728328094602198,2.717030384678534,False,True,Mistral-Small-24B-Instruct-2501|s1
RedHatAI/Mistral-Small-24B-Instruct-2501-quantized.w4a16,mistral,Mistral-Small-24B-Instruct-2501,w4a16,hellaswag,85.05,84.43,-0.62,-0.505648854961832,-1.9026278998004988,0.891330189876835,False,True,Mistral-Small-24B-Instruct-2501|s1
RedHatAI/Mistral-Small-24B-Instruct-2501-quantized.w4a16,mistral,Mistral-Small-24B-Instruct-2501,w4a16,mmlu,80.69,80.0,-0.69,-0.505648854961832,-1.8134109792965978,0.8021132693729337,False,True,Mistral-Small-24B-Instruct-2501|s1
RedHatAI/Mistral-Small-24B-Instruct-2501-quantized.w4a16,mistral,Mistral-Small-24B-Instruct-2501,w4a16,truthfulqa,65.55,63.92,-1.63,-0.505648854961832,-7.032627288200041,6.021329578276378,False,True,Mistral-Small-24B-Instruct-2501|s1
RedHatAI/Mistral-Small-24B-Instruct-2501-quantized.w4a16,mistral,Mistral-Small-24B-Instruct-2501,w4a16,winogrande,83.11,82.24,-0.87,-0.505648854961832,-4.637982729005773,3.6266850190821094,False,True,Mistral-Small-24B-Instruct-2501|s1
RedHatAI/Mistral-Small-24B-Instruct-2501-quantized.w4a16,mistral,Mistral-Small-24B-Instruct-2501,w4a16,ifeval,73.27,74.37,1.1,-0.505648854961832,-7.97540092677529,6.964103216851626,False,True,Mistral-Small-24B-Instruct-2501|s1
RedHatAI/Mistral-Small-24B-Instruct-2501-quantized.w4a16,mistral,Mistral-Small-24B-Instruct-2501,w4a16,bbh,45.18,45.15,-0.03,-0.505648854961832,-2.9270181228744376,1.9157204129507739,False,True,Mistral-Small-24B-Instruct-2501|s1
RedHatAI/Mistral-Small-24B-Instruct-2501-quantized.w4a16,mistral,Mistral-Small-24B-Instruct-2501,w4a16,mmlu_pro,38.83,36.0,-2.83,-0.505648854961832,-2.249969290196438,1.2386715802727744,False,False,Mistral-Small-24B-Instruct-2501|s1
RedHatAI/Mistral-Small-24B-Instruct-2501-quantized.w8a8,mistral,Mistral-Small-24B-Instruct-2501,w8a8_int,arc_challenge,72.18,68.86,-3.32,-0.31848000000000004,-2.0470019436502502,1.41004194365025,False,False,Mistral-Small-24B-Instruct-2501|s1
RedHatAI/Mistral-Small-24B-Instruct-2501-quantized.w8a8,mistral,Mistral-Small-24B-Instruct-2501,w8a8_int,gsm8k,90.14,90.0,-0.14,-0.31848000000000004,-1.4024731505217598,0.7655131505217596,False,True,Mistral-Small-24B-Instruct-2501|s1
RedHatAI/Mistral-Small-24B-Instruct-2501-quantized.w8a8,mistral,Mistral-Small-24B-Instruct-2501,w8a8_int,hellaswag,85.05,85.06,0.01,-0.31848000000000004,-0.788373403414401,0.15141340341440085,False,True,Mistral-Small-24B-Instruct-2501|s1
RedHatAI/Mistral-Small-24B-Instruct-2501-quantized.w8a8,mistral,Mistral-Small-24B-Instruct-2501,w8a8_int,mmlu,80.69,80.25,-0.44,-0.31848000000000004,-0.7583640467439351,0.12140404674393501,False,True,Mistral-Small-24B-Instruct-2501|s1
RedHatAI/Mistral-Small-24B-Instruct-2501-quantized.w8a8,mistral,Mistral-Small-24B-Instruct-2501,w8a8_int,truthfulqa,65.55,65.69,0.14,-0.31848000000000004,-2.5139203119632287,1.8769603119632285,False,True,Mistral-Small-24B-Instruct-2501|s1
RedHatAI/Mistral-Small-24B-Instruct-2501-quantized.w8a8,mistral,Mistral-Small-24B-Instruct-2501,w8a8_int,winogrande,83.11,81.69,-1.42,-0.31848000000000004,-1.7084481854879732,1.071488185487973,False,True,Mistral-Small-24B-Instruct-2501|s1
RedHatAI/Mistral-Small-24B-Instruct-2501-FP8-dynamic,mistral,Mistral-Small-24B-Instruct-2501,fp8_dynamic,arc_challenge,72.18,71.76,-0.42,-0.07246031746031746,-2.211569688263224,2.066649053342589,False,True,Mistral-Small-24B-Instruct-2501|s2
RedHatAI/Mistral-Small-24B-Instruct-2501-FP8-dynamic,mistral,Mistral-Small-24B-Instruct-2501,fp8_dynamic,gsm8k,90.14,89.01,-1.13,-0.07246031746031746,-1.4139416418284187,1.2690210069077836,False,True,Mistral-Small-24B-Instruct-2501|s2
RedHatAI/Mistral-Small-24B-Instruct-2501-FP8-dynamic,mistral,Mistral-Small-24B-Instruct-2501,fp8_dynamic,hellaswag,85.05,84.65,-0.4,-0.07246031746031746,-0.6539706570974049,0.50905002217677,False,True,Mistral-Small-24B-Instruct-2501|s2
RedHatAI/Mistral-Small-24B-Instruct-2501-FP8-dynamic,mistral,Mistral-Small-24B-Instruct-2501,fp8_dynamic,mmlu,80.69,80.55,-0.14,-0.07246031746031746,-0.6168329763746492,0.4719123414540143,False,True,Mistral-Small-24B-Instruct-2501|s2
RedHatAI/Mistral-Small-24B-Instruct-2501-FP8-dynamic,mistral,Mistral-Small-24B-Instruct-2501,fp8_dynamic,truthfulqa,65.55,64.85,-0.7,-0.07246031746031746,-2.789398312728978,2.644477677808343,False,True,Mistral-Small-24B-Instruct-2501|s2
RedHatAI/Mistral-Small-24B-Instruct-2501-FP8-dynamic,mistral,Mistral-Small-24B-Instruct-2501,fp8_dynamic,winogrande,83.11,82.48,-0.63,-0.07246031746031746,-1.7925969819774639,1.6476763470568287,False,True,Mistral-Small-24B-Instruct-2501|s2
RedHatAI/Mistral-Small-24B-Instruct-2501-FP8-dynamic,mistral,Mistral-Small-24B-Instruct-2501,fp8_dynamic,ifeval,73.27,73.53,0.26,-0.07246031746031746,-3.181839860649333,3.036919225728698,False,True,Mistral-Small-24B-Instruct-2501|s2
RedHatAI/Mistral-Small-24B-Instruct-2501-FP8-dynamic,mistral,Mistral-Small-24B-Instruct-2501,fp8_dynamic,bbh,45.18,44.39,-0.79,-0.07246031746031746,-1.0803861489700355,0.9354655140494005,False,True,Mistral-Small-24B-Instruct-2501|s2
RedHatAI/Mistral-Small-24B-Instruct-2501-FP8-dynamic,mistral,Mistral-Small-24B-Instruct-2501,fp8_dynamic,mmlu_pro,38.83,37.28,-1.55,-0.07246031746031746,-0.7985559396364764,0.6536353047158415,False,False,Mistral-Small-24B-Instruct-2501|s2
RedHatAI/Mistral-Small-24B-Instruct-2501-quantized.w4a16,mistral,Mistral-Small-24B-Instruct-2501,w4a16,arc_challenge,72.18,71.16,-1.02,-0.8267961165048543,-5.093276042299637,3.439683809289928,False,True,Mistral-Small-24B-Instruct-2501|s2
RedHatAI/Mistral-Small-24B-Instruct-2501-quantized.w4a16,mistral,Mistral-Small-24B-Instruct-2501,w4a16,gsm8k,90.14,89.69,-0.45,-0.8267961165048543,-3.5023971023005664,1.848804869290858,False,True,Mistral-Small-24B-Instruct-2501|s2
RedHatAI/Mistral-Small-24B-Instruct-2501-quantized.w4a16,mistral,Mistral-Small-24B-Instruct-2501,w4a16,hellaswag,85.05,84.43,-0.62,-0.8267961165048543,-1.9866256346058877,0.3330334015961791,False,True,Mistral-Small-24B-Instruct-2501|s2
RedHatAI/Mistral-Small-24B-Instruct-2501-quantized.w4a16,mistral,Mistral-Small-24B-Instruct-2501,w4a16,mmlu,80.69,80.0,-0.69,-0.8267961165048543,-1.912554074050412,0.2589618410407033,False,True,Mistral-Small-24B-Instruct-2501|s2
RedHatAI/Mistral-Small-24B-Instruct-2501-quantized.w4a16,mistral,Mistral-Small-24B-Instruct-2501,w4a16,truthfulqa,65.55,63.92,-1.63,-0.8267961165048543,-6.245762334249923,4.592170101240214,False,True,Mistral-Small-24B-Instruct-2501|s2
RedHatAI/Mistral-Small-24B-Instruct-2501-quantized.w4a16,mistral,Mistral-Small-24B-Instruct-2501,w4a16,winogrande,83.11,82.24,-0.87,-0.8267961165048543,-4.257629831207044,2.604037598197335,False,True,Mistral-Small-24B-Instruct-2501|s2
RedHatAI/Mistral-Small-24B-Instruct-2501-quantized.w4a16,mistral,Mistral-Small-24B-Instruct-2501,w4a16,ifeval,73.27,74.37,1.1,-0.8267961165048543,-7.028491823963471,5.374899590953762,False,True,Mistral-Small-24B-Instruct-2501|s2
RedHatAI/Mistral-Small-24B-Instruct-2501-quantized.w4a16,mistral,Mistral-Small-24B-Instruct-2501,w4a16,bbh,45.18,45.15,-0.03,-0.8267961165048543,-2.837116573009669,1.1835243399999607,False,True,Mistral-Small-24B-Instruct-2501|s2
RedHatAI/Mistral-Small-24B-Instruct-2501-quantized.w4a16,mistral,Mistral-Small-24B-Instruct-2501,w4a16,mmlu_pro,38.83,36.0,-2.83,-0.8267961165048543,-2.2750027573178393,0.6214105243081307,False,False,Mistral-Small-24B-Instruct-2501|s2
RedHatAI/Mistral-Small-24B-Instruct-2501-quantized.w8a8,mistral,Mistral-Small-24B-Instruct-2501,w8a8_int,arc_challenge,72.18,68.86,-3.32,-0.31071942446043166,-2.3596213706431364,1.7381825217222728,False,False,Mistral-Small-24B-Instruct-2501|s2
RedHatAI/Mistral-Small-24B-Instruct-2501-quantized.w8a8,mistral,Mistral-Small-24B-Instruct-2501,w8a8_int,gsm8k,90.14,90.0,-0.14,-0.31071942446043166,-1.5956297398380372,0.9741908909171739,False,True,Mistral-Small-24B-Instruct-2501|s2
RedHatAI/Mistral-Small-24B-Instruct-2501-quantized.w8a8,mistral,Mistral-Small-24B-Instruct-2501,w8a8_int,hellaswag,85.05,85.06,0.01,-0.31071942446043166,-0.8677071516286712,0.24626830270780786,False,True,Mistral-Small-24B-Instruct-2501|s2
RedHatAI/Mistral-Small-24B-Instruct-2501-quantized.w8a8,mistral,Mistral-Small-24B-Instruct-2501,w8a8_int,mmlu,80.69,80.25,-0.44,-0.31071942446043166,-0.8321355874309017,0.21069673851003834,False,True,Mistral-Small-24B-Instruct-2501|s2
RedHatAI/Mistral-Small-24B-Instruct-2501-quantized.w8a8,mistral,Mistral-Small-24B-Instruct-2501,w8a8_int,truthfulqa,65.55,65.69,0.14,-0.31071942446043166,-2.9130826426039897,2.291643793683126,False,True,Mistral-Small-24B-Instruct-2501|s2
RedHatAI/Mistral-Small-24B-Instruct-2501-quantized.w8a8,mistral,Mistral-Small-24B-Instruct-2501,w8a8_int,winogrande,83.11,81.69,-1.42,-0.31071942446043166,-1.9583169749805063,1.336878126059643,False,True,Mistral-Small-24B-Instruct-2501|s2
RedHatAI/Mistral-Small-24B-Instruct-2501-FP8-dynamic,mistral,Mistral-Small-24B-Instruct-2501,fp8_dynamic,arc_challenge,72.18,71.76,-0.42,0.05881481481481481,-1.525536769992871,1.6431663996225008,False,True,Mistral-Small-24B-Instruct-2501|s3
RedHatAI/Mistral-Small-24B-Instruct-2501-FP8-dynamic,mistral,Mistral-Small-24B-Instruct-2501,fp8_dynamic,gsm8k,90.14,89.01,-1.13,0.05881481481481481,-0.9347660143200517,1.0523956439496813,False,False,Mistral-Small-24B-Instruct-2501|s3
RedHatAI/Mistral-Small-24B-Instruct-2501-FP8-dynamic,mistral,Mistral-Small-24B-Instruct-2501,fp8_dynamic,hellaswag,85.05,84.65,-0.4,0.05881481481481481,-0.37188631751684453,0.4895159471464742,False,False,Mistral-Small-24B-Instruct-2501|s3
RedHatAI/Mistral-Small-24B-Instruct-2501-FP8-dynamic,mistral,Mistral-Small-24B-Instruct-2501,fp8_dynamic,mmlu,80.69,80.55,-0.14,0.05881481481481481,-0.3443799430825654,0.46200957271219506,False,True,Mistral-Small-24B-Instruct-2501|s3
RedHatAI/Mistral-Small-24B-Instruct-2501-FP8-dynamic,mistral,Mistral-Small-24B-Instruct-2501,fp8_dynamic,truthfulqa,65.55,64.85,-0.7,0.05881481481481481,-1.953511005165306,2.0711406347949355,False,True,Mistral-Small-24B-Instruct-2501|s3
RedHatAI/Mistral-Small-24B-Instruct-2501-FP8-dynamic,mistral,Mistral-Small-24B-Instruct-2501,fp8_dynamic,winogrande,83.11,82.48,-0.63,0.05881481481481481,-1.2152206729034294,1.3328503025330591,False,True,Mistral-Small-24B-Instruct-2501|s3
RedHatAI/Mistral-Small-24B-Instruct-2501-FP8-dynamic,mistral,Mistral-Small-24B-Instruct-2501,fp8_dynamic,ifeval,73.27,73.53,0.26,0.05881481481481481,-2.244176548909158,2.3618061785387874,False,True,Mistral-Small-24B-Instruct-2501|s3
RedHatAI/Mistral-Small-24B-Instruct-2501-FP8-dynamic,mistral,Mistral-Small-24B-Instruct-2501,fp8_dynamic,bbh,45.18,44.39,-0.79,0.05881481481481481,-0.6877149841368081,0.8053446137664376,False,False,Mistral-Small-24B-Instruct-2501|s3
RedHatAI/Mistral-Small-24B-Instruct-2501-FP8-dynamic,mistral,Mistral-Small-24B-Instruct-2501,fp8_dynamic,mmlu_pro,38.83,37.28,-1.55,0.05881481481481481,-0.47897477435655383,0.5966044039861834,False,False,Mistral-Small-24B-Instruct-2501|s3
RedHatAI/Mistral-Small-24B-Instruct-2501-quantized.w4a16,mistral,Mistral-Small-24B-Instruct-2501,w4a16,arc_challenge,72.18,71.16,-1.02,-0.7667910447761194,-4.019659015356098,2.4860769258038586,False,True,Mistral-Small-24B-Instruct-2501|s3
RedHatAI/Mistral-Small-24B-Instruct-2501-quantized.w4a16,mistral,Mistral-Small-24B-Instruct-2501,w4a16,gsm8k,90.14,89.69,-0.45,-0.7667910447761194,-2.8067342532574706,1.273152163705232,False,True,Mistral-Small-24B-Instruct-2501|s3
RedHatAI/Mistral-Small-24B-Instruct-2501-quantized.w4a16,mistral,Mistral-Small-24B-Instruct-2501,w4a16,hellaswag,85.05,84.43,-0.62,-0.7667910447761194,-1.6510732531498644,0.11749116359762557,False,True,Mistral-Small-24B-Instruct-2501|s3
RedHatAI/Mistral-Small-24B-Instruct-2501-quantized.w4a16,mistral,Mistral-Small-24B-Instruct-2501,w4a16,mmlu,80.69,80.0,-0.69,-0.7667910447761194,-1.5945992954487982,0.06101720589655946,False,True,Mistral-Small-24B-Instruct-2501|s3
RedHatAI/Mistral-Small-24B-Instruct-2501-quantized.w4a16,mistral,Mistral-Small-24B-Instruct-2501,w4a16,truthfulqa,65.55,63.92,-1.63,-0.7667910447761194,-4.898342569672647,3.3647604801204087,False,True,Mistral-Small-24B-Instruct-2501|s3
RedHatAI/Mistral-Small-24B-Instruct-2501-quantized.w4a16,mistral,Mistral-Small-24B-Instruct-2501,w4a16,winogrande,83.11,82.24,-0.87,-0.7667910447761194,-3.382542037876532,1.8489599483242936,False,True,Mistral-Small-24B-Instruct-2501|s3
RedHatAI/Mistral-Small-24B-Instruct-2501-quantized.w4a16,mistral,Mistral-Small-24B-Instruct-2501,w4a16,ifeval,73.27,74.37,1.1,-0.7667910447761194,-5.49511455290032,3.9615324633480817,False,True,Mistral-Small-24B-Instruct-2501|s3
RedHatAI/Mistral-Small-24B-Instruct-2501-quantized.w4a16,mistral,Mistral-Small-24B-Instruct-2501,w4a16,bbh,45.18,45.15,-0.03,-0.7667910447761194,-2.299508211457281,0.7659261219050421,False,True,Mistral-Small-24B-Instruct-2501|s3
RedHatAI/Mistral-Small-24B-Instruct-2501-quantized.w4a16,mistral,Mistral-Small-24B-Instruct-2501,w4a16,mmlu_pro,38.83,36.0,-2.83,-0.7667910447761194,-1.870938979048709,0.33735688949647036,False,False,Mistral-Small-24B-Instruct-2501|s3
RedHatAI/Mistral-Small-24B-Instruct-2501-quantized.w8a8,mistral,Mistral-Small-24B-Instruct-2501,w8a8_int,arc_challenge,72.18,68.86,-3.32,-0.3582222222222222,-1.7833042043709901,1.0668597599265457,False,False,Mistral-Small-24B-Instruct-2501|s3
RedHatAI/Mistral-Small-24B-Instruct-2501-quantized.w8a8,mistral,Mistral-Small-24B-Instruct-2501,w8a8_int,gsm8k,90.14,90.0,-0.14,-0.3582222222222222,-1.251921670618585,0.5354772261741404,False,True,Mistral-Small-24B-Instruct-2501|s3
RedHatAI/Mistral-Small-24B-Instruct-2501-quantized.w8a8,mistral,Mistral-Small-24B-Instruct-2501,w8a8_int,hellaswag,85.05,85.06,0.01,-0.3582222222222222,-0.7456264002231696,0.029181955778725177,False,True,Mistral-Small-24B-Instruct-2501|s3
RedHatAI/Mistral-Small-24B-Instruct-2501-quantized.w8a8,mistral,Mistral-Small-24B-Instruct-2501,w8a8_int,mmlu,80.69,80.25,-0.44,-0.3582222222222222,-0.7208851502528943,0.004440705808449963,False,True,Mistral-Small-24B-Instruct-2501|s3
RedHatAI/Mistral-Small-24B-Instruct-2501-quantized.w8a8,mistral,Mistral-Small-24B-Instruct-2501,w8a8_int,truthfulqa,65.55,65.69,0.14,-0.3582222222222222,-2.168255611127192,1.4518111666827473,False,True,Mistral-Small-24B-Instruct-2501|s3
RedHatAI/Mistral-Small-24B-Instruct-2501-quantized.w8a8,mistral,Mistral-Small-24B-Instruct-2501,w8a8_int,winogrande,83.11,81.69,-1.42,-0.3582222222222222,-1.5041831538583477,0.7877387094139032,False,True,Mistral-Small-24B-Instruct-2501|s3
RedHatAI/Mistral-Small-24B-Instruct-2501-FP8-dynamic,mistral,Mistral-Small-24B-Instruct-2501,fp8_dynamic,arc_challenge,72.18,71.76,-0.42,0.04643939393939394,-1.4638207338183373,1.556699521697125,False,True,Mistral-Small-24B-Instruct-2501|s4
RedHatAI/Mistral-Small-24B-Instruct-2501-FP8-dynamic,mistral,Mistral-Small-24B-Instruct-2501,fp8_dynamic,gsm8k,90.14,89.01,-1.13,0.04643939393939394,-0.9006770948095347,0.9935558826883225,False,False,Mistral-Small-24B-Instruct-2501|s4
RedHatAI/Mistral-Small-24B-Instruct-2501-FP8-dynamic,mistral,Mistral-Small-24B-Instruct-2501,fp8_dynamic,hellaswag,85.05,84.65,-0.4,0.04643939393939394,-0.36412020241406806,0.45699899029285596,False,False,Mistral-Small-24B-Instruct-2501|s4
RedHatAI/Mistral-Small-24B-Instruct-2501-FP8-dynamic,mistral,Mistral-Small-24B-Instruct-2501,fp8_dynamic,mmlu,80.69,80.55,-0.14,0.04643939393939394,-0.3379001506492896,0.43077893852807747,False,True,Mistral-Small-24B-Instruct-2501|s4
RedHatAI/Mistral-Small-24B-Instruct-2501-FP8-dynamic,mistral,Mistral-Small-24B-Instruct-2501,fp8_dynamic,truthfulqa,65.55,64.85,-0.7,0.04643939393939394,-1.8717809550762945,1.9646597429550823,False,True,Mistral-Small-24B-Instruct-2501|s4
RedHatAI/Mistral-Small-24B-Instruct-2501-FP8-dynamic,mistral,Mistral-Small-24B-Instruct-2501,fp8_dynamic,winogrande,83.11,82.48,-0.63,0.04643939393939394,-1.1680164231277477,1.2608952110065355,False,True,Mistral-Small-24B-Instruct-2501|s4
RedHatAI/Mistral-Small-24B-Instruct-2501-FP8-dynamic,mistral,Mistral-Small-24B-Instruct-2501,fp8_dynamic,ifeval,73.27,73.53,0.26,0.04643939393939394,-2.1488536613106533,2.241732449189441,False,True,Mistral-Small-24B-Instruct-2501|s4
RedHatAI/Mistral-Small-24B-Instruct-2501-FP8-dynamic,mistral,Mistral-Small-24B-Instruct-2501,fp8_dynamic,bbh,45.18,44.39,-0.79,0.04643939393939394,-0.665179289912578,0.7580580777913658,False,False,Mistral-Small-24B-Instruct-2501|s4
RedHatAI/Mistral-Small-24B-Instruct-2501-FP8-dynamic,mistral,Mistral-Small-24B-Instruct-2501,fp8_dynamic,mmlu_pro,38.83,37.28,-1.55,0.04643939393939394,-0.4662007179126209,0.5590795057914087,False,False,Mistral-Small-24B-Instruct-2501|s4
RedHatAI/Mistral-Small-24B-Instruct-2501-quantized.w4a16,mistral,Mistral-Small-24B-Instruct-2501,w4a16,arc_challenge,72.18,71.16,-1.02,-0.8199137931034483,-4.490009893364125,2.850182307157228,False,True,Mistral-Small-24B-Instruct-2501|s4
RedHatAI/Mistral-Small-24B-Instruct-2501-quantized.w4a16,mistral,Mistral-Small-24B-Instruct-2501,w4a16,gsm8k,90.14,89.69,-0.45,-0.8199137931034483,-3.1215097022868714,1.4816821160799747,False,True,Mistral-Small-24B-Instruct-2501|s4
RedHatAI/Mistral-Small-24B-Instruct-2501-quantized.w4a16,mistral,Mistral-Small-24B-Instruct-2501,w4a16,hellaswag,85.05,84.43,-0.62,-0.8199137931034483,-1.8176181923704537,0.17779060616355735,False,True,Mistral-Small-24B-Instruct-2501|s4
RedHatAI/Mistral-Small-24B-Instruct-2501-quantized.w4a16,mistral,Mistral-Small-24B-Instruct-2501,w4a16,mmlu,80.69,80.0,-0.69,-0.8199137931034483,-1.7539006195087385,0.11407303330184204,False,True,Mistral-Small-24B-Instruct-2501|s4
RedHatAI/Mistral-Small-24B-Instruct-2501-quantized.w4a16,mistral,Mistral-Small-24B-Instruct-2501,w4a16,truthfulqa,65.55,63.92,-1.63,-0.8199137931034483,-5.481397528898984,3.841569942692087,False,True,Mistral-Small-24B-Instruct-2501|s4
RedHatAI/Mistral-Small-24B-Instruct-2501-quantized.w4a16,mistral,Mistral-Small-24B-Instruct-2501,w4a16,winogrande,83.11,82.24,-0.87,-0.8199137931034483,-3.7711732988248414,2.1313457126179447,False,True,Mistral-Small-24B-Instruct-2501|s4
RedHatAI/Mistral-Small-24B-Instruct-2501-quantized.w4a16,mistral,Mistral-Small-24B-Instruct-2501,w4a16,ifeval,73.27,74.37,1.1,-0.8199137931034483,-6.154714290660515,4.514886704453618,False,True,Mistral-Small-24B-Instruct-2501|s4
RedHatAI/Mistral-Small-24B-Instruct-2501-quantized.w4a16,mistral,Mistral-Small-24B-Instruct-2501,w4a16,bbh,45.18,45.15,-0.03,-0.8199137931034483,-2.549224465136707,0.9093968789298105,False,True,Mistral-Small-24B-Instruct-2501|s4
RedHatAI/Mistral-Small-24B-Instruct-2501-quantized.w4a16,mistral,Mistral-Small-24B-Instruct-2501,w4a16,mmlu_pro,38.83,36.0,-2.83,-0.8199137931034483,-2.065684929323955,0.4258573431170586,False,False,Mistral-Small-24B-Instruct-2501|s4
RedHatAI/Mistral-Small-24B-Instruct-2501-quantized.w8a8,mistral,Mistral-Small-24B-Instruct-2501,w8a8_int,arc_challenge,72.18,68.86,-3.32,-0.29688888888888887,-3.1317620044871233,2.5379842267093458,False,False,Mistral-Small-24B-Instruct-2501|s4
RedHatAI/Mistral-Small-24B-Instruct-2501-quantized.w8a8,mistral,Mistral-Small-24B-Instruct-2501,w8a8_int,gsm8k,90.14,90.0,-0.14,-0.29688888888888887,-2.0746985668020987,1.4809207890243212,False,True,Mistral-Small-24B-Instruct-2501|s4
RedHatAI/Mistral-Small-24B-Instruct-2501-quantized.w8a8,mistral,Mistral-Small-24B-Instruct-2501,w8a8_int,hellaswag,85.05,85.06,0.01,-0.29688888888888887,-1.067540474441439,0.4737626966636612,False,True,Mistral-Small-24B-Instruct-2501|s4
RedHatAI/Mistral-Small-24B-Instruct-2501-quantized.w8a8,mistral,Mistral-Small-24B-Instruct-2501,w8a8_int,mmlu,80.69,80.25,-0.44,-0.29688888888888887,-1.0183234432350847,0.4245456654573071,False,True,Mistral-Small-24B-Instruct-2501|s4
RedHatAI/Mistral-Small-24B-Instruct-2501-quantized.w8a8,mistral,Mistral-Small-24B-Instruct-2501,w8a8_int,truthfulqa,65.55,65.69,0.14,-0.29688888888888887,-3.8975343653020498,3.3037565875242723,False,True,Mistral-Small-24B-Instruct-2501|s4
RedHatAI/Mistral-Small-24B-Instruct-2501-quantized.w8a8,mistral,Mistral-Small-24B-Instruct-2501,w8a8_int,winogrande,83.11,81.69,-1.42,-0.29688888888888887,-2.5765148173023347,1.9827370395245572,False,True,Mistral-Small-24B-Instruct-2501|s4
RedHatAI/Mistral-Small-3.1-24B-Instruct-2503-FP8-dynamic,mistral,Mistral-Small-3.1-24B-Instruct-2503,fp8_dynamic,mmlu,80.67,80.71,0.04,-0.04848275862068965,-0.4583015997484775,0.36133608250709814,False,True,Mistral-Small-3.1-24B-Instruct-2503|s0
RedHatAI/Mistral-Small-3.1-24B-Instruct-2503-FP8-dynamic,mistral,Mistral-Small-3.1-24B-Instruct-2503,fp8_dynamic,arc_challenge,72.78,72.87,0.09,-0.04848275862068965,-1.6473806507818027,1.5504151335404233,False,True,Mistral-Small-3.1-24B-Instruct-2503|s0
RedHatAI/Mistral-Small-3.1-24B-Instruct-2503-FP8-dynamic,mistral,Mistral-Small-3.1-24B-Instruct-2503,fp8_dynamic,gsm8k,58.68,49.96,-8.72,-0.04848275862068965,-1.7158730214960198,1.6189075042546404,False,False,Mistral-Small-3.1-24B-Instruct-2503|s0
RedHatAI/Mistral-Small-3.1-24B-Instruct-2503-FP8-dynamic,mistral,Mistral-Small-3.1-24B-Instruct-2503,fp8_dynamic,hellaswag,83.7,83.67,-0.03,-0.04848275862068965,-0.5017776999386032,0.40481218269722397,False,True,Mistral-Small-3.1-24B-Instruct-2503|s0
RedHatAI/Mistral-Small-3.1-24B-Instruct-2503-FP8-dynamic,mistral,Mistral-Small-3.1-24B-Instruct-2503,fp8_dynamic,winogrande,83.74,82.56,-1.18,-0.04848275862068965,-1.3233732770976203,1.2264077598562408,False,True,Mistral-Small-3.1-24B-Instruct-2503|s0
RedHatAI/Mistral-Small-3.1-24B-Instruct-2503-FP8-dynamic,mistral,Mistral-Small-3.1-24B-Instruct-2503,fp8_dynamic,truthfulqa,70.62,70.88,0.26,-0.04848275862068965,-2.008289168825256,1.9113236515838767,False,True,Mistral-Small-3.1-24B-Instruct-2503|s0
RedHatAI/Mistral-Small-3.1-24B-Instruct-2503-FP8-dynamic,mistral,Mistral-Small-3.1-24B-Instruct-2503,fp8_dynamic,mmlu_pro,67.25,66.86,-0.39,-0.04848275862068965,-0.5746421598737735,0.4776766426323943,False,True,Mistral-Small-3.1-24B-Instruct-2503|s0
RedHatAI/Mistral-Small-3.1-24B-Instruct-2503-FP8-dynamic,mistral,Mistral-Small-3.1-24B-Instruct-2503,fp8_dynamic,gpqa_diamond_cot_5shot,45.96,45.45,-0.51,-0.04848275862068965,-2.9441131285840916,2.847147611342712,False,True,Mistral-Small-3.1-24B-Instruct-2503|s0
RedHatAI/Mistral-Small-3.1-24B-Instruct-2503-FP8-dynamic,mistral,Mistral-Small-3.1-24B-Instruct-2503,fp8_dynamic,humaneval,84.7,84.7,0.0,-0.04848275862068965,-3.505487270161273,3.4085217529198935,False,True,Mistral-Small-3.1-24B-Instruct-2503|s0
RedHatAI/Mistral-Small-3.1-24B-Instruct-2503-FP8-dynamic,mistral,Mistral-Small-3.1-24B-Instruct-2503,fp8_dynamic,humaneval_plus,79.5,79.3,-0.2,-0.04848275862068965,-3.925279400451307,3.8283138832099275,False,True,Mistral-Small-3.1-24B-Instruct-2503|s0
RedHatAI/Mistral-Small-3.1-24B-Instruct-2503-quantized.w4a16,mistral,Mistral-Small-3.1-24B-Instruct-2503,w4a16,mmlu,80.67,79.74,-0.93,-0.7559701492537313,-2.034066062235698,0.5221257637282356,False,True,Mistral-Small-3.1-24B-Instruct-2503|s0
RedHatAI/Mistral-Small-3.1-24B-Instruct-2503-quantized.w4a16,mistral,Mistral-Small-3.1-24B-Instruct-2503,w4a16,arc_challenge,72.78,72.18,-0.6,-0.7559701492537313,-5.742429179841325,4.230488881333862,False,True,Mistral-Small-3.1-24B-Instruct-2503|s0
RedHatAI/Mistral-Small-3.1-24B-Instruct-2503-quantized.w4a16,mistral,Mistral-Small-3.1-24B-Instruct-2503,w4a16,gsm8k,58.68,59.59,0.91,-0.7559701492537313,-5.956035315760758,4.444095017253295,False,True,Mistral-Small-3.1-24B-Instruct-2503|s0
RedHatAI/Mistral-Small-3.1-24B-Instruct-2503-quantized.w4a16,mistral,Mistral-Small-3.1-24B-Instruct-2503,w4a16,hellaswag,83.7,83.25,-0.45,-0.7559701492537313,-2.169654328047195,0.6577140295397327,False,True,Mistral-Small-3.1-24B-Instruct-2503|s0
RedHatAI/Mistral-Small-3.1-24B-Instruct-2503-quantized.w4a16,mistral,Mistral-Small-3.1-24B-Instruct-2503,w4a16,winogrande,83.74,83.43,-0.31,-0.7559701492537313,-4.731952211671266,3.220011913163803,False,True,Mistral-Small-3.1-24B-Instruct-2503|s0
RedHatAI/Mistral-Small-3.1-24B-Instruct-2503-quantized.w4a16,mistral,Mistral-Small-3.1-24B-Instruct-2503,w4a16,truthfulqa,70.62,69.56,-1.06,-0.7559701492537313,-6.8679891970487414,5.356048898541278,False,True,Mistral-Small-3.1-24B-Instruct-2503|s0
RedHatAI/Mistral-Small-3.1-24B-Instruct-2503-quantized.w4a16,mistral,Mistral-Small-3.1-24B-Instruct-2503,w4a16,mmlu_pro,67.25,66.56,-0.69,-0.7559701492537313,-2.3968956334700975,0.8849553349626348,False,True,Mistral-Small-3.1-24B-Instruct-2503|s0
RedHatAI/Mistral-Small-3.1-24B-Instruct-2503-quantized.w4a16,mistral,Mistral-Small-3.1-24B-Instruct-2503,w4a16,gpqa_main_cot_5shot,42.63,47.1,4.47,-0.7559701492537313,-9.717188493048797,8.205248194541335,False,True,Mistral-Small-3.1-24B-Instruct-2503|s0
RedHatAI/Mistral-Small-3.1-24B-Instruct-2503-quantized.w4a16,mistral,Mistral-Small-3.1-24B-Instruct-2503,w4a16,humaneval,84.7,84.6,-0.1,-0.7559701492537313,-11.537278605451624,10.025338306944162,False,True,Mistral-Small-3.1-24B-Instruct-2503|s0
RedHatAI/Mistral-Small-3.1-24B-Instruct-2503-quantized.w4a16,mistral,Mistral-Small-3.1-24B-Instruct-2503,w4a16,humaneval_plus,79.5,79.9,0.4,-0.7559701492537313,-12.846478066728677,11.334537768221216,False,True,Mistral-Small-3.1-24B-Instruct-2503|s0
RedHatAI/Mistral-Small-3.1-24B-Instruct-2503-quantized.w8a8,mistral,Mistral-Small-3.1-24B-Instruct-2503,w8a8_int,mmlu,80.67,80.4,-0.27,-0.25232876712328767,-0.7076949878177491,0.20303745357117375,False,True,Mistral-Small-3.1-24B-Instruct-2503|s0
RedHatAI/Mistral-Small-3.1-24B-Instruct-2503-quantized.w8a8,mistral,Mistral-Small-3.1-24B-Instruct-2503,w8a8_int,arc_challenge,72.78,73.46,0.68,-0.25232876712328767,-2.0289286140852254,1.52427107983865,False,True,Mistral-Small-3.1-24B-Instruct-2503|s0
RedHatAI/Mistral-Small-3.1-24B-Instruct-2503-quantized.w8a8,mistral,Mistral-Small-3.1-24B-Instruct-2503,w8a8_int,hellaswag,83.7,82.26,-1.44,-0.25232876712328767,-0.7560030338305437,0.25134549958396835,False,False,Mistral-Small-3.1-24B-Instruct-2503|s0
RedHatAI/Mistral-Small-3.1-24B-Instruct-2503-quantized.w8a8,mistral,Mistral-Small-3.1-24B-Instruct-2503,w8a8_int,winogrande,83.74,80.9,-2.84,-0.25232876712328767,-1.6689109711050232,1.1642534368584478,False,False,Mistral-Small-3.1-24B-Instruct-2503|s0
RedHatAI/Mistral-Small-3.1-24B-Instruct-2503-quantized.w8a8,mistral,Mistral-Small-3.1-24B-Instruct-2503,w8a8_int,truthfulqa,70.62,69.15,-1.47,-0.25232876712328767,-2.429948604834359,1.925291070587784,False,True,Mistral-Small-3.1-24B-Instruct-2503|s0
RedHatAI/Mistral-Small-3.1-24B-Instruct-2503-quantized.w8a8,mistral,Mistral-Small-3.1-24B-Instruct-2503,w8a8_int,mmlu_pro,67.25,66.54,-0.71,-0.25232876712328767,-0.8369656700341717,0.3323081357875963,False,True,Mistral-Small-3.1-24B-Instruct-2503|s0
RedHatAI/Mistral-Small-3.1-24B-Instruct-2503-quantized.w8a8,mistral,Mistral-Small-3.1-24B-Instruct-2503,w8a8_int,gpqa_main_cot_5shot,42.63,44.64,2.01,-0.25232876712328767,-3.4450751710384493,2.9404176367918735,False,True,Mistral-Small-3.1-24B-Instruct-2503|s0
RedHatAI/Mistral-Small-3.1-24B-Instruct-2503-quantized.w8a8,mistral,Mistral-Small-3.1-24B-Instruct-2503,w8a8_int,humaneval,84.7,84.2,-0.5,-0.25232876712328767,-4.09354571803716,3.5888881837905853,False,True,Mistral-Small-3.1-24B-Instruct-2503|s0
RedHatAI/Mistral-Small-3.1-24B-Instruct-2503-quantized.w8a8,mistral,Mistral-Small-3.1-24B-Instruct-2503,w8a8_int,humaneval_plus,79.5,81.0,1.5,-0.25232876712328767,-4.55999366201503,4.055336127768454,False,True,Mistral-Small-3.1-24B-Instruct-2503|s0
RedHatAI/Mistral-Small-3.1-24B-Instruct-2503-FP8-dynamic,mistral,Mistral-Small-3.1-24B-Instruct-2503,fp8_dynamic,mmlu,80.67,80.71,0.04,-0.004866666666666673,-0.37265073694522877,0.3629174036118954,False,True,Mistral-Small-3.1-24B-Instruct-2503|s1
RedHatAI/Mistral-Small-3.1-24B-Instruct-2503-FP8-dynamic,mistral,Mistral-Small-3.1-24B-Instruct-2503,fp8_dynamic,arc_challenge,72.78,72.87,0.09,-0.004866666666666673,-1.4397669585140704,1.4300336251807373,False,True,Mistral-Small-3.1-24B-Instruct-2503|s1
RedHatAI/Mistral-Small-3.1-24B-Instruct-2503-FP8-dynamic,mistral,Mistral-Small-3.1-24B-Instruct-2503,fp8_dynamic,gsm8k,58.68,49.96,-8.72,-0.004866666666666673,-1.501234124872213,1.4915007915388798,False,False,Mistral-Small-3.1-24B-Instruct-2503|s1
RedHatAI/Mistral-Small-3.1-24B-Instruct-2503-FP8-dynamic,mistral,Mistral-Small-3.1-24B-Instruct-2503,fp8_dynamic,hellaswag,83.7,83.67,-0.03,-0.004866666666666673,-0.4116675304234406,0.40193419709010725,False,True,Mistral-Small-3.1-24B-Instruct-2503|s1
RedHatAI/Mistral-Small-3.1-24B-Instruct-2503-FP8-dynamic,mistral,Mistral-Small-3.1-24B-Instruct-2503,fp8_dynamic,winogrande,83.74,82.56,-1.18,-0.004866666666666673,-1.148992746264814,1.1392594129314808,False,False,Mistral-Small-3.1-24B-Instruct-2503|s1
RedHatAI/Mistral-Small-3.1-24B-Instruct-2503-FP8-dynamic,mistral,Mistral-Small-3.1-24B-Instruct-2503,fp8_dynamic,truthfulqa,70.62,70.88,0.26,-0.004866666666666673,-1.7636573960521433,1.7539240627188102,False,True,Mistral-Small-3.1-24B-Instruct-2503|s1
RedHatAI/Mistral-Small-3.1-24B-Instruct-2503-FP8-dynamic,mistral,Mistral-Small-3.1-24B-Instruct-2503,fp8_dynamic,mmlu_pro,67.25,66.86,-0.39,-0.004866666666666673,-0.4770583445203699,0.4673250111870365,False,True,Mistral-Small-3.1-24B-Instruct-2503|s1
RedHatAI/Mistral-Small-3.1-24B-Instruct-2503-FP8-dynamic,mistral,Mistral-Small-3.1-24B-Instruct-2503,fp8_dynamic,gpqa_diamond_cot_5shot,45.96,45.45,-0.51,-0.004866666666666673,-2.603494686200023,2.59376135286669,False,True,Mistral-Small-3.1-24B-Instruct-2503|s1
RedHatAI/Mistral-Small-3.1-24B-Instruct-2503-FP8-dynamic,mistral,Mistral-Small-3.1-24B-Instruct-2503,fp8_dynamic,humaneval,84.7,84.7,0.0,-0.004866666666666673,-3.1072891583385327,3.0975558250051995,False,True,Mistral-Small-3.1-24B-Instruct-2503|s1
RedHatAI/Mistral-Small-3.1-24B-Instruct-2503-FP8-dynamic,mistral,Mistral-Small-3.1-24B-Instruct-2503,fp8_dynamic,humaneval_plus,79.5,79.3,-0.2,-0.004866666666666673,-3.4840235659711847,3.4742902326378515,False,True,Mistral-Small-3.1-24B-Instruct-2503|s1
RedHatAI/Mistral-Small-3.1-24B-Instruct-2503-quantized.w4a16,mistral,Mistral-Small-3.1-24B-Instruct-2503,w4a16,mmlu,80.67,79.74,-0.93,-0.8311278195488722,-2.0652548855404227,0.40299924644267826,False,True,Mistral-Small-3.1-24B-Instruct-2503|s1
RedHatAI/Mistral-Small-3.1-24B-Instruct-2503-quantized.w4a16,mistral,Mistral-Small-3.1-24B-Instruct-2503,w4a16,arc_challenge,72.78,72.18,-0.6,-0.8311278195488722,-5.6460435004450105,3.9837878613472664,False,True,Mistral-Small-3.1-24B-Instruct-2503|s1
RedHatAI/Mistral-Small-3.1-24B-Instruct-2503-quantized.w4a16,mistral,Mistral-Small-3.1-24B-Instruct-2503,w4a16,gsm8k,58.68,59.59,0.91,-0.8311278195488722,-5.852301192940864,4.19004555384312,False,True,Mistral-Small-3.1-24B-Instruct-2503|s1
RedHatAI/Mistral-Small-3.1-24B-Instruct-2503-quantized.w4a16,mistral,Mistral-Small-3.1-24B-Instruct-2503,w4a16,hellaswag,83.7,83.25,-0.45,-0.8311278195488722,-2.19617866596189,0.5339230268641454,False,True,Mistral-Small-3.1-24B-Instruct-2503|s1
RedHatAI/Mistral-Small-3.1-24B-Instruct-2503-quantized.w4a16,mistral,Mistral-Small-3.1-24B-Instruct-2503,w4a16,winogrande,83.74,83.43,-0.31,-0.8311278195488722,-4.67032879600612,3.008073156908376,False,True,Mistral-Small-3.1-24B-Instruct-2503|s1
RedHatAI/Mistral-Small-3.1-24B-Instruct-2503-quantized.w4a16,mistral,Mistral-Small-3.1-24B-Instruct-2503,w4a16,truthfulqa,70.62,69.56,-1.06,-0.8311278195488722,-6.732882185651874,5.070626546554131,False,True,Mistral-Small-3.1-24B-Instruct-2503|s1
RedHatAI/Mistral-Small-3.1-24B-Instruct-2503-quantized.w4a16,mistral,Mistral-Small-3.1-24B-Instruct-2503,w4a16,mmlu_pro,67.25,66.56,-0.69,-0.8311278195488722,-2.4156024530854565,0.7533468139877123,False,True,Mistral-Small-3.1-24B-Instruct-2503|s1
RedHatAI/Mistral-Small-3.1-24B-Instruct-2503-quantized.w4a16,mistral,Mistral-Small-3.1-24B-Instruct-2503,w4a16,gpqa_main_cot_5shot,42.63,47.1,4.47,-0.8311278195488722,-9.484063792510947,7.821808153413203,False,True,Mistral-Small-3.1-24B-Instruct-2503|s1
RedHatAI/Mistral-Small-3.1-24B-Instruct-2503-quantized.w4a16,mistral,Mistral-Small-3.1-24B-Instruct-2503,w4a16,humaneval,84.7,84.6,-0.1,-0.8311278195488722,-11.241539461937977,9.579283822840233,False,True,Mistral-Small-3.1-24B-Instruct-2503|s1
RedHatAI/Mistral-Small-3.1-24B-Instruct-2503-quantized.w4a16,mistral,Mistral-Small-3.1-24B-Instruct-2503,w4a16,humaneval_plus,79.5,79.9,0.4,-0.8311278195488722,-12.505700057032817,10.843444417935073,False,True,Mistral-Small-3.1-24B-Instruct-2503|s1
RedHatAI/Mistral-Small-3.1-24B-Instruct-2503-quantized.w8a8,mistral,Mistral-Small-3.1-24B-Instruct-2503,w8a8_int,mmlu,80.67,80.4,-0.27,-0.3527338129496403,-0.5759549912228206,-0.12951263467645996,False,True,Mistral-Small-3.1-24B-Instruct-2503|s1
RedHatAI/Mistral-Small-3.1-24B-Instruct-2503-quantized.w8a8,mistral,Mistral-Small-3.1-24B-Instruct-2503,w8a8_int,arc_challenge,72.78,73.46,0.68,-0.3527338129496403,-1.223625620765325,0.5181579948660444,False,False,Mistral-Small-3.1-24B-Instruct-2503|s1
RedHatAI/Mistral-Small-3.1-24B-Instruct-2503-quantized.w8a8,mistral,Mistral-Small-3.1-24B-Instruct-2503,w8a8_int,hellaswag,83.7,82.26,-1.44,-0.3527338129496403,-0.5996356650650869,-0.10583196083419363,False,False,Mistral-Small-3.1-24B-Instruct-2503|s1
RedHatAI/Mistral-Small-3.1-24B-Instruct-2503-quantized.w8a8,mistral,Mistral-Small-3.1-24B-Instruct-2503,w8a8_int,winogrande,83.74,80.9,-2.84,-0.3527338129496403,-1.04714445283281,0.34167682693352946,False,False,Mistral-Small-3.1-24B-Instruct-2503|s1
RedHatAI/Mistral-Small-3.1-24B-Instruct-2503-quantized.w8a8,mistral,Mistral-Small-3.1-24B-Instruct-2503,w8a8_int,truthfulqa,70.62,69.15,-1.47,-0.3527338129496403,-1.4202061987221262,0.7147385728228457,False,False,Mistral-Small-3.1-24B-Instruct-2503|s1
RedHatAI/Mistral-Small-3.1-24B-Instruct-2503-quantized.w8a8,mistral,Mistral-Small-3.1-24B-Instruct-2503,w8a8_int,mmlu_pro,67.25,66.54,-0.71,-0.3527338129496403,-0.6393236661247943,-0.06614395977448634,False,False,Mistral-Small-3.1-24B-Instruct-2503|s1
RedHatAI/Mistral-Small-3.1-24B-Instruct-2503-quantized.w8a8,mistral,Mistral-Small-3.1-24B-Instruct-2503,w8a8_int,gpqa_main_cot_5shot,42.63,44.64,2.01,-0.3527338129496403,-1.9178227058466755,1.212355079947395,False,False,Mistral-Small-3.1-24B-Instruct-2503|s1
RedHatAI/Mistral-Small-3.1-24B-Instruct-2503-quantized.w8a8,mistral,Mistral-Small-3.1-24B-Instruct-2503,w8a8_int,humaneval,84.7,84.2,-0.5,-0.3527338129496403,-2.235703903436936,1.5302362775376552,False,True,Mistral-Small-3.1-24B-Instruct-2503|s1
RedHatAI/Mistral-Small-3.1-24B-Instruct-2503-quantized.w8a8,mistral,Mistral-Small-3.1-24B-Instruct-2503,w8a8_int,humaneval_plus,79.5,81.0,1.5,-0.3527338129496403,-2.4643573584495875,1.758889732550307,False,True,Mistral-Small-3.1-24B-Instruct-2503|s1
RedHatAI/Mistral-Small-3.1-24B-Instruct-2503-FP8-dynamic,mistral,Mistral-Small-3.1-24B-Instruct-2503,fp8_dynamic,mmlu,80.67,80.71,0.04,-0.002206896551724143,-0.39558763789810797,0.3911738447946597,False,True,Mistral-Small-3.1-24B-Instruct-2503|s2
RedHatAI/Mistral-Small-3.1-24B-Instruct-2503-FP8-dynamic,mistral,Mistral-Small-3.1-24B-Instruct-2503,fp8_dynamic,arc_challenge,72.78,72.87,0.09,-0.002206896551724143,-1.5369719562171602,1.532558163113712,False,True,Mistral-Small-3.1-24B-Instruct-2503|s2
RedHatAI/Mistral-Small-3.1-24B-Instruct-2503-FP8-dynamic,mistral,Mistral-Small-3.1-24B-Instruct-2503,fp8_dynamic,gsm8k,58.68,49.96,-8.72,-0.002206896551724143,-1.6027170534752158,1.5983032603717675,False,False,Mistral-Small-3.1-24B-Instruct-2503|s2
RedHatAI/Mistral-Small-3.1-24B-Instruct-2503-FP8-dynamic,mistral,Mistral-Small-3.1-24B-Instruct-2503,fp8_dynamic,hellaswag,83.7,83.67,-0.03,-0.002206896551724143,-0.4373198834839288,0.43290609038048056,False,True,Mistral-Small-3.1-24B-Instruct-2503|s2
RedHatAI/Mistral-Small-3.1-24B-Instruct-2503-FP8-dynamic,mistral,Mistral-Small-3.1-24B-Instruct-2503,fp8_dynamic,winogrande,83.74,82.56,-1.18,-0.002206896551724143,-1.2259607286444507,1.2215469355410025,False,True,Mistral-Small-3.1-24B-Instruct-2503|s2
RedHatAI/Mistral-Small-3.1-24B-Instruct-2503-FP8-dynamic,mistral,Mistral-Small-3.1-24B-Instruct-2503,fp8_dynamic,truthfulqa,70.62,70.88,0.26,-0.002206896551724143,-1.8834041992918231,1.8789904061883749,False,True,Mistral-Small-3.1-24B-Instruct-2503|s2
RedHatAI/Mistral-Small-3.1-24B-Instruct-2503-FP8-dynamic,mistral,Mistral-Small-3.1-24B-Instruct-2503,fp8_dynamic,mmlu_pro,67.25,66.86,-0.39,-0.002206896551724143,-0.5072617026258248,0.5028479095223766,False,True,Mistral-Small-3.1-24B-Instruct-2503|s2
RedHatAI/Mistral-Small-3.1-24B-Instruct-2503-FP8-dynamic,mistral,Mistral-Small-3.1-24B-Instruct-2503,fp8_dynamic,gpqa_diamond_cot_5shot,45.96,45.45,-0.51,-0.002206896551724143,-2.7816916524664053,2.777277859362957,False,True,Mistral-Small-3.1-24B-Instruct-2503|s2
RedHatAI/Mistral-Small-3.1-24B-Instruct-2503-FP8-dynamic,mistral,Mistral-Small-3.1-24B-Instruct-2503,fp8_dynamic,humaneval,84.7,84.7,0.0,-0.002206896551724143,-3.3205487127679887,3.3161349196645404,False,True,Mistral-Small-3.1-24B-Instruct-2503|s2
RedHatAI/Mistral-Small-3.1-24B-Instruct-2503-FP8-dynamic,mistral,Mistral-Small-3.1-24B-Instruct-2503,fp8_dynamic,humaneval_plus,79.5,79.3,-0.2,-0.002206896551724143,-3.723502708173433,3.719088915069985,False,True,Mistral-Small-3.1-24B-Instruct-2503|s2
RedHatAI/Mistral-Small-3.1-24B-Instruct-2503-quantized.w4a16,mistral,Mistral-Small-3.1-24B-Instruct-2503,w4a16,mmlu,80.67,79.74,-0.93,-0.7170289855072464,-2.028934443453787,0.5948764724392944,False,True,Mistral-Small-3.1-24B-Instruct-2503|s2
RedHatAI/Mistral-Small-3.1-24B-Instruct-2503-quantized.w4a16,mistral,Mistral-Small-3.1-24B-Instruct-2503,w4a16,arc_challenge,72.78,72.18,-0.6,-0.7170289855072464,-5.835395104675786,4.401337133661293,False,True,Mistral-Small-3.1-24B-Instruct-2503|s2
RedHatAI/Mistral-Small-3.1-24B-Instruct-2503-quantized.w4a16,mistral,Mistral-Small-3.1-24B-Instruct-2503,w4a16,gsm8k,58.68,59.59,0.91,-0.7170289855072464,-6.054651776039172,4.620593805024679,False,True,Mistral-Small-3.1-24B-Instruct-2503|s2
RedHatAI/Mistral-Small-3.1-24B-Instruct-2503-quantized.w4a16,mistral,Mistral-Small-3.1-24B-Instruct-2503,w4a16,hellaswag,83.7,83.25,-0.45,-0.7170289855072464,-2.1681094334876683,0.7340514624731757,False,True,Mistral-Small-3.1-24B-Instruct-2503|s2
RedHatAI/Mistral-Small-3.1-24B-Instruct-2503-quantized.w4a16,mistral,Mistral-Small-3.1-24B-Instruct-2503,w4a16,winogrande,83.74,83.43,-0.31,-0.7170289855072464,-4.798187930936645,3.3641299599221517,False,True,Mistral-Small-3.1-24B-Instruct-2503|s2
RedHatAI/Mistral-Small-3.1-24B-Instruct-2503-quantized.w4a16,mistral,Mistral-Small-3.1-24B-Instruct-2503,w4a16,truthfulqa,70.62,69.56,-1.06,-0.7170289855072464,-6.990729625991673,5.55667165497718,False,True,Mistral-Small-3.1-24B-Instruct-2503|s2
RedHatAI/Mistral-Small-3.1-24B-Instruct-2503-quantized.w4a16,mistral,Mistral-Small-3.1-24B-Instruct-2503,w4a16,mmlu_pro,67.25,66.56,-0.69,-0.7170289855072464,-2.4013619662804935,0.9673039952660009,False,True,Mistral-Small-3.1-24B-Instruct-2503|s2
RedHatAI/Mistral-Small-3.1-24B-Instruct-2503-quantized.w4a16,mistral,Mistral-Small-3.1-24B-Instruct-2503,w4a16,gpqa_main_cot_5shot,42.63,47.1,4.47,-0.7170289855072464,-9.915298955439685,8.481240984425192,False,True,Mistral-Small-3.1-24B-Instruct-2503|s2
RedHatAI/Mistral-Small-3.1-24B-Instruct-2503-quantized.w4a16,mistral,Mistral-Small-3.1-24B-Instruct-2503,w4a16,humaneval,84.7,84.6,-0.1,-0.7170289855072464,-11.78353601665114,10.349478045636648,False,True,Mistral-Small-3.1-24B-Instruct-2503|s2
RedHatAI/Mistral-Small-3.1-24B-Instruct-2503-quantized.w4a16,mistral,Mistral-Small-3.1-24B-Instruct-2503,w4a16,humaneval_plus,79.5,79.9,0.4,-0.7170289855072464,-13.127367806851279,11.693309835836786,False,True,Mistral-Small-3.1-24B-Instruct-2503|s2
RedHatAI/Mistral-Small-3.1-24B-Instruct-2503-quantized.w8a8,mistral,Mistral-Small-3.1-24B-Instruct-2503,w8a8_int,mmlu,80.67,80.4,-0.27,-0.3190140845070422,-0.5759320548998824,-0.06209611411420202,False,True,Mistral-Small-3.1-24B-Instruct-2503|s2
RedHatAI/Mistral-Small-3.1-24B-Instruct-2503-quantized.w8a8,mistral,Mistral-Small-3.1-24B-Instruct-2503,w8a8_int,arc_challenge,72.78,73.46,0.68,-0.3190140845070422,-1.3213730785176034,0.6833449095035191,False,True,Mistral-Small-3.1-24B-Instruct-2503|s2
RedHatAI/Mistral-Small-3.1-24B-Instruct-2503-quantized.w8a8,mistral,Mistral-Small-3.1-24B-Instruct-2503,w8a8_int,hellaswag,83.7,82.26,-1.44,-0.3190140845070422,-0.6031874914501019,-0.03484067756398257,False,False,Mistral-Small-3.1-24B-Instruct-2503|s2
RedHatAI/Mistral-Small-3.1-24B-Instruct-2503-quantized.w8a8,mistral,Mistral-Small-3.1-24B-Instruct-2503,w8a8_int,winogrande,83.74,80.9,-2.84,-0.3190140845070422,-1.1182508486802052,0.4802226796661208,False,False,Mistral-Small-3.1-24B-Instruct-2503|s2
RedHatAI/Mistral-Small-3.1-24B-Instruct-2503-quantized.w8a8,mistral,Mistral-Small-3.1-24B-Instruct-2503,w8a8_int,truthfulqa,70.62,69.15,-1.47,-0.3190140845070422,-1.5476288643620104,0.9096006953479261,False,True,Mistral-Small-3.1-24B-Instruct-2503|s2
RedHatAI/Mistral-Small-3.1-24B-Instruct-2503-quantized.w8a8,mistral,Mistral-Small-3.1-24B-Instruct-2503,w8a8_int,mmlu_pro,67.25,66.54,-0.71,-0.3190140845070422,-0.6488666727898322,0.010838503775747799,False,False,Mistral-Small-3.1-24B-Instruct-2503|s2
RedHatAI/Mistral-Small-3.1-24B-Instruct-2503-quantized.w8a8,mistral,Mistral-Small-3.1-24B-Instruct-2503,w8a8_int,gpqa_main_cot_5shot,42.63,44.64,2.01,-0.3190140845070422,-2.1203640503037025,1.482335881289618,False,False,Mistral-Small-3.1-24B-Instruct-2503|s2
RedHatAI/Mistral-Small-3.1-24B-Instruct-2503-quantized.w8a8,mistral,Mistral-Small-3.1-24B-Instruct-2503,w8a8_int,humaneval,84.7,84.2,-0.5,-0.3190140845070422,-2.4862316294587017,1.8482034604446171,False,True,Mistral-Small-3.1-24B-Instruct-2503|s2
RedHatAI/Mistral-Small-3.1-24B-Instruct-2503-quantized.w8a8,mistral,Mistral-Small-3.1-24B-Instruct-2503,w8a8_int,humaneval_plus,79.5,81.0,1.5,-0.3190140845070422,-2.749401916613392,2.1113737475993073,False,True,Mistral-Small-3.1-24B-Instruct-2503|s2
RedHatAI/Mistral-Small-3.1-24B-Instruct-2503-FP8-dynamic,mistral,Mistral-Small-3.1-24B-Instruct-2503,fp8_dynamic,mmlu,80.67,80.71,0.04,0.02666666666666666,-0.3490275862855421,0.40236091961887543,False,True,Mistral-Small-3.1-24B-Instruct-2503|s3
RedHatAI/Mistral-Small-3.1-24B-Instruct-2503-FP8-dynamic,mistral,Mistral-Small-3.1-24B-Instruct-2503,fp8_dynamic,arc_challenge,72.78,72.87,0.09,0.02666666666666666,-1.4390950037564463,1.4924283370897795,False,True,Mistral-Small-3.1-24B-Instruct-2503|s3
RedHatAI/Mistral-Small-3.1-24B-Instruct-2503-FP8-dynamic,mistral,Mistral-Small-3.1-24B-Instruct-2503,fp8_dynamic,gsm8k,58.68,49.96,-8.72,0.02666666666666666,-1.5018841863562276,1.5552175196895608,False,False,Mistral-Small-3.1-24B-Instruct-2503|s3
RedHatAI/Mistral-Small-3.1-24B-Instruct-2503-FP8-dynamic,mistral,Mistral-Small-3.1-24B-Instruct-2503,fp8_dynamic,hellaswag,83.7,83.67,-0.03,0.02666666666666666,-0.3888835405341452,0.44221687386747854,False,True,Mistral-Small-3.1-24B-Instruct-2503|s3
RedHatAI/Mistral-Small-3.1-24B-Instruct-2503-FP8-dynamic,mistral,Mistral-Small-3.1-24B-Instruct-2503,fp8_dynamic,winogrande,83.74,82.56,-1.18,0.02666666666666666,-1.1420669123385374,1.1954002456718706,False,False,Mistral-Small-3.1-24B-Instruct-2503|s3
RedHatAI/Mistral-Small-3.1-24B-Instruct-2503-FP8-dynamic,mistral,Mistral-Small-3.1-24B-Instruct-2503,fp8_dynamic,truthfulqa,70.62,70.88,0.26,0.02666666666666666,-1.769951573691806,1.8232849070251391,False,True,Mistral-Small-3.1-24B-Instruct-2503|s3
RedHatAI/Mistral-Small-3.1-24B-Instruct-2503-FP8-dynamic,mistral,Mistral-Small-3.1-24B-Instruct-2503,fp8_dynamic,mmlu_pro,67.25,66.86,-0.39,0.02666666666666666,-0.45568075943891023,0.5090140927722435,False,True,Mistral-Small-3.1-24B-Instruct-2503|s3
RedHatAI/Mistral-Small-3.1-24B-Instruct-2503-FP8-dynamic,mistral,Mistral-Small-3.1-24B-Instruct-2503,fp8_dynamic,gpqa_diamond_cot_5shot,45.96,45.45,-0.51,0.02666666666666666,-2.6278518168549656,2.6811851501882993,False,True,Mistral-Small-3.1-24B-Instruct-2503|s3
RedHatAI/Mistral-Small-3.1-24B-Instruct-2503-FP8-dynamic,mistral,Mistral-Small-3.1-24B-Instruct-2503,fp8_dynamic,humaneval,84.7,84.7,0.0,0.02666666666666666,-3.142481740081856,3.1958150734151896,False,True,Mistral-Small-3.1-24B-Instruct-2503|s3
RedHatAI/Mistral-Small-3.1-24B-Instruct-2503-FP8-dynamic,mistral,Mistral-Small-3.1-24B-Instruct-2503,fp8_dynamic,humaneval_plus,79.5,79.3,-0.2,0.02666666666666666,-3.5273188313939974,3.580652164727331,False,True,Mistral-Small-3.1-24B-Instruct-2503|s3
RedHatAI/Mistral-Small-3.1-24B-Instruct-2503-quantized.w4a16,mistral,Mistral-Small-3.1-24B-Instruct-2503,w4a16,mmlu,80.67,79.74,-0.93,-0.8283660130718954,-1.4288954122280813,-0.22783661391570942,False,True,Mistral-Small-3.1-24B-Instruct-2503|s3
RedHatAI/Mistral-Small-3.1-24B-Instruct-2503-quantized.w4a16,mistral,Mistral-Small-3.1-24B-Instruct-2503,w4a16,arc_challenge,72.78,72.18,-0.6,-0.8283660130718954,-3.1713163465637733,1.5145843204199823,False,True,Mistral-Small-3.1-24B-Instruct-2503|s3
RedHatAI/Mistral-Small-3.1-24B-Instruct-2503-quantized.w4a16,mistral,Mistral-Small-3.1-24B-Instruct-2503,w4a16,gsm8k,58.68,59.59,0.91,-0.8283660130718954,-3.2716818693362266,1.6149498431924356,False,True,Mistral-Small-3.1-24B-Instruct-2503|s3
RedHatAI/Mistral-Small-3.1-24B-Instruct-2503-quantized.w4a16,mistral,Mistral-Small-3.1-24B-Instruct-2503,w4a16,hellaswag,83.7,83.25,-0.45,-0.8283660130718954,-1.492603259951679,-0.1641287661921118,False,True,Mistral-Small-3.1-24B-Instruct-2503|s3
RedHatAI/Mistral-Small-3.1-24B-Instruct-2503-quantized.w4a16,mistral,Mistral-Small-3.1-24B-Instruct-2503,w4a16,winogrande,83.74,83.43,-0.31,-0.8283660130718954,-2.6965310660596393,1.0397990399158483,False,True,Mistral-Small-3.1-24B-Instruct-2503|s3
RedHatAI/Mistral-Small-3.1-24B-Instruct-2503-quantized.w4a16,mistral,Mistral-Small-3.1-24B-Instruct-2503,w4a16,truthfulqa,70.62,69.56,-1.06,-0.8283660130718954,-3.7001748414405444,2.0434428152967534,False,True,Mistral-Small-3.1-24B-Instruct-2503|s3
RedHatAI/Mistral-Small-3.1-24B-Instruct-2503-quantized.w4a16,mistral,Mistral-Small-3.1-24B-Instruct-2503,w4a16,mmlu_pro,67.25,66.56,-0.69,-0.8283660130718954,-1.5993754381763097,-0.05735658796748111,False,True,Mistral-Small-3.1-24B-Instruct-2503|s3
RedHatAI/Mistral-Small-3.1-24B-Instruct-2503-quantized.w4a16,mistral,Mistral-Small-3.1-24B-Instruct-2503,w4a16,gpqa_main_cot_5shot,42.63,47.1,4.47,-0.8283660130718954,-5.038906875495083,3.3821748493512924,False,False,Mistral-Small-3.1-24B-Instruct-2503|s3
RedHatAI/Mistral-Small-3.1-24B-Instruct-2503-quantized.w4a16,mistral,Mistral-Small-3.1-24B-Instruct-2503,w4a16,humaneval,84.7,84.6,-0.1,-0.8283660130718954,-5.8940990488752725,4.2373670227314815,False,True,Mistral-Small-3.1-24B-Instruct-2503|s3
RedHatAI/Mistral-Small-3.1-24B-Instruct-2503-quantized.w4a16,mistral,Mistral-Small-3.1-24B-Instruct-2503,w4a16,humaneval_plus,79.5,79.9,0.4,-0.8283660130718954,-6.509242840409644,4.852510814265853,False,True,Mistral-Small-3.1-24B-Instruct-2503|s3
RedHatAI/Mistral-Small-3.1-24B-Instruct-2503-quantized.w8a8,mistral,Mistral-Small-3.1-24B-Instruct-2503,w8a8_int,mmlu,80.67,80.4,-0.27,-0.3678064516129032,-0.6540934646480925,-0.08151943857771393,False,True,Mistral-Small-3.1-24B-Instruct-2503|s3
RedHatAI/Mistral-Small-3.1-24B-Instruct-2503-quantized.w8a8,mistral,Mistral-Small-3.1-24B-Instruct-2503,w8a8_int,arc_challenge,72.78,73.46,0.68,-0.3678064516129032,-1.4847480261764154,0.7491351229506091,False,True,Mistral-Small-3.1-24B-Instruct-2503|s3
RedHatAI/Mistral-Small-3.1-24B-Instruct-2503-quantized.w8a8,mistral,Mistral-Small-3.1-24B-Instruct-2503,w8a8_int,hellaswag,83.7,82.26,-1.44,-0.3678064516129032,-0.6844645496562819,-0.05114835356952452,False,False,Mistral-Small-3.1-24B-Instruct-2503|s3
RedHatAI/Mistral-Small-3.1-24B-Instruct-2503-quantized.w8a8,mistral,Mistral-Small-3.1-24B-Instruct-2503,w8a8_int,winogrande,83.74,80.9,-2.84,-0.3678064516129032,-1.2584063017253007,0.5227933984994941,False,False,Mistral-Small-3.1-24B-Instruct-2503|s3
RedHatAI/Mistral-Small-3.1-24B-Instruct-2503-quantized.w8a8,mistral,Mistral-Small-3.1-24B-Instruct-2503,w8a8_int,truthfulqa,70.62,69.15,-1.47,-0.3678064516129032,-1.7368677709038158,1.0012548676780095,False,True,Mistral-Small-3.1-24B-Instruct-2503|s3
RedHatAI/Mistral-Small-3.1-24B-Instruct-2503-quantized.w8a8,mistral,Mistral-Small-3.1-24B-Instruct-2503,w8a8_int,mmlu_pro,67.25,66.54,-0.71,-0.3678064516129032,-0.7353654514641557,-0.0002474517616508076,False,True,Mistral-Small-3.1-24B-Instruct-2503|s3
RedHatAI/Mistral-Small-3.1-24B-Instruct-2503-quantized.w8a8,mistral,Mistral-Small-3.1-24B-Instruct-2503,w8a8_int,gpqa_main_cot_5shot,42.63,44.64,2.01,-0.3678064516129032,-2.3750739866569908,1.6394610834311842,False,False,Mistral-Small-3.1-24B-Instruct-2503|s3
RedHatAI/Mistral-Small-3.1-24B-Instruct-2503-quantized.w8a8,mistral,Mistral-Small-3.1-24B-Instruct-2503,w8a8_int,humaneval,84.7,84.2,-0.5,-0.3678064516129032,-2.78276495604517,2.047152052819363,False,True,Mistral-Small-3.1-24B-Instruct-2503|s3
RedHatAI/Mistral-Small-3.1-24B-Instruct-2503-quantized.w8a8,mistral,Mistral-Small-3.1-24B-Instruct-2503,w8a8_int,humaneval_plus,79.5,81.0,1.5,-0.3678064516129032,-3.076019006409678,2.3404061031838714,False,True,Mistral-Small-3.1-24B-Instruct-2503|s3
RedHatAI/Mistral-Small-3.1-24B-Instruct-2503-FP8-dynamic,mistral,Mistral-Small-3.1-24B-Instruct-2503,fp8_dynamic,mmlu,80.67,80.71,0.04,0.028548387096774187,-0.365657192028775,0.4227539662223234,False,True,Mistral-Small-3.1-24B-Instruct-2503|s4
RedHatAI/Mistral-Small-3.1-24B-Instruct-2503-FP8-dynamic,mistral,Mistral-Small-3.1-24B-Instruct-2503,fp8_dynamic,arc_challenge,72.78,72.87,0.09,0.028548387096774187,-1.5094347564001738,1.5665315305937222,False,True,Mistral-Small-3.1-24B-Instruct-2503|s4
RedHatAI/Mistral-Small-3.1-24B-Instruct-2503-FP8-dynamic,mistral,Mistral-Small-3.1-24B-Instruct-2503,fp8_dynamic,gsm8k,58.68,49.96,-8.72,0.028548387096774187,-1.5753177074835787,1.632414481677127,False,False,Mistral-Small-3.1-24B-Instruct-2503|s4
RedHatAI/Mistral-Small-3.1-24B-Instruct-2503-FP8-dynamic,mistral,Mistral-Small-3.1-24B-Instruct-2503,fp8_dynamic,hellaswag,83.7,83.67,-0.03,0.028548387096774187,-0.4074769414732005,0.46457371566674893,False,True,Mistral-Small-3.1-24B-Instruct-2503|s4
RedHatAI/Mistral-Small-3.1-24B-Instruct-2503-FP8-dynamic,mistral,Mistral-Small-3.1-24B-Instruct-2503,fp8_dynamic,winogrande,83.74,82.56,-1.18,0.028548387096774187,-1.1977714028251376,1.254868177018686,False,True,Mistral-Small-3.1-24B-Instruct-2503|s4
RedHatAI/Mistral-Small-3.1-24B-Instruct-2503-FP8-dynamic,mistral,Mistral-Small-3.1-24B-Instruct-2503,fp8_dynamic,truthfulqa,70.62,70.88,0.26,0.028548387096774187,-1.856593395996006,1.9136901701895543,False,True,Mistral-Small-3.1-24B-Instruct-2503|s4
RedHatAI/Mistral-Small-3.1-24B-Instruct-2503-FP8-dynamic,mistral,Mistral-Small-3.1-24B-Instruct-2503,fp8_dynamic,mmlu_pro,67.25,66.86,-0.39,0.028548387096774187,-0.47756541409532116,0.5346621882888696,False,True,Mistral-Small-3.1-24B-Instruct-2503|s4
RedHatAI/Mistral-Small-3.1-24B-Instruct-2503-FP8-dynamic,mistral,Mistral-Small-3.1-24B-Instruct-2503,fp8_dynamic,gpqa_diamond_cot_5shot,45.96,45.45,-0.51,0.028548387096774187,-2.7567643715448473,2.8138611457383953,False,True,Mistral-Small-3.1-24B-Instruct-2503|s4
RedHatAI/Mistral-Small-3.1-24B-Instruct-2503-FP8-dynamic,mistral,Mistral-Small-3.1-24B-Instruct-2503,fp8_dynamic,humaneval,84.7,84.7,0.0,0.028548387096774187,-3.2967513032768054,3.3538480774703534,False,True,Mistral-Small-3.1-24B-Instruct-2503|s4
RedHatAI/Mistral-Small-3.1-24B-Instruct-2503-FP8-dynamic,mistral,Mistral-Small-3.1-24B-Instruct-2503,fp8_dynamic,humaneval_plus,79.5,79.3,-0.2,0.028548387096774187,-3.7005502095885094,3.7576469837820574,False,True,Mistral-Small-3.1-24B-Instruct-2503|s4
RedHatAI/Mistral-Small-3.1-24B-Instruct-2503-quantized.w4a16,mistral,Mistral-Small-3.1-24B-Instruct-2503,w4a16,mmlu,80.67,79.74,-0.93,-0.8106451612903226,-1.9007436484444473,0.2794533258638022,False,True,Mistral-Small-3.1-24B-Instruct-2503|s4
RedHatAI/Mistral-Small-3.1-24B-Instruct-2503-quantized.w4a16,mistral,Mistral-Small-3.1-24B-Instruct-2503,w4a16,arc_challenge,72.78,72.18,-0.6,-0.8106451612903226,-5.063636967529089,3.4423466449484437,False,True,Mistral-Small-3.1-24B-Instruct-2503|s4
RedHatAI/Mistral-Small-3.1-24B-Instruct-2503-quantized.w4a16,mistral,Mistral-Small-3.1-24B-Instruct-2503,w4a16,gsm8k,58.68,59.59,0.91,-0.8106451612903226,-5.245823392857167,3.624533070276522,False,True,Mistral-Small-3.1-24B-Instruct-2503|s4
RedHatAI/Mistral-Small-3.1-24B-Instruct-2503-quantized.w4a16,mistral,Mistral-Small-3.1-24B-Instruct-2503,w4a16,hellaswag,83.7,83.25,-0.45,-0.8106451612903226,-2.0163879924531196,0.3950976698724743,False,True,Mistral-Small-3.1-24B-Instruct-2503|s4
RedHatAI/Mistral-Small-3.1-24B-Instruct-2503-quantized.w4a16,mistral,Mistral-Small-3.1-24B-Instruct-2503,w4a16,winogrande,83.74,83.43,-0.31,-0.8106451612903226,-4.201792873421724,2.5805025508410786,False,True,Mistral-Small-3.1-24B-Instruct-2503|s4
RedHatAI/Mistral-Small-3.1-24B-Instruct-2503-quantized.w4a16,mistral,Mistral-Small-3.1-24B-Instruct-2503,w4a16,truthfulqa,70.62,69.56,-1.06,-0.8106451612903226,-6.023636338074206,4.402346015493561,False,True,Mistral-Small-3.1-24B-Instruct-2503|s4
RedHatAI/Mistral-Small-3.1-24B-Instruct-2503-quantized.w4a16,mistral,Mistral-Small-3.1-24B-Instruct-2503,w4a16,mmlu_pro,67.25,66.56,-0.69,-0.8106451612903226,-2.2102039656866785,0.5889136431060332,False,True,Mistral-Small-3.1-24B-Instruct-2503|s4
RedHatAI/Mistral-Small-3.1-24B-Instruct-2503-quantized.w4a16,mistral,Mistral-Small-3.1-24B-Instruct-2503,w4a16,gpqa_main_cot_5shot,42.63,47.1,4.47,-0.8106451612903226,-8.45374178683021,6.832451464249565,False,True,Mistral-Small-3.1-24B-Instruct-2503|s4
RedHatAI/Mistral-Small-3.1-24B-Instruct-2503-quantized.w4a16,mistral,Mistral-Small-3.1-24B-Instruct-2503,w4a16,humaneval,84.7,84.6,-0.1,-0.8106451612903226,-10.006111572119163,8.384821249538518,False,True,Mistral-Small-3.1-24B-Instruct-2503|s4
RedHatAI/Mistral-Small-3.1-24B-Instruct-2503-quantized.w4a16,mistral,Mistral-Small-3.1-24B-Instruct-2503,w4a16,humaneval_plus,79.5,79.9,0.4,-0.8106451612903226,-11.122738530726178,9.501448208145533,False,True,Mistral-Small-3.1-24B-Instruct-2503|s4
RedHatAI/Mistral-Small-3.1-24B-Instruct-2503-quantized.w8a8,mistral,Mistral-Small-3.1-24B-Instruct-2503,w8a8_int,mmlu,80.67,80.4,-0.27,-0.34310344827586203,-0.6396386319967056,-0.0465682645550185,False,True,Mistral-Small-3.1-24B-Instruct-2503|s4
RedHatAI/Mistral-Small-3.1-24B-Instruct-2503-quantized.w8a8,mistral,Mistral-Small-3.1-24B-Instruct-2503,w8a8_int,arc_challenge,72.78,73.46,0.68,-0.34310344827586203,-1.5000280027890214,0.8138211062372972,False,True,Mistral-Small-3.1-24B-Instruct-2503|s4
RedHatAI/Mistral-Small-3.1-24B-Instruct-2503-quantized.w8a8,mistral,Mistral-Small-3.1-24B-Instruct-2503,w8a8_int,hellaswag,83.7,82.26,-1.44,-0.34310344827586203,-0.6710969059058955,-0.015109990645828575,False,False,Mistral-Small-3.1-24B-Instruct-2503|s4
RedHatAI/Mistral-Small-3.1-24B-Instruct-2503-quantized.w8a8,mistral,Mistral-Small-3.1-24B-Instruct-2503,w8a8_int,winogrande,83.74,80.9,-2.84,-0.34310344827586203,-1.265583959616326,0.579377063064602,False,False,Mistral-Small-3.1-24B-Instruct-2503|s4
RedHatAI/Mistral-Small-3.1-24B-Instruct-2503-quantized.w8a8,mistral,Mistral-Small-3.1-24B-Instruct-2503,w8a8_int,truthfulqa,70.62,69.15,-1.47,-0.34310344827586203,-1.7611728379310976,1.0749659413793733,False,True,Mistral-Small-3.1-24B-Instruct-2503|s4
RedHatAI/Mistral-Small-3.1-24B-Instruct-2503-quantized.w8a8,mistral,Mistral-Small-3.1-24B-Instruct-2503,w8a8_int,mmlu_pro,67.25,66.54,-0.71,-0.34310344827586203,-0.7238198992024834,0.03761300265075934,False,True,Mistral-Small-3.1-24B-Instruct-2503|s4
RedHatAI/Mistral-Small-3.1-24B-Instruct-2503-quantized.w8a8,mistral,Mistral-Small-3.1-24B-Instruct-2503,w8a8_int,gpqa_main_cot_5shot,42.63,44.64,2.01,-0.34310344827586203,-2.4222248201140615,1.7360179235623376,False,False,Mistral-Small-3.1-24B-Instruct-2503|s4
RedHatAI/Mistral-Small-3.1-24B-Instruct-2503-quantized.w8a8,mistral,Mistral-Small-3.1-24B-Instruct-2503,w8a8_int,humaneval,84.7,84.2,-0.5,-0.34310344827586203,-2.8445098383100933,2.1583029417583695,False,True,Mistral-Small-3.1-24B-Instruct-2503|s4
RedHatAI/Mistral-Small-3.1-24B-Instruct-2503-quantized.w8a8,mistral,Mistral-Small-3.1-24B-Instruct-2503,w8a8_int,humaneval_plus,79.5,81.0,1.5,-0.34310344827586203,-3.1482614572877665,2.4620545607360427,False,True,Mistral-Small-3.1-24B-Instruct-2503|s4
RedHatAI/Mistral-Small-3.2-24B-Instruct-2506-NVFP4,mistral,Mistral-Small-3.2-24B-Instruct-2506,nvfp4,arc_challenge,68.52,66.98,-1.54,-1.2415789473684211,-7.272079291440523,4.78892139670368,False,True,Mistral-Small-3.2-24B-Instruct-2506|s0
RedHatAI/Mistral-Small-3.2-24B-Instruct-2506-NVFP4,mistral,Mistral-Small-3.2-24B-Instruct-2506,nvfp4,gsm8k,89.61,87.11,-2.5,-1.2415789473684211,-4.976270403257237,2.4931125085203942,False,True,Mistral-Small-3.2-24B-Instruct-2506|s0
RedHatAI/Mistral-Small-3.2-24B-Instruct-2506-NVFP4,mistral,Mistral-Small-3.2-24B-Instruct-2506,nvfp4,hellaswag,85.7,85.11,-0.59,-1.2415789473684211,-2.794464446777159,0.3113065520403169,False,True,Mistral-Small-3.2-24B-Instruct-2506|s0
RedHatAI/Mistral-Small-3.2-24B-Instruct-2506-NVFP4,mistral,Mistral-Small-3.2-24B-Instruct-2506,nvfp4,mmlu,81.06,79.43,-1.63,-1.2415789473684211,-2.7114184535368113,0.2282605587999691,False,True,Mistral-Small-3.2-24B-Instruct-2506|s0
RedHatAI/Mistral-Small-3.2-24B-Instruct-2506-NVFP4,mistral,Mistral-Small-3.2-24B-Instruct-2506,nvfp4,truthfulqa,61.35,60.34,-1.01,-1.2415789473684211,-8.81447713055131,6.331319235814469,False,True,Mistral-Small-3.2-24B-Instruct-2506|s0
RedHatAI/Mistral-Small-3.2-24B-Instruct-2506-NVFP4,mistral,Mistral-Small-3.2-24B-Instruct-2506,nvfp4,winogrande,83.27,81.61,-1.66,-1.2415789473684211,-5.9027501944164715,3.4195922996796297,False,True,Mistral-Small-3.2-24B-Instruct-2506|s0
RedHatAI/Mistral-Small-3.2-24B-Instruct-2506-NVFP4,mistral,Mistral-Small-3.2-24B-Instruct-2506,nvfp4,bbh,65.86,64.05,-1.81,-1.2415789473684211,-3.8537997720141535,1.3706418772773112,False,True,Mistral-Small-3.2-24B-Instruct-2506|s0
RedHatAI/Mistral-Small-3.2-24B-Instruct-2506-NVFP4,mistral,Mistral-Small-3.2-24B-Instruct-2506,nvfp4,mmlu_pro,50.84,48.45,-2.39,-1.2415789473684211,-3.2675391495231034,0.7843812547862612,False,True,Mistral-Small-3.2-24B-Instruct-2506|s0
RedHatAI/Mistral-Small-3.2-24B-Instruct-2506-NVFP4,mistral,Mistral-Small-3.2-24B-Instruct-2506,nvfp4,musr,39.15,40.21,1.06,-1.2415789473684211,-9.13247623064459,6.649318335907747,False,True,Mistral-Small-3.2-24B-Instruct-2506|s0
RedHatAI/Mistral-Small-3.2-24B-Instruct-2506-NVFP4,mistral,Mistral-Small-3.2-24B-Instruct-2506,nvfp4,ifeval,84.05,84.41,0.36,-1.2415789473684211,-8.23905923106122,5.755901336324378,False,True,Mistral-Small-3.2-24B-Instruct-2506|s0
RedHatAI/Mistral-Small-3.2-24B-Instruct-2506-NVFP4,mistral,Mistral-Small-3.2-24B-Instruct-2506,nvfp4,gpqa_main,33.14,32.55,-0.59,-1.2415789473684211,-11.127372678776078,8.644214784039237,False,True,Mistral-Small-3.2-24B-Instruct-2506|s0
RedHatAI/Mistral-Small-3.2-24B-Instruct-2506-NVFP4,mistral,Mistral-Small-3.2-24B-Instruct-2506,nvfp4,math_lvl5,41.69,37.76,-3.93,-1.2415789473684211,-7.264880260995486,4.781722366258645,False,True,Mistral-Small-3.2-24B-Instruct-2506|s0
RedHatAI/Mistral-Small-3.2-24B-Instruct-2506-NVFP4,mistral,Mistral-Small-3.2-24B-Instruct-2506,nvfp4,humaneval,88.88,88.84,-0.04,-1.2415789473684211,-12.154062596761591,9.67090470202475,False,True,Mistral-Small-3.2-24B-Instruct-2506|s0
RedHatAI/Mistral-Small-3.2-24B-Instruct-2506-NVFP4,mistral,Mistral-Small-3.2-24B-Instruct-2506,nvfp4,arc_challenge,68.52,66.98,-1.54,-1.0798039215686275,-3.4809724504940682,1.321364607356813,True,True,Mistral-Small-3.2-24B-Instruct-2506|s1
RedHatAI/Mistral-Small-3.2-24B-Instruct-2506-NVFP4,mistral,Mistral-Small-3.2-24B-Instruct-2506,nvfp4,gsm8k,89.61,87.11,-2.5,-1.0798039215686275,-2.5668486239111137,0.4072407807738587,True,True,Mistral-Small-3.2-24B-Instruct-2506|s1
RedHatAI/Mistral-Small-3.2-24B-Instruct-2506-NVFP4,mistral,Mistral-Small-3.2-24B-Instruct-2506,nvfp4,hellaswag,85.7,85.11,-0.59,-1.0798039215686275,-1.6981174241738013,-0.46149041896345355,True,True,Mistral-Small-3.2-24B-Instruct-2506|s1
RedHatAI/Mistral-Small-3.2-24B-Instruct-2506-NVFP4,mistral,Mistral-Small-3.2-24B-Instruct-2506,nvfp4,mmlu,81.06,79.43,-1.63,-1.0798039215686275,-1.6650509431117295,-0.49455690002552544,True,True,Mistral-Small-3.2-24B-Instruct-2506|s1
RedHatAI/Mistral-Small-3.2-24B-Instruct-2506-NVFP4,mistral,Mistral-Small-3.2-24B-Instruct-2506,nvfp4,truthfulqa,61.35,60.34,-1.01,-1.0798039215686275,-4.09511007408213,1.9355022309448746,True,True,Mistral-Small-3.2-24B-Instruct-2506|s1
RedHatAI/Mistral-Small-3.2-24B-Instruct-2506-NVFP4,mistral,Mistral-Small-3.2-24B-Instruct-2506,nvfp4,winogrande,83.27,81.61,-1.66,-1.0798039215686275,-2.9357457286768494,0.7761378855395942,True,True,Mistral-Small-3.2-24B-Instruct-2506|s1
RedHatAI/Mistral-Small-3.2-24B-Instruct-2506-NVFP4,mistral,Mistral-Small-3.2-24B-Instruct-2506,nvfp4,bbh,65.86,64.05,-1.81,-1.0798039215686275,-2.1199137096243827,-0.03969413351287199,True,True,Mistral-Small-3.2-24B-Instruct-2506|s1
RedHatAI/Mistral-Small-3.2-24B-Instruct-2506-NVFP4,mistral,Mistral-Small-3.2-24B-Instruct-2506,nvfp4,mmlu_pro,50.84,48.45,-2.39,-1.0798039215686275,-1.886481908586927,-0.27312593455032785,True,False,Mistral-Small-3.2-24B-Instruct-2506|s1
RedHatAI/Mistral-Small-3.2-24B-Instruct-2506-NVFP4,mistral,Mistral-Small-3.2-24B-Instruct-2506,nvfp4,musr,39.15,40.21,1.06,-1.0798039215686275,-4.221727997605038,2.0621201544677827,True,True,Mistral-Small-3.2-24B-Instruct-2506|s1
RedHatAI/Mistral-Small-3.2-24B-Instruct-2506-NVFP4,mistral,Mistral-Small-3.2-24B-Instruct-2506,nvfp4,ifeval,84.05,84.41,0.36,-1.0798039215686275,-3.8659955276259383,1.7063876844886832,True,True,Mistral-Small-3.2-24B-Instruct-2506|s1
RedHatAI/Mistral-Small-3.2-24B-Instruct-2506-NVFP4,mistral,Mistral-Small-3.2-24B-Instruct-2506,nvfp4,gpqa_main,33.14,32.55,-0.59,-1.0798039215686275,-5.016037308013594,2.8564294648763395,True,True,Mistral-Small-3.2-24B-Instruct-2506|s1
RedHatAI/Mistral-Small-3.2-24B-Instruct-2506-NVFP4,mistral,Mistral-Small-3.2-24B-Instruct-2506,nvfp4,math_lvl5,41.69,37.76,-3.93,-1.0798039215686275,-3.4781060075196653,1.3184981643824105,True,False,Mistral-Small-3.2-24B-Instruct-2506|s1
RedHatAI/Mistral-Small-3.2-24B-Instruct-2506-NVFP4,mistral,Mistral-Small-3.2-24B-Instruct-2506,nvfp4,humaneval,88.88,88.84,-0.04,-1.0798039215686275,-5.424835148885151,3.2652273057478958,True,True,Mistral-Small-3.2-24B-Instruct-2506|s1
RedHatAI/Mistral-Small-3.2-24B-Instruct-2506-NVFP4,mistral,Mistral-Small-3.2-24B-Instruct-2506,nvfp4,arc_challenge,68.52,66.98,-1.54,-1.1076315789473683,-20.00465421521512,17.78939105732038,False,True,Mistral-Small-3.2-24B-Instruct-2506|s2
RedHatAI/Mistral-Small-3.2-24B-Instruct-2506-NVFP4,mistral,Mistral-Small-3.2-24B-Instruct-2506,nvfp4,gsm8k,89.61,87.11,-2.5,-1.1076315789473683,-12.810565822335732,10.595302664440997,False,True,Mistral-Small-3.2-24B-Instruct-2506|s2
RedHatAI/Mistral-Small-3.2-24B-Instruct-2506-NVFP4,mistral,Mistral-Small-3.2-24B-Instruct-2506,nvfp4,hellaswag,85.7,85.11,-0.59,-1.1076315789473683,-5.973714119296531,3.758450961401795,False,True,Mistral-Small-3.2-24B-Instruct-2506|s2
RedHatAI/Mistral-Small-3.2-24B-Instruct-2506-NVFP4,mistral,Mistral-Small-3.2-24B-Instruct-2506,nvfp4,mmlu,81.06,79.43,-1.63,-1.1076315789473683,-5.713483305172325,3.4982201472775887,False,True,Mistral-Small-3.2-24B-Instruct-2506|s2
RedHatAI/Mistral-Small-3.2-24B-Instruct-2506-NVFP4,mistral,Mistral-Small-3.2-24B-Instruct-2506,nvfp4,truthfulqa,61.35,60.34,-1.01,-1.1076315789473683,-24.83787288975808,22.622609731863342,False,True,Mistral-Small-3.2-24B-Instruct-2506|s2
RedHatAI/Mistral-Small-3.2-24B-Instruct-2506-NVFP4,mistral,Mistral-Small-3.2-24B-Instruct-2506,nvfp4,winogrande,83.27,81.61,-1.66,-1.1076315789473683,-15.713759353000318,13.498496195105583,False,True,Mistral-Small-3.2-24B-Instruct-2506|s2
RedHatAI/Mistral-Small-3.2-24B-Instruct-2506-NVFP4,mistral,Mistral-Small-3.2-24B-Instruct-2506,nvfp4,bbh,65.86,64.05,-1.81,-1.1076315789473683,-9.29322037553599,7.077957217641254,False,True,Mistral-Small-3.2-24B-Instruct-2506|s2
RedHatAI/Mistral-Small-3.2-24B-Instruct-2506-NVFP4,mistral,Mistral-Small-3.2-24B-Instruct-2506,nvfp4,mmlu_pro,50.84,48.45,-2.39,-1.1076315789473683,-7.4561289864515174,5.240865828556782,False,True,Mistral-Small-3.2-24B-Instruct-2506|s2
RedHatAI/Mistral-Small-3.2-24B-Instruct-2506-NVFP4,mistral,Mistral-Small-3.2-24B-Instruct-2506,nvfp4,musr,39.15,40.21,1.06,-1.1076315789473683,-25.83434678908925,23.61908363119451,False,True,Mistral-Small-3.2-24B-Instruct-2506|s2
RedHatAI/Mistral-Small-3.2-24B-Instruct-2506-NVFP4,mistral,Mistral-Small-3.2-24B-Instruct-2506,nvfp4,ifeval,84.05,84.41,0.36,-1.1076315789473683,-23.034757981943415,20.819494824048675,False,True,Mistral-Small-3.2-24B-Instruct-2506|s2
RedHatAI/Mistral-Small-3.2-24B-Instruct-2506-NVFP4,mistral,Mistral-Small-3.2-24B-Instruct-2506,nvfp4,gpqa_main,33.14,32.55,-0.59,-1.1076315789473683,-32.085503606351864,29.870240448457125,False,True,Mistral-Small-3.2-24B-Instruct-2506|s2
RedHatAI/Mistral-Small-3.2-24B-Instruct-2506-NVFP4,mistral,Mistral-Small-3.2-24B-Instruct-2506,nvfp4,math_lvl5,41.69,37.76,-3.93,-1.1076315789473683,-19.98209551634816,17.76683235845342,False,True,Mistral-Small-3.2-24B-Instruct-2506|s2
RedHatAI/Mistral-Small-3.2-24B-Instruct-2506-NVFP4,mistral,Mistral-Small-3.2-24B-Instruct-2506,nvfp4,humaneval,88.88,88.84,-0.04,-1.1076315789473683,-35.30271304398524,33.0874498860905,False,True,Mistral-Small-3.2-24B-Instruct-2506|s2
RedHatAI/Mistral-Small-3.2-24B-Instruct-2506-NVFP4,mistral,Mistral-Small-3.2-24B-Instruct-2506,nvfp4,arc_challenge,68.52,66.98,-1.54,-1.1076315789473683,-20.00465421521512,17.78939105732038,False,True,Mistral-Small-3.2-24B-Instruct-2506|s3
RedHatAI/Mistral-Small-3.2-24B-Instruct-2506-NVFP4,mistral,Mistral-Small-3.2-24B-Instruct-2506,nvfp4,gsm8k,89.61,87.11,-2.5,-1.1076315789473683,-12.810565822335732,10.595302664440997,False,True,Mistral-Small-3.2-24B-Instruct-2506|s3
RedHatAI/Mistral-Small-3.2-24B-Instruct-2506-NVFP4,mistral,Mistral-Small-3.2-24B-Instruct-2506,nvfp4,hellaswag,85.7,85.11,-0.59,-1.1076315789473683,-5.973714119296531,3.758450961401795,False,True,Mistral-Small-3.2-24B-Instruct-2506|s3
RedHatAI/Mistral-Small-3.2-24B-Instruct-2506-NVFP4,mistral,Mistral-Small-3.2-24B-Instruct-2506,nvfp4,mmlu,81.06,79.43,-1.63,-1.1076315789473683,-5.713483305172325,3.4982201472775887,False,True,Mistral-Small-3.2-24B-Instruct-2506|s3
RedHatAI/Mistral-Small-3.2-24B-Instruct-2506-NVFP4,mistral,Mistral-Small-3.2-24B-Instruct-2506,nvfp4,truthfulqa,61.35,60.34,-1.01,-1.1076315789473683,-24.83787288975808,22.622609731863342,False,True,Mistral-Small-3.2-24B-Instruct-2506|s3
RedHatAI/Mistral-Small-3.2-24B-Instruct-2506-NVFP4,mistral,Mistral-Small-3.2-24B-Instruct-2506,nvfp4,winogrande,83.27,81.61,-1.66,-1.1076315789473683,-15.713759353000318,13.498496195105583,False,True,Mistral-Small-3.2-24B-Instruct-2506|s3
RedHatAI/Mistral-Small-3.2-24B-Instruct-2506-NVFP4,mistral,Mistral-Small-3.2-24B-Instruct-2506,nvfp4,bbh,65.86,64.05,-1.81,-1.1076315789473683,-9.29322037553599,7.077957217641254,False,True,Mistral-Small-3.2-24B-Instruct-2506|s3
RedHatAI/Mistral-Small-3.2-24B-Instruct-2506-NVFP4,mistral,Mistral-Small-3.2-24B-Instruct-2506,nvfp4,mmlu_pro,50.84,48.45,-2.39,-1.1076315789473683,-7.4561289864515174,5.240865828556782,False,True,Mistral-Small-3.2-24B-Instruct-2506|s3
RedHatAI/Mistral-Small-3.2-24B-Instruct-2506-NVFP4,mistral,Mistral-Small-3.2-24B-Instruct-2506,nvfp4,musr,39.15,40.21,1.06,-1.1076315789473683,-25.83434678908925,23.61908363119451,False,True,Mistral-Small-3.2-24B-Instruct-2506|s3
RedHatAI/Mistral-Small-3.2-24B-Instruct-2506-NVFP4,mistral,Mistral-Small-3.2-24B-Instruct-2506,nvfp4,ifeval,84.05,84.41,0.36,-1.1076315789473683,-23.034757981943415,20.819494824048675,False,True,Mistral-Small-3.2-24B-Instruct-2506|s3
RedHatAI/Mistral-Small-3.2-24B-Instruct-2506-NVFP4,mistral,Mistral-Small-3.2-24B-Instruct-2506,nvfp4,gpqa_main,33.14,32.55,-0.59,-1.1076315789473683,-32.085503606351864,29.870240448457125,False,True,Mistral-Small-3.2-24B-Instruct-2506|s3
RedHatAI/Mistral-Small-3.2-24B-Instruct-2506-NVFP4,mistral,Mistral-Small-3.2-24B-Instruct-2506,nvfp4,math_lvl5,41.69,37.76,-3.93,-1.1076315789473683,-19.98209551634816,17.76683235845342,False,True,Mistral-Small-3.2-24B-Instruct-2506|s3
RedHatAI/Mistral-Small-3.2-24B-Instruct-2506-NVFP4,mistral,Mistral-Small-3.2-24B-Instruct-2506,nvfp4,humaneval,88.88,88.84,-0.04,-1.1076315789473683,-35.30271304398524,33.0874498860905,False,True,Mistral-Small-3.2-24B-Instruct-2506|s3
RedHatAI/Mistral-Small-3.2-24B-Instruct-2506-NVFP4,mistral,Mistral-Small-3.2-24B-Instruct-2506,nvfp4,arc_challenge,68.52,66.98,-1.54,-1.2824,-7.145618527876162,4.580818527876162,False,True,Mistral-Small-3.2-24B-Instruct-2506|s4
RedHatAI/Mistral-Small-3.2-24B-Instruct-2506-NVFP4,mistral,Mistral-Small-3.2-24B-Instruct-2506,nvfp4,gsm8k,89.61,87.11,-2.5,-1.2824,-4.913493755196094,2.348693755196094,False,True,Mistral-Small-3.2-24B-Instruct-2506|s4
RedHatAI/Mistral-Small-3.2-24B-Instruct-2506-NVFP4,mistral,Mistral-Small-3.2-24B-Instruct-2506,nvfp4,hellaswag,85.7,85.11,-0.59,-1.2824,-2.7922095534897924,0.22740955348979264,False,True,Mistral-Small-3.2-24B-Instruct-2506|s4
RedHatAI/Mistral-Small-3.2-24B-Instruct-2506-NVFP4,mistral,Mistral-Small-3.2-24B-Instruct-2506,nvfp4,mmlu,81.06,79.43,-1.63,-1.2824,-2.7114671973913773,0.14666719739137735,False,True,Mistral-Small-3.2-24B-Instruct-2506|s4
RedHatAI/Mistral-Small-3.2-24B-Instruct-2506-NVFP4,mistral,Mistral-Small-3.2-24B-Instruct-2506,nvfp4,truthfulqa,61.35,60.34,-1.01,-1.2824,-8.645231341350268,6.080431341350269,False,True,Mistral-Small-3.2-24B-Instruct-2506|s4
RedHatAI/Mistral-Small-3.2-24B-Instruct-2506-NVFP4,mistral,Mistral-Small-3.2-24B-Instruct-2506,nvfp4,winogrande,83.27,81.61,-1.66,-1.2824,-5.814273651936735,3.249473651936735,False,True,Mistral-Small-3.2-24B-Instruct-2506|s4
RedHatAI/Mistral-Small-3.2-24B-Instruct-2506-NVFP4,mistral,Mistral-Small-3.2-24B-Instruct-2506,nvfp4,bbh,65.86,64.05,-1.81,-1.2824,-3.822159665716999,1.257359665716999,False,True,Mistral-Small-3.2-24B-Instruct-2506|s4
RedHatAI/Mistral-Small-3.2-24B-Instruct-2506-NVFP4,mistral,Mistral-Small-3.2-24B-Instruct-2506,nvfp4,mmlu_pro,50.84,48.45,-2.39,-1.2824,-3.252161498428504,0.6873614984285037,False,True,Mistral-Small-3.2-24B-Instruct-2506|s4
RedHatAI/Mistral-Small-3.2-24B-Instruct-2506-NVFP4,mistral,Mistral-Small-3.2-24B-Instruct-2506,nvfp4,musr,39.15,40.21,1.06,-1.2824,-8.954409371220981,6.389609371220981,False,True,Mistral-Small-3.2-24B-Instruct-2506|s4
RedHatAI/Mistral-Small-3.2-24B-Instruct-2506-NVFP4,mistral,Mistral-Small-3.2-24B-Instruct-2506,nvfp4,ifeval,84.05,84.41,0.36,-1.2824,-8.085775127592104,5.520975127592105,False,True,Mistral-Small-3.2-24B-Instruct-2506|s4
RedHatAI/Mistral-Small-3.2-24B-Instruct-2506-NVFP4,mistral,Mistral-Small-3.2-24B-Instruct-2506,nvfp4,gpqa_main,33.14,32.55,-0.59,-1.2824,-10.893968802201929,8.329168802201927,False,True,Mistral-Small-3.2-24B-Instruct-2506|s4
RedHatAI/Mistral-Small-3.2-24B-Instruct-2506-NVFP4,mistral,Mistral-Small-3.2-24B-Instruct-2506,nvfp4,math_lvl5,41.69,37.76,-3.93,-1.2824,-7.138619193446214,4.573819193446214,False,True,Mistral-Small-3.2-24B-Instruct-2506|s4
RedHatAI/Mistral-Small-3.2-24B-Instruct-2506-NVFP4,mistral,Mistral-Small-3.2-24B-Instruct-2506,nvfp4,humaneval,88.88,88.84,-0.04,-1.2824,-11.892179067695672,9.32737906769567,False,True,Mistral-Small-3.2-24B-Instruct-2506|s4
RedHatAI/Mixtral-8x22B-Instruct-v0.1-FP8,mistral,Mixtral-8x22B-Instruct-v0.1,fp8,arc_challenge,73.29,73.29,0.0,-0.2567441860465116,-1.3506325666647636,0.8371441945717404,False,True,Mixtral-8x22B-Instruct-v0.1|s0
RedHatAI/Mixtral-8x22B-Instruct-v0.1-FP8,mistral,Mixtral-8x22B-Instruct-v0.1,fp8,gsm8k,85.06,84.08,-0.98,-0.2567441860465116,-1.087537705860404,0.5740493337673809,False,True,Mixtral-8x22B-Instruct-v0.1|s0
RedHatAI/Mixtral-8x22B-Instruct-v0.1-FP8,mistral,Mixtral-8x22B-Instruct-v0.1,fp8,hellaswag,88.94,88.85,-0.09,-0.2567441860465116,-0.5216512429819401,0.008162870888916873,False,True,Mixtral-8x22B-Instruct-v0.1|s0
RedHatAI/Mixtral-8x22B-Instruct-v0.1-FP8,mistral,Mixtral-8x22B-Instruct-v0.1,fp8,mmlu,77.77,77.62,-0.15,-0.2567441860465116,-0.5537321210764838,0.04024374898346067,False,True,Mixtral-8x22B-Instruct-v0.1|s0
RedHatAI/Mixtral-8x22B-Instruct-v0.1-FP8,mistral,Mixtral-8x22B-Instruct-v0.1,fp8,truthfulqa,68.49,68.01,-0.48,-0.2567441860465116,-1.63238251097709,1.1188941388840667,False,True,Mixtral-8x22B-Instruct-v0.1|s0
RedHatAI/Mixtral-8x22B-Instruct-v0.1-FP8,mistral,Mixtral-8x22B-Instruct-v0.1,fp8,winogrande,85.64,85.16,-0.48,-0.2567441860465116,-1.0906264792413105,0.5771381071482873,False,True,Mixtral-8x22B-Instruct-v0.1|s0
RedHatAI/Mixtral-8x22B-Instruct-v0.1-FP8,mistral,Mixtral-8x22B-Instruct-v0.1,fp8,arc_challenge,73.29,73.29,0.0,-0.38685185185185184,-2.0520079644054587,1.278304260701755,False,True,Mixtral-8x22B-Instruct-v0.1|s1
RedHatAI/Mixtral-8x22B-Instruct-v0.1-FP8,mistral,Mixtral-8x22B-Instruct-v0.1,fp8,gsm8k,85.06,84.08,-0.98,-0.38685185185185184,-1.65151553445368,0.8778118307499765,False,True,Mixtral-8x22B-Instruct-v0.1|s1
RedHatAI/Mixtral-8x22B-Instruct-v0.1-FP8,mistral,Mixtral-8x22B-Instruct-v0.1,fp8,hellaswag,88.94,88.85,-0.09,-0.38685185185185184,-0.7901028717276679,0.01639916802396424,False,True,Mixtral-8x22B-Instruct-v0.1|s1
RedHatAI/Mixtral-8x22B-Instruct-v0.1-FP8,mistral,Mixtral-8x22B-Instruct-v0.1,fp8,mmlu,77.77,77.62,-0.15,-0.38685185185185184,-0.83893753457053,0.06523383086682633,False,True,Mixtral-8x22B-Instruct-v0.1|s1
RedHatAI/Mixtral-8x22B-Instruct-v0.1-FP8,mistral,Mixtral-8x22B-Instruct-v0.1,fp8,truthfulqa,68.49,68.01,-0.48,-0.38685185185185184,-2.480897831320533,1.7071941276168294,False,True,Mixtral-8x22B-Instruct-v0.1|s1
RedHatAI/Mixtral-8x22B-Instruct-v0.1-FP8,mistral,Mixtral-8x22B-Instruct-v0.1,fp8,winogrande,85.64,85.16,-0.48,-0.38685185185185184,-1.6562173760370071,0.8825136723333036,False,True,Mixtral-8x22B-Instruct-v0.1|s1
RedHatAI/Mixtral-8x22B-Instruct-v0.1-FP8,mistral,Mixtral-8x22B-Instruct-v0.1,fp8,arc_challenge,73.29,73.29,0.0,-0.2679591836734694,-1.505003346251598,0.9690849789046592,False,True,Mixtral-8x22B-Instruct-v0.1|s2
RedHatAI/Mixtral-8x22B-Instruct-v0.1-FP8,mistral,Mixtral-8x22B-Instruct-v0.1,fp8,gsm8k,85.06,84.08,-0.98,-0.2679591836734694,-1.2074775954264614,0.6715592280795226,False,True,Mixtral-8x22B-Instruct-v0.1|s2
RedHatAI/Mixtral-8x22B-Instruct-v0.1-FP8,mistral,Mixtral-8x22B-Instruct-v0.1,fp8,hellaswag,88.94,88.85,-0.09,-0.2679591836734694,-0.5675342904339149,0.031615923086976194,False,True,Mixtral-8x22B-Instruct-v0.1|s2
RedHatAI/Mixtral-8x22B-Instruct-v0.1-FP8,mistral,Mixtral-8x22B-Instruct-v0.1,fp8,mmlu,77.77,77.62,-0.15,-0.2679591836734694,-0.6038135522675641,0.06789518492062524,False,True,Mixtral-8x22B-Instruct-v0.1|s2
RedHatAI/Mixtral-8x22B-Instruct-v0.1-FP8,mistral,Mixtral-8x22B-Instruct-v0.1,fp8,truthfulqa,68.49,68.01,-0.48,-0.2679591836734694,-1.823625547651422,1.2877071803044833,False,True,Mixtral-8x22B-Instruct-v0.1|s2
RedHatAI/Mixtral-8x22B-Instruct-v0.1-FP8,mistral,Mixtral-8x22B-Instruct-v0.1,fp8,winogrande,85.64,85.16,-0.48,-0.2679591836734694,-1.2109705926536716,0.6750522253067328,False,True,Mixtral-8x22B-Instruct-v0.1|s2
RedHatAI/Mixtral-8x22B-Instruct-v0.1-FP8,mistral,Mixtral-8x22B-Instruct-v0.1,fp8,arc_challenge,73.29,73.29,0.0,-0.348,-1.8020708456321795,1.1060708456321797,False,True,Mixtral-8x22B-Instruct-v0.1|s3
RedHatAI/Mixtral-8x22B-Instruct-v0.1-FP8,mistral,Mixtral-8x22B-Instruct-v0.1,fp8,gsm8k,85.06,84.08,-0.98,-0.348,-1.4523472600182084,0.7563472600182083,False,True,Mixtral-8x22B-Instruct-v0.1|s3
RedHatAI/Mixtral-8x22B-Instruct-v0.1-FP8,mistral,Mixtral-8x22B-Instruct-v0.1,fp8,hellaswag,88.94,88.85,-0.09,-0.348,-0.7001324799833085,0.004132479983308568,False,True,Mixtral-8x22B-Instruct-v0.1|s3
RedHatAI/Mixtral-8x22B-Instruct-v0.1-FP8,mistral,Mixtral-8x22B-Instruct-v0.1,fp8,mmlu,77.77,77.62,-0.15,-0.348,-0.7427765654001326,0.0467765654001327,False,True,Mixtral-8x22B-Instruct-v0.1|s3
RedHatAI/Mixtral-8x22B-Instruct-v0.1-FP8,mistral,Mixtral-8x22B-Instruct-v0.1,fp8,truthfulqa,68.49,68.01,-0.48,-0.348,-2.1765920372289815,1.4805920372289818,False,True,Mixtral-8x22B-Instruct-v0.1|s3
RedHatAI/Mixtral-8x22B-Instruct-v0.1-FP8,mistral,Mixtral-8x22B-Instruct-v0.1,fp8,winogrande,85.64,85.16,-0.48,-0.348,-1.4564530677052798,0.76045306770528,False,True,Mixtral-8x22B-Instruct-v0.1|s3
RedHatAI/Mixtral-8x22B-Instruct-v0.1-FP8,mistral,Mixtral-8x22B-Instruct-v0.1,fp8,arc_challenge,73.29,73.29,0.0,-0.17933333333333334,-1.4505974210788062,1.0919307544121395,False,True,Mixtral-8x22B-Instruct-v0.1|s4
RedHatAI/Mixtral-8x22B-Instruct-v0.1-FP8,mistral,Mixtral-8x22B-Instruct-v0.1,fp8,gsm8k,85.06,84.08,-0.98,-0.17933333333333334,-1.144841318228585,0.7861746515619183,False,True,Mixtral-8x22B-Instruct-v0.1|s4
RedHatAI/Mixtral-8x22B-Instruct-v0.1-FP8,mistral,Mixtral-8x22B-Instruct-v0.1,fp8,hellaswag,88.94,88.85,-0.09,-0.17933333333333334,-0.48719548274387847,0.12852881607721178,False,True,Mixtral-8x22B-Instruct-v0.1|s4
RedHatAI/Mixtral-8x22B-Instruct-v0.1-FP8,mistral,Mixtral-8x22B-Instruct-v0.1,fp8,mmlu,77.77,77.62,-0.15,-0.17933333333333334,-0.5244783252601174,0.1658116585934507,False,True,Mixtral-8x22B-Instruct-v0.1|s4
RedHatAI/Mixtral-8x22B-Instruct-v0.1-FP8,mistral,Mixtral-8x22B-Instruct-v0.1,fp8,truthfulqa,68.49,68.01,-0.48,-0.17933333333333334,-1.7780335583253775,1.4193668916587108,False,True,Mixtral-8x22B-Instruct-v0.1|s4
RedHatAI/Mixtral-8x22B-Instruct-v0.1-FP8,mistral,Mixtral-8x22B-Instruct-v0.1,fp8,winogrande,85.64,85.16,-0.48,-0.17933333333333334,-1.1484309410309692,0.7897642743643025,False,True,Mixtral-8x22B-Instruct-v0.1|s4
RedHatAI/Mixtral-8x22B-v0.1-quantized.w4a16,mistral,Mixtral-8x22B-v0.1,w4a16,arc_challenge,70.39,69.88,-0.51,-0.7050393700787402,-4.248564236505523,2.8384854963480426,False,True,Mixtral-8x22B-v0.1|s0
RedHatAI/Mixtral-8x22B-v0.1-quantized.w4a16,mistral,Mixtral-8x22B-v0.1,w4a16,gsm8k,76.42,74.68,-1.74,-0.7050393700787402,-3.810868962200755,2.4007902220432746,False,True,Mixtral-8x22B-v0.1|s0
RedHatAI/Mixtral-8x22B-v0.1-quantized.w4a16,mistral,Mixtral-8x22B-v0.1,w4a16,hellaswag,88.31,87.94,-0.37,-0.7050393700787402,-1.5570140611635441,0.14693532100606366,False,True,Mixtral-8x22B-v0.1|s0
RedHatAI/Mixtral-8x22B-v0.1-quantized.w4a16,mistral,Mixtral-8x22B-v0.1,w4a16,mmlu,77.4,76.21,-1.19,-0.7050393700787402,-1.642892473472266,0.2328137333147856,False,True,Mixtral-8x22B-v0.1|s0
RedHatAI/Mixtral-8x22B-v0.1-quantized.w4a16,mistral,Mixtral-8x22B-v0.1,w4a16,truthfulqa,51.17,51.15,-0.02,-0.7050393700787402,-5.351953493540219,3.9418747533827387,False,True,Mixtral-8x22B-v0.1|s0
RedHatAI/Mixtral-8x22B-v0.1-quantized.w4a16,mistral,Mixtral-8x22B-v0.1,w4a16,winogrande,84.45,85.16,0.71,-0.7050393700787402,-3.410251465005559,2.0001727248480785,False,True,Mixtral-8x22B-v0.1|s0
RedHatAI/Mixtral-8x22B-v0.1-quantized.w4a16,mistral,Mixtral-8x22B-v0.1,w4a16,arc_challenge,70.39,69.88,-0.51,-0.6579365079365079,-5.949595452324514,4.633722436451498,False,True,Mixtral-8x22B-v0.1|s1
RedHatAI/Mixtral-8x22B-v0.1-quantized.w4a16,mistral,Mixtral-8x22B-v0.1,w4a16,gsm8k,76.42,74.68,-1.74,-0.6579365079365079,-5.2959711091922115,3.9800980933191954,False,True,Mixtral-8x22B-v0.1|s1
RedHatAI/Mixtral-8x22B-v0.1-quantized.w4a16,mistral,Mixtral-8x22B-v0.1,w4a16,hellaswag,88.31,87.94,-0.37,-0.6579365079365079,-1.930217545720574,0.6143445298475579,False,True,Mixtral-8x22B-v0.1|s1
RedHatAI/Mixtral-8x22B-v0.1-quantized.w4a16,mistral,Mixtral-8x22B-v0.1,w4a16,mmlu,77.4,76.21,-1.19,-0.6579365079365079,-2.058462523744825,0.7425895078718089,False,True,Mixtral-8x22B-v0.1|s1
RedHatAI/Mixtral-8x22B-v0.1-quantized.w4a16,mistral,Mixtral-8x22B-v0.1,w4a16,truthfulqa,51.17,51.15,-0.02,-0.6579365079365079,-7.597321897381741,6.281448881508725,False,True,Mixtral-8x22B-v0.1|s1
RedHatAI/Mixtral-8x22B-v0.1-quantized.w4a16,mistral,Mixtral-8x22B-v0.1,w4a16,winogrande,84.45,85.16,0.71,-0.6579365079365079,-4.697716195731144,3.381843179858128,False,True,Mixtral-8x22B-v0.1|s1
RedHatAI/Mixtral-8x22B-v0.1-quantized.w4a16,mistral,Mixtral-8x22B-v0.1,w4a16,arc_challenge,70.39,69.88,-0.51,-0.7897619047619048,-4.071080018789572,2.491556209265762,False,True,Mixtral-8x22B-v0.1|s2
RedHatAI/Mixtral-8x22B-v0.1-quantized.w4a16,mistral,Mixtral-8x22B-v0.1,w4a16,gsm8k,76.42,74.68,-1.74,-0.7897619047619048,-3.665772454672265,2.0862486451484554,False,True,Mixtral-8x22B-v0.1|s2
RedHatAI/Mixtral-8x22B-v0.1-quantized.w4a16,mistral,Mixtral-8x22B-v0.1,w4a16,hellaswag,88.31,87.94,-0.37,-0.7897619047619048,-1.5786938558360109,-0.0008299536877987013,False,True,Mixtral-8x22B-v0.1|s2
RedHatAI/Mixtral-8x22B-v0.1-quantized.w4a16,mistral,Mixtral-8x22B-v0.1,w4a16,mmlu,77.4,76.21,-1.19,-0.7897619047619048,-1.658217607054018,0.07869379753020844,False,True,Mixtral-8x22B-v0.1|s2
RedHatAI/Mixtral-8x22B-v0.1-quantized.w4a16,mistral,Mixtral-8x22B-v0.1,w4a16,truthfulqa,51.17,51.15,-0.02,-0.7897619047619048,-5.092822857462632,3.5132990479388226,False,True,Mixtral-8x22B-v0.1|s2
RedHatAI/Mixtral-8x22B-v0.1-quantized.w4a16,mistral,Mixtral-8x22B-v0.1,w4a16,winogrande,84.45,85.16,0.71,-0.7897619047619048,-3.2947990595656598,1.71527525004185,False,True,Mixtral-8x22B-v0.1|s2
RedHatAI/Mixtral-8x22B-v0.1-quantized.w4a16,mistral,Mixtral-8x22B-v0.1,w4a16,arc_challenge,70.39,69.88,-0.51,-0.6645283018867925,-6.200404692082943,4.871348088309357,False,True,Mixtral-8x22B-v0.1|s3
RedHatAI/Mixtral-8x22B-v0.1-quantized.w4a16,mistral,Mixtral-8x22B-v0.1,w4a16,gsm8k,76.42,74.68,-1.74,-0.6645283018867925,-5.516614673256993,4.187558069483408,False,True,Mixtral-8x22B-v0.1|s3
RedHatAI/Mixtral-8x22B-v0.1-quantized.w4a16,mistral,Mixtral-8x22B-v0.1,w4a16,hellaswag,88.31,87.94,-0.37,-0.6645283018867925,-1.9955268852767183,0.6664702815031334,False,True,Mixtral-8x22B-v0.1|s3
RedHatAI/Mixtral-8x22B-v0.1-quantized.w4a16,mistral,Mixtral-8x22B-v0.1,w4a16,mmlu,77.4,76.21,-1.19,-0.6645283018867925,-2.1296905480272437,0.8006339442536587,False,True,Mixtral-8x22B-v0.1|s3
RedHatAI/Mixtral-8x22B-v0.1-quantized.w4a16,mistral,Mixtral-8x22B-v0.1,w4a16,truthfulqa,51.17,51.15,-0.02,-0.6645283018867925,-7.924176012297736,6.595119408524151,False,True,Mixtral-8x22B-v0.1|s3
RedHatAI/Mixtral-8x22B-v0.1-quantized.w4a16,mistral,Mixtral-8x22B-v0.1,w4a16,winogrande,84.45,85.16,0.71,-0.6645283018867925,-4.890749460560261,3.5616928567866752,False,True,Mixtral-8x22B-v0.1|s3
RedHatAI/Mixtral-8x22B-v0.1-quantized.w4a16,mistral,Mixtral-8x22B-v0.1,w4a16,arc_challenge,70.39,69.88,-0.51,-0.6581560283687943,-6.116885684096376,4.800573627358787,False,True,Mixtral-8x22B-v0.1|s4
RedHatAI/Mixtral-8x22B-v0.1-quantized.w4a16,mistral,Mixtral-8x22B-v0.1,w4a16,gsm8k,76.42,74.68,-1.74,-0.6581560283687943,-5.442624809943534,4.126312753205945,False,True,Mixtral-8x22B-v0.1|s4
RedHatAI/Mixtral-8x22B-v0.1-quantized.w4a16,mistral,Mixtral-8x22B-v0.1,w4a16,hellaswag,88.31,87.94,-0.37,-0.6581560283687943,-1.9706061133723272,0.6542940566347387,False,True,Mixtral-8x22B-v0.1|s4
RedHatAI/Mixtral-8x22B-v0.1-quantized.w4a16,mistral,Mixtral-8x22B-v0.1,w4a16,mmlu,77.4,76.21,-1.19,-0.6581560283687943,-2.102900101344009,0.7865880446064205,False,True,Mixtral-8x22B-v0.1|s4
RedHatAI/Mixtral-8x22B-v0.1-quantized.w4a16,mistral,Mixtral-8x22B-v0.1,w4a16,truthfulqa,51.17,51.15,-0.02,-0.6581560283687943,-7.816634912965226,6.500322856227637,False,True,Mixtral-8x22B-v0.1|s4
RedHatAI/Mixtral-8x22B-v0.1-quantized.w4a16,mistral,Mixtral-8x22B-v0.1,w4a16,winogrande,84.45,85.16,0.71,-0.6581560283687943,-4.825481514785014,3.509169458047425,False,True,Mixtral-8x22B-v0.1|s4
RedHatAI/Mixtral-8x7B-Instruct-v0.1-FP8,mistral,Mixtral-8x7B-Instruct-v0.1,fp8,arc_challenge,70.48,69.54,-0.94,-0.24,-1.6074981195670537,1.1274981195670537,False,True,Mixtral-8x7B-Instruct-v0.1|s0
RedHatAI/Mixtral-8x7B-Instruct-v0.1-FP8,mistral,Mixtral-8x7B-Instruct-v0.1,fp8,gsm8k,65.5,64.29,-1.21,-0.24,-1.5834058004689158,1.1034058004689158,False,True,Mixtral-8x7B-Instruct-v0.1|s0
RedHatAI/Mixtral-8x7B-Instruct-v0.1-FP8,mistral,Mixtral-8x7B-Instruct-v0.1,fp8,hellaswag,87.33,86.96,-0.37,-0.24,-0.580689970283942,0.100689970283942,False,True,Mixtral-8x7B-Instruct-v0.1|s0
RedHatAI/Mixtral-8x7B-Instruct-v0.1-FP8,mistral,Mixtral-8x7B-Instruct-v0.1,fp8,mmlu,70.3,69.97,-0.33,-0.24,-0.6357681330307514,0.15576813303075138,False,True,Mixtral-8x7B-Instruct-v0.1|s0
RedHatAI/Mixtral-8x7B-Instruct-v0.1-FP8,mistral,Mixtral-8x7B-Instruct-v0.1,fp8,truthfulqa,64.81,63.89,-0.92,-0.24,-1.9548219552877992,1.4748219552877992,False,True,Mixtral-8x7B-Instruct-v0.1|s0
RedHatAI/Mixtral-8x7B-Instruct-v0.1-FP8,mistral,Mixtral-8x7B-Instruct-v0.1,fp8,winogrande,82.24,81.29,-0.95,-0.24,-1.3419810935421563,0.8619810935421564,False,True,Mixtral-8x7B-Instruct-v0.1|s0
RedHatAI/Mixtral-8x7B-Instruct-v0.1-FP8,mistral,Mixtral-8x7B-Instruct-v0.1,fp8,arc_challenge,70.48,69.54,-0.94,-0.22163265306122448,-1.4687227354812495,1.0254574293588006,False,True,Mixtral-8x7B-Instruct-v0.1|s1
RedHatAI/Mixtral-8x7B-Instruct-v0.1-FP8,mistral,Mixtral-8x7B-Instruct-v0.1,fp8,gsm8k,65.5,64.29,-1.21,-0.22163265306122448,-1.4467517420444918,1.0034864359220428,False,True,Mixtral-8x7B-Instruct-v0.1|s1
RedHatAI/Mixtral-8x7B-Instruct-v0.1-FP8,mistral,Mixtral-8x7B-Instruct-v0.1,fp8,hellaswag,87.33,86.96,-0.37,-0.22163265306122448,-0.5323249143826443,0.08905960826019527,False,True,Mixtral-8x7B-Instruct-v0.1|s1
RedHatAI/Mixtral-8x7B-Instruct-v0.1-FP8,mistral,Mixtral-8x7B-Instruct-v0.1,fp8,mmlu,70.3,69.97,-0.33,-0.22163265306122448,-0.5825534518384824,0.13928814571603343,False,True,Mixtral-8x7B-Instruct-v0.1|s1
RedHatAI/Mixtral-8x7B-Instruct-v0.1-FP8,mistral,Mixtral-8x7B-Instruct-v0.1,fp8,truthfulqa,64.81,63.89,-0.92,-0.22163265306122448,-1.7854647512235131,1.3421994451010641,False,True,Mixtral-8x7B-Instruct-v0.1|s1
RedHatAI/Mixtral-8x7B-Instruct-v0.1-FP8,mistral,Mixtral-8x7B-Instruct-v0.1,fp8,winogrande,82.24,81.29,-0.95,-0.22163265306122448,-1.226584450147342,0.783319144024893,False,True,Mixtral-8x7B-Instruct-v0.1|s1
RedHatAI/Mixtral-8x7B-Instruct-v0.1-FP8,mistral,Mixtral-8x7B-Instruct-v0.1,fp8,arc_challenge,70.48,69.54,-0.94,-0.31184210526315786,-1.7960103368613238,1.172326126335008,False,True,Mixtral-8x7B-Instruct-v0.1|s2
RedHatAI/Mixtral-8x7B-Instruct-v0.1-FP8,mistral,Mixtral-8x7B-Instruct-v0.1,fp8,gsm8k,65.5,64.29,-1.21,-0.31184210526315786,-1.7698625461482347,1.1461783356219188,False,True,Mixtral-8x7B-Instruct-v0.1|s2
RedHatAI/Mixtral-8x7B-Instruct-v0.1-FP8,mistral,Mixtral-8x7B-Instruct-v0.1,fp8,hellaswag,87.33,86.96,-0.37,-0.31184210526315786,-0.6815985411108609,0.057914330584545204,False,True,Mixtral-8x7B-Instruct-v0.1|s2
RedHatAI/Mixtral-8x7B-Instruct-v0.1-FP8,mistral,Mixtral-8x7B-Instruct-v0.1,fp8,mmlu,70.3,69.97,-0.33,-0.31184210526315786,-0.7413757782667616,0.11769156774044587,False,True,Mixtral-8x7B-Instruct-v0.1|s2
RedHatAI/Mixtral-8x7B-Instruct-v0.1-FP8,mistral,Mixtral-8x7B-Instruct-v0.1,fp8,truthfulqa,64.81,63.89,-0.92,-0.31184210526315786,-2.1729666161260823,1.5492824055997665,False,True,Mixtral-8x7B-Instruct-v0.1|s2
RedHatAI/Mixtral-8x7B-Instruct-v0.1-FP8,mistral,Mixtral-8x7B-Instruct-v0.1,fp8,winogrande,82.24,81.29,-0.95,-0.31184210526315786,-1.5078403355019518,0.884156124975636,False,True,Mixtral-8x7B-Instruct-v0.1|s2
RedHatAI/Mixtral-8x7B-Instruct-v0.1-FP8,mistral,Mixtral-8x7B-Instruct-v0.1,fp8,arc_challenge,70.48,69.54,-0.94,-0.24653061224489797,-1.7188148353146664,1.2257536108248703,False,True,Mixtral-8x7B-Instruct-v0.1|s3
RedHatAI/Mixtral-8x7B-Instruct-v0.1-FP8,mistral,Mixtral-8x7B-Instruct-v0.1,fp8,gsm8k,65.5,64.29,-1.21,-0.24653061224489797,-1.692876414780252,1.199815190290456,False,True,Mixtral-8x7B-Instruct-v0.1|s3
RedHatAI/Mixtral-8x7B-Instruct-v0.1-FP8,mistral,Mixtral-8x7B-Instruct-v0.1,fp8,hellaswag,87.33,86.96,-0.37,-0.24653061224489797,-0.6133263401731812,0.12026511568338527,False,True,Mixtral-8x7B-Instruct-v0.1|s3
RedHatAI/Mixtral-8x7B-Instruct-v0.1-FP8,mistral,Mixtral-8x7B-Instruct-v0.1,fp8,mmlu,70.3,69.97,-0.33,-0.24653061224489797,-0.6726249299756077,0.17956370548581185,False,True,Mixtral-8x7B-Instruct-v0.1|s3
RedHatAI/Mixtral-8x7B-Instruct-v0.1-FP8,mistral,Mixtral-8x7B-Instruct-v0.1,fp8,truthfulqa,64.81,63.89,-0.92,-0.24653061224489797,-2.092752756186999,1.5996915316972034,False,True,Mixtral-8x7B-Instruct-v0.1|s3
RedHatAI/Mixtral-8x7B-Instruct-v0.1-FP8,mistral,Mixtral-8x7B-Instruct-v0.1,fp8,winogrande,82.24,81.29,-0.95,-0.24653061224489797,-1.4329522642592671,0.9398910397694711,False,True,Mixtral-8x7B-Instruct-v0.1|s3
RedHatAI/Mixtral-8x7B-Instruct-v0.1-FP8,mistral,Mixtral-8x7B-Instruct-v0.1,fp8,arc_challenge,70.48,69.54,-0.94,-0.22727272727272727,-1.6130913958100572,1.1585459412646026,False,True,Mixtral-8x7B-Instruct-v0.1|s4
RedHatAI/Mixtral-8x7B-Instruct-v0.1-FP8,mistral,Mixtral-8x7B-Instruct-v0.1,fp8,gsm8k,65.5,64.29,-1.21,-0.22727272727272727,-1.5886763088005567,1.134130854255102,False,True,Mixtral-8x7B-Instruct-v0.1|s4
RedHatAI/Mixtral-8x7B-Instruct-v0.1-FP8,mistral,Mixtral-8x7B-Instruct-v0.1,fp8,hellaswag,87.33,86.96,-0.37,-0.22727272727272727,-0.5725269651011431,0.11798151055568859,False,True,Mixtral-8x7B-Instruct-v0.1|s4
RedHatAI/Mixtral-8x7B-Instruct-v0.1-FP8,mistral,Mixtral-8x7B-Instruct-v0.1,fp8,mmlu,70.3,69.97,-0.33,-0.22727272727272727,-0.6283430171096321,0.17379756256417764,False,True,Mixtral-8x7B-Instruct-v0.1|s4
RedHatAI/Mixtral-8x7B-Instruct-v0.1-FP8,mistral,Mixtral-8x7B-Instruct-v0.1,fp8,truthfulqa,64.81,63.89,-0.92,-0.22727272727272727,-1.9650683738275398,1.5105229192820853,False,True,Mixtral-8x7B-Instruct-v0.1|s4
RedHatAI/Mixtral-8x7B-Instruct-v0.1-FP8,mistral,Mixtral-8x7B-Instruct-v0.1,fp8,winogrande,82.24,81.29,-0.95,-0.22727272727272727,-1.3440172038862617,0.8894717493408071,False,True,Mixtral-8x7B-Instruct-v0.1|s4
RedHatAI/Mixtral-8x7B-v0.1-quantized.w4a16,mistral,Mixtral-8x7B-v0.1,w4a16,arc_challenge,66.55,65.61,-0.94,-0.7888356164383562,-5.915981645676341,4.338310412799629,False,True,Mixtral-8x7B-v0.1|s0
RedHatAI/Mixtral-8x7B-v0.1-quantized.w4a16,mistral,Mixtral-8x7B-v0.1,w4a16,gsm8k,59.89,58.07,-1.82,-0.7888356164383562,-5.809353190652414,4.231681957775701,False,True,Mixtral-8x7B-v0.1|s0
RedHatAI/Mixtral-8x7B-v0.1-quantized.w4a16,mistral,Mixtral-8x7B-v0.1,w4a16,hellaswag,86.65,85.21,-1.44,-0.7888356164383562,-2.0514833681242717,0.47381213524755916,False,True,Mixtral-8x7B-v0.1|s0
RedHatAI/Mixtral-8x7B-v0.1-quantized.w4a16,mistral,Mixtral-8x7B-v0.1,w4a16,mmlu,70.33,69.23,-1.1,-0.7888356164383562,-2.2229440818426625,0.6452728489659502,False,True,Mixtral-8x7B-v0.1|s0
RedHatAI/Mixtral-8x7B-v0.1-quantized.w4a16,mistral,Mixtral-8x7B-v0.1,w4a16,truthfulqa,46.65,47.18,0.53,-0.7888356164383562,-7.281895519286875,5.704224286410163,False,True,Mixtral-8x7B-v0.1|s0
RedHatAI/Mixtral-8x7B-v0.1-quantized.w4a16,mistral,Mixtral-8x7B-v0.1,w4a16,winogrande,81.45,81.14,-0.31,-0.7888356164383562,-4.851365753742622,3.2736945208659094,False,True,Mixtral-8x7B-v0.1|s0
RedHatAI/Mixtral-8x7B-v0.1-quantized.w4a16,mistral,Mixtral-8x7B-v0.1,w4a16,arc_challenge,66.55,65.61,-0.94,-0.5978518518518519,-6.128241790781673,4.93253808707797,False,True,Mixtral-8x7B-v0.1|s1
RedHatAI/Mixtral-8x7B-v0.1-quantized.w4a16,mistral,Mixtral-8x7B-v0.1,w4a16,gsm8k,59.89,58.07,-1.82,-0.5978518518518519,-6.013227135161342,4.817523431457639,False,True,Mixtral-8x7B-v0.1|s1
RedHatAI/Mixtral-8x7B-v0.1-quantized.w4a16,mistral,Mixtral-8x7B-v0.1,w4a16,hellaswag,86.65,85.21,-1.44,-0.5978518518518519,-1.9598053406964,0.7641016369926963,False,True,Mixtral-8x7B-v0.1|s1
RedHatAI/Mixtral-8x7B-v0.1-quantized.w4a16,mistral,Mixtral-8x7B-v0.1,w4a16,mmlu,70.33,69.23,-1.1,-0.5978518518518519,-2.1447512347010704,0.9490475309973669,False,True,Mixtral-8x7B-v0.1|s1
RedHatAI/Mixtral-8x7B-v0.1-quantized.w4a16,mistral,Mixtral-8x7B-v0.1,w4a16,truthfulqa,46.65,47.18,0.53,-0.5978518518518519,-7.601583158666034,6.405879454962331,False,True,Mixtral-8x7B-v0.1|s1
RedHatAI/Mixtral-8x7B-v0.1-quantized.w4a16,mistral,Mixtral-8x7B-v0.1,w4a16,winogrande,81.45,81.14,-0.31,-0.5978518518518519,-4.979895130866059,3.784191427162356,False,True,Mixtral-8x7B-v0.1|s1
RedHatAI/Mixtral-8x7B-v0.1-quantized.w4a16,mistral,Mixtral-8x7B-v0.1,w4a16,arc_challenge,66.55,65.61,-0.94,-0.5999253731343284,-4.637260269952725,3.4374095236840674,False,True,Mixtral-8x7B-v0.1|s2
RedHatAI/Mixtral-8x7B-v0.1-quantized.w4a16,mistral,Mixtral-8x7B-v0.1,w4a16,gsm8k,59.89,58.07,-1.82,-0.5999253731343284,-4.553296446802964,3.3534457005343077,False,True,Mixtral-8x7B-v0.1|s2
RedHatAI/Mixtral-8x7B-v0.1-quantized.w4a16,mistral,Mixtral-8x7B-v0.1,w4a16,hellaswag,86.65,85.21,-1.44,-0.5999253731343284,-1.5941884195154117,0.39433767324675506,False,True,Mixtral-8x7B-v0.1|s2
RedHatAI/Mixtral-8x7B-v0.1-quantized.w4a16,mistral,Mixtral-8x7B-v0.1,w4a16,mmlu,70.33,69.23,-1.1,-0.5999253731343284,-1.7292039464735025,0.5293532002048458,False,True,Mixtral-8x7B-v0.1|s2
RedHatAI/Mixtral-8x7B-v0.1-quantized.w4a16,mistral,Mixtral-8x7B-v0.1,w4a16,truthfulqa,46.65,47.18,0.53,-0.5999253731343284,-5.712839494052923,4.512988747784266,False,True,Mixtral-8x7B-v0.1|s2
RedHatAI/Mixtral-8x7B-v0.1-quantized.w4a16,mistral,Mixtral-8x7B-v0.1,w4a16,winogrande,81.45,81.14,-0.31,-0.5999253731343284,-3.7989360116420503,2.599085265373394,False,True,Mixtral-8x7B-v0.1|s2
RedHatAI/Mixtral-8x7B-v0.1-quantized.w4a16,mistral,Mixtral-8x7B-v0.1,w4a16,arc_challenge,66.55,65.61,-0.94,-0.7216666666666666,-3.102483285345819,1.6591499520124855,False,True,Mixtral-8x7B-v0.1|s3
RedHatAI/Mixtral-8x7B-v0.1-quantized.w4a16,mistral,Mixtral-8x7B-v0.1,w4a16,gsm8k,59.89,58.07,-1.82,-0.7216666666666666,-3.0529698140506043,1.609636480717271,False,True,Mixtral-8x7B-v0.1|s3
RedHatAI/Mixtral-8x7B-v0.1-quantized.w4a16,mistral,Mixtral-8x7B-v0.1,w4a16,hellaswag,86.65,85.21,-1.44,-0.7216666666666666,-1.3079836417652824,-0.13534969156805077,False,False,Mixtral-8x7B-v0.1|s3
RedHatAI/Mixtral-8x7B-v0.1-quantized.w4a16,mistral,Mixtral-8x7B-v0.1,w4a16,mmlu,70.33,69.23,-1.1,-0.7216666666666666,-1.3876023057049176,-0.05573102762841564,False,True,Mixtral-8x7B-v0.1|s3
RedHatAI/Mixtral-8x7B-v0.1-quantized.w4a16,mistral,Mixtral-8x7B-v0.1,w4a16,truthfulqa,46.65,47.18,0.53,-0.7216666666666666,-3.736752415078349,2.2934190817450157,False,True,Mixtral-8x7B-v0.1|s3
RedHatAI/Mixtral-8x7B-v0.1-quantized.w4a16,mistral,Mixtral-8x7B-v0.1,w4a16,winogrande,81.45,81.14,-0.31,-0.7216666666666666,-2.608123422456866,1.164790089123533,False,True,Mixtral-8x7B-v0.1|s3
RedHatAI/Mixtral-8x7B-v0.1-quantized.w4a16,mistral,Mixtral-8x7B-v0.1,w4a16,arc_challenge,66.55,65.61,-0.94,-0.6595890410958903,-6.244023285329819,4.924845203138037,False,True,Mixtral-8x7B-v0.1|s4
RedHatAI/Mixtral-8x7B-v0.1-quantized.w4a16,mistral,Mixtral-8x7B-v0.1,w4a16,gsm8k,59.89,58.07,-1.82,-0.6595890410958903,-6.127884678734704,4.8087065965429225,False,True,Mixtral-8x7B-v0.1|s4
RedHatAI/Mixtral-8x7B-v0.1-quantized.w4a16,mistral,Mixtral-8x7B-v0.1,w4a16,hellaswag,86.65,85.21,-1.44,-0.6595890410958903,-2.0348518681559913,0.7156737859642107,False,True,Mixtral-8x7B-v0.1|s4
RedHatAI/Mixtral-8x7B-v0.1-quantized.w4a16,mistral,Mixtral-8x7B-v0.1,w4a16,mmlu,70.33,69.23,-1.1,-0.6595890410958903,-2.2216050980756163,0.9024270158838356,False,True,Mixtral-8x7B-v0.1|s4
RedHatAI/Mixtral-8x7B-v0.1-quantized.w4a16,mistral,Mixtral-8x7B-v0.1,w4a16,truthfulqa,46.65,47.18,0.53,-0.6595890410958903,-7.731762500668408,6.4125844184766265,False,True,Mixtral-8x7B-v0.1|s4
RedHatAI/Mixtral-8x7B-v0.1-quantized.w4a16,mistral,Mixtral-8x7B-v0.1,w4a16,winogrande,81.45,81.14,-0.31,-0.6595890410958903,-5.08445470468732,3.765276622495539,False,True,Mixtral-8x7B-v0.1|s4
RedHatAI/Qwen2.5-0.5B-FP8-dynamic,qwen2.5,Qwen2.5-0.5B,fp8_dynamic,mmlu,47.57,47.1,-0.47,-0.02268456375838927,-0.7777084192750726,0.7323392917582942,False,True,Qwen2.5-0.5B|s0
RedHatAI/Qwen2.5-0.5B-FP8-dynamic,qwen2.5,Qwen2.5-0.5B,fp8_dynamic,arc_challenge,34.9,33.87,-1.03,-0.02268456375838927,-2.5170383718253766,2.471669244308598,False,True,Qwen2.5-0.5B|s0
RedHatAI/Qwen2.5-0.5B-FP8-dynamic,qwen2.5,Qwen2.5-0.5B,fp8_dynamic,gsm8k,34.19,34.65,0.46,-0.02268456375838927,-2.362554683519997,2.3171855560032184,False,True,Qwen2.5-0.5B|s0
RedHatAI/Qwen2.5-0.5B-FP8-dynamic,qwen2.5,Qwen2.5-0.5B,fp8_dynamic,hellaswag,51.83,51.31,-0.52,-0.02268456375838927,-0.9159642799611236,0.8705951524443452,False,True,Qwen2.5-0.5B|s0
RedHatAI/Qwen2.5-0.5B-FP8-dynamic,qwen2.5,Qwen2.5-0.5B,fp8_dynamic,winogrande,55.8,55.56,-0.24,-0.02268456375838927,-2.5222158675830437,2.4768467400662653,False,True,Qwen2.5-0.5B|s0
RedHatAI/Qwen2.5-0.5B-FP8-dynamic,qwen2.5,Qwen2.5-0.5B,fp8_dynamic,truthfulqa,39.9,40.44,0.54,-0.02268456375838927,-3.0919278113007764,3.046558683783998,False,True,Qwen2.5-0.5B|s0
RedHatAI/Qwen2.5-0.5B-quantized.w4a16,qwen2.5,Qwen2.5-0.5B,w4a16,mmlu,47.57,45.04,-2.53,-0.7368421052631579,-2.2861388573630728,0.8124546468367572,False,False,Qwen2.5-0.5B|s0
RedHatAI/Qwen2.5-0.5B-quantized.w4a16,qwen2.5,Qwen2.5-0.5B,w4a16,gsm8k,34.19,27.98,-6.21,-0.7368421052631579,-5.5382177841832725,4.064533573656957,False,False,Qwen2.5-0.5B|s0
RedHatAI/Qwen2.5-0.5B-quantized.w4a16,qwen2.5,Qwen2.5-0.5B,w4a16,hellaswag,51.83,49.15,-2.68,-0.7368421052631579,-2.569837649599372,1.0961534390730567,False,False,Qwen2.5-0.5B|s0
RedHatAI/Qwen2.5-0.5B-quantized.w4a16,qwen2.5,Qwen2.5-0.5B,w4a16,winogrande,55.8,53.75,-2.05,-0.7368421052631579,-5.865839954129185,4.39215574360287,False,True,Qwen2.5-0.5B|s0
RedHatAI/Qwen2.5-0.5B-quantized.w4a16,qwen2.5,Qwen2.5-0.5B,w4a16,truthfulqa,39.9,38.89,-1.01,-0.7368421052631579,-7.034879657424904,5.561195446898589,False,True,Qwen2.5-0.5B|s0
RedHatAI/Qwen2.5-0.5B-quantized.w8a16,qwen2.5,Qwen2.5-0.5B,w8a16,mmlu,47.57,47.81,0.24,-0.0776470588235294,-0.30400318883676003,0.1487090711897012,False,False,Qwen2.5-0.5B|s0
RedHatAI/Qwen2.5-0.5B-quantized.w8a16,qwen2.5,Qwen2.5-0.5B,w8a16,arc_challenge,34.9,34.9,0.0,-0.0776470588235294,-0.8254542582284121,0.6701601405813533,False,True,Qwen2.5-0.5B|s0
RedHatAI/Qwen2.5-0.5B-quantized.w8a16,qwen2.5,Qwen2.5-0.5B,w8a16,gsm8k,34.19,33.51,-0.68,-0.0776470588235294,-0.7791400529493668,0.623845935302308,False,True,Qwen2.5-0.5B|s0
RedHatAI/Qwen2.5-0.5B-quantized.w8a16,qwen2.5,Qwen2.5-0.5B,w8a16,hellaswag,51.83,51.78,-0.05,-0.0776470588235294,-0.3454522918655998,0.19015817421854098,False,True,Qwen2.5-0.5B|s0
RedHatAI/Qwen2.5-0.5B-quantized.w8a16,qwen2.5,Qwen2.5-0.5B,w8a16,winogrande,55.8,55.49,-0.31,-0.0776470588235294,-0.827006471306585,0.6717123536595262,False,True,Qwen2.5-0.5B|s0
RedHatAI/Qwen2.5-0.5B-quantized.w8a16,qwen2.5,Qwen2.5-0.5B,w8a16,truthfulqa,39.9,39.71,-0.19,-0.0776470588235294,-0.9978060955303946,0.8425119778833358,False,True,Qwen2.5-0.5B|s0
RedHatAI/Qwen2.5-0.5B-quantized.w8a8,qwen2.5,Qwen2.5-0.5B,w8a8_int,mmlu,47.57,47.35,-0.22,-0.3793706293706294,-0.8103579135020673,0.05161665476080851,False,True,Qwen2.5-0.5B|s0
RedHatAI/Qwen2.5-0.5B-quantized.w8a8,qwen2.5,Qwen2.5-0.5B,w8a8_int,arc_challenge,34.9,34.47,-0.43,-0.3793706293706294,-1.803212757730965,1.0444714989897061,False,True,Qwen2.5-0.5B|s0
RedHatAI/Qwen2.5-0.5B-quantized.w8a8,qwen2.5,Qwen2.5-0.5B,w8a8_int,gsm8k,34.19,34.19,0.0,-0.3793706293706294,-1.7150294443444225,0.9562881856031638,False,True,Qwen2.5-0.5B|s0
RedHatAI/Qwen2.5-0.5B-quantized.w8a8,qwen2.5,Qwen2.5-0.5B,w8a8_int,hellaswag,51.83,51.63,-0.2,-0.3793706293706294,-0.8892779601694125,0.13053670142815377,False,True,Qwen2.5-0.5B|s0
RedHatAI/Qwen2.5-0.5B-quantized.w8a8,qwen2.5,Qwen2.5-0.5B,w8a8_int,winogrande,55.8,55.64,-0.16,-0.3793706293706294,-1.8061682071765615,1.0474269484353027,False,True,Qwen2.5-0.5B|s0
RedHatAI/Qwen2.5-0.5B-quantized.w8a8,qwen2.5,Qwen2.5-0.5B,w8a8_int,truthfulqa,39.9,40.32,0.42,-0.3793706293706294,-2.131374624915667,1.372633366174408,False,True,Qwen2.5-0.5B|s0
RedHatAI/Qwen2.5-0.5B-FP8-dynamic,qwen2.5,Qwen2.5-0.5B,fp8_dynamic,mmlu,47.57,47.1,-0.47,0.0006060606060605965,-0.6626154261056718,0.663827547317793,False,True,Qwen2.5-0.5B|s1
RedHatAI/Qwen2.5-0.5B-FP8-dynamic,qwen2.5,Qwen2.5-0.5B,fp8_dynamic,arc_challenge,34.9,33.87,-1.03,0.0006060606060605965,-2.1904625114447787,2.1916746326568997,False,True,Qwen2.5-0.5B|s1
RedHatAI/Qwen2.5-0.5B-FP8-dynamic,qwen2.5,Qwen2.5-0.5B,fp8_dynamic,gsm8k,34.19,34.65,0.46,0.0006060606060605965,-2.0547622939192123,2.0559744151313333,False,True,Qwen2.5-0.5B|s1
RedHatAI/Qwen2.5-0.5B-FP8-dynamic,qwen2.5,Qwen2.5-0.5B,fp8_dynamic,hellaswag,51.83,51.31,-0.52,0.0006060606060605965,-0.7840609364704589,0.7852730576825802,False,True,Qwen2.5-0.5B|s1
RedHatAI/Qwen2.5-0.5B-FP8-dynamic,qwen2.5,Qwen2.5-0.5B,fp8_dynamic,winogrande,55.8,55.56,-0.24,0.0006060606060605965,-2.1950104822257734,2.1962226034378944,False,True,Qwen2.5-0.5B|s1
RedHatAI/Qwen2.5-0.5B-FP8-dynamic,qwen2.5,Qwen2.5-0.5B,fp8_dynamic,truthfulqa,39.9,40.44,0.54,0.0006060606060605965,-2.6954518915257957,2.6966640127379167,False,True,Qwen2.5-0.5B|s1
RedHatAI/Qwen2.5-0.5B-quantized.w4a16,qwen2.5,Qwen2.5-0.5B,w4a16,mmlu,47.57,45.04,-2.53,-0.5767826086956521,-1.729263321915687,0.5756981045243826,False,False,Qwen2.5-0.5B|s1
RedHatAI/Qwen2.5-0.5B-quantized.w4a16,qwen2.5,Qwen2.5-0.5B,w4a16,gsm8k,34.19,27.98,-6.21,-0.5767826086956521,-4.1483984785276204,2.9948332611363164,False,False,Qwen2.5-0.5B|s1
RedHatAI/Qwen2.5-0.5B-quantized.w4a16,qwen2.5,Qwen2.5-0.5B,w4a16,hellaswag,51.83,49.15,-2.68,-0.5767826086956521,-1.9402993200051393,0.7867341026138351,False,False,Qwen2.5-0.5B|s1
RedHatAI/Qwen2.5-0.5B-quantized.w4a16,qwen2.5,Qwen2.5-0.5B,w4a16,winogrande,55.8,53.75,-2.05,-0.5767826086956521,-4.392107910935707,3.238542693544402,False,True,Qwen2.5-0.5B|s1
RedHatAI/Qwen2.5-0.5B-quantized.w4a16,qwen2.5,Qwen2.5-0.5B,w4a16,truthfulqa,39.9,38.89,-1.01,-0.5767826086956521,-5.261725503053333,4.10816028566203,False,True,Qwen2.5-0.5B|s1
RedHatAI/Qwen2.5-0.5B-quantized.w8a16,qwen2.5,Qwen2.5-0.5B,w8a16,mmlu,47.57,47.81,0.24,0.013469387755102041,-2.212957004606905,2.239895780117109,False,True,Qwen2.5-0.5B|s1
RedHatAI/Qwen2.5-0.5B-quantized.w8a16,qwen2.5,Qwen2.5-0.5B,w8a16,arc_challenge,34.9,34.9,0.0,0.013469387755102041,-7.341920921559837,7.368859697070042,False,True,Qwen2.5-0.5B|s1
RedHatAI/Qwen2.5-0.5B-quantized.w8a16,qwen2.5,Qwen2.5-0.5B,w8a16,gsm8k,34.19,33.51,-0.68,0.013469387755102041,-6.886376956532201,6.913315732042406,False,True,Qwen2.5-0.5B|s1
RedHatAI/Qwen2.5-0.5B-quantized.w8a16,qwen2.5,Qwen2.5-0.5B,w8a16,hellaswag,51.83,51.78,-0.05,0.013469387755102041,-2.620648092618292,2.6475868681284958,False,True,Qwen2.5-0.5B|s1
RedHatAI/Qwen2.5-0.5B-quantized.w8a16,qwen2.5,Qwen2.5-0.5B,w8a16,winogrande,55.8,55.49,-0.31,0.013469387755102041,-7.357188403662537,7.384127179172742,False,True,Qwen2.5-0.5B|s1
RedHatAI/Qwen2.5-0.5B-quantized.w8a16,qwen2.5,Qwen2.5-0.5B,w8a16,truthfulqa,39.9,39.71,-0.19,0.013469387755102041,-9.037164073661737,9.06410284917194,False,True,Qwen2.5-0.5B|s1
RedHatAI/Qwen2.5-0.5B-quantized.w8a8,qwen2.5,Qwen2.5-0.5B,w8a8_int,mmlu,47.57,47.35,-0.22,-0.25,-0.9439305029903375,0.44393050299033754,False,True,Qwen2.5-0.5B|s1
RedHatAI/Qwen2.5-0.5B-quantized.w8a8,qwen2.5,Qwen2.5-0.5B,w8a8_int,arc_challenge,34.9,34.47,-0.43,-0.25,-2.542521196543228,2.042521196543228,False,True,Qwen2.5-0.5B|s1
RedHatAI/Qwen2.5-0.5B-quantized.w8a8,qwen2.5,Qwen2.5-0.5B,w8a8_int,gsm8k,34.19,34.19,0.0,-0.25,-2.400537678080498,1.900537678080498,False,True,Qwen2.5-0.5B|s1
RedHatAI/Qwen2.5-0.5B-quantized.w8a8,qwen2.5,Qwen2.5-0.5B,w8a8_int,hellaswag,51.83,51.63,-0.2,-0.25,-1.0709992813424853,0.5709992813424852,False,True,Qwen2.5-0.5B|s1
RedHatAI/Qwen2.5-0.5B-quantized.w8a8,qwen2.5,Qwen2.5-0.5B,w8a8_int,winogrande,55.8,55.64,-0.16,-0.25,-2.5472797511360357,2.0472797511360357,False,True,Qwen2.5-0.5B|s1
RedHatAI/Qwen2.5-0.5B-quantized.w8a8,qwen2.5,Qwen2.5-0.5B,w8a8_int,truthfulqa,39.9,40.32,0.42,-0.25,-3.070893002260541,2.570893002260541,False,True,Qwen2.5-0.5B|s1
RedHatAI/Qwen2.5-0.5B-FP8-dynamic,qwen2.5,Qwen2.5-0.5B,fp8_dynamic,mmlu,47.57,47.1,-0.47,0.06566176470588235,-0.7170707926010315,0.8483943220127962,False,True,Qwen2.5-0.5B|s2
RedHatAI/Qwen2.5-0.5B-FP8-dynamic,qwen2.5,Qwen2.5-0.5B,fp8_dynamic,arc_challenge,34.9,33.87,-1.03,0.06566176470588235,-2.5202326024070922,2.6515561318188565,False,True,Qwen2.5-0.5B|s2
RedHatAI/Qwen2.5-0.5B-FP8-dynamic,qwen2.5,Qwen2.5-0.5B,fp8_dynamic,gsm8k,34.19,34.65,0.46,0.06566176470588235,-2.3600795005865867,2.491403029998351,False,True,Qwen2.5-0.5B|s2
RedHatAI/Qwen2.5-0.5B-FP8-dynamic,qwen2.5,Qwen2.5-0.5B,fp8_dynamic,hellaswag,51.83,51.31,-0.52,0.06566176470588235,-0.8604005200086576,0.9917240494204224,False,True,Qwen2.5-0.5B|s2
RedHatAI/Qwen2.5-0.5B-FP8-dynamic,qwen2.5,Qwen2.5-0.5B,fp8_dynamic,winogrande,55.8,55.56,-0.24,0.06566176470588235,-2.5256001076391903,2.6569236370509546,False,True,Qwen2.5-0.5B|s2
RedHatAI/Qwen2.5-0.5B-FP8-dynamic,qwen2.5,Qwen2.5-0.5B,fp8_dynamic,truthfulqa,39.9,40.44,0.54,0.06566176470588235,-3.116219971337815,3.2475435007495794,False,True,Qwen2.5-0.5B|s2
RedHatAI/Qwen2.5-0.5B-quantized.w4a16,qwen2.5,Qwen2.5-0.5B,w4a16,mmlu,47.57,45.04,-2.53,-0.7424603174603175,-1.8257269519461248,0.3408063170254898,False,False,Qwen2.5-0.5B|s2
RedHatAI/Qwen2.5-0.5B-quantized.w4a16,qwen2.5,Qwen2.5-0.5B,w4a16,gsm8k,34.19,27.98,-6.21,-0.7424603174603175,-4.099577064498057,2.6146564295774213,False,False,Qwen2.5-0.5B|s2
RedHatAI/Qwen2.5-0.5B-quantized.w4a16,qwen2.5,Qwen2.5-0.5B,w4a16,hellaswag,51.83,49.15,-2.68,-0.7424603174603175,-2.0240888444996084,0.5391682095789734,False,False,Qwen2.5-0.5B|s2
RedHatAI/Qwen2.5-0.5B-quantized.w4a16,qwen2.5,Qwen2.5-0.5B,w4a16,winogrande,55.8,53.75,-2.05,-0.7424603174603175,-4.328650135837819,2.843729500917184,False,True,Qwen2.5-0.5B|s2
RedHatAI/Qwen2.5-0.5B-quantized.w4a16,qwen2.5,Qwen2.5-0.5B,w4a16,truthfulqa,39.9,38.89,-1.01,-0.7424603174603175,-5.146041447897945,3.6611208129773094,False,True,Qwen2.5-0.5B|s2
RedHatAI/Qwen2.5-0.5B-quantized.w8a16,qwen2.5,Qwen2.5-0.5B,w8a16,mmlu,47.57,47.81,0.24,-0.11614035087719297,-0.42768527092211683,0.19540456916773086,False,False,Qwen2.5-0.5B|s2
RedHatAI/Qwen2.5-0.5B-quantized.w8a16,qwen2.5,Qwen2.5-0.5B,w8a16,arc_challenge,34.9,34.9,0.0,-0.11614035087719297,-1.145383668184284,0.913102966429898,False,True,Qwen2.5-0.5B|s2
RedHatAI/Qwen2.5-0.5B-quantized.w8a16,qwen2.5,Qwen2.5-0.5B,w8a16,gsm8k,34.19,33.51,-0.68,-0.11614035087719297,-1.0816391812125328,0.8493584794581469,False,True,Qwen2.5-0.5B|s2
RedHatAI/Qwen2.5-0.5B-quantized.w8a16,qwen2.5,Qwen2.5-0.5B,w8a16,hellaswag,51.83,51.78,-0.05,-0.11614035087719297,-0.48473368170868986,0.2524529799543039,False,True,Qwen2.5-0.5B|s2
RedHatAI/Qwen2.5-0.5B-quantized.w8a16,qwen2.5,Qwen2.5-0.5B,w8a16,winogrande,55.8,55.49,-0.31,-0.11614035087719297,-1.1475200543263502,0.9152393525719642,False,True,Qwen2.5-0.5B|s2
RedHatAI/Qwen2.5-0.5B-quantized.w8a16,qwen2.5,Qwen2.5-0.5B,w8a16,truthfulqa,39.9,39.71,-0.19,-0.11614035087719297,-1.3825998609540726,1.1503191591996866,False,True,Qwen2.5-0.5B|s2
RedHatAI/Qwen2.5-0.5B-quantized.w8a8,qwen2.5,Qwen2.5-0.5B,w8a8_int,mmlu,47.57,47.35,-0.22,-0.33948529411764705,-0.8190381276644371,0.14006753942914296,False,True,Qwen2.5-0.5B|s2
RedHatAI/Qwen2.5-0.5B-quantized.w8a8,qwen2.5,Qwen2.5-0.5B,w8a8_int,arc_challenge,34.9,34.47,-0.43,-0.33948529411764705,-1.9237722378833841,1.2448016496480903,False,True,Qwen2.5-0.5B|s2
RedHatAI/Qwen2.5-0.5B-quantized.w8a8,qwen2.5,Qwen2.5-0.5B,w8a8_int,gsm8k,34.19,34.19,0.0,-0.33948529411764705,-1.825652039531629,1.146681451296335,False,True,Qwen2.5-0.5B|s2
RedHatAI/Qwen2.5-0.5B-quantized.w8a8,qwen2.5,Qwen2.5-0.5B,w8a8_int,hellaswag,51.83,51.63,-0.2,-0.33948529411764705,-0.9068512335179925,0.22788064528269836,False,True,Qwen2.5-0.5B|s2
RedHatAI/Qwen2.5-0.5B-quantized.w8a8,qwen2.5,Qwen2.5-0.5B,w8a8_int,winogrande,55.8,55.64,-0.16,-0.33948529411764705,-1.927060720416915,1.2480901321816211,False,True,Qwen2.5-0.5B|s2
RedHatAI/Qwen2.5-0.5B-quantized.w8a8,qwen2.5,Qwen2.5-0.5B,w8a8_int,truthfulqa,39.9,40.32,0.42,-0.33948529411764705,-2.288912832663521,1.6099422444282272,False,True,Qwen2.5-0.5B|s2
RedHatAI/Qwen2.5-0.5B-FP8-dynamic,qwen2.5,Qwen2.5-0.5B,fp8_dynamic,mmlu,47.57,47.1,-0.47,-0.04472222222222223,-0.7237712265983819,0.6343267821539375,False,True,Qwen2.5-0.5B|s3
RedHatAI/Qwen2.5-0.5B-FP8-dynamic,qwen2.5,Qwen2.5-0.5B,fp8_dynamic,arc_challenge,34.9,33.87,-1.03,-0.04472222222222223,-2.2880797764953447,2.1986353320509004,False,True,Qwen2.5-0.5B|s3
RedHatAI/Qwen2.5-0.5B-FP8-dynamic,qwen2.5,Qwen2.5-0.5B,fp8_dynamic,gsm8k,34.19,34.65,0.46,-0.04472222222222223,-2.1491411271140772,2.059696682669633,False,True,Qwen2.5-0.5B|s3
RedHatAI/Qwen2.5-0.5B-FP8-dynamic,qwen2.5,Qwen2.5-0.5B,fp8_dynamic,hellaswag,51.83,51.31,-0.52,-0.04472222222222223,-0.8481149858876638,0.7586705414432193,False,True,Qwen2.5-0.5B|s3
RedHatAI/Qwen2.5-0.5B-FP8-dynamic,qwen2.5,Qwen2.5-0.5B,fp8_dynamic,winogrande,55.8,55.56,-0.24,-0.04472222222222223,-2.292736282794738,2.2032918383502937,False,True,Qwen2.5-0.5B|s3
RedHatAI/Qwen2.5-0.5B-FP8-dynamic,qwen2.5,Qwen2.5-0.5B,fp8_dynamic,truthfulqa,39.9,40.44,0.54,-0.04472222222222223,-2.805120527790537,2.715676083346093,False,True,Qwen2.5-0.5B|s3
RedHatAI/Qwen2.5-0.5B-quantized.w4a16,qwen2.5,Qwen2.5-0.5B,w4a16,mmlu,47.57,45.04,-2.53,-0.69984496124031,-2.0950378873552853,0.6953479648746653,False,False,Qwen2.5-0.5B|s3
RedHatAI/Qwen2.5-0.5B-quantized.w4a16,qwen2.5,Qwen2.5-0.5B,w4a16,gsm8k,34.19,27.98,-6.21,-0.69984496124031,-5.023642435010409,3.6239525125297885,False,False,Qwen2.5-0.5B|s3
RedHatAI/Qwen2.5-0.5B-quantized.w4a16,qwen2.5,Qwen2.5-0.5B,w4a16,hellaswag,51.83,49.15,-2.68,-0.69984496124031,-2.3505180253849822,0.950828102904362,False,False,Qwen2.5-0.5B|s3
RedHatAI/Qwen2.5-0.5B-quantized.w4a16,qwen2.5,Qwen2.5-0.5B,w4a16,winogrande,55.8,53.75,-2.05,-0.69984496124031,-5.318677026238609,3.9189871037579884,False,True,Qwen2.5-0.5B|s3
RedHatAI/Qwen2.5-0.5B-quantized.w4a16,qwen2.5,Qwen2.5-0.5B,w4a16,truthfulqa,39.9,38.89,-1.01,-0.69984496124031,-6.3714359132465574,4.971745990765937,False,True,Qwen2.5-0.5B|s3
RedHatAI/Qwen2.5-0.5B-quantized.w8a16,qwen2.5,Qwen2.5-0.5B,w8a16,mmlu,47.57,47.81,0.24,0.0626,-2.1996498043187795,2.32484980431878,False,True,Qwen2.5-0.5B|s3
RedHatAI/Qwen2.5-0.5B-quantized.w8a16,qwen2.5,Qwen2.5-0.5B,w8a16,arc_challenge,34.9,34.9,0.0,0.0626,-7.411139237470567,7.536339237470567,False,True,Qwen2.5-0.5B|s3
RedHatAI/Qwen2.5-0.5B-quantized.w8a16,qwen2.5,Qwen2.5-0.5B,w8a16,gsm8k,34.19,33.51,-0.68,0.0626,-6.94826552681128,7.07346552681128,False,True,Qwen2.5-0.5B|s3
RedHatAI/Qwen2.5-0.5B-quantized.w8a16,qwen2.5,Qwen2.5-0.5B,w8a16,hellaswag,51.83,51.78,-0.05,0.0626,-2.6139006806290475,2.739100680629048,False,True,Qwen2.5-0.5B|s3
RedHatAI/Qwen2.5-0.5B-quantized.w8a16,qwen2.5,Qwen2.5-0.5B,w8a16,winogrande,55.8,55.49,-0.31,0.0626,-7.426652374809292,7.551852374809291,False,True,Qwen2.5-0.5B|s3
RedHatAI/Qwen2.5-0.5B-quantized.w8a16,qwen2.5,Qwen2.5-0.5B,w8a16,truthfulqa,39.9,39.71,-0.19,0.0626,-9.133659012780393,9.258859012780393,False,True,Qwen2.5-0.5B|s3
RedHatAI/Qwen2.5-0.5B-quantized.w8a8,qwen2.5,Qwen2.5-0.5B,w8a8_int,mmlu,47.57,47.35,-0.22,-0.27141975308641975,-0.9852048997173847,0.4423653935445452,False,True,Qwen2.5-0.5B|s3
RedHatAI/Qwen2.5-0.5B-quantized.w8a8,qwen2.5,Qwen2.5-0.5B,w8a8_int,arc_challenge,34.9,34.47,-0.43,-0.27141975308641975,-2.629534249246547,2.0866947430737075,False,True,Qwen2.5-0.5B|s3
RedHatAI/Qwen2.5-0.5B-quantized.w8a8,qwen2.5,Qwen2.5-0.5B,w8a8_int,gsm8k,34.19,34.19,0.0,-0.27141975308641975,-2.4834883179776757,1.9406488118048362,False,True,Qwen2.5-0.5B|s3
RedHatAI/Qwen2.5-0.5B-quantized.w8a8,qwen2.5,Qwen2.5-0.5B,w8a8_int,hellaswag,51.83,51.63,-0.2,-0.27141975308641975,-1.1159093523930559,0.5730698462202165,False,True,Qwen2.5-0.5B|s3
RedHatAI/Qwen2.5-0.5B-quantized.w8a8,qwen2.5,Qwen2.5-0.5B,w8a8_int,winogrande,55.8,55.64,-0.16,-0.27141975308641975,-2.634428954945665,2.0915894487728255,False,True,Qwen2.5-0.5B|s3
RedHatAI/Qwen2.5-0.5B-quantized.w8a8,qwen2.5,Qwen2.5-0.5B,w8a8_int,truthfulqa,39.9,40.32,0.42,-0.27141975308641975,-3.1730237560406462,2.6301842498678067,False,True,Qwen2.5-0.5B|s3
RedHatAI/Qwen2.5-0.5B-FP8-dynamic,qwen2.5,Qwen2.5-0.5B,fp8_dynamic,mmlu,47.57,47.1,-0.47,-0.03602836879432624,-0.5581388374922761,0.4860820999036236,False,True,Qwen2.5-0.5B|s4
RedHatAI/Qwen2.5-0.5B-FP8-dynamic,qwen2.5,Qwen2.5-0.5B,fp8_dynamic,arc_challenge,34.9,33.87,-1.03,-0.03602836879432624,-1.7609119288470774,1.688855191258425,False,True,Qwen2.5-0.5B|s4
RedHatAI/Qwen2.5-0.5B-FP8-dynamic,qwen2.5,Qwen2.5-0.5B,fp8_dynamic,gsm8k,34.19,34.65,0.46,-0.03602836879432624,-1.6540841110000324,1.5820273734113801,False,True,Qwen2.5-0.5B|s4
RedHatAI/Qwen2.5-0.5B-FP8-dynamic,qwen2.5,Qwen2.5-0.5B,fp8_dynamic,hellaswag,51.83,51.31,-0.52,-0.03602836879432624,-0.6537448659582701,0.5816881283696176,False,True,Qwen2.5-0.5B|s4
RedHatAI/Qwen2.5-0.5B-FP8-dynamic,qwen2.5,Qwen2.5-0.5B,fp8_dynamic,winogrande,55.8,55.56,-0.24,-0.03602836879432624,-1.764492245835694,1.6924355082470417,False,True,Qwen2.5-0.5B|s4
RedHatAI/Qwen2.5-0.5B-FP8-dynamic,qwen2.5,Qwen2.5-0.5B,fp8_dynamic,truthfulqa,39.9,40.44,0.54,-0.03602836879432624,-2.1584567117050946,2.0863999741164423,False,True,Qwen2.5-0.5B|s4
RedHatAI/Qwen2.5-0.5B-quantized.w4a16,qwen2.5,Qwen2.5-0.5B,w4a16,mmlu,47.57,45.04,-2.53,-0.6498529411764705,-2.2854421927830657,0.9857363104301246,False,False,Qwen2.5-0.5B|s4
RedHatAI/Qwen2.5-0.5B-quantized.w4a16,qwen2.5,Qwen2.5-0.5B,w4a16,gsm8k,34.19,27.98,-6.21,-0.6498529411764705,-5.718654926801887,4.418949044448946,False,False,Qwen2.5-0.5B|s4
RedHatAI/Qwen2.5-0.5B-quantized.w4a16,qwen2.5,Qwen2.5-0.5B,w4a16,hellaswag,51.83,49.15,-2.68,-0.6498529411764705,-2.584942398051384,1.2852365156984429,False,False,Qwen2.5-0.5B|s4
RedHatAI/Qwen2.5-0.5B-quantized.w4a16,qwen2.5,Qwen2.5-0.5B,w4a16,winogrande,55.8,53.75,-2.05,-0.6498529411764705,-6.06452494752275,4.764819065169809,False,True,Qwen2.5-0.5B|s4
RedHatAI/Qwen2.5-0.5B-quantized.w4a16,qwen2.5,Qwen2.5-0.5B,w4a16,truthfulqa,39.9,38.89,-1.01,-0.6498529411764705,-7.298677649915126,5.998971767562185,False,True,Qwen2.5-0.5B|s4
RedHatAI/Qwen2.5-0.5B-quantized.w8a16,qwen2.5,Qwen2.5-0.5B,w8a16,mmlu,47.57,47.81,0.24,-0.0652112676056338,-0.29624060062213603,0.1658180654108684,False,False,Qwen2.5-0.5B|s4
RedHatAI/Qwen2.5-0.5B-quantized.w8a16,qwen2.5,Qwen2.5-0.5B,w8a16,arc_challenge,34.9,34.9,0.0,-0.0652112676056338,-0.8284572132460295,0.6980346780347619,False,True,Qwen2.5-0.5B|s4
RedHatAI/Qwen2.5-0.5B-quantized.w8a16,qwen2.5,Qwen2.5-0.5B,w8a16,gsm8k,34.19,33.51,-0.68,-0.0652112676056338,-0.7811868346873317,0.6507642994760642,False,True,Qwen2.5-0.5B|s4
RedHatAI/Qwen2.5-0.5B-quantized.w8a16,qwen2.5,Qwen2.5-0.5B,w8a16,hellaswag,51.83,51.78,-0.05,-0.0652112676056338,-0.3385454351601952,0.20812289994892763,False,True,Qwen2.5-0.5B|s4
RedHatAI/Qwen2.5-0.5B-quantized.w8a16,qwen2.5,Qwen2.5-0.5B,w8a16,winogrande,55.8,55.49,-0.31,-0.0652112676056338,-0.830041472316587,0.6996189371053194,False,True,Qwen2.5-0.5B|s4
RedHatAI/Qwen2.5-0.5B-quantized.w8a16,qwen2.5,Qwen2.5-0.5B,w8a16,truthfulqa,39.9,39.71,-0.19,-0.0652112676056338,-1.0043673156749688,0.8739447804637013,False,True,Qwen2.5-0.5B|s4
RedHatAI/Qwen2.5-0.5B-quantized.w8a8,qwen2.5,Qwen2.5-0.5B,w8a8_int,mmlu,47.57,47.35,-0.22,-0.40854014598540145,-0.917762862938685,0.10068257096788213,False,True,Qwen2.5-0.5B|s4
RedHatAI/Qwen2.5-0.5B-quantized.w8a8,qwen2.5,Qwen2.5-0.5B,w8a8_int,arc_challenge,34.9,34.47,-0.43,-0.40854014598540145,-2.0908467564400084,1.2737664644692055,False,True,Qwen2.5-0.5B|s4
RedHatAI/Qwen2.5-0.5B-quantized.w8a8,qwen2.5,Qwen2.5-0.5B,w8a8_int,gsm8k,34.19,34.19,0.0,-0.40854014598540145,-1.9866558717294902,1.1695755797586873,False,True,Qwen2.5-0.5B|s4
RedHatAI/Qwen2.5-0.5B-quantized.w8a8,qwen2.5,Qwen2.5-0.5B,w8a8_int,hellaswag,51.83,51.63,-0.2,-0.40854014598540145,-1.011008956421502,0.19392866445069912,False,True,Qwen2.5-0.5B|s4
RedHatAI/Qwen2.5-0.5B-quantized.w8a8,qwen2.5,Qwen2.5-0.5B,w8a8_int,winogrande,55.8,55.64,-0.16,-0.40854014598540145,-2.0943386970422413,1.2772584050714386,False,True,Qwen2.5-0.5B|s4
RedHatAI/Qwen2.5-0.5B-quantized.w8a8,qwen2.5,Qwen2.5-0.5B,w8a8_int,truthfulqa,39.9,40.32,0.42,-0.40854014598540145,-2.478578561439837,1.6614982694690341,False,True,Qwen2.5-0.5B|s4
RedHatAI/Qwen2.5-0.5B-Instruct-quantized.w8a8,qwen2.5,Qwen2.5-0.5B-Instruct,w8a8_int,mmlu,46.83,46.29,-0.54,-0.3483636363636364,-0.824107711512021,0.12738043878474825,False,True,Qwen2.5-0.5B-Instruct|s0
RedHatAI/Qwen2.5-0.5B-Instruct-quantized.w8a8,qwen2.5,Qwen2.5-0.5B-Instruct,w8a8_int,arc_challenge,33.62,33.36,-0.26,-0.3483636363636364,-1.9073637124947225,1.2106364397674496,False,True,Qwen2.5-0.5B-Instruct|s0
RedHatAI/Qwen2.5-0.5B-Instruct-quantized.w8a8,qwen2.5,Qwen2.5-0.5B-Instruct,w8a8_int,gsm8k,33.21,33.21,0.0,-0.3483636363636364,-1.8134398770597144,1.1167126043324416,False,True,Qwen2.5-0.5B-Instruct|s0
RedHatAI/Qwen2.5-0.5B-Instruct-quantized.w8a8,qwen2.5,Qwen2.5-0.5B-Instruct,w8a8_int,hellaswag,51.31,50.97,-0.34,-0.3483636363636364,-0.9118757413867895,0.2151484686595168,False,True,Qwen2.5-0.5B-Instruct|s0
RedHatAI/Qwen2.5-0.5B-Instruct-quantized.w8a8,qwen2.5,Qwen2.5-0.5B-Instruct,w8a8_int,winogrande,55.01,55.01,0.0,-0.3483636363636364,-1.9273667095386402,1.2306394368113673,False,True,Qwen2.5-0.5B-Instruct|s0
RedHatAI/Qwen2.5-0.5B-Instruct-quantized.w8a8,qwen2.5,Qwen2.5-0.5B-Instruct,w8a8_int,truthfulqa,41.85,41.47,-0.38,-0.3483636363636364,-2.298226312031301,1.601499039304028,False,True,Qwen2.5-0.5B-Instruct|s0
RedHatAI/Qwen2.5-0.5B-Instruct-quantized.w8a8,qwen2.5,Qwen2.5-0.5B-Instruct,w8a8_int,ifeval,31.17,32.04,0.87,-0.3483636363636364,-2.5982009589117876,1.9014736861845147,False,True,Qwen2.5-0.5B-Instruct|s0
RedHatAI/Qwen2.5-0.5B-Instruct-quantized.w8a8,qwen2.5,Qwen2.5-0.5B-Instruct,w8a8_int,bbh,32.79,32.51,-0.28,-0.3483636363636364,-1.0056524967707372,0.3089252240434644,False,True,Qwen2.5-0.5B-Instruct|s0
RedHatAI/Qwen2.5-0.5B-Instruct-quantized.w8a8,qwen2.5,Qwen2.5-0.5B-Instruct,w8a8_int,gpqa_main,25.67,26.12,0.45,-0.3483636363636364,-2.6799336294584117,1.9832063567311389,False,True,Qwen2.5-0.5B-Instruct|s0
RedHatAI/Qwen2.5-0.5B-Instruct-quantized.w8a8,qwen2.5,Qwen2.5-0.5B-Instruct,w8a8_int,musr,33.02,32.75,-0.27,-0.3483636363636364,-2.2807442505900446,1.5840169778627717,False,True,Qwen2.5-0.5B-Instruct|s0
RedHatAI/Qwen2.5-0.5B-Instruct-quantized.w8a8,qwen2.5,Qwen2.5-0.5B-Instruct,w8a8_int,mmlu,46.83,46.29,-0.54,-0.35400000000000004,-0.7663128565321017,0.05831285653210161,False,True,Qwen2.5-0.5B-Instruct|s1
RedHatAI/Qwen2.5-0.5B-Instruct-quantized.w8a8,qwen2.5,Qwen2.5-0.5B-Instruct,w8a8_int,arc_challenge,33.62,33.36,-0.26,-0.35400000000000004,-1.705137740439298,0.9971377404392978,False,True,Qwen2.5-0.5B-Instruct|s1
RedHatAI/Qwen2.5-0.5B-Instruct-quantized.w8a8,qwen2.5,Qwen2.5-0.5B-Instruct,w8a8_int,gsm8k,33.21,33.21,0.0,-0.35400000000000004,-1.6237368215259504,0.9157368215259503,False,True,Qwen2.5-0.5B-Instruct|s1
RedHatAI/Qwen2.5-0.5B-Instruct-quantized.w8a8,qwen2.5,Qwen2.5-0.5B-Instruct,w8a8_int,hellaswag,51.31,50.97,-0.34,-0.35400000000000004,-0.8423787268187125,0.13437872681871244,False,True,Qwen2.5-0.5B-Instruct|s1
RedHatAI/Qwen2.5-0.5B-Instruct-quantized.w8a8,qwen2.5,Qwen2.5-0.5B-Instruct,w8a8_int,winogrande,55.01,55.01,0.0,-0.35400000000000004,-1.722473726910193,1.0144737269101929,False,True,Qwen2.5-0.5B-Instruct|s1
RedHatAI/Qwen2.5-0.5B-Instruct-quantized.w8a8,qwen2.5,Qwen2.5-0.5B-Instruct,w8a8_int,truthfulqa,41.85,41.47,-0.38,-0.35400000000000004,-2.0438864150838,1.3358864150837997,False,True,Qwen2.5-0.5B-Instruct|s1
RedHatAI/Qwen2.5-0.5B-Instruct-quantized.w8a8,qwen2.5,Qwen2.5-0.5B-Instruct,w8a8_int,ifeval,31.17,32.04,0.87,-0.35400000000000004,-2.303865277676939,1.5958652776769386,False,True,Qwen2.5-0.5B-Instruct|s1
RedHatAI/Qwen2.5-0.5B-Instruct-quantized.w8a8,qwen2.5,Qwen2.5-0.5B-Instruct,w8a8_int,bbh,32.79,32.51,-0.28,-0.35400000000000004,-0.9236521759449214,0.21565217594492142,False,True,Qwen2.5-0.5B-Instruct|s1
RedHatAI/Qwen2.5-0.5B-Instruct-quantized.w8a8,qwen2.5,Qwen2.5-0.5B-Instruct,w8a8_int,gpqa_main,25.67,26.12,0.45,-0.35400000000000004,-2.374700486406685,1.6667004864066848,False,True,Qwen2.5-0.5B-Instruct|s1
RedHatAI/Qwen2.5-0.5B-Instruct-quantized.w8a8,qwen2.5,Qwen2.5-0.5B-Instruct,w8a8_int,musr,33.02,32.75,-0.27,-0.35400000000000004,-2.0287352464882353,1.3207352464882354,False,True,Qwen2.5-0.5B-Instruct|s1
RedHatAI/Qwen2.5-0.5B-Instruct-quantized.w8a8,qwen2.5,Qwen2.5-0.5B-Instruct,w8a8_int,mmlu,46.83,46.29,-0.54,-0.35043478260869565,-0.833159349931113,0.1322897847137216,False,True,Qwen2.5-0.5B-Instruct|s2
RedHatAI/Qwen2.5-0.5B-Instruct-quantized.w8a8,qwen2.5,Qwen2.5-0.5B-Instruct,w8a8_int,arc_challenge,33.62,33.36,-0.26,-0.35043478260869565,-1.932309737060347,1.231440171842956,False,True,Qwen2.5-0.5B-Instruct|s2
RedHatAI/Qwen2.5-0.5B-Instruct-quantized.w8a8,qwen2.5,Qwen2.5-0.5B-Instruct,w8a8_int,gsm8k,33.21,33.21,0.0,-0.35043478260869565,-1.8370077770569884,1.1361382118395973,False,True,Qwen2.5-0.5B-Instruct|s2
RedHatAI/Qwen2.5-0.5B-Instruct-quantized.w8a8,qwen2.5,Qwen2.5-0.5B-Instruct,w8a8_int,hellaswag,51.31,50.97,-0.34,-0.35043478260869565,-0.922215181541468,0.22134561632407668,False,True,Qwen2.5-0.5B-Instruct|s2
RedHatAI/Qwen2.5-0.5B-Instruct-quantized.w8a8,qwen2.5,Qwen2.5-0.5B-Instruct,w8a8_int,winogrande,55.01,55.01,0.0,-0.35043478260869565,-1.952606233848384,1.2517366686309925,False,True,Qwen2.5-0.5B-Instruct|s2
RedHatAI/Qwen2.5-0.5B-Instruct-quantized.w8a8,qwen2.5,Qwen2.5-0.5B-Instruct,w8a8_int,truthfulqa,41.85,41.47,-0.38,-0.35043478260869565,-2.32890738083544,1.6280378156180486,False,True,Qwen2.5-0.5B-Instruct|s2
RedHatAI/Qwen2.5-0.5B-Instruct-quantized.w8a8,qwen2.5,Qwen2.5-0.5B-Instruct,w8a8_int,ifeval,31.17,32.04,0.87,-0.35043478260869565,-2.6332834922518837,1.9324139270344927,False,True,Qwen2.5-0.5B-Instruct|s2
RedHatAI/Qwen2.5-0.5B-Instruct-quantized.w8a8,qwen2.5,Qwen2.5-0.5B-Instruct,w8a8_int,bbh,32.79,32.51,-0.28,-0.35043478260869565,-1.0173679034192906,0.31649833820189943,False,True,Qwen2.5-0.5B-Instruct|s2
RedHatAI/Qwen2.5-0.5B-Instruct-quantized.w8a8,qwen2.5,Qwen2.5-0.5B-Instruct,w8a8_int,gpqa_main,25.67,26.12,0.45,-0.35043478260869565,-2.7162154089834143,2.015345843766023,False,True,Qwen2.5-0.5B-Instruct|s2
RedHatAI/Qwen2.5-0.5B-Instruct-quantized.w8a8,qwen2.5,Qwen2.5-0.5B-Instruct,w8a8_int,musr,33.02,32.75,-0.27,-0.35043478260869565,-2.3111688088048745,1.6102992435874834,False,True,Qwen2.5-0.5B-Instruct|s2
RedHatAI/Qwen2.5-0.5B-Instruct-quantized.w8a8,qwen2.5,Qwen2.5-0.5B-Instruct,w8a8_int,mmlu,46.83,46.29,-0.54,-0.2916417910447761,-0.795509741523476,0.2122261594339238,False,True,Qwen2.5-0.5B-Instruct|s3
RedHatAI/Qwen2.5-0.5B-Instruct-quantized.w8a8,qwen2.5,Qwen2.5-0.5B-Instruct,w8a8_int,arc_challenge,33.62,33.36,-0.26,-0.2916417910447761,-1.942803022871574,1.3595194407820217,False,True,Qwen2.5-0.5B-Instruct|s3
RedHatAI/Qwen2.5-0.5B-Instruct-quantized.w8a8,qwen2.5,Qwen2.5-0.5B-Instruct,w8a8_int,gsm8k,33.21,33.21,0.0,-0.2916417910447761,-1.843326827719852,1.2600432456302997,False,True,Qwen2.5-0.5B-Instruct|s3
RedHatAI/Qwen2.5-0.5B-Instruct-quantized.w8a8,qwen2.5,Qwen2.5-0.5B-Instruct,w8a8_int,hellaswag,51.31,50.97,-0.34,-0.2916417910447761,-0.8884662272490411,0.30518264515948884,False,True,Qwen2.5-0.5B-Instruct|s3
RedHatAI/Qwen2.5-0.5B-Instruct-quantized.w8a8,qwen2.5,Qwen2.5-0.5B-Instruct,w8a8_int,winogrande,55.01,55.01,0.0,-0.2916417910447761,-1.9639885081995976,1.3807049261100452,False,True,Qwen2.5-0.5B-Instruct|s3
RedHatAI/Qwen2.5-0.5B-Instruct-quantized.w8a8,qwen2.5,Qwen2.5-0.5B-Instruct,w8a8_int,truthfulqa,41.85,41.47,-0.38,-0.2916417910447761,-2.3567716821467233,1.773488100057171,False,True,Qwen2.5-0.5B-Instruct|s3
RedHatAI/Qwen2.5-0.5B-Instruct-quantized.w8a8,qwen2.5,Qwen2.5-0.5B-Instruct,w8a8_int,ifeval,31.17,32.04,0.87,-0.2916417910447761,-2.6744794969463075,2.091195914856755,False,True,Qwen2.5-0.5B-Instruct|s3
RedHatAI/Qwen2.5-0.5B-Instruct-quantized.w8a8,qwen2.5,Qwen2.5-0.5B-Instruct,w8a8_int,bbh,32.79,32.51,-0.28,-0.2916417910447761,-0.9877866476307651,0.4045030655412128,False,True,Qwen2.5-0.5B-Instruct|s3
RedHatAI/Qwen2.5-0.5B-Instruct-quantized.w8a8,qwen2.5,Qwen2.5-0.5B-Instruct,w8a8_int,gpqa_main,25.67,26.12,0.45,-0.2916417910447761,-2.761043839723742,2.1777602576341897,False,True,Qwen2.5-0.5B-Instruct|s3
RedHatAI/Qwen2.5-0.5B-Instruct-quantized.w8a8,qwen2.5,Qwen2.5-0.5B-Instruct,w8a8_int,musr,33.02,32.75,-0.27,-0.2916417910447761,-2.338256158930168,1.7549725768406157,False,True,Qwen2.5-0.5B-Instruct|s3
RedHatAI/Qwen2.5-0.5B-Instruct-quantized.w8a8,qwen2.5,Qwen2.5-0.5B-Instruct,w8a8_int,mmlu,46.83,46.29,-0.54,-0.1938135593220339,-0.9283759346317974,0.5407488159877295,False,True,Qwen2.5-0.5B-Instruct|s4
RedHatAI/Qwen2.5-0.5B-Instruct-quantized.w8a8,qwen2.5,Qwen2.5-0.5B-Instruct,w8a8_int,arc_challenge,33.62,33.36,-0.26,-0.1938135593220339,-2.600953992282276,2.213326873638208,False,True,Qwen2.5-0.5B-Instruct|s4
RedHatAI/Qwen2.5-0.5B-Instruct-quantized.w8a8,qwen2.5,Qwen2.5-0.5B-Instruct,w8a8_int,gsm8k,33.21,33.21,0.0,-0.1938135593220339,-2.4559329205351945,2.0683058018911264,False,True,Qwen2.5-0.5B-Instruct|s4
RedHatAI/Qwen2.5-0.5B-Instruct-quantized.w8a8,qwen2.5,Qwen2.5-0.5B-Instruct,w8a8_int,hellaswag,51.31,50.97,-0.34,-0.1938135593220339,-1.0638922676117923,0.6762651489677246,False,True,Qwen2.5-0.5B-Instruct|s4
RedHatAI/Qwen2.5-0.5B-Instruct-quantized.w8a8,qwen2.5,Qwen2.5-0.5B-Instruct,w8a8_int,winogrande,55.01,55.01,0.0,-0.1938135593220339,-2.6318391883140113,2.2442120696699432,False,True,Qwen2.5-0.5B-Instruct|s4
RedHatAI/Qwen2.5-0.5B-Instruct-quantized.w8a8,qwen2.5,Qwen2.5-0.5B-Instruct,w8a8_int,truthfulqa,41.85,41.47,-0.38,-0.1938135593220339,-3.2044569564459127,2.8168298378018446,False,True,Qwen2.5-0.5B-Instruct|s4
RedHatAI/Qwen2.5-0.5B-Instruct-quantized.w8a8,qwen2.5,Qwen2.5-0.5B-Instruct,w8a8_int,ifeval,31.17,32.04,0.87,-0.1938135593220339,-3.667626338169711,3.279999219525643,False,True,Qwen2.5-0.5B-Instruct|s4
RedHatAI/Qwen2.5-0.5B-Instruct-quantized.w8a8,qwen2.5,Qwen2.5-0.5B-Instruct,w8a8_int,bbh,32.79,32.51,-0.28,-0.1938135593220339,-1.2086862435792072,0.8210591249351394,False,True,Qwen2.5-0.5B-Instruct|s4
RedHatAI/Qwen2.5-0.5B-Instruct-quantized.w8a8,qwen2.5,Qwen2.5-0.5B-Instruct,w8a8_int,gpqa_main,25.67,26.12,0.45,-0.1938135593220339,-3.7938239047887237,3.4061967861446556,False,True,Qwen2.5-0.5B-Instruct|s4
RedHatAI/Qwen2.5-0.5B-Instruct-quantized.w8a8,qwen2.5,Qwen2.5-0.5B-Instruct,w8a8_int,musr,33.02,32.75,-0.27,-0.1938135593220339,-3.177464156643634,2.789837037999566,False,True,Qwen2.5-0.5B-Instruct|s4
RedHatAI/Qwen2.5-1.5B-FP8-dynamic,qwen2.5,Qwen2.5-1.5B,fp8_dynamic,mmlu,60.98,60.25,-0.73,0.021595092024539873,-0.711664234015392,0.7548544180644718,False,False,Qwen2.5-1.5B|s0
RedHatAI/Qwen2.5-1.5B-FP8-dynamic,qwen2.5,Qwen2.5-1.5B,fp8_dynamic,arc_challenge,49.66,49.32,-0.34,0.021595092024539873,-2.579947224461679,2.623137408510759,False,True,Qwen2.5-1.5B|s0
RedHatAI/Qwen2.5-1.5B-FP8-dynamic,qwen2.5,Qwen2.5-1.5B,fp8_dynamic,gsm8k,60.96,60.12,-0.84,0.021595092024539873,-2.3711130256153905,2.4143032096644705,False,True,Qwen2.5-1.5B|s0
RedHatAI/Qwen2.5-1.5B-FP8-dynamic,qwen2.5,Qwen2.5-1.5B,fp8_dynamic,hellaswag,67.65,67.49,-0.16,0.021595092024539873,-0.8099688925426582,0.8531590765917381,False,True,Qwen2.5-1.5B|s0
RedHatAI/Qwen2.5-1.5B-FP8-dynamic,qwen2.5,Qwen2.5-1.5B,fp8_dynamic,winogrande,65.04,65.98,0.94,0.021595092024539873,-2.3646904389611643,2.4078806230102443,False,True,Qwen2.5-1.5B|s0
RedHatAI/Qwen2.5-1.5B-FP8-dynamic,qwen2.5,Qwen2.5-1.5B,fp8_dynamic,truthfulqa,46.57,46.08,-0.49,0.021595092024539873,-3.087037635374813,3.130227819423893,False,True,Qwen2.5-1.5B|s0
RedHatAI/Qwen2.5-1.5B-quantized.w4a16,qwen2.5,Qwen2.5-1.5B,w4a16,mmlu,60.98,58.93,-2.05,-0.6948666666666667,-1.4204767998925234,0.030743466559189914,False,False,Qwen2.5-1.5B|s0
RedHatAI/Qwen2.5-1.5B-quantized.w4a16,qwen2.5,Qwen2.5-1.5B,w4a16,arc_challenge,49.66,47.7,-1.96,-0.6948666666666667,-3.269270291443023,1.87953695810969,False,True,Qwen2.5-1.5B|s0
RedHatAI/Qwen2.5-1.5B-quantized.w4a16,qwen2.5,Qwen2.5-1.5B,w4a16,gsm8k,60.96,56.71,-4.25,-0.6948666666666667,-3.0626146029769235,1.6728812696435902,False,False,Qwen2.5-1.5B|s0
RedHatAI/Qwen2.5-1.5B-quantized.w4a16,qwen2.5,Qwen2.5-1.5B,w4a16,hellaswag,67.65,66.79,-0.86,-0.6948666666666667,-1.5177559668087142,0.12802263347538068,False,True,Qwen2.5-1.5B|s0
RedHatAI/Qwen2.5-1.5B-quantized.w4a16,qwen2.5,Qwen2.5-1.5B,w4a16,winogrande,65.04,65.51,0.47,-0.6948666666666667,-3.0562590152710083,1.6665256819376746,False,True,Qwen2.5-1.5B|s0
RedHatAI/Qwen2.5-1.5B-quantized.w4a16,qwen2.5,Qwen2.5-1.5B,w4a16,truthfulqa,46.57,44.49,-2.08,-0.6948666666666667,-3.7710708516996494,2.3813375183663155,False,True,Qwen2.5-1.5B|s0
RedHatAI/Qwen2.5-1.5B-quantized.w8a16,qwen2.5,Qwen2.5-1.5B,w8a16,mmlu,60.98,61.0,0.02,0.039454545454545444,-3.3713742208034745,3.4502833117125657,False,True,Qwen2.5-1.5B|s0
RedHatAI/Qwen2.5-1.5B-quantized.w8a16,qwen2.5,Qwen2.5-1.5B,w8a16,arc_challenge,49.66,50.34,0.68,0.039454545454545444,-12.061878577208654,12.140787668117744,False,True,Qwen2.5-1.5B|s0
RedHatAI/Qwen2.5-1.5B-quantized.w8a16,qwen2.5,Qwen2.5-1.5B,w8a16,gsm8k,60.96,61.18,0.22,0.039454545454545444,-11.0904655074967,11.16937459840579,False,True,Qwen2.5-1.5B|s0
RedHatAI/Qwen2.5-1.5B-quantized.w8a16,qwen2.5,Qwen2.5-1.5B,w8a16,hellaswag,67.65,67.64,-0.01,0.039454545454545444,-3.8286481282119316,3.907557219121023,False,True,Qwen2.5-1.5B|s0
RedHatAI/Qwen2.5-1.5B-quantized.w8a16,qwen2.5,Qwen2.5-1.5B,w8a16,winogrande,65.04,65.11,0.07,0.039454545454545444,-11.06059020617278,11.13949929708187,False,True,Qwen2.5-1.5B|s0
RedHatAI/Qwen2.5-1.5B-quantized.w8a16,qwen2.5,Qwen2.5-1.5B,w8a16,truthfulqa,46.57,46.57,0.0,0.039454545454545444,-14.420660114945177,14.499569205854266,False,True,Qwen2.5-1.5B|s0
RedHatAI/Qwen2.5-1.5B-quantized.w8a8,qwen2.5,Qwen2.5-1.5B,w8a8_int,mmlu,60.98,60.35,-0.63,-0.34376923076923077,-0.9548280031397114,0.2672895416012499,False,True,Qwen2.5-1.5B|s0
RedHatAI/Qwen2.5-1.5B-quantized.w8a8,qwen2.5,Qwen2.5-1.5B,w8a8_int,arc_challenge,49.66,49.66,0.0,-0.34376923076923077,-2.511754277433818,1.8242158158953563,False,True,Qwen2.5-1.5B|s0
RedHatAI/Qwen2.5-1.5B-quantized.w8a8,qwen2.5,Qwen2.5-1.5B,w8a8_int,gsm8k,60.96,60.12,-0.84,-0.34376923076923077,-2.337723120046211,1.6501846585077495,False,True,Qwen2.5-1.5B|s0
RedHatAI/Qwen2.5-1.5B-quantized.w8a8,qwen2.5,Qwen2.5-1.5B,w8a8_int,hellaswag,67.65,67.72,0.07,-0.34376923076923077,-1.0367498032788063,0.3492113417403447,False,True,Qwen2.5-1.5B|s0
RedHatAI/Qwen2.5-1.5B-quantized.w8a8,qwen2.5,Qwen2.5-1.5B,w8a8_int,winogrande,65.04,66.06,1.02,-0.34376923076923077,-2.3323708827448875,1.6448324212064258,False,True,Qwen2.5-1.5B|s0
RedHatAI/Qwen2.5-1.5B-quantized.w8a8,qwen2.5,Qwen2.5-1.5B,w8a8_int,truthfulqa,46.57,46.14,-0.43,-0.34376923076923077,-2.934336074854486,2.2467976133160246,False,True,Qwen2.5-1.5B|s0
RedHatAI/Qwen2.5-1.5B-FP8-dynamic,qwen2.5,Qwen2.5-1.5B,fp8_dynamic,mmlu,60.98,60.25,-0.73,-0.1524137931034483,-0.7799728939275556,0.4751453077206591,False,True,Qwen2.5-1.5B|s1
RedHatAI/Qwen2.5-1.5B-FP8-dynamic,qwen2.5,Qwen2.5-1.5B,fp8_dynamic,arc_challenge,49.66,49.32,-0.34,-0.1524137931034483,-2.378940615076726,2.0741130288698293,False,True,Qwen2.5-1.5B|s1
RedHatAI/Qwen2.5-1.5B-FP8-dynamic,qwen2.5,Qwen2.5-1.5B,fp8_dynamic,gsm8k,60.96,60.12,-0.84,-0.1524137931034483,-2.2002101204274664,1.8953825342205697,False,True,Qwen2.5-1.5B|s1
RedHatAI/Qwen2.5-1.5B-FP8-dynamic,qwen2.5,Qwen2.5-1.5B,fp8_dynamic,hellaswag,67.65,67.49,-0.16,-0.1524137931034483,-0.8641068161585461,0.5592792299516496,False,True,Qwen2.5-1.5B|s1
RedHatAI/Qwen2.5-1.5B-FP8-dynamic,qwen2.5,Qwen2.5-1.5B,fp8_dynamic,winogrande,65.04,65.98,0.94,-0.1524137931034483,-2.1947133574644115,1.8898857712575148,False,True,Qwen2.5-1.5B|s1
RedHatAI/Qwen2.5-1.5B-FP8-dynamic,qwen2.5,Qwen2.5-1.5B,fp8_dynamic,truthfulqa,46.57,46.08,-0.49,-0.1524137931034483,-2.812933325442667,2.5081057392357704,False,True,Qwen2.5-1.5B|s1
RedHatAI/Qwen2.5-1.5B-quantized.w4a16,qwen2.5,Qwen2.5-1.5B,w4a16,mmlu,60.98,58.93,-2.05,-0.6786428571428572,-2.378032582918051,1.0207468686323367,False,True,Qwen2.5-1.5B|s1
RedHatAI/Qwen2.5-1.5B-quantized.w4a16,qwen2.5,Qwen2.5-1.5B,w4a16,arc_challenge,49.66,47.7,-1.96,-0.6786428571428572,-6.707934441721103,5.350648727435389,False,True,Qwen2.5-1.5B|s1
RedHatAI/Qwen2.5-1.5B-quantized.w4a16,qwen2.5,Qwen2.5-1.5B,w4a16,gsm8k,60.96,56.71,-4.25,-0.6786428571428572,-6.223943745241984,4.86665803095627,False,True,Qwen2.5-1.5B|s1
RedHatAI/Qwen2.5-1.5B-quantized.w4a16,qwen2.5,Qwen2.5-1.5B,w4a16,hellaswag,67.65,66.79,-0.86,-0.6786428571428572,-2.6058618389048713,1.2485761246191571,False,True,Qwen2.5-1.5B|s1
RedHatAI/Qwen2.5-1.5B-quantized.w4a16,qwen2.5,Qwen2.5-1.5B,w4a16,winogrande,65.04,65.51,0.47,-0.6786428571428572,-6.2090588642926505,4.851773150006936,False,True,Qwen2.5-1.5B|s1
RedHatAI/Qwen2.5-1.5B-quantized.w4a16,qwen2.5,Qwen2.5-1.5B,w4a16,truthfulqa,46.57,44.49,-2.08,-0.6786428571428572,-7.883158818339495,6.5258731040537805,False,True,Qwen2.5-1.5B|s1
RedHatAI/Qwen2.5-1.5B-quantized.w8a16,qwen2.5,Qwen2.5-1.5B,w8a16,mmlu,60.98,61.0,0.02,-0.13647058823529412,-0.654675919220482,0.3817347427498937,False,True,Qwen2.5-1.5B|s1
RedHatAI/Qwen2.5-1.5B-quantized.w8a16,qwen2.5,Qwen2.5-1.5B,w8a16,arc_challenge,49.66,50.34,0.68,-0.13647058823529412,-1.9750194471601332,1.702078270689545,False,True,Qwen2.5-1.5B|s1
RedHatAI/Qwen2.5-1.5B-quantized.w8a16,qwen2.5,Qwen2.5-1.5B,w8a16,gsm8k,60.96,61.18,0.22,-0.13647058823529412,-1.827433195896724,1.5544920194261358,False,True,Qwen2.5-1.5B|s1
RedHatAI/Qwen2.5-1.5B-quantized.w8a16,qwen2.5,Qwen2.5-1.5B,w8a16,hellaswag,67.65,67.64,-0.01,-0.13647058823529412,-0.7241492914646881,0.45120811499409985,False,True,Qwen2.5-1.5B|s1
RedHatAI/Qwen2.5-1.5B-quantized.w8a16,qwen2.5,Qwen2.5-1.5B,w8a16,winogrande,65.04,65.11,0.07,-0.13647058823529412,-1.8228942578638336,1.5499530813932454,False,True,Qwen2.5-1.5B|s1
RedHatAI/Qwen2.5-1.5B-quantized.w8a16,qwen2.5,Qwen2.5-1.5B,w8a16,truthfulqa,46.57,46.57,0.0,-0.13647058823529412,-2.3333878236604617,2.060446647189873,False,True,Qwen2.5-1.5B|s1
RedHatAI/Qwen2.5-1.5B-quantized.w8a8,qwen2.5,Qwen2.5-1.5B,w8a8_int,mmlu,60.98,60.35,-0.63,-0.3218571428571429,-0.8084833012352945,0.1647690155210087,False,True,Qwen2.5-1.5B|s1
RedHatAI/Qwen2.5-1.5B-quantized.w8a8,qwen2.5,Qwen2.5-1.5B,w8a8_int,arc_challenge,49.66,49.66,0.0,-0.3218571428571429,-2.0483657577110144,1.4046514719967287,False,True,Qwen2.5-1.5B|s1
RedHatAI/Qwen2.5-1.5B-quantized.w8a8,qwen2.5,Qwen2.5-1.5B,w8a8_int,gsm8k,60.96,60.12,-0.84,-0.3218571428571429,-1.909773338475948,1.2660590527616624,False,True,Qwen2.5-1.5B|s1
RedHatAI/Qwen2.5-1.5B-quantized.w8a8,qwen2.5,Qwen2.5-1.5B,w8a8_int,hellaswag,67.65,67.72,0.07,-0.3218571428571429,-0.8737230010672123,0.2300087153529266,False,True,Qwen2.5-1.5B|s1
RedHatAI/Qwen2.5-1.5B-quantized.w8a8,qwen2.5,Qwen2.5-1.5B,w8a8_int,winogrande,65.04,66.06,1.02,-0.3218571428571429,-1.9055110010471479,1.2617967153328622,False,True,Qwen2.5-1.5B|s1
RedHatAI/Qwen2.5-1.5B-quantized.w8a8,qwen2.5,Qwen2.5-1.5B,w8a8_int,truthfulqa,46.57,46.14,-0.43,-0.3218571428571429,-2.3848953453341775,1.7411810596198916,False,True,Qwen2.5-1.5B|s1
RedHatAI/Qwen2.5-1.5B-FP8-dynamic,qwen2.5,Qwen2.5-1.5B,fp8_dynamic,mmlu,60.98,60.25,-0.73,-0.10893805309734515,-0.5174790683400917,0.2996029621454014,False,False,Qwen2.5-1.5B|s2
RedHatAI/Qwen2.5-1.5B-FP8-dynamic,qwen2.5,Qwen2.5-1.5B,fp8_dynamic,arc_challenge,49.66,49.32,-0.34,-0.10893805309734515,-1.5584071582695125,1.3405310520748221,False,True,Qwen2.5-1.5B|s2
RedHatAI/Qwen2.5-1.5B-FP8-dynamic,qwen2.5,Qwen2.5-1.5B,fp8_dynamic,gsm8k,60.96,60.12,-0.84,-0.10893805309734515,-1.4420535946880764,1.224177488493386,False,True,Qwen2.5-1.5B|s2
RedHatAI/Qwen2.5-1.5B-FP8-dynamic,qwen2.5,Qwen2.5-1.5B,fp8_dynamic,hellaswag,67.65,67.49,-0.16,-0.10893805309734515,-0.5722502571563575,0.35437415096166713,False,True,Qwen2.5-1.5B|s2
RedHatAI/Qwen2.5-1.5B-FP8-dynamic,qwen2.5,Qwen2.5-1.5B,fp8_dynamic,winogrande,65.04,65.98,0.94,-0.10893805309734515,-1.438475201643459,1.2205990954487687,False,True,Qwen2.5-1.5B|s2
RedHatAI/Qwen2.5-1.5B-FP8-dynamic,qwen2.5,Qwen2.5-1.5B,fp8_dynamic,truthfulqa,46.57,46.08,-0.49,-0.10893805309734515,-1.840936440799267,1.6230603346045767,False,True,Qwen2.5-1.5B|s2
RedHatAI/Qwen2.5-1.5B-quantized.w4a16,qwen2.5,Qwen2.5-1.5B,w4a16,mmlu,60.98,58.93,-2.05,-0.8202325581395349,-2.362799515735481,0.7223343994564113,False,True,Qwen2.5-1.5B|s2
RedHatAI/Qwen2.5-1.5B-quantized.w4a16,qwen2.5,Qwen2.5-1.5B,w4a16,arc_challenge,49.66,47.7,-1.96,-0.8202325581395349,-6.293130172510571,4.6526650562315,False,True,Qwen2.5-1.5B|s2
RedHatAI/Qwen2.5-1.5B-quantized.w4a16,qwen2.5,Qwen2.5-1.5B,w4a16,gsm8k,60.96,56.71,-4.25,-0.8202325581395349,-5.853803015915002,4.213337899635933,False,True,Qwen2.5-1.5B|s2
RedHatAI/Qwen2.5-1.5B-quantized.w4a16,qwen2.5,Qwen2.5-1.5B,w4a16,hellaswag,67.65,66.79,-0.86,-0.8202325581395349,-2.5696042744841687,0.929139158205099,False,True,Qwen2.5-1.5B|s2
RedHatAI/Qwen2.5-1.5B-quantized.w4a16,qwen2.5,Qwen2.5-1.5B,w4a16,winogrande,65.04,65.51,0.47,-0.8202325581395349,-5.8402917387947895,4.199826622515721,False,True,Qwen2.5-1.5B|s2
RedHatAI/Qwen2.5-1.5B-quantized.w4a16,qwen2.5,Qwen2.5-1.5B,w4a16,truthfulqa,46.57,44.49,-2.08,-0.8202325581395349,-7.359902710696812,5.719437594417743,False,True,Qwen2.5-1.5B|s2
RedHatAI/Qwen2.5-1.5B-quantized.w8a16,qwen2.5,Qwen2.5-1.5B,w8a16,mmlu,60.98,61.0,0.02,-0.1457142857142857,-0.5770478416366684,0.28561927020809696,False,True,Qwen2.5-1.5B|s2
RedHatAI/Qwen2.5-1.5B-quantized.w8a16,qwen2.5,Qwen2.5-1.5B,w8a16,arc_challenge,49.66,50.34,0.68,-0.1457142857142857,-1.6760494050952894,1.384620833666718,False,True,Qwen2.5-1.5B|s2
RedHatAI/Qwen2.5-1.5B-quantized.w8a16,qwen2.5,Qwen2.5-1.5B,w8a16,gsm8k,60.96,61.18,0.22,-0.1457142857142857,-1.5532044655388493,1.261775894110278,False,True,Qwen2.5-1.5B|s2
RedHatAI/Qwen2.5-1.5B-quantized.w8a16,qwen2.5,Qwen2.5-1.5B,w8a16,hellaswag,67.65,67.64,-0.01,-0.1457142857142857,-0.6348747200962984,0.34344614866772694,False,True,Qwen2.5-1.5B|s2
RedHatAI/Qwen2.5-1.5B-quantized.w8a16,qwen2.5,Qwen2.5-1.5B,w8a16,winogrande,65.04,65.11,0.07,-0.1457142857142857,-1.549426433618344,1.2579978621897727,False,True,Qwen2.5-1.5B|s2
RedHatAI/Qwen2.5-1.5B-quantized.w8a16,qwen2.5,Qwen2.5-1.5B,w8a16,truthfulqa,46.57,46.57,0.0,-0.1457142857142857,-1.974341022188739,1.6829124507601676,False,True,Qwen2.5-1.5B|s2
RedHatAI/Qwen2.5-1.5B-quantized.w8a8,qwen2.5,Qwen2.5-1.5B,w8a8_int,mmlu,60.98,60.35,-0.63,-0.29658730158730157,-0.8166460330397485,0.2234714298651454,False,True,Qwen2.5-1.5B|s2
RedHatAI/Qwen2.5-1.5B-quantized.w8a8,qwen2.5,Qwen2.5-1.5B,w8a8_int,arc_challenge,49.66,49.66,0.0,-0.29658730158730157,-2.1417118692331063,1.548537266058503,False,True,Qwen2.5-1.5B|s2
RedHatAI/Qwen2.5-1.5B-quantized.w8a8,qwen2.5,Qwen2.5-1.5B,w8a8_int,gsm8k,60.96,60.12,-0.84,-0.29658730158730157,-1.9935977646059877,1.4004231614313847,False,True,Qwen2.5-1.5B|s2
RedHatAI/Qwen2.5-1.5B-quantized.w8a8,qwen2.5,Qwen2.5-1.5B,w8a8_int,hellaswag,67.65,67.72,0.07,-0.29658730158730157,-0.8863678820418737,0.2931932788672705,False,True,Qwen2.5-1.5B|s2
RedHatAI/Qwen2.5-1.5B-quantized.w8a8,qwen2.5,Qwen2.5-1.5B,w8a8_int,winogrande,65.04,66.06,1.02,-0.29658730158730157,-1.9890425927187387,1.3958679895441357,False,True,Qwen2.5-1.5B|s2
RedHatAI/Qwen2.5-1.5B-quantized.w8a8,qwen2.5,Qwen2.5-1.5B,w8a8_int,truthfulqa,46.57,46.14,-0.43,-0.29658730158730157,-2.501361977272541,1.9081873740979378,False,True,Qwen2.5-1.5B|s2
RedHatAI/Qwen2.5-1.5B-FP8-dynamic,qwen2.5,Qwen2.5-1.5B,fp8_dynamic,mmlu,60.98,60.25,-0.73,-0.1090344827586207,-1.3356355900793948,1.1175666245621534,False,True,Qwen2.5-1.5B|s3
RedHatAI/Qwen2.5-1.5B-FP8-dynamic,qwen2.5,Qwen2.5-1.5B,fp8_dynamic,arc_challenge,49.66,49.32,-0.34,-0.1090344827586207,-4.460911878410141,4.2428429128928995,False,True,Qwen2.5-1.5B|s3
RedHatAI/Qwen2.5-1.5B-FP8-dynamic,qwen2.5,Qwen2.5-1.5B,fp8_dynamic,gsm8k,60.96,60.12,-0.84,-0.1090344827586207,-4.111572633132878,3.893503667615637,False,True,Qwen2.5-1.5B|s3
RedHatAI/Qwen2.5-1.5B-FP8-dynamic,qwen2.5,Qwen2.5-1.5B,fp8_dynamic,hellaswag,67.65,67.49,-0.16,-0.1090344827586207,-1.500080280685033,1.2820113151677917,False,True,Qwen2.5-1.5B|s3
RedHatAI/Qwen2.5-1.5B-FP8-dynamic,qwen2.5,Qwen2.5-1.5B,fp8_dynamic,winogrande,65.04,65.98,0.94,-0.1090344827586207,-4.100828887199931,3.88275992168269,False,True,Qwen2.5-1.5B|s3
RedHatAI/Qwen2.5-1.5B-FP8-dynamic,qwen2.5,Qwen2.5-1.5B,fp8_dynamic,truthfulqa,46.57,46.08,-0.49,-0.1090344827586207,-5.3091761110616105,5.091107145544369,False,True,Qwen2.5-1.5B|s3
RedHatAI/Qwen2.5-1.5B-quantized.w4a16,qwen2.5,Qwen2.5-1.5B,w4a16,mmlu,60.98,58.93,-2.05,-0.7273287671232876,-2.6754241065687263,1.2207665723221512,False,True,Qwen2.5-1.5B|s3
RedHatAI/Qwen2.5-1.5B-quantized.w4a16,qwen2.5,Qwen2.5-1.5B,w4a16,arc_challenge,49.66,47.7,-1.96,-0.7273287671232876,-7.63900691718189,6.184349382935315,False,True,Qwen2.5-1.5B|s3
RedHatAI/Qwen2.5-1.5B-quantized.w4a16,qwen2.5,Qwen2.5-1.5B,w4a16,gsm8k,60.96,56.71,-4.25,-0.7273287671232876,-7.084184202977336,5.629526668730761,False,True,Qwen2.5-1.5B|s3
RedHatAI/Qwen2.5-1.5B-quantized.w4a16,qwen2.5,Qwen2.5-1.5B,w4a16,hellaswag,67.65,66.79,-0.86,-0.7273287671232876,-2.9365961644230762,1.4819386301765012,False,True,Qwen2.5-1.5B|s3
RedHatAI/Qwen2.5-1.5B-quantized.w4a16,qwen2.5,Qwen2.5-1.5B,w4a16,winogrande,65.04,65.51,0.47,-0.7273287671232876,-7.067120920337818,5.6124633860912425,False,True,Qwen2.5-1.5B|s3
RedHatAI/Qwen2.5-1.5B-quantized.w4a16,qwen2.5,Qwen2.5-1.5B,w4a16,truthfulqa,46.57,44.49,-2.08,-0.7273287671232876,-8.986225331044315,7.53156779679774,False,True,Qwen2.5-1.5B|s3
RedHatAI/Qwen2.5-1.5B-quantized.w8a16,qwen2.5,Qwen2.5-1.5B,w8a16,mmlu,60.98,61.0,0.02,-0.1556140350877193,-0.4785038517085546,0.16727578153311598,False,True,Qwen2.5-1.5B|s3
RedHatAI/Qwen2.5-1.5B-quantized.w8a16,qwen2.5,Qwen2.5-1.5B,w8a16,arc_challenge,49.66,50.34,0.68,-0.1556140350877193,-1.3011999031027588,0.9899718329273202,False,True,Qwen2.5-1.5B|s3
RedHatAI/Qwen2.5-1.5B-quantized.w8a16,qwen2.5,Qwen2.5-1.5B,w8a16,gsm8k,60.96,61.18,0.22,-0.1556140350877193,-1.209240027823975,0.8980119576485364,False,True,Qwen2.5-1.5B|s3
RedHatAI/Qwen2.5-1.5B-quantized.w8a16,qwen2.5,Qwen2.5-1.5B,w8a16,hellaswag,67.65,67.64,-0.01,-0.1556140350877193,-0.521792183731916,0.21056411355647744,False,True,Qwen2.5-1.5B|s3
RedHatAI/Qwen2.5-1.5B-quantized.w8a16,qwen2.5,Qwen2.5-1.5B,w8a16,winogrande,65.04,65.11,0.07,-0.1556140350877193,-1.2064118499156022,0.8951837797401636,False,True,Qwen2.5-1.5B|s3
RedHatAI/Qwen2.5-1.5B-quantized.w8a16,qwen2.5,Qwen2.5-1.5B,w8a16,truthfulqa,46.57,46.57,0.0,-0.1556140350877193,-1.5244965240597612,1.2132684538843226,False,True,Qwen2.5-1.5B|s3
RedHatAI/Qwen2.5-1.5B-quantized.w8a8,qwen2.5,Qwen2.5-1.5B,w8a8_int,mmlu,60.98,60.35,-0.63,-0.34525316455696203,-0.7763342261676642,0.08582789705374022,False,True,Qwen2.5-1.5B|s3
RedHatAI/Qwen2.5-1.5B-quantized.w8a8,qwen2.5,Qwen2.5-1.5B,w8a8_int,arc_challenge,49.66,49.66,0.0,-0.34525316455696203,-1.8746924553911184,1.1841861262771942,False,True,Qwen2.5-1.5B|s3
RedHatAI/Qwen2.5-1.5B-quantized.w8a8,qwen2.5,Qwen2.5-1.5B,w8a8_int,gsm8k,60.96,60.12,-0.84,-0.34525316455696203,-1.7519194268836351,1.061413097769711,False,True,Qwen2.5-1.5B|s3
RedHatAI/Qwen2.5-1.5B-quantized.w8a8,qwen2.5,Qwen2.5-1.5B,w8a8_int,hellaswag,67.65,67.72,0.07,-0.34525316455696203,-0.8341272538923519,0.1436209247784278,False,True,Qwen2.5-1.5B|s3
RedHatAI/Qwen2.5-1.5B-quantized.w8a8,qwen2.5,Qwen2.5-1.5B,w8a8_int,winogrande,65.04,66.06,1.02,-0.34525316455696203,-1.748143606549862,1.0576372774359377,False,True,Qwen2.5-1.5B|s3
RedHatAI/Qwen2.5-1.5B-quantized.w8a8,qwen2.5,Qwen2.5-1.5B,w8a8_int,truthfulqa,46.57,46.14,-0.43,-0.34525316455696203,-2.172809458347773,1.4823031292338489,False,True,Qwen2.5-1.5B|s3
RedHatAI/Qwen2.5-1.5B-FP8-dynamic,qwen2.5,Qwen2.5-1.5B,fp8_dynamic,mmlu,60.98,60.25,-0.73,-0.08310606060606061,-0.6294726645686622,0.463260543356541,False,False,Qwen2.5-1.5B|s4
RedHatAI/Qwen2.5-1.5B-FP8-dynamic,qwen2.5,Qwen2.5-1.5B,fp8_dynamic,arc_challenge,49.66,49.32,-0.34,-0.08310606060606061,-2.0215687436516614,1.8553566224395401,False,True,Qwen2.5-1.5B|s4
RedHatAI/Qwen2.5-1.5B-FP8-dynamic,qwen2.5,Qwen2.5-1.5B,fp8_dynamic,gsm8k,60.96,60.12,-0.84,-0.08310606060606061,-1.8659620872302418,1.6997499660181208,False,True,Qwen2.5-1.5B|s4
RedHatAI/Qwen2.5-1.5B-FP8-dynamic,qwen2.5,Qwen2.5-1.5B,fp8_dynamic,hellaswag,67.65,67.49,-0.16,-0.08310606060606061,-0.7027214873600696,0.5365093661479483,False,True,Qwen2.5-1.5B|s4
RedHatAI/Qwen2.5-1.5B-FP8-dynamic,qwen2.5,Qwen2.5-1.5B,fp8_dynamic,winogrande,65.04,65.98,0.94,-0.08310606060606061,-1.8611764858279707,1.6949643646158497,False,True,Qwen2.5-1.5B|s4
RedHatAI/Qwen2.5-1.5B-FP8-dynamic,qwen2.5,Qwen2.5-1.5B,fp8_dynamic,truthfulqa,46.57,46.08,-0.49,-0.08310606060606061,-2.399412237588377,2.233200116376256,False,True,Qwen2.5-1.5B|s4
RedHatAI/Qwen2.5-1.5B-quantized.w4a16,qwen2.5,Qwen2.5-1.5B,w4a16,mmlu,60.98,58.93,-2.05,-0.7402362204724409,-1.9723547299023698,0.4918822889574881,False,False,Qwen2.5-1.5B|s4
RedHatAI/Qwen2.5-1.5B-quantized.w4a16,qwen2.5,Qwen2.5-1.5B,w4a16,arc_challenge,49.66,47.7,-1.96,-0.7402362204724409,-5.111688894002193,3.631216453057312,False,True,Qwen2.5-1.5B|s4
RedHatAI/Qwen2.5-1.5B-quantized.w4a16,qwen2.5,Qwen2.5-1.5B,w4a16,gsm8k,60.96,56.71,-4.25,-0.7402362204724409,-4.760778277985739,3.2803058370408573,False,True,Qwen2.5-1.5B|s4
RedHatAI/Qwen2.5-1.5B-quantized.w4a16,qwen2.5,Qwen2.5-1.5B,w4a16,hellaswag,67.65,66.79,-0.86,-0.7402362204724409,-2.1375391128801833,0.6570666719353015,False,True,Qwen2.5-1.5B|s4
RedHatAI/Qwen2.5-1.5B-quantized.w4a16,qwen2.5,Qwen2.5-1.5B,w4a16,winogrande,65.04,65.51,0.47,-0.7402362204724409,-4.749986205366865,3.2695137644219834,False,True,Qwen2.5-1.5B|s4
RedHatAI/Qwen2.5-1.5B-quantized.w4a16,qwen2.5,Qwen2.5-1.5B,w4a16,truthfulqa,46.57,44.49,-2.08,-0.7402362204724409,-5.963768723132761,4.4832962821878795,False,True,Qwen2.5-1.5B|s4
RedHatAI/Qwen2.5-1.5B-quantized.w8a16,qwen2.5,Qwen2.5-1.5B,w8a16,mmlu,60.98,61.0,0.02,0.05152542372881355,-3.3763909024209435,3.479441749878571,False,True,Qwen2.5-1.5B|s4
RedHatAI/Qwen2.5-1.5B-quantized.w8a16,qwen2.5,Qwen2.5-1.5B,w8a16,arc_challenge,49.66,50.34,0.68,0.05152542372881355,-12.110432921915082,12.21348376937271,False,True,Qwen2.5-1.5B|s4
RedHatAI/Qwen2.5-1.5B-quantized.w8a16,qwen2.5,Qwen2.5-1.5B,w8a16,gsm8k,60.96,61.18,0.22,0.05152542372881355,-11.134153269872018,11.237204117329645,False,True,Qwen2.5-1.5B|s4
RedHatAI/Qwen2.5-1.5B-quantized.w8a16,qwen2.5,Qwen2.5-1.5B,w8a16,hellaswag,67.65,67.64,-0.01,0.05152542372881355,-3.8359556593018422,3.9390065067594695,False,True,Qwen2.5-1.5B|s4
RedHatAI/Qwen2.5-1.5B-quantized.w8a16,qwen2.5,Qwen2.5-1.5B,w8a16,winogrande,65.04,65.11,0.07,0.05152542372881355,-11.10412829935165,11.207179146809278,False,True,Qwen2.5-1.5B|s4
RedHatAI/Qwen2.5-1.5B-quantized.w8a16,qwen2.5,Qwen2.5-1.5B,w8a16,truthfulqa,46.57,46.57,0.0,0.05152542372881355,-14.481031476441286,14.584082323898913,False,True,Qwen2.5-1.5B|s4
RedHatAI/Qwen2.5-1.5B-quantized.w8a8,qwen2.5,Qwen2.5-1.5B,w8a8_int,mmlu,60.98,60.35,-0.63,-0.412258064516129,-0.9434142355295617,0.1188981064973037,False,True,Qwen2.5-1.5B|s4
RedHatAI/Qwen2.5-1.5B-quantized.w8a8,qwen2.5,Qwen2.5-1.5B,w8a8_int,arc_challenge,49.66,49.66,0.0,-0.412258064516129,-2.2967554128375935,1.4722392838053358,False,True,Qwen2.5-1.5B|s4
RedHatAI/Qwen2.5-1.5B-quantized.w8a8,qwen2.5,Qwen2.5-1.5B,w8a8_int,gsm8k,60.96,60.12,-0.84,-0.412258064516129,-2.145480728020545,1.3209645989882866,False,True,Qwen2.5-1.5B|s4
RedHatAI/Qwen2.5-1.5B-quantized.w8a8,qwen2.5,Qwen2.5-1.5B,w8a8_int,hellaswag,67.65,67.72,0.07,-0.412258064516129,-1.0146238665043503,0.1901077374720923,False,True,Qwen2.5-1.5B|s4
RedHatAI/Qwen2.5-1.5B-quantized.w8a8,qwen2.5,Qwen2.5-1.5B,w8a8_int,winogrande,65.04,66.06,1.02,-0.412258064516129,-2.140828354141191,1.3163122251089332,False,True,Qwen2.5-1.5B|s4
RedHatAI/Qwen2.5-1.5B-quantized.w8a8,qwen2.5,Qwen2.5-1.5B,w8a8_int,truthfulqa,46.57,46.14,-0.43,-0.412258064516129,-2.664080029727063,1.839563900694805,False,True,Qwen2.5-1.5B|s4
RedHatAI/Qwen2.5-14B-FP8-dynamic,qwen2.5,Qwen2.5-14B,fp8_dynamic,mmlu,79.71,79.48,-0.23,0.047435897435897434,-0.8568419030986874,0.9517136979704823,False,True,Qwen2.5-14B|s0
RedHatAI/Qwen2.5-14B-FP8-dynamic,qwen2.5,Qwen2.5-14B,fp8_dynamic,arc_challenge,65.7,65.19,-0.51,0.047435897435897434,-3.647312458322934,3.7421842531947287,False,True,Qwen2.5-14B|s0
RedHatAI/Qwen2.5-14B-FP8-dynamic,qwen2.5,Qwen2.5-14B,fp8_dynamic,gsm8k,84.46,83.62,-0.84,0.047435897435897434,-2.6105187944209343,2.705390589292729,False,True,Qwen2.5-14B|s0
RedHatAI/Qwen2.5-14B-FP8-dynamic,qwen2.5,Qwen2.5-14B,fp8_dynamic,hellaswag,84.28,84.28,0.0,0.047435897435897434,-0.920390250572733,1.0152620454445278,False,True,Qwen2.5-14B|s0
RedHatAI/Qwen2.5-14B-FP8-dynamic,qwen2.5,Qwen2.5-14B,fp8_dynamic,winogrande,81.37,81.77,0.4,0.047435897435897434,-2.8670986230558966,2.961970417927691,False,True,Qwen2.5-14B|s0
RedHatAI/Qwen2.5-14B-FP8-dynamic,qwen2.5,Qwen2.5-14B,fp8_dynamic,truthfulqa,58.46,58.3,-0.16,0.047435897435897434,-4.546347871276774,4.641219666148569,False,True,Qwen2.5-14B|s0
RedHatAI/Qwen2.5-14B-quantized.w8a8,qwen2.5,Qwen2.5-14B,w8a8_int,mmlu,79.71,79.38,-0.33,-0.33896774193548385,-1.1066244137307493,0.4286889298597817,False,True,Qwen2.5-14B|s0
RedHatAI/Qwen2.5-14B-quantized.w8a8,qwen2.5,Qwen2.5-14B,w8a8_int,arc_challenge,65.7,65.27,-0.43,-0.33896774193548385,-3.4755019178558824,2.7975664339849144,False,True,Qwen2.5-14B|s0
RedHatAI/Qwen2.5-14B-quantized.w8a8,qwen2.5,Qwen2.5-14B,w8a8_int,gsm8k,84.46,83.93,-0.53,-0.33896774193548385,-2.595350295313658,1.9174148114426899,False,True,Qwen2.5-14B|s0
RedHatAI/Qwen2.5-14B-quantized.w8a8,qwen2.5,Qwen2.5-14B,w8a8_int,hellaswag,84.28,84.16,-0.12,-0.33896774193548385,-1.1605716773826664,0.48263619351169873,False,True,Qwen2.5-14B|s0
RedHatAI/Qwen2.5-14B-quantized.w8a8,qwen2.5,Qwen2.5-14B,w8a8_int,winogrande,81.37,81.22,-0.15,-0.33896774193548385,-2.813165238004139,2.1352297541331713,False,True,Qwen2.5-14B|s0
RedHatAI/Qwen2.5-14B-quantized.w8a8,qwen2.5,Qwen2.5-14B,w8a8_int,truthfulqa,58.46,58.65,0.19,-0.33896774193548385,-4.238708238442574,3.560772754571606,False,True,Qwen2.5-14B|s0
RedHatAI/Qwen2.5-14B-FP8-dynamic,qwen2.5,Qwen2.5-14B,fp8_dynamic,mmlu,79.71,79.48,-0.23,-0.0378985507246377,-0.4345555635802478,0.35875846213097234,False,True,Qwen2.5-14B|s1
RedHatAI/Qwen2.5-14B-FP8-dynamic,qwen2.5,Qwen2.5-14B,fp8_dynamic,arc_challenge,65.7,65.19,-0.51,-0.0378985507246377,-1.6585817580112507,1.5827846565619754,False,True,Qwen2.5-14B|s1
RedHatAI/Qwen2.5-14B-FP8-dynamic,qwen2.5,Qwen2.5-14B,fp8_dynamic,gsm8k,84.46,83.62,-0.84,-0.0378985507246377,-1.2037973129791268,1.1280002115298515,False,True,Qwen2.5-14B|s1
RedHatAI/Qwen2.5-14B-FP8-dynamic,qwen2.5,Qwen2.5-14B,fp8_dynamic,hellaswag,84.28,84.28,0.0,-0.0378985507246377,-0.46243073387201394,0.3866336324227385,False,True,Qwen2.5-14B|s1
RedHatAI/Qwen2.5-14B-FP8-dynamic,qwen2.5,Qwen2.5-14B,fp8_dynamic,winogrande,81.37,81.77,0.4,-0.0378985507246377,-1.3163447937700767,1.2405476923208014,False,True,Qwen2.5-14B|s1
RedHatAI/Qwen2.5-14B-FP8-dynamic,qwen2.5,Qwen2.5-14B,fp8_dynamic,truthfulqa,58.46,58.3,-0.16,-0.0378985507246377,-2.0529392233198784,1.9771421218706031,False,True,Qwen2.5-14B|s1
RedHatAI/Qwen2.5-14B-quantized.w8a8,qwen2.5,Qwen2.5-14B,w8a8_int,mmlu,79.71,79.38,-0.33,-0.34057377049180326,-0.7719376252566779,0.09079008427307134,False,True,Qwen2.5-14B|s1
RedHatAI/Qwen2.5-14B-quantized.w8a8,qwen2.5,Qwen2.5-14B,w8a8_int,arc_challenge,65.7,65.27,-0.43,-0.34057377049180326,-2.1030641160295476,1.4219165750459413,False,True,Qwen2.5-14B|s1
RedHatAI/Qwen2.5-14B-quantized.w8a8,qwen2.5,Qwen2.5-14B,w8a8_int,gsm8k,84.46,83.93,-0.53,-0.34057377049180326,-1.60848677354456,0.9273392325609535,False,True,Qwen2.5-14B|s1
RedHatAI/Qwen2.5-14B-quantized.w8a8,qwen2.5,Qwen2.5-14B,w8a8_int,hellaswag,84.28,84.16,-0.12,-0.34057377049180326,-0.8022518275008738,0.12110428651726723,False,True,Qwen2.5-14B|s1
RedHatAI/Qwen2.5-14B-quantized.w8a8,qwen2.5,Qwen2.5-14B,w8a8_int,winogrande,81.37,81.22,-0.15,-0.34057377049180326,-1.7308819754056008,1.0497344344219943,False,True,Qwen2.5-14B|s1
RedHatAI/Qwen2.5-14B-quantized.w8a8,qwen2.5,Qwen2.5-14B,w8a8_int,truthfulqa,58.46,58.65,0.19,-0.34057377049180326,-2.5319272165862965,1.85077967560269,False,True,Qwen2.5-14B|s1
RedHatAI/Qwen2.5-14B-FP8-dynamic,qwen2.5,Qwen2.5-14B,fp8_dynamic,mmlu,79.71,79.48,-0.23,-0.08079710144927536,-0.49019014837408903,0.3285959454755383,False,True,Qwen2.5-14B|s2
RedHatAI/Qwen2.5-14B-FP8-dynamic,qwen2.5,Qwen2.5-14B,fp8_dynamic,arc_challenge,65.7,65.19,-0.51,-0.08079710144927536,-1.7535179026127479,1.591923699714197,False,True,Qwen2.5-14B|s2
RedHatAI/Qwen2.5-14B-FP8-dynamic,qwen2.5,Qwen2.5-14B,fp8_dynamic,gsm8k,84.46,83.62,-0.84,-0.08079710144927536,-1.2841310429040897,1.1225368400055389,False,True,Qwen2.5-14B|s2
RedHatAI/Qwen2.5-14B-FP8-dynamic,qwen2.5,Qwen2.5-14B,fp8_dynamic,hellaswag,84.28,84.28,0.0,-0.08079710144927536,-0.5189603466295988,0.357366143731048,False,True,Qwen2.5-14B|s2
RedHatAI/Qwen2.5-14B-FP8-dynamic,qwen2.5,Qwen2.5-14B,fp8_dynamic,winogrande,81.37,81.77,0.4,-0.08079710144927536,-1.4002922466428256,1.2386980437442747,False,True,Qwen2.5-14B|s2
RedHatAI/Qwen2.5-14B-FP8-dynamic,qwen2.5,Qwen2.5-14B,fp8_dynamic,truthfulqa,58.46,58.3,-0.16,-0.08079710144927536,-2.1605375671283356,1.998943364229785,False,True,Qwen2.5-14B|s2
RedHatAI/Qwen2.5-14B-quantized.w8a8,qwen2.5,Qwen2.5-14B,w8a8_int,mmlu,79.71,79.38,-0.33,-0.34445312499999997,-0.6721474373013088,-0.016758812698691117,False,True,Qwen2.5-14B|s2
RedHatAI/Qwen2.5-14B-quantized.w8a8,qwen2.5,Qwen2.5-14B,w8a8_int,arc_challenge,65.7,65.27,-0.43,-0.34445312499999997,-1.6833647082004501,0.9944584582004501,False,True,Qwen2.5-14B|s2
RedHatAI/Qwen2.5-14B-quantized.w8a8,qwen2.5,Qwen2.5-14B,w8a8_int,gsm8k,84.46,83.93,-0.53,-0.34445312499999997,-1.3076489862288743,0.6187427362288742,False,True,Qwen2.5-14B|s2
RedHatAI/Qwen2.5-14B-quantized.w8a8,qwen2.5,Qwen2.5-14B,w8a8_int,hellaswag,84.28,84.16,-0.12,-0.34445312499999997,-0.6951762366493424,0.006269986649342363,False,True,Qwen2.5-14B|s2
RedHatAI/Qwen2.5-14B-quantized.w8a8,qwen2.5,Qwen2.5-14B,w8a8_int,winogrande,81.37,81.22,-0.15,-0.34445312499999997,-1.4006289868937318,0.7117227368937318,False,True,Qwen2.5-14B|s2
RedHatAI/Qwen2.5-14B-quantized.w8a8,qwen2.5,Qwen2.5-14B,w8a8_int,truthfulqa,58.46,58.65,0.19,-0.34445312499999997,-2.009159271782866,1.3202530217828659,False,True,Qwen2.5-14B|s2
RedHatAI/Qwen2.5-14B-FP8-dynamic,qwen2.5,Qwen2.5-14B,fp8_dynamic,mmlu,79.71,79.48,-0.23,-0.13841121495327105,-0.5583626768075927,0.2815402469010506,False,True,Qwen2.5-14B|s3
RedHatAI/Qwen2.5-14B-FP8-dynamic,qwen2.5,Qwen2.5-14B,fp8_dynamic,arc_challenge,65.7,65.19,-0.51,-0.13841121495327105,-1.854272173021134,1.577449743114592,False,True,Qwen2.5-14B|s3
RedHatAI/Qwen2.5-14B-FP8-dynamic,qwen2.5,Qwen2.5-14B,fp8_dynamic,gsm8k,84.46,83.62,-0.84,-0.13841121495327105,-1.3727796332954605,1.0959572033889184,False,True,Qwen2.5-14B|s3
RedHatAI/Qwen2.5-14B-FP8-dynamic,qwen2.5,Qwen2.5-14B,fp8_dynamic,hellaswag,84.28,84.28,0.0,-0.13841121495327105,-0.5878748702998747,0.3110524403933326,False,True,Qwen2.5-14B|s3
RedHatAI/Qwen2.5-14B-FP8-dynamic,qwen2.5,Qwen2.5-14B,fp8_dynamic,winogrande,81.37,81.77,0.4,-0.13841121495327105,-1.491936682217688,1.215114252311146,False,True,Qwen2.5-14B|s3
RedHatAI/Qwen2.5-14B-FP8-dynamic,qwen2.5,Qwen2.5-14B,fp8_dynamic,truthfulqa,58.46,58.3,-0.16,-0.13841121495327105,-2.271789041958501,1.994966612051959,False,True,Qwen2.5-14B|s3
RedHatAI/Qwen2.5-14B-quantized.w8a8,qwen2.5,Qwen2.5-14B,w8a8_int,mmlu,79.71,79.38,-0.33,-0.33796747967479673,-0.8436066424848925,0.16767168313529907,False,True,Qwen2.5-14B|s3
RedHatAI/Qwen2.5-14B-quantized.w8a8,qwen2.5,Qwen2.5-14B,w8a8_int,arc_challenge,65.7,65.27,-0.43,-0.33796747967479673,-2.4039359954289576,1.7280010360793643,False,True,Qwen2.5-14B|s3
RedHatAI/Qwen2.5-14B-quantized.w8a8,qwen2.5,Qwen2.5-14B,w8a8_int,gsm8k,84.46,83.93,-0.53,-0.33796747967479673,-1.8241987952983114,1.148263835948718,False,True,Qwen2.5-14B|s3
RedHatAI/Qwen2.5-14B-quantized.w8a8,qwen2.5,Qwen2.5-14B,w8a8_int,hellaswag,84.28,84.16,-0.12,-0.33796747967479673,-0.879140560486358,0.2032056011367645,False,True,Qwen2.5-14B|s3
RedHatAI/Qwen2.5-14B-quantized.w8a8,qwen2.5,Qwen2.5-14B,w8a8_int,winogrande,81.37,81.22,-0.15,-0.33796747967479673,-1.9676688768022956,1.2917339174527023,False,True,Qwen2.5-14B|s3
RedHatAI/Qwen2.5-14B-quantized.w8a8,qwen2.5,Qwen2.5-14B,w8a8_int,truthfulqa,58.46,58.65,0.19,-0.33796747967479673,-2.9066438063183417,2.2307088469687484,False,True,Qwen2.5-14B|s3
RedHatAI/Qwen2.5-14B-FP8-dynamic,qwen2.5,Qwen2.5-14B,fp8_dynamic,mmlu,79.71,79.48,-0.23,0.002553191489361698,-0.3807803737805839,0.3858867567593072,False,True,Qwen2.5-14B|s4
RedHatAI/Qwen2.5-14B-FP8-dynamic,qwen2.5,Qwen2.5-14B,fp8_dynamic,arc_challenge,65.7,65.19,-0.51,0.002553191489361698,-1.563692335218262,1.5687987181969854,False,True,Qwen2.5-14B|s4
RedHatAI/Qwen2.5-14B-FP8-dynamic,qwen2.5,Qwen2.5-14B,fp8_dynamic,gsm8k,84.46,83.62,-0.84,0.002553191489361698,-1.1241837999010298,1.1292901828797532,False,True,Qwen2.5-14B|s4
RedHatAI/Qwen2.5-14B-FP8-dynamic,qwen2.5,Qwen2.5-14B,fp8_dynamic,hellaswag,84.28,84.28,0.0,0.002553191489361698,-0.4077192354775515,0.41282561845627486,False,True,Qwen2.5-14B|s4
RedHatAI/Qwen2.5-14B-FP8-dynamic,qwen2.5,Qwen2.5-14B,fp8_dynamic,winogrande,81.37,81.77,0.4,0.002553191489361698,-1.2329508850034692,1.2380572679821926,False,True,Qwen2.5-14B|s4
RedHatAI/Qwen2.5-14B-FP8-dynamic,qwen2.5,Qwen2.5-14B,fp8_dynamic,truthfulqa,58.46,58.3,-0.16,0.002553191489361698,-1.9448035932274677,1.949909976206191,False,True,Qwen2.5-14B|s4
RedHatAI/Qwen2.5-14B-quantized.w8a8,qwen2.5,Qwen2.5-14B,w8a8_int,mmlu,79.71,79.38,-0.33,-0.25242424242424244,-0.7071242381780861,0.20227575332960124,False,True,Qwen2.5-14B|s4
RedHatAI/Qwen2.5-14B-quantized.w8a8,qwen2.5,Qwen2.5-14B,w8a8_int,arc_challenge,65.7,65.27,-0.43,-0.25242424242424244,-2.110262686187751,1.6054142013392663,False,True,Qwen2.5-14B|s4
RedHatAI/Qwen2.5-14B-quantized.w8a8,qwen2.5,Qwen2.5-14B,w8a8_int,gsm8k,84.46,83.93,-0.53,-0.25242424242424244,-1.5889294473366429,1.084080962488158,False,True,Qwen2.5-14B|s4
RedHatAI/Qwen2.5-14B-quantized.w8a8,qwen2.5,Qwen2.5-14B,w8a8_int,hellaswag,84.28,84.16,-0.12,-0.25242424242424244,-0.7390783935377888,0.23422990868930393,False,True,Qwen2.5-14B|s4
RedHatAI/Qwen2.5-14B-quantized.w8a8,qwen2.5,Qwen2.5-14B,w8a8_int,winogrande,81.37,81.22,-0.15,-0.25242424242424244,-1.7179460470163754,1.2130975621678906,False,True,Qwen2.5-14B|s4
RedHatAI/Qwen2.5-14B-quantized.w8a8,qwen2.5,Qwen2.5-14B,w8a8_int,truthfulqa,58.46,58.65,0.19,-0.25242424242424244,-2.5623266406616967,2.057478155813212,False,True,Qwen2.5-14B|s4
RedHatAI/Qwen2.5-14B-Instruct-quantized.w8a8,qwen2.5,Qwen2.5-14B-Instruct,w8a8_int,mmlu,79.87,79.75,-0.12,-0.33216666666666667,-0.8316564287708972,0.16732309543756385,False,True,Qwen2.5-14B-Instruct|s0
RedHatAI/Qwen2.5-14B-Instruct-quantized.w8a8,qwen2.5,Qwen2.5-14B-Instruct,w8a8_int,arc_challenge,68.94,69.2,0.26,-0.33216666666666667,-2.3274285457598234,1.6630952124264902,False,True,Qwen2.5-14B-Instruct|s0
RedHatAI/Qwen2.5-14B-Instruct-quantized.w8a8,qwen2.5,Qwen2.5-14B-Instruct,w8a8_int,gsm8k,83.55,85.52,1.97,-0.33216666666666667,-1.8389858001928234,1.17465246685949,False,False,Qwen2.5-14B-Instruct|s0
RedHatAI/Qwen2.5-14B-Instruct-quantized.w8a8,qwen2.5,Qwen2.5-14B-Instruct,w8a8_int,hellaswag,85.3,85.07,-0.23,-0.33216666666666667,-0.8537820850359712,0.18944875170263792,False,True,Qwen2.5-14B-Instruct|s0
RedHatAI/Qwen2.5-14B-Instruct-quantized.w8a8,qwen2.5,Qwen2.5-14B-Instruct,w8a8_int,winogrande,80.51,80.43,-0.08,-0.33216666666666667,-1.9749105968249872,1.3105772634916537,False,True,Qwen2.5-14B-Instruct|s0
RedHatAI/Qwen2.5-14B-Instruct-quantized.w8a8,qwen2.5,Qwen2.5-14B-Instruct,w8a8_int,truthfulqa,68.93,68.94,0.01,-0.33216666666666667,-2.7221291484651733,2.05779581513184,False,True,Qwen2.5-14B-Instruct|s0
RedHatAI/Qwen2.5-14B-Instruct-quantized.w8a8,qwen2.5,Qwen2.5-14B-Instruct,w8a8_int,mmlu,79.87,79.75,-0.12,-0.3733333333333333,-0.718495310551394,-0.02817135611527255,False,True,Qwen2.5-14B-Instruct|s1
RedHatAI/Qwen2.5-14B-Instruct-quantized.w8a8,qwen2.5,Qwen2.5-14B-Instruct,w8a8_int,arc_challenge,68.94,69.2,0.26,-0.3733333333333333,-1.7521174196263891,1.0054507529597225,False,True,Qwen2.5-14B-Instruct|s1
RedHatAI/Qwen2.5-14B-Instruct-quantized.w8a8,qwen2.5,Qwen2.5-14B-Instruct,w8a8_int,gsm8k,83.55,85.52,1.97,-0.3733333333333333,-1.4145892526675972,0.6679225860009306,False,False,Qwen2.5-14B-Instruct|s1
RedHatAI/Qwen2.5-14B-Instruct-quantized.w8a8,qwen2.5,Qwen2.5-14B-Instruct,w8a8_int,hellaswag,85.3,85.07,-0.23,-0.3733333333333333,-0.7337847836159221,-0.012881883050744503,False,True,Qwen2.5-14B-Instruct|s1
RedHatAI/Qwen2.5-14B-Instruct-quantized.w8a8,qwen2.5,Qwen2.5-14B-Instruct,w8a8_int,winogrande,80.51,80.43,-0.08,-0.3733333333333333,-1.5085172470290318,0.7618505803623652,False,True,Qwen2.5-14B-Instruct|s1
RedHatAI/Qwen2.5-14B-Instruct-quantized.w8a8,qwen2.5,Qwen2.5-14B-Instruct,w8a8_int,truthfulqa,68.93,68.94,0.01,-0.3733333333333333,-2.0248670348837883,1.2782003682171217,False,True,Qwen2.5-14B-Instruct|s1
RedHatAI/Qwen2.5-14B-Instruct-quantized.w8a8,qwen2.5,Qwen2.5-14B-Instruct,w8a8_int,mmlu,79.87,79.75,-0.12,-0.3911904761904762,-0.7860927997037955,0.0037118473228431315,False,True,Qwen2.5-14B-Instruct|s2
RedHatAI/Qwen2.5-14B-Instruct-quantized.w8a8,qwen2.5,Qwen2.5-14B-Instruct,w8a8_int,arc_challenge,68.94,69.2,0.26,-0.3911904761904762,-1.9686673573022415,1.1862864049212893,False,True,Qwen2.5-14B-Instruct|s2
RedHatAI/Qwen2.5-14B-Instruct-quantized.w8a8,qwen2.5,Qwen2.5-14B-Instruct,w8a8_int,gsm8k,83.55,85.52,1.97,-0.3911904761904762,-1.5824989315170042,0.8001179791360519,False,False,Qwen2.5-14B-Instruct|s2
RedHatAI/Qwen2.5-14B-Instruct-quantized.w8a8,qwen2.5,Qwen2.5-14B-Instruct,w8a8_int,hellaswag,85.3,85.07,-0.23,-0.3911904761904762,-0.8035855968164449,0.02120464443549247,False,True,Qwen2.5-14B-Instruct|s2
RedHatAI/Qwen2.5-14B-Instruct-quantized.w8a8,qwen2.5,Qwen2.5-14B-Instruct,w8a8_int,winogrande,80.51,80.43,-0.08,-0.3911904761904762,-1.6899626316476906,0.907581679266738,False,True,Qwen2.5-14B-Instruct|s2
RedHatAI/Qwen2.5-14B-Instruct-quantized.w8a8,qwen2.5,Qwen2.5-14B-Instruct,w8a8_int,truthfulqa,68.93,68.94,0.01,-0.3911904761904762,-2.2807221718870587,1.4983412195061065,False,True,Qwen2.5-14B-Instruct|s2
RedHatAI/Qwen2.5-14B-Instruct-quantized.w8a8,qwen2.5,Qwen2.5-14B-Instruct,w8a8_int,mmlu,79.87,79.75,-0.12,-0.4448936170212766,-0.8181058057378412,-0.07168142830471208,False,True,Qwen2.5-14B-Instruct|s3
RedHatAI/Qwen2.5-14B-Instruct-quantized.w8a8,qwen2.5,Qwen2.5-14B-Instruct,w8a8_int,arc_challenge,68.94,69.2,0.26,-0.4448936170212766,-1.9357270824000765,1.0459398483575235,False,True,Qwen2.5-14B-Instruct|s3
RedHatAI/Qwen2.5-14B-Instruct-quantized.w8a8,qwen2.5,Qwen2.5-14B-Instruct,w8a8_int,gsm8k,83.55,85.52,1.97,-0.4448936170212766,-1.5707690793214302,0.6809818452788768,False,False,Qwen2.5-14B-Instruct|s3
RedHatAI/Qwen2.5-14B-Instruct-quantized.w8a8,qwen2.5,Qwen2.5-14B-Instruct,w8a8_int,hellaswag,85.3,85.07,-0.23,-0.4448936170212766,-0.8346378054462866,-0.055149428596266536,False,True,Qwen2.5-14B-Instruct|s3
RedHatAI/Qwen2.5-14B-Instruct-quantized.w8a8,qwen2.5,Qwen2.5-14B-Instruct,w8a8_int,winogrande,80.51,80.43,-0.08,-0.4448936170212766,-1.6723303017942102,0.782543067751657,False,True,Qwen2.5-14B-Instruct|s3
RedHatAI/Qwen2.5-14B-Instruct-quantized.w8a8,qwen2.5,Qwen2.5-14B-Instruct,w8a8_int,truthfulqa,68.93,68.94,0.01,-0.4448936170212766,-2.2306421877724896,1.3408549537299366,False,True,Qwen2.5-14B-Instruct|s3
RedHatAI/Qwen2.5-14B-Instruct-quantized.w8a8,qwen2.5,Qwen2.5-14B-Instruct,w8a8_int,mmlu,79.87,79.75,-0.12,-0.2853968253968254,-0.6912930003550787,0.12049934956142783,False,True,Qwen2.5-14B-Instruct|s4
RedHatAI/Qwen2.5-14B-Instruct-quantized.w8a8,qwen2.5,Qwen2.5-14B-Instruct,w8a8_int,arc_challenge,68.94,69.2,0.26,-0.2853968253968254,-1.9067897471499053,1.3359960963562547,False,True,Qwen2.5-14B-Instruct|s4
RedHatAI/Qwen2.5-14B-Instruct-quantized.w8a8,qwen2.5,Qwen2.5-14B-Instruct,w8a8_int,gsm8k,83.55,85.52,1.97,-0.2853968253968254,-1.509870616562437,0.939076965768786,False,False,Qwen2.5-14B-Instruct|s4
RedHatAI/Qwen2.5-14B-Instruct-quantized.w8a8,qwen2.5,Qwen2.5-14B-Instruct,w8a8_int,hellaswag,85.3,85.07,-0.23,-0.2853968253968254,-0.7092727867847366,0.1384791359910857,False,True,Qwen2.5-14B-Instruct|s4
RedHatAI/Qwen2.5-14B-Instruct-quantized.w8a8,qwen2.5,Qwen2.5-14B-Instruct,w8a8_int,winogrande,80.51,80.43,-0.08,-0.2853968253968254,-1.6203260437218443,1.0495323929281937,False,True,Qwen2.5-14B-Instruct|s4
RedHatAI/Qwen2.5-14B-Instruct-quantized.w8a8,qwen2.5,Qwen2.5-14B-Instruct,w8a8_int,truthfulqa,68.93,68.94,0.01,-0.2853968253968254,-2.2275319866242502,1.6567383358305992,False,True,Qwen2.5-14B-Instruct|s4
RedHatAI/Qwen2.5-32B-quantized.w8a16,qwen2.5,Qwen2.5-32B,w8a16,mmlu,83.25,83.19,-0.06,0.030545454545454546,-2.5708914526224405,2.6319823617133498,False,True,Qwen2.5-32B|s0
RedHatAI/Qwen2.5-32B-quantized.w8a16,qwen2.5,Qwen2.5-32B,w8a16,arc_challenge,66.3,66.04,-0.26,0.030545454545454546,-11.367651675439484,11.428742584530392,False,True,Qwen2.5-32B|s0
RedHatAI/Qwen2.5-32B-quantized.w8a16,qwen2.5,Qwen2.5-32B,w8a16,gsm8k,78.09,78.62,0.53,0.030545454545454546,-9.371552193960456,9.432643103051364,False,True,Qwen2.5-32B|s0
RedHatAI/Qwen2.5-32B-quantized.w8a16,qwen2.5,Qwen2.5-32B,w8a16,hellaswag,85.08,85.14,0.06,0.030545454545454546,-2.904509915254526,2.9656008243454353,False,True,Qwen2.5-32B|s0
RedHatAI/Qwen2.5-32B-quantized.w8a16,qwen2.5,Qwen2.5-32B,w8a16,winogrande,81.29,81.61,0.32,0.030545454545454546,-9.014180298059927,9.075271207150834,False,True,Qwen2.5-32B|s0
RedHatAI/Qwen2.5-32B-quantized.w8a16,qwen2.5,Qwen2.5-32B,w8a16,truthfulqa,57.76,57.78,0.02,0.030545454545454546,-14.235144261906278,14.296235170997186,False,True,Qwen2.5-32B|s0
RedHatAI/Qwen2.5-32B-quantized.w8a16,qwen2.5,Qwen2.5-32B,w8a16,mmlu,83.25,83.19,-0.06,-0.13666666666666666,-0.6176477472066797,0.3443144138733464,False,True,Qwen2.5-32B|s1
RedHatAI/Qwen2.5-32B-quantized.w8a16,qwen2.5,Qwen2.5-32B,w8a16,arc_challenge,66.3,66.04,-0.26,-0.13666666666666666,-2.244085515335444,1.9707521820021108,False,True,Qwen2.5-32B|s1
RedHatAI/Qwen2.5-32B-quantized.w8a16,qwen2.5,Qwen2.5-32B,w8a16,gsm8k,78.09,78.62,0.53,-0.13666666666666666,-1.8750255997089074,1.601692266375574,False,True,Qwen2.5-32B|s1
RedHatAI/Qwen2.5-32B-quantized.w8a16,qwen2.5,Qwen2.5-32B,w8a16,hellaswag,85.08,85.14,0.06,-0.13666666666666666,-0.6793306456858785,0.40599731235254527,False,True,Qwen2.5-32B|s1
RedHatAI/Qwen2.5-32B-quantized.w8a16,qwen2.5,Qwen2.5-32B,w8a16,winogrande,81.29,81.61,0.32,-0.13666666666666666,-1.8089509160710864,1.535617582737753,False,True,Qwen2.5-32B|s1
RedHatAI/Qwen2.5-32B-quantized.w8a16,qwen2.5,Qwen2.5-32B,w8a16,truthfulqa,57.76,57.78,0.02,-0.13666666666666666,-2.774257774704509,2.5009244413711755,False,True,Qwen2.5-32B|s1
RedHatAI/Qwen2.5-32B-quantized.w8a16,qwen2.5,Qwen2.5-32B,w8a16,mmlu,83.25,83.19,-0.06,-0.1511627906976744,-0.4436457431867679,0.1413201617914191,False,True,Qwen2.5-32B|s2
RedHatAI/Qwen2.5-32B-quantized.w8a16,qwen2.5,Qwen2.5-32B,w8a16,arc_challenge,66.3,66.04,-0.26,-0.1511627906976744,-1.4326769955761196,1.1303514141807707,False,True,Qwen2.5-32B|s2
RedHatAI/Qwen2.5-32B-quantized.w8a16,qwen2.5,Qwen2.5-32B,w8a16,gsm8k,78.09,78.62,0.53,-0.1511627906976744,-1.2082529212515467,0.9059273398561978,False,True,Qwen2.5-32B|s2
RedHatAI/Qwen2.5-32B-quantized.w8a16,qwen2.5,Qwen2.5-32B,w8a16,hellaswag,85.08,85.14,0.06,-0.1511627906976744,-0.4811549031001385,0.17882932170478966,False,True,Qwen2.5-32B|s2
RedHatAI/Qwen2.5-32B-quantized.w8a16,qwen2.5,Qwen2.5-32B,w8a16,winogrande,81.29,81.61,0.32,-0.1511627906976744,-1.1680731317815014,0.8657475503861525,False,True,Qwen2.5-32B|s2
RedHatAI/Qwen2.5-32B-quantized.w8a16,qwen2.5,Qwen2.5-32B,w8a16,truthfulqa,57.76,57.78,0.02,-0.1511627906976744,-1.75507293591951,1.4527473545241611,False,True,Qwen2.5-32B|s2
RedHatAI/Qwen2.5-32B-quantized.w8a16,qwen2.5,Qwen2.5-32B,w8a16,mmlu,83.25,83.19,-0.06,-0.19749999999999998,-0.6557383602352347,0.26073836023523467,False,True,Qwen2.5-32B|s3
RedHatAI/Qwen2.5-32B-quantized.w8a16,qwen2.5,Qwen2.5-32B,w8a16,arc_challenge,66.3,66.04,-0.26,-0.19749999999999998,-2.2052716081027217,1.810271608102722,False,True,Qwen2.5-32B|s3
RedHatAI/Qwen2.5-32B-quantized.w8a16,qwen2.5,Qwen2.5-32B,w8a16,gsm8k,78.09,78.62,0.53,-0.19749999999999998,-1.8536623298845751,1.4586623298845751,False,True,Qwen2.5-32B|s3
RedHatAI/Qwen2.5-32B-quantized.w8a16,qwen2.5,Qwen2.5-32B,w8a16,hellaswag,85.08,85.14,0.06,-0.19749999999999998,-0.7145046431458432,0.31950464314584315,False,True,Qwen2.5-32B|s3
RedHatAI/Qwen2.5-32B-quantized.w8a16,qwen2.5,Qwen2.5-32B,w8a16,winogrande,81.29,81.61,0.32,-0.19749999999999998,-1.7907119230842432,1.3957119230842432,False,True,Qwen2.5-32B|s3
RedHatAI/Qwen2.5-32B-quantized.w8a16,qwen2.5,Qwen2.5-32B,w8a16,truthfulqa,57.76,57.78,0.02,-0.19749999999999998,-2.7103751903532487,2.315375190353249,False,True,Qwen2.5-32B|s3
RedHatAI/Qwen2.5-32B-quantized.w8a16,qwen2.5,Qwen2.5-32B,w8a16,mmlu,83.25,83.19,-0.06,0.053214285714285714,-2.572788510815667,2.6792170822442385,False,True,Qwen2.5-32B|s4
RedHatAI/Qwen2.5-32B-quantized.w8a16,qwen2.5,Qwen2.5-32B,w8a16,arc_challenge,66.3,66.04,-0.26,0.053214285714285714,-11.452618300987137,11.55904687241571,False,True,Qwen2.5-32B|s4
RedHatAI/Qwen2.5-32B-quantized.w8a16,qwen2.5,Qwen2.5-32B,w8a16,gsm8k,78.09,78.62,0.53,0.053214285714285714,-9.437669252608153,9.544097824036726,False,True,Qwen2.5-32B|s4
RedHatAI/Qwen2.5-32B-quantized.w8a16,qwen2.5,Qwen2.5-32B,w8a16,hellaswag,85.08,85.14,0.06,0.053214285714285714,-2.9095573993602852,3.0159859707888566,False,True,Qwen2.5-32B|s4
RedHatAI/Qwen2.5-32B-quantized.w8a16,qwen2.5,Qwen2.5-32B,w8a16,winogrande,81.29,81.61,0.32,0.053214285714285714,-9.076922622370759,9.183351193799332,False,True,Qwen2.5-32B|s4
RedHatAI/Qwen2.5-32B-quantized.w8a16,qwen2.5,Qwen2.5-32B,w8a16,truthfulqa,57.76,57.78,0.02,0.053214285714285714,-14.34718919384359,14.453617765272163,False,True,Qwen2.5-32B|s4
RedHatAI/Qwen2.5-3B-FP8-dynamic,qwen2.5,Qwen2.5-3B,fp8_dynamic,mmlu,65.68,65.23,-0.45,-0.027597402597402596,-0.46685126523575654,0.4116564600409513,False,True,Qwen2.5-3B|s0
RedHatAI/Qwen2.5-3B-FP8-dynamic,qwen2.5,Qwen2.5-3B,fp8_dynamic,arc_challenge,63.59,62.5,-1.09,-0.027597402597402596,-1.5685199430860315,1.5133251378912262,False,True,Qwen2.5-3B|s0
RedHatAI/Qwen2.5-3B-FP8-dynamic,qwen2.5,Qwen2.5-3B,fp8_dynamic,gsm8k,68.23,63.91,-4.32,-0.027597402597402596,-1.4330420867156617,1.3778472815208564,False,False,Qwen2.5-3B|s0
RedHatAI/Qwen2.5-3B-FP8-dynamic,qwen2.5,Qwen2.5-3B,fp8_dynamic,hellaswag,74.46,74.13,-0.33,-0.027597402597402596,-0.5046889429036605,0.4494941377088553,False,True,Qwen2.5-3B|s0
RedHatAI/Qwen2.5-3B-FP8-dynamic,qwen2.5,Qwen2.5-3B,fp8_dynamic,winogrande,70.64,69.93,-0.71,-0.027597402597402596,-1.430265519284097,1.3750707140892917,False,True,Qwen2.5-3B|s0
RedHatAI/Qwen2.5-3B-FP8-dynamic,qwen2.5,Qwen2.5-3B,fp8_dynamic,truthfulqa,48.93,48.71,-0.22,-0.027597402597402596,-1.9449384521881243,1.889743646993319,False,True,Qwen2.5-3B|s0
RedHatAI/Qwen2.5-3B-quantized.w4a16,qwen2.5,Qwen2.5-3B,w4a16,mmlu,65.68,64.1,-1.58,-0.7576515151515152,-2.218610010380791,0.7033069800777604,False,True,Qwen2.5-3B|s0
RedHatAI/Qwen2.5-3B-quantized.w4a16,qwen2.5,Qwen2.5-3B,w4a16,arc_challenge,53.58,51.19,-2.39,-0.7576515151515152,-6.069580590030117,4.554277559727087,False,True,Qwen2.5-3B|s0
RedHatAI/Qwen2.5-3B-quantized.w4a16,qwen2.5,Qwen2.5-3B,w4a16,gsm8k,68.23,67.85,-0.38,-0.7576515151515152,-5.432161008373465,3.9168579780704347,False,True,Qwen2.5-3B|s0
RedHatAI/Qwen2.5-3B-quantized.w4a16,qwen2.5,Qwen2.5-3B,w4a16,hellaswag,74.46,73.36,-1.1,-0.7576515151515152,-2.344458139061184,0.8291551087581536,False,True,Qwen2.5-3B|s0
RedHatAI/Qwen2.5-3B-quantized.w4a16,qwen2.5,Qwen2.5-3B,w4a16,winogrande,70.64,70.32,-0.32,-0.7576515151515152,-5.422926144159964,3.9076231138569337,False,True,Qwen2.5-3B|s0
RedHatAI/Qwen2.5-3B-quantized.w8a16,qwen2.5,Qwen2.5-3B,w8a16,mmlu,65.68,65.65,-0.03,-0.12931034482758622,-0.4804057776251104,0.22178508796993793,False,True,Qwen2.5-3B|s0
RedHatAI/Qwen2.5-3B-quantized.w8a16,qwen2.5,Qwen2.5-3B,w8a16,arc_challenge,53.58,53.07,-0.51,-0.12931034482758622,-1.4058654582167398,1.1472447685615672,False,True,Qwen2.5-3B|s0
RedHatAI/Qwen2.5-3B-quantized.w8a16,qwen2.5,Qwen2.5-3B,w8a16,gsm8k,68.23,70.05,1.82,-0.12931034482758622,-1.252681706162074,0.9940610165069016,False,False,Qwen2.5-3B|s0
RedHatAI/Qwen2.5-3B-quantized.w8a16,qwen2.5,Qwen2.5-3B,w8a16,hellaswag,51.83,51.78,-0.05,-0.12931034482758622,-0.5662467907529436,0.3076261010977712,False,True,Qwen2.5-3B|s0
RedHatAI/Qwen2.5-3B-quantized.w8a16,qwen2.5,Qwen2.5-3B,w8a16,winogrande,70.64,70.56,-0.08,-0.12931034482758622,-1.250462396949353,0.9918417072941804,False,True,Qwen2.5-3B|s0
RedHatAI/Qwen2.5-3B-quantized.w8a8,qwen2.5,Qwen2.5-3B,w8a8_int,mmlu,65.68,64.73,-0.95,-0.3132894736842105,-0.6437233891000647,0.0171444417316437,False,False,Qwen2.5-3B|s0
RedHatAI/Qwen2.5-3B-quantized.w8a8,qwen2.5,Qwen2.5-3B,w8a8_int,arc_challenge,63.59,62.86,-0.73,-0.3132894736842105,-1.47246668694281,0.8458877395743891,False,True,Qwen2.5-3B|s0
RedHatAI/Qwen2.5-3B-quantized.w8a8,qwen2.5,Qwen2.5-3B,w8a8_int,gsm8k,68.23,66.26,-1.97,-0.3132894736842105,-1.3705518665159144,0.7439729191474935,False,False,Qwen2.5-3B|s0
RedHatAI/Qwen2.5-3B-quantized.w8a8,qwen2.5,Qwen2.5-3B,w8a8_int,hellaswag,74.46,74.07,-0.39,-0.3132894736842105,-0.6721872298206695,0.045608282452248516,False,True,Qwen2.5-3B|s0
RedHatAI/Qwen2.5-3B-quantized.w8a8,qwen2.5,Qwen2.5-3B,w8a8_int,winogrande,70.64,70.48,-0.16,-0.3132894736842105,-1.3684631608132092,0.7418842134447883,False,True,Qwen2.5-3B|s0
RedHatAI/Qwen2.5-3B-quantized.w8a8,qwen2.5,Qwen2.5-3B,w8a8_int,truthfulqa,48.93,47.93,-1.0,-0.3132894736842105,-1.7556319641939027,1.1290530168254818,False,True,Qwen2.5-3B|s0
RedHatAI/Qwen2.5-3B-FP8-dynamic,qwen2.5,Qwen2.5-3B,fp8_dynamic,mmlu,65.68,65.23,-0.45,-0.03109677419354839,-0.5288925624201628,0.4666990140330661,False,True,Qwen2.5-3B|s1
RedHatAI/Qwen2.5-3B-FP8-dynamic,qwen2.5,Qwen2.5-3B,fp8_dynamic,arc_challenge,63.59,62.5,-1.09,-0.03109677419354839,-1.7773870538768333,1.7151935054897365,False,True,Qwen2.5-3B|s1
RedHatAI/Qwen2.5-3B-FP8-dynamic,qwen2.5,Qwen2.5-3B,fp8_dynamic,gsm8k,68.23,63.91,-4.32,-0.03109677419354839,-1.6238532729919848,1.561659724604888,False,False,Qwen2.5-3B|s1
RedHatAI/Qwen2.5-3B-FP8-dynamic,qwen2.5,Qwen2.5-3B,fp8_dynamic,hellaswag,74.46,74.13,-0.33,-0.03109677419354839,-0.571773088196817,0.5095795398097203,False,True,Qwen2.5-3B|s1
RedHatAI/Qwen2.5-3B-FP8-dynamic,qwen2.5,Qwen2.5-3B,fp8_dynamic,winogrande,70.64,69.93,-0.71,-0.03109677419354839,-1.6207066562158494,1.5585131078287526,False,True,Qwen2.5-3B|s1
RedHatAI/Qwen2.5-3B-FP8-dynamic,qwen2.5,Qwen2.5-3B,fp8_dynamic,truthfulqa,48.93,48.71,-0.22,-0.03109677419354839,-2.2039730543187606,2.141779505931664,False,True,Qwen2.5-3B|s1
RedHatAI/Qwen2.5-3B-quantized.w4a16,qwen2.5,Qwen2.5-3B,w4a16,mmlu,65.68,64.1,-1.58,-0.6649324324324324,-1.7350227954769817,0.4051579306121169,False,True,Qwen2.5-3B|s1
RedHatAI/Qwen2.5-3B-quantized.w4a16,qwen2.5,Qwen2.5-3B,w4a16,arc_challenge,53.58,51.19,-2.39,-0.6649324324324324,-4.555696017274508,3.225831152409643,False,True,Qwen2.5-3B|s1
RedHatAI/Qwen2.5-3B-quantized.w4a16,qwen2.5,Qwen2.5-3B,w4a16,gsm8k,68.23,67.85,-0.38,-0.6649324324324324,-4.0888131087086315,2.7589482438437662,False,True,Qwen2.5-3B|s1
RedHatAI/Qwen2.5-3B-quantized.w4a16,qwen2.5,Qwen2.5-3B,w4a16,hellaswag,74.46,73.36,-1.1,-0.6649324324324324,-1.8272012318581912,0.4973363669933264,False,True,Qwen2.5-3B|s1
RedHatAI/Qwen2.5-3B-quantized.w4a16,qwen2.5,Qwen2.5-3B,w4a16,winogrande,70.64,70.32,-0.32,-0.6649324324324324,-4.082048960903499,2.752184096038635,False,True,Qwen2.5-3B|s1
RedHatAI/Qwen2.5-3B-quantized.w8a16,qwen2.5,Qwen2.5-3B,w8a16,mmlu,65.68,65.65,-0.03,-0.12115942028985506,-0.34094465531262985,0.09862581473291974,False,True,Qwen2.5-3B|s1
RedHatAI/Qwen2.5-3B-quantized.w8a16,qwen2.5,Qwen2.5-3B,w8a16,arc_challenge,53.58,53.07,-0.51,-0.12115942028985506,-0.9202810818284227,0.6779622412487126,False,True,Qwen2.5-3B|s1
RedHatAI/Qwen2.5-3B-quantized.w8a16,qwen2.5,Qwen2.5-3B,w8a16,gsm8k,68.23,70.05,1.82,-0.12115942028985506,-0.8243882737712437,0.5820694331915336,False,False,Qwen2.5-3B|s1
RedHatAI/Qwen2.5-3B-quantized.w8a16,qwen2.5,Qwen2.5-3B,w8a16,hellaswag,51.83,51.78,-0.05,-0.12115942028985506,-0.394681005838654,0.15236216525894392,False,True,Qwen2.5-3B|s1
RedHatAI/Qwen2.5-3B-quantized.w8a16,qwen2.5,Qwen2.5-3B,w8a16,winogrande,70.64,70.56,-0.08,-0.12115942028985506,-0.8229989894019781,0.580680148822268,False,True,Qwen2.5-3B|s1
RedHatAI/Qwen2.5-3B-quantized.w8a8,qwen2.5,Qwen2.5-3B,w8a8_int,mmlu,65.68,64.73,-0.95,-0.3179310344827586,-0.7180800789466395,0.08221800998112222,False,False,Qwen2.5-3B|s1
RedHatAI/Qwen2.5-3B-quantized.w8a8,qwen2.5,Qwen2.5-3B,w8a8_int,arc_challenge,63.59,62.86,-0.73,-0.3179310344827586,-1.7216720931630736,1.0858100241975563,False,True,Qwen2.5-3B|s1
RedHatAI/Qwen2.5-3B-quantized.w8a8,qwen2.5,Qwen2.5-3B,w8a8_int,gsm8k,68.23,66.26,-1.97,-0.3179310344827586,-1.5982552279202706,0.9623931589547534,False,False,Qwen2.5-3B|s1
RedHatAI/Qwen2.5-3B-quantized.w8a8,qwen2.5,Qwen2.5-3B,w8a8_int,hellaswag,74.46,74.07,-0.39,-0.3179310344827586,-0.7525492364233712,0.11668716745785396,False,True,Qwen2.5-3B|s1
RedHatAI/Qwen2.5-3B-quantized.w8a8,qwen2.5,Qwen2.5-3B,w8a8_int,winogrande,70.64,70.48,-0.16,-0.3179310344827586,-1.5957258459406638,0.9598637769751466,False,True,Qwen2.5-3B|s1
RedHatAI/Qwen2.5-3B-quantized.w8a8,qwen2.5,Qwen2.5-3B,w8a8_int,truthfulqa,48.93,47.93,-1.0,-0.3179310344827586,-2.064579736208053,1.4287176672425357,False,True,Qwen2.5-3B|s1
RedHatAI/Qwen2.5-3B-FP8-dynamic,qwen2.5,Qwen2.5-3B,fp8_dynamic,mmlu,65.68,65.23,-0.45,0.07987878787878788,-0.4070506709160148,0.5668082466735906,False,False,Qwen2.5-3B|s2
RedHatAI/Qwen2.5-3B-FP8-dynamic,qwen2.5,Qwen2.5-3B,fp8_dynamic,arc_challenge,63.59,62.5,-1.09,0.07987878787878788,-1.6282919136332754,1.7880494893908512,False,True,Qwen2.5-3B|s2
RedHatAI/Qwen2.5-3B-FP8-dynamic,qwen2.5,Qwen2.5-3B,fp8_dynamic,gsm8k,68.23,63.91,-4.32,0.07987878787878788,-1.4781096047404858,1.6378671804980616,False,False,Qwen2.5-3B|s2
RedHatAI/Qwen2.5-3B-FP8-dynamic,qwen2.5,Qwen2.5-3B,fp8_dynamic,hellaswag,74.46,74.13,-0.33,0.07987878787878788,-0.44899516241853743,0.6087527381761132,False,True,Qwen2.5-3B|s2
RedHatAI/Qwen2.5-3B-FP8-dynamic,qwen2.5,Qwen2.5-3B,fp8_dynamic,winogrande,70.64,69.93,-0.71,0.07987878787878788,-1.475031675115375,1.6347892508729507,False,True,Qwen2.5-3B|s2
RedHatAI/Qwen2.5-3B-FP8-dynamic,qwen2.5,Qwen2.5-3B,fp8_dynamic,truthfulqa,48.93,48.71,-0.22,0.07987878787878788,-2.0455660152575885,2.2053235910151643,False,True,Qwen2.5-3B|s2
RedHatAI/Qwen2.5-3B-quantized.w4a16,qwen2.5,Qwen2.5-3B,w4a16,mmlu,65.68,64.1,-1.58,-0.8073124999999999,-2.2924729820026397,0.67784798200264,False,True,Qwen2.5-3B|s2
RedHatAI/Qwen2.5-3B-quantized.w4a16,qwen2.5,Qwen2.5-3B,w4a16,arc_challenge,53.58,51.19,-2.39,-0.8073124999999999,-6.207238076922342,4.592613076922341,False,True,Qwen2.5-3B|s2
RedHatAI/Qwen2.5-3B-quantized.w4a16,qwen2.5,Qwen2.5-3B,w4a16,gsm8k,68.23,67.85,-0.38,-0.8073124999999999,-5.559259112275199,3.9446341122751987,False,True,Qwen2.5-3B|s2
RedHatAI/Qwen2.5-3B-quantized.w4a16,qwen2.5,Qwen2.5-3B,w4a16,hellaswag,74.46,73.36,-1.1,-0.8073124999999999,-2.4204058891046802,0.8057808891046803,False,True,Qwen2.5-3B|s2
RedHatAI/Qwen2.5-3B-quantized.w4a16,qwen2.5,Qwen2.5-3B,w4a16,winogrande,70.64,70.32,-0.32,-0.8073124999999999,-5.5498712648918955,3.9352462648918953,False,True,Qwen2.5-3B|s2
RedHatAI/Qwen2.5-3B-quantized.w8a16,qwen2.5,Qwen2.5-3B,w8a16,mmlu,65.68,65.65,-0.03,-0.15789473684210525,-0.5356518269641046,0.21986235327989417,False,True,Qwen2.5-3B|s2
RedHatAI/Qwen2.5-3B-quantized.w8a16,qwen2.5,Qwen2.5-3B,w8a16,arc_challenge,53.58,53.07,-0.51,-0.15789473684210525,-1.53138951907798,1.2156000453937694,False,True,Qwen2.5-3B|s2
RedHatAI/Qwen2.5-3B-quantized.w8a16,qwen2.5,Qwen2.5-3B,w8a16,gsm8k,68.23,70.05,1.82,-0.15789473684210525,-1.3665732240636508,1.0507837503794402,False,False,Qwen2.5-3B|s2
RedHatAI/Qwen2.5-3B-quantized.w8a16,qwen2.5,Qwen2.5-3B,w8a16,hellaswag,51.83,51.78,-0.05,-0.15789473684210525,-0.6280114770852021,0.31222200340099165,False,True,Qwen2.5-3B|s2
RedHatAI/Qwen2.5-3B-quantized.w8a16,qwen2.5,Qwen2.5-3B,w8a16,winogrande,70.64,70.56,-0.08,-0.15789473684210525,-1.3641853838585005,1.04839591017429,False,True,Qwen2.5-3B|s2
RedHatAI/Qwen2.5-3B-quantized.w8a8,qwen2.5,Qwen2.5-3B,w8a8_int,mmlu,65.68,64.73,-0.95,-0.3263758389261745,-0.687854760201943,0.03510308234959403,False,False,Qwen2.5-3B|s2
RedHatAI/Qwen2.5-3B-quantized.w8a8,qwen2.5,Qwen2.5-3B,w8a8_int,arc_challenge,63.59,62.86,-0.73,-0.3263758389261745,-1.594460345593209,0.94170866774086,False,True,Qwen2.5-3B|s2
RedHatAI/Qwen2.5-3B-quantized.w8a8,qwen2.5,Qwen2.5-3B,w8a8_int,gsm8k,68.23,66.26,-1.97,-0.3263758389261745,-1.4829703997032286,0.8302187218508797,False,False,Qwen2.5-3B|s2
RedHatAI/Qwen2.5-3B-quantized.w8a8,qwen2.5,Qwen2.5-3B,w8a8_int,hellaswag,74.46,74.07,-0.39,-0.3263758389261745,-0.7189928424599359,0.06624116460758694,False,True,Qwen2.5-3B|s2
RedHatAI/Qwen2.5-3B-quantized.w8a8,qwen2.5,Qwen2.5-3B,w8a8_int,winogrande,70.64,70.48,-0.16,-0.3263758389261745,-1.4806854554252595,0.8279337775729106,False,True,Qwen2.5-3B|s2
RedHatAI/Qwen2.5-3B-quantized.w8a8,qwen2.5,Qwen2.5-3B,w8a8_int,truthfulqa,48.93,47.93,-1.0,-0.3263758389261745,-1.9042296343620695,1.2514779565097203,False,True,Qwen2.5-3B|s2
RedHatAI/Qwen2.5-3B-FP8-dynamic,qwen2.5,Qwen2.5-3B,fp8_dynamic,mmlu,65.68,65.23,-0.45,-0.007164179104477612,-0.5119314241443065,0.49760306593535125,False,True,Qwen2.5-3B|s3
RedHatAI/Qwen2.5-3B-FP8-dynamic,qwen2.5,Qwen2.5-3B,fp8_dynamic,arc_challenge,63.59,62.5,-1.09,-0.007164179104477612,-1.7779106465580896,1.7635822883491343,False,True,Qwen2.5-3B|s3
RedHatAI/Qwen2.5-3B-FP8-dynamic,qwen2.5,Qwen2.5-3B,fp8_dynamic,gsm8k,68.23,63.91,-4.32,-0.007164179104477612,-1.622226678491824,1.6078983202828687,False,False,Qwen2.5-3B|s3
RedHatAI/Qwen2.5-3B-FP8-dynamic,qwen2.5,Qwen2.5-3B,fp8_dynamic,hellaswag,74.46,74.13,-0.33,-0.007164179104477612,-0.5554124767647992,0.5410841185558439,False,True,Qwen2.5-3B|s3
RedHatAI/Qwen2.5-3B-FP8-dynamic,qwen2.5,Qwen2.5-3B,fp8_dynamic,winogrande,70.64,69.93,-0.71,-0.007164179104477612,-1.6190359944425592,1.604707636233604,False,True,Qwen2.5-3B|s3
RedHatAI/Qwen2.5-3B-FP8-dynamic,qwen2.5,Qwen2.5-3B,fp8_dynamic,truthfulqa,48.93,48.71,-0.22,-0.007164179104477612,-2.2104708355117304,2.1961424773027756,False,True,Qwen2.5-3B|s3
RedHatAI/Qwen2.5-3B-quantized.w4a16,qwen2.5,Qwen2.5-3B,w4a16,mmlu,65.68,64.1,-1.58,-0.75671875,-1.7395079973428897,0.22607049734288975,False,True,Qwen2.5-3B|s3
RedHatAI/Qwen2.5-3B-quantized.w4a16,qwen2.5,Qwen2.5-3B,w4a16,arc_challenge,53.58,51.19,-2.39,-0.75671875,-4.330062410676325,2.8166249106763246,False,True,Qwen2.5-3B|s3
RedHatAI/Qwen2.5-3B-quantized.w4a16,qwen2.5,Qwen2.5-3B,w4a16,gsm8k,68.23,67.85,-0.38,-0.75671875,-3.9012691814753486,2.3878316814753484,False,True,Qwen2.5-3B|s3
RedHatAI/Qwen2.5-3B-quantized.w4a16,qwen2.5,Qwen2.5-3B,w4a16,hellaswag,74.46,73.36,-1.1,-0.75671875,-1.824166246067406,0.3107287460674061,False,True,Qwen2.5-3B|s3
RedHatAI/Qwen2.5-3B-quantized.w4a16,qwen2.5,Qwen2.5-3B,w4a16,winogrande,70.64,70.32,-0.32,-0.75671875,-3.895056872720967,2.3816193727209667,False,True,Qwen2.5-3B|s3
RedHatAI/Qwen2.5-3B-quantized.w8a16,qwen2.5,Qwen2.5-3B,w8a16,mmlu,65.68,65.65,-0.03,0.011754385964912276,-3.2698862594788904,3.293395031408715,False,True,Qwen2.5-3B|s3
RedHatAI/Qwen2.5-3B-quantized.w8a16,qwen2.5,Qwen2.5-3B,w8a16,arc_challenge,53.58,53.07,-0.51,0.011754385964912276,-11.920030407894446,11.943539179824269,False,True,Qwen2.5-3B|s3
RedHatAI/Qwen2.5-3B-quantized.w8a16,qwen2.5,Qwen2.5-3B,w8a16,gsm8k,68.23,70.05,1.82,0.011754385964912276,-10.488242979163982,10.511751751093804,False,True,Qwen2.5-3B|s3
RedHatAI/Qwen2.5-3B-quantized.w8a16,qwen2.5,Qwen2.5-3B,w8a16,hellaswag,51.83,51.78,-0.05,0.011754385964912276,-4.072230384213854,4.0957391561436784,False,True,Qwen2.5-3B|s3
RedHatAI/Qwen2.5-3B-quantized.w8a16,qwen2.5,Qwen2.5-3B,w8a16,winogrande,70.64,70.56,-0.08,0.011754385964912276,-10.467499401672121,10.491008173601944,False,True,Qwen2.5-3B|s3
RedHatAI/Qwen2.5-3B-quantized.w8a8,qwen2.5,Qwen2.5-3B,w8a8_int,mmlu,65.68,64.73,-0.95,-0.31032,-0.6772305784863746,0.056590578486374665,False,False,Qwen2.5-3B|s3
RedHatAI/Qwen2.5-3B-quantized.w8a8,qwen2.5,Qwen2.5-3B,w8a8_int,arc_challenge,63.59,62.86,-0.73,-0.31032,-1.5974590073554473,0.9768190073554475,False,True,Qwen2.5-3B|s3
RedHatAI/Qwen2.5-3B-quantized.w8a8,qwen2.5,Qwen2.5-3B,w8a8_int,gsm8k,68.23,66.26,-1.97,-0.31032,-1.484293790425136,0.8636537904251362,False,False,Qwen2.5-3B|s3
RedHatAI/Qwen2.5-3B-quantized.w8a8,qwen2.5,Qwen2.5-3B,w8a8_int,hellaswag,74.46,74.07,-0.39,-0.31032,-0.7088365480237258,0.08819654802372578,False,True,Qwen2.5-3B|s3
RedHatAI/Qwen2.5-3B-quantized.w8a8,qwen2.5,Qwen2.5-3B,w8a8_int,winogrande,70.64,70.48,-0.16,-0.31032,-1.481974512100746,0.8613345121007461,False,True,Qwen2.5-3B|s3
RedHatAI/Qwen2.5-3B-quantized.w8a8,qwen2.5,Qwen2.5-3B,w8a8_int,truthfulqa,48.93,47.93,-1.0,-0.31032,-1.9118829536767519,1.291242953676752,False,True,Qwen2.5-3B|s3
RedHatAI/Qwen2.5-3B-FP8-dynamic,qwen2.5,Qwen2.5-3B,fp8_dynamic,mmlu,65.68,65.23,-0.45,0.04460431654676259,-0.4560082593684344,0.5452168924619596,False,True,Qwen2.5-3B|s4
RedHatAI/Qwen2.5-3B-FP8-dynamic,qwen2.5,Qwen2.5-3B,fp8_dynamic,arc_challenge,63.59,62.5,-1.09,0.04460431654676259,-1.7115673825395006,1.800776015633026,False,True,Qwen2.5-3B|s4
RedHatAI/Qwen2.5-3B-FP8-dynamic,qwen2.5,Qwen2.5-3B,fp8_dynamic,gsm8k,68.23,63.91,-4.32,0.04460431654676259,-1.5571648276031105,1.6463734606966358,False,False,Qwen2.5-3B|s4
RedHatAI/Qwen2.5-3B-FP8-dynamic,qwen2.5,Qwen2.5-3B,fp8_dynamic,hellaswag,74.46,74.13,-0.33,0.04460431654676259,-0.49913142548063244,0.5883400585741576,False,True,Qwen2.5-3B|s4
RedHatAI/Qwen2.5-3B-FP8-dynamic,qwen2.5,Qwen2.5-3B,fp8_dynamic,winogrande,70.64,69.93,-0.71,0.04460431654676259,-1.5540004056313401,1.6432090387248655,False,True,Qwen2.5-3B|s4
RedHatAI/Qwen2.5-3B-FP8-dynamic,qwen2.5,Qwen2.5-3B,fp8_dynamic,truthfulqa,48.93,48.71,-0.22,0.04460431654676259,-2.140567228623729,2.2297758617172545,False,True,Qwen2.5-3B|s4
RedHatAI/Qwen2.5-3B-quantized.w4a16,qwen2.5,Qwen2.5-3B,w4a16,mmlu,65.68,64.1,-1.58,-0.6785906040268457,-2.286800916160586,0.9296197081068946,False,True,Qwen2.5-3B|s4
RedHatAI/Qwen2.5-3B-quantized.w4a16,qwen2.5,Qwen2.5-3B,w4a16,arc_challenge,53.58,51.19,-2.39,-0.6785906040268457,-6.525915591997951,5.168734383944258,False,True,Qwen2.5-3B|s4
RedHatAI/Qwen2.5-3B-quantized.w4a16,qwen2.5,Qwen2.5-3B,w4a16,gsm8k,68.23,67.85,-0.38,-0.6785906040268457,-5.82424970092462,4.467068492870929,False,True,Qwen2.5-3B|s4
RedHatAI/Qwen2.5-3B-quantized.w4a16,qwen2.5,Qwen2.5-3B,w4a16,hellaswag,74.46,73.36,-1.1,-0.6785906040268457,-2.4253334336601884,1.068152225606497,False,True,Qwen2.5-3B|s4
RedHatAI/Qwen2.5-3B-quantized.w4a16,qwen2.5,Qwen2.5-3B,w4a16,winogrande,70.64,70.32,-0.32,-0.6785906040268457,-5.8140840433047725,4.456902835251082,False,True,Qwen2.5-3B|s4
RedHatAI/Qwen2.5-3B-quantized.w8a16,qwen2.5,Qwen2.5-3B,w8a16,mmlu,65.68,65.65,-0.03,-0.156140350877193,-0.5890014143976295,0.2767207126432435,False,True,Qwen2.5-3B|s4
RedHatAI/Qwen2.5-3B-quantized.w8a16,qwen2.5,Qwen2.5-3B,w8a16,arc_challenge,53.58,53.07,-0.51,-0.156140350877193,-1.7299888046186767,1.4177081028642906,False,True,Qwen2.5-3B|s4
RedHatAI/Qwen2.5-3B-quantized.w8a16,qwen2.5,Qwen2.5-3B,w8a16,gsm8k,68.23,70.05,1.82,-0.156140350877193,-1.5411305181405592,1.2288498163861732,False,False,Qwen2.5-3B|s4
RedHatAI/Qwen2.5-3B-quantized.w8a16,qwen2.5,Qwen2.5-3B,w8a16,hellaswag,51.83,51.78,-0.05,-0.156140350877193,-0.6948337003379998,0.3825529985836138,False,True,Qwen2.5-3B|s4
RedHatAI/Qwen2.5-3B-quantized.w8a16,qwen2.5,Qwen2.5-3B,w8a16,winogrande,70.64,70.56,-0.08,-0.156140350877193,-1.5383943602291767,1.2261136584747907,False,True,Qwen2.5-3B|s4
RedHatAI/Qwen2.5-3B-quantized.w8a8,qwen2.5,Qwen2.5-3B,w8a8_int,mmlu,65.68,64.73,-0.95,-0.22109375,-0.7513895219898558,0.3092020219898558,False,False,Qwen2.5-3B|s4
RedHatAI/Qwen2.5-3B-quantized.w8a8,qwen2.5,Qwen2.5-3B,w8a8_int,arc_challenge,63.59,62.86,-0.73,-0.22109375,-2.081395451792337,1.639207951792337,False,True,Qwen2.5-3B|s4
RedHatAI/Qwen2.5-3B-quantized.w8a8,qwen2.5,Qwen2.5-3B,w8a8_int,gsm8k,68.23,66.26,-1.97,-0.22109375,-1.917837790625892,1.475650290625892,False,False,Qwen2.5-3B|s4
RedHatAI/Qwen2.5-3B-quantized.w8a8,qwen2.5,Qwen2.5-3B,w8a8_int,hellaswag,74.46,74.07,-0.39,-0.22109375,-0.7970696222596273,0.35488212225962734,False,True,Qwen2.5-3B|s4
RedHatAI/Qwen2.5-3B-quantized.w8a8,qwen2.5,Qwen2.5-3B,w8a8_int,winogrande,70.64,70.48,-0.16,-0.22109375,-1.9144857382141964,1.4722982382141963,False,True,Qwen2.5-3B|s4
RedHatAI/Qwen2.5-3B-quantized.w8a8,qwen2.5,Qwen2.5-3B,w8a8_int,truthfulqa,48.93,47.93,-1.0,-0.22109375,-2.5358323067731896,2.0936448067731894,False,True,Qwen2.5-3B|s4
RedHatAI/Qwen2.5-72B-FP8-dynamic,qwen2.5,Qwen2.5-72B,fp8_dynamic,mmlu,86.05,85.84,-0.21,-0.055234375,-0.37878292685630394,0.26831417685630393,False,True,Qwen2.5-72B|s0
RedHatAI/Qwen2.5-72B-FP8-dynamic,qwen2.5,Qwen2.5-72B,fp8_dynamic,arc_challenge,68.26,68.17,-0.09,-0.055234375,-1.5598106207395268,1.449341870739527,False,True,Qwen2.5-72B|s0
RedHatAI/Qwen2.5-72B-FP8-dynamic,qwen2.5,Qwen2.5-72B,fp8_dynamic,gsm8k,88.63,87.79,-0.84,-0.055234375,-1.0224863224058476,0.9120175724058477,False,True,Qwen2.5-72B|s0
RedHatAI/Qwen2.5-72B-FP8-dynamic,qwen2.5,Qwen2.5-72B,fp8_dynamic,hellaswag,87.53,87.46,-0.07,-0.055234375,-0.4200664270955375,0.3095976770955375,False,True,Qwen2.5-72B|s0
RedHatAI/Qwen2.5-72B-FP8-dynamic,qwen2.5,Qwen2.5-72B,fp8_dynamic,winogrande,82.56,83.19,0.63,-0.055234375,-1.2349061228473757,1.1244373728473758,False,True,Qwen2.5-72B|s0
RedHatAI/Qwen2.5-72B-FP8-dynamic,qwen2.5,Qwen2.5-72B,fp8_dynamic,truthfulqa,60.44,60.28,-0.16,-0.055234375,-1.9483221222478033,1.8378533722478034,False,True,Qwen2.5-72B|s0
RedHatAI/Qwen2.5-72B-quantized.w8a16,qwen2.5,Qwen2.5-72B,w8a16,mmlu,86.05,85.98,-0.07,-0.18,-0.4713770398855315,0.11137703988553149,False,True,Qwen2.5-72B|s0
RedHatAI/Qwen2.5-72B-quantized.w8a16,qwen2.5,Qwen2.5-72B,w8a16,arc_challenge,68.26,68.17,-0.09,-0.18,-1.534971209886216,1.1749712098862162,False,True,Qwen2.5-72B|s0
RedHatAI/Qwen2.5-72B-quantized.w8a16,qwen2.5,Qwen2.5-72B,w8a16,gsm8k,88.63,89.16,0.53,-0.18,-1.0510748592186612,0.6910748592186613,False,True,Qwen2.5-72B|s0
RedHatAI/Qwen2.5-72B-quantized.w8a16,qwen2.5,Qwen2.5-72B,w8a16,hellaswag,87.53,87.49,-0.04,-0.18,-0.5085555839612407,0.1485555839612407,False,True,Qwen2.5-72B|s0
RedHatAI/Qwen2.5-72B-quantized.w8a16,qwen2.5,Qwen2.5-72B,w8a16,winogrande,82.56,82.56,0.0,-0.18,-1.242373050203044,0.882373050203044,False,True,Qwen2.5-72B|s0
RedHatAI/Qwen2.5-72B-quantized.w8a16,qwen2.5,Qwen2.5-72B,w8a16,truthfulqa,60.44,60.3,-0.14,-0.18,-1.8848517166029986,1.5248517166029987,False,True,Qwen2.5-72B|s0
RedHatAI/Qwen2.5-72B-quantized.w8a8,qwen2.5,Qwen2.5-72B,w8a8_int,mmlu,86.05,85.68,-0.37,-0.29523076923076924,-0.6445818010623087,0.054120262600770186,False,True,Qwen2.5-72B|s0
RedHatAI/Qwen2.5-72B-quantized.w8a8,qwen2.5,Qwen2.5-72B,w8a8_int,arc_challenge,68.26,68.17,-0.09,-0.29523076923076924,-1.9197945662332387,1.3293330277717004,False,True,Qwen2.5-72B|s0
RedHatAI/Qwen2.5-72B-quantized.w8a8,qwen2.5,Qwen2.5-72B,w8a8_int,gsm8k,88.63,88.63,0.0,-0.29523076923076924,-1.3396195137595142,0.7491579752979758,False,True,Qwen2.5-72B|s0
RedHatAI/Qwen2.5-72B-quantized.w8a8,qwen2.5,Qwen2.5-72B,w8a8_int,hellaswag,87.53,87.53,0.0,-0.29523076923076924,-0.6891575944739856,0.09869605601244708,False,True,Qwen2.5-72B|s0
RedHatAI/Qwen2.5-72B-quantized.w8a8,qwen2.5,Qwen2.5-72B,w8a8_int,winogrande,82.56,81.77,-0.79,-0.29523076923076924,-1.5689794538363147,0.9785179153747763,False,True,Qwen2.5-72B|s0
RedHatAI/Qwen2.5-72B-quantized.w8a8,qwen2.5,Qwen2.5-72B,w8a8_int,truthfulqa,60.44,60.49,0.05,-0.29523076923076924,-2.3392892391397546,1.748827700678216,False,True,Qwen2.5-72B|s0
RedHatAI/Qwen2.5-72B-FP8-dynamic,qwen2.5,Qwen2.5-72B,fp8_dynamic,mmlu,86.05,85.84,-0.21,-0.09993197278911566,-0.5118852189030213,0.31202127332479,False,True,Qwen2.5-72B|s1
RedHatAI/Qwen2.5-72B-FP8-dynamic,qwen2.5,Qwen2.5-72B,fp8_dynamic,arc_challenge,68.26,68.17,-0.09,-0.09993197278911566,-2.0156106704751027,1.8157467248968715,False,True,Qwen2.5-72B|s1
RedHatAI/Qwen2.5-72B-FP8-dynamic,qwen2.5,Qwen2.5-72B,fp8_dynamic,gsm8k,88.63,87.79,-0.84,-0.09993197278911566,-1.3314707241070414,1.13160677852881,False,True,Qwen2.5-72B|s1
RedHatAI/Qwen2.5-72B-FP8-dynamic,qwen2.5,Qwen2.5-72B,fp8_dynamic,hellaswag,87.53,87.46,-0.07,-0.09993197278911566,-0.5644488042966893,0.36458485871845797,False,True,Qwen2.5-72B|s1
RedHatAI/Qwen2.5-72B-FP8-dynamic,qwen2.5,Qwen2.5-72B,fp8_dynamic,winogrande,82.56,83.19,0.63,-0.09993197278911566,-1.6019309868054803,1.402067041227249,False,True,Qwen2.5-72B|s1
RedHatAI/Qwen2.5-72B-FP8-dynamic,qwen2.5,Qwen2.5-72B,fp8_dynamic,truthfulqa,60.44,60.28,-0.16,-0.09993197278911566,-2.5102769988535516,2.31041305327532,False,True,Qwen2.5-72B|s1
RedHatAI/Qwen2.5-72B-quantized.w8a16,qwen2.5,Qwen2.5-72B,w8a16,mmlu,86.05,85.98,-0.07,-0.15617021276595744,-0.3339391447101506,0.02159871917823572,False,True,Qwen2.5-72B|s1
RedHatAI/Qwen2.5-72B-quantized.w8a16,qwen2.5,Qwen2.5-72B,w8a16,arc_challenge,68.26,68.17,-0.09,-0.15617021276595744,-0.982837217452501,0.6704967919205861,False,True,Qwen2.5-72B|s1
RedHatAI/Qwen2.5-72B-quantized.w8a16,qwen2.5,Qwen2.5-72B,w8a16,gsm8k,88.63,89.16,0.53,-0.15617021276595744,-0.687612386204102,0.37527196067218715,False,False,Qwen2.5-72B|s1
RedHatAI/Qwen2.5-72B-quantized.w8a16,qwen2.5,Qwen2.5-72B,w8a16,hellaswag,87.53,87.49,-0.04,-0.15617021276595744,-0.3566217489200615,0.04428132338814664,False,True,Qwen2.5-72B|s1
RedHatAI/Qwen2.5-72B-quantized.w8a16,qwen2.5,Qwen2.5-72B,w8a16,winogrande,82.56,82.56,0.0,-0.15617021276595744,-0.8043232811583159,0.491982855626401,False,True,Qwen2.5-72B|s1
RedHatAI/Qwen2.5-72B-quantized.w8a16,qwen2.5,Qwen2.5-72B,w8a16,truthfulqa,60.44,60.3,-0.14,-0.15617021276595744,-1.1962990743358373,0.8839586488039224,False,True,Qwen2.5-72B|s1
RedHatAI/Qwen2.5-72B-quantized.w8a8,qwen2.5,Qwen2.5-72B,w8a8_int,mmlu,86.05,85.68,-0.37,-0.36473333333333335,-0.7238171317367794,-0.005649534929887345,False,True,Qwen2.5-72B|s1
RedHatAI/Qwen2.5-72B-quantized.w8a8,qwen2.5,Qwen2.5-72B,w8a8_int,arc_challenge,68.26,68.17,-0.09,-0.36473333333333335,-2.034556765421179,1.3050900987545127,False,True,Qwen2.5-72B|s1
RedHatAI/Qwen2.5-72B-quantized.w8a8,qwen2.5,Qwen2.5-72B,w8a8_int,gsm8k,88.63,88.63,0.0,-0.36473333333333335,-1.438218290366544,0.7087516236998772,False,True,Qwen2.5-72B|s1
RedHatAI/Qwen2.5-72B-quantized.w8a8,qwen2.5,Qwen2.5-72B,w8a8_int,hellaswag,87.53,87.53,0.0,-0.36473333333333335,-0.7696347872083988,0.04016812054173213,False,True,Qwen2.5-72B|s1
RedHatAI/Qwen2.5-72B-quantized.w8a8,qwen2.5,Qwen2.5-72B,w8a8_int,winogrande,82.56,81.77,-0.79,-0.36473333333333335,-1.6739680978097315,0.9445014311430648,False,True,Qwen2.5-72B|s1
RedHatAI/Qwen2.5-72B-quantized.w8a8,qwen2.5,Qwen2.5-72B,w8a8_int,truthfulqa,60.44,60.49,0.05,-0.36473333333333335,-2.4657383759850777,1.7362717093184108,False,True,Qwen2.5-72B|s1
RedHatAI/Qwen2.5-72B-FP8-dynamic,qwen2.5,Qwen2.5-72B,fp8_dynamic,mmlu,86.05,85.84,-0.21,-0.11031746031746031,-1.057711766926399,0.8370768462914782,False,True,Qwen2.5-72B|s2
RedHatAI/Qwen2.5-72B-FP8-dynamic,qwen2.5,Qwen2.5-72B,fp8_dynamic,arc_challenge,68.26,68.17,-0.09,-0.11031746031746031,-4.515922000639269,4.295287080004349,False,True,Qwen2.5-72B|s2
RedHatAI/Qwen2.5-72B-FP8-dynamic,qwen2.5,Qwen2.5-72B,fp8_dynamic,gsm8k,88.63,87.79,-0.84,-0.11031746031746031,-2.942563139586305,2.7219282189513843,False,True,Qwen2.5-72B|s2
RedHatAI/Qwen2.5-72B-FP8-dynamic,qwen2.5,Qwen2.5-72B,fp8_dynamic,hellaswag,87.53,87.46,-0.07,-0.11031746031746031,-1.1785954885785022,0.9579605679435814,False,True,Qwen2.5-72B|s2
RedHatAI/Qwen2.5-72B-FP8-dynamic,qwen2.5,Qwen2.5-72B,fp8_dynamic,winogrande,82.56,83.19,0.63,-0.11031746031746031,-3.5645572990245102,3.3439223783895895,False,True,Qwen2.5-72B|s2
RedHatAI/Qwen2.5-72B-FP8-dynamic,qwen2.5,Qwen2.5-72B,fp8_dynamic,truthfulqa,60.44,60.28,-0.16,-0.11031746031746031,-5.653536687737303,5.432901767102383,False,True,Qwen2.5-72B|s2
RedHatAI/Qwen2.5-72B-quantized.w8a16,qwen2.5,Qwen2.5-72B,w8a16,mmlu,86.05,85.98,-0.07,0.03568627450980391,-1.5201462363250222,1.59151878534463,False,True,Qwen2.5-72B|s2
RedHatAI/Qwen2.5-72B-quantized.w8a16,qwen2.5,Qwen2.5-72B,w8a16,arc_challenge,68.26,68.17,-0.09,0.03568627450980391,-7.199297856066688,7.270670405086297,False,True,Qwen2.5-72B|s2
RedHatAI/Qwen2.5-72B-quantized.w8a16,qwen2.5,Qwen2.5-72B,w8a16,gsm8k,88.63,89.16,0.53,0.03568627450980391,-4.615492095191789,4.686864644211398,False,True,Qwen2.5-72B|s2
RedHatAI/Qwen2.5-72B-quantized.w8a16,qwen2.5,Qwen2.5-72B,w8a16,hellaswag,87.53,87.49,-0.04,0.03568627450980391,-1.7186642376102916,1.7900367866298994,False,True,Qwen2.5-72B|s2
RedHatAI/Qwen2.5-72B-quantized.w8a16,qwen2.5,Qwen2.5-72B,w8a16,winogrande,82.56,82.56,0.0,0.03568627450980391,-5.636945072112402,5.708317621132011,False,True,Qwen2.5-72B|s2
RedHatAI/Qwen2.5-72B-quantized.w8a16,qwen2.5,Qwen2.5-72B,w8a16,truthfulqa,60.44,60.3,-0.14,0.03568627450980391,-9.067514608735962,9.138887157755569,False,True,Qwen2.5-72B|s2
RedHatAI/Qwen2.5-72B-quantized.w8a8,qwen2.5,Qwen2.5-72B,w8a8_int,mmlu,86.05,85.68,-0.37,-0.253030303030303,-0.7246682808137372,0.21860767475313125,False,True,Qwen2.5-72B|s2
RedHatAI/Qwen2.5-72B-quantized.w8a8,qwen2.5,Qwen2.5-72B,w8a8_int,arc_challenge,68.26,68.17,-0.09,-0.253030303030303,-2.4462569266399177,1.9401963205793118,False,True,Qwen2.5-72B|s2
RedHatAI/Qwen2.5-72B-quantized.w8a8,qwen2.5,Qwen2.5-72B,w8a8_int,gsm8k,88.63,88.63,0.0,-0.253030303030303,-1.6629972148407732,1.1569366087801674,False,True,Qwen2.5-72B|s2
RedHatAI/Qwen2.5-72B-quantized.w8a8,qwen2.5,Qwen2.5-72B,w8a8_int,hellaswag,87.53,87.53,0.0,-0.253030303030303,-0.7848473990849929,0.27878679302438697,False,True,Qwen2.5-72B|s2
RedHatAI/Qwen2.5-72B-quantized.w8a8,qwen2.5,Qwen2.5-72B,w8a8_int,winogrande,82.56,81.77,-0.79,-0.253030303030303,-1.972642381065772,1.4665817750051662,False,True,Qwen2.5-72B|s2
RedHatAI/Qwen2.5-72B-quantized.w8a8,qwen2.5,Qwen2.5-72B,w8a8_int,truthfulqa,60.44,60.49,0.05,-0.253030303030303,-3.012591647860828,2.5065310418002222,False,True,Qwen2.5-72B|s2
RedHatAI/Qwen2.5-72B-FP8-dynamic,qwen2.5,Qwen2.5-72B,fp8_dynamic,mmlu,86.05,85.84,-0.21,-0.009083333333333343,-0.3393278406263376,0.3211611739596709,False,True,Qwen2.5-72B|s3
RedHatAI/Qwen2.5-72B-FP8-dynamic,qwen2.5,Qwen2.5-72B,fp8_dynamic,arc_challenge,68.26,68.17,-0.09,-0.009083333333333343,-1.5447973339315624,1.5266306672648957,False,True,Qwen2.5-72B|s3
RedHatAI/Qwen2.5-72B-FP8-dynamic,qwen2.5,Qwen2.5-72B,fp8_dynamic,gsm8k,88.63,87.79,-0.84,-0.009083333333333343,-0.9963529130195059,0.9781862463528392,False,True,Qwen2.5-72B|s3
RedHatAI/Qwen2.5-72B-FP8-dynamic,qwen2.5,Qwen2.5-72B,fp8_dynamic,hellaswag,87.53,87.46,-0.07,-0.009083333333333343,-0.38146571797925904,0.3632990513125924,False,True,Qwen2.5-72B|s3
RedHatAI/Qwen2.5-72B-FP8-dynamic,qwen2.5,Qwen2.5-72B,fp8_dynamic,winogrande,82.56,83.19,0.63,-0.009083333333333343,-1.213168818804324,1.1950021521376573,False,True,Qwen2.5-72B|s3
RedHatAI/Qwen2.5-72B-FP8-dynamic,qwen2.5,Qwen2.5-72B,fp8_dynamic,truthfulqa,60.44,60.28,-0.16,-0.009083333333333343,-1.9413492228432734,1.9231825561766067,False,True,Qwen2.5-72B|s3
RedHatAI/Qwen2.5-72B-quantized.w8a16,qwen2.5,Qwen2.5-72B,w8a16,mmlu,86.05,85.98,-0.07,-0.1306779661016949,-0.42332069805546885,0.16196476585207903,False,True,Qwen2.5-72B|s3
RedHatAI/Qwen2.5-72B-quantized.w8a16,qwen2.5,Qwen2.5-72B,w8a16,arc_challenge,68.26,68.17,-0.09,-0.1306779661016949,-1.4915349393744965,1.2301790071711065,False,True,Qwen2.5-72B|s3
RedHatAI/Qwen2.5-72B-quantized.w8a16,qwen2.5,Qwen2.5-72B,w8a16,gsm8k,88.63,89.16,0.53,-0.1306779661016949,-1.005536625652021,0.7441806934486314,False,True,Qwen2.5-72B|s3
RedHatAI/Qwen2.5-72B-quantized.w8a16,qwen2.5,Qwen2.5-72B,w8a16,hellaswag,87.53,87.49,-0.04,-0.1306779661016949,-0.46066073937325286,0.19930480716986304,False,True,Qwen2.5-72B|s3
RedHatAI/Qwen2.5-72B-quantized.w8a16,qwen2.5,Qwen2.5-72B,w8a16,winogrande,82.56,82.56,0.0,-0.1306779661016949,-1.1976657832873565,0.9363098510839666,False,True,Qwen2.5-72B|s3
RedHatAI/Qwen2.5-72B-quantized.w8a16,qwen2.5,Qwen2.5-72B,w8a16,truthfulqa,60.44,60.3,-0.14,-0.1306779661016949,-1.8429352672218595,1.5815793350184695,False,True,Qwen2.5-72B|s3
RedHatAI/Qwen2.5-72B-quantized.w8a8,qwen2.5,Qwen2.5-72B,w8a8_int,mmlu,86.05,85.68,-0.37,-0.3282786885245902,-0.954657588069617,0.2981002110204366,False,True,Qwen2.5-72B|s3
RedHatAI/Qwen2.5-72B-quantized.w8a8,qwen2.5,Qwen2.5-72B,w8a8_int,arc_challenge,68.26,68.17,-0.09,-0.3282786885245902,-3.2410866973407497,2.584529320291569,False,True,Qwen2.5-72B|s3
RedHatAI/Qwen2.5-72B-quantized.w8a8,qwen2.5,Qwen2.5-72B,w8a8_int,gsm8k,88.63,88.63,0.0,-0.3282786885245902,-2.200845284551079,1.5442879075018987,False,True,Qwen2.5-72B|s3
RedHatAI/Qwen2.5-72B-quantized.w8a8,qwen2.5,Qwen2.5-72B,w8a8_int,hellaswag,87.53,87.53,0.0,-0.3282786885245902,-1.0345810286192831,0.37802365157010287,False,True,Qwen2.5-72B|s3
RedHatAI/Qwen2.5-72B-quantized.w8a8,qwen2.5,Qwen2.5-72B,w8a8_int,winogrande,82.56,81.77,-0.79,-0.3282786885245902,-2.61208273277564,1.9555253557264596,False,True,Qwen2.5-72B|s3
RedHatAI/Qwen2.5-72B-quantized.w8a8,qwen2.5,Qwen2.5-72B,w8a8_int,truthfulqa,60.44,60.49,0.05,-0.3282786885245902,-3.9932316393568104,3.3366742623076298,False,True,Qwen2.5-72B|s3
RedHatAI/Qwen2.5-72B-FP8-dynamic,qwen2.5,Qwen2.5-72B,fp8_dynamic,mmlu,86.05,85.84,-0.21,-0.0671764705882353,-0.45804351374070423,0.32369057256423367,False,True,Qwen2.5-72B|s4
RedHatAI/Qwen2.5-72B-FP8-dynamic,qwen2.5,Qwen2.5-72B,fp8_dynamic,arc_challenge,68.26,68.17,-0.09,-0.0671764705882353,-1.8847994053706376,1.7504464641941668,False,True,Qwen2.5-72B|s4
RedHatAI/Qwen2.5-72B-FP8-dynamic,qwen2.5,Qwen2.5-72B,fp8_dynamic,gsm8k,88.63,87.79,-0.84,-0.0671764705882353,-1.2356777866871562,1.1013248455106854,False,True,Qwen2.5-72B|s4
RedHatAI/Qwen2.5-72B-FP8-dynamic,qwen2.5,Qwen2.5-72B,fp8_dynamic,hellaswag,87.53,87.46,-0.07,-0.0671764705882353,-0.5079165840323618,0.3735636428558912,False,True,Qwen2.5-72B|s4
RedHatAI/Qwen2.5-72B-FP8-dynamic,qwen2.5,Qwen2.5-72B,fp8_dynamic,winogrande,82.56,83.19,0.63,-0.0671764705882353,-1.4922942939447512,1.3579413527682804,False,True,Qwen2.5-72B|s4
RedHatAI/Qwen2.5-72B-FP8-dynamic,qwen2.5,Qwen2.5-72B,fp8_dynamic,truthfulqa,60.44,60.28,-0.16,-0.0671764705882353,-2.354145786165781,2.21979284498931,False,True,Qwen2.5-72B|s4
RedHatAI/Qwen2.5-72B-quantized.w8a16,qwen2.5,Qwen2.5-72B,w8a16,mmlu,86.05,85.98,-0.07,-0.10214285714285713,-0.2688785146779516,0.06459280039223735,False,True,Qwen2.5-72B|s4
RedHatAI/Qwen2.5-72B-quantized.w8a16,qwen2.5,Qwen2.5-72B,w8a16,arc_challenge,68.26,68.17,-0.09,-0.10214285714285713,-0.8775025619097634,0.6732168476240492,False,True,Qwen2.5-72B|s4
RedHatAI/Qwen2.5-72B-quantized.w8a16,qwen2.5,Qwen2.5-72B,w8a16,gsm8k,88.63,89.16,0.53,-0.10214285714285713,-0.6006009356214191,0.39631522133570485,False,False,Qwen2.5-72B|s4
RedHatAI/Qwen2.5-72B-quantized.w8a16,qwen2.5,Qwen2.5-72B,w8a16,hellaswag,87.53,87.49,-0.04,-0.10214285714285713,-0.2901533172330746,0.0858676029473603,False,True,Qwen2.5-72B|s4
RedHatAI/Qwen2.5-72B-quantized.w8a16,qwen2.5,Qwen2.5-72B,w8a16,winogrande,82.56,82.56,0.0,-0.10214285714285713,-0.7100681389109634,0.5057824246252492,False,True,Qwen2.5-72B|s4
RedHatAI/Qwen2.5-72B-quantized.w8a16,qwen2.5,Qwen2.5-72B,w8a16,truthfulqa,60.44,60.3,-0.14,-0.10214285714285713,-1.0777158538323284,0.8734301395466141,False,True,Qwen2.5-72B|s4
RedHatAI/Qwen2.5-72B-quantized.w8a8,qwen2.5,Qwen2.5-72B,w8a8_int,mmlu,86.05,85.68,-0.37,-0.34202614379084967,-0.5435388511949394,-0.14051343638675992,False,True,Qwen2.5-72B|s4
RedHatAI/Qwen2.5-72B-quantized.w8a8,qwen2.5,Qwen2.5-72B,w8a8_int,arc_challenge,68.26,68.17,-0.09,-0.34202614379084967,-1.2791072434754125,0.5950549558937133,False,True,Qwen2.5-72B|s4
RedHatAI/Qwen2.5-72B-quantized.w8a8,qwen2.5,Qwen2.5-72B,w8a8_int,gsm8k,88.63,88.63,0.0,-0.34202614379084967,-0.9444505946046384,0.26039830702293915,False,True,Qwen2.5-72B|s4
RedHatAI/Qwen2.5-72B-quantized.w8a8,qwen2.5,Qwen2.5-72B,w8a8_int,hellaswag,87.53,87.53,0.0,-0.34202614379084967,-0.5692510661209393,-0.11480122146075997,False,False,Qwen2.5-72B|s4
RedHatAI/Qwen2.5-72B-quantized.w8a8,qwen2.5,Qwen2.5-72B,w8a8_int,winogrande,82.56,81.77,-0.79,-0.34202614379084967,-1.0767500249300743,0.39269773734837504,False,True,Qwen2.5-72B|s4
RedHatAI/Qwen2.5-72B-quantized.w8a8,qwen2.5,Qwen2.5-72B,w8a8_int,truthfulqa,60.44,60.49,0.05,-0.34202614379084967,-1.52108021500437,0.8370279274226708,False,True,Qwen2.5-72B|s4
RedHatAI/Qwen2.5-7B-FP8-dynamic,qwen2.5,Qwen2.5-7B,fp8_dynamic,mmlu,74.15,74.26,0.11,-0.0012820512820512831,-0.5961946923576832,0.5936305897935806,False,True,Qwen2.5-7B|s0
RedHatAI/Qwen2.5-7B-FP8-dynamic,qwen2.5,Qwen2.5-7B,fp8_dynamic,arc_challenge,59.39,59.39,0.0,-0.0012820512820512831,-2.3111714288225813,2.3086073262584788,False,True,Qwen2.5-7B|s0
RedHatAI/Qwen2.5-7B-FP8-dynamic,qwen2.5,Qwen2.5-7B,fp8_dynamic,gsm8k,79.76,80.74,0.98,-0.0012820512820512831,-1.7826648693059526,1.78010076674185,False,True,Qwen2.5-7B|s0
RedHatAI/Qwen2.5-7B-FP8-dynamic,qwen2.5,Qwen2.5-7B,fp8_dynamic,hellaswag,80.17,80.13,-0.04,-0.0012820512820512831,-0.6419588848954938,0.6393947823313912,False,True,Qwen2.5-7B|s0
RedHatAI/Qwen2.5-7B-FP8-dynamic,qwen2.5,Qwen2.5-7B,fp8_dynamic,winogrande,75.69,75.3,-0.39,-0.0012820512820512831,-1.9417445532653141,1.9391804507012116,False,True,Qwen2.5-7B|s0
RedHatAI/Qwen2.5-7B-FP8-dynamic,qwen2.5,Qwen2.5-7B,fp8_dynamic,truthfulqa,56.38,56.18,-0.2,-0.0012820512820512831,-2.7949588965045087,2.792394793940406,False,True,Qwen2.5-7B|s0
RedHatAI/Qwen2.5-7B-quantized.w4a16,qwen2.5,Qwen2.5-7B,w4a16,mmlu,74.15,73.47,-0.68,-0.6361594202898551,-1.8916205841772848,0.6193017435975747,False,True,Qwen2.5-7B|s0
RedHatAI/Qwen2.5-7B-quantized.w4a16,qwen2.5,Qwen2.5-7B,w4a16,arc_challenge,59.39,58.7,-0.69,-0.6361594202898551,-5.510785047902914,4.238466207323203,False,True,Qwen2.5-7B|s0
RedHatAI/Qwen2.5-7B-quantized.w4a16,qwen2.5,Qwen2.5-7B,w4a16,gsm8k,79.76,79.08,-0.68,-0.6361594202898551,-4.395462537469767,3.123143696890056,False,True,Qwen2.5-7B|s0
RedHatAI/Qwen2.5-7B-quantized.w4a16,qwen2.5,Qwen2.5-7B,w4a16,hellaswag,80.17,79.39,-0.78,-0.6361594202898551,-1.9881980687706635,0.7158792281909534,False,True,Qwen2.5-7B|s0
RedHatAI/Qwen2.5-7B-quantized.w4a16,qwen2.5,Qwen2.5-7B,w4a16,winogrande,75.69,76.01,0.32,-0.6361594202898551,-4.731172944990043,3.458854104410333,False,True,Qwen2.5-7B|s0
RedHatAI/Qwen2.5-7B-quantized.w4a16,qwen2.5,Qwen2.5-7B,w4a16,truthfulqa,56.38,55.48,-0.9,-0.6361594202898551,-6.531735579651471,5.25941673907176,False,True,Qwen2.5-7B|s0
RedHatAI/Qwen2.5-7B-quantized.w8a16,qwen2.5,Qwen2.5-7B,w8a16,mmlu,74.15,74.41,0.26,-0.1846153846153846,-0.5492763856079931,0.18004561637722385,False,False,Qwen2.5-7B|s0
RedHatAI/Qwen2.5-7B-quantized.w8a16,qwen2.5,Qwen2.5-7B,w8a16,gsm8k,79.76,80.44,0.68,-0.1846153846153846,-1.2765418234234736,0.9073110541927043,False,True,Qwen2.5-7B|s0
RedHatAI/Qwen2.5-7B-quantized.w8a16,qwen2.5,Qwen2.5-7B,w8a16,hellaswag,80.17,80.25,0.08,-0.1846153846153846,-0.5773282626538111,0.20809749342304187,False,True,Qwen2.5-7B|s0
RedHatAI/Qwen2.5-7B-quantized.w8a16,qwen2.5,Qwen2.5-7B,w8a16,winogrande,75.69,75.37,-0.32,-0.1846153846153846,-1.374052201897401,1.0048214326666318,False,True,Qwen2.5-7B|s0
RedHatAI/Qwen2.5-7B-quantized.w8a16,qwen2.5,Qwen2.5-7B,w8a16,truthfulqa,56.38,56.28,-0.1,-0.1846153846153846,-1.897043268122368,1.5278124988915986,False,True,Qwen2.5-7B|s0
RedHatAI/Qwen2.5-7B-quantized.w8a8,qwen2.5,Qwen2.5-7B,w8a8_int,mmlu,74.15,73.66,-0.49,-0.303768115942029,-0.6341669027828414,0.026630670898783404,False,True,Qwen2.5-7B|s0
RedHatAI/Qwen2.5-7B-quantized.w8a8,qwen2.5,Qwen2.5-7B,w8a8_int,arc_challenge,59.39,59.13,-0.26,-0.303768115942029,-1.5866197405032323,0.9790835086191744,False,True,Qwen2.5-7B|s0
RedHatAI/Qwen2.5-7B-quantized.w8a8,qwen2.5,Qwen2.5-7B,w8a8_int,gsm8k,79.76,79.83,0.07,-0.303768115942029,-1.293101139543623,0.685564907659565,False,True,Qwen2.5-7B|s0
RedHatAI/Qwen2.5-7B-quantized.w8a8,qwen2.5,Qwen2.5-7B,w8a8_int,hellaswag,80.17,79.95,-0.22,-0.303768115942029,-0.65958312804224,0.05204689615818198,False,True,Qwen2.5-7B|s0
RedHatAI/Qwen2.5-7B-quantized.w8a8,qwen2.5,Qwen2.5-7B,w8a8_int,winogrande,75.69,75.22,-0.47,-0.303768115942029,-1.381449799434531,0.773913567550473,False,True,Qwen2.5-7B|s0
RedHatAI/Qwen2.5-7B-quantized.w8a8,qwen2.5,Qwen2.5-7B,w8a8_int,truthfulqa,56.38,56.38,0.0,-0.303768115942029,-1.8553025375638121,1.2477663056797543,False,True,Qwen2.5-7B|s0
RedHatAI/Qwen2.5-7B-FP8-dynamic,qwen2.5,Qwen2.5-7B,fp8_dynamic,mmlu,74.15,74.26,0.11,-0.1406779661016949,-0.7653432378321252,0.4839873056287354,False,True,Qwen2.5-7B|s1
RedHatAI/Qwen2.5-7B-FP8-dynamic,qwen2.5,Qwen2.5-7B,fp8_dynamic,arc_challenge,59.39,59.39,0.0,-0.1406779661016949,-2.566088986247006,2.2847330540436164,False,True,Qwen2.5-7B|s1
RedHatAI/Qwen2.5-7B-FP8-dynamic,qwen2.5,Qwen2.5-7B,fp8_dynamic,gsm8k,79.76,80.74,0.98,-0.1406779661016949,-2.0111508813601096,1.72979494915672,False,True,Qwen2.5-7B|s1
RedHatAI/Qwen2.5-7B-FP8-dynamic,qwen2.5,Qwen2.5-7B,fp8_dynamic,hellaswag,80.17,80.13,-0.04,-0.1406779661016949,-0.8133961783705342,0.5320402461671444,False,True,Qwen2.5-7B|s1
RedHatAI/Qwen2.5-7B-FP8-dynamic,qwen2.5,Qwen2.5-7B,fp8_dynamic,winogrande,75.69,75.3,-0.39,-0.1406779661016949,-2.1781864209438657,1.896830488740476,False,True,Qwen2.5-7B|s1
RedHatAI/Qwen2.5-7B-FP8-dynamic,qwen2.5,Qwen2.5-7B,fp8_dynamic,truthfulqa,56.38,56.18,-0.2,-0.1406779661016949,-3.074071518628409,2.7927155864250195,False,True,Qwen2.5-7B|s1
RedHatAI/Qwen2.5-7B-quantized.w4a16,qwen2.5,Qwen2.5-7B,w4a16,mmlu,74.15,73.47,-0.68,-0.6305042016806722,-2.1491258280940286,0.8881174247326841,False,True,Qwen2.5-7B|s1
RedHatAI/Qwen2.5-7B-quantized.w4a16,qwen2.5,Qwen2.5-7B,w4a16,arc_challenge,59.39,58.7,-0.69,-0.6305042016806722,-6.526912718085987,5.265904314724643,False,True,Qwen2.5-7B|s1
RedHatAI/Qwen2.5-7B-quantized.w4a16,qwen2.5,Qwen2.5-7B,w4a16,gsm8k,79.76,79.08,-0.68,-0.6305042016806722,-5.1778045708257014,3.9167961674643568,False,True,Qwen2.5-7B|s1
RedHatAI/Qwen2.5-7B-quantized.w4a16,qwen2.5,Qwen2.5-7B,w4a16,hellaswag,80.17,79.39,-0.78,-0.6305042016806722,-2.2659471690855515,1.0049387657242068,False,True,Qwen2.5-7B|s1
RedHatAI/Qwen2.5-7B-quantized.w4a16,qwen2.5,Qwen2.5-7B,w4a16,winogrande,75.69,76.01,0.32,-0.6305042016806722,-5.583884105371977,4.3228757020106325,False,True,Qwen2.5-7B|s1
RedHatAI/Qwen2.5-7B-quantized.w4a16,qwen2.5,Qwen2.5-7B,w4a16,truthfulqa,56.38,55.48,-0.9,-0.6305042016806722,-7.761867332062876,6.500858928701532,False,True,Qwen2.5-7B|s1
RedHatAI/Qwen2.5-7B-quantized.w8a16,qwen2.5,Qwen2.5-7B,w8a16,mmlu,74.15,74.41,0.26,0.03509803921568627,-1.9305379012333372,2.0007339796647097,False,True,Qwen2.5-7B|s1
RedHatAI/Qwen2.5-7B-quantized.w8a16,qwen2.5,Qwen2.5-7B,w8a16,gsm8k,79.76,80.44,0.68,0.03509803921568627,-5.850724263156582,5.920920341587955,False,True,Qwen2.5-7B|s1
RedHatAI/Qwen2.5-7B-quantized.w8a16,qwen2.5,Qwen2.5-7B,w8a16,hellaswag,80.17,80.25,0.08,0.03509803921568627,-2.0817462222992758,2.1519423007306484,False,True,Qwen2.5-7B|s1
RedHatAI/Qwen2.5-7B-quantized.w8a16,qwen2.5,Qwen2.5-7B,w8a16,winogrande,75.69,75.37,-0.32,0.03509803921568627,-6.376335458138805,6.446531536570178,False,True,Qwen2.5-7B|s1
RedHatAI/Qwen2.5-7B-quantized.w8a16,qwen2.5,Qwen2.5-7B,w8a16,truthfulqa,56.38,56.28,-0.1,0.03509803921568627,-9.195419576010757,9.26561565444213,False,True,Qwen2.5-7B|s1
RedHatAI/Qwen2.5-7B-quantized.w8a8,qwen2.5,Qwen2.5-7B,w8a8_int,mmlu,74.15,73.66,-0.49,-0.2970634920634921,-0.7632196858156483,0.16909270168866408,False,True,Qwen2.5-7B|s1
RedHatAI/Qwen2.5-7B-quantized.w8a8,qwen2.5,Qwen2.5-7B,w8a8_int,arc_challenge,59.39,59.13,-0.26,-0.2970634920634921,-2.1070254358473353,1.5128984517203512,False,True,Qwen2.5-7B|s1
RedHatAI/Qwen2.5-7B-quantized.w8a8,qwen2.5,Qwen2.5-7B,w8a8_int,gsm8k,79.76,79.83,0.07,-0.2970634920634921,-1.6929031107411219,1.0987761266141378,False,True,Qwen2.5-7B|s1
RedHatAI/Qwen2.5-7B-quantized.w8a8,qwen2.5,Qwen2.5-7B,w8a8_int,hellaswag,80.17,79.95,-0.22,-0.2970634920634921,-0.7990791722857877,0.20495218815880362,False,True,Qwen2.5-7B|s1
RedHatAI/Qwen2.5-7B-quantized.w8a8,qwen2.5,Qwen2.5-7B,w8a8_int,winogrande,75.69,75.22,-0.47,-0.2970634920634921,-1.8175533112204967,1.2234263270935126,False,True,Qwen2.5-7B|s1
RedHatAI/Qwen2.5-7B-quantized.w8a8,qwen2.5,Qwen2.5-7B,w8a8_int,truthfulqa,56.38,56.38,0.0,-0.2970634920634921,-2.4861071849119534,1.891980200784969,False,True,Qwen2.5-7B|s1
RedHatAI/Qwen2.5-7B-FP8-dynamic,qwen2.5,Qwen2.5-7B,fp8_dynamic,mmlu,74.15,74.26,0.11,-0.19174603174603175,-0.8071586306705919,0.42366656717852835,False,True,Qwen2.5-7B|s2
RedHatAI/Qwen2.5-7B-FP8-dynamic,qwen2.5,Qwen2.5-7B,fp8_dynamic,arc_challenge,59.39,59.39,0.0,-0.19174603174603175,-2.58123135599506,2.1977392925029964,False,True,Qwen2.5-7B|s2
RedHatAI/Qwen2.5-7B-FP8-dynamic,qwen2.5,Qwen2.5-7B,fp8_dynamic,gsm8k,79.76,80.74,0.98,-0.19174603174603175,-2.0345131105183145,1.6510210470262512,False,True,Qwen2.5-7B|s2
RedHatAI/Qwen2.5-7B-FP8-dynamic,qwen2.5,Qwen2.5-7B,fp8_dynamic,hellaswag,80.17,80.13,-0.04,-0.19174603174603175,-0.8544998009917609,0.4710077374996974,False,True,Qwen2.5-7B|s2
RedHatAI/Qwen2.5-7B-FP8-dynamic,qwen2.5,Qwen2.5-7B,fp8_dynamic,winogrande,75.69,75.3,-0.39,-0.19174603174603175,-2.1990744847135595,1.815582421221496,False,True,Qwen2.5-7B|s2
RedHatAI/Qwen2.5-7B-FP8-dynamic,qwen2.5,Qwen2.5-7B,fp8_dynamic,truthfulqa,56.38,56.18,-0.2,-0.19174603174603175,-3.081689544738466,2.6981974812464022,False,True,Qwen2.5-7B|s2
RedHatAI/Qwen2.5-7B-quantized.w4a16,qwen2.5,Qwen2.5-7B,w4a16,mmlu,74.15,73.47,-0.68,-0.5455172413793103,-2.1478714606269182,1.0568369778682973,False,True,Qwen2.5-7B|s2
RedHatAI/Qwen2.5-7B-quantized.w4a16,qwen2.5,Qwen2.5-7B,w4a16,arc_challenge,59.39,58.7,-0.69,-0.5455172413793103,-6.767037401726269,5.676002918967648,False,True,Qwen2.5-7B|s2
RedHatAI/Qwen2.5-7B-quantized.w4a16,qwen2.5,Qwen2.5-7B,w4a16,gsm8k,79.76,79.08,-0.68,-0.5455172413793103,-5.343543165647589,4.252508682888968,False,True,Qwen2.5-7B|s2
RedHatAI/Qwen2.5-7B-quantized.w4a16,qwen2.5,Qwen2.5-7B,w4a16,hellaswag,80.17,79.39,-0.78,-0.5455172413793103,-2.2711340069914323,1.1800995242328116,False,True,Qwen2.5-7B|s2
RedHatAI/Qwen2.5-7B-quantized.w4a16,qwen2.5,Qwen2.5-7B,w4a16,winogrande,75.69,76.01,0.32,-0.5455172413793103,-5.7720128016734495,4.680978318914828,False,True,Qwen2.5-7B|s2
RedHatAI/Qwen2.5-7B-quantized.w4a16,qwen2.5,Qwen2.5-7B,w4a16,truthfulqa,56.38,55.48,-0.9,-0.5455172413793103,-8.070083994680916,6.979049511922295,False,True,Qwen2.5-7B|s2
RedHatAI/Qwen2.5-7B-quantized.w8a16,qwen2.5,Qwen2.5-7B,w8a16,mmlu,74.15,74.41,0.26,-0.1442857142857143,-0.6113791828938748,0.32280775432244624,False,True,Qwen2.5-7B|s2
RedHatAI/Qwen2.5-7B-quantized.w8a16,qwen2.5,Qwen2.5-7B,w8a16,gsm8k,79.76,80.44,0.68,-0.1442857142857143,-1.542931871619563,1.2543604430481343,False,True,Qwen2.5-7B|s2
RedHatAI/Qwen2.5-7B-quantized.w8a16,qwen2.5,Qwen2.5-7B,w8a16,hellaswag,80.17,80.25,0.08,-0.1442857142857143,-0.6473107700793286,0.35873934150790004,False,True,Qwen2.5-7B|s2
RedHatAI/Qwen2.5-7B-quantized.w8a16,qwen2.5,Qwen2.5-7B,w8a16,winogrande,75.69,75.37,-0.32,-0.1442857142857143,-1.6678326994643384,1.3792612708929097,False,True,Qwen2.5-7B|s2
RedHatAI/Qwen2.5-7B-quantized.w8a16,qwen2.5,Qwen2.5-7B,w8a16,truthfulqa,56.38,56.28,-0.1,-0.1442857142857143,-2.3377307979973687,2.0491593694259405,False,True,Qwen2.5-7B|s2
RedHatAI/Qwen2.5-7B-quantized.w8a8,qwen2.5,Qwen2.5-7B,w8a8_int,mmlu,74.15,73.66,-0.49,-0.2741958041958042,-0.7193570009344001,0.1709653925427918,False,True,Qwen2.5-7B|s2
RedHatAI/Qwen2.5-7B-quantized.w8a8,qwen2.5,Qwen2.5-7B,w8a8_int,arc_challenge,59.39,59.13,-0.26,-0.2741958041958042,-2.0026396943450258,1.4542480859534175,False,True,Qwen2.5-7B|s2
RedHatAI/Qwen2.5-7B-quantized.w8a8,qwen2.5,Qwen2.5-7B,w8a8_int,gsm8k,79.76,79.83,0.07,-0.2741958041958042,-1.6071688364838796,1.0587772280922714,False,True,Qwen2.5-7B|s2
RedHatAI/Qwen2.5-7B-quantized.w8a8,qwen2.5,Qwen2.5-7B,w8a8_int,hellaswag,80.17,79.95,-0.22,-0.2741958041958042,-0.7536014282860747,0.2052098198944663,False,True,Qwen2.5-7B|s2
RedHatAI/Qwen2.5-7B-quantized.w8a8,qwen2.5,Qwen2.5-7B,w8a8_int,winogrande,75.69,75.22,-0.47,-0.2741958041958042,-1.7262049732183553,1.177813364826747,False,True,Qwen2.5-7B|s2
RedHatAI/Qwen2.5-7B-quantized.w8a8,qwen2.5,Qwen2.5-7B,w8a8_int,truthfulqa,56.38,56.38,0.0,-0.2741958041958042,-2.36464815274832,1.8162565443567116,False,True,Qwen2.5-7B|s2
RedHatAI/Qwen2.5-7B-FP8-dynamic,qwen2.5,Qwen2.5-7B,fp8_dynamic,mmlu,74.15,74.26,0.11,-0.027419354838709685,-0.48744328020730215,0.4326045705298828,False,True,Qwen2.5-7B|s3
RedHatAI/Qwen2.5-7B-FP8-dynamic,qwen2.5,Qwen2.5-7B,fp8_dynamic,arc_challenge,59.39,59.39,0.0,-0.027419354838709685,-1.813571312716369,1.7587326030389498,False,True,Qwen2.5-7B|s3
RedHatAI/Qwen2.5-7B-FP8-dynamic,qwen2.5,Qwen2.5-7B,fp8_dynamic,gsm8k,79.76,80.74,0.98,-0.027419354838709685,-1.4048967522761913,1.350058042598772,False,True,Qwen2.5-7B|s3
RedHatAI/Qwen2.5-7B-FP8-dynamic,qwen2.5,Qwen2.5-7B,fp8_dynamic,hellaswag,80.17,80.13,-0.04,-0.027419354838709685,-0.5228310363902998,0.4679923267128805,False,True,Qwen2.5-7B|s3
RedHatAI/Qwen2.5-7B-FP8-dynamic,qwen2.5,Qwen2.5-7B,fp8_dynamic,winogrande,75.69,75.3,-0.39,-0.027419354838709685,-1.5279071837389802,1.473068474061561,False,True,Qwen2.5-7B|s3
RedHatAI/Qwen2.5-7B-FP8-dynamic,qwen2.5,Qwen2.5-7B,fp8_dynamic,truthfulqa,56.38,56.18,-0.2,-0.027419354838709685,-2.1876662546641197,2.1328275449867005,False,True,Qwen2.5-7B|s3
RedHatAI/Qwen2.5-7B-quantized.w4a16,qwen2.5,Qwen2.5-7B,w4a16,mmlu,74.15,73.47,-0.68,-0.614375,-1.8756877741820648,0.6469377741820647,False,True,Qwen2.5-7B|s3
RedHatAI/Qwen2.5-7B-quantized.w4a16,qwen2.5,Qwen2.5-7B,w4a16,arc_challenge,59.39,58.7,-0.69,-0.614375,-5.511720891947407,4.282970891947407,False,True,Qwen2.5-7B|s3
RedHatAI/Qwen2.5-7B-quantized.w4a16,qwen2.5,Qwen2.5-7B,w4a16,gsm8k,79.76,79.08,-0.68,-0.614375,-4.391199946969555,3.1624499469695544,False,True,Qwen2.5-7B|s3
RedHatAI/Qwen2.5-7B-quantized.w4a16,qwen2.5,Qwen2.5-7B,w4a16,hellaswag,80.17,79.39,-0.78,-0.614375,-1.9727153991854633,0.7439653991854634,False,True,Qwen2.5-7B|s3
RedHatAI/Qwen2.5-7B-quantized.w4a16,qwen2.5,Qwen2.5-7B,w4a16,winogrande,75.69,76.01,0.32,-0.614375,-4.728475075512804,3.4997250755128047,False,True,Qwen2.5-7B|s3
RedHatAI/Qwen2.5-7B-quantized.w4a16,qwen2.5,Qwen2.5-7B,w4a16,truthfulqa,56.38,55.48,-0.9,-0.614375,-6.537429997528224,5.308679997528224,False,True,Qwen2.5-7B|s3
RedHatAI/Qwen2.5-7B-quantized.w8a16,qwen2.5,Qwen2.5-7B,w8a16,mmlu,74.15,74.41,0.26,0.051875,-1.9244849553157373,2.028234955315737,False,True,Qwen2.5-7B|s3
RedHatAI/Qwen2.5-7B-quantized.w8a16,qwen2.5,Qwen2.5-7B,w8a16,gsm8k,79.76,80.44,0.68,0.051875,-5.866058867171525,5.969808867171524,False,True,Qwen2.5-7B|s3
RedHatAI/Qwen2.5-7B-quantized.w8a16,qwen2.5,Qwen2.5-7B,w8a16,hellaswag,80.17,80.25,0.08,0.051875,-2.076518230916599,2.1802682309165986,False,True,Qwen2.5-7B|s3
RedHatAI/Qwen2.5-7B-quantized.w8a16,qwen2.5,Qwen2.5-7B,w8a16,winogrande,75.69,75.37,-0.32,0.051875,-6.394537664517496,6.498287664517496,False,True,Qwen2.5-7B|s3
RedHatAI/Qwen2.5-7B-quantized.w8a16,qwen2.5,Qwen2.5-7B,w8a16,truthfulqa,56.38,56.28,-0.1,0.051875,-9.229001995667225,9.332751995667227,False,True,Qwen2.5-7B|s3
RedHatAI/Qwen2.5-7B-quantized.w8a8,qwen2.5,Qwen2.5-7B,w8a8_int,mmlu,74.15,73.66,-0.49,-0.3535384615384615,-0.8957239518549556,0.18864702877803258,False,True,Qwen2.5-7B|s3
RedHatAI/Qwen2.5-7B-quantized.w8a8,qwen2.5,Qwen2.5-7B,w8a8_int,arc_challenge,59.39,59.13,-0.26,-0.3535384615384615,-2.458702175112092,1.751625252035169,False,True,Qwen2.5-7B|s3
RedHatAI/Qwen2.5-7B-quantized.w8a8,qwen2.5,Qwen2.5-7B,w8a8_int,gsm8k,79.76,79.83,0.07,-0.3535384615384615,-1.977037190503743,1.2699602674268198,False,True,Qwen2.5-7B|s3
RedHatAI/Qwen2.5-7B-quantized.w8a8,qwen2.5,Qwen2.5-7B,w8a8_int,hellaswag,80.17,79.95,-0.22,-0.3535384615384615,-0.937432060671048,0.2303551375941249,False,True,Qwen2.5-7B|s3
RedHatAI/Qwen2.5-7B-quantized.w8a8,qwen2.5,Qwen2.5-7B,w8a8_int,winogrande,75.69,75.22,-0.47,-0.3535384615384615,-2.122017630473809,1.4149407073968863,False,True,Qwen2.5-7B|s3
RedHatAI/Qwen2.5-7B-quantized.w8a8,qwen2.5,Qwen2.5-7B,w8a8_int,truthfulqa,56.38,56.38,0.0,-0.3535384615384615,-2.8996115242559344,2.1925346011790112,False,True,Qwen2.5-7B|s3
RedHatAI/Qwen2.5-7B-FP8-dynamic,qwen2.5,Qwen2.5-7B,fp8_dynamic,mmlu,74.15,74.26,0.11,-0.035933333333333345,-0.4574062658966749,0.38553959923000813,False,True,Qwen2.5-7B|s4
RedHatAI/Qwen2.5-7B-FP8-dynamic,qwen2.5,Qwen2.5-7B,fp8_dynamic,arc_challenge,59.39,59.39,0.0,-0.035933333333333345,-1.6724019215426558,1.600535254875989,False,True,Qwen2.5-7B|s4
RedHatAI/Qwen2.5-7B-FP8-dynamic,qwen2.5,Qwen2.5-7B,fp8_dynamic,gsm8k,79.76,80.74,0.98,-0.035933333333333345,-1.2979751668586565,1.2261085001919898,False,True,Qwen2.5-7B|s4
RedHatAI/Qwen2.5-7B-FP8-dynamic,qwen2.5,Qwen2.5-7B,fp8_dynamic,hellaswag,80.17,80.13,-0.04,-0.035933333333333345,-0.48982845211956316,0.4179617854528964,False,True,Qwen2.5-7B|s4
RedHatAI/Qwen2.5-7B-FP8-dynamic,qwen2.5,Qwen2.5-7B,fp8_dynamic,winogrande,75.69,75.3,-0.39,-0.035933333333333345,-1.4106770600111973,1.3388103933445306,False,True,Qwen2.5-7B|s4
RedHatAI/Qwen2.5-7B-FP8-dynamic,qwen2.5,Qwen2.5-7B,fp8_dynamic,truthfulqa,56.38,56.18,-0.2,-0.035933333333333345,-2.0151469040204653,1.9432802373537985,False,True,Qwen2.5-7B|s4
RedHatAI/Qwen2.5-7B-quantized.w4a16,qwen2.5,Qwen2.5-7B,w4a16,mmlu,74.15,73.47,-0.68,-0.6231654676258993,-2.1472248998914134,0.900893964639615,False,True,Qwen2.5-7B|s4
RedHatAI/Qwen2.5-7B-quantized.w4a16,qwen2.5,Qwen2.5-7B,w4a16,arc_challenge,59.39,58.7,-0.69,-0.6231654676258993,-6.540687554508247,5.294356619256448,False,True,Qwen2.5-7B|s4
RedHatAI/Qwen2.5-7B-quantized.w4a16,qwen2.5,Qwen2.5-7B,w4a16,gsm8k,79.76,79.08,-0.68,-0.6231654676258993,-5.186748586949626,3.940417651697828,False,True,Qwen2.5-7B|s4
RedHatAI/Qwen2.5-7B-quantized.w4a16,qwen2.5,Qwen2.5-7B,w4a16,hellaswag,80.17,79.39,-0.78,-0.6231654676258993,-2.2644645490122635,1.018133613760465,False,True,Qwen2.5-7B|s4
RedHatAI/Qwen2.5-7B-quantized.w4a16,qwen2.5,Qwen2.5-7B,w4a16,winogrande,75.69,76.01,0.32,-0.6231654676258993,-5.594282191180537,4.347951255928739,False,True,Qwen2.5-7B|s4
RedHatAI/Qwen2.5-7B-quantized.w4a16,qwen2.5,Qwen2.5-7B,w4a16,truthfulqa,56.38,55.48,-0.9,-0.6231654676258993,-7.780064233409163,6.533733298157365,False,True,Qwen2.5-7B|s4
RedHatAI/Qwen2.5-7B-quantized.w8a16,qwen2.5,Qwen2.5-7B,w8a16,mmlu,74.15,74.41,0.26,-0.14550000000000002,-0.48345099482889914,0.1924509948288991,False,False,Qwen2.5-7B|s4
RedHatAI/Qwen2.5-7B-quantized.w8a16,qwen2.5,Qwen2.5-7B,w8a16,gsm8k,79.76,80.44,0.68,-0.14550000000000002,-1.157447055678297,0.866447055678297,False,True,Qwen2.5-7B|s4
RedHatAI/Qwen2.5-7B-quantized.w8a16,qwen2.5,Qwen2.5-7B,w8a16,hellaswag,80.17,80.25,0.08,-0.14550000000000002,-0.5094481805127181,0.21844818051271808,False,True,Qwen2.5-7B|s4
RedHatAI/Qwen2.5-7B-quantized.w8a16,qwen2.5,Qwen2.5-7B,w8a16,winogrande,75.69,75.37,-0.32,-0.14550000000000002,-1.2478151765404295,0.9568151765404296,False,True,Qwen2.5-7B|s4
RedHatAI/Qwen2.5-7B-quantized.w8a16,qwen2.5,Qwen2.5-7B,w8a16,truthfulqa,56.38,56.28,-0.1,-0.14550000000000002,-1.7324991724606205,1.4414991724606205,False,True,Qwen2.5-7B|s4
RedHatAI/Qwen2.5-7B-quantized.w8a8,qwen2.5,Qwen2.5-7B,w8a8_int,mmlu,74.15,73.66,-0.49,-0.3894444444444444,-0.8190948998945906,0.04020601100570176,False,True,Qwen2.5-7B|s4
RedHatAI/Qwen2.5-7B-quantized.w8a8,qwen2.5,Qwen2.5-7B,w8a8_int,arc_challenge,59.39,59.13,-0.26,-0.3894444444444444,-2.057664204080671,1.278775315191782,False,True,Qwen2.5-7B|s4
RedHatAI/Qwen2.5-7B-quantized.w8a8,qwen2.5,Qwen2.5-7B,w8a8_int,gsm8k,79.76,79.83,0.07,-0.3894444444444444,-1.6759727281790164,0.8970838392901275,False,True,Qwen2.5-7B|s4
RedHatAI/Qwen2.5-7B-quantized.w8a8,qwen2.5,Qwen2.5-7B,w8a8_int,hellaswag,80.17,79.95,-0.22,-0.3894444444444444,-0.8521461494555809,0.07325726056669196,False,True,Qwen2.5-7B|s4
RedHatAI/Qwen2.5-7B-quantized.w8a8,qwen2.5,Qwen2.5-7B,w8a8_int,winogrande,75.69,75.22,-0.47,-0.3894444444444444,-1.7908612915526694,1.0119724026637804,False,True,Qwen2.5-7B|s4
RedHatAI/Qwen2.5-7B-quantized.w8a8,qwen2.5,Qwen2.5-7B,w8a8_int,truthfulqa,56.38,56.38,0.0,-0.3894444444444444,-2.407059210135329,1.62817032124644,False,True,Qwen2.5-7B|s4
RedHatAI/Qwen2.5-7B-Instruct-FP8-dynamic,qwen2.5,Qwen2.5-7B-Instruct,fp8_dynamic,mmlu,74.24,74.04,-0.2,-0.04470149253731344,-0.376829705166207,0.28742672009158016,False,True,Qwen2.5-7B-Instruct|s0
RedHatAI/Qwen2.5-7B-Instruct-FP8-dynamic,qwen2.5,Qwen2.5-7B-Instruct,fp8_dynamic,arc_challenge,63.4,63.14,-0.26,-0.04470149253731344,-1.3110396914532039,1.221636706378577,False,True,Qwen2.5-7B-Instruct|s0
RedHatAI/Qwen2.5-7B-Instruct-FP8-dynamic,qwen2.5,Qwen2.5-7B-Instruct,fp8_dynamic,gsm8k,80.36,80.06,-0.3,-0.04470149253731344,-1.029158262038376,0.9397552769637489,False,True,Qwen2.5-7B-Instruct|s0
RedHatAI/Qwen2.5-7B-Instruct-FP8-dynamic,qwen2.5,Qwen2.5-7B-Instruct,fp8_dynamic,hellaswag,81.52,81.11,-0.41,-0.04470149253731344,-0.39328055872377277,0.3038775736491459,False,False,Qwen2.5-7B-Instruct|s0
RedHatAI/Qwen2.5-7B-Instruct-FP8-dynamic,qwen2.5,Qwen2.5-7B-Instruct,fp8_dynamic,winogrande,74.66,74.43,-0.23,-0.04470149253731344,-1.1444346826749134,1.0550316976002865,False,True,Qwen2.5-7B-Instruct|s0
RedHatAI/Qwen2.5-7B-Instruct-FP8-dynamic,qwen2.5,Qwen2.5-7B-Instruct,fp8_dynamic,truthfulqa,64.76,64.87,0.11,-0.04470149253731344,-1.5488429562776644,1.4594399712030375,False,True,Qwen2.5-7B-Instruct|s0
RedHatAI/Qwen2.5-7B-Instruct-quantized.w4a16,qwen2.5,Qwen2.5-7B-Instruct,w4a16,mmlu,74.24,73.19,-1.05,-0.7396694214876033,-1.6906327676341597,0.21129392465895325,False,True,Qwen2.5-7B-Instruct|s0
RedHatAI/Qwen2.5-7B-Instruct-quantized.w4a16,qwen2.5,Qwen2.5-7B-Instruct,w4a16,arc_challenge,63.4,63.23,-0.17,-0.7396694214876033,-4.365501751304849,2.8861629083296423,False,True,Qwen2.5-7B-Instruct|s0
RedHatAI/Qwen2.5-7B-Instruct-quantized.w4a16,qwen2.5,Qwen2.5-7B-Instruct,w4a16,gsm8k,80.36,80.59,0.23,-0.7396694214876033,-3.558407089845248,2.0790682468700417,False,True,Qwen2.5-7B-Instruct|s0
RedHatAI/Qwen2.5-7B-Instruct-quantized.w4a16,qwen2.5,Qwen2.5-7B-Instruct,w4a16,hellaswag,81.52,80.65,-0.87,-0.7396694214876033,-1.7377355374417638,0.2583966944665572,False,True,Qwen2.5-7B-Instruct|s0
RedHatAI/Qwen2.5-7B-Instruct-quantized.w4a16,qwen2.5,Qwen2.5-7B-Instruct,w4a16,winogrande,74.66,74.19,-0.47,-0.7396694214876033,-3.8884713437447163,2.40913250076951,False,True,Qwen2.5-7B-Instruct|s0
RedHatAI/Qwen2.5-7B-Instruct-quantized.w4a16,qwen2.5,Qwen2.5-7B-Instruct,w4a16,truthfulqa,64.76,64.27,-0.49,-0.7396694214876033,-5.0463899741151375,3.567051131139931,False,True,Qwen2.5-7B-Instruct|s0
RedHatAI/Qwen2.5-7B-Instruct-quantized.w8a8,qwen2.5,Qwen2.5-7B-Instruct,w8a8_int,mmlu,74.24,73.87,-0.37,-0.27,-0.7153938352756872,0.17539383527568725,False,True,Qwen2.5-7B-Instruct|s0
RedHatAI/Qwen2.5-7B-Instruct-quantized.w8a8,qwen2.5,Qwen2.5-7B-Instruct,w8a8_int,arc_challenge,63.4,63.23,-0.17,-0.27,-1.9681972796194416,1.4281972796194415,False,True,Qwen2.5-7B-Instruct|s0
RedHatAI/Qwen2.5-7B-Instruct-quantized.w8a8,qwen2.5,Qwen2.5-7B-Instruct,w8a8_int,gsm8k,80.36,80.74,0.38,-0.27,-1.5901858787019725,1.0501858787019724,False,True,Qwen2.5-7B-Instruct|s0
RedHatAI/Qwen2.5-7B-Instruct-quantized.w8a8,qwen2.5,Qwen2.5-7B-Instruct,w8a8_int,hellaswag,81.52,81.06,-0.46,-0.27,-0.7374549203655887,0.1974549203655887,False,True,Qwen2.5-7B-Instruct|s0
RedHatAI/Qwen2.5-7B-Instruct-quantized.w8a8,qwen2.5,Qwen2.5-7B-Instruct,w8a8_int,winogrande,74.66,74.82,0.16,-0.27,-1.744774995651004,1.2047749956510039,False,True,Qwen2.5-7B-Instruct|s0
RedHatAI/Qwen2.5-7B-Instruct-quantized.w8a8,qwen2.5,Qwen2.5-7B-Instruct,w8a8_int,truthfulqa,64.76,64.58,-0.18,-0.27,-2.2870985476655643,1.7470985476655643,False,True,Qwen2.5-7B-Instruct|s0
RedHatAI/Qwen2.5-7B-Instruct-FP8-dynamic,qwen2.5,Qwen2.5-7B-Instruct,fp8_dynamic,mmlu,74.24,74.04,-0.2,-0.04,-0.5300372431827708,0.4500372431827708,False,True,Qwen2.5-7B-Instruct|s1
RedHatAI/Qwen2.5-7B-Instruct-FP8-dynamic,qwen2.5,Qwen2.5-7B-Instruct,fp8_dynamic,arc_challenge,63.4,63.14,-0.26,-0.04,-1.908413631657237,1.828413631657237,False,True,Qwen2.5-7B-Instruct|s1
RedHatAI/Qwen2.5-7B-Instruct-FP8-dynamic,qwen2.5,Qwen2.5-7B-Instruct,fp8_dynamic,gsm8k,80.36,80.06,-0.3,-0.04,-1.492512803836854,1.412512803836854,False,True,Qwen2.5-7B-Instruct|s1
RedHatAI/Qwen2.5-7B-Instruct-FP8-dynamic,qwen2.5,Qwen2.5-7B-Instruct,fp8_dynamic,hellaswag,81.52,81.11,-0.41,-0.04,-0.5543095892793086,0.4743095892793086,False,True,Qwen2.5-7B-Instruct|s1
RedHatAI/Qwen2.5-7B-Instruct-FP8-dynamic,qwen2.5,Qwen2.5-7B-Instruct,fp8_dynamic,winogrande,74.66,74.43,-0.23,-0.04,-1.6625969376885772,1.5825969376885771,False,True,Qwen2.5-7B-Instruct|s1
RedHatAI/Qwen2.5-7B-Instruct-FP8-dynamic,qwen2.5,Qwen2.5-7B-Instruct,fp8_dynamic,truthfulqa,64.76,64.87,0.11,-0.04,-2.259279507796009,2.179279507796009,False,True,Qwen2.5-7B-Instruct|s1
RedHatAI/Qwen2.5-7B-Instruct-quantized.w4a16,qwen2.5,Qwen2.5-7B-Instruct,w4a16,mmlu,74.24,73.19,-1.05,-0.6119166666666668,-2.088951055278041,0.8651177219447076,False,True,Qwen2.5-7B-Instruct|s1
RedHatAI/Qwen2.5-7B-Instruct-quantized.w4a16,qwen2.5,Qwen2.5-7B-Instruct,w4a16,arc_challenge,63.4,63.23,-0.17,-0.6119166666666668,-6.243552270899111,5.019718937565778,False,True,Qwen2.5-7B-Instruct|s1
RedHatAI/Qwen2.5-7B-Instruct-quantized.w4a16,qwen2.5,Qwen2.5-7B-Instruct,w4a16,gsm8k,80.36,80.59,0.23,-0.6119166666666668,-4.989974438829057,3.7661411054957235,False,True,Qwen2.5-7B-Instruct|s1
RedHatAI/Qwen2.5-7B-Instruct-quantized.w4a16,qwen2.5,Qwen2.5-7B-Instruct,w4a16,hellaswag,81.52,80.65,-0.87,-0.6119166666666668,-2.1621109841928563,0.9382776508595226,False,True,Qwen2.5-7B-Instruct|s1
RedHatAI/Qwen2.5-7B-Instruct-quantized.w4a16,qwen2.5,Qwen2.5-7B-Instruct,w4a16,winogrande,74.66,74.19,-0.47,-0.6119166666666668,-5.502629585251217,4.278796251917884,False,True,Qwen2.5-7B-Instruct|s1
RedHatAI/Qwen2.5-7B-Instruct-quantized.w4a16,qwen2.5,Qwen2.5-7B-Instruct,w4a16,truthfulqa,64.76,64.27,-0.49,-0.6119166666666668,-7.301106512044687,6.077273178711354,False,True,Qwen2.5-7B-Instruct|s1
RedHatAI/Qwen2.5-7B-Instruct-quantized.w8a8,qwen2.5,Qwen2.5-7B-Instruct,w8a8_int,mmlu,74.24,73.87,-0.37,-0.28848484848484846,-0.7612986620429778,0.18432896507328084,False,True,Qwen2.5-7B-Instruct|s1
RedHatAI/Qwen2.5-7B-Instruct-quantized.w8a8,qwen2.5,Qwen2.5-7B-Instruct,w8a8_int,arc_challenge,63.4,63.23,-0.17,-0.28848484848484846,-2.0912290006438368,1.51425930367414,False,True,Qwen2.5-7B-Instruct|s1
RedHatAI/Qwen2.5-7B-Instruct-quantized.w8a8,qwen2.5,Qwen2.5-7B-Instruct,w8a8_int,gsm8k,80.36,80.74,0.38,-0.28848484848484846,-1.6899459161448993,1.1129762191752026,False,True,Qwen2.5-7B-Instruct|s1
RedHatAI/Qwen2.5-7B-Instruct-quantized.w8a8,qwen2.5,Qwen2.5-7B-Instruct,w8a8_int,hellaswag,81.52,81.06,-0.46,-0.28848484848484846,-0.7847179035017876,0.2077482065320907,False,True,Qwen2.5-7B-Instruct|s1
RedHatAI/Qwen2.5-7B-Instruct-quantized.w8a8,qwen2.5,Qwen2.5-7B-Instruct,w8a8_int,winogrande,74.66,74.82,0.16,-0.28848484848484846,-1.854052071484955,1.2770823745152584,False,True,Qwen2.5-7B-Instruct|s1
RedHatAI/Qwen2.5-7B-Instruct-quantized.w8a8,qwen2.5,Qwen2.5-7B-Instruct,w8a8_int,truthfulqa,64.76,64.58,-0.18,-0.28848484848484846,-2.4297629289369422,1.852793231967245,False,True,Qwen2.5-7B-Instruct|s1
RedHatAI/Qwen2.5-7B-Instruct-FP8-dynamic,qwen2.5,Qwen2.5-7B-Instruct,fp8_dynamic,mmlu,74.24,74.04,-0.2,0.01258992805755395,-0.5010904558265966,0.5262703119417046,False,True,Qwen2.5-7B-Instruct|s2
RedHatAI/Qwen2.5-7B-Instruct-FP8-dynamic,qwen2.5,Qwen2.5-7B-Instruct,fp8_dynamic,arc_challenge,63.4,63.14,-0.26,0.01258992805755395,-1.945970252655286,1.9711501087703938,False,True,Qwen2.5-7B-Instruct|s2
RedHatAI/Qwen2.5-7B-Instruct-FP8-dynamic,qwen2.5,Qwen2.5-7B-Instruct,fp8_dynamic,gsm8k,80.36,80.06,-0.3,0.01258992805755395,-1.5100031912439387,1.5351830473590464,False,True,Qwen2.5-7B-Instruct|s2
RedHatAI/Qwen2.5-7B-Instruct-FP8-dynamic,qwen2.5,Qwen2.5-7B-Instruct,fp8_dynamic,hellaswag,81.52,81.11,-0.41,0.01258992805755395,-0.5265338853497444,0.5517137414648524,False,True,Qwen2.5-7B-Instruct|s2
RedHatAI/Qwen2.5-7B-Instruct-FP8-dynamic,qwen2.5,Qwen2.5-7B-Instruct,fp8_dynamic,winogrande,74.66,74.43,-0.23,0.01258992805755395,-1.6882934832268486,1.7134733393419563,False,True,Qwen2.5-7B-Instruct|s2
RedHatAI/Qwen2.5-7B-Instruct-FP8-dynamic,qwen2.5,Qwen2.5-7B-Instruct,fp8_dynamic,truthfulqa,64.76,64.87,0.11,0.01258992805755395,-2.31376457942157,2.3389444355366784,False,True,Qwen2.5-7B-Instruct|s2
RedHatAI/Qwen2.5-7B-Instruct-quantized.w4a16,qwen2.5,Qwen2.5-7B-Instruct,w4a16,mmlu,74.24,73.19,-1.05,-0.831726618705036,-1.7886889727351691,0.12523573532509724,False,True,Qwen2.5-7B-Instruct|s2
RedHatAI/Qwen2.5-7B-Instruct-quantized.w4a16,qwen2.5,Qwen2.5-7B-Instruct,w4a16,arc_challenge,63.4,63.23,-0.17,-0.831726618705036,-4.48043196126167,2.8169787238515975,False,True,Qwen2.5-7B-Instruct|s2
RedHatAI/Qwen2.5-7B-Instruct-quantized.w4a16,qwen2.5,Qwen2.5-7B-Instruct,w4a16,gsm8k,80.36,80.59,0.23,-0.831726618705036,-3.6682458656721324,2.0047926282620607,False,True,Qwen2.5-7B-Instruct|s2
RedHatAI/Qwen2.5-7B-Instruct-quantized.w4a16,qwen2.5,Qwen2.5-7B-Instruct,w4a16,hellaswag,81.52,80.65,-0.87,-0.831726618705036,-1.8360888832144502,0.17263564580437818,False,True,Qwen2.5-7B-Instruct|s2
RedHatAI/Qwen2.5-7B-Instruct-quantized.w4a16,qwen2.5,Qwen2.5-7B-Instruct,w4a16,winogrande,74.66,74.19,-0.47,-0.831726618705036,-4.000392279803384,2.336939042393312,False,True,Qwen2.5-7B-Instruct|s2
RedHatAI/Qwen2.5-7B-Instruct-quantized.w4a16,qwen2.5,Qwen2.5-7B-Instruct,w4a16,truthfulqa,64.76,64.27,-0.49,-0.831726618705036,-5.1656154640457075,3.5021622266356354,False,True,Qwen2.5-7B-Instruct|s2
RedHatAI/Qwen2.5-7B-Instruct-quantized.w8a8,qwen2.5,Qwen2.5-7B-Instruct,w8a8_int,mmlu,74.24,73.87,-0.37,-0.2615748031496063,-0.772731032926492,0.2495814266272795,False,True,Qwen2.5-7B-Instruct|s2
RedHatAI/Qwen2.5-7B-Instruct-quantized.w8a8,qwen2.5,Qwen2.5-7B-Instruct,w8a8_int,arc_challenge,63.4,63.23,-0.17,-0.2615748031496063,-2.210510890983738,1.6873612846845256,False,True,Qwen2.5-7B-Instruct|s2
RedHatAI/Qwen2.5-7B-Instruct-quantized.w8a8,qwen2.5,Qwen2.5-7B-Instruct,w8a8_int,gsm8k,80.36,80.74,0.38,-0.2615748031496063,-1.7766861111996797,1.253536504900467,False,True,Qwen2.5-7B-Instruct|s2
RedHatAI/Qwen2.5-7B-Instruct-quantized.w8a8,qwen2.5,Qwen2.5-7B-Instruct,w8a8_int,hellaswag,81.52,81.06,-0.46,-0.2615748031496063,-0.7980494369685265,0.27489983066931384,False,True,Qwen2.5-7B-Instruct|s2
RedHatAI/Qwen2.5-7B-Instruct-quantized.w8a8,qwen2.5,Qwen2.5-7B-Instruct,w8a8_int,winogrande,74.66,74.82,0.16,-0.2615748031496063,-1.9541003094345837,1.430950703135371,False,True,Qwen2.5-7B-Instruct|s2
RedHatAI/Qwen2.5-7B-Instruct-quantized.w8a8,qwen2.5,Qwen2.5-7B-Instruct,w8a8_int,truthfulqa,64.76,64.58,-0.18,-0.2615748031496063,-2.576497927478364,2.0533483211791514,False,True,Qwen2.5-7B-Instruct|s2
RedHatAI/Qwen2.5-7B-Instruct-FP8-dynamic,qwen2.5,Qwen2.5-7B-Instruct,fp8_dynamic,mmlu,74.24,74.04,-0.2,-0.14740458015267177,-0.676049541388366,0.3812403810830225,False,True,Qwen2.5-7B-Instruct|s3
RedHatAI/Qwen2.5-7B-Instruct-FP8-dynamic,qwen2.5,Qwen2.5-7B-Instruct,fp8_dynamic,arc_challenge,63.4,63.14,-0.26,-0.14740458015267177,-2.1630216901185095,1.8682125298131658,False,True,Qwen2.5-7B-Instruct|s3
RedHatAI/Qwen2.5-7B-Instruct-FP8-dynamic,qwen2.5,Qwen2.5-7B-Instruct,fp8_dynamic,gsm8k,80.36,80.06,-0.3,-0.14740458015267177,-1.7143540019791486,1.419544841673805,False,True,Qwen2.5-7B-Instruct|s3
RedHatAI/Qwen2.5-7B-Instruct-FP8-dynamic,qwen2.5,Qwen2.5-7B-Instruct,fp8_dynamic,hellaswag,81.52,81.11,-0.41,-0.14740458015267177,-0.702234190901868,0.40742503059652446,False,True,Qwen2.5-7B-Instruct|s3
RedHatAI/Qwen2.5-7B-Instruct-FP8-dynamic,qwen2.5,Qwen2.5-7B-Instruct,fp8_dynamic,winogrande,74.66,74.43,-0.23,-0.14740458015267177,-1.8978382607731588,1.6030291004678152,False,True,Qwen2.5-7B-Instruct|s3
RedHatAI/Qwen2.5-7B-Instruct-FP8-dynamic,qwen2.5,Qwen2.5-7B-Instruct,fp8_dynamic,truthfulqa,64.76,64.87,0.11,-0.14740458015267177,-2.5415306301443774,2.2467214698390334,False,True,Qwen2.5-7B-Instruct|s3
RedHatAI/Qwen2.5-7B-Instruct-quantized.w4a16,qwen2.5,Qwen2.5-7B-Instruct,w4a16,mmlu,74.24,73.19,-1.05,-0.8111450381679389,-2.172849205824962,0.5505591294890843,False,True,Qwen2.5-7B-Instruct|s3
RedHatAI/Qwen2.5-7B-Instruct-quantized.w4a16,qwen2.5,Qwen2.5-7B-Instruct,w4a16,arc_challenge,63.4,63.23,-0.17,-0.8111450381679389,-6.0030496628250605,4.380759586489183,False,True,Qwen2.5-7B-Instruct|s3
RedHatAI/Qwen2.5-7B-Instruct-quantized.w4a16,qwen2.5,Qwen2.5-7B-Instruct,w4a16,gsm8k,80.36,80.59,0.23,-0.8111450381679389,-4.847354053045062,3.225063976709184,False,True,Qwen2.5-7B-Instruct|s3
RedHatAI/Qwen2.5-7B-Instruct-quantized.w4a16,qwen2.5,Qwen2.5-7B-Instruct,w4a16,hellaswag,81.52,80.65,-0.87,-0.8111450381679389,-2.2402966402766777,0.6180065639407998,False,True,Qwen2.5-7B-Instruct|s3
RedHatAI/Qwen2.5-7B-Instruct-quantized.w4a16,qwen2.5,Qwen2.5-7B-Instruct,w4a16,winogrande,74.66,74.19,-0.47,-0.8111450381679389,-5.319979913916302,3.697689837580424,False,True,Qwen2.5-7B-Instruct|s3
RedHatAI/Qwen2.5-7B-Instruct-quantized.w4a16,qwen2.5,Qwen2.5-7B-Instruct,w4a16,truthfulqa,64.76,64.27,-0.49,-0.8111450381679389,-6.9780276516890645,5.355737575353187,False,True,Qwen2.5-7B-Instruct|s3
RedHatAI/Qwen2.5-7B-Instruct-quantized.w8a8,qwen2.5,Qwen2.5-7B-Instruct,w8a8_int,mmlu,74.24,73.87,-0.37,-0.4164661654135338,-0.8583896143274887,0.02545728350042109,False,True,Qwen2.5-7B-Instruct|s3
RedHatAI/Qwen2.5-7B-Instruct-quantized.w8a8,qwen2.5,Qwen2.5-7B-Instruct,w8a8_int,arc_challenge,63.4,63.23,-0.17,-0.4164661654135338,-2.1014315585272394,1.2684992277001719,False,True,Qwen2.5-7B-Instruct|s3
RedHatAI/Qwen2.5-7B-Instruct-quantized.w8a8,qwen2.5,Qwen2.5-7B-Instruct,w8a8_int,gsm8k,80.36,80.74,0.38,-0.4164661654135338,-1.7263655185609639,0.8934331877338964,False,True,Qwen2.5-7B-Instruct|s3
RedHatAI/Qwen2.5-7B-Instruct-quantized.w8a8,qwen2.5,Qwen2.5-7B-Instruct,w8a8_int,hellaswag,81.52,81.06,-0.46,-0.4164661654135338,-0.8802788055051773,0.04734647467810971,False,True,Qwen2.5-7B-Instruct|s3
RedHatAI/Qwen2.5-7B-Instruct-quantized.w8a8,qwen2.5,Qwen2.5-7B-Instruct,w8a8_int,winogrande,74.66,74.82,0.16,-0.4164661654135338,-1.8797501195947715,1.046817788767704,False,True,Qwen2.5-7B-Instruct|s3
RedHatAI/Qwen2.5-7B-Instruct-quantized.w8a8,qwen2.5,Qwen2.5-7B-Instruct,w8a8_int,truthfulqa,64.76,64.58,-0.18,-0.4164661654135338,-2.4178480355329084,1.5849157047058409,False,True,Qwen2.5-7B-Instruct|s3
RedHatAI/Qwen2.5-7B-Instruct-FP8-dynamic,qwen2.5,Qwen2.5-7B-Instruct,fp8_dynamic,mmlu,74.24,74.04,-0.2,-0.020458015267175576,-0.46806713423536395,0.42715110370101284,False,True,Qwen2.5-7B-Instruct|s4
RedHatAI/Qwen2.5-7B-Instruct-FP8-dynamic,qwen2.5,Qwen2.5-7B-Instruct,fp8_dynamic,arc_challenge,63.4,63.14,-0.26,-0.020458015267175576,-1.72710172688059,1.6861856963462387,False,True,Qwen2.5-7B-Instruct|s4
RedHatAI/Qwen2.5-7B-Instruct-FP8-dynamic,qwen2.5,Qwen2.5-7B-Instruct,fp8_dynamic,gsm8k,80.36,80.06,-0.3,-0.020458015267175576,-1.3472101865770116,1.3062941560426604,False,True,Qwen2.5-7B-Instruct|s4
RedHatAI/Qwen2.5-7B-Instruct-FP8-dynamic,qwen2.5,Qwen2.5-7B-Instruct,fp8_dynamic,hellaswag,81.52,81.11,-0.41,-0.020458015267175576,-0.4902379459495872,0.4493219154152361,False,True,Qwen2.5-7B-Instruct|s4
RedHatAI/Qwen2.5-7B-Instruct-FP8-dynamic,qwen2.5,Qwen2.5-7B-Instruct,fp8_dynamic,winogrande,74.66,74.43,-0.23,-0.020458015267175576,-1.5025681932651733,1.461652162730822,False,True,Qwen2.5-7B-Instruct|s4
RedHatAI/Qwen2.5-7B-Instruct-FP8-dynamic,qwen2.5,Qwen2.5-7B-Instruct,fp8_dynamic,truthfulqa,64.76,64.87,0.11,-0.020458015267175576,-2.0475891344793253,2.006673103944974,False,True,Qwen2.5-7B-Instruct|s4
RedHatAI/Qwen2.5-7B-Instruct-quantized.w4a16,qwen2.5,Qwen2.5-7B-Instruct,w4a16,mmlu,74.24,73.19,-1.05,-0.7468253968253967,-1.3607021933217545,-0.1329486003290391,False,True,Qwen2.5-7B-Instruct|s4
RedHatAI/Qwen2.5-7B-Instruct-quantized.w4a16,qwen2.5,Qwen2.5-7B-Instruct,w4a16,arc_challenge,63.4,63.23,-0.17,-0.7468253968253967,-3.0874143840670847,1.593763590416291,False,True,Qwen2.5-7B-Instruct|s4
RedHatAI/Qwen2.5-7B-Instruct-quantized.w4a16,qwen2.5,Qwen2.5-7B-Instruct,w4a16,gsm8k,80.36,80.59,0.23,-0.7468253968253967,-2.5664093555832896,1.072758561932496,False,True,Qwen2.5-7B-Instruct|s4
RedHatAI/Qwen2.5-7B-Instruct-quantized.w4a16,qwen2.5,Qwen2.5-7B-Instruct,w4a16,hellaswag,81.52,80.65,-0.87,-0.7468253968253967,-1.391108515029911,-0.1025422786208825,False,True,Qwen2.5-7B-Instruct|s4
RedHatAI/Qwen2.5-7B-Instruct-quantized.w4a16,qwen2.5,Qwen2.5-7B-Instruct,w4a16,winogrande,74.66,74.19,-0.47,-0.7468253968253967,-2.779476228920529,1.2858254352697354,False,True,Qwen2.5-7B-Instruct|s4
RedHatAI/Qwen2.5-7B-Instruct-quantized.w4a16,qwen2.5,Qwen2.5-7B-Instruct,w4a16,truthfulqa,64.76,64.27,-0.49,-0.7468253968253967,-3.526949180738902,2.0332983870881085,False,True,Qwen2.5-7B-Instruct|s4
RedHatAI/Qwen2.5-7B-Instruct-quantized.w8a8,qwen2.5,Qwen2.5-7B-Instruct,w8a8_int,mmlu,74.24,73.87,-0.37,-0.3697391304347826,-0.8304137831171958,0.09093552224763052,False,True,Qwen2.5-7B-Instruct|s4
RedHatAI/Qwen2.5-7B-Instruct-quantized.w8a8,qwen2.5,Qwen2.5-7B-Instruct,w8a8_int,arc_challenge,63.4,63.23,-0.17,-0.3697391304347826,-2.126199099151394,1.3867208382818286,False,True,Qwen2.5-7B-Instruct|s4
RedHatAI/Qwen2.5-7B-Instruct-quantized.w8a8,qwen2.5,Qwen2.5-7B-Instruct,w8a8_int,gsm8k,80.36,80.74,0.38,-0.3697391304347826,-1.735218674557373,0.9957404136878079,False,True,Qwen2.5-7B-Instruct|s4
RedHatAI/Qwen2.5-7B-Instruct-quantized.w8a8,qwen2.5,Qwen2.5-7B-Instruct,w8a8_int,hellaswag,81.52,81.06,-0.46,-0.3697391304347826,-0.8532317520845859,0.11375349121502065,False,True,Qwen2.5-7B-Instruct|s4
RedHatAI/Qwen2.5-7B-Instruct-quantized.w8a8,qwen2.5,Qwen2.5-7B-Instruct,w8a8_int,winogrande,74.66,74.82,0.16,-0.3697391304347826,-1.8951115202113673,1.1556332593418022,False,True,Qwen2.5-7B-Instruct|s4
RedHatAI/Qwen2.5-7B-Instruct-quantized.w8a8,qwen2.5,Qwen2.5-7B-Instruct,w8a8_int,truthfulqa,64.76,64.58,-0.18,-0.3697391304347826,-2.4560414078268056,1.7165631469572404,False,True,Qwen2.5-7B-Instruct|s4
RedHatAI/Qwen3-14B-FP8-dynamic,qwen3,Qwen3-14B,fp8_dynamic,mmlu,76.81,76.47,-0.34,0.02113636363636364,-0.47831903197658376,0.520591759249311,False,True,Qwen3-14B|s0
RedHatAI/Qwen3-14B-FP8-dynamic,qwen3,Qwen3-14B,fp8_dynamic,arc_challenge,61.6,61.95,0.35,0.02113636363636364,-1.9711148454584233,2.0133875727311508,False,True,Qwen3-14B|s0
RedHatAI/Qwen3-14B-FP8-dynamic,qwen3,Qwen3-14B,fp8_dynamic,gsm8k,67.63,66.19,-1.44,0.02113636363636364,-1.7854993132120716,1.827772040484799,False,True,Qwen3-14B|s0
RedHatAI/Qwen3-14B-FP8-dynamic,qwen3,Qwen3-14B,fp8_dynamic,hellaswag,55.09,56.46,1.37,0.02113636363636364,-0.6749285482384337,0.717201275511161,False,False,Qwen3-14B|s0
RedHatAI/Qwen3-14B-FP8-dynamic,qwen3,Qwen3-14B,fp8_dynamic,winogrande,62.51,63.61,1.1,0.02113636363636364,-1.8860630250925414,1.9283357523652689,False,True,Qwen3-14B|s0
RedHatAI/Qwen3-14B-FP8-dynamic,qwen3,Qwen3-14B,fp8_dynamic,truthfulqa,55.39,55.59,0.2,0.02113636363636364,-2.4176440731387565,2.4599168004114835,False,True,Qwen3-14B|s0
RedHatAI/Qwen3-14B-FP8-dynamic,qwen3,Qwen3-14B,fp8_dynamic,ifeval,87.48,87.78,0.3,0.02113636363636364,-1.974171231561839,2.016443958834566,False,True,Qwen3-14B|s0
RedHatAI/Qwen3-14B-FP8-dynamic,qwen3,Qwen3-14B,fp8_dynamic,bbh,40.4,40.37,-0.03,0.02113636363636364,-0.8316532481868888,0.873925975459616,False,True,Qwen3-14B|s0
RedHatAI/Qwen3-14B-FP8-dynamic,qwen3,Qwen3-14B,fp8_dynamic,math_lvl5,54.18,54.31,0.13,0.02113636363636364,-1.899101313952657,1.9413740412253844,False,True,Qwen3-14B|s0
RedHatAI/Qwen3-14B-NVFP4,qwen3,Qwen3-14B,nvfp4,arc_challenge,67.32,67.06,-0.26,-0.8026923076923077,-11.061927946971004,9.456543331586388,False,True,Qwen3-14B|s0
RedHatAI/Qwen3-14B-NVFP4,qwen3,Qwen3-14B,nvfp4,gsm8k,88.7,88.25,-0.45,-0.8026923076923077,-7.330154532181096,5.724769916796481,False,True,Qwen3-14B|s0
RedHatAI/Qwen3-14B-NVFP4,qwen3,Qwen3-14B,nvfp4,hellaswag,79.62,78.24,-1.38,-0.8026923076923077,-3.812708287548782,2.2073236721641667,False,True,Qwen3-14B|s0
RedHatAI/Qwen3-14B-NVFP4,qwen3,Qwen3-14B,nvfp4,mmlu,78.86,77.23,-1.63,-0.8026923076923077,-3.382766096764831,1.7773814813802158,False,True,Qwen3-14B|s0
RedHatAI/Qwen3-14B-NVFP4,qwen3,Qwen3-14B,nvfp4,truthfulqa,58.59,58.49,-0.1,-0.8026923076923077,-13.706535274545512,12.101150659160897,False,True,Qwen3-14B|s0
RedHatAI/Qwen3-14B-NVFP4,qwen3,Qwen3-14B,nvfp4,winogrande,73.72,73.8,0.08,-0.8026923076923077,-10.062090683492832,8.456706068108216,False,True,Qwen3-14B|s0
RedHatAI/Qwen3-14B-NVFP4,qwen3,Qwen3-14B,nvfp4,bbh,59.45,56.78,-2.67,-0.8026923076923077,-5.359002094007437,3.7536174786228216,False,True,Qwen3-14B|s0
RedHatAI/Qwen3-14B-NVFP4,qwen3,Qwen3-14B,nvfp4,mmlu_pro,44.39,41.15,-3.24,-0.8026923076923077,-4.194379892698616,2.5889952773140004,False,True,Qwen3-14B|s0
RedHatAI/Qwen3-14B-NVFP4,qwen3,Qwen3-14B,nvfp4,musr,38.62,37.83,-0.79,-0.8026923076923077,-14.062108794760002,12.456724179375387,False,True,Qwen3-14B|s0
RedHatAI/Qwen3-14B-NVFP4,qwen3,Qwen3-14B,nvfp4,ifeval,89.45,90.41,0.96,-0.8026923076923077,-10.692401082768153,9.087016467383538,False,True,Qwen3-14B|s0
RedHatAI/Qwen3-14B-NVFP4,qwen3,Qwen3-14B,nvfp4,math_lvl5,57.33,53.4,-3.93,-0.8026923076923077,-10.980963849444121,9.375579234059506,False,True,Qwen3-14B|s0
RedHatAI/Qwen3-14B-NVFP4,qwen3,Qwen3-14B,nvfp4,humaneval,90.74,89.87,-0.87,-0.8026923076923077,-17.751872235536393,16.146487620151778,False,True,Qwen3-14B|s0
RedHatAI/Qwen3-14B-quantized.w4a16,qwen3,Qwen3-14B,w4a16,mmlu,76.81,75.9,-0.91,-0.7106086956521739,-1.8017224129210518,0.38050502161670396,False,True,Qwen3-14B|s0
RedHatAI/Qwen3-14B-quantized.w4a16,qwen3,Qwen3-14B,w4a16,arc_challenge,61.6,61.52,-0.08,-0.7106086956521739,-5.0628944885028195,3.641677097198472,False,True,Qwen3-14B|s0
RedHatAI/Qwen3-14B-quantized.w4a16,qwen3,Qwen3-14B,w4a16,gsm8k,67.63,71.57,3.94,-0.7106086956521739,-4.6573975108926176,3.2361801195882696,False,False,Qwen3-14B|s0
RedHatAI/Qwen3-14B-quantized.w4a16,qwen3,Qwen3-14B,w4a16,hellaswag,55.09,57.96,2.87,-0.7106086956521739,-2.231236924173119,0.8100195328687713,False,False,Qwen3-14B|s0
RedHatAI/Qwen3-14B-quantized.w4a16,qwen3,Qwen3-14B,w4a16,truthfulqa,55.39,56.3,0.91,-0.7106086956521739,-6.038385332656309,4.617167941351961,False,True,Qwen3-14B|s0
RedHatAI/Qwen3-14B-quantized.w4a16,qwen3,Qwen3-14B,w4a16,mmlu_pro,44.59,42.39,-2.2,-0.7106086956521739,-2.098863364674412,0.6776459733700645,False,False,Qwen3-14B|s0
RedHatAI/Qwen3-14B-quantized.w4a16,qwen3,Qwen3-14B,w4a16,bbh,40.4,38.74,-1.66,-0.7106086956521739,-2.5736187894020377,1.1524013980976897,False,True,Qwen3-14B|s0
RedHatAI/Qwen3-14B-quantized.w4a16,qwen3,Qwen3-14B,w4a16,math_lvl5,54.18,55.05,0.87,-0.7106086956521739,-4.905573228696452,3.484355837392105,False,True,Qwen3-14B|s0
RedHatAI/Qwen3-14B-FP8-dynamic,qwen3,Qwen3-14B,fp8_dynamic,gpqa_diamond,61.62,64.14,2.52,0.02113636363636364,-3.2008690206791672,3.2431417479518942,False,True,Qwen3-14B|s0
RedHatAI/Qwen3-14B-NVFP4,qwen3,Qwen3-14B,nvfp4,gpqa_main,27.43,26.59,-0.84,-0.8026923076923077,-16.58673299061063,14.981348375226014,False,True,Qwen3-14B|s0
RedHatAI/Qwen3-14B-quantized.w4a16,qwen3,Qwen3-14B,w4a16,gpqa_diamond,61.62,61.11,-0.51,-0.7106086956521739,-7.74942397889971,6.328206587595362,False,True,Qwen3-14B|s0
RedHatAI/Qwen3-14B-FP8-dynamic,qwen3,Qwen3-14B,fp8_dynamic,mmlu,76.81,76.47,-0.34,-0.16982142857142857,-0.6827147836562387,0.3430719265133816,False,True,Qwen3-14B|s1
RedHatAI/Qwen3-14B-FP8-dynamic,qwen3,Qwen3-14B,fp8_dynamic,arc_challenge,61.6,61.95,0.35,-0.16982142857142857,-2.2156746034087824,1.876031746265925,False,True,Qwen3-14B|s1
RedHatAI/Qwen3-14B-FP8-dynamic,qwen3,Qwen3-14B,fp8_dynamic,gsm8k,67.63,66.19,-1.44,-0.16982142857142857,-2.0250650436244686,1.6854221864816115,False,True,Qwen3-14B|s1
RedHatAI/Qwen3-14B-FP8-dynamic,qwen3,Qwen3-14B,fp8_dynamic,hellaswag,55.09,56.46,1.37,-0.16982142857142857,-0.8846141230624895,0.5449712659196324,False,False,Qwen3-14B|s1
RedHatAI/Qwen3-14B-FP8-dynamic,qwen3,Qwen3-14B,fp8_dynamic,winogrande,62.51,63.61,1.1,-0.16982142857142857,-2.128334444734567,1.78869158759171,False,True,Qwen3-14B|s1
RedHatAI/Qwen3-14B-FP8-dynamic,qwen3,Qwen3-14B,fp8_dynamic,truthfulqa,55.39,55.59,0.2,-0.16982142857142857,-2.6742178001387567,2.3345749429959,False,True,Qwen3-14B|s1
RedHatAI/Qwen3-14B-FP8-dynamic,qwen3,Qwen3-14B,fp8_dynamic,ifeval,87.48,87.78,0.3,-0.16982142857142857,-2.218813222266011,1.879170365123154,False,True,Qwen3-14B|s1
RedHatAI/Qwen3-14B-FP8-dynamic,qwen3,Qwen3-14B,fp8_dynamic,bbh,40.4,40.37,-0.03,-0.16982142857142857,-1.0455555362242688,0.7059126790814116,False,True,Qwen3-14B|s1
RedHatAI/Qwen3-14B-FP8-dynamic,qwen3,Qwen3-14B,fp8_dynamic,math_lvl5,54.18,54.31,0.13,-0.16982142857142857,-2.141723531681606,1.802080674538749,False,True,Qwen3-14B|s1
RedHatAI/Qwen3-14B-NVFP4,qwen3,Qwen3-14B,nvfp4,arc_challenge,67.32,67.06,-0.26,-0.9984615384615385,-7.822360627929329,5.825437551006252,False,True,Qwen3-14B|s1
RedHatAI/Qwen3-14B-NVFP4,qwen3,Qwen3-14B,nvfp4,gsm8k,88.7,88.25,-0.45,-0.9984615384615385,-5.340182997678957,3.34325992075588,False,True,Qwen3-14B|s1
RedHatAI/Qwen3-14B-NVFP4,qwen3,Qwen3-14B,nvfp4,hellaswag,79.62,78.24,-1.38,-0.9984615384615385,-3.000564426671466,1.0036413497483887,False,True,Qwen3-14B|s1
RedHatAI/Qwen3-14B-NVFP4,qwen3,Qwen3-14B,nvfp4,mmlu,78.86,77.23,-1.63,-0.9984615384615385,-2.714589698400124,0.7176666214770471,False,True,Qwen3-14B|s1
RedHatAI/Qwen3-14B-NVFP4,qwen3,Qwen3-14B,nvfp4,truthfulqa,58.59,58.49,-0.1,-0.9984615384615385,-9.581413072883636,7.584489995960559,False,True,Qwen3-14B|s1
RedHatAI/Qwen3-14B-NVFP4,qwen3,Qwen3-14B,nvfp4,winogrande,73.72,73.8,0.08,-0.9984615384615385,-7.157321941641356,5.160398864718279,False,True,Qwen3-14B|s1
RedHatAI/Qwen3-14B-NVFP4,qwen3,Qwen3-14B,nvfp4,bbh,59.45,56.78,-2.67,-0.9984615384615385,-4.029077004893596,2.032153927970519,False,True,Qwen3-14B|s1
RedHatAI/Qwen3-14B-NVFP4,qwen3,Qwen3-14B,nvfp4,mmlu_pro,44.39,41.15,-3.24,-0.9984615384615385,-3.2544321230996545,1.2575090461765777,False,True,Qwen3-14B|s1
RedHatAI/Qwen3-14B-NVFP4,qwen3,Qwen3-14B,nvfp4,musr,38.62,37.83,-0.79,-0.9984615384615385,-9.81792170823857,7.820998631315493,False,True,Qwen3-14B|s1
RedHatAI/Qwen3-14B-NVFP4,qwen3,Qwen3-14B,nvfp4,ifeval,89.45,90.41,0.96,-0.9984615384615385,-7.576570968657499,5.579647891734423,False,True,Qwen3-14B|s1
RedHatAI/Qwen3-14B-NVFP4,qwen3,Qwen3-14B,nvfp4,math_lvl5,57.33,53.4,-3.93,-0.9984615384615385,-7.768507607020247,5.77158453009717,False,True,Qwen3-14B|s1
RedHatAI/Qwen3-14B-NVFP4,qwen3,Qwen3-14B,nvfp4,humaneval,90.74,89.87,-0.87,-0.9984615384615385,-12.272156533245065,10.275233456321986,False,True,Qwen3-14B|s1
RedHatAI/Qwen3-14B-quantized.w4a16,qwen3,Qwen3-14B,w4a16,mmlu,76.81,75.9,-0.91,-0.8358407079646017,-1.7411011988256146,0.06941978289641104,False,True,Qwen3-14B|s1
RedHatAI/Qwen3-14B-quantized.w4a16,qwen3,Qwen3-14B,w4a16,arc_challenge,61.6,61.52,-0.08,-0.8358407079646017,-4.446786396618688,2.7751049806894836,False,True,Qwen3-14B|s1
RedHatAI/Qwen3-14B-quantized.w4a16,qwen3,Qwen3-14B,w4a16,gsm8k,67.63,71.57,3.94,-0.8358407079646017,-4.110359141434972,2.4386777255057686,False,False,Qwen3-14B|s1
RedHatAI/Qwen3-14B-quantized.w4a16,qwen3,Qwen3-14B,w4a16,hellaswag,55.09,57.96,2.87,-0.8358407079646017,-2.097454996907468,0.42577358097826457,False,False,Qwen3-14B|s1
RedHatAI/Qwen3-14B-quantized.w4a16,qwen3,Qwen3-14B,w4a16,truthfulqa,55.39,56.3,0.91,-0.8358407079646017,-5.2561184638748815,3.584437047945678,False,True,Qwen3-14B|s1
RedHatAI/Qwen3-14B-quantized.w4a16,qwen3,Qwen3-14B,w4a16,mmlu_pro,44.59,42.39,-2.2,-0.8358407079646017,-1.9876290900819478,0.3159476741527443,False,False,Qwen3-14B|s1
RedHatAI/Qwen3-14B-quantized.w4a16,qwen3,Qwen3-14B,w4a16,bbh,40.4,38.74,-1.66,-0.8358407079646017,-2.3815177581701987,0.7098363422409952,False,True,Qwen3-14B|s1
RedHatAI/Qwen3-14B-quantized.w4a16,qwen3,Qwen3-14B,w4a16,math_lvl5,54.18,55.05,0.87,-0.8358407079646017,-4.316262218779862,2.6445808028506583,False,True,Qwen3-14B|s1
RedHatAI/Qwen3-14B-FP8-dynamic,qwen3,Qwen3-14B,fp8_dynamic,gpqa_diamond,61.62,64.14,2.52,-0.16982142857142857,-3.4785155906093825,3.138872733466525,False,True,Qwen3-14B|s1
RedHatAI/Qwen3-14B-NVFP4,qwen3,Qwen3-14B,nvfp4,gpqa_main,27.43,26.59,-0.84,-0.9984615384615385,-11.497167741476646,9.500244664553568,False,True,Qwen3-14B|s1
RedHatAI/Qwen3-14B-quantized.w4a16,qwen3,Qwen3-14B,w4a16,gpqa_diamond,61.62,61.11,-0.51,-0.8358407079646017,-6.675709896248715,5.004028480319511,False,True,Qwen3-14B|s1
RedHatAI/Qwen3-14B-FP8-dynamic,qwen3,Qwen3-14B,fp8_dynamic,mmlu,76.81,76.47,-0.34,-0.01694029850746269,-0.4165245278557556,0.3826439308408302,False,True,Qwen3-14B|s2
RedHatAI/Qwen3-14B-FP8-dynamic,qwen3,Qwen3-14B,fp8_dynamic,arc_challenge,61.6,61.95,0.35,-0.01694029850746269,-1.6108206951290276,1.5769400981141022,False,True,Qwen3-14B|s2
RedHatAI/Qwen3-14B-FP8-dynamic,qwen3,Qwen3-14B,fp8_dynamic,gsm8k,67.63,66.19,-1.44,-0.01694029850746269,-1.4623208689999914,1.428440271985066,False,True,Qwen3-14B|s2
RedHatAI/Qwen3-14B-FP8-dynamic,qwen3,Qwen3-14B,fp8_dynamic,hellaswag,55.09,56.46,1.37,-0.01694029850746269,-0.5738199795178968,0.5399393825029714,False,False,Qwen3-14B|s2
RedHatAI/Qwen3-14B-FP8-dynamic,qwen3,Qwen3-14B,fp8_dynamic,winogrande,62.51,63.61,1.1,-0.01694029850746269,-1.5427758478932452,1.5088952508783198,False,True,Qwen3-14B|s2
RedHatAI/Qwen3-14B-FP8-dynamic,qwen3,Qwen3-14B,fp8_dynamic,truthfulqa,55.39,55.59,0.2,-0.01694029850746269,-1.9680618800103407,1.9341812829954153,False,True,Qwen3-14B|s2
RedHatAI/Qwen3-14B-FP8-dynamic,qwen3,Qwen3-14B,fp8_dynamic,ifeval,87.48,87.78,0.3,-0.01694029850746269,-1.6132659258672508,1.5793853288523254,False,True,Qwen3-14B|s2
RedHatAI/Qwen3-14B-FP8-dynamic,qwen3,Qwen3-14B,fp8_dynamic,bbh,40.4,40.37,-0.03,-0.01694029850746269,-0.6992059879559293,0.6653253909410038,False,True,Qwen3-14B|s2
RedHatAI/Qwen3-14B-FP8-dynamic,qwen3,Qwen3-14B,fp8_dynamic,math_lvl5,54.18,54.31,0.13,-0.01694029850746269,-1.5532069988067234,1.519326401791798,False,True,Qwen3-14B|s2
RedHatAI/Qwen3-14B-NVFP4,qwen3,Qwen3-14B,nvfp4,arc_challenge,67.32,67.06,-0.26,-1.1023529411764705,-3.2608199583170485,1.0561140759641077,True,True,Qwen3-14B|s2
RedHatAI/Qwen3-14B-NVFP4,qwen3,Qwen3-14B,nvfp4,gsm8k,88.7,88.25,-0.45,-1.1023529411764705,-2.475682535366463,0.2709766530135218,True,True,Qwen3-14B|s2
RedHatAI/Qwen3-14B-NVFP4,qwen3,Qwen3-14B,nvfp4,hellaswag,79.62,78.24,-1.38,-1.1023529411764705,-1.7356379579190113,-0.46906792443392986,True,True,Qwen3-14B|s2
RedHatAI/Qwen3-14B-NVFP4,qwen3,Qwen3-14B,nvfp4,mmlu,78.86,77.23,-1.63,-1.1023529411764705,-1.645181312734715,-0.559524569618226,True,True,Qwen3-14B|s2
RedHatAI/Qwen3-14B-NVFP4,qwen3,Qwen3-14B,nvfp4,truthfulqa,58.59,58.49,-0.1,-1.1023529411764705,-3.8172257072992606,1.6125198249463197,True,True,Qwen3-14B|s2
RedHatAI/Qwen3-14B-NVFP4,qwen3,Qwen3-14B,nvfp4,winogrande,73.72,73.8,0.08,-1.1023529411764705,-3.050461620561054,0.8457557382081129,True,True,Qwen3-14B|s2
RedHatAI/Qwen3-14B-NVFP4,qwen3,Qwen3-14B,nvfp4,bbh,59.45,56.78,-2.67,-1.1023529411764705,-2.060966695595264,-0.14373918675767705,True,False,Qwen3-14B|s2
RedHatAI/Qwen3-14B-NVFP4,qwen3,Qwen3-14B,nvfp4,mmlu_pro,44.39,41.15,-3.24,-1.1023529411764705,-1.8159388302316526,-0.3887670521212885,True,False,Qwen3-14B|s2
RedHatAI/Qwen3-14B-NVFP4,qwen3,Qwen3-14B,nvfp4,musr,38.62,37.83,-0.79,-1.1023529411764705,-3.8920357362855436,1.6873298539326027,True,True,Qwen3-14B|s2
RedHatAI/Qwen3-14B-NVFP4,qwen3,Qwen3-14B,nvfp4,ifeval,89.45,90.41,0.96,-1.1023529411764705,-3.183074249340886,0.9783683669879448,True,True,Qwen3-14B|s2
RedHatAI/Qwen3-14B-NVFP4,qwen3,Qwen3-14B,nvfp4,math_lvl5,57.33,53.4,-3.93,-1.1023529411764705,-3.2437857132495855,1.0390798308966442,True,False,Qwen3-14B|s2
RedHatAI/Qwen3-14B-NVFP4,qwen3,Qwen3-14B,nvfp4,humaneval,90.74,89.87,-0.87,-1.1023529411764705,-4.668334572572622,2.4636286902196805,True,True,Qwen3-14B|s2
RedHatAI/Qwen3-14B-quantized.w4a16,qwen3,Qwen3-14B,w4a16,mmlu,76.81,75.9,-0.91,-0.8789830508474576,-1.7425125960545431,-0.015453505640372178,False,True,Qwen3-14B|s2
RedHatAI/Qwen3-14B-quantized.w4a16,qwen3,Qwen3-14B,w4a16,arc_challenge,61.6,61.52,-0.08,-0.8789830508474576,-4.323470377721959,2.5655042760270432,False,True,Qwen3-14B|s2
RedHatAI/Qwen3-14B-quantized.w4a16,qwen3,Qwen3-14B,w4a16,gsm8k,67.63,71.57,3.94,-0.8789830508474576,-4.002551838144752,2.2445857364498365,False,False,Qwen3-14B|s2
RedHatAI/Qwen3-14B-quantized.w4a16,qwen3,Qwen3-14B,w4a16,hellaswag,55.09,57.96,2.87,-0.8789830508474576,-2.082439099306397,0.3244729976114813,False,False,Qwen3-14B|s2
RedHatAI/Qwen3-14B-quantized.w4a16,qwen3,Qwen3-14B,w4a16,truthfulqa,55.39,56.3,0.91,-0.8789830508474576,-5.095493634027478,3.3375275323325626,False,True,Qwen3-14B|s2
RedHatAI/Qwen3-14B-quantized.w4a16,qwen3,Qwen3-14B,w4a16,mmlu_pro,44.59,42.39,-2.2,-0.8789830508474576,-1.9776759771659451,0.21970987547102983,False,False,Qwen3-14B|s2
RedHatAI/Qwen3-14B-quantized.w4a16,qwen3,Qwen3-14B,w4a16,bbh,40.4,38.74,-1.66,-0.8789830508474576,-2.3534070577226176,0.5954409560277023,False,True,Qwen3-14B|s2
RedHatAI/Qwen3-14B-quantized.w4a16,qwen3,Qwen3-14B,w4a16,math_lvl5,54.18,55.05,0.87,-0.8789830508474576,-4.198963139125379,2.440997037430463,False,True,Qwen3-14B|s2
RedHatAI/Qwen3-14B-FP8-dynamic,qwen3,Qwen3-14B,fp8_dynamic,gpqa_diamond,61.62,64.14,2.52,-0.01694029850746269,-2.5946730645490774,2.560792467534152,False,True,Qwen3-14B|s2
RedHatAI/Qwen3-14B-NVFP4,qwen3,Qwen3-14B,nvfp4,gpqa_main,27.43,26.59,-0.84,-1.1023529411764705,-4.423197925070377,2.2184920427174353,True,True,Qwen3-14B|s2
RedHatAI/Qwen3-14B-quantized.w4a16,qwen3,Qwen3-14B,w4a16,gpqa_diamond,61.62,61.11,-0.51,-0.8789830508474576,-6.449644352360176,4.691678250665261,False,True,Qwen3-14B|s2
RedHatAI/Qwen3-14B-FP8-dynamic,qwen3,Qwen3-14B,fp8_dynamic,mmlu,76.81,76.47,-0.34,-0.08978102189781022,-0.5462644010151843,0.3667023572195638,False,True,Qwen3-14B|s3
RedHatAI/Qwen3-14B-FP8-dynamic,qwen3,Qwen3-14B,fp8_dynamic,arc_challenge,61.6,61.95,0.35,-0.08978102189781022,-1.9106234273786475,1.7310613835830273,False,True,Qwen3-14B|s3
RedHatAI/Qwen3-14B-FP8-dynamic,qwen3,Qwen3-14B,fp8_dynamic,gsm8k,67.63,66.19,-1.44,-0.08978102189781022,-1.7409778371603244,1.5614157933647042,False,True,Qwen3-14B|s3
RedHatAI/Qwen3-14B-FP8-dynamic,qwen3,Qwen3-14B,fp8_dynamic,hellaswag,55.09,56.46,1.37,-0.08978102189781022,-0.7259580776441028,0.5463960338484823,False,False,Qwen3-14B|s3
RedHatAI/Qwen3-14B-FP8-dynamic,qwen3,Qwen3-14B,fp8_dynamic,winogrande,62.51,63.61,1.1,-0.08978102189781022,-1.8328892739352662,1.653327230139646,False,True,Qwen3-14B|s3
RedHatAI/Qwen3-14B-FP8-dynamic,qwen3,Qwen3-14B,fp8_dynamic,truthfulqa,55.39,55.59,0.2,-0.08978102189781022,-2.3187342867598724,2.139172242964252,False,True,Qwen3-14B|s3
RedHatAI/Qwen3-14B-FP8-dynamic,qwen3,Qwen3-14B,fp8_dynamic,ifeval,87.48,87.78,0.3,-0.08978102189781022,-1.9134168489106393,1.733854805115019,False,True,Qwen3-14B|s3
RedHatAI/Qwen3-14B-FP8-dynamic,qwen3,Qwen3-14B,fp8_dynamic,bbh,40.4,40.37,-0.03,-0.08978102189781022,-0.8691985376572106,0.6896364938615901,False,True,Qwen3-14B|s3
RedHatAI/Qwen3-14B-FP8-dynamic,qwen3,Qwen3-14B,fp8_dynamic,math_lvl5,54.18,54.31,0.13,-0.08978102189781022,-1.8448057778093903,1.66524373401377,False,True,Qwen3-14B|s3
RedHatAI/Qwen3-14B-NVFP4,qwen3,Qwen3-14B,nvfp4,arc_challenge,67.32,67.06,-0.26,-1.0788,-7.607241789817066,5.449641789817066,False,True,Qwen3-14B|s3
RedHatAI/Qwen3-14B-NVFP4,qwen3,Qwen3-14B,nvfp4,gsm8k,88.7,88.25,-0.45,-1.0788,-5.23253607412345,3.0749360741234497,False,True,Qwen3-14B|s3
RedHatAI/Qwen3-14B-NVFP4,qwen3,Qwen3-14B,nvfp4,hellaswag,79.62,78.24,-1.38,-1.0788,-2.994216976648542,0.8366169766485418,False,True,Qwen3-14B|s3
RedHatAI/Qwen3-14B-NVFP4,qwen3,Qwen3-14B,nvfp4,mmlu,78.86,77.23,-1.63,-1.0788,-2.720624219428591,0.5630242194285908,False,True,Qwen3-14B|s3
RedHatAI/Qwen3-14B-NVFP4,qwen3,Qwen3-14B,nvfp4,truthfulqa,58.59,58.49,-0.1,-1.0788,-9.290131782994736,7.132531782994737,False,True,Qwen3-14B|s3
RedHatAI/Qwen3-14B-NVFP4,qwen3,Qwen3-14B,nvfp4,winogrande,73.72,73.8,0.08,-1.0788,-6.9709975701291595,4.813397570129159,False,True,Qwen3-14B|s3
RedHatAI/Qwen3-14B-NVFP4,qwen3,Qwen3-14B,nvfp4,bbh,59.45,56.78,-2.67,-1.0788,-3.978197602531674,1.820597602531674,False,True,Qwen3-14B|s3
RedHatAI/Qwen3-14B-NVFP4,qwen3,Qwen3-14B,nvfp4,mmlu_pro,44.39,41.15,-3.24,-1.0788,-3.2370928540196475,1.0794928540196478,False,False,Qwen3-14B|s3
RedHatAI/Qwen3-14B-NVFP4,qwen3,Qwen3-14B,nvfp4,musr,38.62,37.83,-0.79,-1.0788,-9.516400202040803,7.358800202040803,False,True,Qwen3-14B|s3
RedHatAI/Qwen3-14B-NVFP4,qwen3,Qwen3-14B,nvfp4,ifeval,89.45,90.41,0.96,-1.0788,-7.372094191346313,5.214494191346312,False,True,Qwen3-14B|s3
RedHatAI/Qwen3-14B-NVFP4,qwen3,Qwen3-14B,nvfp4,math_lvl5,57.33,53.4,-3.93,-1.0788,-7.55572046636236,5.39812046636236,False,True,Qwen3-14B|s3
RedHatAI/Qwen3-14B-NVFP4,qwen3,Qwen3-14B,nvfp4,humaneval,90.74,89.87,-0.87,-1.0788,-11.864372964171197,9.706772964171199,False,True,Qwen3-14B|s3
RedHatAI/Qwen3-14B-quantized.w4a16,qwen3,Qwen3-14B,w4a16,mmlu,76.81,75.9,-0.91,-0.8163636363636364,-2.1256266358350846,0.4928993631078118,False,True,Qwen3-14B|s3
RedHatAI/Qwen3-14B-quantized.w4a16,qwen3,Qwen3-14B,w4a16,arc_challenge,61.6,61.52,-0.08,-0.8163636363636364,-6.038813562085178,4.406086289357905,False,True,Qwen3-14B|s3
RedHatAI/Qwen3-14B-quantized.w4a16,qwen3,Qwen3-14B,w4a16,gsm8k,67.63,71.57,3.94,-0.8163636363636364,-5.552244489787728,3.919517217060455,False,False,Qwen3-14B|s3
RedHatAI/Qwen3-14B-quantized.w4a16,qwen3,Qwen3-14B,w4a16,hellaswag,55.09,57.96,2.87,-0.8163636363636364,-2.641015131477852,1.008287858750579,False,False,Qwen3-14B|s3
RedHatAI/Qwen3-14B-quantized.w4a16,qwen3,Qwen3-14B,w4a16,truthfulqa,55.39,56.3,0.91,-0.8163636363636364,-7.209336898342167,5.5766096256148945,False,True,Qwen3-14B|s3
RedHatAI/Qwen3-14B-quantized.w4a16,qwen3,Qwen3-14B,w4a16,mmlu_pro,44.59,42.39,-2.2,-0.8163636363636364,-2.4821757723743856,0.8494484996471128,False,True,Qwen3-14B|s3
RedHatAI/Qwen3-14B-quantized.w4a16,qwen3,Qwen3-14B,w4a16,bbh,40.4,38.74,-1.66,-0.8163636363636364,-3.0518503182595595,1.4191230455322867,False,True,Qwen3-14B|s3
RedHatAI/Qwen3-14B-quantized.w4a16,qwen3,Qwen3-14B,w4a16,math_lvl5,54.18,55.05,0.87,-0.8163636363636364,-5.850038642262633,4.21731136953536,False,True,Qwen3-14B|s3
RedHatAI/Qwen3-14B-FP8-dynamic,qwen3,Qwen3-14B,fp8_dynamic,gpqa_diamond,61.62,64.14,2.52,-0.08978102189781022,-3.0345723251566823,2.855010281361062,False,True,Qwen3-14B|s3
RedHatAI/Qwen3-14B-NVFP4,qwen3,Qwen3-14B,nvfp4,gpqa_main,27.43,26.59,-0.84,-1.0788,-11.122939196103069,8.96533919610307,False,True,Qwen3-14B|s3
RedHatAI/Qwen3-14B-quantized.w4a16,qwen3,Qwen3-14B,w4a16,gpqa_diamond,61.62,61.11,-0.51,-0.8163636363636364,-9.262468074989412,7.629740802262139,False,True,Qwen3-14B|s3
RedHatAI/Qwen3-14B-FP8-dynamic,qwen3,Qwen3-14B,fp8_dynamic,mmlu,76.81,76.47,-0.34,-0.133,-0.6495308267216436,0.3835308267216436,False,True,Qwen3-14B|s4
RedHatAI/Qwen3-14B-FP8-dynamic,qwen3,Qwen3-14B,fp8_dynamic,arc_challenge,61.6,61.95,0.35,-0.133,-2.193362493047113,1.927362493047113,False,True,Qwen3-14B|s4
RedHatAI/Qwen3-14B-FP8-dynamic,qwen3,Qwen3-14B,fp8_dynamic,gsm8k,67.63,66.19,-1.44,-0.133,-2.0014011183863714,1.7354011183863713,False,True,Qwen3-14B|s4
RedHatAI/Qwen3-14B-FP8-dynamic,qwen3,Qwen3-14B,fp8_dynamic,hellaswag,55.09,56.46,1.37,-0.133,-0.8528620488249596,0.5868620488249596,False,False,Qwen3-14B|s4
RedHatAI/Qwen3-14B-FP8-dynamic,qwen3,Qwen3-14B,fp8_dynamic,winogrande,62.51,63.61,1.1,-0.133,-2.105402912524702,1.839402912524702,False,True,Qwen3-14B|s4
RedHatAI/Qwen3-14B-FP8-dynamic,qwen3,Qwen3-14B,fp8_dynamic,truthfulqa,55.39,55.59,0.2,-0.133,-2.6551577067038665,2.3891577067038665,False,True,Qwen3-14B|s4
RedHatAI/Qwen3-14B-FP8-dynamic,qwen3,Qwen3-14B,fp8_dynamic,ifeval,87.48,87.78,0.3,-0.133,-2.1965233711848704,1.9305233711848704,False,True,Qwen3-14B|s4
RedHatAI/Qwen3-14B-FP8-dynamic,qwen3,Qwen3-14B,fp8_dynamic,bbh,40.4,40.37,-0.03,-0.133,-1.0149448685184557,0.7489448685184555,False,True,Qwen3-14B|s4
RedHatAI/Qwen3-14B-FP8-dynamic,qwen3,Qwen3-14B,fp8_dynamic,math_lvl5,54.18,54.31,0.13,-0.133,-2.118886955710753,1.8528869557107528,False,True,Qwen3-14B|s4
RedHatAI/Qwen3-14B-NVFP4,qwen3,Qwen3-14B,nvfp4,arc_challenge,67.32,67.06,-0.26,-0.9984615384615385,-7.822360627929329,5.825437551006252,False,True,Qwen3-14B|s4
RedHatAI/Qwen3-14B-NVFP4,qwen3,Qwen3-14B,nvfp4,gsm8k,88.7,88.25,-0.45,-0.9984615384615385,-5.340182997678957,3.34325992075588,False,True,Qwen3-14B|s4
RedHatAI/Qwen3-14B-NVFP4,qwen3,Qwen3-14B,nvfp4,hellaswag,79.62,78.24,-1.38,-0.9984615384615385,-3.000564426671466,1.0036413497483887,False,True,Qwen3-14B|s4
RedHatAI/Qwen3-14B-NVFP4,qwen3,Qwen3-14B,nvfp4,mmlu,78.86,77.23,-1.63,-0.9984615384615385,-2.714589698400124,0.7176666214770471,False,True,Qwen3-14B|s4
RedHatAI/Qwen3-14B-NVFP4,qwen3,Qwen3-14B,nvfp4,truthfulqa,58.59,58.49,-0.1,-0.9984615384615385,-9.581413072883636,7.584489995960559,False,True,Qwen3-14B|s4
RedHatAI/Qwen3-14B-NVFP4,qwen3,Qwen3-14B,nvfp4,winogrande,73.72,73.8,0.08,-0.9984615384615385,-7.157321941641356,5.160398864718279,False,True,Qwen3-14B|s4
RedHatAI/Qwen3-14B-NVFP4,qwen3,Qwen3-14B,nvfp4,bbh,59.45,56.78,-2.67,-0.9984615384615385,-4.029077004893596,2.032153927970519,False,True,Qwen3-14B|s4
RedHatAI/Qwen3-14B-NVFP4,qwen3,Qwen3-14B,nvfp4,mmlu_pro,44.39,41.15,-3.24,-0.9984615384615385,-3.2544321230996545,1.2575090461765777,False,True,Qwen3-14B|s4
RedHatAI/Qwen3-14B-NVFP4,qwen3,Qwen3-14B,nvfp4,musr,38.62,37.83,-0.79,-0.9984615384615385,-9.81792170823857,7.820998631315493,False,True,Qwen3-14B|s4
RedHatAI/Qwen3-14B-NVFP4,qwen3,Qwen3-14B,nvfp4,ifeval,89.45,90.41,0.96,-0.9984615384615385,-7.576570968657499,5.579647891734423,False,True,Qwen3-14B|s4
RedHatAI/Qwen3-14B-NVFP4,qwen3,Qwen3-14B,nvfp4,math_lvl5,57.33,53.4,-3.93,-0.9984615384615385,-7.768507607020247,5.77158453009717,False,True,Qwen3-14B|s4
RedHatAI/Qwen3-14B-NVFP4,qwen3,Qwen3-14B,nvfp4,humaneval,90.74,89.87,-0.87,-0.9984615384615385,-12.272156533245065,10.275233456321986,False,True,Qwen3-14B|s4
RedHatAI/Qwen3-14B-quantized.w4a16,qwen3,Qwen3-14B,w4a16,mmlu,76.81,75.9,-0.91,-0.7321367521367521,-1.4230183836013506,-0.041255120672153645,False,True,Qwen3-14B|s4
RedHatAI/Qwen3-14B-quantized.w4a16,qwen3,Qwen3-14B,w4a16,arc_challenge,61.6,61.52,-0.08,-0.7321367521367521,-3.48795794801662,2.023684443743116,False,True,Qwen3-14B|s4
RedHatAI/Qwen3-14B-quantized.w4a16,qwen3,Qwen3-14B,w4a16,gsm8k,67.63,71.57,3.94,-0.7321367521367521,-3.2312015632224362,1.766928058948932,False,False,Qwen3-14B|s4
RedHatAI/Qwen3-14B-quantized.w4a16,qwen3,Qwen3-14B,w4a16,hellaswag,55.09,57.96,2.87,-0.7321367521367521,-1.6949824159245028,0.2307089116509985,False,False,Qwen3-14B|s4
RedHatAI/Qwen3-14B-quantized.w4a16,qwen3,Qwen3-14B,w4a16,truthfulqa,55.39,56.3,0.91,-0.7321367521367521,-4.105628402728229,2.6413548984547246,False,True,Qwen3-14B|s4
RedHatAI/Qwen3-14B-quantized.w4a16,qwen3,Qwen3-14B,w4a16,mmlu_pro,44.59,42.39,-2.2,-0.7321367521367521,-1.6111648822414337,0.14689137796792961,False,False,Qwen3-14B|s4
RedHatAI/Qwen3-14B-quantized.w4a16,qwen3,Qwen3-14B,w4a16,bbh,40.4,38.74,-1.66,-0.7321367521367521,-1.9117749810709976,0.4475014767974934,False,True,Qwen3-14B|s4
RedHatAI/Qwen3-14B-quantized.w4a16,qwen3,Qwen3-14B,w4a16,math_lvl5,54.18,55.05,0.87,-0.7321367521367521,-3.3883437951388182,1.924070290865314,False,True,Qwen3-14B|s4
RedHatAI/Qwen3-14B-FP8-dynamic,qwen3,Qwen3-14B,fp8_dynamic,gpqa_diamond,61.62,64.14,2.52,-0.133,-3.465159627226871,3.199159627226871,False,True,Qwen3-14B|s4
RedHatAI/Qwen3-14B-NVFP4,qwen3,Qwen3-14B,nvfp4,gpqa_main,27.43,26.59,-0.84,-0.9984615384615385,-11.497167741476646,9.500244664553568,False,True,Qwen3-14B|s4
RedHatAI/Qwen3-14B-quantized.w4a16,qwen3,Qwen3-14B,w4a16,gpqa_diamond,61.62,61.11,-0.51,-0.7321367521367521,-5.1890399231832625,3.7247664189097587,False,True,Qwen3-14B|s4
RedHatAI/Qwen3-32B-FP8-dynamic,qwen3,Qwen3-32B,fp8_dynamic,mmlu,80.96,80.89,-0.07,-0.04286885245901641,-0.48166351863029816,0.3959258137122654,False,True,Qwen3-32B|s0
RedHatAI/Qwen3-32B-FP8-dynamic,qwen3,Qwen3-32B,fp8_dynamic,arc_challenge,69.03,68.0,-1.03,-0.04286885245901641,-1.8315496141242227,1.74581190920619,False,True,Qwen3-32B|s0
RedHatAI/Qwen3-32B-FP8-dynamic,qwen3,Qwen3-32B,fp8_dynamic,gsm8k,87.64,88.32,0.68,-0.04286885245901641,-1.243045367942844,1.1573076630248111,False,True,Qwen3-32B|s0
RedHatAI/Qwen3-32B-FP8-dynamic,qwen3,Qwen3-32B,fp8_dynamic,hellaswag,71.1,71.44,0.34,-0.04286885245901641,-0.6419431892133323,0.5562054842952995,False,True,Qwen3-32B|s0
RedHatAI/Qwen3-32B-FP8-dynamic,qwen3,Qwen3-32B,fp8_dynamic,winogrande,69.77,69.85,0.08,-0.04286885245901641,-1.7515940746492222,1.6658563697311894,False,True,Qwen3-32B|s0
RedHatAI/Qwen3-32B-FP8-dynamic,qwen3,Qwen3-32B,fp8_dynamic,truthfulqa,58.63,59.13,0.5,-0.04286885245901641,-2.3247802716117714,2.239042566693738,False,True,Qwen3-32B|s0
RedHatAI/Qwen3-32B-FP8-dynamic,qwen3,Qwen3-32B,fp8_dynamic,mmlu_pro,54.24,54.78,0.54,-0.04286885245901641,-0.6443763417927113,0.5586386368746785,False,True,Qwen3-32B|s0
RedHatAI/Qwen3-32B-FP8-dynamic,qwen3,Qwen3-32B,fp8_dynamic,ifeval,86.23,86.23,0.0,-0.04286885245901641,-2.004894286969919,1.919156582051886,False,True,Qwen3-32B|s0
RedHatAI/Qwen3-32B-FP8-dynamic,qwen3,Qwen3-32B,fp8_dynamic,bbh,44.29,43.7,-0.59,-0.04286885245901641,-0.8581411285494528,0.77240342363142,False,True,Qwen3-32B|s0
RedHatAI/Qwen3-32B-FP8-dynamic,qwen3,Qwen3-32B,fp8_dynamic,math_lvl5,54.61,57.26,2.65,-0.04286885245901641,-1.8549568736566904,1.7692191687386576,False,False,Qwen3-32B|s0
RedHatAI/Qwen3-32B-NVFP4,qwen3,Qwen3-32B,nvfp4,arc_challenge,70.65,70.22,-0.43,-0.9984615384615385,-7.580985015800219,5.584061938877142,False,True,Qwen3-32B|s0
RedHatAI/Qwen3-32B-NVFP4,qwen3,Qwen3-32B,nvfp4,gsm8k,74.15,74.68,0.53,-0.9984615384615385,-6.964135855629294,4.967212778706218,False,True,Qwen3-32B|s0
RedHatAI/Qwen3-32B-NVFP4,qwen3,Qwen3-32B,nvfp4,hellaswag,84.0,83.33,-0.67,-0.9984615384615385,-2.8089076920923812,0.8119846151693042,False,True,Qwen3-32B|s0
RedHatAI/Qwen3-32B-NVFP4,qwen3,Qwen3-32B,nvfp4,mmlu,81.84,81.23,-0.61,-0.9984615384615385,-2.6084484105765338,0.611525333653457,False,True,Qwen3-32B|s0
RedHatAI/Qwen3-32B-NVFP4,qwen3,Qwen3-32B,nvfp4,truthfulqa,59.36,58.92,-0.44,-0.9984615384615385,-9.502179626797828,7.50525654987475,False,True,Qwen3-32B|s0
RedHatAI/Qwen3-32B-NVFP4,qwen3,Qwen3-32B,nvfp4,winogrande,75.93,76.8,0.87,-0.9984615384615385,-6.942101915417406,4.945178838494329,False,True,Qwen3-32B|s0
RedHatAI/Qwen3-32B-NVFP4,qwen3,Qwen3-32B,nvfp4,bbh,62.35,60.72,-1.63,-0.9984615384615385,-3.96994254208109,1.973019465158013,False,True,Qwen3-32B|s0
RedHatAI/Qwen3-32B-NVFP4,qwen3,Qwen3-32B,nvfp4,mmlu_pro,54.39,51.13,-3.26,-0.9984615384615385,-3.2455322575153343,1.248609180592257,False,False,Qwen3-32B|s0
RedHatAI/Qwen3-32B-NVFP4,qwen3,Qwen3-32B,nvfp4,musr,39.29,41.01,1.72,-0.9984615384615385,-9.788814621808063,7.791891544884986,False,True,Qwen3-32B|s0
RedHatAI/Qwen3-32B-NVFP4,qwen3,Qwen3-32B,nvfp4,ifeval,88.97,87.29,-1.68,-0.9984615384615385,-7.663566693560953,5.666643616637876,False,True,Qwen3-32B|s0
RedHatAI/Qwen3-32B-NVFP4,qwen3,Qwen3-32B,nvfp4,math_lvl5,58.99,56.27,-2.72,-0.9984615384615385,-7.687846305505504,5.690923228582427,False,True,Qwen3-32B|s0
RedHatAI/Qwen3-32B-NVFP4,qwen3,Qwen3-32B,nvfp4,humaneval,90.14,90.4,0.26,-0.9984615384615385,-12.51896336216143,10.52204028523835,False,True,Qwen3-32B|s0
RedHatAI/Qwen3-32B-quantized.w4a16,qwen3,Qwen3-32B,w4a16,mmlu,80.96,80.36,-0.6,-0.7920610687022901,-1.8214847522764748,0.2373626148718947,False,True,Qwen3-32B|s0
RedHatAI/Qwen3-32B-quantized.w4a16,qwen3,Qwen3-32B,w4a16,arc_challenge,69.03,68.69,-0.34,-0.7920610687022901,-4.988352592658343,3.4042304552537623,False,True,Qwen3-32B|s0
RedHatAI/Qwen3-32B-quantized.w4a16,qwen3,Qwen3-32B,w4a16,gsm8k,87.64,85.97,-1.67,-0.7920610687022901,-3.6077063459999925,2.0235842085954125,False,True,Qwen3-32B|s0
RedHatAI/Qwen3-32B-quantized.w4a16,qwen3,Qwen3-32B,w4a16,hellaswag,71.1,71.18,0.08,-0.7920610687022901,-2.197505022379846,0.6133828849752659,False,True,Qwen3-32B|s0
RedHatAI/Qwen3-32B-quantized.w4a16,qwen3,Qwen3-32B,w4a16,truthfulqa,58.63,58.86,0.23,-0.7920610687022901,-6.145484525716877,4.561362388312296,False,True,Qwen3-32B|s0
RedHatAI/Qwen3-32B-quantized.w4a16,qwen3,Qwen3-32B,w4a16,mmlu_pro,54.24,52.63,-1.61,-0.7920610687022901,-2.2032132615269115,0.6190911241223312,False,True,Qwen3-32B|s0
RedHatAI/Qwen3-32B-quantized.w4a16,qwen3,Qwen3-32B,w4a16,ifeval,86.23,85.53,-0.7,-0.7920610687022901,-5.395023697404915,3.810901560000335,False,True,Qwen3-32B|s0
RedHatAI/Qwen3-32B-quantized.w4a16,qwen3,Qwen3-32B,w4a16,bbh,44.29,41.07,-3.22,-0.7920610687022901,-2.704711003333275,1.1205888659286947,False,False,Qwen3-32B|s0
RedHatAI/Qwen3-32B-quantized.w4a16,qwen3,Qwen3-32B,w4a16,math_lvl5,54.61,55.38,0.77,-0.7920610687022901,-5.04326663147413,3.4591444940695495,False,True,Qwen3-32B|s0
RedHatAI/Qwen3-32B-FP8-dynamic,qwen3,Qwen3-32B,fp8_dynamic,gpqa_diamond,66.67,68.69,2.02,-0.04286885245901641,-2.992386369589946,2.9066486646719127,False,True,Qwen3-32B|s0
RedHatAI/Qwen3-32B-NVFP4,qwen3,Qwen3-32B,nvfp4,gpqa_main,30.12,30.29,0.17,-0.9984615384615385,-11.725035005525102,9.728111928602024,False,True,Qwen3-32B|s0
RedHatAI/Qwen3-32B-quantized.w4a16,qwen3,Qwen3-32B,w4a16,gpqa_diamond,66.67,66.67,0.0,-0.7920610687022901,-7.711705771188934,6.1275836337843534,False,True,Qwen3-32B|s0
RedHatAI/Qwen3-32B-FP8-dynamic,qwen3,Qwen3-32B,fp8_dynamic,mmlu,80.96,80.89,-0.07,-0.09120370370370372,-0.4778878585165227,0.29548045110911525,False,True,Qwen3-32B|s1
RedHatAI/Qwen3-32B-FP8-dynamic,qwen3,Qwen3-32B,fp8_dynamic,arc_challenge,69.03,68.0,-1.03,-0.09120370370370372,-1.6674637676409325,1.4850563602335252,False,True,Qwen3-32B|s1
RedHatAI/Qwen3-32B-FP8-dynamic,qwen3,Qwen3-32B,fp8_dynamic,gsm8k,87.64,88.32,0.68,-0.09120370370370372,-1.1488492889736546,0.9664418815662472,False,True,Qwen3-32B|s1
RedHatAI/Qwen3-32B-FP8-dynamic,qwen3,Qwen3-32B,fp8_dynamic,hellaswag,71.1,71.44,0.34,-0.09120370370370372,-0.6191329868902684,0.436725579482861,False,True,Qwen3-32B|s1
RedHatAI/Qwen3-32B-FP8-dynamic,qwen3,Qwen3-32B,fp8_dynamic,winogrande,69.77,69.85,0.08,-0.09120370370370372,-1.5970036126115528,1.4145962052041454,False,True,Qwen3-32B|s1
RedHatAI/Qwen3-32B-FP8-dynamic,qwen3,Qwen3-32B,fp8_dynamic,truthfulqa,58.63,59.13,0.5,-0.09120370370370372,-2.1021191876407173,1.9197117802333097,False,True,Qwen3-32B|s1
RedHatAI/Qwen3-32B-FP8-dynamic,qwen3,Qwen3-32B,fp8_dynamic,mmlu_pro,54.24,54.78,0.54,-0.09120370370370372,-0.6212771823904036,0.43886977498299623,False,False,Qwen3-32B|s1
RedHatAI/Qwen3-32B-FP8-dynamic,qwen3,Qwen3-32B,fp8_dynamic,ifeval,86.23,86.23,0.0,-0.09120370370370372,-1.8202223207371042,1.6378149133296969,False,True,Qwen3-32B|s1
RedHatAI/Qwen3-32B-FP8-dynamic,qwen3,Qwen3-32B,fp8_dynamic,bbh,44.29,43.7,-0.59,-0.09120370370370372,-0.809655625129968,0.6272482177225607,False,True,Qwen3-32B|s1
RedHatAI/Qwen3-32B-FP8-dynamic,qwen3,Qwen3-32B,fp8_dynamic,math_lvl5,54.61,57.26,2.65,-0.09120370370370372,-1.6880912206767074,1.5056838132693,False,False,Qwen3-32B|s1
RedHatAI/Qwen3-32B-NVFP4,qwen3,Qwen3-32B,nvfp4,arc_challenge,70.65,70.22,-0.43,-1.1376923076923076,-19.525340552121488,17.24995593673687,False,True,Qwen3-32B|s1
RedHatAI/Qwen3-32B-NVFP4,qwen3,Qwen3-32B,nvfp4,gsm8k,74.15,74.68,0.53,-1.1376923076923076,-17.802231562667455,15.526846947282838,False,True,Qwen3-32B|s1
RedHatAI/Qwen3-32B-NVFP4,qwen3,Qwen3-32B,nvfp4,hellaswag,84.0,83.33,-0.67,-1.1376923076923076,-6.195000064064009,3.9196154486793935,False,True,Qwen3-32B|s1
RedHatAI/Qwen3-32B-NVFP4,qwen3,Qwen3-32B,nvfp4,mmlu,81.84,81.23,-0.61,-1.1376923076923076,-5.635036279880948,3.359651664496333,False,True,Qwen3-32B|s1
RedHatAI/Qwen3-32B-NVFP4,qwen3,Qwen3-32B,nvfp4,truthfulqa,59.36,58.92,-0.44,-1.1376923076923076,-24.892013506305833,22.616628890921216,False,True,Qwen3-32B|s1
RedHatAI/Qwen3-32B-NVFP4,qwen3,Qwen3-32B,nvfp4,winogrande,75.93,76.8,0.87,-1.1376923076923076,-17.74068186315635,15.465297247771733,False,True,Qwen3-32B|s1
RedHatAI/Qwen3-32B-NVFP4,qwen3,Qwen3-32B,nvfp4,bbh,62.35,60.72,-1.63,-1.1376923076923076,-9.438239605041275,7.162854989656659,False,True,Qwen3-32B|s1
RedHatAI/Qwen3-32B-NVFP4,qwen3,Qwen3-32B,nvfp4,mmlu_pro,54.39,51.13,-3.26,-1.1376923076923076,-7.4146689268509505,5.139284311466335,False,True,Qwen3-32B|s1
RedHatAI/Qwen3-32B-NVFP4,qwen3,Qwen3-32B,nvfp4,musr,39.29,41.01,1.72,-1.1376923076923076,-25.69270088416883,23.417316268784212,False,True,Qwen3-32B|s1
RedHatAI/Qwen3-32B-NVFP4,qwen3,Qwen3-32B,nvfp4,ifeval,88.97,87.29,-1.68,-1.1376923076923076,-19.756024551552223,17.480639936167606,False,True,Qwen3-32B|s1
RedHatAI/Qwen3-32B-NVFP4,qwen3,Qwen3-32B,nvfp4,math_lvl5,58.99,56.27,-2.72,-1.1376923076923076,-19.823847319748126,17.54846270436351,False,True,Qwen3-32B|s1
RedHatAI/Qwen3-32B-NVFP4,qwen3,Qwen3-32B,nvfp4,humaneval,90.14,90.4,0.26,-1.1376923076923076,-33.31910964145068,31.043725026066067,False,True,Qwen3-32B|s1
RedHatAI/Qwen3-32B-quantized.w4a16,qwen3,Qwen3-32B,w4a16,mmlu,80.96,80.36,-0.6,-0.6499999999999999,-1.5764199081161014,0.2764199081161016,False,True,Qwen3-32B|s1
RedHatAI/Qwen3-32B-quantized.w4a16,qwen3,Qwen3-32B,w4a16,arc_challenge,69.03,68.69,-0.34,-0.6499999999999999,-4.426412054708268,3.1264120547082683,False,True,Qwen3-32B|s1
RedHatAI/Qwen3-32B-quantized.w4a16,qwen3,Qwen3-32B,w4a16,gsm8k,87.64,85.97,-1.67,-0.6499999999999999,-3.1839127909171467,1.883912790917147,False,True,Qwen3-32B|s1
RedHatAI/Qwen3-32B-quantized.w4a16,qwen3,Qwen3-32B,w4a16,hellaswag,71.1,71.18,0.08,-0.6499999999999999,-1.9148157208775367,0.6148157208775369,False,True,Qwen3-32B|s1
RedHatAI/Qwen3-32B-quantized.w4a16,qwen3,Qwen3-32B,w4a16,truthfulqa,58.63,58.86,0.23,-0.6499999999999999,-5.467761769317823,4.167761769317824,False,True,Qwen3-32B|s1
RedHatAI/Qwen3-32B-quantized.w4a16,qwen3,Qwen3-32B,w4a16,mmlu_pro,54.24,52.63,-1.61,-0.6499999999999999,-1.9199527956024625,0.6199527956024626,False,True,Qwen3-32B|s1
RedHatAI/Qwen3-32B-quantized.w4a16,qwen3,Qwen3-32B,w4a16,ifeval,86.23,85.53,-0.7,-0.6499999999999999,-4.792391790267406,3.4923917902674053,False,True,Qwen3-32B|s1
RedHatAI/Qwen3-32B-quantized.w4a16,qwen3,Qwen3-32B,w4a16,bbh,44.29,41.07,-3.22,-0.6499999999999999,-2.3712708479243108,1.071270847924311,False,False,Qwen3-32B|s1
RedHatAI/Qwen3-32B-quantized.w4a16,qwen3,Qwen3-32B,w4a16,math_lvl5,54.61,55.38,0.77,-0.6499999999999999,-4.475831413914548,3.175831413914549,False,True,Qwen3-32B|s1
RedHatAI/Qwen3-32B-FP8-dynamic,qwen3,Qwen3-32B,fp8_dynamic,gpqa_diamond,66.67,68.69,2.02,-0.09120370370370372,-2.690441516161925,2.5080341087545173,False,True,Qwen3-32B|s1
RedHatAI/Qwen3-32B-NVFP4,qwen3,Qwen3-32B,nvfp4,gpqa_main,30.12,30.29,0.17,-1.1376923076923076,-31.101346893871593,28.825962278486976,False,True,Qwen3-32B|s1
RedHatAI/Qwen3-32B-quantized.w4a16,qwen3,Qwen3-32B,w4a16,gpqa_diamond,66.67,66.67,0.0,-0.6499999999999999,-6.877267462136038,5.577267462136037,False,True,Qwen3-32B|s1
RedHatAI/Qwen3-32B-FP8-dynamic,qwen3,Qwen3-32B,fp8_dynamic,mmlu,80.96,80.89,-0.07,-0.010967741935483876,-0.38459821615553635,0.3626627322845686,False,True,Qwen3-32B|s2
RedHatAI/Qwen3-32B-FP8-dynamic,qwen3,Qwen3-32B,fp8_dynamic,arc_challenge,69.03,68.0,-1.03,-0.010967741935483876,-1.5340164312930367,1.5120809474220689,False,True,Qwen3-32B|s2
RedHatAI/Qwen3-32B-FP8-dynamic,qwen3,Qwen3-32B,fp8_dynamic,gsm8k,87.64,88.32,0.68,-0.010967741935483876,-1.0329093360316908,1.010973852160723,False,True,Qwen3-32B|s2
RedHatAI/Qwen3-32B-FP8-dynamic,qwen3,Qwen3-32B,fp8_dynamic,hellaswag,71.1,71.44,0.34,-0.010967741935483876,-0.5210751926199604,0.4991397087489926,False,True,Qwen3-32B|s2
RedHatAI/Qwen3-32B-FP8-dynamic,qwen3,Qwen3-32B,fp8_dynamic,winogrande,69.77,69.85,0.08,-0.010967741935483876,-1.4659348696112835,1.4439993857403157,False,True,Qwen3-32B|s2
RedHatAI/Qwen3-32B-FP8-dynamic,qwen3,Qwen3-32B,fp8_dynamic,truthfulqa,58.63,59.13,0.5,-0.010967741935483876,-1.9539987571151236,1.9320632732441558,False,True,Qwen3-32B|s2
RedHatAI/Qwen3-32B-FP8-dynamic,qwen3,Qwen3-32B,fp8_dynamic,mmlu_pro,54.24,54.78,0.54,-0.010967741935483876,-0.5231470043856219,0.5012115205146541,False,False,Qwen3-32B|s2
RedHatAI/Qwen3-32B-FP8-dynamic,qwen3,Qwen3-32B,fp8_dynamic,ifeval,86.23,86.23,0.0,-0.010967741935483876,-1.6816181623805697,1.659682678509602,False,True,Qwen3-32B|s2
RedHatAI/Qwen3-32B-FP8-dynamic,qwen3,Qwen3-32B,fp8_dynamic,bbh,44.29,43.7,-0.59,-0.010967741935483876,-0.7051661691680241,0.6832306852970563,False,True,Qwen3-32B|s2
RedHatAI/Qwen3-32B-FP8-dynamic,qwen3,Qwen3-32B,fp8_dynamic,math_lvl5,54.61,57.26,2.65,-0.010967741935483876,-1.5539475429348861,1.5320120590639184,False,False,Qwen3-32B|s2
RedHatAI/Qwen3-32B-NVFP4,qwen3,Qwen3-32B,nvfp4,arc_challenge,70.65,70.22,-0.43,-1.2441176470588236,-2.9546984469740023,0.4664631528563552,True,True,Qwen3-32B|s2
RedHatAI/Qwen3-32B-NVFP4,qwen3,Qwen3-32B,nvfp4,gsm8k,74.15,74.68,0.53,-1.2441176470588236,-2.794399690203173,0.3061643960855258,True,False,Qwen3-32B|s2
RedHatAI/Qwen3-32B-NVFP4,qwen3,Qwen3-32B,nvfp4,hellaswag,84.0,83.33,-0.67,-1.2441176470588236,-1.71459290481412,-0.7736423893035271,True,False,Qwen3-32B|s2
RedHatAI/Qwen3-32B-NVFP4,qwen3,Qwen3-32B,nvfp4,mmlu,81.84,81.23,-0.61,-1.2441176470588236,-1.6625001474838512,-0.8257351466337959,True,False,Qwen3-32B|s2
RedHatAI/Qwen3-32B-NVFP4,qwen3,Qwen3-32B,nvfp4,truthfulqa,59.36,58.92,-0.44,-1.2441176470588236,-3.4539535769840657,0.9657182828664186,True,True,Qwen3-32B|s2
RedHatAI/Qwen3-32B-NVFP4,qwen3,Qwen3-32B,nvfp4,winogrande,75.93,76.8,0.87,-1.2441176470588236,-2.7886737956882968,0.3004385015706499,True,False,Qwen3-32B|s2
RedHatAI/Qwen3-32B-NVFP4,qwen3,Qwen3-32B,nvfp4,bbh,62.35,60.72,-1.63,-1.2441176470588236,-2.0163075784131337,-0.4719277157045134,True,True,Qwen3-32B|s2
RedHatAI/Qwen3-32B-NVFP4,qwen3,Qwen3-32B,nvfp4,mmlu_pro,54.39,51.13,-3.26,-1.2441176470588236,-1.828057232127963,-0.6601780619896842,True,False,Qwen3-32B|s2
RedHatAI/Qwen3-32B-NVFP4,qwen3,Qwen3-32B,nvfp4,musr,39.29,41.01,1.72,-1.2441176470588236,-3.528440560697267,1.04020526657962,True,False,Qwen3-32B|s2
RedHatAI/Qwen3-32B-NVFP4,qwen3,Qwen3-32B,nvfp4,ifeval,88.97,87.29,-1.68,-1.2441176470588236,-2.9761587019793376,0.4879234078616903,True,True,Qwen3-32B|s2
RedHatAI/Qwen3-32B-NVFP4,qwen3,Qwen3-32B,nvfp4,math_lvl5,58.99,56.27,-2.72,-1.2441176470588236,-2.9824681725288498,0.49423287841120245,True,True,Qwen3-32B|s2
RedHatAI/Qwen3-32B-NVFP4,qwen3,Qwen3-32B,nvfp4,humaneval,90.14,90.4,0.26,-1.2441176470588236,-4.237916194508332,1.7496809003906852,True,True,Qwen3-32B|s2
RedHatAI/Qwen3-32B-quantized.w4a16,qwen3,Qwen3-32B,w4a16,mmlu,80.96,80.36,-0.6,-0.8336129032258065,-1.8450070419007925,0.17778123544917934,False,True,Qwen3-32B|s2
RedHatAI/Qwen3-32B-quantized.w4a16,qwen3,Qwen3-32B,w4a16,arc_challenge,69.03,68.69,-0.34,-0.8336129032258065,-4.956409686728045,3.2891838802764317,False,True,Qwen3-32B|s2
RedHatAI/Qwen3-32B-quantized.w4a16,qwen3,Qwen3-32B,w4a16,gsm8k,87.64,85.97,-1.67,-0.8336129032258065,-3.5999443714891184,1.9327185650375052,False,True,Qwen3-32B|s2
RedHatAI/Qwen3-32B-quantized.w4a16,qwen3,Qwen3-32B,w4a16,hellaswag,71.1,71.18,0.08,-0.8336129032258065,-2.214441613179653,0.5472158067280403,False,True,Qwen3-32B|s2
RedHatAI/Qwen3-32B-quantized.w4a16,qwen3,Qwen3-32B,w4a16,truthfulqa,58.63,58.86,0.23,-0.8336129032258065,-6.093275365498607,4.4260495590469935,False,True,Qwen3-32B|s2
RedHatAI/Qwen3-32B-quantized.w4a16,qwen3,Qwen3-32B,w4a16,mmlu_pro,54.24,52.63,-1.61,-0.8336129032258065,-2.2200498770146684,0.5528240705630553,False,True,Qwen3-32B|s2
RedHatAI/Qwen3-32B-quantized.w4a16,qwen3,Qwen3-32B,w4a16,ifeval,86.23,85.53,-0.7,-0.8336129032258065,-5.355958267426232,3.6887324609746184,False,True,Qwen3-32B|s2
RedHatAI/Qwen3-32B-quantized.w4a16,qwen3,Qwen3-32B,w4a16,bbh,44.29,41.07,-3.22,-0.8336129032258065,-2.7127642809233143,1.0455384744717016,False,False,Qwen3-32B|s2
RedHatAI/Qwen3-32B-quantized.w4a16,qwen3,Qwen3-32B,w4a16,math_lvl5,54.61,55.38,0.77,-0.8336129032258065,-5.010361949411979,3.3431361429603657,False,True,Qwen3-32B|s2
RedHatAI/Qwen3-32B-FP8-dynamic,qwen3,Qwen3-32B,fp8_dynamic,gpqa_diamond,66.67,68.69,2.02,-0.010967741935483876,-2.522460505194844,2.5005250213238766,False,True,Qwen3-32B|s2
RedHatAI/Qwen3-32B-NVFP4,qwen3,Qwen3-32B,nvfp4,gpqa_main,30.12,30.29,0.17,-1.2441176470588236,-4.031600393577929,1.5433650994602823,True,True,Qwen3-32B|s2
RedHatAI/Qwen3-32B-quantized.w4a16,qwen3,Qwen3-32B,w4a16,gpqa_diamond,66.67,66.67,0.0,-0.8336129032258065,-7.632065479631939,5.964839673180326,False,True,Qwen3-32B|s2
RedHatAI/Qwen3-32B-FP8-dynamic,qwen3,Qwen3-32B,fp8_dynamic,mmlu,80.96,80.89,-0.07,-0.09492307692307692,-0.3897944158806145,0.19994826203446067,False,True,Qwen3-32B|s3
RedHatAI/Qwen3-32B-FP8-dynamic,qwen3,Qwen3-32B,fp8_dynamic,arc_challenge,69.03,68.0,-1.03,-0.09492307692307692,-1.29692194295744,1.1070757891112861,False,True,Qwen3-32B|s3
RedHatAI/Qwen3-32B-FP8-dynamic,qwen3,Qwen3-32B,fp8_dynamic,gsm8k,87.64,88.32,0.68,-0.09492307692307692,-0.9014453147480133,0.7115991609018595,False,True,Qwen3-32B|s3
RedHatAI/Qwen3-32B-FP8-dynamic,qwen3,Qwen3-32B,fp8_dynamic,hellaswag,71.1,71.44,0.34,-0.09492307692307692,-0.4975028378741577,0.30765668402800384,False,False,Qwen3-32B|s3
RedHatAI/Qwen3-32B-FP8-dynamic,qwen3,Qwen3-32B,fp8_dynamic,winogrande,69.77,69.85,0.08,-0.09492307692307692,-1.2431915793051558,1.053345425459002,False,True,Qwen3-32B|s3
RedHatAI/Qwen3-32B-FP8-dynamic,qwen3,Qwen3-32B,fp8_dynamic,truthfulqa,58.63,59.13,0.5,-0.09492307692307692,-1.6283744322442817,1.438528278398128,False,True,Qwen3-32B|s3
RedHatAI/Qwen3-32B-FP8-dynamic,qwen3,Qwen3-32B,fp8_dynamic,mmlu_pro,54.24,54.78,0.54,-0.09492307692307692,-0.4991379237452549,0.3092917698991011,False,False,Qwen3-32B|s3
RedHatAI/Qwen3-32B-FP8-dynamic,qwen3,Qwen3-32B,fp8_dynamic,ifeval,86.23,86.23,0.0,-0.09492307692307692,-1.4134100858721363,1.2235639320259826,False,True,Qwen3-32B|s3
RedHatAI/Qwen3-32B-FP8-dynamic,qwen3,Qwen3-32B,fp8_dynamic,bbh,44.29,43.7,-0.59,-0.09492307692307692,-0.6427885051047105,0.45294235125855675,False,True,Qwen3-32B|s3
RedHatAI/Qwen3-32B-FP8-dynamic,qwen3,Qwen3-32B,fp8_dynamic,math_lvl5,54.61,57.26,2.65,-0.09492307692307692,-1.312651691953457,1.1228055381073032,False,False,Qwen3-32B|s3
RedHatAI/Qwen3-32B-NVFP4,qwen3,Qwen3-32B,nvfp4,arc_challenge,70.65,70.22,-0.43,-1.080769230769231,-10.662323172235837,8.500784710697374,False,True,Qwen3-32B|s3
RedHatAI/Qwen3-32B-NVFP4,qwen3,Qwen3-32B,nvfp4,gsm8k,74.15,74.68,0.53,-1.080769230769231,-9.764434464011183,7.60289600247272,False,True,Qwen3-32B|s3
RedHatAI/Qwen3-32B-NVFP4,qwen3,Qwen3-32B,nvfp4,hellaswag,84.0,83.33,-0.67,-1.080769230769231,-3.7160636644091425,1.5545252028706806,False,True,Qwen3-32B|s3
RedHatAI/Qwen3-32B-NVFP4,qwen3,Qwen3-32B,nvfp4,mmlu,81.84,81.23,-0.61,-1.080769230769231,-3.424274136346832,1.2627356748083702,False,True,Qwen3-32B|s3
RedHatAI/Qwen3-32B-NVFP4,qwen3,Qwen3-32B,nvfp4,truthfulqa,59.36,58.92,-0.44,-1.080769230769231,-13.458823611725483,11.29728515018702,False,True,Qwen3-32B|s3
RedHatAI/Qwen3-32B-NVFP4,qwen3,Qwen3-32B,nvfp4,winogrande,75.93,76.8,0.87,-1.080769230769231,-9.732361750953634,7.570823289415172,False,True,Qwen3-32B|s3
RedHatAI/Qwen3-32B-NVFP4,qwen3,Qwen3-32B,nvfp4,bbh,62.35,60.72,-1.63,-1.080769230769231,-5.406071771693107,3.244533310154645,False,True,Qwen3-32B|s3
RedHatAI/Qwen3-32B-NVFP4,qwen3,Qwen3-32B,nvfp4,mmlu_pro,54.39,51.13,-3.26,-1.080769230769231,-4.351616555359232,2.1900780938207705,False,True,Qwen3-32B|s3
RedHatAI/Qwen3-32B-NVFP4,qwen3,Qwen3-32B,nvfp4,musr,39.29,41.01,1.72,-1.080769230769231,-13.876050937333588,11.714512475795125,False,True,Qwen3-32B|s3
RedHatAI/Qwen3-32B-NVFP4,qwen3,Qwen3-32B,nvfp4,ifeval,88.97,87.29,-1.68,-1.080769230769231,-10.782529473476588,8.620991011938125,False,True,Qwen3-32B|s3
RedHatAI/Qwen3-32B-NVFP4,qwen3,Qwen3-32B,nvfp4,math_lvl5,58.99,56.27,-2.72,-1.080769230769231,-10.817870997487171,8.656332535948708,False,True,Qwen3-32B|s3
RedHatAI/Qwen3-32B-NVFP4,qwen3,Qwen3-32B,nvfp4,humaneval,90.14,90.4,0.26,-1.080769230769231,-17.850069034493345,15.688530572954882,False,True,Qwen3-32B|s3
RedHatAI/Qwen3-32B-quantized.w4a16,qwen3,Qwen3-32B,w4a16,mmlu,80.96,80.36,-0.6,-0.6674825174825175,-1.9798546108800017,0.6448895759149668,False,True,Qwen3-32B|s3
RedHatAI/Qwen3-32B-quantized.w4a16,qwen3,Qwen3-32B,w4a16,arc_challenge,69.03,68.69,-0.34,-0.6674825174825175,-6.017170871921333,4.682205836956297,False,True,Qwen3-32B|s3
RedHatAI/Qwen3-32B-quantized.w4a16,qwen3,Qwen3-32B,w4a16,gsm8k,87.64,85.97,-1.67,-0.6674825174825175,-4.257038835054489,2.9220738000894544,False,True,Qwen3-32B|s3
RedHatAI/Qwen3-32B-quantized.w4a16,qwen3,Qwen3-32B,w4a16,hellaswag,71.1,71.18,0.08,-0.6674825174825175,-2.4592281835979706,1.1242631486329353,False,True,Qwen3-32B|s3
RedHatAI/Qwen3-32B-quantized.w4a16,qwen3,Qwen3-32B,w4a16,truthfulqa,58.63,58.86,0.23,-0.6674825174825175,-7.4923532303187335,6.157388195353698,False,True,Qwen3-32B|s3
RedHatAI/Qwen3-32B-quantized.w4a16,qwen3,Qwen3-32B,w4a16,mmlu_pro,54.24,52.63,-1.61,-0.6674825174825175,-2.4665053949916675,1.1315403600266327,False,True,Qwen3-32B|s3
RedHatAI/Qwen3-32B-quantized.w4a16,qwen3,Qwen3-32B,w4a16,ifeval,86.23,85.53,-0.7,-0.6674825174825175,-6.535619997948328,5.200654962983292,False,True,Qwen3-32B|s3
RedHatAI/Qwen3-32B-quantized.w4a16,qwen3,Qwen3-32B,w4a16,bbh,44.29,41.07,-3.22,-0.6674825174825175,-3.1058453011451856,1.7708802661801508,False,False,Qwen3-32B|s3
RedHatAI/Qwen3-32B-quantized.w4a16,qwen3,Qwen3-32B,w4a16,math_lvl5,54.61,55.38,0.77,-0.6674825174825175,-6.087178637652314,4.752213602687278,False,True,Qwen3-32B|s3
RedHatAI/Qwen3-32B-FP8-dynamic,qwen3,Qwen3-32B,fp8_dynamic,gpqa_diamond,66.67,68.69,2.02,-0.09492307692307692,-2.0770077434117393,1.8871615895655856,False,False,Qwen3-32B|s3
RedHatAI/Qwen3-32B-NVFP4,qwen3,Qwen3-32B,nvfp4,gpqa_main,30.12,30.29,0.17,-1.080769230769231,-16.69442296639205,14.53288450485359,False,True,Qwen3-32B|s3
RedHatAI/Qwen3-32B-quantized.w4a16,qwen3,Qwen3-32B,w4a16,gpqa_diamond,66.67,66.67,0.0,-0.6674825174825175,-9.48906759335646,8.154102558391426,False,True,Qwen3-32B|s3
RedHatAI/Qwen3-32B-FP8-dynamic,qwen3,Qwen3-32B,fp8_dynamic,mmlu,80.96,80.89,-0.07,-0.107109375,-0.5004504985234308,0.28623174852343086,False,True,Qwen3-32B|s4
RedHatAI/Qwen3-32B-FP8-dynamic,qwen3,Qwen3-32B,fp8_dynamic,arc_challenge,69.03,68.0,-1.03,-0.107109375,-1.7105055752252456,1.4962868252252455,False,True,Qwen3-32B|s4
RedHatAI/Qwen3-32B-FP8-dynamic,qwen3,Qwen3-32B,fp8_dynamic,gsm8k,87.64,88.32,0.68,-0.107109375,-1.182962878749225,0.9687441287492249,False,True,Qwen3-32B|s4
RedHatAI/Qwen3-32B-FP8-dynamic,qwen3,Qwen3-32B,fp8_dynamic,hellaswag,71.1,71.44,0.34,-0.107109375,-0.644127235196631,0.429908485196631,False,True,Qwen3-32B|s4
RedHatAI/Qwen3-32B-FP8-dynamic,qwen3,Qwen3-32B,fp8_dynamic,winogrande,69.77,69.85,0.08,-0.107109375,-1.6388324120041995,1.4246136620041994,False,True,Qwen3-32B|s4
RedHatAI/Qwen3-32B-FP8-dynamic,qwen3,Qwen3-32B,fp8_dynamic,truthfulqa,58.63,59.13,0.5,-0.107109375,-2.152643814199697,1.938425064199697,False,True,Qwen3-32B|s4
RedHatAI/Qwen3-32B-FP8-dynamic,qwen3,Qwen3-32B,fp8_dynamic,mmlu_pro,54.24,54.78,0.54,-0.107109375,-0.6463083441367823,0.43208959413678233,False,False,Qwen3-32B|s4
RedHatAI/Qwen3-32B-FP8-dynamic,qwen3,Qwen3-32B,fp8_dynamic,ifeval,86.23,86.23,0.0,-0.107109375,-1.8658939462117619,1.6516751962117617,False,True,Qwen3-32B|s4
RedHatAI/Qwen3-32B-FP8-dynamic,qwen3,Qwen3-32B,fp8_dynamic,bbh,44.29,43.7,-0.59,-0.107109375,-0.8379298196809313,0.6237110696809314,False,True,Qwen3-32B|s4
RedHatAI/Qwen3-32B-FP8-dynamic,qwen3,Qwen3-32B,fp8_dynamic,math_lvl5,54.61,57.26,2.65,-0.107109375,-1.7314881405864924,1.5172693905864922,False,False,Qwen3-32B|s4
RedHatAI/Qwen3-32B-NVFP4,qwen3,Qwen3-32B,nvfp4,arc_challenge,70.65,70.22,-0.43,-1.2718421052631579,-7.0515535719684275,4.507869361442112,False,True,Qwen3-32B|s4
RedHatAI/Qwen3-32B-NVFP4,qwen3,Qwen3-32B,nvfp4,gsm8k,74.15,74.68,0.53,-1.2718421052631579,-6.5099360332629175,3.966251822736602,False,True,Qwen3-32B|s4
RedHatAI/Qwen3-32B-NVFP4,qwen3,Qwen3-32B,nvfp4,hellaswag,84.0,83.33,-0.67,-1.2718421052631579,-2.861484197694126,0.3177999871678101,False,True,Qwen3-32B|s4
RedHatAI/Qwen3-32B-NVFP4,qwen3,Qwen3-32B,nvfp4,mmlu,81.84,81.23,-0.61,-1.2718421052631579,-2.6854731569476273,0.14178894642131135,False,True,Qwen3-32B|s4
RedHatAI/Qwen3-32B-NVFP4,qwen3,Qwen3-32B,nvfp4,truthfulqa,59.36,58.92,-0.44,-1.2718421052631579,-8.738437114607091,6.194752904080775,False,True,Qwen3-32B|s4
RedHatAI/Qwen3-32B-NVFP4,qwen3,Qwen3-32B,nvfp4,winogrande,75.93,76.8,0.87,-1.2718421052631579,-6.490589377328036,3.946905166801721,False,True,Qwen3-32B|s4
RedHatAI/Qwen3-32B-NVFP4,qwen3,Qwen3-32B,nvfp4,bbh,62.35,60.72,-1.63,-1.2718421052631579,-3.8809179238062903,1.3372337132799748,False,True,Qwen3-32B|s4
RedHatAI/Qwen3-32B-NVFP4,qwen3,Qwen3-32B,nvfp4,mmlu_pro,54.39,51.13,-3.26,-1.2718421052631579,-3.2448575371296773,0.7011733266033613,False,False,Qwen3-32B|s4
RedHatAI/Qwen3-32B-NVFP4,qwen3,Qwen3-32B,nvfp4,musr,39.29,41.01,1.72,-1.2718421052631579,-8.990113781332699,6.446429570806384,False,True,Qwen3-32B|s4
RedHatAI/Qwen3-32B-NVFP4,qwen3,Qwen3-32B,nvfp4,ifeval,88.97,87.29,-1.68,-1.2718421052631579,-7.124063494878181,4.580379284351865,False,True,Qwen3-32B|s4
RedHatAI/Qwen3-32B-NVFP4,qwen3,Qwen3-32B,nvfp4,math_lvl5,58.99,56.27,-2.72,-1.2718421052631579,-7.145381937880501,4.6016977273541855,False,True,Qwen3-32B|s4
RedHatAI/Qwen3-32B-NVFP4,qwen3,Qwen3-32B,nvfp4,humaneval,90.14,90.4,0.26,-1.2718421052631579,-11.38729049247615,8.843606281949835,False,True,Qwen3-32B|s4
RedHatAI/Qwen3-32B-quantized.w4a16,qwen3,Qwen3-32B,w4a16,mmlu,80.96,80.36,-0.6,-0.6178761061946902,-1.891622377813801,0.6558701654244206,False,True,Qwen3-32B|s4
RedHatAI/Qwen3-32B-quantized.w4a16,qwen3,Qwen3-32B,w4a16,arc_challenge,69.03,68.69,-0.34,-0.6178761061946902,-5.810112081092691,4.5743598687033105,False,True,Qwen3-32B|s4
RedHatAI/Qwen3-32B-quantized.w4a16,qwen3,Qwen3-32B,w4a16,gsm8k,87.64,85.97,-1.67,-0.6178761061946902,-4.101784366113263,2.8660321537238826,False,True,Qwen3-32B|s4
RedHatAI/Qwen3-32B-quantized.w4a16,qwen3,Qwen3-32B,w4a16,hellaswag,71.1,71.18,0.08,-0.6178761061946902,-2.3568869960071948,1.1211347836178143,False,True,Qwen3-32B|s4
RedHatAI/Qwen3-32B-quantized.w4a16,qwen3,Qwen3-32B,w4a16,truthfulqa,58.63,58.86,0.23,-0.6178761061946902,-7.241876775282871,6.006124562893491,False,True,Qwen3-32B|s4
RedHatAI/Qwen3-32B-quantized.w4a16,qwen3,Qwen3-32B,w4a16,mmlu_pro,54.24,52.63,-1.61,-0.6178761061946902,-2.3639500240364706,1.12819781164709,False,True,Qwen3-32B|s4
RedHatAI/Qwen3-32B-quantized.w4a16,qwen3,Qwen3-32B,w4a16,ifeval,86.23,85.53,-0.7,-0.6178761061946902,-6.3133021783398,5.0775499659504195,False,True,Qwen3-32B|s4
RedHatAI/Qwen3-32B-quantized.w4a16,qwen3,Qwen3-32B,w4a16,bbh,44.29,41.07,-3.22,-0.6178761061946902,-2.984472836017438,1.7487206236280577,False,False,Qwen3-32B|s4
RedHatAI/Qwen3-32B-quantized.w4a16,qwen3,Qwen3-32B,w4a16,math_lvl5,54.61,55.38,0.77,-0.6178761061946902,-5.878059373657691,4.6423071612683104,False,True,Qwen3-32B|s4
RedHatAI/Qwen3-32B-FP8-dynamic,qwen3,Qwen3-32B,fp8_dynamic,gpqa_diamond,66.67,68.69,2.02,-0.107109375,-2.7510944173966947,2.536875667396695,False,True,Qwen3-32B|s4
RedHatAI/Qwen3-32B-NVFP4,qwen3,Qwen3-32B,nvfp4,gpqa_main,30.12,30.29,0.17,-1.2718421052631579,-10.69019053645007,8.146506325923754,False,True,Qwen3-32B|s4
RedHatAI/Qwen3-32B-quantized.w4a16,qwen3,Qwen3-32B,w4a16,gpqa_diamond,66.67,66.67,0.0,-0.6178761061946902,-9.179823709847359,7.944071497457977,False,True,Qwen3-32B|s4
RedHatAI/Qwen3-8B-FP8-dynamic,qwen3,Qwen3-8B,fp8_dynamic,mmlu,71.95,72.3,0.35,-0.05412162162162162,-0.4658590854160571,0.3576158421728139,False,True,Qwen3-8B|s0
RedHatAI/Qwen3-8B-FP8-dynamic,qwen3,Qwen3-8B,fp8_dynamic,arc_challenge,61.69,61.6,-0.09,-0.05412162162162162,-1.5963642132605076,1.4881209700172644,False,True,Qwen3-8B|s0
RedHatAI/Qwen3-8B-FP8-dynamic,qwen3,Qwen3-8B,fp8_dynamic,gsm8k,75.97,80.52,4.55,-0.05412162162162162,-1.3318207198846685,1.2235774766414254,False,False,Qwen3-8B|s0
RedHatAI/Qwen3-8B-FP8-dynamic,qwen3,Qwen3-8B,fp8_dynamic,hellaswag,56.52,55.95,-0.57,-0.05412162162162162,-0.5913868984289467,0.48314365518570346,False,True,Qwen3-8B|s0
RedHatAI/Qwen3-8B-FP8-dynamic,qwen3,Qwen3-8B,fp8_dynamic,winogrande,65.98,66.22,0.24,-0.05412162162162162,-1.4996880053351584,1.3914447620919153,False,True,Qwen3-8B|s0
RedHatAI/Qwen3-8B-FP8-dynamic,qwen3,Qwen3-8B,fp8_dynamic,truthfulqa,53.17,52.39,-0.78,-0.05412162162162162,-1.9501176280519672,1.841874384808724,False,True,Qwen3-8B|s0
RedHatAI/Qwen3-8B-FP8-dynamic,qwen3,Qwen3-8B,fp8_dynamic,mmlu_pro,34.57,37.82,3.25,-0.05412162162162162,-0.5250146663090811,0.4167714230658379,False,False,Qwen3-8B|s0
RedHatAI/Qwen3-8B-FP8-dynamic,qwen3,Qwen3-8B,fp8_dynamic,ifeval,84.77,84.56,-0.21,-0.05412162162162162,-1.7318646705095548,1.6236214272663116,False,True,Qwen3-8B|s0
RedHatAI/Qwen3-8B-FP8-dynamic,qwen3,Qwen3-8B,fp8_dynamic,bbh,25.47,27.2,1.73,-0.05412162162162162,-0.6405422282704984,0.5322989850272553,False,False,Qwen3-8B|s0
RedHatAI/Qwen3-8B-FP8-dynamic,qwen3,Qwen3-8B,fp8_dynamic,math_lvl5,51.05,51.9,0.85,-0.05412162162162162,-1.5461712409286639,1.4379279976854207,False,True,Qwen3-8B|s0
RedHatAI/Qwen3-8B-NVFP4,qwen3,Qwen3-8B,nvfp4,arc_challenge,64.76,63.91,-0.85,-1.144313725490196,-2.7951723093103276,0.5065448583299355,True,True,Qwen3-8B|s0
RedHatAI/Qwen3-8B-NVFP4,qwen3,Qwen3-8B,nvfp4,gsm8k,87.26,86.73,-0.53,-1.144313725490196,-2.2304197650840125,-0.05820768589637981,True,True,Qwen3-8B|s0
RedHatAI/Qwen3-8B-NVFP4,qwen3,Qwen3-8B,nvfp4,hellaswag,76.68,75.34,-1.34,-1.144313725490196,-1.6435401039126107,-0.6450873470677813,True,True,Qwen3-8B|s0
RedHatAI/Qwen3-8B-NVFP4,qwen3,Qwen3-8B,nvfp4,mmlu,74.97,73.07,-1.9,-1.144313725490196,-1.5767897180108048,-0.7118377329695873,True,False,Qwen3-8B|s0
RedHatAI/Qwen3-8B-NVFP4,qwen3,Qwen3-8B,nvfp4,truthfulqa,54.42,55.07,0.65,-1.144313725490196,-3.205692068682535,0.9170646177021429,True,True,Qwen3-8B|s0
RedHatAI/Qwen3-8B-NVFP4,qwen3,Qwen3-8B,nvfp4,winogrande,71.43,68.43,-3.0,-1.144313725490196,-2.6457587875689828,0.35713133658859064,True,False,Qwen3-8B|s0
RedHatAI/Qwen3-8B-NVFP4,qwen3,Qwen3-8B,nvfp4,bbh,47.46,49.33,1.87,-1.144313725490196,-1.8764423071436314,-0.41218514383676075,True,False,Qwen3-8B|s0
RedHatAI/Qwen3-8B-NVFP4,qwen3,Qwen3-8B,nvfp4,mmlu_pro,34.64,27.49,-7.15,-1.144313725490196,-1.6575039320876452,-0.6311235188927469,True,False,Qwen3-8B|s0
RedHatAI/Qwen3-8B-NVFP4,qwen3,Qwen3-8B,nvfp4,musr,40.61,42.86,2.25,-1.144313725490196,-3.2573870514013876,0.9687596004209953,True,False,Qwen3-8B|s0
RedHatAI/Qwen3-8B-NVFP4,qwen3,Qwen3-8B,nvfp4,ifeval,87.89,87.65,-0.24,-1.144313725490196,-2.8036923043260416,0.5150648533456492,True,True,Qwen3-8B|s0
RedHatAI/Qwen3-8B-NVFP4,qwen3,Qwen3-8B,nvfp4,math_lvl5,53.55,50.83,-2.72,-1.144313725490196,-2.7658658455515024,0.4772383945711103,True,True,Qwen3-8B|s0
RedHatAI/Qwen3-8B-NVFP4,qwen3,Qwen3-8B,nvfp4,humaneval,86.51,85.32,-1.19,-1.144313725490196,-4.3001867048716775,2.011559253891286,True,True,Qwen3-8B|s0
RedHatAI/Qwen3-8B-quantized.w4a16,qwen3,Qwen3-8B,w4a16,mmlu,71.95,69.74,-2.21,-0.7504255319148936,-1.4699669340206012,-0.030884129809185867,False,False,Qwen3-8B|s0
RedHatAI/Qwen3-8B-quantized.w4a16,qwen3,Qwen3-8B,w4a16,arc_challenge,61.69,61.77,0.08,-0.7504255319148936,-3.445607521302719,1.9447564574729321,False,True,Qwen3-8B|s0
RedHatAI/Qwen3-8B-quantized.w4a16,qwen3,Qwen3-8B,w4a16,gsm8k,75.97,78.62,2.65,-0.7504255319148936,-2.9832983731688794,1.482447309339092,False,False,Qwen3-8B|s0
RedHatAI/Qwen3-8B-quantized.w4a16,qwen3,Qwen3-8B,w4a16,hellaswag,56.52,57.79,1.27,-0.7504255319148936,-1.6893359895983375,0.18848492576855036,False,False,Qwen3-8B|s0
RedHatAI/Qwen3-8B-quantized.w4a16,qwen3,Qwen3-8B,w4a16,winogrande,65.98,66.22,0.24,-0.7504255319148936,-3.2766587607022064,1.775807696872419,False,True,Qwen3-8B|s0
RedHatAI/Qwen3-8B-quantized.w4a16,qwen3,Qwen3-8B,w4a16,truthfulqa,53.17,53.71,0.54,-0.7504255319148936,-4.063817547014178,2.5629664831843915,False,True,Qwen3-8B|s0
RedHatAI/Qwen3-8B-quantized.w4a16,qwen3,Qwen3-8B,w4a16,mmlu_pro,34.57,25.71,-8.86,-0.7504255319148936,-1.5733456482767205,0.07249458444693335,False,False,Qwen3-8B|s0
RedHatAI/Qwen3-8B-quantized.w4a16,qwen3,Qwen3-8B,w4a16,ifeval,84.77,85.44,0.67,-0.7504255319148936,-3.6824045037692485,2.181553439939461,False,True,Qwen3-8B|s0
RedHatAI/Qwen3-8B-quantized.w4a16,qwen3,Qwen3-8B,w4a16,bbh,25.47,21.17,-4.3,-0.7504255319148936,-1.7752385320320696,0.27438746820228244,False,False,Qwen3-8B|s0
RedHatAI/Qwen3-8B-quantized.w4a16,qwen3,Qwen3-8B,w4a16,math_lvl5,51.05,51.38,0.33,-0.7504255319148936,-3.35789162254851,1.8570405587187226,False,True,Qwen3-8B|s0
RedHatAI/Qwen3-8B-FP8-dynamic,qwen3,Qwen3-8B,fp8_dynamic,gpqa_diamond,58.59,61.11,2.52,-0.05412162162162162,-2.5815473067043575,2.4733040634611143,False,False,Qwen3-8B|s0
RedHatAI/Qwen3-8B-NVFP4,qwen3,Qwen3-8B,nvfp4,gpqa_main,25.17,26.34,1.17,-1.144313725490196,-3.570045525215699,1.281418074235307,True,True,Qwen3-8B|s0
RedHatAI/Qwen3-8B-quantized.w4a16,qwen3,Qwen3-8B,w4a16,gpqa_diamond,58.59,55.56,-3.03,-0.7504255319148936,-5.167287200034462,3.666436136204675,False,True,Qwen3-8B|s0
RedHatAI/Qwen3-8B-FP8-dynamic,qwen3,Qwen3-8B,fp8_dynamic,mmlu,71.95,72.3,0.35,-0.1196376811594203,-0.5662569988179073,0.32698163649906664,False,False,Qwen3-8B|s1
RedHatAI/Qwen3-8B-FP8-dynamic,qwen3,Qwen3-8B,fp8_dynamic,arc_challenge,61.69,61.6,-0.09,-0.1196376811594203,-1.7925370272473549,1.5532616649285145,False,True,Qwen3-8B|s1
RedHatAI/Qwen3-8B-FP8-dynamic,qwen3,Qwen3-8B,fp8_dynamic,gsm8k,75.97,80.52,4.55,-0.1196376811594203,-1.50558175867967,1.2663063963608292,False,False,Qwen3-8B|s1
RedHatAI/Qwen3-8B-FP8-dynamic,qwen3,Qwen3-8B,fp8_dynamic,hellaswag,56.52,55.95,-0.57,-0.1196376811594203,-0.7024193622771844,0.46314399995834377,False,True,Qwen3-8B|s1
RedHatAI/Qwen3-8B-FP8-dynamic,qwen3,Qwen3-8B,fp8_dynamic,winogrande,65.98,66.22,0.24,-0.1196376811594203,-1.687670538734213,1.4483951764153722,False,True,Qwen3-8B|s1
RedHatAI/Qwen3-8B-FP8-dynamic,qwen3,Qwen3-8B,fp8_dynamic,truthfulqa,53.17,52.39,-0.78,-0.1196376811594203,-2.1762599638912774,1.9369846015724366,False,True,Qwen3-8B|s1
RedHatAI/Qwen3-8B-FP8-dynamic,qwen3,Qwen3-8B,fp8_dynamic,mmlu_pro,34.57,37.82,3.25,-0.1196376811594203,-0.6304241623561864,0.39114880003734576,False,False,Qwen3-8B|s1
RedHatAI/Qwen3-8B-FP8-dynamic,qwen3,Qwen3-8B,fp8_dynamic,ifeval,84.77,84.56,-0.21,-0.1196376811594203,-1.9395169041846558,1.700241541865815,False,True,Qwen3-8B|s1
RedHatAI/Qwen3-8B-FP8-dynamic,qwen3,Qwen3-8B,fp8_dynamic,bbh,25.47,27.2,1.73,-0.1196376811594203,-0.7557390667092114,0.5164637043903708,False,False,Qwen3-8B|s1
RedHatAI/Qwen3-8B-FP8-dynamic,qwen3,Qwen3-8B,fp8_dynamic,math_lvl5,51.05,51.9,0.85,-0.1196376811594203,-1.7380917726243963,1.4988164103055555,False,True,Qwen3-8B|s1
RedHatAI/Qwen3-8B-NVFP4,qwen3,Qwen3-8B,nvfp4,arc_challenge,64.76,63.91,-0.85,-1.4140000000000001,-7.039462433520885,4.211462433520884,False,True,Qwen3-8B|s1
RedHatAI/Qwen3-8B-NVFP4,qwen3,Qwen3-8B,nvfp4,gsm8k,87.26,86.73,-0.53,-1.4140000000000001,-5.115012784763675,2.287012784763674,False,True,Qwen3-8B|s1
RedHatAI/Qwen3-8B-NVFP4,qwen3,Qwen3-8B,nvfp4,hellaswag,76.68,75.34,-1.34,-1.4140000000000001,-3.1151628162233678,0.2871628162233677,False,True,Qwen3-8B|s1
RedHatAI/Qwen3-8B-NVFP4,qwen3,Qwen3-8B,nvfp4,mmlu,74.97,73.07,-1.9,-1.4140000000000001,-2.8877043337137938,0.059704333713793245,False,True,Qwen3-8B|s1
RedHatAI/Qwen3-8B-NVFP4,qwen3,Qwen3-8B,nvfp4,truthfulqa,54.42,55.07,0.65,-1.4140000000000001,-8.438348750737987,5.6103487507379874,False,True,Qwen3-8B|s1
RedHatAI/Qwen3-8B-NVFP4,qwen3,Qwen3-8B,nvfp4,winogrande,71.43,68.43,-3.0,-1.4140000000000001,-6.53032121339832,3.7023212133983194,False,True,Qwen3-8B|s1
RedHatAI/Qwen3-8B-NVFP4,qwen3,Qwen3-8B,nvfp4,bbh,47.46,49.33,1.87,-1.4140000000000001,-3.908799901677747,1.0807999016777465,False,False,Qwen3-8B|s1
RedHatAI/Qwen3-8B-NVFP4,qwen3,Qwen3-8B,nvfp4,mmlu_pro,34.64,27.49,-7.15,-1.4140000000000001,-3.162745929396528,0.3347459293965278,False,False,Qwen3-8B|s1
RedHatAI/Qwen3-8B-NVFP4,qwen3,Qwen3-8B,nvfp4,musr,40.61,42.86,2.25,-1.4140000000000001,-8.614504471244029,5.786504471244028,False,True,Qwen3-8B|s1
RedHatAI/Qwen3-8B-NVFP4,qwen3,Qwen3-8B,nvfp4,ifeval,87.89,87.65,-0.24,-1.4140000000000001,-7.0684951516255285,4.240495151625529,False,True,Qwen3-8B|s1
RedHatAI/Qwen3-8B-NVFP4,qwen3,Qwen3-8B,nvfp4,math_lvl5,53.55,50.83,-2.72,-1.4140000000000001,-6.93959778578521,4.111597785785209,False,True,Qwen3-8B|s1
RedHatAI/Qwen3-8B-NVFP4,qwen3,Qwen3-8B,nvfp4,humaneval,86.51,85.32,-1.19,-1.4140000000000001,-12.167946500609801,9.339946500609802,False,True,Qwen3-8B|s1
RedHatAI/Qwen3-8B-quantized.w4a16,qwen3,Qwen3-8B,w4a16,mmlu,71.95,69.74,-2.21,-0.8172142857142857,-2.2171284776831106,0.5826999062545395,False,True,Qwen3-8B|s1
RedHatAI/Qwen3-8B-quantized.w4a16,qwen3,Qwen3-8B,w4a16,arc_challenge,61.69,61.77,0.08,-0.8172142857142857,-6.060864624445586,4.426436053017015,False,True,Qwen3-8B|s1
RedHatAI/Qwen3-8B-quantized.w4a16,qwen3,Qwen3-8B,w4a16,gsm8k,75.97,78.62,2.65,-0.8172142857142857,-5.161412368250741,3.5269837968221696,False,True,Qwen3-8B|s1
RedHatAI/Qwen3-8B-quantized.w4a16,qwen3,Qwen3-8B,w4a16,hellaswag,56.52,57.79,1.27,-0.8172142857142857,-2.6439251196600173,1.0094965482314457,False,False,Qwen3-8B|s1
RedHatAI/Qwen3-8B-quantized.w4a16,qwen3,Qwen3-8B,w4a16,winogrande,65.98,66.22,0.24,-0.8172142857142857,-5.732163917317331,4.0977353458887595,False,True,Qwen3-8B|s1
RedHatAI/Qwen3-8B-quantized.w4a16,qwen3,Qwen3-8B,w4a16,truthfulqa,53.17,53.71,0.54,-0.8172142857142857,-7.263632090053829,5.629203518625257,False,True,Qwen3-8B|s1
RedHatAI/Qwen3-8B-quantized.w4a16,qwen3,Qwen3-8B,w4a16,mmlu_pro,34.57,25.71,-8.86,-0.8172142857142857,-2.4182584318610223,0.783829860432451,False,False,Qwen3-8B|s1
RedHatAI/Qwen3-8B-quantized.w4a16,qwen3,Qwen3-8B,w4a16,ifeval,84.77,85.44,0.67,-0.8172142857142857,-6.5215684218923755,4.887139850463804,False,True,Qwen3-8B|s1
RedHatAI/Qwen3-8B-quantized.w4a16,qwen3,Qwen3-8B,w4a16,bbh,25.47,21.17,-4.3,-0.8172142857142857,-2.811054054739029,1.1766254833104575,False,False,Qwen3-8B|s1
RedHatAI/Qwen3-8B-quantized.w4a16,qwen3,Qwen3-8B,w4a16,math_lvl5,51.05,51.38,0.33,-0.8172142857142857,-5.89020768772455,4.255779116295979,False,True,Qwen3-8B|s1
RedHatAI/Qwen3-8B-FP8-dynamic,qwen3,Qwen3-8B,fp8_dynamic,gpqa_diamond,58.59,61.11,2.52,-0.1196376811594203,-2.861183530549871,2.6219081682310303,False,True,Qwen3-8B|s1
RedHatAI/Qwen3-8B-NVFP4,qwen3,Qwen3-8B,nvfp4,gpqa_main,25.17,26.34,1.17,-1.4140000000000001,-9.679918866033894,6.851918866033895,False,True,Qwen3-8B|s1
RedHatAI/Qwen3-8B-quantized.w4a16,qwen3,Qwen3-8B,w4a16,gpqa_diamond,58.59,55.56,-3.03,-0.8172142857142857,-9.410503448879503,7.776074877450931,False,True,Qwen3-8B|s1
RedHatAI/Qwen3-8B-FP8-dynamic,qwen3,Qwen3-8B,fp8_dynamic,mmlu,71.95,72.3,0.35,-0.07526315789473684,-0.43688336836846675,0.286357052578993,False,False,Qwen3-8B|s2
RedHatAI/Qwen3-8B-FP8-dynamic,qwen3,Qwen3-8B,fp8_dynamic,arc_challenge,61.69,61.6,-0.09,-0.07526315789473684,-1.4297818491266954,1.2792555333372215,False,True,Qwen3-8B|s2
RedHatAI/Qwen3-8B-FP8-dynamic,qwen3,Qwen3-8B,fp8_dynamic,gsm8k,75.97,80.52,4.55,-0.07526315789473684,-1.1974389554963305,1.0469126397068567,False,False,Qwen3-8B|s2
RedHatAI/Qwen3-8B-FP8-dynamic,qwen3,Qwen3-8B,fp8_dynamic,hellaswag,56.52,55.95,-0.57,-0.07526315789473684,-0.5471317624390419,0.3966054466495682,False,False,Qwen3-8B|s2
RedHatAI/Qwen3-8B-FP8-dynamic,qwen3,Qwen3-8B,fp8_dynamic,winogrande,65.98,66.22,0.24,-0.07526315789473684,-1.3448732028850188,1.194346887095545,False,True,Qwen3-8B|s2
RedHatAI/Qwen3-8B-FP8-dynamic,qwen3,Qwen3-8B,fp8_dynamic,truthfulqa,53.17,52.39,-0.78,-0.07526315789473684,-1.740475909205124,1.5899495934156502,False,True,Qwen3-8B|s2
RedHatAI/Qwen3-8B-FP8-dynamic,qwen3,Qwen3-8B,fp8_dynamic,mmlu_pro,34.57,37.82,3.25,-0.07526315789473684,-0.4888384501725146,0.338312134383041,False,False,Qwen3-8B|s2
RedHatAI/Qwen3-8B-FP8-dynamic,qwen3,Qwen3-8B,fp8_dynamic,ifeval,84.77,84.56,-0.21,-0.07526315789473684,-1.5487890033898077,1.398262687600334,False,True,Qwen3-8B|s2
RedHatAI/Qwen3-8B-FP8-dynamic,qwen3,Qwen3-8B,fp8_dynamic,bbh,25.47,27.2,1.73,-0.07526315789473684,-0.5903038375749645,0.4397775217854909,False,False,Qwen3-8B|s2
RedHatAI/Qwen3-8B-FP8-dynamic,qwen3,Qwen3-8B,fp8_dynamic,math_lvl5,51.05,51.9,0.85,-0.07526315789473684,-1.3856984347789414,1.2351721189894675,False,True,Qwen3-8B|s2
RedHatAI/Qwen3-8B-NVFP4,qwen3,Qwen3-8B,nvfp4,arc_challenge,64.76,63.91,-0.85,-1.144313725490196,-2.989877335399174,0.701249884418782,True,True,Qwen3-8B|s2
RedHatAI/Qwen3-8B-NVFP4,qwen3,Qwen3-8B,nvfp4,gsm8k,87.26,86.73,-0.53,-1.144313725490196,-2.3585169303088005,0.06988947932840861,True,True,Qwen3-8B|s2
RedHatAI/Qwen3-8B-NVFP4,qwen3,Qwen3-8B,nvfp4,hellaswag,76.68,75.34,-1.34,-1.144313725490196,-1.702419699044284,-0.5862077519361082,True,True,Qwen3-8B|s2
RedHatAI/Qwen3-8B-NVFP4,qwen3,Qwen3-8B,nvfp4,mmlu,74.97,73.07,-1.9,-1.144313725490196,-1.6277966608415297,-0.6608307901388624,True,False,Qwen3-8B|s2
RedHatAI/Qwen3-8B-NVFP4,qwen3,Qwen3-8B,nvfp4,truthfulqa,54.42,55.07,0.65,-1.144313725490196,-3.4488144826942113,1.160187031713819,True,True,Qwen3-8B|s2
RedHatAI/Qwen3-8B-NVFP4,qwen3,Qwen3-8B,nvfp4,winogrande,71.43,68.43,-3.0,-1.144313725490196,-2.822841732678999,0.5342142816986071,True,False,Qwen3-8B|s2
RedHatAI/Qwen3-8B-NVFP4,qwen3,Qwen3-8B,nvfp4,bbh,47.46,49.33,1.87,-1.144313725490196,-1.9627907781685447,-0.32583667281184725,True,False,Qwen3-8B|s2
RedHatAI/Qwen3-8B-NVFP4,qwen3,Qwen3-8B,nvfp4,mmlu_pro,34.64,27.49,-7.15,-1.144313725490196,-1.718030444499676,-0.5705970064807161,True,False,Qwen3-8B|s2
RedHatAI/Qwen3-8B-NVFP4,qwen3,Qwen3-8B,nvfp4,musr,40.61,42.86,2.25,-1.144313725490196,-3.5066064582491467,1.2179790072687544,True,False,Qwen3-8B|s2
RedHatAI/Qwen3-8B-NVFP4,qwen3,Qwen3-8B,nvfp4,ifeval,87.89,87.65,-0.24,-1.144313725490196,-2.999402192895581,0.7107747419151889,True,True,Qwen3-8B|s2
RedHatAI/Qwen3-8B-NVFP4,qwen3,Qwen3-8B,nvfp4,math_lvl5,53.55,50.83,-2.72,-1.144313725490196,-2.957114418224739,0.668486967244347,True,True,Qwen3-8B|s2
RedHatAI/Qwen3-8B-NVFP4,qwen3,Qwen3-8B,nvfp4,humaneval,86.51,85.32,-1.19,-1.144313725490196,-4.672395649239081,2.3837681982586885,True,True,Qwen3-8B|s2
RedHatAI/Qwen3-8B-quantized.w4a16,qwen3,Qwen3-8B,w4a16,mmlu,71.95,69.74,-2.21,-0.5901574803149606,-1.539430190353173,0.3591152297232517,False,False,Qwen3-8B|s2
RedHatAI/Qwen3-8B-quantized.w4a16,qwen3,Qwen3-8B,w4a16,arc_challenge,61.69,61.77,0.08,-0.5901574803149606,-4.145842675948079,2.965527715318158,False,True,Qwen3-8B|s2
RedHatAI/Qwen3-8B-quantized.w4a16,qwen3,Qwen3-8B,w4a16,gsm8k,75.97,78.62,2.65,-0.5901574803149606,-3.5359299500921804,2.355614989462259,False,False,Qwen3-8B|s2
RedHatAI/Qwen3-8B-quantized.w4a16,qwen3,Qwen3-8B,w4a16,hellaswag,56.52,57.79,1.27,-0.5901574803149606,-1.8288382178515104,0.648523257221589,False,False,Qwen3-8B|s2
RedHatAI/Qwen3-8B-quantized.w4a16,qwen3,Qwen3-8B,w4a16,winogrande,65.98,66.22,0.24,-0.5901574803149606,-3.922952863960186,2.7426379033302646,False,True,Qwen3-8B|s2
RedHatAI/Qwen3-8B-quantized.w4a16,qwen3,Qwen3-8B,w4a16,truthfulqa,53.17,53.71,0.54,-0.5901574803149606,-4.961431472871395,3.781116512241473,False,True,Qwen3-8B|s2
RedHatAI/Qwen3-8B-quantized.w4a16,qwen3,Qwen3-8B,w4a16,mmlu_pro,34.57,25.71,-8.86,-0.5901574803149606,-1.6758151043483727,0.4955001437184513,False,False,Qwen3-8B|s2
RedHatAI/Qwen3-8B-quantized.w4a16,qwen3,Qwen3-8B,w4a16,ifeval,84.77,85.44,0.67,-0.5901574803149606,-4.458242925074883,3.2779279644449617,False,True,Qwen3-8B|s2
RedHatAI/Qwen3-8B-quantized.w4a16,qwen3,Qwen3-8B,w4a16,bbh,25.47,21.17,-4.3,-0.5901574803149606,-1.942167261901795,0.7618523012718738,False,False,Qwen3-8B|s2
RedHatAI/Qwen3-8B-quantized.w4a16,qwen3,Qwen3-8B,w4a16,math_lvl5,51.05,51.38,0.33,-0.5901574803149606,-4.030121316926666,2.849806356296744,False,True,Qwen3-8B|s2
RedHatAI/Qwen3-8B-FP8-dynamic,qwen3,Qwen3-8B,fp8_dynamic,gpqa_diamond,58.59,61.11,2.52,-0.07526315789473684,-2.29504709441949,2.144520778630016,False,False,Qwen3-8B|s2
RedHatAI/Qwen3-8B-NVFP4,qwen3,Qwen3-8B,nvfp4,gpqa_main,25.17,26.34,1.17,-1.144313725490196,-3.8561403960780947,1.5675129450977028,True,True,Qwen3-8B|s2
RedHatAI/Qwen3-8B-quantized.w4a16,qwen3,Qwen3-8B,w4a16,gpqa_diamond,58.59,55.56,-3.03,-0.5901574803149606,-6.417210980349414,5.2368960197194925,False,True,Qwen3-8B|s2
RedHatAI/Qwen3-8B-FP8-dynamic,qwen3,Qwen3-8B,fp8_dynamic,mmlu,71.95,72.3,0.35,-0.02856164383561644,-0.5372510663397484,0.4801277786685155,False,True,Qwen3-8B|s3
RedHatAI/Qwen3-8B-FP8-dynamic,qwen3,Qwen3-8B,fp8_dynamic,arc_challenge,61.69,61.6,-0.09,-0.02856164383561644,-1.9339566158456019,1.876833328174369,False,True,Qwen3-8B|s3
RedHatAI/Qwen3-8B-FP8-dynamic,qwen3,Qwen3-8B,fp8_dynamic,gsm8k,75.97,80.52,4.55,-0.02856164383561644,-1.6071209773481365,1.5499976896769037,False,False,Qwen3-8B|s3
RedHatAI/Qwen3-8B-FP8-dynamic,qwen3,Qwen3-8B,fp8_dynamic,hellaswag,56.52,55.95,-0.57,-0.02856164383561644,-0.6923369555888589,0.635213667917626,False,True,Qwen3-8B|s3
RedHatAI/Qwen3-8B-FP8-dynamic,qwen3,Qwen3-8B,fp8_dynamic,winogrande,65.98,66.22,0.24,-0.02856164383561644,-1.8145160288117537,1.7573927411405208,False,True,Qwen3-8B|s3
RedHatAI/Qwen3-8B-FP8-dynamic,qwen3,Qwen3-8B,fp8_dynamic,truthfulqa,53.17,52.39,-0.78,-0.02856164383561644,-2.3710084658783077,2.3138851782070744,False,True,Qwen3-8B|s3
RedHatAI/Qwen3-8B-FP8-dynamic,qwen3,Qwen3-8B,fp8_dynamic,mmlu_pro,34.57,37.82,3.25,-0.02856164383561644,-0.6103360317083419,0.5532127440371091,False,False,Qwen3-8B|s3
RedHatAI/Qwen3-8B-FP8-dynamic,qwen3,Qwen3-8B,fp8_dynamic,ifeval,84.77,84.56,-0.21,-0.02856164383561644,-2.1013634112143045,2.044240123543071,False,True,Qwen3-8B|s3
RedHatAI/Qwen3-8B-FP8-dynamic,qwen3,Qwen3-8B,fp8_dynamic,bbh,25.47,27.2,1.73,-0.02856164383561644,-0.7530669074364834,0.6959436197652505,False,False,Qwen3-8B|s3
RedHatAI/Qwen3-8B-FP8-dynamic,qwen3,Qwen3-8B,fp8_dynamic,math_lvl5,51.05,51.9,0.85,-0.02856164383561644,-1.8719446874824377,1.8148213998112048,False,True,Qwen3-8B|s3
RedHatAI/Qwen3-8B-NVFP4,qwen3,Qwen3-8B,nvfp4,arc_challenge,64.76,63.91,-0.85,-1.144313725490196,-3.0166891129617888,0.7280616619813967,True,True,Qwen3-8B|s3
RedHatAI/Qwen3-8B-NVFP4,qwen3,Qwen3-8B,nvfp4,gsm8k,87.26,86.73,-0.53,-1.144313725490196,-2.3761564990934367,0.0875290481130444,True,True,Qwen3-8B|s3
RedHatAI/Qwen3-8B-NVFP4,qwen3,Qwen3-8B,nvfp4,hellaswag,76.68,75.34,-1.34,-1.144313725490196,-1.7105276900877553,-0.5780997608926368,True,True,Qwen3-8B|s3
RedHatAI/Qwen3-8B-NVFP4,qwen3,Qwen3-8B,nvfp4,mmlu,74.97,73.07,-1.9,-1.144313725490196,-1.6348205514559524,-0.6538068995244397,True,False,Qwen3-8B|s3
RedHatAI/Qwen3-8B-NVFP4,qwen3,Qwen3-8B,nvfp4,truthfulqa,54.42,55.07,0.65,-1.144313725490196,-3.482293557250779,1.1936661062703868,True,True,Qwen3-8B|s3
RedHatAI/Qwen3-8B-NVFP4,qwen3,Qwen3-8B,nvfp4,winogrande,71.43,68.43,-3.0,-1.144313725490196,-2.8472268686449085,0.5585994176645164,True,False,Qwen3-8B|s3
RedHatAI/Qwen3-8B-NVFP4,qwen3,Qwen3-8B,nvfp4,bbh,47.46,49.33,1.87,-1.144313725490196,-1.9746813597549462,-0.3139460912254458,True,False,Qwen3-8B|s3
RedHatAI/Qwen3-8B-NVFP4,qwen3,Qwen3-8B,nvfp4,mmlu_pro,34.64,27.49,-7.15,-1.144313725490196,-1.7263652236270093,-0.5622622273533827,True,False,Qwen3-8B|s3
RedHatAI/Qwen3-8B-NVFP4,qwen3,Qwen3-8B,nvfp4,musr,40.61,42.86,2.25,-1.144313725490196,-3.540925116759994,1.2522976657796019,True,False,Qwen3-8B|s3
RedHatAI/Qwen3-8B-NVFP4,qwen3,Qwen3-8B,nvfp4,ifeval,87.89,87.65,-0.24,-1.144313725490196,-3.026352344643262,0.73772489366287,True,True,Qwen3-8B|s3
RedHatAI/Qwen3-8B-NVFP4,qwen3,Qwen3-8B,nvfp4,math_lvl5,53.55,50.83,-2.72,-1.144313725490196,-2.9834502262554086,0.6948227752750165,True,True,Qwen3-8B|s3
RedHatAI/Qwen3-8B-NVFP4,qwen3,Qwen3-8B,nvfp4,humaneval,86.51,85.32,-1.19,-1.144313725490196,-4.723650532709015,2.435023081728623,True,True,Qwen3-8B|s3
RedHatAI/Qwen3-8B-quantized.w4a16,qwen3,Qwen3-8B,w4a16,mmlu,71.95,69.74,-2.21,-0.8633884297520661,-1.728773658073607,0.001996798569474878,False,False,Qwen3-8B|s3
RedHatAI/Qwen3-8B-quantized.w4a16,qwen3,Qwen3-8B,w4a16,arc_challenge,61.69,61.77,0.08,-0.8633884297520661,-4.104856779493865,2.378079919989733,False,True,Qwen3-8B|s3
RedHatAI/Qwen3-8B-quantized.w4a16,qwen3,Qwen3-8B,w4a16,gsm8k,75.97,78.62,2.65,-0.8633884297520661,-3.54884220334559,1.8220653438414582,False,False,Qwen3-8B|s3
RedHatAI/Qwen3-8B-quantized.w4a16,qwen3,Qwen3-8B,w4a16,hellaswag,56.52,57.79,1.27,-0.8633884297520661,-1.9926066212530222,0.26582976174889017,False,False,Qwen3-8B|s3
RedHatAI/Qwen3-8B-quantized.w4a16,qwen3,Qwen3-8B,w4a16,winogrande,65.98,66.22,0.24,-0.8633884297520661,-3.9016637994387193,2.1748869399345874,False,True,Qwen3-8B|s3
RedHatAI/Qwen3-8B-quantized.w4a16,qwen3,Qwen3-8B,w4a16,truthfulqa,53.17,53.71,0.54,-0.8633884297520661,-4.848371777637615,3.121594918133483,False,True,Qwen3-8B|s3
RedHatAI/Qwen3-8B-quantized.w4a16,qwen3,Qwen3-8B,w4a16,mmlu_pro,34.57,25.71,-8.86,-0.8633884297520661,-1.8531062009659425,0.12632934146181019,False,False,Qwen3-8B|s3
RedHatAI/Qwen3-8B-quantized.w4a16,qwen3,Qwen3-8B,w4a16,ifeval,84.77,85.44,0.67,-0.8633884297520661,-4.38965013556477,2.6628732760606377,False,True,Qwen3-8B|s3
RedHatAI/Qwen3-8B-quantized.w4a16,qwen3,Qwen3-8B,w4a16,bbh,25.47,21.17,-4.3,-0.8633884297520661,-2.0959207475560633,0.369143888051931,False,False,Qwen3-8B|s3
RedHatAI/Qwen3-8B-quantized.w4a16,qwen3,Qwen3-8B,w4a16,math_lvl5,51.05,51.38,0.33,-0.8633884297520661,-3.999361747729606,2.272584888225474,False,True,Qwen3-8B|s3
RedHatAI/Qwen3-8B-FP8-dynamic,qwen3,Qwen3-8B,fp8_dynamic,gpqa_diamond,58.59,61.11,2.52,-0.02856164383561644,-3.15112110276485,3.0939978150936165,False,True,Qwen3-8B|s3
RedHatAI/Qwen3-8B-NVFP4,qwen3,Qwen3-8B,nvfp4,gpqa_main,25.17,26.34,1.17,-1.144313725490196,-3.89553697557814,1.6069095245977476,True,True,Qwen3-8B|s3
RedHatAI/Qwen3-8B-quantized.w4a16,qwen3,Qwen3-8B,w4a16,gpqa_diamond,58.59,55.56,-3.03,-0.8633884297520661,-6.17550366307228,4.448726803568147,False,True,Qwen3-8B|s3
RedHatAI/Qwen3-8B-FP8-dynamic,qwen3,Qwen3-8B,fp8_dynamic,mmlu,71.95,72.3,0.35,-0.038267716535433066,-0.38600280052209857,0.3094673674512324,False,False,Qwen3-8B|s4
RedHatAI/Qwen3-8B-FP8-dynamic,qwen3,Qwen3-8B,fp8_dynamic,arc_challenge,61.69,61.6,-0.09,-0.038267716535433066,-1.3407769713141295,1.2642415382432635,False,True,Qwen3-8B|s4
RedHatAI/Qwen3-8B-FP8-dynamic,qwen3,Qwen3-8B,fp8_dynamic,gsm8k,75.97,80.52,4.55,-0.038267716535433066,-1.1173553447285514,1.0408199116576853,False,False,Qwen3-8B|s4
RedHatAI/Qwen3-8B-FP8-dynamic,qwen3,Qwen3-8B,fp8_dynamic,hellaswag,56.52,55.95,-0.57,-0.038267716535433066,-0.4920179884489677,0.41548255537810164,False,False,Qwen3-8B|s4
RedHatAI/Qwen3-8B-FP8-dynamic,qwen3,Qwen3-8B,fp8_dynamic,winogrande,65.98,66.22,0.24,-0.038267716535433066,-1.2591285612505323,1.1825931281796662,False,True,Qwen3-8B|s4
RedHatAI/Qwen3-8B-FP8-dynamic,qwen3,Qwen3-8B,fp8_dynamic,truthfulqa,53.17,52.39,-0.78,-0.038267716535433066,-1.6395413156354741,1.563005882564608,False,True,Qwen3-8B|s4
RedHatAI/Qwen3-8B-FP8-dynamic,qwen3,Qwen3-8B,fp8_dynamic,mmlu_pro,34.57,37.82,3.25,-0.038267716535433066,-0.43596296373033583,0.35942753065946975,False,False,Qwen3-8B|s4
RedHatAI/Qwen3-8B-FP8-dynamic,qwen3,Qwen3-8B,fp8_dynamic,ifeval,84.77,84.56,-0.21,-0.038267716535433066,-1.4552146094330967,1.3786791763622306,False,True,Qwen3-8B|s4
RedHatAI/Qwen3-8B-FP8-dynamic,qwen3,Qwen3-8B,fp8_dynamic,bbh,25.47,27.2,1.73,-0.038267716535433066,-0.5335323859811247,0.45699695291025855,False,False,Qwen3-8B|s4
RedHatAI/Qwen3-8B-FP8-dynamic,qwen3,Qwen3-8B,fp8_dynamic,math_lvl5,51.05,51.9,0.85,-0.038267716535433066,-1.2983862272499263,1.2218507941790602,False,True,Qwen3-8B|s4
RedHatAI/Qwen3-8B-NVFP4,qwen3,Qwen3-8B,nvfp4,arc_challenge,64.76,63.91,-0.85,-1.144313725490196,-2.953959919437783,0.6653324684573909,True,True,Qwen3-8B|s4
RedHatAI/Qwen3-8B-NVFP4,qwen3,Qwen3-8B,nvfp4,gsm8k,87.26,86.73,-0.53,-1.144313725490196,-2.3348867279494927,0.046259276969100815,True,True,Qwen3-8B|s4
RedHatAI/Qwen3-8B-NVFP4,qwen3,Qwen3-8B,nvfp4,hellaswag,76.68,75.34,-1.34,-1.144313725490196,-1.6915581257584584,-0.5970693252219338,True,True,Qwen3-8B|s4
RedHatAI/Qwen3-8B-NVFP4,qwen3,Qwen3-8B,nvfp4,mmlu,74.97,73.07,-1.9,-1.144313725490196,-1.618387362995597,-0.6702400879847951,True,False,Qwen3-8B|s4
RedHatAI/Qwen3-8B-NVFP4,qwen3,Qwen3-8B,nvfp4,truthfulqa,54.42,55.07,0.65,-1.144313725490196,-3.4039654664720507,1.1153380154916583,True,True,Qwen3-8B|s4
RedHatAI/Qwen3-8B-NVFP4,qwen3,Qwen3-8B,nvfp4,winogrande,71.43,68.43,-3.0,-1.144313725490196,-2.7901750782687413,0.501547627288349,True,False,Qwen3-8B|s4
RedHatAI/Qwen3-8B-NVFP4,qwen3,Qwen3-8B,nvfp4,bbh,47.46,49.33,1.87,-1.144313725490196,-1.946861995980782,-0.3417654549996102,True,False,Qwen3-8B|s4
RedHatAI/Qwen3-8B-NVFP4,qwen3,Qwen3-8B,nvfp4,mmlu_pro,34.64,27.49,-7.15,-1.144313725490196,-1.7068650628623105,-0.5817623881180817,True,False,Qwen3-8B|s4
RedHatAI/Qwen3-8B-NVFP4,qwen3,Qwen3-8B,nvfp4,musr,40.61,42.86,2.25,-1.144313725490196,-3.4606327241282946,1.1720052731479027,True,False,Qwen3-8B|s4
RedHatAI/Qwen3-8B-NVFP4,qwen3,Qwen3-8B,nvfp4,ifeval,87.89,87.65,-0.24,-1.144313725490196,-2.9632994090244447,0.6746719580440523,True,True,Qwen3-8B|s4
RedHatAI/Qwen3-8B-NVFP4,qwen3,Qwen3-8B,nvfp4,math_lvl5,53.55,50.83,-2.72,-1.144313725490196,-2.9218346174167595,0.6332071664363674,True,True,Qwen3-8B|s4
RedHatAI/Qwen3-8B-NVFP4,qwen3,Qwen3-8B,nvfp4,humaneval,86.51,85.32,-1.19,-1.144313725490196,-4.603733921558287,2.315106470577894,True,True,Qwen3-8B|s4
RedHatAI/Qwen3-8B-quantized.w4a16,qwen3,Qwen3-8B,w4a16,mmlu,71.95,69.74,-2.21,-0.8482835820895522,-1.8509240632360846,0.15435689905698013,False,False,Qwen3-8B|s4
RedHatAI/Qwen3-8B-quantized.w4a16,qwen3,Qwen3-8B,w4a16,arc_challenge,61.69,61.77,0.08,-0.8482835820895522,-4.603868123450361,2.9073009592712573,False,True,Qwen3-8B|s4
RedHatAI/Qwen3-8B-quantized.w4a16,qwen3,Qwen3-8B,w4a16,gsm8k,75.97,78.62,2.65,-0.8482835820895522,-3.9596663230162843,2.2630991588371803,False,False,Qwen3-8B|s4
RedHatAI/Qwen3-8B-quantized.w4a16,qwen3,Qwen3-8B,w4a16,hellaswag,56.52,57.79,1.27,-0.8482835820895522,-2.156602506185236,0.4600353420061314,False,False,Qwen3-8B|s4
RedHatAI/Qwen3-8B-quantized.w4a16,qwen3,Qwen3-8B,w4a16,winogrande,65.98,66.22,0.24,-0.8482835820895522,-4.368447526217343,2.671880362038239,False,True,Qwen3-8B|s4
RedHatAI/Qwen3-8B-quantized.w4a16,qwen3,Qwen3-8B,w4a16,truthfulqa,53.17,53.71,0.54,-0.8482835820895522,-5.465309029859644,3.76874186568054,False,True,Qwen3-8B|s4
RedHatAI/Qwen3-8B-quantized.w4a16,qwen3,Qwen3-8B,w4a16,mmlu_pro,34.57,25.71,-8.86,-0.8482835820895522,-1.9949764881538627,0.2984093239747583,False,False,Qwen3-8B|s4
RedHatAI/Qwen3-8B-quantized.w4a16,qwen3,Qwen3-8B,w4a16,ifeval,84.77,85.44,0.67,-0.8482835820895522,-4.933831402477088,3.2372642382979837,False,True,Qwen3-8B|s4
RedHatAI/Qwen3-8B-quantized.w4a16,qwen3,Qwen3-8B,w4a16,bbh,25.47,21.17,-4.3,-0.8482835820895522,-2.27630286842348,0.5797357042443758,False,False,Qwen3-8B|s4
RedHatAI/Qwen3-8B-quantized.w4a16,qwen3,Qwen3-8B,w4a16,math_lvl5,51.05,51.38,0.33,-0.8482835820895522,-4.481640951151802,2.7850737869726974,False,True,Qwen3-8B|s4
RedHatAI/Qwen3-8B-FP8-dynamic,qwen3,Qwen3-8B,fp8_dynamic,gpqa_diamond,58.59,61.11,2.52,-0.038267716535433066,-2.1728186383118606,2.0962832052409945,False,False,Qwen3-8B|s4
RedHatAI/Qwen3-8B-NVFP4,qwen3,Qwen3-8B,nvfp4,gpqa_main,25.17,26.34,1.17,-1.144313725490196,-3.8033642110581143,1.5147367600777224,True,True,Qwen3-8B|s4
RedHatAI/Qwen3-8B-quantized.w4a16,qwen3,Qwen3-8B,w4a16,gpqa_diamond,58.59,55.56,-3.03,-0.8482835820895522,-7.00293193883621,5.306364774657106,False,True,Qwen3-8B|s4
RedHatAI/gemma-2-27b-it-quantized.w8a16,gemma-2,gemma-2-27b-it,w8a16,mmlu,76.34,76.34,0.0,-0.14022222222222222,-0.41522658126316525,0.13478213681872084,False,True,gemma-2-27b-it|s0
RedHatAI/gemma-2-27b-it-quantized.w8a16,gemma-2,gemma-2-27b-it,w8a16,arc_challenge,74.49,74.49,0.0,-0.14022222222222222,-1.116584573977103,0.8361401295326586,False,True,gemma-2-27b-it|s0
RedHatAI/gemma-2-27b-it-quantized.w8a16,gemma-2,gemma-2-27b-it,w8a16,gsm8k,21.0,20.32,-0.68,-0.14022222222222222,-1.0001686750801888,0.7197242306357443,False,True,gemma-2-27b-it|s0
RedHatAI/gemma-2-27b-it-quantized.w8a16,gemma-2,gemma-2-27b-it,w8a16,hellaswag,86.03,86.04,0.01,-0.14022222222222222,-0.4054894936399819,0.1250450491955374,False,True,gemma-2-27b-it|s0
RedHatAI/gemma-2-27b-it-quantized.w8a16,gemma-2,gemma-2-27b-it,w8a16,winogrande,77.98,77.74,-0.24,-0.14022222222222222,-1.0328750385006433,0.7524305940561988,False,True,gemma-2-27b-it|s0
RedHatAI/gemma-2-27b-it-quantized.w8a16,gemma-2,gemma-2-27b-it,w8a16,truthfulqa,64.6,64.51,-0.09,-0.14022222222222222,-1.4230769407986028,1.1426324963541583,False,True,gemma-2-27b-it|s0
RedHatAI/gemma-2-27b-it-quantized.w8a16,gemma-2,gemma-2-27b-it,w8a16,mmlu,76.34,76.34,0.0,-0.11016129032258065,-0.4081467529680546,0.18782417232289328,False,True,gemma-2-27b-it|s1
RedHatAI/gemma-2-27b-it-quantized.w8a16,gemma-2,gemma-2-27b-it,w8a16,arc_challenge,74.49,74.49,0.0,-0.11016129032258065,-1.1681146555417306,0.9477920748965694,False,True,gemma-2-27b-it|s1
RedHatAI/gemma-2-27b-it-quantized.w8a16,gemma-2,gemma-2-27b-it,w8a16,gsm8k,21.0,20.32,-0.68,-0.11016129032258065,-1.0419703078191516,0.8216477271739904,False,True,gemma-2-27b-it|s1
RedHatAI/gemma-2-27b-it-quantized.w8a16,gemma-2,gemma-2-27b-it,w8a16,hellaswag,86.03,86.04,0.01,-0.11016129032258065,-0.3975959727173974,0.17727339207223608,False,True,gemma-2-27b-it|s1
RedHatAI/gemma-2-27b-it-quantized.w8a16,gemma-2,gemma-2-27b-it,w8a16,winogrande,77.98,77.74,-0.24,-0.11016129032258065,-1.07740982183007,0.8570872411849086,False,True,gemma-2-27b-it|s1
RedHatAI/gemma-2-27b-it-quantized.w8a16,gemma-2,gemma-2-27b-it,w8a16,truthfulqa,64.6,64.51,-0.09,-0.11016129032258065,-1.500219463055031,1.2798968824098698,False,True,gemma-2-27b-it|s1
RedHatAI/gemma-2-27b-it-quantized.w8a16,gemma-2,gemma-2-27b-it,w8a16,mmlu,76.34,76.34,0.0,-0.14235294117647057,-0.4182315729300769,0.13352569057713576,False,True,gemma-2-27b-it|s2
RedHatAI/gemma-2-27b-it-quantized.w8a16,gemma-2,gemma-2-27b-it,w8a16,arc_challenge,74.49,74.49,0.0,-0.14235294117647057,-1.1218192690457225,0.8371133866927815,False,True,gemma-2-27b-it|s2
RedHatAI/gemma-2-27b-it-quantized.w8a16,gemma-2,gemma-2-27b-it,w8a16,gsm8k,21.0,20.32,-0.68,-0.14235294117647057,-1.0050332696744715,0.7203273873215303,False,True,gemma-2-27b-it|s2
RedHatAI/gemma-2-27b-it-quantized.w8a16,gemma-2,gemma-2-27b-it,w8a16,hellaswag,86.03,86.04,0.01,-0.14235294117647057,-0.40846352990662477,0.12375764755368363,False,True,gemma-2-27b-it|s2
RedHatAI/gemma-2-27b-it-quantized.w8a16,gemma-2,gemma-2-27b-it,w8a16,winogrande,77.98,77.74,-0.24,-0.14235294117647057,-1.037843610650659,0.7531377282977177,False,True,gemma-2-27b-it|s2
RedHatAI/gemma-2-27b-it-quantized.w8a16,gemma-2,gemma-2-27b-it,w8a16,truthfulqa,64.6,64.51,-0.09,-0.14235294117647057,-1.4292860128330498,1.1445801304801086,False,True,gemma-2-27b-it|s2
RedHatAI/gemma-2-27b-it-quantized.w8a16,gemma-2,gemma-2-27b-it,w8a16,mmlu,76.34,76.34,0.0,-0.14412698412698413,-0.5973445887947985,0.30909062054083014,False,True,gemma-2-27b-it|s3
RedHatAI/gemma-2-27b-it-quantized.w8a16,gemma-2,gemma-2-27b-it,w8a16,arc_challenge,74.49,74.49,0.0,-0.14412698412698413,-1.7532091379276817,1.4649551696737135,False,True,gemma-2-27b-it|s3
RedHatAI/gemma-2-27b-it-quantized.w8a16,gemma-2,gemma-2-27b-it,w8a16,gsm8k,21.0,20.32,-0.68,-0.14412698412698413,-1.5613513251013234,1.2730973568473551,False,True,gemma-2-27b-it|s3
RedHatAI/gemma-2-27b-it-quantized.w8a16,gemma-2,gemma-2-27b-it,w8a16,hellaswag,86.03,86.04,0.01,-0.14412698412698413,-0.5812974994162523,0.293043531162284,False,True,gemma-2-27b-it|s3
RedHatAI/gemma-2-27b-it-quantized.w8a16,gemma-2,gemma-2-27b-it,w8a16,winogrande,77.98,77.74,-0.24,-0.14412698412698413,-1.615252651387597,1.326998683133629,False,True,gemma-2-27b-it|s3
RedHatAI/gemma-2-27b-it-quantized.w8a16,gemma-2,gemma-2-27b-it,w8a16,truthfulqa,64.6,64.51,-0.09,-0.14412698412698413,-2.2583201726190576,1.9700662043650892,False,True,gemma-2-27b-it|s3
RedHatAI/gemma-2-27b-it-quantized.w8a16,gemma-2,gemma-2-27b-it,w8a16,mmlu,76.34,76.34,0.0,0.06082191780821917,-0.5250898437047992,0.6467336793212376,True,True,gemma-2-27b-it|s4
RedHatAI/gemma-2-27b-it-quantized.w8a16,gemma-2,gemma-2-27b-it,w8a16,arc_challenge,74.49,74.49,0.0,0.06082191780821917,-2.01937123762655,2.141015073242988,True,True,gemma-2-27b-it|s4
RedHatAI/gemma-2-27b-it-quantized.w8a16,gemma-2,gemma-2-27b-it,w8a16,gsm8k,21.0,20.32,-0.68,0.06082191780821917,-1.771340825931667,1.8929846615481054,True,True,gemma-2-27b-it|s4
RedHatAI/gemma-2-27b-it-quantized.w8a16,gemma-2,gemma-2-27b-it,w8a16,hellaswag,86.03,86.04,0.01,0.06082191780821917,-0.5043444483183332,0.6259882839347717,True,True,gemma-2-27b-it|s4
RedHatAI/gemma-2-27b-it-quantized.w8a16,gemma-2,gemma-2-27b-it,w8a16,winogrande,77.98,77.74,-0.24,0.06082191780821917,-1.8410235141304765,1.962667349746915,True,True,gemma-2-27b-it|s4
RedHatAI/gemma-2-27b-it-quantized.w8a16,gemma-2,gemma-2-27b-it,w8a16,truthfulqa,64.6,64.51,-0.09,0.06082191780821917,-2.6723699143055017,2.7940137499219397,True,True,gemma-2-27b-it|s4
RedHatAI/gemma-2-2b-quantized.w8a16,gemma-2,gemma-2-2b,w8a16,mmlu,53.01,52.86,-0.15,-0.13435483870967743,-0.38496580707208194,0.11625612965272705,False,True,gemma-2-2b|s0
RedHatAI/gemma-2-2b-quantized.w8a16,gemma-2,gemma-2-2b,w8a16,arc_challenge,53.92,54.27,0.35,-0.13435483870967743,-1.000718654599879,0.732008977180524,False,True,gemma-2-2b|s0
RedHatAI/gemma-2-2b-quantized.w8a16,gemma-2,gemma-2-2b,w8a16,gsm8k,24.03,23.81,-0.22,-0.13435483870967743,-0.8343716745216062,0.5656619971022513,False,True,gemma-2-2b|s0
RedHatAI/gemma-2-2b-quantized.w8a16,gemma-2,gemma-2-2b,w8a16,hellaswag,74.74,74.56,-0.18,-0.13435483870967743,-0.3923526642721057,0.12364298685275085,False,True,gemma-2-2b|s0
RedHatAI/gemma-2-2b-quantized.w8a16,gemma-2,gemma-2-2b,w8a16,winogrande,70.96,70.56,-0.4,-0.13435483870967743,-0.8931940016906686,0.6244843242713137,False,True,gemma-2-2b|s0
RedHatAI/gemma-2-2b-quantized.w8a16,gemma-2,gemma-2-2b,w8a16,truthfulqa,36.29,36.15,-0.14,-0.13435483870967743,-1.1353205315966117,0.8666108541772569,False,True,gemma-2-2b|s0
RedHatAI/gemma-2-2b-quantized.w8a16,gemma-2,gemma-2-2b,w8a16,mmlu,53.01,52.86,-0.15,0.10195121951219512,-0.8314742774284936,1.0353767164528838,False,True,gemma-2-2b|s1
RedHatAI/gemma-2-2b-quantized.w8a16,gemma-2,gemma-2-2b,w8a16,arc_challenge,53.92,54.27,0.35,0.10195121951219512,-3.1249070487552766,3.328809487779667,False,True,gemma-2-2b|s1
RedHatAI/gemma-2-2b-quantized.w8a16,gemma-2,gemma-2-2b,w8a16,gsm8k,24.03,23.81,-0.22,0.10195121951219512,-2.5053311636343687,2.709233602658759,False,True,gemma-2-2b|s1
RedHatAI/gemma-2-2b-quantized.w8a16,gemma-2,gemma-2-2b,w8a16,hellaswag,74.74,74.56,-0.18,0.10195121951219512,-0.8589873623418053,1.0628898013661956,False,True,gemma-2-2b|s1
RedHatAI/gemma-2-2b-quantized.w8a16,gemma-2,gemma-2-2b,w8a16,winogrande,70.96,70.56,-0.4,0.10195121951219512,-2.7244207762230355,2.928323215247426,False,True,gemma-2-2b|s1
RedHatAI/gemma-2-2b-quantized.w8a16,gemma-2,gemma-2-2b,w8a16,truthfulqa,36.29,36.15,-0.14,0.10195121951219512,-3.626245137609942,3.8301475766343325,False,True,gemma-2-2b|s1
RedHatAI/gemma-2-2b-quantized.w8a16,gemma-2,gemma-2-2b,w8a16,mmlu,53.01,52.86,-0.15,-0.14829787234042552,-0.593018190711694,0.29642244603084306,False,True,gemma-2-2b|s2
RedHatAI/gemma-2-2b-quantized.w8a16,gemma-2,gemma-2-2b,w8a16,arc_challenge,53.92,54.27,0.35,-0.14829787234042552,-1.6856990265902925,1.3891032819094413,False,True,gemma-2-2b|s2
RedHatAI/gemma-2-2b-quantized.w8a16,gemma-2,gemma-2-2b,w8a16,gsm8k,24.03,23.81,-0.22,-0.14829787234042552,-1.39050890612625,1.093913161445399,False,True,gemma-2-2b|s2
RedHatAI/gemma-2-2b-quantized.w8a16,gemma-2,gemma-2-2b,w8a16,hellaswag,74.74,74.56,-0.18,-0.14829787234042552,-0.6061264976115228,0.30953075293067184,False,True,gemma-2-2b|s2
RedHatAI/gemma-2-2b-quantized.w8a16,gemma-2,gemma-2-2b,w8a16,winogrande,70.96,70.56,-0.4,-0.14829787234042552,-1.4948917439441685,1.1982959992633173,False,True,gemma-2-2b|s2
RedHatAI/gemma-2-2b-quantized.w8a16,gemma-2,gemma-2-2b,w8a16,truthfulqa,36.29,36.15,-0.14,-0.14829787234042552,-1.9245560486213258,1.6279603039404746,False,True,gemma-2-2b|s2
RedHatAI/gemma-2-2b-quantized.w8a16,gemma-2,gemma-2-2b,w8a16,mmlu,53.01,52.86,-0.15,0.035199999999999995,-2.2056524296764395,2.2760524296764397,False,True,gemma-2-2b|s3
RedHatAI/gemma-2-2b-quantized.w8a16,gemma-2,gemma-2-2b,w8a16,arc_challenge,53.92,54.27,0.35,0.035199999999999995,-7.711442034493445,7.781842034493445,False,True,gemma-2-2b|s3
RedHatAI/gemma-2-2b-quantized.w8a16,gemma-2,gemma-2-2b,w8a16,gsm8k,24.03,23.81,-0.22,0.035199999999999995,-6.224040916683251,6.29444091668325,False,True,gemma-2-2b|s3
RedHatAI/gemma-2-2b-quantized.w8a16,gemma-2,gemma-2-2b,w8a16,hellaswag,74.74,74.56,-0.18,0.035199999999999995,-2.2717024394286436,2.342102439428644,False,True,gemma-2-2b|s3
RedHatAI/gemma-2-2b-quantized.w8a16,gemma-2,gemma-2-2b,w8a16,winogrande,70.96,70.56,-0.4,0.035199999999999995,-6.750004148130506,6.820404148130505,False,True,gemma-2-2b|s3
RedHatAI/gemma-2-2b-quantized.w8a16,gemma-2,gemma-2-2b,w8a16,truthfulqa,36.29,36.15,-0.14,0.035199999999999995,-8.914992481938212,8.985392481938211,False,True,gemma-2-2b|s3
RedHatAI/gemma-2-2b-quantized.w8a16,gemma-2,gemma-2-2b,w8a16,mmlu,53.01,52.86,-0.15,-0.0013725490196078451,-2.2155751070356513,2.2128300089964354,False,True,gemma-2-2b|s4
RedHatAI/gemma-2-2b-quantized.w8a16,gemma-2,gemma-2-2b,w8a16,arc_challenge,53.92,54.27,0.35,-0.0013725490196078451,-7.655885796590619,7.653140698551404,False,True,gemma-2-2b|s4
RedHatAI/gemma-2-2b-quantized.w8a16,gemma-2,gemma-2-2b,w8a16,gsm8k,24.03,23.81,-0.22,-0.0013725490196078451,-6.186173951118137,6.183428853078922,False,True,gemma-2-2b|s4
RedHatAI/gemma-2-2b-quantized.w8a16,gemma-2,gemma-2-2b,w8a16,hellaswag,74.74,74.56,-0.18,-0.0013725490196078451,-2.2808396013028767,2.278094503263661,False,True,gemma-2-2b|s4
RedHatAI/gemma-2-2b-quantized.w8a16,gemma-2,gemma-2-2b,w8a16,winogrande,70.96,70.56,-0.4,-0.0013725490196078451,-6.705882039464255,6.70313694142504,False,True,gemma-2-2b|s4
RedHatAI/gemma-2-2b-quantized.w8a16,gemma-2,gemma-2-2b,w8a16,truthfulqa,36.29,36.15,-0.14,-0.0013725490196078451,-8.84512273345502,8.842377635415803,False,True,gemma-2-2b|s4
RedHatAI/gemma-2-2b-it-FP8,gemma-2,gemma-2-2b-it,fp8,mmlu,56.93,56.87,-0.06,-0.4008,-0.8973105372959989,0.09571053729599888,False,True,gemma-2-2b-it|s0
RedHatAI/gemma-2-2b-it-FP8,gemma-2,gemma-2-2b-it,fp8,arc_challenge,57.76,57.25,-0.51,-0.4008,-2.1151388517883998,1.3135388517884,False,True,gemma-2-2b-it|s0
RedHatAI/gemma-2-2b-it-FP8,gemma-2,gemma-2-2b-it,fp8,gsm8k,45.11,44.35,-0.76,-0.4008,-2.0287668514216626,1.2271668514216627,False,True,gemma-2-2b-it|s0
RedHatAI/gemma-2-2b-it-FP8,gemma-2,gemma-2-2b-it,fp8,hellaswag,71.22,70.87,-0.35,-0.4008,-0.937610741415247,0.1360107414152471,False,True,gemma-2-2b-it|s0
RedHatAI/gemma-2-2b-it-FP8,gemma-2,gemma-2-2b-it,fp8,winogrande,68.67,68.11,-0.56,-0.4008,-1.9491186323592187,1.1475186323592186,False,True,gemma-2-2b-it|s0
RedHatAI/gemma-2-2b-it-FP8,gemma-2,gemma-2-2b-it,fp8,truthfulqa,53.11,52.99,-0.12,-0.4008,-2.47524614824142,1.67364614824142,False,True,gemma-2-2b-it|s0
RedHatAI/gemma-2-2b-it-quantized.w4a16,gemma-2,gemma-2-2b-it,w4a16,mmlu,56.93,55.98,-0.95,-0.7673913043478261,-2.3144464259156723,0.77966381722002,False,True,gemma-2-2b-it|s0
RedHatAI/gemma-2-2b-it-quantized.w4a16,gemma-2,gemma-2-2b-it,w4a16,arc_challenge,57.76,57.08,-0.68,-0.7673913043478261,-6.109023558933528,4.5742409502378765,False,True,gemma-2-2b-it|s0
RedHatAI/gemma-2-2b-it-quantized.w4a16,gemma-2,gemma-2-2b-it,w4a16,gsm8k,45.11,42.0,-3.11,-0.7673913043478261,-5.839900880782268,4.305118272086616,False,True,gemma-2-2b-it|s0
RedHatAI/gemma-2-2b-it-quantized.w4a16,gemma-2,gemma-2-2b-it,w4a16,hellaswag,71.22,70.53,-0.69,-0.7673913043478261,-2.4400160412605008,0.9052334325648485,False,True,gemma-2-2b-it|s0
RedHatAI/gemma-2-2b-it-quantized.w4a16,gemma-2,gemma-2-2b-it,w4a16,winogrande,68.67,68.35,-0.32,-0.7673913043478261,-5.591728534037382,4.05694592534173,False,True,gemma-2-2b-it|s0
RedHatAI/gemma-2-2b-it-quantized.w4a16,gemma-2,gemma-2-2b-it,w4a16,truthfulqa,53.11,52.57,-0.54,-0.7673913043478261,-7.231065883202413,5.696283274506761,False,True,gemma-2-2b-it|s0
RedHatAI/gemma-2-2b-it-quantized.w8a16,gemma-2,gemma-2-2b-it,w8a16,mmlu,56.94,56.81,-0.13,0.08627906976744186,-2.173842259260663,2.346400398795547,False,True,gemma-2-2b-it|s0
RedHatAI/gemma-2-2b-it-quantized.w8a16,gemma-2,gemma-2-2b-it,w8a16,arc_challenge,58.87,58.7,-0.17,0.08627906976744186,-7.688052531771674,7.860610671306557,False,True,gemma-2-2b-it|s0
RedHatAI/gemma-2-2b-it-quantized.w8a16,gemma-2,gemma-2-2b-it,w8a16,gsm8k,44.81,44.88,0.07,0.08627906976744186,-7.319926549005368,7.492484688540252,False,True,gemma-2-2b-it|s0
RedHatAI/gemma-2-2b-it-quantized.w8a16,gemma-2,gemma-2-2b-it,w8a16,hellaswag,71.41,71.34,-0.07,0.08627906976744186,-2.352525385310048,2.5250835248449315,False,True,gemma-2-2b-it|s0
RedHatAI/gemma-2-2b-it-quantized.w8a16,gemma-2,gemma-2-2b-it,w8a16,winogrande,68.82,69.46,0.64,0.08627906976744186,-6.952666000641194,7.125224140176078,False,True,gemma-2-2b-it|s0
RedHatAI/gemma-2-2b-it-quantized.w8a16,gemma-2,gemma-2-2b-it,w8a16,truthfulqa,53.22,53.13,-0.09,0.08627906976744186,-9.35556903751013,9.528127177045015,False,True,gemma-2-2b-it|s0
RedHatAI/gemma-2-2b-it-quantized.w8a8,gemma-2,gemma-2-2b-it,w8a8_int,mmlu,56.94,56.64,-0.3,-0.30232,-0.8588110737124299,0.2541710737124299,False,True,gemma-2-2b-it|s0
RedHatAI/gemma-2-2b-it-quantized.w8a8,gemma-2,gemma-2-2b-it,w8a8_int,arc_challenge,58.87,56.74,-2.13,-0.30232,-2.2165296863434265,1.6118896863434264,False,True,gemma-2-2b-it|s0
RedHatAI/gemma-2-2b-it-quantized.w8a8,gemma-2,gemma-2-2b-it,w8a8_int,gsm8k,44.81,43.97,-0.84,-0.30232,-2.125889055338383,1.521249055338383,False,True,gemma-2-2b-it|s0
RedHatAI/gemma-2-2b-it-quantized.w8a8,gemma-2,gemma-2-2b-it,w8a8_int,hellaswag,71.41,71.18,-0.23,-0.30232,-0.9028067492509084,0.2981667492509085,False,True,gemma-2-2b-it|s0
RedHatAI/gemma-2-2b-it-quantized.w8a8,gemma-2,gemma-2-2b-it,w8a8_int,winogrande,68.82,68.59,-0.23,-0.30232,-2.035461513123523,1.430821513123523,False,True,gemma-2-2b-it|s0
RedHatAI/gemma-2-2b-it-quantized.w8a8,gemma-2,gemma-2-2b-it,w8a8_int,truthfulqa,53.22,53.19,-0.03,-0.30232,-2.627108551642942,2.0224685516429424,False,True,gemma-2-2b-it|s0
RedHatAI/gemma-2-2b-it-FP8,gemma-2,gemma-2-2b-it,fp8,mmlu,56.93,56.87,-0.06,-0.266,-0.7110256316629011,0.17902563166290103,False,True,gemma-2-2b-it|s1
RedHatAI/gemma-2-2b-it-FP8,gemma-2,gemma-2-2b-it,fp8,arc_challenge,57.76,57.25,-0.51,-0.266,-1.8025730897802905,1.2705730897802905,False,True,gemma-2-2b-it|s1
RedHatAI/gemma-2-2b-it-FP8,gemma-2,gemma-2-2b-it,fp8,gsm8k,45.11,44.35,-0.76,-0.266,-1.7251573027347065,1.1931573027347064,False,True,gemma-2-2b-it|s1
RedHatAI/gemma-2-2b-it-FP8,gemma-2,gemma-2-2b-it,fp8,hellaswag,71.22,70.87,-0.35,-0.266,-0.747146967358986,0.21514696735898597,False,True,gemma-2-2b-it|s1
RedHatAI/gemma-2-2b-it-FP8,gemma-2,gemma-2-2b-it,fp8,winogrande,68.67,68.11,-0.56,-0.266,-1.6537680847089908,1.1217680847089908,False,True,gemma-2-2b-it|s1
RedHatAI/gemma-2-2b-it-FP8,gemma-2,gemma-2-2b-it,fp8,truthfulqa,53.11,52.99,-0.12,-0.266,-2.12533960737161,1.5933396073716104,False,True,gemma-2-2b-it|s1
RedHatAI/gemma-2-2b-it-quantized.w4a16,gemma-2,gemma-2-2b-it,w4a16,mmlu,56.93,55.98,-0.95,-0.624927536231884,-2.229255580579582,0.9794005081158141,False,True,gemma-2-2b-it|s1
RedHatAI/gemma-2-2b-it-quantized.w4a16,gemma-2,gemma-2-2b-it,w4a16,arc_challenge,57.76,57.08,-0.68,-0.624927536231884,-6.164310270015258,4.914455197551489,False,True,gemma-2-2b-it|s1
RedHatAI/gemma-2-2b-it-quantized.w4a16,gemma-2,gemma-2-2b-it,w4a16,gsm8k,45.11,42.0,-3.11,-0.624927536231884,-5.885224506419154,4.635369433955385,False,True,gemma-2-2b-it|s1
RedHatAI/gemma-2-2b-it-quantized.w4a16,gemma-2,gemma-2-2b-it,w4a16,hellaswag,71.22,70.53,-0.69,-0.624927536231884,-2.359473859558226,1.1096187870944576,False,True,gemma-2-2b-it|s1
RedHatAI/gemma-2-2b-it-quantized.w4a16,gemma-2,gemma-2-2b-it,w4a16,winogrande,68.67,68.35,-0.32,-0.624927536231884,-5.627864668257149,4.3780095957933804,False,True,gemma-2-2b-it|s1
RedHatAI/gemma-2-2b-it-quantized.w4a16,gemma-2,gemma-2-2b-it,w4a16,truthfulqa,53.11,52.57,-0.54,-0.624927536231884,-7.327891284468918,6.078036212005149,False,True,gemma-2-2b-it|s1
RedHatAI/gemma-2-2b-it-quantized.w8a16,gemma-2,gemma-2-2b-it,w8a16,mmlu,56.94,56.81,-0.13,-0.28710526315789475,-0.8040033666260489,0.22979284031025937,False,True,gemma-2-2b-it|s1
RedHatAI/gemma-2-2b-it-quantized.w8a16,gemma-2,gemma-2-2b-it,w8a16,arc_challenge,58.87,58.7,-0.17,-0.28710526315789475,-2.0651236416208567,1.4909131153050674,False,True,gemma-2-2b-it|s1
RedHatAI/gemma-2-2b-it-quantized.w8a16,gemma-2,gemma-2-2b-it,w8a16,gsm8k,44.81,44.88,0.07,-0.28710526315789475,-1.9809318684247343,1.4067213421089448,False,True,gemma-2-2b-it|s1
RedHatAI/gemma-2-2b-it-quantized.w8a16,gemma-2,gemma-2-2b-it,w8a16,hellaswag,71.41,71.34,-0.07,-0.28710526315789475,-0.8448688581332704,0.2706583318174809,False,True,gemma-2-2b-it|s1
RedHatAI/gemma-2-2b-it-quantized.w8a16,gemma-2,gemma-2-2b-it,w8a16,winogrande,68.82,69.46,0.64,-0.28710526315789475,-1.8969380232758328,1.3227274969600433,False,True,gemma-2-2b-it|s1
RedHatAI/gemma-2-2b-it-quantized.w8a16,gemma-2,gemma-2-2b-it,w8a16,truthfulqa,53.22,53.13,-0.09,-0.28710526315789475,-2.4464908311817384,1.8722803048659487,False,True,gemma-2-2b-it|s1
RedHatAI/gemma-2-2b-it-quantized.w8a8,gemma-2,gemma-2-2b-it,w8a8_int,mmlu,56.94,56.64,-0.3,-0.28246666666666664,-0.7855318893598127,0.22059855602647938,False,True,gemma-2-2b-it|s1
RedHatAI/gemma-2-2b-it-quantized.w8a8,gemma-2,gemma-2-2b-it,w8a8_int,arc_challenge,58.87,56.74,-2.13,-0.28246666666666664,-2.0129029083796013,1.4479695750462682,False,False,gemma-2-2b-it|s1
RedHatAI/gemma-2-2b-it-quantized.w8a8,gemma-2,gemma-2-2b-it,w8a8_int,gsm8k,44.81,43.97,-0.84,-0.28246666666666664,-1.9309642190176899,1.3660308856843566,False,True,gemma-2-2b-it|s1
RedHatAI/gemma-2-2b-it-quantized.w8a8,gemma-2,gemma-2-2b-it,w8a8_int,hellaswag,71.41,71.18,-0.23,-0.28246666666666664,-0.825303765959108,0.26037043262577475,False,True,gemma-2-2b-it|s1
RedHatAI/gemma-2-2b-it-quantized.w8a8,gemma-2,gemma-2-2b-it,w8a8_int,winogrande,68.82,68.59,-0.23,-0.28246666666666664,-1.849218160885192,1.2842848275518588,False,True,gemma-2-2b-it|s1
RedHatAI/gemma-2-2b-it-quantized.w8a8,gemma-2,gemma-2-2b-it,w8a8_int,truthfulqa,53.22,53.19,-0.03,-0.28246666666666664,-2.38406420469131,1.8191308713579768,False,True,gemma-2-2b-it|s1
RedHatAI/gemma-2-2b-it-FP8,gemma-2,gemma-2-2b-it,fp8,mmlu,56.93,56.87,-0.06,-0.2997368421052632,-0.6904908493909042,0.09101716518037783,False,True,gemma-2-2b-it|s2
RedHatAI/gemma-2-2b-it-FP8,gemma-2,gemma-2-2b-it,fp8,arc_challenge,57.76,57.25,-0.51,-0.2997368421052632,-1.6489222588538799,1.0494485746433537,False,True,gemma-2-2b-it|s2
RedHatAI/gemma-2-2b-it-FP8,gemma-2,gemma-2-2b-it,fp8,gsm8k,45.11,44.35,-0.76,-0.2997368421052632,-1.580947457262793,0.9814737730522668,False,True,gemma-2-2b-it|s2
RedHatAI/gemma-2-2b-it-FP8,gemma-2,gemma-2-2b-it,fp8,hellaswag,71.22,70.87,-0.35,-0.2997368421052632,-0.7222071274376631,0.1227334432271367,False,True,gemma-2-2b-it|s2
RedHatAI/gemma-2-2b-it-FP8,gemma-2,gemma-2-2b-it,fp8,winogrande,68.67,68.11,-0.56,-0.2997368421052632,-1.5182642744620614,0.9187905902515351,False,True,gemma-2-2b-it|s2
RedHatAI/gemma-2-2b-it-FP8,gemma-2,gemma-2-2b-it,fp8,truthfulqa,53.11,52.99,-0.12,-0.2997368421052632,-1.9323268566860672,1.332853172475541,False,True,gemma-2-2b-it|s2
RedHatAI/gemma-2-2b-it-quantized.w4a16,gemma-2,gemma-2-2b-it,w4a16,mmlu,56.93,55.98,-0.95,-0.77776,-1.7163078605742879,0.16078786057428784,False,True,gemma-2-2b-it|s2
RedHatAI/gemma-2-2b-it-quantized.w4a16,gemma-2,gemma-2-2b-it,w4a16,arc_challenge,57.76,57.08,-0.68,-0.77776,-4.018353987003687,2.4628339870036875,False,True,gemma-2-2b-it|s2
RedHatAI/gemma-2-2b-it-quantized.w4a16,gemma-2,gemma-2-2b-it,w4a16,gsm8k,45.11,42.0,-3.11,-0.77776,-3.8550860398636333,2.2995660398636337,False,True,gemma-2-2b-it|s2
RedHatAI/gemma-2-2b-it-quantized.w4a16,gemma-2,gemma-2-2b-it,w4a16,hellaswag,71.22,70.53,-0.69,-0.77776,-1.7924868487641772,0.23696684876417717,False,True,gemma-2-2b-it|s2
RedHatAI/gemma-2-2b-it-quantized.w4a16,gemma-2,gemma-2-2b-it,w4a16,winogrande,68.67,68.35,-0.32,-0.77776,-3.7045279751612847,2.1490079751612843,False,True,gemma-2-2b-it|s2
RedHatAI/gemma-2-2b-it-quantized.w4a16,gemma-2,gemma-2-2b-it,w4a16,truthfulqa,53.11,52.57,-0.54,-0.77776,-4.699060451973804,3.143540451973804,False,True,gemma-2-2b-it|s2
RedHatAI/gemma-2-2b-it-quantized.w8a16,gemma-2,gemma-2-2b-it,w8a16,mmlu,56.94,56.81,-0.13,-0.02307692307692308,-0.7951677053858015,0.7490138592319553,False,True,gemma-2-2b-it|s2
RedHatAI/gemma-2-2b-it-quantized.w8a16,gemma-2,gemma-2-2b-it,w8a16,arc_challenge,58.87,58.7,-0.17,-0.02307692307692308,-2.6789032679139746,2.6327494217601286,False,True,gemma-2-2b-it|s2
RedHatAI/gemma-2-2b-it-quantized.w8a16,gemma-2,gemma-2-2b-it,w8a16,gsm8k,44.81,44.88,0.07,-0.02307692307692308,-2.5531460024204073,2.5069921562665614,False,True,gemma-2-2b-it|s2
RedHatAI/gemma-2-2b-it-quantized.w8a16,gemma-2,gemma-2-2b-it,w8a16,hellaswag,71.41,71.34,-0.07,-0.02307692307692308,-0.8562084967826913,0.8100546506288451,False,True,gemma-2-2b-it|s2
RedHatAI/gemma-2-2b-it-quantized.w8a16,gemma-2,gemma-2-2b-it,w8a16,winogrande,68.82,69.46,0.64,-0.02307692307692308,-2.427684382083583,2.381530535929737,False,True,gemma-2-2b-it|s2
RedHatAI/gemma-2-2b-it-quantized.w8a16,gemma-2,gemma-2-2b-it,w8a16,truthfulqa,53.22,53.13,-0.09,-0.02307692307692308,-3.2485515017909634,3.2023976556371174,False,True,gemma-2-2b-it|s2
RedHatAI/gemma-2-2b-it-quantized.w8a8,gemma-2,gemma-2-2b-it,w8a8_int,mmlu,56.94,56.64,-0.3,-0.25713178294573646,-0.9386158901401327,0.42435232424865976,False,True,gemma-2-2b-it|s2
RedHatAI/gemma-2-2b-it-quantized.w8a8,gemma-2,gemma-2-2b-it,w8a8_int,arc_challenge,58.87,56.74,-2.13,-0.25713178294573646,-2.6012906395794824,2.0870270736880094,False,True,gemma-2-2b-it|s2
RedHatAI/gemma-2-2b-it-quantized.w8a8,gemma-2,gemma-2-2b-it,w8a8_int,gsm8k,44.81,43.97,-0.84,-0.25713178294573646,-2.4902912859260065,1.9760277200345335,False,True,gemma-2-2b-it|s2
RedHatAI/gemma-2-2b-it-quantized.w8a8,gemma-2,gemma-2-2b-it,w8a8_int,hellaswag,71.41,71.18,-0.23,-0.25713178294573646,-0.992493400635922,0.478229834744449,False,True,gemma-2-2b-it|s2
RedHatAI/gemma-2-2b-it-quantized.w8a8,gemma-2,gemma-2-2b-it,w8a8_int,winogrande,68.82,68.59,-0.23,-0.25713178294573646,-2.3795528827725305,1.8652893168810576,False,True,gemma-2-2b-it|s2
RedHatAI/gemma-2-2b-it-quantized.w8a8,gemma-2,gemma-2-2b-it,w8a8_int,truthfulqa,53.22,53.19,-0.03,-0.25713178294573646,-3.1040893090800084,2.5898257431885354,False,True,gemma-2-2b-it|s2
RedHatAI/gemma-2-2b-it-FP8,gemma-2,gemma-2-2b-it,fp8,mmlu,56.93,56.87,-0.06,-0.3462903225806451,-0.9149830125860592,0.222402367424769,False,True,gemma-2-2b-it|s3
RedHatAI/gemma-2-2b-it-FP8,gemma-2,gemma-2-2b-it,fp8,arc_challenge,57.76,57.25,-0.51,-0.3462903225806451,-2.3098578603691218,1.6172772152078316,False,True,gemma-2-2b-it|s3
RedHatAI/gemma-2-2b-it-FP8,gemma-2,gemma-2-2b-it,fp8,gsm8k,45.11,44.35,-0.76,-0.3462903225806451,-2.2109291941272904,1.518348548966,False,True,gemma-2-2b-it|s3
RedHatAI/gemma-2-2b-it-FP8,gemma-2,gemma-2-2b-it,fp8,hellaswag,71.22,70.87,-0.35,-0.3462903225806451,-0.9611420158031039,0.26856137064181357,False,True,gemma-2-2b-it|s3
RedHatAI/gemma-2-2b-it-FP8,gemma-2,gemma-2-2b-it,fp8,winogrande,68.67,68.11,-0.56,-0.3462903225806451,-2.1197018050784275,1.4271211599171374,False,True,gemma-2-2b-it|s3
RedHatAI/gemma-2-2b-it-FP8,gemma-2,gemma-2-2b-it,fp8,truthfulqa,53.11,52.99,-0.12,-0.3462903225806451,-2.7223171572568283,2.029736512095538,False,True,gemma-2-2b-it|s3
RedHatAI/gemma-2-2b-it-quantized.w4a16,gemma-2,gemma-2-2b-it,w4a16,mmlu,56.93,55.98,-0.95,-0.675929203539823,-2.319675712453532,0.9678173053738857,False,True,gemma-2-2b-it|s3
RedHatAI/gemma-2-2b-it-quantized.w4a16,gemma-2,gemma-2-2b-it,w4a16,arc_challenge,57.76,57.08,-0.68,-0.675929203539823,-6.3514150010192445,4.999556593939598,False,True,gemma-2-2b-it|s3
RedHatAI/gemma-2-2b-it-quantized.w4a16,gemma-2,gemma-2-2b-it,w4a16,gsm8k,45.11,42.0,-3.11,-0.675929203539823,-6.065472078550957,4.71361367147131,False,True,gemma-2-2b-it|s3
RedHatAI/gemma-2-2b-it-quantized.w4a16,gemma-2,gemma-2-2b-it,w4a16,hellaswag,71.22,70.53,-0.69,-0.675929203539823,-2.453093464653285,1.1012350575736392,False,True,gemma-2-2b-it|s3
RedHatAI/gemma-2-2b-it-quantized.w4a16,gemma-2,gemma-2-2b-it,w4a16,winogrande,68.67,68.35,-0.32,-0.675929203539823,-5.801788889190894,4.449930482111248,False,True,gemma-2-2b-it|s3
RedHatAI/gemma-2-2b-it-quantized.w4a16,gemma-2,gemma-2-2b-it,w4a16,truthfulqa,53.11,52.57,-0.54,-0.675929203539823,-7.543585291306808,6.191726884227162,False,True,gemma-2-2b-it|s3
RedHatAI/gemma-2-2b-it-quantized.w8a16,gemma-2,gemma-2-2b-it,w8a16,mmlu,56.94,56.81,-0.13,-0.11569230769230769,-0.3653845940553746,0.13399997867075925,False,True,gemma-2-2b-it|s3
RedHatAI/gemma-2-2b-it-quantized.w8a16,gemma-2,gemma-2-2b-it,w8a16,arc_challenge,58.87,58.7,-0.17,-0.11569230769230769,-0.97458010614855,0.7431954907639347,False,True,gemma-2-2b-it|s3
RedHatAI/gemma-2-2b-it-quantized.w8a16,gemma-2,gemma-2-2b-it,w8a16,gsm8k,44.81,44.88,0.07,-0.11569230769230769,-0.9339105115006837,0.7025258961160684,False,True,gemma-2-2b-it|s3
RedHatAI/gemma-2-2b-it-quantized.w8a16,gemma-2,gemma-2-2b-it,w8a16,hellaswag,71.41,71.34,-0.07,-0.11569230769230769,-0.3851250379442683,0.15374042255965287,False,True,gemma-2-2b-it|s3
RedHatAI/gemma-2-2b-it-quantized.w8a16,gemma-2,gemma-2-2b-it,w8a16,winogrande,68.82,69.46,0.64,-0.11569230769230769,-0.8933365277794478,0.6619519123948325,False,True,gemma-2-2b-it|s3
RedHatAI/gemma-2-2b-it-quantized.w8a16,gemma-2,gemma-2-2b-it,w8a16,truthfulqa,53.22,53.13,-0.09,-0.11569230769230769,-1.158802963354642,0.9274183479700265,False,True,gemma-2-2b-it|s3
RedHatAI/gemma-2-2b-it-quantized.w8a8,gemma-2,gemma-2-2b-it,w8a8_int,mmlu,56.94,56.64,-0.3,-0.4122608695652174,-0.8285839885391784,0.004062249408743501,False,True,gemma-2-2b-it|s3
RedHatAI/gemma-2-2b-it-quantized.w8a8,gemma-2,gemma-2-2b-it,w8a8_int,arc_challenge,58.87,56.74,-2.13,-0.4122608695652174,-1.844322918058166,1.019801178927731,False,False,gemma-2-2b-it|s3
RedHatAI/gemma-2-2b-it-quantized.w8a8,gemma-2,gemma-2-2b-it,w8a8_int,gsm8k,44.81,43.97,-0.84,-0.4122608695652174,-1.7765126835578229,0.951990944427388,False,True,gemma-2-2b-it|s3
RedHatAI/gemma-2-2b-it-quantized.w8a8,gemma-2,gemma-2-2b-it,w8a8_int,hellaswag,71.41,71.18,-0.23,-0.4122608695652174,-0.8614981137188591,0.03697637458842423,False,True,gemma-2-2b-it|s3
RedHatAI/gemma-2-2b-it-quantized.w8a8,gemma-2,gemma-2-2b-it,w8a8_int,winogrande,68.82,68.59,-0.23,-0.4122608695652174,-1.7088618654325811,0.8843401263021462,False,True,gemma-2-2b-it|s3
RedHatAI/gemma-2-2b-it-quantized.w8a8,gemma-2,gemma-2-2b-it,w8a8_int,truthfulqa,53.22,53.19,-0.03,-0.4122608695652174,-2.1514859290404678,1.326964189910033,False,True,gemma-2-2b-it|s3
RedHatAI/gemma-2-2b-it-FP8,gemma-2,gemma-2-2b-it,fp8,mmlu,56.93,56.87,-0.06,-0.2898387096774193,-1.1143366916317605,0.534659272276922,False,True,gemma-2-2b-it|s4
RedHatAI/gemma-2-2b-it-FP8,gemma-2,gemma-2-2b-it,fp8,arc_challenge,57.76,57.25,-0.51,-0.2898387096774193,-3.1366442002179094,2.5569667808630703,False,True,gemma-2-2b-it|s4
RedHatAI/gemma-2-2b-it-FP8,gemma-2,gemma-2-2b-it,fp8,gsm8k,45.11,44.35,-0.76,-0.2898387096774193,-2.99321614653034,2.413538727175501,False,True,gemma-2-2b-it|s4
RedHatAI/gemma-2-2b-it-FP8,gemma-2,gemma-2-2b-it,fp8,hellaswag,71.22,70.87,-0.35,-0.2898387096774193,-1.1812586086360304,0.6015811892811918,False,True,gemma-2-2b-it|s4
RedHatAI/gemma-2-2b-it-FP8,gemma-2,gemma-2-2b-it,fp8,winogrande,68.67,68.11,-0.56,-0.2898387096774193,-2.8609535036448923,2.2812760842900532,False,True,gemma-2-2b-it|s4
RedHatAI/gemma-2-2b-it-FP8,gemma-2,gemma-2-2b-it,fp8,truthfulqa,53.11,52.99,-0.12,-0.2898387096774193,-3.734632997856548,3.154955578501709,False,True,gemma-2-2b-it|s4
RedHatAI/gemma-2-2b-it-quantized.w4a16,gemma-2,gemma-2-2b-it,w4a16,mmlu,56.93,55.98,-0.95,-0.6600925925925927,-2.2904617525718276,0.9702765673866423,False,True,gemma-2-2b-it|s4
RedHatAI/gemma-2-2b-it-quantized.w4a16,gemma-2,gemma-2-2b-it,w4a16,arc_challenge,57.76,57.08,-0.68,-0.6600925925925927,-6.28938942268938,4.969204237504195,False,True,gemma-2-2b-it|s4
RedHatAI/gemma-2-2b-it-quantized.w4a16,gemma-2,gemma-2-2b-it,w4a16,gsm8k,45.11,42.0,-3.11,-0.6600925925925927,-6.005773597634507,4.685588412449322,False,True,gemma-2-2b-it|s4
RedHatAI/gemma-2-2b-it-quantized.w4a16,gemma-2,gemma-2-2b-it,w4a16,hellaswag,71.22,70.53,-0.69,-0.6600925925925927,-2.422793707286658,1.102608522101473,False,True,gemma-2-2b-it|s4
RedHatAI/gemma-2-2b-it-quantized.w4a16,gemma-2,gemma-2-2b-it,w4a16,winogrande,68.67,68.35,-0.32,-0.6600925925925927,-5.744236348669205,4.4240511634840205,False,True,gemma-2-2b-it|s4
RedHatAI/gemma-2-2b-it-quantized.w4a16,gemma-2,gemma-2-2b-it,w4a16,truthfulqa,53.11,52.57,-0.54,-0.6600925925925927,-7.47185743961788,6.151672254432695,False,True,gemma-2-2b-it|s4
RedHatAI/gemma-2-2b-it-quantized.w8a16,gemma-2,gemma-2-2b-it,w8a16,mmlu,56.94,56.81,-0.13,0.047090909090909086,-3.426211246924416,3.520393065106234,False,True,gemma-2-2b-it|s4
RedHatAI/gemma-2-2b-it-quantized.w8a16,gemma-2,gemma-2-2b-it,w8a16,arc_challenge,58.87,58.7,-0.17,0.047090909090909086,-11.900321987019193,11.994503805201013,False,True,gemma-2-2b-it|s4
RedHatAI/gemma-2-2b-it-quantized.w8a16,gemma-2,gemma-2-2b-it,w8a16,gsm8k,44.81,44.88,0.07,0.047090909090909086,-11.33459449566487,11.42877631384669,False,True,gemma-2-2b-it|s4
RedHatAI/gemma-2-2b-it-quantized.w8a16,gemma-2,gemma-2-2b-it,w8a16,hellaswag,71.41,71.34,-0.07,0.047090909090909086,-3.70080734005441,3.7949891582362283,False,True,gemma-2-2b-it|s4
RedHatAI/gemma-2-2b-it-quantized.w8a16,gemma-2,gemma-2-2b-it,w8a16,winogrande,68.82,69.46,0.64,0.047090909090909086,-10.770196983872355,10.864378802054174,False,True,gemma-2-2b-it|s4
RedHatAI/gemma-2-2b-it-quantized.w8a16,gemma-2,gemma-2-2b-it,w8a16,truthfulqa,53.22,53.13,-0.09,0.047090909090909086,-14.462922764324853,14.557104582506673,False,True,gemma-2-2b-it|s4
RedHatAI/gemma-2-2b-it-quantized.w8a8,gemma-2,gemma-2-2b-it,w8a8_int,mmlu,56.94,56.64,-0.3,-0.27260162601626015,-0.9398757253273727,0.39467247329485244,False,True,gemma-2-2b-it|s4
RedHatAI/gemma-2-2b-it-quantized.w8a8,gemma-2,gemma-2-2b-it,w8a8_int,arc_challenge,58.87,56.74,-2.13,-0.27260162601626015,-2.5678811097038476,2.0226778576713276,False,True,gemma-2-2b-it|s4
RedHatAI/gemma-2-2b-it-quantized.w8a8,gemma-2,gemma-2-2b-it,w8a8_int,gsm8k,44.81,43.97,-0.84,-0.27260162601626015,-2.4591962659175914,1.9139930138850714,False,True,gemma-2-2b-it|s4
RedHatAI/gemma-2-2b-it-quantized.w8a8,gemma-2,gemma-2-2b-it,w8a8_int,hellaswag,71.41,71.18,-0.23,-0.27260162601626015,-0.9926298055908287,0.4474265535583084,False,True,gemma-2-2b-it|s4
RedHatAI/gemma-2-2b-it-quantized.w8a8,gemma-2,gemma-2-2b-it,w8a8_int,winogrande,68.82,68.59,-0.23,-0.27260162601626015,-2.3507669314058948,1.8055636793733747,False,True,gemma-2-2b-it|s4
RedHatAI/gemma-2-2b-it-quantized.w8a8,gemma-2,gemma-2-2b-it,w8a8_int,truthfulqa,53.22,53.19,-0.03,-0.27260162601626015,-3.0601956417433818,2.5149923897108617,False,True,gemma-2-2b-it|s4
RedHatAI/gemma-2-9b-it-FP8,gemma-2,gemma-2-9b-it,fp8,mmlu,72.28,71.99,-0.29,-0.33956521739130435,-0.9776532567796914,0.29852282199708263,True,True,gemma-2-9b-it|s0
RedHatAI/gemma-2-9b-it-FP8,gemma-2,gemma-2-9b-it,fp8,arc_challenge,71.5,71.5,0.0,-0.33956521739130435,-2.5669797485997514,1.8878493138171426,True,True,gemma-2-9b-it|s0
RedHatAI/gemma-2-9b-it-FP8,gemma-2,gemma-2-9b-it,fp8,hellaswag,81.91,81.7,-0.21,-0.33956521739130435,-0.9884491812621568,0.309318746479548,True,True,gemma-2-9b-it|s0
RedHatAI/gemma-2-9b-it-FP8,gemma-2,gemma-2-9b-it,fp8,winogrande,77.11,78.37,1.26,-0.33956521739130435,-2.333354898541319,1.6542244637587102,True,True,gemma-2-9b-it|s0
RedHatAI/gemma-2-9b-it-FP8,gemma-2,gemma-2-9b-it,fp8,truthfulqa,60.32,60.52,0.2,-0.33956521739130435,-3.2308766497184243,2.5517462149358154,True,True,gemma-2-9b-it|s0
RedHatAI/gemma-2-9b-it-quantized.w4a16,gemma-2,gemma-2-9b-it,w4a16,mmlu,72.28,71.36,-0.92,-0.6212121212121212,-2.1808866660241115,0.938462423599869,False,True,gemma-2-9b-it|s0
RedHatAI/gemma-2-9b-it-quantized.w4a16,gemma-2,gemma-2-9b-it,w4a16,arc_challenge,71.5,70.98,-0.52,-0.6212121212121212,-6.065667322723259,4.823243080299017,False,True,gemma-2-9b-it|s0
RedHatAI/gemma-2-9b-it-quantized.w4a16,gemma-2,gemma-2-9b-it,w4a16,gsm8k,76.26,79.83,3.57,-0.6212121212121212,-5.45858030225701,4.216156059832768,False,True,gemma-2-9b-it|s0
RedHatAI/gemma-2-9b-it-quantized.w4a16,gemma-2,gemma-2-9b-it,w4a16,hellaswag,81.91,81.29,-0.62,-0.6212121212121212,-2.207275075716218,0.9648508332919755,False,True,gemma-2-9b-it|s0
RedHatAI/gemma-2-9b-it-quantized.w4a16,gemma-2,gemma-2-9b-it,w4a16,winogrande,77.11,78.29,1.18,-0.6212121212121212,-5.49461958451316,4.252195342088918,False,True,gemma-2-9b-it|s0
RedHatAI/gemma-2-9b-it-quantized.w4a16,gemma-2,gemma-2-9b-it,w4a16,truthfulqa,60.32,59.97,-0.35,-0.6212121212121212,-7.688426304456966,6.446002062032724,False,True,gemma-2-9b-it|s0
RedHatAI/gemma-2-9b-it-quantized.w8a16,gemma-2,gemma-2-9b-it,w8a16,mmlu,72.29,72.4,0.11,-0.1668,-0.523173101901992,0.18957310190199195,False,True,gemma-2-9b-it|s0
RedHatAI/gemma-2-9b-it-quantized.w8a16,gemma-2,gemma-2-9b-it,w8a16,arc_challenge,71.08,71.33,0.25,-0.1668,-1.4164001662876784,1.0828001662876783,False,True,gemma-2-9b-it|s0
RedHatAI/gemma-2-9b-it-quantized.w8a16,gemma-2,gemma-2-9b-it,w8a16,gsm8k,79.3,79.23,-0.07,-0.1668,-1.2193952234339684,0.8857952234339683,False,True,gemma-2-9b-it|s0
RedHatAI/gemma-2-9b-it-quantized.w8a16,gemma-2,gemma-2-9b-it,w8a16,hellaswag,81.93,81.93,0.0,-0.1668,-0.5290867672771624,0.19548676727716235,False,True,gemma-2-9b-it|s0
RedHatAI/gemma-2-9b-it-quantized.w8a16,gemma-2,gemma-2-9b-it,w8a16,winogrande,77.98,77.74,-0.24,-0.1668,-1.2652340616356206,0.9316340616356205,False,True,gemma-2-9b-it|s0
RedHatAI/gemma-2-9b-it-quantized.w8a16,gemma-2,gemma-2-9b-it,w8a16,truthfulqa,60.21,60.2,-0.01,-0.1668,-1.7825429930288474,1.4489429930288473,False,True,gemma-2-9b-it|s0
RedHatAI/gemma-2-9b-it-quantized.w8a8,gemma-2,gemma-2-9b-it,w8a8_int,mmlu,72.29,71.9,-0.39,-0.3443609022556391,-0.7035067718775421,0.01478496736626389,False,True,gemma-2-9b-it|s0
RedHatAI/gemma-2-9b-it-quantized.w8a8,gemma-2,gemma-2-9b-it,w8a8_int,arc_challenge,71.08,71.42,0.34,-0.3443609022556391,-1.6036836064828695,0.9149618019715913,False,True,gemma-2-9b-it|s0
RedHatAI/gemma-2-9b-it-quantized.w8a8,gemma-2,gemma-2-9b-it,w8a8_int,gsm8k,79.3,78.85,-0.45,-0.3443609022556391,-1.405145862911899,0.7164240584006207,False,True,gemma-2-9b-it|s0
RedHatAI/gemma-2-9b-it-quantized.w8a8,gemma-2,gemma-2-9b-it,w8a8_int,hellaswag,81.93,81.6,-0.33,-0.3443609022556391,-0.7094664486390128,0.020744644127734524,False,True,gemma-2-9b-it|s0
RedHatAI/gemma-2-9b-it-quantized.w8a8,gemma-2,gemma-2-9b-it,w8a8_int,winogrande,77.98,78.37,0.39,-0.3443609022556391,-1.4513413510689082,0.76261954655763,False,True,gemma-2-9b-it|s0
RedHatAI/gemma-2-9b-it-quantized.w8a8,gemma-2,gemma-2-9b-it,w8a8_int,truthfulqa,60.21,60.12,-0.09,-0.3443609022556391,-1.9726752144744935,1.2839534099632153,False,True,gemma-2-9b-it|s0
RedHatAI/gemma-2-9b-it-FP8,gemma-2,gemma-2-9b-it,fp8,mmlu,72.28,71.99,-0.29,-0.43517857142857147,-0.9556613810972905,0.08530423824014749,False,True,gemma-2-9b-it|s1
RedHatAI/gemma-2-9b-it-FP8,gemma-2,gemma-2-9b-it,fp8,arc_challenge,71.5,71.5,0.0,-0.43517857142857147,-2.2520610420850247,1.3817038992278818,False,True,gemma-2-9b-it|s1
RedHatAI/gemma-2-9b-it-FP8,gemma-2,gemma-2-9b-it,fp8,hellaswag,81.91,81.7,-0.21,-0.43517857142857147,-0.9644675218815477,0.09411037902440472,False,True,gemma-2-9b-it|s1
RedHatAI/gemma-2-9b-it-FP8,gemma-2,gemma-2-9b-it,fp8,winogrande,77.11,78.37,1.26,-0.43517857142857147,-2.061495303721713,1.19113816086457,False,False,gemma-2-9b-it|s1
RedHatAI/gemma-2-9b-it-FP8,gemma-2,gemma-2-9b-it,fp8,truthfulqa,60.32,60.52,0.2,-0.43517857142857147,-2.793595913598699,1.9232387707415561,False,True,gemma-2-9b-it|s1
RedHatAI/gemma-2-9b-it-quantized.w4a16,gemma-2,gemma-2-9b-it,w4a16,mmlu,72.28,71.36,-0.92,-0.6481954887218044,-2.1874282620080474,0.8910372845644385,False,True,gemma-2-9b-it|s1
RedHatAI/gemma-2-9b-it-quantized.w4a16,gemma-2,gemma-2-9b-it,w4a16,arc_challenge,71.5,70.98,-0.52,-0.6481954887218044,-6.021293297319363,4.724902319875754,False,True,gemma-2-9b-it|s1
RedHatAI/gemma-2-9b-it-quantized.w4a16,gemma-2,gemma-2-9b-it,w4a16,gsm8k,76.26,79.83,3.57,-0.6481954887218044,-5.422163022835728,4.125772045392119,False,True,gemma-2-9b-it|s1
RedHatAI/gemma-2-9b-it-quantized.w4a16,gemma-2,gemma-2-9b-it,w4a16,hellaswag,81.91,81.29,-0.62,-0.6481954887218044,-2.2134708137494368,0.9170798363058281,False,True,gemma-2-9b-it|s1
RedHatAI/gemma-2-9b-it-quantized.w4a16,gemma-2,gemma-2-9b-it,w4a16,winogrande,77.11,78.29,1.18,-0.6481954887218044,-5.457729958616594,4.161338981172984,False,True,gemma-2-9b-it|s1
RedHatAI/gemma-2-9b-it-quantized.w4a16,gemma-2,gemma-2-9b-it,w4a16,truthfulqa,60.32,59.97,-0.35,-0.6481954887218044,-7.622783695516655,6.326392718073046,False,True,gemma-2-9b-it|s1
RedHatAI/gemma-2-9b-it-quantized.w8a16,gemma-2,gemma-2-9b-it,w8a16,mmlu,72.29,72.4,0.11,-0.13080645161290322,-0.5901413950432487,0.32852849181744226,False,True,gemma-2-9b-it|s1
RedHatAI/gemma-2-9b-it-quantized.w8a16,gemma-2,gemma-2-9b-it,w8a16,arc_challenge,71.08,71.33,0.25,-0.13080645161290322,-1.7414359256918859,1.4798230224660793,False,True,gemma-2-9b-it|s1
RedHatAI/gemma-2-9b-it-quantized.w8a16,gemma-2,gemma-2-9b-it,w8a16,gsm8k,79.3,79.23,-0.07,-0.13080645161290322,-1.487513130177162,1.2259002269513555,False,True,gemma-2-9b-it|s1
RedHatAI/gemma-2-9b-it-quantized.w8a16,gemma-2,gemma-2-9b-it,w8a16,hellaswag,81.93,81.93,0.0,-0.13080645161290322,-0.5977636121412072,0.3361507089154008,False,True,gemma-2-9b-it|s1
RedHatAI/gemma-2-9b-it-quantized.w8a16,gemma-2,gemma-2-9b-it,w8a16,winogrande,77.98,77.74,-0.24,-0.13080645161290322,-1.5465955357793089,1.2849826325535023,False,True,gemma-2-9b-it|s1
RedHatAI/gemma-2-9b-it-quantized.w8a16,gemma-2,gemma-2-9b-it,w8a16,truthfulqa,60.21,60.2,-0.01,-0.13080645161290322,-2.2133632224238218,1.9517503191980152,False,True,gemma-2-9b-it|s1
RedHatAI/gemma-2-9b-it-quantized.w8a8,gemma-2,gemma-2-9b-it,w8a8_int,mmlu,72.29,71.9,-0.39,-0.2734507042253521,-0.7840251813914758,0.23712377294077158,False,True,gemma-2-9b-it|s1
RedHatAI/gemma-2-9b-it-quantized.w8a8,gemma-2,gemma-2-9b-it,w8a8_int,arc_challenge,71.08,71.42,0.34,-0.2734507042253521,-2.0637484235647205,1.5168470151140165,False,True,gemma-2-9b-it|s1
RedHatAI/gemma-2-9b-it-quantized.w8a8,gemma-2,gemma-2-9b-it,w8a8_int,gsm8k,79.3,78.85,-0.45,-0.2734507042253521,-1.7815001417504055,1.234598733299701,False,True,gemma-2-9b-it|s1
RedHatAI/gemma-2-9b-it-quantized.w8a8,gemma-2,gemma-2-9b-it,w8a8_int,hellaswag,81.93,81.6,-0.33,-0.2734507042253521,-0.792497668767623,0.24559626031691872,False,True,gemma-2-9b-it|s1
RedHatAI/gemma-2-9b-it-quantized.w8a8,gemma-2,gemma-2-9b-it,w8a8_int,winogrande,77.98,78.37,0.39,-0.2734507042253521,-1.8471732824105769,1.3002718739598724,False,True,gemma-2-9b-it|s1
RedHatAI/gemma-2-9b-it-quantized.w8a8,gemma-2,gemma-2-9b-it,w8a8_int,truthfulqa,60.21,60.12,-0.09,-0.2734507042253521,-2.5883199508033594,2.041418542352655,False,True,gemma-2-9b-it|s1
RedHatAI/gemma-2-9b-it-FP8,gemma-2,gemma-2-9b-it,fp8,mmlu,72.28,71.99,-0.29,-0.24411764705882352,-0.6301326084953454,0.14189731437769834,False,True,gemma-2-9b-it|s2
RedHatAI/gemma-2-9b-it-FP8,gemma-2,gemma-2-9b-it,fp8,arc_challenge,71.5,71.5,0.0,-0.24411764705882352,-1.59160464147376,1.1033693473561128,False,True,gemma-2-9b-it|s2
RedHatAI/gemma-2-9b-it-FP8,gemma-2,gemma-2-9b-it,fp8,hellaswag,81.91,81.7,-0.21,-0.24411764705882352,-0.6366636639540325,0.14842836983638544,False,True,gemma-2-9b-it|s2
RedHatAI/gemma-2-9b-it-FP8,gemma-2,gemma-2-9b-it,fp8,winogrande,77.11,78.37,1.26,-0.24411764705882352,-1.4502719696180708,0.9620366755004237,False,False,gemma-2-9b-it|s2
RedHatAI/gemma-2-9b-it-FP8,gemma-2,gemma-2-9b-it,fp8,truthfulqa,60.32,60.52,0.2,-0.24411764705882352,-1.9932328195051048,1.5049975253874577,False,True,gemma-2-9b-it|s2
RedHatAI/gemma-2-9b-it-quantized.w4a16,gemma-2,gemma-2-9b-it,w4a16,mmlu,72.28,71.36,-0.92,-0.8687096774193548,-1.7049060282583515,-0.03251332658035799,False,True,gemma-2-9b-it|s2
RedHatAI/gemma-2-9b-it-quantized.w4a16,gemma-2,gemma-2-9b-it,w4a16,arc_challenge,71.5,70.98,-0.52,-0.8687096774193548,-3.7876735003230633,2.0502541454843537,False,True,gemma-2-9b-it|s2
RedHatAI/gemma-2-9b-it-quantized.w4a16,gemma-2,gemma-2-9b-it,w4a16,gsm8k,76.26,79.83,3.57,-0.8687096774193548,-3.462192807672027,1.7247734528333174,False,False,gemma-2-9b-it|s2
RedHatAI/gemma-2-9b-it-quantized.w4a16,gemma-2,gemma-2-9b-it,w4a16,hellaswag,81.91,81.29,-0.62,-0.8687096774193548,-1.719053782328188,-0.01836557251052162,False,True,gemma-2-9b-it|s2
RedHatAI/gemma-2-9b-it-quantized.w4a16,gemma-2,gemma-2-9b-it,w4a16,winogrande,77.11,78.29,1.18,-0.8687096774193548,-3.4815147337813497,1.74409537894264,False,True,gemma-2-9b-it|s2
RedHatAI/gemma-2-9b-it-quantized.w4a16,gemma-2,gemma-2-9b-it,w4a16,truthfulqa,60.32,59.97,-0.35,-0.8687096774193548,-4.657691635408101,2.920272280569391,False,True,gemma-2-9b-it|s2
RedHatAI/gemma-2-9b-it-quantized.w8a16,gemma-2,gemma-2-9b-it,w8a16,mmlu,72.29,72.4,0.11,-0.12833333333333333,-0.41280598889384856,0.15613932222718194,False,True,gemma-2-9b-it|s2
RedHatAI/gemma-2-9b-it-quantized.w8a16,gemma-2,gemma-2-9b-it,w8a16,arc_challenge,71.08,71.33,0.25,-0.12833333333333333,-1.1258190464679878,0.8691523798013211,False,True,gemma-2-9b-it|s2
RedHatAI/gemma-2-9b-it-quantized.w8a16,gemma-2,gemma-2-9b-it,w8a16,gsm8k,79.3,79.23,-0.07,-0.12833333333333333,-0.9685610520990552,0.7118943854323886,False,True,gemma-2-9b-it|s2
RedHatAI/gemma-2-9b-it-quantized.w8a16,gemma-2,gemma-2-9b-it,w8a16,hellaswag,81.93,81.93,0.0,-0.12833333333333333,-0.4175265362202112,0.1608598695535445,False,True,gemma-2-9b-it|s2
RedHatAI/gemma-2-9b-it-quantized.w8a16,gemma-2,gemma-2-9b-it,w8a16,winogrande,77.98,77.74,-0.24,-0.12833333333333333,-1.005151625185065,0.7484849585183982,False,True,gemma-2-9b-it|s2
RedHatAI/gemma-2-9b-it-quantized.w8a16,gemma-2,gemma-2-9b-it,w8a16,truthfulqa,60.21,60.2,-0.01,-0.12833333333333333,-1.4180903253091697,1.1614236586425029,False,True,gemma-2-9b-it|s2
RedHatAI/gemma-2-9b-it-quantized.w8a8,gemma-2,gemma-2-9b-it,w8a8_int,mmlu,72.29,71.9,-0.39,-0.34992125984251965,-0.7570617709095948,0.05721925122455557,False,True,gemma-2-9b-it|s2
RedHatAI/gemma-2-9b-it-quantized.w8a8,gemma-2,gemma-2-9b-it,w8a8_int,arc_challenge,71.08,71.42,0.34,-0.34992125984251965,-1.7775341958821906,1.0776916761971513,False,True,gemma-2-9b-it|s2
RedHatAI/gemma-2-9b-it-quantized.w8a8,gemma-2,gemma-2-9b-it,w8a8_int,gsm8k,79.3,78.85,-0.45,-0.34992125984251965,-1.5524647596982608,0.8526222400132215,False,True,gemma-2-9b-it|s2
RedHatAI/gemma-2-9b-it-quantized.w8a8,gemma-2,gemma-2-9b-it,w8a8_int,hellaswag,81.93,81.6,-0.33,-0.34992125984251965,-0.7638178721144178,0.06397535242937852,False,True,gemma-2-9b-it|s2
RedHatAI/gemma-2-9b-it-quantized.w8a8,gemma-2,gemma-2-9b-it,w8a8_int,winogrande,77.98,78.37,0.39,-0.34992125984251965,-1.6048336054740406,0.9049910857890013,False,True,gemma-2-9b-it|s2
RedHatAI/gemma-2-9b-it-quantized.w8a8,gemma-2,gemma-2-9b-it,w8a8_int,truthfulqa,60.21,60.12,-0.09,-0.34992125984251965,-2.195836185587183,1.4959936659021433,False,True,gemma-2-9b-it|s2
RedHatAI/gemma-2-9b-it-FP8,gemma-2,gemma-2-9b-it,fp8,mmlu,72.28,71.99,-0.29,-0.3854545454545455,-0.8711666748623776,0.1002575839532866,False,True,gemma-2-9b-it|s3
RedHatAI/gemma-2-9b-it-FP8,gemma-2,gemma-2-9b-it,fp8,arc_challenge,71.5,71.5,0.0,-0.3854545454545455,-2.0809607894897675,1.3100516985806765,False,True,gemma-2-9b-it|s3
RedHatAI/gemma-2-9b-it-FP8,gemma-2,gemma-2-9b-it,fp8,hellaswag,81.91,81.7,-0.21,-0.3854545454545455,-0.8793845243527559,0.10847543344366495,False,True,gemma-2-9b-it|s3
RedHatAI/gemma-2-9b-it-FP8,gemma-2,gemma-2-9b-it,fp8,winogrande,77.11,78.37,1.26,-0.3854545454545455,-1.9031257316296752,1.1322166407205843,False,False,gemma-2-9b-it|s3
RedHatAI/gemma-2-9b-it-FP8,gemma-2,gemma-2-9b-it,fp8,truthfulqa,60.32,60.52,0.2,-0.3854545454545455,-2.586318604782301,1.8154095138732103,False,True,gemma-2-9b-it|s3
RedHatAI/gemma-2-9b-it-quantized.w4a16,gemma-2,gemma-2-9b-it,w4a16,mmlu,72.28,71.36,-0.92,-0.9695762711864406,-1.8489939398201358,-0.09015860255274544,False,True,gemma-2-9b-it|s3
RedHatAI/gemma-2-9b-it-quantized.w4a16,gemma-2,gemma-2-9b-it,w4a16,arc_challenge,71.5,70.98,-0.52,-0.9695762711864406,-4.039415499004754,2.100262956631873,False,True,gemma-2-9b-it|s3
RedHatAI/gemma-2-9b-it-quantized.w4a16,gemma-2,gemma-2-9b-it,w4a16,gsm8k,76.26,79.83,3.57,-0.9695762711864406,-3.6971113599957013,1.7579588176228202,False,False,gemma-2-9b-it|s3
RedHatAI/gemma-2-9b-it-quantized.w4a16,gemma-2,gemma-2-9b-it,w4a16,hellaswag,81.91,81.29,-0.62,-0.9695762711864406,-1.8638729630160813,-0.07527957935680007,False,True,gemma-2-9b-it|s3
RedHatAI/gemma-2-9b-it-quantized.w4a16,gemma-2,gemma-2-9b-it,w4a16,winogrande,77.11,78.29,1.18,-0.9695762711864406,-3.7174319978405377,1.7782794554676566,False,True,gemma-2-9b-it|s3
RedHatAI/gemma-2-9b-it-quantized.w4a16,gemma-2,gemma-2-9b-it,w4a16,truthfulqa,60.32,59.97,-0.35,-0.9695762711864406,-4.954403132301464,3.0152505899285833,False,True,gemma-2-9b-it|s3
RedHatAI/gemma-2-9b-it-quantized.w8a16,gemma-2,gemma-2-9b-it,w8a16,mmlu,72.29,72.4,0.11,0.008666666666666665,-1.9834996103954066,2.00083294372874,False,True,gemma-2-9b-it|s3
RedHatAI/gemma-2-9b-it-quantized.w8a16,gemma-2,gemma-2-9b-it,w8a16,arc_challenge,71.08,71.33,0.25,0.008666666666666665,-6.976740755507686,6.994074088841019,False,True,gemma-2-9b-it|s3
RedHatAI/gemma-2-9b-it-quantized.w8a16,gemma-2,gemma-2-9b-it,w8a16,gsm8k,79.3,79.23,-0.07,0.008666666666666665,-5.875460660368417,5.89279399370175,False,True,gemma-2-9b-it|s3
RedHatAI/gemma-2-9b-it-quantized.w8a16,gemma-2,gemma-2-9b-it,w8a16,hellaswag,81.93,81.93,0.0,0.008666666666666665,-2.0165576741812754,2.0338910075146086,False,True,gemma-2-9b-it|s3
RedHatAI/gemma-2-9b-it-quantized.w8a16,gemma-2,gemma-2-9b-it,w8a16,winogrande,77.98,77.74,-0.24,0.008666666666666665,-6.1317049929447585,6.149038326278092,False,True,gemma-2-9b-it|s3
RedHatAI/gemma-2-9b-it-quantized.w8a16,gemma-2,gemma-2-9b-it,w8a16,truthfulqa,60.21,60.2,-0.01,0.008666666666666665,-9.023520908468107,9.04085424180144,False,True,gemma-2-9b-it|s3
RedHatAI/gemma-2-9b-it-quantized.w8a8,gemma-2,gemma-2-9b-it,w8a8_int,mmlu,72.29,71.9,-0.39,-0.20445454545454547,-0.8641152041756844,0.45520611326659355,False,True,gemma-2-9b-it|s3
RedHatAI/gemma-2-9b-it-quantized.w8a8,gemma-2,gemma-2-9b-it,w8a8_int,arc_challenge,71.08,71.42,0.34,-0.20445454545454547,-2.5175137085393993,2.108604617630308,False,True,gemma-2-9b-it|s3
RedHatAI/gemma-2-9b-it-quantized.w8a8,gemma-2,gemma-2-9b-it,w8a8_int,gsm8k,79.3,78.85,-0.45,-0.20445454545454547,-2.152849794005415,1.743940703096324,False,True,gemma-2-9b-it|s3
RedHatAI/gemma-2-9b-it-quantized.w8a8,gemma-2,gemma-2-9b-it,w8a8_int,hellaswag,81.93,81.6,-0.33,-0.20445454545454547,-0.8750616318831104,0.4661525409740195,False,True,gemma-2-9b-it|s3
RedHatAI/gemma-2-9b-it-quantized.w8a8,gemma-2,gemma-2-9b-it,w8a8_int,winogrande,77.98,78.37,0.39,-0.20445454545454547,-2.2376992903386976,1.8287901994296065,False,True,gemma-2-9b-it|s3
RedHatAI/gemma-2-9b-it-quantized.w8a8,gemma-2,gemma-2-9b-it,w8a8_int,truthfulqa,60.21,60.12,-0.09,-0.20445454545454547,-3.1952585130295086,2.7863494221204173,False,True,gemma-2-9b-it|s3
RedHatAI/gemma-2-9b-it-FP8,gemma-2,gemma-2-9b-it,fp8,mmlu,72.28,71.99,-0.29,-0.3803921568627451,-0.8109264155118194,0.050142101786329274,False,True,gemma-2-9b-it|s4
RedHatAI/gemma-2-9b-it-FP8,gemma-2,gemma-2-9b-it,fp8,arc_challenge,71.5,71.5,0.0,-0.3803921568627451,-1.8832854955581284,1.1225011818326383,False,True,gemma-2-9b-it|s4
RedHatAI/gemma-2-9b-it-FP8,gemma-2,gemma-2-9b-it,fp8,hellaswag,81.91,81.7,-0.21,-0.3803921568627451,-0.8182107008401336,0.057426387114643485,False,True,gemma-2-9b-it|s4
RedHatAI/gemma-2-9b-it-FP8,gemma-2,gemma-2-9b-it,fp8,winogrande,77.11,78.37,1.26,-0.3803921568627451,-1.7256528564660079,0.9648685427405177,False,False,gemma-2-9b-it|s4
RedHatAI/gemma-2-9b-it-FP8,gemma-2,gemma-2-9b-it,fp8,truthfulqa,60.32,60.52,0.2,-0.3803921568627451,-2.3312336508260385,1.5704493371005483,False,True,gemma-2-9b-it|s4
RedHatAI/gemma-2-9b-it-quantized.w4a16,gemma-2,gemma-2-9b-it,w4a16,mmlu,72.28,71.36,-0.92,-0.7943076923076924,-2.0344558247313165,0.4458404401159315,False,True,gemma-2-9b-it|s4
RedHatAI/gemma-2-9b-it-quantized.w4a16,gemma-2,gemma-2-9b-it,w4a16,arc_challenge,71.5,70.98,-0.52,-0.7943076923076924,-5.1233717093344175,3.5347563247190323,False,True,gemma-2-9b-it|s4
RedHatAI/gemma-2-9b-it-quantized.w4a16,gemma-2,gemma-2-9b-it,w4a16,gsm8k,76.26,79.83,3.57,-0.7943076923076924,-4.640657006350921,3.0520416217355355,False,False,gemma-2-9b-it|s4
RedHatAI/gemma-2-9b-it-quantized.w4a16,gemma-2,gemma-2-9b-it,w4a16,hellaswag,81.91,81.29,-0.62,-0.7943076923076924,-2.055438110494812,0.4668227258794273,False,True,gemma-2-9b-it|s4
RedHatAI/gemma-2-9b-it-quantized.w4a16,gemma-2,gemma-2-9b-it,w4a16,winogrande,77.11,78.29,1.18,-0.7943076923076924,-4.669313015857852,3.080697631242467,False,True,gemma-2-9b-it|s4
RedHatAI/gemma-2-9b-it-quantized.w4a16,gemma-2,gemma-2-9b-it,w4a16,truthfulqa,60.32,59.97,-0.35,-0.7943076923076924,-6.4136803363905255,4.82506495177514,False,True,gemma-2-9b-it|s4
RedHatAI/gemma-2-9b-it-quantized.w8a16,gemma-2,gemma-2-9b-it,w8a16,mmlu,72.29,72.4,0.11,-0.17338709677419356,-0.5358291338104875,0.1890549402621003,False,True,gemma-2-9b-it|s4
RedHatAI/gemma-2-9b-it-quantized.w8a16,gemma-2,gemma-2-9b-it,w8a16,arc_challenge,71.08,71.33,0.25,-0.17338709677419356,-1.444267607488928,1.097493413940541,False,True,gemma-2-9b-it|s4
RedHatAI/gemma-2-9b-it-quantized.w8a16,gemma-2,gemma-2-9b-it,w8a16,gsm8k,79.3,79.23,-0.07,-0.17338709677419356,-1.2439077250706578,0.8971335315222708,False,True,gemma-2-9b-it|s4
RedHatAI/gemma-2-9b-it-quantized.w8a16,gemma-2,gemma-2-9b-it,w8a16,hellaswag,81.93,81.93,0.0,-0.17338709677419356,-0.5418435072676548,0.19506931371926772,False,True,gemma-2-9b-it|s4
RedHatAI/gemma-2-9b-it-quantized.w8a16,gemma-2,gemma-2-9b-it,w8a16,winogrande,77.98,77.74,-0.24,-0.17338709677419356,-1.290527185979784,0.943752992431397,False,True,gemma-2-9b-it|s4
RedHatAI/gemma-2-9b-it-quantized.w8a16,gemma-2,gemma-2-9b-it,w8a16,truthfulqa,60.21,60.2,-0.01,-0.17338709677419356,-1.81664574507012,1.469871551521733,False,True,gemma-2-9b-it|s4
RedHatAI/gemma-2-9b-it-quantized.w8a8,gemma-2,gemma-2-9b-it,w8a8_int,mmlu,72.29,71.9,-0.39,-0.31789115646258503,-0.8626312266849541,0.226848913759784,False,True,gemma-2-9b-it|s4
RedHatAI/gemma-2-9b-it-quantized.w8a8,gemma-2,gemma-2-9b-it,w8a8_int,arc_challenge,71.08,71.42,0.34,-0.31789115646258503,-2.227988407631218,1.592206094706048,False,True,gemma-2-9b-it|s4
RedHatAI/gemma-2-9b-it-quantized.w8a8,gemma-2,gemma-2-9b-it,w8a8_int,gsm8k,79.3,78.85,-0.45,-0.31789115646258503,-1.9268532045770956,1.2910708916519256,False,True,gemma-2-9b-it|s4
RedHatAI/gemma-2-9b-it-quantized.w8a8,gemma-2,gemma-2-9b-it,w8a8_int,hellaswag,81.93,81.6,-0.33,-0.31789115646258503,-0.8716706588826957,0.2358883459575256,False,True,gemma-2-9b-it|s4
RedHatAI/gemma-2-9b-it-quantized.w8a8,gemma-2,gemma-2-9b-it,w8a8_int,winogrande,77.98,78.37,0.39,-0.31789115646258503,-1.9969209280040645,1.3611386150788944,False,True,gemma-2-9b-it|s4
RedHatAI/gemma-2-9b-it-quantized.w8a8,gemma-2,gemma-2-9b-it,w8a8_int,truthfulqa,60.21,60.12,-0.09,-0.31789115646258503,-2.787662154291407,2.151879841366237,False,True,gemma-2-9b-it|s4
RedHatAI/granite-3.1-2b-base-FP8-dynamic,granite,granite-3.1-2b-base,fp8_dynamic,arc_challenge,53.75,53.5,-0.25,-0.07444444444444445,-2.191044496190418,2.042155607301529,False,True,granite-3.1-2b-base|s0
RedHatAI/granite-3.1-2b-base-FP8-dynamic,granite,granite-3.1-2b-base,fp8_dynamic,gsm8k,47.84,46.1,-1.74,-0.07444444444444445,-2.073383182957743,1.9244942940688539,False,True,granite-3.1-2b-base|s0
RedHatAI/granite-3.1-2b-base-FP8-dynamic,granite,granite-3.1-2b-base,fp8_dynamic,hellaswag,77.94,77.76,-0.18,-0.07444444444444445,-0.6757986488016928,0.526909759912804,False,True,granite-3.1-2b-base|s0
RedHatAI/granite-3.1-2b-base-FP8-dynamic,granite,granite-3.1-2b-base,fp8_dynamic,mmlu,52.88,52.61,-0.27,-0.07444444444444445,-0.6866417096528487,0.5377528207639598,False,True,granite-3.1-2b-base|s0
RedHatAI/granite-3.1-2b-base-FP8-dynamic,granite,granite-3.1-2b-base,fp8_dynamic,truthfulqa,39.04,39.84,0.8,-0.07444444444444445,-2.5548566561003403,2.4059677672114512,False,True,granite-3.1-2b-base|s0
RedHatAI/granite-3.1-2b-base-FP8-dynamic,granite,granite-3.1-2b-base,fp8_dynamic,winogrande,74.43,74.43,0.0,-0.07444444444444445,-1.8556275675155134,1.7067386786266243,False,True,granite-3.1-2b-base|s0
RedHatAI/granite-3.1-2b-base-FP8-dynamic,granite,granite-3.1-2b-base,fp8_dynamic,humaneval,30.0,30.4,0.4,-0.07444444444444445,-5.274945977776504,5.126057088887615,False,True,granite-3.1-2b-base|s0
RedHatAI/granite-3.1-2b-base-quantized.w4a16,granite,granite-3.1-2b-base,w4a16,arc_challenge,53.75,51.96,-1.79,-0.6479166666666667,-6.437903928941331,5.142070595607997,False,True,granite-3.1-2b-base|s0
RedHatAI/granite-3.1-2b-base-quantized.w4a16,granite,granite-3.1-2b-base,w4a16,gsm8k,47.84,42.53,-5.31,-0.6479166666666667,-6.116039860045683,4.820206526712349,False,True,granite-3.1-2b-base|s0
RedHatAI/granite-3.1-2b-base-quantized.w4a16,granite,granite-3.1-2b-base,w4a16,hellaswag,77.94,75.38,-2.56,-0.6479166666666667,-2.2929289969232194,0.9970956635898858,False,False,granite-3.1-2b-base|s0
RedHatAI/granite-3.1-2b-base-quantized.w4a16,granite,granite-3.1-2b-base,w4a16,mmlu,52.88,51.09,-1.79,-0.6479166666666667,-2.3225903324034265,1.0267569990700933,False,True,granite-3.1-2b-base|s0
RedHatAI/granite-3.1-2b-base-quantized.w4a16,granite,granite-3.1-2b-base,w4a16,truthfulqa,39.04,41.35,2.31,-0.6479166666666667,-7.433116874344723,6.13728354101139,False,True,granite-3.1-2b-base|s0
RedHatAI/granite-3.1-2b-base-quantized.w4a16,granite,granite-3.1-2b-base,w4a16,winogrande,74.43,74.27,-0.16,-0.6479166666666667,-5.5203665118100265,4.224533178476692,False,True,granite-3.1-2b-base|s0
RedHatAI/granite-3.1-2b-base-quantized.w4a16,granite,granite-3.1-2b-base,w4a16,humaneval,30.0,29.8,-0.2,-0.6479166666666667,-14.87395696681416,13.578123633480825,False,True,granite-3.1-2b-base|s0
RedHatAI/granite-3.1-2b-base-quantized.w8a8,granite,granite-3.1-2b-base,w8a8_int,arc_challenge,53.75,54.01,0.26,-0.31649122807017543,-1.676738030970731,1.04375557483038,False,True,granite-3.1-2b-base|s0
RedHatAI/granite-3.1-2b-base-quantized.w8a8,granite,granite-3.1-2b-base,w8a8_int,gsm8k,47.84,46.55,-1.29,-0.31649122807017543,-1.6011222220143795,0.9681397658740285,False,True,granite-3.1-2b-base|s0
RedHatAI/granite-3.1-2b-base-quantized.w8a8,granite,granite-3.1-2b-base,w8a8_int,hellaswag,77.94,77.94,0.0,-0.31649122807017543,-0.702955422480923,0.06997296634057215,False,True,granite-3.1-2b-base|s0
RedHatAI/granite-3.1-2b-base-quantized.w8a8,granite,granite-3.1-2b-base,w8a8_int,mmlu,52.88,52.34,-0.54,-0.31649122807017543,-0.7099237861282142,0.07694132998786324,False,True,granite-3.1-2b-base|s0
RedHatAI/granite-3.1-2b-base-quantized.w8a8,granite,granite-3.1-2b-base,w8a8_int,truthfulqa,39.04,38.12,-0.92,-0.31649122807017543,-1.91054428405364,1.277561827913289,False,True,granite-3.1-2b-base|s0
RedHatAI/granite-3.1-2b-base-quantized.w8a8,granite,granite-3.1-2b-base,w8a8_int,winogrande,74.43,74.35,-0.08,-0.31649122807017543,-1.4611801581017378,0.8281977019613869,False,True,granite-3.1-2b-base|s0
RedHatAI/granite-3.1-2b-base-quantized.w8a8,granite,granite-3.1-2b-base,w8a8_int,humaneval,30.0,29.6,-0.4,-0.31649122807017543,-3.6586273951552557,3.025644939014905,False,True,granite-3.1-2b-base|s0
RedHatAI/granite-3.1-2b-base-FP8-dynamic,granite,granite-3.1-2b-base,fp8_dynamic,arc_challenge,53.75,53.5,-0.25,0.07931972789115645,-1.973458586523112,2.132098042305425,False,True,granite-3.1-2b-base|s1
RedHatAI/granite-3.1-2b-base-FP8-dynamic,granite,granite-3.1-2b-base,fp8_dynamic,gsm8k,47.84,46.1,-1.74,0.07931972789115645,-1.8593451090854163,2.0179845648677293,False,True,granite-3.1-2b-base|s1
RedHatAI/granite-3.1-2b-base-FP8-dynamic,granite,granite-3.1-2b-base,fp8_dynamic,hellaswag,77.94,77.76,-0.18,0.07931972789115645,-0.5039018726980131,0.6625413284803261,False,True,granite-3.1-2b-base|s1
RedHatAI/granite-3.1-2b-base-FP8-dynamic,granite,granite-3.1-2b-base,fp8_dynamic,mmlu,52.88,52.61,-0.27,0.07931972789115645,-0.5144179832682488,0.6730574390505618,False,True,granite-3.1-2b-base|s1
RedHatAI/granite-3.1-2b-base-FP8-dynamic,granite,granite-3.1-2b-base,fp8_dynamic,truthfulqa,39.04,39.84,0.8,0.07931972789115645,-2.3263007362562425,2.4849401920385557,False,True,granite-3.1-2b-base|s1
RedHatAI/granite-3.1-2b-base-FP8-dynamic,granite,granite-3.1-2b-base,fp8_dynamic,winogrande,74.43,74.43,0.0,0.07931972789115645,-1.6481554680131645,1.8067949237954772,False,True,granite-3.1-2b-base|s1
RedHatAI/granite-3.1-2b-base-FP8-dynamic,granite,granite-3.1-2b-base,fp8_dynamic,humaneval,30.0,30.4,0.4,0.07931972789115645,-4.964371338305338,5.123010794087651,False,True,granite-3.1-2b-base|s1
RedHatAI/granite-3.1-2b-base-quantized.w4a16,granite,granite-3.1-2b-base,w4a16,arc_challenge,53.75,51.96,-1.79,-0.7880882352941176,-4.0073507080817805,2.4311742374935448,False,True,granite-3.1-2b-base|s1
RedHatAI/granite-3.1-2b-base-quantized.w4a16,granite,granite-3.1-2b-base,w4a16,gsm8k,47.84,42.53,-5.31,-0.7880882352941176,-3.8283926428221626,2.2522161722339273,False,False,granite-3.1-2b-base|s1
RedHatAI/granite-3.1-2b-base-quantized.w4a16,granite,granite-3.1-2b-base,w4a16,hellaswag,77.94,75.38,-2.56,-0.7880882352941176,-1.7027234878745205,0.12654701728628537,False,False,granite-3.1-2b-base|s1
RedHatAI/granite-3.1-2b-base-quantized.w4a16,granite,granite-3.1-2b-base,w4a16,mmlu,52.88,51.09,-1.79,-0.7880882352941176,-1.7192153418076646,0.14303887121942926,False,False,granite-3.1-2b-base|s1
RedHatAI/granite-3.1-2b-base-quantized.w4a16,granite,granite-3.1-2b-base,w4a16,truthfulqa,39.04,41.35,2.31,-0.7880882352941176,-4.5606941857859,2.9845177151976645,False,True,granite-3.1-2b-base|s1
RedHatAI/granite-3.1-2b-base-quantized.w4a16,granite,granite-3.1-2b-base,w4a16,winogrande,74.43,74.27,-0.16,-0.7880882352941176,-3.4971952205913124,1.921018750003077,False,True,granite-3.1-2b-base|s1
RedHatAI/granite-3.1-2b-base-quantized.w4a16,granite,granite-3.1-2b-base,w4a16,humaneval,30.0,29.8,-0.2,-0.7880882352941176,-8.697839258932419,7.121662788344184,False,True,granite-3.1-2b-base|s1
RedHatAI/granite-3.1-2b-base-quantized.w8a8,granite,granite-3.1-2b-base,w8a8_int,arc_challenge,53.75,54.01,0.26,-0.25879432624113474,-3.6499446833389113,3.1323560308566414,False,True,granite-3.1-2b-base|s1
RedHatAI/granite-3.1-2b-base-quantized.w8a8,granite,granite-3.1-2b-base,w8a8_int,gsm8k,47.84,46.55,-1.29,-0.25879432624113474,-3.4614314098669388,2.943842757384669,False,True,granite-3.1-2b-base|s1
RedHatAI/granite-3.1-2b-base-quantized.w8a8,granite,granite-3.1-2b-base,w8a8_int,hellaswag,77.94,77.94,0.0,-0.25879432624113474,-1.2222652111473962,0.7046765586651268,False,True,granite-3.1-2b-base|s1
RedHatAI/granite-3.1-2b-base-quantized.w8a8,granite,granite-3.1-2b-base,w8a8_int,mmlu,52.88,52.34,-0.54,-0.25879432624113474,-1.239637623874637,0.7220489713923676,False,True,granite-3.1-2b-base|s1
RedHatAI/granite-3.1-2b-base-quantized.w8a8,granite,granite-3.1-2b-base,w8a8_int,truthfulqa,39.04,38.12,-0.92,-0.25879432624113474,-4.232833139274334,3.7152444867920646,False,True,granite-3.1-2b-base|s1
RedHatAI/granite-3.1-2b-base-quantized.w8a8,granite,granite-3.1-2b-base,w8a8_int,winogrande,74.43,74.35,-0.08,-0.25879432624113474,-3.1125501781680995,2.5949615256858296,False,True,granite-3.1-2b-base|s1
RedHatAI/granite-3.1-2b-base-quantized.w8a8,granite,granite-3.1-2b-base,w8a8_int,humaneval,30.0,29.6,-0.4,-0.25879432624113474,-8.590875116515592,8.073286464033322,False,True,granite-3.1-2b-base|s1
RedHatAI/granite-3.1-2b-base-FP8-dynamic,granite,granite-3.1-2b-base,fp8_dynamic,arc_challenge,53.75,53.5,-0.25,0.003404255319148936,-2.0074995654019667,2.014308076040265,False,True,granite-3.1-2b-base|s2
RedHatAI/granite-3.1-2b-base-FP8-dynamic,granite,granite-3.1-2b-base,fp8_dynamic,gsm8k,47.84,46.1,-1.74,0.003404255319148936,-1.8957138815003363,1.902522392138634,False,True,granite-3.1-2b-base|s2
RedHatAI/granite-3.1-2b-base-FP8-dynamic,granite,granite-3.1-2b-base,fp8_dynamic,hellaswag,77.94,77.76,-0.18,0.003404255319148936,-0.5679202450989532,0.574728755737251,False,True,granite-3.1-2b-base|s2
RedHatAI/granite-3.1-2b-base-FP8-dynamic,granite,granite-3.1-2b-base,fp8_dynamic,mmlu,52.88,52.61,-0.27,0.003404255319148936,-0.5782218382014928,0.5850303488397905,False,True,granite-3.1-2b-base|s2
RedHatAI/granite-3.1-2b-base-FP8-dynamic,granite,granite-3.1-2b-base,fp8_dynamic,truthfulqa,39.04,39.84,0.8,0.003404255319148936,-2.3531441106641564,2.3599526213024546,False,True,granite-3.1-2b-base|s2
RedHatAI/granite-3.1-2b-base-FP8-dynamic,granite,granite-3.1-2b-base,fp8_dynamic,winogrande,74.43,74.43,0.0,0.003404255319148936,-1.6888322844243808,1.6956407950626786,False,True,granite-3.1-2b-base|s2
RedHatAI/granite-3.1-2b-base-FP8-dynamic,granite,granite-3.1-2b-base,fp8_dynamic,humaneval,30.0,30.4,0.4,0.003404255319148936,-4.937400879036275,4.9442093896745725,False,True,granite-3.1-2b-base|s2
RedHatAI/granite-3.1-2b-base-quantized.w4a16,granite,granite-3.1-2b-base,w4a16,arc_challenge,53.75,51.96,-1.79,-0.725040650406504,-4.779535970908343,3.3294546700953354,False,True,granite-3.1-2b-base|s2
RedHatAI/granite-3.1-2b-base-quantized.w4a16,granite,granite-3.1-2b-base,w4a16,gsm8k,47.84,42.53,-5.31,-0.725040650406504,-4.554147502495305,3.104066201682297,False,False,granite-3.1-2b-base|s2
RedHatAI/granite-3.1-2b-base-quantized.w4a16,granite,granite-3.1-2b-base,w4a16,hellaswag,77.94,75.38,-2.56,-0.725040650406504,-1.876976655283439,0.4268953544704309,False,False,granite-3.1-2b-base|s2
RedHatAI/granite-3.1-2b-base-quantized.w4a16,granite,granite-3.1-2b-base,w4a16,mmlu,52.88,51.09,-1.79,-0.725040650406504,-1.8977472961254174,0.44766599531240925,False,True,granite-3.1-2b-base|s2
RedHatAI/granite-3.1-2b-base-quantized.w4a16,granite,granite-3.1-2b-base,w4a16,truthfulqa,39.04,41.35,2.31,-0.725040650406504,-5.476443588707778,4.026362287894771,False,True,granite-3.1-2b-base|s2
RedHatAI/granite-3.1-2b-base-quantized.w4a16,granite,granite-3.1-2b-base,w4a16,winogrande,74.43,74.27,-0.16,-0.725040650406504,-4.1370214029777195,2.6869401021647117,False,True,granite-3.1-2b-base|s2
RedHatAI/granite-3.1-2b-base-quantized.w4a16,granite,granite-3.1-2b-base,w4a16,humaneval,30.0,29.8,-0.2,-0.725040650406504,-10.686964781403393,9.236883480590386,False,True,granite-3.1-2b-base|s2
RedHatAI/granite-3.1-2b-base-quantized.w8a8,granite,granite-3.1-2b-base,w8a8_int,arc_challenge,53.75,54.01,0.26,-0.3243609022556391,-1.7858968431897817,1.1371750386785036,False,True,granite-3.1-2b-base|s2
RedHatAI/granite-3.1-2b-base-quantized.w8a8,granite,granite-3.1-2b-base,w8a8_int,gsm8k,47.84,46.55,-1.29,-0.3243609022556391,-1.7046503941947482,1.05592858968347,False,True,granite-3.1-2b-base|s2
RedHatAI/granite-3.1-2b-base-quantized.w8a8,granite,granite-3.1-2b-base,w8a8_int,hellaswag,77.94,77.94,0.0,-0.3243609022556391,-0.7396026869163608,0.09088088240508246,False,True,granite-3.1-2b-base|s2
RedHatAI/granite-3.1-2b-base-quantized.w8a8,granite,granite-3.1-2b-base,w8a8_int,mmlu,52.88,52.34,-0.54,-0.3243609022556391,-0.7470899413604055,0.09836813684912721,False,True,granite-3.1-2b-base|s2
RedHatAI/granite-3.1-2b-base-quantized.w8a8,granite,granite-3.1-2b-base,w8a8_int,truthfulqa,39.04,38.12,-0.92,-0.3243609022556391,-2.03711319699201,1.3883913924807318,False,True,granite-3.1-2b-base|s2
RedHatAI/granite-3.1-2b-base-quantized.w8a8,granite,granite-3.1-2b-base,w8a8_int,winogrande,74.43,74.35,-0.08,-0.3243609022556391,-1.5542877132307547,0.9055659087194765,False,True,granite-3.1-2b-base|s2
RedHatAI/granite-3.1-2b-base-quantized.w8a8,granite,granite-3.1-2b-base,w8a8_int,humaneval,30.0,29.6,-0.4,-0.3243609022556391,-3.9153652091761297,3.2666434046648516,False,True,granite-3.1-2b-base|s2
RedHatAI/granite-3.1-2b-base-FP8-dynamic,granite,granite-3.1-2b-base,fp8_dynamic,arc_challenge,53.75,53.5,-0.25,-0.02296296296296297,-1.8281706911035016,1.7822447651775755,False,True,granite-3.1-2b-base|s3
RedHatAI/granite-3.1-2b-base-FP8-dynamic,granite,granite-3.1-2b-base,fp8_dynamic,gsm8k,47.84,46.1,-1.74,-0.02296296296296297,-1.727819605986793,1.6818936800608668,False,False,granite-3.1-2b-base|s3
RedHatAI/granite-3.1-2b-base-FP8-dynamic,granite,granite-3.1-2b-base,fp8_dynamic,hellaswag,77.94,77.76,-0.18,-0.02296296296296297,-0.5358464697738168,0.48992054384789085,False,True,granite-3.1-2b-base|s3
RedHatAI/granite-3.1-2b-base-FP8-dynamic,granite,granite-3.1-2b-base,fp8_dynamic,mmlu,52.88,52.61,-0.27,-0.02296296296296297,-0.5450943091230874,0.4991683831971615,False,True,granite-3.1-2b-base|s3
RedHatAI/granite-3.1-2b-base-FP8-dynamic,granite,granite-3.1-2b-base,fp8_dynamic,truthfulqa,39.04,39.84,0.8,-0.02296296296296297,-2.1384591285053323,2.0925332025794066,False,True,granite-3.1-2b-base|s3
RedHatAI/granite-3.1-2b-base-FP8-dynamic,granite,granite-3.1-2b-base,fp8_dynamic,winogrande,74.43,74.43,0.0,-0.02296296296296297,-1.542100003684955,1.4961740777590289,False,True,granite-3.1-2b-base|s3
RedHatAI/granite-3.1-2b-base-FP8-dynamic,granite,granite-3.1-2b-base,fp8_dynamic,humaneval,30.0,30.4,0.4,-0.02296296296296297,-4.45837132007495,4.412445394149024,False,True,granite-3.1-2b-base|s3
RedHatAI/granite-3.1-2b-base-quantized.w4a16,granite,granite-3.1-2b-base,w4a16,arc_challenge,53.75,51.96,-1.79,-0.8456,-6.203665058557568,4.512465058557567,False,True,granite-3.1-2b-base|s3
RedHatAI/granite-3.1-2b-base-quantized.w4a16,granite,granite-3.1-2b-base,w4a16,gsm8k,47.84,42.53,-5.31,-0.8456,-5.905811446272172,4.214611446272172,False,True,granite-3.1-2b-base|s3
RedHatAI/granite-3.1-2b-base-quantized.w4a16,granite,granite-3.1-2b-base,w4a16,hellaswag,77.94,75.38,-2.56,-0.8456,-2.367897491925963,0.6766974919259631,False,False,granite-3.1-2b-base|s3
RedHatAI/granite-3.1-2b-base-quantized.w4a16,granite,granite-3.1-2b-base,w4a16,mmlu,52.88,51.09,-1.79,-0.8456,-2.395346147342213,0.7041461473422131,False,True,granite-3.1-2b-base|s3
RedHatAI/granite-3.1-2b-base-quantized.w4a16,granite,granite-3.1-2b-base,w4a16,truthfulqa,39.04,41.35,2.31,-0.8456,-7.1246369825087745,5.433436982508774,False,True,granite-3.1-2b-base|s3
RedHatAI/granite-3.1-2b-base-quantized.w4a16,granite,granite-3.1-2b-base,w4a16,winogrande,74.43,74.27,-0.16,-0.8456,-5.35457421397443,3.6633742139744294,False,True,granite-3.1-2b-base|s3
RedHatAI/granite-3.1-2b-base-quantized.w4a16,granite,granite-3.1-2b-base,w4a16,humaneval,30.0,29.8,-0.2,-0.8456,-14.010404342575804,12.319204342575805,False,True,granite-3.1-2b-base|s3
RedHatAI/granite-3.1-2b-base-quantized.w8a8,granite,granite-3.1-2b-base,w8a8_int,arc_challenge,53.75,54.01,0.26,-0.28294520547945207,-3.452313109889336,2.8864226989304322,False,True,granite-3.1-2b-base|s3
RedHatAI/granite-3.1-2b-base-quantized.w8a8,granite,granite-3.1-2b-base,w8a8_int,gsm8k,47.84,46.55,-1.29,-0.28294520547945207,-3.276128672284912,2.7102382613260083,False,True,granite-3.1-2b-base|s3
RedHatAI/granite-3.1-2b-base-quantized.w8a8,granite,granite-3.1-2b-base,w8a8_int,hellaswag,77.94,77.94,0.0,-0.28294520547945207,-1.1834047480839356,0.6175143371250313,False,True,granite-3.1-2b-base|s3
RedHatAI/granite-3.1-2b-base-quantized.w8a8,granite,granite-3.1-2b-base,w8a8_int,mmlu,52.88,52.34,-0.54,-0.28294520547945207,-1.1996409987723302,0.6337505878134262,False,True,granite-3.1-2b-base|s3
RedHatAI/granite-3.1-2b-base-quantized.w8a8,granite,granite-3.1-2b-base,w8a8_int,truthfulqa,39.04,38.12,-0.92,-0.28294520547945207,-3.9970804512212017,3.431190040262298,False,True,granite-3.1-2b-base|s3
RedHatAI/granite-3.1-2b-base-quantized.w8a8,granite,granite-3.1-2b-base,w8a8_int,winogrande,74.43,74.35,-0.08,-0.28294520547945207,-2.9500643985841135,2.3841739876252097,False,True,granite-3.1-2b-base|s3
RedHatAI/granite-3.1-2b-base-quantized.w8a8,granite,granite-3.1-2b-base,w8a8_int,humaneval,30.0,29.6,-0.4,-0.28294520547945207,-8.070104916158305,7.504214505199401,False,True,granite-3.1-2b-base|s3
RedHatAI/granite-3.1-2b-base-FP8-dynamic,granite,granite-3.1-2b-base,fp8_dynamic,arc_challenge,53.75,53.5,-0.25,-0.09426356589147288,-1.7513926594990539,1.5628655277161083,False,True,granite-3.1-2b-base|s4
RedHatAI/granite-3.1-2b-base-FP8-dynamic,granite,granite-3.1-2b-base,fp8_dynamic,gsm8k,47.84,46.1,-1.74,-0.09426356589147288,-1.6592732318400105,1.470746100057065,False,False,granite-3.1-2b-base|s4
RedHatAI/granite-3.1-2b-base-FP8-dynamic,granite,granite-3.1-2b-base,fp8_dynamic,hellaswag,77.94,77.76,-0.18,-0.09426356589147288,-0.565075964663555,0.3765488328806093,False,True,granite-3.1-2b-base|s4
RedHatAI/granite-3.1-2b-base-FP8-dynamic,granite,granite-3.1-2b-base,fp8_dynamic,mmlu,52.88,52.61,-0.27,-0.09426356589147288,-0.5735652168420126,0.38503808505906684,False,True,granite-3.1-2b-base|s4
RedHatAI/granite-3.1-2b-base-FP8-dynamic,granite,granite-3.1-2b-base,fp8_dynamic,truthfulqa,39.04,39.84,0.8,-0.09426356589147288,-2.0362285756172787,1.8477014438343329,False,True,granite-3.1-2b-base|s4
RedHatAI/granite-3.1-2b-base-FP8-dynamic,granite,granite-3.1-2b-base,fp8_dynamic,winogrande,74.43,74.43,0.0,-0.09426356589147288,-1.4887879456150197,1.3002608138320741,False,True,granite-3.1-2b-base|s4
RedHatAI/granite-3.1-2b-base-FP8-dynamic,granite,granite-3.1-2b-base,fp8_dynamic,humaneval,30.0,30.4,0.4,-0.09426356589147288,-4.165841654121474,3.977314522338528,False,True,granite-3.1-2b-base|s4
RedHatAI/granite-3.1-2b-base-quantized.w4a16,granite,granite-3.1-2b-base,w4a16,arc_challenge,53.75,51.96,-1.79,-0.6686131386861314,-6.543616059482617,5.206389782110354,False,True,granite-3.1-2b-base|s4
RedHatAI/granite-3.1-2b-base-quantized.w4a16,granite,granite-3.1-2b-base,w4a16,gsm8k,47.84,42.53,-5.31,-0.6686131386861314,-6.21702598955585,4.879799712183587,False,True,granite-3.1-2b-base|s4
RedHatAI/granite-3.1-2b-base-quantized.w4a16,granite,granite-3.1-2b-base,w4a16,hellaswag,77.94,75.38,-2.56,-0.6686131386861314,-2.3377795473885032,1.0005532700162405,False,False,granite-3.1-2b-base|s4
RedHatAI/granite-3.1-2b-base-quantized.w4a16,granite,granite-3.1-2b-base,w4a16,mmlu,52.88,51.09,-1.79,-0.6686131386861314,-2.367876406792039,1.030650129419776,False,True,granite-3.1-2b-base|s4
RedHatAI/granite-3.1-2b-base-quantized.w4a16,granite,granite-3.1-2b-base,w4a16,truthfulqa,39.04,41.35,2.31,-0.6686131386861314,-7.5534419358114695,6.216215658439206,False,True,granite-3.1-2b-base|s4
RedHatAI/granite-3.1-2b-base-quantized.w4a16,granite,granite-3.1-2b-base,w4a16,winogrande,74.43,74.27,-0.16,-0.6686131386861314,-5.6126062383196,4.275379960947337,False,True,granite-3.1-2b-base|s4
RedHatAI/granite-3.1-2b-base-quantized.w4a16,granite,granite-3.1-2b-base,w4a16,humaneval,30.0,29.8,-0.2,-0.6686131386861314,-15.103537522595817,13.766311245223553,False,True,granite-3.1-2b-base|s4
RedHatAI/granite-3.1-2b-base-quantized.w8a8,granite,granite-3.1-2b-base,w8a8_int,arc_challenge,53.75,54.01,0.26,-0.3477536231884058,-1.5799868004322788,0.8844795540554673,False,True,granite-3.1-2b-base|s4
RedHatAI/granite-3.1-2b-base-quantized.w8a8,granite,granite-3.1-2b-base,w8a8_int,gsm8k,47.84,46.55,-1.29,-0.3477536231884058,-1.5114872396750223,0.8159799932982108,False,True,granite-3.1-2b-base|s4
RedHatAI/granite-3.1-2b-base-quantized.w8a8,granite,granite-3.1-2b-base,w8a8_int,hellaswag,77.94,77.94,0.0,-0.3477536231884058,-0.6978474452464932,0.00234019886968162,False,True,granite-3.1-2b-base|s4
RedHatAI/granite-3.1-2b-base-quantized.w8a8,granite,granite-3.1-2b-base,w8a8_int,mmlu,52.88,52.34,-0.54,-0.3477536231884058,-0.7041600120975839,0.008652765720772337,False,True,granite-3.1-2b-base|s4
RedHatAI/granite-3.1-2b-base-quantized.w8a8,granite,granite-3.1-2b-base,w8a8_int,truthfulqa,39.04,38.12,-0.92,-0.3477536231884058,-1.791789409695166,1.0962821633183546,False,True,granite-3.1-2b-base|s4
RedHatAI/granite-3.1-2b-base-quantized.w8a8,granite,granite-3.1-2b-base,w8a8_int,winogrande,74.43,74.35,-0.08,-0.3477536231884058,-1.3847152056019185,0.689207959225107,False,True,granite-3.1-2b-base|s4
RedHatAI/granite-3.1-2b-base-quantized.w8a8,granite,granite-3.1-2b-base,w8a8_int,humaneval,30.0,29.6,-0.4,-0.3477536231884058,-3.375359392352627,2.6798521459758153,False,True,granite-3.1-2b-base|s4
RedHatAI/granite-3.1-2b-instruct-FP8-dynamic,granite,granite-3.1-2b-instruct,fp8_dynamic,arc_challenge,55.63,55.03,-0.6,-0.018775510204081643,-1.9833224315555196,1.9457714111473563,False,True,granite-3.1-2b-instruct|s0
RedHatAI/granite-3.1-2b-instruct-FP8-dynamic,granite,granite-3.1-2b-instruct,fp8_dynamic,gsm8k,60.96,61.49,0.53,-0.018775510204081643,-1.837144236239224,1.7995932158310608,False,True,granite-3.1-2b-instruct|s0
RedHatAI/granite-3.1-2b-instruct-FP8-dynamic,granite,granite-3.1-2b-instruct,fp8_dynamic,hellaswag,75.21,75.26,0.05,-0.018775510204081643,-0.602076773082848,0.5645257526746847,False,True,granite-3.1-2b-instruct|s0
RedHatAI/granite-3.1-2b-instruct-FP8-dynamic,granite,granite-3.1-2b-instruct,fp8_dynamic,mmlu,54.38,54.24,-0.14,-0.018775510204081643,-0.5877721808730385,0.5502211604648752,False,True,granite-3.1-2b-instruct|s0
RedHatAI/granite-3.1-2b-instruct-FP8-dynamic,granite,granite-3.1-2b-instruct,fp8_dynamic,truthfulqa,55.93,55.42,-0.51,-0.018775510204081643,-2.370085419568955,2.3325343991607914,False,True,granite-3.1-2b-instruct|s0
RedHatAI/granite-3.1-2b-instruct-FP8-dynamic,granite,granite-3.1-2b-instruct,fp8_dynamic,winogrande,69.67,69.61,-0.06,-0.018775510204081643,-1.7670022976144886,1.7294512772063253,False,True,granite-3.1-2b-instruct|s0
RedHatAI/granite-3.1-2b-instruct-FP8-dynamic,granite,granite-3.1-2b-instruct,fp8_dynamic,ifeval,67.99,66.79,-1.2,-0.018775510204081643,-2.7339246672771296,2.696373646868966,False,True,granite-3.1-2b-instruct|s0
RedHatAI/granite-3.1-2b-instruct-FP8-dynamic,granite,granite-3.1-2b-instruct,fp8_dynamic,bbh,44.11,44.24,0.13,-0.018775510204081643,-0.8517634306126123,0.814212410204449,False,True,granite-3.1-2b-instruct|s0
RedHatAI/granite-3.1-2b-instruct-FP8-dynamic,granite,granite-3.1-2b-instruct,fp8_dynamic,gpqa_main_norm,28.3,26.9,-1.4,-0.018775510204081643,-2.8997589113876163,2.8622078909794526,False,True,granite-3.1-2b-instruct|s0
RedHatAI/granite-3.1-2b-instruct-FP8-dynamic,granite,granite-3.1-2b-instruct,fp8_dynamic,musr,35.12,35.12,0.0,-0.018775510204081643,-2.3689426193101326,2.331391598901969,False,True,granite-3.1-2b-instruct|s0
RedHatAI/granite-3.1-2b-instruct-FP8-dynamic,granite,granite-3.1-2b-instruct,fp8_dynamic,mmlu_pro,26.87,28.33,1.46,-0.018775510204081643,-0.5658414490707048,0.5282904286625415,False,False,granite-3.1-2b-instruct|s0
RedHatAI/granite-3.1-2b-instruct-FP8-dynamic,granite,granite-3.1-2b-instruct,fp8_dynamic,humaneval,53.4,54.9,1.5,-0.018775510204081643,-5.291907356768102,5.2543563363599395,False,True,granite-3.1-2b-instruct|s0
RedHatAI/granite-3.1-2b-instruct-quantized.w4a16,granite,granite-3.1-2b-instruct,w4a16,arc_challenge,55.63,54.18,-1.45,-0.7326573426573426,-6.410552581619813,4.945237896305127,False,True,granite-3.1-2b-instruct|s0
RedHatAI/granite-3.1-2b-instruct-quantized.w4a16,granite,granite-3.1-2b-instruct,w4a16,gsm8k,60.96,62.85,1.89,-0.7326573426573426,-5.988071209347185,4.5227565240325,False,True,granite-3.1-2b-instruct|s0
RedHatAI/granite-3.1-2b-instruct-quantized.w4a16,granite,granite-3.1-2b-instruct,w4a16,hellaswag,75.21,73.36,-1.85,-0.7326573426573426,-2.418503288806507,0.953188603491822,False,True,granite-3.1-2b-instruct|s0
RedHatAI/granite-3.1-2b-instruct-quantized.w4a16,granite,granite-3.1-2b-instruct,w4a16,mmlu,54.38,52.17,-2.21,-0.7326573426573426,-2.3771604350825024,0.911845749767817,False,True,granite-3.1-2b-instruct|s0
RedHatAI/granite-3.1-2b-instruct-quantized.w4a16,granite,granite-3.1-2b-instruct,w4a16,truthfulqa,55.93,56.83,0.9,-0.7326573426573426,-7.528367434694294,6.06305274937961,False,True,granite-3.1-2b-instruct|s0
RedHatAI/granite-3.1-2b-instruct-quantized.w4a16,granite,granite-3.1-2b-instruct,w4a16,winogrande,69.67,69.85,0.18,-0.7326573426573426,-5.785348344832951,4.320033659518266,False,True,granite-3.1-2b-instruct|s0
RedHatAI/granite-3.1-2b-instruct-quantized.w4a16,granite,granite-3.1-2b-instruct,w4a16,ifeval,67.99,67.63,-0.36,-0.7326573426573426,-8.57992854013677,7.114613854822085,False,True,granite-3.1-2b-instruct|s0
RedHatAI/granite-3.1-2b-instruct-quantized.w4a16,granite,granite-3.1-2b-instruct,w4a16,bbh,44.11,43.22,-0.89,-0.7326573426573426,-3.140142802025897,1.6748281167112116,False,True,granite-3.1-2b-instruct|s0
RedHatAI/granite-3.1-2b-instruct-quantized.w4a16,granite,granite-3.1-2b-instruct,w4a16,gpqa_main_norm,28.3,28.56,0.26,-0.7326573426573426,-9.059219441696984,7.593904756382299,False,True,granite-3.1-2b-instruct|s0
RedHatAI/granite-3.1-2b-instruct-quantized.w4a16,granite,granite-3.1-2b-instruct,w4a16,musr,35.12,35.26,0.14,-0.7326573426573426,-7.525064535650177,6.059749850335493,False,True,granite-3.1-2b-instruct|s0
RedHatAI/granite-3.1-2b-instruct-quantized.w4a16,granite,granite-3.1-2b-instruct,w4a16,mmlu_pro,26.87,27.27,0.4,-0.7326573426573426,-2.3137766612799533,0.8484619759652678,False,True,granite-3.1-2b-instruct|s0
RedHatAI/granite-3.1-2b-instruct-quantized.w4a16,granite,granite-3.1-2b-instruct,w4a16,humaneval,53.4,52.3,-1.1,-0.7326573426573426,-15.972960274913552,14.507645589598868,False,True,granite-3.1-2b-instruct|s0
RedHatAI/granite-3.1-2b-instruct-quantized.w8a8,granite,granite-3.1-2b-instruct,w8a8_int,arc_challenge,55.63,55.12,-0.51,-0.2914583333333333,-2.2935070622462796,1.710590395579613,False,True,granite-3.1-2b-instruct|s0
RedHatAI/granite-3.1-2b-instruct-quantized.w8a8,granite,granite-3.1-2b-instruct,w8a8_int,gsm8k,60.96,60.58,-0.38,-0.2914583333333333,-2.144538428844306,1.5616217621776394,False,True,granite-3.1-2b-instruct|s0
RedHatAI/granite-3.1-2b-instruct-quantized.w8a8,granite,granite-3.1-2b-instruct,w8a8_int,hellaswag,75.21,74.6,-0.61,-0.2914583333333333,-0.8858944036697991,0.3029777370031324,False,True,granite-3.1-2b-instruct|s0
RedHatAI/granite-3.1-2b-instruct-quantized.w8a8,granite,granite-3.1-2b-instruct,w8a8_int,mmlu,54.38,54.12,-0.26,-0.2914583333333333,-0.8713167469388687,0.28840008027220204,False,True,granite-3.1-2b-instruct|s0
RedHatAI/granite-3.1-2b-instruct-quantized.w8a8,granite,granite-3.1-2b-instruct,w8a8_int,truthfulqa,55.93,54.87,-1.06,-0.2914583333333333,-2.6876530814262174,2.1047364147595506,False,True,granite-3.1-2b-instruct|s0
RedHatAI/granite-3.1-2b-instruct-quantized.w8a8,granite,granite-3.1-2b-instruct,w8a8_int,winogrande,69.67,70.8,1.13,-0.2914583333333333,-2.073057530352689,1.490140863686022,False,True,granite-3.1-2b-instruct|s0
RedHatAI/granite-3.1-2b-instruct-quantized.w8a8,granite,granite-3.1-2b-instruct,w8a8_int,ifeval,67.99,67.03,-0.96,-0.2914583333333333,-3.058437762354938,2.475521095688271,False,True,granite-3.1-2b-instruct|s0
RedHatAI/granite-3.1-2b-instruct-quantized.w8a8,granite,granite-3.1-2b-instruct,w8a8_int,bbh,44.11,43.53,-0.58,-0.2914583333333333,-1.140347402425415,0.5574307357587485,False,True,granite-3.1-2b-instruct|s0
RedHatAI/granite-3.1-2b-instruct-quantized.w8a8,granite,granite-3.1-2b-instruct,w8a8_int,gpqa_main_norm,28.3,27.6,-0.7,-0.2914583333333333,-3.22743766458341,2.6445209979167434,False,True,granite-3.1-2b-instruct|s0
RedHatAI/granite-3.1-2b-instruct-quantized.w8a8,granite,granite-3.1-2b-instruct,w8a8_int,musr,35.12,34.58,-0.54,-0.2914583333333333,-2.6864884659208754,2.1035717992542087,False,True,granite-3.1-2b-instruct|s0
RedHatAI/granite-3.1-2b-instruct-quantized.w8a8,granite,granite-3.1-2b-instruct,w8a8_int,mmlu_pro,26.87,26.89,0.02,-0.2914583333333333,-0.8489673730187033,0.2660507063520367,False,True,granite-3.1-2b-instruct|s0
RedHatAI/granite-3.1-2b-instruct-quantized.w8a8,granite,granite-3.1-2b-instruct,w8a8_int,humaneval,53.4,54.9,1.5,-0.2914583333333333,-5.665250527383617,5.082333860716951,False,True,granite-3.1-2b-instruct|s0
RedHatAI/granite-3.1-2b-instruct-FP8-dynamic,granite,granite-3.1-2b-instruct,fp8_dynamic,arc_challenge,55.63,55.03,-0.6,-0.03372670807453418,-1.3228196566639763,1.2553662405149077,False,True,granite-3.1-2b-instruct|s1
RedHatAI/granite-3.1-2b-instruct-FP8-dynamic,granite,granite-3.1-2b-instruct,fp8_dynamic,gsm8k,60.96,61.49,0.53,-0.03372670807453418,-1.2269007051888248,1.1594472890397562,False,True,granite-3.1-2b-instruct|s1
RedHatAI/granite-3.1-2b-instruct-FP8-dynamic,granite,granite-3.1-2b-instruct,fp8_dynamic,hellaswag,75.21,75.26,0.05,-0.03372670807453418,-0.41647630631934063,0.3490228901702722,False,True,granite-3.1-2b-instruct|s1
RedHatAI/granite-3.1-2b-instruct-FP8-dynamic,granite,granite-3.1-2b-instruct,fp8_dynamic,mmlu,54.38,54.24,-0.14,-0.03372670807453418,-0.4070899441257475,0.3396365279766791,False,True,granite-3.1-2b-instruct|s1
RedHatAI/granite-3.1-2b-instruct-FP8-dynamic,granite,granite-3.1-2b-instruct,fp8_dynamic,truthfulqa,55.93,55.42,-0.51,-0.03372670807453418,-1.5766051148807376,1.509151698731669,False,True,granite-3.1-2b-instruct|s1
RedHatAI/granite-3.1-2b-instruct-FP8-dynamic,granite,granite-3.1-2b-instruct,fp8_dynamic,winogrande,69.67,69.61,-0.06,-0.03372670807453418,-1.1808750910898045,1.113421674940736,False,True,granite-3.1-2b-instruct|s1
RedHatAI/granite-3.1-2b-instruct-FP8-dynamic,granite,granite-3.1-2b-instruct,fp8_dynamic,ifeval,67.99,66.79,-1.2,-0.03372670807453418,-1.8153485134441316,1.747895097295063,False,True,granite-3.1-2b-instruct|s1
RedHatAI/granite-3.1-2b-instruct-FP8-dynamic,granite,granite-3.1-2b-instruct,fp8_dynamic,bbh,44.11,44.24,0.13,-0.03372670807453418,-0.5803152587415449,0.5128618425924766,False,True,granite-3.1-2b-instruct|s1
RedHatAI/granite-3.1-2b-instruct-FP8-dynamic,granite,granite-3.1-2b-instruct,fp8_dynamic,gpqa_main_norm,28.3,26.9,-1.4,-0.03372670807453418,-1.9241653364958455,1.856711920346777,False,True,granite-3.1-2b-instruct|s1
RedHatAI/granite-3.1-2b-instruct-FP8-dynamic,granite,granite-3.1-2b-instruct,fp8_dynamic,musr,35.12,35.12,0.0,-0.03372670807453418,-1.5758552342139622,1.5084018180648937,False,True,granite-3.1-2b-instruct|s1
RedHatAI/granite-3.1-2b-instruct-FP8-dynamic,granite,granite-3.1-2b-instruct,fp8_dynamic,mmlu_pro,26.87,28.33,1.46,-0.03372670807453418,-0.39269947504784586,0.32524605889877756,False,False,granite-3.1-2b-instruct|s1
RedHatAI/granite-3.1-2b-instruct-FP8-dynamic,granite,granite-3.1-2b-instruct,fp8_dynamic,humaneval,53.4,54.9,1.5,-0.03372670807453418,-3.493841102141525,3.4263876859924567,False,True,granite-3.1-2b-instruct|s1
RedHatAI/granite-3.1-2b-instruct-quantized.w4a16,granite,granite-3.1-2b-instruct,w4a16,arc_challenge,55.63,54.18,-1.45,-0.8328,-4.151973075602406,2.4863730756024065,False,True,granite-3.1-2b-instruct|s1
RedHatAI/granite-3.1-2b-instruct-quantized.w4a16,granite,granite-3.1-2b-instruct,w4a16,gsm8k,60.96,62.85,1.89,-0.8328,-3.9049997277730615,2.239399727773061,False,True,granite-3.1-2b-instruct|s1
RedHatAI/granite-3.1-2b-instruct-quantized.w4a16,granite,granite-3.1-2b-instruct,w4a16,hellaswag,75.21,73.36,-1.85,-0.8328,-1.8183085799529946,0.15270857995299447,False,False,granite-3.1-2b-instruct|s1
RedHatAI/granite-3.1-2b-instruct-quantized.w4a16,granite,granite-3.1-2b-instruct,w4a16,mmlu,54.38,52.17,-2.21,-0.8328,-1.794140454058801,0.1285404540588011,False,False,granite-3.1-2b-instruct|s1
RedHatAI/granite-3.1-2b-instruct-quantized.w4a16,granite,granite-3.1-2b-instruct,w4a16,truthfulqa,55.93,56.83,0.9,-0.8328,-4.8054231319495635,3.139823131949563,False,True,granite-3.1-2b-instruct|s1
RedHatAI/granite-3.1-2b-instruct-quantized.w4a16,granite,granite-3.1-2b-instruct,w4a16,winogrande,69.67,69.85,0.18,-0.8328,-3.7864923856355555,2.120892385635555,False,True,granite-3.1-2b-instruct|s1
RedHatAI/granite-3.1-2b-instruct-quantized.w4a16,granite,granite-3.1-2b-instruct,w4a16,ifeval,67.99,67.63,-0.36,-0.8328,-5.420142699965608,3.754542699965609,False,True,granite-3.1-2b-instruct|s1
RedHatAI/granite-3.1-2b-instruct-quantized.w4a16,granite,granite-3.1-2b-instruct,w4a16,bbh,44.11,43.22,-0.89,-0.8328,-2.2401632182936466,0.5745632182936466,False,True,granite-3.1-2b-instruct|s1
RedHatAI/granite-3.1-2b-instruct-quantized.w4a16,granite,granite-3.1-2b-instruct,w4a16,gpqa_main_norm,28.3,28.56,0.26,-0.8328,-5.700325653135163,4.034725653135164,False,True,granite-3.1-2b-instruct|s1
RedHatAI/granite-3.1-2b-instruct-quantized.w4a16,granite,granite-3.1-2b-instruct,w4a16,musr,35.12,35.26,0.14,-0.8328,-4.803492329580503,3.1378923295805032,False,True,granite-3.1-2b-instruct|s1
RedHatAI/granite-3.1-2b-instruct-quantized.w4a16,granite,granite-3.1-2b-instruct,w4a16,mmlu_pro,26.87,27.27,0.4,-0.8328,-1.7570876895076295,0.09148768950762953,False,False,granite-3.1-2b-instruct|s1
RedHatAI/granite-3.1-2b-instruct-quantized.w4a16,granite,granite-3.1-2b-instruct,w4a16,humaneval,53.4,52.3,-1.1,-0.8328,-9.741946968694817,8.076346968694816,False,True,granite-3.1-2b-instruct|s1
RedHatAI/granite-3.1-2b-instruct-quantized.w8a8,granite,granite-3.1-2b-instruct,w8a8_int,arc_challenge,55.63,55.12,-0.51,-0.3121052631578947,-2.034424664141877,1.4102141378260875,False,True,granite-3.1-2b-instruct|s1
RedHatAI/granite-3.1-2b-instruct-quantized.w8a8,granite,granite-3.1-2b-instruct,w8a8_int,gsm8k,60.96,60.58,-0.38,-0.3121052631578947,-1.9062701573404364,1.282059631024647,False,True,granite-3.1-2b-instruct|s1
RedHatAI/granite-3.1-2b-instruct-quantized.w8a8,granite,granite-3.1-2b-instruct,w8a8_int,hellaswag,75.21,74.6,-0.61,-0.3121052631578947,-0.8234858113931378,0.19927528507734832,False,True,granite-3.1-2b-instruct|s1
RedHatAI/granite-3.1-2b-instruct-quantized.w8a8,granite,granite-3.1-2b-instruct,w8a8_int,mmlu,54.38,54.12,-0.26,-0.3121052631578947,-0.8109449672838145,0.1867344409680251,False,True,granite-3.1-2b-instruct|s1
RedHatAI/granite-3.1-2b-instruct-quantized.w8a8,granite,granite-3.1-2b-instruct,w8a8_int,truthfulqa,55.93,54.87,-1.06,-0.3121052631578947,-2.373499995251727,1.7492894689359375,False,True,granite-3.1-2b-instruct|s1
RedHatAI/granite-3.1-2b-instruct-quantized.w8a8,granite,granite-3.1-2b-instruct,w8a8_int,winogrande,69.67,70.8,1.13,-0.3121052631578947,-1.8447766799370537,1.2205661536212644,False,True,granite-3.1-2b-instruct|s1
RedHatAI/granite-3.1-2b-instruct-quantized.w8a8,granite,granite-3.1-2b-instruct,w8a8_int,ifeval,67.99,67.03,-0.96,-0.3121052631578947,-2.692478070224926,2.068267543909136,False,True,granite-3.1-2b-instruct|s1
RedHatAI/granite-3.1-2b-instruct-quantized.w8a8,granite,granite-3.1-2b-instruct,w8a8_int,bbh,44.11,43.53,-0.58,-0.3121052631578947,-1.0423862457663347,0.41817571945054527,False,True,granite-3.1-2b-instruct|s1
RedHatAI/granite-3.1-2b-instruct-quantized.w8a8,granite,granite-3.1-2b-instruct,w8a8_int,gpqa_main_norm,28.3,27.6,-0.7,-0.3121052631578947,-2.83786504616059,2.2136545198448,False,True,granite-3.1-2b-instruct|s1
RedHatAI/granite-3.1-2b-instruct-quantized.w8a8,granite,granite-3.1-2b-instruct,w8a8_int,musr,35.12,34.58,-0.54,-0.3121052631578947,-2.372498101616188,1.7482875753003986,False,True,granite-3.1-2b-instruct|s1
RedHatAI/granite-3.1-2b-instruct-quantized.w8a8,granite,granite-3.1-2b-instruct,w8a8_int,mmlu_pro,26.87,26.89,0.02,-0.3121052631578947,-0.7917182822652902,0.16750775594950074,False,True,granite-3.1-2b-instruct|s1
RedHatAI/granite-3.1-2b-instruct-quantized.w8a8,granite,granite-3.1-2b-instruct,w8a8_int,humaneval,53.4,54.9,1.5,-0.3121052631578947,-4.935062945958396,4.3108524196426075,False,True,granite-3.1-2b-instruct|s1
RedHatAI/granite-3.1-2b-instruct-FP8-dynamic,granite,granite-3.1-2b-instruct,fp8_dynamic,arc_challenge,55.63,55.03,-0.6,0.030952380952380946,-1.8375787721892645,1.8994835340940261,False,True,granite-3.1-2b-instruct|s2
RedHatAI/granite-3.1-2b-instruct-FP8-dynamic,granite,granite-3.1-2b-instruct,fp8_dynamic,gsm8k,60.96,61.49,0.53,0.030952380952380946,-1.6985449273419106,1.7604496892466723,False,True,granite-3.1-2b-instruct|s2
RedHatAI/granite-3.1-2b-instruct-FP8-dynamic,granite,granite-3.1-2b-instruct,fp8_dynamic,hellaswag,75.21,75.26,0.05,0.030952380952380946,-0.5238404669609034,0.5857452288656653,False,True,granite-3.1-2b-instruct|s2
RedHatAI/granite-3.1-2b-instruct-FP8-dynamic,granite,granite-3.1-2b-instruct,fp8_dynamic,mmlu,54.38,54.24,-0.14,0.030952380952380946,-0.5102350010458264,0.5721397629505883,False,True,granite-3.1-2b-instruct|s2
RedHatAI/granite-3.1-2b-instruct-FP8-dynamic,granite,granite-3.1-2b-instruct,fp8_dynamic,truthfulqa,55.93,55.42,-0.51,0.030952380952380946,-2.205439007101909,2.2673437690066707,False,True,granite-3.1-2b-instruct|s2
RedHatAI/granite-3.1-2b-instruct-FP8-dynamic,granite,granite-3.1-2b-instruct,fp8_dynamic,winogrande,69.67,69.61,-0.06,0.030952380952380946,-1.631831123747997,1.6937358856527587,False,True,granite-3.1-2b-instruct|s2
RedHatAI/granite-3.1-2b-instruct-FP8-dynamic,granite,granite-3.1-2b-instruct,fp8_dynamic,ifeval,67.99,66.79,-1.2,0.030952380952380946,-2.5514958824503835,2.613400644355145,False,True,granite-3.1-2b-instruct|s2
RedHatAI/granite-3.1-2b-instruct-FP8-dynamic,granite,granite-3.1-2b-instruct,fp8_dynamic,bbh,44.11,44.24,0.13,0.030952380952380946,-0.7613238749913054,0.8232286368960673,False,True,granite-3.1-2b-instruct|s2
RedHatAI/granite-3.1-2b-instruct-FP8-dynamic,granite,granite-3.1-2b-instruct,fp8_dynamic,gpqa_main_norm,28.3,26.9,-1.4,0.030952380952380946,-2.709225101340701,2.771129863245463,False,True,granite-3.1-2b-instruct|s2
RedHatAI/granite-3.1-2b-instruct-FP8-dynamic,granite,granite-3.1-2b-instruct,fp8_dynamic,musr,35.12,35.12,0.0,0.030952380952380946,-2.204352060354941,2.266256822259703,False,True,granite-3.1-2b-instruct|s2
RedHatAI/granite-3.1-2b-instruct-FP8-dynamic,granite,granite-3.1-2b-instruct,fp8_dynamic,mmlu_pro,26.87,28.33,1.46,0.030952380952380946,-0.4893761174332806,0.5512808793380425,False,False,granite-3.1-2b-instruct|s2
RedHatAI/granite-3.1-2b-instruct-FP8-dynamic,granite,granite-3.1-2b-instruct,fp8_dynamic,humaneval,53.4,54.9,1.5,0.030952380952380946,-4.984459072366426,5.046363834271188,False,True,granite-3.1-2b-instruct|s2
RedHatAI/granite-3.1-2b-instruct-quantized.w4a16,granite,granite-3.1-2b-instruct,w4a16,arc_challenge,55.63,54.18,-1.45,-0.7556,-4.174325360193822,2.6631253601938214,False,True,granite-3.1-2b-instruct|s2
RedHatAI/granite-3.1-2b-instruct-quantized.w4a16,granite,granite-3.1-2b-instruct,w4a16,gsm8k,60.96,62.85,1.89,-0.7556,-3.9199445164461926,2.408744516446193,False,True,granite-3.1-2b-instruct|s2
RedHatAI/granite-3.1-2b-instruct-quantized.w4a16,granite,granite-3.1-2b-instruct,w4a16,hellaswag,75.21,73.36,-1.85,-0.7556,-1.7706670357442629,0.2594670357442628,False,False,granite-3.1-2b-instruct|s2
RedHatAI/granite-3.1-2b-instruct-quantized.w4a16,granite,granite-3.1-2b-instruct,w4a16,mmlu,54.38,52.17,-2.21,-0.7556,-1.7457740328725038,0.23457403287250378,False,False,granite-3.1-2b-instruct|s2
RedHatAI/granite-3.1-2b-instruct-quantized.w4a16,granite,granite-3.1-2b-instruct,w4a16,truthfulqa,55.93,56.83,0.9,-0.7556,-4.847374408366358,3.3361744083663574,False,True,granite-3.1-2b-instruct|s2
RedHatAI/granite-3.1-2b-instruct-quantized.w4a16,granite,granite-3.1-2b-instruct,w4a16,winogrande,69.67,69.85,0.18,-0.7556,-3.797882771937397,2.2866827719373966,False,True,granite-3.1-2b-instruct|s2
RedHatAI/granite-3.1-2b-instruct-quantized.w4a16,granite,granite-3.1-2b-instruct,w4a16,ifeval,67.99,67.63,-0.36,-0.7556,-5.480531320861024,3.9693313208610235,False,True,granite-3.1-2b-instruct|s2
RedHatAI/granite-3.1-2b-instruct-quantized.w4a16,granite,granite-3.1-2b-instruct,w4a16,bbh,44.11,43.22,-0.89,-0.7556,-2.205174401754043,0.6939744017540426,False,True,granite-3.1-2b-instruct|s2
RedHatAI/granite-3.1-2b-instruct-quantized.w4a16,granite,granite-3.1-2b-instruct,w4a16,gpqa_main_norm,28.3,28.56,0.26,-0.7556,-5.769117828908938,4.257917828908938,False,True,granite-3.1-2b-instruct|s2
RedHatAI/granite-3.1-2b-instruct-quantized.w4a16,granite,granite-3.1-2b-instruct,w4a16,musr,35.12,35.26,0.14,-0.7556,-4.845385695251893,3.3341856952518922,False,True,granite-3.1-2b-instruct|s2
RedHatAI/granite-3.1-2b-instruct-quantized.w4a16,granite,granite-3.1-2b-instruct,w4a16,mmlu_pro,26.87,27.27,0.4,-0.7556,-1.707609941108958,0.19640994110895804,False,False,granite-3.1-2b-instruct|s2
RedHatAI/granite-3.1-2b-instruct-quantized.w4a16,granite,granite-3.1-2b-instruct,w4a16,humaneval,53.4,52.3,-1.1,-0.7556,-9.931959890194332,8.420759890194333,False,True,granite-3.1-2b-instruct|s2
RedHatAI/granite-3.1-2b-instruct-quantized.w8a8,granite,granite-3.1-2b-instruct,w8a8_int,arc_challenge,55.63,55.12,-0.51,-0.29514851485148513,-2.5717239040014985,1.9814268742985282,False,True,granite-3.1-2b-instruct|s2
RedHatAI/granite-3.1-2b-instruct-quantized.w8a8,granite,granite-3.1-2b-instruct,w8a8_int,gsm8k,60.96,60.58,-0.38,-0.29514851485148513,-2.4023282645944666,1.8120312348914962,False,True,granite-3.1-2b-instruct|s2
RedHatAI/granite-3.1-2b-instruct-quantized.w8a8,granite,granite-3.1-2b-instruct,w8a8_int,hellaswag,75.21,74.6,-0.61,-0.29514851485148513,-0.9710953630012975,0.3807983332983272,False,True,granite-3.1-2b-instruct|s2
RedHatAI/granite-3.1-2b-instruct-quantized.w8a8,granite,granite-3.1-2b-instruct,w8a8_int,mmlu,54.38,54.12,-0.26,-0.29514851485148513,-0.9545187761950749,0.36422174649210465,False,True,granite-3.1-2b-instruct|s2
RedHatAI/granite-3.1-2b-instruct-quantized.w8a8,granite,granite-3.1-2b-instruct,w8a8_int,truthfulqa,55.93,54.87,-1.06,-0.29514851485148513,-3.0199163550831982,2.429619325380228,False,True,granite-3.1-2b-instruct|s2
RedHatAI/granite-3.1-2b-instruct-quantized.w8a8,granite,granite-3.1-2b-instruct,w8a8_int,winogrande,69.67,70.8,1.13,-0.29514851485148513,-2.321045700413971,1.7307486707110007,False,True,granite-3.1-2b-instruct|s2
RedHatAI/granite-3.1-2b-instruct-quantized.w8a8,granite,granite-3.1-2b-instruct,w8a8_int,ifeval,67.99,67.03,-0.96,-0.29514851485148513,-3.441544094251414,2.851247064548444,False,True,granite-3.1-2b-instruct|s2
RedHatAI/granite-3.1-2b-instruct-quantized.w8a8,granite,granite-3.1-2b-instruct,w8a8_int,bbh,44.11,43.53,-0.58,-0.29514851485148513,-1.2604396862920633,0.6701426565890931,False,True,granite-3.1-2b-instruct|s2
RedHatAI/granite-3.1-2b-instruct-quantized.w8a8,granite,granite-3.1-2b-instruct,w8a8_int,gpqa_main_norm,28.3,27.6,-0.7,-0.29514851485148513,-3.6337177474826223,3.043420717779652,False,True,granite-3.1-2b-instruct|s2
RedHatAI/granite-3.1-2b-instruct-quantized.w8a8,granite,granite-3.1-2b-instruct,w8a8_int,musr,35.12,34.58,-0.54,-0.29514851485148513,-3.018592044161594,2.4282950144586235,False,True,granite-3.1-2b-instruct|s2
RedHatAI/granite-3.1-2b-instruct-quantized.w8a8,granite,granite-3.1-2b-instruct,w8a8_int,mmlu_pro,26.87,26.89,0.02,-0.29514851485148513,-0.9291047920623381,0.33880776235936777,False,True,granite-3.1-2b-instruct|s2
RedHatAI/granite-3.1-2b-instruct-quantized.w8a8,granite,granite-3.1-2b-instruct,w8a8_int,humaneval,53.4,54.9,1.5,-0.29514851485148513,-6.4058104976014985,5.815513467898528,False,True,granite-3.1-2b-instruct|s2
RedHatAI/granite-3.1-2b-instruct-FP8-dynamic,granite,granite-3.1-2b-instruct,fp8_dynamic,arc_challenge,55.63,55.03,-0.6,0.13315384615384615,-2.6350353262751947,2.901343018582887,False,True,granite-3.1-2b-instruct|s3
RedHatAI/granite-3.1-2b-instruct-FP8-dynamic,granite,granite-3.1-2b-instruct,fp8_dynamic,gsm8k,60.96,61.49,0.53,0.13315384615384615,-2.4290596414381924,2.6953673337458848,False,True,granite-3.1-2b-instruct|s3
RedHatAI/granite-3.1-2b-instruct-FP8-dynamic,granite,granite-3.1-2b-instruct,fp8_dynamic,hellaswag,75.21,75.26,0.05,0.13315384615384615,-0.6887599613587895,0.9550676536664818,False,True,granite-3.1-2b-instruct|s3
RedHatAI/granite-3.1-2b-instruct-FP8-dynamic,granite,granite-3.1-2b-instruct,fp8_dynamic,mmlu,54.38,54.24,-0.14,0.13315384615384615,-0.6686037529013362,0.9349114452090286,False,True,granite-3.1-2b-instruct|s3
RedHatAI/granite-3.1-2b-instruct-FP8-dynamic,granite,granite-3.1-2b-instruct,fp8_dynamic,truthfulqa,55.93,55.42,-0.51,0.13315384615384615,-3.1800124424127882,3.4463201347204806,False,True,granite-3.1-2b-instruct|s3
RedHatAI/granite-3.1-2b-instruct-FP8-dynamic,granite,granite-3.1-2b-instruct,fp8_dynamic,winogrande,69.67,69.61,-0.06,0.13315384615384615,-2.330224559962711,2.5965322522704035,False,True,granite-3.1-2b-instruct|s3
RedHatAI/granite-3.1-2b-instruct-FP8-dynamic,granite,granite-3.1-2b-instruct,fp8_dynamic,ifeval,67.99,66.79,-1.2,0.13315384615384615,-3.692688344965244,3.9589960372729363,False,True,granite-3.1-2b-instruct|s3
RedHatAI/granite-3.1-2b-instruct-FP8-dynamic,granite,granite-3.1-2b-instruct,fp8_dynamic,bbh,44.11,44.24,0.13,0.13315384615384615,-1.0405865806987948,1.3068942730064872,False,True,granite-3.1-2b-instruct|s3
RedHatAI/granite-3.1-2b-instruct-FP8-dynamic,granite,granite-3.1-2b-instruct,fp8_dynamic,gpqa_main_norm,28.3,26.9,-1.4,0.13315384615384615,-3.9263608289234324,4.192668521231124,False,True,granite-3.1-2b-instruct|s3
RedHatAI/granite-3.1-2b-instruct-FP8-dynamic,granite,granite-3.1-2b-instruct,fp8_dynamic,musr,35.12,35.12,0.0,0.13315384615384615,-3.1784021539191207,3.444709846226813,False,True,granite-3.1-2b-instruct|s3
RedHatAI/granite-3.1-2b-instruct-FP8-dynamic,granite,granite-3.1-2b-instruct,fp8_dynamic,mmlu_pro,26.87,28.33,1.46,0.13315384615384615,-0.637701760355949,0.9040094526636414,False,False,granite-3.1-2b-instruct|s3
RedHatAI/granite-3.1-2b-instruct-FP8-dynamic,granite,granite-3.1-2b-instruct,fp8_dynamic,humaneval,53.4,54.9,1.5,0.13315384615384615,-7.297071578244665,7.563379270552357,False,True,granite-3.1-2b-instruct|s3
RedHatAI/granite-3.1-2b-instruct-quantized.w4a16,granite,granite-3.1-2b-instruct,w4a16,arc_challenge,55.63,54.18,-1.45,-0.7052941176470588,-3.9197642179450494,2.509175982650932,False,True,granite-3.1-2b-instruct|s3
RedHatAI/granite-3.1-2b-instruct-quantized.w4a16,granite,granite-3.1-2b-instruct,w4a16,gsm8k,60.96,62.85,1.89,-0.7052941176470588,-3.680581619121443,2.269993383827326,False,True,granite-3.1-2b-instruct|s3
RedHatAI/granite-3.1-2b-instruct-quantized.w4a16,granite,granite-3.1-2b-instruct,w4a16,hellaswag,75.21,73.36,-1.85,-0.7052941176470588,-1.6597149302077545,0.24912669491363693,False,False,granite-3.1-2b-instruct|s3
RedHatAI/granite-3.1-2b-instruct-quantized.w4a16,granite,granite-3.1-2b-instruct,w4a16,mmlu,54.38,52.17,-2.21,-0.7052941176470588,-1.636309185373848,0.22572095007973048,False,False,granite-3.1-2b-instruct|s3
RedHatAI/granite-3.1-2b-instruct-quantized.w4a16,granite,granite-3.1-2b-instruct,w4a16,truthfulqa,55.93,56.83,0.9,-0.7052941176470588,-4.552601259076069,3.142013023781952,False,True,granite-3.1-2b-instruct|s3
RedHatAI/granite-3.1-2b-instruct-quantized.w4a16,granite,granite-3.1-2b-instruct,w4a16,winogrande,69.67,69.85,0.18,-0.7052941176470588,-3.5658125789750033,2.155224343680885,False,True,granite-3.1-2b-instruct|s3
RedHatAI/granite-3.1-2b-instruct-quantized.w4a16,granite,granite-3.1-2b-instruct,w4a16,ifeval,67.99,67.63,-0.36,-0.7052941176470588,-5.1479295611704226,3.7373413258763053,False,True,granite-3.1-2b-instruct|s3
RedHatAI/granite-3.1-2b-instruct-quantized.w4a16,granite,granite-3.1-2b-instruct,w4a16,bbh,44.11,43.22,-0.89,-0.7052941176470588,-2.0682622071140475,0.65767397181993,False,True,granite-3.1-2b-instruct|s3
RedHatAI/granite-3.1-2b-instruct-quantized.w4a16,granite,granite-3.1-2b-instruct,w4a16,gpqa_main_norm,28.3,28.56,0.26,-0.7052941176470588,-5.419274171729264,4.008685936435147,False,True,granite-3.1-2b-instruct|s3
RedHatAI/granite-3.1-2b-instruct-quantized.w4a16,granite,granite-3.1-2b-instruct,w4a16,musr,35.12,35.26,0.14,-0.7052941176470588,-4.5507313636703275,3.1401431283762102,False,True,granite-3.1-2b-instruct|s3
RedHatAI/granite-3.1-2b-instruct-quantized.w4a16,granite,granite-3.1-2b-instruct,w4a16,mmlu_pro,26.87,27.27,0.4,-0.7052941176470588,-1.6004252464920214,0.18983701119790364,False,False,granite-3.1-2b-instruct|s3
RedHatAI/granite-3.1-2b-instruct-quantized.w4a16,granite,granite-3.1-2b-instruct,w4a16,humaneval,53.4,52.3,-1.1,-0.7052941176470588,-9.333402956121033,7.922814720826915,False,True,granite-3.1-2b-instruct|s3
RedHatAI/granite-3.1-2b-instruct-quantized.w8a8,granite,granite-3.1-2b-instruct,w8a8_int,arc_challenge,55.63,55.12,-0.51,-0.27581967213114755,-2.5893901210550694,2.0377507767927745,False,True,granite-3.1-2b-instruct|s3
RedHatAI/granite-3.1-2b-instruct-quantized.w8a8,granite,granite-3.1-2b-instruct,w8a8_int,gsm8k,60.96,60.58,-0.38,-0.27581967213114755,-2.4172417497002314,1.8656024054379365,False,True,granite-3.1-2b-instruct|s3
RedHatAI/granite-3.1-2b-instruct-quantized.w8a8,granite,granite-3.1-2b-instruct,w8a8_int,hellaswag,75.21,74.6,-0.61,-0.27581967213114755,-0.9627508672832457,0.41111152302095055,False,True,granite-3.1-2b-instruct|s3
RedHatAI/granite-3.1-2b-instruct-quantized.w8a8,granite,granite-3.1-2b-instruct,w8a8_int,mmlu,54.38,54.12,-0.26,-0.27581967213114755,-0.9459049057738323,0.39426556151153724,False,True,granite-3.1-2b-instruct|s3
RedHatAI/granite-3.1-2b-instruct-quantized.w8a8,granite,granite-3.1-2b-instruct,w8a8_int,truthfulqa,55.93,54.87,-1.06,-0.27581967213114755,-3.0448658391864813,2.4932264949241865,False,True,granite-3.1-2b-instruct|s3
RedHatAI/granite-3.1-2b-instruct-quantized.w8a8,granite,granite-3.1-2b-instruct,w8a8_int,winogrande,69.67,70.8,1.13,-0.27581967213114755,-2.3346383185127544,1.7829989742504595,False,True,granite-3.1-2b-instruct|s3
RedHatAI/granite-3.1-2b-instruct-quantized.w8a8,granite,granite-3.1-2b-instruct,w8a8_int,ifeval,67.99,67.03,-0.96,-0.27581967213114755,-3.473345160554525,2.92170581629223,False,True,granite-3.1-2b-instruct|s3
RedHatAI/granite-3.1-2b-instruct-quantized.w8a8,granite,granite-3.1-2b-instruct,w8a8_int,bbh,44.11,43.53,-0.58,-0.27581967213114755,-1.2567971260277633,0.7051577817654682,False,True,granite-3.1-2b-instruct|s3
RedHatAI/granite-3.1-2b-instruct-quantized.w8a8,granite,granite-3.1-2b-instruct,w8a8_int,gpqa_main_norm,28.3,27.6,-0.7,-0.27581967213114755,-3.668641695559007,3.117002351296712,False,True,granite-3.1-2b-instruct|s3
RedHatAI/granite-3.1-2b-instruct-quantized.w8a8,granite,granite-3.1-2b-instruct,w8a8_int,musr,35.12,34.58,-0.54,-0.27581967213114755,-3.04352000779956,2.4918806635372652,False,True,granite-3.1-2b-instruct|s3
RedHatAI/granite-3.1-2b-instruct-quantized.w8a8,granite,granite-3.1-2b-instruct,w8a8_int,mmlu_pro,26.87,26.89,0.02,-0.27581967213114755,-0.9200779364763764,0.36843859221408126,False,True,granite-3.1-2b-instruct|s3
RedHatAI/granite-3.1-2b-instruct-quantized.w8a8,granite,granite-3.1-2b-instruct,w8a8_int,humaneval,53.4,54.9,1.5,-0.27581967213114755,-6.485781817040251,5.934142472777956,False,True,granite-3.1-2b-instruct|s3
RedHatAI/granite-3.1-2b-instruct-FP8-dynamic,granite,granite-3.1-2b-instruct,fp8_dynamic,arc_challenge,55.63,55.03,-0.6,0.07050847457627119,-2.129211306607135,2.270228255759677,False,True,granite-3.1-2b-instruct|s4
RedHatAI/granite-3.1-2b-instruct-FP8-dynamic,granite,granite-3.1-2b-instruct,fp8_dynamic,gsm8k,60.96,61.49,0.53,0.07050847457627119,-1.9655343466321866,2.1065512957847288,False,True,granite-3.1-2b-instruct|s4
RedHatAI/granite-3.1-2b-instruct-FP8-dynamic,granite,granite-3.1-2b-instruct,fp8_dynamic,hellaswag,75.21,75.26,0.05,0.07050847457627119,-0.5826188762640045,0.7236358254165469,False,True,granite-3.1-2b-instruct|s4
RedHatAI/granite-3.1-2b-instruct-FP8-dynamic,granite,granite-3.1-2b-instruct,fp8_dynamic,mmlu,54.38,54.24,-0.14,0.07050847457627119,-0.5666019035443944,0.7076188526969368,False,True,granite-3.1-2b-instruct|s4
RedHatAI/granite-3.1-2b-instruct-FP8-dynamic,granite,granite-3.1-2b-instruct,fp8_dynamic,truthfulqa,55.93,55.42,-0.51,0.07050847457627119,-2.5622730910401064,2.7032900401926483,False,True,granite-3.1-2b-instruct|s4
RedHatAI/granite-3.1-2b-instruct-FP8-dynamic,granite,granite-3.1-2b-instruct,fp8_dynamic,winogrande,69.67,69.61,-0.06,0.07050847457627119,-1.886995825507304,2.0280127746598464,False,True,granite-3.1-2b-instruct|s4
RedHatAI/granite-3.1-2b-instruct-FP8-dynamic,granite,granite-3.1-2b-instruct,fp8_dynamic,ifeval,67.99,66.79,-1.2,0.07050847457627119,-2.9696669698302314,3.1106839189827733,False,True,granite-3.1-2b-instruct|s4
RedHatAI/granite-3.1-2b-instruct-FP8-dynamic,granite,granite-3.1-2b-instruct,fp8_dynamic,bbh,44.11,44.24,0.13,0.07050847457627119,-0.8621951356530952,1.0032120848056376,False,True,granite-3.1-2b-instruct|s4
RedHatAI/granite-3.1-2b-instruct-FP8-dynamic,granite,granite-3.1-2b-instruct,fp8_dynamic,gpqa_main_norm,28.3,26.9,-1.4,0.07050847457627119,-3.155352973662856,3.2963699228153986,False,True,granite-3.1-2b-instruct|s4
RedHatAI/granite-3.1-2b-instruct-FP8-dynamic,granite,granite-3.1-2b-instruct,fp8_dynamic,musr,35.12,35.12,0.0,0.07050847457627119,-2.560993487937756,2.7020104370902986,False,True,granite-3.1-2b-instruct|s4
RedHatAI/granite-3.1-2b-instruct-FP8-dynamic,granite,granite-3.1-2b-instruct,fp8_dynamic,mmlu_pro,26.87,28.33,1.46,0.07050847457627119,-0.5420458779096208,0.6830628270621631,False,False,granite-3.1-2b-instruct|s4
RedHatAI/granite-3.1-2b-instruct-FP8-dynamic,granite,granite-3.1-2b-instruct,fp8_dynamic,humaneval,53.4,54.9,1.5,0.07050847457627119,-5.833861792994465,5.974878742147007,False,True,granite-3.1-2b-instruct|s4
RedHatAI/granite-3.1-2b-instruct-quantized.w4a16,granite,granite-3.1-2b-instruct,w4a16,arc_challenge,55.63,54.18,-1.45,-0.7921428571428571,-3.408011780916421,1.8237260666307065,False,True,granite-3.1-2b-instruct|s4
RedHatAI/granite-3.1-2b-instruct-quantized.w4a16,granite,granite-3.1-2b-instruct,w4a16,gsm8k,60.96,62.85,1.89,-0.7921428571428571,-3.213369955717279,1.6290842414315643,False,False,granite-3.1-2b-instruct|s4
RedHatAI/granite-3.1-2b-instruct-quantized.w4a16,granite,granite-3.1-2b-instruct,w4a16,hellaswag,75.21,73.36,-1.85,-0.7921428571428571,-1.568830667537731,-0.015455046747983148,False,False,granite-3.1-2b-instruct|s4
RedHatAI/granite-3.1-2b-instruct-quantized.w4a16,granite,granite-3.1-2b-instruct,w4a16,mmlu,54.38,52.17,-2.21,-0.7921428571428571,-1.549783559106667,-0.0345021551790472,False,False,granite-3.1-2b-instruct|s4
RedHatAI/granite-3.1-2b-instruct-quantized.w4a16,granite,granite-3.1-2b-instruct,w4a16,truthfulqa,55.93,56.83,0.9,-0.7921428571428571,-3.923001405350627,2.3387156910649125,False,True,granite-3.1-2b-instruct|s4
RedHatAI/granite-3.1-2b-instruct-quantized.w4a16,granite,granite-3.1-2b-instruct,w4a16,winogrande,69.67,69.85,0.18,-0.7921428571428571,-3.1199732974305636,1.535687583144849,False,True,granite-3.1-2b-instruct|s4
RedHatAI/granite-3.1-2b-instruct-quantized.w4a16,granite,granite-3.1-2b-instruct,w4a16,ifeval,67.99,67.63,-0.36,-0.7921428571428571,-4.407467197938691,2.8231814836529767,False,True,granite-3.1-2b-instruct|s4
RedHatAI/granite-3.1-2b-instruct-quantized.w4a16,granite,granite-3.1-2b-instruct,w4a16,bbh,44.11,43.22,-0.89,-0.7921428571428571,-1.9012979458777641,0.3170122315920497,False,True,granite-3.1-2b-instruct|s4
RedHatAI/granite-3.1-2b-instruct-quantized.w4a16,granite,granite-3.1-2b-instruct,w4a16,gpqa_main_norm,28.3,28.56,0.26,-0.7921428571428571,-4.628281799489508,3.0439960852037933,False,True,granite-3.1-2b-instruct|s4
RedHatAI/granite-3.1-2b-instruct-quantized.w4a16,granite,granite-3.1-2b-instruct,w4a16,musr,35.12,35.26,0.14,-0.7921428571428571,-3.921479723353295,2.3371940090675807,False,True,granite-3.1-2b-instruct|s4
RedHatAI/granite-3.1-2b-instruct-quantized.w4a16,granite,granite-3.1-2b-instruct,w4a16,mmlu_pro,26.87,27.27,0.4,-0.7921428571428571,-1.520581955839348,-0.06370375844636622,False,False,granite-3.1-2b-instruct|s4
RedHatAI/granite-3.1-2b-instruct-quantized.w4a16,granite,granite-3.1-2b-instruct,w4a16,humaneval,53.4,52.3,-1.1,-0.7921428571428571,-7.813518411206273,6.229232696920558,False,True,granite-3.1-2b-instruct|s4
RedHatAI/granite-3.1-2b-instruct-quantized.w8a8,granite,granite-3.1-2b-instruct,w8a8_int,arc_challenge,55.63,55.12,-0.51,-0.2667241379310345,-2.6029537380137096,2.0695054621516404,False,True,granite-3.1-2b-instruct|s4
RedHatAI/granite-3.1-2b-instruct-quantized.w8a8,granite,granite-3.1-2b-instruct,w8a8_int,gsm8k,60.96,60.58,-0.38,-0.2667241379310345,-2.429119342371141,1.8956710665090717,False,True,granite-3.1-2b-instruct|s4
RedHatAI/granite-3.1-2b-instruct-quantized.w8a8,granite,granite-3.1-2b-instruct,w8a8_int,hellaswag,75.21,74.6,-0.61,-0.2667241379310345,-0.9603831497328714,0.4269348738708025,False,True,granite-3.1-2b-instruct|s4
RedHatAI/granite-3.1-2b-instruct-quantized.w8a8,granite,granite-3.1-2b-instruct,w8a8_int,mmlu,54.38,54.12,-0.26,-0.2667241379310345,-0.9433721985692924,0.4099239227072234,False,True,granite-3.1-2b-instruct|s4
RedHatAI/granite-3.1-2b-instruct-quantized.w8a8,granite,granite-3.1-2b-instruct,w8a8_int,truthfulqa,55.93,54.87,-1.06,-0.2667241379310345,-3.062890393632926,2.529442117770857,False,True,granite-3.1-2b-instruct|s4
RedHatAI/granite-3.1-2b-instruct-quantized.w8a8,granite,granite-3.1-2b-instruct,w8a8_int,winogrande,69.67,70.8,1.13,-0.2667241379310345,-2.345706891672553,1.8122586158104839,False,True,granite-3.1-2b-instruct|s4
RedHatAI/granite-3.1-2b-instruct-quantized.w8a8,granite,granite-3.1-2b-instruct,w8a8_int,ifeval,67.99,67.03,-0.96,-0.2667241379310345,-3.495566249286664,2.962117973424595,False,True,granite-3.1-2b-instruct|s4
RedHatAI/granite-3.1-2b-instruct-quantized.w8a8,granite,granite-3.1-2b-instruct,w8a8_int,bbh,44.11,43.53,-0.58,-0.2667241379310345,-1.2573093028967084,0.7238610270346393,False,True,granite-3.1-2b-instruct|s4
RedHatAI/granite-3.1-2b-instruct-quantized.w8a8,granite,granite-3.1-2b-instruct,w8a8_int,gpqa_main_norm,28.3,27.6,-0.7,-0.2667241379310345,-3.692775522115708,3.159327246253639,False,True,granite-3.1-2b-instruct|s4
RedHatAI/granite-3.1-2b-instruct-quantized.w8a8,granite,granite-3.1-2b-instruct,w8a8_int,musr,35.12,34.58,-0.54,-0.2667241379310345,-3.061531381148863,2.528083105286794,False,True,granite-3.1-2b-instruct|s4
RedHatAI/granite-3.1-2b-instruct-quantized.w8a8,granite,granite-3.1-2b-instruct,w8a8_int,mmlu_pro,26.87,26.89,0.02,-0.2667241379310345,-0.9172922794636489,0.38384400360157983,False,True,granite-3.1-2b-instruct|s4
RedHatAI/granite-3.1-2b-instruct-quantized.w8a8,granite,granite-3.1-2b-instruct,w8a8_int,humaneval,53.4,54.9,1.5,-0.2667241379310345,-6.537506765310026,6.0040584894479565,False,True,granite-3.1-2b-instruct|s4
RedHatAI/granite-3.1-8b-base-FP8-dynamic,granite,granite-3.1-8b-base,fp8_dynamic,arc_challenge,64.68,64.16,-0.52,0.07883870967741935,-1.9771705642856294,2.134847983640468,False,True,granite-3.1-8b-base|s0
RedHatAI/granite-3.1-8b-base-FP8-dynamic,granite,granite-3.1-8b-base,fp8_dynamic,gsm8k,60.88,58.45,-2.43,0.07883870967741935,-1.8999884806881897,2.0576659000430286,False,False,granite-3.1-8b-base|s0
RedHatAI/granite-3.1-8b-base-FP8-dynamic,granite,granite-3.1-8b-base,fp8_dynamic,hellaswag,83.52,83.46,-0.06,0.07883870967741935,-0.4663630640145777,0.6240404833694164,False,True,granite-3.1-8b-base|s0
RedHatAI/granite-3.1-8b-base-FP8-dynamic,granite,granite-3.1-8b-base,fp8_dynamic,mmlu,63.33,63.35,0.02,0.07883870967741935,-0.5200405000737028,0.6777179194285415,False,True,granite-3.1-8b-base|s0
RedHatAI/granite-3.1-8b-base-FP8-dynamic,granite,granite-3.1-8b-base,fp8_dynamic,truthfulqa,51.33,51.56,0.23,0.07883870967741935,-2.4962891596914116,2.65396657904625,False,True,granite-3.1-8b-base|s0
RedHatAI/granite-3.1-8b-base-FP8-dynamic,granite,granite-3.1-8b-base,fp8_dynamic,winogrande,80.9,80.66,-0.24,0.07883870967741935,-1.5474444282111284,1.7051218475659673,False,True,granite-3.1-8b-base|s0
RedHatAI/granite-3.1-8b-base-FP8-dynamic,granite,granite-3.1-8b-base,fp8_dynamic,humaneval,44.1,44.8,0.7,0.07883870967741935,-5.630644455010645,5.788321874365484,False,True,granite-3.1-8b-base|s0
RedHatAI/granite-3.1-8b-base-quantized.w4a16,granite,granite-3.1-8b-base,w4a16,arc_challenge,64.68,62.37,-2.31,-0.7014189189189189,-5.379382116435965,3.9765442785981273,False,True,granite-3.1-8b-base|s0
RedHatAI/granite-3.1-8b-base-quantized.w4a16,granite,granite-3.1-8b-base,w4a16,gsm8k,60.88,54.89,-5.99,-0.7014189189189189,-5.203772525978936,3.8009346881410977,False,False,granite-3.1-8b-base|s0
RedHatAI/granite-3.1-8b-base-quantized.w4a16,granite,granite-3.1-8b-base,w4a16,hellaswag,83.52,82.53,-0.99,-0.7014189189189189,-1.9418967051091078,0.5390588672712698,False,True,granite-3.1-8b-base|s0
RedHatAI/granite-3.1-8b-base-quantized.w4a16,granite,granite-3.1-8b-base,w4a16,mmlu,63.33,62.78,-0.55,-0.7014189189189189,-2.0640270250456774,0.6611891872078396,False,True,granite-3.1-8b-base|s0
RedHatAI/granite-3.1-8b-base-quantized.w4a16,granite,granite-3.1-8b-base,w4a16,truthfulqa,51.33,51.3,-0.03,-0.7014189189189189,-6.560513794783947,5.157675956946109,False,True,granite-3.1-8b-base|s0
RedHatAI/granite-3.1-8b-base-quantized.w4a16,granite,granite-3.1-8b-base,w4a16,winogrande,80.9,79.24,-1.66,-0.7014189189189189,-4.401641852797521,2.9988040149596835,False,True,granite-3.1-8b-base|s0
RedHatAI/granite-3.1-8b-base-quantized.w4a16,granite,granite-3.1-8b-base,w4a16,humaneval,44.1,40.7,-3.4,-0.7014189189189189,-13.691998513811322,12.289160675973486,False,True,granite-3.1-8b-base|s0
RedHatAI/granite-3.1-8b-base-quantized.w8a8,granite,granite-3.1-8b-base,w8a8_int,arc_challenge,64.68,64.25,-0.43,-0.34766423357664233,-1.8199427644020054,1.1246142972487205,False,True,granite-3.1-8b-base|s0
RedHatAI/granite-3.1-8b-base-quantized.w8a8,granite,granite-3.1-8b-base,w8a8_int,gsm8k,60.88,60.5,-0.38,-0.34766423357664233,-1.7646737896537323,1.069345322500448,False,True,granite-3.1-8b-base|s0
RedHatAI/granite-3.1-8b-base-quantized.w8a8,granite,granite-3.1-8b-base,w8a8_int,hellaswag,83.52,83.22,-0.3,-0.34766423357664233,-0.7380753453064144,0.042746878153129775,False,True,granite-3.1-8b-base|s0
RedHatAI/granite-3.1-8b-base-quantized.w8a8,granite,granite-3.1-8b-base,w8a8_int,mmlu,63.33,63.16,-0.17,-0.34766423357664233,-0.7765129816052385,0.0811845144519539,False,True,granite-3.1-8b-base|s0
RedHatAI/granite-3.1-8b-base-quantized.w8a8,granite,granite-3.1-8b-base,w8a8_int,truthfulqa,51.33,52.59,1.26,-0.34766423357664233,-2.191676089074687,1.4963476219214025,False,True,granite-3.1-8b-base|s0
RedHatAI/granite-3.1-8b-base-quantized.w8a8,granite,granite-3.1-8b-base,w8a8_int,winogrande,80.9,80.11,-0.79,-0.34766423357664233,-1.5122220880951742,0.8168936209418897,False,True,granite-3.1-8b-base|s0
RedHatAI/granite-3.1-8b-base-quantized.w8a8,granite,granite-3.1-8b-base,w8a8_int,humaneval,44.1,43.1,-1.0,-0.34766423357664233,-4.436142623207759,3.7408141560544745,False,True,granite-3.1-8b-base|s0
RedHatAI/granite-3.1-8b-base-FP8-dynamic,granite,granite-3.1-8b-base,fp8_dynamic,arc_challenge,64.68,64.16,-0.52,-0.05602941176470589,-1.8881974452140387,1.7761386216846267,False,True,granite-3.1-8b-base|s1
RedHatAI/granite-3.1-8b-base-FP8-dynamic,granite,granite-3.1-8b-base,fp8_dynamic,gsm8k,60.88,58.45,-2.43,-0.05602941176470589,-1.819418306854576,1.707359483325164,False,False,granite-3.1-8b-base|s1
RedHatAI/granite-3.1-8b-base-FP8-dynamic,granite,granite-3.1-8b-base,fp8_dynamic,hellaswag,83.52,83.46,-0.06,-0.05602941176470589,-0.5418741373640842,0.42981531383467236,False,True,granite-3.1-8b-base|s1
RedHatAI/granite-3.1-8b-base-FP8-dynamic,granite,granite-3.1-8b-base,fp8_dynamic,mmlu,63.33,63.35,0.02,-0.05602941176470589,-0.5897076192994468,0.47764879577003505,False,True,granite-3.1-8b-base|s1
RedHatAI/granite-3.1-8b-base-FP8-dynamic,granite,granite-3.1-8b-base,fp8_dynamic,truthfulqa,51.33,51.56,0.23,-0.05602941176470589,-2.3507987126870593,2.2387398891576473,False,True,granite-3.1-8b-base|s1
RedHatAI/granite-3.1-8b-base-FP8-dynamic,granite,granite-3.1-8b-base,fp8_dynamic,winogrande,80.9,80.66,-0.24,-0.05602941176470589,-1.5052563273776467,1.3931975038482347,False,True,granite-3.1-8b-base|s1
RedHatAI/granite-3.1-8b-base-FP8-dynamic,granite,granite-3.1-8b-base,fp8_dynamic,humaneval,44.1,44.8,0.7,-0.05602941176470589,-5.143911394755512,5.031852571226101,False,True,granite-3.1-8b-base|s1
RedHatAI/granite-3.1-8b-base-quantized.w4a16,granite,granite-3.1-8b-base,w4a16,arc_challenge,64.68,62.37,-2.31,-0.7195275590551181,-5.831336928017025,4.392281809906789,False,True,granite-3.1-8b-base|s1
RedHatAI/granite-3.1-8b-base-quantized.w4a16,granite,granite-3.1-8b-base,w4a16,gsm8k,60.88,54.89,-5.99,-0.7195275590551181,-5.639440858750325,4.200385740640089,False,False,granite-3.1-8b-base|s1
RedHatAI/granite-3.1-8b-base-quantized.w4a16,granite,granite-3.1-8b-base,w4a16,hellaswag,83.52,82.53,-0.99,-0.7195275590551181,-2.0750504013044613,0.6359952831942249,False,True,granite-3.1-8b-base|s1
RedHatAI/granite-3.1-8b-base-quantized.w4a16,granite,granite-3.1-8b-base,w4a16,mmlu,63.33,62.78,-0.55,-0.7195275590551181,-2.208507396865572,0.7694522787553358,False,True,granite-3.1-8b-base|s1
RedHatAI/granite-3.1-8b-base-quantized.w4a16,granite,granite-3.1-8b-base,w4a16,truthfulqa,51.33,51.3,-0.03,-0.7195275590551181,-7.122009753866017,5.682954635755781,False,True,granite-3.1-8b-base|s1
RedHatAI/granite-3.1-8b-base-quantized.w4a16,granite,granite-3.1-8b-base,w4a16,winogrande,80.9,79.24,-1.66,-0.7195275590551181,-4.762918552530207,3.3238634344199713,False,True,granite-3.1-8b-base|s1
RedHatAI/granite-3.1-8b-base-quantized.w4a16,granite,granite-3.1-8b-base,w4a16,humaneval,44.1,40.7,-3.4,-0.7195275590551181,-14.914886452999127,13.475831334888891,False,True,granite-3.1-8b-base|s1
RedHatAI/granite-3.1-8b-base-quantized.w8a8,granite,granite-3.1-8b-base,w8a8_int,arc_challenge,64.68,64.25,-0.43,-0.32172661870503594,-1.8911697523405806,1.2477165149305085,False,True,granite-3.1-8b-base|s1
RedHatAI/granite-3.1-8b-base-quantized.w8a8,granite,granite-3.1-8b-base,w8a8_int,gsm8k,60.88,60.5,-0.38,-0.32172661870503594,-1.832253242247123,1.1888000048370513,False,True,granite-3.1-8b-base|s1
RedHatAI/granite-3.1-8b-base-quantized.w8a8,granite,granite-3.1-8b-base,w8a8_int,hellaswag,83.52,83.22,-0.3,-0.32172661870503594,-0.7379033310393612,0.09445009362928941,False,True,granite-3.1-8b-base|s1
RedHatAI/granite-3.1-8b-base-quantized.w8a8,granite,granite-3.1-8b-base,w8a8_int,mmlu,63.33,63.16,-0.17,-0.32172661870503594,-0.7788777004262131,0.1354244630161412,False,True,granite-3.1-8b-base|s1
RedHatAI/granite-3.1-8b-base-quantized.w8a8,granite,granite-3.1-8b-base,w8a8_int,truthfulqa,51.33,52.59,1.26,-0.32172661870503594,-2.287436017001785,1.6439827795917132,False,True,granite-3.1-8b-base|s1
RedHatAI/granite-3.1-8b-base-quantized.w8a8,granite,granite-3.1-8b-base,w8a8_int,winogrande,80.9,80.11,-0.79,-0.32172661870503594,-1.5631407195211593,0.9196874821110875,False,True,granite-3.1-8b-base|s1
RedHatAI/granite-3.1-8b-base-quantized.w8a8,granite,granite-3.1-8b-base,w8a8_int,humaneval,44.1,43.1,-1.0,-0.32172661870503594,-4.680028530522417,4.036575293112346,False,True,granite-3.1-8b-base|s1
RedHatAI/granite-3.1-8b-base-FP8-dynamic,granite,granite-3.1-8b-base,fp8_dynamic,arc_challenge,64.68,64.16,-0.52,-0.03331288343558283,-1.3218248580859828,1.255199091214817,False,True,granite-3.1-8b-base|s2
RedHatAI/granite-3.1-8b-base-FP8-dynamic,granite,granite-3.1-8b-base,fp8_dynamic,gsm8k,60.88,58.45,-2.43,-0.03331288343558283,-1.2734544347599854,1.2068286678888196,False,False,granite-3.1-8b-base|s2
RedHatAI/granite-3.1-8b-base-FP8-dynamic,granite,granite-3.1-8b-base,fp8_dynamic,hellaswag,83.52,83.46,-0.06,-0.03331288343558283,-0.3749937420285393,0.3083679751573737,False,True,granite-3.1-8b-base|s2
RedHatAI/granite-3.1-8b-base-FP8-dynamic,granite,granite-3.1-8b-base,fp8_dynamic,mmlu,63.33,63.35,0.02,-0.03331288343558283,-0.40863367741530787,0.34200791054414226,False,True,granite-3.1-8b-base|s2
RedHatAI/granite-3.1-8b-base-FP8-dynamic,granite,granite-3.1-8b-base,fp8_dynamic,truthfulqa,51.33,51.56,0.23,-0.03331288343558283,-1.6471592497712548,1.580533482900089,False,True,granite-3.1-8b-base|s2
RedHatAI/granite-3.1-8b-base-FP8-dynamic,granite,granite-3.1-8b-base,fp8_dynamic,winogrande,80.9,80.66,-0.24,-0.03331288343558283,-1.052513197304927,0.9858874304337614,False,True,granite-3.1-8b-base|s2
RedHatAI/granite-3.1-8b-base-FP8-dynamic,granite,granite-3.1-8b-base,fp8_dynamic,humaneval,44.1,44.8,0.7,-0.03331288343558283,-3.6114764257551157,3.54485065888395,False,True,granite-3.1-8b-base|s2
RedHatAI/granite-3.1-8b-base-quantized.w4a16,granite,granite-3.1-8b-base,w4a16,arc_challenge,64.68,62.37,-2.31,-0.762371794871795,-4.778096219662262,3.2533526299186724,False,True,granite-3.1-8b-base|s2
RedHatAI/granite-3.1-8b-base-quantized.w4a16,granite,granite-3.1-8b-base,w4a16,gsm8k,60.88,54.89,-5.99,-0.762371794871795,-4.6273469102192015,3.1026033204756116,False,False,granite-3.1-8b-base|s2
RedHatAI/granite-3.1-8b-base-quantized.w4a16,granite,granite-3.1-8b-base,w4a16,hellaswag,83.52,82.53,-0.99,-0.762371794871795,-1.8272405708933692,0.3024969811497793,False,True,granite-3.1-8b-base|s2
RedHatAI/granite-3.1-8b-base-quantized.w4a16,granite,granite-3.1-8b-base,w4a16,mmlu,63.33,62.78,-0.55,-0.762371794871795,-1.932081436045338,0.4073378463017481,False,True,granite-3.1-8b-base|s2
RedHatAI/granite-3.1-8b-base-quantized.w4a16,granite,granite-3.1-8b-base,w4a16,truthfulqa,51.33,51.3,-0.03,-0.762371794871795,-5.792020256549357,4.267276666805767,False,True,granite-3.1-8b-base|s2
RedHatAI/granite-3.1-8b-base-quantized.w4a16,granite,granite-3.1-8b-base,w4a16,winogrande,80.9,79.24,-1.66,-0.762371794871795,-3.9387703652224544,2.4140267754788645,False,True,granite-3.1-8b-base|s2
RedHatAI/granite-3.1-8b-base-quantized.w4a16,granite,granite-3.1-8b-base,w4a16,humaneval,44.1,40.7,-3.4,-0.762371794871795,-11.91393190100578,10.38918831126219,False,True,granite-3.1-8b-base|s2
RedHatAI/granite-3.1-8b-base-quantized.w8a8,granite,granite-3.1-8b-base,w8a8_int,arc_challenge,64.68,64.25,-0.43,-0.4093798449612403,-1.6033695482437949,0.7846098583213144,False,True,granite-3.1-8b-base|s2
RedHatAI/granite-3.1-8b-base-quantized.w8a8,granite,granite-3.1-8b-base,w8a8_int,gsm8k,60.88,60.5,-0.38,-0.4093798449612403,-1.558547467789068,0.7397877778665876,False,True,granite-3.1-8b-base|s2
RedHatAI/granite-3.1-8b-base-quantized.w8a8,granite,granite-3.1-8b-base,w8a8_int,hellaswag,83.52,83.22,-0.3,-0.4093798449612403,-0.7259957825658727,-0.09276390735660794,False,True,granite-3.1-8b-base|s2
RedHatAI/granite-3.1-8b-base-quantized.w8a8,granite,granite-3.1-8b-base,w8a8_int,mmlu,63.33,63.16,-0.17,-0.4093798449612403,-0.7571679697562865,-0.061591720166194075,False,True,granite-3.1-8b-base|s2
RedHatAI/granite-3.1-8b-base-quantized.w8a8,granite,granite-3.1-8b-base,w8a8_int,truthfulqa,51.33,52.59,1.26,-0.4093798449612403,-1.9048381581116245,1.086078468189144,False,False,granite-3.1-8b-base|s2
RedHatAI/granite-3.1-8b-base-quantized.w8a8,granite,granite-3.1-8b-base,w8a8_int,winogrande,80.9,80.11,-0.79,-0.4093798449612403,-1.353813970746155,0.5350542808236745,False,True,granite-3.1-8b-base|s2
RedHatAI/granite-3.1-8b-base-quantized.w8a8,granite,granite-3.1-8b-base,w8a8_int,humaneval,44.1,43.1,-1.0,-0.4093798449612403,-3.725057549353328,2.906297859430847,False,True,granite-3.1-8b-base|s2
RedHatAI/granite-3.1-8b-base-FP8-dynamic,granite,granite-3.1-8b-base,fp8_dynamic,arc_challenge,64.68,64.16,-0.52,0.0472972972972973,-2.5174784616088943,2.612073056203489,False,True,granite-3.1-8b-base|s3
RedHatAI/granite-3.1-8b-base-FP8-dynamic,granite,granite-3.1-8b-base,fp8_dynamic,gsm8k,60.88,58.45,-2.43,0.0472972972972973,-2.4211974090185926,2.5157920036131873,False,False,granite-3.1-8b-base|s3
RedHatAI/granite-3.1-8b-base-FP8-dynamic,granite,granite-3.1-8b-base,fp8_dynamic,hellaswag,83.52,83.46,-0.06,0.0472972972972973,-0.6328165088931628,0.7274111034877573,False,True,granite-3.1-8b-base|s3
RedHatAI/granite-3.1-8b-base-FP8-dynamic,granite,granite-3.1-8b-base,fp8_dynamic,mmlu,63.33,63.35,0.02,0.0472972972972973,-0.6997766089997713,0.7943712035943659,False,True,granite-3.1-8b-base|s3
RedHatAI/granite-3.1-8b-base-FP8-dynamic,granite,granite-3.1-8b-base,fp8_dynamic,truthfulqa,51.33,51.56,0.23,0.0472972972972973,-3.1650547183676023,3.259649312962197,False,True,granite-3.1-8b-base|s3
RedHatAI/granite-3.1-8b-base-FP8-dynamic,granite,granite-3.1-8b-base,fp8_dynamic,winogrande,80.9,80.66,-0.24,0.0472972972972973,-1.9814151321629825,2.0760097267575772,False,True,granite-3.1-8b-base|s3
RedHatAI/granite-3.1-8b-base-FP8-dynamic,granite,granite-3.1-8b-base,fp8_dynamic,humaneval,44.1,44.8,0.7,0.0472972972972973,-7.075016887817674,7.169611482412269,False,True,granite-3.1-8b-base|s3
RedHatAI/granite-3.1-8b-base-quantized.w4a16,granite,granite-3.1-8b-base,w4a16,arc_challenge,64.68,62.37,-2.31,-0.7168493150684931,-3.816224091461727,2.3825254613247404,False,True,granite-3.1-8b-base|s3
RedHatAI/granite-3.1-8b-base-quantized.w4a16,granite,granite-3.1-8b-base,w4a16,gsm8k,60.88,54.89,-5.99,-0.7168493150684931,-3.6998743229462,2.266175692809213,False,False,granite-3.1-8b-base|s3
RedHatAI/granite-3.1-8b-base-quantized.w4a16,granite,granite-3.1-8b-base,w4a16,hellaswag,83.52,82.53,-0.99,-0.7168493150684931,-1.5387252894743348,0.10502665933734856,False,True,granite-3.1-8b-base|s3
RedHatAI/granite-3.1-8b-base-quantized.w4a16,granite,granite-3.1-8b-base,w4a16,mmlu,63.33,62.78,-0.55,-0.7168493150684931,-1.6196424786572583,0.18594384852027201,False,True,granite-3.1-8b-base|s3
RedHatAI/granite-3.1-8b-base-quantized.w4a16,granite,granite-3.1-8b-base,w4a16,truthfulqa,51.33,51.3,-0.03,-0.7168493150684931,-4.598780425682952,3.165081795545965,False,True,granite-3.1-8b-base|s3
RedHatAI/granite-3.1-8b-base-quantized.w4a16,granite,granite-3.1-8b-base,w4a16,winogrande,80.9,79.24,-1.66,-0.7168493150684931,-3.168424315569193,1.7347256854322068,False,True,granite-3.1-8b-base|s3
RedHatAI/granite-3.1-8b-base-quantized.w4a16,granite,granite-3.1-8b-base,w4a16,humaneval,44.1,40.7,-3.4,-0.7168493150684931,-9.323730777605146,7.890032147468159,False,True,granite-3.1-8b-base|s3
RedHatAI/granite-3.1-8b-base-quantized.w8a8,granite,granite-3.1-8b-base,w8a8_int,arc_challenge,64.68,64.25,-0.43,-0.3597619047619047,-1.8105569569076356,1.0910331473838262,False,True,granite-3.1-8b-base|s3
RedHatAI/granite-3.1-8b-base-quantized.w8a8,granite,granite-3.1-8b-base,w8a8_int,gsm8k,60.88,60.5,-0.38,-0.3597619047619047,-1.7560944666769247,1.0365706571531152,False,True,granite-3.1-8b-base|s3
RedHatAI/granite-3.1-8b-base-quantized.w8a8,granite,granite-3.1-8b-base,w8a8_int,hellaswag,83.52,83.22,-0.3,-0.3597619047619047,-0.7444761401061766,0.02495233058236712,False,True,granite-3.1-8b-base|s3
RedHatAI/granite-3.1-8b-base-quantized.w8a8,granite,granite-3.1-8b-base,w8a8_int,mmlu,63.33,63.16,-0.17,-0.3597619047619047,-0.7823528946678621,0.06282908514405261,False,True,granite-3.1-8b-base|s3
RedHatAI/granite-3.1-8b-base-quantized.w8a8,granite,granite-3.1-8b-base,w8a8_int,truthfulqa,51.33,52.59,1.26,-0.3597619047619047,-2.1768659513412305,1.457342141817421,False,True,granite-3.1-8b-base|s3
RedHatAI/granite-3.1-8b-base-quantized.w8a8,granite,granite-3.1-8b-base,w8a8_int,winogrande,80.9,80.11,-0.79,-0.3597619047619047,-1.5073265386941652,0.7878027291703558,False,True,granite-3.1-8b-base|s3
RedHatAI/granite-3.1-8b-base-quantized.w8a8,granite,granite-3.1-8b-base,w8a8_int,humaneval,44.1,43.1,-1.0,-0.3597619047619047,-4.388581244507579,3.66905743498377,False,True,granite-3.1-8b-base|s3
RedHatAI/granite-3.1-8b-base-FP8-dynamic,granite,granite-3.1-8b-base,fp8_dynamic,arc_challenge,64.68,64.16,-0.52,-0.00781512605042018,-1.5389211145313246,1.5232908624304842,False,True,granite-3.1-8b-base|s4
RedHatAI/granite-3.1-8b-base-FP8-dynamic,granite,granite-3.1-8b-base,fp8_dynamic,gsm8k,60.88,58.45,-2.43,-0.00781512605042018,-1.4814437714589912,1.4658135193581507,False,False,granite-3.1-8b-base|s4
RedHatAI/granite-3.1-8b-base-FP8-dynamic,granite,granite-3.1-8b-base,fp8_dynamic,hellaswag,83.52,83.46,-0.06,-0.00781512605042018,-0.4138257949717658,0.39819554287092546,False,True,granite-3.1-8b-base|s4
RedHatAI/granite-3.1-8b-base-FP8-dynamic,granite,granite-3.1-8b-base,fp8_dynamic,mmlu,63.33,63.35,0.02,-0.00781512605042018,-0.45379927409815635,0.438169021997316,False,True,granite-3.1-8b-base|s4
RedHatAI/granite-3.1-8b-base-FP8-dynamic,granite,granite-3.1-8b-base,fp8_dynamic,truthfulqa,51.33,51.56,0.23,-0.00781512605042018,-1.9255076928231274,1.909877440722287,False,True,granite-3.1-8b-base|s4
RedHatAI/granite-3.1-8b-base-FP8-dynamic,granite,granite-3.1-8b-base,fp8_dynamic,winogrande,80.9,80.66,-0.24,-0.00781512605042018,-1.2189049216655268,1.2032746695646863,False,True,granite-3.1-8b-base|s4
RedHatAI/granite-3.1-8b-base-FP8-dynamic,granite,granite-3.1-8b-base,fp8_dynamic,humaneval,44.1,44.8,0.7,-0.00781512605042018,-4.2596558036630014,4.244025551562162,False,True,granite-3.1-8b-base|s4
RedHatAI/granite-3.1-8b-base-quantized.w4a16,granite,granite-3.1-8b-base,w4a16,arc_challenge,64.68,62.37,-2.31,-0.6082926829268293,-5.224868411679515,4.0082830458258565,False,True,granite-3.1-8b-base|s4
RedHatAI/granite-3.1-8b-base-quantized.w4a16,granite,granite-3.1-8b-base,w4a16,gsm8k,60.88,54.89,-5.99,-0.6082926829268293,-5.0515632917353415,3.8349779258816827,False,False,granite-3.1-8b-base|s4
RedHatAI/granite-3.1-8b-base-quantized.w4a16,granite,granite-3.1-8b-base,w4a16,hellaswag,83.52,82.53,-0.99,-0.6082926829268293,-1.8324920615842157,0.6159066957305571,False,True,granite-3.1-8b-base|s4
RedHatAI/granite-3.1-8b-base-quantized.w4a16,granite,granite-3.1-8b-base,w4a16,mmlu,63.33,62.78,-0.55,-0.6082926829268293,-1.9530197029866176,0.736434337132959,False,True,granite-3.1-8b-base|s4
RedHatAI/granite-3.1-8b-base-quantized.w4a16,granite,granite-3.1-8b-base,w4a16,truthfulqa,51.33,51.3,-0.03,-0.6082926829268293,-6.390500463170733,5.173915097317074,False,True,granite-3.1-8b-base|s4
RedHatAI/granite-3.1-8b-base-quantized.w4a16,granite,granite-3.1-8b-base,w4a16,winogrande,80.9,79.24,-1.66,-0.6082926829268293,-4.2599587320708086,3.04337336621715,False,True,granite-3.1-8b-base|s4
RedHatAI/granite-3.1-8b-base-quantized.w4a16,granite,granite-3.1-8b-base,w4a16,humaneval,44.1,40.7,-3.4,-0.6082926829268293,-13.428400906959437,12.21181554110578,False,True,granite-3.1-8b-base|s4
RedHatAI/granite-3.1-8b-base-quantized.w8a8,granite,granite-3.1-8b-base,w8a8_int,arc_challenge,64.68,64.25,-0.43,-0.3138655462184874,-2.1175196080585863,1.4897885156216117,False,True,granite-3.1-8b-base|s4
RedHatAI/granite-3.1-8b-base-quantized.w8a8,granite,granite-3.1-8b-base,w8a8_int,gsm8k,60.88,60.5,-0.38,-0.3138655462184874,-2.0498108771959718,1.422079784758997,False,True,granite-3.1-8b-base|s4
RedHatAI/granite-3.1-8b-base-quantized.w8a8,granite,granite-3.1-8b-base,w8a8_int,hellaswag,83.52,83.22,-0.3,-0.3138655462184874,-0.7921490861300249,0.1644179936930501,False,True,granite-3.1-8b-base|s4
RedHatAI/granite-3.1-8b-base-quantized.w8a8,granite,granite-3.1-8b-base,w8a8_int,mmlu,63.33,63.16,-0.17,-0.3138655462184874,-0.8392381371393071,0.21150704470233228,False,True,granite-3.1-8b-base|s4
RedHatAI/granite-3.1-8b-base-quantized.w8a8,granite,granite-3.1-8b-base,w8a8_int,truthfulqa,51.33,52.59,1.26,-0.3138655462184874,-2.5729214270278105,1.9451903345908355,False,True,granite-3.1-8b-base|s4
RedHatAI/granite-3.1-8b-base-quantized.w8a8,granite,granite-3.1-8b-base,w8a8_int,winogrande,80.9,80.11,-0.79,-0.3138655462184874,-1.7405381904039723,1.1128070979669975,False,True,granite-3.1-8b-base|s4
RedHatAI/granite-3.1-8b-base-quantized.w8a8,granite,granite-3.1-8b-base,w8a8_int,humaneval,44.1,43.1,-1.0,-0.3138655462184874,-5.3225649871249825,4.694833894688008,False,True,granite-3.1-8b-base|s4
RedHatAI/granite-3.1-8b-instruct-FP8-dynamic,granite,granite-3.1-8b-instruct,fp8_dynamic,arc_challenge,66.81,66.81,0.0,0.04642857142857142,-1.5161320985690931,1.6089892414262361,False,True,granite-3.1-8b-instruct|s0
RedHatAI/granite-3.1-8b-instruct-FP8-dynamic,granite,granite-3.1-8b-instruct,fp8_dynamic,gsm8k,64.52,66.64,2.12,0.04642857142857142,-1.4501272469476472,1.5429843898047901,False,False,granite-3.1-8b-instruct|s0
RedHatAI/granite-3.1-8b-instruct-FP8-dynamic,granite,granite-3.1-8b-instruct,fp8_dynamic,hellaswag,84.18,84.16,-0.02,0.04642857142857142,-0.36726038208718154,0.4601175249443244,False,True,granite-3.1-8b-instruct|s0
RedHatAI/granite-3.1-8b-instruct-FP8-dynamic,granite,granite-3.1-8b-instruct,fp8_dynamic,mmlu,65.52,65.36,-0.16,0.04642857142857142,-0.40922252661111136,0.5020796694682542,False,True,granite-3.1-8b-instruct|s0
RedHatAI/granite-3.1-8b-instruct-FP8-dynamic,granite,granite-3.1-8b-instruct,fp8_dynamic,truthfulqa,60.57,60.52,-0.05,0.04642857142857142,-1.8958319363078286,1.9886890791649716,False,True,granite-3.1-8b-instruct|s0
RedHatAI/granite-3.1-8b-instruct-FP8-dynamic,granite,granite-3.1-8b-instruct,fp8_dynamic,winogrande,80.19,79.95,-0.24,0.04642857142857142,-1.2255809719057145,1.3184381147628574,False,True,granite-3.1-8b-instruct|s0
RedHatAI/granite-3.1-8b-instruct-FP8-dynamic,granite,granite-3.1-8b-instruct,fp8_dynamic,ifeval,74.1,73.62,-0.48,0.04642857142857142,-2.093191612182093,2.1860487550392356,False,True,granite-3.1-8b-instruct|s0
RedHatAI/granite-3.1-8b-instruct-FP8-dynamic,granite,granite-3.1-8b-instruct,fp8_dynamic,bbh,53.19,53.26,0.07,0.04642857142857142,-0.6560560166603304,0.7489131595174732,False,True,granite-3.1-8b-instruct|s0
RedHatAI/granite-3.1-8b-instruct-FP8-dynamic,granite,granite-3.1-8b-instruct,fp8_dynamic,gpqa_main_norm,31.76,32.58,0.82,0.04642857142857142,-2.4521734186197848,2.5450305614769273,False,True,granite-3.1-8b-instruct|s0
RedHatAI/granite-3.1-8b-instruct-FP8-dynamic,granite,granite-3.1-8b-instruct,fp8_dynamic,musr,46.01,47.34,1.33,0.04642857142857142,-2.012769938032909,2.1056270808900517,False,True,granite-3.1-8b-instruct|s0
RedHatAI/granite-3.1-8b-instruct-FP8-dynamic,granite,granite-3.1-8b-instruct,fp8_dynamic,mmlu_pro,35.81,35.72,-0.09,0.04642857142857142,-0.45009888576872864,0.5429560286258714,False,True,granite-3.1-8b-instruct|s0
RedHatAI/granite-3.1-8b-instruct-FP8-dynamic,granite,granite-3.1-8b-instruct,fp8_dynamic,humaneval,71.0,69.9,-1.1,0.04642857142857142,-3.9787261792650663,4.071583322122209,False,True,granite-3.1-8b-instruct|s0
RedHatAI/granite-3.1-8b-instruct-quantized.w4a16,granite,granite-3.1-8b-instruct,w4a16,arc_challenge,66.81,66.81,0.0,-0.7524031007751938,-4.223354477540573,2.7185482759901856,False,True,granite-3.1-8b-instruct|s0
RedHatAI/granite-3.1-8b-instruct-quantized.w4a16,granite,granite-3.1-8b-instruct,w4a16,gsm8k,64.52,65.66,1.14,-0.7524031007751938,-4.076736406954556,2.571930205404168,False,True,granite-3.1-8b-instruct|s0
RedHatAI/granite-3.1-8b-instruct-quantized.w4a16,granite,granite-3.1-8b-instruct,w4a16,hellaswag,84.18,83.62,-0.56,-0.7524031007751938,-1.6713397349349912,0.16653353338460353,False,True,granite-3.1-8b-instruct|s0
RedHatAI/granite-3.1-8b-instruct-quantized.w4a16,granite,granite-3.1-8b-instruct,w4a16,mmlu,65.52,64.25,-1.27,-0.7524031007751938,-1.7645511961626563,0.25974499461226885,False,True,granite-3.1-8b-instruct|s0
RedHatAI/granite-3.1-8b-instruct-quantized.w4a16,granite,granite-3.1-8b-instruct,w4a16,truthfulqa,60.57,60.17,-0.4,-0.7524031007751938,-5.066790319656595,3.5619841181062073,False,True,granite-3.1-8b-instruct|s0
RedHatAI/granite-3.1-8b-instruct-quantized.w4a16,granite,granite-3.1-8b-instruct,w4a16,winogrande,80.19,78.37,-1.82,-0.7524031007751938,-3.5779466847574017,2.0731404832070144,False,True,granite-3.1-8b-instruct|s0
RedHatAI/granite-3.1-8b-instruct-quantized.w4a16,granite,granite-3.1-8b-instruct,w4a16,ifeval,74.01,73.14,-0.87,-0.7524031007751938,-5.510548213519827,4.005742011969439,False,True,granite-3.1-8b-instruct|s0
RedHatAI/granite-3.1-8b-instruct-quantized.w4a16,granite,granite-3.1-8b-instruct,w4a16,bbh,53.19,51.52,-1.67,-0.7524031007751938,-2.312848013411628,0.8080418118612406,False,True,granite-3.1-8b-instruct|s0
RedHatAI/granite-3.1-8b-instruct-quantized.w4a16,granite,granite-3.1-8b-instruct,w4a16,gpqa_main_norm,31.76,29.91,-1.85,-0.7524031007751938,-6.3026042442354475,4.79779804268506,False,True,granite-3.1-8b-instruct|s0
RedHatAI/granite-3.1-8b-instruct-quantized.w4a16,granite,granite-3.1-8b-instruct,w4a16,musr,46.01,45.75,-0.26,-0.7524031007751938,-5.326547349176906,3.8217411476265184,False,True,granite-3.1-8b-instruct|s0
RedHatAI/granite-3.1-8b-instruct-quantized.w4a16,granite,granite-3.1-8b-instruct,w4a16,mmlu_pro,35.81,34.23,-1.58,-0.7524031007751938,-1.8553507777849814,0.3505445762345939,False,True,granite-3.1-8b-instruct|s0
RedHatAI/granite-3.1-8b-instruct-quantized.w4a16,granite,granite-3.1-8b-instruct,w4a16,humaneval,71.0,70.5,-0.5,-0.7524031007751938,-9.693570437103114,8.188764235552727,False,True,granite-3.1-8b-instruct|s0
RedHatAI/granite-3.1-8b-instruct-quantized.w8a8,granite,granite-3.1-8b-instruct,w8a8_int,arc_challenge,66.81,67.06,0.25,-0.34863247863247865,-3.2745395343199792,2.5772745770550216,False,True,granite-3.1-8b-instruct|s0
RedHatAI/granite-3.1-8b-instruct-quantized.w8a8,granite,granite-3.1-8b-instruct,w8a8_int,gsm8k,64.52,65.66,1.14,-0.34863247863247865,-3.150944934265772,2.453679977000814,False,True,granite-3.1-8b-instruct|s0
RedHatAI/granite-3.1-8b-instruct-quantized.w8a8,granite,granite-3.1-8b-instruct,w8a8_int,hellaswag,84.18,83.93,-0.25,-0.34863247863247865,-1.1232682743443527,0.4260033170793955,False,True,granite-3.1-8b-instruct|s0
RedHatAI/granite-3.1-8b-instruct-quantized.w8a8,granite,granite-3.1-8b-instruct,w8a8_int,mmlu,65.52,65.03,-0.49,-0.34863247863247865,-1.2018427176231077,0.5045777603581505,False,True,granite-3.1-8b-instruct|s0
RedHatAI/granite-3.1-8b-instruct-quantized.w8a8,granite,granite-3.1-8b-instruct,w8a8_int,truthfulqa,60.57,60.02,-0.55,-0.34863247863247865,-3.985530445338382,3.2882654880734243,False,True,granite-3.1-8b-instruct|s0
RedHatAI/granite-3.1-8b-instruct-quantized.w8a8,granite,granite-3.1-8b-instruct,w8a8_int,winogrande,80.19,79.87,-0.32,-0.34863247863247865,-2.730480280900013,2.0332153236350554,False,True,granite-3.1-8b-instruct|s0
RedHatAI/granite-3.1-8b-instruct-quantized.w8a8,granite,granite-3.1-8b-instruct,w8a8_int,ifeval,74.01,73.5,-0.51,-0.34863247863247865,-4.359604931475795,3.6623399742108376,False,True,granite-3.1-8b-instruct|s0
RedHatAI/granite-3.1-8b-instruct-quantized.w8a8,granite,granite-3.1-8b-instruct,w8a8_int,bbh,53.19,52.59,-0.6,-0.34863247863247865,-1.6640403551177592,0.966775397852802,False,True,granite-3.1-8b-instruct|s0
RedHatAI/granite-3.1-8b-instruct-quantized.w8a8,granite,granite-3.1-8b-instruct,w8a8_int,gpqa_main_norm,31.76,30.62,-1.14,-0.34863247863247865,-5.027284215110808,4.3300192578458505,False,True,granite-3.1-8b-instruct|s0
RedHatAI/granite-3.1-8b-instruct-quantized.w8a8,granite,granite-3.1-8b-instruct,w8a8_int,musr,46.01,44.3,-1.71,-0.34863247863247865,-4.204497766668645,3.5072328094036878,False,True,granite-3.1-8b-instruct|s0
RedHatAI/granite-3.1-8b-instruct-quantized.w8a8,granite,granite-3.1-8b-instruct,w8a8_int,mmlu_pro,35.81,35.41,-0.4,-0.34863247863247865,-1.2783840193251834,0.5811190620602262,False,True,granite-3.1-8b-instruct|s0
RedHatAI/granite-3.1-8b-instruct-quantized.w8a8,granite,granite-3.1-8b-instruct,w8a8_int,humaneval,71.0,70.5,-0.5,-0.34863247863247865,-7.8857661793713945,7.188501222106437,False,True,granite-3.1-8b-instruct|s0
RedHatAI/granite-3.1-8b-instruct-FP8-dynamic,granite,granite-3.1-8b-instruct,fp8_dynamic,arc_challenge,66.81,66.81,0.0,-0.183046875,-2.483112468869612,2.1170187188696117,False,True,granite-3.1-8b-instruct|s1
RedHatAI/granite-3.1-8b-instruct-FP8-dynamic,granite,granite-3.1-8b-instruct,fp8_dynamic,gsm8k,64.52,66.64,2.12,-0.183046875,-2.385954328927958,2.019860578927958,False,False,granite-3.1-8b-instruct|s1
RedHatAI/granite-3.1-8b-instruct-FP8-dynamic,granite,granite-3.1-8b-instruct,fp8_dynamic,hellaswag,84.18,84.16,-0.02,-0.183046875,-0.791990736710618,0.425896986710618,False,True,granite-3.1-8b-instruct|s1
RedHatAI/granite-3.1-8b-instruct-FP8-dynamic,granite,granite-3.1-8b-instruct,fp8_dynamic,mmlu,65.52,65.36,-0.16,-0.183046875,-0.8537583766606365,0.4876646266606364,False,True,granite-3.1-8b-instruct|s1
RedHatAI/granite-3.1-8b-instruct-FP8-dynamic,granite,granite-3.1-8b-instruct,fp8_dynamic,truthfulqa,60.57,60.52,-0.05,-0.183046875,-3.042024867952359,2.675931117952359,False,True,granite-3.1-8b-instruct|s1
RedHatAI/granite-3.1-8b-instruct-FP8-dynamic,granite,granite-3.1-8b-instruct,fp8_dynamic,winogrande,80.19,79.95,-0.24,-0.183046875,-2.055425619629071,1.6893318696290713,False,True,granite-3.1-8b-instruct|s1
RedHatAI/granite-3.1-8b-instruct-FP8-dynamic,granite,granite-3.1-8b-instruct,fp8_dynamic,ifeval,74.1,73.62,-0.48,-0.183046875,-3.3325353158419326,2.9664415658419325,False,True,granite-3.1-8b-instruct|s1
RedHatAI/granite-3.1-8b-instruct-FP8-dynamic,granite,granite-3.1-8b-instruct,fp8_dynamic,bbh,53.19,53.26,0.07,-0.183046875,-1.2170935282345041,0.850999778234504,False,True,granite-3.1-8b-instruct|s1
RedHatAI/granite-3.1-8b-instruct-FP8-dynamic,granite,granite-3.1-8b-instruct,fp8_dynamic,gpqa_main_norm,31.76,32.58,0.82,-0.183046875,-3.860951087252414,3.494857337252414,False,True,granite-3.1-8b-instruct|s1
RedHatAI/granite-3.1-8b-instruct-FP8-dynamic,granite,granite-3.1-8b-instruct,fp8_dynamic,musr,46.01,47.34,1.33,-0.183046875,-3.214155831919425,2.848062081919425,False,True,granite-3.1-8b-instruct|s1
RedHatAI/granite-3.1-8b-instruct-FP8-dynamic,granite,granite-3.1-8b-instruct,fp8_dynamic,mmlu_pro,35.81,35.72,-0.09,-0.183046875,-0.9139277570285891,0.547834007028589,False,True,granite-3.1-8b-instruct|s1
RedHatAI/granite-3.1-8b-instruct-FP8-dynamic,granite,granite-3.1-8b-instruct,fp8_dynamic,humaneval,71.0,69.9,-1.1,-0.183046875,-6.108013584987067,5.741919834987068,False,True,granite-3.1-8b-instruct|s1
RedHatAI/granite-3.1-8b-instruct-quantized.w4a16,granite,granite-3.1-8b-instruct,w4a16,arc_challenge,66.81,66.81,0.0,-0.7292792792792793,-6.1016548110282525,4.643096252469693,False,True,granite-3.1-8b-instruct|s1
RedHatAI/granite-3.1-8b-instruct-quantized.w4a16,granite,granite-3.1-8b-instruct,w4a16,gsm8k,64.52,65.66,1.14,-0.7292792792792793,-5.874717798829995,4.416159240271435,False,True,granite-3.1-8b-instruct|s1
RedHatAI/granite-3.1-8b-instruct-quantized.w4a16,granite,granite-3.1-8b-instruct,w4a16,hellaswag,84.18,83.62,-0.56,-0.7292792792792793,-2.1516191949679233,0.6930606364093648,False,True,granite-3.1-8b-instruct|s1
RedHatAI/granite-3.1-8b-instruct-quantized.w4a16,granite,granite-3.1-8b-instruct,w4a16,mmlu,65.52,64.25,-1.27,-0.7292792792792793,-2.295892888033814,0.8373343294752551,False,True,granite-3.1-8b-instruct|s1
RedHatAI/granite-3.1-8b-instruct-quantized.w4a16,granite,granite-3.1-8b-instruct,w4a16,truthfulqa,60.57,60.17,-0.4,-0.7292792792792793,-7.407133796160833,5.948575237602276,False,True,granite-3.1-8b-instruct|s1
RedHatAI/granite-3.1-8b-instruct-quantized.w4a16,granite,granite-3.1-8b-instruct,w4a16,winogrande,80.19,78.37,-1.82,-0.7292792792792793,-5.102685751087197,3.644127192528639,False,True,granite-3.1-8b-instruct|s1
RedHatAI/granite-3.1-8b-instruct-quantized.w4a16,granite,granite-3.1-8b-instruct,w4a16,ifeval,74.01,73.14,-0.87,-0.7292792792792793,-8.093986993520513,6.6354284349619554,False,True,granite-3.1-8b-instruct|s1
RedHatAI/granite-3.1-8b-instruct-quantized.w4a16,granite,granite-3.1-8b-instruct,w4a16,bbh,53.19,51.52,-1.67,-0.7292792792792793,-3.144552545107231,1.6859939865486724,False,True,granite-3.1-8b-instruct|s1
RedHatAI/granite-3.1-8b-instruct-quantized.w4a16,granite,granite-3.1-8b-instruct,w4a16,gpqa_main_norm,31.76,29.91,-1.85,-0.7292792792792793,-9.319939759000134,7.861381200441576,False,True,granite-3.1-8b-instruct|s1
RedHatAI/granite-3.1-8b-instruct-quantized.w4a16,granite,granite-3.1-8b-instruct,w4a16,musr,46.01,45.75,-0.26,-0.7292792792792793,-7.8091884947475965,6.350629936189039,False,True,granite-3.1-8b-instruct|s1
RedHatAI/granite-3.1-8b-instruct-quantized.w4a16,granite,granite-3.1-8b-instruct,w4a16,mmlu_pro,35.81,34.23,-1.58,-0.7292792792792793,-2.436433448142558,0.977874889583999,False,True,granite-3.1-8b-instruct|s1
RedHatAI/granite-3.1-8b-instruct-quantized.w4a16,granite,granite-3.1-8b-instruct,w4a16,humaneval,71.0,70.5,-0.5,-0.7292792792792793,-14.568513370690242,13.109954812131685,False,True,granite-3.1-8b-instruct|s1
RedHatAI/granite-3.1-8b-instruct-quantized.w8a8,granite,granite-3.1-8b-instruct,w8a8_int,arc_challenge,66.81,67.06,0.25,-0.3794890510948905,-1.9465278775450774,1.1875497753552964,False,True,granite-3.1-8b-instruct|s1
RedHatAI/granite-3.1-8b-instruct-quantized.w8a8,granite,granite-3.1-8b-instruct,w8a8_int,gsm8k,64.52,65.66,1.14,-0.3794890510948905,-1.8803338620352386,1.1213557598454575,False,False,granite-3.1-8b-instruct|s1
RedHatAI/granite-3.1-8b-instruct-quantized.w8a8,granite,granite-3.1-8b-instruct,w8a8_int,hellaswag,84.18,83.93,-0.25,-0.3794890510948905,-0.7943635994435958,0.03538549725381479,False,True,granite-3.1-8b-instruct|s1
RedHatAI/granite-3.1-8b-instruct-quantized.w8a8,granite,granite-3.1-8b-instruct,w8a8_int,mmlu,65.52,65.03,-0.49,-0.3794890510948905,-0.8364460036488741,0.07746790145909305,False,True,granite-3.1-8b-instruct|s1
RedHatAI/granite-3.1-8b-instruct-quantized.w8a8,granite,granite-3.1-8b-instruct,w8a8_int,truthfulqa,60.57,60.02,-0.55,-0.3794890510948905,-2.3273159004090624,1.5683377982192812,False,True,granite-3.1-8b-instruct|s1
RedHatAI/granite-3.1-8b-instruct-quantized.w8a8,granite,granite-3.1-8b-instruct,w8a8_int,winogrande,80.19,79.87,-0.32,-0.3794890510948905,-1.65514405783647,0.896165955646689,False,True,granite-3.1-8b-instruct|s1
RedHatAI/granite-3.1-8b-instruct-quantized.w8a8,granite,granite-3.1-8b-instruct,w8a8_int,ifeval,74.01,73.5,-0.51,-0.3794890510948905,-2.527660351755276,1.768682249565495,False,True,granite-3.1-8b-instruct|s1
RedHatAI/granite-3.1-8b-instruct-quantized.w8a8,granite,granite-3.1-8b-instruct,w8a8_int,bbh,53.19,52.59,-0.6,-0.3794890510948905,-1.0839868959816563,0.3250087937918753,False,True,granite-3.1-8b-instruct|s1
RedHatAI/granite-3.1-8b-instruct-quantized.w8a8,granite,granite-3.1-8b-instruct,w8a8_int,gpqa_main_norm,31.76,30.62,-1.14,-0.3794890510948905,-2.8852518066986965,2.1262737045089155,False,True,granite-3.1-8b-instruct|s1
RedHatAI/granite-3.1-8b-instruct-quantized.w8a8,granite,granite-3.1-8b-instruct,w8a8_int,musr,46.01,44.3,-1.71,-0.3794890510948905,-2.4445890357881668,1.6856109335983858,False,True,granite-3.1-8b-instruct|s1
RedHatAI/granite-3.1-8b-instruct-quantized.w8a8,granite,granite-3.1-8b-instruct,w8a8_int,mmlu_pro,35.81,35.41,-0.4,-0.3794890510948905,-0.8774395107259494,0.11846140853616843,False,True,granite-3.1-8b-instruct|s1
RedHatAI/granite-3.1-8b-instruct-quantized.w8a8,granite,granite-3.1-8b-instruct,w8a8_int,humaneval,71.0,70.5,-0.5,-0.3794890510948905,-4.416179528410424,3.6572014262206434,False,True,granite-3.1-8b-instruct|s1
RedHatAI/granite-3.1-8b-instruct-FP8-dynamic,granite,granite-3.1-8b-instruct,fp8_dynamic,arc_challenge,66.81,66.81,0.0,-0.04626984126984127,-1.9542629126007367,1.8617232300610542,False,True,granite-3.1-8b-instruct|s2
RedHatAI/granite-3.1-8b-instruct-FP8-dynamic,granite,granite-3.1-8b-instruct,fp8_dynamic,gsm8k,64.52,66.64,2.12,-0.04626984126984127,-1.8736664903394935,1.781126807799811,False,False,granite-3.1-8b-instruct|s2
RedHatAI/granite-3.1-8b-instruct-FP8-dynamic,granite,granite-3.1-8b-instruct,fp8_dynamic,hellaswag,84.18,84.16,-0.02,-0.04626984126984127,-0.5514122476734052,0.4588725651337227,False,True,granite-3.1-8b-instruct|s2
RedHatAI/granite-3.1-8b-instruct-FP8-dynamic,granite,granite-3.1-8b-instruct,fp8_dynamic,mmlu,65.52,65.36,-0.16,-0.04626984126984127,-0.6026508859849427,0.5101112034452602,False,True,granite-3.1-8b-instruct|s2
RedHatAI/granite-3.1-8b-instruct-FP8-dynamic,granite,granite-3.1-8b-instruct,fp8_dynamic,truthfulqa,60.57,60.52,-0.05,-0.04626984126984127,-2.4179022921789106,2.3253626096392277,False,True,granite-3.1-8b-instruct|s2
RedHatAI/granite-3.1-8b-instruct-FP8-dynamic,granite,granite-3.1-8b-instruct,fp8_dynamic,winogrande,80.19,79.95,-0.24,-0.04626984126984127,-1.5994801850014684,1.506940502461786,False,True,granite-3.1-8b-instruct|s2
RedHatAI/granite-3.1-8b-instruct-FP8-dynamic,granite,granite-3.1-8b-instruct,fp8_dynamic,ifeval,74.1,73.62,-0.48,-0.04626984126984127,-2.6588919070837647,2.5663522245440817,False,True,granite-3.1-8b-instruct|s2
RedHatAI/granite-3.1-8b-instruct-FP8-dynamic,granite,granite-3.1-8b-instruct,fp8_dynamic,bbh,53.19,53.26,0.07,-0.04626984126984127,-0.904051399788376,0.8115117172486935,False,True,granite-3.1-8b-instruct|s2
RedHatAI/granite-3.1-8b-instruct-FP8-dynamic,granite,granite-3.1-8b-instruct,fp8_dynamic,gpqa_main_norm,31.76,32.58,0.82,-0.04626984126984127,-3.0972331584464956,3.0046934759068127,False,True,granite-3.1-8b-instruct|s2
RedHatAI/granite-3.1-8b-instruct-FP8-dynamic,granite,granite-3.1-8b-instruct,fp8_dynamic,musr,46.01,47.34,1.33,-0.04626984126984127,-2.560691561965835,2.468151879426152,False,True,granite-3.1-8b-instruct|s2
RedHatAI/granite-3.1-8b-instruct-FP8-dynamic,granite,granite-3.1-8b-instruct,fp8_dynamic,mmlu_pro,35.81,35.72,-0.09,-0.04626984126984127,-0.6525637063646361,0.5600240238249536,False,True,granite-3.1-8b-instruct|s2
RedHatAI/granite-3.1-8b-instruct-FP8-dynamic,granite,granite-3.1-8b-instruct,fp8_dynamic,humaneval,71.0,69.9,-1.1,-0.04626984126984127,-4.961258118409555,4.868718435869873,False,True,granite-3.1-8b-instruct|s2
RedHatAI/granite-3.1-8b-instruct-quantized.w4a16,granite,granite-3.1-8b-instruct,w4a16,arc_challenge,66.81,66.81,0.0,-0.8091803278688524,-4.27928598341871,2.6609253276810048,False,True,granite-3.1-8b-instruct|s2
RedHatAI/granite-3.1-8b-instruct-quantized.w4a16,granite,granite-3.1-8b-instruct,w4a16,gsm8k,64.52,65.66,1.14,-0.8091803278688524,-4.132703637335692,2.5143429815979874,False,True,granite-3.1-8b-instruct|s2
RedHatAI/granite-3.1-8b-instruct-quantized.w4a16,granite,granite-3.1-8b-instruct,w4a16,hellaswag,84.18,83.62,-0.56,-0.8091803278688524,-1.7278930567868676,0.10953240104916262,False,True,granite-3.1-8b-instruct|s2
RedHatAI/granite-3.1-8b-instruct-quantized.w4a16,granite,granite-3.1-8b-instruct,w4a16,mmlu,65.52,64.25,-1.27,-0.8091803278688524,-1.8210818063998389,0.20272115066213414,False,True,granite-3.1-8b-instruct|s2
RedHatAI/granite-3.1-8b-instruct-quantized.w4a16,granite,granite-3.1-8b-instruct,w4a16,truthfulqa,60.57,60.17,-0.4,-0.8091803278688524,-5.122516316581081,3.5041556608433764,False,True,granite-3.1-8b-instruct|s2
RedHatAI/granite-3.1-8b-instruct-quantized.w4a16,granite,granite-3.1-8b-instruct,w4a16,winogrande,80.19,78.37,-1.82,-0.8091803278688524,-3.6340354486906854,2.0156747929529804,False,True,granite-3.1-8b-instruct|s2
RedHatAI/granite-3.1-8b-instruct-quantized.w4a16,granite,granite-3.1-8b-instruct,w4a16,ifeval,74.01,73.14,-0.87,-0.8091803278688524,-5.566166085776273,3.947805430038568,False,True,granite-3.1-8b-instruct|s2
RedHatAI/granite-3.1-8b-instruct-quantized.w4a16,granite,granite-3.1-8b-instruct,w4a16,bbh,53.19,51.52,-1.67,-0.8091803278688524,-2.3692450273518832,0.7508843716141783,False,True,granite-3.1-8b-instruct|s2
RedHatAI/granite-3.1-8b-instruct-quantized.w4a16,granite,granite-3.1-8b-instruct,w4a16,gpqa_main_norm,31.76,29.91,-1.85,-0.8091803278688524,-6.358029126583265,4.73966847084556,False,True,granite-3.1-8b-instruct|s2
RedHatAI/granite-3.1-8b-instruct-quantized.w4a16,granite,granite-3.1-8b-instruct,w4a16,musr,46.01,45.75,-0.26,-0.8091803278688524,-5.382210054511594,3.763849398773889,False,True,granite-3.1-8b-instruct|s2
RedHatAI/granite-3.1-8b-instruct-quantized.w4a16,granite,granite-3.1-8b-instruct,w4a16,mmlu_pro,35.81,34.23,-1.58,-0.8091803278688524,-1.9118592640785521,0.2934986083408474,False,True,granite-3.1-8b-instruct|s2
RedHatAI/granite-3.1-8b-instruct-quantized.w4a16,granite,granite-3.1-8b-instruct,w4a16,humaneval,71.0,70.5,-0.5,-0.8091803278688524,-9.74816908717651,8.129808431438807,False,True,granite-3.1-8b-instruct|s2
RedHatAI/granite-3.1-8b-instruct-quantized.w8a8,granite,granite-3.1-8b-instruct,w8a8_int,arc_challenge,66.81,67.06,0.25,-0.21084033613445377,-2.4777369824117583,2.056056310142851,False,True,granite-3.1-8b-instruct|s2
RedHatAI/granite-3.1-8b-instruct-quantized.w8a8,granite,granite-3.1-8b-instruct,w8a8_int,gsm8k,64.52,65.66,1.14,-0.21084033613445377,-2.3819799474040164,1.960299275135109,False,True,granite-3.1-8b-instruct|s2
RedHatAI/granite-3.1-8b-instruct-quantized.w8a8,granite,granite-3.1-8b-instruct,w8a8_int,hellaswag,84.18,83.93,-0.25,-0.21084033613445377,-0.8110026974002277,0.3893220251313202,False,True,granite-3.1-8b-instruct|s2
RedHatAI/granite-3.1-8b-instruct-quantized.w8a8,granite,granite-3.1-8b-instruct,w8a8_int,mmlu,65.52,65.03,-0.49,-0.21084033613445377,-0.8718795942262834,0.4501989219573759,False,True,granite-3.1-8b-instruct|s2
RedHatAI/granite-3.1-8b-instruct-quantized.w8a8,granite,granite-3.1-8b-instruct,w8a8_int,truthfulqa,60.57,60.02,-0.55,-0.21084033613445377,-3.0285893782827378,2.6069087060138303,False,True,granite-3.1-8b-instruct|s2
RedHatAI/granite-3.1-8b-instruct-quantized.w8a8,granite,granite-3.1-8b-instruct,w8a8_int,winogrande,80.19,79.87,-0.32,-0.21084033613445377,-2.0562177497497145,1.6345370774808068,False,True,granite-3.1-8b-instruct|s2
RedHatAI/granite-3.1-8b-instruct-quantized.w8a8,granite,granite-3.1-8b-instruct,w8a8_int,ifeval,74.01,73.5,-0.51,-0.21084033613445377,-3.3184099986727302,2.8967293264038227,False,True,granite-3.1-8b-instruct|s2
RedHatAI/granite-3.1-8b-instruct-quantized.w8a8,granite,granite-3.1-8b-instruct,w8a8_int,bbh,53.19,52.59,-0.6,-0.21084033613445377,-1.2299751367067766,0.8082944644378691,False,True,granite-3.1-8b-instruct|s2
RedHatAI/granite-3.1-8b-instruct-quantized.w8a8,granite,granite-3.1-8b-instruct,w8a8_int,gpqa_main_norm,31.76,30.62,-1.14,-0.21084033613445377,-3.8357059687955415,3.414025296526634,False,True,granite-3.1-8b-instruct|s2
RedHatAI/granite-3.1-8b-instruct-quantized.w8a8,granite,granite-3.1-8b-instruct,w8a8_int,musr,46.01,44.3,-1.71,-0.21084033613445377,-3.1982380639451966,2.776557391676289,False,True,granite-3.1-8b-instruct|s2
RedHatAI/granite-3.1-8b-instruct-quantized.w8a8,granite,granite-3.1-8b-instruct,w8a8_int,mmlu_pro,35.81,35.41,-0.4,-0.21084033613445377,-0.9311812797643992,0.5095006074954918,False,True,granite-3.1-8b-instruct|s2
RedHatAI/granite-3.1-8b-instruct-quantized.w8a8,granite,granite-3.1-8b-instruct,w8a8_int,humaneval,71.0,70.5,-0.5,-0.21084033613445377,-6.050363869712324,5.628683197443417,False,True,granite-3.1-8b-instruct|s2
RedHatAI/granite-3.1-8b-instruct-FP8-dynamic,granite,granite-3.1-8b-instruct,fp8_dynamic,arc_challenge,66.81,66.81,0.0,0.08851239669421489,-2.120704162578581,2.297728955967011,False,True,granite-3.1-8b-instruct|s3
RedHatAI/granite-3.1-8b-instruct-FP8-dynamic,granite,granite-3.1-8b-instruct,fp8_dynamic,gsm8k,64.52,66.64,2.12,0.08851239669421489,-2.0273836189387233,2.2044084123271532,False,True,granite-3.1-8b-instruct|s3
RedHatAI/granite-3.1-8b-instruct-FP8-dynamic,granite,granite-3.1-8b-instruct,fp8_dynamic,hellaswag,84.18,84.16,-0.02,0.08851239669421489,-0.49637912402773027,0.67340391741616,False,True,granite-3.1-8b-instruct|s3
RedHatAI/granite-3.1-8b-instruct-FP8-dynamic,granite,granite-3.1-8b-instruct,fp8_dynamic,mmlu,65.52,65.36,-0.16,0.08851239669421489,-0.5557070377048374,0.7327318310932671,False,True,granite-3.1-8b-instruct|s3
RedHatAI/granite-3.1-8b-instruct-FP8-dynamic,granite,granite-3.1-8b-instruct,fp8_dynamic,truthfulqa,60.57,60.52,-0.05,0.08851239669421489,-2.6575403860878173,2.834565179476247,False,True,granite-3.1-8b-instruct|s3
RedHatAI/granite-3.1-8b-instruct-FP8-dynamic,granite,granite-3.1-8b-instruct,fp8_dynamic,winogrande,80.19,79.95,-0.24,0.08851239669421489,-1.709910282593708,1.886935075982138,False,True,granite-3.1-8b-instruct|s3
RedHatAI/granite-3.1-8b-instruct-FP8-dynamic,granite,granite-3.1-8b-instruct,fp8_dynamic,ifeval,74.1,73.62,-0.48,0.08851239669421489,-2.936576120472959,3.1136009138613887,False,True,granite-3.1-8b-instruct|s3
RedHatAI/granite-3.1-8b-instruct-FP8-dynamic,granite,granite-3.1-8b-instruct,fp8_dynamic,bbh,53.19,53.26,0.07,0.08851239669421489,-0.9046910125802875,1.0817158059687173,False,True,granite-3.1-8b-instruct|s3
RedHatAI/granite-3.1-8b-instruct-FP8-dynamic,granite,granite-3.1-8b-instruct,fp8_dynamic,gpqa_main_norm,31.76,32.58,0.82,0.08851239669421489,-3.4441202859491034,3.6211450793375333,False,True,granite-3.1-8b-instruct|s3
RedHatAI/granite-3.1-8b-instruct-FP8-dynamic,granite,granite-3.1-8b-instruct,fp8_dynamic,musr,46.01,47.34,1.33,0.08851239669421489,-2.822872443127052,2.999897236515482,False,True,granite-3.1-8b-instruct|s3
RedHatAI/granite-3.1-8b-instruct-FP8-dynamic,granite,granite-3.1-8b-instruct,fp8_dynamic,mmlu_pro,35.81,35.72,-0.09,0.08851239669421489,-0.6134998205821418,0.7905246139705715,False,True,granite-3.1-8b-instruct|s3
RedHatAI/granite-3.1-8b-instruct-FP8-dynamic,granite,granite-3.1-8b-instruct,fp8_dynamic,humaneval,71.0,69.9,-1.1,0.08851239669421489,-5.602427289430893,5.779452082819323,False,True,granite-3.1-8b-instruct|s3
RedHatAI/granite-3.1-8b-instruct-quantized.w4a16,granite,granite-3.1-8b-instruct,w4a16,arc_challenge,66.81,66.81,0.0,-0.7090697674418605,-5.189749270404608,3.7716097355208866,False,True,granite-3.1-8b-instruct|s3
RedHatAI/granite-3.1-8b-instruct-quantized.w4a16,granite,granite-3.1-8b-instruct,w4a16,gsm8k,64.52,65.66,1.14,-0.7090697674418605,-5.000478804665346,3.5823392697816248,False,True,granite-3.1-8b-instruct|s3
RedHatAI/granite-3.1-8b-instruct-quantized.w4a16,granite,granite-3.1-8b-instruct,w4a16,hellaswag,84.18,83.62,-0.56,-0.7090697674418605,-1.8953325796390428,0.47719304475532187,False,True,granite-3.1-8b-instruct|s3
RedHatAI/granite-3.1-8b-instruct-quantized.w4a16,granite,granite-3.1-8b-instruct,w4a16,mmlu,65.52,64.25,-1.27,-0.7090697674418605,-2.015660016825219,0.5975204819414979,False,True,granite-3.1-8b-instruct|s3
RedHatAI/granite-3.1-8b-instruct-quantized.w4a16,granite,granite-3.1-8b-instruct,w4a16,truthfulqa,60.57,60.17,-0.4,-0.7090697674418605,-6.278547493027718,4.8604079581439965,False,True,granite-3.1-8b-instruct|s3
RedHatAI/granite-3.1-8b-instruct-quantized.w4a16,granite,granite-3.1-8b-instruct,w4a16,winogrande,80.19,78.37,-1.82,-0.7090697674418605,-4.35658707529747,2.9384475404137493,False,True,granite-3.1-8b-instruct|s3
RedHatAI/granite-3.1-8b-instruct-quantized.w4a16,granite,granite-3.1-8b-instruct,w4a16,ifeval,74.01,73.14,-0.87,-0.7090697674418605,-6.851398185382808,5.433258650499087,False,True,granite-3.1-8b-instruct|s3
RedHatAI/granite-3.1-8b-instruct-quantized.w4a16,granite,granite-3.1-8b-instruct,w4a16,bbh,53.19,51.52,-1.67,-0.7090697674418605,-2.723460859854211,1.3053213249704905,False,True,granite-3.1-8b-instruct|s3
RedHatAI/granite-3.1-8b-instruct-quantized.w4a16,granite,granite-3.1-8b-instruct,w4a16,gpqa_main_norm,31.76,29.91,-1.85,-0.7090697674418605,-7.873869789503296,6.455730254619574,False,True,granite-3.1-8b-instruct|s3
RedHatAI/granite-3.1-8b-instruct-quantized.w4a16,granite,granite-3.1-8b-instruct,w4a16,musr,46.01,45.75,-0.26,-0.7090697674418605,-6.613869965625068,5.195730430741347,False,True,granite-3.1-8b-instruct|s3
RedHatAI/granite-3.1-8b-instruct-quantized.w4a16,granite,granite-3.1-8b-instruct,w4a16,mmlu_pro,35.81,34.23,-1.58,-0.7090697674418605,-2.132873938914755,0.7147344040310337,False,True,granite-3.1-8b-instruct|s3
RedHatAI/granite-3.1-8b-instruct-quantized.w4a16,granite,granite-3.1-8b-instruct,w4a16,humaneval,71.0,70.5,-0.5,-0.7090697674418605,-12.251295764793415,10.833156229909694,False,True,granite-3.1-8b-instruct|s3
RedHatAI/granite-3.1-8b-instruct-quantized.w8a8,granite,granite-3.1-8b-instruct,w8a8_int,arc_challenge,66.81,67.06,0.25,-0.32214953271028035,-2.0902399096244357,1.445940844203875,False,True,granite-3.1-8b-instruct|s3
RedHatAI/granite-3.1-8b-instruct-quantized.w8a8,granite,granite-3.1-8b-instruct,w8a8_int,gsm8k,64.52,65.66,1.14,-0.32214953271028035,-2.015553182112153,1.3712541166915924,False,True,granite-3.1-8b-instruct|s3
RedHatAI/granite-3.1-8b-instruct-quantized.w8a8,granite,granite-3.1-8b-instruct,w8a8_int,hellaswag,84.18,83.93,-0.25,-0.32214953271028035,-0.7902526097882305,0.14595354436766977,False,True,granite-3.1-8b-instruct|s3
RedHatAI/granite-3.1-8b-instruct-quantized.w8a8,granite,granite-3.1-8b-instruct,w8a8_int,mmlu,65.52,65.03,-0.49,-0.32214953271028035,-0.8377341990487308,0.1934351336281701,False,True,granite-3.1-8b-instruct|s3
RedHatAI/granite-3.1-8b-instruct-quantized.w8a8,granite,granite-3.1-8b-instruct,w8a8_int,truthfulqa,60.57,60.02,-0.55,-0.32214953271028035,-2.5198831497955374,1.8755840843749767,False,True,granite-3.1-8b-instruct|s3
RedHatAI/granite-3.1-8b-instruct-quantized.w8a8,granite,granite-3.1-8b-instruct,w8a8_int,winogrande,80.19,79.87,-0.32,-0.32214953271028035,-1.7614714586331195,1.1171723932125588,False,True,granite-3.1-8b-instruct|s3
RedHatAI/granite-3.1-8b-instruct-quantized.w8a8,granite,granite-3.1-8b-instruct,w8a8_int,ifeval,74.01,73.5,-0.51,-0.32214953271028035,-2.7459318542145708,2.10163278879401,False,True,granite-3.1-8b-instruct|s3
RedHatAI/granite-3.1-8b-instruct-quantized.w8a8,granite,granite-3.1-8b-instruct,w8a8_int,bbh,53.19,52.59,-0.6,-0.32214953271028035,-1.1170346619592766,0.4727355965387158,False,True,granite-3.1-8b-instruct|s3
RedHatAI/granite-3.1-8b-instruct-quantized.w8a8,granite,granite-3.1-8b-instruct,w8a8_int,gpqa_main_norm,31.76,30.62,-1.14,-0.32214953271028035,-3.1494023998579346,2.505103334437374,False,True,granite-3.1-8b-instruct|s3
RedHatAI/granite-3.1-8b-instruct-quantized.w8a8,granite,granite-3.1-8b-instruct,w8a8_int,musr,46.01,44.3,-1.71,-0.32214953271028035,-2.6522024635448047,2.007903398124244,False,True,granite-3.1-8b-instruct|s3
RedHatAI/granite-3.1-8b-instruct-quantized.w8a8,granite,granite-3.1-8b-instruct,w8a8_int,mmlu_pro,35.81,35.41,-0.4,-0.32214953271028035,-0.8839871853535621,0.23968811993300143,False,True,granite-3.1-8b-instruct|s3
RedHatAI/granite-3.1-8b-instruct-quantized.w8a8,granite,granite-3.1-8b-instruct,w8a8_int,humaneval,71.0,70.5,-0.5,-0.32214953271028035,-4.87674860648727,4.2324495410667105,False,True,granite-3.1-8b-instruct|s3
RedHatAI/granite-3.1-8b-instruct-FP8-dynamic,granite,granite-3.1-8b-instruct,fp8_dynamic,arc_challenge,66.81,66.81,0.0,-0.04817567567567568,-4.631705328174001,4.535353976822649,False,True,granite-3.1-8b-instruct|s4
RedHatAI/granite-3.1-8b-instruct-FP8-dynamic,granite,granite-3.1-8b-instruct,fp8_dynamic,gsm8k,64.52,66.64,2.12,-0.04817567567567568,-4.438090321458069,4.341738970106717,False,True,granite-3.1-8b-instruct|s4
RedHatAI/granite-3.1-8b-instruct-FP8-dynamic,granite,granite-3.1-8b-instruct,fp8_dynamic,hellaswag,84.18,84.16,-0.02,-0.04817567567567568,-1.2616681318458987,1.1653167804945472,False,True,granite-3.1-8b-instruct|s4
RedHatAI/granite-3.1-8b-instruct-FP8-dynamic,granite,granite-3.1-8b-instruct,fp8_dynamic,mmlu,65.52,65.36,-0.16,-0.04817567567567568,-1.384757582003466,1.2884062306521147,False,True,granite-3.1-8b-instruct|s4
RedHatAI/granite-3.1-8b-instruct-FP8-dynamic,granite,granite-3.1-8b-instruct,fp8_dynamic,truthfulqa,60.57,60.52,-0.05,-0.04817567567567568,-5.7454959788288,5.649144627477448,False,True,granite-3.1-8b-instruct|s4
RedHatAI/granite-3.1-8b-instruct-FP8-dynamic,granite,granite-3.1-8b-instruct,fp8_dynamic,winogrande,80.19,79.95,-0.24,-0.04817567567567568,-3.7794186104810596,3.6830672591297087,False,True,granite-3.1-8b-instruct|s4
RedHatAI/granite-3.1-8b-instruct-FP8-dynamic,granite,granite-3.1-8b-instruct,fp8_dynamic,ifeval,74.1,73.62,-0.48,-0.04817567567567568,-6.324420012913506,6.228068661562154,False,True,granite-3.1-8b-instruct|s4
RedHatAI/granite-3.1-8b-instruct-FP8-dynamic,granite,granite-3.1-8b-instruct,fp8_dynamic,bbh,53.19,53.26,0.07,-0.04817567567567568,-2.1088053854541546,2.0124540341028037,False,True,granite-3.1-8b-instruct|s4
RedHatAI/granite-3.1-8b-instruct-FP8-dynamic,granite,granite-3.1-8b-instruct,fp8_dynamic,gpqa_main_norm,31.76,32.58,0.82,-0.04817567567567568,-7.377437528397902,7.28108617704655,False,True,granite-3.1-8b-instruct|s4
RedHatAI/granite-3.1-8b-instruct-FP8-dynamic,granite,granite-3.1-8b-instruct,fp8_dynamic,musr,46.01,47.34,1.33,-0.04817567567567568,-6.088515490776204,5.992164139424852,False,True,granite-3.1-8b-instruct|s4
RedHatAI/granite-3.1-8b-instruct-FP8-dynamic,granite,granite-3.1-8b-instruct,fp8_dynamic,mmlu_pro,35.81,35.72,-0.09,-0.04817567567567568,-1.5046620489995477,1.4083106976481963,False,True,granite-3.1-8b-instruct|s4
RedHatAI/granite-3.1-8b-instruct-FP8-dynamic,granite,granite-3.1-8b-instruct,fp8_dynamic,humaneval,71.0,69.9,-1.1,-0.04817567567567568,-11.855343557180314,11.758992205828962,False,True,granite-3.1-8b-instruct|s4
RedHatAI/granite-3.1-8b-instruct-quantized.w4a16,granite,granite-3.1-8b-instruct,w4a16,arc_challenge,66.81,66.81,0.0,-0.5887591240875912,-6.470972218656609,5.293453970481426,False,True,granite-3.1-8b-instruct|s4
RedHatAI/granite-3.1-8b-instruct-quantized.w4a16,granite,granite-3.1-8b-instruct,w4a16,gsm8k,64.52,65.66,1.14,-0.5887591240875912,-6.2224989209680555,5.044980672792873,False,True,granite-3.1-8b-instruct|s4
RedHatAI/granite-3.1-8b-instruct-quantized.w4a16,granite,granite-3.1-8b-instruct,w4a16,hellaswag,84.18,83.62,-0.56,-0.5887591240875912,-2.146078866080427,0.9685606179052445,False,True,granite-3.1-8b-instruct|s4
RedHatAI/granite-3.1-8b-instruct-quantized.w4a16,granite,granite-3.1-8b-instruct,w4a16,mmlu,65.52,64.25,-1.27,-0.5887591240875912,-2.304044109116543,1.1265258609413609,False,True,granite-3.1-8b-instruct|s4
RedHatAI/granite-3.1-8b-instruct-quantized.w4a16,granite,granite-3.1-8b-instruct,w4a16,truthfulqa,60.57,60.17,-0.4,-0.5887591240875912,-7.900340946819886,6.722822698644704,False,True,granite-3.1-8b-instruct|s4
RedHatAI/granite-3.1-8b-instruct-quantized.w4a16,granite,granite-3.1-8b-instruct,w4a16,winogrande,80.19,78.37,-1.82,-0.5887591240875912,-5.377201157656039,4.199682909480856,False,True,granite-3.1-8b-instruct|s4
RedHatAI/granite-3.1-8b-instruct-quantized.w4a16,granite,granite-3.1-8b-instruct,w4a16,ifeval,74.01,73.14,-0.87,-0.5887591240875912,-8.652376400722794,7.474858152547611,False,True,granite-3.1-8b-instruct|s4
RedHatAI/granite-3.1-8b-instruct-quantized.w4a16,granite,granite-3.1-8b-instruct,w4a16,bbh,53.19,51.52,-1.67,-0.5887591240875912,-3.233241429402262,2.055723181227079,False,True,granite-3.1-8b-instruct|s4
RedHatAI/granite-3.1-8b-instruct-quantized.w4a16,granite,granite-3.1-8b-instruct,w4a16,gpqa_main_norm,31.76,29.91,-1.85,-0.5887591240875912,-9.994671883942612,8.81715363576743,False,True,granite-3.1-8b-instruct|s4
RedHatAI/granite-3.1-8b-instruct-quantized.w4a16,granite,granite-3.1-8b-instruct,w4a16,musr,46.01,45.75,-0.26,-0.5887591240875912,-8.340550570809098,7.163032322633915,False,True,granite-3.1-8b-instruct|s4
RedHatAI/granite-3.1-8b-instruct-quantized.w4a16,granite,granite-3.1-8b-instruct,w4a16,mmlu_pro,35.81,34.23,-1.58,-0.5887591240875912,-2.4579219454859955,1.2804036973108133,False,True,granite-3.1-8b-instruct|s4
RedHatAI/granite-3.1-8b-instruct-quantized.w4a16,granite,granite-3.1-8b-instruct,w4a16,humaneval,71.0,70.5,-0.5,-0.5887591240875912,-15.74133427640612,14.563816028230937,False,True,granite-3.1-8b-instruct|s4
RedHatAI/granite-3.1-8b-instruct-quantized.w8a8,granite,granite-3.1-8b-instruct,w8a8_int,arc_challenge,66.81,67.06,0.25,-0.29164285714285715,-2.551840307921538,1.9685545936358237,False,True,granite-3.1-8b-instruct|s4
RedHatAI/granite-3.1-8b-instruct-quantized.w8a8,granite,granite-3.1-8b-instruct,w8a8_int,gsm8k,64.52,65.66,1.14,-0.29164285714285715,-2.4563662567449907,1.8730805424592765,False,True,granite-3.1-8b-instruct|s4
RedHatAI/granite-3.1-8b-instruct-quantized.w8a8,granite,granite-3.1-8b-instruct,w8a8_int,hellaswag,84.18,83.93,-0.25,-0.29164285714285715,-0.8900316020438808,0.3067458877581665,False,True,granite-3.1-8b-instruct|s4
RedHatAI/granite-3.1-8b-instruct-quantized.w8a8,granite,granite-3.1-8b-instruct,w8a8_int,mmlu,65.52,65.03,-0.49,-0.29164285714285715,-0.9507285937852219,0.36744287949950766,False,True,granite-3.1-8b-instruct|s4
RedHatAI/granite-3.1-8b-instruct-quantized.w8a8,granite,granite-3.1-8b-instruct,w8a8_int,truthfulqa,60.57,60.02,-0.55,-0.29164285714285715,-3.101064809597656,2.517779095311942,False,True,granite-3.1-8b-instruct|s4
RedHatAI/granite-3.1-8b-instruct-quantized.w8a8,granite,granite-3.1-8b-instruct,w8a8_int,winogrande,80.19,79.87,-0.32,-0.29164285714285715,-2.1315667605229445,1.54828104623723,False,True,granite-3.1-8b-instruct|s4
RedHatAI/granite-3.1-8b-instruct-quantized.w8a8,granite,granite-3.1-8b-instruct,w8a8_int,ifeval,74.01,73.5,-0.51,-0.29164285714285715,-3.390028944095928,2.806743229810214,False,True,granite-3.1-8b-instruct|s4
RedHatAI/granite-3.1-8b-instruct-quantized.w8a8,granite,granite-3.1-8b-instruct,w8a8_int,bbh,53.19,52.59,-0.6,-0.29164285714285715,-1.3077658824409535,0.7244801681552393,False,True,granite-3.1-8b-instruct|s4
RedHatAI/granite-3.1-8b-instruct-quantized.w8a8,granite,granite-3.1-8b-instruct,w8a8_int,gpqa_main_norm,31.76,30.62,-1.14,-0.29164285714285715,-3.9057961868988618,3.3225104726131476,False,True,granite-3.1-8b-instruct|s4
RedHatAI/granite-3.1-8b-instruct-quantized.w8a8,granite,granite-3.1-8b-instruct,w8a8_int,musr,46.01,44.3,-1.71,-0.29164285714285715,-3.2702121447846957,2.6869264304989815,False,True,granite-3.1-8b-instruct|s4
RedHatAI/granite-3.1-8b-instruct-quantized.w8a8,granite,granite-3.1-8b-instruct,w8a8_int,mmlu_pro,35.81,35.41,-0.4,-0.29164285714285715,-1.0098550293464719,0.4265693150607576,False,True,granite-3.1-8b-instruct|s4
RedHatAI/granite-3.1-8b-instruct-quantized.w8a8,granite,granite-3.1-8b-instruct,w8a8_int,humaneval,71.0,70.5,-0.5,-0.29164285714285715,-6.113909269698253,5.530623555412538,False,True,granite-3.1-8b-instruct|s4
