model,family,base_model,scheme,benchmark,acc_before,y,yhat,lo,hi,yhat_global_mean,yhat_bench_mean,covered,fold
RedHatAI/Llama-3.2-1B-Instruct-FP8-dynamic,llama-3.2,Llama-3.2-1B-Instruct,fp8_dynamic,mmlu,47.66,-0.11,-0.23504757326592848,-1.80455083423835,1.334455687706493,-0.3443872113676732,-0.5218840579710144,True,Llama-3.2-1B-Instruct|s0
RedHatAI/Llama-3.2-1B-Instruct-FP8-dynamic,llama-3.2,Llama-3.2-1B-Instruct,fp8_dynamic,mmlu_cot,47.1,-0.31,-0.3398582295823221,-1.9093614905547436,1.2296450313900995,-0.3443872113676732,-0.4992857142857143,True,Llama-3.2-1B-Instruct|s0
RedHatAI/Llama-3.2-1B-Instruct-FP8-dynamic,llama-3.2,Llama-3.2-1B-Instruct,fp8_dynamic,arc_challenge,58.36,-1.11,0.010969772208790751,-1.5585334887636308,1.5804730331812122,-0.3443872113676732,-0.3092857142857143,True,Llama-3.2-1B-Instruct|s0
RedHatAI/Llama-3.2-1B-Instruct-FP8-dynamic,llama-3.2,Llama-3.2-1B-Instruct,fp8_dynamic,gsm8k,45.72,0.22,-0.20842147680827844,-1.7779247377807,1.3610817841641432,-0.3443872113676732,-0.5455072463768116,True,Llama-3.2-1B-Instruct|s0
RedHatAI/Llama-3.2-1B-Instruct-FP8-dynamic,llama-3.2,Llama-3.2-1B-Instruct,fp8_dynamic,winogrande,62.27,-0.87,0.21416004458707477,-1.3553432163853467,1.7836633055594964,-0.3443872113676732,-0.06828571428571428,True,Llama-3.2-1B-Instruct|s0
RedHatAI/Llama-3.2-1B-Instruct-FP8-dynamic,llama-3.2,Llama-3.2-1B-Instruct,fp8_dynamic,hellaswag,61.01,-0.06,0.09686024266441845,-1.472643018308003,1.66636350363684,-0.3443872113676732,-0.18774647887323945,True,Llama-3.2-1B-Instruct|s0
RedHatAI/Llama-3.2-1B-Instruct-FP8-dynamic,llama-3.2,Llama-3.2-1B-Instruct,fp8_dynamic,truthfulqa,43.52,0.71,0.08004938657511462,-1.489453874397307,1.6495526475475362,-0.3443872113676732,-0.1713235294117647,True,Llama-3.2-1B-Instruct|s0
RedHatAI/Llama-3.2-1B-Instruct-FP8,llama-3.2,Llama-3.2-1B-Instruct,fp8,mmlu,47.66,0.1,-0.5575051016510022,-2.1270083626234237,1.0119981593214193,-0.3443872113676732,-0.5218840579710144,True,Llama-3.2-1B-Instruct|s0
RedHatAI/Llama-3.2-1B-Instruct-FP8,llama-3.2,Llama-3.2-1B-Instruct,fp8,arc_challenge,58.36,-0.51,-0.31148775617628305,-1.8809910171487045,1.2580155047961386,-0.3443872113676732,-0.3092857142857143,True,Llama-3.2-1B-Instruct|s0
RedHatAI/Llama-3.2-1B-Instruct-FP8,llama-3.2,Llama-3.2-1B-Instruct,fp8,gsm8k,45.72,-0.23,-0.5308790051933522,-2.1003822661657736,1.0386242557790695,-0.3443872113676732,-0.5455072463768116,True,Llama-3.2-1B-Instruct|s0
RedHatAI/Llama-3.2-1B-Instruct-FP8,llama-3.2,Llama-3.2-1B-Instruct,fp8,hellaswag,61.01,-0.01,-0.22559728572065535,-1.795100546693077,1.3439059752517661,-0.3443872113676732,-0.18774647887323945,True,Llama-3.2-1B-Instruct|s0
RedHatAI/Llama-3.2-1B-Instruct-FP8,llama-3.2,Llama-3.2-1B-Instruct,fp8,winogrande,62.27,0.08,-0.10829748379799897,-1.6778007447704204,1.4612057771744227,-0.3443872113676732,-0.06828571428571428,True,Llama-3.2-1B-Instruct|s0
RedHatAI/Llama-3.2-1B-Instruct-FP8,llama-3.2,Llama-3.2-1B-Instruct,fp8,truthfulqa,43.52,-0.44,-0.24240814180995915,-1.8119114027823806,1.3270951191624625,-0.3443872113676732,-0.1713235294117647,True,Llama-3.2-1B-Instruct|s0
RedHatAI/Llama-3.2-1B-Instruct-quantized.w8a8,llama-3.2,Llama-3.2-1B-Instruct,w8a8_int,mmlu,47.66,0.29,-0.37253200136980624,-1.9420352623422277,1.1969712596026154,-0.3443872113676732,-0.5218840579710144,True,Llama-3.2-1B-Instruct|s0
RedHatAI/Llama-3.2-1B-Instruct-quantized.w8a8,llama-3.2,Llama-3.2-1B-Instruct,w8a8_int,mmlu_cot,47.1,-2.47,-0.4773426576861998,-2.0468459186586214,1.0921606032862217,-0.3443872113676732,-0.4992857142857143,False,Llama-3.2-1B-Instruct|s0
RedHatAI/Llama-3.2-1B-Instruct-quantized.w8a8,llama-3.2,Llama-3.2-1B-Instruct,w8a8_int,arc_challenge,58.36,-2.22,-0.12651465589508704,-1.6960179168675085,1.4429886050773346,-0.3443872113676732,-0.3092857142857143,False,Llama-3.2-1B-Instruct|s0
RedHatAI/Llama-3.2-1B-Instruct-quantized.w8a8,llama-3.2,Llama-3.2-1B-Instruct,w8a8_int,gsm8k,45.72,0.98,-0.34590590491215617,-1.9154091658845778,1.2235973560602653,-0.3443872113676732,-0.5455072463768116,True,Llama-3.2-1B-Instruct|s0
RedHatAI/Llama-3.2-1B-Instruct-quantized.w8a8,llama-3.2,Llama-3.2-1B-Instruct,w8a8_int,hellaswag,61.01,-0.06,-0.04062418543945939,-1.6101274464118809,1.5288790755329622,-0.3443872113676732,-0.18774647887323945,True,Llama-3.2-1B-Instruct|s0
RedHatAI/Llama-3.2-1B-Instruct-quantized.w8a8,llama-3.2,Llama-3.2-1B-Instruct,w8a8_int,winogrande,62.27,-0.94,0.07667561648319698,-1.4928276444892246,1.6461788774556185,-0.3443872113676732,-0.06828571428571428,True,Llama-3.2-1B-Instruct|s0
RedHatAI/Llama-3.2-1B-Instruct-quantized.w8a8,llama-3.2,Llama-3.2-1B-Instruct,w8a8_int,truthfulqa,43.52,-0.68,-0.05743504152876311,-1.6269383025011845,1.5120682194436585,-0.3443872113676732,-0.1713235294117647,True,Llama-3.2-1B-Instruct|s0
RedHatAI/Llama-3.2-1B-Instruct-FP8-dynamic,llama-3.2,Llama-3.2-1B-Instruct,fp8_dynamic,mmlu,47.66,-0.11,-0.2568021585136272,-1.8255866339716116,1.3119823169443574,-0.38480144404332134,-0.49264705882352944,True,Llama-3.2-1B-Instruct|s1
RedHatAI/Llama-3.2-1B-Instruct-FP8-dynamic,llama-3.2,Llama-3.2-1B-Instruct,fp8_dynamic,mmlu_cot,47.1,-0.31,-0.23140511838008576,-1.8001895938380703,1.3373793570778987,-0.38480144404332134,-0.2833333333333333,True,Llama-3.2-1B-Instruct|s1
RedHatAI/Llama-3.2-1B-Instruct-FP8-dynamic,llama-3.2,Llama-3.2-1B-Instruct,fp8_dynamic,arc_challenge,58.36,-1.11,-0.1503542391184055,-1.7191387145763901,1.4184302363395789,-0.38480144404332134,-0.43208955223880596,True,Llama-3.2-1B-Instruct|s1
RedHatAI/Llama-3.2-1B-Instruct-FP8-dynamic,llama-3.2,Llama-3.2-1B-Instruct,fp8_dynamic,gsm8k,45.72,0.22,-0.2780476796189878,-1.8468321550769722,1.2907367958389968,-0.38480144404332134,-0.5633823529411766,True,Llama-3.2-1B-Instruct|s1
RedHatAI/Llama-3.2-1B-Instruct-FP8-dynamic,llama-3.2,Llama-3.2-1B-Instruct,fp8_dynamic,winogrande,62.27,-0.87,-0.011408041233168909,-1.5801925166911535,1.5573764342248155,-0.38480144404332134,-0.2665671641791045,True,Llama-3.2-1B-Instruct|s1
RedHatAI/Llama-3.2-1B-Instruct-FP8-dynamic,llama-3.2,Llama-3.2-1B-Instruct,fp8_dynamic,hellaswag,61.01,-0.06,0.030117229457246042,-1.5386672460007385,1.5989017049152305,-0.38480144404332134,-0.2053623188405797,True,Llama-3.2-1B-Instruct|s1
RedHatAI/Llama-3.2-1B-Instruct-FP8-dynamic,llama-3.2,Llama-3.2-1B-Instruct,fp8_dynamic,truthfulqa,43.52,0.71,0.061264733555720374,-1.5075197419022641,1.6300492090137049,-0.38480144404332134,-0.14500000000000002,True,Llama-3.2-1B-Instruct|s1
RedHatAI/Llama-3.2-1B-Instruct-FP8,llama-3.2,Llama-3.2-1B-Instruct,fp8,mmlu,47.66,0.1,-0.5486590174653957,-2.11744349292338,1.020125457992589,-0.38480144404332134,-0.49264705882352944,True,Llama-3.2-1B-Instruct|s1
RedHatAI/Llama-3.2-1B-Instruct-FP8,llama-3.2,Llama-3.2-1B-Instruct,fp8,arc_challenge,58.36,-0.51,-0.44221109807017406,-2.0109955735281586,1.1265733773878104,-0.38480144404332134,-0.43208955223880596,True,Llama-3.2-1B-Instruct|s1
RedHatAI/Llama-3.2-1B-Instruct-FP8,llama-3.2,Llama-3.2-1B-Instruct,fp8,gsm8k,45.72,-0.23,-0.5699045385707563,-2.1386890140287407,0.9988799368872282,-0.38480144404332134,-0.5633823529411766,True,Llama-3.2-1B-Instruct|s1
RedHatAI/Llama-3.2-1B-Instruct-FP8,llama-3.2,Llama-3.2-1B-Instruct,fp8,hellaswag,61.01,-0.01,-0.2617396294945225,-1.830524104952507,1.307044845963462,-0.38480144404332134,-0.2053623188405797,True,Llama-3.2-1B-Instruct|s1
RedHatAI/Llama-3.2-1B-Instruct-FP8,llama-3.2,Llama-3.2-1B-Instruct,fp8,winogrande,62.27,0.08,-0.30326490018493735,-1.8720493756429217,1.2655195752730473,-0.38480144404332134,-0.2665671641791045,True,Llama-3.2-1B-Instruct|s1
RedHatAI/Llama-3.2-1B-Instruct-FP8,llama-3.2,Llama-3.2-1B-Instruct,fp8,truthfulqa,43.52,-0.44,-0.23059212539604815,-1.7993766008540326,1.3381923500619364,-0.38480144404332134,-0.14500000000000002,True,Llama-3.2-1B-Instruct|s1
RedHatAI/Llama-3.2-1B-Instruct-quantized.w8a8,llama-3.2,Llama-3.2-1B-Instruct,w8a8_int,mmlu,47.66,0.29,-0.6061767487411579,-2.1749612241991425,0.9626077267168266,-0.38480144404332134,-0.49264705882352944,True,Llama-3.2-1B-Instruct|s1
RedHatAI/Llama-3.2-1B-Instruct-quantized.w8a8,llama-3.2,Llama-3.2-1B-Instruct,w8a8_int,mmlu_cot,47.1,-2.47,-0.5807797086076164,-2.149564184065601,0.9880047668503681,-0.38480144404332134,-0.2833333333333333,False,Llama-3.2-1B-Instruct|s1
RedHatAI/Llama-3.2-1B-Instruct-quantized.w8a8,llama-3.2,Llama-3.2-1B-Instruct,w8a8_int,arc_challenge,58.36,-2.22,-0.4997288293459362,-2.0685133048039206,1.0690556461120484,-0.38480144404332134,-0.43208955223880596,False,Llama-3.2-1B-Instruct|s1
RedHatAI/Llama-3.2-1B-Instruct-quantized.w8a8,llama-3.2,Llama-3.2-1B-Instruct,w8a8_int,gsm8k,45.72,0.98,-0.6274222698465184,-2.1962067453045027,0.9413622056114661,-0.38480144404332134,-0.5633823529411766,False,Llama-3.2-1B-Instruct|s1
RedHatAI/Llama-3.2-1B-Instruct-quantized.w8a8,llama-3.2,Llama-3.2-1B-Instruct,w8a8_int,hellaswag,61.01,-0.06,-0.31925736077028466,-1.8880418362282692,1.2495271146876998,-0.38480144404332134,-0.2053623188405797,True,Llama-3.2-1B-Instruct|s1
RedHatAI/Llama-3.2-1B-Instruct-quantized.w8a8,llama-3.2,Llama-3.2-1B-Instruct,w8a8_int,winogrande,62.27,-0.94,-0.36078263146069955,-1.9295671069186842,1.2080018439972848,-0.38480144404332134,-0.2665671641791045,True,Llama-3.2-1B-Instruct|s1
RedHatAI/Llama-3.2-1B-Instruct-quantized.w8a8,llama-3.2,Llama-3.2-1B-Instruct,w8a8_int,truthfulqa,43.52,-0.68,-0.2881098566718103,-1.8568943321297948,1.2806746187861742,-0.38480144404332134,-0.14500000000000002,True,Llama-3.2-1B-Instruct|s1
RedHatAI/Llama-3.2-1B-Instruct-FP8-dynamic,llama-3.2,Llama-3.2-1B-Instruct,fp8_dynamic,mmlu,47.66,-0.11,-0.338899815314022,-2.431191134623457,1.7533915039954127,-0.37785063752276865,-0.4628169014084507,True,Llama-3.2-1B-Instruct|s2
RedHatAI/Llama-3.2-1B-Instruct-FP8-dynamic,llama-3.2,Llama-3.2-1B-Instruct,fp8_dynamic,mmlu_cot,47.1,-0.31,-0.49127538188049624,-2.5835667011899313,1.6010159374289386,-0.37785063752276865,-0.48933333333333334,True,Llama-3.2-1B-Instruct|s2
RedHatAI/Llama-3.2-1B-Instruct-FP8-dynamic,llama-3.2,Llama-3.2-1B-Instruct,fp8_dynamic,arc_challenge,58.36,-1.11,-0.2603663471271307,-2.3526576664365653,1.831924972182304,-0.37785063752276865,-0.3892753623188406,True,Llama-3.2-1B-Instruct|s2
RedHatAI/Llama-3.2-1B-Instruct-FP8-dynamic,llama-3.2,Llama-3.2-1B-Instruct,fp8_dynamic,gsm8k,45.72,0.22,-0.7219851462466857,-2.8142764655561203,1.370306173062749,-0.37785063752276865,-0.901,True,Llama-3.2-1B-Instruct|s2
RedHatAI/Llama-3.2-1B-Instruct-FP8-dynamic,llama-3.2,Llama-3.2-1B-Instruct,fp8_dynamic,winogrande,62.27,-0.87,-0.0786274524318723,-2.170918771741307,2.0136638668775624,-0.37785063752276865,-0.16249999999999998,True,Llama-3.2-1B-Instruct|s2
RedHatAI/Llama-3.2-1B-Instruct-FP8-dynamic,llama-3.2,Llama-3.2-1B-Instruct,fp8_dynamic,hellaswag,61.01,-0.06,-0.2607833067539729,-2.3530746260634077,1.831508012555462,-0.37785063752276865,-0.33452054794520547,True,Llama-3.2-1B-Instruct|s2
RedHatAI/Llama-3.2-1B-Instruct-FP8-dynamic,llama-3.2,Llama-3.2-1B-Instruct,fp8_dynamic,truthfulqa,43.52,0.71,-0.04785023604384098,-2.1401415553532757,2.044441083265594,-0.37785063752276865,-0.2012857142857143,True,Llama-3.2-1B-Instruct|s2
RedHatAI/Llama-3.2-1B-Instruct-FP8,llama-3.2,Llama-3.2-1B-Instruct,fp8,mmlu,47.66,0.1,-0.45358845550761884,-2.5458797748170534,1.638702863801816,-0.37785063752276865,-0.4628169014084507,True,Llama-3.2-1B-Instruct|s2
RedHatAI/Llama-3.2-1B-Instruct-FP8,llama-3.2,Llama-3.2-1B-Instruct,fp8,arc_challenge,58.36,-0.51,-0.3750549873207275,-2.467346306630162,1.7172363319887074,-0.37785063752276865,-0.3892753623188406,True,Llama-3.2-1B-Instruct|s2
RedHatAI/Llama-3.2-1B-Instruct-FP8,llama-3.2,Llama-3.2-1B-Instruct,fp8,gsm8k,45.72,-0.23,-0.8366737864402826,-2.9289651057497172,1.2556175328691523,-0.37785063752276865,-0.901,True,Llama-3.2-1B-Instruct|s2
RedHatAI/Llama-3.2-1B-Instruct-FP8,llama-3.2,Llama-3.2-1B-Instruct,fp8,hellaswag,61.01,-0.01,-0.3754719469475697,-2.4677632662570046,1.716819372361865,-0.37785063752276865,-0.33452054794520547,True,Llama-3.2-1B-Instruct|s2
RedHatAI/Llama-3.2-1B-Instruct-FP8,llama-3.2,Llama-3.2-1B-Instruct,fp8,winogrande,62.27,0.08,-0.19331609262546912,-2.2856074119349037,1.8989752266839657,-0.37785063752276865,-0.16249999999999998,True,Llama-3.2-1B-Instruct|s2
RedHatAI/Llama-3.2-1B-Instruct-FP8,llama-3.2,Llama-3.2-1B-Instruct,fp8,truthfulqa,43.52,-0.44,-0.16253887623743782,-2.2548301955468726,1.929752443071997,-0.37785063752276865,-0.2012857142857143,True,Llama-3.2-1B-Instruct|s2
RedHatAI/Llama-3.2-1B-Instruct-quantized.w8a8,llama-3.2,Llama-3.2-1B-Instruct,w8a8_int,mmlu,47.66,0.29,-0.3857072785203721,-2.477998597829807,1.7065840407890627,-0.37785063752276865,-0.4628169014084507,True,Llama-3.2-1B-Instruct|s2
RedHatAI/Llama-3.2-1B-Instruct-quantized.w8a8,llama-3.2,Llama-3.2-1B-Instruct,w8a8_int,mmlu_cot,47.1,-2.47,-0.5380828450868463,-2.6303741643962812,1.5542084742225883,-0.37785063752276865,-0.48933333333333334,True,Llama-3.2-1B-Instruct|s2
RedHatAI/Llama-3.2-1B-Instruct-quantized.w8a8,llama-3.2,Llama-3.2-1B-Instruct,w8a8_int,arc_challenge,58.36,-2.22,-0.3071738103334808,-2.3994651296429157,1.785117508975954,-0.37785063752276865,-0.3892753623188406,True,Llama-3.2-1B-Instruct|s2
RedHatAI/Llama-3.2-1B-Instruct-quantized.w8a8,llama-3.2,Llama-3.2-1B-Instruct,w8a8_int,gsm8k,45.72,0.98,-0.7687926094530358,-2.8610839287624708,1.3234987098563988,-0.37785063752276865,-0.901,True,Llama-3.2-1B-Instruct|s2
RedHatAI/Llama-3.2-1B-Instruct-quantized.w8a8,llama-3.2,Llama-3.2-1B-Instruct,w8a8_int,hellaswag,61.01,-0.06,-0.307590769960323,-2.3998820892697577,1.784700549349112,-0.37785063752276865,-0.33452054794520547,True,Llama-3.2-1B-Instruct|s2
RedHatAI/Llama-3.2-1B-Instruct-quantized.w8a8,llama-3.2,Llama-3.2-1B-Instruct,w8a8_int,winogrande,62.27,-0.94,-0.1254349156382224,-2.217726234947657,1.9668564036712124,-0.37785063752276865,-0.16249999999999998,True,Llama-3.2-1B-Instruct|s2
RedHatAI/Llama-3.2-1B-Instruct-quantized.w8a8,llama-3.2,Llama-3.2-1B-Instruct,w8a8_int,truthfulqa,43.52,-0.68,-0.09465769925019107,-2.186949018559626,1.9976336200592437,-0.37785063752276865,-0.2012857142857143,True,Llama-3.2-1B-Instruct|s2
RedHatAI/Llama-3.2-1B-Instruct-FP8-dynamic,llama-3.2,Llama-3.2-1B-Instruct,fp8_dynamic,mmlu,47.66,-0.11,-0.35123848442192096,-1.5512813205253573,0.8488043516815154,-0.3736505190311418,-0.5728571428571428,True,Llama-3.2-1B-Instruct|s3
RedHatAI/Llama-3.2-1B-Instruct-FP8-dynamic,llama-3.2,Llama-3.2-1B-Instruct,fp8_dynamic,mmlu_cot,47.1,-0.31,-0.4868863463168907,-1.686929182420327,0.7131564897865457,-0.3736505190311418,-0.59,True,Llama-3.2-1B-Instruct|s3
RedHatAI/Llama-3.2-1B-Instruct-FP8-dynamic,llama-3.2,Llama-3.2-1B-Instruct,fp8_dynamic,arc_challenge,58.36,-1.11,-0.20792728221965004,-1.4079701183230864,0.9921155538837862,-0.3736505190311418,-0.43173913043478257,True,Llama-3.2-1B-Instruct|s3
RedHatAI/Llama-3.2-1B-Instruct-FP8-dynamic,llama-3.2,Llama-3.2-1B-Instruct,fp8_dynamic,gsm8k,45.72,0.22,-0.4517111357428897,-1.6517539718463259,0.7483317003605466,-0.3736505190311418,-0.7291304347826087,True,Llama-3.2-1B-Instruct|s3
RedHatAI/Llama-3.2-1B-Instruct-FP8-dynamic,llama-3.2,Llama-3.2-1B-Instruct,fp8_dynamic,winogrande,62.27,-0.87,0.00962155912609125,-1.190421276977345,1.2096643952295276,-0.3736505190311418,-0.18542857142857141,True,Llama-3.2-1B-Instruct|s3
RedHatAI/Llama-3.2-1B-Instruct-FP8-dynamic,llama-3.2,Llama-3.2-1B-Instruct,fp8_dynamic,hellaswag,61.01,-0.06,-0.06256534539793929,-1.2626081815013757,1.137477490705497,-0.3736505190311418,-0.24819444444444447,True,Llama-3.2-1B-Instruct|s3
RedHatAI/Llama-3.2-1B-Instruct-FP8-dynamic,llama-3.2,Llama-3.2-1B-Instruct,fp8_dynamic,truthfulqa,43.52,0.71,0.019539312025661615,-1.1805035240777748,1.2195821481290978,-0.3736505190311418,-0.16608695652173913,True,Llama-3.2-1B-Instruct|s3
RedHatAI/Llama-3.2-1B-Instruct-FP8,llama-3.2,Llama-3.2-1B-Instruct,fp8,mmlu,47.66,0.1,-0.5196626141228033,-1.7197054502262397,0.680380221980633,-0.3736505190311418,-0.5728571428571428,True,Llama-3.2-1B-Instruct|s3
RedHatAI/Llama-3.2-1B-Instruct-FP8,llama-3.2,Llama-3.2-1B-Instruct,fp8,arc_challenge,58.36,-0.51,-0.3763514119205324,-1.5763942480239688,0.8236914241829039,-0.3736505190311418,-0.43173913043478257,True,Llama-3.2-1B-Instruct|s3
RedHatAI/Llama-3.2-1B-Instruct-FP8,llama-3.2,Llama-3.2-1B-Instruct,fp8,gsm8k,45.72,-0.23,-0.6201352654437721,-1.8201781015472083,0.5799075706596643,-0.3736505190311418,-0.7291304347826087,True,Llama-3.2-1B-Instruct|s3
RedHatAI/Llama-3.2-1B-Instruct-FP8,llama-3.2,Llama-3.2-1B-Instruct,fp8,hellaswag,61.01,-0.01,-0.23098947509882167,-1.431032311202258,0.9690533610046146,-0.3736505190311418,-0.24819444444444447,True,Llama-3.2-1B-Instruct|s3
RedHatAI/Llama-3.2-1B-Instruct-FP8,llama-3.2,Llama-3.2-1B-Instruct,fp8,winogrande,62.27,0.08,-0.15880257057479102,-1.3588454066782274,1.0412402655286452,-0.3736505190311418,-0.18542857142857141,True,Llama-3.2-1B-Instruct|s3
RedHatAI/Llama-3.2-1B-Instruct-FP8,llama-3.2,Llama-3.2-1B-Instruct,fp8,truthfulqa,43.52,-0.44,-0.1488848176752207,-1.348927653778657,1.0511580184282157,-0.3736505190311418,-0.16608695652173913,True,Llama-3.2-1B-Instruct|s3
RedHatAI/Llama-3.2-1B-Instruct-quantized.w8a8,llama-3.2,Llama-3.2-1B-Instruct,w8a8_int,mmlu,47.66,0.29,-0.5758730088664972,-1.7759158449699335,0.6241698272369391,-0.3736505190311418,-0.5728571428571428,True,Llama-3.2-1B-Instruct|s3
RedHatAI/Llama-3.2-1B-Instruct-quantized.w8a8,llama-3.2,Llama-3.2-1B-Instruct,w8a8_int,mmlu_cot,47.1,-2.47,-0.7115208707614669,-1.9115637068649032,0.48852196534196946,-0.3736505190311418,-0.59,False,Llama-3.2-1B-Instruct|s3
RedHatAI/Llama-3.2-1B-Instruct-quantized.w8a8,llama-3.2,Llama-3.2-1B-Instruct,w8a8_int,arc_challenge,58.36,-2.22,-0.43256180666422633,-1.6326046427676626,0.76748102943921,-0.3736505190311418,-0.43173913043478257,False,Llama-3.2-1B-Instruct|s3
RedHatAI/Llama-3.2-1B-Instruct-quantized.w8a8,llama-3.2,Llama-3.2-1B-Instruct,w8a8_int,gsm8k,45.72,0.98,-0.676345660187466,-1.8763884962909023,0.5236971759159703,-0.3736505190311418,-0.7291304347826087,False,Llama-3.2-1B-Instruct|s3
RedHatAI/Llama-3.2-1B-Instruct-quantized.w8a8,llama-3.2,Llama-3.2-1B-Instruct,w8a8_int,hellaswag,61.01,-0.06,-0.28719986984251555,-1.4872427059459519,0.9128429662609208,-0.3736505190311418,-0.24819444444444447,True,Llama-3.2-1B-Instruct|s3
RedHatAI/Llama-3.2-1B-Instruct-quantized.w8a8,llama-3.2,Llama-3.2-1B-Instruct,w8a8_int,winogrande,62.27,-0.94,-0.21501296531848496,-1.4150558014219212,0.9850298707849514,-0.3736505190311418,-0.18542857142857141,True,Llama-3.2-1B-Instruct|s3
RedHatAI/Llama-3.2-1B-Instruct-quantized.w8a8,llama-3.2,Llama-3.2-1B-Instruct,w8a8_int,truthfulqa,43.52,-0.68,-0.2050952124189147,-1.405138048522351,0.9949476236845216,-0.3736505190311418,-0.16608695652173913,True,Llama-3.2-1B-Instruct|s3
RedHatAI/Llama-3.2-1B-Instruct-FP8-dynamic,llama-3.2,Llama-3.2-1B-Instruct,fp8_dynamic,mmlu,47.66,-0.11,-0.2923621671017643,-1.5510339522330585,0.96630961802953,-0.3283008849557522,-0.5337878787878787,True,Llama-3.2-1B-Instruct|s4
RedHatAI/Llama-3.2-1B-Instruct-FP8-dynamic,llama-3.2,Llama-3.2-1B-Instruct,fp8_dynamic,mmlu_cot,47.1,-0.31,-0.2783401190103363,-1.5370119041416306,0.980331666120958,-0.3283008849557522,-0.385,True,Llama-3.2-1B-Instruct|s4
RedHatAI/Llama-3.2-1B-Instruct-FP8-dynamic,llama-3.2,Llama-3.2-1B-Instruct,fp8_dynamic,arc_challenge,58.36,-1.11,-0.06539140195717763,-1.324063187088472,1.1932803831741166,-0.3283008849557522,-0.3142424242424242,True,Llama-3.2-1B-Instruct|s4
RedHatAI/Llama-3.2-1B-Instruct-FP8-dynamic,llama-3.2,Llama-3.2-1B-Instruct,fp8_dynamic,gsm8k,45.72,0.22,-0.18705209398366396,-1.4457238791149583,1.0716196911476303,-0.3283008849557522,-0.4536923076923077,True,Llama-3.2-1B-Instruct|s4
RedHatAI/Llama-3.2-1B-Instruct-FP8-dynamic,llama-3.2,Llama-3.2-1B-Instruct,fp8_dynamic,winogrande,62.27,-0.87,0.056773126814342934,-1.2018986583169513,1.3154449119456373,-0.3283008849557522,-0.16850746268656716,True,Llama-3.2-1B-Instruct|s4
RedHatAI/Llama-3.2-1B-Instruct-FP8-dynamic,llama-3.2,Llama-3.2-1B-Instruct,fp8_dynamic,hellaswag,61.01,-0.06,-0.00893903856593925,-1.2676108236972334,1.2497327465653552,-0.3283008849557522,-0.2210144927536232,True,Llama-3.2-1B-Instruct|s4
RedHatAI/Llama-3.2-1B-Instruct-FP8-dynamic,llama-3.2,Llama-3.2-1B-Instruct,fp8_dynamic,truthfulqa,43.52,0.71,0.0010267271791398191,-1.2576450579521545,1.259698512310434,-0.3283008849557522,-0.22835820895522388,True,Llama-3.2-1B-Instruct|s4
RedHatAI/Llama-3.2-1B-Instruct-FP8,llama-3.2,Llama-3.2-1B-Instruct,fp8,mmlu,47.66,0.1,-0.5898913600259841,-1.8485631451572784,0.6687804251053102,-0.3283008849557522,-0.5337878787878787,True,Llama-3.2-1B-Instruct|s4
RedHatAI/Llama-3.2-1B-Instruct-FP8,llama-3.2,Llama-3.2-1B-Instruct,fp8,arc_challenge,58.36,-0.51,-0.36292059488139755,-1.621592380012692,0.8957511902498967,-0.3283008849557522,-0.3142424242424242,True,Llama-3.2-1B-Instruct|s4
RedHatAI/Llama-3.2-1B-Instruct-FP8,llama-3.2,Llama-3.2-1B-Instruct,fp8,gsm8k,45.72,-0.23,-0.4845812869078838,-1.7432530720391781,0.7740904982234105,-0.3283008849557522,-0.4536923076923077,True,Llama-3.2-1B-Instruct|s4
RedHatAI/Llama-3.2-1B-Instruct-FP8,llama-3.2,Llama-3.2-1B-Instruct,fp8,hellaswag,61.01,-0.01,-0.3064682314901591,-1.5651400166214535,0.9522035536411352,-0.3283008849557522,-0.2210144927536232,True,Llama-3.2-1B-Instruct|s4
RedHatAI/Llama-3.2-1B-Instruct-FP8,llama-3.2,Llama-3.2-1B-Instruct,fp8,winogrande,62.27,0.08,-0.24075606610987696,-1.4994278512411712,1.0179157190214174,-0.3283008849557522,-0.16850746268656716,True,Llama-3.2-1B-Instruct|s4
RedHatAI/Llama-3.2-1B-Instruct-FP8,llama-3.2,Llama-3.2-1B-Instruct,fp8,truthfulqa,43.52,-0.44,-0.29650246574508005,-1.5551742508763744,0.9621693193862142,-0.3283008849557522,-0.22835820895522388,True,Llama-3.2-1B-Instruct|s4
RedHatAI/Llama-3.2-1B-Instruct-quantized.w8a8,llama-3.2,Llama-3.2-1B-Instruct,w8a8_int,mmlu,47.66,0.29,-0.5478192632044122,-1.8064910483357064,0.7108525219268821,-0.3283008849557522,-0.5337878787878787,True,Llama-3.2-1B-Instruct|s4
RedHatAI/Llama-3.2-1B-Instruct-quantized.w8a8,llama-3.2,Llama-3.2-1B-Instruct,w8a8_int,mmlu_cot,47.1,-2.47,-0.5337972151129843,-1.7924690002442785,0.72487457001831,-0.3283008849557522,-0.385,False,Llama-3.2-1B-Instruct|s4
RedHatAI/Llama-3.2-1B-Instruct-quantized.w8a8,llama-3.2,Llama-3.2-1B-Instruct,w8a8_int,arc_challenge,58.36,-2.22,-0.3208484980598256,-1.57952028319112,0.9378232870714687,-0.3283008849557522,-0.3142424242424242,False,Llama-3.2-1B-Instruct|s4
RedHatAI/Llama-3.2-1B-Instruct-quantized.w8a8,llama-3.2,Llama-3.2-1B-Instruct,w8a8_int,gsm8k,45.72,0.98,-0.4425091900863119,-1.7011809752176061,0.8161625950449825,-0.3283008849557522,-0.4536923076923077,False,Llama-3.2-1B-Instruct|s4
RedHatAI/Llama-3.2-1B-Instruct-quantized.w8a8,llama-3.2,Llama-3.2-1B-Instruct,w8a8_int,hellaswag,61.01,-0.06,-0.2643961346685872,-1.5230679197998815,0.994275650462707,-0.3283008849557522,-0.2210144927536232,True,Llama-3.2-1B-Instruct|s4
RedHatAI/Llama-3.2-1B-Instruct-quantized.w8a8,llama-3.2,Llama-3.2-1B-Instruct,w8a8_int,winogrande,62.27,-0.94,-0.198683969288305,-1.4573557544195994,1.0599878158429892,-0.3283008849557522,-0.16850746268656716,True,Llama-3.2-1B-Instruct|s4
RedHatAI/Llama-3.2-1B-Instruct-quantized.w8a8,llama-3.2,Llama-3.2-1B-Instruct,w8a8_int,truthfulqa,43.52,-0.68,-0.2544303689235081,-1.5131021540548024,1.0042414162077862,-0.3283008849557522,-0.22835820895522388,True,Llama-3.2-1B-Instruct|s4
RedHatAI/Llama-3.2-3B-Instruct-FP8-dynamic,llama-3.2,Llama-3.2-3B-Instruct,fp8_dynamic,mmlu,62.98,-0.03,-0.2516899664866153,-1.9316052735437874,1.428225340570557,-0.38944055944055944,-0.4940845070422535,True,Llama-3.2-3B-Instruct|s0
RedHatAI/Llama-3.2-3B-Instruct-FP8-dynamic,llama-3.2,Llama-3.2-3B-Instruct,fp8_dynamic,mmlu_cot,65.4,-0.17,-0.5377533623470117,-2.217668669404184,1.1421619447101605,-0.38944055944055944,-0.6714285714285715,True,Llama-3.2-3B-Instruct|s0
RedHatAI/Llama-3.2-3B-Instruct-FP8-dynamic,llama-3.2,Llama-3.2-3B-Instruct,fp8_dynamic,arc_challenge,77.13,-0.42,-0.09330712578112849,-1.7732224328383006,1.5866081812760437,-0.38944055944055944,-0.4235714285714286,True,Llama-3.2-3B-Instruct|s0
RedHatAI/Llama-3.2-3B-Instruct-FP8-dynamic,llama-3.2,Llama-3.2-3B-Instruct,fp8_dynamic,gsm8k,77.94,-1.22,-0.3750608037397852,-2.0549761107969573,1.304854503317387,-0.38944055944055944,-0.7508695652173913,True,Llama-3.2-3B-Instruct|s0
RedHatAI/Llama-3.2-3B-Instruct-FP8-dynamic,llama-3.2,Llama-3.2-3B-Instruct,fp8_dynamic,winogrande,71.11,0.0,0.004430185761024441,-1.6754851212961477,1.6843454928181967,-0.38944055944055944,-0.22929577464788733,True,Llama-3.2-3B-Instruct|s0
RedHatAI/Llama-3.2-3B-Instruct-FP8-dynamic,llama-3.2,Llama-3.2-3B-Instruct,fp8_dynamic,hellaswag,73.62,-0.08,-0.043158139807878804,-1.723073446865051,1.6367571672492933,-0.38944055944055944,-0.2793150684931507,True,Llama-3.2-3B-Instruct|s0
RedHatAI/Llama-3.2-3B-Instruct-FP8-dynamic,llama-3.2,Llama-3.2-3B-Instruct,fp8_dynamic,truthfulqa,51.47,-0.41,0.05940955348680266,-1.6205057535703695,1.7393248605439748,-0.38944055944055944,-0.17054794520547945,True,Llama-3.2-3B-Instruct|s0
RedHatAI/Llama-3.2-3B-Instruct-FP8,llama-3.2,Llama-3.2-3B-Instruct,fp8,mmlu,62.98,-0.37,-0.45368740052530354,-2.133602707582476,1.2262279065318686,-0.38944055944055944,-0.4940845070422535,True,Llama-3.2-3B-Instruct|s0
RedHatAI/Llama-3.2-3B-Instruct-FP8,llama-3.2,Llama-3.2-3B-Instruct,fp8,mmlu_cot,65.4,-0.2,-0.7397507963857,-2.4196661034428724,0.9401645106714722,-0.38944055944055944,-0.6714285714285715,True,Llama-3.2-3B-Instruct|s0
RedHatAI/Llama-3.2-3B-Instruct-FP8,llama-3.2,Llama-3.2-3B-Instruct,fp8,arc_challenge,77.13,-0.51,-0.29530455981981674,-1.975219866876989,1.3846107472373554,-0.38944055944055944,-0.4235714285714286,True,Llama-3.2-3B-Instruct|s0
RedHatAI/Llama-3.2-3B-Instruct-FP8,llama-3.2,Llama-3.2-3B-Instruct,fp8,gsm8k,77.94,-0.08,-0.5770582377784734,-2.2569735448356454,1.1028570692786988,-0.38944055944055944,-0.7508695652173913,True,Llama-3.2-3B-Instruct|s0
RedHatAI/Llama-3.2-3B-Instruct-FP8,llama-3.2,Llama-3.2-3B-Instruct,fp8,hellaswag,73.62,-0.14,-0.24515557384656703,-1.9250708809037391,1.4347597332106052,-0.38944055944055944,-0.2793150684931507,True,Llama-3.2-3B-Instruct|s0
RedHatAI/Llama-3.2-3B-Instruct-FP8,llama-3.2,Llama-3.2-3B-Instruct,fp8,winogrande,71.11,-0.23,-0.1975672482776638,-1.877482555334836,1.4823480587795084,-0.38944055944055944,-0.22929577464788733,True,Llama-3.2-3B-Instruct|s0
RedHatAI/Llama-3.2-3B-Instruct-FP8,llama-3.2,Llama-3.2-3B-Instruct,fp8,truthfulqa,51.47,0.18,-0.1425878805518856,-1.8225031876090578,1.5373274265052865,-0.38944055944055944,-0.17054794520547945,True,Llama-3.2-3B-Instruct|s0
RedHatAI/Llama-3.2-3B-Instruct-quantized.w8a8,llama-3.2,Llama-3.2-3B-Instruct,w8a8_int,mmlu,62.98,-0.23,-0.6303239685751121,-2.3102392756322843,1.04959133848206,-0.38944055944055944,-0.4940845070422535,True,Llama-3.2-3B-Instruct|s0
RedHatAI/Llama-3.2-3B-Instruct-quantized.w8a8,llama-3.2,Llama-3.2-3B-Instruct,w8a8_int,mmlu_cot,65.4,-0.35,-0.9163873644355085,-2.5963026714926807,0.7635279426216637,-0.38944055944055944,-0.6714285714285715,True,Llama-3.2-3B-Instruct|s0
RedHatAI/Llama-3.2-3B-Instruct-quantized.w8a8,llama-3.2,Llama-3.2-3B-Instruct,w8a8_int,arc_challenge,77.13,-0.68,-0.4719411278696254,-2.1518564349267977,1.2079741791875467,-0.38944055944055944,-0.4235714285714286,True,Llama-3.2-3B-Instruct|s0
RedHatAI/Llama-3.2-3B-Instruct-quantized.w8a8,llama-3.2,Llama-3.2-3B-Instruct,w8a8_int,gsm8k,77.94,-0.38,-0.7536948058282821,-2.433610112885454,0.9262205012288901,-0.38944055944055944,-0.7508695652173913,True,Llama-3.2-3B-Instruct|s0
RedHatAI/Llama-3.2-3B-Instruct-quantized.w8a8,llama-3.2,Llama-3.2-3B-Instruct,w8a8_int,hellaswag,73.62,0.01,-0.4217921418963756,-2.101707448953548,1.2581231651607965,-0.38944055944055944,-0.2793150684931507,True,Llama-3.2-3B-Instruct|s0
RedHatAI/Llama-3.2-3B-Instruct-quantized.w8a8,llama-3.2,Llama-3.2-3B-Instruct,w8a8_int,winogrande,71.11,0.79,-0.3742038163274724,-2.0541191233846448,1.3057114907296998,-0.38944055944055944,-0.22929577464788733,True,Llama-3.2-3B-Instruct|s0
RedHatAI/Llama-3.2-3B-Instruct-FP8-dynamic,llama-3.2,Llama-3.2-3B-Instruct,fp8_dynamic,mmlu,62.98,-0.03,-0.08946178078476319,-1.6246362479257863,1.4457126863562602,-0.3148521739130435,-0.45260869565217393,True,Llama-3.2-3B-Instruct|s1
RedHatAI/Llama-3.2-3B-Instruct-FP8-dynamic,llama-3.2,Llama-3.2-3B-Instruct,fp8_dynamic,mmlu_cot,65.4,-0.17,-0.371306846636827,-1.9064813137778502,1.1638676205041962,-0.3148521739130435,-0.6714285714285715,True,Llama-3.2-3B-Instruct|s1
RedHatAI/Llama-3.2-3B-Instruct-FP8-dynamic,llama-3.2,Llama-3.2-3B-Instruct,fp8_dynamic,arc_challenge,77.13,-0.42,0.06791287646394123,-1.467261590677082,1.6030873436049644,-0.3148521739130435,-0.3346268656716418,True,Llama-3.2-3B-Instruct|s1
RedHatAI/Llama-3.2-3B-Instruct-FP8-dynamic,llama-3.2,Llama-3.2-3B-Instruct,fp8_dynamic,gsm8k,77.94,-1.22,0.11927250858004318,-1.41590195856098,1.6544469757210665,-0.3148521739130435,-0.29602941176470593,True,Llama-3.2-3B-Instruct|s1
RedHatAI/Llama-3.2-3B-Instruct-FP8-dynamic,llama-3.2,Llama-3.2-3B-Instruct,fp8_dynamic,winogrande,71.11,0.0,0.18765515515301762,-1.3475193119880056,1.722829622294041,-0.3148521739130435,-0.15260869565217391,True,Llama-3.2-3B-Instruct|s1
RedHatAI/Llama-3.2-3B-Instruct-FP8-dynamic,llama-3.2,Llama-3.2-3B-Instruct,fp8_dynamic,hellaswag,73.62,-0.08,0.09113600085107776,-1.4440384662899455,1.626310467992101,-0.3148521739130435,-0.2587323943661972,True,Llama-3.2-3B-Instruct|s1
RedHatAI/Llama-3.2-3B-Instruct-FP8-dynamic,llama-3.2,Llama-3.2-3B-Instruct,fp8_dynamic,truthfulqa,51.47,-0.41,0.19468173315307974,-1.3404927339879436,1.729856200294103,-0.3148521739130435,-0.14309859154929577,True,Llama-3.2-3B-Instruct|s1
RedHatAI/Llama-3.2-3B-Instruct-FP8,llama-3.2,Llama-3.2-3B-Instruct,fp8,mmlu,62.98,-0.37,-0.44910039082271563,-1.9842748579637388,1.0860740763183077,-0.3148521739130435,-0.45260869565217393,True,Llama-3.2-3B-Instruct|s1
RedHatAI/Llama-3.2-3B-Instruct-FP8,llama-3.2,Llama-3.2-3B-Instruct,fp8,mmlu_cot,65.4,-0.2,-0.7309454566747794,-2.2661199238158027,0.8042290104662438,-0.3148521739130435,-0.6714285714285715,True,Llama-3.2-3B-Instruct|s1
RedHatAI/Llama-3.2-3B-Instruct-FP8,llama-3.2,Llama-3.2-3B-Instruct,fp8,arc_challenge,77.13,-0.51,-0.2917257335740112,-1.8269002007150346,1.243448733567012,-0.3148521739130435,-0.3346268656716418,True,Llama-3.2-3B-Instruct|s1
RedHatAI/Llama-3.2-3B-Instruct-FP8,llama-3.2,Llama-3.2-3B-Instruct,fp8,gsm8k,77.94,-0.08,-0.24036610145790915,-1.7755405685989323,1.2948083656831142,-0.3148521739130435,-0.29602941176470593,True,Llama-3.2-3B-Instruct|s1
RedHatAI/Llama-3.2-3B-Instruct-FP8,llama-3.2,Llama-3.2-3B-Instruct,fp8,hellaswag,73.62,-0.14,-0.26850260918687463,-1.8036770763278978,1.2666718579541487,-0.3148521739130435,-0.2587323943661972,True,Llama-3.2-3B-Instruct|s1
RedHatAI/Llama-3.2-3B-Instruct-FP8,llama-3.2,Llama-3.2-3B-Instruct,fp8,winogrande,71.11,-0.23,-0.1719834548849347,-1.7071579220259578,1.3631910122560886,-0.3148521739130435,-0.15260869565217391,True,Llama-3.2-3B-Instruct|s1
RedHatAI/Llama-3.2-3B-Instruct-FP8,llama-3.2,Llama-3.2-3B-Instruct,fp8,truthfulqa,51.47,0.18,-0.16495687688487262,-1.7001313440258958,1.3702175902561506,-0.3148521739130435,-0.14309859154929577,True,Llama-3.2-3B-Instruct|s1
RedHatAI/Llama-3.2-3B-Instruct-quantized.w8a8,llama-3.2,Llama-3.2-3B-Instruct,w8a8_int,mmlu,62.98,-0.23,-0.7288840206527281,-2.2640584877937515,0.8062904464882952,-0.3148521739130435,-0.45260869565217393,True,Llama-3.2-3B-Instruct|s1
RedHatAI/Llama-3.2-3B-Instruct-quantized.w8a8,llama-3.2,Llama-3.2-3B-Instruct,w8a8_int,mmlu_cot,65.4,-0.35,-1.0107290865047918,-2.545903553645815,0.5244453806362315,-0.3148521739130435,-0.6714285714285715,True,Llama-3.2-3B-Instruct|s1
RedHatAI/Llama-3.2-3B-Instruct-quantized.w8a8,llama-3.2,Llama-3.2-3B-Instruct,w8a8_int,arc_challenge,77.13,-0.68,-0.5715093634040237,-2.106683830545047,0.9636651037369995,-0.3148521739130435,-0.3346268656716418,True,Llama-3.2-3B-Instruct|s1
RedHatAI/Llama-3.2-3B-Instruct-quantized.w8a8,llama-3.2,Llama-3.2-3B-Instruct,w8a8_int,gsm8k,77.94,-0.38,-0.5201497312879216,-2.055324198428945,1.0150247358531015,-0.3148521739130435,-0.29602941176470593,True,Llama-3.2-3B-Instruct|s1
RedHatAI/Llama-3.2-3B-Instruct-quantized.w8a8,llama-3.2,Llama-3.2-3B-Instruct,w8a8_int,hellaswag,73.62,0.01,-0.5482862390168871,-2.0834607061579105,0.9868882281241361,-0.3148521739130435,-0.2587323943661972,True,Llama-3.2-3B-Instruct|s1
RedHatAI/Llama-3.2-3B-Instruct-quantized.w8a8,llama-3.2,Llama-3.2-3B-Instruct,w8a8_int,winogrande,71.11,0.79,-0.4517670847149472,-1.9869415518559705,1.083407382426076,-0.3148521739130435,-0.15260869565217391,True,Llama-3.2-3B-Instruct|s1
RedHatAI/Llama-3.2-3B-Instruct-FP8-dynamic,llama-3.2,Llama-3.2-3B-Instruct,fp8_dynamic,mmlu,62.98,-0.03,-0.2205224447327098,-1.6779416358288637,1.236896746363444,-0.3751313485113835,-0.51671875,True,Llama-3.2-3B-Instruct|s2
RedHatAI/Llama-3.2-3B-Instruct-FP8-dynamic,llama-3.2,Llama-3.2-3B-Instruct,fp8_dynamic,mmlu_cot,65.4,-0.17,-0.44785631177560925,-1.905275502871763,1.0095628793205447,-0.3751313485113835,-0.6961538461538462,True,Llama-3.2-3B-Instruct|s2
RedHatAI/Llama-3.2-3B-Instruct-FP8-dynamic,llama-3.2,Llama-3.2-3B-Instruct,fp8_dynamic,arc_challenge,77.13,-0.42,-0.13110437257615196,-1.5885235636723058,1.3263148185200018,-0.3751313485113835,-0.42734375,True,Llama-3.2-3B-Instruct|s2
RedHatAI/Llama-3.2-3B-Instruct-FP8-dynamic,llama-3.2,Llama-3.2-3B-Instruct,fp8_dynamic,gsm8k,77.94,-1.22,-0.22281443447649665,-1.6802336255726504,1.2346047566196572,-0.3751313485113835,-0.55828125,True,Llama-3.2-3B-Instruct|s2
RedHatAI/Llama-3.2-3B-Instruct-FP8-dynamic,llama-3.2,Llama-3.2-3B-Instruct,fp8_dynamic,winogrande,71.11,0.0,-0.023538077695861248,-1.480957268792015,1.4338811134002927,-0.3751313485113835,-0.31703125,True,Llama-3.2-3B-Instruct|s2
RedHatAI/Llama-3.2-3B-Instruct-FP8-dynamic,llama-3.2,Llama-3.2-3B-Instruct,fp8_dynamic,hellaswag,73.62,-0.08,0.052571359376380355,-1.4048478317197735,1.5099905504725342,-0.3751313485113835,-0.2090909090909091,True,Llama-3.2-3B-Instruct|s2
RedHatAI/Llama-3.2-3B-Instruct-FP8-dynamic,llama-3.2,Llama-3.2-3B-Instruct,fp8_dynamic,truthfulqa,51.47,-0.41,0.09907608056904493,-1.3583431105271089,1.5564952716651987,-0.3751313485113835,-0.16242424242424244,True,Llama-3.2-3B-Instruct|s2
RedHatAI/Llama-3.2-3B-Instruct-FP8,llama-3.2,Llama-3.2-3B-Instruct,fp8,mmlu,62.98,-0.37,-0.5194817724160619,-1.9769009635122157,0.937937418680092,-0.3751313485113835,-0.51671875,True,Llama-3.2-3B-Instruct|s2
RedHatAI/Llama-3.2-3B-Instruct-FP8,llama-3.2,Llama-3.2-3B-Instruct,fp8,mmlu_cot,65.4,-0.2,-0.7468156394589613,-2.204234830555115,0.7106035516371925,-0.3751313485113835,-0.6961538461538462,True,Llama-3.2-3B-Instruct|s2
RedHatAI/Llama-3.2-3B-Instruct-FP8,llama-3.2,Llama-3.2-3B-Instruct,fp8,arc_challenge,77.13,-0.51,-0.43006370025950397,-1.8874828913556578,1.0273554908366498,-0.3751313485113835,-0.42734375,True,Llama-3.2-3B-Instruct|s2
RedHatAI/Llama-3.2-3B-Instruct-FP8,llama-3.2,Llama-3.2-3B-Instruct,fp8,gsm8k,77.94,-0.08,-0.5217737621598486,-1.9791929532560024,0.9356454289363052,-0.3751313485113835,-0.55828125,True,Llama-3.2-3B-Instruct|s2
RedHatAI/Llama-3.2-3B-Instruct-FP8,llama-3.2,Llama-3.2-3B-Instruct,fp8,hellaswag,73.62,-0.14,-0.24638796830697163,-1.7038071594031254,1.2110312227891822,-0.3751313485113835,-0.2090909090909091,True,Llama-3.2-3B-Instruct|s2
RedHatAI/Llama-3.2-3B-Instruct-FP8,llama-3.2,Llama-3.2-3B-Instruct,fp8,winogrande,71.11,-0.23,-0.32249740537921323,-1.779916596475367,1.1349217857169407,-0.3751313485113835,-0.31703125,True,Llama-3.2-3B-Instruct|s2
RedHatAI/Llama-3.2-3B-Instruct-FP8,llama-3.2,Llama-3.2-3B-Instruct,fp8,truthfulqa,51.47,0.18,-0.1998832471143071,-1.6573024382104609,1.2575359439818468,-0.3751313485113835,-0.16242424242424244,True,Llama-3.2-3B-Instruct|s2
RedHatAI/Llama-3.2-3B-Instruct-quantized.w8a8,llama-3.2,Llama-3.2-3B-Instruct,w8a8_int,mmlu,62.98,-0.23,-0.7463015928624732,-2.203720783958627,0.7111175982336806,-0.3751313485113835,-0.51671875,True,Llama-3.2-3B-Instruct|s2
RedHatAI/Llama-3.2-3B-Instruct-quantized.w8a8,llama-3.2,Llama-3.2-3B-Instruct,w8a8_int,mmlu_cot,65.4,-0.35,-0.9736354599053728,-2.4310546510015265,0.483783731190781,-0.3751313485113835,-0.6961538461538462,True,Llama-3.2-3B-Instruct|s2
RedHatAI/Llama-3.2-3B-Instruct-quantized.w8a8,llama-3.2,Llama-3.2-3B-Instruct,w8a8_int,arc_challenge,77.13,-0.68,-0.6568835207059154,-2.114302711802069,0.8005356703902384,-0.3751313485113835,-0.42734375,True,Llama-3.2-3B-Instruct|s2
RedHatAI/Llama-3.2-3B-Instruct-quantized.w8a8,llama-3.2,Llama-3.2-3B-Instruct,w8a8_int,gsm8k,77.94,-0.38,-0.7485935826062601,-2.206012773702414,0.7088256084898937,-0.3751313485113835,-0.55828125,True,Llama-3.2-3B-Instruct|s2
RedHatAI/Llama-3.2-3B-Instruct-quantized.w8a8,llama-3.2,Llama-3.2-3B-Instruct,w8a8_int,hellaswag,73.62,0.01,-0.4732077887533831,-1.9306269798495368,0.9842114023427707,-0.3751313485113835,-0.2090909090909091,True,Llama-3.2-3B-Instruct|s2
RedHatAI/Llama-3.2-3B-Instruct-quantized.w8a8,llama-3.2,Llama-3.2-3B-Instruct,w8a8_int,winogrande,71.11,0.79,-0.5493172258256247,-2.0067364169217785,0.9081019652705291,-0.3751313485113835,-0.31703125,True,Llama-3.2-3B-Instruct|s2
RedHatAI/Llama-3.2-3B-Instruct-FP8-dynamic,llama-3.2,Llama-3.2-3B-Instruct,fp8_dynamic,mmlu,62.98,-0.03,-0.19239117820515456,-1.61005540307469,1.2252730466643809,-0.41930275229357794,-0.4864516129032258,True,Llama-3.2-3B-Instruct|s3
RedHatAI/Llama-3.2-3B-Instruct-FP8-dynamic,llama-3.2,Llama-3.2-3B-Instruct,fp8_dynamic,mmlu_cot,65.4,-0.17,-0.49770216574526627,-1.9153663906148017,0.9199620591242692,-0.41930275229357794,-0.6961538461538462,True,Llama-3.2-3B-Instruct|s3
RedHatAI/Llama-3.2-3B-Instruct-FP8-dynamic,llama-3.2,Llama-3.2-3B-Instruct,fp8_dynamic,arc_challenge,77.13,-0.42,-0.09495102831095648,-1.512615253180492,1.322713196558579,-0.41930275229357794,-0.44515625000000003,True,Llama-3.2-3B-Instruct|s3
RedHatAI/Llama-3.2-3B-Instruct-FP8-dynamic,llama-3.2,Llama-3.2-3B-Instruct,fp8_dynamic,gsm8k,77.94,-1.22,-0.38564371555288074,-1.8033079404224162,1.0320205093166548,-0.41930275229357794,-0.7859677419354838,True,Llama-3.2-3B-Instruct|s3
RedHatAI/Llama-3.2-3B-Instruct-FP8-dynamic,llama-3.2,Llama-3.2-3B-Instruct,fp8_dynamic,winogrande,71.11,0.0,-0.04688686625902061,-1.464551091128556,1.370777358610515,-0.41930275229357794,-0.3507936507936508,True,Llama-3.2-3B-Instruct|s3
RedHatAI/Llama-3.2-3B-Instruct-FP8-dynamic,llama-3.2,Llama-3.2-3B-Instruct,fp8_dynamic,hellaswag,73.62,-0.08,0.0017270353978155462,-1.4159371894717199,1.419391260267351,-0.41930275229357794,-0.27890625,True,Llama-3.2-3B-Instruct|s3
RedHatAI/Llama-3.2-3B-Instruct-FP8-dynamic,llama-3.2,Llama-3.2-3B-Instruct,fp8_dynamic,truthfulqa,51.47,-0.41,0.09064144287562659,-1.3270227819939089,1.508305667745162,-0.41930275229357794,-0.18564516129032257,True,Llama-3.2-3B-Instruct|s3
RedHatAI/Llama-3.2-3B-Instruct-FP8,llama-3.2,Llama-3.2-3B-Instruct,fp8,mmlu,62.98,-0.37,-0.4380189261318106,-1.855683151001346,0.9796452987377249,-0.41930275229357794,-0.4864516129032258,True,Llama-3.2-3B-Instruct|s3
RedHatAI/Llama-3.2-3B-Instruct-FP8,llama-3.2,Llama-3.2-3B-Instruct,fp8,mmlu_cot,65.4,-0.2,-0.7433299136719224,-2.160994138541458,0.6743343111976131,-0.41930275229357794,-0.6961538461538462,True,Llama-3.2-3B-Instruct|s3
RedHatAI/Llama-3.2-3B-Instruct-FP8,llama-3.2,Llama-3.2-3B-Instruct,fp8,arc_challenge,77.13,-0.51,-0.34057877623761257,-1.758243001107148,1.077085448631923,-0.41930275229357794,-0.44515625000000003,True,Llama-3.2-3B-Instruct|s3
RedHatAI/Llama-3.2-3B-Instruct-FP8,llama-3.2,Llama-3.2-3B-Instruct,fp8,gsm8k,77.94,-0.08,-0.6312714634795369,-2.048935688349072,0.7863927613899986,-0.41930275229357794,-0.7859677419354838,True,Llama-3.2-3B-Instruct|s3
RedHatAI/Llama-3.2-3B-Instruct-FP8,llama-3.2,Llama-3.2-3B-Instruct,fp8,hellaswag,73.62,-0.14,-0.2439007125288405,-1.661564937398376,1.1737635123406949,-0.41930275229357794,-0.27890625,True,Llama-3.2-3B-Instruct|s3
RedHatAI/Llama-3.2-3B-Instruct-FP8,llama-3.2,Llama-3.2-3B-Instruct,fp8,winogrande,71.11,-0.23,-0.29251461418567665,-1.7101788390552122,1.1251496106838588,-0.41930275229357794,-0.3507936507936508,True,Llama-3.2-3B-Instruct|s3
RedHatAI/Llama-3.2-3B-Instruct-FP8,llama-3.2,Llama-3.2-3B-Instruct,fp8,truthfulqa,51.47,0.18,-0.15498630505102945,-1.5726505299205649,1.262677919818506,-0.41930275229357794,-0.18564516129032257,True,Llama-3.2-3B-Instruct|s3
RedHatAI/Llama-3.2-3B-Instruct-quantized.w8a8,llama-3.2,Llama-3.2-3B-Instruct,w8a8_int,mmlu,62.98,-0.23,-0.5976423425844207,-2.015306567453956,0.8200218822851147,-0.41930275229357794,-0.4864516129032258,True,Llama-3.2-3B-Instruct|s3
RedHatAI/Llama-3.2-3B-Instruct-quantized.w8a8,llama-3.2,Llama-3.2-3B-Instruct,w8a8_int,mmlu_cot,65.4,-0.35,-0.9029533301245325,-2.320617554994068,0.514710894745003,-0.41930275229357794,-0.6961538461538462,True,Llama-3.2-3B-Instruct|s3
RedHatAI/Llama-3.2-3B-Instruct-quantized.w8a8,llama-3.2,Llama-3.2-3B-Instruct,w8a8_int,arc_challenge,77.13,-0.68,-0.5002021926902227,-1.9178664175597582,0.9174620321793128,-0.41930275229357794,-0.44515625000000003,True,Llama-3.2-3B-Instruct|s3
RedHatAI/Llama-3.2-3B-Instruct-quantized.w8a8,llama-3.2,Llama-3.2-3B-Instruct,w8a8_int,gsm8k,77.94,-0.38,-0.7908948799321469,-2.208559104801682,0.6267693449373886,-0.41930275229357794,-0.7859677419354838,True,Llama-3.2-3B-Instruct|s3
RedHatAI/Llama-3.2-3B-Instruct-quantized.w8a8,llama-3.2,Llama-3.2-3B-Instruct,w8a8_int,hellaswag,73.62,0.01,-0.4035241289814506,-1.821188353850986,1.0141400958880848,-0.41930275229357794,-0.27890625,True,Llama-3.2-3B-Instruct|s3
RedHatAI/Llama-3.2-3B-Instruct-quantized.w8a8,llama-3.2,Llama-3.2-3B-Instruct,w8a8_int,winogrande,71.11,0.79,-0.4521380306382868,-1.8698022555078222,0.9655261942312487,-0.41930275229357794,-0.3507936507936508,True,Llama-3.2-3B-Instruct|s3
RedHatAI/Llama-3.2-3B-Instruct-FP8-dynamic,llama-3.2,Llama-3.2-3B-Instruct,fp8_dynamic,mmlu,62.98,-0.03,-0.28030051835135866,-1.6534115994090897,1.0928105627063722,-0.33516407599309156,-0.5515492957746478,True,Llama-3.2-3B-Instruct|s4
RedHatAI/Llama-3.2-3B-Instruct-FP8-dynamic,llama-3.2,Llama-3.2-3B-Instruct,fp8_dynamic,mmlu_cot,65.4,-0.17,-0.6428878372563291,-2.01599891831406,0.7302232438014018,-0.33516407599309156,-0.84,True,Llama-3.2-3B-Instruct|s4
RedHatAI/Llama-3.2-3B-Instruct-FP8-dynamic,llama-3.2,Llama-3.2-3B-Instruct,fp8_dynamic,arc_challenge,77.13,-0.42,-0.1378668970946093,-1.5109779781523403,1.2352441839631216,-0.33516407599309156,-0.4211594202898551,True,Llama-3.2-3B-Instruct|s4
RedHatAI/Llama-3.2-3B-Instruct-FP8-dynamic,llama-3.2,Llama-3.2-3B-Instruct,fp8_dynamic,gsm8k,77.94,-1.22,-0.07659378935244832,-1.4497048704101791,1.2965172917052827,-0.33516407599309156,-0.36442857142857144,True,Llama-3.2-3B-Instruct|s4
RedHatAI/Llama-3.2-3B-Instruct-FP8-dynamic,llama-3.2,Llama-3.2-3B-Instruct,fp8_dynamic,winogrande,71.11,0.0,0.06247973759551195,-1.310631343462219,1.435590818653243,-0.33516407599309156,-0.17366197183098592,True,Llama-3.2-3B-Instruct|s4
RedHatAI/Llama-3.2-3B-Instruct-FP8-dynamic,llama-3.2,Llama-3.2-3B-Instruct,fp8_dynamic,hellaswag,73.62,-0.08,-0.06375224254701756,-1.4368633236047486,1.3093588385107133,-0.33516407599309156,-0.30972602739726024,True,Llama-3.2-3B-Instruct|s4
RedHatAI/Llama-3.2-3B-Instruct-FP8-dynamic,llama-3.2,Llama-3.2-3B-Instruct,fp8_dynamic,truthfulqa,51.47,-0.41,0.023072606130447648,-1.3500384749272833,1.3961836871881785,-0.33516407599309156,-0.2154929577464789,True,Llama-3.2-3B-Instruct|s4
RedHatAI/Llama-3.2-3B-Instruct-FP8,llama-3.2,Llama-3.2-3B-Instruct,fp8,mmlu,62.98,-0.37,-0.4271431146196285,-1.8002541956773594,0.9459679664381024,-0.33516407599309156,-0.5515492957746478,True,Llama-3.2-3B-Instruct|s4
RedHatAI/Llama-3.2-3B-Instruct-FP8,llama-3.2,Llama-3.2-3B-Instruct,fp8,mmlu_cot,65.4,-0.2,-0.789730433524599,-2.16284151458233,0.5833806475331319,-0.33516407599309156,-0.84,True,Llama-3.2-3B-Instruct|s4
RedHatAI/Llama-3.2-3B-Instruct-FP8,llama-3.2,Llama-3.2-3B-Instruct,fp8,arc_challenge,77.13,-0.51,-0.28470949336287915,-1.65782057442061,1.0884015876948518,-0.33516407599309156,-0.4211594202898551,True,Llama-3.2-3B-Instruct|s4
RedHatAI/Llama-3.2-3B-Instruct-FP8,llama-3.2,Llama-3.2-3B-Instruct,fp8,gsm8k,77.94,-0.08,-0.22343638562071816,-1.5965474666784492,1.1496746954370127,-0.33516407599309156,-0.36442857142857144,True,Llama-3.2-3B-Instruct|s4
RedHatAI/Llama-3.2-3B-Instruct-FP8,llama-3.2,Llama-3.2-3B-Instruct,fp8,hellaswag,73.62,-0.14,-0.21059483881528737,-1.5837059198730183,1.1625162422424435,-0.33516407599309156,-0.30972602739726024,True,Llama-3.2-3B-Instruct|s4
RedHatAI/Llama-3.2-3B-Instruct-FP8,llama-3.2,Llama-3.2-3B-Instruct,fp8,winogrande,71.11,-0.23,-0.08436285867275789,-1.4574739397304888,1.288748222384973,-0.33516407599309156,-0.17366197183098592,True,Llama-3.2-3B-Instruct|s4
RedHatAI/Llama-3.2-3B-Instruct-FP8,llama-3.2,Llama-3.2-3B-Instruct,fp8,truthfulqa,51.47,0.18,-0.1237699901378222,-1.4968810711955531,1.2493410909199087,-0.33516407599309156,-0.2154929577464789,True,Llama-3.2-3B-Instruct|s4
RedHatAI/Llama-3.2-3B-Instruct-quantized.w8a8,llama-3.2,Llama-3.2-3B-Instruct,w8a8_int,mmlu,62.98,-0.23,-0.5725466830135589,-1.94565776407129,0.800564398044172,-0.33516407599309156,-0.5515492957746478,True,Llama-3.2-3B-Instruct|s4
RedHatAI/Llama-3.2-3B-Instruct-quantized.w8a8,llama-3.2,Llama-3.2-3B-Instruct,w8a8_int,mmlu_cot,65.4,-0.35,-0.9351340019185295,-2.3082450829762604,0.4379770791392015,-0.33516407599309156,-0.84,True,Llama-3.2-3B-Instruct|s4
RedHatAI/Llama-3.2-3B-Instruct-quantized.w8a8,llama-3.2,Llama-3.2-3B-Instruct,w8a8_int,arc_challenge,77.13,-0.68,-0.4301130617568095,-1.8032241428145404,0.9429980193009214,-0.33516407599309156,-0.4211594202898551,True,Llama-3.2-3B-Instruct|s4
RedHatAI/Llama-3.2-3B-Instruct-quantized.w8a8,llama-3.2,Llama-3.2-3B-Instruct,w8a8_int,gsm8k,77.94,-0.38,-0.36883995401464853,-1.7419510350723795,1.0042711270430824,-0.33516407599309156,-0.36442857142857144,True,Llama-3.2-3B-Instruct|s4
RedHatAI/Llama-3.2-3B-Instruct-quantized.w8a8,llama-3.2,Llama-3.2-3B-Instruct,w8a8_int,hellaswag,73.62,0.01,-0.3559984072092177,-1.7291094882669487,1.0171126738485132,-0.33516407599309156,-0.30972602739726024,True,Llama-3.2-3B-Instruct|s4
RedHatAI/Llama-3.2-3B-Instruct-quantized.w8a8,llama-3.2,Llama-3.2-3B-Instruct,w8a8_int,winogrande,71.11,0.79,-0.2297664270666882,-1.602877508124419,1.1433446539910428,-0.33516407599309156,-0.17366197183098592,True,Llama-3.2-3B-Instruct|s4
RedHatAI/Llama-3.3-70B-Instruct-FP8-dynamic,llama-3.3,Llama-3.3-70B-Instruct,fp8_dynamic,mmlu,81.6,-0.29,-0.05571235775801642,-1.7198575476182039,1.6084328321021708,-0.41037837837837843,-0.5056338028169014,True,Llama-3.3-70B-Instruct|s0
RedHatAI/Llama-3.3-70B-Instruct-FP8-dynamic,llama-3.3,Llama-3.3-70B-Instruct,fp8_dynamic,mmlu_cot,86.58,-0.24,-0.31552925815235733,-1.9796744480125446,1.3486159317078301,-0.41037837837837843,-0.6230769230769231,True,Llama-3.3-70B-Instruct|s0
RedHatAI/Llama-3.3-70B-Instruct-FP8-dynamic,llama-3.3,Llama-3.3-70B-Instruct,fp8_dynamic,arc_challenge,49.23,2.73,-0.14182093254750244,-1.8059661224076897,1.522324257312685,-0.41037837837837843,-0.4853521126760563,False,Llama-3.3-70B-Instruct|s0
RedHatAI/Llama-3.3-70B-Instruct-FP8-dynamic,llama-3.3,Llama-3.3-70B-Instruct,fp8_dynamic,gsm8k,94.16,0.76,-0.2048861226016049,-1.8690313124617923,1.4592590672585823,-0.41037837837837843,-0.6771428571428572,True,Llama-3.3-70B-Instruct|s0
RedHatAI/Llama-3.3-70B-Instruct-FP8-dynamic,llama-3.3,Llama-3.3-70B-Instruct,fp8_dynamic,hellaswag,86.49,-0.06,0.14372890954454925,-1.520416280315638,1.8078740994047366,-0.41037837837837843,-0.2526388888888889,True,Llama-3.3-70B-Instruct|s0
RedHatAI/Llama-3.3-70B-Instruct-FP8-dynamic,llama-3.3,Llama-3.3-70B-Instruct,fp8_dynamic,winogrande,84.77,-0.24,0.19884959997164103,-1.4652955898885462,1.8629947898318284,-0.41037837837837843,-0.18085714285714286,True,Llama-3.3-70B-Instruct|s0
RedHatAI/Llama-3.3-70B-Instruct-FP8-dynamic,llama-3.3,Llama-3.3-70B-Instruct,fp8_dynamic,truthfulqa,62.75,0.46,0.2687546341710037,-1.3953905556891837,1.932899824031191,-0.41037837837837843,-0.13521739130434782,True,Llama-3.3-70B-Instruct|s0
RedHatAI/Llama-3.3-70B-Instruct-FP8-dynamic,llama-3.3,Llama-3.3-70B-Instruct,fp8_dynamic,mmlu_pro,51.89,-0.39,-1.0944329815779847,-2.758578171438172,0.5697122082822026,-0.41037837837837843,-1.7734999999999999,True,Llama-3.3-70B-Instruct|s0
RedHatAI/Llama-3.3-70B-Instruct-FP8-dynamic,llama-3.3,Llama-3.3-70B-Instruct,fp8_dynamic,ifeval,90.89,0.03,0.28713505280364865,-1.3770101370565386,1.951280242663836,-0.41037837837837843,-0.08199999999999999,True,Llama-3.3-70B-Instruct|s0
RedHatAI/Llama-3.3-70B-Instruct-FP8-dynamic,llama-3.3,Llama-3.3-70B-Instruct,fp8_dynamic,bbh,63.15,-0.31,-0.27071989239067723,-1.9348650822508646,1.39342529746951,-0.41037837837837843,-0.8252380952380951,True,Llama-3.3-70B-Instruct|s0
RedHatAI/Llama-3.3-70B-Instruct-FP8-dynamic,llama-3.3,Llama-3.3-70B-Instruct,fp8_dynamic,gpqa,46.1,0.2,0.5568370753176977,-1.1073081145424897,2.220982265177885,-0.41037837837837843,0.09692307692307692,True,Llama-3.3-70B-Instruct|s0
RedHatAI/Llama-3.3-70B-Instruct-FP8-dynamic,llama-3.3,Llama-3.3-70B-Instruct,fp8_dynamic,musr,44.35,-0.39,1.037380806219423,-0.6267643836407644,2.70152599607961,-0.41037837837837843,0.5142857142857143,True,Llama-3.3-70B-Instruct|s0
RedHatAI/Llama-3.3-70B-Instruct-FP8-dynamic,llama-3.3,Llama-3.3-70B-Instruct,fp8_dynamic,humaneval,83.2,0.5,0.08586582424650441,-1.5782793656136829,1.7500110141066918,-0.41037837837837843,-0.4810526315789474,True,Llama-3.3-70B-Instruct|s0
RedHatAI/Llama-3.3-70B-Instruct-FP8-dynamic,llama-3.3,Llama-3.3-70B-Instruct,fp8_dynamic,humaneval_plus,78.4,0.3,0.06061707867632854,-1.6035281111838589,1.7247622685365158,-0.41037837837837843,-0.19999999999999998,True,Llama-3.3-70B-Instruct|s0
RedHatAI/Llama-3.3-70B-Instruct-NVFP4,llama-3.3,Llama-3.3-70B-Instruct,nvfp4,arc_challenge,93.39,-0.77,-0.820129706003182,-2.4842748958633694,0.8440154838570053,-0.41037837837837843,-0.4853521126760563,True,Llama-3.3-70B-Instruct|s0
RedHatAI/Llama-3.3-70B-Instruct-NVFP4,llama-3.3,Llama-3.3-70B-Instruct,nvfp4,gsm8k,85.22,-8.12,-0.92993045216005,-2.594075642020237,0.7342147377001373,-0.41037837837837843,-0.6771428571428572,False,Llama-3.3-70B-Instruct|s0
RedHatAI/Llama-3.3-70B-Instruct-NVFP4,llama-3.3,Llama-3.3-70B-Instruct,nvfp4,hellaswag,70.23,5.17,-0.6279104562382207,-2.292055646098408,1.0362347336219666,-0.41037837837837843,-0.2526388888888889,False,Llama-3.3-70B-Instruct|s0
RedHatAI/Llama-3.3-70B-Instruct-NVFP4,llama-3.3,Llama-3.3-70B-Instruct,nvfp4,winogrande,73.48,-0.95,-0.5541270792024324,-2.21827226906262,1.110018110657755,-0.41037837837837843,-0.18085714285714286,True,Llama-3.3-70B-Instruct|s0
RedHatAI/Llama-3.3-70B-Instruct-NVFP4,llama-3.3,Llama-3.3-70B-Instruct,nvfp4,truthfulqa,66.26,0.0,-0.472270109819549,-2.1364152996797365,1.1918750800406384,-0.41037837837837843,-0.13521739130434782,True,Llama-3.3-70B-Instruct|s0
RedHatAI/Llama-3.3-70B-Instruct-NVFP4,llama-3.3,Llama-3.3-70B-Instruct,nvfp4,mmlu_pro,53.48,-3.22,-1.837341735474842,-3.5014869253350294,-0.1731965456146547,-0.41037837837837843,-1.7734999999999999,True,Llama-3.3-70B-Instruct|s0
RedHatAI/Llama-3.3-70B-Instruct-NVFP4,llama-3.3,Llama-3.3-70B-Instruct,nvfp4,ifeval,92.45,-0.96,-0.4742672497878181,-2.1384124396480053,1.1898779400723694,-0.41037837837837843,-0.08199999999999999,True,Llama-3.3-70B-Instruct|s0
RedHatAI/Llama-3.3-70B-Instruct-NVFP4,llama-3.3,Llama-3.3-70B-Instruct,nvfp4,bbh,69.05,-2.74,-1.0025799652632317,-2.666725155123419,0.6615652245969557,-0.41037837837837843,-0.8252380952380951,False,Llama-3.3-70B-Instruct|s0
RedHatAI/Llama-3.3-70B-Instruct-NVFP4,llama-3.3,Llama-3.3-70B-Instruct,nvfp4,gpqa,31.63,0.58,-0.3332035207600127,-1.9973487106202001,1.3309416691001745,-0.41037837837837843,0.09692307692307692,True,Llama-3.3-70B-Instruct|s0
RedHatAI/Llama-3.3-70B-Instruct-NVFP4,llama-3.3,Llama-3.3-70B-Instruct,nvfp4,musr,44.18,0.0,0.28326636758588236,-1.380878822274305,1.9474115574460698,-0.41037837837837843,0.5142857142857143,True,Llama-3.3-70B-Instruct|s0
RedHatAI/Llama-3.3-70B-Instruct-NVFP4,llama-3.3,Llama-3.3-70B-Instruct,nvfp4,humaneval,88.69,-3.92,-0.6985644290063953,-2.3627096188665826,0.9655807608537921,-0.41037837837837843,-0.4810526315789474,False,Llama-3.3-70B-Instruct|s0
RedHatAI/Llama-3.3-70B-Instruct-quantized.w4a16,llama-3.3,Llama-3.3-70B-Instruct,w4a16,mmlu,81.6,-0.98,-0.6413536433465815,-2.305498833206769,1.0227915465136057,-0.41037837837837843,-0.5056338028169014,True,Llama-3.3-70B-Instruct|s0
RedHatAI/Llama-3.3-70B-Instruct-quantized.w4a16,llama-3.3,Llama-3.3-70B-Instruct,w4a16,mmlu_cot,86.58,-0.77,-0.9011705437409223,-2.5653157336011096,0.762974646119265,-0.41037837837837843,-0.6230769230769231,True,Llama-3.3-70B-Instruct|s0
RedHatAI/Llama-3.3-70B-Instruct-quantized.w4a16,llama-3.3,Llama-3.3-70B-Instruct,w4a16,arc_challenge,49.23,0.26,-0.7274622181360676,-2.391607407996255,0.9366829717241197,-0.41037837837837843,-0.4853521126760563,True,Llama-3.3-70B-Instruct|s0
RedHatAI/Llama-3.3-70B-Instruct-quantized.w4a16,llama-3.3,Llama-3.3-70B-Instruct,w4a16,gsm8k,94.16,0.31,-0.7905274081901699,-2.454672598050357,0.8736177816700175,-0.41037837837837843,-0.6771428571428572,True,Llama-3.3-70B-Instruct|s0
RedHatAI/Llama-3.3-70B-Instruct-quantized.w4a16,llama-3.3,Llama-3.3-70B-Instruct,w4a16,hellaswag,86.49,-0.52,-0.4419123760440156,-2.106057565904203,1.2222328138161718,-0.41037837837837843,-0.2526388888888889,True,Llama-3.3-70B-Instruct|s0
RedHatAI/Llama-3.3-70B-Instruct-quantized.w4a16,llama-3.3,Llama-3.3-70B-Instruct,w4a16,winogrande,84.77,-0.32,-0.3867916856169239,-2.0509368754771113,1.2773535042432633,-0.41037837837837843,-0.18085714285714286,True,Llama-3.3-70B-Instruct|s0
RedHatAI/Llama-3.3-70B-Instruct-quantized.w4a16,llama-3.3,Llama-3.3-70B-Instruct,w4a16,truthfulqa,62.75,-1.09,-0.3168866514175612,-1.9810318412777486,1.347258538442626,-0.41037837837837843,-0.13521739130434782,True,Llama-3.3-70B-Instruct|s0
RedHatAI/Llama-3.3-70B-Instruct-quantized.w4a16,llama-3.3,Llama-3.3-70B-Instruct,w4a16,humaneval,83.2,0.2,-0.4997754613420605,-2.1639206512022477,1.164369728518127,-0.41037837837837843,-0.4810526315789474,True,Llama-3.3-70B-Instruct|s0
RedHatAI/Llama-3.3-70B-Instruct-quantized.w4a16,llama-3.3,Llama-3.3-70B-Instruct,w4a16,humaneval_plus,78.4,0.2,-0.5250242069122364,-2.1891693967724235,1.139120982947951,-0.41037837837837843,-0.19999999999999998,True,Llama-3.3-70B-Instruct|s0
RedHatAI/Llama-3.3-70B-Instruct-quantized.w8a8,llama-3.3,Llama-3.3-70B-Instruct,w8a8_int,mmlu,81.6,-0.41,-0.6383062197023581,-2.3024514095625452,1.0258389701578292,-0.41037837837837843,-0.5056338028169014,True,Llama-3.3-70B-Instruct|s0
RedHatAI/Llama-3.3-70B-Instruct-quantized.w8a8,llama-3.3,Llama-3.3-70B-Instruct,w8a8_int,mmlu_cot,86.58,-0.66,-0.8981231200966991,-2.5622683099568864,0.7660220697634882,-0.41037837837837843,-0.6230769230769231,True,Llama-3.3-70B-Instruct|s0
RedHatAI/Llama-3.3-70B-Instruct-quantized.w8a8,llama-3.3,Llama-3.3-70B-Instruct,w8a8_int,arc_challenge,49.23,-1.19,-0.7244147944918443,-2.3885599843520318,0.939730395368343,-0.41037837837837843,-0.4853521126760563,True,Llama-3.3-70B-Instruct|s0
RedHatAI/Llama-3.3-70B-Instruct-quantized.w8a8,llama-3.3,Llama-3.3-70B-Instruct,w8a8_int,gsm8k,94.16,-0.15,-0.7874799845459466,-2.451625174406134,0.8766652053142407,-0.41037837837837843,-0.6771428571428572,True,Llama-3.3-70B-Instruct|s0
RedHatAI/Llama-3.3-70B-Instruct-quantized.w8a8,llama-3.3,Llama-3.3-70B-Instruct,w8a8_int,hellaswag,86.49,-0.02,-0.43886495239979245,-2.1030101422599796,1.2252802374603948,-0.41037837837837843,-0.2526388888888889,True,Llama-3.3-70B-Instruct|s0
RedHatAI/Llama-3.3-70B-Instruct-quantized.w8a8,llama-3.3,Llama-3.3-70B-Instruct,w8a8_int,winogrande,84.77,-1.03,-0.38374426197270084,-2.047889451832888,1.2804009278874866,-0.41037837837837843,-0.18085714285714286,True,Llama-3.3-70B-Instruct|s0
RedHatAI/Llama-3.3-70B-Instruct-quantized.w8a8,llama-3.3,Llama-3.3-70B-Instruct,w8a8_int,truthfulqa,63.09,-0.34,-0.31257622851583855,-1.9767214183760258,1.351568961344349,-0.41037837837837843,-0.13521739130434782,True,Llama-3.3-70B-Instruct|s0
RedHatAI/Llama-3.3-70B-Instruct-quantized.w8a8,llama-3.3,Llama-3.3-70B-Instruct,w8a8_int,bbh,63.15,-0.61,-0.8533137543350191,-2.5174589441952064,0.8108314355251682,-0.41037837837837843,-0.8252380952380951,True,Llama-3.3-70B-Instruct|s0
RedHatAI/Llama-3.3-70B-Instruct-quantized.w8a8,llama-3.3,Llama-3.3-70B-Instruct,w8a8_int,gpqa,46.1,0.34,-0.025756786626644046,-1.6899019764868313,1.6383884032335434,-0.41037837837837843,0.09692307692307692,True,Llama-3.3-70B-Instruct|s0
RedHatAI/Llama-3.3-70B-Instruct-quantized.w8a8,llama-3.3,Llama-3.3-70B-Instruct,w8a8_int,musr,44.35,-0.01,0.4547869442750812,-1.2093582455851062,2.1189321341352687,-0.41037837837837843,0.5142857142857143,True,Llama-3.3-70B-Instruct|s0
RedHatAI/Llama-3.3-70B-Instruct-quantized.w8a8,llama-3.3,Llama-3.3-70B-Instruct,w8a8_int,humaneval,83.2,0.1,-0.4967280376978373,-2.1608732275580245,1.16741715216235,-0.41037837837837843,-0.4810526315789474,True,Llama-3.3-70B-Instruct|s0
RedHatAI/Llama-3.3-70B-Instruct-quantized.w8a8,llama-3.3,Llama-3.3-70B-Instruct,w8a8_int,humaneval_plus,78.4,0.2,-0.5219767832680133,-2.1861219731282007,1.142168406592174,-0.41037837837837843,-0.19999999999999998,True,Llama-3.3-70B-Instruct|s0
RedHatAI/Llama-3.3-70B-Instruct-FP8-dynamic,llama-3.3,Llama-3.3-70B-Instruct,fp8_dynamic,mmlu,81.6,-0.29,-0.10570768547082454,-1.424476390341751,1.213061019400102,-0.37078787878787883,-0.5091525423728813,True,Llama-3.3-70B-Instruct|s1
RedHatAI/Llama-3.3-70B-Instruct-FP8-dynamic,llama-3.3,Llama-3.3-70B-Instruct,fp8_dynamic,mmlu_cot,86.58,-0.24,-0.26265395917140816,-1.5814226640423346,1.0561147456995184,-0.37078787878787883,-0.6133333333333334,True,Llama-3.3-70B-Instruct|s1
RedHatAI/Llama-3.3-70B-Instruct-FP8-dynamic,llama-3.3,Llama-3.3-70B-Instruct,fp8_dynamic,arc_challenge,49.23,2.73,-0.16328265655478552,-1.482051361425712,1.1554860483161409,-0.37078787878787883,-0.4447368421052632,False,Llama-3.3-70B-Instruct|s1
RedHatAI/Llama-3.3-70B-Instruct-FP8-dynamic,llama-3.3,Llama-3.3-70B-Instruct,fp8_dynamic,gsm8k,94.16,0.76,-0.020184032731327683,-1.338952737602254,1.2985846721395988,-0.37078787878787883,-0.44016949152542373,True,Llama-3.3-70B-Instruct|s1
RedHatAI/Llama-3.3-70B-Instruct-FP8-dynamic,llama-3.3,Llama-3.3-70B-Instruct,fp8_dynamic,hellaswag,86.49,-0.06,0.0767033066345093,-1.2420653982364172,1.3954720115054358,-0.37078787878787883,-0.2757377049180328,True,Llama-3.3-70B-Instruct|s1
RedHatAI/Llama-3.3-70B-Instruct-FP8-dynamic,llama-3.3,Llama-3.3-70B-Instruct,fp8_dynamic,winogrande,84.77,-0.24,0.012709489328861068,-1.3060592155420654,1.3314781941997875,-0.37078787878787883,-0.3405084745762712,True,Llama-3.3-70B-Instruct|s1
RedHatAI/Llama-3.3-70B-Instruct-FP8-dynamic,llama-3.3,Llama-3.3-70B-Instruct,fp8_dynamic,truthfulqa,62.75,0.46,0.06928915708155403,-1.2494795477893725,1.3880578619524804,-0.37078787878787883,-0.27099999999999996,True,Llama-3.3-70B-Instruct|s1
RedHatAI/Llama-3.3-70B-Instruct-FP8-dynamic,llama-3.3,Llama-3.3-70B-Instruct,fp8_dynamic,mmlu_pro,51.89,-0.39,-0.8243905067174313,-2.1431592115883578,0.49437819815349515,-0.37078787878787883,-1.4252173913043478,True,Llama-3.3-70B-Instruct|s1
RedHatAI/Llama-3.3-70B-Instruct-FP8-dynamic,llama-3.3,Llama-3.3-70B-Instruct,fp8_dynamic,ifeval,90.89,0.03,0.18302338092255055,-1.135745323948376,1.501792085793477,-0.37078787878787883,-0.23285714285714285,True,Llama-3.3-70B-Instruct|s1
RedHatAI/Llama-3.3-70B-Instruct-FP8-dynamic,llama-3.3,Llama-3.3-70B-Instruct,fp8_dynamic,bbh,63.15,-0.31,-0.2725380049586115,-1.591306709829538,1.046230699912315,-0.37078787878787883,-0.8022727272727272,True,Llama-3.3-70B-Instruct|s1
RedHatAI/Llama-3.3-70B-Instruct-FP8-dynamic,llama-3.3,Llama-3.3-70B-Instruct,fp8_dynamic,gpqa,46.1,0.2,0.6350378348519232,-0.6837308700190032,1.9538065397228497,-0.37078787878787883,0.292,True,Llama-3.3-70B-Instruct|s1
RedHatAI/Llama-3.3-70B-Instruct-FP8-dynamic,llama-3.3,Llama-3.3-70B-Instruct,fp8_dynamic,musr,44.35,-0.39,0.6924099577108962,-0.6263587471600303,2.0111786625818224,-0.37078787878787883,0.26636363636363636,True,Llama-3.3-70B-Instruct|s1
RedHatAI/Llama-3.3-70B-Instruct-FP8-dynamic,llama-3.3,Llama-3.3-70B-Instruct,fp8_dynamic,humaneval,83.2,0.5,0.13268770392442653,-1.1860810009465,1.451456408795353,-0.37078787878787883,-0.3547368421052632,True,Llama-3.3-70B-Instruct|s1
RedHatAI/Llama-3.3-70B-Instruct-FP8-dynamic,llama-3.3,Llama-3.3-70B-Instruct,fp8_dynamic,humaneval_plus,78.4,0.3,0.24296649132977,-1.0758022135411565,1.5617351962006965,-0.37078787878787883,0.0,True,Llama-3.3-70B-Instruct|s1
RedHatAI/Llama-3.3-70B-Instruct-NVFP4,llama-3.3,Llama-3.3-70B-Instruct,nvfp4,arc_challenge,93.39,-0.77,-0.7855987771093418,-2.104367481980268,0.5331699277615847,-0.37078787878787883,-0.4447368421052632,True,Llama-3.3-70B-Instruct|s1
RedHatAI/Llama-3.3-70B-Instruct-NVFP4,llama-3.3,Llama-3.3-70B-Instruct,nvfp4,gsm8k,85.22,-8.12,-0.7908616286243273,-2.1096303334952538,0.5279070762465992,-0.37078787878787883,-0.44016949152542373,False,Llama-3.3-70B-Instruct|s1
RedHatAI/Llama-3.3-70B-Instruct-NVFP4,llama-3.3,Llama-3.3-70B-Instruct,nvfp4,hellaswag,70.23,5.17,-0.7450399004956929,-2.0638086053666194,0.5737288043752335,-0.37078787878787883,-0.2757377049180328,False,Llama-3.3-70B-Instruct|s1
RedHatAI/Llama-3.3-70B-Instruct-NVFP4,llama-3.3,Llama-3.3-70B-Instruct,nvfp4,winogrande,73.48,-0.95,-0.7756259678860626,-2.094394672756989,0.5431427369848638,-0.37078787878787883,-0.3405084745762712,True,Llama-3.3-70B-Instruct|s1
RedHatAI/Llama-3.3-70B-Instruct-NVFP4,llama-3.3,Llama-3.3-70B-Instruct,nvfp4,truthfulqa,66.26,0.0,-0.6746154629618362,-1.9933841678327626,0.6441532419090903,-0.37078787878787883,-0.27099999999999996,True,Llama-3.3-70B-Instruct|s1
RedHatAI/Llama-3.3-70B-Instruct-NVFP4,llama-3.3,Llama-3.3-70B-Instruct,nvfp4,mmlu_pro,53.48,-3.22,-1.5738396670580737,-2.892608371929,-0.2550709621871472,-0.37078787878787883,-1.4252173913043478,False,Llama-3.3-70B-Instruct|s1
RedHatAI/Llama-3.3-70B-Instruct-NVFP4,llama-3.3,Llama-3.3-70B-Instruct,nvfp4,ifeval,92.45,-0.96,-0.5739717563466176,-1.892740461217544,0.7447969485243089,-0.37078787878787883,-0.23285714285714285,True,Llama-3.3-70B-Instruct|s1
RedHatAI/Llama-3.3-70B-Instruct-NVFP4,llama-3.3,Llama-3.3-70B-Instruct,nvfp4,bbh,69.05,-2.74,-1.0047400123345502,-2.3235087172054767,0.3140286925363762,-0.37078787878787883,-0.8022727272727272,False,Llama-3.3-70B-Instruct|s1
RedHatAI/Llama-3.3-70B-Instruct-NVFP4,llama-3.3,Llama-3.3-70B-Instruct,nvfp4,gpqa,31.63,0.58,-0.18812220595892176,-1.5068909108298483,1.1306464989120046,-0.37078787878787883,0.292,True,Llama-3.3-70B-Instruct|s1
RedHatAI/Llama-3.3-70B-Instruct-NVFP4,llama-3.3,Llama-3.3-70B-Instruct,nvfp4,musr,44.18,0.0,-0.06409493525861143,-1.3828636401295378,1.2546737696123151,-0.37078787878787883,0.26636363636363636,True,Llama-3.3-70B-Instruct|s1
RedHatAI/Llama-3.3-70B-Instruct-NVFP4,llama-3.3,Llama-3.3-70B-Instruct,nvfp4,humaneval,88.69,-3.92,-0.6361719627416165,-1.954940667612543,0.68259674212931,-0.37078787878787883,-0.3547368421052632,False,Llama-3.3-70B-Instruct|s1
RedHatAI/Llama-3.3-70B-Instruct-quantized.w4a16,llama-3.3,Llama-3.3-70B-Instruct,w4a16,mmlu,81.6,-0.98,-0.6666764190605403,-1.9854451239314668,0.6520922858103861,-0.37078787878787883,-0.5091525423728813,True,Llama-3.3-70B-Instruct|s1
RedHatAI/Llama-3.3-70B-Instruct-quantized.w4a16,llama-3.3,Llama-3.3-70B-Instruct,w4a16,mmlu_cot,86.58,-0.77,-0.8236226927611241,-2.1423913976320508,0.49514601210980236,-0.37078787878787883,-0.6133333333333334,True,Llama-3.3-70B-Instruct|s1
RedHatAI/Llama-3.3-70B-Instruct-quantized.w4a16,llama-3.3,Llama-3.3-70B-Instruct,w4a16,arc_challenge,49.23,0.26,-0.7242513901445014,-2.043020095015428,0.5945173147264251,-0.37078787878787883,-0.4447368421052632,True,Llama-3.3-70B-Instruct|s1
RedHatAI/Llama-3.3-70B-Instruct-quantized.w4a16,llama-3.3,Llama-3.3-70B-Instruct,w4a16,gsm8k,94.16,0.31,-0.5811527663210434,-1.8999214711919699,0.737615938549883,-0.37078787878787883,-0.44016949152542373,True,Llama-3.3-70B-Instruct|s1
RedHatAI/Llama-3.3-70B-Instruct-quantized.w4a16,llama-3.3,Llama-3.3-70B-Instruct,w4a16,hellaswag,86.49,-0.52,-0.4842654269552066,-1.803034131826133,0.8345032779157199,-0.37078787878787883,-0.2757377049180328,True,Llama-3.3-70B-Instruct|s1
RedHatAI/Llama-3.3-70B-Instruct-quantized.w4a16,llama-3.3,Llama-3.3-70B-Instruct,w4a16,winogrande,84.77,-0.32,-0.5482592442608549,-1.8670279491317814,0.7705094606100715,-0.37078787878787883,-0.3405084745762712,True,Llama-3.3-70B-Instruct|s1
RedHatAI/Llama-3.3-70B-Instruct-quantized.w4a16,llama-3.3,Llama-3.3-70B-Instruct,w4a16,truthfulqa,62.75,-1.09,-0.4916795765081618,-1.8104482813790883,0.8270891283627646,-0.37078787878787883,-0.27099999999999996,True,Llama-3.3-70B-Instruct|s1
RedHatAI/Llama-3.3-70B-Instruct-quantized.w4a16,llama-3.3,Llama-3.3-70B-Instruct,w4a16,humaneval,83.2,0.2,-0.4282810296652894,-1.747049734536216,0.890487675205637,-0.37078787878787883,-0.3547368421052632,True,Llama-3.3-70B-Instruct|s1
RedHatAI/Llama-3.3-70B-Instruct-quantized.w4a16,llama-3.3,Llama-3.3-70B-Instruct,w4a16,humaneval_plus,78.4,0.2,-0.3180022422599459,-1.6367709471308722,1.0007664626109807,-0.37078787878787883,0.0,True,Llama-3.3-70B-Instruct|s1
RedHatAI/Llama-3.3-70B-Instruct-quantized.w8a8,llama-3.3,Llama-3.3-70B-Instruct,w8a8_int,mmlu,81.6,-0.41,-0.2285740961760193,-1.5473428010469457,1.0901946086949073,-0.37078787878787883,-0.5091525423728813,True,Llama-3.3-70B-Instruct|s1
RedHatAI/Llama-3.3-70B-Instruct-quantized.w8a8,llama-3.3,Llama-3.3-70B-Instruct,w8a8_int,mmlu_cot,86.58,-0.66,-0.385520369876603,-1.7042890747475294,0.9332483349943235,-0.37078787878787883,-0.6133333333333334,True,Llama-3.3-70B-Instruct|s1
RedHatAI/Llama-3.3-70B-Instruct-quantized.w8a8,llama-3.3,Llama-3.3-70B-Instruct,w8a8_int,arc_challenge,49.23,-1.19,-0.28614906725998035,-1.6049177721309067,1.0326196376109462,-0.37078787878787883,-0.4447368421052632,True,Llama-3.3-70B-Instruct|s1
RedHatAI/Llama-3.3-70B-Instruct-quantized.w8a8,llama-3.3,Llama-3.3-70B-Instruct,w8a8_int,gsm8k,94.16,-0.15,-0.14305044343652246,-1.461819148307449,1.175718261434404,-0.37078787878787883,-0.44016949152542373,True,Llama-3.3-70B-Instruct|s1
RedHatAI/Llama-3.3-70B-Instruct-quantized.w8a8,llama-3.3,Llama-3.3-70B-Instruct,w8a8_int,hellaswag,86.49,-0.02,-0.04616310407068558,-1.364931808941612,1.2726056008002409,-0.37078787878787883,-0.2757377049180328,True,Llama-3.3-70B-Instruct|s1
RedHatAI/Llama-3.3-70B-Instruct-quantized.w8a8,llama-3.3,Llama-3.3-70B-Instruct,w8a8_int,winogrande,84.77,-1.03,-0.11015692137633376,-1.4289256262472603,1.2086117834945926,-0.37078787878787883,-0.3405084745762712,True,Llama-3.3-70B-Instruct|s1
RedHatAI/Llama-3.3-70B-Instruct-quantized.w8a8,llama-3.3,Llama-3.3-70B-Instruct,w8a8_int,truthfulqa,63.09,-0.34,-0.05240140491479761,-1.371170109785724,1.2663672999561288,-0.37078787878787883,-0.27099999999999996,True,Llama-3.3-70B-Instruct|s1
RedHatAI/Llama-3.3-70B-Instruct-quantized.w8a8,llama-3.3,Llama-3.3-70B-Instruct,w8a8_int,bbh,63.15,-0.61,-0.3954044156638063,-1.7141731205347328,0.9233642892071201,-0.37078787878787883,-0.8022727272727272,True,Llama-3.3-70B-Instruct|s1
RedHatAI/Llama-3.3-70B-Instruct-quantized.w8a8,llama-3.3,Llama-3.3-70B-Instruct,w8a8_int,gpqa,46.1,0.34,0.5121714241467286,-0.8065972807241979,1.830940129017655,-0.37078787878787883,0.292,True,Llama-3.3-70B-Instruct|s1
RedHatAI/Llama-3.3-70B-Instruct-quantized.w8a8,llama-3.3,Llama-3.3-70B-Instruct,w8a8_int,musr,44.35,-0.01,0.5695435470057013,-0.7492251578652251,1.8883122518766278,-0.37078787878787883,0.26636363636363636,True,Llama-3.3-70B-Instruct|s1
RedHatAI/Llama-3.3-70B-Instruct-quantized.w8a8,llama-3.3,Llama-3.3-70B-Instruct,w8a8_int,humaneval,83.2,0.1,0.009821293219231586,-1.3089474116516948,1.328589998090158,-0.37078787878787883,-0.3547368421052632,True,Llama-3.3-70B-Instruct|s1
RedHatAI/Llama-3.3-70B-Instruct-quantized.w8a8,llama-3.3,Llama-3.3-70B-Instruct,w8a8_int,humaneval_plus,78.4,0.2,0.12010008062457506,-1.1986686242463513,1.4388687854955016,-0.37078787878787883,0.0,True,Llama-3.3-70B-Instruct|s1
RedHatAI/Llama-3.3-70B-Instruct-FP8-dynamic,llama-3.3,Llama-3.3-70B-Instruct,fp8_dynamic,mmlu,81.6,-0.29,-0.037642859394148465,-1.7454536055321583,1.6701678867438614,-0.3811489361702127,-0.46147540983606555,True,Llama-3.3-70B-Instruct|s2
RedHatAI/Llama-3.3-70B-Instruct-FP8-dynamic,llama-3.3,Llama-3.3-70B-Instruct,fp8_dynamic,mmlu_cot,86.58,-0.24,-0.2294093787640366,-1.9372201249020464,1.4784013673739733,-0.3811489361702127,-0.5983333333333333,True,Llama-3.3-70B-Instruct|s2
RedHatAI/Llama-3.3-70B-Instruct-FP8-dynamic,llama-3.3,Llama-3.3-70B-Instruct,fp8_dynamic,arc_challenge,49.23,2.73,-0.2178120430096098,-1.9256227891476196,1.4899987031284,-0.3811489361702127,-0.4789830508474577,False,Llama-3.3-70B-Instruct|s2
RedHatAI/Llama-3.3-70B-Instruct-FP8-dynamic,llama-3.3,Llama-3.3-70B-Instruct,fp8_dynamic,gsm8k,94.16,0.76,-0.11308354456796471,-1.8208942907059746,1.594727201570045,-0.3811489361702127,-0.6309836065573771,True,Llama-3.3-70B-Instruct|s2
RedHatAI/Llama-3.3-70B-Instruct-FP8-dynamic,llama-3.3,Llama-3.3-70B-Instruct,fp8_dynamic,hellaswag,86.49,-0.06,0.052091392065629516,-1.6557193540723802,1.7599021382036395,-0.3811489361702127,-0.3425396825396826,True,Llama-3.3-70B-Instruct|s2
RedHatAI/Llama-3.3-70B-Instruct-FP8-dynamic,llama-3.3,Llama-3.3-70B-Instruct,fp8_dynamic,winogrande,84.77,-0.24,0.168231111401289,-1.5395796347367208,1.876041857539299,-0.3811489361702127,-0.20209677419354838,True,Llama-3.3-70B-Instruct|s2
RedHatAI/Llama-3.3-70B-Instruct-FP8-dynamic,llama-3.3,Llama-3.3-70B-Instruct,fp8_dynamic,truthfulqa,62.75,0.46,0.17049708401596497,-1.537313662122045,1.8783078301539748,-0.3811489361702127,-0.17209677419354838,True,Llama-3.3-70B-Instruct|s2
RedHatAI/Llama-3.3-70B-Instruct-FP8-dynamic,llama-3.3,Llama-3.3-70B-Instruct,fp8_dynamic,mmlu_pro,51.89,-0.39,-1.1624285603570481,-2.870239306495058,0.5453821857809618,-0.3811489361702127,-1.8373333333333333,True,Llama-3.3-70B-Instruct|s2
RedHatAI/Llama-3.3-70B-Instruct-FP8-dynamic,llama-3.3,Llama-3.3-70B-Instruct,fp8_dynamic,ifeval,90.89,0.03,0.37314957931444626,-1.3346611668235635,2.0809603254524562,-0.3811489361702127,-0.06687499999999999,True,Llama-3.3-70B-Instruct|s2
RedHatAI/Llama-3.3-70B-Instruct-FP8-dynamic,llama-3.3,Llama-3.3-70B-Instruct,fp8_dynamic,bbh,63.15,-0.31,-0.2238267155657582,-1.9316374617037682,1.4839840305722516,-0.3811489361702127,-0.753125,True,Llama-3.3-70B-Instruct|s2
RedHatAI/Llama-3.3-70B-Instruct-FP8-dynamic,llama-3.3,Llama-3.3-70B-Instruct,fp8_dynamic,gpqa,46.1,0.2,0.7153028192539735,-0.9925079268840363,2.4231135653919833,-0.3811489361702127,0.33875000000000005,True,Llama-3.3-70B-Instruct|s2
RedHatAI/Llama-3.3-70B-Instruct-FP8-dynamic,llama-3.3,Llama-3.3-70B-Instruct,fp8_dynamic,musr,44.35,-0.39,1.576872230781953,-0.13093851535605694,3.284682976919963,-0.3811489361702127,1.19,False,Llama-3.3-70B-Instruct|s2
RedHatAI/Llama-3.3-70B-Instruct-FP8-dynamic,llama-3.3,Llama-3.3-70B-Instruct,fp8_dynamic,humaneval,83.2,0.5,0.19529499594520694,-1.512515750192803,1.9031057420832167,-0.3811489361702127,-0.3446666666666667,True,Llama-3.3-70B-Instruct|s2
RedHatAI/Llama-3.3-70B-Instruct-FP8-dynamic,llama-3.3,Llama-3.3-70B-Instruct,fp8_dynamic,humaneval_plus,78.4,0.3,-0.11528725389356753,-1.8230980000315773,1.5925234922444425,-0.3811489361702127,-0.4833333333333334,True,Llama-3.3-70B-Instruct|s2
RedHatAI/Llama-3.3-70B-Instruct-NVFP4,llama-3.3,Llama-3.3-70B-Instruct,nvfp4,arc_challenge,93.39,-0.77,-0.7041088628195017,-2.4119196089575117,1.003701883318508,-0.3811489361702127,-0.4789830508474577,True,Llama-3.3-70B-Instruct|s2
RedHatAI/Llama-3.3-70B-Instruct-NVFP4,llama-3.3,Llama-3.3-70B-Instruct,nvfp4,gsm8k,85.22,-8.12,-0.8857946945603611,-2.593605440698371,0.8220160515776488,-0.3811489361702127,-0.6309836065573771,False,Llama-3.3-70B-Instruct|s2
RedHatAI/Llama-3.3-70B-Instruct-NVFP4,llama-3.3,Llama-3.3-70B-Instruct,nvfp4,hellaswag,70.23,5.17,-0.7793682476281358,-2.487178993766146,0.928442498509874,-0.3811489361702127,-0.3425396825396826,False,Llama-3.3-70B-Instruct|s2
RedHatAI/Llama-3.3-70B-Instruct-NVFP4,llama-3.3,Llama-3.3-70B-Instruct,nvfp4,winogrande,73.48,-0.95,-0.6178129541811942,-2.325623700319204,1.0899977919568156,-0.3811489361702127,-0.20209677419354838,True,Llama-3.3-70B-Instruct|s2
RedHatAI/Llama-3.3-70B-Instruct-NVFP4,llama-3.3,Llama-3.3-70B-Instruct,nvfp4,truthfulqa,66.26,0.0,-0.5309225446653152,-2.2387332908033253,1.1768882014726947,-0.3811489361702127,-0.17209677419354838,True,Llama-3.3-70B-Instruct|s2
RedHatAI/Llama-3.3-70B-Instruct-NVFP4,llama-3.3,Llama-3.3-70B-Instruct,nvfp4,mmlu_pro,53.48,-3.22,-1.8743412075555375,-3.5821519536935473,-0.1665304614175276,-0.3811489361702127,-1.8373333333333333,True,Llama-3.3-70B-Instruct|s2
RedHatAI/Llama-3.3-70B-Instruct-NVFP4,llama-3.3,Llama-3.3-70B-Instruct,nvfp4,ifeval,92.45,-0.96,-0.33877088397558686,-2.0465816301135966,1.3690398621624231,-0.3811489361702127,-0.06687499999999999,True,Llama-3.3-70B-Instruct|s2
RedHatAI/Llama-3.3-70B-Instruct-NVFP4,llama-3.3,Llama-3.3-70B-Instruct,nvfp4,bbh,69.05,-2.74,-0.909455628600843,-2.6172663747388527,0.7983551175371669,-0.3811489361702127,-0.753125,False,Llama-3.3-70B-Instruct|s2
RedHatAI/Llama-3.3-70B-Instruct-NVFP4,llama-3.3,Llama-3.3-70B-Instruct,nvfp4,gpqa,31.63,0.58,-0.04820550811569735,-1.7560162542537072,1.6596052380223125,-0.3811489361702127,0.33875000000000005,True,Llama-3.3-70B-Instruct|s2
RedHatAI/Llama-3.3-70B-Instruct-NVFP4,llama-3.3,Llama-3.3-70B-Instruct,nvfp4,musr,44.18,0.0,0.8579494378848022,-0.8498613082532077,2.565760184022812,-0.3811489361702127,1.19,True,Llama-3.3-70B-Instruct|s2
RedHatAI/Llama-3.3-70B-Instruct-NVFP4,llama-3.3,Llama-3.3-70B-Instruct,nvfp4,humaneval,88.69,-3.92,-0.5117465653556823,-2.219557311493692,1.1960641807823276,-0.3811489361702127,-0.3446666666666667,False,Llama-3.3-70B-Instruct|s2
RedHatAI/Llama-3.3-70B-Instruct-quantized.w4a16,llama-3.3,Llama-3.3-70B-Instruct,w4a16,mmlu,81.6,-0.98,-0.7969433958361288,-2.504754141974139,0.910867350301881,-0.3811489361702127,-0.46147540983606555,True,Llama-3.3-70B-Instruct|s2
RedHatAI/Llama-3.3-70B-Instruct-quantized.w4a16,llama-3.3,Llama-3.3-70B-Instruct,w4a16,mmlu_cot,86.58,-0.77,-0.9887099152060171,-2.696520661344027,0.7191008309319927,-0.3811489361702127,-0.5983333333333333,True,Llama-3.3-70B-Instruct|s2
RedHatAI/Llama-3.3-70B-Instruct-quantized.w4a16,llama-3.3,Llama-3.3-70B-Instruct,w4a16,arc_challenge,49.23,0.26,-0.9771125794515901,-2.6849233255896,0.7306981666864197,-0.3811489361702127,-0.4789830508474577,True,Llama-3.3-70B-Instruct|s2
RedHatAI/Llama-3.3-70B-Instruct-quantized.w4a16,llama-3.3,Llama-3.3-70B-Instruct,w4a16,gsm8k,94.16,0.31,-0.8723840810099449,-2.5801948271479547,0.835426665128065,-0.3811489361702127,-0.6309836065573771,True,Llama-3.3-70B-Instruct|s2
RedHatAI/Llama-3.3-70B-Instruct-quantized.w4a16,llama-3.3,Llama-3.3-70B-Instruct,w4a16,hellaswag,86.49,-0.52,-0.7072091443763509,-2.415019890514361,1.000601601761659,-0.3811489361702127,-0.3425396825396826,True,Llama-3.3-70B-Instruct|s2
RedHatAI/Llama-3.3-70B-Instruct-quantized.w4a16,llama-3.3,Llama-3.3-70B-Instruct,w4a16,winogrande,84.77,-0.32,-0.5910694250406914,-2.298880171178701,1.1167413210973185,-0.3811489361702127,-0.20209677419354838,True,Llama-3.3-70B-Instruct|s2
RedHatAI/Llama-3.3-70B-Instruct-quantized.w4a16,llama-3.3,Llama-3.3-70B-Instruct,w4a16,truthfulqa,62.75,-1.09,-0.5888034524260154,-2.296614198564025,1.1190072937119946,-0.3811489361702127,-0.17209677419354838,True,Llama-3.3-70B-Instruct|s2
RedHatAI/Llama-3.3-70B-Instruct-quantized.w4a16,llama-3.3,Llama-3.3-70B-Instruct,w4a16,humaneval,83.2,0.2,-0.5640055404967734,-2.2718162866347833,1.1438052056412364,-0.3811489361702127,-0.3446666666666667,True,Llama-3.3-70B-Instruct|s2
RedHatAI/Llama-3.3-70B-Instruct-quantized.w4a16,llama-3.3,Llama-3.3-70B-Instruct,w4a16,humaneval_plus,78.4,0.2,-0.8745877903355478,-2.5823985364735575,0.8332229558024621,-0.3811489361702127,-0.4833333333333334,True,Llama-3.3-70B-Instruct|s2
RedHatAI/Llama-3.3-70B-Instruct-quantized.w8a8,llama-3.3,Llama-3.3-70B-Instruct,w8a8_int,mmlu,81.6,-0.41,-0.3541111514155959,-2.0619218975536056,1.353699594722414,-0.3811489361702127,-0.46147540983606555,True,Llama-3.3-70B-Instruct|s2
RedHatAI/Llama-3.3-70B-Instruct-quantized.w8a8,llama-3.3,Llama-3.3-70B-Instruct,w8a8_int,mmlu_cot,86.58,-0.66,-0.545877670785484,-2.253688416923494,1.1619330753525259,-0.3811489361702127,-0.5983333333333333,True,Llama-3.3-70B-Instruct|s2
RedHatAI/Llama-3.3-70B-Instruct-quantized.w8a8,llama-3.3,Llama-3.3-70B-Instruct,w8a8_int,arc_challenge,49.23,-1.19,-0.5342803350310572,-2.2420910811690673,1.1735304111069527,-0.3811489361702127,-0.4789830508474577,True,Llama-3.3-70B-Instruct|s2
RedHatAI/Llama-3.3-70B-Instruct-quantized.w8a8,llama-3.3,Llama-3.3-70B-Instruct,w8a8_int,gsm8k,94.16,-0.15,-0.429551836589412,-2.137362582727422,1.2782589095485979,-0.3811489361702127,-0.6309836065573771,True,Llama-3.3-70B-Instruct|s2
RedHatAI/Llama-3.3-70B-Instruct-quantized.w8a8,llama-3.3,Llama-3.3-70B-Instruct,w8a8_int,hellaswag,86.49,-0.02,-0.2643768999558178,-1.9721876460938277,1.443433846182192,-0.3811489361702127,-0.3425396825396826,True,Llama-3.3-70B-Instruct|s2
RedHatAI/Llama-3.3-70B-Instruct-quantized.w8a8,llama-3.3,Llama-3.3-70B-Instruct,w8a8_int,winogrande,84.77,-1.03,-0.14823718062015845,-1.8560479267581682,1.5595735655178515,-0.3811489361702127,-0.20209677419354838,True,Llama-3.3-70B-Instruct|s2
RedHatAI/Llama-3.3-70B-Instruct-quantized.w8a8,llama-3.3,Llama-3.3-70B-Instruct,w8a8_int,truthfulqa,63.09,-0.34,-0.1443681037599054,-1.8521788498979153,1.5634426423781045,-0.3811489361702127,-0.17209677419354838,True,Llama-3.3-70B-Instruct|s2
RedHatAI/Llama-3.3-70B-Instruct-quantized.w8a8,llama-3.3,Llama-3.3-70B-Instruct,w8a8_int,bbh,63.15,-0.61,-0.5402950075872056,-2.2481057537252154,1.1675157385508044,-0.3811489361702127,-0.753125,True,Llama-3.3-70B-Instruct|s2
RedHatAI/Llama-3.3-70B-Instruct-quantized.w8a8,llama-3.3,Llama-3.3-70B-Instruct,w8a8_int,gpqa,46.1,0.34,0.3988345272325263,-1.3089762189054834,2.1066452733705363,-0.3811489361702127,0.33875000000000005,True,Llama-3.3-70B-Instruct|s2
RedHatAI/Llama-3.3-70B-Instruct-quantized.w8a8,llama-3.3,Llama-3.3-70B-Instruct,w8a8_int,musr,44.35,-0.01,1.260403938760506,-0.44740680737750393,2.968214684898516,-0.3811489361702127,1.19,True,Llama-3.3-70B-Instruct|s2
RedHatAI/Llama-3.3-70B-Instruct-quantized.w8a8,llama-3.3,Llama-3.3-70B-Instruct,w8a8_int,humaneval,83.2,0.1,-0.1211732960762405,-1.8289840422142505,1.5866374500617693,-0.3811489361702127,-0.3446666666666667,True,Llama-3.3-70B-Instruct|s2
RedHatAI/Llama-3.3-70B-Instruct-quantized.w8a8,llama-3.3,Llama-3.3-70B-Instruct,w8a8_int,humaneval_plus,78.4,0.2,-0.43175554591501486,-2.1395662920530247,1.276055200222995,-0.3811489361702127,-0.4833333333333334,True,Llama-3.3-70B-Instruct|s2
RedHatAI/Llama-3.3-70B-Instruct-FP8-dynamic,llama-3.3,Llama-3.3-70B-Instruct,fp8_dynamic,mmlu,81.6,-0.29,-0.044189963789436404,-1.5168559460396045,1.428476018460732,-0.342094861660079,-0.51734375,True,Llama-3.3-70B-Instruct|s3
RedHatAI/Llama-3.3-70B-Instruct-FP8-dynamic,llama-3.3,Llama-3.3-70B-Instruct,fp8_dynamic,mmlu_cot,86.58,-0.24,-0.4143150207637441,-1.8869810030139123,1.0583509614864242,-0.342094861660079,-0.794,True,Llama-3.3-70B-Instruct|s3
RedHatAI/Llama-3.3-70B-Instruct-FP8-dynamic,llama-3.3,Llama-3.3-70B-Instruct,fp8_dynamic,arc_challenge,49.23,2.73,0.06381553839194432,-1.4088504438582239,1.5364815206421125,-0.342094861660079,-0.37666666666666665,False,Llama-3.3-70B-Instruct|s3
RedHatAI/Llama-3.3-70B-Instruct-FP8-dynamic,llama-3.3,Llama-3.3-70B-Instruct,fp8_dynamic,gsm8k,94.16,0.76,-0.015790072038744607,-1.4884560542889127,1.4568759102114237,-0.342094861660079,-0.4209375,True,Llama-3.3-70B-Instruct|s3
RedHatAI/Llama-3.3-70B-Instruct-FP8-dynamic,llama-3.3,Llama-3.3-70B-Instruct,fp8_dynamic,hellaswag,86.49,-0.06,0.10832745517679043,-1.3643385270733779,1.5809934374269585,-0.342094861660079,-0.31876923076923075,True,Llama-3.3-70B-Instruct|s3
RedHatAI/Llama-3.3-70B-Instruct-FP8-dynamic,llama-3.3,Llama-3.3-70B-Instruct,fp8_dynamic,winogrande,84.77,-0.24,0.2630327479193342,-1.209633234330834,1.7356987301695024,-0.342094861660079,-0.12587301587301586,True,Llama-3.3-70B-Instruct|s3
RedHatAI/Llama-3.3-70B-Instruct-FP8-dynamic,llama-3.3,Llama-3.3-70B-Instruct,fp8_dynamic,truthfulqa,62.75,0.46,0.32023846552140056,-1.1524275167287676,1.7929044477715688,-0.342094861660079,-0.1390625,True,Llama-3.3-70B-Instruct|s3
RedHatAI/Llama-3.3-70B-Instruct-FP8-dynamic,llama-3.3,Llama-3.3-70B-Instruct,fp8_dynamic,mmlu_pro,51.89,-0.39,-0.7594018849794841,-2.2320678672296523,0.7132640972706841,-0.342094861660079,-1.5172222222222222,True,Llama-3.3-70B-Instruct|s3
RedHatAI/Llama-3.3-70B-Instruct-FP8-dynamic,llama-3.3,Llama-3.3-70B-Instruct,fp8_dynamic,ifeval,90.89,0.03,0.25186976003432093,-1.2207962222158473,1.7245357422844891,-0.342094861660079,-0.1763157894736842,True,Llama-3.3-70B-Instruct|s3
RedHatAI/Llama-3.3-70B-Instruct-FP8-dynamic,llama-3.3,Llama-3.3-70B-Instruct,fp8_dynamic,bbh,63.15,-0.31,-0.27294563891002765,-1.745611621160196,1.1997203433401404,-0.342094861660079,-0.9215,True,Llama-3.3-70B-Instruct|s3
RedHatAI/Llama-3.3-70B-Instruct-FP8-dynamic,llama-3.3,Llama-3.3-70B-Instruct,fp8_dynamic,gpqa,46.1,0.2,0.5586273357576068,-0.9140386464925614,2.031293318007775,-0.342094861660079,-0.007647058823529418,True,Llama-3.3-70B-Instruct|s3
RedHatAI/Llama-3.3-70B-Instruct-FP8-dynamic,llama-3.3,Llama-3.3-70B-Instruct,fp8_dynamic,musr,44.35,-0.39,0.8214087220637838,-0.6512572601863844,2.294074704313952,-0.342094861660079,0.26636363636363636,True,Llama-3.3-70B-Instruct|s3
RedHatAI/Llama-3.3-70B-Instruct-FP8-dynamic,llama-3.3,Llama-3.3-70B-Instruct,fp8_dynamic,humaneval,83.2,0.5,0.4231233346852519,-1.0495426475649163,1.89578931693542,-0.342094861660079,-0.13374999999999998,True,Llama-3.3-70B-Instruct|s3
RedHatAI/Llama-3.3-70B-Instruct-FP8-dynamic,llama-3.3,Llama-3.3-70B-Instruct,fp8_dynamic,humaneval_plus,78.4,0.3,-0.019032514324055783,-1.491698496574224,1.4536334679261125,-0.342094861660079,-0.39999999999999997,True,Llama-3.3-70B-Instruct|s3
RedHatAI/Llama-3.3-70B-Instruct-NVFP4,llama-3.3,Llama-3.3-70B-Instruct,nvfp4,arc_challenge,93.39,-0.77,-0.7782948119181299,-2.2509607941682983,0.6943711703320383,-0.342094861660079,-0.37666666666666665,True,Llama-3.3-70B-Instruct|s3
RedHatAI/Llama-3.3-70B-Instruct-NVFP4,llama-3.3,Llama-3.3-70B-Instruct,nvfp4,gsm8k,85.22,-8.12,-0.7231091189849814,-2.1957751012351494,0.7495568632651868,-0.342094861660079,-0.4209375,False,Llama-3.3-70B-Instruct|s3
RedHatAI/Llama-3.3-70B-Instruct-NVFP4,llama-3.3,Llama-3.3-70B-Instruct,nvfp4,hellaswag,70.23,5.17,-0.6412995573738618,-2.11396553962403,0.8313664248763064,-0.342094861660079,-0.31876923076923075,False,Llama-3.3-70B-Instruct|s3
RedHatAI/Llama-3.3-70B-Instruct-NVFP4,llama-3.3,Llama-3.3-70B-Instruct,nvfp4,winogrande,73.48,-0.95,-0.4726833720851647,-1.9453493543353328,0.9999826101650036,-0.342094861660079,-0.12587301587301586,True,Llama-3.3-70B-Instruct|s3
RedHatAI/Llama-3.3-70B-Instruct-NVFP4,llama-3.3,Llama-3.3-70B-Instruct,nvfp4,truthfulqa,66.26,0.0,-0.4524797729843628,-1.925145755234531,1.0201862092658054,-0.342094861660079,-0.1390625,True,Llama-3.3-70B-Instruct|s3
RedHatAI/Llama-3.3-70B-Instruct-NVFP4,llama-3.3,Llama-3.3-70B-Instruct,nvfp4,mmlu_pro,53.48,-3.22,-1.527558759796327,-3.000224742046495,-0.05489277754615873,-0.342094861660079,-1.5172222222222222,False,Llama-3.3-70B-Instruct|s3
RedHatAI/Llama-3.3-70B-Instruct-NVFP4,llama-3.3,Llama-3.3-70B-Instruct,nvfp4,ifeval,92.45,-0.96,-0.5404883094188241,-2.013154291668992,0.9321776728313441,-0.342094861660079,-0.1763157894736842,True,Llama-3.3-70B-Instruct|s3
RedHatAI/Llama-3.3-70B-Instruct-NVFP4,llama-3.3,Llama-3.3-70B-Instruct,nvfp4,bbh,69.05,-2.74,-1.0412248783123617,-2.5138908605625296,0.43144110393780655,-0.342094861660079,-0.9215,False,Llama-3.3-70B-Instruct|s3
RedHatAI/Llama-3.3-70B-Instruct-NVFP4,llama-3.3,Llama-3.3-70B-Instruct,nvfp4,gpqa,31.63,0.58,-0.3295776996118419,-1.8022436818620102,1.1430882826383262,-0.342094861660079,-0.007647058823529418,True,Llama-3.3-70B-Instruct|s3
RedHatAI/Llama-3.3-70B-Instruct-NVFP4,llama-3.3,Llama-3.3-70B-Instruct,nvfp4,musr,44.18,0.0,0.04601803585667319,-1.4266479463934951,1.5186840181068413,-0.342094861660079,0.26636363636363636,True,Llama-3.3-70B-Instruct|s3
RedHatAI/Llama-3.3-70B-Instruct-NVFP4,llama-3.3,Llama-3.3-70B-Instruct,nvfp4,humaneval,88.69,-3.92,-0.42086985119599846,-1.8935358334461667,1.0517961310541697,-0.342094861660079,-0.13374999999999998,False,Llama-3.3-70B-Instruct|s3
RedHatAI/Llama-3.3-70B-Instruct-quantized.w4a16,llama-3.3,Llama-3.3-70B-Instruct,w4a16,mmlu,81.6,-0.98,-0.7444343554470059,-2.217100337697174,0.7282316268031623,-0.342094861660079,-0.51734375,True,Llama-3.3-70B-Instruct|s3
RedHatAI/Llama-3.3-70B-Instruct-quantized.w4a16,llama-3.3,Llama-3.3-70B-Instruct,w4a16,mmlu_cot,86.58,-0.77,-1.1145594124213134,-2.5872253946714814,0.3581065698288548,-0.342094861660079,-0.794,True,Llama-3.3-70B-Instruct|s3
RedHatAI/Llama-3.3-70B-Instruct-quantized.w4a16,llama-3.3,Llama-3.3-70B-Instruct,w4a16,arc_challenge,49.23,0.26,-0.636428853265625,-2.1090948355157932,0.8362371289845432,-0.342094861660079,-0.37666666666666665,True,Llama-3.3-70B-Instruct|s3
RedHatAI/Llama-3.3-70B-Instruct-quantized.w4a16,llama-3.3,Llama-3.3-70B-Instruct,w4a16,gsm8k,94.16,0.31,-0.7160344636963142,-2.1887004459464823,0.756631518553854,-0.342094861660079,-0.4209375,True,Llama-3.3-70B-Instruct|s3
RedHatAI/Llama-3.3-70B-Instruct-quantized.w4a16,llama-3.3,Llama-3.3-70B-Instruct,w4a16,hellaswag,86.49,-0.52,-0.5919169364807789,-2.064582918730947,0.8807490457693893,-0.342094861660079,-0.31876923076923075,True,Llama-3.3-70B-Instruct|s3
RedHatAI/Llama-3.3-70B-Instruct-quantized.w4a16,llama-3.3,Llama-3.3-70B-Instruct,w4a16,winogrande,84.77,-0.32,-0.4372116437382352,-1.9098776259884034,1.035454338511933,-0.342094861660079,-0.12587301587301586,True,Llama-3.3-70B-Instruct|s3
RedHatAI/Llama-3.3-70B-Instruct-quantized.w4a16,llama-3.3,Llama-3.3-70B-Instruct,w4a16,truthfulqa,62.75,-1.09,-0.38000592613616885,-1.852671908386337,1.0926600561139994,-0.342094861660079,-0.1390625,True,Llama-3.3-70B-Instruct|s3
RedHatAI/Llama-3.3-70B-Instruct-quantized.w4a16,llama-3.3,Llama-3.3-70B-Instruct,w4a16,humaneval,83.2,0.2,-0.2771210569723175,-1.7497870392224857,1.1955449252778507,-0.342094861660079,-0.13374999999999998,True,Llama-3.3-70B-Instruct|s3
RedHatAI/Llama-3.3-70B-Instruct-quantized.w4a16,llama-3.3,Llama-3.3-70B-Instruct,w4a16,humaneval_plus,78.4,0.2,-0.7192769059816253,-2.1919428882317935,0.7533890762685429,-0.342094861660079,-0.39999999999999997,True,Llama-3.3-70B-Instruct|s3
RedHatAI/Llama-3.3-70B-Instruct-quantized.w8a8,llama-3.3,Llama-3.3-70B-Instruct,w8a8_int,mmlu,81.6,-0.41,-0.4587982190624547,-1.9314642013126229,1.0138677631877135,-0.342094861660079,-0.51734375,True,Llama-3.3-70B-Instruct|s3
RedHatAI/Llama-3.3-70B-Instruct-quantized.w8a8,llama-3.3,Llama-3.3-70B-Instruct,w8a8_int,mmlu_cot,86.58,-0.66,-0.8289232760367624,-2.3015892582869304,0.6437427062134058,-0.342094861660079,-0.794,True,Llama-3.3-70B-Instruct|s3
RedHatAI/Llama-3.3-70B-Instruct-quantized.w8a8,llama-3.3,Llama-3.3-70B-Instruct,w8a8_int,arc_challenge,49.23,-1.19,-0.350792716881074,-1.8234586991312423,1.1218732653690942,-0.342094861660079,-0.37666666666666665,True,Llama-3.3-70B-Instruct|s3
RedHatAI/Llama-3.3-70B-Instruct-quantized.w8a8,llama-3.3,Llama-3.3-70B-Instruct,w8a8_int,gsm8k,94.16,-0.15,-0.43039832731176303,-1.9030643095619313,1.0422676549384051,-0.342094861660079,-0.4209375,True,Llama-3.3-70B-Instruct|s3
RedHatAI/Llama-3.3-70B-Instruct-quantized.w8a8,llama-3.3,Llama-3.3-70B-Instruct,w8a8_int,hellaswag,86.49,-0.02,-0.3062808000962278,-1.778946782346396,1.1663851821539404,-0.342094861660079,-0.31876923076923075,True,Llama-3.3-70B-Instruct|s3
RedHatAI/Llama-3.3-70B-Instruct-quantized.w8a8,llama-3.3,Llama-3.3-70B-Instruct,w8a8_int,winogrande,84.77,-1.03,-0.1515755073536841,-1.6242414896038524,1.321090474896484,-0.342094861660079,-0.12587301587301586,True,Llama-3.3-70B-Instruct|s3
RedHatAI/Llama-3.3-70B-Instruct-quantized.w8a8,llama-3.3,Llama-3.3-70B-Instruct,w8a8_int,truthfulqa,63.09,-0.34,-0.09405800024499295,-1.566723982495161,1.3786079820051753,-0.342094861660079,-0.1390625,True,Llama-3.3-70B-Instruct|s3
RedHatAI/Llama-3.3-70B-Instruct-quantized.w8a8,llama-3.3,Llama-3.3-70B-Instruct,w8a8_int,bbh,63.15,-0.61,-0.687553894183046,-2.160219876433214,0.7851120880671222,-0.342094861660079,-0.9215,True,Llama-3.3-70B-Instruct|s3
RedHatAI/Llama-3.3-70B-Instruct-quantized.w8a8,llama-3.3,Llama-3.3-70B-Instruct,w8a8_int,gpqa,46.1,0.34,0.14401908048458845,-1.3286469017655798,1.6166850627347567,-0.342094861660079,-0.007647058823529418,True,Llama-3.3-70B-Instruct|s3
RedHatAI/Llama-3.3-70B-Instruct-quantized.w8a8,llama-3.3,Llama-3.3-70B-Instruct,w8a8_int,musr,44.35,-0.01,0.4068004667907654,-1.0658655154594028,1.8794664490409336,-0.342094861660079,0.26636363636363636,True,Llama-3.3-70B-Instruct|s3
RedHatAI/Llama-3.3-70B-Instruct-quantized.w8a8,llama-3.3,Llama-3.3-70B-Instruct,w8a8_int,humaneval,83.2,0.1,0.008515079412233506,-1.4641509028379347,1.4811810616624017,-0.342094861660079,-0.13374999999999998,True,Llama-3.3-70B-Instruct|s3
RedHatAI/Llama-3.3-70B-Instruct-quantized.w8a8,llama-3.3,Llama-3.3-70B-Instruct,w8a8_int,humaneval_plus,78.4,0.2,-0.4336407695970742,-1.9063067518472425,1.0390252126530939,-0.342094861660079,-0.39999999999999997,True,Llama-3.3-70B-Instruct|s3
RedHatAI/Llama-3.3-70B-Instruct-FP8-dynamic,llama-3.3,Llama-3.3-70B-Instruct,fp8_dynamic,mmlu,81.6,-0.29,-0.17357875390898825,-1.8061727058962282,1.459015198078252,-0.3449326599326599,-0.47643835616438357,True,Llama-3.3-70B-Instruct|s4
RedHatAI/Llama-3.3-70B-Instruct-FP8-dynamic,llama-3.3,Llama-3.3-70B-Instruct,fp8_dynamic,mmlu_cot,86.58,-0.24,-0.26823921893669156,-1.9008331709239317,1.3643547330505486,-0.3449326599326599,-0.48933333333333334,True,Llama-3.3-70B-Instruct|s4
RedHatAI/Llama-3.3-70B-Instruct-FP8-dynamic,llama-3.3,Llama-3.3-70B-Instruct,fp8_dynamic,arc_challenge,49.23,2.73,-0.2553266398183859,-1.887920591805626,1.3772673121688541,-0.3449326599326599,-0.43742857142857144,False,Llama-3.3-70B-Instruct|s4
RedHatAI/Llama-3.3-70B-Instruct-FP8-dynamic,llama-3.3,Llama-3.3-70B-Instruct,fp8_dynamic,gsm8k,94.16,0.76,-0.14510435055903775,-1.7776983025462778,1.4874896014282024,-0.3449326599326599,-0.5017142857142857,True,Llama-3.3-70B-Instruct|s4
RedHatAI/Llama-3.3-70B-Instruct-FP8-dynamic,llama-3.3,Llama-3.3-70B-Instruct,fp8_dynamic,hellaswag,86.49,-0.06,-0.06391230701614459,-1.6965062590033848,1.5686816449710954,-0.3449326599326599,-0.34459459459459457,True,Llama-3.3-70B-Instruct|s4
RedHatAI/Llama-3.3-70B-Instruct-FP8-dynamic,llama-3.3,Llama-3.3-70B-Instruct,fp8_dynamic,winogrande,84.77,-0.24,0.07220160243987395,-1.5603923495473662,1.704795554427114,-0.3449326599326599,-0.18506849315068494,True,Llama-3.3-70B-Instruct|s4
RedHatAI/Llama-3.3-70B-Instruct-FP8-dynamic,llama-3.3,Llama-3.3-70B-Instruct,fp8_dynamic,truthfulqa,62.75,0.46,0.05172054871721299,-1.5808734032700271,1.684314500704453,-0.3449326599326599,-0.18126760563380281,True,Llama-3.3-70B-Instruct|s4
RedHatAI/Llama-3.3-70B-Instruct-FP8-dynamic,llama-3.3,Llama-3.3-70B-Instruct,fp8_dynamic,mmlu_pro,51.89,-0.39,-0.7446131566538077,-2.3772071086410476,0.8879807953334324,-0.3449326599326599,-1.1173076923076923,True,Llama-3.3-70B-Instruct|s4
RedHatAI/Llama-3.3-70B-Instruct-FP8-dynamic,llama-3.3,Llama-3.3-70B-Instruct,fp8_dynamic,ifeval,90.89,0.03,0.032403167057620696,-1.6001907849296195,1.6649971190448607,-0.3449326599326599,-0.29624999999999996,True,Llama-3.3-70B-Instruct|s4
RedHatAI/Llama-3.3-70B-Instruct-FP8-dynamic,llama-3.3,Llama-3.3-70B-Instruct,fp8_dynamic,bbh,63.15,-0.31,-0.22495260017189628,-1.8575465521591363,1.4076413518153439,-0.3449326599326599,-0.5616666666666666,True,Llama-3.3-70B-Instruct|s4
RedHatAI/Llama-3.3-70B-Instruct-FP8-dynamic,llama-3.3,Llama-3.3-70B-Instruct,fp8_dynamic,gpqa,46.1,0.2,0.566955111500498,-1.065638840486742,2.199549063487738,-0.3449326599326599,0.32875,True,Llama-3.3-70B-Instruct|s4
RedHatAI/Llama-3.3-70B-Instruct-FP8-dynamic,llama-3.3,Llama-3.3-70B-Instruct,fp8_dynamic,musr,44.35,-0.39,0.5834946208653264,-1.0490993311219137,2.2160885728525663,-0.3449326599326599,0.29555555555555557,True,Llama-3.3-70B-Instruct|s4
RedHatAI/Llama-3.3-70B-Instruct-FP8-dynamic,llama-3.3,Llama-3.3-70B-Instruct,fp8_dynamic,humaneval,83.2,0.5,0.16371680674723976,-1.4688771452400005,1.7963107587344798,-0.3449326599326599,-0.15782608695652173,True,Llama-3.3-70B-Instruct|s4
RedHatAI/Llama-3.3-70B-Instruct-FP8-dynamic,llama-3.3,Llama-3.3-70B-Instruct,fp8_dynamic,humaneval_plus,78.4,0.3,0.1274958907542974,-1.5050980612329428,1.7600898427415375,-0.3449326599326599,-0.10000000000000002,True,Llama-3.3-70B-Instruct|s4
RedHatAI/Llama-3.3-70B-Instruct-NVFP4,llama-3.3,Llama-3.3-70B-Instruct,nvfp4,arc_challenge,93.39,-0.77,-0.6239793850779447,-2.256573337065185,1.0086145669092954,-0.3449326599326599,-0.43742857142857144,True,Llama-3.3-70B-Instruct|s4
RedHatAI/Llama-3.3-70B-Instruct-NVFP4,llama-3.3,Llama-3.3-70B-Instruct,nvfp4,gsm8k,85.22,-8.12,-0.7169489587304777,-2.3495429107177177,0.9156449932567624,-0.3449326599326599,-0.5017142857142857,False,Llama-3.3-70B-Instruct|s4
RedHatAI/Llama-3.3-70B-Instruct-NVFP4,llama-3.3,Llama-3.3-70B-Instruct,nvfp4,hellaswag,70.23,5.17,-0.6917618374495675,-2.3243557894368077,0.9408321145376726,-0.3449326599326599,-0.34459459459459457,False,Llama-3.3-70B-Instruct|s4
RedHatAI/Llama-3.3-70B-Instruct-NVFP4,llama-3.3,Llama-3.3-70B-Instruct,nvfp4,winogrande,73.48,-0.95,-0.5125415840782136,-2.1451355360654536,1.1200523679090266,-0.3449326599326599,-0.18506849315068494,True,Llama-3.3-70B-Instruct|s4
RedHatAI/Llama-3.3-70B-Instruct-NVFP4,llama-3.3,Llama-3.3-70B-Instruct,nvfp4,truthfulqa,66.26,0.0,-0.47075471973916844,-2.1033486717264087,1.1618392322480717,-0.3449326599326599,-0.18126760563380281,True,Llama-3.3-70B-Instruct|s4
RedHatAI/Llama-3.3-70B-Instruct-NVFP4,llama-3.3,Llama-3.3-70B-Instruct,nvfp4,mmlu_pro,53.48,-3.22,-1.2746232902090044,-2.9072172421962446,0.35797066177823567,-0.3449326599326599,-1.1173076923076923,False,Llama-3.3-70B-Instruct|s4
RedHatAI/Llama-3.3-70B-Instruct-NVFP4,llama-3.3,Llama-3.3-70B-Instruct,nvfp4,ifeval,92.45,-0.96,-0.4997615018618572,-2.1323554538490974,1.1328324501253828,-0.3449326599326599,-0.29624999999999996,True,Llama-3.3-70B-Instruct|s4
RedHatAI/Llama-3.3-70B-Instruct-NVFP4,llama-3.3,Llama-3.3-70B-Instruct,nvfp4,bbh,69.05,-2.74,-0.7339465924010347,-2.3665405443882745,0.8986473595862055,-0.3449326599326599,-0.5616666666666666,False,Llama-3.3-70B-Instruct|s4
RedHatAI/Llama-3.3-70B-Instruct-NVFP4,llama-3.3,Llama-3.3-70B-Instruct,nvfp4,gpqa,31.63,0.58,0.0015727419858946323,-1.6310212100013455,1.6341666939731347,-0.3449326599326599,0.32875,True,Llama-3.3-70B-Instruct|s4
RedHatAI/Llama-3.3-70B-Instruct-NVFP4,llama-3.3,Llama-3.3-70B-Instruct,nvfp4,musr,44.18,0.0,0.04857092600197416,-1.584023025985266,1.6811648779892143,-0.3449326599326599,0.29555555555555557,True,Llama-3.3-70B-Instruct|s4
RedHatAI/Llama-3.3-70B-Instruct-NVFP4,llama-3.3,Llama-3.3-70B-Instruct,nvfp4,humaneval,88.69,-3.92,-0.3762157541173031,-2.008809706104543,1.256378197869937,-0.3449326599326599,-0.15782608695652173,False,Llama-3.3-70B-Instruct|s4
RedHatAI/Llama-3.3-70B-Instruct-quantized.w4a16,llama-3.3,Llama-3.3-70B-Instruct,w4a16,mmlu,81.6,-0.98,-0.6516237132017114,-2.2842176651889514,0.9809702387855287,-0.3449326599326599,-0.47643835616438357,True,Llama-3.3-70B-Instruct|s4
RedHatAI/Llama-3.3-70B-Instruct-quantized.w4a16,llama-3.3,Llama-3.3-70B-Instruct,w4a16,mmlu_cot,86.58,-0.77,-0.7462841782294148,-2.378878130216655,0.8863097737578253,-0.3449326599326599,-0.48933333333333334,True,Llama-3.3-70B-Instruct|s4
RedHatAI/Llama-3.3-70B-Instruct-quantized.w4a16,llama-3.3,Llama-3.3-70B-Instruct,w4a16,arc_challenge,49.23,0.26,-0.7333715991111089,-2.3659655510983493,0.8992223528761312,-0.3449326599326599,-0.43742857142857144,True,Llama-3.3-70B-Instruct|s4
RedHatAI/Llama-3.3-70B-Instruct-quantized.w4a16,llama-3.3,Llama-3.3-70B-Instruct,w4a16,gsm8k,94.16,0.31,-0.6231493098517609,-2.255743261839001,1.0094446421354792,-0.3449326599326599,-0.5017142857142857,True,Llama-3.3-70B-Instruct|s4
RedHatAI/Llama-3.3-70B-Instruct-quantized.w4a16,llama-3.3,Llama-3.3-70B-Instruct,w4a16,hellaswag,86.49,-0.52,-0.5419572663088678,-2.174551218296108,1.0906366856783722,-0.3449326599326599,-0.34459459459459457,True,Llama-3.3-70B-Instruct|s4
RedHatAI/Llama-3.3-70B-Instruct-quantized.w4a16,llama-3.3,Llama-3.3-70B-Instruct,w4a16,winogrande,84.77,-0.32,-0.40584335685284917,-2.038437308840089,1.2267505951343909,-0.3449326599326599,-0.18506849315068494,True,Llama-3.3-70B-Instruct|s4
RedHatAI/Llama-3.3-70B-Instruct-quantized.w4a16,llama-3.3,Llama-3.3-70B-Instruct,w4a16,truthfulqa,62.75,-1.09,-0.4263244105755101,-2.0589183625627503,1.20626954141173,-0.3449326599326599,-0.18126760563380281,True,Llama-3.3-70B-Instruct|s4
RedHatAI/Llama-3.3-70B-Instruct-quantized.w4a16,llama-3.3,Llama-3.3-70B-Instruct,w4a16,humaneval,83.2,0.2,-0.3143281525454833,-1.9469221045327234,1.3182657994417568,-0.3449326599326599,-0.15782608695652173,True,Llama-3.3-70B-Instruct|s4
RedHatAI/Llama-3.3-70B-Instruct-quantized.w4a16,llama-3.3,Llama-3.3-70B-Instruct,w4a16,humaneval_plus,78.4,0.2,-0.35054906853842566,-1.9831430205256657,1.2820448834488145,-0.3449326599326599,-0.10000000000000002,True,Llama-3.3-70B-Instruct|s4
RedHatAI/Llama-3.3-70B-Instruct-quantized.w8a8,llama-3.3,Llama-3.3-70B-Instruct,w8a8_int,mmlu,81.6,-0.41,-0.5004093652766611,-2.1330033172639014,1.1321845867105789,-0.3449326599326599,-0.47643835616438357,True,Llama-3.3-70B-Instruct|s4
RedHatAI/Llama-3.3-70B-Instruct-quantized.w8a8,llama-3.3,Llama-3.3-70B-Instruct,w8a8_int,mmlu_cot,86.58,-0.66,-0.5950698303043644,-2.2276637822916046,1.0375241216828757,-0.3449326599326599,-0.48933333333333334,True,Llama-3.3-70B-Instruct|s4
RedHatAI/Llama-3.3-70B-Instruct-quantized.w8a8,llama-3.3,Llama-3.3-70B-Instruct,w8a8_int,arc_challenge,49.23,-1.19,-0.5821572511860588,-2.2147512031732988,1.0504367008011815,-0.3449326599326599,-0.43742857142857144,True,Llama-3.3-70B-Instruct|s4
RedHatAI/Llama-3.3-70B-Instruct-quantized.w8a8,llama-3.3,Llama-3.3-70B-Instruct,w8a8_int,gsm8k,94.16,-0.15,-0.4719349619267107,-2.104528913913951,1.1606589900605293,-0.3449326599326599,-0.5017142857142857,True,Llama-3.3-70B-Instruct|s4
RedHatAI/Llama-3.3-70B-Instruct-quantized.w8a8,llama-3.3,Llama-3.3-70B-Instruct,w8a8_int,hellaswag,86.49,-0.02,-0.3907429183838175,-2.0233368703710575,1.2418510336034227,-0.3449326599326599,-0.34459459459459457,True,Llama-3.3-70B-Instruct|s4
RedHatAI/Llama-3.3-70B-Instruct-quantized.w8a8,llama-3.3,Llama-3.3-70B-Instruct,w8a8_int,winogrande,84.77,-1.03,-0.254629008927799,-1.887222960915039,1.3779649430594412,-0.3449326599326599,-0.18506849315068494,True,Llama-3.3-70B-Instruct|s4
RedHatAI/Llama-3.3-70B-Instruct-quantized.w8a8,llama-3.3,Llama-3.3-70B-Instruct,w8a8_int,truthfulqa,63.09,-0.34,-0.27397034686062216,-1.9065642988478624,1.3586236051266178,-0.3449326599326599,-0.18126760563380281,True,Llama-3.3-70B-Instruct|s4
RedHatAI/Llama-3.3-70B-Instruct-quantized.w8a8,llama-3.3,Llama-3.3-70B-Instruct,w8a8_int,bbh,63.15,-0.61,-0.5517832115395691,-2.1843771635268094,1.080810740447671,-0.3449326599326599,-0.5616666666666666,True,Llama-3.3-70B-Instruct|s4
RedHatAI/Llama-3.3-70B-Instruct-quantized.w8a8,llama-3.3,Llama-3.3-70B-Instruct,w8a8_int,gpqa,46.1,0.34,0.24012450013282516,-1.392469451854415,1.8727184521200653,-0.3449326599326599,0.32875,True,Llama-3.3-70B-Instruct|s4
RedHatAI/Llama-3.3-70B-Instruct-quantized.w8a8,llama-3.3,Llama-3.3-70B-Instruct,w8a8_int,musr,44.35,-0.01,0.25666400949765344,-1.3759299424895866,1.8892579614848937,-0.3449326599326599,0.29555555555555557,True,Llama-3.3-70B-Instruct|s4
RedHatAI/Llama-3.3-70B-Instruct-quantized.w8a8,llama-3.3,Llama-3.3-70B-Instruct,w8a8_int,humaneval,83.2,0.1,-0.16311380462043307,-1.7957077566076731,1.469480147366807,-0.3449326599326599,-0.15782608695652173,True,Llama-3.3-70B-Instruct|s4
RedHatAI/Llama-3.3-70B-Instruct-quantized.w8a8,llama-3.3,Llama-3.3-70B-Instruct,w8a8_int,humaneval_plus,78.4,0.2,-0.1993347206133754,-1.8319286726006154,1.4332592313738648,-0.3449326599326599,-0.10000000000000002,True,Llama-3.3-70B-Instruct|s4
RedHatAI/Meta-Llama-3.1-405B-FP8,llama-3.1,Meta-Llama-3.1-405B,fp8,arc_challenge,95.99,-0.17,-0.18460584653536105,-1.6823810743781105,1.3131693813073884,-0.37873333333333337,-0.37569444444444444,True,Meta-Llama-3.1-405B|s0
RedHatAI/Meta-Llama-3.1-405B-FP8,llama-3.1,Meta-Llama-3.1-405B,fp8,gsm8k,88.1,-0.16,-0.3781003175445647,-1.8758755453873142,1.1196749102981847,-0.37873333333333337,-0.6720547945205478,True,Meta-Llama-3.1-405B|s0
RedHatAI/Meta-Llama-3.1-405B-FP8,llama-3.1,Meta-Llama-3.1-405B,fp8,hellaswag,90.02,-0.88,-0.002178679360397562,-1.499953907203147,1.495596548482352,-0.37873333333333337,-0.21472972972972973,True,Meta-Llama-3.1-405B|s0
RedHatAI/Meta-Llama-3.1-405B-FP8,llama-3.1,Meta-Llama-3.1-405B,fp8,winogrande,87.61,-1.19,0.0006678659636967788,-1.4971073618790527,1.4984430938064461,-0.37873333333333337,-0.20069444444444443,True,Meta-Llama-3.1-405B|s0
RedHatAI/Meta-Llama-3.1-405B-FP8,llama-3.1,Meta-Llama-3.1-405B,fp8,truthfulqa,49.83,-1.9,0.10409644535886992,-1.3936787824838794,1.6018716732016194,-0.37873333333333337,-0.09464788732394366,False,Meta-Llama-3.1-405B|s0
RedHatAI/Meta-Llama-3.1-405B-FP8,llama-3.1,Meta-Llama-3.1-405B,fp8,arc_challenge,95.99,-0.17,-0.2880072470067623,-1.6646330587744798,1.0886185647609552,-0.3306317689530686,-0.4121875,True,Meta-Llama-3.1-405B|s1
RedHatAI/Meta-Llama-3.1-405B-FP8,llama-3.1,Meta-Llama-3.1-405B,fp8,gsm8k,88.1,-0.16,-0.18571201590251507,-1.5623378276702327,1.1909137958652023,-0.3306317689530686,-0.35343749999999996,True,Meta-Llama-3.1-405B|s1
RedHatAI/Meta-Llama-3.1-405B-FP8,llama-3.1,Meta-Llama-3.1-405B,fp8,hellaswag,90.02,-0.88,-0.024545569135332956,-1.4011713809030504,1.3520802426323846,-0.3306317689530686,-0.1664179104477612,True,Meta-Llama-3.1-405B|s1
RedHatAI/Meta-Llama-3.1-405B-FP8,llama-3.1,Meta-Llama-3.1-405B,fp8,winogrande,87.61,-1.19,-0.13568212689936884,-1.5123079386670863,1.2409436848683486,-0.3306317689530686,-0.28784615384615386,True,Meta-Llama-3.1-405B|s1
RedHatAI/Meta-Llama-3.1-405B-FP8,llama-3.1,Meta-Llama-3.1-405B,fp8,truthfulqa,49.83,-1.9,-0.01851361033106841,-1.3951394220987858,1.3581122014366491,-0.3306317689530686,-0.20333333333333334,False,Meta-Llama-3.1-405B|s1
RedHatAI/Meta-Llama-3.1-405B-FP8,llama-3.1,Meta-Llama-3.1-405B,fp8,arc_challenge,95.99,-0.17,-0.12143337903928464,-1.6070388885889448,1.3641721305103758,-0.3648534798534798,-0.4064179104477612,True,Meta-Llama-3.1-405B|s2
RedHatAI/Meta-Llama-3.1-405B-FP8,llama-3.1,Meta-Llama-3.1-405B,fp8,gsm8k,88.1,-0.16,-0.3747476923976669,-1.8603532019473272,1.1108578171519934,-0.3648534798534798,-0.6295588235294118,True,Meta-Llama-3.1-405B|s2
RedHatAI/Meta-Llama-3.1-405B-FP8,llama-3.1,Meta-Llama-3.1-405B,fp8,hellaswag,90.02,-0.88,-0.09045252785228902,-1.5760580374019493,1.3951529816973713,-0.3648534798534798,-0.27718309859154927,True,Meta-Llama-3.1-405B|s2
RedHatAI/Meta-Llama-3.1-405B-FP8,llama-3.1,Meta-Llama-3.1-405B,fp8,winogrande,87.61,-1.19,-0.091704720846991,-1.5773102303966513,1.3939007887026693,-0.3648534798534798,-0.2663380281690141,True,Meta-Llama-3.1-405B|s2
RedHatAI/Meta-Llama-3.1-405B-FP8,llama-3.1,Meta-Llama-3.1-405B,fp8,truthfulqa,49.83,-1.9,-0.11626538406147985,-1.60187089361114,1.3693401254881805,-0.3648534798534798,-0.17814285714285716,False,Meta-Llama-3.1-405B|s2
RedHatAI/Meta-Llama-3.1-405B-FP8,llama-3.1,Meta-Llama-3.1-405B,fp8,arc_challenge,95.99,-0.17,-0.14178650920729013,-1.7171378286801402,1.43356481026556,-0.3427118644067797,-0.33147058823529413,True,Meta-Llama-3.1-405B|s3
RedHatAI/Meta-Llama-3.1-405B-FP8,llama-3.1,Meta-Llama-3.1-405B,fp8,gsm8k,88.1,-0.16,-0.42868578719794004,-2.0040371066707903,1.14666553227491,-0.3427118644067797,-0.6686567164179104,True,Meta-Llama-3.1-405B|s3
RedHatAI/Meta-Llama-3.1-405B-FP8,llama-3.1,Meta-Llama-3.1-405B,fp8,hellaswag,90.02,-0.88,-0.05893778854190651,-1.6342891080147566,1.5164135309309437,-0.3427118644067797,-0.21814285714285714,True,Meta-Llama-3.1-405B|s3
RedHatAI/Meta-Llama-3.1-405B-FP8,llama-3.1,Meta-Llama-3.1-405B,fp8,winogrande,87.61,-1.19,-0.008233900707668107,-1.5835852201805183,1.567117418765182,-0.3427118644067797,-0.1433333333333333,True,Meta-Llama-3.1-405B|s3
RedHatAI/Meta-Llama-3.1-405B-FP8,llama-3.1,Meta-Llama-3.1-405B,fp8,truthfulqa,49.83,-1.9,-0.07403486210026433,-1.6493861815731146,1.5013164573725857,-0.3427118644067797,-0.15597014925373137,False,Meta-Llama-3.1-405B|s3
RedHatAI/Meta-Llama-3.1-405B-FP8,llama-3.1,Meta-Llama-3.1-405B,fp8,arc_challenge,95.99,-0.17,-0.3244799617975785,-2.402752820256897,1.75379289666174,-0.35524956970740107,-0.44030769230769234,True,Meta-Llama-3.1-405B|s4
RedHatAI/Meta-Llama-3.1-405B-FP8,llama-3.1,Meta-Llama-3.1-405B,fp8,gsm8k,88.1,-0.16,-0.33084956573662605,-2.4091224241959446,1.7474232927226923,-0.35524956970740107,-0.4994029850746269,True,Meta-Llama-3.1-405B|s4
RedHatAI/Meta-Llama-3.1-405B-FP8,llama-3.1,Meta-Llama-3.1-405B,fp8,hellaswag,90.02,-0.88,-0.04645728537258176,-2.1247301438319,2.0318155730867367,-0.35524956970740107,-0.17507246376811594,True,Meta-Llama-3.1-405B|s4
RedHatAI/Meta-Llama-3.1-405B-FP8,llama-3.1,Meta-Llama-3.1-405B,fp8,winogrande,87.61,-1.19,-0.10360229195833176,-2.18187515041765,1.9746705665009867,-0.35524956970740107,-0.23223880597014926,True,Meta-Llama-3.1-405B|s4
RedHatAI/Meta-Llama-3.1-405B-FP8,llama-3.1,Meta-Llama-3.1-405B,fp8,truthfulqa,49.83,-1.9,-0.006264790516562091,-2.0845376489758807,2.072008067942756,-0.35524956970740107,-0.17594202898550726,True,Meta-Llama-3.1-405B|s4
RedHatAI/Meta-Llama-3.1-405B-Instruct-FP8-dynamic,llama-3.1,Meta-Llama-3.1-405B-Instruct,fp8_dynamic,arena_hard,67.4,-0.7,0.8349624686217115,-1.395945100076577,3.0658700373200003,-0.38897569444444446,0.7333333333333334,True,Meta-Llama-3.1-405B-Instruct|s0
RedHatAI/Meta-Llama-3.1-405B-Instruct-FP8-dynamic,llama-3.1,Meta-Llama-3.1-405B-Instruct,fp8_dynamic,mmlu,87.4,0.1,-0.1024548417797988,-2.3333624104780872,2.12845272691849,-0.38897569444444446,-0.5241428571428571,True,Meta-Llama-3.1-405B-Instruct|s0
RedHatAI/Meta-Llama-3.1-405B-Instruct-FP8-dynamic,llama-3.1,Meta-Llama-3.1-405B-Instruct,fp8_dynamic,mmlu_cot,88.1,0.0,-0.36704826497668686,-2.5979558336749755,1.8638593037216018,-0.38897569444444446,-0.6841176470588236,True,Meta-Llama-3.1-405B-Instruct|s0
RedHatAI/Meta-Llama-3.1-405B-Instruct-FP8-dynamic,llama-3.1,Meta-Llama-3.1-405B-Instruct,fp8_dynamic,arc_challenge,95.0,0.0,-0.11861382360937778,-2.3495213923076665,2.1122937450889108,-0.38897569444444446,-0.46585714285714286,True,Meta-Llama-3.1-405B-Instruct|s0
RedHatAI/Meta-Llama-3.1-405B-Instruct-FP8-dynamic,llama-3.1,Meta-Llama-3.1-405B-Instruct,fp8_dynamic,gsm8k,96.0,-0.2,-0.31919908697334265,-2.550106655671631,1.9117084817249461,-0.38897569444444446,-0.7198591549295774,True,Meta-Llama-3.1-405B-Instruct|s0
RedHatAI/Meta-Llama-3.1-405B-Instruct-FP8-dynamic,llama-3.1,Meta-Llama-3.1-405B-Instruct,fp8_dynamic,hellaswag,88.5,0.0,0.1532023864369848,-2.0777051822613037,2.3841099551352736,-0.38897569444444446,-0.2515068493150685,True,Meta-Llama-3.1-405B-Instruct|s0
RedHatAI/Meta-Llama-3.1-405B-Instruct-FP8-dynamic,llama-3.1,Meta-Llama-3.1-405B-Instruct,fp8_dynamic,winogrande,87.2,0.8,0.23584983129281212,-1.9950577374054765,2.466757399991101,-0.38897569444444446,-0.14422535211267606,True,Meta-Llama-3.1-405B-Instruct|s0
RedHatAI/Meta-Llama-3.1-405B-Instruct-FP8-dynamic,llama-3.1,Meta-Llama-3.1-405B-Instruct,fp8_dynamic,truthfulqa,65.3,0.0,0.23297004823064216,-1.9979375204676466,2.4638776169289307,-0.38897569444444446,-0.18928571428571428,True,Meta-Llama-3.1-405B-Instruct|s0
RedHatAI/Meta-Llama-3.1-405B-Instruct-FP8-dynamic,llama-3.1,Meta-Llama-3.1-405B-Instruct,fp8_dynamic,mmlu_pro,59.7,-0.3,-0.4188341712510148,-2.6497417399493033,1.8120733974472738,-0.38897569444444446,-0.983,True,Meta-Llama-3.1-405B-Instruct|s0
RedHatAI/Meta-Llama-3.1-405B-Instruct-FP8-dynamic,llama-3.1,Meta-Llama-3.1-405B-Instruct,fp8_dynamic,ifeval,87.7,-0.9,0.07415589628522012,-2.1567516724130686,2.3050634649835087,-0.38897569444444446,-0.3785,True,Meta-Llama-3.1-405B-Instruct|s0
RedHatAI/Meta-Llama-3.1-405B-Instruct-FP8-dynamic,llama-3.1,Meta-Llama-3.1-405B-Instruct,fp8_dynamic,bbh,67.0,0.1,-0.4443530833257159,-2.6752606520240043,1.7865544853725728,-0.38897569444444446,-0.9913636363636363,True,Meta-Llama-3.1-405B-Instruct|s0
RedHatAI/Meta-Llama-3.1-405B-Instruct-FP8-dynamic,llama-3.1,Meta-Llama-3.1-405B-Instruct,fp8_dynamic,humaneval,86.8,0.2,0.12602204331584899,-2.1048855253824397,2.3569296120141376,-0.38897569444444446,-0.3268,True,Meta-Llama-3.1-405B-Instruct|s0
RedHatAI/Meta-Llama-3.1-405B-Instruct-FP8-dynamic,llama-3.1,Meta-Llama-3.1-405B-Instruct,fp8_dynamic,humaneval_plus,80.1,0.9,0.03818643568071245,-2.192721133017576,2.269094004379001,-0.38897569444444446,-0.24444444444444446,True,Meta-Llama-3.1-405B-Instruct|s0
RedHatAI/Meta-Llama-3.1-405B-Instruct-FP8,llama-3.1,Meta-Llama-3.1-405B-Instruct,fp8,mmlu,87.41,0.0,-0.33956800639327833,-2.570475575091567,1.8913395623050104,-0.38897569444444446,-0.5241428571428571,True,Meta-Llama-3.1-405B-Instruct|s0
RedHatAI/Meta-Llama-3.1-405B-Instruct-FP8,llama-3.1,Meta-Llama-3.1-405B-Instruct,fp8,mmlu_cot,88.11,-0.09,-0.604161957324294,-2.8350695260225827,1.6267456113739946,-0.38897569444444446,-0.6841176470588236,True,Meta-Llama-3.1-405B-Instruct|s0
RedHatAI/Meta-Llama-3.1-405B-Instruct-FP8,llama-3.1,Meta-Llama-3.1-405B-Instruct,fp8,arc_challenge,94.97,-0.09,-0.35546728388215926,-2.5863748525804477,1.8754402848161293,-0.38897569444444446,-0.46585714285714286,True,Meta-Llama-3.1-405B-Instruct|s0
RedHatAI/Meta-Llama-3.1-405B-Instruct-FP8,llama-3.1,Meta-Llama-3.1-405B-Instruct,fp8,gsm8k,95.98,0.31,-0.556119731673389,-2.787027300371678,1.6747878370248996,-0.38897569444444446,-0.7198591549295774,True,Meta-Llama-3.1-405B-Instruct|s0
RedHatAI/Meta-Llama-3.1-405B-Instruct-FP8,llama-3.1,Meta-Llama-3.1-405B-Instruct,fp8,hellaswag,88.54,0.0,-0.08404050730929069,-2.314948076007579,2.146867061388998,-0.38897569444444446,-0.2515068493150685,True,Meta-Llama-3.1-405B-Instruct|s0
RedHatAI/Meta-Llama-3.1-405B-Instruct-FP8,llama-3.1,Meta-Llama-3.1-405B-Instruct,fp8,winogrande,87.21,-0.23,-0.0012758103926816533,-2.23218337909097,2.229631758305607,-0.38897569444444446,-0.14422535211267606,True,Meta-Llama-3.1-405B-Instruct|s0
RedHatAI/Meta-Llama-3.1-405B-Instruct-FP8,llama-3.1,Meta-Llama-3.1-405B-Instruct,fp8,truthfulqa,65.31,0.02,-0.004135092398497575,-2.235042661096786,2.226772476299791,-0.38897569444444446,-0.18928571428571428,True,Meta-Llama-3.1-405B-Instruct|s0
RedHatAI/Meta-Llama-3.1-405B-Instruct-quantized.w4a16,llama-3.1,Meta-Llama-3.1-405B-Instruct,w4a16,arena_hard,67.4,-0.9,0.3266529046166745,-1.904254664081614,2.5575604733149633,-0.38897569444444446,0.7333333333333334,True,Meta-Llama-3.1-405B-Instruct|s0
RedHatAI/Meta-Llama-3.1-405B-Instruct-quantized.w4a16,llama-3.1,Meta-Llama-3.1-405B-Instruct,w4a16,mmlu,87.4,-0.2,-0.6107644057848356,-2.8416719744831243,1.620143162913453,-0.38897569444444446,-0.5241428571428571,True,Meta-Llama-3.1-405B-Instruct|s0
RedHatAI/Meta-Llama-3.1-405B-Instruct-quantized.w4a16,llama-3.1,Meta-Llama-3.1-405B-Instruct,w4a16,arc_challenge,95.0,0.3,-0.6269233876144146,-2.857830956312703,1.6039841810838742,-0.38897569444444446,-0.46585714285714286,True,Meta-Llama-3.1-405B-Instruct|s0
RedHatAI/Meta-Llama-3.1-405B-Instruct-quantized.w4a16,llama-3.1,Meta-Llama-3.1-405B-Instruct,w4a16,gsm8k,96.4,-0.1,-0.830595357707009,-3.0615029264052978,1.4003122109912796,-0.38897569444444446,-0.7198591549295774,True,Meta-Llama-3.1-405B-Instruct|s0
RedHatAI/Meta-Llama-3.1-405B-Instruct-quantized.w4a16,llama-3.1,Meta-Llama-3.1-405B-Instruct,w4a16,hellaswag,88.3,0.0,-0.3542571721462655,-2.5851647408445544,1.8766503965520231,-0.38897569444444446,-0.2515068493150685,True,Meta-Llama-3.1-405B-Instruct|s0
RedHatAI/Meta-Llama-3.1-405B-Instruct-quantized.w4a16,llama-3.1,Meta-Llama-3.1-405B-Instruct,w4a16,winogrande,87.2,0.2,-0.27245973271222473,-2.5033673014105133,1.958447835986064,-0.38897569444444446,-0.14422535211267606,True,Meta-Llama-3.1-405B-Instruct|s0
RedHatAI/Meta-Llama-3.1-405B-Instruct-quantized.w4a16,llama-3.1,Meta-Llama-3.1-405B-Instruct,w4a16,truthfulqa,64.6,0.7,-0.27307535312803394,-2.5039829218263225,1.9578322155702548,-0.38897569444444446,-0.18928571428571428,True,Meta-Llama-3.1-405B-Instruct|s0
RedHatAI/Meta-Llama-3.1-405B-Instruct-quantized.w4a16,llama-3.1,Meta-Llama-3.1-405B-Instruct,w4a16,mmlu_pro,59.7,-0.3,-0.9271437352560519,-3.1580513039543403,1.3037638334422368,-0.38897569444444446,-0.983,True,Meta-Llama-3.1-405B-Instruct|s0
RedHatAI/Meta-Llama-3.1-405B-Instruct-quantized.w4a16,llama-3.1,Meta-Llama-3.1-405B-Instruct,w4a16,ifeval,87.7,0.3,-0.4341536677198167,-2.665061236418105,1.7967539009784719,-0.38897569444444446,-0.3785,True,Meta-Llama-3.1-405B-Instruct|s0
RedHatAI/Meta-Llama-3.1-405B-Instruct-quantized.w4a16,llama-3.1,Meta-Llama-3.1-405B-Instruct,w4a16,bbh,67.0,0.5,-0.9526626473307527,-3.1835702160290413,1.278244921367536,-0.38897569444444446,-0.9913636363636363,True,Meta-Llama-3.1-405B-Instruct|s0
RedHatAI/Meta-Llama-3.1-405B-Instruct-quantized.w4a16,llama-3.1,Meta-Llama-3.1-405B-Instruct,w4a16,humaneval,86.8,-1.7,-0.3822875206891879,-2.6131950893874767,1.8486200480091006,-0.38897569444444446,-0.3268,True,Meta-Llama-3.1-405B-Instruct|s0
RedHatAI/Meta-Llama-3.1-405B-Instruct-quantized.w4a16,llama-3.1,Meta-Llama-3.1-405B-Instruct,w4a16,humaneval_plus,80.1,-1.2,-0.47012312832432435,-2.7010306970226132,1.7607844403739643,-0.38897569444444446,-0.24444444444444446,True,Meta-Llama-3.1-405B-Instruct|s0
RedHatAI/Meta-Llama-3.1-405B-Instruct-quantized.w8a16,llama-3.1,Meta-Llama-3.1-405B-Instruct,w8a16,mmlu,87.38,0.21,-0.15565979811587446,-2.386567366814163,2.0752477705824144,-0.38897569444444446,-0.5241428571428571,True,Meta-Llama-3.1-405B-Instruct|s0
RedHatAI/Meta-Llama-3.1-405B-Instruct-quantized.w8a16,llama-3.1,Meta-Llama-3.1-405B-Instruct,w8a16,mmlu_cot,88.26,-0.07,-0.420994794487778,-2.6519023631860668,1.8099127742105106,-0.38897569444444446,-0.6841176470588236,True,Meta-Llama-3.1-405B-Instruct|s0
RedHatAI/Meta-Llama-3.1-405B-Instruct-quantized.w8a16,llama-3.1,Meta-Llama-3.1-405B-Instruct,w8a16,arc_challenge,94.97,-0.17,-0.1716810915134461,-2.402588660211735,2.0592264771848425,-0.38897569444444446,-0.46585714285714286,True,Meta-Llama-3.1-405B-Instruct|s0
RedHatAI/Meta-Llama-3.1-405B-Instruct-quantized.w8a16,llama-3.1,Meta-Llama-3.1-405B-Instruct,w8a16,hellaswag,88.33,0.19,0.10063881374705175,-2.1302687549512367,2.3315463824453406,-0.38897569444444446,-0.2515068493150685,True,Meta-Llama-3.1-405B-Instruct|s0
RedHatAI/Meta-Llama-3.1-405B-Instruct-quantized.w8a16,llama-3.1,Meta-Llama-3.1-405B-Instruct,w8a16,winogrande,87.21,0.71,0.18251038197603142,-2.0483971867222572,2.41341795067432,-0.38897569444444446,-0.14422535211267606,True,Meta-Llama-3.1-405B-Instruct|s0
RedHatAI/Meta-Llama-3.1-405B-Instruct-quantized.w8a16,llama-3.1,Meta-Llama-3.1-405B-Instruct,w8a16,truthfulqa,64.64,0.77,0.1818196880702222,-2.0490878806280666,2.4127272567685107,-0.38897569444444446,-0.18928571428571428,True,Meta-Llama-3.1-405B-Instruct|s0
RedHatAI/Meta-Llama-3.1-405B-Instruct-quantized.w8a8,llama-3.1,Meta-Llama-3.1-405B-Instruct,w8a8_int,arena_hard,67.4,-2.8,0.8342270447300609,-1.3966805239682278,3.0651346134283495,-0.38897569444444446,0.7333333333333334,False,Meta-Llama-3.1-405B-Instruct|s0
RedHatAI/Meta-Llama-3.1-405B-Instruct-quantized.w8a8,llama-3.1,Meta-Llama-3.1-405B-Instruct,w8a8_int,mmlu,87.4,-0.3,-0.10319026567144929,-2.334097834369738,2.1277173030268393,-0.38897569444444446,-0.5241428571428571,True,Meta-Llama-3.1-405B-Instruct|s0
RedHatAI/Meta-Llama-3.1-405B-Instruct-quantized.w8a8,llama-3.1,Meta-Llama-3.1-405B-Instruct,w8a8_int,arc_challenge,95.0,-0.6,-0.11934924750102827,-2.350256816199317,2.1115583211972604,-0.38897569444444446,-0.46585714285714286,True,Meta-Llama-3.1-405B-Instruct|s0
RedHatAI/Meta-Llama-3.1-405B-Instruct-quantized.w8a8,llama-3.1,Meta-Llama-3.1-405B-Instruct,w8a8_int,gsm8k,96.4,-0.9,-0.32302121759362273,-2.5539287862919116,1.907886351104666,-0.38897569444444446,-0.7198591549295774,True,Meta-Llama-3.1-405B-Instruct|s0
RedHatAI/Meta-Llama-3.1-405B-Instruct-quantized.w8a8,llama-3.1,Meta-Llama-3.1-405B-Instruct,w8a8_int,hellaswag,88.3,-0.1,0.1533169679671209,-2.0775906007311677,2.3842245366654096,-0.38897569444444446,-0.2515068493150685,True,Meta-Llama-3.1-405B-Instruct|s0
RedHatAI/Meta-Llama-3.1-405B-Instruct-quantized.w8a8,llama-3.1,Meta-Llama-3.1-405B-Instruct,w8a8_int,winogrande,87.2,-1.1,0.23511440740116163,-1.9957931612971271,2.46602197609945,-0.38897569444444446,-0.14422535211267606,True,Meta-Llama-3.1-405B-Instruct|s0
RedHatAI/Meta-Llama-3.1-405B-Instruct-quantized.w8a8,llama-3.1,Meta-Llama-3.1-405B-Instruct,w8a8_int,truthfulqa,64.6,-0.2,0.23449878698535243,-1.9964087817129363,2.465406355683641,-0.38897569444444446,-0.18928571428571428,True,Meta-Llama-3.1-405B-Instruct|s0
RedHatAI/Meta-Llama-3.1-405B-Instruct-quantized.w8a8,llama-3.1,Meta-Llama-3.1-405B-Instruct,w8a8_int,mmlu_pro,59.7,-1.3,-0.41956959514266534,-2.650477163840954,1.8113379735556232,-0.38897569444444446,-0.983,True,Meta-Llama-3.1-405B-Instruct|s0
RedHatAI/Meta-Llama-3.1-405B-Instruct-quantized.w8a8,llama-3.1,Meta-Llama-3.1-405B-Instruct,w8a8_int,ifeval,87.7,-0.7,0.07342047239356964,-2.157487096304719,2.3043280410918583,-0.38897569444444446,-0.3785,True,Meta-Llama-3.1-405B-Instruct|s0
RedHatAI/Meta-Llama-3.1-405B-Instruct-quantized.w8a8,llama-3.1,Meta-Llama-3.1-405B-Instruct,w8a8_int,bbh,67.0,-0.3,-0.4450885072173663,-2.675996075915655,1.7858190614809224,-0.38897569444444446,-0.9913636363636363,True,Meta-Llama-3.1-405B-Instruct|s0
RedHatAI/Meta-Llama-3.1-405B-Instruct-quantized.w8a8,llama-3.1,Meta-Llama-3.1-405B-Instruct,w8a8_int,math_lvl5,39.0,-3.2,1.3602570713646616,-0.8706504973336271,3.59116464006295,-0.38897569444444446,1.105,False,Meta-Llama-3.1-405B-Instruct|s0
RedHatAI/Meta-Llama-3.1-405B-Instruct-quantized.w8a8,llama-3.1,Meta-Llama-3.1-405B-Instruct,w8a8_int,humaneval,86.8,0.1,0.1252866194241985,-2.10562094927409,2.3561941881224873,-0.38897569444444446,-0.3268,True,Meta-Llama-3.1-405B-Instruct|s0
RedHatAI/Meta-Llama-3.1-405B-Instruct-quantized.w8a8,llama-3.1,Meta-Llama-3.1-405B-Instruct,w8a8_int,humaneval_plus,80.1,0.3,0.03745101178906196,-2.1934565569092266,2.2683585804873507,-0.38897569444444446,-0.24444444444444446,True,Meta-Llama-3.1-405B-Instruct|s0
RedHatAI/Meta-Llama-3.1-405B-Instruct-FP8-dynamic,llama-3.1,Meta-Llama-3.1-405B-Instruct,fp8_dynamic,arena_hard,67.4,-0.7,0.9106576785298399,-0.4664344900847932,2.287749847144473,-0.3760733944954128,0.7333333333333334,False,Meta-Llama-3.1-405B-Instruct|s1
RedHatAI/Meta-Llama-3.1-405B-Instruct-FP8-dynamic,llama-3.1,Meta-Llama-3.1-405B-Instruct,fp8_dynamic,mmlu,87.4,0.1,-0.12473665604680972,-1.5018288246614429,1.2523555125678234,-0.3760733944954128,-0.5462121212121211,True,Meta-Llama-3.1-405B-Instruct|s1
RedHatAI/Meta-Llama-3.1-405B-Instruct-FP8-dynamic,llama-3.1,Meta-Llama-3.1-405B-Instruct,fp8_dynamic,mmlu_cot,88.1,0.0,-0.30196894190195545,-1.6790611105165887,1.0751232267126776,-0.3760733944954128,-0.5983333333333333,True,Meta-Llama-3.1-405B-Instruct|s1
RedHatAI/Meta-Llama-3.1-405B-Instruct-FP8-dynamic,llama-3.1,Meta-Llama-3.1-405B-Instruct,fp8_dynamic,arc_challenge,95.0,0.0,-0.10611941111768003,-1.483211579732313,1.2709727574969532,-0.3760733944954128,-0.46923076923076923,True,Meta-Llama-3.1-405B-Instruct|s1
RedHatAI/Meta-Llama-3.1-405B-Instruct-FP8-dynamic,llama-3.1,Meta-Llama-3.1-405B-Instruct,fp8_dynamic,gsm8k,96.0,-0.2,-0.04007694889575619,-1.4171691175103893,1.337015219718877,-0.3760733944954128,-0.41393939393939394,True,Meta-Llama-3.1-405B-Instruct|s1
RedHatAI/Meta-Llama-3.1-405B-Instruct-FP8-dynamic,llama-3.1,Meta-Llama-3.1-405B-Instruct,fp8_dynamic,hellaswag,88.5,0.0,0.0671441741959673,-1.3099479944186658,1.4442363428106004,-0.3760733944954128,-0.31441176470588234,True,Meta-Llama-3.1-405B-Instruct|s1
RedHatAI/Meta-Llama-3.1-405B-Instruct-FP8-dynamic,llama-3.1,Meta-Llama-3.1-405B-Instruct,fp8_dynamic,winogrande,87.2,0.8,0.1174783870676373,-1.2596137815469959,1.4945705556822704,-0.3760733944954128,-0.24075757575757573,True,Meta-Llama-3.1-405B-Instruct|s1
RedHatAI/Meta-Llama-3.1-405B-Instruct-FP8-dynamic,llama-3.1,Meta-Llama-3.1-405B-Instruct,fp8_dynamic,truthfulqa,65.3,0.0,0.1820354618594075,-1.1950567067552256,1.5591276304740407,-0.3760733944954128,-0.2026153846153846,True,Meta-Llama-3.1-405B-Instruct|s1
RedHatAI/Meta-Llama-3.1-405B-Instruct-FP8-dynamic,llama-3.1,Meta-Llama-3.1-405B-Instruct,fp8_dynamic,mmlu_pro,59.7,-0.3,-0.7863741927175731,-2.1634663613322065,0.59071797589706,-0.3760733944954128,-1.4430434782608694,True,Meta-Llama-3.1-405B-Instruct|s1
RedHatAI/Meta-Llama-3.1-405B-Instruct-FP8-dynamic,llama-3.1,Meta-Llama-3.1-405B-Instruct,fp8_dynamic,ifeval,87.7,-0.9,0.2239608280208389,-1.1531313405937942,1.601052996635472,-0.3760733944954128,-0.1745833333333333,True,Meta-Llama-3.1-405B-Instruct|s1
RedHatAI/Meta-Llama-3.1-405B-Instruct-FP8-dynamic,llama-3.1,Meta-Llama-3.1-405B-Instruct,fp8_dynamic,bbh,67.0,0.1,-0.25643106263999377,-1.6335232312546268,1.1206611059746394,-0.3760733944954128,-0.7979999999999999,True,Meta-Llama-3.1-405B-Instruct|s1
RedHatAI/Meta-Llama-3.1-405B-Instruct-FP8-dynamic,llama-3.1,Meta-Llama-3.1-405B-Instruct,fp8_dynamic,humaneval,86.8,0.2,0.12639558045380522,-1.2506965881608278,1.5034877490684384,-0.3760733944954128,-0.3178947368421053,True,Meta-Llama-3.1-405B-Instruct|s1
RedHatAI/Meta-Llama-3.1-405B-Instruct-FP8-dynamic,llama-3.1,Meta-Llama-3.1-405B-Instruct,fp8_dynamic,humaneval_plus,80.1,0.9,-0.18275263044584827,-1.5598447990604813,1.194339538168785,-0.3760733944954128,-0.4833333333333334,True,Meta-Llama-3.1-405B-Instruct|s1
RedHatAI/Meta-Llama-3.1-405B-Instruct-FP8,llama-3.1,Meta-Llama-3.1-405B-Instruct,fp8,mmlu,87.41,0.0,-0.36538178195743287,-1.7424739505720659,1.0117103866572004,-0.3760733944954128,-0.5462121212121211,True,Meta-Llama-3.1-405B-Instruct|s1
RedHatAI/Meta-Llama-3.1-405B-Instruct-FP8,llama-3.1,Meta-Llama-3.1-405B-Instruct,fp8,mmlu_cot,88.11,-0.09,-0.5426148870839114,-1.9197070556985445,0.8344772815307218,-0.3760733944954128,-0.5983333333333333,True,Meta-Llama-3.1-405B-Instruct|s1
RedHatAI/Meta-Llama-3.1-405B-Instruct-FP8,llama-3.1,Meta-Llama-3.1-405B-Instruct,fp8,arc_challenge,94.97,-0.09,-0.3465875748343227,-1.723679743448956,1.0305045937803103,-0.3760733944954128,-0.46923076923076923,True,Meta-Llama-3.1-405B-Instruct|s1
RedHatAI/Meta-Llama-3.1-405B-Instruct-FP8,llama-3.1,Meta-Llama-3.1-405B-Instruct,fp8,gsm8k,95.98,0.31,-0.2805925443512403,-1.6576847129658734,1.0964996242633929,-0.3760733944954128,-0.41393939393939394,True,Meta-Llama-3.1-405B-Instruct|s1
RedHatAI/Meta-Llama-3.1-405B-Instruct-FP8,llama-3.1,Meta-Llama-3.1-405B-Instruct,fp8,hellaswag,88.54,0.0,-0.17354014497920361,-1.5506323135938367,1.2035520236354296,-0.3760733944954128,-0.31441176470588234,True,Meta-Llama-3.1-405B-Instruct|s1
RedHatAI/Meta-Llama-3.1-405B-Instruct-FP8,llama-3.1,Meta-Llama-3.1-405B-Instruct,fp8,winogrande,87.21,-0.23,-0.12318441384208306,-1.5002765824567161,1.2539077547725501,-0.3760733944954128,-0.24075757575757573,True,Meta-Llama-3.1-405B-Instruct|s1
RedHatAI/Meta-Llama-3.1-405B-Instruct-FP8,llama-3.1,Meta-Llama-3.1-405B-Instruct,fp8,truthfulqa,65.31,0.02,-0.05859604812929209,-1.4356882167439253,1.318496120485341,-0.3760733944954128,-0.2026153846153846,True,Meta-Llama-3.1-405B-Instruct|s1
RedHatAI/Meta-Llama-3.1-405B-Instruct-quantized.w4a16,llama-3.1,Meta-Llama-3.1-405B-Instruct,w4a16,arena_hard,67.4,-0.9,0.2787024527464805,-1.0983897158681526,1.6557946213611137,-0.3760733944954128,0.7333333333333334,True,Meta-Llama-3.1-405B-Instruct|s1
RedHatAI/Meta-Llama-3.1-405B-Instruct-quantized.w4a16,llama-3.1,Meta-Llama-3.1-405B-Instruct,w4a16,mmlu,87.4,-0.2,-0.7566918818301687,-2.1337840504448016,0.6204002867844645,-0.3760733944954128,-0.5462121212121211,True,Meta-Llama-3.1-405B-Instruct|s1
RedHatAI/Meta-Llama-3.1-405B-Instruct-quantized.w4a16,llama-3.1,Meta-Llama-3.1-405B-Instruct,w4a16,arc_challenge,95.0,0.3,-0.7380746369010391,-2.1151668055156723,0.639017531713594,-0.3760733944954128,-0.46923076923076923,True,Meta-Llama-3.1-405B-Instruct|s1
RedHatAI/Meta-Llama-3.1-405B-Instruct-quantized.w4a16,llama-3.1,Meta-Llama-3.1-405B-Instruct,w4a16,gsm8k,96.4,-0.1,-0.6745088342083235,-2.0516010028229568,0.7025833344063096,-0.3760733944954128,-0.41393939393939394,True,Meta-Llama-3.1-405B-Instruct|s1
RedHatAI/Meta-Llama-3.1-405B-Instruct-quantized.w4a16,llama-3.1,Meta-Llama-3.1-405B-Instruct,w4a16,hellaswag,88.3,0.0,-0.5645718264422294,-1.9416639950568624,0.8125203421724038,-0.3760733944954128,-0.31441176470588234,True,Meta-Llama-3.1-405B-Instruct|s1
RedHatAI/Meta-Llama-3.1-405B-Instruct-quantized.w4a16,llama-3.1,Meta-Llama-3.1-405B-Instruct,w4a16,winogrande,87.2,0.2,-0.5144768387157217,-1.8915690073303548,0.8626153298989114,-0.3760733944954128,-0.24075757575757573,True,Meta-Llama-3.1-405B-Instruct|s1
RedHatAI/Meta-Llama-3.1-405B-Instruct-quantized.w4a16,llama-3.1,Meta-Llama-3.1-405B-Instruct,w4a16,truthfulqa,64.6,0.7,-0.4502567186884507,-1.8273488873030839,0.9268354499261824,-0.3760733944954128,-0.2026153846153846,True,Meta-Llama-3.1-405B-Instruct|s1
RedHatAI/Meta-Llama-3.1-405B-Instruct-quantized.w4a16,llama-3.1,Meta-Llama-3.1-405B-Instruct,w4a16,mmlu_pro,59.7,-0.3,-1.418329418500932,-2.795421587115565,-0.041237249886298954,-0.3760733944954128,-1.4430434782608694,True,Meta-Llama-3.1-405B-Instruct|s1
RedHatAI/Meta-Llama-3.1-405B-Instruct-quantized.w4a16,llama-3.1,Meta-Llama-3.1-405B-Instruct,w4a16,ifeval,87.7,0.3,-0.4079943977625201,-1.7850865663771533,0.969097770852113,-0.3760733944954128,-0.1745833333333333,True,Meta-Llama-3.1-405B-Instruct|s1
RedHatAI/Meta-Llama-3.1-405B-Instruct-quantized.w4a16,llama-3.1,Meta-Llama-3.1-405B-Instruct,w4a16,bbh,67.0,0.5,-0.8883862884233529,-2.265478457037986,0.48870588019128025,-0.3760733944954128,-0.7979999999999999,False,Meta-Llama-3.1-405B-Instruct|s1
RedHatAI/Meta-Llama-3.1-405B-Instruct-quantized.w4a16,llama-3.1,Meta-Llama-3.1-405B-Instruct,w4a16,humaneval,86.8,-1.7,-0.5055596453295539,-1.882651813944187,0.8715325232850792,-0.3760733944954128,-0.3178947368421053,True,Meta-Llama-3.1-405B-Instruct|s1
RedHatAI/Meta-Llama-3.1-405B-Instruct-quantized.w4a16,llama-3.1,Meta-Llama-3.1-405B-Instruct,w4a16,humaneval_plus,80.1,-1.2,-0.8147078562292074,-2.1918000248438405,0.5623843123854257,-0.3760733944954128,-0.4833333333333334,True,Meta-Llama-3.1-405B-Instruct|s1
RedHatAI/Meta-Llama-3.1-405B-Instruct-quantized.w8a16,llama-3.1,Meta-Llama-3.1-405B-Instruct,w8a16,mmlu,87.38,0.21,-0.2912126990817766,-1.6683048676964098,1.0858794695328564,-0.3760733944954128,-0.5462121212121211,True,Meta-Llama-3.1-405B-Instruct|s1
RedHatAI/Meta-Llama-3.1-405B-Instruct-quantized.w8a16,llama-3.1,Meta-Llama-3.1-405B-Instruct,w8a16,mmlu_cot,88.26,-0.07,-0.4686264956965006,-1.8457186643111338,0.9084656729181325,-0.3760733944954128,-0.5983333333333333,True,Meta-Llama-3.1-405B-Instruct|s1
RedHatAI/Meta-Llama-3.1-405B-Instruct-quantized.w8a16,llama-3.1,Meta-Llama-3.1-405B-Instruct,w8a16,arc_challenge,94.97,-0.17,-0.2724462918610514,-1.6495384604756844,1.1046458767535818,-0.3760733944954128,-0.46923076923076923,True,Meta-Llama-3.1-405B-Instruct|s1
RedHatAI/Meta-Llama-3.1-405B-Instruct-quantized.w8a16,llama-3.1,Meta-Llama-3.1-405B-Instruct,w8a16,hellaswag,88.33,0.19,-0.09914671769022776,-1.476238886304861,1.2779454509244053,-0.3760733944954128,-0.31441176470588234,True,Meta-Llama-3.1-405B-Instruct|s1
RedHatAI/Meta-Llama-3.1-405B-Instruct-quantized.w8a16,llama-3.1,Meta-Llama-3.1-405B-Instruct,w8a16,winogrande,87.21,0.71,-0.04904313086881168,-1.4261352994834449,1.3280490377458214,-0.3760733944954128,-0.24075757575757573,True,Meta-Llama-3.1-405B-Instruct|s1
RedHatAI/Meta-Llama-3.1-405B-Instruct-quantized.w8a16,llama-3.1,Meta-Llama-3.1-405B-Instruct,w8a16,truthfulqa,64.64,0.77,0.015224962493083471,-1.3618672061215498,1.3923171311077165,-0.3760733944954128,-0.2026153846153846,True,Meta-Llama-3.1-405B-Instruct|s1
RedHatAI/Meta-Llama-3.1-405B-Instruct-quantized.w8a8,llama-3.1,Meta-Llama-3.1-405B-Instruct,w8a8_int,arena_hard,67.4,-2.8,0.851375489001782,-0.5257166796128512,2.228467657616415,-0.3760733944954128,0.7333333333333334,False,Meta-Llama-3.1-405B-Instruct|s1
RedHatAI/Meta-Llama-3.1-405B-Instruct-quantized.w8a8,llama-3.1,Meta-Llama-3.1-405B-Instruct,w8a8_int,mmlu,87.4,-0.3,-0.18401884557486742,-1.5611110141895006,1.1930733230397657,-0.3760733944954128,-0.5462121212121211,True,Meta-Llama-3.1-405B-Instruct|s1
RedHatAI/Meta-Llama-3.1-405B-Instruct-quantized.w8a8,llama-3.1,Meta-Llama-3.1-405B-Instruct,w8a8_int,arc_challenge,95.0,-0.6,-0.16540160064573764,-1.5424937692603709,1.2116905679688954,-0.3760733944954128,-0.46923076923076923,True,Meta-Llama-3.1-405B-Instruct|s1
RedHatAI/Meta-Llama-3.1-405B-Instruct-quantized.w8a8,llama-3.1,Meta-Llama-3.1-405B-Instruct,w8a8_int,gsm8k,96.4,-0.9,-0.10183579795302206,-1.4789279665676551,1.2752563706616111,-0.3760733944954128,-0.41393939393939394,True,Meta-Llama-3.1-405B-Instruct|s1
RedHatAI/Meta-Llama-3.1-405B-Instruct-quantized.w8a8,llama-3.1,Meta-Llama-3.1-405B-Instruct,w8a8_int,hellaswag,88.3,-0.1,0.008101209813071941,-1.3689909588015612,1.385193378427705,-0.3760733944954128,-0.31441176470588234,True,Meta-Llama-3.1-405B-Instruct|s1
RedHatAI/Meta-Llama-3.1-405B-Instruct-quantized.w8a8,llama-3.1,Meta-Llama-3.1-405B-Instruct,w8a8_int,winogrande,87.2,-1.1,0.058196197539579775,-1.3188959710750534,1.4352883661542128,-0.3760733944954128,-0.24075757575757573,True,Meta-Llama-3.1-405B-Instruct|s1
RedHatAI/Meta-Llama-3.1-405B-Instruct-quantized.w8a8,llama-3.1,Meta-Llama-3.1-405B-Instruct,w8a8_int,truthfulqa,64.6,-0.2,0.12241631756685067,-1.2546758510477825,1.4995084861814838,-0.3760733944954128,-0.2026153846153846,True,Meta-Llama-3.1-405B-Instruct|s1
RedHatAI/Meta-Llama-3.1-405B-Instruct-quantized.w8a8,llama-3.1,Meta-Llama-3.1-405B-Instruct,w8a8_int,mmlu_pro,59.7,-1.3,-0.8456563822456307,-2.222748550860264,0.5314357863690025,-0.3760733944954128,-1.4430434782608694,True,Meta-Llama-3.1-405B-Instruct|s1
RedHatAI/Meta-Llama-3.1-405B-Instruct-quantized.w8a8,llama-3.1,Meta-Llama-3.1-405B-Instruct,w8a8_int,ifeval,87.7,-0.7,0.16467863849278136,-1.2124135301218517,1.5417708071074145,-0.3760733944954128,-0.1745833333333333,True,Meta-Llama-3.1-405B-Instruct|s1
RedHatAI/Meta-Llama-3.1-405B-Instruct-quantized.w8a8,llama-3.1,Meta-Llama-3.1-405B-Instruct,w8a8_int,bbh,67.0,-0.3,-0.31571325216805146,-1.6928054207826846,1.0613789164465817,-0.3760733944954128,-0.7979999999999999,True,Meta-Llama-3.1-405B-Instruct|s1
RedHatAI/Meta-Llama-3.1-405B-Instruct-quantized.w8a8,llama-3.1,Meta-Llama-3.1-405B-Instruct,w8a8_int,math_lvl5,39.0,-3.2,1.030878496085548,-0.3462136725290852,2.407970664700181,-0.3760733944954128,0.9333333333333332,False,Meta-Llama-3.1-405B-Instruct|s1
RedHatAI/Meta-Llama-3.1-405B-Instruct-quantized.w8a8,llama-3.1,Meta-Llama-3.1-405B-Instruct,w8a8_int,humaneval,86.8,0.1,0.06711339092574747,-1.3099787776888856,1.4442055595403807,-0.3760733944954128,-0.3178947368421053,True,Meta-Llama-3.1-405B-Instruct|s1
RedHatAI/Meta-Llama-3.1-405B-Instruct-quantized.w8a8,llama-3.1,Meta-Llama-3.1-405B-Instruct,w8a8_int,humaneval_plus,80.1,0.3,-0.2420348199739059,-1.619126988588539,1.1350573486407272,-0.3760733944954128,-0.4833333333333334,True,Meta-Llama-3.1-405B-Instruct|s1
RedHatAI/Meta-Llama-3.1-405B-Instruct-FP8-dynamic,llama-3.1,Meta-Llama-3.1-405B-Instruct,fp8_dynamic,arena_hard,67.4,-0.7,0.9032874562822424,-0.7834743705111464,2.590049283075631,-0.42427787934186467,0.7333333333333334,True,Meta-Llama-3.1-405B-Instruct|s2
RedHatAI/Meta-Llama-3.1-405B-Instruct-FP8-dynamic,llama-3.1,Meta-Llama-3.1-405B-Instruct,fp8_dynamic,mmlu,87.4,0.1,-0.06580149166961297,-1.7525633184630018,1.6209603351237758,-0.42427787934186467,-0.5359701492537313,True,Meta-Llama-3.1-405B-Instruct|s2
RedHatAI/Meta-Llama-3.1-405B-Instruct-FP8-dynamic,llama-3.1,Meta-Llama-3.1-405B-Instruct,fp8_dynamic,mmlu_cot,88.1,0.0,-0.30671007469044287,-1.9934719014838316,1.380051752102946,-0.42427787934186467,-0.6841176470588236,True,Meta-Llama-3.1-405B-Instruct|s2
RedHatAI/Meta-Llama-3.1-405B-Instruct-FP8-dynamic,llama-3.1,Meta-Llama-3.1-405B-Instruct,fp8_dynamic,arc_challenge,95.0,0.0,-0.03673872262081884,-1.7235005494142077,1.65002310417257,-0.42427787934186467,-0.44742424242424245,True,Meta-Llama-3.1-405B-Instruct|s2
RedHatAI/Meta-Llama-3.1-405B-Instruct-FP8-dynamic,llama-3.1,Meta-Llama-3.1-405B-Instruct,fp8_dynamic,gsm8k,96.0,-0.2,-0.23338356385931813,-1.9201453906527068,1.4533782629340708,-0.42427787934186467,-0.6976811594202899,True,Meta-Llama-3.1-405B-Instruct|s2
RedHatAI/Meta-Llama-3.1-405B-Instruct-FP8-dynamic,llama-3.1,Meta-Llama-3.1-405B-Instruct,fp8_dynamic,hellaswag,88.5,0.0,0.23726051091363748,-1.4495013158797514,1.9240223377070262,-0.42427787934186467,-0.1915714285714286,True,Meta-Llama-3.1-405B-Instruct|s2
RedHatAI/Meta-Llama-3.1-405B-Instruct-FP8-dynamic,llama-3.1,Meta-Llama-3.1-405B-Instruct,fp8_dynamic,winogrande,87.2,0.8,0.1300082571569669,-1.5567535696364219,1.8167700839503558,-0.42427787934186467,-0.30826086956521737,True,Meta-Llama-3.1-405B-Instruct|s2
RedHatAI/Meta-Llama-3.1-405B-Instruct-FP8-dynamic,llama-3.1,Meta-Llama-3.1-405B-Instruct,fp8_dynamic,truthfulqa,65.3,0.0,0.23425820715667783,-1.452503619636711,1.9210200339500667,-0.42427787934186467,-0.21985074626865672,True,Meta-Llama-3.1-405B-Instruct|s2
RedHatAI/Meta-Llama-3.1-405B-Instruct-FP8-dynamic,llama-3.1,Meta-Llama-3.1-405B-Instruct,fp8_dynamic,mmlu_pro,59.7,-0.3,-1.0487128153534198,-2.7354746421468086,0.6380490114399691,-0.42427787934186467,-1.8078947368421054,True,Meta-Llama-3.1-405B-Instruct|s2
RedHatAI/Meta-Llama-3.1-405B-Instruct-FP8-dynamic,llama-3.1,Meta-Llama-3.1-405B-Instruct,fp8_dynamic,ifeval,87.7,-0.9,0.3877110143924328,-1.299050812400956,2.0744728411858215,-0.42427787934186467,-0.05736842105263157,True,Meta-Llama-3.1-405B-Instruct|s2
RedHatAI/Meta-Llama-3.1-405B-Instruct-FP8-dynamic,llama-3.1,Meta-Llama-3.1-405B-Instruct,fp8_dynamic,bbh,67.0,0.1,-0.21190670628446306,-1.8986685330778519,1.4748551205089258,-0.42427787934186467,-0.7880952380952382,True,Meta-Llama-3.1-405B-Instruct|s2
RedHatAI/Meta-Llama-3.1-405B-Instruct-FP8-dynamic,llama-3.1,Meta-Llama-3.1-405B-Instruct,fp8_dynamic,humaneval,86.8,0.2,0.009366017729491916,-1.677395809063897,1.6961278445228807,-0.42427787934186467,-0.5236363636363636,True,Meta-Llama-3.1-405B-Instruct|s2
RedHatAI/Meta-Llama-3.1-405B-Instruct-FP8-dynamic,llama-3.1,Meta-Llama-3.1-405B-Instruct,fp8_dynamic,humaneval_plus,80.1,0.9,0.0710088803090177,-1.6157529464843712,1.7577707071024065,-0.42427787934186467,-0.24444444444444446,True,Meta-Llama-3.1-405B-Instruct|s2
RedHatAI/Meta-Llama-3.1-405B-Instruct-FP8,llama-3.1,Meta-Llama-3.1-405B-Instruct,fp8,mmlu,87.41,0.0,-0.33832490861950854,-2.025086735412897,1.3484369181738802,-0.42427787934186467,-0.5359701492537313,True,Meta-Llama-3.1-405B-Instruct|s2
RedHatAI/Meta-Llama-3.1-405B-Instruct-FP8,llama-3.1,Meta-Llama-3.1-405B-Instruct,fp8,mmlu_cot,88.11,-0.09,-0.579234184273739,-2.265996011067128,1.1075276425196499,-0.42427787934186467,-0.6841176470588236,True,Meta-Llama-3.1-405B-Instruct|s2
RedHatAI/Meta-Llama-3.1-405B-Instruct-FP8,llama-3.1,Meta-Llama-3.1-405B-Instruct,fp8,arc_challenge,94.97,-0.09,-0.3090640643886634,-1.9958258911820521,1.3776977624047255,-0.42427787934186467,-0.44742424242424245,True,Meta-Llama-3.1-405B-Instruct|s2
RedHatAI/Meta-Llama-3.1-405B-Instruct-FP8,llama-3.1,Meta-Llama-3.1-405B-Instruct,fp8,gsm8k,95.98,0.31,-0.5057603712265171,-2.1925221980199057,1.1810014555668717,-0.42427787934186467,-0.6976811594202899,True,Meta-Llama-3.1-405B-Instruct|s2
RedHatAI/Meta-Llama-3.1-405B-Instruct-FP8,llama-3.1,Meta-Llama-3.1-405B-Instruct,fp8,hellaswag,88.54,0.0,-0.03535018481350666,-1.7221120116068955,1.651411641979882,-0.42427787934186467,-0.1915714285714286,True,Meta-Llama-3.1-405B-Instruct|s2
RedHatAI/Meta-Llama-3.1-405B-Instruct-FP8,llama-3.1,Meta-Llama-3.1-405B-Instruct,fp8,winogrande,87.21,-0.23,-0.14252605802378587,-1.8292878848171747,1.544235768769603,-0.42427787934186467,-0.30826086956521737,True,Meta-Llama-3.1-405B-Instruct|s2
RedHatAI/Meta-Llama-3.1-405B-Instruct-FP8,llama-3.1,Meta-Llama-3.1-405B-Instruct,fp8,truthfulqa,65.31,0.02,-0.03825093201596047,-1.7250127588093493,1.6485108947774283,-0.42427787934186467,-0.21985074626865672,True,Meta-Llama-3.1-405B-Instruct|s2
RedHatAI/Meta-Llama-3.1-405B-Instruct-quantized.w4a16,llama-3.1,Meta-Llama-3.1-405B-Instruct,w4a16,arena_hard,67.4,-0.9,0.24912179240015125,-1.4376400343932376,1.93588361919354,-0.42427787934186467,0.7333333333333334,True,Meta-Llama-3.1-405B-Instruct|s2
RedHatAI/Meta-Llama-3.1-405B-Instruct-quantized.w4a16,llama-3.1,Meta-Llama-3.1-405B-Instruct,w4a16,mmlu,87.4,-0.2,-0.7199671555517042,-2.406728982345093,0.9667946712416846,-0.42427787934186467,-0.5359701492537313,True,Meta-Llama-3.1-405B-Instruct|s2
RedHatAI/Meta-Llama-3.1-405B-Instruct-quantized.w4a16,llama-3.1,Meta-Llama-3.1-405B-Instruct,w4a16,arc_challenge,95.0,0.3,-0.6909043865029102,-2.377666213296299,0.9958574402904786,-0.42427787934186467,-0.44742424242424245,True,Meta-Llama-3.1-405B-Instruct|s2
RedHatAI/Meta-Llama-3.1-405B-Instruct-quantized.w4a16,llama-3.1,Meta-Llama-3.1-405B-Instruct,w4a16,gsm8k,96.4,-0.1,-0.8900009288959827,-2.5767627556893715,0.7967608978974061,-0.42427787934186467,-0.6976811594202899,True,Meta-Llama-3.1-405B-Instruct|s2
RedHatAI/Meta-Llama-3.1-405B-Instruct-quantized.w4a16,llama-3.1,Meta-Llama-3.1-405B-Instruct,w4a16,hellaswag,88.3,0.0,-0.4163395636563862,-2.103101390449775,1.2704222631370026,-0.42427787934186467,-0.1915714285714286,True,Meta-Llama-3.1-405B-Instruct|s2
RedHatAI/Meta-Llama-3.1-405B-Instruct-quantized.w4a16,llama-3.1,Meta-Llama-3.1-405B-Instruct,w4a16,winogrande,87.2,0.2,-0.5241574067251245,-2.2109192335185135,1.1626044200682644,-0.42427787934186467,-0.30826086956521737,True,Meta-Llama-3.1-405B-Instruct|s2
RedHatAI/Meta-Llama-3.1-405B-Instruct-quantized.w4a16,llama-3.1,Meta-Llama-3.1-405B-Instruct,w4a16,truthfulqa,64.6,0.7,-0.41908932425205875,-2.1058511510454476,1.26767250254133,-0.42427787934186467,-0.21985074626865672,True,Meta-Llama-3.1-405B-Instruct|s2
RedHatAI/Meta-Llama-3.1-405B-Instruct-quantized.w4a16,llama-3.1,Meta-Llama-3.1-405B-Instruct,w4a16,mmlu_pro,59.7,-0.3,-1.7028784792355112,-3.3896403060289,-0.016116652442122348,-0.42427787934186467,-1.8078947368421054,True,Meta-Llama-3.1-405B-Instruct|s2
RedHatAI/Meta-Llama-3.1-405B-Instruct-quantized.w4a16,llama-3.1,Meta-Llama-3.1-405B-Instruct,w4a16,ifeval,87.7,0.3,-0.26645464948965836,-1.953216476283047,1.4203071773037306,-0.42427787934186467,-0.05736842105263157,True,Meta-Llama-3.1-405B-Instruct|s2
RedHatAI/Meta-Llama-3.1-405B-Instruct-quantized.w4a16,llama-3.1,Meta-Llama-3.1-405B-Instruct,w4a16,bbh,67.0,0.5,-0.8660723701665545,-2.5528341969599433,0.8206894566268343,-0.42427787934186467,-0.7880952380952382,True,Meta-Llama-3.1-405B-Instruct|s2
RedHatAI/Meta-Llama-3.1-405B-Instruct-quantized.w4a16,llama-3.1,Meta-Llama-3.1-405B-Instruct,w4a16,humaneval,86.8,-1.7,-0.6447996461525994,-2.3315614729459884,1.0419621806407893,-0.42427787934186467,-0.5236363636363636,True,Meta-Llama-3.1-405B-Instruct|s2
RedHatAI/Meta-Llama-3.1-405B-Instruct-quantized.w4a16,llama-3.1,Meta-Llama-3.1-405B-Instruct,w4a16,humaneval_plus,80.1,-1.2,-0.5831567835730738,-2.269918610366463,1.103605043220315,-0.42427787934186467,-0.24444444444444446,True,Meta-Llama-3.1-405B-Instruct|s2
RedHatAI/Meta-Llama-3.1-405B-Instruct-quantized.w8a16,llama-3.1,Meta-Llama-3.1-405B-Instruct,w8a16,mmlu,87.38,0.21,-0.11819028004351534,-1.804952106836904,1.5685715467498735,-0.42427787934186467,-0.5359701492537313,True,Meta-Llama-3.1-405B-Instruct|s2
RedHatAI/Meta-Llama-3.1-405B-Instruct-quantized.w8a16,llama-3.1,Meta-Llama-3.1-405B-Instruct,w8a16,mmlu_cot,88.26,-0.07,-0.35958549227209813,-2.046347319065487,1.3271763345212908,-0.42427787934186467,-0.6841176470588236,True,Meta-Llama-3.1-405B-Instruct|s2
RedHatAI/Meta-Llama-3.1-405B-Instruct-quantized.w8a16,llama-3.1,Meta-Llama-3.1-405B-Instruct,w8a16,arc_challenge,94.97,-0.17,-0.08900846865299972,-1.7757702954463885,1.597753358140389,-0.42427787934186467,-0.44742424242424245,True,Meta-Llama-3.1-405B-Instruct|s2
RedHatAI/Meta-Llama-3.1-405B-Instruct-quantized.w8a16,llama-3.1,Meta-Llama-3.1-405B-Instruct,w8a16,hellaswag,88.33,0.19,0.18530006748458355,-1.5014617593088053,1.8720618942779723,-0.42427787934186467,-0.1915714285714286,True,Meta-Llama-3.1-405B-Instruct|s2
RedHatAI/Meta-Llama-3.1-405B-Instruct-quantized.w8a16,llama-3.1,Meta-Llama-3.1-405B-Instruct,w8a16,winogrande,87.21,0.71,0.07752953771187782,-1.609232289081511,1.7642913645052667,-0.42427787934186467,-0.30826086956521737,True,Meta-Llama-3.1-405B-Instruct|s2
RedHatAI/Meta-Llama-3.1-405B-Instruct-quantized.w8a16,llama-3.1,Meta-Llama-3.1-405B-Instruct,w8a16,truthfulqa,64.64,0.77,0.18258956490724715,-1.5041722618861417,1.869351391700636,-0.42427787934186467,-0.21985074626865672,True,Meta-Llama-3.1-405B-Instruct|s2
RedHatAI/Meta-Llama-3.1-405B-Instruct-quantized.w8a8,llama-3.1,Meta-Llama-3.1-405B-Instruct,w8a8_int,arena_hard,67.4,-2.8,0.9574101860872308,-0.729351640706158,2.6441720128806194,-0.42427787934186467,0.7333333333333334,False,Meta-Llama-3.1-405B-Instruct|s2
RedHatAI/Meta-Llama-3.1-405B-Instruct-quantized.w8a8,llama-3.1,Meta-Llama-3.1-405B-Instruct,w8a8_int,mmlu,87.4,-0.3,-0.011678761864624854,-1.6984405886580136,1.675083064928764,-0.42427787934186467,-0.5359701492537313,True,Meta-Llama-3.1-405B-Instruct|s2
RedHatAI/Meta-Llama-3.1-405B-Instruct-quantized.w8a8,llama-3.1,Meta-Llama-3.1-405B-Instruct,w8a8_int,arc_challenge,95.0,-0.6,0.01738400718416916,-1.6693778196092197,1.704145833977558,-0.42427787934186467,-0.44742424242424245,True,Meta-Llama-3.1-405B-Instruct|s2
RedHatAI/Meta-Llama-3.1-405B-Instruct-quantized.w8a8,llama-3.1,Meta-Llama-3.1-405B-Instruct,w8a8_int,gsm8k,96.4,-0.9,-0.18171253520890335,-1.868474362002292,1.5050492915844855,-0.42427787934186467,-0.6976811594202899,True,Meta-Llama-3.1-405B-Instruct|s2
RedHatAI/Meta-Llama-3.1-405B-Instruct-quantized.w8a8,llama-3.1,Meta-Llama-3.1-405B-Instruct,w8a8_int,hellaswag,88.3,-0.1,0.2919488300306932,-1.3948129967626957,1.978710656824082,-0.42427787934186467,-0.1915714285714286,True,Meta-Llama-3.1-405B-Instruct|s2
RedHatAI/Meta-Llama-3.1-405B-Instruct-quantized.w8a8,llama-3.1,Meta-Llama-3.1-405B-Instruct,w8a8_int,winogrande,87.2,-1.1,0.184130986961955,-1.5026308398314339,1.8708928137553438,-0.42427787934186467,-0.30826086956521737,True,Meta-Llama-3.1-405B-Instruct|s2
RedHatAI/Meta-Llama-3.1-405B-Instruct-quantized.w8a8,llama-3.1,Meta-Llama-3.1-405B-Instruct,w8a8_int,truthfulqa,64.6,-0.2,0.28919906943502066,-1.3975627573583682,1.9759608962284094,-0.42427787934186467,-0.21985074626865672,True,Meta-Llama-3.1-405B-Instruct|s2
RedHatAI/Meta-Llama-3.1-405B-Instruct-quantized.w8a8,llama-3.1,Meta-Llama-3.1-405B-Instruct,w8a8_int,mmlu_pro,59.7,-1.3,-0.9945900855484318,-2.6813519123418206,0.6921717412449571,-0.42427787934186467,-1.8078947368421054,True,Meta-Llama-3.1-405B-Instruct|s2
RedHatAI/Meta-Llama-3.1-405B-Instruct-quantized.w8a8,llama-3.1,Meta-Llama-3.1-405B-Instruct,w8a8_int,ifeval,87.7,-0.7,0.4418337441974209,-1.2449280825959679,2.1285955709908095,-0.42427787934186467,-0.05736842105263157,True,Meta-Llama-3.1-405B-Instruct|s2
RedHatAI/Meta-Llama-3.1-405B-Instruct-quantized.w8a8,llama-3.1,Meta-Llama-3.1-405B-Instruct,w8a8_int,bbh,67.0,-0.3,-0.157783976479475,-1.8445458032728639,1.5289778503139138,-0.42427787934186467,-0.7880952380952382,True,Meta-Llama-3.1-405B-Instruct|s2
RedHatAI/Meta-Llama-3.1-405B-Instruct-quantized.w8a8,llama-3.1,Meta-Llama-3.1-405B-Instruct,w8a8_int,math_lvl5,39.0,-3.2,0.9076963272743954,-0.7790654995189934,2.5944581540677842,-0.42427787934186467,0.545,False,Meta-Llama-3.1-405B-Instruct|s2
RedHatAI/Meta-Llama-3.1-405B-Instruct-quantized.w8a8,llama-3.1,Meta-Llama-3.1-405B-Instruct,w8a8_int,humaneval,86.8,0.1,0.06348874753447997,-1.623273079258909,1.7502505743278687,-0.42427787934186467,-0.5236363636363636,True,Meta-Llama-3.1-405B-Instruct|s2
RedHatAI/Meta-Llama-3.1-405B-Instruct-quantized.w8a8,llama-3.1,Meta-Llama-3.1-405B-Instruct,w8a8_int,humaneval_plus,80.1,0.3,0.1251316101140057,-1.5616302166793832,1.8118934369073945,-0.42427787934186467,-0.24444444444444446,True,Meta-Llama-3.1-405B-Instruct|s2
RedHatAI/Meta-Llama-3.1-405B-Instruct-FP8-dynamic,llama-3.1,Meta-Llama-3.1-405B-Instruct,fp8_dynamic,arena_hard,67.4,-0.7,0.1926154611002419,-1.4437876009838444,1.8290185231843283,-0.3622027290448343,0.0666666666666667,True,Meta-Llama-3.1-405B-Instruct|s3
RedHatAI/Meta-Llama-3.1-405B-Instruct-FP8-dynamic,llama-3.1,Meta-Llama-3.1-405B-Instruct,fp8_dynamic,mmlu,87.4,0.1,-0.24992968217393366,-1.88633274425802,1.3864733799101527,-0.3622027290448343,-0.46015625,True,Meta-Llama-3.1-405B-Instruct|s3
RedHatAI/Meta-Llama-3.1-405B-Instruct-FP8-dynamic,llama-3.1,Meta-Llama-3.1-405B-Instruct,fp8_dynamic,mmlu_cot,88.1,0.0,-0.5232834131457212,-2.1596864752298077,1.113119648938365,-0.3622027290448343,-0.7392307692307694,True,Meta-Llama-3.1-405B-Instruct|s3
RedHatAI/Meta-Llama-3.1-405B-Instruct-FP8-dynamic,llama-3.1,Meta-Llama-3.1-405B-Instruct,fp8_dynamic,arc_challenge,95.0,0.0,-0.2349032575761267,-1.871306319660213,1.4014998045079596,-0.3622027290448343,-0.35953846153846153,True,Meta-Llama-3.1-405B-Instruct|s3
RedHatAI/Meta-Llama-3.1-405B-Instruct-FP8-dynamic,llama-3.1,Meta-Llama-3.1-405B-Instruct,fp8_dynamic,gsm8k,96.0,-0.2,-0.37833228129500185,-2.014735343379088,1.2580707807890845,-0.3622027290448343,-0.54453125,True,Meta-Llama-3.1-405B-Instruct|s3
RedHatAI/Meta-Llama-3.1-405B-Instruct-FP8-dynamic,llama-3.1,Meta-Llama-3.1-405B-Instruct,fp8_dynamic,hellaswag,88.5,0.0,0.01819776144274421,-1.6182053006413422,1.6546008235268306,-0.3622027290448343,-0.16515151515151516,True,Meta-Llama-3.1-405B-Instruct|s3
RedHatAI/Meta-Llama-3.1-405B-Instruct-FP8-dynamic,llama-3.1,Meta-Llama-3.1-405B-Instruct,fp8_dynamic,winogrande,87.2,0.8,-0.0709421914146044,-1.7073452534986908,1.565460870669482,-0.3622027290448343,-0.26076923076923075,True,Meta-Llama-3.1-405B-Instruct|s3
RedHatAI/Meta-Llama-3.1-405B-Instruct-FP8-dynamic,llama-3.1,Meta-Llama-3.1-405B-Instruct,fp8_dynamic,truthfulqa,65.3,0.0,0.030789578416594188,-1.6056134836674922,1.6671926405006805,-0.3622027290448343,-0.23353846153846153,True,Meta-Llama-3.1-405B-Instruct|s3
RedHatAI/Meta-Llama-3.1-405B-Instruct-FP8-dynamic,llama-3.1,Meta-Llama-3.1-405B-Instruct,fp8_dynamic,mmlu_pro,59.7,-0.3,-1.1787897185493423,-2.8151927806334287,0.45761334353474403,-0.3622027290448343,-1.7916666666666667,True,Meta-Llama-3.1-405B-Instruct|s3
RedHatAI/Meta-Llama-3.1-405B-Instruct-FP8-dynamic,llama-3.1,Meta-Llama-3.1-405B-Instruct,fp8_dynamic,ifeval,87.7,-0.9,0.33259504750046215,-1.3038080145836242,1.9689981095845486,-0.3622027290448343,0.10125,True,Meta-Llama-3.1-405B-Instruct|s3
RedHatAI/Meta-Llama-3.1-405B-Instruct-FP8-dynamic,llama-3.1,Meta-Llama-3.1-405B-Instruct,fp8_dynamic,bbh,67.0,0.1,-0.35449410554681016,-1.9908971676308966,1.281908956537276,-0.3622027290448343,-0.7955555555555556,True,Meta-Llama-3.1-405B-Instruct|s3
RedHatAI/Meta-Llama-3.1-405B-Instruct-FP8-dynamic,llama-3.1,Meta-Llama-3.1-405B-Instruct,fp8_dynamic,humaneval,86.8,0.2,-0.28226720119824533,-1.9186702632823316,1.3541358608858411,-0.3622027290448343,-0.6377777777777778,True,Meta-Llama-3.1-405B-Instruct|s3
RedHatAI/Meta-Llama-3.1-405B-Instruct-FP8-dynamic,llama-3.1,Meta-Llama-3.1-405B-Instruct,fp8_dynamic,humaneval_plus,80.1,0.9,0.2995936699967284,-1.336809392087358,1.9359967320808147,-0.3622027290448343,0.13333333333333333,True,Meta-Llama-3.1-405B-Instruct|s3
RedHatAI/Meta-Llama-3.1-405B-Instruct-FP8,llama-3.1,Meta-Llama-3.1-405B-Instruct,fp8,mmlu,87.41,0.0,-0.48417281740384827,-2.1205758794879346,1.1522302446802382,-0.3622027290448343,-0.46015625,True,Meta-Llama-3.1-405B-Instruct|s3
RedHatAI/Meta-Llama-3.1-405B-Instruct-FP8,llama-3.1,Meta-Llama-3.1-405B-Instruct,fp8,mmlu_cot,88.11,-0.09,-0.7575286689782552,-2.3939317310623416,0.8788743931058312,-0.3622027290448343,-0.7392307692307694,True,Meta-Llama-3.1-405B-Instruct|s3
RedHatAI/Meta-Llama-3.1-405B-Instruct-FP8,llama-3.1,Meta-Llama-3.1-405B-Instruct,fp8,arc_challenge,94.97,-0.09,-0.4687106246248456,-2.1051136867089317,1.1676924374592408,-0.3622027290448343,-0.35953846153846153,True,Meta-Llama-3.1-405B-Instruct|s3
RedHatAI/Meta-Llama-3.1-405B-Instruct-FP8,llama-3.1,Meta-Llama-3.1-405B-Instruct,fp8,gsm8k,95.98,0.31,-0.6122514566844421,-2.2486545187685287,1.0241516053996442,-0.3622027290448343,-0.54453125,True,Meta-Llama-3.1-405B-Instruct|s3
RedHatAI/Meta-Llama-3.1-405B-Instruct-FP8,llama-3.1,Meta-Llama-3.1-405B-Instruct,fp8,hellaswag,88.54,0.0,-0.21625788892996686,-1.8526609510140533,1.4201451731541195,-0.3622027290448343,-0.16515151515151516,True,Meta-Llama-3.1-405B-Instruct|s3
RedHatAI/Meta-Llama-3.1-405B-Instruct-FP8,llama-3.1,Meta-Llama-3.1-405B-Instruct,fp8,winogrande,87.21,-0.23,-0.3052020315446079,-1.9416050936286942,1.3312010305394786,-0.3622027290448343,-0.26076923076923075,True,Meta-Llama-3.1-405B-Instruct|s3
RedHatAI/Meta-Llama-3.1-405B-Instruct-FP8,llama-3.1,Meta-Llama-3.1-405B-Instruct,fp8,truthfulqa,65.31,0.02,-0.2033984467787115,-1.839801508862798,1.4330046153053748,-0.3622027290448343,-0.23353846153846153,True,Meta-Llama-3.1-405B-Instruct|s3
RedHatAI/Meta-Llama-3.1-405B-Instruct-quantized.w4a16,llama-3.1,Meta-Llama-3.1-405B-Instruct,w4a16,arena_hard,67.4,-0.9,-0.27765440717010137,-1.9140574692541876,1.358748654913985,-0.3622027290448343,0.0666666666666667,True,Meta-Llama-3.1-405B-Instruct|s3
RedHatAI/Meta-Llama-3.1-405B-Instruct-quantized.w4a16,llama-3.1,Meta-Llama-3.1-405B-Instruct,w4a16,mmlu,87.4,-0.2,-0.720199550444277,-2.3566026125283632,0.9162035116398094,-0.3622027290448343,-0.46015625,True,Meta-Llama-3.1-405B-Instruct|s3
RedHatAI/Meta-Llama-3.1-405B-Instruct-quantized.w4a16,llama-3.1,Meta-Llama-3.1-405B-Instruct,w4a16,arc_challenge,95.0,0.3,-0.70517312584647,-2.3415761879305563,0.9312299362376164,-0.3622027290448343,-0.35953846153846153,True,Meta-Llama-3.1-405B-Instruct|s3
RedHatAI/Meta-Llama-3.1-405B-Instruct-quantized.w4a16,llama-3.1,Meta-Llama-3.1-405B-Instruct,w4a16,gsm8k,96.4,-0.1,-0.853879378006418,-2.490282440090504,0.7825236840776684,-0.3622027290448343,-0.54453125,True,Meta-Llama-3.1-405B-Instruct|s3
RedHatAI/Meta-Llama-3.1-405B-Instruct-quantized.w4a16,llama-3.1,Meta-Llama-3.1-405B-Instruct,w4a16,hellaswag,88.3,0.0,-0.45069533050606797,-2.0870983925901543,1.1857077315780185,-0.3622027290448343,-0.16515151515151516,True,Meta-Llama-3.1-405B-Instruct|s3
RedHatAI/Meta-Llama-3.1-405B-Instruct-quantized.w4a16,llama-3.1,Meta-Llama-3.1-405B-Instruct,w4a16,winogrande,87.2,0.2,-0.5412120596849477,-2.1776151217690343,1.0951910023991387,-0.3622027290448343,-0.26076923076923075,True,Meta-Llama-3.1-405B-Instruct|s3
RedHatAI/Meta-Llama-3.1-405B-Instruct-quantized.w4a16,llama-3.1,Meta-Llama-3.1-405B-Instruct,w4a16,truthfulqa,64.6,0.7,-0.4389123907406508,-2.075315452824737,1.1974906713434357,-0.3622027290448343,-0.23353846153846153,True,Meta-Llama-3.1-405B-Instruct|s3
RedHatAI/Meta-Llama-3.1-405B-Instruct-quantized.w4a16,llama-3.1,Meta-Llama-3.1-405B-Instruct,w4a16,mmlu_pro,59.7,-0.3,-1.6490595868196856,-3.285462648903772,-0.012656524735599195,-0.3622027290448343,-1.7916666666666667,True,Meta-Llama-3.1-405B-Instruct|s3
RedHatAI/Meta-Llama-3.1-405B-Instruct-quantized.w4a16,llama-3.1,Meta-Llama-3.1-405B-Instruct,w4a16,ifeval,87.7,0.3,-0.13767482076988127,-1.7740778828539676,1.4987282413142051,-0.3622027290448343,0.10125,True,Meta-Llama-3.1-405B-Instruct|s3
RedHatAI/Meta-Llama-3.1-405B-Instruct-quantized.w4a16,llama-3.1,Meta-Llama-3.1-405B-Instruct,w4a16,bbh,67.0,0.5,-0.8247639738171534,-2.46116703590124,0.811639088266933,-0.3622027290448343,-0.7955555555555556,True,Meta-Llama-3.1-405B-Instruct|s3
RedHatAI/Meta-Llama-3.1-405B-Instruct-quantized.w4a16,llama-3.1,Meta-Llama-3.1-405B-Instruct,w4a16,humaneval,86.8,-1.7,-0.7525370694685884,-2.388940131552675,0.8838659926154979,-0.3622027290448343,-0.6377777777777778,True,Meta-Llama-3.1-405B-Instruct|s3
RedHatAI/Meta-Llama-3.1-405B-Instruct-quantized.w4a16,llama-3.1,Meta-Llama-3.1-405B-Instruct,w4a16,humaneval_plus,80.1,-1.2,-0.17067619827361485,-1.8070792603577013,1.4657268638104715,-0.3622027290448343,0.13333333333333333,True,Meta-Llama-3.1-405B-Instruct|s3
RedHatAI/Meta-Llama-3.1-405B-Instruct-quantized.w8a16,llama-3.1,Meta-Llama-3.1-405B-Instruct,w8a16,mmlu,87.38,0.21,-0.2429798522147344,-1.8793829142988208,1.393423209869352,-0.3622027290448343,-0.46015625,True,Meta-Llama-3.1-405B-Instruct|s3
RedHatAI/Meta-Llama-3.1-405B-Instruct-quantized.w8a16,llama-3.1,Meta-Llama-3.1-405B-Instruct,w8a16,mmlu_cot,88.26,-0.07,-0.517529503175387,-2.153932565259473,1.1188735589086993,-0.3622027290448343,-0.7392307692307694,True,Meta-Llama-3.1-405B-Instruct|s3
RedHatAI/Meta-Llama-3.1-405B-Instruct-quantized.w8a16,llama-3.1,Meta-Llama-3.1-405B-Instruct,w8a16,arc_challenge,94.97,-0.17,-0.22771063916913062,-1.864113701253217,1.4086924229149558,-0.3622027290448343,-0.35953846153846153,True,Meta-Llama-3.1-405B-Instruct|s3
RedHatAI/Meta-Llama-3.1-405B-Instruct-quantized.w8a16,llama-3.1,Meta-Llama-3.1-405B-Instruct,w8a16,hellaswag,88.33,0.19,0.02619003271134035,-1.610213029372746,1.6625930947954268,-0.3622027290448343,-0.16515151515151516,True,Meta-Llama-3.1-405B-Instruct|s3
RedHatAI/Meta-Llama-3.1-405B-Instruct-quantized.w8a16,llama-3.1,Meta-Llama-3.1-405B-Instruct,w8a16,winogrande,87.21,0.71,-0.06420204608889296,-1.7006051081729794,1.5722010159951934,-0.3622027290448343,-0.26076923076923075,True,Meta-Llama-3.1-405B-Instruct|s3
RedHatAI/Meta-Llama-3.1-405B-Instruct-quantized.w8a16,llama-3.1,Meta-Llama-3.1-405B-Instruct,w8a16,truthfulqa,64.64,0.77,0.038150445261078025,-1.5982526168230082,1.6745535073451645,-0.3622027290448343,-0.23353846153846153,True,Meta-Llama-3.1-405B-Instruct|s3
RedHatAI/Meta-Llama-3.1-405B-Instruct-quantized.w8a8,llama-3.1,Meta-Llama-3.1-405B-Instruct,w8a8_int,arena_hard,67.4,-2.8,0.1864578603853852,-1.4499452016987011,1.8228609224694716,-0.3622027290448343,0.0666666666666667,False,Meta-Llama-3.1-405B-Instruct|s3
RedHatAI/Meta-Llama-3.1-405B-Instruct-quantized.w8a8,llama-3.1,Meta-Llama-3.1-405B-Instruct,w8a8_int,mmlu,87.4,-0.3,-0.25608728288879046,-1.892490344972877,1.3803157791952958,-0.3622027290448343,-0.46015625,True,Meta-Llama-3.1-405B-Instruct|s3
RedHatAI/Meta-Llama-3.1-405B-Instruct-quantized.w8a8,llama-3.1,Meta-Llama-3.1-405B-Instruct,w8a8_int,arc_challenge,95.0,-0.6,-0.24106085829098345,-1.8774639203750698,1.395342203793103,-0.3622027290448343,-0.35953846153846153,True,Meta-Llama-3.1-405B-Instruct|s3
RedHatAI/Meta-Llama-3.1-405B-Instruct-quantized.w8a8,llama-3.1,Meta-Llama-3.1-405B-Instruct,w8a8_int,gsm8k,96.4,-0.9,-0.38976711045093126,-2.026170172535018,1.246635951633155,-0.3622027290448343,-0.54453125,True,Meta-Llama-3.1-405B-Instruct|s3
RedHatAI/Meta-Llama-3.1-405B-Instruct-quantized.w8a8,llama-3.1,Meta-Llama-3.1-405B-Instruct,w8a8_int,hellaswag,88.3,-0.1,0.013416937049418487,-1.622986125034668,1.6498199991335047,-0.3622027290448343,-0.16515151515151516,True,Meta-Llama-3.1-405B-Instruct|s3
RedHatAI/Meta-Llama-3.1-405B-Instruct-quantized.w8a8,llama-3.1,Meta-Llama-3.1-405B-Instruct,w8a8_int,winogrande,87.2,-1.1,-0.07709979212946111,-1.7135028542135475,1.5593032699546252,-0.3622027290448343,-0.26076923076923075,True,Meta-Llama-3.1-405B-Instruct|s3
RedHatAI/Meta-Llama-3.1-405B-Instruct-quantized.w8a8,llama-3.1,Meta-Llama-3.1-405B-Instruct,w8a8_int,truthfulqa,64.6,-0.2,0.025199876814835653,-1.6112031852692508,1.661602938898922,-0.3622027290448343,-0.23353846153846153,True,Meta-Llama-3.1-405B-Instruct|s3
RedHatAI/Meta-Llama-3.1-405B-Instruct-quantized.w8a8,llama-3.1,Meta-Llama-3.1-405B-Instruct,w8a8_int,mmlu_pro,59.7,-1.3,-1.184947319264199,-2.821350381348285,0.4514557428198873,-0.3622027290448343,-1.7916666666666667,True,Meta-Llama-3.1-405B-Instruct|s3
RedHatAI/Meta-Llama-3.1-405B-Instruct-quantized.w8a8,llama-3.1,Meta-Llama-3.1-405B-Instruct,w8a8_int,ifeval,87.7,-0.7,0.3264374467856053,-1.309965615298481,1.9628405088696916,-0.3622027290448343,0.10125,True,Meta-Llama-3.1-405B-Instruct|s3
RedHatAI/Meta-Llama-3.1-405B-Instruct-quantized.w8a8,llama-3.1,Meta-Llama-3.1-405B-Instruct,w8a8_int,bbh,67.0,-0.3,-0.36065170626166687,-1.9970547683457531,1.2757513558224196,-0.3622027290448343,-0.7955555555555556,True,Meta-Llama-3.1-405B-Instruct|s3
RedHatAI/Meta-Llama-3.1-405B-Instruct-quantized.w8a8,llama-3.1,Meta-Llama-3.1-405B-Instruct,w8a8_int,math_lvl5,39.0,-3.2,0.5475942787999728,-1.0888087832841136,2.1839973408840594,-0.3622027290448343,0.545,False,Meta-Llama-3.1-405B-Instruct|s3
RedHatAI/Meta-Llama-3.1-405B-Instruct-quantized.w8a8,llama-3.1,Meta-Llama-3.1-405B-Instruct,w8a8_int,humaneval,86.8,0.1,-0.28842480191310205,-1.9248278639971885,1.3479782601709842,-0.3622027290448343,-0.6377777777777778,True,Meta-Llama-3.1-405B-Instruct|s3
RedHatAI/Meta-Llama-3.1-405B-Instruct-quantized.w8a8,llama-3.1,Meta-Llama-3.1-405B-Instruct,w8a8_int,humaneval_plus,80.1,0.3,0.29343606928187166,-1.3429669928022148,1.929839131365958,-0.3622027290448343,0.13333333333333333,True,Meta-Llama-3.1-405B-Instruct|s3
RedHatAI/Meta-Llama-3.1-405B-Instruct-FP8-dynamic,llama-3.1,Meta-Llama-3.1-405B-Instruct,fp8_dynamic,arena_hard,67.4,-0.7,1.2013911772159926,-0.9421547588089809,3.344937113240966,-0.4084401709401709,1.3999999999999997,True,Meta-Llama-3.1-405B-Instruct|s4
RedHatAI/Meta-Llama-3.1-405B-Instruct-FP8-dynamic,llama-3.1,Meta-Llama-3.1-405B-Instruct,fp8_dynamic,mmlu,87.4,0.1,-0.19586761150283044,-2.339413547527804,1.9476783245221432,-0.4084401709401709,-0.489672131147541,True,Meta-Llama-3.1-405B-Instruct|s4
RedHatAI/Meta-Llama-3.1-405B-Instruct-FP8-dynamic,llama-3.1,Meta-Llama-3.1-405B-Instruct,fp8_dynamic,mmlu_cot,88.1,0.0,-0.19165654840665963,-2.3352024844316333,1.9518893876183139,-0.4084401709401709,-0.3914285714285714,True,Meta-Llama-3.1-405B-Instruct|s4
RedHatAI/Meta-Llama-3.1-405B-Instruct-FP8-dynamic,llama-3.1,Meta-Llama-3.1-405B-Instruct,fp8_dynamic,arc_challenge,95.0,0.0,-0.0906541960818566,-2.2342001321068303,2.052891739943117,-0.4084401709401709,-0.4374576271186441,True,Meta-Llama-3.1-405B-Instruct|s4
RedHatAI/Meta-Llama-3.1-405B-Instruct-FP8-dynamic,llama-3.1,Meta-Llama-3.1-405B-Instruct,fp8_dynamic,gsm8k,96.0,-0.2,-0.3802431556279292,-2.523789091652903,1.7633027803970442,-0.4084401709401709,-0.7721311475409837,True,Meta-Llama-3.1-405B-Instruct|s4
RedHatAI/Meta-Llama-3.1-405B-Instruct-FP8-dynamic,llama-3.1,Meta-Llama-3.1-405B-Instruct,fp8_dynamic,hellaswag,88.5,0.0,-0.09939752296957,-2.2429434589945436,2.0441484130554035,-0.4084401709401709,-0.31587301587301586,True,Meta-Llama-3.1-405B-Instruct|s4
RedHatAI/Meta-Llama-3.1-405B-Instruct-FP8-dynamic,llama-3.1,Meta-Llama-3.1-405B-Instruct,fp8_dynamic,winogrande,87.2,0.8,-0.07232592688386896,-2.2158718629088425,2.0712200091411046,-0.4084401709401709,-0.2845161290322581,True,Meta-Llama-3.1-405B-Instruct|s4
RedHatAI/Meta-Llama-3.1-405B-Instruct-FP8-dynamic,llama-3.1,Meta-Llama-3.1-405B-Instruct,fp8_dynamic,truthfulqa,65.3,0.0,-0.14106677185372296,-2.2846127078786966,2.0024791641712505,-0.4084401709401709,-0.31216666666666665,True,Meta-Llama-3.1-405B-Instruct|s4
RedHatAI/Meta-Llama-3.1-405B-Instruct-FP8-dynamic,llama-3.1,Meta-Llama-3.1-405B-Instruct,fp8_dynamic,mmlu_pro,59.7,-0.3,-0.5651426834337716,-2.708688619458745,1.578403252591202,-0.4084401709401709,-0.9229411764705883,True,Meta-Llama-3.1-405B-Instruct|s4
RedHatAI/Meta-Llama-3.1-405B-Instruct-FP8-dynamic,llama-3.1,Meta-Llama-3.1-405B-Instruct,fp8_dynamic,ifeval,87.7,-0.9,0.050398836863676744,-2.093147099161297,2.19394477288865,-0.4084401709401709,-0.2571428571428571,True,Meta-Llama-3.1-405B-Instruct|s4
RedHatAI/Meta-Llama-3.1-405B-Instruct-FP8-dynamic,llama-3.1,Meta-Llama-3.1-405B-Instruct,fp8_dynamic,bbh,67.0,0.1,-0.37747554122653415,-2.521021477251508,1.7660703947984393,-0.4084401709401709,-0.7486666666666667,True,Meta-Llama-3.1-405B-Instruct|s4
RedHatAI/Meta-Llama-3.1-405B-Instruct-FP8-dynamic,llama-3.1,Meta-Llama-3.1-405B-Instruct,fp8_dynamic,humaneval,86.8,0.2,-0.005318991415824925,-2.1488649274407985,2.1382269446091486,-0.4084401709401709,-0.34176470588235297,True,Meta-Llama-3.1-405B-Instruct|s4
RedHatAI/Meta-Llama-3.1-405B-Instruct-FP8-dynamic,llama-3.1,Meta-Llama-3.1-405B-Instruct,fp8_dynamic,humaneval_plus,80.1,0.9,0.07546055036770327,-2.0680853856572705,2.2190064863926766,-0.4084401709401709,0.0,True,Meta-Llama-3.1-405B-Instruct|s4
RedHatAI/Meta-Llama-3.1-405B-Instruct-FP8,llama-3.1,Meta-Llama-3.1-405B-Instruct,fp8,mmlu,87.41,0.0,-0.3168323141437717,-2.4603782501687452,1.826713621881202,-0.4084401709401709,-0.489672131147541,True,Meta-Llama-3.1-405B-Instruct|s4
RedHatAI/Meta-Llama-3.1-405B-Instruct-FP8,llama-3.1,Meta-Llama-3.1-405B-Instruct,fp8,mmlu_cot,88.11,-0.09,-0.31262043103729253,-2.456166367062266,1.8309255049876811,-0.4084401709401709,-0.3914285714285714,True,Meta-Llama-3.1-405B-Instruct|s4
RedHatAI/Meta-Llama-3.1-405B-Instruct-FP8,llama-3.1,Meta-Llama-3.1-405B-Instruct,fp8,arc_challenge,94.97,-0.09,-0.21190987579765785,-2.3554558118226314,1.9316360602273157,-0.4084401709401709,-0.4374576271186441,True,Meta-Llama-3.1-405B-Instruct|s4
RedHatAI/Meta-Llama-3.1-405B-Instruct-FP8,llama-3.1,Meta-Llama-3.1-405B-Instruct,fp8,gsm8k,95.98,0.31,-0.5014284875765342,-2.644974423601508,1.6421174484484393,-0.4084401709401709,-0.7721311475409837,True,Meta-Llama-3.1-405B-Instruct|s4
RedHatAI/Meta-Llama-3.1-405B-Instruct-FP8,llama-3.1,Meta-Llama-3.1-405B-Instruct,fp8,hellaswag,88.54,0.0,-0.2201051657705388,-2.3636511017955124,1.9234407702544347,-0.4084401709401709,-0.31587301587301586,True,Meta-Llama-3.1-405B-Instruct|s4
RedHatAI/Meta-Llama-3.1-405B-Instruct-FP8,llama-3.1,Meta-Llama-3.1-405B-Instruct,fp8,winogrande,87.21,-0.23,-0.19330304334145237,-2.336848979366426,1.9502428926835211,-0.4084401709401709,-0.2845161290322581,True,Meta-Llama-3.1-405B-Instruct|s4
RedHatAI/Meta-Llama-3.1-405B-Instruct-FP8,llama-3.1,Meta-Llama-3.1-405B-Instruct,fp8,truthfulqa,65.31,0.02,-0.2620656940771732,-2.405611630102147,1.8814802419478003,-0.4084401709401709,-0.31216666666666665,True,Meta-Llama-3.1-405B-Instruct|s4
RedHatAI/Meta-Llama-3.1-405B-Instruct-quantized.w4a16,llama-3.1,Meta-Llama-3.1-405B-Instruct,w4a16,arena_hard,67.4,-0.9,0.9618783454566064,-1.1816675905683671,3.10542428148158,-0.4084401709401709,1.3999999999999997,True,Meta-Llama-3.1-405B-Instruct|s4
RedHatAI/Meta-Llama-3.1-405B-Instruct-quantized.w4a16,llama-3.1,Meta-Llama-3.1-405B-Instruct,w4a16,mmlu,87.4,-0.2,-0.43538044326221653,-2.57892637928719,1.708165492762757,-0.4084401709401709,-0.489672131147541,True,Meta-Llama-3.1-405B-Instruct|s4
RedHatAI/Meta-Llama-3.1-405B-Instruct-quantized.w4a16,llama-3.1,Meta-Llama-3.1-405B-Instruct,w4a16,arc_challenge,95.0,0.3,-0.33016702784124274,-2.473712963866216,1.8133789081837308,-0.4084401709401709,-0.4374576271186441,True,Meta-Llama-3.1-405B-Instruct|s4
RedHatAI/Meta-Llama-3.1-405B-Instruct-quantized.w4a16,llama-3.1,Meta-Llama-3.1-405B-Instruct,w4a16,gsm8k,96.4,-0.1,-0.6170823117300942,-2.7606282477550677,1.5264636242948795,-0.4084401709401709,-0.7721311475409837,True,Meta-Llama-3.1-405B-Instruct|s4
RedHatAI/Meta-Llama-3.1-405B-Instruct-quantized.w4a16,llama-3.1,Meta-Llama-3.1-405B-Instruct,w4a16,hellaswag,88.3,0.0,-0.3406197456441131,-2.4841656816690865,1.8029261903808604,-0.4084401709401709,-0.31587301587301586,True,Meta-Llama-3.1-405B-Instruct|s4
RedHatAI/Meta-Llama-3.1-405B-Instruct-quantized.w4a16,llama-3.1,Meta-Llama-3.1-405B-Instruct,w4a16,winogrande,87.2,0.2,-0.31183875864325517,-2.4553846946682287,1.8317071773817184,-0.4084401709401709,-0.2845161290322581,True,Meta-Llama-3.1-405B-Instruct|s4
RedHatAI/Meta-Llama-3.1-405B-Instruct-quantized.w4a16,llama-3.1,Meta-Llama-3.1-405B-Instruct,w4a16,truthfulqa,64.6,0.7,-0.3841315661101905,-2.5276775021351643,1.759414369914783,-0.4084401709401709,-0.31216666666666665,True,Meta-Llama-3.1-405B-Instruct|s4
RedHatAI/Meta-Llama-3.1-405B-Instruct-quantized.w4a16,llama-3.1,Meta-Llama-3.1-405B-Instruct,w4a16,mmlu_pro,59.7,-0.3,-0.8046555151931576,-2.9482014512181314,1.338890420831816,-0.4084401709401709,-0.9229411764705883,True,Meta-Llama-3.1-405B-Instruct|s4
RedHatAI/Meta-Llama-3.1-405B-Instruct-quantized.w4a16,llama-3.1,Meta-Llama-3.1-405B-Instruct,w4a16,ifeval,87.7,0.3,-0.18911399489570935,-2.332659930920683,1.9544319411292643,-0.4084401709401709,-0.2571428571428571,True,Meta-Llama-3.1-405B-Instruct|s4
RedHatAI/Meta-Llama-3.1-405B-Instruct-quantized.w4a16,llama-3.1,Meta-Llama-3.1-405B-Instruct,w4a16,bbh,67.0,0.5,-0.6169883729859202,-2.760534309010894,1.5265575630390533,-0.4084401709401709,-0.7486666666666667,True,Meta-Llama-3.1-405B-Instruct|s4
RedHatAI/Meta-Llama-3.1-405B-Instruct-quantized.w4a16,llama-3.1,Meta-Llama-3.1-405B-Instruct,w4a16,humaneval,86.8,-1.7,-0.2448318231752111,-2.3883777592001847,1.8987141128497624,-0.4084401709401709,-0.34176470588235297,True,Meta-Llama-3.1-405B-Instruct|s4
RedHatAI/Meta-Llama-3.1-405B-Instruct-quantized.w4a16,llama-3.1,Meta-Llama-3.1-405B-Instruct,w4a16,humaneval_plus,80.1,-1.2,-0.16405228139168296,-2.3075982174166567,1.9794936546332906,-0.4084401709401709,0.0,True,Meta-Llama-3.1-405B-Instruct|s4
RedHatAI/Meta-Llama-3.1-405B-Instruct-quantized.w8a16,llama-3.1,Meta-Llama-3.1-405B-Instruct,w8a16,mmlu,87.38,0.21,0.13446705273350668,-2.0090788832914668,2.2780129887584804,-0.4084401709401709,-0.489672131147541,True,Meta-Llama-3.1-405B-Instruct|s4
RedHatAI/Meta-Llama-3.1-405B-Instruct-quantized.w8a16,llama-3.1,Meta-Llama-3.1-405B-Instruct,w8a16,mmlu_cot,88.26,-0.07,0.1402286493129986,-2.003317286711975,2.283774585337972,-0.4084401709401709,-0.3914285714285714,True,Meta-Llama-3.1-405B-Instruct|s4
RedHatAI/Meta-Llama-3.1-405B-Instruct-quantized.w8a16,llama-3.1,Meta-Llama-3.1-405B-Instruct,w8a16,arc_challenge,94.97,-0.17,0.2396454656627076,-1.903900470362266,2.3831914016876814,-0.4084401709401709,-0.4374576271186441,True,Meta-Llama-3.1-405B-Instruct|s4
RedHatAI/Meta-Llama-3.1-405B-Instruct-quantized.w8a16,llama-3.1,Meta-Llama-3.1-405B-Instruct,w8a16,hellaswag,88.33,0.19,0.2296545206467847,-1.9138914153781887,2.3732004566717584,-0.4084401709401709,-0.31587301587301586,True,Meta-Llama-3.1-405B-Instruct|s4
RedHatAI/Meta-Llama-3.1-405B-Instruct-quantized.w8a16,llama-3.1,Meta-Llama-3.1-405B-Instruct,w8a16,winogrande,87.21,0.71,0.25825229811891304,-1.8852936379060605,2.401798234143887,-0.4084401709401709,-0.2845161290322581,True,Meta-Llama-3.1-405B-Instruct|s4
RedHatAI/Meta-Llama-3.1-405B-Instruct-quantized.w8a16,llama-3.1,Meta-Llama-3.1-405B-Instruct,w8a16,truthfulqa,64.64,0.77,0.1860881408492171,-1.9574577951757566,2.3296340768741906,-0.4084401709401709,-0.31216666666666665,True,Meta-Llama-3.1-405B-Instruct|s4
RedHatAI/Meta-Llama-3.1-405B-Instruct-quantized.w8a8,llama-3.1,Meta-Llama-3.1-405B-Instruct,w8a8_int,arena_hard,67.4,-2.8,1.5402954785542151,-0.6032504574707584,3.683841414579189,-0.4084401709401709,1.3999999999999997,False,Meta-Llama-3.1-405B-Instruct|s4
RedHatAI/Meta-Llama-3.1-405B-Instruct-quantized.w8a8,llama-3.1,Meta-Llama-3.1-405B-Instruct,w8a8_int,mmlu,87.4,-0.3,0.14303668983539208,-2.0005092461895817,2.2865826258603654,-0.4084401709401709,-0.489672131147541,True,Meta-Llama-3.1-405B-Instruct|s4
RedHatAI/Meta-Llama-3.1-405B-Instruct-quantized.w8a8,llama-3.1,Meta-Llama-3.1-405B-Instruct,w8a8_int,arc_challenge,95.0,-0.6,0.24825010525636593,-1.8952958307686076,2.3917960412813395,-0.4084401709401709,-0.4374576271186441,True,Meta-Llama-3.1-405B-Instruct|s4
RedHatAI/Meta-Llama-3.1-405B-Instruct-quantized.w8a8,llama-3.1,Meta-Llama-3.1-405B-Instruct,w8a8_int,gsm8k,96.4,-0.9,-0.03866517863248553,-2.182211114657459,2.104880757392488,-0.4084401709401709,-0.7721311475409837,True,Meta-Llama-3.1-405B-Instruct|s4
RedHatAI/Meta-Llama-3.1-405B-Instruct-quantized.w8a8,llama-3.1,Meta-Llama-3.1-405B-Instruct,w8a8_int,hellaswag,88.3,-0.1,0.23779738745349555,-1.905748548571478,2.381343323478469,-0.4084401709401709,-0.31587301587301586,True,Meta-Llama-3.1-405B-Instruct|s4
RedHatAI/Meta-Llama-3.1-405B-Instruct-quantized.w8a8,llama-3.1,Meta-Llama-3.1-405B-Instruct,w8a8_int,winogrande,87.2,-1.1,0.2665783744543535,-1.87696756157062,2.4101243104793273,-0.4084401709401709,-0.2845161290322581,True,Meta-Llama-3.1-405B-Instruct|s4
RedHatAI/Meta-Llama-3.1-405B-Instruct-quantized.w8a8,llama-3.1,Meta-Llama-3.1-405B-Instruct,w8a8_int,truthfulqa,64.6,-0.2,0.19428556698741817,-1.9492603690375554,2.3378315030123917,-0.4084401709401709,-0.31216666666666665,True,Meta-Llama-3.1-405B-Instruct|s4
RedHatAI/Meta-Llama-3.1-405B-Instruct-quantized.w8a8,llama-3.1,Meta-Llama-3.1-405B-Instruct,w8a8_int,mmlu_pro,59.7,-1.3,-0.22623838209554897,-2.3697843181205225,1.9173075539294246,-0.4084401709401709,-0.9229411764705883,True,Meta-Llama-3.1-405B-Instruct|s4
RedHatAI/Meta-Llama-3.1-405B-Instruct-quantized.w8a8,llama-3.1,Meta-Llama-3.1-405B-Instruct,w8a8_int,ifeval,87.7,-0.7,0.3893031382018993,-1.7542427978230744,2.5328490742268728,-0.4084401709401709,-0.2571428571428571,True,Meta-Llama-3.1-405B-Instruct|s4
RedHatAI/Meta-Llama-3.1-405B-Instruct-quantized.w8a8,llama-3.1,Meta-Llama-3.1-405B-Instruct,w8a8_int,bbh,67.0,-0.3,-0.03857123988831168,-2.182117175913285,2.104974696136662,-0.4084401709401709,-0.7486666666666667,True,Meta-Llama-3.1-405B-Instruct|s4
RedHatAI/Meta-Llama-3.1-405B-Instruct-quantized.w8a8,llama-3.1,Meta-Llama-3.1-405B-Instruct,w8a8_int,math_lvl5,39.0,-3.2,0.7845011920461782,-1.3590447439787954,2.9280471280711518,-0.4084401709401709,0.5,False,Meta-Llama-3.1-405B-Instruct|s4
RedHatAI/Meta-Llama-3.1-405B-Instruct-quantized.w8a8,llama-3.1,Meta-Llama-3.1-405B-Instruct,w8a8_int,humaneval,86.8,0.1,0.33358530992239754,-1.809960626102576,2.477131245947371,-0.4084401709401709,-0.34176470588235297,True,Meta-Llama-3.1-405B-Instruct|s4
RedHatAI/Meta-Llama-3.1-405B-Instruct-quantized.w8a8,llama-3.1,Meta-Llama-3.1-405B-Instruct,w8a8_int,humaneval_plus,80.1,0.3,0.41436485170592574,-1.7291810843190478,2.5579107877308993,-0.4084401709401709,0.0,True,Meta-Llama-3.1-405B-Instruct|s4
RedHatAI/Meta-Llama-3.1-70B-FP8,llama-3.1,Meta-Llama-3.1-70B,fp8,mmlu,78.81,0.04,-0.30446899490366486,-1.922342173356502,1.3134041835491725,-0.4225193798449612,-0.49074626865671644,True,Meta-Llama-3.1-70B|s0
RedHatAI/Meta-Llama-3.1-70B-FP8,llama-3.1,Meta-Llama-3.1-70B,fp8,arc_challenge,93.43,0.0,-0.3930314052310011,-2.010904583683838,1.2248417732218362,-0.4225193798449612,-0.5292424242424243,True,Meta-Llama-3.1-70B|s0
RedHatAI/Meta-Llama-3.1-70B-FP8,llama-3.1,Meta-Llama-3.1-70B,fp8,gsm8k,81.88,-0.53,-0.6059912181042323,-2.2238643965570697,1.011881960348605,-0.4225193798449612,-0.8587878787878788,True,Meta-Llama-3.1-70B|s0
RedHatAI/Meta-Llama-3.1-70B-FP8,llama-3.1,Meta-Llama-3.1-70B,fp8,hellaswag,87.98,-0.16,-0.15008961226362588,-1.7679627907164632,1.4677835661892114,-0.4225193798449612,-0.2937313432835821,True,Meta-Llama-3.1-70B|s0
RedHatAI/Meta-Llama-3.1-70B-FP8,llama-3.1,Meta-Llama-3.1-70B,fp8,winogrande,85.78,0.09,-0.09409178944327934,-1.7119649678961166,1.523781389009558,-0.4225193798449612,-0.22215384615384615,True,Meta-Llama-3.1-70B|s0
RedHatAI/Meta-Llama-3.1-70B-FP8,llama-3.1,Meta-Llama-3.1-70B,fp8,truthfulqa,51.18,-0.28,-0.0906711921370763,-1.7085443705899137,1.5272019863157609,-0.4225193798449612,-0.23671875,True,Meta-Llama-3.1-70B|s0
RedHatAI/Meta-Llama-3.1-70B-FP8,llama-3.1,Meta-Llama-3.1-70B,fp8,mmlu,78.81,0.04,-0.24584554820327148,-1.7984271869656594,1.3067360905591163,-0.4015544041450777,-0.4871014492753623,True,Meta-Llama-3.1-70B|s1
RedHatAI/Meta-Llama-3.1-70B-FP8,llama-3.1,Meta-Llama-3.1-70B,fp8,arc_challenge,93.43,0.0,-0.18427648931220741,-1.7368581280745952,1.3683051494501806,-0.4015544041450777,-0.4526470588235294,True,Meta-Llama-3.1-70B|s1
RedHatAI/Meta-Llama-3.1-70B-FP8,llama-3.1,Meta-Llama-3.1-70B,fp8,gsm8k,81.88,-0.53,-0.4589122286495321,-2.01149386741192,1.093669410112856,-0.4015544041450777,-0.7572058823529412,True,Meta-Llama-3.1-70B|s1
RedHatAI/Meta-Llama-3.1-70B-FP8,llama-3.1,Meta-Llama-3.1-70B,fp8,hellaswag,87.98,-0.16,0.031323713802298425,-1.5212579249600895,1.5839053525646862,-0.4015544041450777,-0.18873239436619718,True,Meta-Llama-3.1-70B|s1
RedHatAI/Meta-Llama-3.1-70B-FP8,llama-3.1,Meta-Llama-3.1-70B,fp8,winogrande,85.78,0.09,-0.11349295435746104,-1.6660745931198488,1.4390886844049269,-0.4015544041450777,-0.34652173913043477,True,Meta-Llama-3.1-70B|s1
RedHatAI/Meta-Llama-3.1-70B-FP8,llama-3.1,Meta-Llama-3.1-70B,fp8,truthfulqa,51.18,-0.28,0.020536892987186417,-1.5320447457752016,1.5731185317495742,-0.4015544041450777,-0.15710144927536232,True,Meta-Llama-3.1-70B|s1
RedHatAI/Meta-Llama-3.1-70B-FP8,llama-3.1,Meta-Llama-3.1-70B,fp8,mmlu,78.81,0.04,-0.33845467210990826,-2.4253315876596933,1.7484222434398768,-0.3656140350877193,-0.38464788732394367,True,Meta-Llama-3.1-70B|s2
RedHatAI/Meta-Llama-3.1-70B-FP8,llama-3.1,Meta-Llama-3.1-70B,fp8,arc_challenge,93.43,0.0,-0.2029743559429001,-2.2898512714926853,1.883902559606885,-0.3656140350877193,-0.364,True,Meta-Llama-3.1-70B|s2
RedHatAI/Meta-Llama-3.1-70B-FP8,llama-3.1,Meta-Llama-3.1-70B,fp8,gsm8k,81.88,-0.53,-0.7559584669776716,-2.842835382527457,1.3309184485721135,-0.3656140350877193,-0.8747142857142857,True,Meta-Llama-3.1-70B|s2
RedHatAI/Meta-Llama-3.1-70B-FP8,llama-3.1,Meta-Llama-3.1-70B,fp8,hellaswag,87.98,-0.16,-0.17661507682759087,-2.263491992377376,1.9102618387221941,-0.3656140350877193,-0.24324324324324326,True,Meta-Llama-3.1-70B|s2
RedHatAI/Meta-Llama-3.1-70B-FP8,llama-3.1,Meta-Llama-3.1-70B,fp8,winogrande,85.78,0.09,-0.15144216991970852,-2.2383190854694934,1.9354347456300764,-0.3656140350877193,-0.20465753424657535,True,Meta-Llama-3.1-70B|s2
RedHatAI/Meta-Llama-3.1-70B-FP8,llama-3.1,Meta-Llama-3.1-70B,fp8,truthfulqa,51.18,-0.28,-0.22156669549318353,-2.3084436110429687,1.8653102200566014,-0.3656140350877193,-0.19999999999999998,True,Meta-Llama-3.1-70B|s2
RedHatAI/Meta-Llama-3.1-70B-FP8,llama-3.1,Meta-Llama-3.1-70B,fp8,mmlu,78.81,0.04,-0.423320203244308,-1.8886332686859415,1.0419928621973256,-0.41818007662835255,-0.5164285714285715,True,Meta-Llama-3.1-70B|s3
RedHatAI/Meta-Llama-3.1-70B-FP8,llama-3.1,Meta-Llama-3.1-70B,fp8,arc_challenge,93.43,0.0,-0.3475983535185896,-1.8129114189602231,1.117714711923044,-0.41818007662835255,-0.488840579710145,True,Meta-Llama-3.1-70B|s3
RedHatAI/Meta-Llama-3.1-70B-FP8,llama-3.1,Meta-Llama-3.1-70B,fp8,gsm8k,81.88,-0.53,-0.6430404242205225,-2.1083534896621563,0.822272641221111,-0.41818007662835255,-0.8051470588235294,True,Meta-Llama-3.1-70B|s3
RedHatAI/Meta-Llama-3.1-70B-FP8,llama-3.1,Meta-Llama-3.1-70B,fp8,hellaswag,87.98,-0.16,-0.3155230796779539,-1.7808361451195873,1.1497899857636797,-0.41818007662835255,-0.39699999999999996,True,Meta-Llama-3.1-70B|s3
RedHatAI/Meta-Llama-3.1-70B-FP8,llama-3.1,Meta-Llama-3.1-70B,fp8,winogrande,85.78,0.09,-0.16192379021322773,-1.6272368556548613,1.3033892752284058,-0.41818007662835255,-0.21185714285714283,True,Meta-Llama-3.1-70B|s3
RedHatAI/Meta-Llama-3.1-70B-FP8,llama-3.1,Meta-Llama-3.1-70B,fp8,truthfulqa,51.18,-0.28,-0.21685727051809744,-1.6821703359597309,1.2484557949235362,-0.41818007662835255,-0.19417910447761194,True,Meta-Llama-3.1-70B|s3
RedHatAI/Meta-Llama-3.1-70B-FP8,llama-3.1,Meta-Llama-3.1-70B,fp8,mmlu,78.81,0.04,-0.4198572648497726,-2.395146734966151,1.5554322052666056,-0.38451553930530163,-0.5356716417910448,True,Meta-Llama-3.1-70B|s4
RedHatAI/Meta-Llama-3.1-70B-FP8,llama-3.1,Meta-Llama-3.1-70B,fp8,arc_challenge,93.43,0.0,-0.3783928080711244,-2.353682278187503,1.5968966620452538,-0.38451553930530163,-0.5056060606060606,True,Meta-Llama-3.1-70B|s4
RedHatAI/Meta-Llama-3.1-70B-FP8,llama-3.1,Meta-Llama-3.1-70B,fp8,gsm8k,81.88,-0.53,-0.5138834635671266,-2.4891729336835047,1.4614060065492518,-0.38451553930530163,-0.6464179104477612,True,Meta-Llama-3.1-70B|s4
RedHatAI/Meta-Llama-3.1-70B-FP8,llama-3.1,Meta-Llama-3.1-70B,fp8,hellaswag,87.98,-0.16,-0.2137656411227538,-2.1890551112391323,1.7615238289936246,-0.38451553930530163,-0.30913043478260865,True,Meta-Llama-3.1-70B|s4
RedHatAI/Meta-Llama-3.1-70B-FP8,llama-3.1,Meta-Llama-3.1-70B,fp8,winogrande,85.78,0.09,-0.13664289538278881,-2.1119323654991673,1.8386465747335896,-0.38451553930530163,-0.21223880597014924,True,Meta-Llama-3.1-70B|s4
RedHatAI/Meta-Llama-3.1-70B-FP8,llama-3.1,Meta-Llama-3.1-70B,fp8,truthfulqa,51.18,-0.28,-0.18807257259579602,-2.1633620427121745,1.7872168975205822,-0.38451553930530163,-0.27791044776119406,True,Meta-Llama-3.1-70B|s4
RedHatAI/Meta-Llama-3.1-70B-Instruct-FP8-dynamic,llama-3.1,Meta-Llama-3.1-70B-Instruct,fp8_dynamic,arena_hard,57.0,0.9,0.17027451813391492,-1.576673749687509,1.9172227859553388,-0.34964912280701754,-0.03333333333333336,True,Meta-Llama-3.1-70B-Instruct|s0
RedHatAI/Meta-Llama-3.1-70B-Instruct-FP8-dynamic,llama-3.1,Meta-Llama-3.1-70B-Instruct,fp8_dynamic,mmlu,83.8,0.0,0.0994225967838629,-1.647525671037561,1.8463708646052868,-0.34964912280701754,-0.4072058823529412,True,Meta-Llama-3.1-70B-Instruct|s0
RedHatAI/Meta-Llama-3.1-70B-Instruct-FP8-dynamic,llama-3.1,Meta-Llama-3.1-70B-Instruct,fp8_dynamic,mmlu_cot,86.0,-0.5,-0.07906986299251312,-1.826018130813937,1.6678784048289108,-0.34964912280701754,-0.47333333333333333,True,Meta-Llama-3.1-70B-Instruct|s0
RedHatAI/Meta-Llama-3.1-70B-Instruct-FP8-dynamic,llama-3.1,Meta-Llama-3.1-70B-Instruct,fp8_dynamic,arc_challenge,93.3,0.2,0.2374169848825629,-1.509531282938861,1.9843652527039868,-0.34964912280701754,-0.4077611940298507,True,Meta-Llama-3.1-70B-Instruct|s0
RedHatAI/Meta-Llama-3.1-70B-Instruct-FP8-dynamic,llama-3.1,Meta-Llama-3.1-70B-Instruct,fp8_dynamic,gsm8k,94.9,-0.4,0.15951677812840037,-1.5874314896930235,1.9064650459498242,-0.34964912280701754,-0.5064179104477612,True,Meta-Llama-3.1-70B-Instruct|s0
RedHatAI/Meta-Llama-3.1-70B-Instruct-FP8-dynamic,llama-3.1,Meta-Llama-3.1-70B-Instruct,fp8_dynamic,hellaswag,86.8,-0.2,0.15522625761320863,-1.5917220102082152,1.9021745254346325,-0.34964912280701754,-0.28200000000000003,True,Meta-Llama-3.1-70B-Instruct|s0
RedHatAI/Meta-Llama-3.1-70B-Instruct-FP8-dynamic,llama-3.1,Meta-Llama-3.1-70B-Instruct,fp8_dynamic,winogrande,85.3,-0.7,0.2822179686715236,-1.4647302991499003,2.0291662364929475,-0.34964912280701754,-0.13782608695652174,True,Meta-Llama-3.1-70B-Instruct|s0
RedHatAI/Meta-Llama-3.1-70B-Instruct-FP8-dynamic,llama-3.1,Meta-Llama-3.1-70B-Instruct,fp8_dynamic,truthfulqa,60.7,-0.1,0.14597024523191243,-1.6009780225895114,1.8929185130533364,-0.34964912280701754,-0.171044776119403,True,Meta-Llama-3.1-70B-Instruct|s0
RedHatAI/Meta-Llama-3.1-70B-Instruct-FP8-dynamic,llama-3.1,Meta-Llama-3.1-70B-Instruct,fp8_dynamic,mmlu_pro,48.1,-0.4,-0.9673731692240441,-2.7143214370454682,0.7795750985973797,-0.34964912280701754,-1.504,True,Meta-Llama-3.1-70B-Instruct|s0
RedHatAI/Meta-Llama-3.1-70B-Instruct-FP8-dynamic,llama-3.1,Meta-Llama-3.1-70B-Instruct,fp8_dynamic,ifeval,86.4,1.2,-0.01786365838942877,-1.7648119262108526,1.7290846094319952,-0.34964912280701754,-0.5013333333333333,True,Meta-Llama-3.1-70B-Instruct|s0
RedHatAI/Meta-Llama-3.1-70B-Instruct-FP8-dynamic,llama-3.1,Meta-Llama-3.1-70B-Instruct,fp8_dynamic,bbh,55.8,-0.9,-0.17344975193552412,-1.920398019756948,1.5734985158858998,-0.34964912280701754,-0.5826666666666667,True,Meta-Llama-3.1-70B-Instruct|s0
RedHatAI/Meta-Llama-3.1-70B-Instruct-FP8-dynamic,llama-3.1,Meta-Llama-3.1-70B-Instruct,fp8_dynamic,humaneval,79.7,0.3,0.04207378249341798,-1.704874485328006,1.7890220503148417,-0.34964912280701754,-0.5135294117647059,True,Meta-Llama-3.1-70B-Instruct|s0
RedHatAI/Meta-Llama-3.1-70B-Instruct-FP8-dynamic,llama-3.1,Meta-Llama-3.1-70B-Instruct,fp8_dynamic,humaneval_plus,74.8,0.2,0.02619421526177934,-1.7207540525596445,1.7731424830832032,-0.34964912280701754,-0.2833333333333333,True,Meta-Llama-3.1-70B-Instruct|s0
RedHatAI/Meta-Llama-3.1-70B-Instruct-FP8,llama-3.1,Meta-Llama-3.1-70B-Instruct,fp8,mmlu,83.83,-0.1,-0.16234979883088826,-1.909298066652312,1.5845984689905357,-0.34964912280701754,-0.4072058823529412,True,Meta-Llama-3.1-70B-Instruct|s0
RedHatAI/Meta-Llama-3.1-70B-Instruct-FP8,llama-3.1,Meta-Llama-3.1-70B-Instruct,fp8,mmlu_cot,86.01,-0.57,-0.3411177949670152,-2.088066062788439,1.4058304728544087,-0.34964912280701754,-0.47333333333333333,True,Meta-Llama-3.1-70B-Instruct|s0
RedHatAI/Meta-Llama-3.1-70B-Instruct-FP8,llama-3.1,Meta-Llama-3.1-70B-Instruct,fp8,arc_challenge,93.26,-0.34,-0.025398702651222238,-1.772346970472646,1.7215495651702017,-0.34964912280701754,-0.4077611940298507,True,Meta-Llama-3.1-70B-Instruct|s0
RedHatAI/Meta-Llama-3.1-70B-Instruct-FP8,llama-3.1,Meta-Llama-3.1-70B-Instruct,fp8,gsm8k,94.92,-0.38,-0.10236186018233193,-1.8493101280037558,1.644586407639092,-0.34964912280701754,-0.5064179104477612,True,Meta-Llama-3.1-70B-Instruct|s0
RedHatAI/Meta-Llama-3.1-70B-Instruct-FP8,llama-3.1,Meta-Llama-3.1-70B-Instruct,fp8,hellaswag,86.75,-0.11,-0.10771194379736565,-1.8546602116187896,1.6392363240240582,-0.34964912280701754,-0.28200000000000003,True,Meta-Llama-3.1-70B-Instruct|s0
RedHatAI/Meta-Llama-3.1-70B-Instruct-FP8,llama-3.1,Meta-Llama-3.1-70B-Instruct,fp8,winogrande,85.32,0.63,0.020300532131351356,-1.7266477356900725,1.7672487999527753,-0.34964912280701754,-0.13782608695652174,True,Meta-Llama-3.1-70B-Instruct|s0
RedHatAI/Meta-Llama-3.1-70B-Instruct-FP8,llama-3.1,Meta-Llama-3.1-70B-Instruct,fp8,truthfulqa,60.68,0.16,-0.11636920904392334,-1.863317476865347,1.6305790587775006,-0.34964912280701754,-0.171044776119403,True,Meta-Llama-3.1-70B-Instruct|s0
RedHatAI/Meta-Llama-3.1-70B-Instruct-quantized.w4a16,llama-3.1,Meta-Llama-3.1-70B-Instruct,w4a16,arena_hard,57.0,0.0,-0.46225607453679596,-2.2092043423582197,1.284692193284628,-0.34964912280701754,-0.03333333333333336,True,Meta-Llama-3.1-70B-Instruct|s0
RedHatAI/Meta-Llama-3.1-70B-Instruct-quantized.w4a16,llama-3.1,Meta-Llama-3.1-70B-Instruct,w4a16,mmlu,83.9,-0.3,-0.5316984481222677,-2.2786467159436916,1.2152498196991561,-0.34964912280701754,-0.4072058823529412,True,Meta-Llama-3.1-70B-Instruct|s0
RedHatAI/Meta-Llama-3.1-70B-Instruct-quantized.w4a16,llama-3.1,Meta-Llama-3.1-70B-Instruct,w4a16,mmlu_cot,86.2,-0.6,-0.7086545146898712,-2.455602782511295,1.0382937531315526,-0.34964912280701754,-0.47333333333333333,True,Meta-Llama-3.1-70B-Instruct|s0
RedHatAI/Meta-Llama-3.1-70B-Instruct-quantized.w4a16,llama-3.1,Meta-Llama-3.1-70B-Instruct,w4a16,arc_challenge,93.3,-0.5,-0.3951136077881479,-2.142061875609572,1.351834660033276,-0.34964912280701754,-0.4077611940298507,True,Meta-Llama-3.1-70B-Instruct|s0
RedHatAI/Meta-Llama-3.1-70B-Instruct-quantized.w4a16,llama-3.1,Meta-Llama-3.1-70B-Instruct,w4a16,gsm8k,95.4,-1.0,-0.4650963606825416,-2.2120446285039654,1.2818519071388823,-0.34964912280701754,-0.5064179104477612,True,Meta-Llama-3.1-70B-Instruct|s0
RedHatAI/Meta-Llama-3.1-70B-Instruct-quantized.w4a16,llama-3.1,Meta-Llama-3.1-70B-Instruct,w4a16,hellaswag,86.7,-0.4,-0.4787901221907018,-2.2257383900121255,1.268158145630722,-0.34964912280701754,-0.28200000000000003,True,Meta-Llama-3.1-70B-Instruct|s0
RedHatAI/Meta-Llama-3.1-70B-Instruct-quantized.w4a16,llama-3.1,Meta-Llama-3.1-70B-Instruct,w4a16,winogrande,85.3,0.2,-0.3503126239991873,-2.097260891820611,1.3966356438222367,-0.34964912280701754,-0.13782608695652174,True,Meta-Llama-3.1-70B-Instruct|s0
RedHatAI/Meta-Llama-3.1-70B-Instruct-quantized.w4a16,llama-3.1,Meta-Llama-3.1-70B-Instruct,w4a16,truthfulqa,60.7,-0.9,-0.4865603474387986,-2.2335086152602224,1.2603879203826254,-0.34964912280701754,-0.171044776119403,True,Meta-Llama-3.1-70B-Instruct|s0
RedHatAI/Meta-Llama-3.1-70B-Instruct-quantized.w4a16,llama-3.1,Meta-Llama-3.1-70B-Instruct,w4a16,mmlu_pro,48.1,-0.8,-1.5999037618947551,-3.346852029716179,0.14704450592666873,-0.34964912280701754,-1.504,True,Meta-Llama-3.1-70B-Instruct|s0
RedHatAI/Meta-Llama-3.1-70B-Instruct-quantized.w4a16,llama-3.1,Meta-Llama-3.1-70B-Instruct,w4a16,ifeval,86.4,-0.7,-0.6503942510601395,-2.3973425188815636,1.0965540167612844,-0.34964912280701754,-0.5013333333333333,True,Meta-Llama-3.1-70B-Instruct|s0
RedHatAI/Meta-Llama-3.1-70B-Instruct-quantized.w4a16,llama-3.1,Meta-Llama-3.1-70B-Instruct,w4a16,bbh,55.8,-0.8,-0.805980344606235,-2.552928612427659,0.9409679232151889,-0.34964912280701754,-0.5826666666666667,True,Meta-Llama-3.1-70B-Instruct|s0
RedHatAI/Meta-Llama-3.1-70B-Instruct-quantized.w4a16,llama-3.1,Meta-Llama-3.1-70B-Instruct,w4a16,humaneval,79.7,0.8,-0.5904568101772928,-2.3374050779987168,1.156491457644131,-0.34964912280701754,-0.5135294117647059,True,Meta-Llama-3.1-70B-Instruct|s0
RedHatAI/Meta-Llama-3.1-70B-Instruct-quantized.w4a16,llama-3.1,Meta-Llama-3.1-70B-Instruct,w4a16,humaneval_plus,74.8,-0.6,-0.6063363774089314,-2.3532846452303553,1.1406118904124924,-0.34964912280701754,-0.2833333333333333,True,Meta-Llama-3.1-70B-Instruct|s0
RedHatAI/Meta-Llama-3.1-70B-Instruct-quantized.w8a16,llama-3.1,Meta-Llama-3.1-70B-Instruct,w8a16,mmlu,83.94,-2.57,0.028196522052827633,-1.7187517457685964,1.7751447898742514,-0.34964912280701754,-0.4072058823529412,False,Meta-Llama-3.1-70B-Instruct|s0
RedHatAI/Meta-Llama-3.1-70B-Instruct-quantized.w8a16,llama-3.1,Meta-Llama-3.1-70B-Instruct,w8a16,mmlu_cot,86.23,-2.37,-0.14888129812307327,-1.895829565944497,1.5980669696983507,-0.34964912280701754,-0.47333333333333333,False,Meta-Llama-3.1-70B-Instruct|s0
RedHatAI/Meta-Llama-3.1-70B-Instruct-quantized.w8a16,llama-3.1,Meta-Llama-3.1-70B-Instruct,w8a16,arc_challenge,93.34,-1.02,0.16483770951380983,-1.582110558307614,1.9117859773352337,-0.34964912280701754,-0.4077611940298507,True,Meta-Llama-3.1-70B-Instruct|s0
RedHatAI/Meta-Llama-3.1-70B-Instruct-quantized.w8a16,llama-3.1,Meta-Llama-3.1-70B-Instruct,w8a16,gsm8k,95.38,-3.04,0.09391697395767773,-1.6530312938637461,1.8408652417791016,-0.34964912280701754,-0.5064179104477612,False,Meta-Llama-3.1-70B-Instruct|s0
RedHatAI/Meta-Llama-3.1-70B-Instruct-quantized.w8a16,llama-3.1,Meta-Llama-3.1-70B-Instruct,w8a16,hellaswag,86.66,-0.65,0.07994669472322957,-1.6670015730981942,1.8268949625446536,-0.34964912280701754,-0.28200000000000003,True,Meta-Llama-3.1-70B-Instruct|s0
RedHatAI/Meta-Llama-3.1-70B-Instruct-quantized.w8a16,llama-3.1,Meta-Llama-3.1-70B-Instruct,w8a16,winogrande,85.32,0.24,0.20929526030382795,-1.537653007517596,1.9562435281252517,-0.34964912280701754,-0.13782608695652174,True,Meta-Llama-3.1-70B-Instruct|s0
RedHatAI/Meta-Llama-3.1-70B-Instruct-quantized.w8a16,llama-3.1,Meta-Llama-3.1-70B-Instruct,w8a16,truthfulqa,60.65,-1.26,0.07240898609416696,-1.6745392817272569,1.8193572539155909,-0.34964912280701754,-0.171044776119403,True,Meta-Llama-3.1-70B-Instruct|s0
RedHatAI/Meta-Llama-3.1-70B-Instruct-quantized.w8a8,llama-3.1,Meta-Llama-3.1-70B-Instruct,w8a8_int,arena_hard,57.0,-0.7,0.01645818856985548,-1.7304900792515685,1.7634064563912792,-0.34964912280701754,-0.03333333333333336,True,Meta-Llama-3.1-70B-Instruct|s0
RedHatAI/Meta-Llama-3.1-70B-Instruct-quantized.w8a8,llama-3.1,Meta-Llama-3.1-70B-Instruct,w8a8_int,mmlu,83.9,-0.2,-0.052984185015616414,-1.7999324528370404,1.6939640828058073,-0.34964912280701754,-0.4072058823529412,True,Meta-Llama-3.1-70B-Instruct|s0
RedHatAI/Meta-Llama-3.1-70B-Instruct-quantized.w8a8,llama-3.1,Meta-Llama-3.1-70B-Instruct,w8a8_int,mmlu_cot,86.2,-0.4,-0.2299402515832198,-1.9768885194046437,1.517008016238204,-0.34964912280701754,-0.47333333333333333,True,Meta-Llama-3.1-70B-Instruct|s0
RedHatAI/Meta-Llama-3.1-70B-Instruct-quantized.w8a8,llama-3.1,Meta-Llama-3.1-70B-Instruct,w8a8_int,arc_challenge,93.3,-0.2,0.08360065531850336,-1.6633476125029205,1.8305489231399272,-0.34964912280701754,-0.4077611940298507,True,Meta-Llama-3.1-70B-Instruct|s0
RedHatAI/Meta-Llama-3.1-70B-Instruct-quantized.w8a8,llama-3.1,Meta-Llama-3.1-70B-Instruct,w8a8_int,gsm8k,95.4,-1.2,0.013617902424109707,-1.7333303653973142,1.7605661702455335,-0.34964912280701754,-0.5064179104477612,True,Meta-Llama-3.1-70B-Instruct|s0
RedHatAI/Meta-Llama-3.1-70B-Instruct-quantized.w8a8,llama-3.1,Meta-Llama-3.1-70B-Instruct,w8a8_int,hellaswag,86.7,0.0,-7.585908405044473e-05,-1.7470241269054743,1.7468724087373735,-0.34964912280701754,-0.28200000000000003,True,Meta-Llama-3.1-70B-Instruct|s0
RedHatAI/Meta-Llama-3.1-70B-Instruct-quantized.w8a8,llama-3.1,Meta-Llama-3.1-70B-Instruct,w8a8_int,winogrande,85.1,0.2,0.12563179331309926,-1.6213164745083246,1.8725800611345231,-0.34964912280701754,-0.13782608695652174,True,Meta-Llama-3.1-70B-Instruct|s0
RedHatAI/Meta-Llama-3.1-70B-Instruct-quantized.w8a8,llama-3.1,Meta-Llama-3.1-70B-Instruct,w8a8_int,truthfulqa,60.7,0.7,-0.007846084332147008,-1.754794352153571,1.7391021834892768,-0.34964912280701754,-0.171044776119403,True,Meta-Llama-3.1-70B-Instruct|s0
RedHatAI/Meta-Llama-3.1-70B-Instruct-quantized.w8a8,llama-3.1,Meta-Llama-3.1-70B-Instruct,w8a8_int,mmlu_pro,48.1,-1.0,-1.1211894987881035,-2.8681377666095274,0.6257587690333204,-0.34964912280701754,-1.504,True,Meta-Llama-3.1-70B-Instruct|s0
RedHatAI/Meta-Llama-3.1-70B-Instruct-quantized.w8a8,llama-3.1,Meta-Llama-3.1-70B-Instruct,w8a8_int,ifeval,86.4,0.2,-0.1716799879534882,-1.9186282557749121,1.5752682798679356,-0.34964912280701754,-0.5013333333333333,True,Meta-Llama-3.1-70B-Instruct|s0
RedHatAI/Meta-Llama-3.1-70B-Instruct-quantized.w8a8,llama-3.1,Meta-Llama-3.1-70B-Instruct,w8a8_int,bbh,55.8,-0.6,-0.3272660814995836,-2.0742143493210072,1.4196821863218403,-0.34964912280701754,-0.5826666666666667,True,Meta-Llama-3.1-70B-Instruct|s0
RedHatAI/Meta-Llama-3.1-70B-Instruct-quantized.w8a8,llama-3.1,Meta-Llama-3.1-70B-Instruct,w8a8_int,humaneval,79.7,-1.0,-0.11174254707064146,-1.8586908148920653,1.6352057207507824,-0.34964912280701754,-0.5135294117647059,True,Meta-Llama-3.1-70B-Instruct|s0
RedHatAI/Meta-Llama-3.1-70B-Instruct-quantized.w8a8,llama-3.1,Meta-Llama-3.1-70B-Instruct,w8a8_int,humaneval_plus,74.8,-0.8,-0.12762211430228015,-1.874570382123704,1.6193261535191437,-0.34964912280701754,-0.2833333333333333,True,Meta-Llama-3.1-70B-Instruct|s0
RedHatAI/Meta-Llama-3.1-70B-Instruct-FP8-dynamic,llama-3.1,Meta-Llama-3.1-70B-Instruct,fp8_dynamic,arena_hard,57.0,0.9,-1.1952531841265255,-2.931677535482163,0.5411711672291124,-0.3835125448028674,-1.4666666666666668,False,Meta-Llama-3.1-70B-Instruct|s1
RedHatAI/Meta-Llama-3.1-70B-Instruct-FP8-dynamic,llama-3.1,Meta-Llama-3.1-70B-Instruct,fp8_dynamic,mmlu,83.8,0.0,-0.08801414580488515,-1.824438497160523,1.6484102055507528,-0.3835125448028674,-0.4667605633802817,True,Meta-Llama-3.1-70B-Instruct|s1
RedHatAI/Meta-Llama-3.1-70B-Instruct-FP8-dynamic,llama-3.1,Meta-Llama-3.1-70B-Instruct,fp8_dynamic,mmlu_cot,86.0,-0.5,-0.14764040564937578,-1.8840647570050137,1.588783945706262,-0.3835125448028674,-0.305,True,Meta-Llama-3.1-70B-Instruct|s1
RedHatAI/Meta-Llama-3.1-70B-Instruct-FP8-dynamic,llama-3.1,Meta-Llama-3.1-70B-Instruct,fp8_dynamic,arc_challenge,93.3,0.2,0.011884200845695858,-1.724540150509942,1.7483085522013337,-0.3835125448028674,-0.35414285714285715,True,Meta-Llama-3.1-70B-Instruct|s1
RedHatAI/Meta-Llama-3.1-70B-Instruct-FP8-dynamic,llama-3.1,Meta-Llama-3.1-70B-Instruct,fp8_dynamic,gsm8k,94.9,-0.4,-0.285038651970108,-2.0214630033257457,1.4513856993855299,-0.3835125448028674,-0.711304347826087,True,Meta-Llama-3.1-70B-Instruct|s1
RedHatAI/Meta-Llama-3.1-70B-Instruct-FP8-dynamic,llama-3.1,Meta-Llama-3.1-70B-Instruct,fp8_dynamic,hellaswag,86.8,-0.2,0.15093849790898234,-1.5854858534466556,1.8873628492646202,-0.3835125448028674,-0.1811111111111111,True,Meta-Llama-3.1-70B-Instruct|s1
RedHatAI/Meta-Llama-3.1-70B-Instruct-FP8-dynamic,llama-3.1,Meta-Llama-3.1-70B-Instruct,fp8_dynamic,winogrande,85.3,-0.7,0.07896244006983488,-1.657461911285803,1.8153867914254729,-0.3835125448028674,-0.25757142857142856,True,Meta-Llama-3.1-70B-Instruct|s1
RedHatAI/Meta-Llama-3.1-70B-Instruct-FP8-dynamic,llama-3.1,Meta-Llama-3.1-70B-Instruct,fp8_dynamic,truthfulqa,60.7,-0.1,0.16158706540661633,-1.5748372859490216,1.8980114167622542,-0.3835125448028674,-0.18071428571428572,True,Meta-Llama-3.1-70B-Instruct|s1
RedHatAI/Meta-Llama-3.1-70B-Instruct-FP8-dynamic,llama-3.1,Meta-Llama-3.1-70B-Instruct,fp8_dynamic,mmlu_pro,48.1,-0.4,-1.1497586587224986,-2.8861830100781365,0.5866656926331393,-0.3835125448028674,-1.7577272727272728,True,Meta-Llama-3.1-70B-Instruct|s1
RedHatAI/Meta-Llama-3.1-70B-Instruct-FP8-dynamic,llama-3.1,Meta-Llama-3.1-70B-Instruct,fp8_dynamic,ifeval,86.4,1.2,0.22675225337362243,-1.5096720979820155,1.9631766047292603,-0.3835125448028674,-0.1721052631578947,True,Meta-Llama-3.1-70B-Instruct|s1
RedHatAI/Meta-Llama-3.1-70B-Instruct-FP8-dynamic,llama-3.1,Meta-Llama-3.1-70B-Instruct,fp8_dynamic,bbh,55.8,-0.9,-0.37454868095789384,-2.110973032313532,1.361875670397744,-0.3835125448028674,-0.89,True,Meta-Llama-3.1-70B-Instruct|s1
RedHatAI/Meta-Llama-3.1-70B-Instruct-FP8-dynamic,llama-3.1,Meta-Llama-3.1-70B-Instruct,fp8_dynamic,humaneval,79.7,0.3,-0.07618242743565079,-1.8126067787912887,1.660241923919987,-0.3835125448028674,-0.638,True,Meta-Llama-3.1-70B-Instruct|s1
RedHatAI/Meta-Llama-3.1-70B-Instruct-FP8-dynamic,llama-3.1,Meta-Llama-3.1-70B-Instruct,fp8_dynamic,humaneval_plus,74.8,0.2,0.4883215238251812,-1.2481028275304566,2.224745875180819,-0.3835125448028674,0.2666666666666667,True,Meta-Llama-3.1-70B-Instruct|s1
RedHatAI/Meta-Llama-3.1-70B-Instruct-FP8,llama-3.1,Meta-Llama-3.1-70B-Instruct,fp8,mmlu,83.83,-0.1,-0.2777195047654387,-2.0141438561210765,1.4587048465901993,-0.3835125448028674,-0.4667605633802817,True,Meta-Llama-3.1-70B-Instruct|s1
RedHatAI/Meta-Llama-3.1-70B-Instruct-FP8,llama-3.1,Meta-Llama-3.1-70B-Instruct,fp8,mmlu_cot,86.01,-0.57,-0.3373672504124962,-2.073791601768134,1.3990571009431416,-0.3835125448028674,-0.305,True,Meta-Llama-3.1-70B-Instruct|s1
RedHatAI/Meta-Llama-3.1-70B-Instruct-FP8,llama-3.1,Meta-Llama-3.1-70B-Instruct,fp8,arc_challenge,93.26,-0.34,-0.17765644728362653,-1.9140807986392645,1.5587679040720113,-0.3835125448028674,-0.35414285714285715,True,Meta-Llama-3.1-70B-Instruct|s1
RedHatAI/Meta-Llama-3.1-70B-Instruct-FP8,llama-3.1,Meta-Llama-3.1-70B-Instruct,fp8,gsm8k,94.92,-0.38,-0.4748791366618511,-2.211303488017489,1.2615452146937867,-0.3835125448028674,-0.711304347826087,True,Meta-Llama-3.1-70B-Instruct|s1
RedHatAI/Meta-Llama-3.1-70B-Instruct-FP8,llama-3.1,Meta-Llama-3.1-70B-Instruct,fp8,hellaswag,86.75,-0.11,-0.038788465224997126,-1.775212816580635,1.6976358861306409,-0.3835125448028674,-0.1811111111111111,True,Meta-Llama-3.1-70B-Instruct|s1
RedHatAI/Meta-Llama-3.1-70B-Instruct-FP8,llama-3.1,Meta-Llama-3.1-70B-Instruct,fp8,winogrande,85.32,0.63,-0.11079132267190722,-1.8472156740275452,1.6256330286837306,-0.3835125448028674,-0.25757142857142856,True,Meta-Llama-3.1-70B-Instruct|s1
RedHatAI/Meta-Llama-3.1-70B-Instruct-FP8,llama-3.1,Meta-Llama-3.1-70B-Instruct,fp8,truthfulqa,60.68,0.16,-0.02825293610955859,-1.7646772874651964,1.7081714152460794,-0.3835125448028674,-0.18071428571428572,True,Meta-Llama-3.1-70B-Instruct|s1
RedHatAI/Meta-Llama-3.1-70B-Instruct-quantized.w4a16,llama-3.1,Meta-Llama-3.1-70B-Instruct,w4a16,arena_hard,57.0,0.0,-1.6662812328138066,-3.4027055841694445,0.0701431185418313,-0.3835125448028674,-1.4666666666666668,True,Meta-Llama-3.1-70B-Instruct|s1
RedHatAI/Meta-Llama-3.1-70B-Instruct-quantized.w4a16,llama-3.1,Meta-Llama-3.1-70B-Instruct,w4a16,mmlu,83.9,-0.3,-0.5589621306125483,-2.295386481968186,1.1774622207430896,-0.3835125448028674,-0.4667605633802817,True,Meta-Llama-3.1-70B-Instruct|s1
RedHatAI/Meta-Llama-3.1-70B-Instruct-quantized.w4a16,llama-3.1,Meta-Llama-3.1-70B-Instruct,w4a16,mmlu_cot,86.2,-0.6,-0.6186174454210598,-2.355041796776698,1.117806905934578,-0.3835125448028674,-0.305,True,Meta-Llama-3.1-70B-Instruct|s1
RedHatAI/Meta-Llama-3.1-70B-Instruct-quantized.w4a16,llama-3.1,Meta-Llama-3.1-70B-Instruct,w4a16,arc_challenge,93.3,-0.5,-0.4591438478415852,-2.195568199197223,1.2772805035140526,-0.3835125448028674,-0.35414285714285715,True,Meta-Llama-3.1-70B-Instruct|s1
RedHatAI/Meta-Llama-3.1-70B-Instruct-quantized.w4a16,llama-3.1,Meta-Llama-3.1-70B-Instruct,w4a16,gsm8k,95.4,-1.0,-0.7589313537053333,-2.4953557050609714,0.9774929976503046,-0.3835125448028674,-0.711304347826087,True,Meta-Llama-3.1-70B-Instruct|s1
RedHatAI/Meta-Llama-3.1-70B-Instruct-quantized.w4a16,llama-3.1,Meta-Llama-3.1-70B-Instruct,w4a16,hellaswag,86.7,-0.4,-0.3200848622273756,-2.0565092135830136,1.4163394891282624,-0.3835125448028674,-0.1811111111111111,True,Meta-Llama-3.1-70B-Instruct|s1
RedHatAI/Meta-Llama-3.1-70B-Instruct-quantized.w4a16,llama-3.1,Meta-Llama-3.1-70B-Instruct,w4a16,winogrande,85.3,0.2,-0.3920656086174462,-2.128489959973084,1.3443587427381916,-0.3835125448028674,-0.25757142857142856,True,Meta-Llama-3.1-70B-Instruct|s1
RedHatAI/Meta-Llama-3.1-70B-Instruct-quantized.w4a16,llama-3.1,Meta-Llama-3.1-70B-Instruct,w4a16,truthfulqa,60.7,-0.9,-0.3094409832806647,-2.0458653346363027,1.426983368074973,-0.3835125448028674,-0.18071428571428572,True,Meta-Llama-3.1-70B-Instruct|s1
RedHatAI/Meta-Llama-3.1-70B-Instruct-quantized.w4a16,llama-3.1,Meta-Llama-3.1-70B-Instruct,w4a16,mmlu_pro,48.1,-0.8,-1.6207867074097793,-3.357211058765417,0.11563764394585863,-0.3835125448028674,-1.7577272727272728,True,Meta-Llama-3.1-70B-Instruct|s1
RedHatAI/Meta-Llama-3.1-70B-Instruct-quantized.w4a16,llama-3.1,Meta-Llama-3.1-70B-Instruct,w4a16,ifeval,86.4,-0.7,-0.2442757953136586,-1.9807001466692964,1.4921485560419794,-0.3835125448028674,-0.1721052631578947,True,Meta-Llama-3.1-70B-Instruct|s1
RedHatAI/Meta-Llama-3.1-70B-Instruct-quantized.w4a16,llama-3.1,Meta-Llama-3.1-70B-Instruct,w4a16,bbh,55.8,-0.8,-0.8455767296451748,-2.5820010810008127,0.8908476217104631,-0.3835125448028674,-0.89,True,Meta-Llama-3.1-70B-Instruct|s1
RedHatAI/Meta-Llama-3.1-70B-Instruct-quantized.w4a16,llama-3.1,Meta-Llama-3.1-70B-Instruct,w4a16,humaneval,79.7,0.8,-0.5472104761229318,-2.28363482747857,1.189213875232706,-0.3835125448028674,-0.638,True,Meta-Llama-3.1-70B-Instruct|s1
RedHatAI/Meta-Llama-3.1-70B-Instruct-quantized.w4a16,llama-3.1,Meta-Llama-3.1-70B-Instruct,w4a16,humaneval_plus,74.8,-0.6,0.01729347513790014,-1.7191308762177377,1.753717826493538,-0.3835125448028674,0.2666666666666667,True,Meta-Llama-3.1-70B-Instruct|s1
RedHatAI/Meta-Llama-3.1-70B-Instruct-quantized.w8a16,llama-3.1,Meta-Llama-3.1-70B-Instruct,w8a16,mmlu,83.94,-2.57,0.012266382645628793,-1.724157968710009,1.7486907340012667,-0.3835125448028674,-0.4667605633802817,False,Meta-Llama-3.1-70B-Instruct|s1
RedHatAI/Meta-Llama-3.1-70B-Instruct-quantized.w8a16,llama-3.1,Meta-Llama-3.1-70B-Instruct,w8a16,mmlu_cot,86.23,-2.37,-0.047413487243393115,-1.783837838599031,1.6890108641122448,-0.3835125448028674,-0.305,False,Meta-Llama-3.1-70B-Instruct|s1
RedHatAI/Meta-Llama-3.1-70B-Instruct-quantized.w8a16,llama-3.1,Meta-Llama-3.1-70B-Instruct,w8a16,arc_challenge,93.34,-1.02,0.111863371984818,-1.6245609793708198,1.848287723340456,-0.3835125448028674,-0.35414285714285715,True,Meta-Llama-3.1-70B-Instruct|s1
RedHatAI/Meta-Llama-3.1-70B-Instruct-quantized.w8a16,llama-3.1,Meta-Llama-3.1-70B-Instruct,w8a16,gsm8k,95.38,-3.04,-0.1876157527778765,-1.9240401041335145,1.5488085985777613,-0.3835125448028674,-0.711304347826087,False,Meta-Llama-3.1-70B-Instruct|s1
RedHatAI/Meta-Llama-3.1-70B-Instruct-quantized.w8a16,llama-3.1,Meta-Llama-3.1-70B-Instruct,w8a16,hellaswag,86.66,-0.65,0.2511134503032007,-1.4853109010524372,1.9875378016588385,-0.3835125448028674,-0.1811111111111111,True,Meta-Llama-3.1-70B-Instruct|s1
RedHatAI/Meta-Llama-3.1-70B-Instruct-quantized.w8a16,llama-3.1,Meta-Llama-3.1-70B-Instruct,w8a16,winogrande,85.32,0.24,0.17910741510275402,-1.5573169362528838,1.915531766458392,-0.3835125448028674,-0.25757142857142856,True,Meta-Llama-3.1-70B-Instruct|s1
RedHatAI/Meta-Llama-3.1-70B-Instruct-quantized.w8a16,llama-3.1,Meta-Llama-3.1-70B-Instruct,w8a16,truthfulqa,60.65,-1.26,0.261480043071671,-1.4749443082839668,1.997904394427309,-0.3835125448028674,-0.18071428571428572,True,Meta-Llama-3.1-70B-Instruct|s1
RedHatAI/Meta-Llama-3.1-70B-Instruct-quantized.w8a8,llama-3.1,Meta-Llama-3.1-70B-Instruct,w8a8_int,arena_hard,57.0,-0.7,-1.267087384939948,-3.003511736295586,0.4693369664156899,-0.3835125448028674,-1.4666666666666668,True,Meta-Llama-3.1-70B-Instruct|s1
RedHatAI/Meta-Llama-3.1-70B-Instruct-quantized.w8a8,llama-3.1,Meta-Llama-3.1-70B-Instruct,w8a8_int,mmlu,83.9,-0.2,-0.15976828273868957,-1.8961926340943274,1.5766560686169484,-0.3835125448028674,-0.4667605633802817,True,Meta-Llama-3.1-70B-Instruct|s1
RedHatAI/Meta-Llama-3.1-70B-Instruct-quantized.w8a8,llama-3.1,Meta-Llama-3.1-70B-Instruct,w8a8_int,mmlu_cot,86.2,-0.4,-0.21942359754720098,-1.9558479489028389,1.517000753808437,-0.3835125448028674,-0.305,True,Meta-Llama-3.1-70B-Instruct|s1
RedHatAI/Meta-Llama-3.1-70B-Instruct-quantized.w8a8,llama-3.1,Meta-Llama-3.1-70B-Instruct,w8a8_int,arc_challenge,93.3,-0.2,-0.059949999967726486,-1.7963743513233643,1.6764743513879115,-0.3835125448028674,-0.35414285714285715,True,Meta-Llama-3.1-70B-Instruct|s1
RedHatAI/Meta-Llama-3.1-70B-Instruct-quantized.w8a8,llama-3.1,Meta-Llama-3.1-70B-Instruct,w8a8_int,gsm8k,95.4,-1.2,-0.3597375058314744,-2.0961618571871123,1.3766868455241634,-0.3835125448028674,-0.711304347826087,True,Meta-Llama-3.1-70B-Instruct|s1
RedHatAI/Meta-Llama-3.1-70B-Instruct-quantized.w8a8,llama-3.1,Meta-Llama-3.1-70B-Instruct,w8a8_int,hellaswag,86.7,0.0,0.07910898564648311,-1.6573153657091548,1.815533337002121,-0.3835125448028674,-0.1811111111111111,True,Meta-Llama-3.1-70B-Instruct|s1
RedHatAI/Meta-Llama-3.1-70B-Instruct-quantized.w8a8,llama-3.1,Meta-Llama-3.1-70B-Instruct,w8a8_int,winogrande,85.1,0.2,0.007362178858799806,-1.729062172496838,1.7437865302144377,-0.3835125448028674,-0.25757142857142856,True,Meta-Llama-3.1-70B-Instruct|s1
RedHatAI/Meta-Llama-3.1-70B-Instruct-quantized.w8a8,llama-3.1,Meta-Llama-3.1-70B-Instruct,w8a8_int,truthfulqa,60.7,0.7,0.08975286459319393,-1.646671486762444,1.8261772159488319,-0.3835125448028674,-0.18071428571428572,True,Meta-Llama-3.1-70B-Instruct|s1
RedHatAI/Meta-Llama-3.1-70B-Instruct-quantized.w8a8,llama-3.1,Meta-Llama-3.1-70B-Instruct,w8a8_int,mmlu_pro,48.1,-1.0,-1.221592859535921,-2.958017210891559,0.514831491819717,-0.3835125448028674,-1.7577272727272728,True,Meta-Llama-3.1-70B-Instruct|s1
RedHatAI/Meta-Llama-3.1-70B-Instruct-quantized.w8a8,llama-3.1,Meta-Llama-3.1-70B-Instruct,w8a8_int,ifeval,86.4,0.2,0.15491805256020003,-1.5815062987954378,1.891342403915838,-0.3835125448028674,-0.1721052631578947,True,Meta-Llama-3.1-70B-Instruct|s1
RedHatAI/Meta-Llama-3.1-70B-Instruct-quantized.w8a8,llama-3.1,Meta-Llama-3.1-70B-Instruct,w8a8_int,bbh,55.8,-0.6,-0.44638288177131624,-2.182807233126954,1.2900414695843216,-0.3835125448028674,-0.89,True,Meta-Llama-3.1-70B-Instruct|s1
RedHatAI/Meta-Llama-3.1-70B-Instruct-quantized.w8a8,llama-3.1,Meta-Llama-3.1-70B-Instruct,w8a8_int,humaneval,79.7,-1.0,-0.14801662824907313,-1.884440979604711,1.5884077231065648,-0.3835125448028674,-0.638,True,Meta-Llama-3.1-70B-Instruct|s1
RedHatAI/Meta-Llama-3.1-70B-Instruct-quantized.w8a8,llama-3.1,Meta-Llama-3.1-70B-Instruct,w8a8_int,humaneval_plus,74.8,-0.8,0.4164873230117589,-1.319937028343879,2.1529116743673966,-0.3835125448028674,0.2666666666666667,True,Meta-Llama-3.1-70B-Instruct|s1
RedHatAI/Meta-Llama-3.1-70B-Instruct-FP8-dynamic,llama-3.1,Meta-Llama-3.1-70B-Instruct,fp8_dynamic,arena_hard,57.0,0.9,1.3533212243898325,-0.3143731888967696,3.0210156376764346,-0.34877712031558183,1.3999999999999997,True,Meta-Llama-3.1-70B-Instruct|s2
RedHatAI/Meta-Llama-3.1-70B-Instruct-FP8-dynamic,llama-3.1,Meta-Llama-3.1-70B-Instruct,fp8_dynamic,mmlu,83.8,0.0,-0.038817484427136284,-1.7065118977137383,1.6288769288594658,-0.34877712031558183,-0.4492753623188406,True,Meta-Llama-3.1-70B-Instruct|s2
RedHatAI/Meta-Llama-3.1-70B-Instruct-FP8-dynamic,llama-3.1,Meta-Llama-3.1-70B-Instruct,fp8_dynamic,mmlu_cot,86.0,-0.5,-0.3385263574614366,-2.0062207707480386,1.3291680558251655,-0.34877712031558183,-0.7999999999999999,True,Meta-Llama-3.1-70B-Instruct|s2
RedHatAI/Meta-Llama-3.1-70B-Instruct-FP8-dynamic,llama-3.1,Meta-Llama-3.1-70B-Instruct,fp8_dynamic,arc_challenge,93.3,0.2,0.07838101545021409,-1.589313397836388,1.746075428736816,-0.34877712031558183,-0.4465671641791045,True,Meta-Llama-3.1-70B-Instruct|s2
RedHatAI/Meta-Llama-3.1-70B-Instruct-FP8-dynamic,llama-3.1,Meta-Llama-3.1-70B-Instruct,fp8_dynamic,gsm8k,94.9,-0.4,-0.06866949656394294,-1.736363909850545,1.5990249167226591,-0.34877712031558183,-0.5980597014925373,True,Meta-Llama-3.1-70B-Instruct|s2
RedHatAI/Meta-Llama-3.1-70B-Instruct-FP8-dynamic,llama-3.1,Meta-Llama-3.1-70B-Instruct,fp8_dynamic,hellaswag,86.8,-0.2,0.0850994480546749,-1.582594965231927,1.752793861341277,-0.34877712031558183,-0.274,True,Meta-Llama-3.1-70B-Instruct|s2
RedHatAI/Meta-Llama-3.1-70B-Instruct-FP8-dynamic,llama-3.1,Meta-Llama-3.1-70B-Instruct,fp8_dynamic,winogrande,85.3,-0.7,0.15393970218623465,-1.5137547111003675,1.8216341154728366,-0.34877712031558183,-0.18911764705882353,True,Meta-Llama-3.1-70B-Instruct|s2
RedHatAI/Meta-Llama-3.1-70B-Instruct-FP8-dynamic,llama-3.1,Meta-Llama-3.1-70B-Instruct,fp8_dynamic,truthfulqa,60.7,-0.1,0.09008029749117841,-1.5776141157954235,1.7577747107777806,-0.34877712031558183,-0.1776470588235294,True,Meta-Llama-3.1-70B-Instruct|s2
RedHatAI/Meta-Llama-3.1-70B-Instruct-FP8-dynamic,llama-3.1,Meta-Llama-3.1-70B-Instruct,fp8_dynamic,mmlu_pro,48.1,-0.4,-1.2970041073830152,-2.964698520669617,0.37069030590358687,-0.34877712031558183,-1.8875,True,Meta-Llama-3.1-70B-Instruct|s2
RedHatAI/Meta-Llama-3.1-70B-Instruct-FP8-dynamic,llama-3.1,Meta-Llama-3.1-70B-Instruct,fp8_dynamic,ifeval,86.4,1.2,0.3275933561094635,-1.3401010571771386,1.9952877693960656,-0.34877712031558183,-0.062142857142857125,True,Meta-Llama-3.1-70B-Instruct|s2
RedHatAI/Meta-Llama-3.1-70B-Instruct-FP8-dynamic,llama-3.1,Meta-Llama-3.1-70B-Instruct,fp8_dynamic,bbh,55.8,-0.9,-0.3616448432875736,-2.0293392565741755,1.3060495699990284,-0.34877712031558183,-0.8200000000000001,True,Meta-Llama-3.1-70B-Instruct|s2
RedHatAI/Meta-Llama-3.1-70B-Instruct-FP8-dynamic,llama-3.1,Meta-Llama-3.1-70B-Instruct,fp8_dynamic,humaneval,79.7,0.3,0.06618130532989158,-1.6015131079567104,1.7338757186164937,-0.34877712031558183,-0.4466666666666666,True,Meta-Llama-3.1-70B-Instruct|s2
RedHatAI/Meta-Llama-3.1-70B-Instruct-FP8-dynamic,llama-3.1,Meta-Llama-3.1-70B-Instruct,fp8_dynamic,humaneval_plus,74.8,0.2,0.2414946138183206,-1.4261997994682813,1.9091890271049228,-0.34877712031558183,0.0,True,Meta-Llama-3.1-70B-Instruct|s2
RedHatAI/Meta-Llama-3.1-70B-Instruct-FP8,llama-3.1,Meta-Llama-3.1-70B-Instruct,fp8,mmlu,83.83,-0.1,-0.14107174348232146,-1.8087661567689235,1.5266226698042806,-0.34877712031558183,-0.4492753623188406,True,Meta-Llama-3.1-70B-Instruct|s2
RedHatAI/Meta-Llama-3.1-70B-Instruct-FP8,llama-3.1,Meta-Llama-3.1-70B-Instruct,fp8,mmlu_cot,86.01,-0.57,-0.4409845555488363,-2.1086789688354384,1.2267098577377658,-0.34877712031558183,-0.7999999999999999,True,Meta-Llama-3.1-70B-Instruct|s2
RedHatAI/Meta-Llama-3.1-70B-Instruct-FP8,llama-3.1,Meta-Llama-3.1-70B-Instruct,fp8,arc_challenge,93.26,-0.34,-0.024550166673394658,-1.6922445799599968,1.6431442466132073,-0.34877712031558183,-0.4465671641791045,True,Meta-Llama-3.1-70B-Instruct|s2
RedHatAI/Meta-Llama-3.1-70B-Instruct-FP8,llama-3.1,Meta-Llama-3.1-70B-Instruct,fp8,gsm8k,94.92,-0.38,-0.17105555395071437,-1.8387499672373164,1.4966388593358877,-0.34877712031558183,-0.5980597014925373,True,Meta-Llama-3.1-70B-Instruct|s2
RedHatAI/Meta-Llama-3.1-70B-Instruct-FP8,llama-3.1,Meta-Llama-3.1-70B-Instruct,fp8,hellaswag,86.75,-0.11,-0.018009192664224183,-1.6857036059508261,1.649685220622378,-0.34877712031558183,-0.274,True,Meta-Llama-3.1-70B-Instruct|s2
RedHatAI/Meta-Llama-3.1-70B-Instruct-FP8,llama-3.1,Meta-Llama-3.1-70B-Instruct,fp8,winogrande,85.32,0.63,0.051555243708414134,-1.616139169578188,1.7192496569950162,-0.34877712031558183,-0.18911764705882353,True,Meta-Llama-3.1-70B-Instruct|s2
RedHatAI/Meta-Llama-3.1-70B-Instruct-FP8,llama-3.1,Meta-Llama-3.1-70B-Instruct,fp8,truthfulqa,60.68,0.16,-0.012587613928533137,-1.680282027215135,1.655106799358069,-0.34877712031558183,-0.1776470588235294,True,Meta-Llama-3.1-70B-Instruct|s2
RedHatAI/Meta-Llama-3.1-70B-Instruct-quantized.w4a16,llama-3.1,Meta-Llama-3.1-70B-Instruct,w4a16,arena_hard,57.0,0.0,0.8901675080952838,-0.7775269051913183,2.557861921381886,-0.34877712031558183,1.3999999999999997,True,Meta-Llama-3.1-70B-Instruct|s2
RedHatAI/Meta-Llama-3.1-70B-Instruct-quantized.w4a16,llama-3.1,Meta-Llama-3.1-70B-Instruct,w4a16,mmlu,83.9,-0.3,-0.500929609747789,-2.168624023034391,1.166764803538813,-0.34877712031558183,-0.4492753623188406,True,Meta-Llama-3.1-70B-Instruct|s2
RedHatAI/Meta-Llama-3.1-70B-Instruct-quantized.w4a16,llama-3.1,Meta-Llama-3.1-70B-Instruct,w4a16,mmlu_cot,86.2,-0.6,-0.799509833696419,-2.4672042469830213,0.868184579590183,-0.34877712031558183,-0.7999999999999999,True,Meta-Llama-3.1-70B-Instruct|s2
RedHatAI/Meta-Llama-3.1-70B-Instruct-quantized.w4a16,llama-3.1,Meta-Llama-3.1-70B-Instruct,w4a16,arc_challenge,93.3,-0.5,-0.3847727008443348,-2.0524671141309367,1.2829217124422674,-0.34877712031558183,-0.4465671641791045,True,Meta-Llama-3.1-70B-Instruct|s2
RedHatAI/Meta-Llama-3.1-70B-Instruct-quantized.w4a16,llama-3.1,Meta-Llama-3.1-70B-Instruct,w4a16,gsm8k,95.4,-1.0,-0.5273500843798518,-2.195044497666454,1.1403443289067503,-0.34877712031558183,-0.5980597014925373,True,Meta-Llama-3.1-70B-Instruct|s2
RedHatAI/Meta-Llama-3.1-70B-Instruct-quantized.w4a16,llama-3.1,Meta-Llama-3.1-70B-Instruct,w4a16,hellaswag,86.7,-0.4,-0.3791380424614826,-2.046832455748085,1.2885563708251195,-0.34877712031558183,-0.274,True,Meta-Llama-3.1-70B-Instruct|s2
RedHatAI/Meta-Llama-3.1-70B-Instruct-quantized.w4a16,llama-3.1,Meta-Llama-3.1-70B-Instruct,w4a16,winogrande,85.3,0.2,-0.3092140141083141,-1.9769084273949162,1.358480399178288,-0.34877712031558183,-0.18911764705882353,True,Meta-Llama-3.1-70B-Instruct|s2
RedHatAI/Meta-Llama-3.1-70B-Instruct-quantized.w4a16,llama-3.1,Meta-Llama-3.1-70B-Instruct,w4a16,truthfulqa,60.7,-0.9,-0.3730734188033704,-2.0407678320899727,1.2946209944832316,-0.34877712031558183,-0.1776470588235294,True,Meta-Llama-3.1-70B-Instruct|s2
RedHatAI/Meta-Llama-3.1-70B-Instruct-quantized.w4a16,llama-3.1,Meta-Llama-3.1-70B-Instruct,w4a16,mmlu_pro,48.1,-0.8,-1.760157823677564,-3.427852236964166,-0.09246341039096184,-0.34877712031558183,-1.8875,True,Meta-Llama-3.1-70B-Instruct|s2
RedHatAI/Meta-Llama-3.1-70B-Instruct-quantized.w4a16,llama-3.1,Meta-Llama-3.1-70B-Instruct,w4a16,ifeval,86.4,-0.7,-0.13556036018508533,-1.8032547734716875,1.5321340531015166,-0.34877712031558183,-0.062142857142857125,True,Meta-Llama-3.1-70B-Instruct|s2
RedHatAI/Meta-Llama-3.1-70B-Instruct-quantized.w4a16,llama-3.1,Meta-Llama-3.1-70B-Instruct,w4a16,bbh,55.8,-0.8,-0.8247985595821223,-2.4924929728687246,0.8428958537044797,-0.34877712031558183,-0.8200000000000001,True,Meta-Llama-3.1-70B-Instruct|s2
RedHatAI/Meta-Llama-3.1-70B-Instruct-quantized.w4a16,llama-3.1,Meta-Llama-3.1-70B-Instruct,w4a16,humaneval,79.7,0.8,-0.3969724109646573,-2.064666824251259,1.2707220023219448,-0.34877712031558183,-0.4466666666666666,True,Meta-Llama-3.1-70B-Instruct|s2
RedHatAI/Meta-Llama-3.1-70B-Instruct-quantized.w4a16,llama-3.1,Meta-Llama-3.1-70B-Instruct,w4a16,humaneval_plus,74.8,-0.6,-0.22165910247622828,-1.8893535157628303,1.4460353108103738,-0.34877712031558183,0.0,True,Meta-Llama-3.1-70B-Instruct|s2
RedHatAI/Meta-Llama-3.1-70B-Instruct-quantized.w8a16,llama-3.1,Meta-Llama-3.1-70B-Instruct,w8a16,mmlu,83.94,-2.57,0.10656072449304976,-1.5611336887935523,1.7742551377796518,-0.34877712031558183,-0.4492753623188406,False,Meta-Llama-3.1-70B-Instruct|s2
RedHatAI/Meta-Llama-3.1-70B-Instruct-quantized.w8a16,llama-3.1,Meta-Llama-3.1-70B-Instruct,w8a16,mmlu_cot,86.23,-2.37,-0.19211049651299852,-1.8598049097996006,1.4755839167736036,-0.34877712031558183,-0.7999999999999999,False,Meta-Llama-3.1-70B-Instruct|s2
RedHatAI/Meta-Llama-3.1-70B-Instruct-quantized.w8a16,llama-3.1,Meta-Llama-3.1-70B-Instruct,w8a16,arc_challenge,93.34,-1.02,0.22266485982117667,-1.4450295534654254,1.8903592731077787,-0.34877712031558183,-0.4465671641791045,True,Meta-Llama-3.1-70B-Instruct|s2
RedHatAI/Meta-Llama-3.1-70B-Instruct-quantized.w8a16,llama-3.1,Meta-Llama-3.1-70B-Instruct,w8a16,gsm8k,95.38,-3.04,0.07954580726355953,-1.5881486060230425,1.7472402205501616,-0.34877712031558183,-0.5980597014925373,False,Meta-Llama-3.1-70B-Instruct|s2
RedHatAI/Meta-Llama-3.1-70B-Instruct-quantized.w8a16,llama-3.1,Meta-Llama-3.1-70B-Instruct,w8a16,hellaswag,86.66,-0.65,0.22750209689493417,-1.440192316391668,1.8951965101815362,-0.34877712031558183,-0.274,True,Meta-Llama-3.1-70B-Instruct|s2
RedHatAI/Meta-Llama-3.1-70B-Instruct-quantized.w8a16,llama-3.1,Meta-Llama-3.1-70B-Instruct,w8a16,winogrande,85.32,0.24,0.2980412042986422,-1.3696532089879598,1.9657356175852443,-0.34877712031558183,-0.18911764705882353,True,Meta-Llama-3.1-70B-Instruct|s2
RedHatAI/Meta-Llama-3.1-70B-Instruct-quantized.w8a16,llama-3.1,Meta-Llama-3.1-70B-Instruct,w8a16,truthfulqa,60.65,-1.26,0.2337464017229396,-1.4339480115636625,1.9014408150095417,-0.34877712031558183,-0.1776470588235294,True,Meta-Llama-3.1-70B-Instruct|s2
RedHatAI/Meta-Llama-3.1-70B-Instruct-quantized.w8a8,llama-3.1,Meta-Llama-3.1-70B-Instruct,w8a8_int,arena_hard,57.0,-0.7,1.5238009448397511,-0.14389346844685091,3.191495358126353,-0.34877712031558183,1.3999999999999997,False,Meta-Llama-3.1-70B-Instruct|s2
RedHatAI/Meta-Llama-3.1-70B-Instruct-quantized.w8a8,llama-3.1,Meta-Llama-3.1-70B-Instruct,w8a8_int,mmlu,83.9,-0.2,0.1327038269966785,-1.5349905862899236,1.8003982402832805,-0.34877712031558183,-0.4492753623188406,True,Meta-Llama-3.1-70B-Instruct|s2
RedHatAI/Meta-Llama-3.1-70B-Instruct-quantized.w8a8,llama-3.1,Meta-Llama-3.1-70B-Instruct,w8a8_int,mmlu_cot,86.2,-0.4,-0.16587639695195164,-1.8335708102385537,1.5018180163346504,-0.34877712031558183,-0.7999999999999999,True,Meta-Llama-3.1-70B-Instruct|s2
RedHatAI/Meta-Llama-3.1-70B-Instruct-quantized.w8a8,llama-3.1,Meta-Llama-3.1-70B-Instruct,w8a8_int,arc_challenge,93.3,-0.2,0.2488607359001327,-1.4188336773864694,1.9165551491867348,-0.34877712031558183,-0.4465671641791045,True,Meta-Llama-3.1-70B-Instruct|s2
RedHatAI/Meta-Llama-3.1-70B-Instruct-quantized.w8a8,llama-3.1,Meta-Llama-3.1-70B-Instruct,w8a8_int,gsm8k,95.4,-1.2,0.10628335236461572,-1.5614110609219862,1.773977765651218,-0.34877712031558183,-0.5980597014925373,True,Meta-Llama-3.1-70B-Instruct|s2
RedHatAI/Meta-Llama-3.1-70B-Instruct-quantized.w8a8,llama-3.1,Meta-Llama-3.1-70B-Instruct,w8a8_int,hellaswag,86.7,0.0,0.25449539428298495,-1.413199019003617,1.9221898075695871,-0.34877712031558183,-0.274,True,Meta-Llama-3.1-70B-Instruct|s2
RedHatAI/Meta-Llama-3.1-70B-Instruct-quantized.w8a8,llama-3.1,Meta-Llama-3.1-70B-Instruct,w8a8_int,winogrande,85.1,0.2,0.32260097736988946,-1.3450934359167126,1.9902953906564915,-0.34877712031558183,-0.18911764705882353,True,Meta-Llama-3.1-70B-Instruct|s2
RedHatAI/Meta-Llama-3.1-70B-Instruct-quantized.w8a8,llama-3.1,Meta-Llama-3.1-70B-Instruct,w8a8_int,truthfulqa,60.7,0.7,0.26056001794109707,-1.4071343953455049,1.9282544312276992,-0.34877712031558183,-0.1776470588235294,True,Meta-Llama-3.1-70B-Instruct|s2
RedHatAI/Meta-Llama-3.1-70B-Instruct-quantized.w8a8,llama-3.1,Meta-Llama-3.1-70B-Instruct,w8a8_int,mmlu_pro,48.1,-1.0,-1.1265243869330965,-2.7942188002196984,0.5411700263535055,-0.34877712031558183,-1.8875,True,Meta-Llama-3.1-70B-Instruct|s2
RedHatAI/Meta-Llama-3.1-70B-Instruct-quantized.w8a8,llama-3.1,Meta-Llama-3.1-70B-Instruct,w8a8_int,ifeval,86.4,0.2,0.49807307655938216,-1.16962133672722,2.165767489845984,-0.34877712031558183,-0.062142857142857125,True,Meta-Llama-3.1-70B-Instruct|s2
RedHatAI/Meta-Llama-3.1-70B-Instruct-quantized.w8a8,llama-3.1,Meta-Llama-3.1-70B-Instruct,w8a8_int,bbh,55.8,-0.6,-0.19116512283765494,-1.858859536124257,1.476529290448947,-0.34877712031558183,-0.8200000000000001,True,Meta-Llama-3.1-70B-Instruct|s2
RedHatAI/Meta-Llama-3.1-70B-Instruct-quantized.w8a8,llama-3.1,Meta-Llama-3.1-70B-Instruct,w8a8_int,humaneval,79.7,-1.0,0.2366610257798103,-1.4310333875067918,1.9043554390664124,-0.34877712031558183,-0.4466666666666666,True,Meta-Llama-3.1-70B-Instruct|s2
RedHatAI/Meta-Llama-3.1-70B-Instruct-quantized.w8a8,llama-3.1,Meta-Llama-3.1-70B-Instruct,w8a8_int,humaneval_plus,74.8,-0.8,0.41197433426823915,-1.255720079018363,2.079668747554841,-0.34877712031558183,0.0,True,Meta-Llama-3.1-70B-Instruct|s2
RedHatAI/Meta-Llama-3.1-70B-Instruct-FP8-dynamic,llama-3.1,Meta-Llama-3.1-70B-Instruct,fp8_dynamic,arena_hard,57.0,0.9,0.18077298691068744,-1.197312682309168,1.558858656130543,-0.38992110453648915,-0.38992110453648915,True,Meta-Llama-3.1-70B-Instruct|s3
RedHatAI/Meta-Llama-3.1-70B-Instruct-FP8-dynamic,llama-3.1,Meta-Llama-3.1-70B-Instruct,fp8_dynamic,mmlu,83.8,0.0,-0.03355881408665201,-1.4116444833065076,1.3445268551332035,-0.38992110453648915,-0.5357575757575758,True,Meta-Llama-3.1-70B-Instruct|s3
RedHatAI/Meta-Llama-3.1-70B-Instruct-FP8-dynamic,llama-3.1,Meta-Llama-3.1-70B-Instruct,fp8_dynamic,mmlu_cot,86.0,-0.5,-0.23457458026071643,-1.612660249480572,1.143511088959139,-0.38992110453648915,-0.64625,True,Meta-Llama-3.1-70B-Instruct|s3
RedHatAI/Meta-Llama-3.1-70B-Instruct-FP8-dynamic,llama-3.1,Meta-Llama-3.1-70B-Instruct,fp8_dynamic,arc_challenge,93.3,0.2,0.056984697604603674,-1.3211009716152518,1.4350703668244593,-0.38992110453648915,-0.3884848484848485,True,Meta-Llama-3.1-70B-Instruct|s3
RedHatAI/Meta-Llama-3.1-70B-Instruct-FP8-dynamic,llama-3.1,Meta-Llama-3.1-70B-Instruct,fp8_dynamic,gsm8k,94.9,-0.4,-0.2591613114080427,-1.6372469806278982,1.1189243578118129,-0.38992110453648915,-0.7792307692307692,True,Meta-Llama-3.1-70B-Instruct|s3
RedHatAI/Meta-Llama-3.1-70B-Instruct-FP8-dynamic,llama-3.1,Meta-Llama-3.1-70B-Instruct,fp8_dynamic,hellaswag,86.8,-0.2,0.22428922489086467,-1.1537964443289908,1.6023748941107203,-0.38992110453648915,-0.2317910447761194,True,Meta-Llama-3.1-70B-Instruct|s3
RedHatAI/Meta-Llama-3.1-70B-Instruct-FP8-dynamic,llama-3.1,Meta-Llama-3.1-70B-Instruct,fp8_dynamic,winogrande,85.3,-0.7,0.21052999927161875,-1.1675556699482368,1.5886156684914743,-0.38992110453648915,-0.24184615384615382,True,Meta-Llama-3.1-70B-Instruct|s3
RedHatAI/Meta-Llama-3.1-70B-Instruct-FP8-dynamic,llama-3.1,Meta-Llama-3.1-70B-Instruct,fp8_dynamic,truthfulqa,60.7,-0.1,0.33401468544403445,-1.044070983775821,1.71210035466389,-0.38992110453648915,-0.1234375,True,Meta-Llama-3.1-70B-Instruct|s3
RedHatAI/Meta-Llama-3.1-70B-Instruct-FP8-dynamic,llama-3.1,Meta-Llama-3.1-70B-Instruct,fp8_dynamic,mmlu_pro,48.1,-0.4,-1.1333567562341833,-2.511442425454039,0.24472891298567223,-0.38992110453648915,-1.875,True,Meta-Llama-3.1-70B-Instruct|s3
RedHatAI/Meta-Llama-3.1-70B-Instruct-FP8-dynamic,llama-3.1,Meta-Llama-3.1-70B-Instruct,fp8_dynamic,ifeval,86.4,1.2,0.30980743073319483,-1.0682782384866607,1.6878930999530504,-0.38992110453648915,-0.20142857142857143,True,Meta-Llama-3.1-70B-Instruct|s3
RedHatAI/Meta-Llama-3.1-70B-Instruct-FP8-dynamic,llama-3.1,Meta-Llama-3.1-70B-Instruct,fp8_dynamic,bbh,55.8,-0.9,-0.40767411555968913,-1.7857597847795446,0.9704115536601664,-0.38992110453648915,-1.04,True,Meta-Llama-3.1-70B-Instruct|s3
RedHatAI/Meta-Llama-3.1-70B-Instruct-FP8-dynamic,llama-3.1,Meta-Llama-3.1-70B-Instruct,fp8_dynamic,humaneval,79.7,0.3,0.02935309997861646,-1.348732569241239,1.407438769198472,-0.38992110453648915,-0.6063157894736841,True,Meta-Llama-3.1-70B-Instruct|s3
RedHatAI/Meta-Llama-3.1-70B-Instruct-FP8-dynamic,llama-3.1,Meta-Llama-3.1-70B-Instruct,fp8_dynamic,humaneval_plus,74.8,0.2,0.6380663654049819,-0.7400193038148737,2.016152034624837,-0.38992110453648915,0.39999999999999997,True,Meta-Llama-3.1-70B-Instruct|s3
RedHatAI/Meta-Llama-3.1-70B-Instruct-FP8,llama-3.1,Meta-Llama-3.1-70B-Instruct,fp8,mmlu,83.83,-0.1,-0.20341926087707224,-1.5815049300969277,1.1746664083427834,-0.38992110453648915,-0.5357575757575758,True,Meta-Llama-3.1-70B-Instruct|s3
RedHatAI/Meta-Llama-3.1-70B-Instruct-FP8,llama-3.1,Meta-Llama-3.1-70B-Instruct,fp8,mmlu_cot,86.01,-0.57,-0.4044348769084216,-1.7825205461282772,0.9736507923114339,-0.38992110453648915,-0.64625,True,Meta-Llama-3.1-70B-Instruct|s3
RedHatAI/Meta-Llama-3.1-70B-Instruct-FP8,llama-3.1,Meta-Llama-3.1-70B-Instruct,fp8,arc_challenge,93.26,-0.34,-0.11269747954389953,-1.490783148763755,1.265388189675956,-0.38992110453648915,-0.3884848484848485,True,Meta-Llama-3.1-70B-Instruct|s3
RedHatAI/Meta-Llama-3.1-70B-Instruct-FP8,llama-3.1,Meta-Llama-3.1-70B-Instruct,fp8,gsm8k,94.92,-0.38,-0.4291181667231246,-1.80720383594298,0.948967502496731,-0.38992110453648915,-0.7792307692307692,True,Meta-Llama-3.1-70B-Instruct|s3
RedHatAI/Meta-Llama-3.1-70B-Instruct-FP8,llama-3.1,Meta-Llama-3.1-70B-Instruct,fp8,hellaswag,86.75,-0.11,0.054457438568989824,-1.3236282306508658,1.4325431077888453,-0.38992110453648915,-0.2317910447761194,True,Meta-Llama-3.1-70B-Instruct|s3
RedHatAI/Meta-Llama-3.1-70B-Instruct-FP8,llama-3.1,Meta-Llama-3.1-70B-Instruct,fp8,winogrande,85.32,0.63,0.040632654544453195,-1.3374530146754022,1.4187183237643088,-0.38992110453648915,-0.24184615384615382,True,Meta-Llama-3.1-70B-Instruct|s3
RedHatAI/Meta-Llama-3.1-70B-Instruct-FP8,llama-3.1,Meta-Llama-3.1-70B-Instruct,fp8,truthfulqa,60.68,0.16,0.1641385623459084,-1.2139471068739471,1.542224231565764,-0.38992110453648915,-0.1234375,True,Meta-Llama-3.1-70B-Instruct|s3
RedHatAI/Meta-Llama-3.1-70B-Instruct-quantized.w4a16,llama-3.1,Meta-Llama-3.1-70B-Instruct,w4a16,arena_hard,57.0,0.0,-0.30981346664999365,-1.6878991358698492,1.0682722025698619,-0.38992110453648915,-0.38992110453648915,True,Meta-Llama-3.1-70B-Instruct|s3
RedHatAI/Meta-Llama-3.1-70B-Instruct-quantized.w4a16,llama-3.1,Meta-Llama-3.1-70B-Instruct,w4a16,mmlu,83.9,-0.3,-0.5241557432233925,-1.902241412443248,0.853929925996463,-0.38992110453648915,-0.5357575757575758,True,Meta-Llama-3.1-70B-Instruct|s3
RedHatAI/Meta-Llama-3.1-70B-Instruct-quantized.w4a16,llama-3.1,Meta-Llama-3.1-70B-Instruct,w4a16,mmlu_cot,86.2,-0.6,-0.7252208647443268,-2.103306533964182,0.6528648044755287,-0.38992110453648915,-0.64625,True,Meta-Llama-3.1-70B-Instruct|s3
RedHatAI/Meta-Llama-3.1-70B-Instruct-quantized.w4a16,llama-3.1,Meta-Llama-3.1-70B-Instruct,w4a16,arc_challenge,93.3,-0.5,-0.43360175595607753,-1.8116874251759332,0.944483913263778,-0.38992110453648915,-0.3884848484848485,True,Meta-Llama-3.1-70B-Instruct|s3
RedHatAI/Meta-Llama-3.1-70B-Instruct-quantized.w4a16,llama-3.1,Meta-Llama-3.1-70B-Instruct,w4a16,gsm8k,95.4,-1.0,-0.7523133118069608,-2.1303989810268162,0.6257723574128947,-0.38992110453648915,-0.7792307692307692,True,Meta-Llama-3.1-70B-Instruct|s3
RedHatAI/Meta-Llama-3.1-70B-Instruct-quantized.w4a16,llama-3.1,Meta-Llama-3.1-70B-Instruct,w4a16,hellaswag,86.7,-0.4,-0.2662462751241327,-1.644331944343988,1.111839394095723,-0.38992110453648915,-0.2317910447761194,True,Meta-Llama-3.1-70B-Instruct|s3
RedHatAI/Meta-Llama-3.1-70B-Instruct-quantized.w4a16,llama-3.1,Meta-Llama-3.1-70B-Instruct,w4a16,winogrande,85.3,0.2,-0.28005645428906234,-1.658142123508918,1.098029214930793,-0.38992110453648915,-0.24184615384615382,True,Meta-Llama-3.1-70B-Instruct|s3
RedHatAI/Meta-Llama-3.1-70B-Instruct-quantized.w4a16,llama-3.1,Meta-Llama-3.1-70B-Instruct,w4a16,truthfulqa,60.7,-0.9,-0.15657176811664678,-1.5346574373365023,1.2215139011032088,-0.38992110453648915,-0.1234375,True,Meta-Llama-3.1-70B-Instruct|s3
RedHatAI/Meta-Llama-3.1-70B-Instruct-quantized.w4a16,llama-3.1,Meta-Llama-3.1-70B-Instruct,w4a16,mmlu_pro,48.1,-0.8,-1.6239432097948645,-3.00202887901472,-0.24585754057500897,-0.38992110453648915,-1.875,True,Meta-Llama-3.1-70B-Instruct|s3
RedHatAI/Meta-Llama-3.1-70B-Instruct-quantized.w4a16,llama-3.1,Meta-Llama-3.1-70B-Instruct,w4a16,ifeval,86.4,-0.7,-0.18077902282748629,-1.558864692047342,1.1973066463923692,-0.38992110453648915,-0.20142857142857143,True,Meta-Llama-3.1-70B-Instruct|s3
RedHatAI/Meta-Llama-3.1-70B-Instruct-quantized.w4a16,llama-3.1,Meta-Llama-3.1-70B-Instruct,w4a16,bbh,55.8,-0.8,-0.8982605691203704,-2.276346238340226,0.4798251000994851,-0.38992110453648915,-1.04,True,Meta-Llama-3.1-70B-Instruct|s3
RedHatAI/Meta-Llama-3.1-70B-Instruct-quantized.w4a16,llama-3.1,Meta-Llama-3.1-70B-Instruct,w4a16,humaneval,79.7,0.8,-0.4612333535820647,-1.8393190228019203,0.9168523156377908,-0.38992110453648915,-0.6063157894736841,True,Meta-Llama-3.1-70B-Instruct|s3
RedHatAI/Meta-Llama-3.1-70B-Instruct-quantized.w4a16,llama-3.1,Meta-Llama-3.1-70B-Instruct,w4a16,humaneval_plus,74.8,-0.6,0.14747991184430054,-1.2306057573755549,1.5255655810641562,-0.38992110453648915,0.39999999999999997,True,Meta-Llama-3.1-70B-Instruct|s3
RedHatAI/Meta-Llama-3.1-70B-Instruct-quantized.w8a16,llama-3.1,Meta-Llama-3.1-70B-Instruct,w8a16,mmlu,83.94,-2.57,0.13849824044320125,-1.2395874287766544,1.5165839096630567,-0.38992110453648915,-0.5357575757575758,False,Meta-Llama-3.1-70B-Instruct|s3
RedHatAI/Meta-Llama-3.1-70B-Instruct-quantized.w8a16,llama-3.1,Meta-Llama-3.1-70B-Instruct,w8a16,mmlu_cot,86.23,-2.37,-0.0625717464914246,-1.4406574157112801,1.315513922728431,-0.38992110453648915,-0.64625,False,Meta-Llama-3.1-70B-Instruct|s3
RedHatAI/Meta-Llama-3.1-70B-Instruct-quantized.w8a16,llama-3.1,Meta-Llama-3.1-70B-Instruct,w8a16,arc_challenge,93.34,-1.02,0.22888069025105695,-1.1492049789687986,1.6069663594709125,-0.38992110453648915,-0.3884848484848485,True,Meta-Llama-3.1-70B-Instruct|s3
RedHatAI/Meta-Llama-3.1-70B-Instruct-quantized.w8a16,llama-3.1,Meta-Llama-3.1-70B-Instruct,w8a16,gsm8k,95.38,-3.04,-0.0895489909258314,-1.4676346601456869,1.2885366782940242,-0.38992110453648915,-0.7792307692307692,False,Meta-Llama-3.1-70B-Instruct|s3
RedHatAI/Meta-Llama-3.1-70B-Instruct-quantized.w8a16,llama-3.1,Meta-Llama-3.1-70B-Instruct,w8a16,hellaswag,86.66,-0.65,0.396432226121598,-0.9816534430982575,1.7745178953414535,-0.38992110453648915,-0.2317910447761194,True,Meta-Llama-3.1-70B-Instruct|s3
RedHatAI/Meta-Llama-3.1-70B-Instruct-quantized.w8a16,llama-3.1,Meta-Llama-3.1-70B-Instruct,w8a16,winogrande,85.32,0.24,0.38256199780686195,-0.9955236714129936,1.7606476670267175,-0.38992110453648915,-0.24184615384615382,True,Meta-Llama-3.1-70B-Instruct|s3
RedHatAI/Meta-Llama-3.1-70B-Instruct-quantized.w8a16,llama-3.1,Meta-Llama-3.1-70B-Instruct,w8a16,truthfulqa,60.65,-1.26,0.5060397232428728,-0.8720459459769827,1.8841253924627284,-0.38992110453648915,-0.1234375,False,Meta-Llama-3.1-70B-Instruct|s3
RedHatAI/Meta-Llama-3.1-70B-Instruct-quantized.w8a8,llama-3.1,Meta-Llama-3.1-70B-Instruct,w8a8_int,arena_hard,57.0,-0.7,0.37748402492892685,-1.0006016442909287,1.7555696941487824,-0.38992110453648915,-0.38992110453648915,True,Meta-Llama-3.1-70B-Instruct|s3
RedHatAI/Meta-Llama-3.1-70B-Instruct-quantized.w8a8,llama-3.1,Meta-Llama-3.1-70B-Instruct,w8a8_int,mmlu,83.9,-0.2,0.16314174835552797,-1.2149439208643276,1.5412274175753835,-0.38992110453648915,-0.5357575757575758,True,Meta-Llama-3.1-70B-Instruct|s3
RedHatAI/Meta-Llama-3.1-70B-Instruct-quantized.w8a8,llama-3.1,Meta-Llama-3.1-70B-Instruct,w8a8_int,mmlu_cot,86.2,-0.4,-0.03792337316540623,-1.4160090423852618,1.3401622960544493,-0.38992110453648915,-0.64625,True,Meta-Llama-3.1-70B-Instruct|s3
RedHatAI/Meta-Llama-3.1-70B-Instruct-quantized.w8a8,llama-3.1,Meta-Llama-3.1-70B-Instruct,w8a8_int,arc_challenge,93.3,-0.2,0.2536957356228431,-1.1243899335970124,1.6317814048426986,-0.38992110453648915,-0.3884848484848485,True,Meta-Llama-3.1-70B-Instruct|s3
RedHatAI/Meta-Llama-3.1-70B-Instruct-quantized.w8a8,llama-3.1,Meta-Llama-3.1-70B-Instruct,w8a8_int,gsm8k,95.4,-1.2,-0.06501582022804031,-1.443101489447896,1.3130698489918151,-0.38992110453648915,-0.7792307692307692,True,Meta-Llama-3.1-70B-Instruct|s3
RedHatAI/Meta-Llama-3.1-70B-Instruct-quantized.w8a8,llama-3.1,Meta-Llama-3.1-70B-Instruct,w8a8_int,hellaswag,86.7,0.0,0.4210512164547878,-0.9570344527650677,1.7991368856746432,-0.38992110453648915,-0.2317910447761194,True,Meta-Llama-3.1-70B-Instruct|s3
RedHatAI/Meta-Llama-3.1-70B-Instruct-quantized.w8a8,llama-3.1,Meta-Llama-3.1-70B-Instruct,w8a8_int,winogrande,85.1,0.2,0.4076364705674429,-0.9704491986524126,1.7857221397872984,-0.38992110453648915,-0.24184615384615382,True,Meta-Llama-3.1-70B-Instruct|s3
RedHatAI/Meta-Llama-3.1-70B-Instruct-quantized.w8a8,llama-3.1,Meta-Llama-3.1-70B-Instruct,w8a8_int,truthfulqa,60.7,0.7,0.5307257234622738,-0.8473599457575818,1.9088113926821293,-0.38992110453648915,-0.1234375,True,Meta-Llama-3.1-70B-Instruct|s3
RedHatAI/Meta-Llama-3.1-70B-Instruct-quantized.w8a8,llama-3.1,Meta-Llama-3.1-70B-Instruct,w8a8_int,mmlu_pro,48.1,-1.0,-0.9366457182159437,-2.314731387435799,0.44143995100391187,-0.38992110453648915,-1.875,True,Meta-Llama-3.1-70B-Instruct|s3
RedHatAI/Meta-Llama-3.1-70B-Instruct-quantized.w8a8,llama-3.1,Meta-Llama-3.1-70B-Instruct,w8a8_int,ifeval,86.4,0.2,0.5065184687514342,-0.8715672004684213,1.88460413797129,-0.38992110453648915,-0.20142857142857143,True,Meta-Llama-3.1-70B-Instruct|s3
RedHatAI/Meta-Llama-3.1-70B-Instruct-quantized.w8a8,llama-3.1,Meta-Llama-3.1-70B-Instruct,w8a8_int,bbh,55.8,-0.6,-0.21096307754144977,-1.5890487467613053,1.1671225916784058,-0.38992110453648915,-1.04,True,Meta-Llama-3.1-70B-Instruct|s3
RedHatAI/Meta-Llama-3.1-70B-Instruct-quantized.w8a8,llama-3.1,Meta-Llama-3.1-70B-Instruct,w8a8_int,humaneval,79.7,-1.0,0.22606413799685587,-1.1520215312229998,1.6041498072167113,-0.38992110453648915,-0.6063157894736841,True,Meta-Llama-3.1-70B-Instruct|s3
RedHatAI/Meta-Llama-3.1-70B-Instruct-quantized.w8a8,llama-3.1,Meta-Llama-3.1-70B-Instruct,w8a8_int,humaneval_plus,74.8,-0.8,0.8347774034232209,-0.5433082657966346,2.2128630726430765,-0.38992110453648915,0.39999999999999997,False,Meta-Llama-3.1-70B-Instruct|s3
RedHatAI/Meta-Llama-3.1-70B-Instruct-FP8-dynamic,llama-3.1,Meta-Llama-3.1-70B-Instruct,fp8_dynamic,arena_hard,57.0,0.9,-0.020843565545917486,-1.9864481383423884,1.9447610072505532,-0.35944954128440365,-0.03333333333333336,True,Meta-Llama-3.1-70B-Instruct|s4
RedHatAI/Meta-Llama-3.1-70B-Instruct-FP8-dynamic,llama-3.1,Meta-Llama-3.1-70B-Instruct,fp8_dynamic,mmlu,83.8,0.0,-0.25303138788263796,-2.2186359606791086,1.7125731849138328,-0.35944954128440365,-0.5140298507462686,True,Meta-Llama-3.1-70B-Instruct|s4
RedHatAI/Meta-Llama-3.1-70B-Instruct-FP8-dynamic,llama-3.1,Meta-Llama-3.1-70B-Instruct,fp8_dynamic,mmlu_cot,86.0,-0.5,-0.2723241539046436,-2.2379287267011145,1.6932804188918271,-0.35944954128440365,-0.385,True,Meta-Llama-3.1-70B-Instruct|s4
RedHatAI/Meta-Llama-3.1-70B-Instruct-FP8-dynamic,llama-3.1,Meta-Llama-3.1-70B-Instruct,fp8_dynamic,arc_challenge,93.3,0.2,-0.08592724192737905,-2.05153181472385,1.8796773308690917,-0.35944954128440365,-0.35815384615384616,True,Meta-Llama-3.1-70B-Instruct|s4
RedHatAI/Meta-Llama-3.1-70B-Instruct-FP8-dynamic,llama-3.1,Meta-Llama-3.1-70B-Instruct,fp8_dynamic,gsm8k,94.9,-0.4,-0.315042556900564,-2.280647129697035,1.650562015895907,-0.35944954128440365,-0.6269230769230769,True,Meta-Llama-3.1-70B-Instruct|s4
RedHatAI/Meta-Llama-3.1-70B-Instruct-FP8-dynamic,llama-3.1,Meta-Llama-3.1-70B-Instruct,fp8_dynamic,hellaswag,86.8,-0.2,-0.0309712889901973,-1.9965758617866682,1.9346332838062734,-0.35944954128440365,-0.2508695652173913,True,Meta-Llama-3.1-70B-Instruct|s4
RedHatAI/Meta-Llama-3.1-70B-Instruct-FP8-dynamic,llama-3.1,Meta-Llama-3.1-70B-Instruct,fp8_dynamic,winogrande,85.3,-0.7,0.0164300927601716,-1.9491744800362993,1.9820346655566423,-0.35944954128440365,-0.1960294117647059,True,Meta-Llama-3.1-70B-Instruct|s4
RedHatAI/Meta-Llama-3.1-70B-Instruct-FP8-dynamic,llama-3.1,Meta-Llama-3.1-70B-Instruct,fp8_dynamic,truthfulqa,60.7,-0.1,-0.03388571972648485,-1.9994902925229556,1.931718853069986,-0.35944954128440365,-0.2280597014925373,True,Meta-Llama-3.1-70B-Instruct|s4
RedHatAI/Meta-Llama-3.1-70B-Instruct-FP8-dynamic,llama-3.1,Meta-Llama-3.1-70B-Instruct,fp8_dynamic,mmlu_pro,48.1,-0.4,-0.6284079073231399,-2.594012480119611,1.337196665473331,-0.35944954128440365,-0.9636363636363637,True,Meta-Llama-3.1-70B-Instruct|s4
RedHatAI/Meta-Llama-3.1-70B-Instruct-FP8-dynamic,llama-3.1,Meta-Llama-3.1-70B-Instruct,fp8_dynamic,ifeval,86.4,1.2,-0.017996356928948687,-1.9836009297254196,1.947608215867522,-0.35944954128440365,-0.3068421052631579,True,Meta-Llama-3.1-70B-Instruct|s4
RedHatAI/Meta-Llama-3.1-70B-Instruct-FP8-dynamic,llama-3.1,Meta-Llama-3.1-70B-Instruct,fp8_dynamic,bbh,55.8,-0.9,-0.39047933326450696,-2.3560839060609777,1.575125239531964,-0.35944954128440365,-0.6947619047619048,True,Meta-Llama-3.1-70B-Instruct|s4
RedHatAI/Meta-Llama-3.1-70B-Instruct-FP8-dynamic,llama-3.1,Meta-Llama-3.1-70B-Instruct,fp8_dynamic,humaneval,79.7,0.3,0.00813669720957727,-1.9574678755868935,1.9737412700060482,-0.35944954128440365,-0.28458333333333335,True,Meta-Llama-3.1-70B-Instruct|s4
RedHatAI/Meta-Llama-3.1-70B-Instruct-FP8-dynamic,llama-3.1,Meta-Llama-3.1-70B-Instruct,fp8_dynamic,humaneval_plus,74.8,0.2,0.15048728970653863,-1.8151172830899323,2.1160918625030094,-0.35944954128440365,0.05833333333333333,True,Meta-Llama-3.1-70B-Instruct|s4
RedHatAI/Meta-Llama-3.1-70B-Instruct-FP8,llama-3.1,Meta-Llama-3.1-70B-Instruct,fp8,mmlu,83.83,-0.1,-0.41578173742571534,-2.381386310222186,1.5498228353707555,-0.35944954128440365,-0.5140298507462686,True,Meta-Llama-3.1-70B-Instruct|s4
RedHatAI/Meta-Llama-3.1-70B-Instruct-FP8,llama-3.1,Meta-Llama-3.1-70B-Instruct,fp8,mmlu_cot,86.01,-0.57,-0.43515871809300594,-2.400763290889477,1.530445854703465,-0.35944954128440365,-0.385,True,Meta-Llama-3.1-70B-Instruct|s4
RedHatAI/Meta-Llama-3.1-70B-Instruct-FP8,llama-3.1,Meta-Llama-3.1-70B-Instruct,fp8,arc_challenge,93.26,-0.34,-0.24889841054530426,-2.214502983341775,1.7167061622511666,-0.35944954128440365,-0.35815384615384616,True,Meta-Llama-3.1-70B-Instruct|s4
RedHatAI/Meta-Llama-3.1-70B-Instruct-FP8,llama-3.1,Meta-Llama-3.1-70B-Instruct,fp8,gsm8k,94.92,-0.38,-0.4778822680593022,-2.443486840855773,1.4877223047371686,-0.35944954128440365,-0.6269230769230769,True,Meta-Llama-3.1-70B-Instruct|s4
RedHatAI/Meta-Llama-3.1-70B-Instruct-FP8,llama-3.1,Meta-Llama-3.1-70B-Instruct,fp8,hellaswag,86.75,-0.11,-0.19407906573511305,-2.159683638531584,1.7715255070613578,-0.35944954128440365,-0.2508695652173913,True,Meta-Llama-3.1-70B-Instruct|s4
RedHatAI/Meta-Llama-3.1-70B-Instruct-FP8,llama-3.1,Meta-Llama-3.1-70B-Instruct,fp8,winogrande,85.32,0.63,-0.14639265829406228,-2.111997231090533,1.8192119145024086,-0.35944954128440365,-0.1960294117647059,True,Meta-Llama-3.1-70B-Instruct|s4
RedHatAI/Meta-Llama-3.1-70B-Instruct-FP8,llama-3.1,Meta-Llama-3.1-70B-Instruct,fp8,truthfulqa,60.68,0.16,-0.1967810884954117,-2.1623856612918826,1.768823484301059,-0.35944954128440365,-0.2280597014925373,True,Meta-Llama-3.1-70B-Instruct|s4
RedHatAI/Meta-Llama-3.1-70B-Instruct-quantized.w4a16,llama-3.1,Meta-Llama-3.1-70B-Instruct,w4a16,arena_hard,57.0,0.0,-0.25739665884194013,-2.223001231638411,1.7082079139545308,-0.35944954128440365,-0.03333333333333336,True,Meta-Llama-3.1-70B-Instruct|s4
RedHatAI/Meta-Llama-3.1-70B-Instruct-quantized.w4a16,llama-3.1,Meta-Llama-3.1-70B-Instruct,w4a16,mmlu,83.9,-0.3,-0.4891501069080096,-2.4547546797044806,1.4764544658884613,-0.35944954128440365,-0.5140298507462686,True,Meta-Llama-3.1-70B-Instruct|s4
RedHatAI/Meta-Llama-3.1-70B-Instruct-quantized.w4a16,llama-3.1,Meta-Llama-3.1-70B-Instruct,w4a16,mmlu_cot,86.2,-0.6,-0.5079556701891557,-2.4735602429856263,1.4576489026073152,-0.35944954128440365,-0.385,True,Meta-Llama-3.1-70B-Instruct|s4
RedHatAI/Meta-Llama-3.1-70B-Instruct-quantized.w4a16,llama-3.1,Meta-Llama-3.1-70B-Instruct,w4a16,arc_challenge,93.3,-0.5,-0.32248033522340175,-2.2880849080198726,1.643124237573069,-0.35944954128440365,-0.35815384615384616,True,Meta-Llama-3.1-70B-Instruct|s4
RedHatAI/Meta-Llama-3.1-70B-Instruct-quantized.w4a16,llama-3.1,Meta-Llama-3.1-70B-Instruct,w4a16,gsm8k,95.4,-1.0,-0.5506240706048435,-2.5162286434013144,1.4149805021916273,-0.35944954128440365,-0.6269230769230769,True,Meta-Llama-3.1-70B-Instruct|s4
RedHatAI/Meta-Llama-3.1-70B-Instruct-quantized.w4a16,llama-3.1,Meta-Llama-3.1-70B-Instruct,w4a16,hellaswag,86.7,-0.4,-0.2679786088693683,-2.233583181665839,1.6976259639271025,-0.35944954128440365,-0.2508695652173913,True,Meta-Llama-3.1-70B-Instruct|s4
RedHatAI/Meta-Llama-3.1-70B-Instruct-quantized.w4a16,llama-3.1,Meta-Llama-3.1-70B-Instruct,w4a16,winogrande,85.3,0.2,-0.2201230005358511,-2.185727573332322,1.7454815722606196,-0.35944954128440365,-0.1960294117647059,True,Meta-Llama-3.1-70B-Instruct|s4
RedHatAI/Meta-Llama-3.1-70B-Instruct-quantized.w4a16,llama-3.1,Meta-Llama-3.1-70B-Instruct,w4a16,truthfulqa,60.7,-0.9,-0.2704388130225075,-2.236043385818978,1.6951657597739633,-0.35944954128440365,-0.2280597014925373,True,Meta-Llama-3.1-70B-Instruct|s4
RedHatAI/Meta-Llama-3.1-70B-Instruct-quantized.w4a16,llama-3.1,Meta-Llama-3.1-70B-Instruct,w4a16,mmlu_pro,48.1,-0.8,-0.8649610006191626,-2.830565573415633,1.1006435721773082,-0.35944954128440365,-0.9636363636363637,True,Meta-Llama-3.1-70B-Instruct|s4
RedHatAI/Meta-Llama-3.1-70B-Instruct-quantized.w4a16,llama-3.1,Meta-Llama-3.1-70B-Instruct,w4a16,ifeval,86.4,-0.7,-0.2545494502249714,-2.220154023021442,1.7110551225714994,-0.35944954128440365,-0.3068421052631579,True,Meta-Llama-3.1-70B-Instruct|s4
RedHatAI/Meta-Llama-3.1-70B-Instruct-quantized.w4a16,llama-3.1,Meta-Llama-3.1-70B-Instruct,w4a16,bbh,55.8,-0.8,-0.6270324265605298,-2.5926369993570004,1.338572146235941,-0.35944954128440365,-0.6947619047619048,True,Meta-Llama-3.1-70B-Instruct|s4
RedHatAI/Meta-Llama-3.1-70B-Instruct-quantized.w4a16,llama-3.1,Meta-Llama-3.1-70B-Instruct,w4a16,humaneval,79.7,0.8,-0.22841639608644537,-2.194020968882916,1.7371881767100255,-0.35944954128440365,-0.28458333333333335,True,Meta-Llama-3.1-70B-Instruct|s4
RedHatAI/Meta-Llama-3.1-70B-Instruct-quantized.w4a16,llama-3.1,Meta-Llama-3.1-70B-Instruct,w4a16,humaneval_plus,74.8,-0.6,-0.08606580358948396,-2.051670376385955,1.879538769206987,-0.35944954128440365,0.05833333333333333,True,Meta-Llama-3.1-70B-Instruct|s4
RedHatAI/Meta-Llama-3.1-70B-Instruct-quantized.w8a16,llama-3.1,Meta-Llama-3.1-70B-Instruct,w8a16,mmlu,83.94,-2.57,-0.0033051281660964604,-1.9689097009625673,1.9622994446303743,-0.35944954128440365,-0.5140298507462686,False,Meta-Llama-3.1-70B-Instruct|s4
RedHatAI/Meta-Llama-3.1-70B-Instruct-quantized.w8a16,llama-3.1,Meta-Llama-3.1-70B-Instruct,w8a16,mmlu_cot,86.23,-2.37,-0.022146151161326566,-1.9877507239577974,1.9434584216351443,-0.35944954128440365,-0.385,False,Meta-Llama-3.1-70B-Instruct|s4
RedHatAI/Meta-Llama-3.1-70B-Instruct-quantized.w8a16,llama-3.1,Meta-Llama-3.1-70B-Instruct,w8a16,arc_challenge,93.34,-1.02,0.16328081823491908,-1.8023237545615518,2.12888539103139,-0.35944954128440365,-0.35815384615384616,True,Meta-Llama-3.1-70B-Instruct|s4
RedHatAI/Meta-Llama-3.1-70B-Instruct-quantized.w8a16,llama-3.1,Meta-Llama-3.1-70B-Instruct,w8a16,gsm8k,95.38,-3.04,-0.06498995716275036,-2.030594529959221,1.9006146156337205,-0.35944954128440365,-0.6269230769230769,False,Meta-Llama-3.1-70B-Instruct|s4
RedHatAI/Meta-Llama-3.1-70B-Instruct-quantized.w8a16,llama-3.1,Meta-Llama-3.1-70B-Instruct,w8a16,hellaswag,86.66,-0.65,0.2175108797717656,-1.7480936930247053,2.1831154525682366,-0.35944954128440365,-0.2508695652173913,True,Meta-Llama-3.1-70B-Instruct|s4
RedHatAI/Meta-Llama-3.1-70B-Instruct-quantized.w8a16,llama-3.1,Meta-Llama-3.1-70B-Instruct,w8a16,winogrande,85.32,0.24,0.2656056745638206,-1.6999988982326502,2.2312102473602913,-0.35944954128440365,-0.1960294117647059,True,Meta-Llama-3.1-70B-Instruct|s4
RedHatAI/Meta-Llama-3.1-70B-Instruct-quantized.w8a16,llama-3.1,Meta-Llama-3.1-70B-Instruct,w8a16,truthfulqa,60.65,-1.26,0.21519506392588855,-1.7504095088705822,2.180799636722359,-0.35944954128440365,-0.2280597014925373,True,Meta-Llama-3.1-70B-Instruct|s4
RedHatAI/Meta-Llama-3.1-70B-Instruct-quantized.w8a8,llama-3.1,Meta-Llama-3.1-70B-Instruct,w8a8_int,arena_hard,57.0,-0.7,0.09752995611928017,-1.8680746166771907,2.063134528915751,-0.35944954128440365,-0.03333333333333336,True,Meta-Llama-3.1-70B-Instruct|s4
RedHatAI/Meta-Llama-3.1-70B-Instruct-quantized.w8a8,llama-3.1,Meta-Llama-3.1-70B-Instruct,w8a8_int,mmlu,83.9,-0.2,-0.13422349194678923,-2.09982806474326,1.8313810808496815,-0.35944954128440365,-0.5140298507462686,True,Meta-Llama-3.1-70B-Instruct|s4
RedHatAI/Meta-Llama-3.1-70B-Instruct-quantized.w8a8,llama-3.1,Meta-Llama-3.1-70B-Instruct,w8a8_int,mmlu_cot,86.2,-0.4,-0.15302905522793522,-2.1186336280244062,1.8125755175685356,-0.35944954128440365,-0.385,True,Meta-Llama-3.1-70B-Instruct|s4
RedHatAI/Meta-Llama-3.1-70B-Instruct-quantized.w8a8,llama-3.1,Meta-Llama-3.1-70B-Instruct,w8a8_int,arc_challenge,93.3,-0.2,0.03244627973781855,-1.9331582930586522,1.9980508525342895,-0.35944954128440365,-0.35815384615384616,True,Meta-Llama-3.1-70B-Instruct|s4
RedHatAI/Meta-Llama-3.1-70B-Instruct-quantized.w8a8,llama-3.1,Meta-Llama-3.1-70B-Instruct,w8a8_int,gsm8k,95.4,-1.2,-0.19569745564362312,-2.161302028440094,1.7699071171528478,-0.35944954128440365,-0.6269230769230769,True,Meta-Llama-3.1-70B-Instruct|s4
RedHatAI/Meta-Llama-3.1-70B-Instruct-quantized.w8a8,llama-3.1,Meta-Llama-3.1-70B-Instruct,w8a8_int,hellaswag,86.7,0.0,0.08694800609185199,-1.878656566704619,2.052552578888323,-0.35944954128440365,-0.2508695652173913,True,Meta-Llama-3.1-70B-Instruct|s4
RedHatAI/Meta-Llama-3.1-70B-Instruct-quantized.w8a8,llama-3.1,Meta-Llama-3.1-70B-Instruct,w8a8_int,winogrande,85.1,0.2,0.13422632985552724,-1.8313782429409435,2.099830902651998,-0.35944954128440365,-0.1960294117647059,True,Meta-Llama-3.1-70B-Instruct|s4
RedHatAI/Meta-Llama-3.1-70B-Instruct-quantized.w8a8,llama-3.1,Meta-Llama-3.1-70B-Instruct,w8a8_int,truthfulqa,60.7,0.7,0.0844878019387128,-1.881116770857758,2.0500923747351836,-0.35944954128440365,-0.2280597014925373,True,Meta-Llama-3.1-70B-Instruct|s4
RedHatAI/Meta-Llama-3.1-70B-Instruct-quantized.w8a8,llama-3.1,Meta-Llama-3.1-70B-Instruct,w8a8_int,mmlu_pro,48.1,-1.0,-0.5100343856579421,-2.4756389584544127,1.4555701871385287,-0.35944954128440365,-0.9636363636363637,True,Meta-Llama-3.1-70B-Instruct|s4
RedHatAI/Meta-Llama-3.1-70B-Instruct-quantized.w8a8,llama-3.1,Meta-Llama-3.1-70B-Instruct,w8a8_int,ifeval,86.4,0.2,0.10037716473624897,-1.8652274080602218,2.0659817375327196,-0.35944954128440365,-0.3068421052631579,True,Meta-Llama-3.1-70B-Instruct|s4
RedHatAI/Meta-Llama-3.1-70B-Instruct-quantized.w8a8,llama-3.1,Meta-Llama-3.1-70B-Instruct,w8a8_int,bbh,55.8,-0.6,-0.27210581159930924,-2.23771038439578,1.6934987611971617,-0.35944954128440365,-0.6947619047619048,True,Meta-Llama-3.1-70B-Instruct|s4
RedHatAI/Meta-Llama-3.1-70B-Instruct-quantized.w8a8,llama-3.1,Meta-Llama-3.1-70B-Instruct,w8a8_int,humaneval,79.7,-1.0,0.12651021887477487,-1.839094353921696,2.0921147916712455,-0.35944954128440365,-0.28458333333333335,True,Meta-Llama-3.1-70B-Instruct|s4
RedHatAI/Meta-Llama-3.1-70B-Instruct-quantized.w8a8,llama-3.1,Meta-Llama-3.1-70B-Instruct,w8a8_int,humaneval_plus,74.8,-0.8,0.2688608113717363,-1.6967437614247345,2.234465384168207,-0.35944954128440365,0.05833333333333333,True,Meta-Llama-3.1-70B-Instruct|s4
RedHatAI/Meta-Llama-3.1-8B-FP8,llama-3.1,Meta-Llama-3.1-8B,fp8,mmlu,65.19,-0.18,-0.4035258275407667,-1.8544228973159655,1.0473712422344321,-0.32971066907775765,-0.4757142857142857,True,Meta-Llama-3.1-8B|s0
RedHatAI/Meta-Llama-3.1-8B-FP8,llama-3.1,Meta-Llama-3.1-8B,fp8,arc_challenge,78.84,-1.11,-0.25075264844133793,-1.7016497182165367,1.200144421333861,-0.32971066907775765,-0.36,True,Meta-Llama-3.1-8B|s0
RedHatAI/Meta-Llama-3.1-8B-FP8,llama-3.1,Meta-Llama-3.1-8B,fp8,gsm8k,50.34,-1.52,-0.313528960809493,-1.764426030584692,1.1373681089657057,-0.32971066907775765,-0.37515624999999997,True,Meta-Llama-3.1-8B|s0
RedHatAI/Meta-Llama-3.1-8B-FP8,llama-3.1,Meta-Llama-3.1-8B,fp8,hellaswag,82.33,-0.37,-0.1088773858992772,-1.559774455674476,1.3420196838759217,-0.32971066907775765,-0.1765151515151515,True,Meta-Llama-3.1-8B|s0
RedHatAI/Meta-Llama-3.1-8B-FP8,llama-3.1,Meta-Llama-3.1-8B,fp8,winogrande,77.98,0.08,-0.17030821537781085,-1.6212052851530097,1.280588854397388,-0.32971066907775765,-0.2359375,True,Meta-Llama-3.1-8B|s0
RedHatAI/Meta-Llama-3.1-8B-FP8,llama-3.1,Meta-Llama-3.1-8B,fp8,truthfulqa,44.14,-0.31,-0.02559625365124918,-1.476493323426448,1.4253008161239498,-0.32971066907775765,-0.08121212121212122,True,Meta-Llama-3.1-8B|s0
RedHatAI/Meta-Llama-3.1-8B-quantized.w8a16,llama-3.1,Meta-Llama-3.1-8B,w8a16,mmlu,65.07,0.37,-0.20808956032111864,-1.6589866300963174,1.2428075094540803,-0.32971066907775765,-0.4757142857142857,True,Meta-Llama-3.1-8B|s0
RedHatAI/Meta-Llama-3.1-8B-quantized.w8a16,llama-3.1,Meta-Llama-3.1-8B,w8a16,arc_challenge,58.11,0.51,-0.09219000574881472,-1.5430870755240136,1.358707064026384,-0.32971066907775765,-0.36,True,Meta-Llama-3.1-8B|s0
RedHatAI/Meta-Llama-3.1-8B-quantized.w8a16,llama-3.1,Meta-Llama-3.1-8B,w8a16,gsm8k,50.64,-0.98,-0.11811091211906724,-1.5690079818942662,1.3327861576561315,-0.32971066907775765,-0.37515624999999997,True,Meta-Llama-3.1-8B|s0
RedHatAI/Meta-Llama-3.1-8B-quantized.w8a16,llama-3.1,Meta-Llama-3.1-8B,w8a16,hellaswag,82.3,-0.09,0.0866318447402823,-1.3642652250349165,1.5375289145154811,-0.32971066907775765,-0.1765151515151515,True,Meta-Llama-3.1-8B|s0
RedHatAI/Meta-Llama-3.1-8B-quantized.w8a16,llama-3.1,Meta-Llama-3.1-8B,w8a16,winogrande,77.9,0.16,0.025088369587258463,-1.4258087001879405,1.4759854393624572,-0.32971066907775765,-0.2359375,True,Meta-Llama-3.1-8B|s0
RedHatAI/Meta-Llama-3.1-8B-quantized.w8a16,llama-3.1,Meta-Llama-3.1-8B,w8a16,truthfulqa,44.15,-0.54,0.17003032400451001,-1.2808667457706888,1.6209273937797088,-0.32971066907775765,-0.08121212121212122,True,Meta-Llama-3.1-8B|s0
RedHatAI/Meta-Llama-3.1-8B-quantized.w8a8,llama-3.1,Meta-Llama-3.1-8B,w8a8_int,mmlu,65.07,-0.12,-0.30848231042288593,-1.7593793801980848,1.1424147593523128,-0.32971066907775765,-0.4757142857142857,True,Meta-Llama-3.1-8B|s0
RedHatAI/Meta-Llama-3.1-8B-quantized.w8a8,llama-3.1,Meta-Llama-3.1-8B,w8a8_int,arc_challenge,58.11,0.51,-0.19258275585058204,-1.6434798256257808,1.258314313924617,-0.32971066907775765,-0.36,True,Meta-Llama-3.1-8B|s0
RedHatAI/Meta-Llama-3.1-8B-quantized.w8a8,llama-3.1,Meta-Llama-3.1-8B,w8a8_int,gsm8k,50.64,-1.13,-0.21850366222083456,-1.6694007319960333,1.2323934075543643,-0.32971066907775765,-0.37515624999999997,True,Meta-Llama-3.1-8B|s0
RedHatAI/Meta-Llama-3.1-8B-quantized.w8a8,llama-3.1,Meta-Llama-3.1-8B,w8a8_int,hellaswag,82.3,-0.67,-0.013760905361484943,-1.4646579751366837,1.437136164413714,-0.32971066907775765,-0.1765151515151515,True,Meta-Llama-3.1-8B|s0
RedHatAI/Meta-Llama-3.1-8B-quantized.w8a8,llama-3.1,Meta-Llama-3.1-8B,w8a8_int,winogrande,77.9,0.32,-0.07530438051450877,-1.5262014502897077,1.37559268926069,-0.32971066907775765,-0.2359375,True,Meta-Llama-3.1-8B|s0
RedHatAI/Meta-Llama-3.1-8B-quantized.w8a8,llama-3.1,Meta-Llama-3.1-8B,w8a8_int,truthfulqa,44.15,-0.79,0.06963757390274272,-1.381259495872456,1.5205346436779417,-0.32971066907775765,-0.08121212121212122,True,Meta-Llama-3.1-8B|s0
RedHatAI/Meta-Llama-3.1-8B-FP8,llama-3.1,Meta-Llama-3.1-8B,fp8,mmlu,65.19,-0.18,-0.4820963494754537,-2.0749050101462214,1.110712311195314,-0.314149377593361,-0.4982758620689655,True,Meta-Llama-3.1-8B|s1
RedHatAI/Meta-Llama-3.1-8B-FP8,llama-3.1,Meta-Llama-3.1-8B,fp8,arc_challenge,78.84,-1.11,-0.35536766027850386,-1.9481763209492717,1.237441000392264,-0.314149377593361,-0.3535593220338983,True,Meta-Llama-3.1-8B|s1
RedHatAI/Meta-Llama-3.1-8B-FP8,llama-3.1,Meta-Llama-3.1-8B,fp8,gsm8k,50.34,-1.52,-0.2626359136439395,-1.8554445743147074,1.3301727470268283,-0.314149377593361,-0.2920689655172413,True,Meta-Llama-3.1-8B|s1
RedHatAI/Meta-Llama-3.1-8B-FP8,llama-3.1,Meta-Llama-3.1-8B,fp8,hellaswag,82.33,-0.37,-0.18755039101996668,-1.7803590516907346,1.4052582696508011,-0.314149377593361,-0.14266666666666666,True,Meta-Llama-3.1-8B|s1
RedHatAI/Meta-Llama-3.1-8B-FP8,llama-3.1,Meta-Llama-3.1-8B,fp8,winogrande,77.98,0.08,-0.14489272745204174,-1.7377013881228096,1.4479159332187261,-0.314149377593361,-0.10542372881355931,True,Meta-Llama-3.1-8B|s1
RedHatAI/Meta-Llama-3.1-8B-FP8,llama-3.1,Meta-Llama-3.1-8B,fp8,truthfulqa,44.14,-0.31,-0.16931059156307435,-1.7621192522338422,1.4234980691076935,-0.314149377593361,-0.13966101694915253,True,Meta-Llama-3.1-8B|s1
RedHatAI/Meta-Llama-3.1-8B-quantized.w8a16,llama-3.1,Meta-Llama-3.1-8B,w8a16,mmlu,65.07,0.37,-0.2049204976694632,-1.797729158340231,1.3878881630013047,-0.314149377593361,-0.4982758620689655,True,Meta-Llama-3.1-8B|s1
RedHatAI/Meta-Llama-3.1-8B-quantized.w8a16,llama-3.1,Meta-Llama-3.1-8B,w8a16,arc_challenge,58.11,0.51,-0.04707257447770585,-1.6398812351484737,1.545736086193062,-0.314149377593361,-0.3535593220338983,True,Meta-Llama-3.1-8B|s1
RedHatAI/Meta-Llama-3.1-8B-quantized.w8a16,llama-3.1,Meta-Llama-3.1-8B,w8a16,gsm8k,50.64,-0.98,0.014766759495511872,-1.578041901175256,1.6075754201662797,-0.314149377593361,-0.2920689655172413,True,Meta-Llama-3.1-8B|s1
RedHatAI/Meta-Llama-3.1-8B-quantized.w8a16,llama-3.1,Meta-Llama-3.1-8B,w8a16,hellaswag,82.3,-0.09,0.08964433793647197,-1.503164322734296,1.6824529986072398,-0.314149377593361,-0.14266666666666666,True,Meta-Llama-3.1-8B|s1
RedHatAI/Meta-Llama-3.1-8B-quantized.w8a16,llama-3.1,Meta-Llama-3.1-8B,w8a16,winogrande,77.9,0.16,0.13246405563013214,-1.4603446050406357,1.7252727163009,-0.314149377593361,-0.10542372881355931,True,Meta-Llama-3.1-8B|s1
RedHatAI/Meta-Llama-3.1-8B-quantized.w8a16,llama-3.1,Meta-Llama-3.1-8B,w8a16,truthfulqa,44.15,-0.54,0.10783609038527453,-1.4849725702854935,1.7006447510560423,-0.314149377593361,-0.13966101694915253,True,Meta-Llama-3.1-8B|s1
RedHatAI/Meta-Llama-3.1-8B-quantized.w8a8,llama-3.1,Meta-Llama-3.1-8B,w8a8_int,mmlu,65.07,-0.12,-0.4069864721386838,-1.9997951328094516,1.185822188532084,-0.314149377593361,-0.4982758620689655,True,Meta-Llama-3.1-8B|s1
RedHatAI/Meta-Llama-3.1-8B-quantized.w8a8,llama-3.1,Meta-Llama-3.1-8B,w8a8_int,arc_challenge,58.11,0.51,-0.24913854894692639,-1.8419472096176943,1.3436701117238414,-0.314149377593361,-0.3535593220338983,True,Meta-Llama-3.1-8B|s1
RedHatAI/Meta-Llama-3.1-8B-quantized.w8a8,llama-3.1,Meta-Llama-3.1-8B,w8a8_int,gsm8k,50.64,-1.13,-0.1872992149737087,-1.7801078756444766,1.4055094456970592,-0.314149377593361,-0.2920689655172413,True,Meta-Llama-3.1-8B|s1
RedHatAI/Meta-Llama-3.1-8B-quantized.w8a8,llama-3.1,Meta-Llama-3.1-8B,w8a8_int,hellaswag,82.3,-0.67,-0.11242163653274867,-1.7052302972035165,1.4803870241380193,-0.314149377593361,-0.14266666666666666,True,Meta-Llama-3.1-8B|s1
RedHatAI/Meta-Llama-3.1-8B-quantized.w8a8,llama-3.1,Meta-Llama-3.1-8B,w8a8_int,winogrande,77.9,0.32,-0.0696019188390884,-1.6624105795098563,1.5232067418316795,-0.314149377593361,-0.10542372881355931,True,Meta-Llama-3.1-8B|s1
RedHatAI/Meta-Llama-3.1-8B-quantized.w8a8,llama-3.1,Meta-Llama-3.1-8B,w8a8_int,truthfulqa,44.15,-0.79,-0.094229884083946,-1.6870385447547138,1.498578776586822,-0.314149377593361,-0.13966101694915253,True,Meta-Llama-3.1-8B|s1
RedHatAI/Meta-Llama-3.1-8B-FP8,llama-3.1,Meta-Llama-3.1-8B,fp8,mmlu,65.19,-0.18,-0.3835068886630409,-2.3156801851636586,1.5486664078375767,-0.3291970802919708,-0.44926470588235295,True,Meta-Llama-3.1-8B|s2
RedHatAI/Meta-Llama-3.1-8B-FP8,llama-3.1,Meta-Llama-3.1-8B,fp8,arc_challenge,78.84,-1.11,-0.309062691973276,-2.2412359884738935,1.6231106045273416,-0.3291970802919708,-0.44522388059701495,True,Meta-Llama-3.1-8B|s2
RedHatAI/Meta-Llama-3.1-8B-FP8,llama-3.1,Meta-Llama-3.1-8B,fp8,gsm8k,50.34,-1.52,-0.4429125534396686,-2.375085849940286,1.489260743060949,-0.3291970802919708,-0.5112307692307693,True,Meta-Llama-3.1-8B|s2
RedHatAI/Meta-Llama-3.1-8B-FP8,llama-3.1,Meta-Llama-3.1-8B,fp8,hellaswag,82.33,-0.37,-0.14971854162244355,-2.081891838123061,1.782454754878174,-0.3291970802919708,-0.2381159420289855,True,Meta-Llama-3.1-8B|s2
RedHatAI/Meta-Llama-3.1-8B-FP8,llama-3.1,Meta-Llama-3.1-8B,fp8,winogrande,77.98,0.08,-0.07644546461127838,-2.008618761111896,1.855727831889339,-0.3291970802919708,-0.14119402985074628,True,Meta-Llama-3.1-8B|s2
RedHatAI/Meta-Llama-3.1-8B-FP8,llama-3.1,Meta-Llama-3.1-8B,fp8,truthfulqa,44.14,-0.31,-0.13514045259582802,-2.0673137490964457,1.7970328439047896,-0.3291970802919708,-0.20712121212121212,True,Meta-Llama-3.1-8B|s2
RedHatAI/Meta-Llama-3.1-8B-quantized.w8a16,llama-3.1,Meta-Llama-3.1-8B,w8a16,mmlu,65.07,0.37,-0.11155293970562027,-2.0437262362062376,1.8206203567949972,-0.3291970802919708,-0.44926470588235295,True,Meta-Llama-3.1-8B|s2
RedHatAI/Meta-Llama-3.1-8B-quantized.w8a16,llama-3.1,Meta-Llama-3.1-8B,w8a16,arc_challenge,58.11,0.51,-0.09859281540054748,-2.030766111901165,1.83358048110007,-0.3291970802919708,-0.44522388059701495,True,Meta-Llama-3.1-8B|s2
RedHatAI/Meta-Llama-3.1-8B-quantized.w8a16,llama-3.1,Meta-Llama-3.1-8B,w8a16,gsm8k,50.64,-0.98,-0.17089678047036982,-2.1030700769709876,1.7612765160302477,-0.3291970802919708,-0.5112307692307693,True,Meta-Llama-3.1-8B|s2
RedHatAI/Meta-Llama-3.1-8B-quantized.w8a16,llama-3.1,Meta-Llama-3.1-8B,w8a16,hellaswag,82.3,-0.09,0.12236595176897141,-1.809807344731646,2.054539248269589,-0.3291970802919708,-0.2381159420289855,True,Meta-Llama-3.1-8B|s2
RedHatAI/Meta-Llama-3.1-8B-quantized.w8a16,llama-3.1,Meta-Llama-3.1-8B,w8a16,winogrande,77.9,0.16,0.19545218379073087,-1.7367211127098867,2.1276254802913486,-0.3291970802919708,-0.14119402985074628,True,Meta-Llama-3.1-8B|s2
RedHatAI/Meta-Llama-3.1-8B-quantized.w8a16,llama-3.1,Meta-Llama-3.1-8B,w8a16,truthfulqa,44.15,-0.54,0.1371323417347281,-1.7950409547658894,2.0693056382353454,-0.3291970802919708,-0.20712121212121212,True,Meta-Llama-3.1-8B|s2
RedHatAI/Meta-Llama-3.1-8B-quantized.w8a8,llama-3.1,Meta-Llama-3.1-8B,w8a8_int,mmlu,65.07,-0.12,-0.2584254395646166,-2.190598736065234,1.673747856936001,-0.3291970802919708,-0.44926470588235295,True,Meta-Llama-3.1-8B|s2
RedHatAI/Meta-Llama-3.1-8B-quantized.w8a8,llama-3.1,Meta-Llama-3.1-8B,w8a8_int,arc_challenge,58.11,0.51,-0.24546531525954385,-2.1776386117601616,1.6867079812410737,-0.3291970802919708,-0.44522388059701495,True,Meta-Llama-3.1-8B|s2
RedHatAI/Meta-Llama-3.1-8B-quantized.w8a8,llama-3.1,Meta-Llama-3.1-8B,w8a8_int,gsm8k,50.64,-1.13,-0.31776928032936613,-2.2499425768299837,1.6144040161712514,-0.3291970802919708,-0.5112307692307693,True,Meta-Llama-3.1-8B|s2
RedHatAI/Meta-Llama-3.1-8B-quantized.w8a8,llama-3.1,Meta-Llama-3.1-8B,w8a8_int,hellaswag,82.3,-0.67,-0.02450654809002495,-1.9566798445906426,1.9076667484105925,-0.3291970802919708,-0.2381159420289855,True,Meta-Llama-3.1-8B|s2
RedHatAI/Meta-Llama-3.1-8B-quantized.w8a8,llama-3.1,Meta-Llama-3.1-8B,w8a8_int,winogrande,77.9,0.32,0.04857968393173451,-1.883593612568883,1.980752980432352,-0.3291970802919708,-0.14119402985074628,True,Meta-Llama-3.1-8B|s2
RedHatAI/Meta-Llama-3.1-8B-quantized.w8a8,llama-3.1,Meta-Llama-3.1-8B,w8a8_int,truthfulqa,44.15,-0.79,-0.009740158124268261,-1.9419134546248857,1.9224331383763493,-0.3291970802919708,-0.20712121212121212,True,Meta-Llama-3.1-8B|s2
RedHatAI/Meta-Llama-3.1-8B-FP8,llama-3.1,Meta-Llama-3.1-8B,fp8,mmlu,65.19,-0.18,-0.43311546000279233,-1.5911680796491279,0.7249371596435431,-0.33956591639871386,-0.5082857142857142,True,Meta-Llama-3.1-8B|s3
RedHatAI/Meta-Llama-3.1-8B-FP8,llama-3.1,Meta-Llama-3.1-8B,fp8,arc_challenge,78.84,-1.11,-0.27831584540410326,-1.4363684650504387,0.8797367742422322,-0.33956591639871386,-0.35,True,Meta-Llama-3.1-8B|s3
RedHatAI/Meta-Llama-3.1-8B-FP8,llama-3.1,Meta-Llama-3.1-8B,fp8,gsm8k,50.34,-1.52,-0.4217308059157132,-1.5797834255620486,0.7363218137306222,-0.33956591639871386,-0.5333823529411765,True,Meta-Llama-3.1-8B|s3
RedHatAI/Meta-Llama-3.1-8B-FP8,llama-3.1,Meta-Llama-3.1-8B,fp8,hellaswag,82.33,-0.37,-0.14223171760038278,-1.300284337246718,1.0158209020459528,-0.33956591639871386,-0.18861111111111112,True,Meta-Llama-3.1-8B|s3
RedHatAI/Meta-Llama-3.1-8B-FP8,llama-3.1,Meta-Llama-3.1-8B,fp8,winogrande,77.98,0.08,-0.1735054090674741,-1.3315580287138096,0.9845472105788613,-0.33956591639871386,-0.226,True,Meta-Llama-3.1-8B|s3
RedHatAI/Meta-Llama-3.1-8B-FP8,llama-3.1,Meta-Llama-3.1-8B,fp8,truthfulqa,44.14,-0.31,-0.05715950605384057,-1.215212125700176,1.1008931135924949,-0.33956591639871386,-0.11485714285714287,True,Meta-Llama-3.1-8B|s3
RedHatAI/Meta-Llama-3.1-8B-quantized.w8a16,llama-3.1,Meta-Llama-3.1-8B,w8a16,mmlu,65.07,0.37,-0.2663909625699227,-1.424443582216258,0.8916616570764128,-0.33956591639871386,-0.5082857142857142,True,Meta-Llama-3.1-8B|s3
RedHatAI/Meta-Llama-3.1-8B-quantized.w8a16,llama-3.1,Meta-Llama-3.1-8B,w8a16,arc_challenge,58.11,0.51,-0.10527745205462408,-1.2633300717009595,1.0527751675917114,-0.33956591639871386,-0.35,True,Meta-Llama-3.1-8B|s3
RedHatAI/Meta-Llama-3.1-8B-quantized.w8a16,llama-3.1,Meta-Llama-3.1-8B,w8a16,gsm8k,50.64,-0.98,-0.25530894211238525,-1.4133615617587207,0.9027436775339501,-0.33956591639871386,-0.5333823529411765,True,Meta-Llama-3.1-8B|s3
RedHatAI/Meta-Llama-3.1-8B-quantized.w8a16,llama-3.1,Meta-Llama-3.1-8B,w8a16,hellaswag,82.3,-0.09,0.02446782304480477,-1.1335847966015307,1.1825204426911402,-0.33956591639871386,-0.18861111111111112,True,Meta-Llama-3.1-8B|s3
RedHatAI/Meta-Llama-3.1-8B-quantized.w8a16,llama-3.1,Meta-Llama-3.1-8B,w8a16,winogrande,77.9,0.16,-0.006771531126394059,-1.1648241507727295,1.1512810885199414,-0.33956591639871386,-0.226,True,Meta-Llama-3.1-8B|s3
RedHatAI/Meta-Llama-3.1-8B-quantized.w8a16,llama-3.1,Meta-Llama-3.1-8B,w8a16,truthfulqa,44.15,-0.54,0.10956357052937127,-1.0484890491169643,1.2676161901757066,-0.33956591639871386,-0.11485714285714287,True,Meta-Llama-3.1-8B|s3
RedHatAI/Meta-Llama-3.1-8B-quantized.w8a8,llama-3.1,Meta-Llama-3.1-8B,w8a8_int,mmlu,65.07,-0.12,-0.33415536185592476,-1.4922079815022602,0.8238972577904107,-0.33956591639871386,-0.5082857142857142,True,Meta-Llama-3.1-8B|s3
RedHatAI/Meta-Llama-3.1-8B-quantized.w8a8,llama-3.1,Meta-Llama-3.1-8B,w8a8_int,arc_challenge,58.11,0.51,-0.17304185134062625,-1.3310944709869617,0.9850107683057092,-0.33956591639871386,-0.35,True,Meta-Llama-3.1-8B|s3
RedHatAI/Meta-Llama-3.1-8B-quantized.w8a8,llama-3.1,Meta-Llama-3.1-8B,w8a8_int,gsm8k,50.64,-1.13,-0.3230733413983874,-1.481125961044723,0.834979278247948,-0.33956591639871386,-0.5333823529411765,True,Meta-Llama-3.1-8B|s3
RedHatAI/Meta-Llama-3.1-8B-quantized.w8a8,llama-3.1,Meta-Llama-3.1-8B,w8a8_int,hellaswag,82.3,-0.67,-0.043296576241197426,-1.2013491958875329,1.114756043405138,-0.33956591639871386,-0.18861111111111112,True,Meta-Llama-3.1-8B|s3
RedHatAI/Meta-Llama-3.1-8B-quantized.w8a8,llama-3.1,Meta-Llama-3.1-8B,w8a8_int,winogrande,77.9,0.32,-0.0745359304123962,-1.2325885500587317,1.0835166892339392,-0.33956591639871386,-0.226,True,Meta-Llama-3.1-8B|s3
RedHatAI/Meta-Llama-3.1-8B-quantized.w8a8,llama-3.1,Meta-Llama-3.1-8B,w8a8_int,truthfulqa,44.15,-0.79,0.041799171243369126,-1.1162534484029663,1.1998517908897046,-0.33956591639871386,-0.11485714285714287,True,Meta-Llama-3.1-8B|s3
RedHatAI/Meta-Llama-3.1-8B-FP8,llama-3.1,Meta-Llama-3.1-8B,fp8,mmlu,65.19,-0.18,-0.3517786976514514,-1.8976800586281446,1.1941226633252418,-0.36288640595903165,-0.5273846153846155,True,Meta-Llama-3.1-8B|s4
RedHatAI/Meta-Llama-3.1-8B-FP8,llama-3.1,Meta-Llama-3.1-8B,fp8,arc_challenge,78.84,-1.11,-0.23597157610456038,-1.7818729370812536,1.3099297848721327,-0.36288640595903165,-0.36134328358208956,True,Meta-Llama-3.1-8B|s4
RedHatAI/Meta-Llama-3.1-8B-FP8,llama-3.1,Meta-Llama-3.1-8B,fp8,gsm8k,50.34,-1.52,-0.3702633416609662,-1.9161647026376594,1.175638019315727,-0.36288640595903165,-0.6003076923076922,True,Meta-Llama-3.1-8B|s4
RedHatAI/Meta-Llama-3.1-8B-FP8,llama-3.1,Meta-Llama-3.1-8B,fp8,hellaswag,82.33,-0.37,-0.08110799790381196,-1.627009358880505,1.4647933630728813,-0.36288640595903165,-0.1755223880597015,True,Meta-Llama-3.1-8B|s4
RedHatAI/Meta-Llama-3.1-8B-FP8,llama-3.1,Meta-Llama-3.1-8B,fp8,winogrande,77.98,0.08,-0.07385788736897952,-1.6197592483456726,1.4720434736077137,-0.36288640595903165,-0.19153846153846152,True,Meta-Llama-3.1-8B|s4
RedHatAI/Meta-Llama-3.1-8B-FP8,llama-3.1,Meta-Llama-3.1-8B,fp8,truthfulqa,44.14,-0.31,-0.10646059125133855,-1.6523619522280317,1.4394407697253546,-0.36288640595903165,-0.19393939393939394,True,Meta-Llama-3.1-8B|s4
RedHatAI/Meta-Llama-3.1-8B-quantized.w8a16,llama-3.1,Meta-Llama-3.1-8B,w8a16,mmlu,65.07,0.37,-0.18432657256546636,-1.7302279335421595,1.3615747884112268,-0.36288640595903165,-0.5273846153846155,True,Meta-Llama-3.1-8B|s4
RedHatAI/Meta-Llama-3.1-8B-quantized.w8a16,llama-3.1,Meta-Llama-3.1-8B,w8a16,arc_challenge,58.11,0.51,-0.015786105120517813,-1.561687466097211,1.5301152558561752,-0.36288640595903165,-0.36134328358208956,True,Meta-Llama-3.1-8B|s4
RedHatAI/Meta-Llama-3.1-8B-quantized.w8a16,llama-3.1,Meta-Llama-3.1-8B,w8a16,gsm8k,50.64,-0.98,-0.201628463553646,-1.7475298245303392,1.3442728974230471,-0.36288640595903165,-0.6003076923076922,True,Meta-Llama-3.1-8B|s4
RedHatAI/Meta-Llama-3.1-8B-quantized.w8a16,llama-3.1,Meta-Llama-3.1-8B,w8a16,hellaswag,82.3,-0.09,0.08647962308118207,-1.4594217378955112,1.6323809840578751,-0.36288640595903165,-0.1755223880597015,True,Meta-Llama-3.1-8B|s4
RedHatAI/Meta-Llama-3.1-8B-quantized.w8a16,llama-3.1,Meta-Llama-3.1-8B,w8a16,winogrande,77.9,0.16,0.09404150304508163,-1.4518598579316115,1.6399428640217748,-0.36288640595903165,-0.19153846153846152,True,Meta-Llama-3.1-8B|s4
RedHatAI/Meta-Llama-3.1-8B-quantized.w8a16,llama-3.1,Meta-Llama-3.1-8B,w8a16,truthfulqa,44.15,-0.54,0.06101185946461052,-1.4848895015120827,1.6069132204413037,-0.36288640595903165,-0.19393939393939394,True,Meta-Llama-3.1-8B|s4
RedHatAI/Meta-Llama-3.1-8B-quantized.w8a8,llama-3.1,Meta-Llama-3.1-8B,w8a8_int,mmlu,65.07,-0.12,-0.23436850529889325,-1.7802698662755865,1.3115328556777999,-0.36288640595903165,-0.5273846153846155,True,Meta-Llama-3.1-8B|s4
RedHatAI/Meta-Llama-3.1-8B-quantized.w8a8,llama-3.1,Meta-Llama-3.1-8B,w8a8_int,arc_challenge,58.11,0.51,-0.06582803785394464,-1.6117293988306378,1.4800733231227485,-0.36288640595903165,-0.36134328358208956,True,Meta-Llama-3.1-8B|s4
RedHatAI/Meta-Llama-3.1-8B-quantized.w8a8,llama-3.1,Meta-Llama-3.1-8B,w8a8_int,gsm8k,50.64,-1.13,-0.25167039628707283,-1.797571757263766,1.2942309646896204,-0.36288640595903165,-0.6003076923076922,True,Meta-Llama-3.1-8B|s4
RedHatAI/Meta-Llama-3.1-8B-quantized.w8a8,llama-3.1,Meta-Llama-3.1-8B,w8a8_int,hellaswag,82.3,-0.67,0.036437690347755236,-1.509463670628938,1.5823390513244484,-0.36288640595903165,-0.1755223880597015,True,Meta-Llama-3.1-8B|s4
RedHatAI/Meta-Llama-3.1-8B-quantized.w8a8,llama-3.1,Meta-Llama-3.1-8B,w8a8_int,winogrande,77.9,0.32,0.0439995703116548,-1.5019017906650385,1.5899009312883479,-0.36288640595903165,-0.19153846153846152,True,Meta-Llama-3.1-8B|s4
RedHatAI/Meta-Llama-3.1-8B-quantized.w8a8,llama-3.1,Meta-Llama-3.1-8B,w8a8_int,truthfulqa,44.15,-0.79,0.010969926731183743,-1.5349314342455094,1.556871287707877,-0.36288640595903165,-0.19393939393939394,True,Meta-Llama-3.1-8B|s4
RedHatAI/Meta-Llama-3.1-8B-Instruct-FP8-dynamic,llama-3.1,Meta-Llama-3.1-8B-Instruct,fp8_dynamic,mmlu,67.95,0.07,-0.2064158897319943,-1.6172965276452003,1.2044647481812116,-0.3915302491103203,-0.5472857142857143,True,Meta-Llama-3.1-8B-Instruct|s0
RedHatAI/Meta-Llama-3.1-8B-Instruct-FP8-dynamic,llama-3.1,Meta-Llama-3.1-8B-Instruct,fp8_dynamic,arena_hard,25.8,1.4,-0.032992523129099394,-1.4438731610423052,1.3778881147841067,-0.3915302491103203,0.0666666666666667,False,Meta-Llama-3.1-8B-Instruct|s0
RedHatAI/Meta-Llama-3.1-8B-Instruct-FP8-dynamic,llama-3.1,Meta-Llama-3.1-8B-Instruct,fp8_dynamic,mmlu_cot,71.2,0.4,-0.6186404769154071,-2.029521114828613,0.7922401609977988,-0.3915302491103203,-0.889,True,Meta-Llama-3.1-8B-Instruct|s0
RedHatAI/Meta-Llama-3.1-8B-Instruct-FP8-dynamic,llama-3.1,Meta-Llama-3.1-8B-Instruct,fp8_dynamic,arc_challenge,82.0,-0.8,-0.10373262888188667,-1.5146132667950927,1.3071480090313192,-0.3915302491103203,-0.40814285714285714,True,Meta-Llama-3.1-8B-Instruct|s0
RedHatAI/Meta-Llama-3.1-8B-Instruct-FP8-dynamic,llama-3.1,Meta-Llama-3.1-8B-Instruct,fp8_dynamic,gsm8k,82.0,0.0,-0.3113164253573065,-1.7221970632705124,1.0995642125558995,-0.3915302491103203,-0.678,True,Meta-Llama-3.1-8B-Instruct|s0
RedHatAI/Meta-Llama-3.1-8B-Instruct-FP8-dynamic,llama-3.1,Meta-Llama-3.1-8B-Instruct,fp8_dynamic,hellaswag,80.5,-0.5,0.05293095819347632,-1.3579496797197297,1.4638115961066822,-0.3915302491103203,-0.23930555555555555,True,Meta-Llama-3.1-8B-Instruct|s0
RedHatAI/Meta-Llama-3.1-8B-Instruct-FP8-dynamic,llama-3.1,Meta-Llama-3.1-8B-Instruct,fp8_dynamic,winogrande,78.5,-0.8,0.038391584261092404,-1.3724890536521135,1.4492722221742984,-0.3915302491103203,-0.2582857142857143,True,Meta-Llama-3.1-8B-Instruct|s0
RedHatAI/Meta-Llama-3.1-8B-Instruct-FP8-dynamic,llama-3.1,Meta-Llama-3.1-8B-Instruct,fp8_dynamic,truthfulqa,54.5,-0.2,0.12998128792078428,-1.2808993499924217,1.5408619258339902,-0.3915302491103203,-0.1667142857142857,True,Meta-Llama-3.1-8B-Instruct|s0
RedHatAI/Meta-Llama-3.1-8B-Instruct-FP8-dynamic,llama-3.1,Meta-Llama-3.1-8B-Instruct,fp8_dynamic,mmlu_pro,30.8,0.4,-1.2559011056043414,-2.6667817435175474,0.15497953230886452,-0.3915302491103203,-1.7294999999999998,False,Meta-Llama-3.1-8B-Instruct|s0
RedHatAI/Meta-Llama-3.1-8B-Instruct-FP8-dynamic,llama-3.1,Meta-Llama-3.1-8B-Instruct,fp8_dynamic,ifeval,77.9,-0.7,0.2812084900178529,-1.129672147895353,1.6920891279310588,-0.3915302491103203,-0.09777777777777777,True,Meta-Llama-3.1-8B-Instruct|s0
RedHatAI/Meta-Llama-3.1-8B-Instruct-FP8-dynamic,llama-3.1,Meta-Llama-3.1-8B-Instruct,fp8_dynamic,bbh,30.1,-0.4,-0.6710501232816877,-2.0819307611948936,0.7398305146315183,-0.3915302491103203,-1.0375,True,Meta-Llama-3.1-8B-Instruct|s0
RedHatAI/Meta-Llama-3.1-8B-Instruct-FP8-dynamic,llama-3.1,Meta-Llama-3.1-8B-Instruct,fp8_dynamic,humaneval,67.3,0.0,0.040884494676231176,-1.3699961432369747,1.4517651325894372,-0.3915302491103203,-0.4982608695652174,True,Meta-Llama-3.1-8B-Instruct|s0
RedHatAI/Meta-Llama-3.1-8B-Instruct-FP8-dynamic,llama-3.1,Meta-Llama-3.1-8B-Instruct,fp8_dynamic,humaneval_plus,60.7,0.6,0.3588198251482216,-1.0520608127649844,1.7697004630614275,-0.3915302491103203,0.13333333333333333,True,Meta-Llama-3.1-8B-Instruct|s0
RedHatAI/Meta-Llama-3.1-8B-Instruct-FP8,llama-3.1,Meta-Llama-3.1-8B-Instruct,fp8,mmlu,67.95,0.02,-0.4099683794084568,-1.8208490173216627,1.0009122585047492,-0.3915302491103203,-0.5472857142857143,True,Meta-Llama-3.1-8B-Instruct|s0
RedHatAI/Meta-Llama-3.1-8B-Instruct-FP8,llama-3.1,Meta-Llama-3.1-8B-Instruct,fp8,mmlu_cot,71.24,-0.12,-0.8222144684644677,-2.2330951063776734,0.5886661694487383,-0.3915302491103203,-0.889,True,Meta-Llama-3.1-8B-Instruct|s0
RedHatAI/Meta-Llama-3.1-8B-Instruct-FP8,llama-3.1,Meta-Llama-3.1-8B-Instruct,fp8,arc_challenge,82.0,-0.34,-0.30728511855834917,-1.7181657564715551,1.1035955193548568,-0.3915302491103203,-0.40814285714285714,True,Meta-Llama-3.1-8B-Instruct|s0
RedHatAI/Meta-Llama-3.1-8B-Instruct-FP8,llama-3.1,Meta-Llama-3.1-8B-Instruct,fp8,gsm8k,81.96,-0.84,-0.5146991209869578,-1.9255797589001638,0.8961815169262481,-0.3915302491103203,-0.678,True,Meta-Llama-3.1-8B-Instruct|s0
RedHatAI/Meta-Llama-3.1-8B-Instruct-FP8,llama-3.1,Meta-Llama-3.1-8B-Instruct,fp8,hellaswag,80.46,-0.06,-0.15052495464464427,-1.5614055925578503,1.2603556832685616,-0.3915302491103203,-0.23930555555555555,True,Meta-Llama-3.1-8B-Instruct|s0
RedHatAI/Meta-Llama-3.1-8B-Instruct-FP8,llama-3.1,Meta-Llama-3.1-8B-Instruct,fp8,winogrande,78.45,-0.55,-0.16499481343790737,-1.5758754513511133,1.2458858244752986,-0.3915302491103203,-0.2582857142857143,True,Meta-Llama-3.1-8B-Instruct|s0
RedHatAI/Meta-Llama-3.1-8B-Instruct-FP8,llama-3.1,Meta-Llama-3.1-8B-Instruct,fp8,truthfulqa,54.5,-0.58,-0.07357120175567816,-1.4844518396688842,1.3373094361575277,-0.3915302491103203,-0.1667142857142857,True,Meta-Llama-3.1-8B-Instruct|s0
RedHatAI/Meta-Llama-3.1-8B-Instruct-quantized.w4a16,llama-3.1,Meta-Llama-3.1-8B-Instruct,w4a16,arena_hard,25.8,1.4,-0.5728624199486992,-1.983743057861905,0.8380182179645067,-0.3915302491103203,0.0666666666666667,False,Meta-Llama-3.1-8B-Instruct|s0
RedHatAI/Meta-Llama-3.1-8B-Instruct-quantized.w4a16,llama-3.1,Meta-Llama-3.1-8B-Instruct,w4a16,mmlu,68.3,-1.4,-0.7462751747880971,-2.157155812701303,0.6646054631251088,-0.3915302491103203,-0.5472857142857143,True,Meta-Llama-3.1-8B-Instruct|s0
RedHatAI/Meta-Llama-3.1-8B-Instruct-quantized.w4a16,llama-3.1,Meta-Llama-3.1-8B-Instruct,w4a16,mmlu_cot,72.8,-1.7,-1.159601223414099,-2.570481861327305,0.25127941449910685,-0.3915302491103203,-0.889,True,Meta-Llama-3.1-8B-Instruct|s0
RedHatAI/Meta-Llama-3.1-8B-Instruct-quantized.w4a16,llama-3.1,Meta-Llama-3.1-8B-Instruct,w4a16,gsm8k,82.8,0.1,-0.8546794971108438,-2.2655601350240495,0.5562011408023622,-0.3915302491103203,-0.678,True,Meta-Llama-3.1-8B-Instruct|s0
RedHatAI/Meta-Llama-3.1-8B-Instruct-quantized.w4a16,llama-3.1,Meta-Llama-3.1-8B-Instruct,w4a16,hellaswag,80.5,-0.6,-0.48693893862612336,-1.8978195765393293,0.9239416992870826,-0.3915302491103203,-0.23930555555555555,True,Meta-Llama-3.1-8B-Instruct|s0
RedHatAI/Meta-Llama-3.1-8B-Instruct-quantized.w4a16,llama-3.1,Meta-Llama-3.1-8B-Instruct,w4a16,winogrande,78.1,-0.1,-0.5001681732058466,-1.9110488111190524,0.9107124647073593,-0.3915302491103203,-0.2582857142857143,True,Meta-Llama-3.1-8B-Instruct|s0
RedHatAI/Meta-Llama-3.1-8B-Instruct-quantized.w4a16,llama-3.1,Meta-Llama-3.1-8B-Instruct,w4a16,truthfulqa,54.5,-1.7,-0.4098886088988154,-1.8207692468120213,1.0009920290143905,-0.3915302491103203,-0.1667142857142857,True,Meta-Llama-3.1-8B-Instruct|s0
RedHatAI/Meta-Llama-3.1-8B-Instruct-quantized.w4a16,llama-3.1,Meta-Llama-3.1-8B-Instruct,w4a16,mmlu_pro,30.8,-2.0,-1.7957710024239413,-3.2066516403371472,-0.3848903645107353,-0.3915302491103203,-1.7294999999999998,True,Meta-Llama-3.1-8B-Instruct|s0
RedHatAI/Meta-Llama-3.1-8B-Instruct-quantized.w4a16,llama-3.1,Meta-Llama-3.1-8B-Instruct,w4a16,ifeval,77.9,-1.6,-0.25866140680174676,-1.6695420447149527,1.1522192311114592,-0.3915302491103203,-0.09777777777777777,True,Meta-Llama-3.1-8B-Instruct|s0
RedHatAI/Meta-Llama-3.1-8B-Instruct-quantized.w4a16,llama-3.1,Meta-Llama-3.1-8B-Instruct,w4a16,bbh,30.1,-1.2,-1.2109200201012873,-2.621800658014493,0.19996061781191865,-0.3915302491103203,-1.0375,True,Meta-Llama-3.1-8B-Instruct|s0
RedHatAI/Meta-Llama-3.1-8B-Instruct-quantized.w4a16,llama-3.1,Meta-Llama-3.1-8B-Instruct,w4a16,humaneval,67.3,-0.2,-0.49898540214336856,-1.9098660400565746,0.9118952357698373,-0.3915302491103203,-0.4982608695652174,True,Meta-Llama-3.1-8B-Instruct|s0
RedHatAI/Meta-Llama-3.1-8B-Instruct-quantized.w4a16,llama-3.1,Meta-Llama-3.1-8B-Instruct,w4a16,humaneval_plus,60.7,-1.6,-0.18105007167137807,-1.591930709584584,1.2298305662418278,-0.3915302491103203,0.13333333333333333,False,Meta-Llama-3.1-8B-Instruct|s0
RedHatAI/Meta-Llama-3.1-8B-Instruct-quantized.w8a16,llama-3.1,Meta-Llama-3.1-8B-Instruct,w8a16,hellaswag,80.47,0.01,0.023324279509536694,-1.3875563584036692,1.4342049174227427,-0.3915302491103203,-0.23930555555555555,True,Meta-Llama-3.1-8B-Instruct|s0
RedHatAI/Meta-Llama-3.1-8B-Instruct-quantized.w8a16,llama-3.1,Meta-Llama-3.1-8B-Instruct,w8a16,winogrande,78.06,-0.55,0.010151263971194036,-1.400729373942012,1.4210319018844,-0.3915302491103203,-0.2582857142857143,True,Meta-Llama-3.1-8B-Instruct|s0
RedHatAI/Meta-Llama-3.1-8B-Instruct-quantized.w8a16,llama-3.1,Meta-Llama-3.1-8B-Instruct,w8a16,truthfulqa,54.48,-0.07,0.10025742329006909,-1.310623214623137,1.511138061203275,-0.3915302491103203,-0.1667142857142857,True,Meta-Llama-3.1-8B-Instruct|s0
RedHatAI/Meta-Llama-3.1-8B-Instruct-quantized.w8a8,llama-3.1,Meta-Llama-3.1-8B-Instruct,w8a8_int,arena_hard,25.8,1.4,0.05560269274629387,-1.3552779451669121,1.4664833306594998,-0.3915302491103203,0.0666666666666667,True,Meta-Llama-3.1-8B-Instruct|s0
RedHatAI/Meta-Llama-3.1-8B-Instruct-quantized.w8a8,llama-3.1,Meta-Llama-3.1-8B-Instruct,w8a8_int,mmlu,68.3,-0.5,-0.11781006209310402,-1.52869070000631,1.293070575820102,-0.3915302491103203,-0.5472857142857143,True,Meta-Llama-3.1-8B-Instruct|s0
RedHatAI/Meta-Llama-3.1-8B-Instruct-quantized.w8a8,llama-3.1,Meta-Llama-3.1-8B-Instruct,w8a8_int,mmlu_cot,72.8,-0.6,-0.5311361107191057,-1.9420167486323117,0.8797445271941002,-0.3915302491103203,-0.889,True,Meta-Llama-3.1-8B-Instruct|s0
RedHatAI/Meta-Llama-3.1-8B-Instruct-quantized.w8a8,llama-3.1,Meta-Llama-3.1-8B-Instruct,w8a8_int,arc_challenge,81.4,0.3,-0.012552512939983329,-1.4234331508531892,1.3983281249732227,-0.3915302491103203,-0.40814285714285714,True,Meta-Llama-3.1-8B-Instruct|s0
RedHatAI/Meta-Llama-3.1-8B-Instruct-quantized.w8a8,llama-3.1,Meta-Llama-3.1-8B-Instruct,w8a8_int,gsm8k,82.8,2.0,-0.22621438441585073,-1.6370950223290568,1.184666253497355,-0.3915302491103203,-0.678,False,Meta-Llama-3.1-8B-Instruct|s0
RedHatAI/Meta-Llama-3.1-8B-Instruct-quantized.w8a8,llama-3.1,Meta-Llama-3.1-8B-Instruct,w8a8_int,hellaswag,80.5,-0.2,0.14152617406886964,-1.2693544638443364,1.5524068119820755,-0.3915302491103203,-0.23930555555555555,True,Meta-Llama-3.1-8B-Instruct|s0
RedHatAI/Meta-Llama-3.1-8B-Instruct-quantized.w8a8,llama-3.1,Meta-Llama-3.1-8B-Instruct,w8a8_int,winogrande,78.1,0.4,0.1282969394891465,-1.2825836984240595,1.5391775774023524,-0.3915302491103203,-0.2582857142857143,True,Meta-Llama-3.1-8B-Instruct|s0
RedHatAI/Meta-Llama-3.1-8B-Instruct-quantized.w8a8,llama-3.1,Meta-Llama-3.1-8B-Instruct,w8a8_int,truthfulqa,54.5,0.2,0.2185765037961777,-1.1923041341170282,1.6294571417093837,-0.3915302491103203,-0.1667142857142857,True,Meta-Llama-3.1-8B-Instruct|s0
RedHatAI/Meta-Llama-3.1-8B-Instruct-quantized.w8a8,llama-3.1,Meta-Llama-3.1-8B-Instruct,w8a8_int,mmlu_pro,30.8,0.1,-1.1673058897289483,-2.5781865276421545,0.24357474818425762,-0.3915302491103203,-1.7294999999999998,True,Meta-Llama-3.1-8B-Instruct|s0
RedHatAI/Meta-Llama-3.1-8B-Instruct-quantized.w8a8,llama-3.1,Meta-Llama-3.1-8B-Instruct,w8a8_int,ifeval,77.9,0.1,0.36980370589324624,-1.0410769320199598,1.7806843438064521,-0.3915302491103203,-0.09777777777777777,True,Meta-Llama-3.1-8B-Instruct|s0
RedHatAI/Meta-Llama-3.1-8B-Instruct-quantized.w8a8,llama-3.1,Meta-Llama-3.1-8B-Instruct,w8a8_int,bbh,30.1,0.9,-0.5824549074062942,-1.9933355453195003,0.8284257305069117,-0.3915302491103203,-1.0375,False,Meta-Llama-3.1-8B-Instruct|s0
RedHatAI/Meta-Llama-3.1-8B-Instruct-quantized.w8a8,llama-3.1,Meta-Llama-3.1-8B-Instruct,w8a8_int,humaneval,67.3,-0.2,0.1294797105516246,-1.2814009273615814,1.5403603484648305,-0.3915302491103203,-0.4982608695652174,True,Meta-Llama-3.1-8B-Instruct|s0
RedHatAI/Meta-Llama-3.1-8B-Instruct-quantized.w8a8,llama-3.1,Meta-Llama-3.1-8B-Instruct,w8a8_int,humaneval_plus,60.7,-0.7,0.4474150410236149,-0.9634655968895911,1.8582956789368208,-0.3915302491103203,0.13333333333333333,True,Meta-Llama-3.1-8B-Instruct|s0
RedHatAI/Meta-Llama-3.1-8B-Instruct-FP8-dynamic,llama-3.1,Meta-Llama-3.1-8B-Instruct,fp8_dynamic,mmlu,67.95,0.07,-0.1824144552950131,-1.495636262865837,1.1308073522758109,-0.3702367941712204,-0.465735294117647,True,Meta-Llama-3.1-8B-Instruct|s1
RedHatAI/Meta-Llama-3.1-8B-Instruct-FP8-dynamic,llama-3.1,Meta-Llama-3.1-8B-Instruct,fp8_dynamic,arena_hard,25.8,1.4,-1.346816305676889,-2.6600381132477127,-0.03359449810606496,-0.3702367941712204,-1.4666666666666668,False,Meta-Llama-3.1-8B-Instruct|s1
RedHatAI/Meta-Llama-3.1-8B-Instruct-FP8-dynamic,llama-3.1,Meta-Llama-3.1-8B-Instruct,fp8_dynamic,mmlu_cot,71.2,0.4,-0.2857298451553418,-1.5989516527261658,1.0274919624154821,-0.3702367941712204,-0.48454545454545456,True,Meta-Llama-3.1-8B-Instruct|s1
RedHatAI/Meta-Llama-3.1-8B-Instruct-FP8-dynamic,llama-3.1,Meta-Llama-3.1-8B-Instruct,fp8_dynamic,arc_challenge,82.0,-0.8,-0.08912667966540727,-1.4023484872362313,1.2240951279054166,-0.3702367941712204,-0.4234782608695652,True,Meta-Llama-3.1-8B-Instruct|s1
RedHatAI/Meta-Llama-3.1-8B-Instruct-FP8-dynamic,llama-3.1,Meta-Llama-3.1-8B-Instruct,fp8_dynamic,gsm8k,82.0,0.0,-0.34002140129999436,-1.6532432088708182,0.9732004062708296,-0.3702367941712204,-0.7329850746268657,True,Meta-Llama-3.1-8B-Instruct|s1
RedHatAI/Meta-Llama-3.1-8B-Instruct-FP8-dynamic,llama-3.1,Meta-Llama-3.1-8B-Instruct,fp8_dynamic,hellaswag,80.5,-0.5,0.05840616310987118,-1.2548156444609528,1.371627970680695,-0.3702367941712204,-0.21542857142857144,True,Meta-Llama-3.1-8B-Instruct|s1
RedHatAI/Meta-Llama-3.1-8B-Instruct-FP8-dynamic,llama-3.1,Meta-Llama-3.1-8B-Instruct,fp8_dynamic,winogrande,78.5,-0.8,0.08326721540392623,-1.2299545921668977,1.3964890229747502,-0.3702367941712204,-0.19088235294117648,True,Meta-Llama-3.1-8B-Instruct|s1
RedHatAI/Meta-Llama-3.1-8B-Instruct-FP8-dynamic,llama-3.1,Meta-Llama-3.1-8B-Instruct,fp8_dynamic,truthfulqa,54.5,-0.2,0.10737741792110417,-1.2058443896497197,1.4205992254919282,-0.3702367941712204,-0.15014492753623188,True,Meta-Llama-3.1-8B-Instruct|s1
RedHatAI/Meta-Llama-3.1-8B-Instruct-FP8-dynamic,llama-3.1,Meta-Llama-3.1-8B-Instruct,fp8_dynamic,mmlu_pro,30.8,0.4,-1.1286135873873249,-2.441835394958149,0.1846082201834991,-0.3702367941712204,-1.5395238095238095,False,Meta-Llama-3.1-8B-Instruct|s1
RedHatAI/Meta-Llama-3.1-8B-Instruct-FP8-dynamic,llama-3.1,Meta-Llama-3.1-8B-Instruct,fp8_dynamic,ifeval,77.9,-0.7,0.10345136921302939,-1.2097704383577945,1.4166731767838534,-0.3702367941712204,-0.23833333333333334,True,Meta-Llama-3.1-8B-Instruct|s1
RedHatAI/Meta-Llama-3.1-8B-Instruct-FP8-dynamic,llama-3.1,Meta-Llama-3.1-8B-Instruct,fp8_dynamic,bbh,30.1,-0.4,-0.509400362871899,-1.822622170442723,0.8038214446989249,-0.3702367941712204,-0.8009999999999999,True,Meta-Llama-3.1-8B-Instruct|s1
RedHatAI/Meta-Llama-3.1-8B-Instruct-FP8-dynamic,llama-3.1,Meta-Llama-3.1-8B-Instruct,fp8_dynamic,humaneval,67.3,0.0,0.06470800124985554,-1.2485138063209684,1.3779298088206795,-0.3702367941712204,-0.40545454545454546,True,Meta-Llama-3.1-8B-Instruct|s1
RedHatAI/Meta-Llama-3.1-8B-Instruct-FP8-dynamic,llama-3.1,Meta-Llama-3.1-8B-Instruct,fp8_dynamic,humaneval_plus,60.7,0.6,0.4371040203215744,-0.8761177872492496,1.7503258278923983,-0.3702367941712204,0.2666666666666667,True,Meta-Llama-3.1-8B-Instruct|s1
RedHatAI/Meta-Llama-3.1-8B-Instruct-FP8,llama-3.1,Meta-Llama-3.1-8B-Instruct,fp8,mmlu,67.95,0.02,-0.42419669941981675,-1.7374185069906407,0.8890251081510072,-0.3702367941712204,-0.465735294117647,True,Meta-Llama-3.1-8B-Instruct|s1
RedHatAI/Meta-Llama-3.1-8B-Instruct-FP8,llama-3.1,Meta-Llama-3.1-8B-Instruct,fp8,mmlu_cot,71.24,-0.12,-0.5273659805613691,-1.840587788132193,0.7858558270094549,-0.3702367941712204,-0.48454545454545456,True,Meta-Llama-3.1-8B-Instruct|s1
RedHatAI/Meta-Llama-3.1-8B-Instruct-FP8,llama-3.1,Meta-Llama-3.1-8B-Instruct,fp8,arc_challenge,82.0,-0.34,-0.3309089237902109,-1.644130731361035,0.982312883780613,-0.3702367941712204,-0.4234782608695652,True,Meta-Llama-3.1-8B-Instruct|s1
RedHatAI/Meta-Llama-3.1-8B-Instruct-FP8,llama-3.1,Meta-Llama-3.1-8B-Instruct,fp8,gsm8k,81.96,-0.84,-0.5818543742608528,-1.8950761818316768,0.7313674333099711,-0.3702367941712204,-0.7329850746268657,True,Meta-Llama-3.1-8B-Instruct|s1
RedHatAI/Meta-Llama-3.1-8B-Instruct-FP8,llama-3.1,Meta-Llama-3.1-8B-Instruct,fp8,hellaswag,80.46,-0.06,-0.18349634203667592,-1.4967181496075,1.129725465534148,-0.3702367941712204,-0.21542857142857144,True,Meta-Llama-3.1-8B-Instruct|s1
RedHatAI/Meta-Llama-3.1-8B-Instruct-FP8,llama-3.1,Meta-Llama-3.1-8B-Instruct,fp8,winogrande,78.45,-0.55,-0.15860204583750323,-1.4718238534083272,1.1546197617333207,-0.3702367941712204,-0.19088235294117648,True,Meta-Llama-3.1-8B-Instruct|s1
RedHatAI/Meta-Llama-3.1-8B-Instruct-FP8,llama-3.1,Meta-Llama-3.1-8B-Instruct,fp8,truthfulqa,54.5,-0.58,-0.13440482620369953,-1.4476266337745236,1.1788169813671243,-0.3702367941712204,-0.15014492753623188,True,Meta-Llama-3.1-8B-Instruct|s1
RedHatAI/Meta-Llama-3.1-8B-Instruct-quantized.w4a16,llama-3.1,Meta-Llama-3.1-8B-Instruct,w4a16,arena_hard,25.8,1.4,-1.781146088180025,-3.0943678957508487,-0.467924280609201,-0.3702367941712204,-1.4666666666666668,False,Meta-Llama-3.1-8B-Instruct|s1
RedHatAI/Meta-Llama-3.1-8B-Instruct-quantized.w4a16,llama-3.1,Meta-Llama-3.1-8B-Instruct,w4a16,mmlu,68.3,-1.4,-0.6154124621859731,-1.928634269756797,0.6978093453848508,-0.3702367941712204,-0.465735294117647,True,Meta-Llama-3.1-8B-Instruct|s1
RedHatAI/Meta-Llama-3.1-8B-Instruct-quantized.w4a16,llama-3.1,Meta-Llama-3.1-8B-Instruct,w4a16,mmlu_cot,72.8,-1.7,-0.714278632781866,-2.02750044035269,0.598943174788958,-0.3702367941712204,-0.48454545454545456,True,Meta-Llama-3.1-8B-Instruct|s1
RedHatAI/Meta-Llama-3.1-8B-Instruct-quantized.w4a16,llama-3.1,Meta-Llama-3.1-8B-Instruct,w4a16,gsm8k,82.8,0.1,-0.7733912963582152,-2.0866131039290394,0.5398305112126087,-0.3702367941712204,-0.7329850746268657,True,Meta-Llama-3.1-8B-Instruct|s1
RedHatAI/Meta-Llama-3.1-8B-Instruct-quantized.w4a16,llama-3.1,Meta-Llama-3.1-8B-Instruct,w4a16,hellaswag,80.5,-0.6,-0.3759236193932646,-1.6891454269640884,0.9372981881775594,-0.3702367941712204,-0.21542857142857144,True,Meta-Llama-3.1-8B-Instruct|s1
RedHatAI/Meta-Llama-3.1-8B-Instruct-quantized.w4a16,llama-3.1,Meta-Llama-3.1-8B-Instruct,w4a16,winogrande,78.1,-0.1,-0.3517683069800343,-1.6649901145508583,0.9614535005907896,-0.3702367941712204,-0.19088235294117648,True,Meta-Llama-3.1-8B-Instruct|s1
RedHatAI/Meta-Llama-3.1-8B-Instruct-quantized.w4a16,llama-3.1,Meta-Llama-3.1-8B-Instruct,w4a16,truthfulqa,54.5,-1.7,-0.3269523645820316,-1.6401741721528555,0.9862694429887924,-0.3702367941712204,-0.15014492753623188,False,Meta-Llama-3.1-8B-Instruct|s1
RedHatAI/Meta-Llama-3.1-8B-Instruct-quantized.w4a16,llama-3.1,Meta-Llama-3.1-8B-Instruct,w4a16,mmlu_pro,30.8,-2.0,-1.5629433698904605,-2.876165177461284,-0.2497215623196365,-0.3702367941712204,-1.5395238095238095,True,Meta-Llama-3.1-8B-Instruct|s1
RedHatAI/Meta-Llama-3.1-8B-Instruct-quantized.w4a16,llama-3.1,Meta-Llama-3.1-8B-Instruct,w4a16,ifeval,77.9,-1.6,-0.3308784132901064,-1.6441002208609303,0.9823433942807176,-0.3702367941712204,-0.23833333333333334,True,Meta-Llama-3.1-8B-Instruct|s1
RedHatAI/Meta-Llama-3.1-8B-Instruct-quantized.w4a16,llama-3.1,Meta-Llama-3.1-8B-Instruct,w4a16,bbh,30.1,-1.2,-0.9437301453750349,-2.256951952945859,0.3694916621957891,-0.3702367941712204,-0.8009999999999999,True,Meta-Llama-3.1-8B-Instruct|s1
RedHatAI/Meta-Llama-3.1-8B-Instruct-quantized.w4a16,llama-3.1,Meta-Llama-3.1-8B-Instruct,w4a16,humaneval,67.3,-0.2,-0.36962178125328016,-1.6828435888241042,0.9436000263175438,-0.3702367941712204,-0.40545454545454546,True,Meta-Llama-3.1-8B-Instruct|s1
RedHatAI/Meta-Llama-3.1-8B-Instruct-quantized.w4a16,llama-3.1,Meta-Llama-3.1-8B-Instruct,w4a16,humaneval_plus,60.7,-1.6,0.002774237818438774,-1.3104475697523852,1.3159960453892627,-0.3702367941712204,0.2666666666666667,False,Meta-Llama-3.1-8B-Instruct|s1
RedHatAI/Meta-Llama-3.1-8B-Instruct-quantized.w8a16,llama-3.1,Meta-Llama-3.1-8B-Instruct,w8a16,hellaswag,80.47,0.01,0.09259990822942515,-1.2206218993413989,1.405821715800249,-0.3702367941712204,-0.21542857142857144,True,Meta-Llama-3.1-8B-Instruct|s1
RedHatAI/Meta-Llama-3.1-8B-Instruct-quantized.w8a16,llama-3.1,Meta-Llama-3.1-8B-Instruct,w8a16,winogrande,78.06,-0.55,0.11677363112509342,-1.1964481764457306,1.4299954386959173,-0.3702367941712204,-0.19088235294117648,True,Meta-Llama-3.1-8B-Instruct|s1
RedHatAI/Meta-Llama-3.1-8B-Instruct-quantized.w8a16,llama-3.1,Meta-Llama-3.1-8B-Instruct,w8a16,truthfulqa,54.48,-0.07,0.14157815669688206,-1.1716436508739418,1.454799964267706,-0.3702367941712204,-0.15014492753623188,True,Meta-Llama-3.1-8B-Instruct|s1
RedHatAI/Meta-Llama-3.1-8B-Instruct-quantized.w8a8,llama-3.1,Meta-Llama-3.1-8B-Instruct,w8a8_int,arena_hard,25.8,1.4,-1.4585710630722766,-2.7717928706431003,-0.1453492555014526,-0.3702367941712204,-1.4666666666666668,False,Meta-Llama-3.1-8B-Instruct|s1
RedHatAI/Meta-Llama-3.1-8B-Instruct-quantized.w8a8,llama-3.1,Meta-Llama-3.1-8B-Instruct,w8a8_int,mmlu,68.3,-0.5,-0.2928374370782246,-1.6060592446490487,1.0203843704925992,-0.3702367941712204,-0.465735294117647,True,Meta-Llama-3.1-8B-Instruct|s1
RedHatAI/Meta-Llama-3.1-8B-Instruct-quantized.w8a8,llama-3.1,Meta-Llama-3.1-8B-Instruct,w8a8_int,mmlu_cot,72.8,-0.6,-0.3917036076741175,-1.7049254152449413,0.9215181998967065,-0.3702367941712204,-0.48454545454545456,True,Meta-Llama-3.1-8B-Instruct|s1
RedHatAI/Meta-Llama-3.1-8B-Instruct-quantized.w8a8,llama-3.1,Meta-Llama-3.1-8B-Instruct,w8a8_int,arc_challenge,81.4,0.3,-0.20157699171424975,-1.5147987992850738,1.1116448158565742,-0.3702367941712204,-0.4234782608695652,True,Meta-Llama-3.1-8B-Instruct|s1
RedHatAI/Meta-Llama-3.1-8B-Instruct-quantized.w8a8,llama-3.1,Meta-Llama-3.1-8B-Instruct,w8a8_int,gsm8k,82.8,2.0,-0.45081627125046686,-1.7640380788212908,0.8624055363203571,-0.3702367941712204,-0.7329850746268657,False,Meta-Llama-3.1-8B-Instruct|s1
RedHatAI/Meta-Llama-3.1-8B-Instruct-quantized.w8a8,llama-3.1,Meta-Llama-3.1-8B-Instruct,w8a8_int,hellaswag,80.5,-0.2,-0.05334859428551614,-1.36657040185634,1.2598732132853079,-0.3702367941712204,-0.21542857142857144,True,Meta-Llama-3.1-8B-Instruct|s1
RedHatAI/Meta-Llama-3.1-8B-Instruct-quantized.w8a8,llama-3.1,Meta-Llama-3.1-8B-Instruct,w8a8_int,winogrande,78.1,0.4,-0.02919328187228576,-1.3424150894431097,1.2840285256985382,-0.3702367941712204,-0.19088235294117648,True,Meta-Llama-3.1-8B-Instruct|s1
RedHatAI/Meta-Llama-3.1-8B-Instruct-quantized.w8a8,llama-3.1,Meta-Llama-3.1-8B-Instruct,w8a8_int,truthfulqa,54.5,0.2,-0.004377339474283148,-1.3175991470451072,1.3088444680965408,-0.3702367941712204,-0.15014492753623188,True,Meta-Llama-3.1-8B-Instruct|s1
RedHatAI/Meta-Llama-3.1-8B-Instruct-quantized.w8a8,llama-3.1,Meta-Llama-3.1-8B-Instruct,w8a8_int,mmlu_pro,30.8,0.1,-1.240368344782712,-2.553590152353536,0.07285346278811189,-0.3702367941712204,-1.5395238095238095,False,Meta-Llama-3.1-8B-Instruct|s1
RedHatAI/Meta-Llama-3.1-8B-Instruct-quantized.w8a8,llama-3.1,Meta-Llama-3.1-8B-Instruct,w8a8_int,ifeval,77.9,0.1,-0.00830338818235804,-1.321525195753182,1.304918419388466,-0.3702367941712204,-0.23833333333333334,True,Meta-Llama-3.1-8B-Instruct|s1
RedHatAI/Meta-Llama-3.1-8B-Instruct-quantized.w8a8,llama-3.1,Meta-Llama-3.1-8B-Instruct,w8a8_int,bbh,30.1,0.9,-0.6211551202672863,-1.9343769278381102,0.6920666873035377,-0.3702367941712204,-0.8009999999999999,False,Meta-Llama-3.1-8B-Instruct|s1
RedHatAI/Meta-Llama-3.1-8B-Instruct-quantized.w8a8,llama-3.1,Meta-Llama-3.1-8B-Instruct,w8a8_int,humaneval,67.3,-0.2,-0.04704675614553172,-1.3602685637163556,1.2661750514252923,-0.3702367941712204,-0.40545454545454546,True,Meta-Llama-3.1-8B-Instruct|s1
RedHatAI/Meta-Llama-3.1-8B-Instruct-quantized.w8a8,llama-3.1,Meta-Llama-3.1-8B-Instruct,w8a8_int,humaneval_plus,60.7,-0.7,0.3253492629261871,-0.9878725446446368,1.6385710704970111,-0.3702367941712204,0.2666666666666667,True,Meta-Llama-3.1-8B-Instruct|s1
RedHatAI/Meta-Llama-3.1-8B-Instruct-FP8-dynamic,llama-3.1,Meta-Llama-3.1-8B-Instruct,fp8_dynamic,mmlu,67.95,0.07,-0.22428439938850894,-1.721211424956279,1.2726426261792614,-0.3397142857142857,-0.4864179104477612,True,Meta-Llama-3.1-8B-Instruct|s2
RedHatAI/Meta-Llama-3.1-8B-Instruct-FP8-dynamic,llama-3.1,Meta-Llama-3.1-8B-Instruct,fp8_dynamic,arena_hard,25.8,1.4,-1.50397472402194,-3.00090174958971,-0.0070476984541698595,-0.3397142857142857,-1.4666666666666668,False,Meta-Llama-3.1-8B-Instruct|s2
RedHatAI/Meta-Llama-3.1-8B-Instruct-FP8-dynamic,llama-3.1,Meta-Llama-3.1-8B-Instruct,fp8_dynamic,mmlu_cot,71.2,0.4,-0.28331212167820025,-1.7802391472459704,1.21361490388957,-0.3397142857142857,-0.4575,True,Meta-Llama-3.1-8B-Instruct|s2
RedHatAI/Meta-Llama-3.1-8B-Instruct-FP8-dynamic,llama-3.1,Meta-Llama-3.1-8B-Instruct,fp8_dynamic,arc_challenge,82.0,-0.8,-0.06808643863710084,-1.565013464204871,1.4288405869306695,-0.3397142857142857,-0.38223880597014925,True,Meta-Llama-3.1-8B-Instruct|s2
RedHatAI/Meta-Llama-3.1-8B-Instruct-FP8-dynamic,llama-3.1,Meta-Llama-3.1-8B-Instruct,fp8_dynamic,gsm8k,82.0,0.0,-0.04139807258530176,-1.538325098153072,1.4555289529824684,-0.3397142857142857,-0.3678461538461538,True,Meta-Llama-3.1-8B-Instruct|s2
RedHatAI/Meta-Llama-3.1-8B-Instruct-FP8-dynamic,llama-3.1,Meta-Llama-3.1-8B-Instruct,fp8_dynamic,hellaswag,80.5,-0.5,-0.026064071434704628,-1.522991097002475,1.4708629541330656,-0.3397142857142857,-0.2858823529411765,True,Meta-Llama-3.1-8B-Instruct|s2
RedHatAI/Meta-Llama-3.1-8B-Instruct-FP8-dynamic,llama-3.1,Meta-Llama-3.1-8B-Instruct,fp8_dynamic,winogrande,78.5,-0.8,0.06857865163623778,-1.4283483739315326,1.565505677204008,-0.3397142857142857,-0.18,True,Meta-Llama-3.1-8B-Instruct|s2
RedHatAI/Meta-Llama-3.1-8B-Instruct-FP8-dynamic,llama-3.1,Meta-Llama-3.1-8B-Instruct,fp8_dynamic,truthfulqa,54.5,-0.2,0.007345555187505293,-1.489581470380265,1.5042725807552755,-0.3397142857142857,-0.22323076923076923,True,Meta-Llama-3.1-8B-Instruct|s2
RedHatAI/Meta-Llama-3.1-8B-Instruct-FP8-dynamic,llama-3.1,Meta-Llama-3.1-8B-Instruct,fp8_dynamic,mmlu_pro,30.8,0.4,-1.0974332811501073,-2.5943603067178778,0.39949374441766294,-0.3397142857142857,-1.3995454545454546,False,Meta-Llama-3.1-8B-Instruct|s2
RedHatAI/Meta-Llama-3.1-8B-Instruct-FP8-dynamic,llama-3.1,Meta-Llama-3.1-8B-Instruct,fp8_dynamic,ifeval,77.9,-0.7,0.04716523891977292,-1.4497617866479973,1.5440922644875432,-0.3397142857142857,-0.27473684210526317,True,Meta-Llama-3.1-8B-Instruct|s2
RedHatAI/Meta-Llama-3.1-8B-Instruct-FP8-dynamic,llama-3.1,Meta-Llama-3.1-8B-Instruct,fp8_dynamic,bbh,30.1,-0.4,-0.560096266007326,-2.057023291575096,0.9368307595604443,-0.3397142857142857,-0.728,True,Meta-Llama-3.1-8B-Instruct|s2
RedHatAI/Meta-Llama-3.1-8B-Instruct-FP8-dynamic,llama-3.1,Meta-Llama-3.1-8B-Instruct,fp8_dynamic,humaneval,67.3,0.0,0.134001632006849,-1.3629253935609213,1.6309286575746191,-0.3397142857142857,-0.26666666666666666,True,Meta-Llama-3.1-8B-Instruct|s2
RedHatAI/Meta-Llama-3.1-8B-Instruct-FP8-dynamic,llama-3.1,Meta-Llama-3.1-8B-Instruct,fp8_dynamic,humaneval_plus,60.7,0.6,0.40037921303711804,-1.0965478125306523,1.8973062386048882,-0.3397142857142857,0.2833333333333334,True,Meta-Llama-3.1-8B-Instruct|s2
RedHatAI/Meta-Llama-3.1-8B-Instruct-FP8,llama-3.1,Meta-Llama-3.1-8B-Instruct,fp8,mmlu,67.95,0.02,-0.42203867020836405,-1.9189656957761343,1.0748883553594062,-0.3397142857142857,-0.4864179104477612,True,Meta-Llama-3.1-8B-Instruct|s2
RedHatAI/Meta-Llama-3.1-8B-Instruct-FP8,llama-3.1,Meta-Llama-3.1-8B-Instruct,fp8,mmlu_cot,71.24,-0.12,-0.480880697685507,-1.9778077232532771,1.0160463278822633,-0.3397142857142857,-0.4575,True,Meta-Llama-3.1-8B-Instruct|s2
RedHatAI/Meta-Llama-3.1-8B-Instruct-FP8,llama-3.1,Meta-Llama-3.1-8B-Instruct,fp8,arc_challenge,82.0,-0.34,-0.2658407094569559,-1.7627677350247262,1.2310863161108143,-0.3397142857142857,-0.38223880597014925,True,Meta-Llama-3.1-8B-Instruct|s2
RedHatAI/Meta-Llama-3.1-8B-Instruct-FP8,llama-3.1,Meta-Llama-3.1-8B-Instruct,fp8,gsm8k,81.96,-0.84,-0.23918511971230533,-1.7361121452800756,1.2577419058554649,-0.3397142857142857,-0.3678461538461538,True,Meta-Llama-3.1-8B-Instruct|s2
RedHatAI/Meta-Llama-3.1-8B-Instruct-FP8,llama-3.1,Meta-Llama-3.1-8B-Instruct,fp8,hellaswag,80.46,-0.06,-0.22393881310393499,-1.7208658386717053,1.2729882124638352,-0.3397142857142857,-0.2858823529411765,True,Meta-Llama-3.1-8B-Instruct|s2
RedHatAI/Meta-Llama-3.1-8B-Instruct-FP8,llama-3.1,Meta-Llama-3.1-8B-Instruct,fp8,winogrande,78.45,-0.55,-0.1292608775866033,-1.6261879031543736,1.367666147981167,-0.3397142857142857,-0.18,True,Meta-Llama-3.1-8B-Instruct|s2
RedHatAI/Meta-Llama-3.1-8B-Instruct-FP8,llama-3.1,Meta-Llama-3.1-8B-Instruct,fp8,truthfulqa,54.5,-0.58,-0.1904087156323498,-1.68733574120012,1.3065183099354205,-0.3397142857142857,-0.22323076923076923,True,Meta-Llama-3.1-8B-Instruct|s2
RedHatAI/Meta-Llama-3.1-8B-Instruct-quantized.w4a16,llama-3.1,Meta-Llama-3.1-8B-Instruct,w4a16,arena_hard,25.8,1.4,-1.8550750071886728,-3.352002032756443,-0.35814798162090256,-0.3397142857142857,-1.4666666666666668,False,Meta-Llama-3.1-8B-Instruct|s2
RedHatAI/Meta-Llama-3.1-8B-Instruct-quantized.w4a16,llama-3.1,Meta-Llama-3.1-8B-Instruct,w4a16,mmlu,68.3,-1.4,-0.5735953868364706,-2.070522412404241,0.9233316387312996,-0.3397142857142857,-0.4864179104477612,True,Meta-Llama-3.1-8B-Instruct|s2
RedHatAI/Meta-Llama-3.1-8B-Instruct-quantized.w4a16,llama-3.1,Meta-Llama-3.1-8B-Instruct,w4a16,mmlu_cot,72.8,-1.7,-0.6271763575595284,-2.1241033831272986,0.8697506680082419,-0.3397142857142857,-0.4575,True,Meta-Llama-3.1-8B-Instruct|s2
RedHatAI/Meta-Llama-3.1-8B-Instruct-quantized.w4a16,llama-3.1,Meta-Llama-3.1-8B-Instruct,w4a16,gsm8k,82.8,0.1,-0.3919388721698591,-1.8888658977376294,1.1049881533979111,-0.3397142857142857,-0.3678461538461538,True,Meta-Llama-3.1-8B-Instruct|s2
RedHatAI/Meta-Llama-3.1-8B-Instruct-quantized.w4a16,llama-3.1,Meta-Llama-3.1-8B-Instruct,w4a16,hellaswag,80.5,-0.6,-0.3771643546014374,-1.8740913801692076,1.1197626709663329,-0.3397142857142857,-0.2858823529411765,True,Meta-Llama-3.1-8B-Instruct|s2
RedHatAI/Meta-Llama-3.1-8B-Instruct-quantized.w4a16,llama-3.1,Meta-Llama-3.1-8B-Instruct,w4a16,winogrande,78.1,-0.1,-0.2832215940558297,-1.7801486196236,1.2137054315119404,-0.3397142857142857,-0.18,True,Meta-Llama-3.1-8B-Instruct|s2
RedHatAI/Meta-Llama-3.1-8B-Instruct-quantized.w4a16,llama-3.1,Meta-Llama-3.1-8B-Instruct,w4a16,truthfulqa,54.5,-1.7,-0.3437547279792274,-1.8406817535469977,1.1531722975885428,-0.3397142857142857,-0.22323076923076923,True,Meta-Llama-3.1-8B-Instruct|s2
RedHatAI/Meta-Llama-3.1-8B-Instruct-quantized.w4a16,llama-3.1,Meta-Llama-3.1-8B-Instruct,w4a16,mmlu_pro,30.8,-2.0,-1.44853356431684,-2.9454605898846102,0.04839346125093025,-0.3397142857142857,-1.3995454545454546,True,Meta-Llama-3.1-8B-Instruct|s2
RedHatAI/Meta-Llama-3.1-8B-Instruct-quantized.w4a16,llama-3.1,Meta-Llama-3.1-8B-Instruct,w4a16,ifeval,77.9,-1.6,-0.3039350442469597,-1.80086206981473,1.1929919813208105,-0.3397142857142857,-0.27473684210526317,True,Meta-Llama-3.1-8B-Instruct|s2
RedHatAI/Meta-Llama-3.1-8B-Instruct-quantized.w4a16,llama-3.1,Meta-Llama-3.1-8B-Instruct,w4a16,bbh,30.1,-1.2,-0.9111965491740588,-2.408123574741829,0.5857304763937115,-0.3397142857142857,-0.728,True,Meta-Llama-3.1-8B-Instruct|s2
RedHatAI/Meta-Llama-3.1-8B-Instruct-quantized.w4a16,llama-3.1,Meta-Llama-3.1-8B-Instruct,w4a16,humaneval,67.3,-0.2,-0.21709865115988358,-1.7140256767276538,1.2798283744078867,-0.3397142857142857,-0.26666666666666666,True,Meta-Llama-3.1-8B-Instruct|s2
RedHatAI/Meta-Llama-3.1-8B-Instruct-quantized.w4a16,llama-3.1,Meta-Llama-3.1-8B-Instruct,w4a16,humaneval_plus,60.7,-1.6,0.049278929870385346,-1.447648095697385,1.5462059554381555,-0.3397142857142857,0.2833333333333334,False,Meta-Llama-3.1-8B-Instruct|s2
RedHatAI/Meta-Llama-3.1-8B-Instruct-quantized.w8a16,llama-3.1,Meta-Llama-3.1-8B-Instruct,w8a16,hellaswag,80.47,0.01,0.06276958164126106,-1.4341574439265092,1.5596966072090312,-0.3397142857142857,-0.2858823529411765,True,Meta-Llama-3.1-8B-Instruct|s2
RedHatAI/Meta-Llama-3.1-8B-Instruct-quantized.w8a16,llama-3.1,Meta-Llama-3.1-8B-Instruct,w8a16,winogrande,78.06,-0.55,0.15673043051618202,-1.3401965950515882,1.6536574560839523,-0.3397142857142857,-0.18,True,Meta-Llama-3.1-8B-Instruct|s2
RedHatAI/Meta-Llama-3.1-8B-Instruct-quantized.w8a16,llama-3.1,Meta-Llama-3.1-8B-Instruct,w8a16,truthfulqa,54.48,-0.07,0.09613336243131909,-1.4007936631364513,1.5930603879990892,-0.3397142857142857,-0.22323076923076923,True,Meta-Llama-3.1-8B-Instruct|s2
RedHatAI/Meta-Llama-3.1-8B-Instruct-quantized.w8a8,llama-3.1,Meta-Llama-3.1-8B-Instruct,w8a8_int,arena_hard,25.8,1.4,-1.5500492125990517,-3.046976238166822,-0.053122187031281465,-0.3397142857142857,-1.4666666666666668,False,Meta-Llama-3.1-8B-Instruct|s2
RedHatAI/Meta-Llama-3.1-8B-Instruct-quantized.w8a8,llama-3.1,Meta-Llama-3.1-8B-Instruct,w8a8_int,mmlu,68.3,-0.5,-0.26856959224684984,-1.76549661781462,1.2283574333209204,-0.3397142857142857,-0.4864179104477612,True,Meta-Llama-3.1-8B-Instruct|s2
RedHatAI/Meta-Llama-3.1-8B-Instruct-quantized.w8a8,llama-3.1,Meta-Llama-3.1-8B-Instruct,w8a8_int,mmlu_cot,72.8,-0.6,-0.3221505629699074,-1.8190775885376778,1.1747764625978627,-0.3397142857142857,-0.4575,True,Meta-Llama-3.1-8B-Instruct|s2
RedHatAI/Meta-Llama-3.1-8B-Instruct-quantized.w8a8,llama-3.1,Meta-Llama-3.1-8B-Instruct,w8a8_int,arc_challenge,81.4,0.3,-0.11459114962124484,-1.611518175189015,1.3823358759465254,-0.3397142857142857,-0.38223880597014925,True,Meta-Llama-3.1-8B-Instruct|s2
RedHatAI/Meta-Llama-3.1-8B-Instruct-quantized.w8a8,llama-3.1,Meta-Llama-3.1-8B-Instruct,w8a8_int,gsm8k,82.8,2.0,-0.08691307758023842,-1.5838401031480087,1.4100139479875318,-0.3397142857142857,-0.3678461538461538,False,Meta-Llama-3.1-8B-Instruct|s2
RedHatAI/Meta-Llama-3.1-8B-Instruct-quantized.w8a8,llama-3.1,Meta-Llama-3.1-8B-Instruct,w8a8_int,hellaswag,80.5,-0.2,-0.07213856001181651,-1.5690655855795868,1.4247884655559537,-0.3397142857142857,-0.2858823529411765,True,Meta-Llama-3.1-8B-Instruct|s2
RedHatAI/Meta-Llama-3.1-8B-Instruct-quantized.w8a8,llama-3.1,Meta-Llama-3.1-8B-Instruct,w8a8_int,winogrande,78.1,0.4,0.021804200533791007,-1.4751228250339792,1.5187312261015613,-0.3397142857142857,-0.18,True,Meta-Llama-3.1-8B-Instruct|s2
RedHatAI/Meta-Llama-3.1-8B-Instruct-quantized.w8a8,llama-3.1,Meta-Llama-3.1-8B-Instruct,w8a8_int,truthfulqa,54.5,0.2,-0.038728933389606646,-1.5356559589573768,1.4581980921781637,-0.3397142857142857,-0.22323076923076923,True,Meta-Llama-3.1-8B-Instruct|s2
RedHatAI/Meta-Llama-3.1-8B-Instruct-quantized.w8a8,llama-3.1,Meta-Llama-3.1-8B-Instruct,w8a8_int,mmlu_pro,30.8,0.1,-1.1435077697272191,-2.6404347952949894,0.3534192558405511,-0.3397142857142857,-1.3995454545454546,True,Meta-Llama-3.1-8B-Instruct|s2
RedHatAI/Meta-Llama-3.1-8B-Instruct-quantized.w8a8,llama-3.1,Meta-Llama-3.1-8B-Instruct,w8a8_int,ifeval,77.9,0.1,0.0010907503426609844,-1.4958362752251093,1.4980177759104312,-0.3397142857142857,-0.27473684210526317,True,Meta-Llama-3.1-8B-Instruct|s2
RedHatAI/Meta-Llama-3.1-8B-Instruct-quantized.w8a8,llama-3.1,Meta-Llama-3.1-8B-Instruct,w8a8_int,bbh,30.1,0.9,-0.6061707545844379,-2.103097780152208,0.8907562709833323,-0.3397142857142857,-0.728,False,Meta-Llama-3.1-8B-Instruct|s2
RedHatAI/Meta-Llama-3.1-8B-Instruct-quantized.w8a8,llama-3.1,Meta-Llama-3.1-8B-Instruct,w8a8_int,humaneval,67.3,-0.2,0.08792714342973706,-1.4089998821380332,1.5848541689975073,-0.3397142857142857,-0.26666666666666666,True,Meta-Llama-3.1-8B-Instruct|s2
RedHatAI/Meta-Llama-3.1-8B-Instruct-quantized.w8a8,llama-3.1,Meta-Llama-3.1-8B-Instruct,w8a8_int,humaneval_plus,60.7,-0.7,0.354304724460006,-1.1426223011077643,1.8512317500277762,-0.3397142857142857,0.2833333333333334,True,Meta-Llama-3.1-8B-Instruct|s2
RedHatAI/Meta-Llama-3.1-8B-Instruct-FP8-dynamic,llama-3.1,Meta-Llama-3.1-8B-Instruct,fp8_dynamic,mmlu,67.95,0.07,-0.22368754553328069,-1.3996129828568344,0.952237891790273,-0.35158894645941274,-0.5181428571428572,True,Meta-Llama-3.1-8B-Instruct|s3
RedHatAI/Meta-Llama-3.1-8B-Instruct-FP8-dynamic,llama-3.1,Meta-Llama-3.1-8B-Instruct,fp8_dynamic,arena_hard,25.8,1.4,0.041136117168825204,-1.1347893201547286,1.2170615544923788,-0.35158894645941274,0.0666666666666667,False,Meta-Llama-3.1-8B-Instruct|s3
RedHatAI/Meta-Llama-3.1-8B-Instruct-FP8-dynamic,llama-3.1,Meta-Llama-3.1-8B-Instruct,fp8_dynamic,mmlu_cot,71.2,0.4,-0.3664550497886584,-1.542380487112212,0.8094703875348953,-0.35158894645941274,-0.620909090909091,True,Meta-Llama-3.1-8B-Instruct|s3
RedHatAI/Meta-Llama-3.1-8B-Instruct-FP8-dynamic,llama-3.1,Meta-Llama-3.1-8B-Instruct,fp8_dynamic,arc_challenge,82.0,-0.8,-0.07794944154655314,-1.2538748788701068,1.0979759957770006,-0.35158894645941274,-0.3605633802816901,True,Meta-Llama-3.1-8B-Instruct|s3
RedHatAI/Meta-Llama-3.1-8B-Instruct-FP8-dynamic,llama-3.1,Meta-Llama-3.1-8B-Instruct,fp8_dynamic,gsm8k,82.0,0.0,-0.27550454703235755,-1.4514299843559113,0.9004208902911961,-0.35158894645941274,-0.5987142857142856,True,Meta-Llama-3.1-8B-Instruct|s3
RedHatAI/Meta-Llama-3.1-8B-Instruct-FP8-dynamic,llama-3.1,Meta-Llama-3.1-8B-Instruct,fp8_dynamic,hellaswag,80.5,-0.5,0.0532953417656396,-1.122630095557914,1.2292207790891934,-0.35158894645941274,-0.20416666666666666,True,Meta-Llama-3.1-8B-Instruct|s3
RedHatAI/Meta-Llama-3.1-8B-Instruct-FP8-dynamic,llama-3.1,Meta-Llama-3.1-8B-Instruct,fp8_dynamic,winogrande,78.5,-0.8,0.08827886167729493,-1.0876465756462588,1.2642042990008486,-0.35158894645941274,-0.168,True,Meta-Llama-3.1-8B-Instruct|s3
RedHatAI/Meta-Llama-3.1-8B-Instruct-FP8-dynamic,llama-3.1,Meta-Llama-3.1-8B-Instruct,fp8_dynamic,truthfulqa,54.5,-0.2,0.07762835319026501,-1.0982970841332886,1.2535537905138188,-0.35158894645941274,-0.1852112676056338,True,Meta-Llama-3.1-8B-Instruct|s3
RedHatAI/Meta-Llama-3.1-8B-Instruct-FP8-dynamic,llama-3.1,Meta-Llama-3.1-8B-Instruct,fp8_dynamic,mmlu_pro,30.8,0.4,-1.0315253117331713,-2.207450749056725,0.1444001255903824,-0.35158894645941274,-1.4458333333333335,False,Meta-Llama-3.1-8B-Instruct|s3
RedHatAI/Meta-Llama-3.1-8B-Instruct-FP8-dynamic,llama-3.1,Meta-Llama-3.1-8B-Instruct,fp8_dynamic,ifeval,77.9,-0.7,0.15043585411523375,-1.02548958320832,1.3263612914387874,-0.35158894645941274,-0.19761904761904758,True,Meta-Llama-3.1-8B-Instruct|s3
RedHatAI/Meta-Llama-3.1-8B-Instruct-FP8-dynamic,llama-3.1,Meta-Llama-3.1-8B-Instruct,fp8_dynamic,bbh,30.1,-0.4,-0.5952857486063746,-1.7712111859299284,0.5806396887171791,-0.35158894645941274,-0.9052173913043479,True,Meta-Llama-3.1-8B-Instruct|s3
RedHatAI/Meta-Llama-3.1-8B-Instruct-FP8-dynamic,llama-3.1,Meta-Llama-3.1-8B-Instruct,fp8_dynamic,humaneval,67.3,0.0,0.08007914840061225,-1.0958462889229414,1.256004585724166,-0.35158894645941274,-0.38079999999999997,True,Meta-Llama-3.1-8B-Instruct|s3
RedHatAI/Meta-Llama-3.1-8B-Instruct-FP8-dynamic,llama-3.1,Meta-Llama-3.1-8B-Instruct,fp8_dynamic,humaneval_plus,60.7,0.6,0.3874709545741577,-0.788454482749396,1.5633963918977114,-0.35158894645941274,0.13333333333333333,True,Meta-Llama-3.1-8B-Instruct|s3
RedHatAI/Meta-Llama-3.1-8B-Instruct-FP8,llama-3.1,Meta-Llama-3.1-8B-Instruct,fp8,mmlu,67.95,0.02,-0.46646923007742297,-1.6423946674009766,0.7094562072461308,-0.35158894645941274,-0.5181428571428572,True,Meta-Llama-3.1-8B-Instruct|s3
RedHatAI/Meta-Llama-3.1-8B-Instruct-FP8,llama-3.1,Meta-Llama-3.1-8B-Instruct,fp8,mmlu_cot,71.24,-0.12,-0.6092228778136928,-1.7851483151372465,0.5667025595098609,-0.35158894645941274,-0.620909090909091,True,Meta-Llama-3.1-8B-Instruct|s3
RedHatAI/Meta-Llama-3.1-8B-Instruct-FP8,llama-3.1,Meta-Llama-3.1-8B-Instruct,fp8,arc_challenge,82.0,-0.34,-0.32073112609069543,-1.4966565634142492,0.8551943112328583,-0.35158894645941274,-0.3605633802816901,True,Meta-Llama-3.1-8B-Instruct|s3
RedHatAI/Meta-Llama-3.1-8B-Instruct-FP8,llama-3.1,Meta-Llama-3.1-8B-Instruct,fp8,gsm8k,81.96,-0.84,-0.5181605797701014,-1.6940860170936551,0.6577648575534523,-0.35158894645941274,-0.5987142857142856,True,Meta-Llama-3.1-8B-Instruct|s3
RedHatAI/Meta-Llama-3.1-8B-Instruct-FP8,llama-3.1,Meta-Llama-3.1-8B-Instruct,fp8,hellaswag,80.46,-0.06,-0.18943235101956896,-1.3653577883431227,0.9864930863039847,-0.35158894645941274,-0.20416666666666666,True,Meta-Llama-3.1-8B-Instruct|s3
RedHatAI/Meta-Llama-3.1-8B-Instruct-FP8,llama-3.1,Meta-Llama-3.1-8B-Instruct,fp8,winogrande,78.45,-0.55,-0.15438842218058554,-1.3303138595041393,1.0215370151429681,-0.35158894645941274,-0.168,True,Meta-Llama-3.1-8B-Instruct|s3
RedHatAI/Meta-Llama-3.1-8B-Instruct-FP8,llama-3.1,Meta-Llama-3.1-8B-Instruct,fp8,truthfulqa,54.5,-0.58,-0.16515333135387728,-1.341078768677431,1.0107721059696764,-0.35158894645941274,-0.1852112676056338,True,Meta-Llama-3.1-8B-Instruct|s3
RedHatAI/Meta-Llama-3.1-8B-Instruct-quantized.w4a16,llama-3.1,Meta-Llama-3.1-8B-Instruct,w4a16,arena_hard,25.8,1.4,-0.4545920182274211,-1.630517455550975,0.7213334190961326,-0.35158894645941274,0.0666666666666667,False,Meta-Llama-3.1-8B-Instruct|s3
RedHatAI/Meta-Llama-3.1-8B-Instruct-quantized.w4a16,llama-3.1,Meta-Llama-3.1-8B-Instruct,w4a16,mmlu,68.3,-1.4,-0.7191166862612712,-1.895042123584825,0.45680875106228247,-0.35158894645941274,-0.5181428571428572,True,Meta-Llama-3.1-8B-Instruct|s3
RedHatAI/Meta-Llama-3.1-8B-Instruct-quantized.w4a16,llama-3.1,Meta-Llama-3.1-8B-Instruct,w4a16,mmlu_cot,72.8,-1.7,-0.8618354904978677,-2.0377609278214215,0.31408994682568603,-0.35158894645941274,-0.620909090909091,True,Meta-Llama-3.1-8B-Instruct|s3
RedHatAI/Meta-Llama-3.1-8B-Instruct-quantized.w4a16,llama-3.1,Meta-Llama-3.1-8B-Instruct,w4a16,gsm8k,82.8,0.1,-0.7738362722235996,-1.9497617095471533,0.40208916509995407,-0.35158894645941274,-0.5987142857142856,True,Meta-Llama-3.1-8B-Instruct|s3
RedHatAI/Meta-Llama-3.1-8B-Instruct-quantized.w4a16,llama-3.1,Meta-Llama-3.1-8B-Instruct,w4a16,hellaswag,80.5,-0.6,-0.4424327936306065,-1.6183582309541602,0.7334926436929472,-0.35158894645941274,-0.20416666666666666,True,Meta-Llama-3.1-8B-Instruct|s3
RedHatAI/Meta-Llama-3.1-8B-Instruct-quantized.w4a16,llama-3.1,Meta-Llama-3.1-8B-Instruct,w4a16,winogrande,78.1,-0.1,-0.40655127105243705,-1.5824767083759907,0.7693741662711167,-0.35158894645941274,-0.168,True,Meta-Llama-3.1-8B-Instruct|s3
RedHatAI/Meta-Llama-3.1-8B-Instruct-quantized.w4a16,llama-3.1,Meta-Llama-3.1-8B-Instruct,w4a16,truthfulqa,54.5,-1.7,-0.4180997822059813,-1.594025219529535,0.7578256551175724,-0.35158894645941274,-0.1852112676056338,False,Meta-Llama-3.1-8B-Instruct|s3
RedHatAI/Meta-Llama-3.1-8B-Instruct-quantized.w4a16,llama-3.1,Meta-Llama-3.1-8B-Instruct,w4a16,mmlu_pro,30.8,-2.0,-1.5272534471294175,-2.703178884452971,-0.35132800980586376,-0.35158894645941274,-1.4458333333333335,True,Meta-Llama-3.1-8B-Instruct|s3
RedHatAI/Meta-Llama-3.1-8B-Instruct-quantized.w4a16,llama-3.1,Meta-Llama-3.1-8B-Instruct,w4a16,ifeval,77.9,-1.6,-0.3452922812810124,-1.5212177186045661,0.8306331560425413,-0.35158894645941274,-0.19761904761904758,False,Meta-Llama-3.1-8B-Instruct|s3
RedHatAI/Meta-Llama-3.1-8B-Instruct-quantized.w4a16,llama-3.1,Meta-Llama-3.1-8B-Instruct,w4a16,bbh,30.1,-1.2,-1.0910138840026207,-2.2669393213261744,0.08491155332093303,-0.35158894645941274,-0.9052173913043479,True,Meta-Llama-3.1-8B-Instruct|s3
RedHatAI/Meta-Llama-3.1-8B-Instruct-quantized.w4a16,llama-3.1,Meta-Llama-3.1-8B-Instruct,w4a16,humaneval,67.3,-0.2,-0.4156489869956339,-1.5915744243191876,0.7602764503279198,-0.35158894645941274,-0.38079999999999997,True,Meta-Llama-3.1-8B-Instruct|s3
RedHatAI/Meta-Llama-3.1-8B-Instruct-quantized.w4a16,llama-3.1,Meta-Llama-3.1-8B-Instruct,w4a16,humaneval_plus,60.7,-1.6,-0.10825718082208846,-1.2841826181456422,1.0676682565014652,-0.35158894645941274,0.13333333333333333,False,Meta-Llama-3.1-8B-Instruct|s3
RedHatAI/Meta-Llama-3.1-8B-Instruct-quantized.w8a16,llama-3.1,Meta-Llama-3.1-8B-Instruct,w8a16,hellaswag,80.47,0.01,0.007596467318597644,-1.1683289700049562,1.1835219046421512,-0.35158894645941274,-0.20416666666666666,True,Meta-Llama-3.1-8B-Instruct|s3
RedHatAI/Meta-Llama-3.1-8B-Instruct-quantized.w8a16,llama-3.1,Meta-Llama-3.1-8B-Instruct,w8a16,winogrande,78.06,-0.55,0.043525112168702196,-1.1324003251548516,1.2194505494922558,-0.35158894645941274,-0.168,True,Meta-Llama-3.1-8B-Instruct|s3
RedHatAI/Meta-Llama-3.1-8B-Instruct-quantized.w8a16,llama-3.1,Meta-Llama-3.1-8B-Instruct,w8a16,truthfulqa,54.48,-0.07,0.03183300539573819,-1.1440924319278154,1.207758442719292,-0.35158894645941274,-0.1852112676056338,True,Meta-Llama-3.1-8B-Instruct|s3
RedHatAI/Meta-Llama-3.1-8B-Instruct-quantized.w8a8,llama-3.1,Meta-Llama-3.1-8B-Instruct,w8a8_int,arena_hard,25.8,1.4,-0.02181873720882599,-1.1977441745323798,1.1541067001147276,-0.35158894645941274,0.0666666666666667,False,Meta-Llama-3.1-8B-Instruct|s3
RedHatAI/Meta-Llama-3.1-8B-Instruct-quantized.w8a8,llama-3.1,Meta-Llama-3.1-8B-Instruct,w8a8_int,mmlu,68.3,-0.5,-0.28634340524267604,-1.4622688425662298,0.8895820320808776,-0.35158894645941274,-0.5181428571428572,True,Meta-Llama-3.1-8B-Instruct|s3
RedHatAI/Meta-Llama-3.1-8B-Instruct-quantized.w8a8,llama-3.1,Meta-Llama-3.1-8B-Instruct,w8a8_int,mmlu_cot,72.8,-0.6,-0.42906220947927265,-1.6049876468028264,0.746863227844281,-0.35158894645941274,-0.620909090909091,True,Meta-Llama-3.1-8B-Instruct|s3
RedHatAI/Meta-Llama-3.1-8B-Instruct-quantized.w8a8,llama-3.1,Meta-Llama-3.1-8B-Instruct,w8a8_int,arc_challenge,81.4,0.3,-0.13897870777275217,-1.314904145096306,1.0369467295508015,-0.35158894645941274,-0.3605633802816901,True,Meta-Llama-3.1-8B-Instruct|s3
RedHatAI/Meta-Llama-3.1-8B-Instruct-quantized.w8a8,llama-3.1,Meta-Llama-3.1-8B-Instruct,w8a8_int,gsm8k,82.8,2.0,-0.34106299120500444,-1.5169884285285582,0.8348624461185492,-0.35158894645941274,-0.5987142857142856,False,Meta-Llama-3.1-8B-Instruct|s3
RedHatAI/Meta-Llama-3.1-8B-Instruct-quantized.w8a8,llama-3.1,Meta-Llama-3.1-8B-Instruct,w8a8_int,hellaswag,80.5,-0.2,-0.00965951261201159,-1.1855849499355653,1.1662659247115421,-0.35158894645941274,-0.20416666666666666,True,Meta-Llama-3.1-8B-Instruct|s3
RedHatAI/Meta-Llama-3.1-8B-Instruct-quantized.w8a8,llama-3.1,Meta-Llama-3.1-8B-Instruct,w8a8_int,winogrande,78.1,0.4,0.0262220099661582,-1.1497034273573954,1.202147447289712,-0.35158894645941274,-0.168,True,Meta-Llama-3.1-8B-Instruct|s3
RedHatAI/Meta-Llama-3.1-8B-Instruct-quantized.w8a8,llama-3.1,Meta-Llama-3.1-8B-Instruct,w8a8_int,truthfulqa,54.5,0.2,0.014673498812613817,-1.1612519385109399,1.1905989361361675,-0.35158894645941274,-0.1852112676056338,True,Meta-Llama-3.1-8B-Instruct|s3
RedHatAI/Meta-Llama-3.1-8B-Instruct-quantized.w8a8,llama-3.1,Meta-Llama-3.1-8B-Instruct,w8a8_int,mmlu_pro,30.8,0.1,-1.0944801661108225,-2.2704056034343765,0.08144527121273115,-0.35158894645941274,-1.4458333333333335,False,Meta-Llama-3.1-8B-Instruct|s3
RedHatAI/Meta-Llama-3.1-8B-Instruct-quantized.w8a8,llama-3.1,Meta-Llama-3.1-8B-Instruct,w8a8_int,ifeval,77.9,0.1,0.08748099973758261,-1.088444437585971,1.2634064370611364,-0.35158894645941274,-0.19761904761904758,True,Meta-Llama-3.1-8B-Instruct|s3
RedHatAI/Meta-Llama-3.1-8B-Instruct-quantized.w8a8,llama-3.1,Meta-Llama-3.1-8B-Instruct,w8a8_int,bbh,30.1,0.9,-0.6582406029840258,-1.8341660403075795,0.5176848343395279,-0.35158894645941274,-0.9052173913043479,False,Meta-Llama-3.1-8B-Instruct|s3
RedHatAI/Meta-Llama-3.1-8B-Instruct-quantized.w8a8,llama-3.1,Meta-Llama-3.1-8B-Instruct,w8a8_int,humaneval,67.3,-0.2,0.017124294022961006,-1.1588011433005927,1.1930497313465147,-0.35158894645941274,-0.38079999999999997,True,Meta-Llama-3.1-8B-Instruct|s3
RedHatAI/Meta-Llama-3.1-8B-Instruct-quantized.w8a8,llama-3.1,Meta-Llama-3.1-8B-Instruct,w8a8_int,humaneval_plus,60.7,-0.7,0.32451610019650656,-0.8514093371270471,1.5004415375200604,-0.35158894645941274,0.13333333333333333,True,Meta-Llama-3.1-8B-Instruct|s3
RedHatAI/Meta-Llama-3.1-8B-Instruct-FP8-dynamic,llama-3.1,Meta-Llama-3.1-8B-Instruct,fp8_dynamic,mmlu,67.95,0.07,-0.09378071049425118,-1.5661722558664781,1.3786108348779758,-0.3481191806331471,-0.4824242424242424,True,Meta-Llama-3.1-8B-Instruct|s4
RedHatAI/Meta-Llama-3.1-8B-Instruct-FP8-dynamic,llama-3.1,Meta-Llama-3.1-8B-Instruct,fp8_dynamic,arena_hard,25.8,1.4,-0.519931385627028,-1.992322930999255,0.9524601597451989,-0.3481191806331471,-0.7000000000000001,False,Meta-Llama-3.1-8B-Instruct|s4
RedHatAI/Meta-Llama-3.1-8B-Instruct-FP8-dynamic,llama-3.1,Meta-Llama-3.1-8B-Instruct,fp8_dynamic,mmlu_cot,71.2,0.4,-0.32549131905971374,-1.7978828644319407,1.1469002263125132,-0.3481191806331471,-0.5750000000000001,True,Meta-Llama-3.1-8B-Instruct|s4
RedHatAI/Meta-Llama-3.1-8B-Instruct-FP8-dynamic,llama-3.1,Meta-Llama-3.1-8B-Instruct,fp8_dynamic,arc_challenge,82.0,-0.8,-0.018670240803784433,-1.4910617861760114,1.4537213045684425,-0.3481191806331471,-0.45121212121212123,True,Meta-Llama-3.1-8B-Instruct|s4
RedHatAI/Meta-Llama-3.1-8B-Instruct-FP8-dynamic,llama-3.1,Meta-Llama-3.1-8B-Instruct,fp8_dynamic,gsm8k,82.0,0.0,0.02104924008687381,-1.4513423052853531,1.4934407854591008,-0.3481191806331471,-0.4093846153846154,True,Meta-Llama-3.1-8B-Instruct|s4
RedHatAI/Meta-Llama-3.1-8B-Instruct-FP8-dynamic,llama-3.1,Meta-Llama-3.1-8B-Instruct,fp8_dynamic,hellaswag,80.5,-0.5,0.10327650751663797,-1.369115037855589,1.575668052888865,-0.3481191806331471,-0.27194029850746265,True,Meta-Llama-3.1-8B-Instruct|s4
RedHatAI/Meta-Llama-3.1-8B-Instruct-FP8-dynamic,llama-3.1,Meta-Llama-3.1-8B-Instruct,fp8_dynamic,winogrande,78.5,-0.8,0.22327723495365592,-1.249114310418571,1.695668780325883,-0.3481191806331471,-0.13415384615384612,True,Meta-Llama-3.1-8B-Instruct|s4
RedHatAI/Meta-Llama-3.1-8B-Instruct-FP8-dynamic,llama-3.1,Meta-Llama-3.1-8B-Instruct,fp8_dynamic,truthfulqa,54.5,-0.2,0.233092099859471,-1.239299445512756,1.705483645231698,-0.3481191806331471,-0.11246153846153846,True,Meta-Llama-3.1-8B-Instruct|s4
RedHatAI/Meta-Llama-3.1-8B-Instruct-FP8-dynamic,llama-3.1,Meta-Llama-3.1-8B-Instruct,fp8_dynamic,mmlu_pro,30.8,0.4,-0.9364156633224463,-2.4088072086946735,0.5359758820497806,-0.3481191806331471,-1.4181818181818182,True,Meta-Llama-3.1-8B-Instruct|s4
RedHatAI/Meta-Llama-3.1-8B-Instruct-FP8-dynamic,llama-3.1,Meta-Llama-3.1-8B-Instruct,fp8_dynamic,ifeval,77.9,-0.7,0.2159900412288447,-1.2564015041433823,1.6883815866010716,-0.3481191806331471,-0.15869565217391304,True,Meta-Llama-3.1-8B-Instruct|s4
RedHatAI/Meta-Llama-3.1-8B-Instruct-FP8-dynamic,llama-3.1,Meta-Llama-3.1-8B-Instruct,fp8_dynamic,bbh,30.1,-0.4,-0.371241413487637,-1.843632958859864,1.10115013188459,-0.3481191806331471,-0.7141666666666667,True,Meta-Llama-3.1-8B-Instruct|s4
RedHatAI/Meta-Llama-3.1-8B-Instruct-FP8-dynamic,llama-3.1,Meta-Llama-3.1-8B-Instruct,fp8_dynamic,humaneval,67.3,0.0,0.1405731490790741,-1.331818396293153,1.612964694451301,-0.3481191806331471,-0.34285714285714286,True,Meta-Llama-3.1-8B-Instruct|s4
RedHatAI/Meta-Llama-3.1-8B-Instruct-FP8-dynamic,llama-3.1,Meta-Llama-3.1-8B-Instruct,fp8_dynamic,humaneval_plus,60.7,0.6,0.08829135726172432,-1.3841001881105026,1.5606829026339513,-0.3481191806331471,-0.19999999999999998,True,Meta-Llama-3.1-8B-Instruct|s4
RedHatAI/Meta-Llama-3.1-8B-Instruct-FP8,llama-3.1,Meta-Llama-3.1-8B-Instruct,fp8,mmlu,67.95,0.02,-0.4018098735169772,-1.8742014188892042,1.0705816718552497,-0.3481191806331471,-0.4824242424242424,True,Meta-Llama-3.1-8B-Instruct|s4
RedHatAI/Meta-Llama-3.1-8B-Instruct-FP8,llama-3.1,Meta-Llama-3.1-8B-Instruct,fp8,mmlu_cot,71.24,-0.12,-0.633408895952746,-2.105800441324973,0.838982649419481,-0.3481191806331471,-0.5750000000000001,True,Meta-Llama-3.1-8B-Instruct|s4
RedHatAI/Meta-Llama-3.1-8B-Instruct-FP8,llama-3.1,Meta-Llama-3.1-8B-Instruct,fp8,arc_challenge,82.0,-0.34,-0.3266994038265104,-1.7990909491987375,1.1456921415457164,-0.3481191806331471,-0.45121212121212123,True,Meta-Llama-3.1-8B-Instruct|s4
RedHatAI/Meta-Llama-3.1-8B-Instruct-FP8,llama-3.1,Meta-Llama-3.1-8B-Instruct,fp8,gsm8k,81.96,-0.84,-0.28700972653319684,-1.7594012719054237,1.1853818188390302,-0.3481191806331471,-0.4093846153846154,True,Meta-Llama-3.1-8B-Instruct|s4
RedHatAI/Meta-Llama-3.1-8B-Instruct-FP8,llama-3.1,Meta-Llama-3.1-8B-Instruct,fp8,hellaswag,80.46,-0.06,-0.2048367605949431,-1.67722830596717,1.267554784777284,-0.3481191806331471,-0.27194029850746265,True,Meta-Llama-3.1-8B-Instruct|s4
RedHatAI/Meta-Llama-3.1-8B-Instruct-FP8,llama-3.1,Meta-Llama-3.1-8B-Instruct,fp8,winogrande,78.45,-0.55,-0.08481086371328495,-1.5572024090855119,1.387580681658942,-0.3481191806331471,-0.13415384615384612,True,Meta-Llama-3.1-8B-Instruct|s4
RedHatAI/Meta-Llama-3.1-8B-Instruct-FP8,llama-3.1,Meta-Llama-3.1-8B-Instruct,fp8,truthfulqa,54.5,-0.58,-0.07493706316325499,-1.5473286085354818,1.397454482208972,-0.3481191806331471,-0.11246153846153846,True,Meta-Llama-3.1-8B-Instruct|s4
RedHatAI/Meta-Llama-3.1-8B-Instruct-quantized.w4a16,llama-3.1,Meta-Llama-3.1-8B-Instruct,w4a16,arena_hard,25.8,1.4,-1.062187141476468,-2.534578686848695,0.41020440389575885,-0.3481191806331471,-0.7000000000000001,False,Meta-Llama-3.1-8B-Instruct|s4
RedHatAI/Meta-Llama-3.1-8B-Instruct-quantized.w4a16,llama-3.1,Meta-Llama-3.1-8B-Instruct,w4a16,mmlu,68.3,-1.4,-0.634996706127025,-2.107388251499252,0.837394839245202,-0.3481191806331471,-0.4824242424242424,True,Meta-Llama-3.1-8B-Instruct|s4
RedHatAI/Meta-Llama-3.1-8B-Instruct-quantized.w4a16,llama-3.1,Meta-Llama-3.1-8B-Instruct,w4a16,mmlu_cot,72.8,-1.7,-0.8633581152725328,-2.3357496606447596,0.6090334300996941,-0.3481191806331471,-0.5750000000000001,True,Meta-Llama-3.1-8B-Instruct|s4
RedHatAI/Meta-Llama-3.1-8B-Instruct-quantized.w4a16,llama-3.1,Meta-Llama-3.1-8B-Instruct,w4a16,gsm8k,82.8,0.1,-0.5206592063134833,-1.9930507516857103,0.9517323390587437,-0.3481191806331471,-0.4093846153846154,True,Meta-Llama-3.1-8B-Instruct|s4
RedHatAI/Meta-Llama-3.1-8B-Instruct-quantized.w4a16,llama-3.1,Meta-Llama-3.1-8B-Instruct,w4a16,hellaswag,80.5,-0.6,-0.4389792483328021,-1.911370793705029,1.0334122970394248,-0.3481191806331471,-0.27194029850746265,True,Meta-Llama-3.1-8B-Instruct|s4
RedHatAI/Meta-Llama-3.1-8B-Instruct-quantized.w4a16,llama-3.1,Meta-Llama-3.1-8B-Instruct,w4a16,winogrande,78.1,-0.1,-0.31945879886813905,-1.791850344240366,1.152932746504088,-0.3481191806331471,-0.13415384615384612,True,Meta-Llama-3.1-8B-Instruct|s4
RedHatAI/Meta-Llama-3.1-8B-Instruct-quantized.w4a16,llama-3.1,Meta-Llama-3.1-8B-Instruct,w4a16,truthfulqa,54.5,-1.7,-0.30916365598996903,-1.781555201362196,1.1632278893822579,-0.3481191806331471,-0.11246153846153846,True,Meta-Llama-3.1-8B-Instruct|s4
RedHatAI/Meta-Llama-3.1-8B-Instruct-quantized.w4a16,llama-3.1,Meta-Llama-3.1-8B-Instruct,w4a16,mmlu_pro,30.8,-2.0,-1.4786714191718864,-2.9510629645441133,-0.006279873799659441,-0.3481191806331471,-1.4181818181818182,True,Meta-Llama-3.1-8B-Instruct|s4
RedHatAI/Meta-Llama-3.1-8B-Instruct-quantized.w4a16,llama-3.1,Meta-Llama-3.1-8B-Instruct,w4a16,ifeval,77.9,-1.6,-0.3262657146205955,-1.7986572599928223,1.1461258307516315,-0.3481191806331471,-0.15869565217391304,True,Meta-Llama-3.1-8B-Instruct|s4
RedHatAI/Meta-Llama-3.1-8B-Instruct-quantized.w4a16,llama-3.1,Meta-Llama-3.1-8B-Instruct,w4a16,bbh,30.1,-1.2,-0.913497169337077,-2.3858887147093037,0.5588943760351499,-0.3481191806331471,-0.7141666666666667,True,Meta-Llama-3.1-8B-Instruct|s4
RedHatAI/Meta-Llama-3.1-8B-Instruct-quantized.w4a16,llama-3.1,Meta-Llama-3.1-8B-Instruct,w4a16,humaneval,67.3,-0.2,-0.401682606770366,-1.874074152142593,1.070708938601861,-0.3481191806331471,-0.34285714285714286,True,Meta-Llama-3.1-8B-Instruct|s4
RedHatAI/Meta-Llama-3.1-8B-Instruct-quantized.w4a16,llama-3.1,Meta-Llama-3.1-8B-Instruct,w4a16,humaneval_plus,60.7,-1.6,-0.45396439858771565,-1.9263559439599427,1.0184271467845112,-0.3481191806331471,-0.19999999999999998,True,Meta-Llama-3.1-8B-Instruct|s4
RedHatAI/Meta-Llama-3.1-8B-Instruct-quantized.w8a16,llama-3.1,Meta-Llama-3.1-8B-Instruct,w8a16,hellaswag,80.47,0.01,-0.11757992477640855,-1.5899714701486354,1.3548116205958185,-0.3481191806331471,-0.27194029850746265,True,Meta-Llama-3.1-8B-Instruct|s4
RedHatAI/Meta-Llama-3.1-8B-Instruct-quantized.w8a16,llama-3.1,Meta-Llama-3.1-8B-Instruct,w8a16,winogrande,78.06,-0.55,0.001954464077742357,-1.4704370812944845,1.4743460094499694,-0.3481191806331471,-0.13415384615384612,True,Meta-Llama-3.1-8B-Instruct|s4
RedHatAI/Meta-Llama-3.1-8B-Instruct-quantized.w8a16,llama-3.1,Meta-Llama-3.1-8B-Instruct,w8a16,truthfulqa,54.48,-0.07,0.012228196431809335,-1.4601633489404175,1.4846197418040363,-0.3481191806331471,-0.11246153846153846,True,Meta-Llama-3.1-8B-Instruct|s4
RedHatAI/Meta-Llama-3.1-8B-Instruct-quantized.w8a8,llama-3.1,Meta-Llama-3.1-8B-Instruct,w8a8_int,arena_hard,25.8,1.4,-0.7948257545257509,-2.267217299897978,0.6775657908464761,-0.3481191806331471,-0.7000000000000001,False,Meta-Llama-3.1-8B-Instruct|s4
RedHatAI/Meta-Llama-3.1-8B-Instruct-quantized.w8a8,llama-3.1,Meta-Llama-3.1-8B-Instruct,w8a8_int,mmlu,68.3,-0.5,-0.3676353191763077,-1.8400268645485347,1.1047562261959192,-0.3481191806331471,-0.4824242424242424,True,Meta-Llama-3.1-8B-Instruct|s4
RedHatAI/Meta-Llama-3.1-8B-Instruct-quantized.w8a8,llama-3.1,Meta-Llama-3.1-8B-Instruct,w8a8_int,mmlu_cot,72.8,-0.6,-0.5959967283218157,-2.0683882736940427,0.8763948170504112,-0.3481191806331471,-0.5750000000000001,True,Meta-Llama-3.1-8B-Instruct|s4
RedHatAI/Meta-Llama-3.1-8B-Instruct-quantized.w8a8,llama-3.1,Meta-Llama-3.1-8B-Instruct,w8a8_int,arc_challenge,81.4,0.3,-0.2939653096344815,-1.7663568550067084,1.1784262357377455,-0.3481191806331471,-0.45121212121212123,True,Meta-Llama-3.1-8B-Instruct|s4
RedHatAI/Meta-Llama-3.1-8B-Instruct-quantized.w8a8,llama-3.1,Meta-Llama-3.1-8B-Instruct,w8a8_int,gsm8k,82.8,2.0,-0.25329781936276613,-1.7256893647349931,1.2190937260094608,-0.3481191806331471,-0.4093846153846154,False,Meta-Llama-3.1-8B-Instruct|s4
RedHatAI/Meta-Llama-3.1-8B-Instruct-quantized.w8a8,llama-3.1,Meta-Llama-3.1-8B-Instruct,w8a8_int,hellaswag,80.5,-0.2,-0.17161786138208496,-1.6440094067543118,1.300773683990142,-0.3481191806331471,-0.27194029850746265,True,Meta-Llama-3.1-8B-Instruct|s4
RedHatAI/Meta-Llama-3.1-8B-Instruct-quantized.w8a8,llama-3.1,Meta-Llama-3.1-8B-Instruct,w8a8_int,winogrande,78.1,0.4,-0.05209741191742184,-1.5244889572896487,1.4202941334548052,-0.3481191806331471,-0.13415384615384612,True,Meta-Llama-3.1-8B-Instruct|s4
RedHatAI/Meta-Llama-3.1-8B-Instruct-quantized.w8a8,llama-3.1,Meta-Llama-3.1-8B-Instruct,w8a8_int,truthfulqa,54.5,0.2,-0.04180226903925194,-1.5141938144114788,1.430589276332975,-0.3481191806331471,-0.11246153846153846,True,Meta-Llama-3.1-8B-Instruct|s4
RedHatAI/Meta-Llama-3.1-8B-Instruct-quantized.w8a8,llama-3.1,Meta-Llama-3.1-8B-Instruct,w8a8_int,mmlu_pro,30.8,0.1,-1.2113100322211692,-2.6837015775933963,0.26108151315105776,-0.3481191806331471,-1.4181818181818182,True,Meta-Llama-3.1-8B-Instruct|s4
RedHatAI/Meta-Llama-3.1-8B-Instruct-quantized.w8a8,llama-3.1,Meta-Llama-3.1-8B-Instruct,w8a8_int,ifeval,77.9,0.1,-0.05890432766987824,-1.5312958730421051,1.4134872177023488,-0.3481191806331471,-0.15869565217391304,True,Meta-Llama-3.1-8B-Instruct|s4
RedHatAI/Meta-Llama-3.1-8B-Instruct-quantized.w8a8,llama-3.1,Meta-Llama-3.1-8B-Instruct,w8a8_int,bbh,30.1,0.9,-0.6461357823863599,-2.1185273277585868,0.826255762985867,-0.3481191806331471,-0.7141666666666667,False,Meta-Llama-3.1-8B-Instruct|s4
RedHatAI/Meta-Llama-3.1-8B-Instruct-quantized.w8a8,llama-3.1,Meta-Llama-3.1-8B-Instruct,w8a8_int,humaneval,67.3,-0.2,-0.13432121981964884,-1.6067127651918758,1.338070325552578,-0.3481191806331471,-0.34285714285714286,True,Meta-Llama-3.1-8B-Instruct|s4
RedHatAI/Meta-Llama-3.1-8B-Instruct-quantized.w8a8,llama-3.1,Meta-Llama-3.1-8B-Instruct,w8a8_int,humaneval_plus,60.7,-0.7,-0.1866030116369986,-1.6589945570092255,1.2857885337352284,-0.3481191806331471,-0.19999999999999998,True,Meta-Llama-3.1-8B-Instruct|s4
RedHatAI/Mistral-7B-Instruct-v0.3-FP8,mistral,Mistral-7B-Instruct-v0.3,fp8,mmlu,61.84,-0.21,-0.4673430145635694,-1.9584840502498162,1.0237980211226776,-0.31927652733118966,-0.46271428571428574,True,Mistral-7B-Instruct-v0.3|s0
RedHatAI/Mistral-7B-Instruct-v0.3-FP8,mistral,Mistral-7B-Instruct-v0.3,fp8,arc_challenge,63.57,0.16,-0.34243397331696035,-1.8335750090032072,1.1487070623692865,-0.31927652733118966,-0.3455714285714286,True,Mistral-7B-Instruct-v0.3|s0
RedHatAI/Mistral-7B-Instruct-v0.3-FP8,mistral,Mistral-7B-Instruct-v0.3,fp8,gsm8k,49.05,-1.51,-0.3102455183773453,-1.8013865540635923,1.1808955173089015,-0.31927652733118966,-0.3363768115942029,True,Mistral-7B-Instruct-v0.3|s0
RedHatAI/Mistral-7B-Instruct-v0.3-FP8,mistral,Mistral-7B-Instruct-v0.3,fp8,hellaswag,84.76,-0.24,-0.25042006955510887,-1.7415611052413558,1.240720966131138,-0.31927652733118966,-0.18493150684931506,True,Mistral-7B-Instruct-v0.3|s0
RedHatAI/Mistral-7B-Instruct-v0.3-FP8,mistral,Mistral-7B-Instruct-v0.3,fp8,winogrande,79.4,-1.1,-0.2705067242950266,-1.7616477599812734,1.2206343113912204,-0.31927652733118966,-0.22492957746478873,True,Mistral-7B-Instruct-v0.3|s0
RedHatAI/Mistral-7B-Instruct-v0.3-FP8,mistral,Mistral-7B-Instruct-v0.3,fp8,truthfulqa,59.37,0.03,-0.2367253292144992,-1.7278663649007462,1.2544157064717476,-0.31927652733118966,-0.21068493150684933,True,Mistral-7B-Instruct-v0.3|s0
RedHatAI/Mistral-7B-Instruct-v0.3-quantized.w4a16,mistral,Mistral-7B-Instruct-v0.3,w4a16,mmlu,61.84,-1.01,-0.8392566093451521,-2.330397645031399,0.6518844263410948,-0.31927652733118966,-0.46271428571428574,True,Mistral-7B-Instruct-v0.3|s0
RedHatAI/Mistral-7B-Instruct-v0.3-quantized.w4a16,mistral,Mistral-7B-Instruct-v0.3,w4a16,arc_challenge,63.73,0.17,-0.7145071459209329,-2.20564818160718,0.776633889765314,-0.31927652733118966,-0.3455714285714286,True,Mistral-7B-Instruct-v0.3|s0
RedHatAI/Mistral-7B-Instruct-v0.3-quantized.w4a16,mistral,Mistral-7B-Instruct-v0.3,w4a16,gsm8k,49.27,-5.91,-0.6818220015310883,-2.172963037217335,0.8093190341551586,-0.31927652733118966,-0.3363768115942029,False,Mistral-7B-Instruct-v0.3|s0
RedHatAI/Mistral-7B-Instruct-v0.3-quantized.w4a16,mistral,Mistral-7B-Instruct-v0.3,w4a16,hellaswag,84.84,-0.77,-0.6226105133342263,-2.1137515490204732,0.8685305223520206,-0.31927652733118966,-0.18493150684931506,True,Mistral-7B-Instruct-v0.3|s0
RedHatAI/Mistral-7B-Instruct-v0.3-quantized.w4a16,mistral,Mistral-7B-Instruct-v0.3,w4a16,winogrande,79.55,0.32,-0.6430273097928991,-2.134168345479146,0.8481137258933478,-0.31927652733118966,-0.22492957746478873,True,Mistral-7B-Instruct-v0.3|s0
RedHatAI/Mistral-7B-Instruct-v0.3-quantized.w4a16,mistral,Mistral-7B-Instruct-v0.3,w4a16,truthfulqa,59.33,-0.86,-0.6086248809347441,-2.099765916620991,0.8825161547515028,-0.31927652733118966,-0.21068493150684933,True,Mistral-7B-Instruct-v0.3|s0
RedHatAI/Mistral-7B-Instruct-v0.3-quantized.w8a16,mistral,Mistral-7B-Instruct-v0.3,w8a16,mmlu,61.84,0.22,-0.48264092049788343,-1.9737819561841303,1.0085001151883635,-0.31927652733118966,-0.46271428571428574,True,Mistral-7B-Instruct-v0.3|s0
RedHatAI/Mistral-7B-Instruct-v0.3-quantized.w8a16,mistral,Mistral-7B-Instruct-v0.3,w8a16,arc_challenge,63.74,0.52,-0.3579015838997686,-1.8490426195860155,1.1332394517864783,-0.31927652733118966,-0.3455714285714286,True,Mistral-7B-Instruct-v0.3|s0
RedHatAI/Mistral-7B-Instruct-v0.3-quantized.w8a16,mistral,Mistral-7B-Instruct-v0.3,w8a16,gsm8k,49.28,1.14,-0.3251911836081104,-1.8163322192943574,1.1659498520781364,-0.31927652733118966,-0.3363768115942029,True,Mistral-7B-Instruct-v0.3|s0
RedHatAI/Mistral-7B-Instruct-v0.3-quantized.w8a16,mistral,Mistral-7B-Instruct-v0.3,w8a16,hellaswag,84.84,-0.06,-0.26599482448695755,-1.7571358601732046,1.2251462111992892,-0.31927652733118966,-0.18493150684931506,True,Mistral-7B-Instruct-v0.3|s0
RedHatAI/Mistral-7B-Instruct-v0.3-quantized.w8a16,mistral,Mistral-7B-Instruct-v0.3,w8a16,winogrande,79.56,-0.08,-0.2864522666870753,-1.7775933023733221,1.2046887689991717,-0.31927652733118966,-0.22492957746478873,True,Mistral-7B-Instruct-v0.3|s0
RedHatAI/Mistral-7B-Instruct-v0.3-quantized.w8a16,mistral,Mistral-7B-Instruct-v0.3,w8a16,truthfulqa,59.33,0.15,-0.2520091920874753,-1.743150227773722,1.2391318435987717,-0.31927652733118966,-0.21068493150684933,True,Mistral-7B-Instruct-v0.3|s0
RedHatAI/Mistral-7B-Instruct-v0.3-FP8,mistral,Mistral-7B-Instruct-v0.3,fp8,mmlu,61.84,-0.21,-0.4044522761102496,-1.858466791135226,1.0495622389147268,-0.33709886547811996,-0.5005479452054794,True,Mistral-7B-Instruct-v0.3|s1
RedHatAI/Mistral-7B-Instruct-v0.3-FP8,mistral,Mistral-7B-Instruct-v0.3,fp8,arc_challenge,63.57,0.16,-0.2286998432207693,-1.6827143582457458,1.225314671804207,-0.33709886547811996,-0.3211267605633803,True,Mistral-7B-Instruct-v0.3|s1
RedHatAI/Mistral-7B-Instruct-v0.3-FP8,mistral,Mistral-7B-Instruct-v0.3,fp8,gsm8k,49.05,-1.51,-0.38296793802788665,-1.8369824530528631,1.0710465769970896,-0.33709886547811996,-0.5197183098591549,True,Mistral-7B-Instruct-v0.3|s1
RedHatAI/Mistral-7B-Instruct-v0.3-FP8,mistral,Mistral-7B-Instruct-v0.3,fp8,hellaswag,84.76,-0.24,-0.14270843507265818,-1.5967229500976345,1.3113060799523182,-0.33709886547811996,-0.19,True,Mistral-7B-Instruct-v0.3|s1
RedHatAI/Mistral-7B-Instruct-v0.3-FP8,mistral,Mistral-7B-Instruct-v0.3,fp8,winogrande,79.4,-1.1,-0.13145218597584368,-1.58546670100082,1.3225623290491326,-0.33709886547811996,-0.18534246575342464,True,Mistral-7B-Instruct-v0.3|s1
RedHatAI/Mistral-7B-Instruct-v0.3-FP8,mistral,Mistral-7B-Instruct-v0.3,fp8,truthfulqa,59.37,0.03,-0.10710409579322153,-1.5611186108181978,1.346910419231755,-0.33709886547811996,-0.1721917808219178,True,Mistral-7B-Instruct-v0.3|s1
RedHatAI/Mistral-7B-Instruct-v0.3-quantized.w4a16,mistral,Mistral-7B-Instruct-v0.3,w4a16,mmlu,61.84,-1.01,-1.103124448981854,-2.55713896400683,0.35089006604312245,-0.33709886547811996,-0.5005479452054794,True,Mistral-7B-Instruct-v0.3|s1
RedHatAI/Mistral-7B-Instruct-v0.3-quantized.w4a16,mistral,Mistral-7B-Instruct-v0.3,w4a16,arc_challenge,63.73,0.17,-0.9274685639575116,-2.381483078982488,0.5265459510674647,-0.33709886547811996,-0.3211267605633803,True,Mistral-7B-Instruct-v0.3|s1
RedHatAI/Mistral-7B-Instruct-v0.3-quantized.w4a16,mistral,Mistral-7B-Instruct-v0.3,w4a16,gsm8k,49.27,-5.91,-1.0814469036273278,-2.535461418652304,0.3725676113976486,-0.33709886547811996,-0.5197183098591549,False,Mistral-7B-Instruct-v0.3|s1
RedHatAI/Mistral-7B-Instruct-v0.3-quantized.w4a16,mistral,Mistral-7B-Instruct-v0.3,w4a16,hellaswag,84.84,-0.77,-0.8415155326962934,-2.29553004772127,0.6124989823286829,-0.33709886547811996,-0.19,True,Mistral-7B-Instruct-v0.3|s1
RedHatAI/Mistral-7B-Instruct-v0.3-quantized.w4a16,mistral,Mistral-7B-Instruct-v0.3,w4a16,winogrande,79.55,0.32,-0.8304953360578187,-2.2845098510827953,0.6235191789671577,-0.33709886547811996,-0.18534246575342464,True,Mistral-7B-Instruct-v0.3|s1
RedHatAI/Mistral-7B-Instruct-v0.3-quantized.w4a16,mistral,Mistral-7B-Instruct-v0.3,w4a16,truthfulqa,59.33,-0.86,-0.8057660509834574,-2.259780566008434,0.6482484640415189,-0.33709886547811996,-0.1721917808219178,True,Mistral-7B-Instruct-v0.3|s1
RedHatAI/Mistral-7B-Instruct-v0.3-quantized.w8a16,mistral,Mistral-7B-Instruct-v0.3,w8a16,mmlu,61.84,0.22,-0.6320435541800512,-2.0860580692050275,0.8219709608449252,-0.33709886547811996,-0.5005479452054794,True,Mistral-7B-Instruct-v0.3|s1
RedHatAI/Mistral-7B-Instruct-v0.3-quantized.w8a16,mistral,Mistral-7B-Instruct-v0.3,w8a16,arc_challenge,63.74,0.52,-0.45639379454323753,-1.9104083095682138,0.9976207204817389,-0.33709886547811996,-0.3211267605633803,True,Mistral-7B-Instruct-v0.3|s1
RedHatAI/Mistral-7B-Instruct-v0.3-quantized.w8a16,mistral,Mistral-7B-Instruct-v0.3,w8a16,gsm8k,49.28,1.14,-0.6103573384806307,-2.064371853505607,0.8436571765443457,-0.33709886547811996,-0.5197183098591549,False,Mistral-7B-Instruct-v0.3|s1
RedHatAI/Mistral-7B-Instruct-v0.3-quantized.w8a16,mistral,Mistral-7B-Instruct-v0.3,w8a16,hellaswag,84.84,-0.06,-0.37043463789449066,-1.824449152919467,1.0835798771304856,-0.33709886547811996,-0.19,True,Mistral-7B-Instruct-v0.3|s1
RedHatAI/Mistral-7B-Instruct-v0.3-quantized.w8a16,mistral,Mistral-7B-Instruct-v0.3,w8a16,winogrande,79.56,-0.08,-0.35943929002720426,-1.8134538050521807,1.094575224997772,-0.33709886547811996,-0.18534246575342464,True,Mistral-7B-Instruct-v0.3|s1
RedHatAI/Mistral-7B-Instruct-v0.3-quantized.w8a16,mistral,Mistral-7B-Instruct-v0.3,w8a16,truthfulqa,59.33,0.15,-0.33468515618165473,-1.788699671206631,1.1193293588433217,-0.33709886547811996,-0.1721917808219178,True,Mistral-7B-Instruct-v0.3|s1
RedHatAI/Mistral-7B-Instruct-v0.3-FP8,mistral,Mistral-7B-Instruct-v0.3,fp8,mmlu,61.84,-0.21,-0.3899553671009904,-2.5831181074697085,1.8032073732677276,-0.32548281505728316,-0.43816901408450704,True,Mistral-7B-Instruct-v0.3|s2
RedHatAI/Mistral-7B-Instruct-v0.3-FP8,mistral,Mistral-7B-Instruct-v0.3,fp8,arc_challenge,63.57,0.16,-0.35889812178478564,-2.5520608621535037,1.8342646185839322,-0.32548281505728316,-0.4182857142857143,True,Mistral-7B-Instruct-v0.3|s2
RedHatAI/Mistral-7B-Instruct-v0.3-FP8,mistral,Mistral-7B-Instruct-v0.3,fp8,gsm8k,49.05,-1.51,-0.3813731960762776,-2.5745359364449953,1.8117895442924403,-0.32548281505728316,-0.5055714285714286,True,Mistral-7B-Instruct-v0.3|s2
RedHatAI/Mistral-7B-Instruct-v0.3-FP8,mistral,Mistral-7B-Instruct-v0.3,fp8,hellaswag,84.76,-0.24,-0.17515030104909912,-2.3683130414178173,2.0180124393196186,-0.32548281505728316,-0.166986301369863,True,Mistral-7B-Instruct-v0.3|s2
RedHatAI/Mistral-7B-Instruct-v0.3-FP8,mistral,Mistral-7B-Instruct-v0.3,fp8,winogrande,79.4,-1.1,-0.19711720403631353,-2.3902799444050316,1.9960455363324043,-0.32548281505728316,-0.20140845070422533,True,Mistral-7B-Instruct-v0.3|s2
RedHatAI/Mistral-7B-Instruct-v0.3-FP8,mistral,Mistral-7B-Instruct-v0.3,fp8,truthfulqa,59.37,0.03,-0.1624790794728812,-2.3556418198415994,2.0306836608958365,-0.32548281505728316,-0.17242857142857143,True,Mistral-7B-Instruct-v0.3|s2
RedHatAI/Mistral-7B-Instruct-v0.3-quantized.w4a16,mistral,Mistral-7B-Instruct-v0.3,w4a16,mmlu,61.84,-1.01,-0.764730808676061,-2.957893549044779,1.428431931692657,-0.32548281505728316,-0.43816901408450704,True,Mistral-7B-Instruct-v0.3|s2
RedHatAI/Mistral-7B-Instruct-v0.3-quantized.w4a16,mistral,Mistral-7B-Instruct-v0.3,w4a16,arc_challenge,63.73,0.17,-0.7341207699559353,-2.9272835103246533,1.4590419704127826,-0.32548281505728316,-0.4182857142857143,True,Mistral-7B-Instruct-v0.3|s2
RedHatAI/Mistral-7B-Instruct-v0.3-quantized.w4a16,mistral,Mistral-7B-Instruct-v0.3,w4a16,gsm8k,49.27,-5.91,-0.7568957269966905,-2.9500584673654084,1.4362670133720274,-0.32548281505728316,-0.5055714285714286,False,Mistral-7B-Instruct-v0.3|s2
RedHatAI/Mistral-7B-Instruct-v0.3-quantized.w4a16,mistral,Mistral-7B-Instruct-v0.3,w4a16,hellaswag,84.84,-0.77,-0.550004013608486,-2.7431667539772038,1.643158726760232,-0.32548281505728316,-0.166986301369863,True,Mistral-7B-Instruct-v0.3|s2
RedHatAI/Mistral-7B-Instruct-v0.3-quantized.w4a16,mistral,Mistral-7B-Instruct-v0.3,w4a16,winogrande,79.55,0.32,-0.5722463287650181,-2.765409069133736,1.6209164116036998,-0.32548281505728316,-0.20140845070422533,True,Mistral-7B-Instruct-v0.3|s2
RedHatAI/Mistral-7B-Instruct-v0.3-quantized.w4a16,mistral,Mistral-7B-Instruct-v0.3,w4a16,truthfulqa,59.33,-0.86,-0.5371323944910233,-2.730295134859741,1.6560303458776946,-0.32548281505728316,-0.17242857142857143,True,Mistral-7B-Instruct-v0.3|s2
RedHatAI/Mistral-7B-Instruct-v0.3-quantized.w8a16,mistral,Mistral-7B-Instruct-v0.3,w8a16,mmlu,61.84,0.22,-0.40051971865158764,-2.5936824590203056,1.7926430217171303,-0.32548281505728316,-0.43816901408450704,True,Mistral-7B-Instruct-v0.3|s2
RedHatAI/Mistral-7B-Instruct-v0.3-quantized.w8a16,mistral,Mistral-7B-Instruct-v0.3,w8a16,arc_challenge,63.74,0.52,-0.3699375987822095,-2.5631003391509273,1.8232251415865084,-0.32548281505728316,-0.4182857142857143,True,Mistral-7B-Instruct-v0.3|s2
RedHatAI/Mistral-7B-Instruct-v0.3-quantized.w8a16,mistral,Mistral-7B-Instruct-v0.3,w8a16,gsm8k,49.28,1.14,-0.39271854285769253,-2.5858812832264104,1.8004441975110255,-0.32548281505728316,-0.5055714285714286,True,Mistral-7B-Instruct-v0.3|s2
RedHatAI/Mistral-7B-Instruct-v0.3-quantized.w8a16,mistral,Mistral-7B-Instruct-v0.3,w8a16,hellaswag,84.84,-0.06,-0.18579292358401267,-2.3789556639527305,2.0073698167847054,-0.32548281505728316,-0.166986301369863,True,Mistral-7B-Instruct-v0.3|s2
RedHatAI/Mistral-7B-Instruct-v0.3-quantized.w8a16,mistral,Mistral-7B-Instruct-v0.3,w8a16,winogrande,79.56,-0.08,-0.20805881504755674,-2.401221555416275,1.985103925321161,-0.32548281505728316,-0.20140845070422533,True,Mistral-7B-Instruct-v0.3|s2
RedHatAI/Mistral-7B-Instruct-v0.3-quantized.w8a16,mistral,Mistral-7B-Instruct-v0.3,w8a16,truthfulqa,59.33,0.15,-0.17292130446654996,-2.366084044835268,2.020241435902168,-0.32548281505728316,-0.17242857142857143,True,Mistral-7B-Instruct-v0.3|s2
RedHatAI/Mistral-7B-Instruct-v0.3-FP8,mistral,Mistral-7B-Instruct-v0.3,fp8,mmlu,61.84,-0.21,-0.46246574358144377,-2.0049770383786245,1.0800455512157368,-0.39675298804780873,-0.5511475409836065,True,Mistral-7B-Instruct-v0.3|s3
RedHatAI/Mistral-7B-Instruct-v0.3-FP8,mistral,Mistral-7B-Instruct-v0.3,fp8,arc_challenge,63.57,0.16,-0.36752904806229525,-1.9100403428594759,1.1749822467348854,-0.39675298804780873,-0.4637096774193548,True,Mistral-7B-Instruct-v0.3|s3
RedHatAI/Mistral-7B-Instruct-v0.3-FP8,mistral,Mistral-7B-Instruct-v0.3,fp8,gsm8k,49.05,-1.51,-0.447042263983292,-1.9895535587804727,1.0954690308138886,-0.39675298804780873,-0.5637704918032787,True,Mistral-7B-Instruct-v0.3|s3
RedHatAI/Mistral-7B-Instruct-v0.3-FP8,mistral,Mistral-7B-Instruct-v0.3,fp8,hellaswag,84.76,-0.24,-0.1569408419791335,-1.6994521367763142,1.385570452818047,-0.39675298804780873,-0.19333333333333333,True,Mistral-7B-Instruct-v0.3|s3
RedHatAI/Mistral-7B-Instruct-v0.3-FP8,mistral,Mistral-7B-Instruct-v0.3,fp8,winogrande,79.4,-1.1,-0.16269082002147423,-1.705202114818655,1.3798204747757064,-0.39675298804780873,-0.20887096774193548,True,Mistral-7B-Instruct-v0.3|s3
RedHatAI/Mistral-7B-Instruct-v0.3-FP8,mistral,Mistral-7B-Instruct-v0.3,fp8,truthfulqa,59.37,0.03,-0.1305307269874023,-1.673042021784583,1.4119805678097783,-0.39675298804780873,-0.18366666666666667,True,Mistral-7B-Instruct-v0.3|s3
RedHatAI/Mistral-7B-Instruct-v0.3-quantized.w4a16,mistral,Mistral-7B-Instruct-v0.3,w4a16,mmlu,61.84,-1.01,-1.0137514282616098,-2.5562627230587904,0.5287598665355708,-0.39675298804780873,-0.5511475409836065,True,Mistral-7B-Instruct-v0.3|s3
RedHatAI/Mistral-7B-Instruct-v0.3-quantized.w4a16,mistral,Mistral-7B-Instruct-v0.3,w4a16,arc_challenge,63.73,0.17,-0.9187681043420448,-2.4612793991392254,0.6237431904551358,-0.39675298804780873,-0.4637096774193548,True,Mistral-7B-Instruct-v0.3|s3
RedHatAI/Mistral-7B-Instruct-v0.3-quantized.w4a16,mistral,Mistral-7B-Instruct-v0.3,w4a16,gsm8k,49.27,-5.91,-0.9978386533819942,-2.5403499481791747,0.5446726414151865,-0.39675298804780873,-0.5637704918032787,False,Mistral-7B-Instruct-v0.3|s3
RedHatAI/Mistral-7B-Instruct-v0.3-quantized.w4a16,mistral,Mistral-7B-Instruct-v0.3,w4a16,hellaswag,84.84,-0.77,-0.7083629849426555,-2.2508742797398362,0.8341483098545251,-0.39675298804780873,-0.19333333333333333,True,Mistral-7B-Instruct-v0.3|s3
RedHatAI/Mistral-7B-Instruct-v0.3-quantized.w4a16,mistral,Mistral-7B-Instruct-v0.3,w4a16,winogrande,79.55,0.32,-0.714278196765326,-2.2567894915625066,0.8282330980318546,-0.39675298804780873,-0.20887096774193548,True,Mistral-7B-Instruct-v0.3|s3
RedHatAI/Mistral-7B-Instruct-v0.3-quantized.w4a16,mistral,Mistral-7B-Instruct-v0.3,w4a16,truthfulqa,59.33,-0.86,-0.6818482105220416,-2.224359505319222,0.860663084275139,-0.39675298804780873,-0.18366666666666667,True,Mistral-7B-Instruct-v0.3|s3
RedHatAI/Mistral-7B-Instruct-v0.3-quantized.w8a16,mistral,Mistral-7B-Instruct-v0.3,w8a16,mmlu,61.84,0.22,-0.48726227713430975,-2.02977357193149,1.0552490176628708,-0.39675298804780873,-0.5511475409836065,True,Mistral-7B-Instruct-v0.3|s3
RedHatAI/Mistral-7B-Instruct-v0.3-quantized.w8a16,mistral,Mistral-7B-Instruct-v0.3,w8a16,arc_challenge,63.74,0.52,-0.3922761555396665,-1.9347874503368472,1.150235139257514,-0.39675298804780873,-0.4637096774193548,True,Mistral-7B-Instruct-v0.3|s3
RedHatAI/Mistral-7B-Instruct-v0.3-quantized.w8a16,mistral,Mistral-7B-Instruct-v0.3,w8a16,gsm8k,49.28,1.14,-0.4713274105285861,-2.013838705325767,1.0711838842685946,-0.39675298804780873,-0.5637704918032787,False,Mistral-7B-Instruct-v0.3|s3
RedHatAI/Mistral-7B-Instruct-v0.3-quantized.w8a16,mistral,Mistral-7B-Instruct-v0.3,w8a16,hellaswag,84.84,-0.06,-0.1818738338153554,-1.724385128612536,1.3606374609818253,-0.39675298804780873,-0.19333333333333333,True,Mistral-7B-Instruct-v0.3|s3
RedHatAI/Mistral-7B-Instruct-v0.3-quantized.w8a16,mistral,Mistral-7B-Instruct-v0.3,w8a16,winogrande,79.56,-0.08,-0.18780929197160814,-1.7303205867687887,1.3547020028255725,-0.39675298804780873,-0.20887096774193548,True,Mistral-7B-Instruct-v0.3|s3
RedHatAI/Mistral-7B-Instruct-v0.3-quantized.w8a16,mistral,Mistral-7B-Instruct-v0.3,w8a16,truthfulqa,59.33,0.15,-0.15535905939474148,-1.697870354191922,1.3871522354024393,-0.39675298804780873,-0.18366666666666667,True,Mistral-7B-Instruct-v0.3|s3
RedHatAI/Mistral-7B-Instruct-v0.3-FP8,mistral,Mistral-7B-Instruct-v0.3,fp8,mmlu,61.84,-0.21,-0.520345378814958,-2.1596421468130917,1.118951389183176,-0.4438623326959847,-0.53953125,True,Mistral-7B-Instruct-v0.3|s4
RedHatAI/Mistral-7B-Instruct-v0.3-FP8,mistral,Mistral-7B-Instruct-v0.3,fp8,arc_challenge,63.57,0.16,-0.44423463356379034,-2.083531401561924,1.1950621344343435,-0.4438623326959847,-0.49692307692307686,True,Mistral-7B-Instruct-v0.3|s4
RedHatAI/Mistral-7B-Instruct-v0.3-FP8,mistral,Mistral-7B-Instruct-v0.3,fp8,gsm8k,49.05,-1.51,-0.9276749740478603,-2.566971742045994,0.7116217939502736,-0.4438623326959847,-0.99796875,True,Mistral-7B-Instruct-v0.3|s4
RedHatAI/Mistral-7B-Instruct-v0.3-FP8,mistral,Mistral-7B-Instruct-v0.3,fp8,hellaswag,84.76,-0.24,-0.20776927278256171,-1.8470660407806956,1.431527495215572,-0.4438623326959847,-0.2865151515151515,True,Mistral-7B-Instruct-v0.3|s4
RedHatAI/Mistral-7B-Instruct-v0.3-FP8,mistral,Mistral-7B-Instruct-v0.3,fp8,winogrande,79.4,-1.1,-0.21854746505601852,-1.8578442330541525,1.4207493029421152,-0.4438623326959847,-0.28287878787878784,True,Mistral-7B-Instruct-v0.3|s4
RedHatAI/Mistral-7B-Instruct-v0.3-FP8,mistral,Mistral-7B-Instruct-v0.3,fp8,truthfulqa,59.37,0.03,-0.14983771655975003,-1.7891344845578838,1.4894590514383839,-0.4438623326959847,-0.18793650793650793,True,Mistral-7B-Instruct-v0.3|s4
RedHatAI/Mistral-7B-Instruct-v0.3-quantized.w4a16,mistral,Mistral-7B-Instruct-v0.3,w4a16,mmlu,61.84,-1.01,-1.0603613397194231,-2.699658107717557,0.5789354282787107,-0.4438623326959847,-0.53953125,True,Mistral-7B-Instruct-v0.3|s4
RedHatAI/Mistral-7B-Instruct-v0.3-quantized.w4a16,mistral,Mistral-7B-Instruct-v0.3,w4a16,arc_challenge,63.73,0.17,-0.983648730153106,-2.62294549815124,0.6556480378450278,-0.4438623326959847,-0.49692307692307686,True,Mistral-7B-Instruct-v0.3|s4
RedHatAI/Mistral-7B-Instruct-v0.3-quantized.w4a16,mistral,Mistral-7B-Instruct-v0.3,w4a16,gsm8k,49.27,-5.91,-1.4670723254472289,-3.1063690934453625,0.17222444255090497,-0.4438623326959847,-0.99796875,False,Mistral-7B-Instruct-v0.3|s4
RedHatAI/Mistral-7B-Instruct-v0.3-quantized.w4a16,mistral,Mistral-7B-Instruct-v0.3,w4a16,hellaswag,84.84,-0.77,-0.7472889253149813,-2.386585693313115,0.8920078426831526,-0.4438623326959847,-0.2865151515151515,True,Mistral-7B-Instruct-v0.3|s4
RedHatAI/Mistral-7B-Instruct-v0.3-quantized.w4a16,mistral,Mistral-7B-Instruct-v0.3,w4a16,winogrande,79.55,0.32,-0.7578804986416375,-2.3971772666397713,0.8814162693564963,-0.4438623326959847,-0.28287878787878784,True,Mistral-7B-Instruct-v0.3|s4
RedHatAI/Mistral-7B-Instruct-v0.3-quantized.w4a16,mistral,Mistral-7B-Instruct-v0.3,w4a16,truthfulqa,59.33,-0.86,-0.6899892814768538,-2.3292860494749874,0.94930748652128,-0.4438623326959847,-0.18793650793650793,True,Mistral-7B-Instruct-v0.3|s4
RedHatAI/Mistral-7B-Instruct-v0.3-quantized.w8a16,mistral,Mistral-7B-Instruct-v0.3,w8a16,mmlu,61.84,0.22,-0.48516060003786654,-2.1244573680360004,1.1541361679602673,-0.4438623326959847,-0.53953125,True,Mistral-7B-Instruct-v0.3|s4
RedHatAI/Mistral-7B-Instruct-v0.3-quantized.w8a16,mistral,Mistral-7B-Instruct-v0.3,w8a16,arc_challenge,63.74,0.52,-0.40841032237469,-2.047707090372824,1.2308864456234438,-0.4438623326959847,-0.49692307692307686,True,Mistral-7B-Instruct-v0.3|s4
RedHatAI/Mistral-7B-Instruct-v0.3-quantized.w8a16,mistral,Mistral-7B-Instruct-v0.3,w8a16,gsm8k,49.28,1.14,-0.8918433861117765,-2.5311401541099103,0.7474533818863573,-0.4438623326959847,-0.99796875,False,Mistral-7B-Instruct-v0.3|s4
RedHatAI/Mistral-7B-Instruct-v0.3-quantized.w8a16,mistral,Mistral-7B-Instruct-v0.3,w8a16,hellaswag,84.84,-0.06,-0.17208818563342465,-1.8113849536315585,1.4672085823647092,-0.4438623326959847,-0.2865151515151515,True,Mistral-7B-Instruct-v0.3|s4
RedHatAI/Mistral-7B-Instruct-v0.3-quantized.w8a16,mistral,Mistral-7B-Instruct-v0.3,w8a16,winogrande,79.56,-0.08,-0.18263421241893774,-1.8219309804170716,1.456662555579196,-0.4438623326959847,-0.28287878787878784,True,Mistral-7B-Instruct-v0.3|s4
RedHatAI/Mistral-7B-Instruct-v0.3-quantized.w8a16,mistral,Mistral-7B-Instruct-v0.3,w8a16,truthfulqa,59.33,0.15,-0.11478854179529713,-1.754085309793431,1.5245082262028367,-0.4438623326959847,-0.18793650793650793,True,Mistral-7B-Instruct-v0.3|s4
RedHatAI/Mistral-Small-24B-Instruct-2501-FP8-dynamic,mistral,Mistral-Small-24B-Instruct-2501,fp8_dynamic,arc_challenge,72.18,-0.42,-0.2287672712287515,-2.0613119976887058,1.6037774552312025,-0.3994140625,-0.4392063492063492,True,Mistral-Small-24B-Instruct-2501|s0
RedHatAI/Mistral-Small-24B-Instruct-2501-FP8-dynamic,mistral,Mistral-Small-24B-Instruct-2501,fp8_dynamic,gsm8k,90.14,-1.13,-0.6623610603032164,-2.4949057867631703,1.1701836661567377,-0.3994140625,-0.9828125,True,Mistral-Small-24B-Instruct-2501|s0
RedHatAI/Mistral-Small-24B-Instruct-2501-FP8-dynamic,mistral,Mistral-Small-24B-Instruct-2501,fp8_dynamic,hellaswag,85.05,-0.4,0.0004284487157416028,-1.8321162777442126,1.8329731751756957,-0.3994140625,-0.18954545454545454,True,Mistral-Small-24B-Instruct-2501|s0
RedHatAI/Mistral-Small-24B-Instruct-2501-FP8-dynamic,mistral,Mistral-Small-24B-Instruct-2501,fp8_dynamic,mmlu,80.69,-0.14,-0.2641943173089351,-2.0967390437688893,1.568350409151019,-0.3994140625,-0.490952380952381,True,Mistral-Small-24B-Instruct-2501|s0
RedHatAI/Mistral-Small-24B-Instruct-2501-FP8-dynamic,mistral,Mistral-Small-24B-Instruct-2501,fp8_dynamic,truthfulqa,65.55,-0.7,-0.051431621263596405,-1.8839763477235505,1.7811131051963578,-0.3994140625,-0.2184375,True,Mistral-Small-24B-Instruct-2501|s0
RedHatAI/Mistral-Small-24B-Instruct-2501-FP8-dynamic,mistral,Mistral-Small-24B-Instruct-2501,fp8_dynamic,winogrande,83.11,-0.63,-0.038608742731500556,-1.8711534691914546,1.7939359837284536,-0.3994140625,-0.23203125,True,Mistral-Small-24B-Instruct-2501|s0
RedHatAI/Mistral-Small-24B-Instruct-2501-FP8-dynamic,mistral,Mistral-Small-24B-Instruct-2501,fp8_dynamic,ifeval,73.27,0.26,0.044790038302963076,-1.787754688156991,1.8773347647629173,-0.3994140625,-0.15466666666666667,True,Mistral-Small-24B-Instruct-2501|s0
RedHatAI/Mistral-Small-24B-Instruct-2501-FP8-dynamic,mistral,Mistral-Small-24B-Instruct-2501,fp8_dynamic,bbh,45.18,-0.79,-0.724191252947415,-2.556735979407369,1.108353473512539,-0.3994140625,-1.0911764705882354,True,Mistral-Small-24B-Instruct-2501|s0
RedHatAI/Mistral-Small-24B-Instruct-2501-FP8-dynamic,mistral,Mistral-Small-24B-Instruct-2501,fp8_dynamic,mmlu_pro,38.83,-1.55,-0.8079245730756239,-2.640469299535578,1.0246201533843302,-0.3994140625,-1.2505882352941178,True,Mistral-Small-24B-Instruct-2501|s0
RedHatAI/Mistral-Small-24B-Instruct-2501-quantized.w4a16,mistral,Mistral-Small-24B-Instruct-2501,w4a16,arc_challenge,72.18,-1.02,-1.0245355417839233,-2.8570802682438776,0.8080091846760309,-0.3994140625,-0.4392063492063492,True,Mistral-Small-24B-Instruct-2501|s0
RedHatAI/Mistral-Small-24B-Instruct-2501-quantized.w4a16,mistral,Mistral-Small-24B-Instruct-2501,w4a16,gsm8k,90.14,-0.45,-1.458129330858388,-3.290674057318342,0.3744153956015661,-0.3994140625,-0.9828125,True,Mistral-Small-24B-Instruct-2501|s0
RedHatAI/Mistral-Small-24B-Instruct-2501-quantized.w4a16,mistral,Mistral-Small-24B-Instruct-2501,w4a16,hellaswag,85.05,-0.62,-0.7953398218394302,-2.6278845482993844,1.0372049046205238,-0.3994140625,-0.18954545454545454,True,Mistral-Small-24B-Instruct-2501|s0
RedHatAI/Mistral-Small-24B-Instruct-2501-quantized.w4a16,mistral,Mistral-Small-24B-Instruct-2501,w4a16,mmlu,80.69,-0.69,-1.0599625878641068,-2.892507314324061,0.7725821385958473,-0.3994140625,-0.490952380952381,True,Mistral-Small-24B-Instruct-2501|s0
RedHatAI/Mistral-Small-24B-Instruct-2501-quantized.w4a16,mistral,Mistral-Small-24B-Instruct-2501,w4a16,truthfulqa,65.55,-1.63,-0.8471998918187682,-2.6797446182787223,0.9853448346411859,-0.3994140625,-0.2184375,True,Mistral-Small-24B-Instruct-2501|s0
RedHatAI/Mistral-Small-24B-Instruct-2501-quantized.w4a16,mistral,Mistral-Small-24B-Instruct-2501,w4a16,winogrande,83.11,-0.87,-0.8343770132866725,-2.6669217397466265,0.9981677131732817,-0.3994140625,-0.23203125,True,Mistral-Small-24B-Instruct-2501|s0
RedHatAI/Mistral-Small-24B-Instruct-2501-quantized.w4a16,mistral,Mistral-Small-24B-Instruct-2501,w4a16,ifeval,73.27,1.1,-0.7509782322522087,-2.583522958712163,1.0815664942077454,-0.3994140625,-0.15466666666666667,False,Mistral-Small-24B-Instruct-2501|s0
RedHatAI/Mistral-Small-24B-Instruct-2501-quantized.w4a16,mistral,Mistral-Small-24B-Instruct-2501,w4a16,bbh,45.18,-0.03,-1.5199595235025867,-3.352504249962541,0.31258520295736747,-0.3994140625,-1.0911764705882354,True,Mistral-Small-24B-Instruct-2501|s0
RedHatAI/Mistral-Small-24B-Instruct-2501-quantized.w4a16,mistral,Mistral-Small-24B-Instruct-2501,w4a16,mmlu_pro,38.83,-2.83,-1.6036928436307956,-3.43623757009075,0.22885188282915858,-0.3994140625,-1.2505882352941178,True,Mistral-Small-24B-Instruct-2501|s0
RedHatAI/Mistral-Small-24B-Instruct-2501-quantized.w8a8,mistral,Mistral-Small-24B-Instruct-2501,w8a8_int,arc_challenge,72.18,-3.32,-0.5126970089013951,-2.3452417353613493,1.319847717558559,-0.3994140625,-0.4392063492063492,False,Mistral-Small-24B-Instruct-2501|s0
RedHatAI/Mistral-Small-24B-Instruct-2501-quantized.w8a8,mistral,Mistral-Small-24B-Instruct-2501,w8a8_int,gsm8k,90.14,-0.14,-0.9462907979758599,-2.778835524435814,0.8862539284840942,-0.3994140625,-0.9828125,True,Mistral-Small-24B-Instruct-2501|s0
RedHatAI/Mistral-Small-24B-Instruct-2501-quantized.w8a8,mistral,Mistral-Small-24B-Instruct-2501,w8a8_int,hellaswag,85.05,0.01,-0.28350128895690196,-2.116046015416856,1.5490434375030522,-0.3994140625,-0.18954545454545454,True,Mistral-Small-24B-Instruct-2501|s0
RedHatAI/Mistral-Small-24B-Instruct-2501-quantized.w8a8,mistral,Mistral-Small-24B-Instruct-2501,w8a8_int,mmlu,80.69,-0.44,-0.5481240549815787,-2.380668781441533,1.2844206714783755,-0.3994140625,-0.490952380952381,True,Mistral-Small-24B-Instruct-2501|s0
RedHatAI/Mistral-Small-24B-Instruct-2501-quantized.w8a8,mistral,Mistral-Small-24B-Instruct-2501,w8a8_int,truthfulqa,65.55,0.14,-0.33536135893624,-2.167906085396194,1.4971833675237143,-0.3994140625,-0.2184375,True,Mistral-Small-24B-Instruct-2501|s0
RedHatAI/Mistral-Small-24B-Instruct-2501-quantized.w8a8,mistral,Mistral-Small-24B-Instruct-2501,w8a8_int,winogrande,83.11,-1.42,-0.3225384804041442,-2.155083206864098,1.51000624605581,-0.3994140625,-0.23203125,True,Mistral-Small-24B-Instruct-2501|s0
RedHatAI/Mistral-Small-24B-Instruct-2501-FP8-dynamic,mistral,Mistral-Small-24B-Instruct-2501,fp8_dynamic,arc_challenge,72.18,-0.42,0.09471470023546247,-1.6193066944398644,1.8087360949107893,-0.3944262295081968,-0.36295081967213116,True,Mistral-Small-24B-Instruct-2501|s1
RedHatAI/Mistral-Small-24B-Instruct-2501-FP8-dynamic,mistral,Mistral-Small-24B-Instruct-2501,fp8_dynamic,gsm8k,90.14,-1.13,-0.1447368973974971,-1.858758292072824,1.5692844972778297,-0.3944262295081968,-0.6484375,True,Mistral-Small-24B-Instruct-2501|s1
RedHatAI/Mistral-Small-24B-Instruct-2501-FP8-dynamic,mistral,Mistral-Small-24B-Instruct-2501,fp8_dynamic,hellaswag,85.05,-0.4,0.22955820030441842,-1.4844631943709086,1.9435795949797452,-0.3944262295081968,-0.20199999999999999,True,Mistral-Small-24B-Instruct-2501|s1
RedHatAI/Mistral-Small-24B-Instruct-2501-FP8-dynamic,mistral,Mistral-Small-24B-Instruct-2501,fp8_dynamic,mmlu,80.69,-0.14,-0.04794342772099691,-1.7619648223963238,1.66607796695433,-0.3944262295081968,-0.5298412698412698,True,Mistral-Small-24B-Instruct-2501|s1
RedHatAI/Mistral-Small-24B-Instruct-2501-FP8-dynamic,mistral,Mistral-Small-24B-Instruct-2501,fp8_dynamic,truthfulqa,65.55,-0.7,0.22546906783381915,-1.4885523268415077,1.939490462509146,-0.3944262295081968,-0.2167741935483871,True,Mistral-Small-24B-Instruct-2501|s1
RedHatAI/Mistral-Small-24B-Instruct-2501-FP8-dynamic,mistral,Mistral-Small-24B-Instruct-2501,fp8_dynamic,winogrande,83.11,-0.63,0.17828519448920455,-1.5357362001861223,1.8923065891645314,-0.3944262295081968,-0.25828125,True,Mistral-Small-24B-Instruct-2501|s1
RedHatAI/Mistral-Small-24B-Instruct-2501-FP8-dynamic,mistral,Mistral-Small-24B-Instruct-2501,fp8_dynamic,ifeval,73.27,0.26,0.3529119638401338,-1.3611094308351932,2.0669333585154606,-0.3944262295081968,-0.15200000000000002,True,Mistral-Small-24B-Instruct-2501|s1
RedHatAI/Mistral-Small-24B-Instruct-2501-FP8-dynamic,mistral,Mistral-Small-24B-Instruct-2501,fp8_dynamic,bbh,45.18,-0.79,-0.2188119959385757,-1.9328333906139026,1.4952093987367512,-0.3944262295081968,-0.806470588235294,True,Mistral-Small-24B-Instruct-2501|s1
RedHatAI/Mistral-Small-24B-Instruct-2501-FP8-dynamic,mistral,Mistral-Small-24B-Instruct-2501,fp8_dynamic,mmlu_pro,38.83,-1.55,-1.1615010502256304,-2.875522444900957,0.5525203444496964,-0.3944262295081968,-1.9835714285714285,True,Mistral-Small-24B-Instruct-2501|s1
RedHatAI/Mistral-Small-24B-Instruct-2501-quantized.w4a16,mistral,Mistral-Small-24B-Instruct-2501,w4a16,arc_challenge,72.18,-1.02,-0.9625460749734247,-2.6765674696487514,0.7514753197019022,-0.3944262295081968,-0.36295081967213116,True,Mistral-Small-24B-Instruct-2501|s1
RedHatAI/Mistral-Small-24B-Instruct-2501-quantized.w4a16,mistral,Mistral-Small-24B-Instruct-2501,w4a16,gsm8k,90.14,-0.45,-1.2019976726063843,-2.9160190672817112,0.5120237220689425,-0.3944262295081968,-0.6484375,True,Mistral-Small-24B-Instruct-2501|s1
RedHatAI/Mistral-Small-24B-Instruct-2501-quantized.w4a16,mistral,Mistral-Small-24B-Instruct-2501,w4a16,hellaswag,85.05,-0.62,-0.8277025749044687,-2.5417239695797957,0.8863188197708581,-0.3944262295081968,-0.20199999999999999,True,Mistral-Small-24B-Instruct-2501|s1
RedHatAI/Mistral-Small-24B-Instruct-2501-quantized.w4a16,mistral,Mistral-Small-24B-Instruct-2501,w4a16,mmlu,80.69,-0.69,-1.105204202929884,-2.819225597605211,0.6088171917454428,-0.3944262295081968,-0.5298412698412698,True,Mistral-Small-24B-Instruct-2501|s1
RedHatAI/Mistral-Small-24B-Instruct-2501-quantized.w4a16,mistral,Mistral-Small-24B-Instruct-2501,w4a16,truthfulqa,65.55,-1.63,-0.831791707375068,-2.5458131020503947,0.8822296873002589,-0.3944262295081968,-0.2167741935483871,True,Mistral-Small-24B-Instruct-2501|s1
RedHatAI/Mistral-Small-24B-Instruct-2501-quantized.w4a16,mistral,Mistral-Small-24B-Instruct-2501,w4a16,winogrande,83.11,-0.87,-0.8789755807196826,-2.5929969753950095,0.8350458139556443,-0.3944262295081968,-0.25828125,True,Mistral-Small-24B-Instruct-2501|s1
RedHatAI/Mistral-Small-24B-Instruct-2501-quantized.w4a16,mistral,Mistral-Small-24B-Instruct-2501,w4a16,ifeval,73.27,1.1,-0.7043488113687534,-2.4183702060440804,1.0096725833065734,-0.3944262295081968,-0.15200000000000002,False,Mistral-Small-24B-Instruct-2501|s1
RedHatAI/Mistral-Small-24B-Instruct-2501-quantized.w4a16,mistral,Mistral-Small-24B-Instruct-2501,w4a16,bbh,45.18,-0.03,-1.2760727711474629,-2.9900941658227898,0.437948623527864,-0.3944262295081968,-0.806470588235294,True,Mistral-Small-24B-Instruct-2501|s1
RedHatAI/Mistral-Small-24B-Instruct-2501-quantized.w4a16,mistral,Mistral-Small-24B-Instruct-2501,w4a16,mmlu_pro,38.83,-2.83,-2.218761825434518,-3.9327832201098447,-0.504740430759191,-0.3944262295081968,-1.9835714285714285,True,Mistral-Small-24B-Instruct-2501|s1
RedHatAI/Mistral-Small-24B-Instruct-2501-quantized.w8a8,mistral,Mistral-Small-24B-Instruct-2501,w8a8_int,arc_challenge,72.18,-3.32,0.031971922324251556,-1.6820494723510753,1.7459933169995785,-0.3944262295081968,-0.36295081967213116,False,Mistral-Small-24B-Instruct-2501|s1
RedHatAI/Mistral-Small-24B-Instruct-2501-quantized.w8a8,mistral,Mistral-Small-24B-Instruct-2501,w8a8_int,gsm8k,90.14,-0.14,-0.20747967530870803,-1.921501069984035,1.5065417193666188,-0.3944262295081968,-0.6484375,True,Mistral-Small-24B-Instruct-2501|s1
RedHatAI/Mistral-Small-24B-Instruct-2501-quantized.w8a8,mistral,Mistral-Small-24B-Instruct-2501,w8a8_int,hellaswag,85.05,0.01,0.16681542239320757,-1.5472059722821192,1.8808368170685346,-0.3944262295081968,-0.20199999999999999,True,Mistral-Small-24B-Instruct-2501|s1
RedHatAI/Mistral-Small-24B-Instruct-2501-quantized.w8a8,mistral,Mistral-Small-24B-Instruct-2501,w8a8_int,mmlu,80.69,-0.44,-0.11068620563220782,-1.8247076003075346,1.6033351890431191,-0.3944262295081968,-0.5298412698412698,True,Mistral-Small-24B-Instruct-2501|s1
RedHatAI/Mistral-Small-24B-Instruct-2501-quantized.w8a8,mistral,Mistral-Small-24B-Instruct-2501,w8a8_int,truthfulqa,65.55,0.14,0.16272628992260818,-1.5512951047527186,1.8767476845979352,-0.3944262295081968,-0.2167741935483871,True,Mistral-Small-24B-Instruct-2501|s1
RedHatAI/Mistral-Small-24B-Instruct-2501-quantized.w8a8,mistral,Mistral-Small-24B-Instruct-2501,w8a8_int,winogrande,83.11,-1.42,0.11554241657799358,-1.5984789780973334,1.8295638112533203,-0.3944262295081968,-0.25828125,True,Mistral-Small-24B-Instruct-2501|s1
RedHatAI/Mistral-Small-24B-Instruct-2501-FP8-dynamic,mistral,Mistral-Small-24B-Instruct-2501,fp8_dynamic,arc_challenge,72.18,-0.42,-0.0005684123773296856,-1.570850746802045,1.5697139220473855,-0.33163444639718803,-0.3619117647058823,True,Mistral-Small-24B-Instruct-2501|s2
RedHatAI/Mistral-Small-24B-Instruct-2501-FP8-dynamic,mistral,Mistral-Small-24B-Instruct-2501,fp8_dynamic,gsm8k,90.14,-1.13,-0.18845157292904888,-1.758733907353764,1.3818307614956664,-0.33163444639718803,-0.5041428571428571,True,Mistral-Small-24B-Instruct-2501|s2
RedHatAI/Mistral-Small-24B-Instruct-2501-FP8-dynamic,mistral,Mistral-Small-24B-Instruct-2501,fp8_dynamic,hellaswag,85.05,-0.4,0.10403154999099745,-1.4662507844337178,1.6743138844157126,-0.33163444639718803,-0.20819444444444446,True,Mistral-Small-24B-Instruct-2501|s2
RedHatAI/Mistral-Small-24B-Instruct-2501-FP8-dynamic,mistral,Mistral-Small-24B-Instruct-2501,fp8_dynamic,mmlu,80.69,-0.14,-0.15212183028727957,-1.7224041647119948,1.4181605041374357,-0.33163444639718803,-0.4991428571428571,True,Mistral-Small-24B-Instruct-2501|s2
RedHatAI/Mistral-Small-24B-Instruct-2501-FP8-dynamic,mistral,Mistral-Small-24B-Instruct-2501,fp8_dynamic,truthfulqa,65.55,-0.7,0.16685773670024995,-1.4034245977244653,1.7371400711249652,-0.33163444639718803,-0.16579710144927534,True,Mistral-Small-24B-Instruct-2501|s2
RedHatAI/Mistral-Small-24B-Instruct-2501-FP8-dynamic,mistral,Mistral-Small-24B-Instruct-2501,fp8_dynamic,winogrande,83.11,-0.63,0.14614990139510137,-1.424132433029614,1.7164322358198165,-0.33163444639718803,-0.15442857142857144,True,Mistral-Small-24B-Instruct-2501|s2
RedHatAI/Mistral-Small-24B-Instruct-2501-FP8-dynamic,mistral,Mistral-Small-24B-Instruct-2501,fp8_dynamic,ifeval,73.27,0.26,0.2576976017436373,-1.3125847326810778,1.8279799361683526,-0.33163444639718803,-0.22,True,Mistral-Small-24B-Instruct-2501|s2
RedHatAI/Mistral-Small-24B-Instruct-2501-FP8-dynamic,mistral,Mistral-Small-24B-Instruct-2501,fp8_dynamic,bbh,45.18,-0.79,-0.37631437117462774,-1.946596705599343,1.1939679632500875,-0.33163444639718803,-0.8952173913043479,True,Mistral-Small-24B-Instruct-2501|s2
RedHatAI/Mistral-Small-24B-Instruct-2501-FP8-dynamic,mistral,Mistral-Small-24B-Instruct-2501,fp8_dynamic,mmlu_pro,38.83,-1.55,-0.896101779054907,-2.4663841134796223,0.6741805553698083,-0.33163444639718803,-1.5175,True,Mistral-Small-24B-Instruct-2501|s2
RedHatAI/Mistral-Small-24B-Instruct-2501-quantized.w4a16,mistral,Mistral-Small-24B-Instruct-2501,w4a16,arc_challenge,72.18,-1.02,-0.8987787174740514,-2.4690610518987666,0.6715036169506639,-0.33163444639718803,-0.3619117647058823,True,Mistral-Small-24B-Instruct-2501|s2
RedHatAI/Mistral-Small-24B-Instruct-2501-quantized.w4a16,mistral,Mistral-Small-24B-Instruct-2501,w4a16,gsm8k,90.14,-0.45,-1.0866618780257706,-2.656944212450486,0.4836204563989446,-0.33163444639718803,-0.5041428571428571,True,Mistral-Small-24B-Instruct-2501|s2
RedHatAI/Mistral-Small-24B-Instruct-2501-quantized.w4a16,mistral,Mistral-Small-24B-Instruct-2501,w4a16,hellaswag,85.05,-0.62,-0.7941787551057241,-2.3644610895304394,0.7761035793189911,-0.33163444639718803,-0.20819444444444446,True,Mistral-Small-24B-Instruct-2501|s2
RedHatAI/Mistral-Small-24B-Instruct-2501-quantized.w4a16,mistral,Mistral-Small-24B-Instruct-2501,w4a16,mmlu,80.69,-0.69,-1.0503321353840014,-2.6206144698087166,0.5199501990407138,-0.33163444639718803,-0.4991428571428571,True,Mistral-Small-24B-Instruct-2501|s2
RedHatAI/Mistral-Small-24B-Instruct-2501-quantized.w4a16,mistral,Mistral-Small-24B-Instruct-2501,w4a16,truthfulqa,65.55,-1.63,-0.7313525683964717,-2.3016349028211867,0.8389297660282435,-0.33163444639718803,-0.16579710144927534,True,Mistral-Small-24B-Instruct-2501|s2
RedHatAI/Mistral-Small-24B-Instruct-2501-quantized.w4a16,mistral,Mistral-Small-24B-Instruct-2501,w4a16,winogrande,83.11,-0.87,-0.7520604037016203,-2.3223427381263355,0.8182219307230949,-0.33163444639718803,-0.15442857142857144,True,Mistral-Small-24B-Instruct-2501|s2
RedHatAI/Mistral-Small-24B-Instruct-2501-quantized.w4a16,mistral,Mistral-Small-24B-Instruct-2501,w4a16,ifeval,73.27,1.1,-0.6405127033530842,-2.2107950377777996,0.929769631071631,-0.33163444639718803,-0.22,False,Mistral-Small-24B-Instruct-2501|s2
RedHatAI/Mistral-Small-24B-Instruct-2501-quantized.w4a16,mistral,Mistral-Small-24B-Instruct-2501,w4a16,bbh,45.18,-0.03,-1.2745246762713496,-2.844807010696065,0.29575765815336563,-0.33163444639718803,-0.8952173913043479,True,Mistral-Small-24B-Instruct-2501|s2
RedHatAI/Mistral-Small-24B-Instruct-2501-quantized.w4a16,mistral,Mistral-Small-24B-Instruct-2501,w4a16,mmlu_pro,38.83,-2.83,-1.7943120841516285,-3.3645944185763437,-0.22402974972691325,-0.33163444639718803,-1.5175,True,Mistral-Small-24B-Instruct-2501|s2
RedHatAI/Mistral-Small-24B-Instruct-2501-quantized.w8a8,mistral,Mistral-Small-24B-Instruct-2501,w8a8_int,arc_challenge,72.18,-3.32,-0.2575697906154221,-1.8278521250401374,1.312712543809293,-0.33163444639718803,-0.3619117647058823,False,Mistral-Small-24B-Instruct-2501|s2
RedHatAI/Mistral-Small-24B-Instruct-2501-quantized.w8a8,mistral,Mistral-Small-24B-Instruct-2501,w8a8_int,gsm8k,90.14,-0.14,-0.4454529511671413,-2.0157352855918567,1.124829383257574,-0.33163444639718803,-0.5041428571428571,True,Mistral-Small-24B-Instruct-2501|s2
RedHatAI/Mistral-Small-24B-Instruct-2501-quantized.w8a8,mistral,Mistral-Small-24B-Instruct-2501,w8a8_int,hellaswag,85.05,0.01,-0.15296982824709507,-1.7232521626718103,1.4173125061776202,-0.33163444639718803,-0.20819444444444446,True,Mistral-Small-24B-Instruct-2501|s2
RedHatAI/Mistral-Small-24B-Instruct-2501-quantized.w8a8,mistral,Mistral-Small-24B-Instruct-2501,w8a8_int,mmlu,80.69,-0.44,-0.409123208525372,-1.9794055429500872,1.1611591258993432,-0.33163444639718803,-0.4991428571428571,True,Mistral-Small-24B-Instruct-2501|s2
RedHatAI/Mistral-Small-24B-Instruct-2501-quantized.w8a8,mistral,Mistral-Small-24B-Instruct-2501,w8a8_int,truthfulqa,65.55,0.14,-0.09014364153784246,-1.6604259759625577,1.4801386928868727,-0.33163444639718803,-0.16579710144927534,True,Mistral-Small-24B-Instruct-2501|s2
RedHatAI/Mistral-Small-24B-Instruct-2501-quantized.w8a8,mistral,Mistral-Small-24B-Instruct-2501,w8a8_int,winogrande,83.11,-1.42,-0.11085147684299096,-1.6811338112677061,1.4594308575817243,-0.33163444639718803,-0.15442857142857144,True,Mistral-Small-24B-Instruct-2501|s2
RedHatAI/Mistral-Small-24B-Instruct-2501-FP8-dynamic,mistral,Mistral-Small-24B-Instruct-2501,fp8_dynamic,arc_challenge,72.18,-0.42,-0.0015266915651234725,-1.1073870655353166,1.1043336824050696,-0.3623581560283688,-0.33578125,True,Mistral-Small-24B-Instruct-2501|s3
RedHatAI/Mistral-Small-24B-Instruct-2501-FP8-dynamic,mistral,Mistral-Small-24B-Instruct-2501,fp8_dynamic,gsm8k,90.14,-1.13,-0.2285006508877349,-1.334361024857928,0.8773597230824581,-0.3623581560283688,-0.6671874999999999,True,Mistral-Small-24B-Instruct-2501|s3
RedHatAI/Mistral-Small-24B-Instruct-2501-FP8-dynamic,mistral,Mistral-Small-24B-Instruct-2501,fp8_dynamic,hellaswag,85.05,-0.4,0.11609348681092874,-0.9897668871592644,1.2219538607811218,-0.3623581560283688,-0.22432835820895522,True,Mistral-Small-24B-Instruct-2501|s3
RedHatAI/Mistral-Small-24B-Instruct-2501-FP8-dynamic,mistral,Mistral-Small-24B-Instruct-2501,fp8_dynamic,mmlu,80.69,-0.14,-0.19109121296981338,-1.2969515869400066,0.9147691610003797,-0.3623581560283688,-0.576,True,Mistral-Small-24B-Instruct-2501|s3
RedHatAI/Mistral-Small-24B-Instruct-2501-FP8-dynamic,mistral,Mistral-Small-24B-Instruct-2501,fp8_dynamic,truthfulqa,65.55,-0.7,0.1569767644442182,-0.948883609525975,1.2628371384144113,-0.3623581560283688,-0.16184615384615383,True,Mistral-Small-24B-Instruct-2501|s3
RedHatAI/Mistral-Small-24B-Instruct-2501-FP8-dynamic,mistral,Mistral-Small-24B-Instruct-2501,fp8_dynamic,winogrande,83.11,-0.63,0.1001738939688967,-1.0056864800012963,1.2060342679390899,-0.3623581560283688,-0.23676923076923076,True,Mistral-Small-24B-Instruct-2501|s3
RedHatAI/Mistral-Small-24B-Instruct-2501-FP8-dynamic,mistral,Mistral-Small-24B-Instruct-2501,fp8_dynamic,ifeval,73.27,0.26,0.03758750263882532,-1.0682728713313678,1.1434478766090184,-0.3623581560283688,-0.35333333333333333,True,Mistral-Small-24B-Instruct-2501|s3
RedHatAI/Mistral-Small-24B-Instruct-2501-FP8-dynamic,mistral,Mistral-Small-24B-Instruct-2501,fp8_dynamic,bbh,45.18,-0.79,-0.34978299965174514,-1.4556433736219383,0.7560773743184479,-0.3623581560283688,-0.7765384615384616,True,Mistral-Small-24B-Instruct-2501|s3
RedHatAI/Mistral-Small-24B-Instruct-2501-FP8-dynamic,mistral,Mistral-Small-24B-Instruct-2501,fp8_dynamic,mmlu_pro,38.83,-1.55,-0.7927245720226717,-1.8985849459928648,0.31313580194752144,-0.3623581560283688,-1.3042307692307693,True,Mistral-Small-24B-Instruct-2501|s3
RedHatAI/Mistral-Small-24B-Instruct-2501-quantized.w4a16,mistral,Mistral-Small-24B-Instruct-2501,w4a16,arc_challenge,72.18,-1.02,-0.817389005760059,-1.9232493797302521,0.2884713682101341,-0.3623581560283688,-0.33578125,True,Mistral-Small-24B-Instruct-2501|s3
RedHatAI/Mistral-Small-24B-Instruct-2501-quantized.w4a16,mistral,Mistral-Small-24B-Instruct-2501,w4a16,gsm8k,90.14,-0.45,-1.0443629650826705,-2.1502233390528636,0.06149740888752264,-0.3623581560283688,-0.6671874999999999,True,Mistral-Small-24B-Instruct-2501|s3
RedHatAI/Mistral-Small-24B-Instruct-2501-quantized.w4a16,mistral,Mistral-Small-24B-Instruct-2501,w4a16,hellaswag,85.05,-0.62,-0.6997688273840068,-1.8056292013542,0.4060915465861863,-0.3623581560283688,-0.22432835820895522,True,Mistral-Small-24B-Instruct-2501|s3
RedHatAI/Mistral-Small-24B-Instruct-2501-quantized.w4a16,mistral,Mistral-Small-24B-Instruct-2501,w4a16,mmlu,80.69,-0.69,-1.006953527164749,-2.112813901134942,0.09890684680544415,-0.3623581560283688,-0.576,True,Mistral-Small-24B-Instruct-2501|s3
RedHatAI/Mistral-Small-24B-Instruct-2501-quantized.w4a16,mistral,Mistral-Small-24B-Instruct-2501,w4a16,truthfulqa,65.55,-1.63,-0.6588855497507173,-1.7647459237209104,0.44697482421947576,-0.3623581560283688,-0.16184615384615383,True,Mistral-Small-24B-Instruct-2501|s3
RedHatAI/Mistral-Small-24B-Instruct-2501-quantized.w4a16,mistral,Mistral-Small-24B-Instruct-2501,w4a16,winogrande,83.11,-0.87,-0.7156884202260388,-1.8215487941962318,0.39017195374415425,-0.3623581560283688,-0.23676923076923076,True,Mistral-Small-24B-Instruct-2501|s3
RedHatAI/Mistral-Small-24B-Instruct-2501-quantized.w4a16,mistral,Mistral-Small-24B-Instruct-2501,w4a16,ifeval,73.27,1.1,-0.7782748115561102,-1.8841351855263033,0.3275855624140829,-0.3623581560283688,-0.35333333333333333,False,Mistral-Small-24B-Instruct-2501|s3
RedHatAI/Mistral-Small-24B-Instruct-2501-quantized.w4a16,mistral,Mistral-Small-24B-Instruct-2501,w4a16,bbh,45.18,-0.03,-1.165645313846681,-2.271505687816874,-0.05978493987648781,-0.3623581560283688,-0.7765384615384616,False,Mistral-Small-24B-Instruct-2501|s3
RedHatAI/Mistral-Small-24B-Instruct-2501-quantized.w4a16,mistral,Mistral-Small-24B-Instruct-2501,w4a16,mmlu_pro,38.83,-2.83,-1.6085868862176071,-2.7144472601878,-0.502726512247414,-0.3623581560283688,-1.3042307692307693,False,Mistral-Small-24B-Instruct-2501|s3
RedHatAI/Mistral-Small-24B-Instruct-2501-quantized.w8a8,mistral,Mistral-Small-24B-Instruct-2501,w8a8_int,arc_challenge,72.18,-3.32,-0.36975275468911295,-1.475613128659306,0.7361076192810801,-0.3623581560283688,-0.33578125,False,Mistral-Small-24B-Instruct-2501|s3
RedHatAI/Mistral-Small-24B-Instruct-2501-quantized.w8a8,mistral,Mistral-Small-24B-Instruct-2501,w8a8_int,gsm8k,90.14,-0.14,-0.5967267140117243,-1.7025870879819174,0.5091336599584688,-0.3623581560283688,-0.6671874999999999,True,Mistral-Small-24B-Instruct-2501|s3
RedHatAI/Mistral-Small-24B-Instruct-2501-quantized.w8a8,mistral,Mistral-Small-24B-Instruct-2501,w8a8_int,hellaswag,85.05,0.01,-0.25213257631306074,-1.3579929502832537,0.8537277976571324,-0.3623581560283688,-0.22432835820895522,True,Mistral-Small-24B-Instruct-2501|s3
RedHatAI/Mistral-Small-24B-Instruct-2501-quantized.w8a8,mistral,Mistral-Small-24B-Instruct-2501,w8a8_int,mmlu,80.69,-0.44,-0.5593172760938028,-1.6651776500639959,0.5465430978763903,-0.3623581560283688,-0.576,True,Mistral-Small-24B-Instruct-2501|s3
RedHatAI/Mistral-Small-24B-Instruct-2501-quantized.w8a8,mistral,Mistral-Small-24B-Instruct-2501,w8a8_int,truthfulqa,65.55,0.14,-0.21124929867977116,-1.3171096726499643,0.8946110752904219,-0.3623581560283688,-0.16184615384615383,True,Mistral-Small-24B-Instruct-2501|s3
RedHatAI/Mistral-Small-24B-Instruct-2501-quantized.w8a8,mistral,Mistral-Small-24B-Instruct-2501,w8a8_int,winogrande,83.11,-1.42,-0.2680521691550927,-1.3739125431252859,0.8378082048151003,-0.3623581560283688,-0.23676923076923076,False,Mistral-Small-24B-Instruct-2501|s3
RedHatAI/Mistral-Small-24B-Instruct-2501-FP8-dynamic,mistral,Mistral-Small-24B-Instruct-2501,fp8_dynamic,arc_challenge,72.18,-0.42,-0.023068900061680775,-1.3995541435043894,1.3534163433810278,-0.34846153846153843,-0.35619718309859155,True,Mistral-Small-24B-Instruct-2501|s4
RedHatAI/Mistral-Small-24B-Instruct-2501-FP8-dynamic,mistral,Mistral-Small-24B-Instruct-2501,fp8_dynamic,gsm8k,90.14,-1.13,-0.23031990286063256,-1.6068051463033413,1.146165340582076,-0.34846153846153843,-0.6543478260869565,True,Mistral-Small-24B-Instruct-2501|s4
RedHatAI/Mistral-Small-24B-Instruct-2501-FP8-dynamic,mistral,Mistral-Small-24B-Instruct-2501,fp8_dynamic,hellaswag,85.05,-0.4,0.04862728126183752,-1.327857962180871,1.4251125247045462,-0.34846153846153843,-0.27041666666666664,True,Mistral-Small-24B-Instruct-2501|s4
RedHatAI/Mistral-Small-24B-Instruct-2501-FP8-dynamic,mistral,Mistral-Small-24B-Instruct-2501,fp8_dynamic,mmlu,80.69,-0.14,-0.12769898826884596,-1.5041842317115546,1.2487862551738627,-0.34846153846153843,-0.48887323943661976,True,Mistral-Small-24B-Instruct-2501|s4
RedHatAI/Mistral-Small-24B-Instruct-2501-FP8-dynamic,mistral,Mistral-Small-24B-Instruct-2501,fp8_dynamic,truthfulqa,65.55,-0.7,0.1512484813755886,-1.22523676206712,1.5277337248182972,-0.34846153846153843,-0.16785714285714284,True,Mistral-Small-24B-Instruct-2501|s4
RedHatAI/Mistral-Small-24B-Instruct-2501-FP8-dynamic,mistral,Mistral-Small-24B-Instruct-2501,fp8_dynamic,winogrande,83.11,-0.63,0.1862426569957319,-1.1902425864469768,1.5627279004384405,-0.34846153846153843,-0.10871428571428572,True,Mistral-Small-24B-Instruct-2501|s4
RedHatAI/Mistral-Small-24B-Instruct-2501-FP8-dynamic,mistral,Mistral-Small-24B-Instruct-2501,fp8_dynamic,ifeval,73.27,0.26,0.08620616401408582,-1.2902790794286227,1.4626914074567945,-0.34846153846153843,-0.23857142857142857,True,Mistral-Small-24B-Instruct-2501|s4
RedHatAI/Mistral-Small-24B-Instruct-2501-FP8-dynamic,mistral,Mistral-Small-24B-Instruct-2501,fp8_dynamic,bbh,45.18,-0.79,-0.3888271988478248,-1.7653124422905333,0.9876580445948838,-0.34846153846153843,-0.7418181818181818,True,Mistral-Small-24B-Instruct-2501|s4
RedHatAI/Mistral-Small-24B-Instruct-2501-FP8-dynamic,mistral,Mistral-Small-24B-Instruct-2501,fp8_dynamic,mmlu_pro,38.83,-1.55,-0.84150890045135,-2.2179941438940585,0.5349763429913587,-0.34846153846153843,-1.2439130434782608,True,Mistral-Small-24B-Instruct-2501|s4
RedHatAI/Mistral-Small-24B-Instruct-2501-quantized.w4a16,mistral,Mistral-Small-24B-Instruct-2501,w4a16,arc_challenge,72.18,-1.02,-0.7733929605610109,-2.1498782040037194,0.6030922828816977,-0.34846153846153843,-0.35619718309859155,True,Mistral-Small-24B-Instruct-2501|s4
RedHatAI/Mistral-Small-24B-Instruct-2501-quantized.w4a16,mistral,Mistral-Small-24B-Instruct-2501,w4a16,gsm8k,90.14,-0.45,-0.9806439633599628,-2.3571292068026715,0.3958412800827458,-0.34846153846153843,-0.6543478260869565,True,Mistral-Small-24B-Instruct-2501|s4
RedHatAI/Mistral-Small-24B-Instruct-2501-quantized.w4a16,mistral,Mistral-Small-24B-Instruct-2501,w4a16,hellaswag,85.05,-0.62,-0.7016967792374926,-2.0781820226802012,0.674788464205216,-0.34846153846153843,-0.27041666666666664,True,Mistral-Small-24B-Instruct-2501|s4
RedHatAI/Mistral-Small-24B-Instruct-2501-quantized.w4a16,mistral,Mistral-Small-24B-Instruct-2501,w4a16,mmlu,80.69,-0.69,-0.8780230487681762,-2.254508292210885,0.49846219467453245,-0.34846153846153843,-0.48887323943661976,True,Mistral-Small-24B-Instruct-2501|s4
RedHatAI/Mistral-Small-24B-Instruct-2501-quantized.w4a16,mistral,Mistral-Small-24B-Instruct-2501,w4a16,truthfulqa,65.55,-1.63,-0.5990755791237417,-1.9755608225664503,0.777409664318967,-0.34846153846153843,-0.16785714285714284,True,Mistral-Small-24B-Instruct-2501|s4
RedHatAI/Mistral-Small-24B-Instruct-2501-quantized.w4a16,mistral,Mistral-Small-24B-Instruct-2501,w4a16,winogrande,83.11,-0.87,-0.5640814035035984,-1.940566646946307,0.8124038399391103,-0.34846153846153843,-0.10871428571428572,True,Mistral-Small-24B-Instruct-2501|s4
RedHatAI/Mistral-Small-24B-Instruct-2501-quantized.w4a16,mistral,Mistral-Small-24B-Instruct-2501,w4a16,ifeval,73.27,1.1,-0.6641178964852443,-2.0406031399279527,0.7123673469574643,-0.34846153846153843,-0.23857142857142857,False,Mistral-Small-24B-Instruct-2501|s4
RedHatAI/Mistral-Small-24B-Instruct-2501-quantized.w4a16,mistral,Mistral-Small-24B-Instruct-2501,w4a16,bbh,45.18,-0.03,-1.1391512593471549,-2.5156365027898637,0.23733398409555373,-0.34846153846153843,-0.7418181818181818,True,Mistral-Small-24B-Instruct-2501|s4
RedHatAI/Mistral-Small-24B-Instruct-2501-quantized.w4a16,mistral,Mistral-Small-24B-Instruct-2501,w4a16,mmlu_pro,38.83,-2.83,-1.5918329609506803,-2.968318204393389,-0.21534771750797166,-0.34846153846153843,-1.2439130434782608,True,Mistral-Small-24B-Instruct-2501|s4
RedHatAI/Mistral-Small-24B-Instruct-2501-quantized.w8a8,mistral,Mistral-Small-24B-Instruct-2501,w8a8_int,arc_challenge,72.18,-3.32,-0.4061408328194806,-1.7826260762621893,0.970344410623228,-0.34846153846153843,-0.35619718309859155,False,Mistral-Small-24B-Instruct-2501|s4
RedHatAI/Mistral-Small-24B-Instruct-2501-quantized.w8a8,mistral,Mistral-Small-24B-Instruct-2501,w8a8_int,gsm8k,90.14,-0.14,-0.6133918356184324,-1.989877079061141,0.7630934078242763,-0.34846153846153843,-0.6543478260869565,True,Mistral-Small-24B-Instruct-2501|s4
RedHatAI/Mistral-Small-24B-Instruct-2501-quantized.w8a8,mistral,Mistral-Small-24B-Instruct-2501,w8a8_int,hellaswag,85.05,0.01,-0.3344446514959623,-1.7109298949386709,1.0420405919467464,-0.34846153846153843,-0.27041666666666664,True,Mistral-Small-24B-Instruct-2501|s4
RedHatAI/Mistral-Small-24B-Instruct-2501-quantized.w8a8,mistral,Mistral-Small-24B-Instruct-2501,w8a8_int,mmlu,80.69,-0.44,-0.5107709210266458,-1.8872561644693544,0.8657143224160628,-0.34846153846153843,-0.48887323943661976,True,Mistral-Small-24B-Instruct-2501|s4
RedHatAI/Mistral-Small-24B-Instruct-2501-quantized.w8a8,mistral,Mistral-Small-24B-Instruct-2501,w8a8_int,truthfulqa,65.55,0.14,-0.23182345138221125,-1.60830869482492,1.1446617920604973,-0.34846153846153843,-0.16785714285714284,True,Mistral-Small-24B-Instruct-2501|s4
RedHatAI/Mistral-Small-24B-Instruct-2501-quantized.w8a8,mistral,Mistral-Small-24B-Instruct-2501,w8a8_int,winogrande,83.11,-1.42,-0.196829275762068,-1.5733145192047766,1.1796559676806406,-0.34846153846153843,-0.10871428571428572,True,Mistral-Small-24B-Instruct-2501|s4
RedHatAI/Mistral-Small-3.1-24B-Instruct-2503-FP8-dynamic,mistral,Mistral-Small-3.1-24B-Instruct-2503,fp8_dynamic,mmlu,80.67,0.04,-0.2003954063964399,-2.267668320234088,1.8668775074412083,-0.34382550335570466,-0.48928571428571427,True,Mistral-Small-3.1-24B-Instruct-2503|s0
RedHatAI/Mistral-Small-3.1-24B-Instruct-2503-FP8-dynamic,mistral,Mistral-Small-3.1-24B-Instruct-2503,fp8_dynamic,arc_challenge,72.78,0.09,-0.09300058762397512,-2.1602735014616234,1.974272326213673,-0.34382550335570466,-0.39185714285714285,True,Mistral-Small-3.1-24B-Instruct-2503|s0
RedHatAI/Mistral-Small-3.1-24B-Instruct-2503-FP8-dynamic,mistral,Mistral-Small-3.1-24B-Instruct-2503,fp8_dynamic,gsm8k,58.68,-8.72,-0.16479565529401224,-2.2320685691316604,1.902477258543636,-0.34382550335570466,-0.5258571428571429,False,Mistral-Small-3.1-24B-Instruct-2503|s0
RedHatAI/Mistral-Small-3.1-24B-Instruct-2503-FP8-dynamic,mistral,Mistral-Small-3.1-24B-Instruct-2503,fp8_dynamic,hellaswag,83.7,-0.03,0.0818288577215101,-1.9854440561161382,2.1491017715591583,-0.34382550335570466,-0.17506849315068493,True,Mistral-Small-3.1-24B-Instruct-2503|s0
RedHatAI/Mistral-Small-3.1-24B-Instruct-2503-FP8-dynamic,mistral,Mistral-Small-3.1-24B-Instruct-2503,fp8_dynamic,winogrande,83.74,-1.18,0.1491042184468308,-1.9181686953908175,2.216377132284479,-0.34382550335570466,-0.09154929577464789,True,Mistral-Small-3.1-24B-Instruct-2503|s0
RedHatAI/Mistral-Small-3.1-24B-Instruct-2503-FP8-dynamic,mistral,Mistral-Small-3.1-24B-Instruct-2503,fp8_dynamic,truthfulqa,70.62,0.26,0.01939016416173317,-2.047882749675915,2.0866630779993813,-0.34382550335570466,-0.23464788732394368,True,Mistral-Small-3.1-24B-Instruct-2503|s0
RedHatAI/Mistral-Small-3.1-24B-Instruct-2503-FP8-dynamic,mistral,Mistral-Small-3.1-24B-Instruct-2503,fp8_dynamic,mmlu_pro,67.25,-0.39,-0.6513980746495505,-2.7186709884871987,1.4158748391880978,-0.34382550335570466,-1.0376,True,Mistral-Small-3.1-24B-Instruct-2503|s0
RedHatAI/Mistral-Small-3.1-24B-Instruct-2503-FP8-dynamic,mistral,Mistral-Small-3.1-24B-Instruct-2503,fp8_dynamic,gpqa,45.96,-0.51,0.35788059430974345,-1.7093923195279048,2.4251535081473916,-0.34382550335570466,-0.007499999999999993,True,Mistral-Small-3.1-24B-Instruct-2503|s0
RedHatAI/Mistral-Small-3.1-24B-Instruct-2503-FP8-dynamic,mistral,Mistral-Small-3.1-24B-Instruct-2503,fp8_dynamic,humaneval,84.7,0.0,0.07103892138893692,-1.9962339924487114,2.138311835226585,-0.34382550335570466,-0.2348,True,Mistral-Small-3.1-24B-Instruct-2503|s0
RedHatAI/Mistral-Small-3.1-24B-Instruct-2503-FP8-dynamic,mistral,Mistral-Small-3.1-24B-Instruct-2503,fp8_dynamic,humaneval_plus,79.5,-0.2,-0.00044875183764470084,-2.067721665675293,2.0668241620000036,-0.34382550335570466,-0.18333333333333335,True,Mistral-Small-3.1-24B-Instruct-2503|s0
RedHatAI/Mistral-Small-3.1-24B-Instruct-2503-quantized.w4a16,mistral,Mistral-Small-3.1-24B-Instruct-2503,w4a16,mmlu,80.67,-0.93,-0.6406302624857868,-2.707903176323435,1.4266426513518615,-0.34382550335570466,-0.48928571428571427,True,Mistral-Small-3.1-24B-Instruct-2503|s0
RedHatAI/Mistral-Small-3.1-24B-Instruct-2503-quantized.w4a16,mistral,Mistral-Small-3.1-24B-Instruct-2503,w4a16,arc_challenge,72.78,-0.6,-0.533235443713322,-2.60050835755097,1.5340374701243262,-0.34382550335570466,-0.39185714285714285,True,Mistral-Small-3.1-24B-Instruct-2503|s0
RedHatAI/Mistral-Small-3.1-24B-Instruct-2503-quantized.w4a16,mistral,Mistral-Small-3.1-24B-Instruct-2503,w4a16,gsm8k,58.68,0.91,-0.605030511383359,-2.672303425221007,1.4622424024542893,-0.34382550335570466,-0.5258571428571429,True,Mistral-Small-3.1-24B-Instruct-2503|s0
RedHatAI/Mistral-Small-3.1-24B-Instruct-2503-quantized.w4a16,mistral,Mistral-Small-3.1-24B-Instruct-2503,w4a16,hellaswag,83.7,-0.45,-0.3584059983678367,-2.425678912205485,1.7088669154698115,-0.34382550335570466,-0.17506849315068493,True,Mistral-Small-3.1-24B-Instruct-2503|s0
RedHatAI/Mistral-Small-3.1-24B-Instruct-2503-quantized.w4a16,mistral,Mistral-Small-3.1-24B-Instruct-2503,w4a16,winogrande,83.74,-0.31,-0.2911306376425161,-2.3584035514801642,1.7761422761951322,-0.34382550335570466,-0.09154929577464789,True,Mistral-Small-3.1-24B-Instruct-2503|s0
RedHatAI/Mistral-Small-3.1-24B-Instruct-2503-quantized.w4a16,mistral,Mistral-Small-3.1-24B-Instruct-2503,w4a16,truthfulqa,70.62,-1.06,-0.42084469192761365,-2.488117605765262,1.6464282219100346,-0.34382550335570466,-0.23464788732394368,True,Mistral-Small-3.1-24B-Instruct-2503|s0
RedHatAI/Mistral-Small-3.1-24B-Instruct-2503-quantized.w4a16,mistral,Mistral-Small-3.1-24B-Instruct-2503,w4a16,mmlu_pro,67.25,-0.69,-1.0916329307388974,-3.1589058445765454,0.9756399830987508,-0.34382550335570466,-1.0376,True,Mistral-Small-3.1-24B-Instruct-2503|s0
RedHatAI/Mistral-Small-3.1-24B-Instruct-2503-quantized.w4a16,mistral,Mistral-Small-3.1-24B-Instruct-2503,w4a16,gpqa,42.63,4.47,-0.07705918855499172,-2.14433210239264,1.9902137252826564,-0.34382550335570466,-0.007499999999999993,False,Mistral-Small-3.1-24B-Instruct-2503|s0
RedHatAI/Mistral-Small-3.1-24B-Instruct-2503-quantized.w4a16,mistral,Mistral-Small-3.1-24B-Instruct-2503,w4a16,humaneval,84.7,-0.1,-0.3691959347004099,-2.436468848538058,1.6980769791372383,-0.34382550335570466,-0.2348,True,Mistral-Small-3.1-24B-Instruct-2503|s0
RedHatAI/Mistral-Small-3.1-24B-Instruct-2503-quantized.w4a16,mistral,Mistral-Small-3.1-24B-Instruct-2503,w4a16,humaneval_plus,79.5,0.4,-0.4406836079269914,-2.5079565217646396,1.6265893059106569,-0.34382550335570466,-0.18333333333333335,True,Mistral-Small-3.1-24B-Instruct-2503|s0
RedHatAI/Mistral-Small-3.1-24B-Instruct-2503-quantized.w8a8,mistral,Mistral-Small-3.1-24B-Instruct-2503,w8a8_int,mmlu,80.67,-0.27,-0.9367346150315832,-3.0040075288692316,1.130538298806065,-0.34382550335570466,-0.48928571428571427,True,Mistral-Small-3.1-24B-Instruct-2503|s0
RedHatAI/Mistral-Small-3.1-24B-Instruct-2503-quantized.w8a8,mistral,Mistral-Small-3.1-24B-Instruct-2503,w8a8_int,arc_challenge,72.78,0.68,-0.8293397962591182,-2.8966127100967665,1.23793311757853,-0.34382550335570466,-0.39185714285714285,True,Mistral-Small-3.1-24B-Instruct-2503|s0
RedHatAI/Mistral-Small-3.1-24B-Instruct-2503-quantized.w8a8,mistral,Mistral-Small-3.1-24B-Instruct-2503,w8a8_int,hellaswag,83.7,-1.44,-0.6545103509136333,-2.7217832647512816,1.4127625629240148,-0.34382550335570466,-0.17506849315068493,True,Mistral-Small-3.1-24B-Instruct-2503|s0
RedHatAI/Mistral-Small-3.1-24B-Instruct-2503-quantized.w8a8,mistral,Mistral-Small-3.1-24B-Instruct-2503,w8a8_int,winogrande,83.74,-2.84,-0.5872349901883123,-2.6545079040259605,1.480037923649336,-0.34382550335570466,-0.09154929577464789,False,Mistral-Small-3.1-24B-Instruct-2503|s0
RedHatAI/Mistral-Small-3.1-24B-Instruct-2503-quantized.w8a8,mistral,Mistral-Small-3.1-24B-Instruct-2503,w8a8_int,truthfulqa,70.62,-1.47,-0.7169490444734101,-2.7842219583110586,1.350323869364238,-0.34382550335570466,-0.23464788732394368,True,Mistral-Small-3.1-24B-Instruct-2503|s0
RedHatAI/Mistral-Small-3.1-24B-Instruct-2503-quantized.w8a8,mistral,Mistral-Small-3.1-24B-Instruct-2503,w8a8_int,mmlu_pro,67.25,-0.71,-1.3877372832846937,-3.455010197122342,0.6795356305529545,-0.34382550335570466,-1.0376,True,Mistral-Small-3.1-24B-Instruct-2503|s0
RedHatAI/Mistral-Small-3.1-24B-Instruct-2503-quantized.w8a8,mistral,Mistral-Small-3.1-24B-Instruct-2503,w8a8_int,gpqa,42.63,2.01,-0.37316354110078825,-2.4404364549384363,1.69410937273686,-0.34382550335570466,-0.007499999999999993,False,Mistral-Small-3.1-24B-Instruct-2503|s0
RedHatAI/Mistral-Small-3.1-24B-Instruct-2503-quantized.w8a8,mistral,Mistral-Small-3.1-24B-Instruct-2503,w8a8_int,humaneval,84.7,-0.5,-0.6653002872462064,-2.732573201083855,1.4019726265914418,-0.34382550335570466,-0.2348,True,Mistral-Small-3.1-24B-Instruct-2503|s0
RedHatAI/Mistral-Small-3.1-24B-Instruct-2503-quantized.w8a8,mistral,Mistral-Small-3.1-24B-Instruct-2503,w8a8_int,humaneval_plus,79.5,1.5,-0.736787960472788,-2.8040608743104363,1.3304849533648602,-0.34382550335570466,-0.18333333333333335,False,Mistral-Small-3.1-24B-Instruct-2503|s0
RedHatAI/Mistral-Small-3.1-24B-Instruct-2503-FP8-dynamic,mistral,Mistral-Small-3.1-24B-Instruct-2503,fp8_dynamic,mmlu,80.67,0.04,-0.09239209537212895,-1.7485134607929254,1.5637292700486676,-0.3807155963302752,-0.5269014084507042,True,Mistral-Small-3.1-24B-Instruct-2503|s1
RedHatAI/Mistral-Small-3.1-24B-Instruct-2503-FP8-dynamic,mistral,Mistral-Small-3.1-24B-Instruct-2503,fp8_dynamic,arc_challenge,72.78,0.09,0.013341614498094623,-1.6427797509227018,1.6694629799188911,-0.3807155963302752,-0.41231884057971013,True,Mistral-Small-3.1-24B-Instruct-2503|s1
RedHatAI/Mistral-Small-3.1-24B-Instruct-2503-FP8-dynamic,mistral,Mistral-Small-3.1-24B-Instruct-2503,fp8_dynamic,gsm8k,58.68,-8.72,-0.2429955954727344,-1.8991169608935308,1.4131257699480622,-0.3807155963302752,-0.6784057971014493,False,Mistral-Small-3.1-24B-Instruct-2503|s1
RedHatAI/Mistral-Small-3.1-24B-Instruct-2503-FP8-dynamic,mistral,Mistral-Small-3.1-24B-Instruct-2503,fp8_dynamic,hellaswag,83.7,-0.03,0.12374801148901526,-1.5323733539317812,1.7798693769098117,-0.3807155963302752,-0.26436619718309856,True,Mistral-Small-3.1-24B-Instruct-2503|s1
RedHatAI/Mistral-Small-3.1-24B-Instruct-2503-FP8-dynamic,mistral,Mistral-Small-3.1-24B-Instruct-2503,fp8_dynamic,winogrande,83.74,-1.18,0.25167274246761884,-1.4044486229531776,1.9077941078884153,-0.3807155963302752,-0.10884057971014492,True,Mistral-Small-3.1-24B-Instruct-2503|s1
RedHatAI/Mistral-Small-3.1-24B-Instruct-2503-FP8-dynamic,mistral,Mistral-Small-3.1-24B-Instruct-2503,fp8_dynamic,truthfulqa,70.62,0.26,0.31557063203659297,-1.3405507333842035,1.9716919974573894,-0.3807155963302752,-0.08985294117647058,True,Mistral-Small-3.1-24B-Instruct-2503|s1
RedHatAI/Mistral-Small-3.1-24B-Instruct-2503-FP8-dynamic,mistral,Mistral-Small-3.1-24B-Instruct-2503,fp8_dynamic,mmlu_pro,67.25,-0.39,-1.0071500785556307,-2.663271443976427,0.6489712868651658,-0.3807155963302752,-1.7272222222222222,True,Mistral-Small-3.1-24B-Instruct-2503|s1
RedHatAI/Mistral-Small-3.1-24B-Instruct-2503-FP8-dynamic,mistral,Mistral-Small-3.1-24B-Instruct-2503,fp8_dynamic,gpqa,45.96,-0.51,0.5901468180485449,-1.0659745473722517,2.246268183469341,-0.3807155963302752,0.12214285714285712,True,Mistral-Small-3.1-24B-Instruct-2503|s1
RedHatAI/Mistral-Small-3.1-24B-Instruct-2503-FP8-dynamic,mistral,Mistral-Small-3.1-24B-Instruct-2503,fp8_dynamic,humaneval,84.7,0.0,0.06109024048101108,-1.5950311249397853,1.7172116059018077,-0.3807155963302752,-0.4810526315789474,True,Mistral-Small-3.1-24B-Instruct-2503|s1
RedHatAI/Mistral-Small-3.1-24B-Instruct-2503-FP8-dynamic,mistral,Mistral-Small-3.1-24B-Instruct-2503,fp8_dynamic,humaneval_plus,79.5,-0.2,0.03797349454684379,-1.6181478708739527,1.6940948599676402,-0.3807155963302752,-0.19999999999999998,True,Mistral-Small-3.1-24B-Instruct-2503|s1
RedHatAI/Mistral-Small-3.1-24B-Instruct-2503-quantized.w4a16,mistral,Mistral-Small-3.1-24B-Instruct-2503,w4a16,mmlu,80.67,-0.93,-0.7446604291499526,-2.400781794570749,0.9114609362708439,-0.3807155963302752,-0.5269014084507042,True,Mistral-Small-3.1-24B-Instruct-2503|s1
RedHatAI/Mistral-Small-3.1-24B-Instruct-2503-quantized.w4a16,mistral,Mistral-Small-3.1-24B-Instruct-2503,w4a16,arc_challenge,72.78,-0.6,-0.638926719279729,-2.2950480847005252,1.0171946461410675,-0.3807155963302752,-0.41231884057971013,True,Mistral-Small-3.1-24B-Instruct-2503|s1
RedHatAI/Mistral-Small-3.1-24B-Instruct-2503-quantized.w4a16,mistral,Mistral-Small-3.1-24B-Instruct-2503,w4a16,gsm8k,58.68,0.91,-0.8952639292505579,-2.551385294671354,0.7608574361702386,-0.3807155963302752,-0.6784057971014493,False,Mistral-Small-3.1-24B-Instruct-2503|s1
RedHatAI/Mistral-Small-3.1-24B-Instruct-2503-quantized.w4a16,mistral,Mistral-Small-3.1-24B-Instruct-2503,w4a16,hellaswag,83.7,-0.45,-0.5285203222888083,-2.184641687709605,1.127601043131988,-0.3807155963302752,-0.26436619718309856,True,Mistral-Small-3.1-24B-Instruct-2503|s1
RedHatAI/Mistral-Small-3.1-24B-Instruct-2503-quantized.w4a16,mistral,Mistral-Small-3.1-24B-Instruct-2503,w4a16,winogrande,83.74,-0.31,-0.4005955913102048,-2.0567169567310013,1.2555257741105916,-0.3807155963302752,-0.10884057971014492,True,Mistral-Small-3.1-24B-Instruct-2503|s1
RedHatAI/Mistral-Small-3.1-24B-Instruct-2503-quantized.w4a16,mistral,Mistral-Small-3.1-24B-Instruct-2503,w4a16,truthfulqa,70.62,-1.06,-0.33669770174123065,-1.9928190671620272,1.3194236636795658,-0.3807155963302752,-0.08985294117647058,True,Mistral-Small-3.1-24B-Instruct-2503|s1
RedHatAI/Mistral-Small-3.1-24B-Instruct-2503-quantized.w4a16,mistral,Mistral-Small-3.1-24B-Instruct-2503,w4a16,mmlu_pro,67.25,-0.69,-1.659418412333454,-3.3155397777542506,-0.003297046912657642,-0.3807155963302752,-1.7272222222222222,True,Mistral-Small-3.1-24B-Instruct-2503|s1
RedHatAI/Mistral-Small-3.1-24B-Instruct-2503-quantized.w4a16,mistral,Mistral-Small-3.1-24B-Instruct-2503,w4a16,gpqa,42.63,4.47,-0.08508989450399151,-1.741211259924788,1.571031470916805,-0.3807155963302752,0.12214285714285712,False,Mistral-Small-3.1-24B-Instruct-2503|s1
RedHatAI/Mistral-Small-3.1-24B-Instruct-2503-quantized.w4a16,mistral,Mistral-Small-3.1-24B-Instruct-2503,w4a16,humaneval,84.7,-0.1,-0.5911780932968125,-2.2472994587176087,1.064943272123984,-0.3807155963302752,-0.4810526315789474,True,Mistral-Small-3.1-24B-Instruct-2503|s1
RedHatAI/Mistral-Small-3.1-24B-Instruct-2503-quantized.w4a16,mistral,Mistral-Small-3.1-24B-Instruct-2503,w4a16,humaneval_plus,79.5,0.4,-0.6142948392309798,-2.2704162046517764,1.0418265261898165,-0.3807155963302752,-0.19999999999999998,True,Mistral-Small-3.1-24B-Instruct-2503|s1
RedHatAI/Mistral-Small-3.1-24B-Instruct-2503-quantized.w8a8,mistral,Mistral-Small-3.1-24B-Instruct-2503,w8a8_int,mmlu,80.67,-0.27,-0.15994078037345996,-1.8160621457942565,1.4961805850473364,-0.3807155963302752,-0.5269014084507042,True,Mistral-Small-3.1-24B-Instruct-2503|s1
RedHatAI/Mistral-Small-3.1-24B-Instruct-2503-quantized.w8a8,mistral,Mistral-Small-3.1-24B-Instruct-2503,w8a8_int,arc_challenge,72.78,0.68,-0.054207070503236365,-1.710328435924033,1.60191429491756,-0.3807155963302752,-0.41231884057971013,True,Mistral-Small-3.1-24B-Instruct-2503|s1
RedHatAI/Mistral-Small-3.1-24B-Instruct-2503-quantized.w8a8,mistral,Mistral-Small-3.1-24B-Instruct-2503,w8a8_int,hellaswag,83.7,-1.44,0.05619932648768433,-1.5999220389331121,1.7123206919084808,-0.3807155963302752,-0.26436619718309856,True,Mistral-Small-3.1-24B-Instruct-2503|s1
RedHatAI/Mistral-Small-3.1-24B-Instruct-2503-quantized.w8a8,mistral,Mistral-Small-3.1-24B-Instruct-2503,w8a8_int,winogrande,83.74,-2.84,0.1841240574662878,-1.4719973079545086,1.8402454228870844,-0.3807155963302752,-0.10884057971014492,False,Mistral-Small-3.1-24B-Instruct-2503|s1
RedHatAI/Mistral-Small-3.1-24B-Instruct-2503-quantized.w8a8,mistral,Mistral-Small-3.1-24B-Instruct-2503,w8a8_int,truthfulqa,70.62,-1.47,0.24802194703526204,-1.4080994183855344,1.9041433124560585,-0.3807155963302752,-0.08985294117647058,False,Mistral-Small-3.1-24B-Instruct-2503|s1
RedHatAI/Mistral-Small-3.1-24B-Instruct-2503-quantized.w8a8,mistral,Mistral-Small-3.1-24B-Instruct-2503,w8a8_int,mmlu_pro,67.25,-0.71,-1.0746987635569614,-2.730820128977758,0.5814226018638351,-0.3807155963302752,-1.7272222222222222,True,Mistral-Small-3.1-24B-Instruct-2503|s1
RedHatAI/Mistral-Small-3.1-24B-Instruct-2503-quantized.w8a8,mistral,Mistral-Small-3.1-24B-Instruct-2503,w8a8_int,gpqa,42.63,2.01,0.4996297542725011,-1.1564916111482955,2.1557511196932975,-0.3807155963302752,0.12214285714285712,True,Mistral-Small-3.1-24B-Instruct-2503|s1
RedHatAI/Mistral-Small-3.1-24B-Instruct-2503-quantized.w8a8,mistral,Mistral-Small-3.1-24B-Instruct-2503,w8a8_int,humaneval,84.7,-0.5,-0.006458444520319961,-1.6625798099411164,1.6496629209004765,-0.3807155963302752,-0.4810526315789474,True,Mistral-Small-3.1-24B-Instruct-2503|s1
RedHatAI/Mistral-Small-3.1-24B-Instruct-2503-quantized.w8a8,mistral,Mistral-Small-3.1-24B-Instruct-2503,w8a8_int,humaneval_plus,79.5,1.5,-0.0295751904544872,-1.6856965558752837,1.6265461749663093,-0.3807155963302752,-0.19999999999999998,True,Mistral-Small-3.1-24B-Instruct-2503|s1
RedHatAI/Mistral-Small-3.1-24B-Instruct-2503-FP8-dynamic,mistral,Mistral-Small-3.1-24B-Instruct-2503,fp8_dynamic,mmlu,80.67,0.04,-0.2069965353420494,-1.6386003913029046,1.224607320618806,-0.40096339113680146,-0.5377941176470589,True,Mistral-Small-3.1-24B-Instruct-2503|s2
RedHatAI/Mistral-Small-3.1-24B-Instruct-2503-FP8-dynamic,mistral,Mistral-Small-3.1-24B-Instruct-2503,fp8_dynamic,arc_challenge,72.78,0.09,-0.11298578816935373,-1.544589644130209,1.3186180677915016,-0.40096339113680146,-0.47477611940298503,True,Mistral-Small-3.1-24B-Instruct-2503|s2
RedHatAI/Mistral-Small-3.1-24B-Instruct-2503-FP8-dynamic,mistral,Mistral-Small-3.1-24B-Instruct-2503,fp8_dynamic,gsm8k,58.68,-8.72,-0.27046253601366677,-1.702066391974522,1.1611413199471885,-0.40096339113680146,-0.7376811594202899,False,Mistral-Small-3.1-24B-Instruct-2503|s2
RedHatAI/Mistral-Small-3.1-24B-Instruct-2503-FP8-dynamic,mistral,Mistral-Small-3.1-24B-Instruct-2503,fp8_dynamic,hellaswag,83.7,-0.03,0.06167812838965281,-1.3699257275712025,1.493281984350508,-0.40096339113680146,-0.2381159420289855,True,Mistral-Small-3.1-24B-Instruct-2503|s2
RedHatAI/Mistral-Small-3.1-24B-Instruct-2503-FP8-dynamic,mistral,Mistral-Small-3.1-24B-Instruct-2503,fp8_dynamic,winogrande,83.74,-1.18,0.11315063080952253,-1.3184532251513328,1.5447544867703777,-0.40096339113680146,-0.16455882352941176,True,Mistral-Small-3.1-24B-Instruct-2503|s2
RedHatAI/Mistral-Small-3.1-24B-Instruct-2503-FP8-dynamic,mistral,Mistral-Small-3.1-24B-Instruct-2503,fp8_dynamic,truthfulqa,70.62,0.26,0.11464389542565573,-1.3169599605351996,1.546247751386511,-0.40096339113680146,-0.19742424242424245,True,Mistral-Small-3.1-24B-Instruct-2503|s2
RedHatAI/Mistral-Small-3.1-24B-Instruct-2503-FP8-dynamic,mistral,Mistral-Small-3.1-24B-Instruct-2503,fp8_dynamic,mmlu_pro,67.25,-0.39,-1.132305452610937,-2.5639093085717923,0.2992984033499182,-0.40096339113680146,-1.7673333333333334,True,Mistral-Small-3.1-24B-Instruct-2503|s2
RedHatAI/Mistral-Small-3.1-24B-Instruct-2503-FP8-dynamic,mistral,Mistral-Small-3.1-24B-Instruct-2503,fp8_dynamic,gpqa,45.96,-0.51,0.5466044797019811,-0.8849993762588741,1.9782083356628364,-0.40096339113680146,0.12000000000000001,True,Mistral-Small-3.1-24B-Instruct-2503|s2
RedHatAI/Mistral-Small-3.1-24B-Instruct-2503-FP8-dynamic,mistral,Mistral-Small-3.1-24B-Instruct-2503,fp8_dynamic,humaneval,84.7,0.0,0.1524735426367358,-1.2791303133241194,1.5840773985975911,-0.40096339113680146,-0.22533333333333333,True,Mistral-Small-3.1-24B-Instruct-2503|s2
RedHatAI/Mistral-Small-3.1-24B-Instruct-2503-FP8-dynamic,mistral,Mistral-Small-3.1-24B-Instruct-2503,fp8_dynamic,humaneval_plus,79.5,-0.2,0.13337307476507937,-1.2982307811957758,1.5649769307259347,-0.40096339113680146,-0.08333333333333333,True,Mistral-Small-3.1-24B-Instruct-2503|s2
RedHatAI/Mistral-Small-3.1-24B-Instruct-2503-quantized.w4a16,mistral,Mistral-Small-3.1-24B-Instruct-2503,w4a16,mmlu,80.67,-0.93,-0.8174445769206642,-2.2490484328815192,0.6141592790401911,-0.40096339113680146,-0.5377941176470589,True,Mistral-Small-3.1-24B-Instruct-2503|s2
RedHatAI/Mistral-Small-3.1-24B-Instruct-2503-quantized.w4a16,mistral,Mistral-Small-3.1-24B-Instruct-2503,w4a16,arc_challenge,72.78,-0.6,-0.7234338297479684,-2.1550376857088236,0.7081700262128868,-0.40096339113680146,-0.47477611940298503,True,Mistral-Small-3.1-24B-Instruct-2503|s2
RedHatAI/Mistral-Small-3.1-24B-Instruct-2503-quantized.w4a16,mistral,Mistral-Small-3.1-24B-Instruct-2503,w4a16,gsm8k,58.68,0.91,-0.8809105775922815,-2.3125144335531367,0.5506932783685737,-0.40096339113680146,-0.7376811594202899,False,Mistral-Small-3.1-24B-Instruct-2503|s2
RedHatAI/Mistral-Small-3.1-24B-Instruct-2503-quantized.w4a16,mistral,Mistral-Small-3.1-24B-Instruct-2503,w4a16,hellaswag,83.7,-0.45,-0.548769913188962,-1.9803737691498173,0.8828339427718933,-0.40096339113680146,-0.2381159420289855,True,Mistral-Small-3.1-24B-Instruct-2503|s2
RedHatAI/Mistral-Small-3.1-24B-Instruct-2503-quantized.w4a16,mistral,Mistral-Small-3.1-24B-Instruct-2503,w4a16,winogrande,83.74,-0.31,-0.4972974107690923,-1.9289012667299477,0.934306445191763,-0.40096339113680146,-0.16455882352941176,True,Mistral-Small-3.1-24B-Instruct-2503|s2
RedHatAI/Mistral-Small-3.1-24B-Instruct-2503-quantized.w4a16,mistral,Mistral-Small-3.1-24B-Instruct-2503,w4a16,truthfulqa,70.62,-1.06,-0.49580414615295904,-1.9274080021138142,0.9357997098078963,-0.40096339113680146,-0.19742424242424245,True,Mistral-Small-3.1-24B-Instruct-2503|s2
RedHatAI/Mistral-Small-3.1-24B-Instruct-2503-quantized.w4a16,mistral,Mistral-Small-3.1-24B-Instruct-2503,w4a16,mmlu_pro,67.25,-0.69,-1.7427534941895517,-3.174357350150407,-0.31114963822869646,-0.40096339113680146,-1.7673333333333334,True,Mistral-Small-3.1-24B-Instruct-2503|s2
RedHatAI/Mistral-Small-3.1-24B-Instruct-2503-quantized.w4a16,mistral,Mistral-Small-3.1-24B-Instruct-2503,w4a16,gpqa,42.63,4.47,-0.06906095158643077,-1.500664807547286,1.3625429043744246,-0.40096339113680146,0.12000000000000001,False,Mistral-Small-3.1-24B-Instruct-2503|s2
RedHatAI/Mistral-Small-3.1-24B-Instruct-2503-quantized.w4a16,mistral,Mistral-Small-3.1-24B-Instruct-2503,w4a16,humaneval,84.7,-0.1,-0.45797449894187897,-1.8895783549027343,0.9736293570189762,-0.40096339113680146,-0.22533333333333333,True,Mistral-Small-3.1-24B-Instruct-2503|s2
RedHatAI/Mistral-Small-3.1-24B-Instruct-2503-quantized.w4a16,mistral,Mistral-Small-3.1-24B-Instruct-2503,w4a16,humaneval_plus,79.5,0.4,-0.47707496681353545,-1.9086788227743907,0.9545288891473198,-0.40096339113680146,-0.08333333333333333,True,Mistral-Small-3.1-24B-Instruct-2503|s2
RedHatAI/Mistral-Small-3.1-24B-Instruct-2503-quantized.w8a8,mistral,Mistral-Small-3.1-24B-Instruct-2503,w8a8_int,mmlu,80.67,-0.27,-0.5130250424916231,-1.9446288984524784,0.9185788134692322,-0.40096339113680146,-0.5377941176470589,True,Mistral-Small-3.1-24B-Instruct-2503|s2
RedHatAI/Mistral-Small-3.1-24B-Instruct-2503-quantized.w8a8,mistral,Mistral-Small-3.1-24B-Instruct-2503,w8a8_int,arc_challenge,72.78,0.68,-0.4190142953189273,-1.8506181512797826,1.012589560641928,-0.40096339113680146,-0.47477611940298503,True,Mistral-Small-3.1-24B-Instruct-2503|s2
RedHatAI/Mistral-Small-3.1-24B-Instruct-2503-quantized.w8a8,mistral,Mistral-Small-3.1-24B-Instruct-2503,w8a8_int,hellaswag,83.7,-1.44,-0.24435037875992077,-1.675954234720776,1.1872534772009344,-0.40096339113680146,-0.2381159420289855,True,Mistral-Small-3.1-24B-Instruct-2503|s2
RedHatAI/Mistral-Small-3.1-24B-Instruct-2503-quantized.w8a8,mistral,Mistral-Small-3.1-24B-Instruct-2503,w8a8_int,winogrande,83.74,-2.84,-0.1928778763400512,-1.6244817323009064,1.238725979620804,-0.40096339113680146,-0.16455882352941176,False,Mistral-Small-3.1-24B-Instruct-2503|s2
RedHatAI/Mistral-Small-3.1-24B-Instruct-2503-quantized.w8a8,mistral,Mistral-Small-3.1-24B-Instruct-2503,w8a8_int,truthfulqa,70.62,-1.47,-0.19138461172391788,-1.6229884676847732,1.2402192442369373,-0.40096339113680146,-0.19742424242424245,True,Mistral-Small-3.1-24B-Instruct-2503|s2
RedHatAI/Mistral-Small-3.1-24B-Instruct-2503-quantized.w8a8,mistral,Mistral-Small-3.1-24B-Instruct-2503,w8a8_int,mmlu_pro,67.25,-0.71,-1.4383339597605103,-2.8699378157213653,-0.006730103799654996,-0.40096339113680146,-1.7673333333333334,True,Mistral-Small-3.1-24B-Instruct-2503|s2
RedHatAI/Mistral-Small-3.1-24B-Instruct-2503-quantized.w8a8,mistral,Mistral-Small-3.1-24B-Instruct-2503,w8a8_int,gpqa,42.63,2.01,0.23535858284261008,-1.1962452731182451,1.6669624388034654,-0.40096339113680146,0.12000000000000001,False,Mistral-Small-3.1-24B-Instruct-2503|s2
RedHatAI/Mistral-Small-3.1-24B-Instruct-2503-quantized.w8a8,mistral,Mistral-Small-3.1-24B-Instruct-2503,w8a8_int,humaneval,84.7,-0.5,-0.1535549645128379,-1.5851588204736933,1.2780488914480173,-0.40096339113680146,-0.22533333333333333,True,Mistral-Small-3.1-24B-Instruct-2503|s2
RedHatAI/Mistral-Small-3.1-24B-Instruct-2503-quantized.w8a8,mistral,Mistral-Small-3.1-24B-Instruct-2503,w8a8_int,humaneval_plus,79.5,1.5,-0.17265543238449424,-1.6042592883453495,1.258948423576361,-0.40096339113680146,-0.08333333333333333,False,Mistral-Small-3.1-24B-Instruct-2503|s2
RedHatAI/Mistral-Small-3.1-24B-Instruct-2503-FP8-dynamic,mistral,Mistral-Small-3.1-24B-Instruct-2503,fp8_dynamic,mmlu,80.67,0.04,-0.045364054034557566,-1.2769365529866876,1.1862084449175727,-0.42683848797250856,-0.5322535211267605,True,Mistral-Small-3.1-24B-Instruct-2503|s3
RedHatAI/Mistral-Small-3.1-24B-Instruct-2503-FP8-dynamic,mistral,Mistral-Small-3.1-24B-Instruct-2503,fp8_dynamic,arc_challenge,72.78,0.09,-0.12238679374944778,-1.353959292701578,1.1091857052026823,-0.42683848797250856,-0.5463768115942029,True,Mistral-Small-3.1-24B-Instruct-2503|s3
RedHatAI/Mistral-Small-3.1-24B-Instruct-2503-FP8-dynamic,mistral,Mistral-Small-3.1-24B-Instruct-2503,fp8_dynamic,gsm8k,58.68,-8.72,-0.28679240683758245,-1.5183649057897126,0.9447800921145477,-0.42683848797250856,-0.627605633802817,False,Mistral-Small-3.1-24B-Instruct-2503|s3
RedHatAI/Mistral-Small-3.1-24B-Instruct-2503-FP8-dynamic,mistral,Mistral-Small-3.1-24B-Instruct-2503,fp8_dynamic,hellaswag,83.7,-0.03,0.05834718285720086,-1.1732253160949293,1.289919681809331,-0.42683848797250856,-0.3743835616438356,True,Mistral-Small-3.1-24B-Instruct-2503|s3
RedHatAI/Mistral-Small-3.1-24B-Instruct-2503-FP8-dynamic,mistral,Mistral-Small-3.1-24B-Instruct-2503,fp8_dynamic,winogrande,83.74,-1.18,0.16425384586880631,-1.0673186530833239,1.3958263448209365,-0.42683848797250856,-0.2693055555555556,False,Mistral-Small-3.1-24B-Instruct-2503|s3
RedHatAI/Mistral-Small-3.1-24B-Instruct-2503-FP8-dynamic,mistral,Mistral-Small-3.1-24B-Instruct-2503,fp8_dynamic,truthfulqa,70.62,0.26,0.23097978808217712,-1.000592710869953,1.4625522870343073,-0.42683848797250856,-0.19633802816901408,True,Mistral-Small-3.1-24B-Instruct-2503|s3
RedHatAI/Mistral-Small-3.1-24B-Instruct-2503-FP8-dynamic,mistral,Mistral-Small-3.1-24B-Instruct-2503,fp8_dynamic,mmlu_pro,67.25,-0.39,-0.6266683068034744,-1.8582408057556046,0.6049041921486558,-0.42683848797250856,-1.2354166666666668,True,Mistral-Small-3.1-24B-Instruct-2503|s3
RedHatAI/Mistral-Small-3.1-24B-Instruct-2503-FP8-dynamic,mistral,Mistral-Small-3.1-24B-Instruct-2503,fp8_dynamic,gpqa,45.96,-0.51,0.3093139688203578,-0.9222585301317724,1.5408864677724878,-0.42683848797250856,-0.1346153846153846,True,Mistral-Small-3.1-24B-Instruct-2503|s3
RedHatAI/Mistral-Small-3.1-24B-Instruct-2503-FP8-dynamic,mistral,Mistral-Small-3.1-24B-Instruct-2503,fp8_dynamic,humaneval,84.7,0.0,0.23694571618422766,-0.9946267827679025,1.4685182151363578,-0.42683848797250856,-0.2820833333333333,True,Mistral-Small-3.1-24B-Instruct-2503|s3
RedHatAI/Mistral-Small-3.1-24B-Instruct-2503-FP8-dynamic,mistral,Mistral-Small-3.1-24B-Instruct-2503,fp8_dynamic,humaneval_plus,79.5,-0.2,0.04359961461129208,-1.1879728843408381,1.2751721135634222,-0.42683848797250856,-0.32222222222222224,True,Mistral-Small-3.1-24B-Instruct-2503|s3
RedHatAI/Mistral-Small-3.1-24B-Instruct-2503-quantized.w4a16,mistral,Mistral-Small-3.1-24B-Instruct-2503,w4a16,mmlu,80.67,-0.93,-0.7618706905450426,-1.9934431894971727,0.46970180840708753,-0.42683848797250856,-0.5322535211267605,True,Mistral-Small-3.1-24B-Instruct-2503|s3
RedHatAI/Mistral-Small-3.1-24B-Instruct-2503-quantized.w4a16,mistral,Mistral-Small-3.1-24B-Instruct-2503,w4a16,arc_challenge,72.78,-0.6,-0.8388934302599329,-2.0704659292120633,0.39267906869219726,-0.42683848797250856,-0.5463768115942029,True,Mistral-Small-3.1-24B-Instruct-2503|s3
RedHatAI/Mistral-Small-3.1-24B-Instruct-2503-quantized.w4a16,mistral,Mistral-Small-3.1-24B-Instruct-2503,w4a16,gsm8k,58.68,0.91,-1.0032990433480675,-2.2348715423001977,0.22827345560406265,-0.42683848797250856,-0.627605633802817,False,Mistral-Small-3.1-24B-Instruct-2503|s3
RedHatAI/Mistral-Small-3.1-24B-Instruct-2503-quantized.w4a16,mistral,Mistral-Small-3.1-24B-Instruct-2503,w4a16,hellaswag,83.7,-0.45,-0.6581594536532842,-1.8897319526054144,0.573413045298846,-0.42683848797250856,-0.3743835616438356,True,Mistral-Small-3.1-24B-Instruct-2503|s3
RedHatAI/Mistral-Small-3.1-24B-Instruct-2503-quantized.w4a16,mistral,Mistral-Small-3.1-24B-Instruct-2503,w4a16,winogrande,83.74,-0.31,-0.5522527906416788,-1.783825289593809,0.6793197083104514,-0.42683848797250856,-0.2693055555555556,True,Mistral-Small-3.1-24B-Instruct-2503|s3
RedHatAI/Mistral-Small-3.1-24B-Instruct-2503-quantized.w4a16,mistral,Mistral-Small-3.1-24B-Instruct-2503,w4a16,truthfulqa,70.62,-1.06,-0.4855268484283082,-1.7170993473804383,0.746045650523822,-0.42683848797250856,-0.19633802816901408,True,Mistral-Small-3.1-24B-Instruct-2503|s3
RedHatAI/Mistral-Small-3.1-24B-Instruct-2503-quantized.w4a16,mistral,Mistral-Small-3.1-24B-Instruct-2503,w4a16,mmlu_pro,67.25,-0.69,-1.3431749433139595,-2.57474744226609,-0.11160244436182931,-0.42683848797250856,-1.2354166666666668,True,Mistral-Small-3.1-24B-Instruct-2503|s3
RedHatAI/Mistral-Small-3.1-24B-Instruct-2503-quantized.w4a16,mistral,Mistral-Small-3.1-24B-Instruct-2503,w4a16,gpqa,42.63,4.47,-0.4156586041557777,-1.6472311031079079,0.8159138947963525,-0.42683848797250856,-0.1346153846153846,False,Mistral-Small-3.1-24B-Instruct-2503|s3
RedHatAI/Mistral-Small-3.1-24B-Instruct-2503-quantized.w4a16,mistral,Mistral-Small-3.1-24B-Instruct-2503,w4a16,humaneval,84.7,-0.1,-0.4795609203262575,-1.7111334192783878,0.7520115786258726,-0.42683848797250856,-0.2820833333333333,True,Mistral-Small-3.1-24B-Instruct-2503|s3
RedHatAI/Mistral-Small-3.1-24B-Instruct-2503-quantized.w4a16,mistral,Mistral-Small-3.1-24B-Instruct-2503,w4a16,humaneval_plus,79.5,0.4,-0.672907021899193,-1.9044795208513232,0.5586654770529371,-0.42683848797250856,-0.32222222222222224,True,Mistral-Small-3.1-24B-Instruct-2503|s3
RedHatAI/Mistral-Small-3.1-24B-Instruct-2503-quantized.w8a8,mistral,Mistral-Small-3.1-24B-Instruct-2503,w8a8_int,mmlu,80.67,-0.27,-0.5285158524452586,-1.7600883513973886,0.7030566465068716,-0.42683848797250856,-0.5322535211267605,True,Mistral-Small-3.1-24B-Instruct-2503|s3
RedHatAI/Mistral-Small-3.1-24B-Instruct-2503-quantized.w8a8,mistral,Mistral-Small-3.1-24B-Instruct-2503,w8a8_int,arc_challenge,72.78,0.68,-0.6055385921601488,-1.837111091112279,0.6260339067919813,-0.42683848797250856,-0.5463768115942029,False,Mistral-Small-3.1-24B-Instruct-2503|s3
RedHatAI/Mistral-Small-3.1-24B-Instruct-2503-quantized.w8a8,mistral,Mistral-Small-3.1-24B-Instruct-2503,w8a8_int,hellaswag,83.7,-1.44,-0.42480461555350013,-1.6563771145056303,0.80676788339863,-0.42683848797250856,-0.3743835616438356,True,Mistral-Small-3.1-24B-Instruct-2503|s3
RedHatAI/Mistral-Small-3.1-24B-Instruct-2503-quantized.w8a8,mistral,Mistral-Small-3.1-24B-Instruct-2503,w8a8_int,winogrande,83.74,-2.84,-0.3188979525418947,-1.5504704514940248,0.9126745464102355,-0.42683848797250856,-0.2693055555555556,False,Mistral-Small-3.1-24B-Instruct-2503|s3
RedHatAI/Mistral-Small-3.1-24B-Instruct-2503-quantized.w8a8,mistral,Mistral-Small-3.1-24B-Instruct-2503,w8a8_int,truthfulqa,70.62,-1.47,-0.252172010328524,-1.4837445092806543,0.9794004886236062,-0.42683848797250856,-0.19633802816901408,True,Mistral-Small-3.1-24B-Instruct-2503|s3
RedHatAI/Mistral-Small-3.1-24B-Instruct-2503-quantized.w8a8,mistral,Mistral-Small-3.1-24B-Instruct-2503,w8a8_int,mmlu_pro,67.25,-0.71,-1.1098201052141752,-2.3413926041663053,0.12175239373795499,-0.42683848797250856,-1.2354166666666668,True,Mistral-Small-3.1-24B-Instruct-2503|s3
RedHatAI/Mistral-Small-3.1-24B-Instruct-2503-quantized.w8a8,mistral,Mistral-Small-3.1-24B-Instruct-2503,w8a8_int,gpqa,42.63,2.01,-0.18230376605599363,-1.4138762650081238,1.0492687328961365,-0.42683848797250856,-0.1346153846153846,False,Mistral-Small-3.1-24B-Instruct-2503|s3
RedHatAI/Mistral-Small-3.1-24B-Instruct-2503-quantized.w8a8,mistral,Mistral-Small-3.1-24B-Instruct-2503,w8a8_int,humaneval,84.7,-0.5,-0.24620608222647333,-1.4777785811786035,0.9853664167256568,-0.42683848797250856,-0.2820833333333333,True,Mistral-Small-3.1-24B-Instruct-2503|s3
RedHatAI/Mistral-Small-3.1-24B-Instruct-2503-quantized.w8a8,mistral,Mistral-Small-3.1-24B-Instruct-2503,w8a8_int,humaneval_plus,79.5,1.5,-0.4395521837994089,-1.6711246827515391,0.7920203151527212,-0.42683848797250856,-0.32222222222222224,False,Mistral-Small-3.1-24B-Instruct-2503|s3
RedHatAI/Mistral-Small-3.1-24B-Instruct-2503-FP8-dynamic,mistral,Mistral-Small-3.1-24B-Instruct-2503,fp8_dynamic,mmlu,80.67,0.04,0.008040992580877704,-1.622583657446663,1.6386656426084185,-0.358515625,-0.4291304347826087,True,Mistral-Small-3.1-24B-Instruct-2503|s4
RedHatAI/Mistral-Small-3.1-24B-Instruct-2503-FP8-dynamic,mistral,Mistral-Small-3.1-24B-Instruct-2503,fp8_dynamic,arc_challenge,72.78,0.09,-0.0771567395450079,-1.7077813895725487,1.5534679104825329,-0.358515625,-0.5001492537313432,True,Mistral-Small-3.1-24B-Instruct-2503|s4
RedHatAI/Mistral-Small-3.1-24B-Instruct-2503-FP8-dynamic,mistral,Mistral-Small-3.1-24B-Instruct-2503,fp8_dynamic,gsm8k,58.68,-8.72,-0.05289824015937916,-1.68352289018692,1.5777264098681616,-0.358515625,-0.37656716417910446,False,Mistral-Small-3.1-24B-Instruct-2503|s4
RedHatAI/Mistral-Small-3.1-24B-Instruct-2503-FP8-dynamic,mistral,Mistral-Small-3.1-24B-Instruct-2503,fp8_dynamic,hellaswag,83.7,-0.03,0.08140316804343684,-1.549221481984104,1.7120278180709776,-0.358515625,-0.3171014492753623,True,Mistral-Small-3.1-24B-Instruct-2503|s4
RedHatAI/Mistral-Small-3.1-24B-Instruct-2503-FP8-dynamic,mistral,Mistral-Small-3.1-24B-Instruct-2503,fp8_dynamic,winogrande,83.74,-1.18,0.21333814082768132,-1.4172865091998594,1.843962790855222,-0.358515625,-0.17338235294117646,True,Mistral-Small-3.1-24B-Instruct-2503|s4
RedHatAI/Mistral-Small-3.1-24B-Instruct-2503-FP8-dynamic,mistral,Mistral-Small-3.1-24B-Instruct-2503,fp8_dynamic,truthfulqa,70.62,0.26,0.23621051964675843,-1.3944141303807824,1.866835169674299,-0.358515625,-0.17417910447761195,True,Mistral-Small-3.1-24B-Instruct-2503|s4
RedHatAI/Mistral-Small-3.1-24B-Instruct-2503-FP8-dynamic,mistral,Mistral-Small-3.1-24B-Instruct-2503,fp8_dynamic,mmlu_pro,67.25,-0.39,-0.6914860419399326,-2.3221106919674734,0.9391386080876082,-0.358515625,-1.3858823529411766,True,Mistral-Small-3.1-24B-Instruct-2503|s4
RedHatAI/Mistral-Small-3.1-24B-Instruct-2503-FP8-dynamic,mistral,Mistral-Small-3.1-24B-Instruct-2503,fp8_dynamic,gpqa,45.96,-0.51,0.3838747205922822,-1.2467499294352584,2.014499370619823,-0.358515625,-0.05461538461538459,True,Mistral-Small-3.1-24B-Instruct-2503|s4
RedHatAI/Mistral-Small-3.1-24B-Instruct-2503-FP8-dynamic,mistral,Mistral-Small-3.1-24B-Instruct-2503,fp8_dynamic,humaneval,84.7,0.0,0.09994452708210305,-1.5306801229454376,1.7305691771096439,-0.358515625,-0.445,True,Mistral-Small-3.1-24B-Instruct-2503|s4
RedHatAI/Mistral-Small-3.1-24B-Instruct-2503-FP8-dynamic,mistral,Mistral-Small-3.1-24B-Instruct-2503,fp8_dynamic,humaneval_plus,79.5,-0.2,0.22574585291641824,-1.4048787971111225,1.856370502943959,-0.358515625,1.850371707708594e-17,True,Mistral-Small-3.1-24B-Instruct-2503|s4
RedHatAI/Mistral-Small-3.1-24B-Instruct-2503-quantized.w4a16,mistral,Mistral-Small-3.1-24B-Instruct-2503,w4a16,mmlu,80.67,-0.93,-0.6099568653516332,-2.2405815153791737,1.0206677846759076,-0.358515625,-0.4291304347826087,True,Mistral-Small-3.1-24B-Instruct-2503|s4
RedHatAI/Mistral-Small-3.1-24B-Instruct-2503-quantized.w4a16,mistral,Mistral-Small-3.1-24B-Instruct-2503,w4a16,arc_challenge,72.78,-0.6,-0.6951545974775187,-2.3257792475050594,0.935470052550022,-0.358515625,-0.5001492537313432,True,Mistral-Small-3.1-24B-Instruct-2503|s4
RedHatAI/Mistral-Small-3.1-24B-Instruct-2503-quantized.w4a16,mistral,Mistral-Small-3.1-24B-Instruct-2503,w4a16,gsm8k,58.68,0.91,-0.6708960980918899,-2.3015207481194304,0.9597285519356509,-0.358515625,-0.37656716417910446,True,Mistral-Small-3.1-24B-Instruct-2503|s4
RedHatAI/Mistral-Small-3.1-24B-Instruct-2503-quantized.w4a16,mistral,Mistral-Small-3.1-24B-Instruct-2503,w4a16,hellaswag,83.7,-0.45,-0.536594689889074,-2.1672193399166146,1.0940299601384669,-0.358515625,-0.3171014492753623,True,Mistral-Small-3.1-24B-Instruct-2503|s4
RedHatAI/Mistral-Small-3.1-24B-Instruct-2503-quantized.w4a16,mistral,Mistral-Small-3.1-24B-Instruct-2503,w4a16,winogrande,83.74,-0.31,-0.40465971710482945,-2.03528436713237,1.2259649329227114,-0.358515625,-0.17338235294117646,True,Mistral-Small-3.1-24B-Instruct-2503|s4
RedHatAI/Mistral-Small-3.1-24B-Instruct-2503-quantized.w4a16,mistral,Mistral-Small-3.1-24B-Instruct-2503,w4a16,truthfulqa,70.62,-1.06,-0.3817873382857525,-2.012411988313293,1.2488373117417884,-0.358515625,-0.17417910447761195,True,Mistral-Small-3.1-24B-Instruct-2503|s4
RedHatAI/Mistral-Small-3.1-24B-Instruct-2503-quantized.w4a16,mistral,Mistral-Small-3.1-24B-Instruct-2503,w4a16,mmlu_pro,67.25,-0.69,-1.3094838998724434,-2.940108549899984,0.32114075015509735,-0.358515625,-1.3858823529411766,True,Mistral-Small-3.1-24B-Instruct-2503|s4
RedHatAI/Mistral-Small-3.1-24B-Instruct-2503-quantized.w4a16,mistral,Mistral-Small-3.1-24B-Instruct-2503,w4a16,gpqa,42.63,4.47,-0.2539422429878435,-1.8845668930153843,1.3766824070396972,-0.358515625,-0.05461538461538459,False,Mistral-Small-3.1-24B-Instruct-2503|s4
RedHatAI/Mistral-Small-3.1-24B-Instruct-2503-quantized.w4a16,mistral,Mistral-Small-3.1-24B-Instruct-2503,w4a16,humaneval,84.7,-0.1,-0.5180533308504078,-2.148677980877949,1.112571319177133,-0.358515625,-0.445,True,Mistral-Small-3.1-24B-Instruct-2503|s4
RedHatAI/Mistral-Small-3.1-24B-Instruct-2503-quantized.w4a16,mistral,Mistral-Small-3.1-24B-Instruct-2503,w4a16,humaneval_plus,79.5,0.4,-0.39225200501609264,-2.0228766550436332,1.238372645011448,-0.358515625,1.850371707708594e-17,True,Mistral-Small-3.1-24B-Instruct-2503|s4
RedHatAI/Mistral-Small-3.1-24B-Instruct-2503-quantized.w8a8,mistral,Mistral-Small-3.1-24B-Instruct-2503,w8a8_int,mmlu,80.67,-0.27,-0.5021541595514112,-2.132778809578952,1.1284704904761296,-0.358515625,-0.4291304347826087,True,Mistral-Small-3.1-24B-Instruct-2503|s4
RedHatAI/Mistral-Small-3.1-24B-Instruct-2503-quantized.w8a8,mistral,Mistral-Small-3.1-24B-Instruct-2503,w8a8_int,arc_challenge,72.78,0.68,-0.5873518916772968,-2.2179765417048376,1.043272758350244,-0.358515625,-0.5001492537313432,True,Mistral-Small-3.1-24B-Instruct-2503|s4
RedHatAI/Mistral-Small-3.1-24B-Instruct-2503-quantized.w8a8,mistral,Mistral-Small-3.1-24B-Instruct-2503,w8a8_int,hellaswag,83.7,-1.44,-0.42879198408885205,-2.059416634116393,1.2018326659386886,-0.358515625,-0.3171014492753623,True,Mistral-Small-3.1-24B-Instruct-2503|s4
RedHatAI/Mistral-Small-3.1-24B-Instruct-2503-quantized.w8a8,mistral,Mistral-Small-3.1-24B-Instruct-2503,w8a8_int,winogrande,83.74,-2.84,-0.2968570113046075,-1.9274816613321484,1.3337676387229331,-0.358515625,-0.17338235294117646,False,Mistral-Small-3.1-24B-Instruct-2503|s4
RedHatAI/Mistral-Small-3.1-24B-Instruct-2503-quantized.w8a8,mistral,Mistral-Small-3.1-24B-Instruct-2503,w8a8_int,truthfulqa,70.62,-1.47,-0.27398463248553057,-1.9046092825130714,1.3566400175420101,-0.358515625,-0.17417910447761195,True,Mistral-Small-3.1-24B-Instruct-2503|s4
RedHatAI/Mistral-Small-3.1-24B-Instruct-2503-quantized.w8a8,mistral,Mistral-Small-3.1-24B-Instruct-2503,w8a8_int,mmlu_pro,67.25,-0.71,-1.2016811940722216,-2.8323058440997624,0.42894345595531913,-0.358515625,-1.3858823529411766,True,Mistral-Small-3.1-24B-Instruct-2503|s4
RedHatAI/Mistral-Small-3.1-24B-Instruct-2503-quantized.w8a8,mistral,Mistral-Small-3.1-24B-Instruct-2503,w8a8_int,gpqa,42.63,2.01,-0.14613953718762152,-1.7767641872151623,1.4844851128399192,-0.358515625,-0.05461538461538459,False,Mistral-Small-3.1-24B-Instruct-2503|s4
RedHatAI/Mistral-Small-3.1-24B-Instruct-2503-quantized.w8a8,mistral,Mistral-Small-3.1-24B-Instruct-2503,w8a8_int,humaneval,84.7,-0.5,-0.41025062505018595,-2.0408752750777266,1.220374024977355,-0.358515625,-0.445,True,Mistral-Small-3.1-24B-Instruct-2503|s4
RedHatAI/Mistral-Small-3.1-24B-Instruct-2503-quantized.w8a8,mistral,Mistral-Small-3.1-24B-Instruct-2503,w8a8_int,humaneval_plus,79.5,1.5,-0.2844492992158707,-1.9150739492434115,1.34617535081167,-0.358515625,1.850371707708594e-17,False,Mistral-Small-3.1-24B-Instruct-2503|s4
RedHatAI/Mistral-Small-3.2-24B-Instruct-2506-NVFP4,mistral,Mistral-Small-3.2-24B-Instruct-2506,nvfp4,arc_challenge,68.52,-1.54,-0.8036649820446445,-2.5864089676734503,0.9790790035841613,-0.33499115044247785,-0.2765714285714286,True,Mistral-Small-3.2-24B-Instruct-2506|s0
RedHatAI/Mistral-Small-3.2-24B-Instruct-2506-NVFP4,mistral,Mistral-Small-3.2-24B-Instruct-2506,nvfp4,gsm8k,89.61,-2.5,-1.162955058522588,-2.945699044151394,0.6197889271062178,-0.33499115044247785,-0.6611594202898551,True,Mistral-Small-3.2-24B-Instruct-2506|s0
RedHatAI/Mistral-Small-3.2-24B-Instruct-2506-NVFP4,mistral,Mistral-Small-3.2-24B-Instruct-2506,nvfp4,hellaswag,85.7,-0.59,-0.7384108764769843,-2.5211548621057904,1.0443331091518215,-0.33499115044247785,-0.15597222222222223,True,Mistral-Small-3.2-24B-Instruct-2506|s0
RedHatAI/Mistral-Small-3.2-24B-Instruct-2506-NVFP4,mistral,Mistral-Small-3.2-24B-Instruct-2506,nvfp4,mmlu,81.06,-1.63,-0.9713280499294241,-2.75407203555823,0.8114159356993818,-0.33499115044247785,-0.4288732394366197,True,Mistral-Small-3.2-24B-Instruct-2506|s0
RedHatAI/Mistral-Small-3.2-24B-Instruct-2506-NVFP4,mistral,Mistral-Small-3.2-24B-Instruct-2506,nvfp4,truthfulqa,61.35,-1.01,-0.7227116435542361,-2.505455629183042,1.0600323420745696,-0.33499115044247785,-0.17690140845070423,True,Mistral-Small-3.2-24B-Instruct-2506|s0
RedHatAI/Mistral-Small-3.2-24B-Instruct-2506-NVFP4,mistral,Mistral-Small-3.2-24B-Instruct-2506,nvfp4,winogrande,83.27,-1.66,-0.7556674231119689,-2.5384114087407745,1.027076562516837,-0.33499115044247785,-0.1734285714285714,True,Mistral-Small-3.2-24B-Instruct-2506|s0
RedHatAI/Mistral-Small-3.2-24B-Instruct-2506-NVFP4,mistral,Mistral-Small-3.2-24B-Instruct-2506,nvfp4,bbh,65.86,-1.81,-1.1756835887417199,-2.9584275743705257,0.607060396887086,-0.33499115044247785,-0.8219047619047618,True,Mistral-Small-3.2-24B-Instruct-2506|s0
RedHatAI/Mistral-Small-3.2-24B-Instruct-2506-NVFP4,mistral,Mistral-Small-3.2-24B-Instruct-2506,nvfp4,mmlu_pro,50.84,-2.39,-2.030932344829537,-3.8136763304583425,-0.248188359200731,-0.33499115044247785,-1.7338095238095237,True,Mistral-Small-3.2-24B-Instruct-2506|s0
RedHatAI/Mistral-Small-3.2-24B-Instruct-2506-NVFP4,mistral,Mistral-Small-3.2-24B-Instruct-2506,nvfp4,musr,39.15,1.06,-0.07333250213011688,-1.8560764877589229,1.7094114834986889,-0.33499115044247785,0.35857142857142854,True,Mistral-Small-3.2-24B-Instruct-2506|s0
RedHatAI/Mistral-Small-3.2-24B-Instruct-2506-NVFP4,mistral,Mistral-Small-3.2-24B-Instruct-2506,nvfp4,ifeval,84.05,0.36,-0.5286617450191703,-2.311405730647976,1.2540822406096357,-0.33499115044247785,-0.010526315789473675,True,Mistral-Small-3.2-24B-Instruct-2506|s0
RedHatAI/Mistral-Small-3.2-24B-Instruct-2506-NVFP4,mistral,Mistral-Small-3.2-24B-Instruct-2506,nvfp4,gpqa,33.14,-0.59,0.009060332891236311,-1.7736836527375694,1.7918043185200423,-0.33499115044247785,0.7224999999999999,True,Mistral-Small-3.2-24B-Instruct-2506|s0
RedHatAI/Mistral-Small-3.2-24B-Instruct-2506-NVFP4,mistral,Mistral-Small-3.2-24B-Instruct-2506,nvfp4,humaneval,88.88,-0.04,-1.0102197579846468,-2.792963743613453,0.7725242276441591,-0.33499115044247785,-0.5536842105263158,True,Mistral-Small-3.2-24B-Instruct-2506|s0
RedHatAI/Mistral-Small-3.2-24B-Instruct-2506-NVFP4,mistral,Mistral-Small-3.2-24B-Instruct-2506,nvfp4,arc_challenge,68.52,-1.54,-0.7974480930195437,-2.7864280016236176,1.19153181558453,-0.32617886178861794,-0.3306849315068493,True,Mistral-Small-3.2-24B-Instruct-2506|s1
RedHatAI/Mistral-Small-3.2-24B-Instruct-2506-NVFP4,mistral,Mistral-Small-3.2-24B-Instruct-2506,nvfp4,gsm8k,89.61,-2.5,-1.0150138649640408,-3.003993773568115,0.973966043640033,-0.32617886178861794,-0.5665277777777777,True,Mistral-Small-3.2-24B-Instruct-2506|s1
RedHatAI/Mistral-Small-3.2-24B-Instruct-2506-NVFP4,mistral,Mistral-Small-3.2-24B-Instruct-2506,nvfp4,hellaswag,85.7,-0.59,-0.6897737155152295,-2.6787536241193033,1.2992061930888443,-0.32617886178861794,-0.1944736842105263,True,Mistral-Small-3.2-24B-Instruct-2506|s1
RedHatAI/Mistral-Small-3.2-24B-Instruct-2506-NVFP4,mistral,Mistral-Small-3.2-24B-Instruct-2506,nvfp4,mmlu,81.06,-1.63,-0.9095361119874963,-2.89851602059157,1.0794437966165775,-0.32617886178861794,-0.44068493150684934,True,Mistral-Small-3.2-24B-Instruct-2506|s1
RedHatAI/Mistral-Small-3.2-24B-Instruct-2506-NVFP4,mistral,Mistral-Small-3.2-24B-Instruct-2506,nvfp4,truthfulqa,61.35,-1.01,-0.7195449332318506,-2.7085248418359242,1.2694349753722232,-0.32617886178861794,-0.23178082191780824,True,Mistral-Small-3.2-24B-Instruct-2506|s1
RedHatAI/Mistral-Small-3.2-24B-Instruct-2506-NVFP4,mistral,Mistral-Small-3.2-24B-Instruct-2506,nvfp4,winogrande,83.27,-1.66,-0.6358977236036213,-2.624877632207695,1.3530821850004524,-0.32617886178861794,-0.12999999999999998,True,Mistral-Small-3.2-24B-Instruct-2506|s1
RedHatAI/Mistral-Small-3.2-24B-Instruct-2506-NVFP4,mistral,Mistral-Small-3.2-24B-Instruct-2506,nvfp4,bbh,65.86,-1.81,-1.2106611520907502,-3.199641060694824,0.7783187565133236,-0.32617886178861794,-0.8208333333333333,True,Mistral-Small-3.2-24B-Instruct-2506|s1
RedHatAI/Mistral-Small-3.2-24B-Instruct-2506-NVFP4,mistral,Mistral-Small-3.2-24B-Instruct-2506,nvfp4,mmlu_pro,50.84,-2.39,-1.226490492025554,-3.215470400629628,0.7624894165785199,-0.32617886178861794,-0.8384,True,Mistral-Small-3.2-24B-Instruct-2506|s1
RedHatAI/Mistral-Small-3.2-24B-Instruct-2506-NVFP4,mistral,Mistral-Small-3.2-24B-Instruct-2506,nvfp4,musr,39.15,1.06,-0.4033539728969003,-2.3923338815009743,1.5856259357071736,-0.32617886178861794,-0.046363636363636364,True,Mistral-Small-3.2-24B-Instruct-2506|s1
RedHatAI/Mistral-Small-3.2-24B-Instruct-2506-NVFP4,mistral,Mistral-Small-3.2-24B-Instruct-2506,nvfp4,ifeval,84.05,0.36,-0.8559588999910483,-2.8449388085951224,1.1330210086130255,-0.32617886178861794,-0.41954545454545455,True,Mistral-Small-3.2-24B-Instruct-2506|s1
RedHatAI/Mistral-Small-3.2-24B-Instruct-2506-NVFP4,mistral,Mistral-Small-3.2-24B-Instruct-2506,nvfp4,gpqa,33.14,-0.59,-0.11335110884683652,-2.1023310174509104,1.8756287997572372,-0.32617886178861794,0.3577777777777777,True,Mistral-Small-3.2-24B-Instruct-2506|s1
RedHatAI/Mistral-Small-3.2-24B-Instruct-2506-NVFP4,mistral,Mistral-Small-3.2-24B-Instruct-2506,nvfp4,humaneval,88.88,-0.04,-0.8190814185015087,-2.8080613271055825,1.169898490102565,-0.32617886178861794,-0.36777777777777776,True,Mistral-Small-3.2-24B-Instruct-2506|s1
RedHatAI/Mistral-Small-3.2-24B-Instruct-2506-NVFP4,mistral,Mistral-Small-3.2-24B-Instruct-2506,nvfp4,arc_challenge,68.52,-1.54,-0.9059794305192544,-3.0056722363982655,1.1937133753597569,-0.38719266055045876,-0.4332394366197183,True,Mistral-Small-3.2-24B-Instruct-2506|s2
RedHatAI/Mistral-Small-3.2-24B-Instruct-2506-NVFP4,mistral,Mistral-Small-3.2-24B-Instruct-2506,nvfp4,gsm8k,89.61,-2.5,-1.132600313096955,-3.2322931189759663,0.9670924927820561,-0.38719266055045876,-0.8984285714285715,True,Mistral-Small-3.2-24B-Instruct-2506|s2
RedHatAI/Mistral-Small-3.2-24B-Instruct-2506-NVFP4,mistral,Mistral-Small-3.2-24B-Instruct-2506,nvfp4,hellaswag,85.7,-0.59,-0.6847043275335487,-2.78439713341256,1.4149884783454625,-0.38719266055045876,-0.2925675675675675,True,Mistral-Small-3.2-24B-Instruct-2506|s2
RedHatAI/Mistral-Small-3.2-24B-Instruct-2506-NVFP4,mistral,Mistral-Small-3.2-24B-Instruct-2506,nvfp4,mmlu,81.06,-1.63,-0.790800599721924,-2.8904934056009353,1.3088922061570871,-0.38719266055045876,-0.42500000000000004,True,Mistral-Small-3.2-24B-Instruct-2506|s2
RedHatAI/Mistral-Small-3.2-24B-Instruct-2506-NVFP4,mistral,Mistral-Small-3.2-24B-Instruct-2506,nvfp4,truthfulqa,61.35,-1.01,-0.6658607312687032,-2.7655535371477145,1.433832074610308,-0.38719266055045876,-0.1911267605633803,True,Mistral-Small-3.2-24B-Instruct-2506|s2
RedHatAI/Mistral-Small-3.2-24B-Instruct-2506-NVFP4,mistral,Mistral-Small-3.2-24B-Instruct-2506,nvfp4,winogrande,83.27,-1.66,-0.5948330315210583,-2.6945258374000693,1.504859774357953,-0.38719266055045876,-0.1754794520547945,True,Mistral-Small-3.2-24B-Instruct-2506|s2
RedHatAI/Mistral-Small-3.2-24B-Instruct-2506-NVFP4,mistral,Mistral-Small-3.2-24B-Instruct-2506,nvfp4,bbh,65.86,-1.81,-0.9161373507456908,-3.015830156624702,1.1835554551333205,-0.38719266055045876,-0.544,True,Mistral-Small-3.2-24B-Instruct-2506|s2
RedHatAI/Mistral-Small-3.2-24B-Instruct-2506-NVFP4,mistral,Mistral-Small-3.2-24B-Instruct-2506,nvfp4,mmlu_pro,50.84,-2.39,-1.4084730916277468,-3.508165897506758,0.6912197142512644,-0.38719266055045876,-1.075625,True,Mistral-Small-3.2-24B-Instruct-2506|s2
RedHatAI/Mistral-Small-3.2-24B-Instruct-2506-NVFP4,mistral,Mistral-Small-3.2-24B-Instruct-2506,nvfp4,musr,39.15,1.06,-0.7353217664968494,-2.8350145723758606,1.3643710393821618,-0.38719266055045876,-0.53,True,Mistral-Small-3.2-24B-Instruct-2506|s2
RedHatAI/Mistral-Small-3.2-24B-Instruct-2506-NVFP4,mistral,Mistral-Small-3.2-24B-Instruct-2506,nvfp4,ifeval,84.05,0.36,-0.4066221736305508,-2.506314979509562,1.6930706322484603,-0.38719266055045876,0.04928571428571428,True,Mistral-Small-3.2-24B-Instruct-2506|s2
RedHatAI/Mistral-Small-3.2-24B-Instruct-2506-NVFP4,mistral,Mistral-Small-3.2-24B-Instruct-2506,nvfp4,gpqa,33.14,-0.59,0.5117316357673338,-1.5879611701116774,2.611424441646345,-0.38719266055045876,1.0842857142857143,True,Mistral-Small-3.2-24B-Instruct-2506|s2
RedHatAI/Mistral-Small-3.2-24B-Instruct-2506-NVFP4,mistral,Mistral-Small-3.2-24B-Instruct-2506,nvfp4,humaneval,88.88,-0.04,-0.6585671010817644,-2.7582599069607756,1.4411257047972468,-0.38719266055045876,-0.3721052631578948,True,Mistral-Small-3.2-24B-Instruct-2506|s2
RedHatAI/Mistral-Small-3.2-24B-Instruct-2506-NVFP4,mistral,Mistral-Small-3.2-24B-Instruct-2506,nvfp4,arc_challenge,68.52,-1.54,-0.8599548462414954,-2.4773141655100153,0.7574044730270242,-0.3971095152603232,-0.3488235294117647,True,Mistral-Small-3.2-24B-Instruct-2506|s3
RedHatAI/Mistral-Small-3.2-24B-Instruct-2506-NVFP4,mistral,Mistral-Small-3.2-24B-Instruct-2506,nvfp4,gsm8k,89.61,-2.5,-1.1568893597725753,-2.774248679041095,0.46046995949594427,-0.3971095152603232,-0.7086764705882352,True,Mistral-Small-3.2-24B-Instruct-2506|s3
RedHatAI/Mistral-Small-3.2-24B-Instruct-2506-NVFP4,mistral,Mistral-Small-3.2-24B-Instruct-2506,nvfp4,hellaswag,85.7,-0.59,-0.7660567898403519,-2.3834161091088717,0.8513025294281678,-0.3971095152603232,-0.22685714285714287,True,Mistral-Small-3.2-24B-Instruct-2506|s3
RedHatAI/Mistral-Small-3.2-24B-Instruct-2506-NVFP4,mistral,Mistral-Small-3.2-24B-Instruct-2506,nvfp4,mmlu,81.06,-1.63,-0.9637097181327501,-2.58106903740127,0.6536496011357695,-0.3971095152603232,-0.4582352941176471,True,Mistral-Small-3.2-24B-Instruct-2506|s3
RedHatAI/Mistral-Small-3.2-24B-Instruct-2506-NVFP4,mistral,Mistral-Small-3.2-24B-Instruct-2506,nvfp4,truthfulqa,61.35,-1.01,-0.6854301461810066,-2.3027894654495262,0.931929173087513,-0.3971095152603232,-0.14852941176470588,True,Mistral-Small-3.2-24B-Instruct-2506|s3
RedHatAI/Mistral-Small-3.2-24B-Instruct-2506-NVFP4,mistral,Mistral-Small-3.2-24B-Instruct-2506,nvfp4,winogrande,83.27,-1.66,-0.891580983936255,-2.5089403032047746,0.7257783353322647,-0.3971095152603232,-0.3694202898550724,True,Mistral-Small-3.2-24B-Instruct-2506|s3
RedHatAI/Mistral-Small-3.2-24B-Instruct-2506-NVFP4,mistral,Mistral-Small-3.2-24B-Instruct-2506,nvfp4,bbh,65.86,-1.81,-1.0697186972802168,-2.6870780165487362,0.5476406219883028,-0.3971095152603232,-0.6676190476190476,True,Mistral-Small-3.2-24B-Instruct-2506|s3
RedHatAI/Mistral-Small-3.2-24B-Instruct-2506-NVFP4,mistral,Mistral-Small-3.2-24B-Instruct-2506,nvfp4,mmlu_pro,50.84,-2.39,-1.929636198335347,-3.5469955176038663,-0.31227687906682733,-0.3971095152603232,-1.6261904761904762,True,Mistral-Small-3.2-24B-Instruct-2506|s3
RedHatAI/Mistral-Small-3.2-24B-Instruct-2506-NVFP4,mistral,Mistral-Small-3.2-24B-Instruct-2506,nvfp4,musr,39.15,1.06,-0.42825541937395106,-2.045614738642471,1.1891038998945684,-0.3971095152603232,0.01666666666666668,True,Mistral-Small-3.2-24B-Instruct-2506|s3
RedHatAI/Mistral-Small-3.2-24B-Instruct-2506-NVFP4,mistral,Mistral-Small-3.2-24B-Instruct-2506,nvfp4,ifeval,84.05,0.36,-0.516618029776007,-2.1339773490445264,1.1007412894925126,-0.3971095152603232,0.016842105263157898,True,Mistral-Small-3.2-24B-Instruct-2506|s3
RedHatAI/Mistral-Small-3.2-24B-Instruct-2506-NVFP4,mistral,Mistral-Small-3.2-24B-Instruct-2506,nvfp4,gpqa,33.14,-0.59,-0.1617189490903444,-1.779078268358864,1.4556403701781753,-0.3971095152603232,0.44999999999999996,True,Mistral-Small-3.2-24B-Instruct-2506|s3
RedHatAI/Mistral-Small-3.2-24B-Instruct-2506-NVFP4,mistral,Mistral-Small-3.2-24B-Instruct-2506,nvfp4,humaneval,88.88,-0.04,-0.9810225798397134,-2.598381899108233,0.6363367394288062,-0.3971095152603232,-0.545,True,Mistral-Small-3.2-24B-Instruct-2506|s3
RedHatAI/Mistral-Small-3.2-24B-Instruct-2506-NVFP4,mistral,Mistral-Small-3.2-24B-Instruct-2506,nvfp4,arc_challenge,68.52,-1.54,-0.9172045467973001,-2.9259406845846185,1.091531590990018,-0.3246990291262136,-0.34079365079365076,True,Mistral-Small-3.2-24B-Instruct-2506|s4
RedHatAI/Mistral-Small-3.2-24B-Instruct-2506-NVFP4,mistral,Mistral-Small-3.2-24B-Instruct-2506,nvfp4,gsm8k,89.61,-2.5,-1.01580350545677,-3.024539643244088,0.9929326323305483,-0.3246990291262136,-0.49111111111111105,True,Mistral-Small-3.2-24B-Instruct-2506|s4
RedHatAI/Mistral-Small-3.2-24B-Instruct-2506-NVFP4,mistral,Mistral-Small-3.2-24B-Instruct-2506,nvfp4,hellaswag,85.7,-0.59,-0.7017991860233482,-2.7105353238106664,1.3069369517639702,-0.3246990291262136,-0.10136363636363636,True,Mistral-Small-3.2-24B-Instruct-2506|s4
RedHatAI/Mistral-Small-3.2-24B-Instruct-2506-NVFP4,mistral,Mistral-Small-3.2-24B-Instruct-2506,nvfp4,mmlu,81.06,-1.63,-0.9238150953901064,-2.9325512331774246,1.084921042397212,-0.3246990291262136,-0.3580952380952381,True,Mistral-Small-3.2-24B-Instruct-2506|s4
RedHatAI/Mistral-Small-3.2-24B-Instruct-2506-NVFP4,mistral,Mistral-Small-3.2-24B-Instruct-2506,nvfp4,truthfulqa,61.35,-1.01,-0.8153882925767237,-2.824124430364042,1.1933478452105946,-0.3246990291262136,-0.22075757575757576,True,Mistral-Small-3.2-24B-Instruct-2506|s4
RedHatAI/Mistral-Small-3.2-24B-Instruct-2506-NVFP4,mistral,Mistral-Small-3.2-24B-Instruct-2506,nvfp4,winogrande,83.27,-1.66,-0.7530571135239931,-2.7617932513113113,1.2556790242633253,-0.3246990291262136,-0.1540625,True,Mistral-Small-3.2-24B-Instruct-2506|s4
RedHatAI/Mistral-Small-3.2-24B-Instruct-2506-NVFP4,mistral,Mistral-Small-3.2-24B-Instruct-2506,nvfp4,bbh,65.86,-1.81,-1.2873048054816805,-3.2960409432689985,0.7214313323056378,-0.3246990291262136,-0.8171428571428572,True,Mistral-Small-3.2-24B-Instruct-2506|s4
RedHatAI/Mistral-Small-3.2-24B-Instruct-2506-NVFP4,mistral,Mistral-Small-3.2-24B-Instruct-2506,nvfp4,mmlu_pro,50.84,-2.39,-1.6774846811489312,-3.6862208189362495,0.33125145663838707,-0.3246990291262136,-1.2905555555555557,True,Mistral-Small-3.2-24B-Instruct-2506|s4
RedHatAI/Mistral-Small-3.2-24B-Instruct-2506-NVFP4,mistral,Mistral-Small-3.2-24B-Instruct-2506,nvfp4,musr,39.15,1.06,-0.5071700162694674,-2.5159061540567857,1.5015661215178508,-0.3246990291262136,-0.04222222222222224,True,Mistral-Small-3.2-24B-Instruct-2506|s4
RedHatAI/Mistral-Small-3.2-24B-Instruct-2506-NVFP4,mistral,Mistral-Small-3.2-24B-Instruct-2506,nvfp4,ifeval,84.05,0.36,-0.8254187809321137,-2.834154918719432,1.1833173568552047,-0.3246990291262136,-0.2726315789473684,True,Mistral-Small-3.2-24B-Instruct-2506|s4
RedHatAI/Mistral-Small-3.2-24B-Instruct-2506-NVFP4,mistral,Mistral-Small-3.2-24B-Instruct-2506,nvfp4,gpqa,33.14,-0.59,-0.3509616668686629,-2.359697804655981,1.6577744709186555,-0.3246990291262136,0.21230769230769228,True,Mistral-Small-3.2-24B-Instruct-2506|s4
RedHatAI/Mistral-Small-3.2-24B-Instruct-2506-NVFP4,mistral,Mistral-Small-3.2-24B-Instruct-2506,nvfp4,humaneval,88.88,-0.04,-1.0841281740868016,-3.09286431187412,0.9246079637005167,-0.3246990291262136,-0.6294444444444445,True,Mistral-Small-3.2-24B-Instruct-2506|s4
RedHatAI/Mixtral-8x22B-Instruct-v0.1-FP8,mistral,Mixtral-8x22B-Instruct-v0.1,fp8,arc_challenge,73.29,0.0,-0.321552608204831,-2.4543355826093007,1.8112303661996387,-0.37703517587939694,-0.4190277777777778,True,Mixtral-8x22B-Instruct-v0.1|s0
RedHatAI/Mixtral-8x22B-Instruct-v0.1-FP8,mistral,Mixtral-8x22B-Instruct-v0.1,fp8,gsm8k,85.06,-0.98,-0.48279377811067803,-2.615576752515148,1.6499891962937916,-0.37703517587939694,-0.609041095890411,True,Mixtral-8x22B-Instruct-v0.1|s0
RedHatAI/Mixtral-8x22B-Instruct-v0.1-FP8,mistral,Mixtral-8x22B-Instruct-v0.1,fp8,hellaswag,88.94,-0.09,-0.14370102322174855,-2.2764839976262183,1.9890819511827211,-0.37703517587939694,-0.20210526315789476,True,Mixtral-8x22B-Instruct-v0.1|s0
RedHatAI/Mixtral-8x22B-Instruct-v0.1-FP8,mistral,Mixtral-8x22B-Instruct-v0.1,fp8,mmlu,77.77,-0.15,-0.3949374525689753,-2.527720426973445,1.7378455218354945,-0.37703517587939694,-0.4945205479452055,True,Mixtral-8x22B-Instruct-v0.1|s0
RedHatAI/Mixtral-8x22B-Instruct-v0.1-FP8,mistral,Mixtral-8x22B-Instruct-v0.1,fp8,truthfulqa,68.49,-0.48,-0.1410277463365825,-2.2738107207410523,1.9917552280678872,-0.37703517587939694,-0.21000000000000002,True,Mixtral-8x22B-Instruct-v0.1|s0
RedHatAI/Mixtral-8x22B-Instruct-v0.1-FP8,mistral,Mixtral-8x22B-Instruct-v0.1,fp8,winogrande,85.64,-0.48,-0.11935369781225325,-2.252136672216723,2.0134292765922166,-0.37703517587939694,-0.16905405405405405,True,Mixtral-8x22B-Instruct-v0.1|s0
RedHatAI/Mixtral-8x22B-Instruct-v0.1-FP8,mistral,Mixtral-8x22B-Instruct-v0.1,fp8,arc_challenge,73.29,0.0,-0.3180135821079755,-2.025355572947878,1.3893284087319266,-0.42714025500910746,-0.4078260869565217,True,Mixtral-8x22B-Instruct-v0.1|s1
RedHatAI/Mixtral-8x22B-Instruct-v0.1-FP8,mistral,Mixtral-8x22B-Instruct-v0.1,fp8,gsm8k,85.06,-0.98,-0.7395959854166109,-2.446937976256513,0.9677460054232913,-0.42714025500910746,-0.9308695652173914,True,Mixtral-8x22B-Instruct-v0.1|s1
RedHatAI/Mixtral-8x22B-Instruct-v0.1-FP8,mistral,Mixtral-8x22B-Instruct-v0.1,fp8,hellaswag,88.94,-0.09,-0.16407710511910983,-1.871419095959012,1.5432648857207922,-0.42714025500910746,-0.24070422535211267,True,Mixtral-8x22B-Instruct-v0.1|s1
RedHatAI/Mixtral-8x22B-Instruct-v0.1-FP8,mistral,Mixtral-8x22B-Instruct-v0.1,fp8,mmlu,77.77,-0.15,-0.45706545380718927,-2.1644074446470913,1.250276537032713,-0.42714025500910746,-0.5456521739130434,True,Mixtral-8x22B-Instruct-v0.1|s1
RedHatAI/Mixtral-8x22B-Instruct-v0.1-FP8,mistral,Mixtral-8x22B-Instruct-v0.1,fp8,truthfulqa,68.49,-0.48,-0.09148662181480532,-1.7988286126547075,1.6158553690250967,-0.42714025500910746,-0.16318840579710145,True,Mixtral-8x22B-Instruct-v0.1|s1
RedHatAI/Mixtral-8x22B-Instruct-v0.1-FP8,mistral,Mixtral-8x22B-Instruct-v0.1,fp8,winogrande,85.64,-0.48,-0.2135545998025989,-1.920896590642501,1.4937873910373032,-0.42714025500910746,-0.28414285714285714,True,Mixtral-8x22B-Instruct-v0.1|s1
RedHatAI/Mixtral-8x22B-Instruct-v0.1-FP8,mistral,Mixtral-8x22B-Instruct-v0.1,fp8,arc_challenge,73.29,0.0,-0.2894893272626258,-1.6566958263188665,1.077717171793615,-0.3392694805194805,-0.3495774647887324,True,Mixtral-8x22B-Instruct-v0.1|s2
RedHatAI/Mixtral-8x22B-Instruct-v0.1-FP8,mistral,Mixtral-8x22B-Instruct-v0.1,fp8,gsm8k,85.06,-0.98,-0.40845760774754214,-1.7756641068037828,0.9587488913086986,-0.3392694805194805,-0.47305555555555556,True,Mixtral-8x22B-Instruct-v0.1|s2
RedHatAI/Mixtral-8x22B-Instruct-v0.1-FP8,mistral,Mixtral-8x22B-Instruct-v0.1,fp8,hellaswag,88.94,-0.09,-0.23400166562771263,-1.6012081646839533,1.133204833428528,-0.3392694805194805,-0.2546666666666667,True,Mixtral-8x22B-Instruct-v0.1|s2
RedHatAI/Mixtral-8x22B-Instruct-v0.1-FP8,mistral,Mixtral-8x22B-Instruct-v0.1,fp8,mmlu,77.77,-0.15,-0.44448476074903176,-1.8116912598052726,0.9227217383072089,-0.3392694805194805,-0.5095890410958904,True,Mixtral-8x22B-Instruct-v0.1|s2
RedHatAI/Mixtral-8x22B-Instruct-v0.1-FP8,mistral,Mixtral-8x22B-Instruct-v0.1,fp8,truthfulqa,68.49,-0.48,-0.13906410956855617,-1.5062706086247968,1.2281423894876846,-0.3392694805194805,-0.18506666666666668,True,Mixtral-8x22B-Instruct-v0.1|s2
RedHatAI/Mixtral-8x22B-Instruct-v0.1-FP8,mistral,Mixtral-8x22B-Instruct-v0.1,fp8,winogrande,85.64,-0.48,-0.22979676365599874,-1.5970032627122395,1.137409735400242,-0.3392694805194805,-0.24438356164383562,True,Mixtral-8x22B-Instruct-v0.1|s2
RedHatAI/Mixtral-8x22B-Instruct-v0.1-FP8,mistral,Mixtral-8x22B-Instruct-v0.1,fp8,arc_challenge,73.29,0.0,-0.2702845536095634,-1.7623393890878973,1.2217702818687703,-0.3432911392405063,-0.3952941176470588,True,Mixtral-8x22B-Instruct-v0.1|s3
RedHatAI/Mixtral-8x22B-Instruct-v0.1-FP8,mistral,Mixtral-8x22B-Instruct-v0.1,fp8,gsm8k,85.06,-0.98,-0.28534988593159455,-1.7774047214099284,1.2067049495467392,-0.3432911392405063,-0.4398507462686567,True,Mixtral-8x22B-Instruct-v0.1|s3
RedHatAI/Mixtral-8x22B-Instruct-v0.1-FP8,mistral,Mixtral-8x22B-Instruct-v0.1,fp8,hellaswag,88.94,-0.09,-0.1727555808243474,-1.6648104163026813,1.3192992546539863,-0.3432911392405063,-0.2756521739130435,True,Mixtral-8x22B-Instruct-v0.1|s3
RedHatAI/Mixtral-8x22B-Instruct-v0.1-FP8,mistral,Mixtral-8x22B-Instruct-v0.1,fp8,mmlu,77.77,-0.15,-0.3536232517924218,-1.8456780872707557,1.138431583685912,-0.3432911392405063,-0.48294117647058826,True,Mixtral-8x22B-Instruct-v0.1|s3
RedHatAI/Mixtral-8x22B-Instruct-v0.1-FP8,mistral,Mixtral-8x22B-Instruct-v0.1,fp8,truthfulqa,68.49,-0.48,-0.020448088465181036,-1.5125029239435148,1.4716067470131529,-0.3432911392405063,-0.12536231884057972,True,Mixtral-8x22B-Instruct-v0.1|s3
RedHatAI/Mixtral-8x22B-Instruct-v0.1-FP8,mistral,Mixtral-8x22B-Instruct-v0.1,fp8,winogrande,85.64,-0.48,-0.025036811866914865,-1.5170916473452487,1.467018023611419,-0.3432911392405063,-0.09208955223880597,True,Mixtral-8x22B-Instruct-v0.1|s3
RedHatAI/Mixtral-8x22B-Instruct-v0.1-FP8,mistral,Mixtral-8x22B-Instruct-v0.1,fp8,arc_challenge,73.29,0.0,-0.3587115219430057,-1.5633961418555957,0.8459730979695843,-0.4072478632478633,-0.5215942028985507,True,Mixtral-8x22B-Instruct-v0.1|s4
RedHatAI/Mixtral-8x22B-Instruct-v0.1-FP8,mistral,Mixtral-8x22B-Instruct-v0.1,fp8,gsm8k,85.06,-0.98,-0.6586621417207617,-1.8633467616333517,0.5460224781918284,-0.4072478632478633,-0.8752857142857143,True,Mixtral-8x22B-Instruct-v0.1|s4
RedHatAI/Mixtral-8x22B-Instruct-v0.1-FP8,mistral,Mixtral-8x22B-Instruct-v0.1,fp8,hellaswag,88.94,-0.09,-0.1036329787299165,-1.3083175986425064,1.1010516411826736,-0.4072478632478633,-0.24208333333333332,True,Mixtral-8x22B-Instruct-v0.1|s4
RedHatAI/Mixtral-8x22B-Instruct-v0.1-FP8,mistral,Mixtral-8x22B-Instruct-v0.1,fp8,mmlu,77.77,-0.15,-0.38851629158853235,-1.5932009115011223,0.8161683283240577,-0.4072478632478633,-0.557,True,Mixtral-8x22B-Instruct-v0.1|s4
RedHatAI/Mixtral-8x22B-Instruct-v0.1-FP8,mistral,Mixtral-8x22B-Instruct-v0.1,fp8,truthfulqa,68.49,-0.48,-0.0527270756681219,-1.257411695580712,1.151957544244468,-0.4072478632478633,-0.17202898550724638,True,Mixtral-8x22B-Instruct-v0.1|s4
RedHatAI/Mixtral-8x22B-Instruct-v0.1-FP8,mistral,Mixtral-8x22B-Instruct-v0.1,fp8,winogrande,85.64,-0.48,-0.11835387332561359,-1.3230384932382036,1.0863307465869765,-0.4072478632478633,-0.246,True,Mixtral-8x22B-Instruct-v0.1|s4
RedHatAI/Mixtral-8x22B-v0.1-quantized.w4a16,mistral,Mixtral-8x22B-v0.1,w4a16,arc_challenge,70.39,-0.51,-1.0197817749231244,-3.3159269626005394,1.2763634127542907,-0.3788631984585742,-0.4664179104477612,True,Mixtral-8x22B-v0.1|s0
RedHatAI/Mixtral-8x22B-v0.1-quantized.w4a16,mistral,Mixtral-8x22B-v0.1,w4a16,gsm8k,76.42,-1.74,-1.1507594726379446,-3.4469046603153597,1.1453857150394704,-0.3788631984585742,-0.6617910447761195,True,Mixtral-8x22B-v0.1|s0
RedHatAI/Mixtral-8x22B-v0.1-quantized.w4a16,mistral,Mixtral-8x22B-v0.1,w4a16,hellaswag,88.31,-0.37,-0.8513572574206494,-3.1475024450980644,1.4447879302567657,-0.3788631984585742,-0.33507246376811595,True,Mixtral-8x22B-v0.1|s0
RedHatAI/Mixtral-8x22B-v0.1-quantized.w4a16,mistral,Mixtral-8x22B-v0.1,w4a16,mmlu,77.4,-1.19,-0.9165304236741124,-3.2126756113515276,1.3796147640033025,-0.3788631984585742,-0.38617647058823534,True,Mixtral-8x22B-v0.1|s0
RedHatAI/Mixtral-8x22B-v0.1-quantized.w4a16,mistral,Mixtral-8x22B-v0.1,w4a16,truthfulqa,51.17,-0.02,-0.7770833150148706,-3.0732285026922854,1.5190618726625444,-0.3788631984585742,-0.14212121212121212,True,Mixtral-8x22B-v0.1|s0
RedHatAI/Mixtral-8x22B-v0.1-quantized.w4a16,mistral,Mixtral-8x22B-v0.1,w4a16,winogrande,84.45,0.71,-0.7281013907045012,-3.0242465783819164,1.5680437969729137,-0.3788631984585742,-0.17529411764705882,True,Mixtral-8x22B-v0.1|s0
RedHatAI/Mixtral-8x22B-v0.1-quantized.w4a16,mistral,Mixtral-8x22B-v0.1,w4a16,arc_challenge,70.39,-0.51,-0.9846925102437124,-2.227777128601435,0.25839210811401025,-0.35667774086378734,-0.396027397260274,True,Mixtral-8x22B-v0.1|s1
RedHatAI/Mixtral-8x22B-v0.1-quantized.w4a16,mistral,Mixtral-8x22B-v0.1,w4a16,gsm8k,76.42,-1.74,-1.0486134987226015,-2.2916981170803243,0.1944711196351212,-0.35667774086378734,-0.482972972972973,True,Mixtral-8x22B-v0.1|s1
RedHatAI/Mixtral-8x22B-v0.1-quantized.w4a16,mistral,Mixtral-8x22B-v0.1,w4a16,hellaswag,88.31,-0.37,-0.8331898699016429,-2.0762744882593656,0.40989474845607976,-0.35667774086378734,-0.2331168831168831,True,Mixtral-8x22B-v0.1|s1
RedHatAI/Mixtral-8x22B-v0.1-quantized.w4a16,mistral,Mixtral-8x22B-v0.1,w4a16,mmlu,77.4,-1.19,-1.0611043747795947,-2.304188993137317,0.18198024357812792,-0.35667774086378734,-0.4847297297297297,True,Mixtral-8x22B-v0.1|s1
RedHatAI/Mixtral-8x22B-v0.1-quantized.w4a16,mistral,Mixtral-8x22B-v0.1,w4a16,truthfulqa,51.17,-0.02,-0.9000585152063937,-2.1431431335641165,0.343026103151329,-0.35667774086378734,-0.26053333333333334,True,Mixtral-8x22B-v0.1|s1
RedHatAI/Mixtral-8x22B-v0.1-quantized.w4a16,mistral,Mixtral-8x22B-v0.1,w4a16,winogrande,84.45,0.71,-0.8785943902271957,-2.1216790085849184,0.364490228130527,-0.35667774086378734,-0.27013333333333334,False,Mixtral-8x22B-v0.1|s1
RedHatAI/Mixtral-8x22B-v0.1-quantized.w4a16,mistral,Mixtral-8x22B-v0.1,w4a16,arc_challenge,70.39,-0.51,-1.0472762692799025,-2.578731491480631,0.48417895292082624,-0.39370307167235497,-0.4376056338028169,True,Mixtral-8x22B-v0.1|s2
RedHatAI/Mixtral-8x22B-v0.1-quantized.w4a16,mistral,Mixtral-8x22B-v0.1,w4a16,gsm8k,76.42,-1.74,-1.2346942457381023,-2.766149467938831,0.29676097646262645,-0.39370307167235497,-0.6835211267605634,True,Mixtral-8x22B-v0.1|s2
RedHatAI/Mixtral-8x22B-v0.1-quantized.w4a16,mistral,Mixtral-8x22B-v0.1,w4a16,hellaswag,88.31,-0.37,-0.8771535791286202,-2.4086088013293487,0.6543016430721085,-0.39370307167235497,-0.27999999999999997,True,Mixtral-8x22B-v0.1|s2
RedHatAI/Mixtral-8x22B-v0.1-quantized.w4a16,mistral,Mixtral-8x22B-v0.1,w4a16,mmlu,77.4,-1.19,-1.0985515302905093,-2.630006752491238,0.4329036919102194,-0.39370307167235497,-0.5178082191780822,True,Mixtral-8x22B-v0.1|s2
RedHatAI/Mixtral-8x22B-v0.1-quantized.w4a16,mistral,Mixtral-8x22B-v0.1,w4a16,truthfulqa,51.17,-0.02,-0.8128893840965139,-2.3443446062972426,0.7185658381042148,-0.39370307167235497,-0.15055555555555555,True,Mixtral-8x22B-v0.1|s2
RedHatAI/Mixtral-8x22B-v0.1-quantized.w4a16,mistral,Mixtral-8x22B-v0.1,w4a16,winogrande,84.45,0.71,-0.7914533248305229,-2.3229085470312514,0.7400018973702058,-0.39370307167235497,-0.16499999999999998,True,Mixtral-8x22B-v0.1|s2
RedHatAI/Mixtral-8x22B-v0.1-quantized.w4a16,mistral,Mixtral-8x22B-v0.1,w4a16,arc_challenge,70.39,-0.51,-1.0176070009611817,-2.4326696564116945,0.3974556544893313,-0.3648581560283688,-0.45217391304347826,True,Mixtral-8x22B-v0.1|s3
RedHatAI/Mixtral-8x22B-v0.1-quantized.w4a16,mistral,Mixtral-8x22B-v0.1,w4a16,gsm8k,76.42,-1.74,-0.998491646035016,-2.413554301485529,0.4165710094154971,-0.3648581560283688,-0.44957142857142857,True,Mixtral-8x22B-v0.1|s3
RedHatAI/Mixtral-8x22B-v0.1-quantized.w4a16,mistral,Mixtral-8x22B-v0.1,w4a16,hellaswag,88.31,-0.37,-0.8396553052700085,-2.2547179607205217,0.5754073501805045,-0.3648581560283688,-0.22013888888888888,True,Mixtral-8x22B-v0.1|s3
RedHatAI/Mixtral-8x22B-v0.1-quantized.w4a16,mistral,Mixtral-8x22B-v0.1,w4a16,mmlu,77.4,-1.19,-1.0476102318598504,-2.4626728873103634,0.36745242359066266,-0.3648581560283688,-0.47913043478260875,True,Mixtral-8x22B-v0.1|s3
RedHatAI/Mixtral-8x22B-v0.1-quantized.w4a16,mistral,Mixtral-8x22B-v0.1,w4a16,truthfulqa,51.17,-0.02,-0.795184942831233,-2.2102475982817458,0.61987771261928,-0.3648581560283688,-0.19536231884057972,True,Mixtral-8x22B-v0.1|s3
RedHatAI/Mixtral-8x22B-v0.1-quantized.w4a16,mistral,Mixtral-8x22B-v0.1,w4a16,winogrande,84.45,0.71,-0.8776406496412517,-2.2927033050917647,0.5374220058092614,-0.3648581560283688,-0.261,False,Mixtral-8x22B-v0.1|s3
RedHatAI/Mixtral-8x22B-v0.1-quantized.w4a16,mistral,Mixtral-8x22B-v0.1,w4a16,arc_challenge,70.39,-0.51,-0.5924508480189534,-2.4272373950909953,1.2423356990530887,-0.30406360424028267,-0.35893939393939395,True,Mixtral-8x22B-v0.1|s4
RedHatAI/Mixtral-8x22B-v0.1-quantized.w4a16,mistral,Mixtral-8x22B-v0.1,w4a16,gsm8k,76.42,-1.74,-0.4472379187657418,-2.282024465837784,1.3875486283063003,-0.30406360424028267,-0.21030769230769228,True,Mixtral-8x22B-v0.1|s4
RedHatAI/Mixtral-8x22B-v0.1-quantized.w4a16,mistral,Mixtral-8x22B-v0.1,w4a16,hellaswag,88.31,-0.37,-0.5198722621364464,-2.3546588092084884,1.3149142849355957,-0.30406360424028267,-0.10343283582089553,True,Mixtral-8x22B-v0.1|s4
RedHatAI/Mixtral-8x22B-v0.1-quantized.w4a16,mistral,Mixtral-8x22B-v0.1,w4a16,mmlu,77.4,-1.19,-0.7454142570373732,-2.580200804109415,1.089372290034669,-0.30406360424028267,-0.4546969696969697,True,Mixtral-8x22B-v0.1|s4
RedHatAI/Mixtral-8x22B-v0.1-quantized.w4a16,mistral,Mixtral-8x22B-v0.1,w4a16,truthfulqa,51.17,-0.02,-0.4455799338932882,-2.2803664809653306,1.389206613178754,-0.30406360424028267,-0.19151515151515153,True,Mixtral-8x22B-v0.1|s4
RedHatAI/Mixtral-8x22B-v0.1-quantized.w4a16,mistral,Mixtral-8x22B-v0.1,w4a16,winogrande,84.45,0.71,-0.4876436087088129,-2.322430155780855,1.3471429383632292,-0.30406360424028267,-0.09415384615384616,True,Mixtral-8x22B-v0.1|s4
RedHatAI/Mixtral-8x7B-Instruct-v0.1-FP8,mistral,Mixtral-8x7B-Instruct-v0.1,fp8,arc_challenge,70.48,-0.94,-0.21808732152296514,-1.7367497489338073,1.3005751058878772,-0.39388671875,-0.33999999999999997,True,Mixtral-8x7B-Instruct-v0.1|s0
RedHatAI/Mixtral-8x7B-Instruct-v0.1-FP8,mistral,Mixtral-8x7B-Instruct-v0.1,fp8,gsm8k,65.5,-1.21,-0.5890771032208504,-2.107739530631693,0.9295853241899918,-0.39388671875,-0.759344262295082,True,Mixtral-8x7B-Instruct-v0.1|s0
RedHatAI/Mixtral-8x7B-Instruct-v0.1-FP8,mistral,Mixtral-8x7B-Instruct-v0.1,fp8,hellaswag,87.33,-0.37,-0.1367360796920029,-1.6553985071028452,1.3819263477188393,-0.39388671875,-0.2609375,True,Mixtral-8x7B-Instruct-v0.1|s0
RedHatAI/Mixtral-8x7B-Instruct-v0.1-FP8,mistral,Mixtral-8x7B-Instruct-v0.1,fp8,mmlu,70.3,-0.33,-0.3694915431912764,-1.8881539706021186,1.1491708842195658,-0.39388671875,-0.49360655737704917,True,Mixtral-8x7B-Instruct-v0.1|s0
RedHatAI/Mixtral-8x7B-Instruct-v0.1-FP8,mistral,Mixtral-8x7B-Instruct-v0.1,fp8,truthfulqa,64.81,-0.92,-0.13322883260651908,-1.6518912600173614,1.385433594804323,-0.39388671875,-0.24491803278688526,True,Mixtral-8x7B-Instruct-v0.1|s0
RedHatAI/Mixtral-8x7B-Instruct-v0.1-FP8,mistral,Mixtral-8x7B-Instruct-v0.1,fp8,winogrande,82.24,-0.95,-0.1906076607754002,-1.7092700881862424,1.328054766635442,-0.39388671875,-0.31703125,True,Mixtral-8x7B-Instruct-v0.1|s0
RedHatAI/Mixtral-8x7B-Instruct-v0.1-FP8,mistral,Mixtral-8x7B-Instruct-v0.1,fp8,arc_challenge,70.48,-0.94,-0.28578922313213345,-1.7252651171877513,1.1536866709234843,-0.3474074074074074,-0.4015873015873016,True,Mixtral-8x7B-Instruct-v0.1|s1
RedHatAI/Mixtral-8x7B-Instruct-v0.1-FP8,mistral,Mixtral-8x7B-Instruct-v0.1,fp8,gsm8k,65.5,-1.21,-0.3916785769554347,-1.8311544710110526,1.047797317100183,-0.3474074074074074,-0.5344262295081967,True,Mixtral-8x7B-Instruct-v0.1|s1
RedHatAI/Mixtral-8x7B-Instruct-v0.1-FP8,mistral,Mixtral-8x7B-Instruct-v0.1,fp8,hellaswag,87.33,-0.37,-0.13846680877805467,-1.5779427028336726,1.301009085277563,-0.3474074074074074,-0.1896875,True,Mixtral-8x7B-Instruct-v0.1|s1
RedHatAI/Mixtral-8x7B-Instruct-v0.1-FP8,mistral,Mixtral-8x7B-Instruct-v0.1,fp8,mmlu,70.3,-0.33,-0.39047495793168363,-1.8299508519873013,1.0490009361239343,-0.3474074074074074,-0.48145161290322586,True,Mixtral-8x7B-Instruct-v0.1|s1
RedHatAI/Mixtral-8x7B-Instruct-v0.1-FP8,mistral,Mixtral-8x7B-Instruct-v0.1,fp8,truthfulqa,64.81,-0.92,-0.03298267439291064,-1.4724585684485285,1.4064932196627071,-0.3474074074074074,-0.103125,True,Mixtral-8x7B-Instruct-v0.1|s1
RedHatAI/Mixtral-8x7B-Instruct-v0.1-FP8,mistral,Mixtral-8x7B-Instruct-v0.1,fp8,winogrande,82.24,-0.95,-0.1684741417715383,-1.6079500358271561,1.2710017522840795,-0.3474074074074074,-0.2329032258064516,True,Mixtral-8x7B-Instruct-v0.1|s1
RedHatAI/Mixtral-8x7B-Instruct-v0.1-FP8,mistral,Mixtral-8x7B-Instruct-v0.1,fp8,arc_challenge,70.48,-0.94,-0.24304589499674412,-2.4095918994550303,1.9235001094615418,-0.3226158940397351,-0.296,True,Mixtral-8x7B-Instruct-v0.1|s2
RedHatAI/Mixtral-8x7B-Instruct-v0.1-FP8,mistral,Mixtral-8x7B-Instruct-v0.1,fp8,gsm8k,65.5,-1.21,-0.4391407581908746,-2.6056867626491607,1.7274052462674114,-0.3226158940397351,-0.5470422535211267,True,Mixtral-8x7B-Instruct-v0.1|s2
RedHatAI/Mixtral-8x7B-Instruct-v0.1-FP8,mistral,Mixtral-8x7B-Instruct-v0.1,fp8,hellaswag,87.33,-0.37,-0.16556701818601838,-2.3321130226443043,2.000978986272268,-0.3226158940397351,-0.19675675675675677,True,Mixtral-8x7B-Instruct-v0.1|s2
RedHatAI/Mixtral-8x7B-Instruct-v0.1-FP8,mistral,Mixtral-8x7B-Instruct-v0.1,fp8,mmlu,70.3,-0.33,-0.37998349292169503,-2.5465294973799812,1.786562511536591,-0.3226158940397351,-0.4475,True,Mixtral-8x7B-Instruct-v0.1|s2
RedHatAI/Mixtral-8x7B-Instruct-v0.1-FP8,mistral,Mixtral-8x7B-Instruct-v0.1,fp8,truthfulqa,64.81,-0.92,-0.0970315383005311,-2.263577542758817,2.069514466157755,-0.3226158940397351,-0.1319178082191781,True,Mixtral-8x7B-Instruct-v0.1|s2
RedHatAI/Mixtral-8x7B-Instruct-v0.1-FP8,mistral,Mixtral-8x7B-Instruct-v0.1,fp8,winogrande,82.24,-0.95,-0.10194940166642064,-2.268495406124707,2.064596602791865,-0.3226158940397351,-0.12208333333333332,True,Mixtral-8x7B-Instruct-v0.1|s2
RedHatAI/Mixtral-8x7B-Instruct-v0.1-FP8,mistral,Mixtral-8x7B-Instruct-v0.1,fp8,arc_challenge,70.48,-0.94,-0.3630057719868848,-2.243697449031844,1.5176859050580744,-0.387125,-0.3985294117647059,True,Mixtral-8x7B-Instruct-v0.1|s3
RedHatAI/Mixtral-8x7B-Instruct-v0.1-FP8,mistral,Mixtral-8x7B-Instruct-v0.1,fp8,gsm8k,65.5,-1.21,-0.8210866847203111,-2.70177836176527,1.0596049923246482,-0.387125,-0.9158823529411765,True,Mixtral-8x7B-Instruct-v0.1|s3
RedHatAI/Mixtral-8x7B-Instruct-v0.1-FP8,mistral,Mixtral-8x7B-Instruct-v0.1,fp8,hellaswag,87.33,-0.37,-0.11324572794705057,-1.99393740499201,1.7674459490979086,-0.387125,-0.16845070422535213,True,Mixtral-8x7B-Instruct-v0.1|s3
RedHatAI/Mixtral-8x7B-Instruct-v0.1-FP8,mistral,Mixtral-8x7B-Instruct-v0.1,fp8,mmlu,70.3,-0.33,-0.38125615959392883,-2.261947836638888,1.4994355174510305,-0.387125,-0.41808823529411765,True,Mixtral-8x7B-Instruct-v0.1|s3
RedHatAI/Mixtral-8x7B-Instruct-v0.1-FP8,mistral,Mixtral-8x7B-Instruct-v0.1,fp8,truthfulqa,64.81,-0.92,-0.21040863571042095,-2.09110031275538,1.6702830413345384,-0.387125,-0.24072463768115943,True,Mixtral-8x7B-Instruct-v0.1|s3
RedHatAI/Mixtral-8x7B-Instruct-v0.1-FP8,mistral,Mixtral-8x7B-Instruct-v0.1,fp8,winogrande,82.24,-0.95,-0.1948530074781279,-2.0755446845230874,1.6858386695668315,-0.387125,-0.23855072463768118,True,Mixtral-8x7B-Instruct-v0.1|s3
RedHatAI/Mixtral-8x7B-Instruct-v0.1-FP8,mistral,Mixtral-8x7B-Instruct-v0.1,fp8,arc_challenge,70.48,-0.94,-0.26974807609671186,-2.359749058493239,1.8202529062998152,-0.33697265625,-0.3489230769230769,True,Mixtral-8x7B-Instruct-v0.1|s4
RedHatAI/Mixtral-8x7B-Instruct-v0.1-FP8,mistral,Mixtral-8x7B-Instruct-v0.1,fp8,gsm8k,65.5,-1.21,-0.5425300191029737,-2.6325310014995007,1.5474709632935535,-0.33697265625,-0.6466153846153846,True,Mixtral-8x7B-Instruct-v0.1|s4
RedHatAI/Mixtral-8x7B-Instruct-v0.1-FP8,mistral,Mixtral-8x7B-Instruct-v0.1,fp8,hellaswag,87.33,-0.37,-0.18211075354074696,-2.272111735937274,1.9078902288557802,-0.33697265625,-0.28164179104477616,True,Mixtral-8x7B-Instruct-v0.1|s4
RedHatAI/Mixtral-8x7B-Instruct-v0.1-FP8,mistral,Mixtral-8x7B-Instruct-v0.1,fp8,mmlu,70.3,-0.33,-0.37382983961297833,-2.4638308220095055,1.7161711427835487,-0.33697265625,-0.43772727272727274,True,Mixtral-8x7B-Instruct-v0.1|s4
RedHatAI/Mixtral-8x7B-Instruct-v0.1-FP8,mistral,Mixtral-8x7B-Instruct-v0.1,fp8,truthfulqa,64.81,-0.92,-0.10790303978522864,-2.197904022181756,1.9820979426112983,-0.33697265625,-0.1806060606060606,True,Mixtral-8x7B-Instruct-v0.1|s4
RedHatAI/Mixtral-8x7B-Instruct-v0.1-FP8,mistral,Mixtral-8x7B-Instruct-v0.1,fp8,winogrande,82.24,-0.95,-0.08042918752175454,-2.1704301699182817,2.0095717948747724,-0.33697265625,-0.13953846153846156,True,Mixtral-8x7B-Instruct-v0.1|s4
RedHatAI/Mixtral-8x7B-v0.1-quantized.w4a16,mistral,Mixtral-8x7B-v0.1,w4a16,arc_challenge,66.55,-0.94,-0.7093824134316529,-2.1222431543117537,0.7034783274484482,-0.3513584288052373,-0.37985294117647056,True,Mixtral-8x7B-v0.1|s0
RedHatAI/Mixtral-8x7B-v0.1-quantized.w4a16,mistral,Mixtral-8x7B-v0.1,w4a16,gsm8k,59.89,-1.82,-0.7268320978724825,-2.1396928387525835,0.6860286430076186,-0.3513584288052373,-0.4401470588235294,True,Mixtral-8x7B-v0.1|s0
RedHatAI/Mixtral-8x7B-v0.1-quantized.w4a16,mistral,Mixtral-8x7B-v0.1,w4a16,hellaswag,86.65,-1.44,-0.5549153154290483,-1.9677760563091493,0.8579454254510528,-0.3513584288052373,-0.13619718309859155,True,Mixtral-8x7B-v0.1|s0
RedHatAI/Mixtral-8x7B-v0.1-quantized.w4a16,mistral,Mixtral-8x7B-v0.1,w4a16,mmlu,70.33,-1.1,-0.8322917680754154,-2.2451525089555164,0.5805689728046857,-0.3513584288052373,-0.4873529411764706,True,Mixtral-8x7B-v0.1|s0
RedHatAI/Mixtral-8x7B-v0.1-quantized.w4a16,mistral,Mixtral-8x7B-v0.1,w4a16,truthfulqa,46.65,0.53,-0.62578066403172,-2.038641404911821,0.7870800768483811,-0.3513584288052373,-0.2808695652173913,True,Mixtral-8x7B-v0.1|s0
RedHatAI/Mixtral-8x7B-v0.1-quantized.w4a16,mistral,Mixtral-8x7B-v0.1,w4a16,winogrande,81.45,-0.31,-0.6568347959306725,-2.0696955368107735,0.7560259449494285,-0.3513584288052373,-0.2695652173913043,True,Mixtral-8x7B-v0.1|s0
RedHatAI/Mixtral-8x7B-v0.1-quantized.w4a16,mistral,Mixtral-8x7B-v0.1,w4a16,arc_challenge,66.55,-0.94,-0.8163467977070953,-2.362656093045624,0.7299624976314332,-0.36209342560553637,-0.3762857142857143,True,Mixtral-8x7B-v0.1|s1
RedHatAI/Mixtral-8x7B-v0.1-quantized.w4a16,mistral,Mixtral-8x7B-v0.1,w4a16,gsm8k,59.89,-1.82,-0.8715793128271703,-2.4178886081656987,0.6747299825113582,-0.36209342560553637,-0.4624285714285714,True,Mixtral-8x7B-v0.1|s1
RedHatAI/Mixtral-8x7B-v0.1-quantized.w4a16,mistral,Mixtral-8x7B-v0.1,w4a16,hellaswag,86.65,-1.44,-0.683381003213309,-2.229690298551837,0.8629282921252195,-0.36209342560553637,-0.17027777777777778,True,Mixtral-8x7B-v0.1|s1
RedHatAI/Mixtral-8x7B-v0.1-quantized.w4a16,mistral,Mixtral-8x7B-v0.1,w4a16,mmlu,70.33,-1.1,-0.8814563471169214,-2.4277656424554497,0.664852948221607,-0.36209342560553637,-0.42457142857142854,True,Mixtral-8x7B-v0.1|s1
RedHatAI/Mixtral-8x7B-v0.1-quantized.w4a16,mistral,Mixtral-8x7B-v0.1,w4a16,truthfulqa,46.65,0.53,-0.7046996038186931,-2.2510088991572217,0.8416096915198353,-0.36209342560553637,-0.17507042253521127,True,Mixtral-8x7B-v0.1|s1
RedHatAI/Mixtral-8x7B-v0.1-quantized.w4a16,mistral,Mixtral-8x7B-v0.1,w4a16,winogrande,81.45,-0.31,-0.7348838014303709,-2.2811930967688996,0.8114254939081575,-0.36209342560553637,-0.2425352112676056,True,Mixtral-8x7B-v0.1|s1
RedHatAI/Mixtral-8x7B-v0.1-quantized.w4a16,mistral,Mixtral-8x7B-v0.1,w4a16,arc_challenge,66.55,-0.94,-1.012951060731921,-3.109310537501325,1.083408416037483,-0.3400954198473283,-0.47863636363636364,True,Mixtral-8x7B-v0.1|s2
RedHatAI/Mixtral-8x7B-v0.1-quantized.w4a16,mistral,Mixtral-8x7B-v0.1,w4a16,gsm8k,59.89,-1.82,-1.0208687352094268,-3.117228211978831,1.0754907415599773,-0.3400954198473283,-0.4601492537313433,True,Mixtral-8x7B-v0.1|s2
RedHatAI/Mixtral-8x7B-v0.1-quantized.w4a16,mistral,Mixtral-8x7B-v0.1,w4a16,hellaswag,86.65,-1.44,-0.8274446500000818,-2.923804126769486,1.2689148267693222,-0.3400954198473283,-0.31157142857142855,True,Mixtral-8x7B-v0.1|s2
RedHatAI/Mixtral-8x7B-v0.1-quantized.w4a16,mistral,Mixtral-8x7B-v0.1,w4a16,mmlu,70.33,-1.1,-1.0279590063086834,-3.1243184830780875,1.0684004704607206,-0.3400954198473283,-0.49250000000000005,True,Mixtral-8x7B-v0.1|s2
RedHatAI/Mixtral-8x7B-v0.1-quantized.w4a16,mistral,Mixtral-8x7B-v0.1,w4a16,truthfulqa,46.65,0.53,-0.8359290430252535,-2.9322885197946578,1.2604304337441505,-0.3400954198473283,-0.25134328358208957,True,Mixtral-8x7B-v0.1|s2
RedHatAI/Mixtral-8x7B-v0.1-quantized.w4a16,mistral,Mixtral-8x7B-v0.1,w4a16,winogrande,81.45,-0.31,-0.728356325346837,-2.8247158021162413,1.368003151422567,-0.3400954198473283,-0.17485294117647057,True,Mixtral-8x7B-v0.1|s2
RedHatAI/Mixtral-8x7B-v0.1-quantized.w4a16,mistral,Mixtral-8x7B-v0.1,w4a16,arc_challenge,66.55,-0.94,-0.9092759118668508,-2.3359866927823125,0.5174348690486112,-0.38411347517730493,-0.4339130434782609,True,Mixtral-8x7B-v0.1|s3
RedHatAI/Mixtral-8x7B-v0.1-quantized.w4a16,mistral,Mixtral-8x7B-v0.1,w4a16,gsm8k,59.89,-1.82,-1.0811260440666348,-2.507836824982097,0.3455847368488272,-0.38411347517730493,-0.6119117647058824,True,Mixtral-8x7B-v0.1|s3
RedHatAI/Mixtral-8x7B-v0.1-quantized.w4a16,mistral,Mixtral-8x7B-v0.1,w4a16,hellaswag,86.65,-1.44,-0.747233227979063,-2.1739440088945248,0.679477552936399,-0.38411347517730493,-0.26704225352112676,True,Mixtral-8x7B-v0.1|s3
RedHatAI/Mixtral-8x7B-v0.1-quantized.w4a16,mistral,Mixtral-8x7B-v0.1,w4a16,mmlu,70.33,-1.1,-0.9802020850911619,-2.406912866006624,0.4465086958243001,-0.38411347517730493,-0.49057971014492757,True,Mixtral-8x7B-v0.1|s3
RedHatAI/Mixtral-8x7B-v0.1-quantized.w4a16,mistral,Mixtral-8x7B-v0.1,w4a16,truthfulqa,46.65,0.53,-0.7866812837914305,-2.2133920647068925,0.6400294971240315,-0.38411347517730493,-0.23294117647058823,True,Mixtral-8x7B-v0.1|s3
RedHatAI/Mixtral-8x7B-v0.1-quantized.w4a16,mistral,Mixtral-8x7B-v0.1,w4a16,winogrande,81.45,-0.31,-0.7703723726009132,-2.1970831535163753,0.6563384083145488,-0.38411347517730493,-0.2807142857142857,True,Mixtral-8x7B-v0.1|s3
RedHatAI/Mixtral-8x7B-v0.1-quantized.w4a16,mistral,Mixtral-8x7B-v0.1,w4a16,arc_challenge,66.55,-0.94,-1.0651980261300014,-3.0328282388641146,0.9024321866041121,-0.3934046692607004,-0.48016129032258065,True,Mixtral-8x7B-v0.1|s4
RedHatAI/Mixtral-8x7B-v0.1-quantized.w4a16,mistral,Mixtral-8x7B-v0.1,w4a16,gsm8k,59.89,-1.82,-1.3638292589458494,-3.331459471679963,0.603800953788264,-0.3934046692607004,-0.7436507936507937,True,Mixtral-8x7B-v0.1|s4
RedHatAI/Mixtral-8x7B-v0.1-quantized.w4a16,mistral,Mixtral-8x7B-v0.1,w4a16,hellaswag,86.65,-1.44,-0.792024070648849,-2.7596542833829627,1.1756061420852644,-0.3934046692607004,-0.3506060606060606,True,Mixtral-8x7B-v0.1|s4
RedHatAI/Mixtral-8x7B-v0.1-quantized.w4a16,mistral,Mixtral-8x7B-v0.1,w4a16,mmlu,70.33,-1.1,-0.9616404397720208,-2.9292706525061343,1.0059897729620926,-0.3934046692607004,-0.39734375,True,Mixtral-8x7B-v0.1|s4
RedHatAI/Mixtral-8x7B-v0.1-quantized.w4a16,mistral,Mixtral-8x7B-v0.1,w4a16,truthfulqa,46.65,0.53,-0.8397368918838043,-2.8073671046179176,1.1278933208503092,-0.3934046692607004,-0.20206349206349208,True,Mixtral-8x7B-v0.1|s4
RedHatAI/Mixtral-8x7B-v0.1-quantized.w4a16,mistral,Mixtral-8x7B-v0.1,w4a16,winogrande,81.45,-0.31,-0.8179931031813692,-2.7856233159154824,1.1496371095527442,-0.3934046692607004,-0.31723076923076926,True,Mixtral-8x7B-v0.1|s4
RedHatAI/Qwen2.5-0.5B-FP8-dynamic,qwen2.5,Qwen2.5-0.5B,fp8_dynamic,mmlu,47.57,-0.47,-0.3053671165765472,-1.9765094528290594,1.365775219675965,-0.3376672694394214,-0.473,True,Qwen2.5-0.5B|s0
RedHatAI/Qwen2.5-0.5B-FP8-dynamic,qwen2.5,Qwen2.5-0.5B,fp8_dynamic,arc_challenge,34.9,-1.03,-0.21692493698580445,-1.8880672732383166,1.4542173992667078,-0.3376672694394214,-0.3688235294117647,True,Qwen2.5-0.5B|s0
RedHatAI/Qwen2.5-0.5B-FP8-dynamic,qwen2.5,Qwen2.5-0.5B,fp8_dynamic,gsm8k,34.19,0.46,-0.4694079692395194,-2.1405503054920314,1.2017343670129927,-0.3376672694394214,-0.632089552238806,True,Qwen2.5-0.5B|s0
RedHatAI/Qwen2.5-0.5B-FP8-dynamic,qwen2.5,Qwen2.5-0.5B,fp8_dynamic,hellaswag,51.83,-0.52,-0.14700350794804395,-1.818145844200556,1.5241388283044683,-0.3376672694394214,-0.2569014084507042,True,Qwen2.5-0.5B|s0
RedHatAI/Qwen2.5-0.5B-FP8-dynamic,qwen2.5,Qwen2.5-0.5B,fp8_dynamic,winogrande,55.8,-0.24,-0.014871361227093982,-1.686013697479606,1.6562709750254183,-0.3376672694394214,-0.15753623188405796,True,Qwen2.5-0.5B|s0
RedHatAI/Qwen2.5-0.5B-FP8-dynamic,qwen2.5,Qwen2.5-0.5B,fp8_dynamic,truthfulqa,39.9,0.54,0.09954960072525398,-1.571592735527258,1.7706919369777663,-0.3376672694394214,-0.08647058823529412,True,Qwen2.5-0.5B|s0
RedHatAI/Qwen2.5-0.5B-quantized.w4a16,qwen2.5,Qwen2.5-0.5B,w4a16,mmlu,47.57,-2.53,-1.1056613063427476,-2.77680364259526,0.5654810299097646,-0.3376672694394214,-0.473,True,Qwen2.5-0.5B|s0
RedHatAI/Qwen2.5-0.5B-quantized.w4a16,qwen2.5,Qwen2.5-0.5B,w4a16,gsm8k,34.19,-6.21,-1.26970215900572,-2.940844495258232,0.40144017724679215,-0.3376672694394214,-0.632089552238806,False,Qwen2.5-0.5B|s0
RedHatAI/Qwen2.5-0.5B-quantized.w4a16,qwen2.5,Qwen2.5-0.5B,w4a16,hellaswag,51.83,-2.68,-0.9472976977142447,-2.618440033966757,0.7238446385382675,-0.3376672694394214,-0.2569014084507042,False,Qwen2.5-0.5B|s0
RedHatAI/Qwen2.5-0.5B-quantized.w4a16,qwen2.5,Qwen2.5-0.5B,w4a16,winogrande,55.8,-2.05,-0.8151655509932947,-2.4863078872458066,0.8559767852592175,-0.3376672694394214,-0.15753623188405796,True,Qwen2.5-0.5B|s0
RedHatAI/Qwen2.5-0.5B-quantized.w4a16,qwen2.5,Qwen2.5-0.5B,w4a16,truthfulqa,39.9,-1.01,-0.7007445890409467,-2.3718869252934587,0.9703977472115655,-0.3376672694394214,-0.08647058823529412,True,Qwen2.5-0.5B|s0
RedHatAI/Qwen2.5-0.5B-quantized.w8a16,qwen2.5,Qwen2.5-0.5B,w8a16,mmlu,47.57,0.24,-0.3076290589493065,-1.9787713952018187,1.3635132773032057,-0.3376672694394214,-0.473,True,Qwen2.5-0.5B|s0
RedHatAI/Qwen2.5-0.5B-quantized.w8a16,qwen2.5,Qwen2.5-0.5B,w8a16,arc_challenge,34.9,0.0,-0.2191868793585637,-1.8903292156110758,1.4519554568939486,-0.3376672694394214,-0.3688235294117647,True,Qwen2.5-0.5B|s0
RedHatAI/Qwen2.5-0.5B-quantized.w8a16,qwen2.5,Qwen2.5-0.5B,w8a16,gsm8k,34.19,-0.68,-0.47166991161227867,-2.142812247864791,1.1994724246402335,-0.3376672694394214,-0.632089552238806,True,Qwen2.5-0.5B|s0
RedHatAI/Qwen2.5-0.5B-quantized.w8a16,qwen2.5,Qwen2.5-0.5B,w8a16,hellaswag,51.83,-0.05,-0.14926545032080324,-1.8204077865733155,1.521876885931709,-0.3376672694394214,-0.2569014084507042,True,Qwen2.5-0.5B|s0
RedHatAI/Qwen2.5-0.5B-quantized.w8a16,qwen2.5,Qwen2.5-0.5B,w8a16,winogrande,55.8,-0.31,-0.017133303599853267,-1.6882756398523655,1.6540090326526589,-0.3376672694394214,-0.15753623188405796,True,Qwen2.5-0.5B|s0
RedHatAI/Qwen2.5-0.5B-quantized.w8a16,qwen2.5,Qwen2.5-0.5B,w8a16,truthfulqa,39.9,-0.19,0.09728765835249475,-1.5738546779000173,1.768429994605007,-0.3376672694394214,-0.08647058823529412,True,Qwen2.5-0.5B|s0
RedHatAI/Qwen2.5-0.5B-quantized.w8a8,qwen2.5,Qwen2.5-0.5B,w8a8_int,mmlu,47.57,-0.22,-0.7230988336930344,-2.3942411699455466,0.9480435025594778,-0.3376672694394214,-0.473,True,Qwen2.5-0.5B|s0
RedHatAI/Qwen2.5-0.5B-quantized.w8a8,qwen2.5,Qwen2.5-0.5B,w8a8_int,arc_challenge,34.9,-0.43,-0.6346566541022918,-2.3057989903548037,1.0364856821502204,-0.3376672694394214,-0.3688235294117647,True,Qwen2.5-0.5B|s0
RedHatAI/Qwen2.5-0.5B-quantized.w8a8,qwen2.5,Qwen2.5-0.5B,w8a8_int,gsm8k,34.19,0.0,-0.8871396863560068,-2.558282022608519,0.7840026498965054,-0.3376672694394214,-0.632089552238806,True,Qwen2.5-0.5B|s0
RedHatAI/Qwen2.5-0.5B-quantized.w8a8,qwen2.5,Qwen2.5-0.5B,w8a8_int,hellaswag,51.83,-0.2,-0.5647352250645312,-2.2358775613170434,1.106407111187981,-0.3376672694394214,-0.2569014084507042,True,Qwen2.5-0.5B|s0
RedHatAI/Qwen2.5-0.5B-quantized.w8a8,qwen2.5,Qwen2.5-0.5B,w8a8_int,winogrande,55.8,-0.16,-0.43260307834358136,-2.1037454145960934,1.238539257908931,-0.3376672694394214,-0.15753623188405796,True,Qwen2.5-0.5B|s0
RedHatAI/Qwen2.5-0.5B-quantized.w8a8,qwen2.5,Qwen2.5-0.5B,w8a8_int,truthfulqa,39.9,0.42,-0.3181821163912333,-1.9893244526437455,1.352960219861279,-0.3376672694394214,-0.08647058823529412,True,Qwen2.5-0.5B|s0
RedHatAI/Qwen2.5-0.5B-FP8-dynamic,qwen2.5,Qwen2.5-0.5B,fp8_dynamic,mmlu,47.57,-0.47,-0.19822246019677492,-1.8278635365458493,1.4314186161522997,-0.3382446808510638,-0.45130434782608697,True,Qwen2.5-0.5B|s1
RedHatAI/Qwen2.5-0.5B-FP8-dynamic,qwen2.5,Qwen2.5-0.5B,fp8_dynamic,arc_challenge,34.9,-1.03,-0.16824705315839508,-1.7978881295074696,1.4613940231906795,-0.3382446808510638,-0.4235294117647059,True,Qwen2.5-0.5B|s1
RedHatAI/Qwen2.5-0.5B-FP8-dynamic,qwen2.5,Qwen2.5-0.5B,fp8_dynamic,gsm8k,34.19,0.46,-0.24403393686174896,-1.8736750132108235,1.3856071394873255,-0.3382446808510638,-0.48880597014925375,True,Qwen2.5-0.5B|s1
RedHatAI/Qwen2.5-0.5B-FP8-dynamic,qwen2.5,Qwen2.5-0.5B,fp8_dynamic,hellaswag,51.83,-0.52,-0.02398087057181414,-1.6536219469208886,1.6056602057772604,-0.3382446808510638,-0.23140845070422536,True,Qwen2.5-0.5B|s1
RedHatAI/Qwen2.5-0.5B-FP8-dynamic,qwen2.5,Qwen2.5-0.5B,fp8_dynamic,winogrande,55.8,-0.24,0.044856718877264,-1.5847843574718106,1.6744977952263385,-0.3382446808510638,-0.19376811594202897,True,Qwen2.5-0.5B|s1
RedHatAI/Qwen2.5-0.5B-FP8-dynamic,qwen2.5,Qwen2.5-0.5B,fp8_dynamic,truthfulqa,39.9,0.54,0.09954092673988574,-1.5301001496091888,1.7291820030889602,-0.3382446808510638,-0.16830985915492958,True,Qwen2.5-0.5B|s1
RedHatAI/Qwen2.5-0.5B-quantized.w4a16,qwen2.5,Qwen2.5-0.5B,w4a16,mmlu,47.57,-2.53,-1.0625812557786412,-2.6922223321277157,0.5670598205704334,-0.3382446808510638,-0.45130434782608697,True,Qwen2.5-0.5B|s1
RedHatAI/Qwen2.5-0.5B-quantized.w4a16,qwen2.5,Qwen2.5-0.5B,w4a16,gsm8k,34.19,-6.21,-1.1083927324436151,-2.7380338087926894,0.5212483439054594,-0.3382446808510638,-0.48880597014925375,False,Qwen2.5-0.5B|s1
RedHatAI/Qwen2.5-0.5B-quantized.w4a16,qwen2.5,Qwen2.5-0.5B,w4a16,hellaswag,51.83,-2.68,-0.8883396661536804,-2.517980742502755,0.7413014101953941,-0.3382446808510638,-0.23140845070422536,False,Qwen2.5-0.5B|s1
RedHatAI/Qwen2.5-0.5B-quantized.w4a16,qwen2.5,Qwen2.5-0.5B,w4a16,winogrande,55.8,-2.05,-0.8195020767046022,-2.4491431530536767,0.8101389996444723,-0.3382446808510638,-0.19376811594202897,True,Qwen2.5-0.5B|s1
RedHatAI/Qwen2.5-0.5B-quantized.w4a16,qwen2.5,Qwen2.5-0.5B,w4a16,truthfulqa,39.9,-1.01,-0.7648178688419804,-2.394458945191055,0.8648232075070941,-0.3382446808510638,-0.16830985915492958,True,Qwen2.5-0.5B|s1
RedHatAI/Qwen2.5-0.5B-quantized.w8a16,qwen2.5,Qwen2.5-0.5B,w8a16,mmlu,47.57,0.24,-0.25708512979134124,-1.8867262061404158,1.3725559465577333,-0.3382446808510638,-0.45130434782608697,True,Qwen2.5-0.5B|s1
RedHatAI/Qwen2.5-0.5B-quantized.w8a16,qwen2.5,Qwen2.5-0.5B,w8a16,arc_challenge,34.9,0.0,-0.22710972275296143,-1.856750799102036,1.402531353596113,-0.3382446808510638,-0.4235294117647059,True,Qwen2.5-0.5B|s1
RedHatAI/Qwen2.5-0.5B-quantized.w8a16,qwen2.5,Qwen2.5-0.5B,w8a16,gsm8k,34.19,-0.68,-0.3028966064563153,-1.9325376828053897,1.3267444698927593,-0.3382446808510638,-0.48880597014925375,True,Qwen2.5-0.5B|s1
RedHatAI/Qwen2.5-0.5B-quantized.w8a16,qwen2.5,Qwen2.5-0.5B,w8a16,hellaswag,51.83,-0.05,-0.08284354016638051,-1.712484616515455,1.546797536182694,-0.3382446808510638,-0.23140845070422536,True,Qwen2.5-0.5B|s1
RedHatAI/Qwen2.5-0.5B-quantized.w8a16,qwen2.5,Qwen2.5-0.5B,w8a16,winogrande,55.8,-0.31,-0.014005950717302373,-1.6436470270663768,1.6156351256317723,-0.3382446808510638,-0.19376811594202897,True,Qwen2.5-0.5B|s1
RedHatAI/Qwen2.5-0.5B-quantized.w8a16,qwen2.5,Qwen2.5-0.5B,w8a16,truthfulqa,39.9,-0.19,0.04067825714531931,-1.5889628192037553,1.6703193334943938,-0.3382446808510638,-0.16830985915492958,True,Qwen2.5-0.5B|s1
RedHatAI/Qwen2.5-0.5B-quantized.w8a8,qwen2.5,Qwen2.5-0.5B,w8a8_int,mmlu,47.57,-0.22,-0.6029749517718666,-2.2326160281209413,1.026666124577208,-0.3382446808510638,-0.45130434782608697,True,Qwen2.5-0.5B|s1
RedHatAI/Qwen2.5-0.5B-quantized.w8a8,qwen2.5,Qwen2.5-0.5B,w8a8_int,arc_challenge,34.9,-0.43,-0.5729995447334867,-2.202640621082561,1.056641531615588,-0.3382446808510638,-0.4235294117647059,True,Qwen2.5-0.5B|s1
RedHatAI/Qwen2.5-0.5B-quantized.w8a8,qwen2.5,Qwen2.5-0.5B,w8a8_int,gsm8k,34.19,0.0,-0.6487864284368405,-2.278427504785915,0.980854647912234,-0.3382446808510638,-0.48880597014925375,True,Qwen2.5-0.5B|s1
RedHatAI/Qwen2.5-0.5B-quantized.w8a8,qwen2.5,Qwen2.5-0.5B,w8a8_int,hellaswag,51.83,-0.2,-0.4287333621469057,-2.05837443849598,1.200907714202169,-0.3382446808510638,-0.23140845070422536,True,Qwen2.5-0.5B|s1
RedHatAI/Qwen2.5-0.5B-quantized.w8a8,qwen2.5,Qwen2.5-0.5B,w8a8_int,winogrande,55.8,-0.16,-0.35989577269782763,-1.989536849046902,1.269745303651247,-0.3382446808510638,-0.19376811594202897,True,Qwen2.5-0.5B|s1
RedHatAI/Qwen2.5-0.5B-quantized.w8a8,qwen2.5,Qwen2.5-0.5B,w8a8_int,truthfulqa,39.9,0.42,-0.3052115648352059,-1.9348526411842804,1.3244295115138687,-0.3382446808510638,-0.16830985915492958,True,Qwen2.5-0.5B|s1
RedHatAI/Qwen2.5-0.5B-FP8-dynamic,qwen2.5,Qwen2.5-0.5B,fp8_dynamic,mmlu,47.57,-0.47,-0.23084448853955383,-1.3813742986550859,0.9196853215759783,-0.37462081128747793,-0.5273529411764706,True,Qwen2.5-0.5B|s2
RedHatAI/Qwen2.5-0.5B-FP8-dynamic,qwen2.5,Qwen2.5-0.5B,fp8_dynamic,arc_challenge,34.9,-1.03,-0.17435404410280536,-1.3248838542183374,0.9761757660127268,-0.37462081128747793,-0.4483582089552239,True,Qwen2.5-0.5B|s2
RedHatAI/Qwen2.5-0.5B-FP8-dynamic,qwen2.5,Qwen2.5-0.5B,fp8_dynamic,gsm8k,34.19,0.46,-0.2971302685223378,-1.44766007863787,0.8533995415931943,-0.37462081128747793,-0.5765671641791045,True,Qwen2.5-0.5B|s2
RedHatAI/Qwen2.5-0.5B-FP8-dynamic,qwen2.5,Qwen2.5-0.5B,fp8_dynamic,hellaswag,51.83,-0.52,-0.0744887152012006,-1.2250185253167327,1.0760410949143315,-0.37462081128747793,-0.3208571428571429,True,Qwen2.5-0.5B|s2
RedHatAI/Qwen2.5-0.5B-FP8-dynamic,qwen2.5,Qwen2.5-0.5B,fp8_dynamic,winogrande,55.8,-0.24,0.043354585085744524,-1.1071752250297875,1.1938843952012768,-0.37462081128747793,-0.22897058823529412,True,Qwen2.5-0.5B|s2
RedHatAI/Qwen2.5-0.5B-FP8-dynamic,qwen2.5,Qwen2.5-0.5B,fp8_dynamic,truthfulqa,39.9,0.54,0.08724938591144021,-1.0632804242040919,1.2377791960269724,-0.37462081128747793,-0.20164179104477611,True,Qwen2.5-0.5B|s2
RedHatAI/Qwen2.5-0.5B-quantized.w4a16,qwen2.5,Qwen2.5-0.5B,w4a16,mmlu,47.57,-2.53,-0.9692109311837857,-2.1197407412993177,0.18131887893174647,-0.37462081128747793,-0.5273529411764706,False,Qwen2.5-0.5B|s2
RedHatAI/Qwen2.5-0.5B-quantized.w4a16,qwen2.5,Qwen2.5-0.5B,w4a16,gsm8k,34.19,-6.21,-1.0354967111665696,-2.186026521282102,0.11503309894896252,-0.37462081128747793,-0.5765671641791045,False,Qwen2.5-0.5B|s2
RedHatAI/Qwen2.5-0.5B-quantized.w4a16,qwen2.5,Qwen2.5-0.5B,w4a16,hellaswag,51.83,-2.68,-0.8128551578454324,-1.9633849679609645,0.33767465227009974,-0.37462081128747793,-0.3208571428571429,False,Qwen2.5-0.5B|s2
RedHatAI/Qwen2.5-0.5B-quantized.w4a16,qwen2.5,Qwen2.5-0.5B,w4a16,winogrande,55.8,-2.05,-0.6950118575584874,-1.8455416676740195,0.45551795255704475,-0.37462081128747793,-0.22897058823529412,False,Qwen2.5-0.5B|s2
RedHatAI/Qwen2.5-0.5B-quantized.w4a16,qwen2.5,Qwen2.5-0.5B,w4a16,truthfulqa,39.9,-1.01,-0.6511170567327916,-1.8016468668483236,0.4994127533827405,-0.37462081128747793,-0.20164179104477611,True,Qwen2.5-0.5B|s2
RedHatAI/Qwen2.5-0.5B-quantized.w8a16,qwen2.5,Qwen2.5-0.5B,w8a16,mmlu,47.57,0.24,-0.2746042714628914,-1.4251340815784235,0.8759255386526408,-0.37462081128747793,-0.5273529411764706,True,Qwen2.5-0.5B|s2
RedHatAI/Qwen2.5-0.5B-quantized.w8a16,qwen2.5,Qwen2.5-0.5B,w8a16,arc_challenge,34.9,0.0,-0.21811382702614304,-1.3686436371416753,0.9324159830893891,-0.37462081128747793,-0.4483582089552239,True,Qwen2.5-0.5B|s2
RedHatAI/Qwen2.5-0.5B-quantized.w8a16,qwen2.5,Qwen2.5-0.5B,w8a16,gsm8k,34.19,-0.68,-0.3408900514456754,-1.4914198615612075,0.8096397586698567,-0.37462081128747793,-0.5765671641791045,True,Qwen2.5-0.5B|s2
RedHatAI/Qwen2.5-0.5B-quantized.w8a16,qwen2.5,Qwen2.5-0.5B,w8a16,hellaswag,51.83,-0.05,-0.11824849812453819,-1.2687783082400703,1.032281311990994,-0.37462081128747793,-0.3208571428571429,True,Qwen2.5-0.5B|s2
RedHatAI/Qwen2.5-0.5B-quantized.w8a16,qwen2.5,Qwen2.5-0.5B,w8a16,winogrande,55.8,-0.31,-0.00040519783759312977,-1.1509350079531253,1.150124612277939,-0.37462081128747793,-0.22897058823529412,True,Qwen2.5-0.5B|s2
RedHatAI/Qwen2.5-0.5B-quantized.w8a16,qwen2.5,Qwen2.5-0.5B,w8a16,truthfulqa,39.9,-0.19,0.043489602988102616,-1.1070402071274295,1.1940194131036348,-0.37462081128747793,-0.20164179104477611,True,Qwen2.5-0.5B|s2
RedHatAI/Qwen2.5-0.5B-quantized.w8a8,qwen2.5,Qwen2.5-0.5B,w8a8_int,mmlu,47.57,-0.22,-0.5573760686689727,-1.707905878784505,0.5931537414465594,-0.37462081128747793,-0.5273529411764706,True,Qwen2.5-0.5B|s2
RedHatAI/Qwen2.5-0.5B-quantized.w8a8,qwen2.5,Qwen2.5-0.5B,w8a8_int,arc_challenge,34.9,-0.43,-0.5008856242322244,-1.6514154343477565,0.6496441858833077,-0.37462081128747793,-0.4483582089552239,True,Qwen2.5-0.5B|s2
RedHatAI/Qwen2.5-0.5B-quantized.w8a8,qwen2.5,Qwen2.5-0.5B,w8a8_int,gsm8k,34.19,0.0,-0.6236618486517567,-1.7741916587672888,0.5268679614637755,-0.37462081128747793,-0.5765671641791045,True,Qwen2.5-0.5B|s2
RedHatAI/Qwen2.5-0.5B-quantized.w8a8,qwen2.5,Qwen2.5-0.5B,w8a8_int,hellaswag,51.83,-0.2,-0.4010202953306195,-1.5515501054461516,0.7495095147849127,-0.37462081128747793,-0.3208571428571429,True,Qwen2.5-0.5B|s2
RedHatAI/Qwen2.5-0.5B-quantized.w8a8,qwen2.5,Qwen2.5-0.5B,w8a8_int,winogrande,55.8,-0.16,-0.28317699504367444,-1.4337068051592066,0.8673528150718577,-0.37462081128747793,-0.22897058823529412,True,Qwen2.5-0.5B|s2
RedHatAI/Qwen2.5-0.5B-quantized.w8a8,qwen2.5,Qwen2.5-0.5B,w8a8_int,truthfulqa,39.9,0.42,-0.23928219421797872,-1.389812004333511,0.9112476158975534,-0.37462081128747793,-0.20164179104477611,True,Qwen2.5-0.5B|s2
RedHatAI/Qwen2.5-0.5B-FP8-dynamic,qwen2.5,Qwen2.5-0.5B,fp8_dynamic,mmlu,47.57,-0.47,-0.24635365945227583,-1.3761310017641257,0.883423682859574,-0.34123519458544843,-0.4617647058823529,True,Qwen2.5-0.5B|s3
RedHatAI/Qwen2.5-0.5B-FP8-dynamic,qwen2.5,Qwen2.5-0.5B,fp8_dynamic,arc_challenge,34.9,-1.03,-0.14825617874233374,-1.2780335210541836,0.981521163569516,-0.34123519458544843,-0.38304347826086954,True,Qwen2.5-0.5B|s3
RedHatAI/Qwen2.5-0.5B-FP8-dynamic,qwen2.5,Qwen2.5-0.5B,fp8_dynamic,gsm8k,34.19,0.46,-0.20579095282986126,-1.335568295141711,0.9239863894819885,-0.34123519458544843,-0.44223880597014925,True,Qwen2.5-0.5B|s3
RedHatAI/Qwen2.5-0.5B-FP8-dynamic,qwen2.5,Qwen2.5-0.5B,fp8_dynamic,hellaswag,51.83,-0.52,-0.012686183448381017,-1.1424635257602307,1.1170911588634689,-0.34123519458544843,-0.1808450704225352,True,Qwen2.5-0.5B|s3
RedHatAI/Qwen2.5-0.5B-FP8-dynamic,qwen2.5,Qwen2.5-0.5B,fp8_dynamic,winogrande,55.8,-0.24,-0.054881990390637625,-1.1846593327024875,1.074895351921212,-0.34123519458544843,-0.26521739130434785,True,Qwen2.5-0.5B|s3
RedHatAI/Qwen2.5-0.5B-FP8-dynamic,qwen2.5,Qwen2.5-0.5B,fp8_dynamic,truthfulqa,39.9,0.54,0.024343692615220125,-1.1054336496966297,1.1541210349270699,-0.34123519458544843,-0.2011594202898551,True,Qwen2.5-0.5B|s3
RedHatAI/Qwen2.5-0.5B-quantized.w4a16,qwen2.5,Qwen2.5-0.5B,w4a16,mmlu,47.57,-2.53,-0.8752038647128051,-2.004981207024655,0.2545734775990447,-0.34123519458544843,-0.4617647058823529,False,Qwen2.5-0.5B|s3
RedHatAI/Qwen2.5-0.5B-quantized.w4a16,qwen2.5,Qwen2.5-0.5B,w4a16,gsm8k,34.19,-6.21,-0.8346411580903905,-1.9644185004022403,0.29513618422145926,-0.34123519458544843,-0.44223880597014925,False,Qwen2.5-0.5B|s3
RedHatAI/Qwen2.5-0.5B-quantized.w4a16,qwen2.5,Qwen2.5-0.5B,w4a16,hellaswag,51.83,-2.68,-0.6415363887089102,-1.77131373102076,0.4882409536029396,-0.34123519458544843,-0.1808450704225352,False,Qwen2.5-0.5B|s3
RedHatAI/Qwen2.5-0.5B-quantized.w4a16,qwen2.5,Qwen2.5-0.5B,w4a16,winogrande,55.8,-2.05,-0.6837321956511668,-1.8135095379630166,0.44604514666068296,-0.34123519458544843,-0.26521739130434785,False,Qwen2.5-0.5B|s3
RedHatAI/Qwen2.5-0.5B-quantized.w4a16,qwen2.5,Qwen2.5-0.5B,w4a16,truthfulqa,39.9,-1.01,-0.6045065126453091,-1.7342838549571589,0.5252708296665407,-0.34123519458544843,-0.2011594202898551,True,Qwen2.5-0.5B|s3
RedHatAI/Qwen2.5-0.5B-quantized.w8a16,qwen2.5,Qwen2.5-0.5B,w8a16,mmlu,47.57,0.24,-0.19140938783515957,-1.3211867301470093,0.9383679544766902,-0.34123519458544843,-0.4617647058823529,True,Qwen2.5-0.5B|s3
RedHatAI/Qwen2.5-0.5B-quantized.w8a16,qwen2.5,Qwen2.5-0.5B,w8a16,arc_challenge,34.9,0.0,-0.09331190712521745,-1.2230892494370673,1.0364654351866323,-0.34123519458544843,-0.38304347826086954,True,Qwen2.5-0.5B|s3
RedHatAI/Qwen2.5-0.5B-quantized.w8a16,qwen2.5,Qwen2.5-0.5B,w8a16,gsm8k,34.19,-0.68,-0.15084668121274497,-1.2806240235245947,0.9789306610991049,-0.34123519458544843,-0.44223880597014925,True,Qwen2.5-0.5B|s3
RedHatAI/Qwen2.5-0.5B-quantized.w8a16,qwen2.5,Qwen2.5-0.5B,w8a16,hellaswag,51.83,-0.05,0.042258088168735275,-1.0875192541431145,1.1720354304805851,-0.34123519458544843,-0.1808450704225352,True,Qwen2.5-0.5B|s3
RedHatAI/Qwen2.5-0.5B-quantized.w8a16,qwen2.5,Qwen2.5-0.5B,w8a16,winogrande,55.8,-0.31,6.228122647866652e-05,-1.129715061085371,1.1298396235383286,-0.34123519458544843,-0.26521739130434785,True,Qwen2.5-0.5B|s3
RedHatAI/Qwen2.5-0.5B-quantized.w8a16,qwen2.5,Qwen2.5-0.5B,w8a16,truthfulqa,39.9,-0.19,0.07928796423233647,-1.0504893780795133,1.2090653065441863,-0.34123519458544843,-0.2011594202898551,True,Qwen2.5-0.5B|s3
RedHatAI/Qwen2.5-0.5B-quantized.w8a8,qwen2.5,Qwen2.5-0.5B,w8a8_int,mmlu,47.57,-0.22,-0.6122468836157307,-1.7420242259275804,0.5175304586961191,-0.34123519458544843,-0.4617647058823529,True,Qwen2.5-0.5B|s3
RedHatAI/Qwen2.5-0.5B-quantized.w8a8,qwen2.5,Qwen2.5-0.5B,w8a8_int,arc_challenge,34.9,-0.43,-0.5141494029057886,-1.6439267452176383,0.6156279394060612,-0.34123519458544843,-0.38304347826086954,True,Qwen2.5-0.5B|s3
RedHatAI/Qwen2.5-0.5B-quantized.w8a8,qwen2.5,Qwen2.5-0.5B,w8a8_int,gsm8k,34.19,0.0,-0.5716841769933161,-1.7014615193051659,0.5580931653185337,-0.34123519458544843,-0.44223880597014925,True,Qwen2.5-0.5B|s3
RedHatAI/Qwen2.5-0.5B-quantized.w8a8,qwen2.5,Qwen2.5-0.5B,w8a8_int,hellaswag,51.83,-0.2,-0.37857940761183584,-1.5083567499236856,0.751197934700014,-0.34123519458544843,-0.1808450704225352,True,Qwen2.5-0.5B|s3
RedHatAI/Qwen2.5-0.5B-quantized.w8a8,qwen2.5,Qwen2.5-0.5B,w8a8_int,winogrande,55.8,-0.16,-0.42077521455409245,-1.5505525568659422,0.7090021277577574,-0.34123519458544843,-0.26521739130434785,True,Qwen2.5-0.5B|s3
RedHatAI/Qwen2.5-0.5B-quantized.w8a8,qwen2.5,Qwen2.5-0.5B,w8a8_int,truthfulqa,39.9,0.42,-0.34154953154823464,-1.4713268738600844,0.7882278107636151,-0.34123519458544843,-0.2011594202898551,True,Qwen2.5-0.5B|s3
RedHatAI/Qwen2.5-0.5B-FP8-dynamic,qwen2.5,Qwen2.5-0.5B,fp8_dynamic,mmlu,47.57,-0.47,-0.305724407888121,-2.2588717413070345,1.6474229255307924,-0.36658163265306126,-0.4290277777777778,True,Qwen2.5-0.5B|s4
RedHatAI/Qwen2.5-0.5B-FP8-dynamic,qwen2.5,Qwen2.5-0.5B,fp8_dynamic,arc_challenge,34.9,-1.03,-0.2493955330614086,-2.202542866480322,1.7037518003575047,-0.36658163265306126,-0.4434722222222222,True,Qwen2.5-0.5B|s4
RedHatAI/Qwen2.5-0.5B-FP8-dynamic,qwen2.5,Qwen2.5-0.5B,fp8_dynamic,gsm8k,34.19,0.46,-0.540794427582968,-2.4939417610018815,1.4123529058359452,-0.36658163265306126,-0.7645833333333333,True,Qwen2.5-0.5B|s4
RedHatAI/Qwen2.5-0.5B-FP8-dynamic,qwen2.5,Qwen2.5-0.5B,fp8_dynamic,hellaswag,51.83,-0.52,-0.12984892596985761,-2.082996259388771,1.8232984074490557,-0.36658163265306126,-0.19893333333333332,True,Qwen2.5-0.5B|s4
RedHatAI/Qwen2.5-0.5B-FP8-dynamic,qwen2.5,Qwen2.5-0.5B,fp8_dynamic,winogrande,55.8,-0.24,-0.09905045984619582,-2.052197793265109,1.8540968735727175,-0.36658163265306126,-0.1808108108108108,True,Qwen2.5-0.5B|s4
RedHatAI/Qwen2.5-0.5B-FP8-dynamic,qwen2.5,Qwen2.5-0.5B,fp8_dynamic,truthfulqa,39.9,0.54,-0.07101161344474,-2.024158946863653,1.8821357199741733,-0.36658163265306126,-0.22194444444444444,True,Qwen2.5-0.5B|s4
RedHatAI/Qwen2.5-0.5B-quantized.w4a16,qwen2.5,Qwen2.5-0.5B,w4a16,mmlu,47.57,-2.53,-0.9171508617303183,-2.870298195149232,1.035996471688595,-0.36658163265306126,-0.4290277777777778,True,Qwen2.5-0.5B|s4
RedHatAI/Qwen2.5-0.5B-quantized.w4a16,qwen2.5,Qwen2.5-0.5B,w4a16,gsm8k,34.19,-6.21,-1.1522208814251653,-3.105368214844079,0.800926451993748,-0.36658163265306126,-0.7645833333333333,False,Qwen2.5-0.5B|s4
RedHatAI/Qwen2.5-0.5B-quantized.w4a16,qwen2.5,Qwen2.5-0.5B,w4a16,hellaswag,51.83,-2.68,-0.741275379812055,-2.6944227132309684,1.2118719536068583,-0.36658163265306126,-0.19893333333333332,True,Qwen2.5-0.5B|s4
RedHatAI/Qwen2.5-0.5B-quantized.w4a16,qwen2.5,Qwen2.5-0.5B,w4a16,winogrande,55.8,-2.05,-0.7104769136883932,-2.6636242471073066,1.24267041973052,-0.36658163265306126,-0.1808108108108108,True,Qwen2.5-0.5B|s4
RedHatAI/Qwen2.5-0.5B-quantized.w4a16,qwen2.5,Qwen2.5-0.5B,w4a16,truthfulqa,39.9,-1.01,-0.6824380672869375,-2.6355854007058506,1.2707092661319759,-0.36658163265306126,-0.22194444444444444,True,Qwen2.5-0.5B|s4
RedHatAI/Qwen2.5-0.5B-quantized.w8a16,qwen2.5,Qwen2.5-0.5B,w8a16,mmlu,47.57,0.24,-0.16952809386196,-2.1226754272808734,1.7836192395569532,-0.36658163265306126,-0.4290277777777778,True,Qwen2.5-0.5B|s4
RedHatAI/Qwen2.5-0.5B-quantized.w8a16,qwen2.5,Qwen2.5-0.5B,w8a16,arc_challenge,34.9,0.0,-0.11319921903524766,-2.066346552454161,1.8399481143836658,-0.36658163265306126,-0.4434722222222222,True,Qwen2.5-0.5B|s4
RedHatAI/Qwen2.5-0.5B-quantized.w8a16,qwen2.5,Qwen2.5-0.5B,w8a16,gsm8k,34.19,-0.68,-0.4045981135568071,-2.3577454469757204,1.5485492198621063,-0.36658163265306126,-0.7645833333333333,True,Qwen2.5-0.5B|s4
RedHatAI/Qwen2.5-0.5B-quantized.w8a16,qwen2.5,Qwen2.5-0.5B,w8a16,hellaswag,51.83,-0.05,0.00634738805630336,-1.94679994536261,1.9594947214752167,-0.36658163265306126,-0.19893333333333332,True,Qwen2.5-0.5B|s4
RedHatAI/Qwen2.5-0.5B-quantized.w8a16,qwen2.5,Qwen2.5-0.5B,w8a16,winogrande,55.8,-0.31,0.03714585417996519,-1.9160014792389481,1.9902931875988785,-0.36658163265306126,-0.1808108108108108,True,Qwen2.5-0.5B|s4
RedHatAI/Qwen2.5-0.5B-quantized.w8a16,qwen2.5,Qwen2.5-0.5B,w8a16,truthfulqa,39.9,-0.19,0.065184700581421,-1.8879626328374923,2.018332034000334,-0.36658163265306126,-0.22194444444444444,True,Qwen2.5-0.5B|s4
RedHatAI/Qwen2.5-0.5B-quantized.w8a8,qwen2.5,Qwen2.5-0.5B,w8a8_int,mmlu,47.57,-0.22,-0.5962571149758084,-2.549404448394722,1.3568902184431049,-0.36658163265306126,-0.4290277777777778,True,Qwen2.5-0.5B|s4
RedHatAI/Qwen2.5-0.5B-quantized.w8a8,qwen2.5,Qwen2.5-0.5B,w8a8_int,arc_challenge,34.9,-0.43,-0.539928240149096,-2.4930755735680092,1.4132190932698174,-0.36658163265306126,-0.4434722222222222,True,Qwen2.5-0.5B|s4
RedHatAI/Qwen2.5-0.5B-quantized.w8a8,qwen2.5,Qwen2.5-0.5B,w8a8_int,gsm8k,34.19,0.0,-0.8313271346706552,-2.7844744680895683,1.1218201987482581,-0.36658163265306126,-0.7645833333333333,True,Qwen2.5-0.5B|s4
RedHatAI/Qwen2.5-0.5B-quantized.w8a8,qwen2.5,Qwen2.5-0.5B,w8a8_int,hellaswag,51.83,-0.2,-0.420381633057545,-2.3735289664764583,1.5327657003613684,-0.36658163265306126,-0.19893333333333332,True,Qwen2.5-0.5B|s4
RedHatAI/Qwen2.5-0.5B-quantized.w8a8,qwen2.5,Qwen2.5-0.5B,w8a8_int,winogrande,55.8,-0.16,-0.38958316693388323,-2.3427305003527965,1.5635641664850302,-0.36658163265306126,-0.1808108108108108,True,Qwen2.5-0.5B|s4
RedHatAI/Qwen2.5-0.5B-quantized.w8a8,qwen2.5,Qwen2.5-0.5B,w8a8_int,truthfulqa,39.9,0.42,-0.3615443205324274,-2.314691653951341,1.591603012886486,-0.36658163265306126,-0.22194444444444444,True,Qwen2.5-0.5B|s4
RedHatAI/Qwen2.5-0.5B-Instruct-quantized.w8a8,qwen2.5,Qwen2.5-0.5B-Instruct,w8a8_int,mmlu,46.83,-0.54,-0.7954302541124008,-2.489832405151769,0.8989718969269676,-0.3919824561403509,-0.48914285714285716,True,Qwen2.5-0.5B-Instruct|s0
RedHatAI/Qwen2.5-0.5B-Instruct-quantized.w8a8,qwen2.5,Qwen2.5-0.5B-Instruct,w8a8_int,arc_challenge,33.62,-0.26,-0.757304969530703,-2.451707120570071,0.9370971815086653,-0.3919824561403509,-0.4295652173913044,True,Qwen2.5-0.5B-Instruct|s0
RedHatAI/Qwen2.5-0.5B-Instruct-quantized.w8a8,qwen2.5,Qwen2.5-0.5B-Instruct,w8a8_int,gsm8k,33.21,0.0,-0.9347524541662808,-2.629154605205649,0.7596496968730875,-0.3919824561403509,-0.6133333333333333,True,Qwen2.5-0.5B-Instruct|s0
RedHatAI/Qwen2.5-0.5B-Instruct-quantized.w8a8,qwen2.5,Qwen2.5-0.5B-Instruct,w8a8_int,hellaswag,51.31,-0.34,-0.6029910037314152,-2.2973931547707833,1.091411147307953,-0.3919824561403509,-0.24876712328767123,True,Qwen2.5-0.5B-Instruct|s0
RedHatAI/Qwen2.5-0.5B-Instruct-quantized.w8a8,qwen2.5,Qwen2.5-0.5B-Instruct,w8a8_int,winogrande,55.01,0.0,-0.6099765080108558,-2.304378659050224,1.0844256430285126,-0.3919824561403509,-0.3036111111111111,True,Qwen2.5-0.5B-Instruct|s0
RedHatAI/Qwen2.5-0.5B-Instruct-quantized.w8a8,qwen2.5,Qwen2.5-0.5B-Instruct,w8a8_int,truthfulqa,41.85,-0.38,-0.5233239798752682,-2.2177261309146363,1.1710781711641,-0.3919824561403509,-0.24185714285714285,True,Qwen2.5-0.5B-Instruct|s0
RedHatAI/Qwen2.5-0.5B-Instruct-quantized.w8a8,qwen2.5,Qwen2.5-0.5B-Instruct,w8a8_int,ifeval,31.17,0.87,-0.6634903559683674,-2.357892507007736,1.030911795071001,-0.3919824561403509,-0.33649999999999997,True,Qwen2.5-0.5B-Instruct|s0
RedHatAI/Qwen2.5-0.5B-Instruct-quantized.w8a8,qwen2.5,Qwen2.5-0.5B-Instruct,w8a8_int,bbh,32.79,-0.28,-0.8665582813809731,-2.5609604324203414,0.8278438696583952,-0.3919824561403509,-0.7157142857142856,True,Qwen2.5-0.5B-Instruct|s0
RedHatAI/Qwen2.5-0.5B-Instruct-quantized.w8a8,qwen2.5,Qwen2.5-0.5B-Instruct,w8a8_int,gpqa,25.67,0.45,0.18154193415656456,-1.5128602168828038,1.8759440851959328,-0.3919824561403509,0.4487499999999999,True,Qwen2.5-0.5B-Instruct|s0
RedHatAI/Qwen2.5-0.5B-Instruct-quantized.w8a8,qwen2.5,Qwen2.5-0.5B-Instruct,w8a8_int,musr,33.02,-0.27,0.31873527973875654,-1.3756668713006117,2.0131374307781247,-0.3919824561403509,0.44333333333333336,True,Qwen2.5-0.5B-Instruct|s0
RedHatAI/Qwen2.5-0.5B-Instruct-quantized.w8a8,qwen2.5,Qwen2.5-0.5B-Instruct,w8a8_int,mmlu,46.83,-0.54,-0.7006028560785797,-2.6508485699822764,1.249642857825117,-0.34820422535211265,-0.4381159420289855,True,Qwen2.5-0.5B-Instruct|s1
RedHatAI/Qwen2.5-0.5B-Instruct-quantized.w8a8,qwen2.5,Qwen2.5-0.5B-Instruct,w8a8_int,arc_challenge,33.62,-0.26,-0.6649025730867297,-2.6151482869904266,1.285343140816967,-0.34820422535211265,-0.3808450704225352,True,Qwen2.5-0.5B-Instruct|s1
RedHatAI/Qwen2.5-0.5B-Instruct-quantized.w8a8,qwen2.5,Qwen2.5-0.5B-Instruct,w8a8_int,gsm8k,33.21,0.0,-0.8798963331394738,-2.8301420470431706,1.070349380764223,-0.34820422535211265,-0.6442028985507245,True,Qwen2.5-0.5B-Instruct|s1
RedHatAI/Qwen2.5-0.5B-Instruct-quantized.w8a8,qwen2.5,Qwen2.5-0.5B-Instruct,w8a8_int,hellaswag,51.31,-0.34,-0.45919722131254814,-2.409442935216245,1.4910484925911487,-0.34820422535211265,-0.17577464788732394,True,Qwen2.5-0.5B-Instruct|s1
RedHatAI/Qwen2.5-0.5B-Instruct-quantized.w8a8,qwen2.5,Qwen2.5-0.5B-Instruct,w8a8_int,winogrande,55.01,0.0,-0.3828201313244585,-2.3330658452281554,1.5674255825792383,-0.34820422535211265,-0.10333333333333333,True,Qwen2.5-0.5B-Instruct|s1
RedHatAI/Qwen2.5-0.5B-Instruct-quantized.w8a8,qwen2.5,Qwen2.5-0.5B-Instruct,w8a8_int,truthfulqa,41.85,-0.38,-0.40411491823703816,-2.354360632140735,1.5461307956666586,-0.34820422535211265,-0.10176470588235294,True,Qwen2.5-0.5B-Instruct|s1
RedHatAI/Qwen2.5-0.5B-Instruct-quantized.w8a8,qwen2.5,Qwen2.5-0.5B-Instruct,w8a8_int,ifeval,31.17,0.87,-0.5774348855308864,-2.527680599434583,1.3728108283728104,-0.34820422535211265,-0.3335,True,Qwen2.5-0.5B-Instruct|s1
RedHatAI/Qwen2.5-0.5B-Instruct-quantized.w8a8,qwen2.5,Qwen2.5-0.5B-Instruct,w8a8_int,bbh,32.79,-0.28,-1.1146903633927479,-3.0649360772964447,0.835555350510949,-0.34820422535211265,-0.9459090909090908,True,Qwen2.5-0.5B-Instruct|s1
RedHatAI/Qwen2.5-0.5B-Instruct-quantized.w8a8,qwen2.5,Qwen2.5-0.5B-Instruct,w8a8_int,gpqa,25.67,0.45,-0.23955874752421386,-2.1898044614279106,1.710686966379483,-0.34820422535211265,-0.007499999999999993,True,Qwen2.5-0.5B-Instruct|s1
RedHatAI/Qwen2.5-0.5B-Instruct-quantized.w8a8,qwen2.5,Qwen2.5-0.5B-Instruct,w8a8_int,musr,33.02,-0.27,-0.13196462274078116,-2.082210336644478,1.8182810911629157,-0.34820422535211265,0.04583333333333334,True,Qwen2.5-0.5B-Instruct|s1
RedHatAI/Qwen2.5-0.5B-Instruct-quantized.w8a8,qwen2.5,Qwen2.5-0.5B-Instruct,w8a8_int,mmlu,46.83,-0.54,-0.8254740922886612,-2.193789701308762,0.5428415167314398,-0.39893220338983054,-0.5298630136986301,True,Qwen2.5-0.5B-Instruct|s2
RedHatAI/Qwen2.5-0.5B-Instruct-quantized.w8a8,qwen2.5,Qwen2.5-0.5B-Instruct,w8a8_int,arc_challenge,33.62,-0.26,-0.8225713472713695,-2.1908869562914703,0.5457442617487315,-0.39893220338983054,-0.47405405405405404,True,Qwen2.5-0.5B-Instruct|s2
RedHatAI/Qwen2.5-0.5B-Instruct-quantized.w8a8,qwen2.5,Qwen2.5-0.5B-Instruct,w8a8_int,gsm8k,33.21,0.0,-0.9417402991162213,-2.3100559081363223,0.4265753099038797,-0.39893220338983054,-0.6271232876712329,True,Qwen2.5-0.5B-Instruct|s2
RedHatAI/Qwen2.5-0.5B-Instruct-quantized.w8a8,qwen2.5,Qwen2.5-0.5B-Instruct,w8a8_int,hellaswag,51.31,-0.34,-0.5411532540366406,-1.9094688630567416,0.8271623549834604,-0.39893220338983054,-0.2156,True,Qwen2.5-0.5B-Instruct|s2
RedHatAI/Qwen2.5-0.5B-Instruct-quantized.w8a8,qwen2.5,Qwen2.5-0.5B-Instruct,w8a8_int,winogrande,55.01,0.0,-0.5020275456795396,-1.8703431546996405,0.8662880633405614,-0.39893220338983054,-0.20534246575342466,True,Qwen2.5-0.5B-Instruct|s2
RedHatAI/Qwen2.5-0.5B-Instruct-quantized.w8a8,qwen2.5,Qwen2.5-0.5B-Instruct,w8a8_int,truthfulqa,41.85,-0.38,-0.4657133517847125,-1.8340289608048135,0.9026022572353884,-0.39893220338983054,-0.14027777777777778,True,Qwen2.5-0.5B-Instruct|s2
RedHatAI/Qwen2.5-0.5B-Instruct-quantized.w8a8,qwen2.5,Qwen2.5-0.5B-Instruct,w8a8_int,ifeval,31.17,0.87,-0.6016917092145074,-1.9700073182346083,0.7666238998055935,-0.39893220338983054,-0.2631818181818182,False,Qwen2.5-0.5B-Instruct|s2
RedHatAI/Qwen2.5-0.5B-Instruct-quantized.w8a8,qwen2.5,Qwen2.5-0.5B-Instruct,w8a8_int,bbh,32.79,-0.28,-1.0574028945677338,-2.425718503587835,0.3109127144523671,-0.39893220338983054,-0.8345833333333333,True,Qwen2.5-0.5B-Instruct|s2
RedHatAI/Qwen2.5-0.5B-Instruct-quantized.w8a8,qwen2.5,Qwen2.5-0.5B-Instruct,w8a8_int,gpqa,25.67,0.45,-0.2659542116174729,-1.6342698206375739,1.102361397402628,-0.39893220338983054,0.02842105263157896,True,Qwen2.5-0.5B-Instruct|s2
RedHatAI/Qwen2.5-0.5B-Instruct-quantized.w8a8,qwen2.5,Qwen2.5-0.5B-Instruct,w8a8_int,musr,33.02,-0.27,0.012662743528385367,-1.3556528654917157,1.3809783525484862,-0.39893220338983054,0.21538461538461537,True,Qwen2.5-0.5B-Instruct|s2
RedHatAI/Qwen2.5-0.5B-Instruct-quantized.w8a8,qwen2.5,Qwen2.5-0.5B-Instruct,w8a8_int,mmlu,46.83,-0.54,-0.5755107389986209,-2.590288803110256,1.4392673251130144,-0.34958855098389985,-0.3804347826086957,True,Qwen2.5-0.5B-Instruct|s3
RedHatAI/Qwen2.5-0.5B-Instruct-quantized.w8a8,qwen2.5,Qwen2.5-0.5B-Instruct,w8a8_int,arc_challenge,33.62,-0.26,-0.515751352317295,-2.53052941642893,1.4990267117943403,-0.34958855098389985,-0.30058823529411766,True,Qwen2.5-0.5B-Instruct|s3
RedHatAI/Qwen2.5-0.5B-Instruct-quantized.w8a8,qwen2.5,Qwen2.5-0.5B-Instruct,w8a8_int,gsm8k,33.21,0.0,-0.8508412037909591,-2.8656192679025945,1.1639368603206761,-0.34958855098389985,-0.6826470588235294,True,Qwen2.5-0.5B-Instruct|s3
RedHatAI/Qwen2.5-0.5B-Instruct-quantized.w8a8,qwen2.5,Qwen2.5-0.5B-Instruct,w8a8_int,hellaswag,51.31,-0.34,-0.4733011133530897,-2.488079177464725,1.5414769507585455,-0.34958855098389985,-0.23944444444444446,True,Qwen2.5-0.5B-Instruct|s3
RedHatAI/Qwen2.5-0.5B-Instruct-quantized.w8a8,qwen2.5,Qwen2.5-0.5B-Instruct,w8a8_int,winogrande,55.01,0.0,-0.4500950095688879,-2.4648730736805233,1.5646830545427473,-0.34958855098389985,-0.24788732394366195,True,Qwen2.5-0.5B-Instruct|s3
RedHatAI/Qwen2.5-0.5B-Instruct-quantized.w8a8,qwen2.5,Qwen2.5-0.5B-Instruct,w8a8_int,truthfulqa,41.85,-0.38,-0.36422012249385155,-2.378998186605487,1.6505579416177838,-0.34958855098389985,-0.194,True,Qwen2.5-0.5B-Instruct|s3
RedHatAI/Qwen2.5-0.5B-Instruct-quantized.w8a8,qwen2.5,Qwen2.5-0.5B-Instruct,w8a8_int,ifeval,31.17,0.87,-0.6987275583456865,-2.7135056224573217,1.3160505057659488,-0.34958855098389985,-0.4688235294117647,True,Qwen2.5-0.5B-Instruct|s3
RedHatAI/Qwen2.5-0.5B-Instruct-quantized.w8a8,qwen2.5,Qwen2.5-0.5B-Instruct,w8a8_int,bbh,32.79,-0.28,-0.8698286774572977,-2.884606741568933,1.1449493866543374,-0.34958855098389985,-0.7777777777777778,True,Qwen2.5-0.5B-Instruct|s3
RedHatAI/Qwen2.5-0.5B-Instruct-quantized.w8a8,qwen2.5,Qwen2.5-0.5B-Instruct,w8a8_int,gpqa,25.67,0.45,0.3884637367495646,-1.6263143273620706,2.4032418008612,-0.34958855098389985,0.5924999999999999,True,Qwen2.5-0.5B-Instruct|s3
RedHatAI/Qwen2.5-0.5B-Instruct-quantized.w8a8,qwen2.5,Qwen2.5-0.5B-Instruct,w8a8_int,musr,33.02,-0.27,0.024131908179026218,-1.990646155932609,2.0389099722906616,-0.34958855098389985,0.09714285714285717,True,Qwen2.5-0.5B-Instruct|s3
RedHatAI/Qwen2.5-0.5B-Instruct-quantized.w8a8,qwen2.5,Qwen2.5-0.5B-Instruct,w8a8_int,mmlu,46.83,-0.54,-0.6259214871131202,-2.58530126028864,1.3334582860623994,-0.350061099796334,-0.43203125,True,Qwen2.5-0.5B-Instruct|s4
RedHatAI/Qwen2.5-0.5B-Instruct-quantized.w8a8,qwen2.5,Qwen2.5-0.5B-Instruct,w8a8_int,arc_challenge,33.62,-0.26,-0.6509336891194759,-2.6103134622949957,1.3084460840560437,-0.350061099796334,-0.3578125,True,Qwen2.5-0.5B-Instruct|s4
RedHatAI/Qwen2.5-0.5B-Instruct-quantized.w8a8,qwen2.5,Qwen2.5-0.5B-Instruct,w8a8_int,gsm8k,33.21,0.0,-0.714304032916375,-2.6736838060918946,1.2450757402591446,-0.350061099796334,-0.4966153846153846,True,Qwen2.5-0.5B-Instruct|s4
RedHatAI/Qwen2.5-0.5B-Instruct-quantized.w8a8,qwen2.5,Qwen2.5-0.5B-Instruct,w8a8_int,hellaswag,51.31,-0.34,-0.34928252768806534,-2.3086623008635847,1.6100972454874543,-0.350061099796334,-0.17621212121212124,True,Qwen2.5-0.5B-Instruct|s4
RedHatAI/Qwen2.5-0.5B-Instruct-quantized.w8a8,qwen2.5,Qwen2.5-0.5B-Instruct,w8a8_int,winogrande,55.01,0.0,-0.34764297224692375,-2.3070227454224432,1.611736800928596,-0.350061099796334,-0.18203125,True,Qwen2.5-0.5B-Instruct|s4
RedHatAI/Qwen2.5-0.5B-Instruct-quantized.w8a8,qwen2.5,Qwen2.5-0.5B-Instruct,w8a8_int,truthfulqa,41.85,-0.38,-0.4990449351554085,-2.458424708330928,1.460334838020111,-0.350061099796334,-0.22365079365079366,True,Qwen2.5-0.5B-Instruct|s4
RedHatAI/Qwen2.5-0.5B-Instruct-quantized.w8a8,qwen2.5,Qwen2.5-0.5B-Instruct,w8a8_int,ifeval,31.17,0.87,-0.3713982007543137,-2.330777973929833,1.5879815724212059,-0.350061099796334,-0.12333333333333331,True,Qwen2.5-0.5B-Instruct|s4
RedHatAI/Qwen2.5-0.5B-Instruct-quantized.w8a8,qwen2.5,Qwen2.5-0.5B-Instruct,w8a8_int,bbh,32.79,-0.28,-1.307733351169426,-3.2671131243449456,0.6516464220060936,-0.350061099796334,-1.1047058823529412,True,Qwen2.5-0.5B-Instruct|s4
RedHatAI/Qwen2.5-0.5B-Instruct-quantized.w8a8,qwen2.5,Qwen2.5-0.5B-Instruct,w8a8_int,gpqa,25.67,0.45,-0.1996084291495805,-2.1589882023251,1.759771344025939,-0.350061099796334,0.1925,True,Qwen2.5-0.5B-Instruct|s4
RedHatAI/Qwen2.5-0.5B-Instruct-quantized.w8a8,qwen2.5,Qwen2.5-0.5B-Instruct,w8a8_int,musr,33.02,-0.27,-0.2606300308734263,-2.2200098040489458,1.6987497423020934,-0.350061099796334,-0.013750000000000012,True,Qwen2.5-0.5B-Instruct|s4
RedHatAI/Qwen2.5-1.5B-FP8-dynamic,qwen2.5,Qwen2.5-1.5B,fp8_dynamic,mmlu,60.98,-0.73,-0.27886837342338,-2.4221370845090897,1.86440033766233,-0.3326642335766424,-0.44029850746268656,True,Qwen2.5-1.5B|s0
RedHatAI/Qwen2.5-1.5B-FP8-dynamic,qwen2.5,Qwen2.5-1.5B,fp8_dynamic,arc_challenge,49.66,-0.34,-0.21541710469340686,-2.3586858157791166,1.927851606392303,-0.3326642335766424,-0.38742424242424245,True,Qwen2.5-1.5B|s0
RedHatAI/Qwen2.5-1.5B-FP8-dynamic,qwen2.5,Qwen2.5-1.5B,fp8_dynamic,gsm8k,60.96,-0.84,-0.368317039455622,-2.511585750541332,1.7749516716300877,-0.3326642335766424,-0.5456923076923077,True,Qwen2.5-1.5B|s0
RedHatAI/Qwen2.5-1.5B-FP8-dynamic,qwen2.5,Qwen2.5-1.5B,fp8_dynamic,hellaswag,67.65,-0.16,-0.14743112551647913,-2.290699836602189,1.9958375855692307,-0.3326642335766424,-0.2705797101449275,True,Qwen2.5-1.5B|s0
RedHatAI/Qwen2.5-1.5B-FP8-dynamic,qwen2.5,Qwen2.5-1.5B,fp8_dynamic,winogrande,65.04,0.94,-0.05105092465849387,-2.1943196357442036,2.092217786427216,-0.3326642335766424,-0.18029411764705883,True,Qwen2.5-1.5B|s0
RedHatAI/Qwen2.5-1.5B-FP8-dynamic,qwen2.5,Qwen2.5-1.5B,fp8_dynamic,truthfulqa,46.57,-0.49,-0.029417023398122966,-2.172685734483833,2.113851687687587,-0.3326642335766424,-0.19484848484848483,True,Qwen2.5-1.5B|s0
RedHatAI/Qwen2.5-1.5B-quantized.w4a16,qwen2.5,Qwen2.5-1.5B,w4a16,mmlu,60.98,-2.05,-0.7833375417825104,-2.92660625286822,1.3599311693031995,-0.3326642335766424,-0.44029850746268656,True,Qwen2.5-1.5B|s0
RedHatAI/Qwen2.5-1.5B-quantized.w4a16,qwen2.5,Qwen2.5-1.5B,w4a16,arc_challenge,49.66,-1.96,-0.719886273052537,-2.863154984138247,1.4233824380331728,-0.3326642335766424,-0.38742424242424245,True,Qwen2.5-1.5B|s0
RedHatAI/Qwen2.5-1.5B-quantized.w4a16,qwen2.5,Qwen2.5-1.5B,w4a16,gsm8k,60.96,-4.25,-0.8727862078147521,-3.016054918900462,1.2704825032709577,-0.3326642335766424,-0.5456923076923077,False,Qwen2.5-1.5B|s0
RedHatAI/Qwen2.5-1.5B-quantized.w4a16,qwen2.5,Qwen2.5-1.5B,w4a16,hellaswag,67.65,-0.86,-0.6519002938756093,-2.795169004961319,1.4913684172101005,-0.3326642335766424,-0.2705797101449275,True,Qwen2.5-1.5B|s0
RedHatAI/Qwen2.5-1.5B-quantized.w4a16,qwen2.5,Qwen2.5-1.5B,w4a16,winogrande,65.04,0.47,-0.5555200930176242,-2.698788804103334,1.5877486180680855,-0.3326642335766424,-0.18029411764705883,True,Qwen2.5-1.5B|s0
RedHatAI/Qwen2.5-1.5B-quantized.w4a16,qwen2.5,Qwen2.5-1.5B,w4a16,truthfulqa,46.57,-2.08,-0.5338861917572533,-2.677154902842963,1.6093825193284566,-0.3326642335766424,-0.19484848484848483,True,Qwen2.5-1.5B|s0
RedHatAI/Qwen2.5-1.5B-quantized.w8a16,qwen2.5,Qwen2.5-1.5B,w8a16,mmlu,60.98,0.02,-0.17969610711161893,-2.322964818197329,1.9635726039740908,-0.3326642335766424,-0.44029850746268656,True,Qwen2.5-1.5B|s0
RedHatAI/Qwen2.5-1.5B-quantized.w8a16,qwen2.5,Qwen2.5-1.5B,w8a16,arc_challenge,49.66,0.68,-0.11624483838164576,-2.2595135494673557,2.027023872704064,-0.3326642335766424,-0.38742424242424245,True,Qwen2.5-1.5B|s0
RedHatAI/Qwen2.5-1.5B-quantized.w8a16,qwen2.5,Qwen2.5-1.5B,w8a16,gsm8k,60.96,0.22,-0.26914477314386087,-2.4124134842295706,1.874123937941849,-0.3326642335766424,-0.5456923076923077,True,Qwen2.5-1.5B|s0
RedHatAI/Qwen2.5-1.5B-quantized.w8a16,qwen2.5,Qwen2.5-1.5B,w8a16,hellaswag,67.65,-0.01,-0.04825885920471801,-2.191527570290428,2.0950098518809916,-0.3326642335766424,-0.2705797101449275,True,Qwen2.5-1.5B|s0
RedHatAI/Qwen2.5-1.5B-quantized.w8a16,qwen2.5,Qwen2.5-1.5B,w8a16,winogrande,65.04,0.07,0.04812134165326726,-2.0951473694324427,2.191390052738977,-0.3326642335766424,-0.18029411764705883,True,Qwen2.5-1.5B|s0
RedHatAI/Qwen2.5-1.5B-quantized.w8a16,qwen2.5,Qwen2.5-1.5B,w8a16,truthfulqa,46.57,0.0,0.0697552429136381,-2.073513468172072,2.2130239539993477,-0.3326642335766424,-0.19484848484848483,True,Qwen2.5-1.5B|s0
RedHatAI/Qwen2.5-1.5B-quantized.w8a8,qwen2.5,Qwen2.5-1.5B,w8a8_int,mmlu,60.98,-0.63,-0.5723390436372373,-2.715607754722947,1.5709296674484725,-0.3326642335766424,-0.44029850746268656,True,Qwen2.5-1.5B|s0
RedHatAI/Qwen2.5-1.5B-quantized.w8a8,qwen2.5,Qwen2.5-1.5B,w8a8_int,arc_challenge,49.66,0.0,-0.5088877749072641,-2.652156485992974,1.6343809361784456,-0.3326642335766424,-0.38742424242424245,True,Qwen2.5-1.5B|s0
RedHatAI/Qwen2.5-1.5B-quantized.w8a8,qwen2.5,Qwen2.5-1.5B,w8a8_int,gsm8k,60.96,-0.84,-0.6617877096694792,-2.805056420755189,1.4814810014162307,-0.3326642335766424,-0.5456923076923077,True,Qwen2.5-1.5B|s0
RedHatAI/Qwen2.5-1.5B-quantized.w8a8,qwen2.5,Qwen2.5-1.5B,w8a8_int,hellaswag,67.65,0.07,-0.4409017957303364,-2.5841705068160463,1.7023669153553733,-0.3326642335766424,-0.2705797101449275,True,Qwen2.5-1.5B|s0
RedHatAI/Qwen2.5-1.5B-quantized.w8a8,qwen2.5,Qwen2.5-1.5B,w8a8_int,winogrande,65.04,1.02,-0.3445215948723511,-2.487790305958061,1.7987471162133586,-0.3326642335766424,-0.18029411764705883,True,Qwen2.5-1.5B|s0
RedHatAI/Qwen2.5-1.5B-quantized.w8a8,qwen2.5,Qwen2.5-1.5B,w8a8_int,truthfulqa,46.57,-0.43,-0.3228876936119802,-2.4661564046976903,1.8203810174737296,-0.3326642335766424,-0.19484848484848483,True,Qwen2.5-1.5B|s0
RedHatAI/Qwen2.5-1.5B-FP8-dynamic,qwen2.5,Qwen2.5-1.5B,fp8_dynamic,mmlu,60.98,-0.73,-0.1653387436089767,-1.3631465475197864,1.0324690603018327,-0.3290684410646388,-0.49918032786885247,True,Qwen2.5-1.5B|s1
RedHatAI/Qwen2.5-1.5B-FP8-dynamic,qwen2.5,Qwen2.5-1.5B,fp8_dynamic,arc_challenge,49.66,-0.34,-0.0691018039358332,-1.2669096078466429,1.1287059999749762,-0.3290684410646388,-0.38606557377049183,True,Qwen2.5-1.5B|s1
RedHatAI/Qwen2.5-1.5B-FP8-dynamic,qwen2.5,Qwen2.5-1.5B,fp8_dynamic,gsm8k,60.96,-0.84,-0.07040010122090451,-1.268207905131714,1.127407702689905,-0.3290684410646388,-0.4105,True,Qwen2.5-1.5B|s1
RedHatAI/Qwen2.5-1.5B-FP8-dynamic,qwen2.5,Qwen2.5-1.5B,fp8_dynamic,hellaswag,67.65,-0.16,0.007171334041280564,-1.190636469869529,1.20497913795209,-0.3290684410646388,-0.29174603174603175,True,Qwen2.5-1.5B|s1
RedHatAI/Qwen2.5-1.5B-FP8-dynamic,qwen2.5,Qwen2.5-1.5B,fp8_dynamic,winogrande,65.04,0.94,0.09819375343781028,-1.0996140504729992,1.2960015573486199,-0.3290684410646388,-0.1980327868852459,True,Qwen2.5-1.5B|s1
RedHatAI/Qwen2.5-1.5B-FP8-dynamic,qwen2.5,Qwen2.5-1.5B,fp8_dynamic,truthfulqa,46.57,-0.49,0.1416064502062499,-1.0562013537045596,1.3394142541170595,-0.3290684410646388,-0.16206349206349208,True,Qwen2.5-1.5B|s1
RedHatAI/Qwen2.5-1.5B-quantized.w4a16,qwen2.5,Qwen2.5-1.5B,w4a16,mmlu,60.98,-2.05,-0.9414952210201701,-2.13930302493098,0.2563125828906394,-0.3290684410646388,-0.49918032786885247,True,Qwen2.5-1.5B|s1
RedHatAI/Qwen2.5-1.5B-quantized.w4a16,qwen2.5,Qwen2.5-1.5B,w4a16,arc_challenge,49.66,-1.96,-0.8452582813470267,-2.0430660852578364,0.3525495225637828,-0.3290684410646388,-0.38606557377049183,True,Qwen2.5-1.5B|s1
RedHatAI/Qwen2.5-1.5B-quantized.w4a16,qwen2.5,Qwen2.5-1.5B,w4a16,gsm8k,60.96,-4.25,-0.8465565786320981,-2.0443643825429074,0.35125122527871144,-0.3290684410646388,-0.4105,False,Qwen2.5-1.5B|s1
RedHatAI/Qwen2.5-1.5B-quantized.w4a16,qwen2.5,Qwen2.5-1.5B,w4a16,hellaswag,67.65,-0.86,-0.7689851433699131,-1.9667929472807226,0.42882266054089646,-0.3290684410646388,-0.29174603174603175,True,Qwen2.5-1.5B|s1
RedHatAI/Qwen2.5-1.5B-quantized.w4a16,qwen2.5,Qwen2.5-1.5B,w4a16,winogrande,65.04,0.47,-0.6779627239733834,-1.875770527884193,0.5198450799374261,-0.3290684410646388,-0.1980327868852459,True,Qwen2.5-1.5B|s1
RedHatAI/Qwen2.5-1.5B-quantized.w4a16,qwen2.5,Qwen2.5-1.5B,w4a16,truthfulqa,46.57,-2.08,-0.6345500272049436,-1.8323578311157531,0.563257776705866,-0.3290684410646388,-0.16206349206349208,False,Qwen2.5-1.5B|s1
RedHatAI/Qwen2.5-1.5B-quantized.w8a16,qwen2.5,Qwen2.5-1.5B,w8a16,mmlu,60.98,0.02,-0.3447614634301528,-1.5425692673409623,0.8530463404806568,-0.3290684410646388,-0.49918032786885247,True,Qwen2.5-1.5B|s1
RedHatAI/Qwen2.5-1.5B-quantized.w8a16,qwen2.5,Qwen2.5-1.5B,w8a16,arc_challenge,49.66,0.68,-0.24852452375700926,-1.4463323276678188,0.9492832801538003,-0.3290684410646388,-0.38606557377049183,True,Qwen2.5-1.5B|s1
RedHatAI/Qwen2.5-1.5B-quantized.w8a16,qwen2.5,Qwen2.5-1.5B,w8a16,gsm8k,60.96,0.22,-0.2498228210420806,-1.44763062495289,0.947984982868729,-0.3290684410646388,-0.4105,True,Qwen2.5-1.5B|s1
RedHatAI/Qwen2.5-1.5B-quantized.w8a16,qwen2.5,Qwen2.5-1.5B,w8a16,hellaswag,67.65,-0.01,-0.17225138577989557,-1.370059189690705,1.025556418130914,-0.3290684410646388,-0.29174603174603175,True,Qwen2.5-1.5B|s1
RedHatAI/Qwen2.5-1.5B-quantized.w8a16,qwen2.5,Qwen2.5-1.5B,w8a16,winogrande,65.04,0.07,-0.08122896638336591,-1.2790367702941754,1.1165788375274437,-0.3290684410646388,-0.1980327868852459,True,Qwen2.5-1.5B|s1
RedHatAI/Qwen2.5-1.5B-quantized.w8a16,qwen2.5,Qwen2.5-1.5B,w8a16,truthfulqa,46.57,0.0,-0.037816269614926123,-1.2356240735257358,1.1599915342958833,-0.3290684410646388,-0.16206349206349208,True,Qwen2.5-1.5B|s1
RedHatAI/Qwen2.5-1.5B-quantized.w8a8,qwen2.5,Qwen2.5-1.5B,w8a8_int,mmlu,60.98,-0.63,-0.4985915570550804,-1.69639936096589,0.6992162468557291,-0.3290684410646388,-0.49918032786885247,True,Qwen2.5-1.5B|s1
RedHatAI/Qwen2.5-1.5B-quantized.w8a8,qwen2.5,Qwen2.5-1.5B,w8a8_int,arc_challenge,49.66,0.0,-0.40235461738193684,-1.6001624212927463,0.7954531865288728,-0.3290684410646388,-0.38606557377049183,True,Qwen2.5-1.5B|s1
RedHatAI/Qwen2.5-1.5B-quantized.w8a8,qwen2.5,Qwen2.5-1.5B,w8a8_int,gsm8k,60.96,-0.84,-0.40365291466700826,-1.6014607185778178,0.7941548892438013,-0.3290684410646388,-0.4105,True,Qwen2.5-1.5B|s1
RedHatAI/Qwen2.5-1.5B-quantized.w8a8,qwen2.5,Qwen2.5-1.5B,w8a8_int,hellaswag,67.65,0.07,-0.3260814794048231,-1.5238892833156328,0.8717263245059864,-0.3290684410646388,-0.29174603174603175,True,Qwen2.5-1.5B|s1
RedHatAI/Qwen2.5-1.5B-quantized.w8a8,qwen2.5,Qwen2.5-1.5B,w8a8_int,winogrande,65.04,1.02,-0.2350590600082935,-1.4328668639191031,0.9627487439025161,-0.3290684410646388,-0.1980327868852459,False,Qwen2.5-1.5B|s1
RedHatAI/Qwen2.5-1.5B-quantized.w8a8,qwen2.5,Qwen2.5-1.5B,w8a8_int,truthfulqa,46.57,-0.43,-0.19164636323985368,-1.3894541671506633,1.0061614406709558,-0.3290684410646388,-0.16206349206349208,True,Qwen2.5-1.5B|s1
RedHatAI/Qwen2.5-1.5B-FP8-dynamic,qwen2.5,Qwen2.5-1.5B,fp8_dynamic,mmlu,60.98,-0.73,-0.20671720172162816,-1.6279209509136705,1.2144865474704143,-0.3661702127659574,-0.4991176470588235,True,Qwen2.5-1.5B|s2
RedHatAI/Qwen2.5-1.5B-FP8-dynamic,qwen2.5,Qwen2.5-1.5B,fp8_dynamic,arc_challenge,49.66,-0.34,-0.08794519248898647,-1.5091489416810289,1.333258556703056,-0.3661702127659574,-0.3663235294117647,True,Qwen2.5-1.5B|s2
RedHatAI/Qwen2.5-1.5B-FP8-dynamic,qwen2.5,Qwen2.5-1.5B,fp8_dynamic,gsm8k,60.96,-0.84,-0.3406782501060145,-1.761881999298057,1.0805254990860278,-0.3661702127659574,-0.7286567164179104,True,Qwen2.5-1.5B|s2
RedHatAI/Qwen2.5-1.5B-FP8-dynamic,qwen2.5,Qwen2.5-1.5B,fp8_dynamic,hellaswag,67.65,-0.16,0.03442812975073234,-1.3867756194413101,1.4556318789427747,-0.3661702127659574,-0.23642857142857143,True,Qwen2.5-1.5B|s2
RedHatAI/Qwen2.5-1.5B-FP8-dynamic,qwen2.5,Qwen2.5-1.5B,fp8_dynamic,winogrande,65.04,0.94,0.08877495563191551,-1.332428793560127,1.509978704823958,-0.3661702127659574,-0.195,True,Qwen2.5-1.5B|s2
RedHatAI/Qwen2.5-1.5B-FP8-dynamic,qwen2.5,Qwen2.5-1.5B,fp8_dynamic,truthfulqa,46.57,-0.49,0.10428931070729736,-1.316914438484745,1.5254930598993397,-0.3661702127659574,-0.14573529411764707,True,Qwen2.5-1.5B|s2
RedHatAI/Qwen2.5-1.5B-quantized.w4a16,qwen2.5,Qwen2.5-1.5B,w4a16,mmlu,60.98,-2.05,-0.9644995309554973,-2.3857032801475397,0.45670421823654506,-0.3661702127659574,-0.4991176470588235,True,Qwen2.5-1.5B|s2
RedHatAI/Qwen2.5-1.5B-quantized.w4a16,qwen2.5,Qwen2.5-1.5B,w4a16,arc_challenge,49.66,-1.96,-0.8457275217228556,-2.266931270914898,0.5754762274691868,-0.3661702127659574,-0.3663235294117647,True,Qwen2.5-1.5B|s2
RedHatAI/Qwen2.5-1.5B-quantized.w4a16,qwen2.5,Qwen2.5-1.5B,w4a16,gsm8k,60.96,-4.25,-1.0984605793398836,-2.519664328531926,0.3227431698521588,-0.3661702127659574,-0.7286567164179104,False,Qwen2.5-1.5B|s2
RedHatAI/Qwen2.5-1.5B-quantized.w4a16,qwen2.5,Qwen2.5-1.5B,w4a16,hellaswag,67.65,-0.86,-0.7233541994831367,-2.144557948675179,0.6978495497089057,-0.3661702127659574,-0.23642857142857143,True,Qwen2.5-1.5B|s2
RedHatAI/Qwen2.5-1.5B-quantized.w4a16,qwen2.5,Qwen2.5-1.5B,w4a16,winogrande,65.04,0.47,-0.6690073736019535,-2.090211122793996,0.7521963755900889,-0.3661702127659574,-0.195,True,Qwen2.5-1.5B|s2
RedHatAI/Qwen2.5-1.5B-quantized.w4a16,qwen2.5,Qwen2.5-1.5B,w4a16,truthfulqa,46.57,-2.08,-0.6534930185265718,-2.0746967677186143,0.7677107306654706,-0.3661702127659574,-0.14573529411764707,False,Qwen2.5-1.5B|s2
RedHatAI/Qwen2.5-1.5B-quantized.w8a16,qwen2.5,Qwen2.5-1.5B,w8a16,mmlu,60.98,0.02,-0.25801535030343903,-1.6792190994954814,1.1631883988886034,-0.3661702127659574,-0.4991176470588235,True,Qwen2.5-1.5B|s2
RedHatAI/Qwen2.5-1.5B-quantized.w8a16,qwen2.5,Qwen2.5-1.5B,w8a16,arc_challenge,49.66,0.68,-0.13924334107079744,-1.5604470902628398,1.281960408121245,-0.3661702127659574,-0.3663235294117647,True,Qwen2.5-1.5B|s2
RedHatAI/Qwen2.5-1.5B-quantized.w8a16,qwen2.5,Qwen2.5-1.5B,w8a16,gsm8k,60.96,0.22,-0.3919763986878254,-1.813180147879868,1.0292273505042169,-0.3661702127659574,-0.7286567164179104,True,Qwen2.5-1.5B|s2
RedHatAI/Qwen2.5-1.5B-quantized.w8a16,qwen2.5,Qwen2.5-1.5B,w8a16,hellaswag,67.65,-0.01,-0.01687001883107858,-1.438073768023121,1.4043337303609638,-0.3661702127659574,-0.23642857142857143,True,Qwen2.5-1.5B|s2
RedHatAI/Qwen2.5-1.5B-quantized.w8a16,qwen2.5,Qwen2.5-1.5B,w8a16,winogrande,65.04,0.07,0.03747680705010459,-1.3837269421419378,1.458680556242147,-0.3661702127659574,-0.195,True,Qwen2.5-1.5B|s2
RedHatAI/Qwen2.5-1.5B-quantized.w8a16,qwen2.5,Qwen2.5-1.5B,w8a16,truthfulqa,46.57,0.0,0.05299116212548638,-1.368212587066556,1.4741949113175288,-0.3661702127659574,-0.14573529411764707,True,Qwen2.5-1.5B|s2
RedHatAI/Qwen2.5-1.5B-quantized.w8a8,qwen2.5,Qwen2.5-1.5B,w8a8_int,mmlu,60.98,-0.63,-0.763258646059185,-2.184462395251227,0.6579451031328574,-0.3661702127659574,-0.4991176470588235,True,Qwen2.5-1.5B|s2
RedHatAI/Qwen2.5-1.5B-quantized.w8a8,qwen2.5,Qwen2.5-1.5B,w8a8_int,arc_challenge,49.66,0.0,-0.6444866368265434,-2.065690386018586,0.776717112365499,-0.3661702127659574,-0.3663235294117647,True,Qwen2.5-1.5B|s2
RedHatAI/Qwen2.5-1.5B-quantized.w8a8,qwen2.5,Qwen2.5-1.5B,w8a8_int,gsm8k,60.96,-0.84,-0.8972196944435715,-2.3184234436356137,0.5239840547484709,-0.3661702127659574,-0.7286567164179104,True,Qwen2.5-1.5B|s2
RedHatAI/Qwen2.5-1.5B-quantized.w8a8,qwen2.5,Qwen2.5-1.5B,w8a8_int,hellaswag,67.65,0.07,-0.5221133145868245,-1.943317063778867,0.8990904346052179,-0.3661702127659574,-0.23642857142857143,True,Qwen2.5-1.5B|s2
RedHatAI/Qwen2.5-1.5B-quantized.w8a8,qwen2.5,Qwen2.5-1.5B,w8a8_int,winogrande,65.04,1.02,-0.4677664887056413,-1.8889702378976838,0.9534372604864011,-0.3661702127659574,-0.195,False,Qwen2.5-1.5B|s2
RedHatAI/Qwen2.5-1.5B-quantized.w8a8,qwen2.5,Qwen2.5-1.5B,w8a8_int,truthfulqa,46.57,-0.43,-0.45225213363025957,-1.873455882822302,0.9689516155617828,-0.3661702127659574,-0.14573529411764707,True,Qwen2.5-1.5B|s2
RedHatAI/Qwen2.5-1.5B-FP8-dynamic,qwen2.5,Qwen2.5-1.5B,fp8_dynamic,mmlu,60.98,-0.73,-0.27130748833023577,-1.986022159861194,1.4434071832007225,-0.39130841121495324,-0.4457971014492753,True,Qwen2.5-1.5B|s3
RedHatAI/Qwen2.5-1.5B-FP8-dynamic,qwen2.5,Qwen2.5-1.5B,fp8_dynamic,arc_challenge,49.66,-0.34,-0.283585578289418,-1.9983002498203764,1.4311290932415401,-0.39130841121495324,-0.4187878787878788,True,Qwen2.5-1.5B|s3
RedHatAI/Qwen2.5-1.5B-FP8-dynamic,qwen2.5,Qwen2.5-1.5B,fp8_dynamic,gsm8k,60.96,-0.84,-0.40811121631053027,-2.1228258878414885,1.306603455220428,-0.39130841121495324,-0.608358208955224,True,Qwen2.5-1.5B|s3
RedHatAI/Qwen2.5-1.5B-FP8-dynamic,qwen2.5,Qwen2.5-1.5B,fp8_dynamic,hellaswag,67.65,-0.16,-0.1464574694521683,-1.8611721409831266,1.56825720207879,-0.39130841121495324,-0.2785714285714286,True,Qwen2.5-1.5B|s3
RedHatAI/Qwen2.5-1.5B-FP8-dynamic,qwen2.5,Qwen2.5-1.5B,fp8_dynamic,winogrande,65.04,0.94,-0.21082044786976528,-1.9255351194007235,1.503894223661193,-0.39130841121495324,-0.3627536231884058,True,Qwen2.5-1.5B|s3
RedHatAI/Qwen2.5-1.5B-FP8-dynamic,qwen2.5,Qwen2.5-1.5B,fp8_dynamic,truthfulqa,46.57,-0.49,-0.002891454360176904,-1.7176061258911353,1.7118232171707812,-0.39130841121495324,-0.15671641791044777,True,Qwen2.5-1.5B|s3
RedHatAI/Qwen2.5-1.5B-quantized.w4a16,qwen2.5,Qwen2.5-1.5B,w4a16,mmlu,60.98,-2.05,-1.1009806267114934,-2.815695298242452,0.6137340448194648,-0.39130841121495324,-0.4457971014492753,True,Qwen2.5-1.5B|s3
RedHatAI/Qwen2.5-1.5B-quantized.w4a16,qwen2.5,Qwen2.5-1.5B,w4a16,arc_challenge,49.66,-1.96,-1.1132587166706758,-2.827973388201634,0.6014559548602825,-0.39130841121495324,-0.4187878787878788,True,Qwen2.5-1.5B|s3
RedHatAI/Qwen2.5-1.5B-quantized.w4a16,qwen2.5,Qwen2.5-1.5B,w4a16,gsm8k,60.96,-4.25,-1.2377843546917877,-2.952499026222746,0.47693031683917053,-0.39130841121495324,-0.608358208955224,False,Qwen2.5-1.5B|s3
RedHatAI/Qwen2.5-1.5B-quantized.w4a16,qwen2.5,Qwen2.5-1.5B,w4a16,hellaswag,67.65,-0.86,-0.9761306078334258,-2.690845279364384,0.7385840636975325,-0.39130841121495324,-0.2785714285714286,True,Qwen2.5-1.5B|s3
RedHatAI/Qwen2.5-1.5B-quantized.w4a16,qwen2.5,Qwen2.5-1.5B,w4a16,winogrande,65.04,0.47,-1.0404935862510227,-2.755208257781981,0.6742210852799355,-0.39130841121495324,-0.3627536231884058,True,Qwen2.5-1.5B|s3
RedHatAI/Qwen2.5-1.5B-quantized.w4a16,qwen2.5,Qwen2.5-1.5B,w4a16,truthfulqa,46.57,-2.08,-0.8325645927414347,-2.547279264272393,0.8821500787895236,-0.39130841121495324,-0.15671641791044777,True,Qwen2.5-1.5B|s3
RedHatAI/Qwen2.5-1.5B-quantized.w8a16,qwen2.5,Qwen2.5-1.5B,w8a16,mmlu,60.98,0.02,-0.13595977794184683,-1.8506744494728051,1.5787548935891114,-0.39130841121495324,-0.4457971014492753,True,Qwen2.5-1.5B|s3
RedHatAI/Qwen2.5-1.5B-quantized.w8a16,qwen2.5,Qwen2.5-1.5B,w8a16,arc_challenge,49.66,0.68,-0.14823786790102902,-1.8629525394319872,1.5664768036299292,-0.39130841121495324,-0.4187878787878788,True,Qwen2.5-1.5B|s3
RedHatAI/Qwen2.5-1.5B-quantized.w8a16,qwen2.5,Qwen2.5-1.5B,w8a16,gsm8k,60.96,0.22,-0.2727635059221413,-1.9874781774530996,1.4419511656088169,-0.39130841121495324,-0.608358208955224,True,Qwen2.5-1.5B|s3
RedHatAI/Qwen2.5-1.5B-quantized.w8a16,qwen2.5,Qwen2.5-1.5B,w8a16,hellaswag,67.65,-0.01,-0.011109759063779368,-1.7258244305947377,1.7036049124671788,-0.39130841121495324,-0.2785714285714286,True,Qwen2.5-1.5B|s3
RedHatAI/Qwen2.5-1.5B-quantized.w8a16,qwen2.5,Qwen2.5-1.5B,w8a16,winogrande,65.04,0.07,-0.07547273748137634,-1.7901874090123346,1.6392419340495819,-0.39130841121495324,-0.3627536231884058,True,Qwen2.5-1.5B|s3
RedHatAI/Qwen2.5-1.5B-quantized.w8a16,qwen2.5,Qwen2.5-1.5B,w8a16,truthfulqa,46.57,0.0,0.13245625602821204,-1.5822584155027462,1.8471709275591703,-0.39130841121495324,-0.15671641791044777,True,Qwen2.5-1.5B|s3
RedHatAI/Qwen2.5-1.5B-quantized.w8a8,qwen2.5,Qwen2.5-1.5B,w8a8_int,mmlu,60.98,-0.63,-0.5947616553993808,-2.309476326930339,1.1199530161315776,-0.39130841121495324,-0.4457971014492753,True,Qwen2.5-1.5B|s3
RedHatAI/Qwen2.5-1.5B-quantized.w8a8,qwen2.5,Qwen2.5-1.5B,w8a8_int,arc_challenge,49.66,0.0,-0.607039745358563,-2.3217544168895214,1.1076749261723953,-0.39130841121495324,-0.4187878787878788,True,Qwen2.5-1.5B|s3
RedHatAI/Qwen2.5-1.5B-quantized.w8a8,qwen2.5,Qwen2.5-1.5B,w8a8_int,gsm8k,60.96,-0.84,-0.7315653833796751,-2.446280054910633,0.9831492881512831,-0.39130841121495324,-0.608358208955224,True,Qwen2.5-1.5B|s3
RedHatAI/Qwen2.5-1.5B-quantized.w8a8,qwen2.5,Qwen2.5-1.5B,w8a8_int,hellaswag,67.65,0.07,-0.4699116365213133,-2.1846263080522714,1.244803035009645,-0.39130841121495324,-0.2785714285714286,True,Qwen2.5-1.5B|s3
RedHatAI/Qwen2.5-1.5B-quantized.w8a8,qwen2.5,Qwen2.5-1.5B,w8a8_int,winogrande,65.04,1.02,-0.5342746149389103,-2.2489892864698686,1.1804400565920479,-0.39130841121495324,-0.3627536231884058,True,Qwen2.5-1.5B|s3
RedHatAI/Qwen2.5-1.5B-quantized.w8a8,qwen2.5,Qwen2.5-1.5B,w8a8_int,truthfulqa,46.57,-0.43,-0.32634562142932194,-2.0410602929602804,1.3883690501016364,-0.39130841121495324,-0.15671641791044777,True,Qwen2.5-1.5B|s3
RedHatAI/Qwen2.5-1.5B-FP8-dynamic,qwen2.5,Qwen2.5-1.5B,fp8_dynamic,mmlu,60.98,-0.73,-0.20372318169889073,-2.3283201910862985,1.920873827688517,-0.3716753926701571,-0.3930985915492958,True,Qwen2.5-1.5B|s4
RedHatAI/Qwen2.5-1.5B-FP8-dynamic,qwen2.5,Qwen2.5-1.5B,fp8_dynamic,arc_challenge,49.66,-0.34,-0.19736367151406498,-2.321960680901473,1.9272333378733428,-0.3716753926701571,-0.38942857142857146,True,Qwen2.5-1.5B|s4
RedHatAI/Qwen2.5-1.5B-FP8-dynamic,qwen2.5,Qwen2.5-1.5B,fp8_dynamic,gsm8k,60.96,-0.84,-0.5309729743068923,-2.6555699836943,1.5936240350805155,-0.3716753926701571,-0.7711428571428571,True,Qwen2.5-1.5B|s4
RedHatAI/Qwen2.5-1.5B-FP8-dynamic,qwen2.5,Qwen2.5-1.5B,fp8_dynamic,hellaswag,67.65,-0.16,-0.07857418037641534,-2.203171189763823,2.0460228290109925,-0.3716753926701571,-0.24027397260273972,True,Qwen2.5-1.5B|s4
RedHatAI/Qwen2.5-1.5B-FP8-dynamic,qwen2.5,Qwen2.5-1.5B,fp8_dynamic,winogrande,65.04,0.94,-0.031517632842823606,-2.1561146422302313,2.0930793765445843,-0.3716753926701571,-0.19625,True,Qwen2.5-1.5B|s4
RedHatAI/Qwen2.5-1.5B-FP8-dynamic,qwen2.5,Qwen2.5-1.5B,fp8_dynamic,truthfulqa,46.57,-0.49,0.06037058739904316,-2.064226421988365,2.184967596786451,-0.3716753926701571,-0.12486111111111112,True,Qwen2.5-1.5B|s4
RedHatAI/Qwen2.5-1.5B-quantized.w4a16,qwen2.5,Qwen2.5-1.5B,w4a16,mmlu,60.98,-2.05,-1.0598876849680108,-3.184484694355419,1.064709324419397,-0.3716753926701571,-0.3930985915492958,True,Qwen2.5-1.5B|s4
RedHatAI/Qwen2.5-1.5B-quantized.w4a16,qwen2.5,Qwen2.5-1.5B,w4a16,arc_challenge,49.66,-1.96,-1.053528174783185,-3.178125184170593,1.0710688346042228,-0.3716753926701571,-0.38942857142857146,True,Qwen2.5-1.5B|s4
RedHatAI/Qwen2.5-1.5B-quantized.w4a16,qwen2.5,Qwen2.5-1.5B,w4a16,gsm8k,60.96,-4.25,-1.3871374775760126,-3.5117344869634204,0.7374595318113952,-0.3716753926701571,-0.7711428571428571,False,Qwen2.5-1.5B|s4
RedHatAI/Qwen2.5-1.5B-quantized.w4a16,qwen2.5,Qwen2.5-1.5B,w4a16,hellaswag,67.65,-0.86,-0.9347386836455354,-3.059335693032943,1.1898583257418724,-0.3716753926701571,-0.24027397260273972,True,Qwen2.5-1.5B|s4
RedHatAI/Qwen2.5-1.5B-quantized.w4a16,qwen2.5,Qwen2.5-1.5B,w4a16,winogrande,65.04,0.47,-0.8876821361119436,-3.0122791454993516,1.2369148732754642,-0.3716753926701571,-0.19625,True,Qwen2.5-1.5B|s4
RedHatAI/Qwen2.5-1.5B-quantized.w4a16,qwen2.5,Qwen2.5-1.5B,w4a16,truthfulqa,46.57,-2.08,-0.795793915870077,-2.9203909252574847,1.328803093517331,-0.3716753926701571,-0.12486111111111112,True,Qwen2.5-1.5B|s4
RedHatAI/Qwen2.5-1.5B-quantized.w8a16,qwen2.5,Qwen2.5-1.5B,w8a16,mmlu,60.98,0.02,-0.3109627929411238,-2.4355598023285316,1.813634216446284,-0.3716753926701571,-0.3930985915492958,True,Qwen2.5-1.5B|s4
RedHatAI/Qwen2.5-1.5B-quantized.w8a16,qwen2.5,Qwen2.5-1.5B,w8a16,arc_challenge,49.66,0.68,-0.304603282756298,-2.429200292143706,1.8199937266311097,-0.3716753926701571,-0.38942857142857146,True,Qwen2.5-1.5B|s4
RedHatAI/Qwen2.5-1.5B-quantized.w8a16,qwen2.5,Qwen2.5-1.5B,w8a16,gsm8k,60.96,0.22,-0.6382125855491254,-2.762809594936533,1.4863844238382824,-0.3716753926701571,-0.7711428571428571,True,Qwen2.5-1.5B|s4
RedHatAI/Qwen2.5-1.5B-quantized.w8a16,qwen2.5,Qwen2.5-1.5B,w8a16,hellaswag,67.65,-0.01,-0.18581379161864836,-2.3104108010060562,1.9387832177687594,-0.3716753926701571,-0.24027397260273972,True,Qwen2.5-1.5B|s4
RedHatAI/Qwen2.5-1.5B-quantized.w8a16,qwen2.5,Qwen2.5-1.5B,w8a16,winogrande,65.04,0.07,-0.13875724408505657,-2.2633542534724644,1.9858397653023512,-0.3716753926701571,-0.19625,True,Qwen2.5-1.5B|s4
RedHatAI/Qwen2.5-1.5B-quantized.w8a16,qwen2.5,Qwen2.5-1.5B,w8a16,truthfulqa,46.57,0.0,-0.046869023843189916,-2.1714660332305975,2.077727985544218,-0.3716753926701571,-0.12486111111111112,True,Qwen2.5-1.5B|s4
RedHatAI/Qwen2.5-1.5B-quantized.w8a8,qwen2.5,Qwen2.5-1.5B,w8a8_int,mmlu,60.98,-0.63,-0.5868476016558413,-2.711444611043249,1.5377494077315665,-0.3716753926701571,-0.3930985915492958,True,Qwen2.5-1.5B|s4
RedHatAI/Qwen2.5-1.5B-quantized.w8a8,qwen2.5,Qwen2.5-1.5B,w8a8_int,arc_challenge,49.66,0.0,-0.5804880914710155,-2.7050851008584234,1.5441089179163923,-0.3716753926701571,-0.38942857142857146,True,Qwen2.5-1.5B|s4
RedHatAI/Qwen2.5-1.5B-quantized.w8a8,qwen2.5,Qwen2.5-1.5B,w8a8_int,gsm8k,60.96,-0.84,-0.9140973942638431,-3.0386944036512507,1.2104996151235647,-0.3716753926701571,-0.7711428571428571,True,Qwen2.5-1.5B|s4
RedHatAI/Qwen2.5-1.5B-quantized.w8a8,qwen2.5,Qwen2.5-1.5B,w8a8_int,hellaswag,67.65,0.07,-0.46169860033336596,-2.5862956097207737,1.662898409054042,-0.3716753926701571,-0.24027397260273972,True,Qwen2.5-1.5B|s4
RedHatAI/Qwen2.5-1.5B-quantized.w8a8,qwen2.5,Qwen2.5-1.5B,w8a8_int,winogrande,65.04,1.02,-0.4146420527997741,-2.539239062187182,1.7099549565876337,-0.3716753926701571,-0.19625,True,Qwen2.5-1.5B|s4
RedHatAI/Qwen2.5-1.5B-quantized.w8a8,qwen2.5,Qwen2.5-1.5B,w8a8_int,truthfulqa,46.57,-0.43,-0.32275383255790746,-2.4473508419453154,1.8018431768295002,-0.3716753926701571,-0.12486111111111112,True,Qwen2.5-1.5B|s4
RedHatAI/Qwen2.5-14B-FP8-dynamic,qwen2.5,Qwen2.5-14B,fp8_dynamic,mmlu,79.71,-0.23,-0.1353700674736655,-1.5782205804907614,1.3074804455434303,-0.378977853492334,-0.49913043478260866,True,Qwen2.5-14B|s0
RedHatAI/Qwen2.5-14B-FP8-dynamic,qwen2.5,Qwen2.5-14B,fp8_dynamic,arc_challenge,65.7,-0.51,-0.08557305437942908,-1.528423567396525,1.3572774586376668,-0.378977853492334,-0.4325,True,Qwen2.5-14B|s0
RedHatAI/Qwen2.5-14B-FP8-dynamic,qwen2.5,Qwen2.5-14B,fp8_dynamic,gsm8k,84.46,-0.84,-0.2729323482251136,-1.7157828612422095,1.1699181647919823,-0.378977853492334,-0.6711594202898551,True,Qwen2.5-14B|s0
RedHatAI/Qwen2.5-14B-FP8-dynamic,qwen2.5,Qwen2.5-14B,fp8_dynamic,hellaswag,84.28,0.0,0.10573591546366373,-1.3371145975534322,1.5485864284807596,-0.378977853492334,-0.22676056338028172,True,Qwen2.5-14B|s0
RedHatAI/Qwen2.5-14B-FP8-dynamic,qwen2.5,Qwen2.5-14B,fp8_dynamic,winogrande,81.37,0.4,0.08802944584543088,-1.354821067171665,1.5308799588625268,-0.378977853492334,-0.2418840579710145,True,Qwen2.5-14B|s0
RedHatAI/Qwen2.5-14B-FP8-dynamic,qwen2.5,Qwen2.5-14B,fp8_dynamic,truthfulqa,58.46,-0.16,0.20433563079013223,-1.2385148822269636,1.6471861438072282,-0.378977853492334,-0.10753623188405798,True,Qwen2.5-14B|s0
RedHatAI/Qwen2.5-14B-quantized.w8a8,qwen2.5,Qwen2.5-14B,w8a8_int,mmlu,79.71,-0.33,-0.5450071281473096,-1.9878576411644056,0.8978433848697863,-0.378977853492334,-0.49913043478260866,True,Qwen2.5-14B|s0
RedHatAI/Qwen2.5-14B-quantized.w8a8,qwen2.5,Qwen2.5-14B,w8a8_int,arc_challenge,65.7,-0.43,-0.49521011505307316,-1.938060628070169,0.9476403979640227,-0.378977853492334,-0.4325,True,Qwen2.5-14B|s0
RedHatAI/Qwen2.5-14B-quantized.w8a8,qwen2.5,Qwen2.5-14B,w8a8_int,gsm8k,84.46,-0.53,-0.6825694088987577,-2.125419921915854,0.7602811041183382,-0.378977853492334,-0.6711594202898551,True,Qwen2.5-14B|s0
RedHatAI/Qwen2.5-14B-quantized.w8a8,qwen2.5,Qwen2.5-14B,w8a8_int,hellaswag,84.28,-0.12,-0.3039011452099803,-1.7467516582270761,1.1389493678071156,-0.378977853492334,-0.22676056338028172,True,Qwen2.5-14B|s0
RedHatAI/Qwen2.5-14B-quantized.w8a8,qwen2.5,Qwen2.5-14B,w8a8_int,winogrande,81.37,-0.15,-0.32160761482821315,-1.764458127845309,1.1212428981888827,-0.378977853492334,-0.2418840579710145,True,Qwen2.5-14B|s0
RedHatAI/Qwen2.5-14B-quantized.w8a8,qwen2.5,Qwen2.5-14B,w8a8_int,truthfulqa,58.46,0.19,-0.20530142988351188,-1.6481519429006077,1.237549083133584,-0.378977853492334,-0.10753623188405798,True,Qwen2.5-14B|s0
RedHatAI/Qwen2.5-14B-FP8-dynamic,qwen2.5,Qwen2.5-14B,fp8_dynamic,mmlu,79.71,-0.23,-0.14969620877969303,-1.8757824499130247,1.5763900323536388,-0.3502794411177645,-0.4847619047619047,True,Qwen2.5-14B|s1
RedHatAI/Qwen2.5-14B-FP8-dynamic,qwen2.5,Qwen2.5-14B,fp8_dynamic,arc_challenge,65.7,-0.51,-0.05099408398047073,-1.7770803251138025,1.675092157152861,-0.3502794411177645,-0.3450793650793651,True,Qwen2.5-14B|s1
RedHatAI/Qwen2.5-14B-FP8-dynamic,qwen2.5,Qwen2.5-14B,fp8_dynamic,gsm8k,84.46,-0.84,-0.29876339580373756,-2.0248496369370694,1.427322845329594,-0.3502794411177645,-0.6893650793650794,True,Qwen2.5-14B|s1
RedHatAI/Qwen2.5-14B-FP8-dynamic,qwen2.5,Qwen2.5-14B,fp8_dynamic,hellaswag,84.28,0.0,0.11595323584702183,-1.6101330052863099,1.8420394769803536,-0.3502794411177645,-0.16969696969696968,True,Qwen2.5-14B|s1
RedHatAI/Qwen2.5-14B-FP8-dynamic,qwen2.5,Qwen2.5-14B,fp8_dynamic,winogrande,81.37,0.4,0.09084208507922026,-1.6352441560541116,1.816928326212552,-0.3502794411177645,-0.19171875,True,Qwen2.5-14B|s1
RedHatAI/Qwen2.5-14B-FP8-dynamic,qwen2.5,Qwen2.5-14B,fp8_dynamic,truthfulqa,58.46,-0.16,0.027626832651268973,-1.6984594084820628,1.7537130737846007,-0.3502794411177645,-0.24936507936507937,True,Qwen2.5-14B|s1
RedHatAI/Qwen2.5-14B-quantized.w8a8,qwen2.5,Qwen2.5-14B,w8a8_int,mmlu,79.71,-0.33,-0.43268213140570966,-2.1587683725390416,1.293404109727622,-0.3502794411177645,-0.4847619047619047,True,Qwen2.5-14B|s1
RedHatAI/Qwen2.5-14B-quantized.w8a8,qwen2.5,Qwen2.5-14B,w8a8_int,arc_challenge,65.7,-0.43,-0.3339800066064875,-2.0600662477398193,1.3921062345268442,-0.3502794411177645,-0.3450793650793651,True,Qwen2.5-14B|s1
RedHatAI/Qwen2.5-14B-quantized.w8a8,qwen2.5,Qwen2.5-14B,w8a8_int,gsm8k,84.46,-0.53,-0.5817493184297544,-2.3078355595630864,1.1443369227035773,-0.3502794411177645,-0.6893650793650794,True,Qwen2.5-14B|s1
RedHatAI/Qwen2.5-14B-quantized.w8a8,qwen2.5,Qwen2.5-14B,w8a8_int,hellaswag,84.28,-0.12,-0.16703268677899494,-1.8931189279123266,1.559053554354337,-0.3502794411177645,-0.16969696969696968,True,Qwen2.5-14B|s1
RedHatAI/Qwen2.5-14B-quantized.w8a8,qwen2.5,Qwen2.5-14B,w8a8_int,winogrande,81.37,-0.15,-0.1921438375467966,-1.9182300786801283,1.5339424035865352,-0.3502794411177645,-0.19171875,True,Qwen2.5-14B|s1
RedHatAI/Qwen2.5-14B-quantized.w8a8,qwen2.5,Qwen2.5-14B,w8a8_int,truthfulqa,58.46,0.19,-0.2553590899747479,-1.9814453311080795,1.470727151158584,-0.3502794411177645,-0.24936507936507937,True,Qwen2.5-14B|s1
RedHatAI/Qwen2.5-14B-FP8-dynamic,qwen2.5,Qwen2.5-14B,fp8_dynamic,mmlu,79.71,-0.23,-0.23094582544588144,-1.803430927304735,1.3415392764129723,-0.3732457786116323,-0.49984375,True,Qwen2.5-14B|s2
RedHatAI/Qwen2.5-14B-FP8-dynamic,qwen2.5,Qwen2.5-14B,fp8_dynamic,arc_challenge,65.7,-0.51,-0.10032877849912286,-1.6728138803579766,1.4721563233597308,-0.3732457786116323,-0.38076923076923075,True,Qwen2.5-14B|s2
RedHatAI/Qwen2.5-14B-FP8-dynamic,qwen2.5,Qwen2.5-14B,fp8_dynamic,gsm8k,84.46,-0.84,-0.37382913247521987,-1.9463142343340736,1.1986559693836338,-0.3732457786116323,-0.68921875,True,Qwen2.5-14B|s2
RedHatAI/Qwen2.5-14B-FP8-dynamic,qwen2.5,Qwen2.5-14B,fp8_dynamic,hellaswag,84.28,0.0,0.05186805261659655,-1.520617049242257,1.6243531544754504,-0.3732457786116323,-0.17681818181818182,True,Qwen2.5-14B|s2
RedHatAI/Qwen2.5-14B-FP8-dynamic,qwen2.5,Qwen2.5-14B,fp8_dynamic,winogrande,81.37,0.4,0.006461096694062585,-1.5660240051647911,1.5789461985529163,-0.3732457786116323,-0.23338461538461538,True,Qwen2.5-14B|s2
RedHatAI/Qwen2.5-14B-FP8-dynamic,qwen2.5,Qwen2.5-14B,fp8_dynamic,truthfulqa,58.46,-0.16,0.036355447360288506,-1.5361296544985652,1.6088405492191422,-0.3732457786116323,-0.21000000000000002,True,Qwen2.5-14B|s2
RedHatAI/Qwen2.5-14B-quantized.w8a8,qwen2.5,Qwen2.5-14B,w8a8_int,mmlu,79.71,-0.33,-0.5796057772935361,-2.15209087915239,0.9928793245653176,-0.3732457786116323,-0.49984375,True,Qwen2.5-14B|s2
RedHatAI/Qwen2.5-14B-quantized.w8a8,qwen2.5,Qwen2.5-14B,w8a8_int,arc_challenge,65.7,-0.43,-0.44898873034677755,-2.0214738322056314,1.123496371512076,-0.3732457786116323,-0.38076923076923075,True,Qwen2.5-14B|s2
RedHatAI/Qwen2.5-14B-quantized.w8a8,qwen2.5,Qwen2.5-14B,w8a8_int,gsm8k,84.46,-0.53,-0.7224890843228745,-2.294974186181728,0.8499960175359792,-0.3732457786116323,-0.68921875,True,Qwen2.5-14B|s2
RedHatAI/Qwen2.5-14B-quantized.w8a8,qwen2.5,Qwen2.5-14B,w8a8_int,hellaswag,84.28,-0.12,-0.2967918992310582,-1.869277001089912,1.2756932026277954,-0.3732457786116323,-0.17681818181818182,True,Qwen2.5-14B|s2
RedHatAI/Qwen2.5-14B-quantized.w8a8,qwen2.5,Qwen2.5-14B,w8a8_int,winogrande,81.37,-0.15,-0.34219885515359216,-1.9146839570124459,1.2302862467052615,-0.3732457786116323,-0.23338461538461538,True,Qwen2.5-14B|s2
RedHatAI/Qwen2.5-14B-quantized.w8a8,qwen2.5,Qwen2.5-14B,w8a8_int,truthfulqa,58.46,0.19,-0.31230450448736613,-1.88478960634622,1.2601805973714875,-0.3732457786116323,-0.21000000000000002,True,Qwen2.5-14B|s2
RedHatAI/Qwen2.5-14B-FP8-dynamic,qwen2.5,Qwen2.5-14B,fp8_dynamic,mmlu,79.71,-0.23,-0.23728509596744982,-1.790827886931366,1.3162576949964666,-0.40150093808630394,-0.48761194029850746,True,Qwen2.5-14B|s3
RedHatAI/Qwen2.5-14B-FP8-dynamic,qwen2.5,Qwen2.5-14B,fp8_dynamic,arc_challenge,65.7,-0.51,-0.23371430589037118,-1.7872570968542876,1.319828485073545,-0.40150093808630394,-0.43424242424242426,True,Qwen2.5-14B|s3
RedHatAI/Qwen2.5-14B-FP8-dynamic,qwen2.5,Qwen2.5-14B,fp8_dynamic,gsm8k,84.46,-0.84,-0.5737268786001845,-2.1272696695641007,0.9798159123637319,-0.40150093808630394,-0.9052238805970149,True,Qwen2.5-14B|s3
RedHatAI/Qwen2.5-14B-FP8-dynamic,qwen2.5,Qwen2.5-14B,fp8_dynamic,hellaswag,84.28,0.0,-0.055063688546271305,-1.6086064795101875,1.4984791024176451,-0.40150093808630394,-0.26999999999999996,True,Qwen2.5-14B|s3
RedHatAI/Qwen2.5-14B-FP8-dynamic,qwen2.5,Qwen2.5-14B,fp8_dynamic,winogrande,81.37,0.4,-0.027818885466094734,-1.5813616764300111,1.5257239054978216,-0.40150093808630394,-0.2371014492753623,True,Qwen2.5-14B|s3
RedHatAI/Qwen2.5-14B-FP8-dynamic,qwen2.5,Qwen2.5-14B,fp8_dynamic,truthfulqa,58.46,-0.16,-0.06446690929409815,-1.6180097002580145,1.4890758816698182,-0.40150093808630394,-0.24484848484848484,True,Qwen2.5-14B|s3
RedHatAI/Qwen2.5-14B-quantized.w8a8,qwen2.5,Qwen2.5-14B,w8a8_int,mmlu,79.71,-0.33,-0.41562847362599664,-1.9691712645899129,1.1379143173379198,-0.40150093808630394,-0.48761194029850746,True,Qwen2.5-14B|s3
RedHatAI/Qwen2.5-14B-quantized.w8a8,qwen2.5,Qwen2.5-14B,w8a8_int,arc_challenge,65.7,-0.43,-0.412057683548918,-1.9656004745128344,1.1414851074149983,-0.40150093808630394,-0.43424242424242426,True,Qwen2.5-14B|s3
RedHatAI/Qwen2.5-14B-quantized.w8a8,qwen2.5,Qwen2.5-14B,w8a8_int,gsm8k,84.46,-0.53,-0.7520702562587313,-2.3056130472226477,0.8014725347051851,-0.40150093808630394,-0.9052238805970149,True,Qwen2.5-14B|s3
RedHatAI/Qwen2.5-14B-quantized.w8a8,qwen2.5,Qwen2.5-14B,w8a8_int,hellaswag,84.28,-0.12,-0.23340706620481813,-1.7869498571687346,1.3201357247590981,-0.40150093808630394,-0.26999999999999996,True,Qwen2.5-14B|s3
RedHatAI/Qwen2.5-14B-quantized.w8a8,qwen2.5,Qwen2.5-14B,w8a8_int,winogrande,81.37,-0.15,-0.20616226312464161,-1.759705054088558,1.3473805278392748,-0.40150093808630394,-0.2371014492753623,True,Qwen2.5-14B|s3
RedHatAI/Qwen2.5-14B-quantized.w8a8,qwen2.5,Qwen2.5-14B,w8a8_int,truthfulqa,58.46,0.19,-0.24281028695264506,-1.7963530779165615,1.3107325040112712,-0.40150093808630394,-0.24484848484848484,True,Qwen2.5-14B|s3
RedHatAI/Qwen2.5-14B-FP8-dynamic,qwen2.5,Qwen2.5-14B,fp8_dynamic,mmlu,79.71,-0.23,-0.12296398736357284,-1.764731023515871,1.5188030487887254,-0.30511226252158896,-0.44771428571428573,True,Qwen2.5-14B|s4
RedHatAI/Qwen2.5-14B-FP8-dynamic,qwen2.5,Qwen2.5-14B,fp8_dynamic,arc_challenge,65.7,-0.51,-0.008686507450948011,-1.6504535436032461,1.6330805287013503,-0.30511226252158896,-0.31318840579710144,True,Qwen2.5-14B|s4
RedHatAI/Qwen2.5-14B-FP8-dynamic,qwen2.5,Qwen2.5-14B,fp8_dynamic,gsm8k,84.46,-0.84,-0.015034809039145003,-1.6568018451914432,1.6267322271131532,-0.30511226252158896,-0.3407352941176471,True,Qwen2.5-14B|s4
RedHatAI/Qwen2.5-14B-FP8-dynamic,qwen2.5,Qwen2.5-14B,fp8_dynamic,hellaswag,84.28,0.0,0.05714901227362179,-1.5846180238786765,1.69891604842592,-0.30511226252158896,-0.23305555555555557,True,Qwen2.5-14B|s4
RedHatAI/Qwen2.5-14B-FP8-dynamic,qwen2.5,Qwen2.5-14B,fp8_dynamic,winogrande,81.37,0.4,0.1377050004152347,-1.5040620357370635,1.779472036567533,-0.30511226252158896,-0.1392857142857143,True,Qwen2.5-14B|s4
RedHatAI/Qwen2.5-14B-FP8-dynamic,qwen2.5,Qwen2.5-14B,fp8_dynamic,truthfulqa,58.46,-0.16,0.0715911757541774,-1.5701758603981208,1.7133582119064756,-0.30511226252158896,-0.22267605633802817,True,Qwen2.5-14B|s4
RedHatAI/Qwen2.5-14B-quantized.w8a8,qwen2.5,Qwen2.5-14B,w8a8_int,mmlu,79.71,-0.33,-0.4820962559775158,-2.123863292129814,1.1596707801747823,-0.30511226252158896,-0.44771428571428573,True,Qwen2.5-14B|s4
RedHatAI/Qwen2.5-14B-quantized.w8a8,qwen2.5,Qwen2.5-14B,w8a8_int,arc_challenge,65.7,-0.43,-0.367818776064891,-2.009585812217189,1.2739482600874072,-0.30511226252158896,-0.31318840579710144,True,Qwen2.5-14B|s4
RedHatAI/Qwen2.5-14B-quantized.w8a8,qwen2.5,Qwen2.5-14B,w8a8_int,gsm8k,84.46,-0.53,-0.37416707765308804,-2.015934113805386,1.2675999584992101,-0.30511226252158896,-0.3407352941176471,True,Qwen2.5-14B|s4
RedHatAI/Qwen2.5-14B-quantized.w8a8,qwen2.5,Qwen2.5-14B,w8a8_int,hellaswag,84.28,-0.12,-0.3019832563403212,-1.9437502924926195,1.339783779811977,-0.30511226252158896,-0.23305555555555557,True,Qwen2.5-14B|s4
RedHatAI/Qwen2.5-14B-quantized.w8a8,qwen2.5,Qwen2.5-14B,w8a8_int,winogrande,81.37,-0.15,-0.22142726819870837,-1.8631943043510066,1.4203397679535898,-0.30511226252158896,-0.1392857142857143,True,Qwen2.5-14B|s4
RedHatAI/Qwen2.5-14B-quantized.w8a8,qwen2.5,Qwen2.5-14B,w8a8_int,truthfulqa,58.46,0.19,-0.28754109285976565,-1.929308129012064,1.3542259432925325,-0.30511226252158896,-0.22267605633802817,True,Qwen2.5-14B|s4
RedHatAI/Qwen2.5-14B-Instruct-quantized.w8a8,qwen2.5,Qwen2.5-14B-Instruct,w8a8_int,mmlu,79.87,-0.12,-0.6754354253335061,-1.919308115431233,0.568437264764221,-0.37311004784688995,-0.5092,True,Qwen2.5-14B-Instruct|s0
RedHatAI/Qwen2.5-14B-Instruct-quantized.w8a8,qwen2.5,Qwen2.5-14B-Instruct,w8a8_int,arc_challenge,68.94,0.26,-0.5562375192880048,-1.800110209385732,0.6876351708097223,-0.37311004784688995,-0.37920000000000004,True,Qwen2.5-14B-Instruct|s0
RedHatAI/Qwen2.5-14B-Instruct-quantized.w8a8,qwen2.5,Qwen2.5-14B-Instruct,w8a8_int,gsm8k,83.55,1.97,-0.7683946476391501,-2.012267337736877,0.47547804245857694,-0.37311004784688995,-0.6508108108108107,False,Qwen2.5-14B-Instruct|s0
RedHatAI/Qwen2.5-14B-Instruct-quantized.w8a8,qwen2.5,Qwen2.5-14B-Instruct,w8a8_int,hellaswag,85.3,-0.23,-0.43946642428863636,-1.6833391143863634,0.8044062658090907,-0.37311004784688995,-0.232987012987013,True,Qwen2.5-14B-Instruct|s0
RedHatAI/Qwen2.5-14B-Instruct-quantized.w8a8,qwen2.5,Qwen2.5-14B-Instruct,w8a8_int,winogrande,80.51,-0.08,-0.4595169730880487,-1.7033896631857757,0.7843557170096784,-0.37311004784688995,-0.2528,True,Qwen2.5-14B-Instruct|s0
RedHatAI/Qwen2.5-14B-Instruct-quantized.w8a8,qwen2.5,Qwen2.5-14B-Instruct,w8a8_int,truthfulqa,68.93,0.01,-0.3034246697618303,-1.5472973598595574,0.9404480203358967,-0.37311004784688995,-0.11173333333333334,True,Qwen2.5-14B-Instruct|s0
RedHatAI/Qwen2.5-14B-Instruct-quantized.w8a8,qwen2.5,Qwen2.5-14B-Instruct,w8a8_int,mmlu,79.87,-0.12,-0.581017824476358,-2.6691071471347554,1.5070714981820394,-0.3490322580645161,-0.4276470588235294,True,Qwen2.5-14B-Instruct|s1
RedHatAI/Qwen2.5-14B-Instruct-quantized.w8a8,qwen2.5,Qwen2.5-14B-Instruct,w8a8_int,arc_challenge,68.94,0.26,-0.6713612110463492,-2.7594505337047464,1.4167281116120483,-0.3490322580645161,-0.508955223880597,True,Qwen2.5-14B-Instruct|s1
RedHatAI/Qwen2.5-14B-Instruct-quantized.w8a8,qwen2.5,Qwen2.5-14B-Instruct,w8a8_int,gsm8k,83.55,1.97,-0.6991328518198885,-2.787222174478286,1.388956470838509,-0.3490322580645161,-0.5646969696969697,False,Qwen2.5-14B-Instruct|s1
RedHatAI/Qwen2.5-14B-Instruct-quantized.w8a8,qwen2.5,Qwen2.5-14B-Instruct,w8a8_int,hellaswag,85.3,-0.23,-0.3988729367469771,-2.4869622594053746,1.6892163859114202,-0.3490322580645161,-0.22217391304347825,True,Qwen2.5-14B-Instruct|s1
RedHatAI/Qwen2.5-14B-Instruct-quantized.w8a8,qwen2.5,Qwen2.5-14B-Instruct,w8a8_int,winogrande,80.51,-0.08,-0.2698565463841213,-2.357945869042519,1.818232776274276,-0.3490322580645161,-0.061029411764705874,True,Qwen2.5-14B-Instruct|s1
RedHatAI/Qwen2.5-14B-Instruct-quantized.w8a8,qwen2.5,Qwen2.5-14B-Instruct,w8a8_int,truthfulqa,68.93,0.01,-0.4228296242956704,-2.510918946954068,1.665259698362727,-0.3490322580645161,-0.21909090909090911,True,Qwen2.5-14B-Instruct|s1
RedHatAI/Qwen2.5-14B-Instruct-quantized.w8a8,qwen2.5,Qwen2.5-14B-Instruct,w8a8_int,mmlu,79.87,-0.12,-0.58214786041518,-2.0827572152086002,0.9184614943782401,-0.36356435643564355,-0.5096666666666666,True,Qwen2.5-14B-Instruct|s2
RedHatAI/Qwen2.5-14B-Instruct-quantized.w8a8,qwen2.5,Qwen2.5-14B-Instruct,w8a8_int,arc_challenge,68.94,0.26,-0.46892753261059117,-1.9695368874040113,1.0316818221828288,-0.36356435643564355,-0.4048333333333333,True,Qwen2.5-14B-Instruct|s2
RedHatAI/Qwen2.5-14B-Instruct-quantized.w8a8,qwen2.5,Qwen2.5-14B-Instruct,w8a8_int,gsm8k,83.55,1.97,-0.5108591923495496,-2.01146854714297,0.9897501624438705,-0.36356435643564355,-0.43850000000000006,False,Qwen2.5-14B-Instruct|s2
RedHatAI/Qwen2.5-14B-Instruct-quantized.w8a8,qwen2.5,Qwen2.5-14B-Instruct,w8a8_int,hellaswag,85.3,-0.23,-0.3039977843744249,-1.8046071391678449,1.1966115704189952,-0.36356435643564355,-0.18174603174603174,True,Qwen2.5-14B-Instruct|s2
RedHatAI/Qwen2.5-14B-Instruct-quantized.w8a8,qwen2.5,Qwen2.5-14B-Instruct,w8a8_int,winogrande,80.51,-0.08,-0.4460547513505031,-1.9466641061439232,1.054554603442917,-0.36356435643564355,-0.3552459016393442,True,Qwen2.5-14B-Instruct|s2
RedHatAI/Qwen2.5-14B-Instruct-quantized.w8a8,qwen2.5,Qwen2.5-14B-Instruct,w8a8_int,truthfulqa,68.93,0.01,-0.33832787558941635,-1.8389372303828364,1.1622814792040037,-0.36356435643564355,-0.2383606557377049,True,Qwen2.5-14B-Instruct|s2
RedHatAI/Qwen2.5-14B-Instruct-quantized.w8a8,qwen2.5,Qwen2.5-14B-Instruct,w8a8_int,mmlu,79.87,-0.12,-0.5409556819944573,-2.2502251001971043,1.16831373620819,-0.3437755102040816,-0.45323529411764707,True,Qwen2.5-14B-Instruct|s3
RedHatAI/Qwen2.5-14B-Instruct-quantized.w8a8,qwen2.5,Qwen2.5-14B-Instruct,w8a8_int,arc_challenge,68.94,0.26,-0.4446620624665005,-2.1539314806691476,1.2646073557361466,-0.3437755102040816,-0.3839705882352941,True,Qwen2.5-14B-Instruct|s3
RedHatAI/Qwen2.5-14B-Instruct-quantized.w8a8,qwen2.5,Qwen2.5-14B-Instruct,w8a8_int,gsm8k,83.55,1.97,-0.4556024491164511,-2.164871867319098,1.2536669690861961,-0.3437755102040816,-0.3738805970149253,False,Qwen2.5-14B-Instruct|s3
RedHatAI/Qwen2.5-14B-Instruct-quantized.w8a8,qwen2.5,Qwen2.5-14B-Instruct,w8a8_int,hellaswag,85.3,-0.23,-0.3366039971432506,-2.0458734153458975,1.3726654210593965,-0.3437755102040816,-0.22591549295774646,True,Qwen2.5-14B-Instruct|s3
RedHatAI/Qwen2.5-14B-Instruct-quantized.w8a8,qwen2.5,Qwen2.5-14B-Instruct,w8a8_int,winogrande,80.51,-0.08,-0.3784204729347676,-2.0876898911374147,1.3308489452678796,-0.3437755102040816,-0.28577464788732393,True,Qwen2.5-14B-Instruct|s3
RedHatAI/Qwen2.5-14B-Instruct-quantized.w8a8,qwen2.5,Qwen2.5-14B-Instruct,w8a8_int,truthfulqa,68.93,0.01,-0.37498062244677677,-2.0842500406494238,1.3342887957558704,-0.3437755102040816,-0.2697058823529412,True,Qwen2.5-14B-Instruct|s3
RedHatAI/Qwen2.5-14B-Instruct-quantized.w8a8,qwen2.5,Qwen2.5-14B-Instruct,w8a8_int,mmlu,79.87,-0.12,-0.5901524716736379,-2.4025515669385706,1.2222466235912948,-0.3718625678119349,-0.512063492063492,True,Qwen2.5-14B-Instruct|s4
RedHatAI/Qwen2.5-14B-Instruct-quantized.w8a8,qwen2.5,Qwen2.5-14B-Instruct,w8a8_int,arc_challenge,68.94,0.26,-0.4387404231286226,-2.2511395183935554,1.37365867213631,-0.3718625678119349,-0.3422222222222222,True,Qwen2.5-14B-Instruct|s4
RedHatAI/Qwen2.5-14B-Instruct-quantized.w8a8,qwen2.5,Qwen2.5-14B-Instruct,w8a8_int,gsm8k,83.55,1.97,-0.799448395257319,-2.6118474905222517,1.0129507000076137,-0.3718625678119349,-0.75953125,False,Qwen2.5-14B-Instruct|s4
RedHatAI/Qwen2.5-14B-Instruct-quantized.w8a8,qwen2.5,Qwen2.5-14B-Instruct,w8a8_int,hellaswag,85.3,-0.23,-0.3342212251232998,-2.1466203203882324,1.4781778701416328,-0.3718625678119349,-0.22333333333333333,True,Qwen2.5-14B-Instruct|s4
RedHatAI/Qwen2.5-14B-Instruct-quantized.w8a8,qwen2.5,Qwen2.5-14B-Instruct,w8a8_int,winogrande,80.51,-0.08,-0.29718711056803027,-2.109586205832963,1.5152119846969025,-0.3718625678119349,-0.1796875,True,Qwen2.5-14B-Instruct|s4
RedHatAI/Qwen2.5-14B-Instruct-quantized.w8a8,qwen2.5,Qwen2.5-14B-Instruct,w8a8_int,truthfulqa,68.93,0.01,-0.30231765792348453,-2.114716753188417,1.5100814373414482,-0.3718625678119349,-0.17328125,True,Qwen2.5-14B-Instruct|s4
RedHatAI/Qwen2.5-32B-quantized.w8a16,qwen2.5,Qwen2.5-32B,w8a16,mmlu,83.25,-0.06,-0.26371431171732085,-1.9076965101741452,1.3802678867395035,-0.3951293103448275,-0.5255555555555556,True,Qwen2.5-32B|s0
RedHatAI/Qwen2.5-32B-quantized.w8a16,qwen2.5,Qwen2.5-32B,w8a16,arc_challenge,66.3,-0.26,-0.10641095110183907,-1.7503931495586635,1.5375712473549852,-0.3951293103448275,-0.36253968253968255,True,Qwen2.5-32B|s0
RedHatAI/Qwen2.5-32B-quantized.w8a16,qwen2.5,Qwen2.5-32B,w8a16,gsm8k,78.09,0.53,-0.3031715326592278,-1.9471537311160523,1.3408106657975964,-0.3951293103448275,-0.6249206349206349,True,Qwen2.5-32B|s0
RedHatAI/Qwen2.5-32B-quantized.w8a16,qwen2.5,Qwen2.5-32B,w8a16,hellaswag,85.08,0.06,-0.07217906057834955,-1.7161612590351738,1.571803137878475,-0.3951293103448275,-0.29296875,True,Qwen2.5-32B|s0
RedHatAI/Qwen2.5-32B-quantized.w8a16,qwen2.5,Qwen2.5-32B,w8a16,winogrande,81.29,0.32,0.0336364064058291,-1.6103457920509952,1.6776186048626536,-0.3951293103448275,-0.16920634920634922,True,Qwen2.5-32B|s0
RedHatAI/Qwen2.5-32B-quantized.w8a16,qwen2.5,Qwen2.5-32B,w8a16,truthfulqa,57.76,0.02,0.019559730436602973,-1.6244224680202213,1.6635419288934274,-0.3951293103448275,-0.21311475409836064,True,Qwen2.5-32B|s0
RedHatAI/Qwen2.5-32B-quantized.w8a16,qwen2.5,Qwen2.5-32B,w8a16,mmlu,83.25,-0.06,-0.17430416170255447,-1.5409636661393133,1.1923553427342044,-0.40149425287356316,-0.5068115942028986,True,Qwen2.5-32B|s1
RedHatAI/Qwen2.5-32B-quantized.w8a16,qwen2.5,Qwen2.5-32B,w8a16,arc_challenge,66.3,-0.26,-0.177613804577747,-1.544273309014506,1.1890456998590118,-0.40149425287356316,-0.48537313432835827,True,Qwen2.5-32B|s1
RedHatAI/Qwen2.5-32B-quantized.w8a16,qwen2.5,Qwen2.5-32B,w8a16,gsm8k,78.09,0.53,-0.40354226390195835,-1.7702017683387172,0.9631172405348005,-0.40149425287356316,-0.7852941176470588,True,Qwen2.5-32B|s1
RedHatAI/Qwen2.5-32B-quantized.w8a16,qwen2.5,Qwen2.5-32B,w8a16,hellaswag,85.08,0.06,-0.02836457308857815,-1.395024077525337,1.3382949313481807,-0.40149425287356316,-0.3166666666666667,True,Qwen2.5-32B|s1
RedHatAI/Qwen2.5-32B-quantized.w8a16,qwen2.5,Qwen2.5-32B,w8a16,winogrande,81.29,0.32,0.0545625004421218,-1.3120970039946371,1.4212220048788806,-0.40149425287356316,-0.2126865671641791,True,Qwen2.5-32B|s1
RedHatAI/Qwen2.5-32B-quantized.w8a16,qwen2.5,Qwen2.5-32B,w8a16,truthfulqa,57.76,0.02,0.08258753817901804,-1.284071966257741,1.4492470426157769,-0.40149425287356316,-0.18545454545454546,True,Qwen2.5-32B|s1
RedHatAI/Qwen2.5-32B-quantized.w8a16,qwen2.5,Qwen2.5-32B,w8a16,mmlu,83.25,-0.06,-0.13647730110861991,-1.8629136804434556,1.5899590782262156,-0.3807705479452055,-0.46109589041095883,True,Qwen2.5-32B|s2
RedHatAI/Qwen2.5-32B-quantized.w8a16,qwen2.5,Qwen2.5-32B,w8a16,arc_challenge,66.3,-0.26,-0.2649518725691284,-1.991388251903964,1.4614845067657072,-0.3807705479452055,-0.48444444444444446,True,Qwen2.5-32B|s2
RedHatAI/Qwen2.5-32B-quantized.w8a16,qwen2.5,Qwen2.5-32B,w8a16,gsm8k,78.09,0.53,-0.34138482730169273,-2.0678212066365282,1.385051552033143,-0.3807705479452055,-0.6529577464788733,True,Qwen2.5-32B|s2
RedHatAI/Qwen2.5-32B-quantized.w8a16,qwen2.5,Qwen2.5-32B,w8a16,hellaswag,85.08,0.06,-0.021240044414628734,-1.7476764237494644,1.7051963349202068,-0.3807705479452055,-0.2962666666666667,True,Qwen2.5-32B|s2
RedHatAI/Qwen2.5-32B-quantized.w8a16,qwen2.5,Qwen2.5-32B,w8a16,winogrande,81.29,0.32,0.007851476535003787,-1.718584902799832,1.7342878558698394,-0.3807705479452055,-0.24082191780821915,True,Qwen2.5-32B|s2
RedHatAI/Qwen2.5-32B-quantized.w8a16,qwen2.5,Qwen2.5-32B,w8a16,truthfulqa,57.76,0.02,0.064722668640882,-1.6617137106939537,1.7911590479757176,-0.3807705479452055,-0.13680555555555554,True,Qwen2.5-32B|s2
RedHatAI/Qwen2.5-32B-quantized.w8a16,qwen2.5,Qwen2.5-32B,w8a16,mmlu,83.25,-0.06,-0.23502641891012707,-1.7512130095669594,1.2811601717467054,-0.41861386138613854,-0.5522222222222222,True,Qwen2.5-32B|s3
RedHatAI/Qwen2.5-32B-quantized.w8a16,qwen2.5,Qwen2.5-32B,w8a16,arc_challenge,66.3,-0.26,-0.09201129222318877,-1.6081978828800212,1.4241752984336435,-0.41861386138613854,-0.4246031746031746,True,Qwen2.5-32B|s3
RedHatAI/Qwen2.5-32B-quantized.w8a16,qwen2.5,Qwen2.5-32B,w8a16,gsm8k,78.09,0.53,-0.38750243491840153,-1.903689025575234,1.1286841557384308,-0.41861386138613854,-0.7746875,True,Qwen2.5-32B|s3
RedHatAI/Qwen2.5-32B-quantized.w8a16,qwen2.5,Qwen2.5-32B,w8a16,hellaswag,85.08,0.06,-0.0029564037774712504,-1.5191429944343036,1.5132301868793612,-0.41861386138613854,-0.28092307692307694,True,Qwen2.5-32B|s3
RedHatAI/Qwen2.5-32B-quantized.w8a16,qwen2.5,Qwen2.5-32B,w8a16,winogrande,81.29,0.32,-0.022443539953422187,-1.5386301306102546,1.4937430507034102,-0.41861386138613854,-0.311875,True,Qwen2.5-32B|s3
RedHatAI/Qwen2.5-32B-quantized.w8a16,qwen2.5,Qwen2.5-32B,w8a16,truthfulqa,57.76,0.02,0.06416537796664451,-1.452021212690188,1.5803519686234768,-0.41861386138613854,-0.2392063492063492,True,Qwen2.5-32B|s3
RedHatAI/Qwen2.5-32B-quantized.w8a16,qwen2.5,Qwen2.5-32B,w8a16,mmlu,83.25,-0.06,-0.2686466178072317,-1.8292712793392716,1.291978043724808,-0.3756544502617801,-0.49642857142857144,True,Qwen2.5-32B|s4
RedHatAI/Qwen2.5-32B-quantized.w8a16,qwen2.5,Qwen2.5-32B,w8a16,arc_challenge,66.3,-0.26,-0.2363008824589324,-1.7969255439909722,1.3243237790731075,-0.3756544502617801,-0.4597058823529412,True,Qwen2.5-32B|s4
RedHatAI/Qwen2.5-32B-quantized.w8a16,qwen2.5,Qwen2.5-32B,w8a16,gsm8k,78.09,0.53,-0.3745654065388172,-1.935190068070857,1.1860592549932227,-0.3756544502617801,-0.6324637681159421,True,Qwen2.5-32B|s4
RedHatAI/Qwen2.5-32B-quantized.w8a16,qwen2.5,Qwen2.5-32B,w8a16,hellaswag,85.08,0.06,-0.07269074312129248,-1.6333154046533322,1.4879339184107474,-0.3756544502617801,-0.2677777777777778,True,Qwen2.5-32B|s4
RedHatAI/Qwen2.5-32B-quantized.w8a16,qwen2.5,Qwen2.5-32B,w8a16,winogrande,81.29,0.32,-0.04758591087468528,-1.608210572406725,1.5130387506573546,-0.3756544502617801,-0.2371830985915493,True,Qwen2.5-32B|s4
RedHatAI/Qwen2.5-32B-quantized.w8a16,qwen2.5,Qwen2.5-32B,w8a16,truthfulqa,57.76,0.02,-0.07361361526313531,-1.634238276795175,1.4870110462689046,-0.3756544502617801,-0.2728985507246377,True,Qwen2.5-32B|s4
RedHatAI/Qwen2.5-3B-FP8-dynamic,qwen2.5,Qwen2.5-3B,fp8_dynamic,mmlu,65.68,-0.45,-0.25142351517841943,-1.9836034648826766,1.4807564345258377,-0.42308000000000007,-0.535,True,Qwen2.5-3B|s0
RedHatAI/Qwen2.5-3B-FP8-dynamic,qwen2.5,Qwen2.5-3B,fp8_dynamic,arc_challenge,63.59,-1.09,-0.06513922467866606,-1.797319174382923,1.6670407250255912,-0.42308000000000007,-0.34800000000000003,True,Qwen2.5-3B|s0
RedHatAI/Qwen2.5-3B-FP8-dynamic,qwen2.5,Qwen2.5-3B,fp8_dynamic,gsm8k,68.23,-4.32,-0.5831519714864968,-2.315331921190754,1.1490279782177604,-0.42308000000000007,-0.9878125,False,Qwen2.5-3B|s0
RedHatAI/Qwen2.5-3B-FP8-dynamic,qwen2.5,Qwen2.5-3B,fp8_dynamic,hellaswag,74.46,-0.33,0.0059283153069212835,-1.726251634397336,1.7381082650111783,-0.42308000000000007,-0.24984848484848482,True,Qwen2.5-3B|s0
RedHatAI/Qwen2.5-3B-FP8-dynamic,qwen2.5,Qwen2.5-3B,fp8_dynamic,winogrande,70.64,-0.71,0.0033778707928139307,-1.728802078911443,1.7355578204970712,-0.42308000000000007,-0.266,True,Qwen2.5-3B|s0
RedHatAI/Qwen2.5-3B-FP8-dynamic,qwen2.5,Qwen2.5-3B,fp8_dynamic,truthfulqa,48.93,-0.22,0.038441944822098284,-1.6937380048821589,1.7706218945263554,-0.42308000000000007,-0.20454545454545456,True,Qwen2.5-3B|s0
RedHatAI/Qwen2.5-3B-quantized.w4a16,qwen2.5,Qwen2.5-3B,w4a16,mmlu,65.68,-1.58,-1.1585744525802784,-2.8907544022845357,0.5736054971239788,-0.42308000000000007,-0.535,True,Qwen2.5-3B|s0
RedHatAI/Qwen2.5-3B-quantized.w4a16,qwen2.5,Qwen2.5-3B,w4a16,arc_challenge,53.58,-2.39,-0.9963143085249296,-2.728494258229187,0.7358656411793275,-0.42308000000000007,-0.34800000000000003,True,Qwen2.5-3B|s0
RedHatAI/Qwen2.5-3B-quantized.w4a16,qwen2.5,Qwen2.5-3B,w4a16,gsm8k,68.23,-0.38,-1.4903029088883557,-3.222482858592613,0.24187704081590145,-0.42308000000000007,-0.9878125,True,Qwen2.5-3B|s0
RedHatAI/Qwen2.5-3B-quantized.w4a16,qwen2.5,Qwen2.5-3B,w4a16,hellaswag,74.46,-1.1,-0.9012226220949378,-2.633402571799195,0.8309573276093194,-0.42308000000000007,-0.24984848484848482,True,Qwen2.5-3B|s0
RedHatAI/Qwen2.5-3B-quantized.w4a16,qwen2.5,Qwen2.5-3B,w4a16,winogrande,70.64,-0.32,-0.9037730666090451,-2.6359530163133025,0.828406883095212,-0.42308000000000007,-0.266,True,Qwen2.5-3B|s0
RedHatAI/Qwen2.5-3B-quantized.w8a16,qwen2.5,Qwen2.5-3B,w8a16,mmlu,65.68,-0.03,-0.1867884612571466,-1.9189684109614038,1.5453914884471105,-0.42308000000000007,-0.535,True,Qwen2.5-3B|s0
RedHatAI/Qwen2.5-3B-quantized.w8a16,qwen2.5,Qwen2.5-3B,w8a16,arc_challenge,53.58,-0.51,-0.02452831720179771,-1.7567082669060547,1.7076516325024595,-0.42308000000000007,-0.34800000000000003,True,Qwen2.5-3B|s0
RedHatAI/Qwen2.5-3B-quantized.w8a16,qwen2.5,Qwen2.5-3B,w8a16,gsm8k,68.23,1.82,-0.5185169175652238,-2.2506968672694807,1.2136630321390334,-0.42308000000000007,-0.9878125,False,Qwen2.5-3B|s0
RedHatAI/Qwen2.5-3B-quantized.w8a16,qwen2.5,Qwen2.5-3B,w8a16,hellaswag,51.83,-0.05,0.019391480390299642,-1.7127884693139575,1.7515714300945568,-0.42308000000000007,-0.24984848484848482,True,Qwen2.5-3B|s0
RedHatAI/Qwen2.5-3B-quantized.w8a16,qwen2.5,Qwen2.5-3B,w8a16,winogrande,70.64,-0.08,0.06801292471408671,-1.6641670249901703,1.800192874418344,-0.42308000000000007,-0.266,True,Qwen2.5-3B|s0
RedHatAI/Qwen2.5-3B-quantized.w8a8,qwen2.5,Qwen2.5-3B,w8a8_int,mmlu,65.68,-0.95,-0.6168227017182076,-2.349002651422465,1.1153572479860494,-0.42308000000000007,-0.535,True,Qwen2.5-3B|s0
RedHatAI/Qwen2.5-3B-quantized.w8a8,qwen2.5,Qwen2.5-3B,w8a8_int,arc_challenge,63.59,-0.73,-0.4305384112184544,-2.1627183609227116,1.3016415384858027,-0.42308000000000007,-0.34800000000000003,True,Qwen2.5-3B|s0
RedHatAI/Qwen2.5-3B-quantized.w8a8,qwen2.5,Qwen2.5-3B,w8a8_int,gsm8k,68.23,-1.97,-0.9485511580262848,-2.680731107730542,0.7836287916779724,-0.42308000000000007,-0.9878125,True,Qwen2.5-3B|s0
RedHatAI/Qwen2.5-3B-quantized.w8a8,qwen2.5,Qwen2.5-3B,w8a8_int,hellaswag,74.46,-0.39,-0.35947087123286703,-2.091650820937124,1.3727090784713902,-0.42308000000000007,-0.24984848484848482,True,Qwen2.5-3B|s0
RedHatAI/Qwen2.5-3B-quantized.w8a8,qwen2.5,Qwen2.5-3B,w8a8_int,winogrande,70.64,-0.16,-0.3620213157469743,-2.0942012654512316,1.3701586339572829,-0.42308000000000007,-0.266,True,Qwen2.5-3B|s0
RedHatAI/Qwen2.5-3B-quantized.w8a8,qwen2.5,Qwen2.5-3B,w8a8_int,truthfulqa,48.93,-1.0,-0.32695724171769003,-2.0591371914219474,1.4052227079865671,-0.42308000000000007,-0.20454545454545456,True,Qwen2.5-3B|s0
RedHatAI/Qwen2.5-3B-FP8-dynamic,qwen2.5,Qwen2.5-3B,fp8_dynamic,mmlu,65.68,-0.45,-0.1593889933577761,-1.7191358425706553,1.400357855855103,-0.3087818181818182,-0.49820895522388065,True,Qwen2.5-3B|s1
RedHatAI/Qwen2.5-3B-FP8-dynamic,qwen2.5,Qwen2.5-3B,fp8_dynamic,arc_challenge,63.59,-1.09,0.13969433988165514,-1.420052509331224,1.6994411890945345,-0.3087818181818182,-0.1944776119402985,True,Qwen2.5-3B|s1
RedHatAI/Qwen2.5-3B-FP8-dynamic,qwen2.5,Qwen2.5-3B,fp8_dynamic,gsm8k,68.23,-4.32,-0.037132090632743975,-1.5968789398456231,1.5226147585801353,-0.3087818181818182,-0.43,False,Qwen2.5-3B|s1
RedHatAI/Qwen2.5-3B-FP8-dynamic,qwen2.5,Qwen2.5-3B,fp8_dynamic,hellaswag,74.46,-0.33,0.10040134215067359,-1.4593455070622057,1.6601481913635527,-0.3087818181818182,-0.21014492753623187,True,Qwen2.5-3B|s1
RedHatAI/Qwen2.5-3B-FP8-dynamic,qwen2.5,Qwen2.5-3B,fp8_dynamic,winogrande,70.64,-0.71,0.22191201445493342,-1.3378348347579458,1.7816588636678126,-0.3087818181818182,-0.08176470588235295,True,Qwen2.5-3B|s1
RedHatAI/Qwen2.5-3B-FP8-dynamic,qwen2.5,Qwen2.5-3B,fp8_dynamic,truthfulqa,48.93,-0.22,0.14330285474825144,-1.4164439944646277,1.7030497039611308,-0.3087818181818182,-0.14558823529411766,True,Qwen2.5-3B|s1
RedHatAI/Qwen2.5-3B-quantized.w4a16,qwen2.5,Qwen2.5-3B,w4a16,mmlu,65.68,-1.58,-1.022241386994326,-2.5819882362072053,0.5375054622185531,-0.3087818181818182,-0.49820895522388065,True,Qwen2.5-3B|s1
RedHatAI/Qwen2.5-3B-quantized.w4a16,qwen2.5,Qwen2.5-3B,w4a16,arc_challenge,53.58,-2.39,-0.7394938317581103,-2.2992406809709895,0.8202530174547689,-0.3087818181818182,-0.1944776119402985,False,Qwen2.5-3B|s1
RedHatAI/Qwen2.5-3B-quantized.w4a16,qwen2.5,Qwen2.5-3B,w4a16,gsm8k,68.23,-0.38,-0.8999844842692941,-2.459731333482173,0.6597623649435851,-0.3087818181818182,-0.43,True,Qwen2.5-3B|s1
RedHatAI/Qwen2.5-3B-quantized.w4a16,qwen2.5,Qwen2.5-3B,w4a16,hellaswag,74.46,-1.1,-0.7624510514858764,-2.3221979006987556,0.7972957977270028,-0.3087818181818182,-0.21014492753623187,True,Qwen2.5-3B|s1
RedHatAI/Qwen2.5-3B-quantized.w4a16,qwen2.5,Qwen2.5-3B,w4a16,winogrande,70.64,-0.32,-0.6409403791816165,-2.2006872283944956,0.9188064700312627,-0.3087818181818182,-0.08176470588235295,True,Qwen2.5-3B|s1
RedHatAI/Qwen2.5-3B-quantized.w8a16,qwen2.5,Qwen2.5-3B,w8a16,mmlu,65.68,-0.03,-0.3076860999877065,-1.8674329492005857,1.2520607492251727,-0.3087818181818182,-0.49820895522388065,True,Qwen2.5-3B|s1
RedHatAI/Qwen2.5-3B-quantized.w8a16,qwen2.5,Qwen2.5-3B,w8a16,arc_challenge,53.58,-0.51,-0.024938544751490654,-1.58468539396437,1.5348083044613885,-0.3087818181818182,-0.1944776119402985,True,Qwen2.5-3B|s1
RedHatAI/Qwen2.5-3B-quantized.w8a16,qwen2.5,Qwen2.5-3B,w8a16,gsm8k,68.23,1.82,-0.18542919726267434,-1.7451760464755535,1.374317651950205,-0.3087818181818182,-0.43,False,Qwen2.5-3B|s1
RedHatAI/Qwen2.5-3B-quantized.w8a16,qwen2.5,Qwen2.5-3B,w8a16,hellaswag,51.83,-0.05,-0.06951196816200511,-1.6292588173748843,1.490234881050874,-0.3087818181818182,-0.21014492753623187,True,Qwen2.5-3B|s1
RedHatAI/Qwen2.5-3B-quantized.w8a16,qwen2.5,Qwen2.5-3B,w8a16,winogrande,70.64,-0.08,0.07361490782500307,-1.4861319413878762,1.6333617570378822,-0.3087818181818182,-0.08176470588235295,True,Qwen2.5-3B|s1
RedHatAI/Qwen2.5-3B-quantized.w8a8,qwen2.5,Qwen2.5-3B,w8a8_int,mmlu,65.68,-0.95,-0.620770926766105,-2.180517775978984,0.9389759224467742,-0.3087818181818182,-0.49820895522388065,True,Qwen2.5-3B|s1
RedHatAI/Qwen2.5-3B-quantized.w8a8,qwen2.5,Qwen2.5-3B,w8a8_int,arc_challenge,63.59,-0.73,-0.32168759352667375,-1.881434442739553,1.2380592556862053,-0.3087818181818182,-0.1944776119402985,True,Qwen2.5-3B|s1
RedHatAI/Qwen2.5-3B-quantized.w8a8,qwen2.5,Qwen2.5-3B,w8a8_int,gsm8k,68.23,-1.97,-0.4985140240410729,-2.058260873253952,1.0612328251718064,-0.3087818181818182,-0.43,True,Qwen2.5-3B|s1
RedHatAI/Qwen2.5-3B-quantized.w8a8,qwen2.5,Qwen2.5-3B,w8a8_int,hellaswag,74.46,-0.39,-0.36098059125765525,-1.9207274404705346,1.1987662579552238,-0.3087818181818182,-0.21014492753623187,True,Qwen2.5-3B|s1
RedHatAI/Qwen2.5-3B-quantized.w8a8,qwen2.5,Qwen2.5-3B,w8a8_int,winogrande,70.64,-0.16,-0.23946991895339545,-1.7992167681662747,1.3202769302594837,-0.3087818181818182,-0.08176470588235295,True,Qwen2.5-3B|s1
RedHatAI/Qwen2.5-3B-quantized.w8a8,qwen2.5,Qwen2.5-3B,w8a8_int,truthfulqa,48.93,-1.0,-0.31807907866007745,-1.8778259278729568,1.2416677705528016,-0.3087818181818182,-0.14558823529411766,True,Qwen2.5-3B|s1
RedHatAI/Qwen2.5-3B-FP8-dynamic,qwen2.5,Qwen2.5-3B,fp8_dynamic,mmlu,65.68,-0.45,-0.2011962394070688,-1.95328946265847,1.5508969838443325,-0.38108829568788494,-0.49142857142857144,True,Qwen2.5-3B|s2
RedHatAI/Qwen2.5-3B-FP8-dynamic,qwen2.5,Qwen2.5-3B,fp8_dynamic,arc_challenge,63.59,-1.09,-0.003680579600598255,-1.7557738028519996,1.748412643650803,-0.38108829568788494,-0.2965079365079365,True,Qwen2.5-3B|s2
RedHatAI/Qwen2.5-3B-FP8-dynamic,qwen2.5,Qwen2.5-3B,fp8_dynamic,gsm8k,68.23,-4.32,-0.5004517273956537,-2.2525449506470547,1.2516414958557476,-0.38108829568788494,-0.9109677419354838,False,Qwen2.5-3B|s2
RedHatAI/Qwen2.5-3B-FP8-dynamic,qwen2.5,Qwen2.5-3B,fp8_dynamic,hellaswag,74.46,-0.33,0.06855215829142247,-1.6835410649599787,1.8206453815428238,-0.38108829568788494,-0.19876923076923078,True,Qwen2.5-3B|s2
RedHatAI/Qwen2.5-3B-FP8-dynamic,qwen2.5,Qwen2.5-3B,fp8_dynamic,winogrande,70.64,-0.71,0.04701716755435209,-1.7050760556970492,1.7991103908057533,-0.38108829568788494,-0.22499999999999998,True,Qwen2.5-3B|s2
RedHatAI/Qwen2.5-3B-FP8-dynamic,qwen2.5,Qwen2.5-3B,fp8_dynamic,truthfulqa,48.93,-0.22,0.11127346765207202,-1.6408197555993294,1.8633666909034732,-0.38108829568788494,-0.12765625,True,Qwen2.5-3B|s2
RedHatAI/Qwen2.5-3B-quantized.w4a16,qwen2.5,Qwen2.5-3B,w4a16,mmlu,65.68,-1.58,-1.1270747386013182,-2.8791679618527195,0.625018484650083,-0.38108829568788494,-0.49142857142857144,True,Qwen2.5-3B|s2
RedHatAI/Qwen2.5-3B-quantized.w4a16,qwen2.5,Qwen2.5-3B,w4a16,arc_challenge,53.58,-2.39,-0.9791677645111245,-2.731260987762526,0.7729254587402767,-0.38108829568788494,-0.2965079365079365,True,Qwen2.5-3B|s2
RedHatAI/Qwen2.5-3B-quantized.w4a16,qwen2.5,Qwen2.5-3B,w4a16,gsm8k,68.23,-0.38,-1.426330226589903,-3.178423449841304,0.3257629966614983,-0.38108829568788494,-0.9109677419354838,True,Qwen2.5-3B|s2
RedHatAI/Qwen2.5-3B-quantized.w4a16,qwen2.5,Qwen2.5-3B,w4a16,hellaswag,74.46,-1.1,-0.8573263409028268,-2.609419564154228,0.8947668823485745,-0.38108829568788494,-0.19876923076923078,True,Qwen2.5-3B|s2
RedHatAI/Qwen2.5-3B-quantized.w4a16,qwen2.5,Qwen2.5-3B,w4a16,winogrande,70.64,-0.32,-0.8788613316398972,-2.6309545548912983,0.873231891611504,-0.38108829568788494,-0.22499999999999998,True,Qwen2.5-3B|s2
RedHatAI/Qwen2.5-3B-quantized.w8a16,qwen2.5,Qwen2.5-3B,w8a16,mmlu,65.68,-0.03,-0.06718182786149224,-1.8192750511128934,1.684911395389909,-0.38108829568788494,-0.49142857142857144,True,Qwen2.5-3B|s2
RedHatAI/Qwen2.5-3B-quantized.w8a16,qwen2.5,Qwen2.5-3B,w8a16,arc_challenge,53.58,-0.51,0.0807251462287013,-1.6713680770227,1.8328183694801026,-0.38108829568788494,-0.2965079365079365,True,Qwen2.5-3B|s2
RedHatAI/Qwen2.5-3B-quantized.w8a16,qwen2.5,Qwen2.5-3B,w8a16,gsm8k,68.23,1.82,-0.3664373158500771,-2.1185305391014784,1.3856559074013242,-0.38108829568788494,-0.9109677419354838,False,Qwen2.5-3B|s2
RedHatAI/Qwen2.5-3B-quantized.w8a16,qwen2.5,Qwen2.5-3B,w8a16,hellaswag,51.83,-0.05,0.08480314387705634,-1.6672900793743448,1.8368963671284577,-0.38108829568788494,-0.19876923076923078,True,Qwen2.5-3B|s2
RedHatAI/Qwen2.5-3B-quantized.w8a16,qwen2.5,Qwen2.5-3B,w8a16,winogrande,70.64,-0.08,0.18103157909992873,-1.5710616441514724,1.93312480235133,-0.38108829568788494,-0.22499999999999998,True,Qwen2.5-3B|s2
RedHatAI/Qwen2.5-3B-quantized.w8a8,qwen2.5,Qwen2.5-3B,w8a8_int,mmlu,65.68,-0.95,-0.6248505349584802,-2.3769437582098814,1.1272426882929212,-0.38108829568788494,-0.49142857142857144,True,Qwen2.5-3B|s2
RedHatAI/Qwen2.5-3B-quantized.w8a8,qwen2.5,Qwen2.5-3B,w8a8_int,arc_challenge,63.59,-0.73,-0.42733487515200963,-2.179428098403411,1.3247583480993916,-0.38108829568788494,-0.2965079365079365,True,Qwen2.5-3B|s2
RedHatAI/Qwen2.5-3B-quantized.w8a8,qwen2.5,Qwen2.5-3B,w8a8_int,gsm8k,68.23,-1.97,-0.9241060229470651,-2.6761992461984665,0.8279872003043361,-0.38108829568788494,-0.9109677419354838,True,Qwen2.5-3B|s2
RedHatAI/Qwen2.5-3B-quantized.w8a8,qwen2.5,Qwen2.5-3B,w8a8_int,hellaswag,74.46,-0.39,-0.35510213725998896,-2.1071953605113904,1.3969910859914123,-0.38108829568788494,-0.19876923076923078,True,Qwen2.5-3B|s2
RedHatAI/Qwen2.5-3B-quantized.w8a8,qwen2.5,Qwen2.5-3B,w8a8_int,winogrande,70.64,-0.16,-0.37663712799705923,-2.1287303512484606,1.375456095254342,-0.38108829568788494,-0.22499999999999998,True,Qwen2.5-3B|s2
RedHatAI/Qwen2.5-3B-quantized.w8a8,qwen2.5,Qwen2.5-3B,w8a8_int,truthfulqa,48.93,-1.0,-0.3123808278993393,-2.0644740511507407,1.4397123953520619,-0.38108829568788494,-0.12765625,True,Qwen2.5-3B|s2
RedHatAI/Qwen2.5-3B-FP8-dynamic,qwen2.5,Qwen2.5-3B,fp8_dynamic,mmlu,65.68,-0.45,-0.31303047308821474,-2.912365706116947,2.2863047599405175,-0.3193861386138614,-0.42047619047619045,True,Qwen2.5-3B|s3
RedHatAI/Qwen2.5-3B-FP8-dynamic,qwen2.5,Qwen2.5-3B,fp8_dynamic,arc_challenge,63.59,-1.09,-0.20127495751140068,-2.800610190540133,2.3980602755173317,-0.3193861386138614,-0.30714285714285716,True,Qwen2.5-3B|s3
RedHatAI/Qwen2.5-3B-FP8-dynamic,qwen2.5,Qwen2.5-3B,fp8_dynamic,gsm8k,68.23,-4.32,-0.37008379549118475,-2.969419028519917,2.2292514375375476,-0.3193861386138614,-0.4915873015873016,False,Qwen2.5-3B|s3
RedHatAI/Qwen2.5-3B-FP8-dynamic,qwen2.5,Qwen2.5-3B,fp8_dynamic,hellaswag,74.46,-0.33,-0.15774705611010675,-2.757082289138839,2.4415881769186254,-0.3193861386138614,-0.24075757575757575,True,Qwen2.5-3B|s3
RedHatAI/Qwen2.5-3B-FP8-dynamic,qwen2.5,Qwen2.5-3B,fp8_dynamic,winogrande,70.64,-0.71,-0.036553105681356,-2.6358883387100884,2.562782127347376,-0.3193861386138614,-0.11090909090909092,True,Qwen2.5-3B|s3
RedHatAI/Qwen2.5-3B-FP8-dynamic,qwen2.5,Qwen2.5-3B,fp8_dynamic,truthfulqa,48.93,-0.22,-0.09152686139796362,-2.690862094426696,2.5078083716307686,-0.3193861386138614,-0.21727272727272728,True,Qwen2.5-3B|s3
RedHatAI/Qwen2.5-3B-quantized.w4a16,qwen2.5,Qwen2.5-3B,w4a16,mmlu,65.68,-1.58,-0.9631315107778069,-3.562466743806539,1.6362037222509254,-0.3193861386138614,-0.42047619047619045,True,Qwen2.5-3B|s3
RedHatAI/Qwen2.5-3B-quantized.w4a16,qwen2.5,Qwen2.5-3B,w4a16,arc_challenge,53.58,-2.39,-0.8413500429478211,-3.4406852759765534,1.7579851900809111,-0.3193861386138614,-0.30714285714285716,True,Qwen2.5-3B|s3
RedHatAI/Qwen2.5-3B-quantized.w4a16,qwen2.5,Qwen2.5-3B,w4a16,gsm8k,68.23,-0.38,-1.020184833180777,-3.6195200662095095,1.5791503998479552,-0.3193861386138614,-0.4915873015873016,True,Qwen2.5-3B|s3
RedHatAI/Qwen2.5-3B-quantized.w4a16,qwen2.5,Qwen2.5-3B,w4a16,hellaswag,74.46,-1.1,-0.8078480937996989,-3.4071833268284313,1.7914871392290332,-0.3193861386138614,-0.24075757575757575,True,Qwen2.5-3B|s3
RedHatAI/Qwen2.5-3B-quantized.w4a16,qwen2.5,Qwen2.5-3B,w4a16,winogrande,70.64,-0.32,-0.6866541433709481,-3.28598937639968,1.9126810896577842,-0.3193861386138614,-0.11090909090909092,True,Qwen2.5-3B|s3
RedHatAI/Qwen2.5-3B-quantized.w8a16,qwen2.5,Qwen2.5-3B,w8a16,mmlu,65.68,-0.03,-0.20925786613234787,-2.8085930991610804,2.390077366896384,-0.3193861386138614,-0.42047619047619045,True,Qwen2.5-3B|s3
RedHatAI/Qwen2.5-3B-quantized.w8a16,qwen2.5,Qwen2.5-3B,w8a16,arc_challenge,53.58,-0.51,-0.08747639830236217,-2.6868116313310946,2.51185883472637,-0.3193861386138614,-0.30714285714285716,True,Qwen2.5-3B|s3
RedHatAI/Qwen2.5-3B-quantized.w8a16,qwen2.5,Qwen2.5-3B,w8a16,gsm8k,68.23,1.82,-0.2663111885353178,-2.8656464215640503,2.3330240444934143,-0.3193861386138614,-0.4915873015873016,True,Qwen2.5-3B|s3
RedHatAI/Qwen2.5-3B-quantized.w8a16,qwen2.5,Qwen2.5-3B,w8a16,hellaswag,51.83,-0.05,-0.06642196571947429,-2.6657571987482065,2.532913267309258,-0.3193861386138614,-0.24075757575757575,True,Qwen2.5-3B|s3
RedHatAI/Qwen2.5-3B-quantized.w8a16,qwen2.5,Qwen2.5-3B,w8a16,winogrande,70.64,-0.08,0.06721950127451087,-2.5321157317542213,2.666554734303243,-0.3193861386138614,-0.11090909090909092,True,Qwen2.5-3B|s3
RedHatAI/Qwen2.5-3B-quantized.w8a8,qwen2.5,Qwen2.5-3B,w8a8_int,mmlu,65.68,-0.95,-0.5196729186870713,-3.1190081517158035,2.079662314341661,-0.3193861386138614,-0.42047619047619045,True,Qwen2.5-3B|s3
RedHatAI/Qwen2.5-3B-quantized.w8a8,qwen2.5,Qwen2.5-3B,w8a8_int,arc_challenge,63.59,-0.73,-0.40791740311025726,-3.0072526361389897,2.191417829918475,-0.3193861386138614,-0.30714285714285716,True,Qwen2.5-3B|s3
RedHatAI/Qwen2.5-3B-quantized.w8a8,qwen2.5,Qwen2.5-3B,w8a8_int,gsm8k,68.23,-1.97,-0.5767262410900413,-3.1760614741187734,2.022608991938691,-0.3193861386138614,-0.4915873015873016,True,Qwen2.5-3B|s3
RedHatAI/Qwen2.5-3B-quantized.w8a8,qwen2.5,Qwen2.5-3B,w8a8_int,hellaswag,74.46,-0.39,-0.36438950170896334,-2.9637247347376956,2.234945731319769,-0.3193861386138614,-0.24075757575757575,True,Qwen2.5-3B|s3
RedHatAI/Qwen2.5-3B-quantized.w8a8,qwen2.5,Qwen2.5-3B,w8a8_int,winogrande,70.64,-0.16,-0.24319555128021267,-2.842530784308945,2.3561396817485196,-0.3193861386138614,-0.11090909090909092,True,Qwen2.5-3B|s3
RedHatAI/Qwen2.5-3B-quantized.w8a8,qwen2.5,Qwen2.5-3B,w8a8_int,truthfulqa,48.93,-1.0,-0.2981693069968202,-2.8975045400255524,2.301165926031912,-0.3193861386138614,-0.21727272727272728,True,Qwen2.5-3B|s3
RedHatAI/Qwen2.5-3B-FP8-dynamic,qwen2.5,Qwen2.5-3B,fp8_dynamic,mmlu,65.68,-0.45,-0.2912901841688411,-2.3159957875117145,1.7334154191740323,-0.3835071942446043,-0.4569014084507042,True,Qwen2.5-3B|s4
RedHatAI/Qwen2.5-3B-FP8-dynamic,qwen2.5,Qwen2.5-3B,fp8_dynamic,arc_challenge,63.59,-1.09,-0.28206964455612704,-2.3067752478990005,1.7426359587867464,-0.3835071942446043,-0.45323529411764707,True,Qwen2.5-3B|s4
RedHatAI/Qwen2.5-3B-FP8-dynamic,qwen2.5,Qwen2.5-3B,fp8_dynamic,gsm8k,68.23,-4.32,-0.5474164255857978,-2.5721220289286713,1.4772891777570756,-0.3835071942446043,-0.77,False,Qwen2.5-3B|s4
RedHatAI/Qwen2.5-3B-FP8-dynamic,qwen2.5,Qwen2.5-3B,fp8_dynamic,hellaswag,74.46,-0.33,-0.20870413967450374,-2.2334097430173774,1.8160014636683697,-0.3835071942446043,-0.3572222222222222,True,Qwen2.5-3B|s4
RedHatAI/Qwen2.5-3B-FP8-dynamic,qwen2.5,Qwen2.5-3B,fp8_dynamic,winogrande,70.64,-0.71,-0.0796270813805442,-2.104332684723418,1.9450785219623292,-0.3835071942446043,-0.21056338028169017,True,Qwen2.5-3B|s4
RedHatAI/Qwen2.5-3B-FP8-dynamic,qwen2.5,Qwen2.5-3B,fp8_dynamic,truthfulqa,48.93,-0.22,-0.08878663195792758,-2.113492235300801,1.9359189713849458,-0.3835071942446043,-0.2348611111111111,True,Qwen2.5-3B|s4
RedHatAI/Qwen2.5-3B-quantized.w4a16,qwen2.5,Qwen2.5-3B,w4a16,mmlu,65.68,-1.58,-1.0453503053119566,-3.07005590865483,0.9793552980309168,-0.3835071942446043,-0.4569014084507042,True,Qwen2.5-3B|s4
RedHatAI/Qwen2.5-3B-quantized.w4a16,qwen2.5,Qwen2.5-3B,w4a16,arc_challenge,53.58,-2.39,-1.0721560377380717,-3.0968616410809453,0.9525495656048018,-0.3835071942446043,-0.45323529411764707,True,Qwen2.5-3B|s4
RedHatAI/Qwen2.5-3B-quantized.w4a16,qwen2.5,Qwen2.5-3B,w4a16,gsm8k,68.23,-0.38,-1.3014765467289133,-3.3261821500717867,0.7232290566139601,-0.3835071942446043,-0.77,True,Qwen2.5-3B|s4
RedHatAI/Qwen2.5-3B-quantized.w4a16,qwen2.5,Qwen2.5-3B,w4a16,hellaswag,74.46,-1.1,-0.9627642608176192,-2.9874698641604924,1.0619413425252542,-0.3835071942446043,-0.3572222222222222,True,Qwen2.5-3B|s4
RedHatAI/Qwen2.5-3B-quantized.w4a16,qwen2.5,Qwen2.5-3B,w4a16,winogrande,70.64,-0.32,-0.8336872025236597,-2.858392805866533,1.1910184008192137,-0.3835071942446043,-0.21056338028169017,True,Qwen2.5-3B|s4
RedHatAI/Qwen2.5-3B-quantized.w8a16,qwen2.5,Qwen2.5-3B,w8a16,mmlu,65.68,-0.03,-0.2688679354512654,-2.293573538794139,1.755837667891608,-0.3835071942446043,-0.4569014084507042,True,Qwen2.5-3B|s4
RedHatAI/Qwen2.5-3B-quantized.w8a16,qwen2.5,Qwen2.5-3B,w8a16,arc_challenge,53.58,-0.51,-0.29567366787738025,-2.320379271220254,1.729031935465493,-0.3835071942446043,-0.45323529411764707,True,Qwen2.5-3B|s4
RedHatAI/Qwen2.5-3B-quantized.w8a16,qwen2.5,Qwen2.5-3B,w8a16,gsm8k,68.23,1.82,-0.524994176868222,-2.5496997802110952,1.4997114264746514,-0.3835071942446043,-0.77,False,Qwen2.5-3B|s4
RedHatAI/Qwen2.5-3B-quantized.w8a16,qwen2.5,Qwen2.5-3B,w8a16,hellaswag,51.83,-0.05,-0.2978443043048302,-2.3225499076477036,1.7268612990380432,-0.3835071942446043,-0.3572222222222222,True,Qwen2.5-3B|s4
RedHatAI/Qwen2.5-3B-quantized.w8a16,qwen2.5,Qwen2.5-3B,w8a16,winogrande,70.64,-0.08,-0.057204832662968386,-2.081910436005842,1.967500770679905,-0.3835071942446043,-0.21056338028169017,True,Qwen2.5-3B|s4
RedHatAI/Qwen2.5-3B-quantized.w8a8,qwen2.5,Qwen2.5-3B,w8a8_int,mmlu,65.68,-0.95,-0.4101310472998938,-2.434836650642767,1.6145745560429796,-0.3835071942446043,-0.4569014084507042,True,Qwen2.5-3B|s4
RedHatAI/Qwen2.5-3B-quantized.w8a8,qwen2.5,Qwen2.5-3B,w8a8_int,arc_challenge,63.59,-0.73,-0.40091050768717973,-2.4256161110300534,1.6237950956556937,-0.3835071942446043,-0.45323529411764707,True,Qwen2.5-3B|s4
RedHatAI/Qwen2.5-3B-quantized.w8a8,qwen2.5,Qwen2.5-3B,w8a8_int,gsm8k,68.23,-1.97,-0.6662572887168505,-2.6909628920597237,1.358448314626023,-0.3835071942446043,-0.77,True,Qwen2.5-3B|s4
RedHatAI/Qwen2.5-3B-quantized.w8a8,qwen2.5,Qwen2.5-3B,w8a8_int,hellaswag,74.46,-0.39,-0.3275450028055564,-2.35225060614843,1.697160600537317,-0.3835071942446043,-0.3572222222222222,True,Qwen2.5-3B|s4
RedHatAI/Qwen2.5-3B-quantized.w8a8,qwen2.5,Qwen2.5-3B,w8a8_int,winogrande,70.64,-0.16,-0.19846794451159686,-2.2231735478544703,1.8262376588312765,-0.3835071942446043,-0.21056338028169017,True,Qwen2.5-3B|s4
RedHatAI/Qwen2.5-3B-quantized.w8a8,qwen2.5,Qwen2.5-3B,w8a8_int,truthfulqa,48.93,-1.0,-0.2076274950889803,-2.232333098431854,1.8170781082538932,-0.3835071942446043,-0.2348611111111111,True,Qwen2.5-3B|s4
RedHatAI/Qwen2.5-72B-FP8-dynamic,qwen2.5,Qwen2.5-72B,fp8_dynamic,mmlu,86.05,-0.21,-0.1077206346905642,-1.513259297754589,1.2978180283734606,-0.39252236135957064,-0.4747058823529412,True,Qwen2.5-72B|s0
RedHatAI/Qwen2.5-72B-FP8-dynamic,qwen2.5,Qwen2.5-72B,fp8_dynamic,arc_challenge,68.26,-0.09,-0.05583303044593363,-1.4613716935099583,1.3497056326180912,-0.39252236135957064,-0.3736764705882353,True,Qwen2.5-72B|s0
RedHatAI/Qwen2.5-72B-FP8-dynamic,qwen2.5,Qwen2.5-72B,fp8_dynamic,gsm8k,88.63,-0.84,-0.2890331536399221,-1.694571816703947,1.1165055094241025,-0.39252236135957064,-0.7089552238805971,True,Qwen2.5-72B|s0
RedHatAI/Qwen2.5-72B-FP8-dynamic,qwen2.5,Qwen2.5-72B,fp8_dynamic,hellaswag,87.53,-0.07,0.08516948976403532,-1.3203691732999894,1.4907081528280601,-0.39252236135957064,-0.23114285714285715,True,Qwen2.5-72B|s0
RedHatAI/Qwen2.5-72B-FP8-dynamic,qwen2.5,Qwen2.5-72B,fp8_dynamic,winogrande,82.56,0.63,0.014231292344777102,-1.3913073707192476,1.419769955408802,-0.39252236135957064,-0.2995652173913044,True,Qwen2.5-72B|s0
RedHatAI/Qwen2.5-72B-FP8-dynamic,qwen2.5,Qwen2.5-72B,fp8_dynamic,truthfulqa,60.44,-0.16,0.09698984928459525,-1.3085488137794294,1.50252851234862,-0.39252236135957064,-0.202,True,Qwen2.5-72B|s0
RedHatAI/Qwen2.5-72B-quantized.w8a16,qwen2.5,Qwen2.5-72B,w8a16,mmlu,86.05,-0.07,-0.01792009042925563,-1.4234587534932803,1.3876185726347692,-0.39252236135957064,-0.4747058823529412,True,Qwen2.5-72B|s0
RedHatAI/Qwen2.5-72B-quantized.w8a16,qwen2.5,Qwen2.5-72B,w8a16,arc_challenge,68.26,-0.09,0.03396751381537505,-1.3715711492486498,1.4395061768793997,-0.39252236135957064,-0.3736764705882353,True,Qwen2.5-72B|s0
RedHatAI/Qwen2.5-72B-quantized.w8a16,qwen2.5,Qwen2.5-72B,w8a16,gsm8k,88.63,0.53,-0.19923260937861356,-1.6047712724426384,1.206306053685411,-0.39252236135957064,-0.7089552238805971,True,Qwen2.5-72B|s0
RedHatAI/Qwen2.5-72B-quantized.w8a16,qwen2.5,Qwen2.5-72B,w8a16,hellaswag,87.53,-0.04,0.174970034025344,-1.2305686290386808,1.5805086970893687,-0.39252236135957064,-0.23114285714285715,True,Qwen2.5-72B|s0
RedHatAI/Qwen2.5-72B-quantized.w8a16,qwen2.5,Qwen2.5-72B,w8a16,winogrande,82.56,0.0,0.10403183660608567,-1.301506826457939,1.5095704996701105,-0.39252236135957064,-0.2995652173913044,True,Qwen2.5-72B|s0
RedHatAI/Qwen2.5-72B-quantized.w8a16,qwen2.5,Qwen2.5-72B,w8a16,truthfulqa,60.44,-0.14,0.18679039354590382,-1.2187482695181209,1.5923290566099286,-0.39252236135957064,-0.202,True,Qwen2.5-72B|s0
RedHatAI/Qwen2.5-72B-quantized.w8a8,qwen2.5,Qwen2.5-72B,w8a8_int,mmlu,86.05,-0.37,-0.572208472701998,-1.9777471357660228,0.8333301903620267,-0.39252236135957064,-0.4747058823529412,True,Qwen2.5-72B|s0
RedHatAI/Qwen2.5-72B-quantized.w8a8,qwen2.5,Qwen2.5-72B,w8a8_int,arc_challenge,68.26,-0.09,-0.5203208684573675,-1.9258595315213922,0.8852177946066573,-0.39252236135957064,-0.3736764705882353,True,Qwen2.5-72B|s0
RedHatAI/Qwen2.5-72B-quantized.w8a8,qwen2.5,Qwen2.5-72B,w8a8_int,gsm8k,88.63,0.0,-0.7535209916513559,-2.1590596547153806,0.6520176714126689,-0.39252236135957064,-0.7089552238805971,True,Qwen2.5-72B|s0
RedHatAI/Qwen2.5-72B-quantized.w8a8,qwen2.5,Qwen2.5-72B,w8a8_int,hellaswag,87.53,0.0,-0.3793183482473985,-1.7848570113114233,1.0262203148166262,-0.39252236135957064,-0.23114285714285715,True,Qwen2.5-72B|s0
RedHatAI/Qwen2.5-72B-quantized.w8a8,qwen2.5,Qwen2.5-72B,w8a8_int,winogrande,82.56,-0.79,-0.45025654566665674,-1.8557952087306815,0.955282117397368,-0.39252236135957064,-0.2995652173913044,True,Qwen2.5-72B|s0
RedHatAI/Qwen2.5-72B-quantized.w8a8,qwen2.5,Qwen2.5-72B,w8a8_int,truthfulqa,60.44,0.05,-0.36749798872683864,-1.7730366517908633,1.0380406743371862,-0.39252236135957064,-0.202,True,Qwen2.5-72B|s0
RedHatAI/Qwen2.5-72B-FP8-dynamic,qwen2.5,Qwen2.5-72B,fp8_dynamic,mmlu,86.05,-0.21,-0.11441200976086802,-2.264611047795908,2.0357870282741723,-0.36187747035573126,-0.4218181818181818,True,Qwen2.5-72B|s1
RedHatAI/Qwen2.5-72B-FP8-dynamic,qwen2.5,Qwen2.5-72B,fp8_dynamic,arc_challenge,68.26,-0.09,-0.36893647355679776,-2.519135511591838,1.7812625644782425,-0.36187747035573126,-0.48015625,True,Qwen2.5-72B|s1
RedHatAI/Qwen2.5-72B-FP8-dynamic,qwen2.5,Qwen2.5-72B,fp8_dynamic,gsm8k,88.63,-0.84,-0.1663084156671472,-2.3165074537021875,1.983890622367893,-0.36187747035573126,-0.49446153846153845,True,Qwen2.5-72B|s1
RedHatAI/Qwen2.5-72B-FP8-dynamic,qwen2.5,Qwen2.5-72B,fp8_dynamic,hellaswag,87.53,-0.07,-0.11403811127883554,-2.2642371493138755,2.036160926756205,-0.36187747035573126,-0.346764705882353,True,Qwen2.5-72B|s1
RedHatAI/Qwen2.5-72B-FP8-dynamic,qwen2.5,Qwen2.5-72B,fp8_dynamic,winogrande,82.56,0.63,0.0006894993669009364,-2.149509538668139,2.1508885374019413,-0.36187747035573126,-0.16014925373134328,True,Qwen2.5-72B|s1
RedHatAI/Qwen2.5-72B-FP8-dynamic,qwen2.5,Qwen2.5-72B,fp8_dynamic,truthfulqa,60.44,-0.16,-0.11303859141912304,-2.263237629454163,2.037160446615917,-0.36187747035573126,-0.20106060606060605,True,Qwen2.5-72B|s1
RedHatAI/Qwen2.5-72B-quantized.w8a16,qwen2.5,Qwen2.5-72B,w8a16,mmlu,86.05,-0.07,-0.08024252438330187,-2.230441562418342,2.0699565136517384,-0.36187747035573126,-0.4218181818181818,True,Qwen2.5-72B|s1
RedHatAI/Qwen2.5-72B-quantized.w8a16,qwen2.5,Qwen2.5-72B,w8a16,arc_challenge,68.26,-0.09,-0.3347669881792317,-2.4849660262142717,1.8154320498558085,-0.36187747035573126,-0.48015625,True,Qwen2.5-72B|s1
RedHatAI/Qwen2.5-72B-quantized.w8a16,qwen2.5,Qwen2.5-72B,w8a16,gsm8k,88.63,0.53,-0.13213893028958104,-2.2823379683246214,2.018060107745459,-0.36187747035573126,-0.49446153846153845,True,Qwen2.5-72B|s1
RedHatAI/Qwen2.5-72B-quantized.w8a16,qwen2.5,Qwen2.5-72B,w8a16,hellaswag,87.53,-0.04,-0.07986862590126936,-2.2300676639363095,2.070330412133771,-0.36187747035573126,-0.346764705882353,True,Qwen2.5-72B|s1
RedHatAI/Qwen2.5-72B-quantized.w8a16,qwen2.5,Qwen2.5-72B,w8a16,winogrande,82.56,0.0,0.03485898474446697,-2.115340053290573,2.1850580227795073,-0.36187747035573126,-0.16014925373134328,True,Qwen2.5-72B|s1
RedHatAI/Qwen2.5-72B-quantized.w8a16,qwen2.5,Qwen2.5-72B,w8a16,truthfulqa,60.44,-0.14,-0.07886910604155695,-2.229068144076597,2.0713299319934833,-0.36187747035573126,-0.20106060606060605,True,Qwen2.5-72B|s1
RedHatAI/Qwen2.5-72B-quantized.w8a8,qwen2.5,Qwen2.5-72B,w8a8_int,mmlu,86.05,-0.37,-0.4132920030338879,-2.5634910410689282,1.7369070350011522,-0.36187747035573126,-0.4218181818181818,True,Qwen2.5-72B|s1
RedHatAI/Qwen2.5-72B-quantized.w8a8,qwen2.5,Qwen2.5-72B,w8a8_int,arc_challenge,68.26,-0.09,-0.6678164668298177,-2.818015504864858,1.4823825712052225,-0.36187747035573126,-0.48015625,True,Qwen2.5-72B|s1
RedHatAI/Qwen2.5-72B-quantized.w8a8,qwen2.5,Qwen2.5-72B,w8a8_int,gsm8k,88.63,0.0,-0.4651884089401671,-2.615387446975207,1.6850106290948732,-0.36187747035573126,-0.49446153846153845,True,Qwen2.5-72B|s1
RedHatAI/Qwen2.5-72B-quantized.w8a8,qwen2.5,Qwen2.5-72B,w8a8_int,hellaswag,87.53,0.0,-0.4129181045518554,-2.5631171425868957,1.7372809334831847,-0.36187747035573126,-0.346764705882353,True,Qwen2.5-72B|s1
RedHatAI/Qwen2.5-72B-quantized.w8a8,qwen2.5,Qwen2.5-72B,w8a8_int,winogrande,82.56,-0.79,-0.298190493906119,-2.4483895319411593,1.8520085441289211,-0.36187747035573126,-0.16014925373134328,True,Qwen2.5-72B|s1
RedHatAI/Qwen2.5-72B-quantized.w8a8,qwen2.5,Qwen2.5-72B,w8a8_int,truthfulqa,60.44,0.05,-0.411918584692143,-2.5621176227271834,1.7382804533428973,-0.36187747035573126,-0.20106060606060605,True,Qwen2.5-72B|s1
RedHatAI/Qwen2.5-72B-FP8-dynamic,qwen2.5,Qwen2.5-72B,fp8_dynamic,mmlu,86.05,-0.21,-0.2079611332231877,-1.8482073079466506,1.4322850415002752,-0.37625423728813556,-0.5245945945945946,True,Qwen2.5-72B|s2
RedHatAI/Qwen2.5-72B-FP8-dynamic,qwen2.5,Qwen2.5-72B,fp8_dynamic,arc_challenge,68.26,-0.09,-0.07556544846783558,-1.7158116231912985,1.5646807262556273,-0.37625423728813556,-0.3851388888888889,True,Qwen2.5-72B|s2
RedHatAI/Qwen2.5-72B-FP8-dynamic,qwen2.5,Qwen2.5-72B,fp8_dynamic,gsm8k,88.63,-0.84,-0.33521981177371535,-1.9754659864971782,1.3050263629497476,-0.37625423728813556,-0.6767123287671233,True,Qwen2.5-72B|s2
RedHatAI/Qwen2.5-72B-FP8-dynamic,qwen2.5,Qwen2.5-72B,fp8_dynamic,hellaswag,87.53,-0.07,0.04266128386318141,-1.5975848908602814,1.6829074585866444,-0.37625423728813556,-0.23592105263157895,True,Qwen2.5-72B|s2
RedHatAI/Qwen2.5-72B-FP8-dynamic,qwen2.5,Qwen2.5-72B,fp8_dynamic,winogrande,82.56,0.63,0.059440630290612084,-1.5808055444328508,1.699686805014075,-0.37625423728813556,-0.21693333333333334,True,Qwen2.5-72B|s2
RedHatAI/Qwen2.5-72B-FP8-dynamic,qwen2.5,Qwen2.5-72B,fp8_dynamic,truthfulqa,60.44,-0.16,0.08136409434113523,-1.5588820803823276,1.7216102690645982,-0.37625423728813556,-0.20534246575342466,True,Qwen2.5-72B|s2
RedHatAI/Qwen2.5-72B-quantized.w8a16,qwen2.5,Qwen2.5-72B,w8a16,mmlu,86.05,-0.07,-0.16502983600785007,-1.805276010731313,1.4752163387156128,-0.37625423728813556,-0.5245945945945946,True,Qwen2.5-72B|s2
RedHatAI/Qwen2.5-72B-quantized.w8a16,qwen2.5,Qwen2.5-72B,w8a16,arc_challenge,68.26,-0.09,-0.032634151252497856,-1.6728803259759608,1.607612023470965,-0.37625423728813556,-0.3851388888888889,True,Qwen2.5-72B|s2
RedHatAI/Qwen2.5-72B-quantized.w8a16,qwen2.5,Qwen2.5-72B,w8a16,gsm8k,88.63,0.53,-0.29228851455837757,-1.9325346892818405,1.3479576601650853,-0.37625423728813556,-0.6767123287671233,True,Qwen2.5-72B|s2
RedHatAI/Qwen2.5-72B-quantized.w8a16,qwen2.5,Qwen2.5-72B,w8a16,hellaswag,87.53,-0.04,0.08559258107851908,-1.554653593644944,1.7258387558019819,-0.37625423728813556,-0.23592105263157895,True,Qwen2.5-72B|s2
RedHatAI/Qwen2.5-72B-quantized.w8a16,qwen2.5,Qwen2.5-72B,w8a16,winogrande,82.56,0.0,0.10237192750594981,-1.537874247217513,1.7426181022294127,-0.37625423728813556,-0.21693333333333334,True,Qwen2.5-72B|s2
RedHatAI/Qwen2.5-72B-quantized.w8a16,qwen2.5,Qwen2.5-72B,w8a16,truthfulqa,60.44,-0.14,0.1242953915564729,-1.51595078316699,1.7645415662799357,-0.37625423728813556,-0.20534246575342466,True,Qwen2.5-72B|s2
RedHatAI/Qwen2.5-72B-quantized.w8a8,qwen2.5,Qwen2.5-72B,w8a8_int,mmlu,86.05,-0.37,-0.5170248512586136,-2.1572710259820767,1.1232213234648492,-0.37625423728813556,-0.5245945945945946,True,Qwen2.5-72B|s2
RedHatAI/Qwen2.5-72B-quantized.w8a8,qwen2.5,Qwen2.5-72B,w8a8_int,arc_challenge,68.26,-0.09,-0.3846291665032615,-2.0248753412267244,1.2556170082202014,-0.37625423728813556,-0.3851388888888889,True,Qwen2.5-72B|s2
RedHatAI/Qwen2.5-72B-quantized.w8a8,qwen2.5,Qwen2.5-72B,w8a8_int,gsm8k,88.63,0.0,-0.6442835298091412,-2.284529704532604,0.9959626449143217,-0.37625423728813556,-0.6767123287671233,True,Qwen2.5-72B|s2
RedHatAI/Qwen2.5-72B-quantized.w8a8,qwen2.5,Qwen2.5-72B,w8a8_int,hellaswag,87.53,0.0,-0.2664024341722445,-1.9066486088957073,1.3738437405512185,-0.37625423728813556,-0.23592105263157895,True,Qwen2.5-72B|s2
RedHatAI/Qwen2.5-72B-quantized.w8a8,qwen2.5,Qwen2.5-72B,w8a8_int,winogrande,82.56,-0.79,-0.24962308774481384,-1.8898692624682767,1.3906230869786491,-0.37625423728813556,-0.21693333333333334,True,Qwen2.5-72B|s2
RedHatAI/Qwen2.5-72B-quantized.w8a8,qwen2.5,Qwen2.5-72B,w8a8_int,truthfulqa,60.44,0.05,-0.2276996236942907,-1.8679457984177537,1.4125465510291721,-0.37625423728813556,-0.20534246575342466,True,Qwen2.5-72B|s2
RedHatAI/Qwen2.5-72B-FP8-dynamic,qwen2.5,Qwen2.5-72B,fp8_dynamic,mmlu,86.05,-0.21,-0.09343544611585625,-1.477858741524612,1.2909878492928997,-0.33891509433962264,-0.5152054794520547,True,Qwen2.5-72B|s3
RedHatAI/Qwen2.5-72B-FP8-dynamic,qwen2.5,Qwen2.5-72B,fp8_dynamic,arc_challenge,68.26,-0.09,0.09056639772985009,-1.2938568976789058,1.474989693138606,-0.33891509433962264,-0.3452777777777778,True,Qwen2.5-72B|s3
RedHatAI/Qwen2.5-72B-FP8-dynamic,qwen2.5,Qwen2.5-72B,fp8_dynamic,gsm8k,88.63,-0.84,-0.08785909792250046,-1.4722823933312563,1.2965641974862554,-0.33891509433962264,-0.5154929577464789,True,Qwen2.5-72B|s3
RedHatAI/Qwen2.5-72B-FP8-dynamic,qwen2.5,Qwen2.5-72B,fp8_dynamic,hellaswag,87.53,-0.07,0.16410223236797444,-1.2203210630407815,1.5485255277767302,-0.33891509433962264,-0.22559999999999997,True,Qwen2.5-72B|s3
RedHatAI/Qwen2.5-72B-FP8-dynamic,qwen2.5,Qwen2.5-72B,fp8_dynamic,winogrande,82.56,0.63,0.22662544104818078,-1.1577978543605751,1.6110487364569366,-0.33891509433962264,-0.15945205479452054,True,Qwen2.5-72B|s3
RedHatAI/Qwen2.5-72B-FP8-dynamic,qwen2.5,Qwen2.5-72B,fp8_dynamic,truthfulqa,60.44,-0.16,0.24432987355001107,-1.1400934218587448,1.6287531689587669,-0.33891509433962264,-0.17175675675675678,True,Qwen2.5-72B|s3
RedHatAI/Qwen2.5-72B-quantized.w8a16,qwen2.5,Qwen2.5-72B,w8a16,mmlu,86.05,-0.07,-0.21666257704141034,-1.6010858724501662,1.1677607183673455,-0.33891509433962264,-0.5152054794520547,True,Qwen2.5-72B|s3
RedHatAI/Qwen2.5-72B-quantized.w8a16,qwen2.5,Qwen2.5-72B,w8a16,arc_challenge,68.26,-0.09,-0.032660733195703895,-1.4170840286044597,1.351762562213052,-0.33891509433962264,-0.3452777777777778,True,Qwen2.5-72B|s3
RedHatAI/Qwen2.5-72B-quantized.w8a16,qwen2.5,Qwen2.5-72B,w8a16,gsm8k,88.63,0.53,-0.21108622884805447,-1.5955095242568103,1.1733370665607015,-0.33891509433962264,-0.5154929577464789,True,Qwen2.5-72B|s3
RedHatAI/Qwen2.5-72B-quantized.w8a16,qwen2.5,Qwen2.5-72B,w8a16,hellaswag,87.53,-0.04,0.0408751014424204,-1.3435481939663354,1.4252983968511763,-0.33891509433962264,-0.22559999999999997,True,Qwen2.5-72B|s3
RedHatAI/Qwen2.5-72B-quantized.w8a16,qwen2.5,Qwen2.5-72B,w8a16,winogrande,82.56,0.0,0.10339831012262674,-1.281024985286129,1.4878216055313827,-0.33891509433962264,-0.15945205479452054,True,Qwen2.5-72B|s3
RedHatAI/Qwen2.5-72B-quantized.w8a16,qwen2.5,Qwen2.5-72B,w8a16,truthfulqa,60.44,-0.14,0.12110274262445703,-1.2633205527842988,1.505526038033213,-0.33891509433962264,-0.17175675675675678,True,Qwen2.5-72B|s3
RedHatAI/Qwen2.5-72B-quantized.w8a8,qwen2.5,Qwen2.5-72B,w8a8_int,mmlu,86.05,-0.37,-0.5762009962043428,-1.9606242916130987,0.808222299204413,-0.33891509433962264,-0.5152054794520547,True,Qwen2.5-72B|s3
RedHatAI/Qwen2.5-72B-quantized.w8a8,qwen2.5,Qwen2.5-72B,w8a8_int,arc_challenge,68.26,-0.09,-0.39219915235863645,-1.7766224477673922,0.9922241430501194,-0.33891509433962264,-0.3452777777777778,True,Qwen2.5-72B|s3
RedHatAI/Qwen2.5-72B-quantized.w8a8,qwen2.5,Qwen2.5-72B,w8a8_int,gsm8k,88.63,0.0,-0.570624648010987,-1.9550479434197428,0.8137986473977689,-0.33891509433962264,-0.5154929577464789,True,Qwen2.5-72B|s3
RedHatAI/Qwen2.5-72B-quantized.w8a8,qwen2.5,Qwen2.5-72B,w8a8_int,hellaswag,87.53,0.0,-0.31866331772051215,-1.7030866131292681,1.0657599776882436,-0.33891509433962264,-0.22559999999999997,True,Qwen2.5-72B|s3
RedHatAI/Qwen2.5-72B-quantized.w8a8,qwen2.5,Qwen2.5-72B,w8a8_int,winogrande,82.56,-0.79,-0.2561401090403058,-1.6405634044490616,1.1282831863684502,-0.33891509433962264,-0.15945205479452054,True,Qwen2.5-72B|s3
RedHatAI/Qwen2.5-72B-quantized.w8a8,qwen2.5,Qwen2.5-72B,w8a8_int,truthfulqa,60.44,0.05,-0.2384356765384755,-1.6228589719472313,1.1459876188702804,-0.33891509433962264,-0.17175675675675678,True,Qwen2.5-72B|s3
RedHatAI/Qwen2.5-72B-FP8-dynamic,qwen2.5,Qwen2.5-72B,fp8_dynamic,mmlu,86.05,-0.21,-0.324699374558229,-2.334333012396853,1.6849342632803948,-0.38037174721189587,-0.49294117647058827,True,Qwen2.5-72B|s4
RedHatAI/Qwen2.5-72B-FP8-dynamic,qwen2.5,Qwen2.5-72B,fp8_dynamic,arc_challenge,68.26,-0.09,-0.4129613578445847,-2.4225949956832085,1.596672279994039,-0.38037174721189587,-0.5186363636363637,True,Qwen2.5-72B|s4
RedHatAI/Qwen2.5-72B-FP8-dynamic,qwen2.5,Qwen2.5-72B,fp8_dynamic,gsm8k,88.63,-0.84,-0.5706711626038419,-2.5803048004424656,1.4389624752347818,-0.38037174721189587,-0.7716417910447761,True,Qwen2.5-72B|s4
RedHatAI/Qwen2.5-72B-FP8-dynamic,qwen2.5,Qwen2.5-72B,fp8_dynamic,hellaswag,87.53,-0.07,-0.18951691225082903,-2.1991505500894526,1.8201167255877946,-0.38037174721189587,-0.31385714285714283,True,Qwen2.5-72B|s4
RedHatAI/Qwen2.5-72B-FP8-dynamic,qwen2.5,Qwen2.5-72B,fp8_dynamic,winogrande,82.56,0.63,-0.07066237357401839,-2.080296011412642,1.9389712642646053,-0.38037174721189587,-0.15235294117647058,True,Qwen2.5-72B|s4
RedHatAI/Qwen2.5-72B-FP8-dynamic,qwen2.5,Qwen2.5-72B,fp8_dynamic,truthfulqa,60.44,-0.16,-0.1656344977842304,-2.1752681356228543,1.8439991400543934,-0.38037174721189587,-0.23716417910447762,True,Qwen2.5-72B|s4
RedHatAI/Qwen2.5-72B-quantized.w8a16,qwen2.5,Qwen2.5-72B,w8a16,mmlu,86.05,-0.07,-0.21291006126133669,-2.2225436990999605,1.796723576577287,-0.38037174721189587,-0.49294117647058827,True,Qwen2.5-72B|s4
RedHatAI/Qwen2.5-72B-quantized.w8a16,qwen2.5,Qwen2.5-72B,w8a16,arc_challenge,68.26,-0.09,-0.30117204454769236,-2.310805682386316,1.7084615932909313,-0.38037174721189587,-0.5186363636363637,True,Qwen2.5-72B|s4
RedHatAI/Qwen2.5-72B-quantized.w8a16,qwen2.5,Qwen2.5-72B,w8a16,gsm8k,88.63,0.53,-0.4588818493069494,-2.4685154871455732,1.5507517885316742,-0.38037174721189587,-0.7716417910447761,True,Qwen2.5-72B|s4
RedHatAI/Qwen2.5-72B-quantized.w8a16,qwen2.5,Qwen2.5-72B,w8a16,hellaswag,87.53,-0.04,-0.07772759895393666,-2.0873612367925602,1.9319060388846871,-0.38037174721189587,-0.31385714285714283,True,Qwen2.5-72B|s4
RedHatAI/Qwen2.5-72B-quantized.w8a16,qwen2.5,Qwen2.5-72B,w8a16,winogrande,82.56,0.0,0.0411269397228739,-1.9685066981157497,2.0507605775614977,-0.38037174721189587,-0.15235294117647058,True,Qwen2.5-72B|s4
RedHatAI/Qwen2.5-72B-quantized.w8a16,qwen2.5,Qwen2.5-72B,w8a16,truthfulqa,60.44,-0.14,-0.05384518448733805,-2.063478822325962,1.9557884533512857,-0.38037174721189587,-0.23716417910447762,True,Qwen2.5-72B|s4
RedHatAI/Qwen2.5-72B-quantized.w8a8,qwen2.5,Qwen2.5-72B,w8a8_int,mmlu,86.05,-0.37,-0.5977962499585925,-2.607429887797216,1.4118373878800312,-0.38037174721189587,-0.49294117647058827,True,Qwen2.5-72B|s4
RedHatAI/Qwen2.5-72B-quantized.w8a8,qwen2.5,Qwen2.5-72B,w8a8_int,arc_challenge,68.26,-0.09,-0.6860582332449483,-2.695691871083572,1.3235754045936754,-0.38037174721189587,-0.5186363636363637,True,Qwen2.5-72B|s4
RedHatAI/Qwen2.5-72B-quantized.w8a8,qwen2.5,Qwen2.5-72B,w8a8_int,gsm8k,88.63,0.0,-0.8437680380042053,-2.853401675842829,1.1658655998344183,-0.38037174721189587,-0.7716417910447761,True,Qwen2.5-72B|s4
RedHatAI/Qwen2.5-72B-quantized.w8a8,qwen2.5,Qwen2.5-72B,w8a8_int,hellaswag,87.53,0.0,-0.4626137876511925,-2.472247425489816,1.5470198501874313,-0.38037174721189587,-0.31385714285714283,True,Qwen2.5-72B|s4
RedHatAI/Qwen2.5-72B-quantized.w8a8,qwen2.5,Qwen2.5-72B,w8a8_int,winogrande,82.56,-0.79,-0.34375924897438187,-2.3533928868130056,1.6658743888642418,-0.38037174721189587,-0.15235294117647058,True,Qwen2.5-72B|s4
RedHatAI/Qwen2.5-72B-quantized.w8a8,qwen2.5,Qwen2.5-72B,w8a8_int,truthfulqa,60.44,0.05,-0.4387313731845939,-2.448365011023218,1.5709022646540298,-0.38037174721189587,-0.23716417910447762,True,Qwen2.5-72B|s4
RedHatAI/Qwen2.5-7B-FP8-dynamic,qwen2.5,Qwen2.5-7B,fp8_dynamic,mmlu,74.15,0.11,-0.1415944668642563,-1.893178056100134,1.6099891223716212,-0.39060702875399356,-0.5212,True,Qwen2.5-7B|s0
RedHatAI/Qwen2.5-7B-FP8-dynamic,qwen2.5,Qwen2.5-7B,fp8_dynamic,arc_challenge,59.39,0.0,-0.02142145558406533,-1.7730050448199428,1.7301621336518123,-0.39060702875399356,-0.38499999999999995,True,Qwen2.5-7B|s0
RedHatAI/Qwen2.5-7B-FP8-dynamic,qwen2.5,Qwen2.5-7B,fp8_dynamic,gsm8k,79.76,0.98,-0.31382492796405126,-2.065408517199929,1.4377586612718263,-0.39060702875399356,-0.7428378378378379,True,Qwen2.5-7B|s0
RedHatAI/Qwen2.5-7B-FP8-dynamic,qwen2.5,Qwen2.5-7B,fp8_dynamic,hellaswag,80.17,-0.04,0.13577745467342034,-1.6158061345624573,1.8873610439092978,-0.39060702875399356,-0.20675324675324674,True,Qwen2.5-7B|s0
RedHatAI/Qwen2.5-7B-FP8-dynamic,qwen2.5,Qwen2.5-7B,fp8_dynamic,winogrande,75.69,-0.39,0.15360525427466848,-1.5979783349612091,1.905188843510546,-0.39060702875399356,-0.186,True,Qwen2.5-7B|s0
RedHatAI/Qwen2.5-7B-FP8-dynamic,qwen2.5,Qwen2.5-7B,fp8_dynamic,truthfulqa,56.38,-0.2,0.1950310832331495,-1.556552506002728,1.946614672469027,-0.39060702875399356,-0.14213333333333333,True,Qwen2.5-7B|s0
RedHatAI/Qwen2.5-7B-quantized.w4a16,qwen2.5,Qwen2.5-7B,w4a16,mmlu,74.15,-0.68,-0.7957372700985699,-2.547320859334447,0.9558463191373077,-0.39060702875399356,-0.5212,True,Qwen2.5-7B|s0
RedHatAI/Qwen2.5-7B-quantized.w4a16,qwen2.5,Qwen2.5-7B,w4a16,arc_challenge,59.39,-0.69,-0.6755642588183791,-2.4271478480542568,1.0760193304174983,-0.39060702875399356,-0.38499999999999995,True,Qwen2.5-7B|s0
RedHatAI/Qwen2.5-7B-quantized.w4a16,qwen2.5,Qwen2.5-7B,w4a16,gsm8k,79.76,-0.68,-0.9679677311983648,-2.7195513204342423,0.7836158580375128,-0.39060702875399356,-0.7428378378378379,True,Qwen2.5-7B|s0
RedHatAI/Qwen2.5-7B-quantized.w4a16,qwen2.5,Qwen2.5-7B,w4a16,hellaswag,80.17,-0.78,-0.5183653485608932,-2.2699489377967708,1.2332182406749843,-0.39060702875399356,-0.20675324675324674,True,Qwen2.5-7B|s0
RedHatAI/Qwen2.5-7B-quantized.w4a16,qwen2.5,Qwen2.5-7B,w4a16,winogrande,75.69,0.32,-0.5005375489596452,-2.252121138195523,1.2510460402762322,-0.39060702875399356,-0.186,True,Qwen2.5-7B|s0
RedHatAI/Qwen2.5-7B-quantized.w4a16,qwen2.5,Qwen2.5-7B,w4a16,truthfulqa,56.38,-0.9,-0.459111720001164,-2.2106953092370416,1.2924718692347135,-0.39060702875399356,-0.14213333333333333,True,Qwen2.5-7B|s0
RedHatAI/Qwen2.5-7B-quantized.w8a16,qwen2.5,Qwen2.5-7B,w8a16,mmlu,74.15,0.26,-0.2558345630659552,-2.007418152301833,1.4957490261699222,-0.39060702875399356,-0.5212,True,Qwen2.5-7B|s0
RedHatAI/Qwen2.5-7B-quantized.w8a16,qwen2.5,Qwen2.5-7B,w8a16,gsm8k,79.76,0.68,-0.4280650241657501,-2.1796486134016275,1.3235185650701276,-0.39060702875399356,-0.7428378378378379,True,Qwen2.5-7B|s0
RedHatAI/Qwen2.5-7B-quantized.w8a16,qwen2.5,Qwen2.5-7B,w8a16,hellaswag,80.17,0.08,0.02153735847172139,-1.7300462307641562,1.7731209477075989,-0.39060702875399356,-0.20675324675324674,True,Qwen2.5-7B|s0
RedHatAI/Qwen2.5-7B-quantized.w8a16,qwen2.5,Qwen2.5-7B,w8a16,winogrande,75.69,-0.32,0.039365158072969586,-1.712218431162908,1.790948747308847,-0.39060702875399356,-0.186,True,Qwen2.5-7B|s0
RedHatAI/Qwen2.5-7B-quantized.w8a16,qwen2.5,Qwen2.5-7B,w8a16,truthfulqa,56.38,-0.1,0.08079098703145066,-1.6707926022044268,1.8323745762673282,-0.39060702875399356,-0.14213333333333333,True,Qwen2.5-7B|s0
RedHatAI/Qwen2.5-7B-quantized.w8a8,qwen2.5,Qwen2.5-7B,w8a8_int,mmlu,74.15,-0.49,-0.6504876946216586,-2.402071283857536,1.101095894614219,-0.39060702875399356,-0.5212,True,Qwen2.5-7B|s0
RedHatAI/Qwen2.5-7B-quantized.w8a8,qwen2.5,Qwen2.5-7B,w8a8_int,arc_challenge,59.39,-0.26,-0.5303146833414676,-2.281898272577345,1.22126890589441,-0.39060702875399356,-0.38499999999999995,True,Qwen2.5-7B|s0
RedHatAI/Qwen2.5-7B-quantized.w8a8,qwen2.5,Qwen2.5-7B,w8a8_int,gsm8k,79.76,0.07,-0.8227181557214536,-2.574301744957331,0.928865433514424,-0.39060702875399356,-0.7428378378378379,True,Qwen2.5-7B|s0
RedHatAI/Qwen2.5-7B-quantized.w8a8,qwen2.5,Qwen2.5-7B,w8a8_int,hellaswag,80.17,-0.22,-0.37311577308398197,-2.1246993623198596,1.3784678161518955,-0.39060702875399356,-0.20675324675324674,True,Qwen2.5-7B|s0
RedHatAI/Qwen2.5-7B-quantized.w8a8,qwen2.5,Qwen2.5-7B,w8a8_int,winogrande,75.69,-0.47,-0.35528797348273383,-2.106871562718611,1.3962956157531436,-0.39060702875399356,-0.186,True,Qwen2.5-7B|s0
RedHatAI/Qwen2.5-7B-quantized.w8a8,qwen2.5,Qwen2.5-7B,w8a8_int,truthfulqa,56.38,0.0,-0.31386214452425276,-2.0654457337601304,1.4377214447116247,-0.39060702875399356,-0.14213333333333333,True,Qwen2.5-7B|s0
RedHatAI/Qwen2.5-7B-FP8-dynamic,qwen2.5,Qwen2.5-7B,fp8_dynamic,mmlu,74.15,0.11,-0.20494916775035468,-1.842391116768025,1.4324927812673154,-0.36461065573770496,-0.5375384615384615,True,Qwen2.5-7B|s1
RedHatAI/Qwen2.5-7B-FP8-dynamic,qwen2.5,Qwen2.5-7B,fp8_dynamic,arc_challenge,59.39,0.0,-0.1554833440171122,-1.7929252930347823,1.481958605000558,-0.36461065573770496,-0.408,True,Qwen2.5-7B|s1
RedHatAI/Qwen2.5-7B-FP8-dynamic,qwen2.5,Qwen2.5-7B,fp8_dynamic,gsm8k,79.76,0.98,-0.09798123345012583,-1.735423182467796,1.5394607155675444,-0.36461065573770496,-0.47671875,True,Qwen2.5-7B|s1
RedHatAI/Qwen2.5-7B-FP8-dynamic,qwen2.5,Qwen2.5-7B,fp8_dynamic,hellaswag,80.17,-0.04,-0.01451341332619177,-1.6519553623438619,1.6229285356914784,-0.36461065573770496,-0.305,True,Qwen2.5-7B|s1
RedHatAI/Qwen2.5-7B-FP8-dynamic,qwen2.5,Qwen2.5-7B,fp8_dynamic,winogrande,75.69,-0.39,0.13573471246596153,-1.5017072365517086,1.7731766614836317,-0.36461065573770496,-0.12092307692307691,True,Qwen2.5-7B|s1
RedHatAI/Qwen2.5-7B-FP8-dynamic,qwen2.5,Qwen2.5-7B,fp8_dynamic,truthfulqa,56.38,-0.2,0.10173431159735541,-1.5357076374203147,1.7391762606150256,-0.36461065573770496,-0.14952380952380953,True,Qwen2.5-7B|s1
RedHatAI/Qwen2.5-7B-quantized.w4a16,qwen2.5,Qwen2.5-7B,w4a16,mmlu,74.15,-0.68,-0.6647817416146398,-2.30222369063231,0.9726602074030304,-0.36461065573770496,-0.5375384615384615,True,Qwen2.5-7B|s1
RedHatAI/Qwen2.5-7B-quantized.w4a16,qwen2.5,Qwen2.5-7B,w4a16,arc_challenge,59.39,-0.69,-0.6153159178813972,-2.252757866899067,1.022126031136273,-0.36461065573770496,-0.408,True,Qwen2.5-7B|s1
RedHatAI/Qwen2.5-7B-quantized.w4a16,qwen2.5,Qwen2.5-7B,w4a16,gsm8k,79.76,-0.68,-0.5578138073144107,-2.195255756332081,1.0796281417032594,-0.36461065573770496,-0.47671875,True,Qwen2.5-7B|s1
RedHatAI/Qwen2.5-7B-quantized.w4a16,qwen2.5,Qwen2.5-7B,w4a16,hellaswag,80.17,-0.78,-0.4743459871904766,-2.1117879362081466,1.1630959618271937,-0.36461065573770496,-0.305,True,Qwen2.5-7B|s1
RedHatAI/Qwen2.5-7B-quantized.w4a16,qwen2.5,Qwen2.5-7B,w4a16,winogrande,75.69,0.32,-0.32409786139832336,-1.9615398104159936,1.3133440876193467,-0.36461065573770496,-0.12092307692307691,True,Qwen2.5-7B|s1
RedHatAI/Qwen2.5-7B-quantized.w4a16,qwen2.5,Qwen2.5-7B,w4a16,truthfulqa,56.38,-0.9,-0.3580982622669296,-1.9955402112845997,1.2793436867507406,-0.36461065573770496,-0.14952380952380953,True,Qwen2.5-7B|s1
RedHatAI/Qwen2.5-7B-quantized.w8a16,qwen2.5,Qwen2.5-7B,w8a16,mmlu,74.15,0.26,-0.16130275098025149,-1.7987446999979215,1.4761391980374188,-0.36461065573770496,-0.5375384615384615,True,Qwen2.5-7B|s1
RedHatAI/Qwen2.5-7B-quantized.w8a16,qwen2.5,Qwen2.5-7B,w8a16,gsm8k,79.76,0.68,-0.05433481668002249,-1.6917767656976928,1.5831071323376475,-0.36461065573770496,-0.47671875,True,Qwen2.5-7B|s1
RedHatAI/Qwen2.5-7B-quantized.w8a16,qwen2.5,Qwen2.5-7B,w8a16,hellaswag,80.17,0.08,0.02913300344391151,-1.6083089455737587,1.6665749524615816,-0.36461065573770496,-0.305,True,Qwen2.5-7B|s1
RedHatAI/Qwen2.5-7B-quantized.w8a16,qwen2.5,Qwen2.5-7B,w8a16,winogrande,75.69,-0.32,0.1793811292360648,-1.4580608197816054,1.816823078253735,-0.36461065573770496,-0.12092307692307691,True,Qwen2.5-7B|s1
RedHatAI/Qwen2.5-7B-quantized.w8a16,qwen2.5,Qwen2.5-7B,w8a16,truthfulqa,56.38,-0.1,0.14538072836745858,-1.4920612206502115,1.7828226773851288,-0.36461065573770496,-0.14952380952380953,True,Qwen2.5-7B|s1
RedHatAI/Qwen2.5-7B-quantized.w8a8,qwen2.5,Qwen2.5-7B,w8a8_int,mmlu,74.15,-0.49,-0.6638562847341268,-2.301298233751797,0.9735856642835433,-0.36461065573770496,-0.5375384615384615,True,Qwen2.5-7B|s1
RedHatAI/Qwen2.5-7B-quantized.w8a8,qwen2.5,Qwen2.5-7B,w8a8_int,arc_challenge,59.39,-0.26,-0.6143904610008843,-2.2518324100185545,1.0230514880167858,-0.36461065573770496,-0.408,True,Qwen2.5-7B|s1
RedHatAI/Qwen2.5-7B-quantized.w8a8,qwen2.5,Qwen2.5-7B,w8a8_int,gsm8k,79.76,0.07,-0.5568883504338978,-2.194330299451568,1.0805535985837724,-0.36461065573770496,-0.47671875,True,Qwen2.5-7B|s1
RedHatAI/Qwen2.5-7B-quantized.w8a8,qwen2.5,Qwen2.5-7B,w8a8_int,hellaswag,80.17,-0.22,-0.47342053030996395,-2.110862479327634,1.1640214187077063,-0.36461065573770496,-0.305,True,Qwen2.5-7B|s1
RedHatAI/Qwen2.5-7B-quantized.w8a8,qwen2.5,Qwen2.5-7B,w8a8_int,winogrande,75.69,-0.47,-0.3231724045178106,-1.9606143535354807,1.3142695444998596,-0.36461065573770496,-0.12092307692307691,True,Qwen2.5-7B|s1
RedHatAI/Qwen2.5-7B-quantized.w8a8,qwen2.5,Qwen2.5-7B,w8a8_int,truthfulqa,56.38,0.0,-0.35717280538641677,-1.9946147544040869,1.2802691436312534,-0.36461065573770496,-0.14952380952380953,True,Qwen2.5-7B|s1
RedHatAI/Qwen2.5-7B-FP8-dynamic,qwen2.5,Qwen2.5-7B,fp8_dynamic,mmlu,74.15,0.11,-0.2232496734372571,-1.3631612075496478,0.9166618606751336,-0.3578846153846154,-0.5148571428571428,True,Qwen2.5-7B|s2
RedHatAI/Qwen2.5-7B-FP8-dynamic,qwen2.5,Qwen2.5-7B,fp8_dynamic,arc_challenge,59.39,0.0,-0.12408609886665642,-1.263997632979047,1.0158254352457343,-0.3578846153846154,-0.406,True,Qwen2.5-7B|s2
RedHatAI/Qwen2.5-7B-FP8-dynamic,qwen2.5,Qwen2.5-7B,fp8_dynamic,gsm8k,79.76,0.98,-0.22798942251496263,-1.3679009566273532,0.9119221115974281,-0.3578846153846154,-0.5447826086956521,False,Qwen2.5-7B|s2
RedHatAI/Qwen2.5-7B-FP8-dynamic,qwen2.5,Qwen2.5-7B,fp8_dynamic,hellaswag,80.17,-0.04,0.03953176285401239,-1.1003797712583783,1.179443296966403,-0.3578846153846154,-0.2167123287671233,True,Qwen2.5-7B|s2
RedHatAI/Qwen2.5-7B-FP8-dynamic,qwen2.5,Qwen2.5-7B,fp8_dynamic,winogrande,75.69,-0.39,0.0025718312002981913,-1.1373397029120924,1.142483365312689,-0.3578846153846154,-0.2619718309859155,True,Qwen2.5-7B|s2
RedHatAI/Qwen2.5-7B-FP8-dynamic,qwen2.5,Qwen2.5-7B,fp8_dynamic,truthfulqa,56.38,-0.2,0.13403501078131685,-1.0058765233310738,1.2739465448937075,-0.3578846153846154,-0.11342857142857143,True,Qwen2.5-7B|s2
RedHatAI/Qwen2.5-7B-quantized.w4a16,qwen2.5,Qwen2.5-7B,w4a16,mmlu,74.15,-0.68,-0.7024032774005224,-1.842314811512913,0.4375082567118682,-0.3578846153846154,-0.5148571428571428,True,Qwen2.5-7B|s2
RedHatAI/Qwen2.5-7B-quantized.w4a16,qwen2.5,Qwen2.5-7B,w4a16,arc_challenge,59.39,-0.69,-0.6032397028299217,-1.7431512369423123,0.536671831282469,-0.3578846153846154,-0.406,True,Qwen2.5-7B|s2
RedHatAI/Qwen2.5-7B-quantized.w4a16,qwen2.5,Qwen2.5-7B,w4a16,gsm8k,79.76,-0.68,-0.7071430264782279,-1.8470545605906186,0.43276850763416275,-0.3578846153846154,-0.5447826086956521,True,Qwen2.5-7B|s2
RedHatAI/Qwen2.5-7B-quantized.w4a16,qwen2.5,Qwen2.5-7B,w4a16,hellaswag,80.17,-0.78,-0.4396218411092529,-1.5795333752216436,0.7002896930031377,-0.3578846153846154,-0.2167123287671233,True,Qwen2.5-7B|s2
RedHatAI/Qwen2.5-7B-quantized.w4a16,qwen2.5,Qwen2.5-7B,w4a16,winogrande,75.69,0.32,-0.4765817727629671,-1.6164933068753577,0.6633297613494236,-0.3578846153846154,-0.2619718309859155,True,Qwen2.5-7B|s2
RedHatAI/Qwen2.5-7B-quantized.w4a16,qwen2.5,Qwen2.5-7B,w4a16,truthfulqa,56.38,-0.9,-0.3451185931819484,-1.4850301272943391,0.7947929409304423,-0.3578846153846154,-0.11342857142857143,True,Qwen2.5-7B|s2
RedHatAI/Qwen2.5-7B-quantized.w8a16,qwen2.5,Qwen2.5-7B,w8a16,mmlu,74.15,0.26,-0.2954269456420849,-1.4353384797544755,0.8444845884703058,-0.3578846153846154,-0.5148571428571428,True,Qwen2.5-7B|s2
RedHatAI/Qwen2.5-7B-quantized.w8a16,qwen2.5,Qwen2.5-7B,w8a16,gsm8k,79.76,0.68,-0.30016669471979035,-1.440078228832181,0.8397448393926004,-0.3578846153846154,-0.5447826086956521,True,Qwen2.5-7B|s2
RedHatAI/Qwen2.5-7B-quantized.w8a16,qwen2.5,Qwen2.5-7B,w8a16,hellaswag,80.17,0.08,-0.03264550935081545,-1.1725570434632062,1.107266024761575,-0.3578846153846154,-0.2167123287671233,True,Qwen2.5-7B|s2
RedHatAI/Qwen2.5-7B-quantized.w8a16,qwen2.5,Qwen2.5-7B,w8a16,winogrande,75.69,-0.32,-0.06960544100452959,-1.2095169751169204,1.070306093107861,-0.3578846153846154,-0.2619718309859155,True,Qwen2.5-7B|s2
RedHatAI/Qwen2.5-7B-quantized.w8a16,qwen2.5,Qwen2.5-7B,w8a16,truthfulqa,56.38,-0.1,0.06185773857648902,-1.0780537955359017,1.2017692726888796,-0.3578846153846154,-0.11342857142857143,True,Qwen2.5-7B|s2
RedHatAI/Qwen2.5-7B-quantized.w8a8,qwen2.5,Qwen2.5-7B,w8a8_int,mmlu,74.15,-0.49,-0.6942738274986726,-1.8341853616110633,0.44563770661371804,-0.3578846153846154,-0.5148571428571428,True,Qwen2.5-7B|s2
RedHatAI/Qwen2.5-7B-quantized.w8a8,qwen2.5,Qwen2.5-7B,w8a8_int,arc_challenge,59.39,-0.26,-0.5951102529280718,-1.7350217870404625,0.5448012811843188,-0.3578846153846154,-0.406,True,Qwen2.5-7B|s2
RedHatAI/Qwen2.5-7B-quantized.w8a8,qwen2.5,Qwen2.5-7B,w8a8_int,gsm8k,79.76,0.07,-0.6990135765763781,-1.8389251106887687,0.4408979575360126,-0.3578846153846154,-0.5447826086956521,True,Qwen2.5-7B|s2
RedHatAI/Qwen2.5-7B-quantized.w8a8,qwen2.5,Qwen2.5-7B,w8a8_int,hellaswag,80.17,-0.22,-0.43149239120740307,-1.5714039253197938,0.7084191429049875,-0.3578846153846154,-0.2167123287671233,True,Qwen2.5-7B|s2
RedHatAI/Qwen2.5-7B-quantized.w8a8,qwen2.5,Qwen2.5-7B,w8a8_int,winogrande,75.69,-0.47,-0.46845232286111727,-1.608363856973508,0.6714592112512734,-0.3578846153846154,-0.2619718309859155,True,Qwen2.5-7B|s2
RedHatAI/Qwen2.5-7B-quantized.w8a8,qwen2.5,Qwen2.5-7B,w8a8_int,truthfulqa,56.38,0.0,-0.33698914328009866,-1.4769006773924893,0.802922390832292,-0.3578846153846154,-0.11342857142857143,True,Qwen2.5-7B|s2
RedHatAI/Qwen2.5-7B-FP8-dynamic,qwen2.5,Qwen2.5-7B,fp8_dynamic,mmlu,74.15,0.11,-0.33553329295802325,-2.2295484416367586,1.5584818557207123,-0.35172711571675297,-0.5279710144927536,True,Qwen2.5-7B|s3
RedHatAI/Qwen2.5-7B-FP8-dynamic,qwen2.5,Qwen2.5-7B,fp8_dynamic,arc_challenge,59.39,0.0,-0.22286341400763654,-2.116878562686372,1.6711517346710991,-0.35172711571675297,-0.4047058823529412,True,Qwen2.5-7B|s3
RedHatAI/Qwen2.5-7B-FP8-dynamic,qwen2.5,Qwen2.5-7B,fp8_dynamic,gsm8k,79.76,0.98,-0.4342176846335789,-2.3282328333123146,1.4597974640451565,-0.35172711571675297,-0.6653731343283582,True,Qwen2.5-7B|s3
RedHatAI/Qwen2.5-7B-FP8-dynamic,qwen2.5,Qwen2.5-7B,fp8_dynamic,hellaswag,80.17,-0.04,-0.05948263669974113,-1.9534977853784767,1.8345325119789944,-0.35172711571675297,-0.21746478873239436,True,Qwen2.5-7B|s3
RedHatAI/Qwen2.5-7B-FP8-dynamic,qwen2.5,Qwen2.5-7B,fp8_dynamic,winogrande,75.69,-0.39,-0.011793806483711644,-1.9058089551624473,1.8822213421950238,-0.35172711571675297,-0.16623188405797099,True,Qwen2.5-7B|s3
RedHatAI/Qwen2.5-7B-FP8-dynamic,qwen2.5,Qwen2.5-7B,fp8_dynamic,truthfulqa,56.38,-0.2,-0.02051204414423785,-1.9145271928229735,1.8735031045344976,-0.35172711571675297,-0.17926470588235294,True,Qwen2.5-7B|s3
RedHatAI/Qwen2.5-7B-quantized.w4a16,qwen2.5,Qwen2.5-7B,w4a16,mmlu,74.15,-0.68,-0.6731902388560278,-2.5672053875347634,1.2208249098227077,-0.35172711571675297,-0.5279710144927536,True,Qwen2.5-7B|s3
RedHatAI/Qwen2.5-7B-quantized.w4a16,qwen2.5,Qwen2.5-7B,w4a16,arc_challenge,59.39,-0.69,-0.5605203599056411,-2.4545355085843767,1.3334947887730944,-0.35172711571675297,-0.4047058823529412,True,Qwen2.5-7B|s3
RedHatAI/Qwen2.5-7B-quantized.w4a16,qwen2.5,Qwen2.5-7B,w4a16,gsm8k,79.76,-0.68,-0.7718746305315834,-2.665889779210319,1.1221405181471522,-0.35172711571675297,-0.6653731343283582,True,Qwen2.5-7B|s3
RedHatAI/Qwen2.5-7B-quantized.w4a16,qwen2.5,Qwen2.5-7B,w4a16,hellaswag,80.17,-0.78,-0.3971395825977457,-2.2911547312764813,1.4968755660809898,-0.35172711571675297,-0.21746478873239436,True,Qwen2.5-7B|s3
RedHatAI/Qwen2.5-7B-quantized.w4a16,qwen2.5,Qwen2.5-7B,w4a16,winogrande,75.69,0.32,-0.34945075238171625,-2.2434659010604516,1.5445643962970192,-0.35172711571675297,-0.16623188405797099,True,Qwen2.5-7B|s3
RedHatAI/Qwen2.5-7B-quantized.w4a16,qwen2.5,Qwen2.5-7B,w4a16,truthfulqa,56.38,-0.9,-0.35816899004224256,-2.252184138720978,1.535846158636493,-0.35172711571675297,-0.17926470588235294,True,Qwen2.5-7B|s3
RedHatAI/Qwen2.5-7B-quantized.w8a16,qwen2.5,Qwen2.5-7B,w8a16,mmlu,74.15,0.26,-0.172501228916227,-2.0665163775949624,1.7215139197625087,-0.35172711571675297,-0.5279710144927536,True,Qwen2.5-7B|s3
RedHatAI/Qwen2.5-7B-quantized.w8a16,qwen2.5,Qwen2.5-7B,w8a16,gsm8k,79.76,0.68,-0.2711856205917826,-2.165200769270518,1.622829528086953,-0.35172711571675297,-0.6653731343283582,True,Qwen2.5-7B|s3
RedHatAI/Qwen2.5-7B-quantized.w8a16,qwen2.5,Qwen2.5-7B,w8a16,hellaswag,80.17,0.08,0.10354942734205513,-1.7904657213366804,1.9975645760207907,-0.35172711571675297,-0.21746478873239436,True,Qwen2.5-7B|s3
RedHatAI/Qwen2.5-7B-quantized.w8a16,qwen2.5,Qwen2.5-7B,w8a16,winogrande,75.69,-0.32,0.15123825755808462,-1.742776891120651,2.04525340623682,-0.35172711571675297,-0.16623188405797099,True,Qwen2.5-7B|s3
RedHatAI/Qwen2.5-7B-quantized.w8a16,qwen2.5,Qwen2.5-7B,w8a16,truthfulqa,56.38,-0.1,0.14252001989755847,-1.751495128781177,2.036535168576294,-0.35172711571675297,-0.17926470588235294,True,Qwen2.5-7B|s3
RedHatAI/Qwen2.5-7B-quantized.w8a8,qwen2.5,Qwen2.5-7B,w8a8_int,mmlu,74.15,-0.49,-0.5913708714754554,-2.485386020154191,1.3026442772032802,-0.35172711571675297,-0.5279710144927536,True,Qwen2.5-7B|s3
RedHatAI/Qwen2.5-7B-quantized.w8a8,qwen2.5,Qwen2.5-7B,w8a8_int,arc_challenge,59.39,-0.26,-0.4787009925250687,-2.3727161412038043,1.4153141561536668,-0.35172711571675297,-0.4047058823529412,True,Qwen2.5-7B|s3
RedHatAI/Qwen2.5-7B-quantized.w8a8,qwen2.5,Qwen2.5-7B,w8a8_int,gsm8k,79.76,0.07,-0.690055263151011,-2.5840704118297464,1.2039598855277247,-0.35172711571675297,-0.6653731343283582,True,Qwen2.5-7B|s3
RedHatAI/Qwen2.5-7B-quantized.w8a8,qwen2.5,Qwen2.5-7B,w8a8_int,hellaswag,80.17,-0.22,-0.31532021521717335,-2.209335363895909,1.5786949334615623,-0.35172711571675297,-0.21746478873239436,True,Qwen2.5-7B|s3
RedHatAI/Qwen2.5-7B-quantized.w8a8,qwen2.5,Qwen2.5-7B,w8a8_int,winogrande,75.69,-0.47,-0.2676313850011438,-2.161646533679879,1.6263837636775917,-0.35172711571675297,-0.16623188405797099,True,Qwen2.5-7B|s3
RedHatAI/Qwen2.5-7B-quantized.w8a8,qwen2.5,Qwen2.5-7B,w8a8_int,truthfulqa,56.38,0.0,-0.27634962266166996,-2.1703647713404055,1.6176655260170656,-0.35172711571675297,-0.17926470588235294,True,Qwen2.5-7B|s3
RedHatAI/Qwen2.5-7B-FP8-dynamic,qwen2.5,Qwen2.5-7B,fp8_dynamic,mmlu,74.15,0.11,-0.2524247278132175,-2.1088944114456813,1.6040449558192462,-0.3590520446096654,-0.4348484848484848,True,Qwen2.5-7B|s4
RedHatAI/Qwen2.5-7B-FP8-dynamic,qwen2.5,Qwen2.5-7B,fp8_dynamic,arc_challenge,59.39,0.0,-0.1770477240019843,-2.0335174076344478,1.6794219596304794,-0.3590520446096654,-0.3012121212121212,True,Qwen2.5-7B|s4
RedHatAI/Qwen2.5-7B-FP8-dynamic,qwen2.5,Qwen2.5-7B,fp8_dynamic,gsm8k,79.76,0.98,-0.48685916284902847,-2.343328846481492,1.3696105207834353,-0.3590520446096654,-0.7483076923076923,True,Qwen2.5-7B|s4
RedHatAI/Qwen2.5-7B-FP8-dynamic,qwen2.5,Qwen2.5-7B,fp8_dynamic,hellaswag,80.17,-0.04,-0.03348359202323492,-1.8899532756556985,1.8229860916092289,-0.3590520446096654,-0.18014492753623187,True,Qwen2.5-7B|s4
RedHatAI/Qwen2.5-7B-FP8-dynamic,qwen2.5,Qwen2.5-7B,fp8_dynamic,winogrande,75.69,-0.39,-0.07264186714078547,-1.929111550773249,1.7838278164916783,-0.3590520446096654,-0.2144776119402985,True,Qwen2.5-7B|s4
RedHatAI/Qwen2.5-7B-FP8-dynamic,qwen2.5,Qwen2.5-7B,fp8_dynamic,truthfulqa,56.38,-0.2,-0.0825543401800804,-1.939024023812544,1.7739153434523833,-0.3590520446096654,-0.22106060606060607,True,Qwen2.5-7B|s4
RedHatAI/Qwen2.5-7B-quantized.w4a16,qwen2.5,Qwen2.5-7B,w4a16,mmlu,74.15,-0.68,-0.5631337141355046,-2.4196033977679683,1.293335969496959,-0.3590520446096654,-0.4348484848484848,True,Qwen2.5-7B|s4
RedHatAI/Qwen2.5-7B-quantized.w4a16,qwen2.5,Qwen2.5-7B,w4a16,arc_challenge,59.39,-0.69,-0.48775671032427126,-2.3442263939567347,1.3687129733081924,-0.3590520446096654,-0.3012121212121212,True,Qwen2.5-7B|s4
RedHatAI/Qwen2.5-7B-quantized.w4a16,qwen2.5,Qwen2.5-7B,w4a16,gsm8k,79.76,-0.68,-0.7975681491713155,-2.654037832803779,1.0589015344611483,-0.3590520446096654,-0.7483076923076923,True,Qwen2.5-7B|s4
RedHatAI/Qwen2.5-7B-quantized.w4a16,qwen2.5,Qwen2.5-7B,w4a16,hellaswag,80.17,-0.78,-0.34419257834552197,-2.2006622619779854,1.5122771052869417,-0.3590520446096654,-0.18014492753623187,True,Qwen2.5-7B|s4
RedHatAI/Qwen2.5-7B-quantized.w4a16,qwen2.5,Qwen2.5-7B,w4a16,winogrande,75.69,0.32,-0.3833508534630725,-2.239820537095536,1.4731188301693912,-0.3590520446096654,-0.2144776119402985,True,Qwen2.5-7B|s4
RedHatAI/Qwen2.5-7B-quantized.w4a16,qwen2.5,Qwen2.5-7B,w4a16,truthfulqa,56.38,-0.9,-0.39326332650236745,-2.249733010134831,1.4632063571300962,-0.3590520446096654,-0.22106060606060607,True,Qwen2.5-7B|s4
RedHatAI/Qwen2.5-7B-quantized.w8a16,qwen2.5,Qwen2.5-7B,w8a16,mmlu,74.15,0.26,-0.058706206964413976,-1.9151758905968777,1.7977634766680497,-0.3590520446096654,-0.4348484848484848,True,Qwen2.5-7B|s4
RedHatAI/Qwen2.5-7B-quantized.w8a16,qwen2.5,Qwen2.5-7B,w8a16,gsm8k,79.76,0.68,-0.2931406420002248,-2.1496103256326884,1.563329041632239,-0.3590520446096654,-0.7483076923076923,True,Qwen2.5-7B|s4
RedHatAI/Qwen2.5-7B-quantized.w8a16,qwen2.5,Qwen2.5-7B,w8a16,hellaswag,80.17,0.08,0.16023492882556867,-1.696234754806895,2.0167046124580326,-0.3590520446096654,-0.18014492753623187,True,Qwen2.5-7B|s4
RedHatAI/Qwen2.5-7B-quantized.w8a16,qwen2.5,Qwen2.5-7B,w8a16,winogrande,75.69,-0.32,0.12107665370801812,-1.7353930299244456,1.9775463373404818,-0.3590520446096654,-0.2144776119402985,True,Qwen2.5-7B|s4
RedHatAI/Qwen2.5-7B-quantized.w8a16,qwen2.5,Qwen2.5-7B,w8a16,truthfulqa,56.38,-0.1,0.11116418066872313,-1.7453055029637405,1.9676338643011868,-0.3590520446096654,-0.22106060606060607,True,Qwen2.5-7B|s4
RedHatAI/Qwen2.5-7B-quantized.w8a8,qwen2.5,Qwen2.5-7B,w8a8_int,mmlu,74.15,-0.49,-0.5884333569034623,-2.4449030405359258,1.2680363267290014,-0.3590520446096654,-0.4348484848484848,True,Qwen2.5-7B|s4
RedHatAI/Qwen2.5-7B-quantized.w8a8,qwen2.5,Qwen2.5-7B,w8a8_int,arc_challenge,59.39,-0.26,-0.513056353092229,-2.3695260367246926,1.3434133305402347,-0.3590520446096654,-0.3012121212121212,True,Qwen2.5-7B|s4
RedHatAI/Qwen2.5-7B-quantized.w8a8,qwen2.5,Qwen2.5-7B,w8a8_int,gsm8k,79.76,0.07,-0.8228677919392732,-2.679337475571737,1.0336018916931904,-0.3590520446096654,-0.7483076923076923,True,Qwen2.5-7B|s4
RedHatAI/Qwen2.5-7B-quantized.w8a8,qwen2.5,Qwen2.5-7B,w8a8_int,hellaswag,80.17,-0.22,-0.3694922211134796,-2.2259619047459434,1.486977462518984,-0.3590520446096654,-0.18014492753623187,True,Qwen2.5-7B|s4
RedHatAI/Qwen2.5-7B-quantized.w8a8,qwen2.5,Qwen2.5-7B,w8a8_int,winogrande,75.69,-0.47,-0.4086504962310302,-2.265120179863494,1.4478191874014334,-0.3590520446096654,-0.2144776119402985,True,Qwen2.5-7B|s4
RedHatAI/Qwen2.5-7B-quantized.w8a8,qwen2.5,Qwen2.5-7B,w8a8_int,truthfulqa,56.38,0.0,-0.4185629692703251,-2.2750326529027887,1.4379067143621387,-0.3590520446096654,-0.22106060606060607,True,Qwen2.5-7B|s4
RedHatAI/Qwen2.5-7B-Instruct-FP8-dynamic,qwen2.5,Qwen2.5-7B-Instruct,fp8_dynamic,mmlu,74.24,-0.2,-0.18504687225038977,-1.6607384124132005,1.290644667912421,-0.4144834710743802,-0.48258064516129034,True,Qwen2.5-7B-Instruct|s0
RedHatAI/Qwen2.5-7B-Instruct-FP8-dynamic,qwen2.5,Qwen2.5-7B-Instruct,fp8_dynamic,arc_challenge,63.4,-0.26,-0.18783929259726959,-1.6635308327600804,1.2878522475655412,-0.4144834710743802,-0.4856451612903226,True,Qwen2.5-7B-Instruct|s0
RedHatAI/Qwen2.5-7B-Instruct-FP8-dynamic,qwen2.5,Qwen2.5-7B-Instruct,fp8_dynamic,gsm8k,80.36,-0.3,-0.42027496154497784,-1.8959665017077887,1.055416578617833,-0.4144834710743802,-0.807936507936508,True,Qwen2.5-7B-Instruct|s0
RedHatAI/Qwen2.5-7B-Instruct-FP8-dynamic,qwen2.5,Qwen2.5-7B-Instruct,fp8_dynamic,hellaswag,81.52,-0.41,0.012323983928709092,-1.4633675562341018,1.4880155240915198,-0.4144834710743802,-0.26390625,True,Qwen2.5-7B-Instruct|s0
RedHatAI/Qwen2.5-7B-Instruct-FP8-dynamic,qwen2.5,Qwen2.5-7B-Instruct,fp8_dynamic,winogrande,74.66,-0.23,-0.03632211114802553,-1.5120136513108364,1.4393694290147852,-0.4144834710743802,-0.30952380952380953,True,Qwen2.5-7B-Instruct|s0
RedHatAI/Qwen2.5-7B-Instruct-FP8-dynamic,qwen2.5,Qwen2.5-7B-Instruct,fp8_dynamic,truthfulqa,64.76,0.11,0.029184109476096676,-1.446507430686714,1.5048756496389075,-0.4144834710743802,-0.26393442622950825,True,Qwen2.5-7B-Instruct|s0
RedHatAI/Qwen2.5-7B-Instruct-quantized.w4a16,qwen2.5,Qwen2.5-7B-Instruct,w4a16,mmlu,74.24,-1.05,-0.6963007167540631,-2.171992256916874,0.7793908234087477,-0.4144834710743802,-0.48258064516129034,True,Qwen2.5-7B-Instruct|s0
RedHatAI/Qwen2.5-7B-Instruct-quantized.w4a16,qwen2.5,Qwen2.5-7B-Instruct,w4a16,arc_challenge,63.4,-0.17,-0.6990931371009428,-2.1747846772637534,0.776598403061868,-0.4144834710743802,-0.4856451612903226,True,Qwen2.5-7B-Instruct|s0
RedHatAI/Qwen2.5-7B-Instruct-quantized.w4a16,qwen2.5,Qwen2.5-7B-Instruct,w4a16,gsm8k,80.36,0.23,-0.9315288060486513,-2.407220346211462,0.5441627341141595,-0.4144834710743802,-0.807936507936508,True,Qwen2.5-7B-Instruct|s0
RedHatAI/Qwen2.5-7B-Instruct-quantized.w4a16,qwen2.5,Qwen2.5-7B-Instruct,w4a16,hellaswag,81.52,-0.87,-0.49892986057496436,-1.9746214007377751,0.9767616795878464,-0.4144834710743802,-0.26390625,True,Qwen2.5-7B-Instruct|s0
RedHatAI/Qwen2.5-7B-Instruct-quantized.w4a16,qwen2.5,Qwen2.5-7B-Instruct,w4a16,winogrande,74.66,-0.47,-0.547575955651699,-2.02326749581451,0.9281155845111118,-0.4144834710743802,-0.30952380952380953,True,Qwen2.5-7B-Instruct|s0
RedHatAI/Qwen2.5-7B-Instruct-quantized.w4a16,qwen2.5,Qwen2.5-7B-Instruct,w4a16,truthfulqa,64.76,-0.49,-0.4820697350275768,-1.9577612751903875,0.993621805135234,-0.4144834710743802,-0.26393442622950825,True,Qwen2.5-7B-Instruct|s0
RedHatAI/Qwen2.5-7B-Instruct-quantized.w8a8,qwen2.5,Qwen2.5-7B-Instruct,w8a8_int,mmlu,74.24,-0.37,-0.5136582681516687,-1.9893498083144796,0.9620332720111421,-0.4144834710743802,-0.48258064516129034,True,Qwen2.5-7B-Instruct|s0
RedHatAI/Qwen2.5-7B-Instruct-quantized.w8a8,qwen2.5,Qwen2.5-7B-Instruct,w8a8_int,arc_challenge,63.4,-0.17,-0.5164506884985485,-1.9921422286613593,0.9592408516642623,-0.4144834710743802,-0.4856451612903226,True,Qwen2.5-7B-Instruct|s0
RedHatAI/Qwen2.5-7B-Instruct-quantized.w8a8,qwen2.5,Qwen2.5-7B-Instruct,w8a8_int,gsm8k,80.36,0.38,-0.7488863574462568,-2.2245778976090675,0.726805182716554,-0.4144834710743802,-0.807936507936508,True,Qwen2.5-7B-Instruct|s0
RedHatAI/Qwen2.5-7B-Instruct-quantized.w8a8,qwen2.5,Qwen2.5-7B-Instruct,w8a8_int,hellaswag,81.52,-0.46,-0.3162874119725698,-1.7919789521353806,1.159404128190241,-0.4144834710743802,-0.26390625,True,Qwen2.5-7B-Instruct|s0
RedHatAI/Qwen2.5-7B-Instruct-quantized.w8a8,qwen2.5,Qwen2.5-7B-Instruct,w8a8_int,winogrande,74.66,0.16,-0.36493350704930444,-1.8406250472121153,1.1107580331135063,-0.4144834710743802,-0.30952380952380953,True,Qwen2.5-7B-Instruct|s0
RedHatAI/Qwen2.5-7B-Instruct-quantized.w8a8,qwen2.5,Qwen2.5-7B-Instruct,w8a8_int,truthfulqa,64.76,-0.18,-0.2994272864251823,-1.7751188265879931,1.1762642537376284,-0.4144834710743802,-0.26393442622950825,True,Qwen2.5-7B-Instruct|s0
RedHatAI/Qwen2.5-7B-Instruct-FP8-dynamic,qwen2.5,Qwen2.5-7B-Instruct,fp8_dynamic,mmlu,74.24,-0.2,-0.1384336536411572,-2.1722207688780557,1.8953534615957413,-0.37555769230769237,-0.3793939393939394,True,Qwen2.5-7B-Instruct|s1
RedHatAI/Qwen2.5-7B-Instruct-FP8-dynamic,qwen2.5,Qwen2.5-7B-Instruct,fp8_dynamic,arc_challenge,63.4,-0.26,-0.3199173734606862,-2.3537044886975846,1.7138697417762123,-0.37555769230769237,-0.47234375,True,Qwen2.5-7B-Instruct|s1
RedHatAI/Qwen2.5-7B-Instruct-FP8-dynamic,qwen2.5,Qwen2.5-7B-Instruct,fp8_dynamic,gsm8k,80.36,-0.3,-0.2547098150218826,-2.288496930258781,1.779077300215016,-0.37555769230769237,-0.6015625,True,Qwen2.5-7B-Instruct|s1
RedHatAI/Qwen2.5-7B-Instruct-FP8-dynamic,qwen2.5,Qwen2.5-7B-Instruct,fp8_dynamic,hellaswag,81.52,-0.41,-0.11467692988222383,-2.1484640451191224,1.9191101853546746,-0.37555769230769237,-0.34941176470588237,True,Qwen2.5-7B-Instruct|s1
RedHatAI/Qwen2.5-7B-Instruct-FP8-dynamic,qwen2.5,Qwen2.5-7B-Instruct,fp8_dynamic,winogrande,74.66,-0.23,-0.12805964221702698,-2.1618467574539255,1.9057274730198714,-0.37555769230769237,-0.2961194029850746,True,Qwen2.5-7B-Instruct|s1
RedHatAI/Qwen2.5-7B-Instruct-FP8-dynamic,qwen2.5,Qwen2.5-7B-Instruct,fp8_dynamic,truthfulqa,64.76,0.11,-0.008261410151108317,-2.0420485253880067,2.02552570508579,-0.37555769230769237,-0.22984848484848486,True,Qwen2.5-7B-Instruct|s1
RedHatAI/Qwen2.5-7B-Instruct-quantized.w4a16,qwen2.5,Qwen2.5-7B-Instruct,w4a16,mmlu,74.24,-1.05,-0.49815798527165245,-2.531945100508551,1.535629129965246,-0.37555769230769237,-0.3793939393939394,True,Qwen2.5-7B-Instruct|s1
RedHatAI/Qwen2.5-7B-Instruct-quantized.w4a16,qwen2.5,Qwen2.5-7B-Instruct,w4a16,arc_challenge,63.4,-0.17,-0.6796417050911815,-2.71342882032808,1.3541454101457169,-0.37555769230769237,-0.47234375,True,Qwen2.5-7B-Instruct|s1
RedHatAI/Qwen2.5-7B-Instruct-quantized.w4a16,qwen2.5,Qwen2.5-7B-Instruct,w4a16,gsm8k,80.36,0.23,-0.6144341466523779,-2.6482212618892764,1.4193529685845205,-0.37555769230769237,-0.6015625,True,Qwen2.5-7B-Instruct|s1
RedHatAI/Qwen2.5-7B-Instruct-quantized.w4a16,qwen2.5,Qwen2.5-7B-Instruct,w4a16,hellaswag,81.52,-0.87,-0.47440126151271916,-2.508188376749618,1.5593858537241794,-0.37555769230769237,-0.34941176470588237,True,Qwen2.5-7B-Instruct|s1
RedHatAI/Qwen2.5-7B-Instruct-quantized.w4a16,qwen2.5,Qwen2.5-7B-Instruct,w4a16,winogrande,74.66,-0.47,-0.4877839738475223,-2.521571089084421,1.5460031413893762,-0.37555769230769237,-0.2961194029850746,True,Qwen2.5-7B-Instruct|s1
RedHatAI/Qwen2.5-7B-Instruct-quantized.w4a16,qwen2.5,Qwen2.5-7B-Instruct,w4a16,truthfulqa,64.76,-0.49,-0.3679857417816036,-2.401772857018502,1.6658013734552948,-0.37555769230769237,-0.22984848484848486,True,Qwen2.5-7B-Instruct|s1
RedHatAI/Qwen2.5-7B-Instruct-quantized.w8a8,qwen2.5,Qwen2.5-7B-Instruct,w8a8_int,mmlu,74.24,-0.37,-0.5432121309105398,-2.5769992461474382,1.4905749843263587,-0.37555769230769237,-0.3793939393939394,True,Qwen2.5-7B-Instruct|s1
RedHatAI/Qwen2.5-7B-Instruct-quantized.w8a8,qwen2.5,Qwen2.5-7B-Instruct,w8a8_int,arc_challenge,63.4,-0.17,-0.7246958507300688,-2.758482965966967,1.3090912645068298,-0.37555769230769237,-0.47234375,True,Qwen2.5-7B-Instruct|s1
RedHatAI/Qwen2.5-7B-Instruct-quantized.w8a8,qwen2.5,Qwen2.5-7B-Instruct,w8a8_int,gsm8k,80.36,0.38,-0.659488292291265,-2.6932754075281635,1.3742988229456334,-0.37555769230769237,-0.6015625,True,Qwen2.5-7B-Instruct|s1
RedHatAI/Qwen2.5-7B-Instruct-quantized.w8a8,qwen2.5,Qwen2.5-7B-Instruct,w8a8_int,hellaswag,81.52,-0.46,-0.5194554071516064,-2.553242522388505,1.514331708085292,-0.37555769230769237,-0.34941176470588237,True,Qwen2.5-7B-Instruct|s1
RedHatAI/Qwen2.5-7B-Instruct-quantized.w8a8,qwen2.5,Qwen2.5-7B-Instruct,w8a8_int,winogrande,74.66,0.16,-0.5328381194864096,-2.566625234723308,1.500948995750489,-0.37555769230769237,-0.2961194029850746,True,Qwen2.5-7B-Instruct|s1
RedHatAI/Qwen2.5-7B-Instruct-quantized.w8a8,qwen2.5,Qwen2.5-7B-Instruct,w8a8_int,truthfulqa,64.76,-0.18,-0.4130398874204909,-2.4468270026573893,1.6207472278164077,-0.37555769230769237,-0.22984848484848486,True,Qwen2.5-7B-Instruct|s1
RedHatAI/Qwen2.5-7B-Instruct-FP8-dynamic,qwen2.5,Qwen2.5-7B-Instruct,fp8_dynamic,mmlu,74.24,-0.2,-0.21246833485476163,-2.121096697869728,1.6961600281602047,-0.3685052631578948,-0.4347540983606557,True,Qwen2.5-7B-Instruct|s2
RedHatAI/Qwen2.5-7B-Instruct-FP8-dynamic,qwen2.5,Qwen2.5-7B-Instruct,fp8_dynamic,arc_challenge,63.4,-0.26,-0.21791483290310354,-2.12654319591807,1.6907135301118628,-0.3685052631578948,-0.38683333333333336,True,Qwen2.5-7B-Instruct|s2
RedHatAI/Qwen2.5-7B-Instruct-FP8-dynamic,qwen2.5,Qwen2.5-7B-Instruct,fp8_dynamic,gsm8k,80.36,-0.3,-0.5698330177896267,-2.478461380804593,1.3387953452253396,-0.3685052631578948,-0.8905,True,Qwen2.5-7B-Instruct|s2
RedHatAI/Qwen2.5-7B-Instruct-FP8-dynamic,qwen2.5,Qwen2.5-7B-Instruct,fp8_dynamic,hellaswag,81.52,-0.41,-0.10050354192848288,-2.009131904943449,1.8081248210864835,-0.3685052631578948,-0.30476190476190473,True,Qwen2.5-7B-Instruct|s2
RedHatAI/Qwen2.5-7B-Instruct-FP8-dynamic,qwen2.5,Qwen2.5-7B-Instruct,fp8_dynamic,winogrande,74.66,-0.23,-0.035501786017713866,-1.94413014903268,1.8731265769972525,-0.3685052631578948,-0.19901639344262292,True,Qwen2.5-7B-Instruct|s2
RedHatAI/Qwen2.5-7B-Instruct-FP8-dynamic,qwen2.5,Qwen2.5-7B-Instruct,fp8_dynamic,truthfulqa,64.76,0.11,0.02631617795700031,-1.882312185057966,1.9349445409719666,-0.3685052631578948,-0.15693548387096776,True,Qwen2.5-7B-Instruct|s2
RedHatAI/Qwen2.5-7B-Instruct-quantized.w4a16,qwen2.5,Qwen2.5-7B-Instruct,w4a16,mmlu,74.24,-1.05,-0.6568550606463455,-2.5654834236613118,1.2517733023686208,-0.3685052631578948,-0.4347540983606557,True,Qwen2.5-7B-Instruct|s2
RedHatAI/Qwen2.5-7B-Instruct-quantized.w4a16,qwen2.5,Qwen2.5-7B-Instruct,w4a16,arc_challenge,63.4,-0.17,-0.6623015586946874,-2.570929921709654,1.2463268043202789,-0.3685052631578948,-0.38683333333333336,True,Qwen2.5-7B-Instruct|s2
RedHatAI/Qwen2.5-7B-Instruct-quantized.w4a16,qwen2.5,Qwen2.5-7B-Instruct,w4a16,gsm8k,80.36,0.23,-1.0142197435812106,-2.922848106596177,0.8944086194337557,-0.3685052631578948,-0.8905,True,Qwen2.5-7B-Instruct|s2
RedHatAI/Qwen2.5-7B-Instruct-quantized.w4a16,qwen2.5,Qwen2.5-7B-Instruct,w4a16,hellaswag,81.52,-0.87,-0.5448902677200667,-2.453518630735033,1.3637380952948996,-0.3685052631578948,-0.30476190476190473,True,Qwen2.5-7B-Instruct|s2
RedHatAI/Qwen2.5-7B-Instruct-quantized.w4a16,qwen2.5,Qwen2.5-7B-Instruct,w4a16,winogrande,74.66,-0.47,-0.47988851180929776,-2.3885168748242642,1.4287398512056686,-0.3685052631578948,-0.19901639344262292,True,Qwen2.5-7B-Instruct|s2
RedHatAI/Qwen2.5-7B-Instruct-quantized.w4a16,qwen2.5,Qwen2.5-7B-Instruct,w4a16,truthfulqa,64.76,-0.49,-0.4180705478345836,-2.32669891084955,1.4905578151803827,-0.3685052631578948,-0.15693548387096776,True,Qwen2.5-7B-Instruct|s2
RedHatAI/Qwen2.5-7B-Instruct-quantized.w8a8,qwen2.5,Qwen2.5-7B-Instruct,w8a8_int,mmlu,74.24,-0.37,-0.4062949035318315,-2.314923266546798,1.5023334594831348,-0.3685052631578948,-0.4347540983606557,True,Qwen2.5-7B-Instruct|s2
RedHatAI/Qwen2.5-7B-Instruct-quantized.w8a8,qwen2.5,Qwen2.5-7B-Instruct,w8a8_int,arc_challenge,63.4,-0.17,-0.4117414015801734,-2.3203697645951396,1.4968869614347928,-0.3685052631578948,-0.38683333333333336,True,Qwen2.5-7B-Instruct|s2
RedHatAI/Qwen2.5-7B-Instruct-quantized.w8a8,qwen2.5,Qwen2.5-7B-Instruct,w8a8_int,gsm8k,80.36,0.38,-0.7636595864666964,-2.672287949481663,1.14496877654827,-0.3685052631578948,-0.8905,True,Qwen2.5-7B-Instruct|s2
RedHatAI/Qwen2.5-7B-Instruct-quantized.w8a8,qwen2.5,Qwen2.5-7B-Instruct,w8a8_int,hellaswag,81.52,-0.46,-0.2943301106055527,-2.202958473620519,1.6142982524094136,-0.3685052631578948,-0.30476190476190473,True,Qwen2.5-7B-Instruct|s2
RedHatAI/Qwen2.5-7B-Instruct-quantized.w8a8,qwen2.5,Qwen2.5-7B-Instruct,w8a8_int,winogrande,74.66,0.16,-0.22932835469478374,-2.1379567177097503,1.6793000083201826,-0.3685052631578948,-0.19901639344262292,True,Qwen2.5-7B-Instruct|s2
RedHatAI/Qwen2.5-7B-Instruct-quantized.w8a8,qwen2.5,Qwen2.5-7B-Instruct,w8a8_int,truthfulqa,64.76,-0.18,-0.16751039072006965,-2.076138753735036,1.7411179722948966,-0.3685052631578948,-0.15693548387096776,True,Qwen2.5-7B-Instruct|s2
RedHatAI/Qwen2.5-7B-Instruct-FP8-dynamic,qwen2.5,Qwen2.5-7B-Instruct,fp8_dynamic,mmlu,74.24,-0.2,-0.2078344704704237,-1.7612608631900968,1.3455919222492496,-0.3977491408934708,-0.48628571428571427,True,Qwen2.5-7B-Instruct|s3
RedHatAI/Qwen2.5-7B-Instruct-FP8-dynamic,qwen2.5,Qwen2.5-7B-Instruct,fp8_dynamic,arc_challenge,63.4,-0.26,-0.17109134914655594,-1.7245177418662292,1.3823350435731172,-0.3977491408934708,-0.4585714285714286,True,Qwen2.5-7B-Instruct|s3
RedHatAI/Qwen2.5-7B-Instruct-FP8-dynamic,qwen2.5,Qwen2.5-7B-Instruct,fp8_dynamic,gsm8k,80.36,-0.3,-0.35342521089904777,-1.9068516036187209,1.2000011818206255,-0.3977491408934708,-0.6725714285714286,True,Qwen2.5-7B-Instruct|s3
RedHatAI/Qwen2.5-7B-Instruct-FP8-dynamic,qwen2.5,Qwen2.5-7B-Instruct,fp8_dynamic,hellaswag,81.52,-0.41,0.0058524978757728,-1.5475738948439004,1.559278890595446,-0.3977491408934708,-0.24753424657534248,True,Qwen2.5-7B-Instruct|s3
RedHatAI/Qwen2.5-7B-Instruct-FP8-dynamic,qwen2.5,Qwen2.5-7B-Instruct,fp8_dynamic,winogrande,74.66,-0.23,-0.012734135442570571,-1.5661605281622437,1.5406922572771027,-0.3977491408934708,-0.2720547945205479,True,Qwen2.5-7B-Instruct|s3
RedHatAI/Qwen2.5-7B-Instruct-FP8-dynamic,qwen2.5,Qwen2.5-7B-Instruct,fp8_dynamic,truthfulqa,64.76,0.11,-0.06454208087685587,-1.617968473596529,1.4888843118428174,-0.3977491408934708,-0.3315714285714286,True,Qwen2.5-7B-Instruct|s3
RedHatAI/Qwen2.5-7B-Instruct-quantized.w4a16,qwen2.5,Qwen2.5-7B-Instruct,w4a16,mmlu,74.24,-1.05,-0.6834214778351898,-2.236847870554863,0.8700049148844834,-0.3977491408934708,-0.48628571428571427,True,Qwen2.5-7B-Instruct|s3
RedHatAI/Qwen2.5-7B-Instruct-quantized.w4a16,qwen2.5,Qwen2.5-7B-Instruct,w4a16,arc_challenge,63.4,-0.17,-0.6466783565113219,-2.200104749230995,0.9067480362083513,-0.3977491408934708,-0.4585714285714286,True,Qwen2.5-7B-Instruct|s3
RedHatAI/Qwen2.5-7B-Instruct-quantized.w4a16,qwen2.5,Qwen2.5-7B-Instruct,w4a16,gsm8k,80.36,0.23,-0.8290122182638138,-2.382438610983487,0.7244141744558594,-0.3977491408934708,-0.6725714285714286,True,Qwen2.5-7B-Instruct|s3
RedHatAI/Qwen2.5-7B-Instruct-quantized.w4a16,qwen2.5,Qwen2.5-7B-Instruct,w4a16,hellaswag,81.52,-0.87,-0.46973450948899326,-2.0231609022086663,1.0836918832306799,-0.3977491408934708,-0.24753424657534248,True,Qwen2.5-7B-Instruct|s3
RedHatAI/Qwen2.5-7B-Instruct-quantized.w4a16,qwen2.5,Qwen2.5-7B-Instruct,w4a16,winogrande,74.66,-0.47,-0.48832114280733663,-2.04174753552701,1.0651052499123366,-0.3977491408934708,-0.2720547945205479,True,Qwen2.5-7B-Instruct|s3
RedHatAI/Qwen2.5-7B-Instruct-quantized.w4a16,qwen2.5,Qwen2.5-7B-Instruct,w4a16,truthfulqa,64.76,-0.49,-0.5401290882416218,-2.093555480961295,1.0132973044780513,-0.3977491408934708,-0.3315714285714286,True,Qwen2.5-7B-Instruct|s3
RedHatAI/Qwen2.5-7B-Instruct-quantized.w8a8,qwen2.5,Qwen2.5-7B-Instruct,w8a8_int,mmlu,74.24,-0.37,-0.5463381511004168,-2.09976454382009,1.0070882416192564,-0.3977491408934708,-0.48628571428571427,True,Qwen2.5-7B-Instruct|s3
RedHatAI/Qwen2.5-7B-Instruct-quantized.w8a8,qwen2.5,Qwen2.5-7B-Instruct,w8a8_int,arc_challenge,63.4,-0.17,-0.509595029776549,-2.063021422496222,1.0438313629431242,-0.3977491408934708,-0.4585714285714286,True,Qwen2.5-7B-Instruct|s3
RedHatAI/Qwen2.5-7B-Instruct-quantized.w8a8,qwen2.5,Qwen2.5-7B-Instruct,w8a8_int,gsm8k,80.36,0.38,-0.6919288915290409,-2.2453552842487143,0.8614975011906323,-0.3977491408934708,-0.6725714285714286,True,Qwen2.5-7B-Instruct|s3
RedHatAI/Qwen2.5-7B-Instruct-quantized.w8a8,qwen2.5,Qwen2.5-7B-Instruct,w8a8_int,hellaswag,81.52,-0.46,-0.33265118275422023,-1.8860775754738934,1.220775209965453,-0.3977491408934708,-0.24753424657534248,True,Qwen2.5-7B-Instruct|s3
RedHatAI/Qwen2.5-7B-Instruct-quantized.w8a8,qwen2.5,Qwen2.5-7B-Instruct,w8a8_int,winogrande,74.66,0.16,-0.35123781607256366,-1.9046642087922367,1.2021885766471097,-0.3977491408934708,-0.2720547945205479,True,Qwen2.5-7B-Instruct|s3
RedHatAI/Qwen2.5-7B-Instruct-quantized.w8a8,qwen2.5,Qwen2.5-7B-Instruct,w8a8_int,truthfulqa,64.76,-0.18,-0.4030457615068489,-1.956472154226522,1.1503806312128244,-0.3977491408934708,-0.3315714285714286,True,Qwen2.5-7B-Instruct|s3
RedHatAI/Qwen2.5-7B-Instruct-FP8-dynamic,qwen2.5,Qwen2.5-7B-Instruct,fp8_dynamic,mmlu,74.24,-0.2,-0.19025750499819677,-1.7487652608836037,1.3682502508872103,-0.4014081996434938,-0.5008695652173913,True,Qwen2.5-7B-Instruct|s4
RedHatAI/Qwen2.5-7B-Instruct-FP8-dynamic,qwen2.5,Qwen2.5-7B-Instruct,fp8_dynamic,arc_challenge,63.4,-0.26,-0.18589365267652738,-1.7444014085619344,1.3726141032088797,-0.4014081996434938,-0.4123529411764706,True,Qwen2.5-7B-Instruct|s4
RedHatAI/Qwen2.5-7B-Instruct-FP8-dynamic,qwen2.5,Qwen2.5-7B-Instruct,fp8_dynamic,gsm8k,80.36,-0.3,-0.3504119008321715,-1.9089196567175786,1.2080958550532355,-0.4014081996434938,-0.7456716417910448,True,Qwen2.5-7B-Instruct|s4
RedHatAI/Qwen2.5-7B-Instruct-FP8-dynamic,qwen2.5,Qwen2.5-7B-Instruct,fp8_dynamic,hellaswag,81.52,-0.41,-0.027812082341861943,-1.586319838227269,1.530695673543545,-0.4014081996434938,-0.31267605633802814,True,Qwen2.5-7B-Instruct|s4
RedHatAI/Qwen2.5-7B-Instruct-FP8-dynamic,qwen2.5,Qwen2.5-7B-Instruct,fp8_dynamic,winogrande,74.66,-0.23,-0.018545746559083975,-1.577053502444491,1.539962009326323,-0.4014081996434938,-0.26157142857142857,True,Qwen2.5-7B-Instruct|s4
RedHatAI/Qwen2.5-7B-Instruct-FP8-dynamic,qwen2.5,Qwen2.5-7B-Instruct,fp8_dynamic,truthfulqa,64.76,0.11,0.12646626490951174,-1.4320414909758954,1.6849740207949186,-0.4014081996434938,-0.15588235294117647,True,Qwen2.5-7B-Instruct|s4
RedHatAI/Qwen2.5-7B-Instruct-quantized.w4a16,qwen2.5,Qwen2.5-7B-Instruct,w4a16,mmlu,74.24,-1.05,-0.6283604193085933,-2.1868681751940002,0.9301473365768137,-0.4014081996434938,-0.5008695652173913,True,Qwen2.5-7B-Instruct|s4
RedHatAI/Qwen2.5-7B-Instruct-quantized.w4a16,qwen2.5,Qwen2.5-7B-Instruct,w4a16,arc_challenge,63.4,-0.17,-0.6239965669869237,-2.182504322872331,0.9345111888984833,-0.4014081996434938,-0.4123529411764706,True,Qwen2.5-7B-Instruct|s4
RedHatAI/Qwen2.5-7B-Instruct-quantized.w4a16,qwen2.5,Qwen2.5-7B-Instruct,w4a16,gsm8k,80.36,0.23,-0.7885148151425679,-2.347022571027975,0.7699929407428391,-0.4014081996434938,-0.7456716417910448,True,Qwen2.5-7B-Instruct|s4
RedHatAI/Qwen2.5-7B-Instruct-quantized.w4a16,qwen2.5,Qwen2.5-7B-Instruct,w4a16,hellaswag,81.52,-0.87,-0.46591499665225833,-2.0244227525376655,1.0925927592331486,-0.4014081996434938,-0.31267605633802814,True,Qwen2.5-7B-Instruct|s4
RedHatAI/Qwen2.5-7B-Instruct-quantized.w4a16,qwen2.5,Qwen2.5-7B-Instruct,w4a16,winogrande,74.66,-0.47,-0.45664866086948047,-2.0151564167548877,1.1018590950159266,-0.4014081996434938,-0.26157142857142857,True,Qwen2.5-7B-Instruct|s4
RedHatAI/Qwen2.5-7B-Instruct-quantized.w4a16,qwen2.5,Qwen2.5-7B-Instruct,w4a16,truthfulqa,64.76,-0.49,-0.3116366494008847,-1.8701444052862917,1.2468711064845224,-0.4014081996434938,-0.15588235294117647,True,Qwen2.5-7B-Instruct|s4
RedHatAI/Qwen2.5-7B-Instruct-quantized.w8a8,qwen2.5,Qwen2.5-7B-Instruct,w8a8_int,mmlu,74.24,-0.37,-0.5057745428434907,-2.0642822987288976,1.0527332130419165,-0.4014081996434938,-0.5008695652173913,True,Qwen2.5-7B-Instruct|s4
RedHatAI/Qwen2.5-7B-Instruct-quantized.w8a8,qwen2.5,Qwen2.5-7B-Instruct,w8a8_int,arc_challenge,63.4,-0.17,-0.5014106905218212,-2.059918446407228,1.0570970653635858,-0.4014081996434938,-0.4123529411764706,True,Qwen2.5-7B-Instruct|s4
RedHatAI/Qwen2.5-7B-Instruct-quantized.w8a8,qwen2.5,Qwen2.5-7B-Instruct,w8a8_int,gsm8k,80.36,0.38,-0.6659289386774654,-2.2244366945628724,0.8925788172079416,-0.4014081996434938,-0.7456716417910448,True,Qwen2.5-7B-Instruct|s4
RedHatAI/Qwen2.5-7B-Instruct-quantized.w8a8,qwen2.5,Qwen2.5-7B-Instruct,w8a8_int,hellaswag,81.52,-0.46,-0.3433291201871558,-1.9018368760725628,1.2151786356982512,-0.4014081996434938,-0.31267605633802814,True,Qwen2.5-7B-Instruct|s4
RedHatAI/Qwen2.5-7B-Instruct-quantized.w8a8,qwen2.5,Qwen2.5-7B-Instruct,w8a8_int,winogrande,74.66,0.16,-0.33406278440437787,-1.892570540289785,1.224444971481029,-0.4014081996434938,-0.26157142857142857,True,Qwen2.5-7B-Instruct|s4
RedHatAI/Qwen2.5-7B-Instruct-quantized.w8a8,qwen2.5,Qwen2.5-7B-Instruct,w8a8_int,truthfulqa,64.76,-0.18,-0.18905077293578204,-1.747558528821189,1.369456982949625,-0.4014081996434938,-0.15588235294117647,True,Qwen2.5-7B-Instruct|s4
RedHatAI/Qwen3-14B-FP8-dynamic,qwen3,Qwen3-14B,fp8_dynamic,mmlu,76.81,-0.34,-0.28123966908100934,-2.0876976027256977,1.525218264563679,-0.3601682242990654,-0.42264705882352943,True,Qwen3-14B|s0
RedHatAI/Qwen3-14B-FP8-dynamic,qwen3,Qwen3-14B,fp8_dynamic,arc_challenge,61.6,0.35,-0.33909426760443034,-2.1455522012491186,1.4673636660402578,-0.3601682242990654,-0.4844117647058823,True,Qwen3-14B|s0
RedHatAI/Qwen3-14B-FP8-dynamic,qwen3,Qwen3-14B,fp8_dynamic,gsm8k,67.63,-1.44,-0.5237729728238885,-2.330230906468577,1.2826849608207997,-0.3601682242990654,-0.693030303030303,True,Qwen3-14B|s0
RedHatAI/Qwen3-14B-FP8-dynamic,qwen3,Qwen3-14B,fp8_dynamic,hellaswag,55.09,1.37,-0.16710023324062334,-1.9735581668853115,1.639357700404065,-0.3601682242990654,-0.22710144927536233,True,Qwen3-14B|s0
RedHatAI/Qwen3-14B-FP8-dynamic,qwen3,Qwen3-14B,fp8_dynamic,winogrande,62.51,1.1,-0.09816408667442811,-1.9046220203191164,1.70829384697026,-0.3601682242990654,-0.1808823529411765,True,Qwen3-14B|s0
RedHatAI/Qwen3-14B-FP8-dynamic,qwen3,Qwen3-14B,fp8_dynamic,truthfulqa,55.39,0.2,-0.05876332285250491,-1.865221256497193,1.7476946107921834,-0.3601682242990654,-0.16,True,Qwen3-14B|s0
RedHatAI/Qwen3-14B-FP8-dynamic,qwen3,Qwen3-14B,fp8_dynamic,ifeval,87.48,0.3,-0.17954334932283528,-1.9860012829675235,1.6269145843218529,-0.3601682242990654,-0.3976470588235294,True,Qwen3-14B|s0
RedHatAI/Qwen3-14B-FP8-dynamic,qwen3,Qwen3-14B,fp8_dynamic,bbh,40.4,-0.03,-0.5082761255734938,-2.314734059218182,1.2981818080711944,-0.3601682242990654,-0.7466666666666666,True,Qwen3-14B|s0
RedHatAI/Qwen3-14B-FP8-dynamic,qwen3,Qwen3-14B,fp8_dynamic,math_lvl5,54.18,0.13,0.05896664058460982,-1.7474912930600783,1.865424574229298,-0.3601682242990654,0.07333333333333325,True,Qwen3-14B|s0
RedHatAI/Qwen3-14B-FP8-dynamic,qwen3,Qwen3-14B,fp8_dynamic,gpqa,61.62,2.52,0.44718407675605004,-1.3592738568886382,2.253642010400738,-0.3601682242990654,0.35749999999999993,False,Qwen3-14B|s0
RedHatAI/Qwen3-14B-NVFP4,qwen3,Qwen3-14B,nvfp4,arc_challenge,67.32,-0.26,-1.0211682200673573,-2.8276261537120453,0.7852897135773309,-0.3601682242990654,-0.4844117647058823,True,Qwen3-14B|s0
RedHatAI/Qwen3-14B-NVFP4,qwen3,Qwen3-14B,nvfp4,gsm8k,88.7,-0.45,-1.1554743546375101,-2.961932288282198,0.6509835790071781,-0.3601682242990654,-0.693030303030303,True,Qwen3-14B|s0
RedHatAI/Qwen3-14B-NVFP4,qwen3,Qwen3-14B,nvfp4,hellaswag,79.62,-1.38,-0.8049281107898507,-2.611386044434539,1.0015298228548375,-0.3601682242990654,-0.22710144927536233,True,Qwen3-14B|s0
RedHatAI/Qwen3-14B-NVFP4,qwen3,Qwen3-14B,nvfp4,mmlu,78.86,-1.63,-0.9628665925188282,-2.7693245261635164,0.84359134112586,-0.3601682242990654,-0.42264705882352943,True,Qwen3-14B|s0
RedHatAI/Qwen3-14B-NVFP4,qwen3,Qwen3-14B,nvfp4,truthfulqa,58.59,-0.1,-0.7470486252899692,-2.5535065589346573,1.0594093083547191,-0.3601682242990654,-0.16,True,Qwen3-14B|s0
RedHatAI/Qwen3-14B-NVFP4,qwen3,Qwen3-14B,nvfp4,winogrande,73.72,0.08,-0.768343356245347,-2.5748012898900354,1.0381145773993412,-0.3601682242990654,-0.1808823529411765,True,Qwen3-14B|s0
RedHatAI/Qwen3-14B-NVFP4,qwen3,Qwen3-14B,nvfp4,bbh,59.45,-2.67,-1.2073957609002646,-3.0138536945449528,0.5990621727444236,-0.3601682242990654,-0.7466666666666666,True,Qwen3-14B|s0
RedHatAI/Qwen3-14B-NVFP4,qwen3,Qwen3-14B,nvfp4,mmlu_pro,44.39,-3.24,-1.3102693316896732,-3.1167272653343616,0.496188601955015,-0.3601682242990654,-0.8526315789473684,False,Qwen3-14B|s0
RedHatAI/Qwen3-14B-NVFP4,qwen3,Qwen3-14B,nvfp4,musr,38.62,-0.79,-0.5010358676969939,-2.307493801341682,1.3054220659476943,-0.3601682242990654,0.0009090909090909098,True,Qwen3-14B|s0
RedHatAI/Qwen3-14B-NVFP4,qwen3,Qwen3-14B,nvfp4,ifeval,89.45,0.96,-0.8646225379362087,-2.671080471580897,0.9418353957084795,-0.3601682242990654,-0.3976470588235294,False,Qwen3-14B|s0
RedHatAI/Qwen3-14B-NVFP4,qwen3,Qwen3-14B,nvfp4,gpqa,27.43,-0.84,-0.20738140572469557,-2.0138393393693836,1.5990765279199926,-0.3601682242990654,0.35749999999999993,True,Qwen3-14B|s0
RedHatAI/Qwen3-14B-NVFP4,qwen3,Qwen3-14B,nvfp4,humaneval,90.74,-0.87,-0.8583640462567244,-2.6648219799014123,0.9480938873879639,-0.3601682242990654,-0.3895652173913044,True,Qwen3-14B|s0
RedHatAI/Qwen3-14B-quantized.w4a16,qwen3,Qwen3-14B,w4a16,mmlu,76.81,-0.91,-0.5924679834289998,-2.398925917073688,1.2139899502156886,-0.3601682242990654,-0.42264705882352943,True,Qwen3-14B|s0
RedHatAI/Qwen3-14B-quantized.w4a16,qwen3,Qwen3-14B,w4a16,arc_challenge,61.6,-0.08,-0.6503225819524205,-2.4567805155971087,1.1561353516922677,-0.3601682242990654,-0.4844117647058823,True,Qwen3-14B|s0
RedHatAI/Qwen3-14B-quantized.w4a16,qwen3,Qwen3-14B,w4a16,gsm8k,67.63,3.94,-0.8350012871718787,-2.641459220816567,0.9714566464728095,-0.3601682242990654,-0.693030303030303,False,Qwen3-14B|s0
RedHatAI/Qwen3-14B-quantized.w4a16,qwen3,Qwen3-14B,w4a16,hellaswag,55.09,2.87,-0.47832854758861365,-2.2847864812333016,1.3281293860560746,-0.3601682242990654,-0.22710144927536233,False,Qwen3-14B|s0
RedHatAI/Qwen3-14B-quantized.w4a16,qwen3,Qwen3-14B,w4a16,truthfulqa,55.39,0.91,-0.3699916372004952,-2.1764495708451834,1.436466296444193,-0.3601682242990654,-0.16,True,Qwen3-14B|s0
RedHatAI/Qwen3-14B-quantized.w4a16,qwen3,Qwen3-14B,w4a16,mmlu_pro,44.59,-2.2,-0.9325459274277199,-2.7390038610724083,0.8739120062169683,-0.3601682242990654,-0.8526315789473684,True,Qwen3-14B|s0
RedHatAI/Qwen3-14B-quantized.w4a16,qwen3,Qwen3-14B,w4a16,bbh,40.4,-1.66,-0.8195044399214841,-2.625962373566172,0.9869534937232041,-0.3601682242990654,-0.7466666666666666,True,Qwen3-14B|s0
RedHatAI/Qwen3-14B-quantized.w4a16,qwen3,Qwen3-14B,w4a16,math_lvl5,54.18,0.87,-0.2522616737633805,-2.0587196074080687,1.5541962598813077,-0.3601682242990654,0.07333333333333325,True,Qwen3-14B|s0
RedHatAI/Qwen3-14B-quantized.w4a16,qwen3,Qwen3-14B,w4a16,gpqa,61.62,-0.51,0.1359557624080598,-1.6705021712366284,1.942413696052748,-0.3601682242990654,0.35749999999999993,True,Qwen3-14B|s0
RedHatAI/Qwen3-14B-FP8-dynamic,qwen3,Qwen3-14B,fp8_dynamic,mmlu,76.81,-0.34,-0.2516718408770228,-2.5829394420651433,2.079595760311098,-0.4066530612244898,-0.37609375,True,Qwen3-14B|s1
RedHatAI/Qwen3-14B-FP8-dynamic,qwen3,Qwen3-14B,fp8_dynamic,arc_challenge,61.6,0.35,-0.3699724264743056,-2.7012400276624264,1.961295174713815,-0.4066530612244898,-0.46796875,True,Qwen3-14B|s1
RedHatAI/Qwen3-14B-FP8-dynamic,qwen3,Qwen3-14B,fp8_dynamic,gsm8k,67.63,-1.44,-0.6536826622039518,-2.984950263392072,1.6775849389841688,-0.4066530612244898,-0.8103076923076922,True,Qwen3-14B|s1
RedHatAI/Qwen3-14B-FP8-dynamic,qwen3,Qwen3-14B,fp8_dynamic,hellaswag,55.09,1.37,-0.22947563409836247,-2.560743235286483,2.101791967089758,-0.4066530612244898,-0.24833333333333335,True,Qwen3-14B|s1
RedHatAI/Qwen3-14B-FP8-dynamic,qwen3,Qwen3-14B,fp8_dynamic,winogrande,62.51,1.1,-0.21871502030710754,-2.549982621495228,2.112552580881013,-0.4066530612244898,-0.273030303030303,True,Qwen3-14B|s1
RedHatAI/Qwen3-14B-FP8-dynamic,qwen3,Qwen3-14B,fp8_dynamic,truthfulqa,55.39,0.2,-0.09983914988137194,-2.4311067510694926,2.2314284513067486,-0.4066530612244898,-0.16984126984126985,True,Qwen3-14B|s1
RedHatAI/Qwen3-14B-FP8-dynamic,qwen3,Qwen3-14B,fp8_dynamic,ifeval,87.48,0.3,-0.13922963658172155,-2.470497237769842,2.192037964606399,-0.4066530612244898,-0.31285714285714283,True,Qwen3-14B|s1
RedHatAI/Qwen3-14B-FP8-dynamic,qwen3,Qwen3-14B,fp8_dynamic,bbh,40.4,-0.03,-0.38927080304535294,-2.7205384042334737,1.9419967981427677,-0.4066530612244898,-0.5333333333333333,True,Qwen3-14B|s1
RedHatAI/Qwen3-14B-FP8-dynamic,qwen3,Qwen3-14B,fp8_dynamic,math_lvl5,54.18,0.13,-2.873663967727489,-5.20493156891561,-0.5423963665393683,-0.4066530612244898,-3.2,False,Qwen3-14B|s1
RedHatAI/Qwen3-14B-FP8-dynamic,qwen3,Qwen3-14B,fp8_dynamic,gpqa,61.62,2.52,-0.13559789409242973,-2.46686549528055,2.195669707095691,-0.4066530612244898,-0.24400000000000005,False,Qwen3-14B|s1
RedHatAI/Qwen3-14B-NVFP4,qwen3,Qwen3-14B,nvfp4,arc_challenge,67.32,-0.26,-1.4598362318962126,-3.791103833084333,0.871431369291908,-0.4066530612244898,-0.46796875,True,Qwen3-14B|s1
RedHatAI/Qwen3-14B-NVFP4,qwen3,Qwen3-14B,nvfp4,gsm8k,88.7,-0.45,-1.6528331657090645,-3.984100766897185,0.6784344354790561,-0.4066530612244898,-0.8103076923076922,True,Qwen3-14B|s1
RedHatAI/Qwen3-14B-NVFP4,qwen3,Qwen3-14B,nvfp4,hellaswag,79.62,-1.38,-1.2553619655975639,-3.5866295667856845,1.0759056355905567,-0.4066530612244898,-0.24833333333333335,True,Qwen3-14B|s1
RedHatAI/Qwen3-14B-NVFP4,qwen3,Qwen3-14B,nvfp4,mmlu,78.86,-1.63,-1.344040470636835,-3.6753080718249556,0.9872271305512856,-0.4066530612244898,-0.37609375,True,Qwen3-14B|s1
RedHatAI/Qwen3-14B-NVFP4,qwen3,Qwen3-14B,nvfp4,truthfulqa,58.59,-0.1,-1.200387754663953,-3.531655355852074,1.1308798465241676,-0.4066530612244898,-0.16984126984126985,True,Qwen3-14B|s1
RedHatAI/Qwen3-14B-NVFP4,qwen3,Qwen3-14B,nvfp4,winogrande,73.72,0.08,-1.2876039913418307,-3.6188715925299513,1.04366360984629,-0.4066530612244898,-0.273030303030303,True,Qwen3-14B|s1
RedHatAI/Qwen3-14B-NVFP4,qwen3,Qwen3-14B,nvfp4,bbh,59.45,-2.67,-1.501728599939897,-3.832996201128018,0.8295390012482236,-0.4066530612244898,-0.5333333333333333,True,Qwen3-14B|s1
RedHatAI/Qwen3-14B-NVFP4,qwen3,Qwen3-14B,nvfp4,mmlu_pro,44.39,-3.24,-1.7072892147733036,-4.0385568159614245,0.623978386414817,-0.4066530612244898,-0.7753846153846153,True,Qwen3-14B|s1
RedHatAI/Qwen3-14B-NVFP4,qwen3,Qwen3-14B,nvfp4,musr,38.62,-0.79,-1.1507246391685055,-3.481992240356626,1.180542962019615,-0.4066530612244898,-0.17099999999999999,True,Qwen3-14B|s1
RedHatAI/Qwen3-14B-NVFP4,qwen3,Qwen3-14B,nvfp4,ifeval,89.45,0.96,-1.230641649793282,-3.5619092509814028,1.1006259513948387,-0.4066530612244898,-0.31285714285714283,True,Qwen3-14B|s1
RedHatAI/Qwen3-14B-NVFP4,qwen3,Qwen3-14B,nvfp4,gpqa,27.43,-0.84,-1.1892377081417789,-3.5205053093298995,1.1420298930463417,-0.4066530612244898,-0.24400000000000005,True,Qwen3-14B|s1
RedHatAI/Qwen3-14B-NVFP4,qwen3,Qwen3-14B,nvfp4,humaneval,90.74,-0.87,-1.2876223982018433,-3.618889999389964,1.0436452029862773,-0.4066530612244898,-0.45368421052631586,True,Qwen3-14B|s1
RedHatAI/Qwen3-14B-quantized.w4a16,qwen3,Qwen3-14B,w4a16,mmlu,76.81,-0.91,-0.8085716152911245,-3.139839216479245,1.5226959858969962,-0.4066530612244898,-0.37609375,True,Qwen3-14B|s1
RedHatAI/Qwen3-14B-quantized.w4a16,qwen3,Qwen3-14B,w4a16,arc_challenge,61.6,-0.08,-0.9268722008884074,-3.2581398020765278,1.4043954002997132,-0.4066530612244898,-0.46796875,True,Qwen3-14B|s1
RedHatAI/Qwen3-14B-quantized.w4a16,qwen3,Qwen3-14B,w4a16,gsm8k,67.63,3.94,-1.2105824366180533,-3.541850037806174,1.1206851645700673,-0.4066530612244898,-0.8103076923076922,False,Qwen3-14B|s1
RedHatAI/Qwen3-14B-quantized.w4a16,qwen3,Qwen3-14B,w4a16,hellaswag,55.09,2.87,-0.7863754085124641,-3.1176430097005845,1.5448921926756565,-0.4066530612244898,-0.24833333333333335,False,Qwen3-14B|s1
RedHatAI/Qwen3-14B-quantized.w4a16,qwen3,Qwen3-14B,w4a16,truthfulqa,55.39,0.91,-0.6567389242954736,-2.9880065254835944,1.6745286768926468,-0.4066530612244898,-0.16984126984126985,True,Qwen3-14B|s1
RedHatAI/Qwen3-14B-quantized.w4a16,qwen3,Qwen3-14B,w4a16,mmlu_pro,44.59,-2.2,-1.1611514115194699,-3.4924190127075905,1.1701161896686507,-0.4066530612244898,-0.7753846153846153,True,Qwen3-14B|s1
RedHatAI/Qwen3-14B-quantized.w4a16,qwen3,Qwen3-14B,w4a16,bbh,40.4,-1.66,-0.9461705774594548,-3.2774381786475755,1.3850970237286657,-0.4066530612244898,-0.5333333333333333,True,Qwen3-14B|s1
RedHatAI/Qwen3-14B-quantized.w4a16,qwen3,Qwen3-14B,w4a16,math_lvl5,54.18,0.87,-3.430563742141591,-5.761831343329712,-1.0992961409534705,-0.4066530612244898,-3.2,False,Qwen3-14B|s1
RedHatAI/Qwen3-14B-quantized.w4a16,qwen3,Qwen3-14B,w4a16,gpqa,61.62,-0.51,-0.6924976685065314,-3.023765269694652,1.6387699326815892,-0.4066530612244898,-0.24400000000000005,True,Qwen3-14B|s1
RedHatAI/Qwen3-14B-FP8-dynamic,qwen3,Qwen3-14B,fp8_dynamic,mmlu,76.81,-0.34,-0.1741206260953119,-1.6261151368768205,1.2778738846861968,-0.3468089430894309,-0.49546875,True,Qwen3-14B|s2
RedHatAI/Qwen3-14B-FP8-dynamic,qwen3,Qwen3-14B,fp8_dynamic,arc_challenge,61.6,0.35,-0.07371763208408472,-1.5257121428655933,1.378276878697424,-0.3468089430894309,-0.43390625,True,Qwen3-14B|s2
RedHatAI/Qwen3-14B-FP8-dynamic,qwen3,Qwen3-14B,fp8_dynamic,gsm8k,67.63,-1.44,-0.10344535040804331,-1.555439861189552,1.3485491603734654,-0.3468089430894309,-0.49553846153846154,True,Qwen3-14B|s2
RedHatAI/Qwen3-14B-FP8-dynamic,qwen3,Qwen3-14B,fp8_dynamic,hellaswag,55.09,1.37,0.058829229802084104,-1.3931652809794246,1.5108237405835927,-0.3468089430894309,-0.25742424242424244,True,Qwen3-14B|s2
RedHatAI/Qwen3-14B-FP8-dynamic,qwen3,Qwen3-14B,fp8_dynamic,winogrande,62.51,1.1,0.21890694809444328,-1.2330875626870654,1.6709014588759519,-0.3468089430894309,-0.09353846153846153,True,Qwen3-14B|s2
RedHatAI/Qwen3-14B-FP8-dynamic,qwen3,Qwen3-14B,fp8_dynamic,truthfulqa,55.39,0.2,0.0798321797142244,-1.3721623310672841,1.5318266904957332,-0.3468089430894309,-0.24142857142857144,True,Qwen3-14B|s2
RedHatAI/Qwen3-14B-FP8-dynamic,qwen3,Qwen3-14B,fp8_dynamic,ifeval,87.48,0.3,0.06251038731967073,-1.389484123461838,1.5145048981011793,-0.3468089430894309,-0.2693333333333333,True,Qwen3-14B|s2
RedHatAI/Qwen3-14B-FP8-dynamic,qwen3,Qwen3-14B,fp8_dynamic,bbh,40.4,-0.03,-0.4425337174683988,-1.8945282282499074,1.00946079331311,-0.3468089430894309,-0.8575,True,Qwen3-14B|s2
RedHatAI/Qwen3-14B-FP8-dynamic,qwen3,Qwen3-14B,fp8_dynamic,math_lvl5,54.18,0.13,1.2339669950396361,-0.2180275157418725,2.685961505821145,-0.3468089430894309,1.15,True,Qwen3-14B|s2
RedHatAI/Qwen3-14B-FP8-dynamic,qwen3,Qwen3-14B,fp8_dynamic,gpqa,61.62,2.52,0.5850961566927126,-0.866898354088796,2.0370906674742213,-0.3468089430894309,0.19846153846153847,False,Qwen3-14B|s2
RedHatAI/Qwen3-14B-NVFP4,qwen3,Qwen3-14B,nvfp4,arc_challenge,67.32,-0.26,-0.9122416344601496,-2.3642361452416583,0.539752876321359,-0.3468089430894309,-0.43390625,True,Qwen3-14B|s2
RedHatAI/Qwen3-14B-NVFP4,qwen3,Qwen3-14B,nvfp4,gsm8k,88.7,-0.45,-1.0339869786643587,-2.4859814894458676,0.4180075321171499,-0.3468089430894309,-0.49553846153846154,True,Qwen3-14B|s2
RedHatAI/Qwen3-14B-NVFP4,qwen3,Qwen3-14B,nvfp4,hellaswag,79.62,-1.38,-0.7968099542437617,-2.2488044650252705,0.655184556537747,-0.3468089430894309,-0.25742424242424244,True,Qwen3-14B|s2
RedHatAI/Qwen3-14B-NVFP4,qwen3,Qwen3-14B,nvfp4,mmlu,78.86,-1.63,-1.0112189119920334,-2.463213422773542,0.44077559878947525,-0.3468089430894309,-0.49546875,True,Qwen3-14B|s2
RedHatAI/Qwen3-14B-NVFP4,qwen3,Qwen3-14B,nvfp4,truthfulqa,58.59,-0.1,-0.7504154113580305,-2.2024099221395392,0.7015790994234782,-0.3468089430894309,-0.24142857142857144,True,Qwen3-14B|s2
RedHatAI/Qwen3-14B-NVFP4,qwen3,Qwen3-14B,nvfp4,winogrande,73.72,0.08,-0.6356470073031233,-2.0876415180846317,0.8163475034783854,-0.3468089430894309,-0.09353846153846153,True,Qwen3-14B|s2
RedHatAI/Qwen3-14B-NVFP4,qwen3,Qwen3-14B,nvfp4,bbh,59.45,-2.67,-1.234514454157949,-2.6865089649394576,0.21748005662355974,-0.3468089430894309,-0.8575,True,Qwen3-14B|s2
RedHatAI/Qwen3-14B-NVFP4,qwen3,Qwen3-14B,nvfp4,mmlu_pro,44.39,-3.24,-1.7841849348194179,-3.2361794456009267,-0.3321904240379092,-0.3468089430894309,-1.5014285714285713,False,Qwen3-14B|s2
RedHatAI/Qwen3-14B-NVFP4,qwen3,Qwen3-14B,nvfp4,musr,38.62,-0.79,-0.18926549831336426,-1.6412600090948728,1.2627290124681445,-0.3468089430894309,0.3222222222222222,True,Qwen3-14B|s2
RedHatAI/Qwen3-14B-NVFP4,qwen3,Qwen3-14B,nvfp4,ifeval,89.45,0.96,-0.7896577804108535,-2.241652291192362,0.6623367303706551,-0.3468089430894309,-0.2693333333333333,False,Qwen3-14B|s2
RedHatAI/Qwen3-14B-NVFP4,qwen3,Qwen3-14B,nvfp4,gpqa,27.43,-0.84,-0.36951092204591696,-1.8215054328274256,1.0824835887355917,-0.3468089430894309,0.19846153846153847,True,Qwen3-14B|s2
RedHatAI/Qwen3-14B-NVFP4,qwen3,Qwen3-14B,nvfp4,humaneval,90.74,-0.87,-0.7535812077056093,-2.205575718487118,0.6984133030758993,-0.3468089430894309,-0.1708333333333333,True,Qwen3-14B|s2
RedHatAI/Qwen3-14B-quantized.w4a16,qwen3,Qwen3-14B,w4a16,mmlu,76.81,-0.91,-0.8365904803745897,-2.2885849911560983,0.6154040304069189,-0.3468089430894309,-0.49546875,True,Qwen3-14B|s2
RedHatAI/Qwen3-14B-quantized.w4a16,qwen3,Qwen3-14B,w4a16,arc_challenge,61.6,-0.08,-0.7361874863633625,-2.1881819971448713,0.7158070244181461,-0.3468089430894309,-0.43390625,True,Qwen3-14B|s2
RedHatAI/Qwen3-14B-quantized.w4a16,qwen3,Qwen3-14B,w4a16,gsm8k,67.63,3.94,-0.7659152046873212,-2.2179097154688296,0.6860793060941874,-0.3468089430894309,-0.49553846153846154,False,Qwen3-14B|s2
RedHatAI/Qwen3-14B-quantized.w4a16,qwen3,Qwen3-14B,w4a16,hellaswag,55.09,2.87,-0.6036406244771937,-2.0556351352587026,0.848353886304315,-0.3468089430894309,-0.25742424242424244,False,Qwen3-14B|s2
RedHatAI/Qwen3-14B-quantized.w4a16,qwen3,Qwen3-14B,w4a16,truthfulqa,55.39,0.91,-0.5826376745650533,-2.034632185346562,0.8693568362164553,-0.3468089430894309,-0.24142857142857144,False,Qwen3-14B|s2
RedHatAI/Qwen3-14B-quantized.w4a16,qwen3,Qwen3-14B,w4a16,mmlu_pro,44.59,-2.2,-1.6146059728907227,-3.0666004836722314,-0.16261146210921407,-0.3468089430894309,-1.5014285714285713,True,Qwen3-14B|s2
RedHatAI/Qwen3-14B-quantized.w4a16,qwen3,Qwen3-14B,w4a16,bbh,40.4,-1.66,-1.1050035717476765,-2.5569980825291854,0.34699093903383216,-0.3468089430894309,-0.8575,True,Qwen3-14B|s2
RedHatAI/Qwen3-14B-quantized.w4a16,qwen3,Qwen3-14B,w4a16,math_lvl5,54.18,0.87,0.5714971407603582,-0.8804973700211505,2.0234916515418666,-0.3468089430894309,1.15,True,Qwen3-14B|s2
RedHatAI/Qwen3-14B-quantized.w4a16,qwen3,Qwen3-14B,w4a16,gpqa,61.62,-0.51,-0.07737369758656498,-1.5293682083680737,1.3746208131949436,-0.3468089430894309,0.19846153846153847,True,Qwen3-14B|s2
RedHatAI/Qwen3-14B-FP8-dynamic,qwen3,Qwen3-14B,fp8_dynamic,mmlu,76.81,-0.34,-0.27333809979204865,-1.9601612627066491,1.4134850631225517,-0.38849999999999996,-0.5051515151515151,True,Qwen3-14B|s3
RedHatAI/Qwen3-14B-FP8-dynamic,qwen3,Qwen3-14B,fp8_dynamic,arc_challenge,61.6,0.35,-0.34610821058127533,-2.0329313734958756,1.340714952333325,-0.38849999999999996,-0.4735384615384616,True,Qwen3-14B|s3
RedHatAI/Qwen3-14B-FP8-dynamic,qwen3,Qwen3-14B,fp8_dynamic,gsm8k,67.63,-1.44,-0.43233581220150447,-2.119158975116105,1.254487350713096,-0.38849999999999996,-0.606923076923077,True,Qwen3-14B|s3
RedHatAI/Qwen3-14B-FP8-dynamic,qwen3,Qwen3-14B,fp8_dynamic,hellaswag,55.09,1.37,-0.3220619380213156,-2.008885100935916,1.3647612248932848,-0.38849999999999996,-0.3498529411764706,False,Qwen3-14B|s3
RedHatAI/Qwen3-14B-FP8-dynamic,qwen3,Qwen3-14B,fp8_dynamic,winogrande,62.51,1.1,-0.10156644855027924,-1.7883896114648796,1.5852567143643213,-0.38849999999999996,-0.16882352941176468,True,Qwen3-14B|s3
RedHatAI/Qwen3-14B-FP8-dynamic,qwen3,Qwen3-14B,fp8_dynamic,truthfulqa,55.39,0.2,-0.08262601804633152,-1.7694491809609318,1.604197144868269,-0.38849999999999996,-0.2169230769230769,True,Qwen3-14B|s3
RedHatAI/Qwen3-14B-FP8-dynamic,qwen3,Qwen3-14B,fp8_dynamic,ifeval,87.48,0.3,0.13910670874958148,-1.547716454165019,1.8259298716641819,-0.38849999999999996,-0.13210526315789473,True,Qwen3-14B|s3
RedHatAI/Qwen3-14B-FP8-dynamic,qwen3,Qwen3-14B,fp8_dynamic,bbh,40.4,-0.03,-0.21156746165650467,-1.898390624571105,1.4752557012580958,-0.38849999999999996,-0.4026315789473684,True,Qwen3-14B|s3
RedHatAI/Qwen3-14B-FP8-dynamic,qwen3,Qwen3-14B,fp8_dynamic,math_lvl5,54.18,0.13,-0.41881809373965667,-2.1056412566542573,1.2680050691749438,-0.38849999999999996,-0.6733333333333333,True,Qwen3-14B|s3
RedHatAI/Qwen3-14B-FP8-dynamic,qwen3,Qwen3-14B,fp8_dynamic,gpqa,61.62,2.52,0.17467150222674582,-1.5121516606878547,1.8614946651413462,-0.38849999999999996,-0.16499999999999998,False,Qwen3-14B|s3
RedHatAI/Qwen3-14B-NVFP4,qwen3,Qwen3-14B,nvfp4,arc_challenge,67.32,-0.26,-1.0903831592851103,-2.777206322199711,0.5964400036294901,-0.38849999999999996,-0.4735384615384616,True,Qwen3-14B|s3
RedHatAI/Qwen3-14B-NVFP4,qwen3,Qwen3-14B,nvfp4,gsm8k,88.7,-0.45,-1.0537962526392917,-2.7406194155538923,0.6330269102753088,-0.38849999999999996,-0.606923076923077,True,Qwen3-14B|s3
RedHatAI/Qwen3-14B-NVFP4,qwen3,Qwen3-14B,nvfp4,hellaswag,79.62,-1.38,-0.9456797256722629,-2.6325028885868633,0.7411434372423376,-0.38849999999999996,-0.3498529411764706,True,Qwen3-14B|s3
RedHatAI/Qwen3-14B-NVFP4,qwen3,Qwen3-14B,nvfp4,mmlu,78.86,-1.63,-1.0310435860467362,-2.7178667489613364,0.6557795768678643,-0.38849999999999996,-0.5051515151515151,True,Qwen3-14B|s3
RedHatAI/Qwen3-14B-NVFP4,qwen3,Qwen3-14B,nvfp4,truthfulqa,58.59,-0.1,-0.844049731855057,-2.5308728947696575,0.8427734310595434,-0.38849999999999996,-0.2169230769230769,True,Qwen3-14B|s3
RedHatAI/Qwen3-14B-NVFP4,qwen3,Qwen3-14B,nvfp4,winogrande,73.72,0.08,-0.8104914647265288,-2.497314627641129,0.8763316981880717,-0.38849999999999996,-0.16882352941176468,True,Qwen3-14B|s3
RedHatAI/Qwen3-14B-NVFP4,qwen3,Qwen3-14B,nvfp4,bbh,59.45,-2.67,-0.929702274746063,-2.6165254376606635,0.7571208881685374,-0.38849999999999996,-0.4026315789473684,False,Qwen3-14B|s3
RedHatAI/Qwen3-14B-NVFP4,qwen3,Qwen3-14B,nvfp4,mmlu_pro,44.39,-3.24,-1.7094047933711831,-3.3962279562857836,-0.02258163045658268,-0.38849999999999996,-1.2916666666666667,True,Qwen3-14B|s3
RedHatAI/Qwen3-14B-NVFP4,qwen3,Qwen3-14B,nvfp4,musr,38.62,-0.79,-0.14293695276147161,-1.829760115676072,1.5438862101531288,-0.38849999999999996,0.44,True,Qwen3-14B|s3
RedHatAI/Qwen3-14B-NVFP4,qwen3,Qwen3-14B,nvfp4,ifeval,89.45,0.96,-0.6209605994815396,-2.30778376239614,1.0658625634330607,-0.38849999999999996,-0.13210526315789473,True,Qwen3-14B|s3
RedHatAI/Qwen3-14B-NVFP4,qwen3,Qwen3-14B,nvfp4,gpqa,27.43,-0.84,-0.6761300819211549,-2.3629532448357553,1.0106930809934456,-0.38849999999999996,-0.16499999999999998,True,Qwen3-14B|s3
RedHatAI/Qwen3-14B-NVFP4,qwen3,Qwen3-14B,nvfp4,humaneval,90.74,-0.87,-0.699504733147635,-2.3863278960622356,0.9873184297669655,-0.38849999999999996,-0.2782352941176471,True,Qwen3-14B|s3
RedHatAI/Qwen3-14B-quantized.w4a16,qwen3,Qwen3-14B,w4a16,mmlu,76.81,-0.91,-0.89840918082156,-2.5852323437361604,0.7884139820930405,-0.38849999999999996,-0.5051515151515151,True,Qwen3-14B|s3
RedHatAI/Qwen3-14B-quantized.w4a16,qwen3,Qwen3-14B,w4a16,arc_challenge,61.6,-0.08,-0.9711792916107866,-2.658002454525387,0.7156438713038138,-0.38849999999999996,-0.4735384615384616,True,Qwen3-14B|s3
RedHatAI/Qwen3-14B-quantized.w4a16,qwen3,Qwen3-14B,w4a16,gsm8k,67.63,3.94,-1.0574068932310159,-2.744230056145616,0.6294162696835846,-0.38849999999999996,-0.606923076923077,False,Qwen3-14B|s3
RedHatAI/Qwen3-14B-quantized.w4a16,qwen3,Qwen3-14B,w4a16,hellaswag,55.09,2.87,-0.9471330190508269,-2.633956181965427,0.7396901438637735,-0.38849999999999996,-0.3498529411764706,False,Qwen3-14B|s3
RedHatAI/Qwen3-14B-quantized.w4a16,qwen3,Qwen3-14B,w4a16,truthfulqa,55.39,0.91,-0.7076970990758429,-2.3945202619904435,0.9791260638387576,-0.38849999999999996,-0.2169230769230769,True,Qwen3-14B|s3
RedHatAI/Qwen3-14B-quantized.w4a16,qwen3,Qwen3-14B,w4a16,mmlu_pro,44.59,-2.2,-1.5597843837996448,-3.2466075467142455,0.12703877911495565,-0.38849999999999996,-1.2916666666666667,True,Qwen3-14B|s3
RedHatAI/Qwen3-14B-quantized.w4a16,qwen3,Qwen3-14B,w4a16,bbh,40.4,-1.66,-0.8366385426860161,-2.5234617056006163,0.8501846202285843,-0.38849999999999996,-0.4026315789473684,True,Qwen3-14B|s3
RedHatAI/Qwen3-14B-quantized.w4a16,qwen3,Qwen3-14B,w4a16,math_lvl5,54.18,0.87,-1.043889174769168,-2.7307123376837685,0.6429339881454323,-0.38849999999999996,-0.6733333333333333,False,Qwen3-14B|s3
RedHatAI/Qwen3-14B-quantized.w4a16,qwen3,Qwen3-14B,w4a16,gpqa,61.62,-0.51,-0.4503995788027656,-2.137222741717366,1.2364235841118347,-0.38849999999999996,-0.16499999999999998,True,Qwen3-14B|s3
RedHatAI/Qwen3-14B-FP8-dynamic,qwen3,Qwen3-14B,fp8_dynamic,mmlu,76.81,-0.34,-0.14931159887417195,-1.8427690014695803,1.5441458037212363,-0.39957597173144876,-0.5055714285714286,True,Qwen3-14B|s4
RedHatAI/Qwen3-14B-FP8-dynamic,qwen3,Qwen3-14B,fp8_dynamic,arc_challenge,61.6,0.35,-0.06337842554720502,-1.7568358281426133,1.6300789770482034,-0.39957597173144876,-0.3774285714285714,True,Qwen3-14B|s4
RedHatAI/Qwen3-14B-FP8-dynamic,qwen3,Qwen3-14B,fp8_dynamic,gsm8k,67.63,-1.44,-0.3184115523126827,-2.011868954908091,1.3750458502827256,-0.39957597173144876,-0.7007142857142856,True,Qwen3-14B|s4
RedHatAI/Qwen3-14B-FP8-dynamic,qwen3,Qwen3-14B,fp8_dynamic,hellaswag,55.09,1.37,-0.07413487997755597,-1.7675922825729642,1.6193225226178525,-0.39957597173144876,-0.2972222222222222,True,Qwen3-14B|s4
RedHatAI/Qwen3-14B-FP8-dynamic,qwen3,Qwen3-14B,fp8_dynamic,winogrande,62.51,1.1,0.08367004428707792,-1.6097873583083304,1.7771274468824863,-0.39957597173144876,-0.1801388888888889,True,Qwen3-14B|s4
RedHatAI/Qwen3-14B-FP8-dynamic,qwen3,Qwen3-14B,fp8_dynamic,truthfulqa,55.39,0.2,0.12140318562468772,-1.5720542169707206,1.814860588220096,-0.39957597173144876,-0.17732394366197182,True,Qwen3-14B|s4
RedHatAI/Qwen3-14B-FP8-dynamic,qwen3,Qwen3-14B,fp8_dynamic,ifeval,87.48,0.3,0.14870300632183525,-1.544754396273573,1.8421604089172436,-0.39957597173144876,-0.19849999999999998,True,Qwen3-14B|s4
RedHatAI/Qwen3-14B-FP8-dynamic,qwen3,Qwen3-14B,fp8_dynamic,bbh,40.4,-0.03,-0.2861573065116434,-1.9796147091070517,1.407300096083765,-0.39957597173144876,-0.5966666666666667,True,Qwen3-14B|s4
RedHatAI/Qwen3-14B-FP8-dynamic,qwen3,Qwen3-14B,fp8_dynamic,math_lvl5,54.18,0.13,-0.32459176145404295,-2.0180491640494513,1.3688656411413653,-0.39957597173144876,-0.6733333333333333,True,Qwen3-14B|s4
RedHatAI/Qwen3-14B-FP8-dynamic,qwen3,Qwen3-14B,fp8_dynamic,gpqa,61.62,2.52,0.2932752742095815,-1.400182128385827,1.9867326768049898,-0.39957597173144876,-0.21692307692307689,False,Qwen3-14B|s4
RedHatAI/Qwen3-14B-NVFP4,qwen3,Qwen3-14B,nvfp4,arc_challenge,67.32,-0.26,-1.0355027201032865,-2.7289601226986946,0.6579546824921219,-0.39957597173144876,-0.3774285714285714,True,Qwen3-14B|s4
RedHatAI/Qwen3-14B-NVFP4,qwen3,Qwen3-14B,nvfp4,gsm8k,88.7,-0.45,-1.2688143632235993,-2.9622717658190076,0.42464303937180903,-0.39957597173144876,-0.7007142857142856,True,Qwen3-14B|s4
RedHatAI/Qwen3-14B-NVFP4,qwen3,Qwen3-14B,nvfp4,hellaswag,79.62,-1.38,-0.9737449104107962,-2.6672023130062046,0.7197124921846121,-0.39957597173144876,-0.2972222222222222,True,Qwen3-14B|s4
RedHatAI/Qwen3-14B-NVFP4,qwen3,Qwen3-14B,nvfp4,mmlu,78.86,-1.63,-1.1350696535906912,-2.8285270561860996,0.5583877490047171,-0.39957597173144876,-0.5055714285714286,True,Qwen3-14B|s4
RedHatAI/Qwen3-14B-NVFP4,qwen3,Qwen3-14B,nvfp4,truthfulqa,58.59,-0.1,-0.8574317306508705,-2.5508891332462786,0.8360256719445378,-0.39957597173144876,-0.17732394366197182,True,Qwen3-14B|s4
RedHatAI/Qwen3-14B-NVFP4,qwen3,Qwen3-14B,nvfp4,winogrande,73.72,0.08,-0.8730832259004409,-2.566540628495849,0.8203741766949675,-0.39957597173144876,-0.1801388888888889,True,Qwen3-14B|s4
RedHatAI/Qwen3-14B-NVFP4,qwen3,Qwen3-14B,nvfp4,bbh,59.45,-2.67,-1.18492158578466,-2.878378988380068,0.5085358168107483,-0.39957597173144876,-0.5966666666666667,True,Qwen3-14B|s4
RedHatAI/Qwen3-14B-NVFP4,qwen3,Qwen3-14B,nvfp4,mmlu_pro,44.39,-3.24,-1.8766027712939217,-3.5700601738893303,-0.1831453686985134,-0.39957597173144876,-1.3715,True,Qwen3-14B|s4
RedHatAI/Qwen3-14B-NVFP4,qwen3,Qwen3-14B,nvfp4,musr,38.62,-0.79,-0.503879887311021,-2.197337289906429,1.1895775152843875,-0.39957597173144876,0.17000000000000004,True,Qwen3-14B|s4
RedHatAI/Qwen3-14B-NVFP4,qwen3,Qwen3-14B,nvfp4,ifeval,89.45,0.96,-0.845619839782376,-2.5390772423777843,0.8478375628130324,-0.39957597173144876,-0.19849999999999998,False,Qwen3-14B|s4
RedHatAI/Qwen3-14B-NVFP4,qwen3,Qwen3-14B,nvfp4,gpqa,27.43,-0.84,-0.8904865144327501,-2.5839439170281584,0.8029708881626583,-0.39957597173144876,-0.21692307692307689,True,Qwen3-14B|s4
RedHatAI/Qwen3-14B-NVFP4,qwen3,Qwen3-14B,nvfp4,humaneval,90.74,-0.87,-0.986288351771256,-2.6797457543666643,0.7071690508241524,-0.39957597173144876,-0.40625,True,Qwen3-14B|s4
RedHatAI/Qwen3-14B-quantized.w4a16,qwen3,Qwen3-14B,w4a16,mmlu,76.81,-0.91,-0.8283973060821743,-2.5218547086775827,0.865060096513234,-0.39957597173144876,-0.5055714285714286,True,Qwen3-14B|s4
RedHatAI/Qwen3-14B-quantized.w4a16,qwen3,Qwen3-14B,w4a16,arc_challenge,61.6,-0.08,-0.7424641327552073,-2.435921535350616,0.950993269840201,-0.39957597173144876,-0.3774285714285714,True,Qwen3-14B|s4
RedHatAI/Qwen3-14B-quantized.w4a16,qwen3,Qwen3-14B,w4a16,gsm8k,67.63,3.94,-0.997497259520685,-2.690954662116093,0.6959601430747233,-0.39957597173144876,-0.7007142857142856,False,Qwen3-14B|s4
RedHatAI/Qwen3-14B-quantized.w4a16,qwen3,Qwen3-14B,w4a16,hellaswag,55.09,2.87,-0.7532205871855584,-2.4466779897809667,0.9402368154098499,-0.39957597173144876,-0.2972222222222222,False,Qwen3-14B|s4
RedHatAI/Qwen3-14B-quantized.w4a16,qwen3,Qwen3-14B,w4a16,truthfulqa,55.39,0.91,-0.5576825215833148,-2.251139924178723,1.1357748810120936,-0.39957597173144876,-0.17732394366197182,True,Qwen3-14B|s4
RedHatAI/Qwen3-14B-quantized.w4a16,qwen3,Qwen3-14B,w4a16,mmlu_pro,44.59,-2.2,-1.562453675430864,-3.2559110780262723,0.13100372716454434,-0.39957597173144876,-1.3715,True,Qwen3-14B|s4
RedHatAI/Qwen3-14B-quantized.w4a16,qwen3,Qwen3-14B,w4a16,bbh,40.4,-1.66,-0.9652430137196459,-2.658700416315054,0.7282143888757624,-0.39957597173144876,-0.5966666666666667,True,Qwen3-14B|s4
RedHatAI/Qwen3-14B-quantized.w4a16,qwen3,Qwen3-14B,w4a16,math_lvl5,54.18,0.87,-1.0036774686620453,-2.697134871257454,0.689779933933363,-0.39957597173144876,-0.6733333333333333,False,Qwen3-14B|s4
RedHatAI/Qwen3-14B-quantized.w4a16,qwen3,Qwen3-14B,w4a16,gpqa,61.62,-0.51,-0.3858104329984209,-2.0792678355938294,1.3076469695969875,-0.39957597173144876,-0.21692307692307689,True,Qwen3-14B|s4
RedHatAI/Qwen3-32B-FP8-dynamic,qwen3,Qwen3-32B,fp8_dynamic,mmlu,80.96,-0.07,-0.08211145732220021,-1.8516109386085489,1.6873880239641486,-0.3941683778234086,-0.4160606060606061,True,Qwen3-32B|s0
RedHatAI/Qwen3-32B-FP8-dynamic,qwen3,Qwen3-32B,fp8_dynamic,arc_challenge,69.03,-1.03,-0.16851410355986451,-1.9380135848462132,1.6009853777264842,-0.3941683778234086,-0.41,True,Qwen3-32B|s0
RedHatAI/Qwen3-32B-FP8-dynamic,qwen3,Qwen3-32B,fp8_dynamic,gsm8k,87.64,0.68,-0.16794200614055754,-1.9374414874269061,1.6015574751457913,-0.3941683778234086,-0.618125,True,Qwen3-32B|s0
RedHatAI/Qwen3-32B-FP8-dynamic,qwen3,Qwen3-32B,fp8_dynamic,hellaswag,71.1,0.34,-0.18306728496553384,-1.9525667662518826,1.5864321963208148,-0.3941683778234086,-0.3283582089552239,True,Qwen3-32B|s0
RedHatAI/Qwen3-32B-FP8-dynamic,qwen3,Qwen3-32B,fp8_dynamic,winogrande,69.77,0.08,-0.12351261235076205,-1.8930120936371106,1.6459868689355868,-0.3941683778234086,-0.2814925373134328,True,Qwen3-32B|s0
RedHatAI/Qwen3-32B-FP8-dynamic,qwen3,Qwen3-32B,fp8_dynamic,truthfulqa,58.63,0.5,-0.027575254187161724,-1.7970747354735104,1.741924227099187,-0.3941683778234086,-0.2362121212121212,True,Qwen3-32B|s0
RedHatAI/Qwen3-32B-FP8-dynamic,qwen3,Qwen3-32B,fp8_dynamic,mmlu_pro,54.24,0.54,-1.1206041677316152,-2.8901036490179637,0.6488953135547335,-0.3941683778234086,-1.686,True,Qwen3-32B|s0
RedHatAI/Qwen3-32B-FP8-dynamic,qwen3,Qwen3-32B,fp8_dynamic,ifeval,86.23,0.0,0.3621868230840429,-1.4073126582023059,2.1316863043703917,-0.3941683778234086,-0.026923076923076914,True,Qwen3-32B|s0
RedHatAI/Qwen3-32B-FP8-dynamic,qwen3,Qwen3-32B,fp8_dynamic,bbh,44.29,-0.59,-0.1600148591429597,-1.9295143404293085,1.609484622143389,-0.3941683778234086,-0.4238461538461538,True,Qwen3-32B|s0
RedHatAI/Qwen3-32B-FP8-dynamic,qwen3,Qwen3-32B,fp8_dynamic,math_lvl5,54.61,2.65,-0.4120813012148463,-2.181580782501195,1.3574181800715024,-0.3941683778234086,-0.6733333333333333,False,Qwen3-32B|s0
RedHatAI/Qwen3-32B-FP8-dynamic,qwen3,Qwen3-32B,fp8_dynamic,gpqa,66.67,2.02,0.8428909720124083,-0.9266085092739405,2.612390453298757,-0.3941683778234086,0.39272727272727265,True,Qwen3-32B|s0
RedHatAI/Qwen3-32B-NVFP4,qwen3,Qwen3-32B,nvfp4,arc_challenge,70.65,-0.43,-0.9892524745812166,-2.7587519558675653,0.7802470067051321,-0.3941683778234086,-0.41,True,Qwen3-32B|s0
RedHatAI/Qwen3-32B-NVFP4,qwen3,Qwen3-32B,nvfp4,gsm8k,74.15,0.53,-1.129848274909813,-2.899347756196162,0.6396512063765356,-0.3941683778234086,-0.618125,True,Qwen3-32B|s0
RedHatAI/Qwen3-32B-NVFP4,qwen3,Qwen3-32B,nvfp4,hellaswag,84.0,-0.67,-0.8875526754761486,-2.6570521567624974,0.8819468058102001,-0.3941683778234086,-0.3283582089552239,True,Qwen3-32B|s0
RedHatAI/Qwen3-32B-NVFP4,qwen3,Qwen3-32B,nvfp4,mmlu,81.84,-0.61,-0.9090108877439556,-2.6785103690303043,0.8604885935423932,-0.3941683778234086,-0.4160606060606061,True,Qwen3-32B|s0
RedHatAI/Qwen3-32B-NVFP4,qwen3,Qwen3-32B,nvfp4,truthfulqa,59.36,-0.44,-0.8567888667673089,-2.6262883480536576,0.9127106145190398,-0.3941683778234086,-0.2362121212121212,True,Qwen3-32B|s0
RedHatAI/Qwen3-32B-NVFP4,qwen3,Qwen3-32B,nvfp4,winogrande,75.93,0.87,-0.9012744428886241,-2.6707739241749726,0.8682250383977246,-0.3941683778234086,-0.2814925373134328,False,Qwen3-32B|s0
RedHatAI/Qwen3-32B-NVFP4,qwen3,Qwen3-32B,nvfp4,bbh,62.35,-1.63,-0.8256836968219396,-2.5951831781082886,0.9438157844644091,-0.3941683778234086,-0.4238461538461538,True,Qwen3-32B|s0
RedHatAI/Qwen3-32B-NVFP4,qwen3,Qwen3-32B,nvfp4,mmlu_pro,54.39,-3.26,-1.9552096093052833,-3.724709090591632,-0.1857101280189346,-0.3941683778234086,-1.686,True,Qwen3-32B|s0
RedHatAI/Qwen3-32B-NVFP4,qwen3,Qwen3-32B,nvfp4,musr,39.29,1.72,-0.1755300139088251,-1.9450294951951739,1.5939694673775235,-0.3941683778234086,0.4000000000000001,False,Qwen3-32B|s0
RedHatAI/Qwen3-32B-NVFP4,qwen3,Qwen3-32B,nvfp4,ifeval,88.97,-1.68,-0.4522921108426329,-2.2217915921289815,1.317207370443716,-0.3941683778234086,-0.026923076923076914,True,Qwen3-32B|s0
RedHatAI/Qwen3-32B-NVFP4,qwen3,Qwen3-32B,nvfp4,gpqa,30.12,0.17,-0.3353240441354028,-2.1048235254217516,1.4341754371509459,-0.3941683778234086,0.39272727272727265,True,Qwen3-32B|s0
RedHatAI/Qwen3-32B-NVFP4,qwen3,Qwen3-32B,nvfp4,humaneval,90.14,0.26,-0.9481099465354612,-2.71760942782181,0.8213895347508875,-0.3941683778234086,-0.6449999999999999,True,Qwen3-32B|s0
RedHatAI/Qwen3-32B-quantized.w4a16,qwen3,Qwen3-32B,w4a16,mmlu,80.96,-0.6,-0.5797566944646639,-2.3492561757510124,1.1897427868216848,-0.3941683778234086,-0.4160606060606061,True,Qwen3-32B|s0
RedHatAI/Qwen3-32B-quantized.w4a16,qwen3,Qwen3-32B,w4a16,arc_challenge,69.03,-0.34,-0.6661593407023282,-2.435658821988677,1.1033401405840206,-0.3941683778234086,-0.41,True,Qwen3-32B|s0
RedHatAI/Qwen3-32B-quantized.w4a16,qwen3,Qwen3-32B,w4a16,gsm8k,87.64,-1.67,-0.6655872432830212,-2.43508672456937,1.1039122380033275,-0.3941683778234086,-0.618125,True,Qwen3-32B|s0
RedHatAI/Qwen3-32B-quantized.w4a16,qwen3,Qwen3-32B,w4a16,hellaswag,71.1,0.08,-0.6807125221079975,-2.450212003394346,1.0887869591783512,-0.3941683778234086,-0.3283582089552239,True,Qwen3-32B|s0
RedHatAI/Qwen3-32B-quantized.w4a16,qwen3,Qwen3-32B,w4a16,truthfulqa,58.63,0.23,-0.5252204913296252,-2.294719972615974,1.2442789899567235,-0.3941683778234086,-0.2362121212121212,True,Qwen3-32B|s0
RedHatAI/Qwen3-32B-quantized.w4a16,qwen3,Qwen3-32B,w4a16,mmlu_pro,54.24,-1.61,-1.6182494048740785,-3.387748886160427,0.15125007641227017,-0.3941683778234086,-1.686,True,Qwen3-32B|s0
RedHatAI/Qwen3-32B-quantized.w4a16,qwen3,Qwen3-32B,w4a16,ifeval,86.23,-0.7,-0.13545841405842063,-1.9049578953447694,1.634041067227928,-0.3941683778234086,-0.026923076923076914,True,Qwen3-32B|s0
RedHatAI/Qwen3-32B-quantized.w4a16,qwen3,Qwen3-32B,w4a16,bbh,44.29,-3.22,-0.6576600962854235,-2.4271595775717723,1.1118393850009252,-0.3941683778234086,-0.4238461538461538,False,Qwen3-32B|s0
RedHatAI/Qwen3-32B-quantized.w4a16,qwen3,Qwen3-32B,w4a16,math_lvl5,54.61,0.77,-0.9097265383573099,-2.6792260196436586,0.8597729429290388,-0.3941683778234086,-0.6733333333333333,True,Qwen3-32B|s0
RedHatAI/Qwen3-32B-quantized.w4a16,qwen3,Qwen3-32B,w4a16,gpqa,66.67,0.0,0.3452457348699444,-1.4242537464164042,2.114745216156293,-0.3941683778234086,0.39272727272727265,True,Qwen3-32B|s0
RedHatAI/Qwen3-32B-FP8-dynamic,qwen3,Qwen3-32B,fp8_dynamic,mmlu,80.96,-0.07,-0.26175578238947855,-1.6695948464018353,1.1460832816228783,-0.3423716814159292,-0.4726865671641791,True,Qwen3-32B|s1
RedHatAI/Qwen3-32B-FP8-dynamic,qwen3,Qwen3-32B,fp8_dynamic,arc_challenge,69.03,-1.03,-0.13395092094159688,-1.5417899849539536,1.27388814307076,-0.3423716814159292,-0.36264705882352943,True,Qwen3-32B|s1
RedHatAI/Qwen3-32B-FP8-dynamic,qwen3,Qwen3-32B,fp8_dynamic,gsm8k,87.64,0.68,-0.2950425530341292,-1.702881617046486,1.1127965109782276,-0.3423716814159292,-0.5184848484848484,True,Qwen3-32B|s1
RedHatAI/Qwen3-32B-FP8-dynamic,qwen3,Qwen3-32B,fp8_dynamic,hellaswag,71.1,0.34,-0.023012052535325733,-1.4308511165476825,1.3848270114770311,-0.3423716814159292,-0.21492753623188407,True,Qwen3-32B|s1
RedHatAI/Qwen3-32B-FP8-dynamic,qwen3,Qwen3-32B,fp8_dynamic,winogrande,69.77,0.08,-0.0014894225393265459,-1.4093284865516833,1.4063496414730303,-0.3423716814159292,-0.20191176470588235,True,Qwen3-32B|s1
RedHatAI/Qwen3-32B-FP8-dynamic,qwen3,Qwen3-32B,fp8_dynamic,truthfulqa,58.63,0.5,0.058381200996542315,-1.3494578630158145,1.4662202650088991,-0.3423716814159292,-0.12848484848484848,True,Qwen3-32B|s1
RedHatAI/Qwen3-32B-FP8-dynamic,qwen3,Qwen3-32B,fp8_dynamic,mmlu_pro,54.24,0.54,-0.8989960061485145,-2.3068350701608713,0.5088430578638423,-0.3423716814159292,-1.2677272727272728,False,Qwen3-32B|s1
RedHatAI/Qwen3-32B-FP8-dynamic,qwen3,Qwen3-32B,fp8_dynamic,ifeval,86.23,0.0,0.02424383597669988,-1.383595228035657,1.4320828999890567,-0.3423716814159292,-0.178,True,Qwen3-32B|s1
RedHatAI/Qwen3-32B-FP8-dynamic,qwen3,Qwen3-32B,fp8_dynamic,bbh,44.29,-0.59,-0.3903712720710679,-1.7982103360834247,1.017467791941289,-0.3423716814159292,-0.6609090909090909,True,Qwen3-32B|s1
RedHatAI/Qwen3-32B-FP8-dynamic,qwen3,Qwen3-32B,fp8_dynamic,math_lvl5,54.61,2.65,-0.051446735853683145,-1.45928579986604,1.3563923281586736,-0.3423716814159292,-0.20400000000000004,False,Qwen3-32B|s1
RedHatAI/Qwen3-32B-FP8-dynamic,qwen3,Qwen3-32B,fp8_dynamic,gpqa,66.67,2.02,0.5016653759455143,-0.9061736880668425,1.9095044399578711,-0.3423716814159292,0.2821052631578947,False,Qwen3-32B|s1
RedHatAI/Qwen3-32B-NVFP4,qwen3,Qwen3-32B,nvfp4,arc_challenge,70.65,-0.43,-0.8923688466440229,-2.30020791065638,0.5154702173683339,-0.3423716814159292,-0.36264705882352943,True,Qwen3-32B|s1
RedHatAI/Qwen3-32B-NVFP4,qwen3,Qwen3-32B,nvfp4,gsm8k,74.15,0.53,-1.0228922141380883,-2.430731278150445,0.3849468498742685,-0.3423716814159292,-0.5184848484848484,False,Qwen3-32B|s1
RedHatAI/Qwen3-32B-NVFP4,qwen3,Qwen3-32B,nvfp4,hellaswag,84.0,-0.67,-0.7898665709011836,-2.1977056349135404,0.6179724931111732,-0.3423716814159292,-0.21492753623188407,True,Qwen3-32B|s1
RedHatAI/Qwen3-32B-NVFP4,qwen3,Qwen3-32B,nvfp4,mmlu,81.84,-0.61,-1.0198347208064078,-2.4276737848187646,0.388004343205949,-0.3423716814159292,-0.4726865671641791,True,Qwen3-32B|s1
RedHatAI/Qwen3-32B-NVFP4,qwen3,Qwen3-32B,nvfp4,truthfulqa,59.36,-0.44,-0.6985297930597012,-2.106368857072058,0.7093092709526556,-0.3423716814159292,-0.12848484848484848,True,Qwen3-32B|s1
RedHatAI/Qwen3-32B-NVFP4,qwen3,Qwen3-32B,nvfp4,winogrande,75.93,0.87,-0.7653298202665565,-2.173168884278913,0.6425092437458003,-0.3423716814159292,-0.20191176470588235,False,Qwen3-32B|s1
RedHatAI/Qwen3-32B-NVFP4,qwen3,Qwen3-32B,nvfp4,bbh,62.35,-1.63,-1.1260628075129153,-2.533901871525272,0.2817762564994415,-0.3423716814159292,-0.6609090909090909,True,Qwen3-32B|s1
RedHatAI/Qwen3-32B-NVFP4,qwen3,Qwen3-32B,nvfp4,mmlu_pro,54.39,-3.26,-1.6560331416912075,-3.0638722057035643,-0.2481940776788507,-0.3423716814159292,-1.2677272727272728,False,Qwen3-32B|s1
RedHatAI/Qwen3-32B-NVFP4,qwen3,Qwen3-32B,nvfp4,musr,39.29,1.72,-0.5038946633236591,-1.9117337273360158,0.9039444006886977,-0.3423716814159292,-0.020833333333333315,False,Qwen3-32B|s1
RedHatAI/Qwen3-32B-NVFP4,qwen3,Qwen3-32B,nvfp4,ifeval,88.97,-1.68,-0.7458909399873683,-2.1537300039997254,0.6619481240249885,-0.3423716814159292,-0.178,True,Qwen3-32B|s1
RedHatAI/Qwen3-32B-NVFP4,qwen3,Qwen3-32B,nvfp4,gpqa,30.12,0.17,-0.31718424857531197,-1.7250233125876688,1.0906548154370448,-0.3423716814159292,0.2821052631578947,True,Qwen3-32B|s1
RedHatAI/Qwen3-32B-NVFP4,qwen3,Qwen3-32B,nvfp4,humaneval,90.14,0.26,-0.9578771599499836,-2.36571622396234,0.44996190406237324,-0.3423716814159292,-0.41407407407407404,True,Qwen3-32B|s1
RedHatAI/Qwen3-32B-quantized.w4a16,qwen3,Qwen3-32B,w4a16,mmlu,80.96,-0.6,-0.6285476839160745,-2.0363867479284314,0.7792913800962823,-0.3423716814159292,-0.4726865671641791,True,Qwen3-32B|s1
RedHatAI/Qwen3-32B-quantized.w4a16,qwen3,Qwen3-32B,w4a16,arc_challenge,69.03,-0.34,-0.5007428224681928,-1.9085818864805497,0.907096241544164,-0.3423716814159292,-0.36264705882352943,True,Qwen3-32B|s1
RedHatAI/Qwen3-32B-quantized.w4a16,qwen3,Qwen3-32B,w4a16,gsm8k,87.64,-1.67,-0.6618344545607251,-2.069673518573082,0.7460046094516317,-0.3423716814159292,-0.5184848484848484,True,Qwen3-32B|s1
RedHatAI/Qwen3-32B-quantized.w4a16,qwen3,Qwen3-32B,w4a16,hellaswag,71.1,0.08,-0.3898039540619217,-1.7976430180742784,1.0180351099504352,-0.3423716814159292,-0.21492753623188407,True,Qwen3-32B|s1
RedHatAI/Qwen3-32B-quantized.w4a16,qwen3,Qwen3-32B,w4a16,truthfulqa,58.63,0.23,-0.30841070053005365,-1.7162497645424104,1.0994283634823032,-0.3423716814159292,-0.12848484848484848,True,Qwen3-32B|s1
RedHatAI/Qwen3-32B-quantized.w4a16,qwen3,Qwen3-32B,w4a16,mmlu_pro,54.24,-1.61,-1.2657879076751104,-2.673626971687467,0.1420511563372464,-0.3423716814159292,-1.2677272727272728,True,Qwen3-32B|s1
RedHatAI/Qwen3-32B-quantized.w4a16,qwen3,Qwen3-32B,w4a16,ifeval,86.23,-0.7,-0.34254806554989603,-1.7503871295622528,1.0652909984624608,-0.3423716814159292,-0.178,True,Qwen3-32B|s1
RedHatAI/Qwen3-32B-quantized.w4a16,qwen3,Qwen3-32B,w4a16,bbh,44.29,-3.22,-0.7571631735976639,-2.165002237610021,0.6506758904146929,-0.3423716814159292,-0.6609090909090909,False,Qwen3-32B|s1
RedHatAI/Qwen3-32B-quantized.w4a16,qwen3,Qwen3-32B,w4a16,math_lvl5,54.61,0.77,-0.4182386373802791,-1.826077701392636,0.9896004266320777,-0.3423716814159292,-0.20400000000000004,True,Qwen3-32B|s1
RedHatAI/Qwen3-32B-quantized.w4a16,qwen3,Qwen3-32B,w4a16,gpqa,66.67,0.0,0.1348734744189184,-1.2729655895934384,1.5427125384312752,-0.3423716814159292,0.2821052631578947,True,Qwen3-32B|s1
RedHatAI/Qwen3-32B-FP8-dynamic,qwen3,Qwen3-32B,fp8_dynamic,mmlu,80.96,-0.07,-0.1165129654368931,-1.8265683144688645,1.5935423835950784,-0.3523561151079136,-0.4302898550724638,True,Qwen3-32B|s2
RedHatAI/Qwen3-32B-FP8-dynamic,qwen3,Qwen3-32B,fp8_dynamic,arc_challenge,69.03,-1.03,-0.13047052361659056,-1.840525872648562,1.5795848254153808,-0.3523561151079136,-0.42238805970149257,True,Qwen3-32B|s2
RedHatAI/Qwen3-32B-FP8-dynamic,qwen3,Qwen3-32B,fp8_dynamic,gsm8k,87.64,0.68,-0.19306904208969058,-1.903124391121662,1.5169863069422809,-0.3523561151079136,-0.5425,True,Qwen3-32B|s2
RedHatAI/Qwen3-32B-FP8-dynamic,qwen3,Qwen3-32B,fp8_dynamic,hellaswag,71.1,0.34,0.025072334126972073,-1.6849830149049994,1.7351276831589435,-0.3523561151079136,-0.2252112676056338,True,Qwen3-32B|s2
RedHatAI/Qwen3-32B-FP8-dynamic,qwen3,Qwen3-32B,fp8_dynamic,winogrande,69.77,0.08,0.09038332298131407,-1.6196720260506574,1.8004386720132854,-0.3523561151079136,-0.16633802816901408,True,Qwen3-32B|s2
RedHatAI/Qwen3-32B-FP8-dynamic,qwen3,Qwen3-32B,fp8_dynamic,truthfulqa,58.63,0.5,0.07671527325973054,-1.633340075772241,1.786770622291702,-0.3523561151079136,-0.19619718309859155,True,Qwen3-32B|s2
RedHatAI/Qwen3-32B-FP8-dynamic,qwen3,Qwen3-32B,fp8_dynamic,mmlu_pro,54.24,0.54,-0.8595471734741787,-2.56960252250615,0.8505081755577927,-0.3523561151079136,-1.2878947368421054,True,Qwen3-32B|s2
RedHatAI/Qwen3-32B-FP8-dynamic,qwen3,Qwen3-32B,fp8_dynamic,ifeval,86.23,0.0,0.10731087168486964,-1.6027444773471018,1.817366220716841,-0.3523561151079136,-0.19,True,Qwen3-32B|s2
RedHatAI/Qwen3-32B-FP8-dynamic,qwen3,Qwen3-32B,fp8_dynamic,bbh,44.29,-0.59,-0.15131417585758855,-1.86136952488956,1.5587411731743828,-0.3523561151079136,-0.4523809523809524,True,Qwen3-32B|s2
RedHatAI/Qwen3-32B-FP8-dynamic,qwen3,Qwen3-32B,fp8_dynamic,math_lvl5,54.61,2.65,-0.3634564713345457,-2.0735118203665173,1.3465988776974256,-0.3523561151079136,-0.6733333333333333,False,Qwen3-32B|s2
RedHatAI/Qwen3-32B-FP8-dynamic,qwen3,Qwen3-32B,fp8_dynamic,gpqa,66.67,2.02,0.3654429295495658,-1.3446124194824056,2.075498278581537,-0.3523561151079136,0.039000000000000014,True,Qwen3-32B|s2
RedHatAI/Qwen3-32B-NVFP4,qwen3,Qwen3-32B,nvfp4,arc_challenge,70.65,-0.43,-1.06178746803476,-2.7718428170667315,0.6482678809972113,-0.3523561151079136,-0.42238805970149257,True,Qwen3-32B|s2
RedHatAI/Qwen3-32B-NVFP4,qwen3,Qwen3-32B,nvfp4,gsm8k,74.15,0.53,-1.15452821817863,-2.8645835672106017,0.5555271308533414,-0.3523561151079136,-0.5425,True,Qwen3-32B|s2
RedHatAI/Qwen3-32B-NVFP4,qwen3,Qwen3-32B,nvfp4,hellaswag,84.0,-0.67,-0.8743614204986864,-2.584416769530658,0.8356939285332851,-0.3523561151079136,-0.2252112676056338,True,Qwen3-32B|s2
RedHatAI/Qwen3-32B-NVFP4,qwen3,Qwen3-32B,nvfp4,mmlu,81.84,-0.61,-1.0475860916756448,-2.757641440707616,0.6624692573563267,-0.3523561151079136,-0.4302898550724638,True,Qwen3-32B|s2
RedHatAI/Qwen3-32B-NVFP4,qwen3,Qwen3-32B,nvfp4,truthfulqa,59.36,-0.44,-0.8564749397603515,-2.5665302887923227,0.8535804092716199,-0.3523561151079136,-0.19619718309859155,True,Qwen3-32B|s2
RedHatAI/Qwen3-32B-NVFP4,qwen3,Qwen3-32B,nvfp4,winogrande,75.93,0.87,-0.8328936177437893,-2.5429489667757608,0.8771617312881821,-0.3523561151079136,-0.16633802816901408,True,Qwen3-32B|s2
RedHatAI/Qwen3-32B-NVFP4,qwen3,Qwen3-32B,nvfp4,bbh,62.35,-1.63,-1.075411659239054,-2.7854670082710253,0.6346436897929175,-0.3523561151079136,-0.4523809523809524,True,Qwen3-32B|s2
RedHatAI/Qwen3-32B-NVFP4,qwen3,Qwen3-32B,nvfp4,mmlu_pro,54.39,-3.26,-1.7932076880311745,-3.503263037063146,-0.08315233899920305,-0.3523561151079136,-1.2878947368421054,True,Qwen3-32B|s2
RedHatAI/Qwen3-32B-NVFP4,qwen3,Qwen3-32B,nvfp4,musr,39.29,1.72,-0.48225424694102403,-2.1923095959729952,1.2278011020909474,-0.3523561151079136,0.14750000000000002,False,Qwen3-32B|s2
RedHatAI/Qwen3-32B-NVFP4,qwen3,Qwen3-32B,nvfp4,ifeval,88.97,-1.68,-0.8234698924002201,-2.5335252414321916,0.8865854566317514,-0.3523561151079136,-0.19,True,Qwen3-32B|s2
RedHatAI/Qwen3-32B-NVFP4,qwen3,Qwen3-32B,nvfp4,gpqa,30.12,0.17,-0.5749327662144865,-2.284988115246458,1.135122582817485,-0.3523561151079136,0.039000000000000014,True,Qwen3-32B|s2
RedHatAI/Qwen3-32B-NVFP4,qwen3,Qwen3-32B,nvfp4,humaneval,90.14,0.26,-0.98912642464585,-2.6991817736778216,0.7209289243861214,-0.3523561151079136,-0.39049999999999996,True,Qwen3-32B|s2
RedHatAI/Qwen3-32B-quantized.w4a16,qwen3,Qwen3-32B,w4a16,mmlu,80.96,-0.6,-0.8019372784011283,-2.5119926274330995,0.9081180706308432,-0.3523561151079136,-0.4302898550724638,True,Qwen3-32B|s2
RedHatAI/Qwen3-32B-quantized.w4a16,qwen3,Qwen3-32B,w4a16,arc_challenge,69.03,-0.34,-0.8158948365808258,-2.525950185612797,0.8941605124511456,-0.3523561151079136,-0.42238805970149257,True,Qwen3-32B|s2
RedHatAI/Qwen3-32B-quantized.w4a16,qwen3,Qwen3-32B,w4a16,gsm8k,87.64,-1.67,-0.8784933550539258,-2.5885487040858974,0.8315619939780456,-0.3523561151079136,-0.5425,True,Qwen3-32B|s2
RedHatAI/Qwen3-32B-quantized.w4a16,qwen3,Qwen3-32B,w4a16,hellaswag,71.1,0.08,-0.6603519788372632,-2.3704073278692346,1.0497033701947083,-0.3523561151079136,-0.2252112676056338,True,Qwen3-32B|s2
RedHatAI/Qwen3-32B-quantized.w4a16,qwen3,Qwen3-32B,w4a16,truthfulqa,58.63,0.23,-0.6087090397045046,-2.318764388736476,1.1013463093274667,-0.3523561151079136,-0.19619718309859155,True,Qwen3-32B|s2
RedHatAI/Qwen3-32B-quantized.w4a16,qwen3,Qwen3-32B,w4a16,mmlu_pro,54.24,-1.61,-1.5449714864384139,-3.2550268354703853,0.16508386259355756,-0.3523561151079136,-1.2878947368421054,True,Qwen3-32B|s2
RedHatAI/Qwen3-32B-quantized.w4a16,qwen3,Qwen3-32B,w4a16,ifeval,86.23,-0.7,-0.5781134412793655,-2.288168790311337,1.1319419077526058,-0.3523561151079136,-0.19,True,Qwen3-32B|s2
RedHatAI/Qwen3-32B-quantized.w4a16,qwen3,Qwen3-32B,w4a16,bbh,44.29,-3.22,-0.8367384888218237,-2.5467938378537953,0.8733168602101478,-0.3523561151079136,-0.4523809523809524,False,Qwen3-32B|s2
RedHatAI/Qwen3-32B-quantized.w4a16,qwen3,Qwen3-32B,w4a16,math_lvl5,54.61,0.77,-1.0488807842987808,-2.758936133330752,0.6611745647331906,-0.3523561151079136,-0.6733333333333333,False,Qwen3-32B|s2
RedHatAI/Qwen3-32B-quantized.w4a16,qwen3,Qwen3-32B,w4a16,gpqa,66.67,0.0,-0.3199813834146693,-2.0300367324466406,1.3900739656173022,-0.3523561151079136,0.039000000000000014,True,Qwen3-32B|s2
RedHatAI/Qwen3-32B-FP8-dynamic,qwen3,Qwen3-32B,fp8_dynamic,mmlu,80.96,-0.07,-0.2398330902817188,-1.6685642510505019,1.1888980704870644,-0.3804535637149028,-0.46852459016393444,True,Qwen3-32B|s3
RedHatAI/Qwen3-32B-FP8-dynamic,qwen3,Qwen3-32B,fp8_dynamic,arc_challenge,69.03,-1.03,-0.2122856361828589,-1.641016796951642,1.2164455245859243,-0.3804535637149028,-0.4362295081967213,True,Qwen3-32B|s3
RedHatAI/Qwen3-32B-FP8-dynamic,qwen3,Qwen3-32B,fp8_dynamic,gsm8k,87.64,0.68,-0.22587959626139814,-1.6546107570301813,1.202851564507385,-0.3804535637149028,-0.4720967741935484,True,Qwen3-32B|s3
RedHatAI/Qwen3-32B-FP8-dynamic,qwen3,Qwen3-32B,fp8_dynamic,hellaswag,71.1,0.34,-0.0696360347104964,-1.4983671954792794,1.3590951260582869,-0.3804535637149028,-0.24333333333333335,True,Qwen3-32B|s3
RedHatAI/Qwen3-32B-FP8-dynamic,qwen3,Qwen3-32B,fp8_dynamic,winogrande,69.77,0.08,-0.07624080997193816,-1.5049719707407214,1.3524903507968449,-0.3804535637149028,-0.2663492063492064,True,Qwen3-32B|s3
RedHatAI/Qwen3-32B-FP8-dynamic,qwen3,Qwen3-32B,fp8_dynamic,truthfulqa,58.63,0.5,-0.04637987410111738,-1.4751110348699006,1.3823512866676657,-0.3804535637149028,-0.23399999999999999,True,Qwen3-32B|s3
RedHatAI/Qwen3-32B-FP8-dynamic,qwen3,Qwen3-32B,fp8_dynamic,mmlu_pro,54.24,0.54,-1.0892925491329541,-2.5180237099017373,0.339438611635829,-0.3804535637149028,-1.610769230769231,False,Qwen3-32B|s3
RedHatAI/Qwen3-32B-FP8-dynamic,qwen3,Qwen3-32B,fp8_dynamic,ifeval,86.23,0.0,0.05573600353545455,-1.3729951572333285,1.4844671643042378,-0.3804535637149028,-0.20428571428571424,True,Qwen3-32B|s3
RedHatAI/Qwen3-32B-FP8-dynamic,qwen3,Qwen3-32B,fp8_dynamic,bbh,44.29,-0.59,-0.31983605553230754,-1.7485672163010908,1.1088951052364755,-0.3804535637149028,-0.6,True,Qwen3-32B|s3
RedHatAI/Qwen3-32B-FP8-dynamic,qwen3,Qwen3-32B,fp8_dynamic,math_lvl5,54.61,2.65,0.713493955837193,-0.7152372049315902,2.1422251166059763,-0.3804535637149028,0.59,False,Qwen3-32B|s3
RedHatAI/Qwen3-32B-FP8-dynamic,qwen3,Qwen3-32B,fp8_dynamic,gpqa,66.67,2.02,0.14761538445755495,-1.2811157763112282,1.576346545226338,-0.3804535637149028,-0.13692307692307693,False,Qwen3-32B|s3
RedHatAI/Qwen3-32B-NVFP4,qwen3,Qwen3-32B,nvfp4,arc_challenge,70.65,-0.43,-1.200329630045347,-2.62906079081413,0.22840153072343616,-0.3804535637149028,-0.4362295081967213,True,Qwen3-32B|s3
RedHatAI/Qwen3-32B-NVFP4,qwen3,Qwen3-32B,nvfp4,gsm8k,74.15,0.53,-1.2214158904210244,-2.6501470511898075,0.20731527034775876,-0.3804535637149028,-0.4720967741935484,False,Qwen3-32B|s3
RedHatAI/Qwen3-32B-NVFP4,qwen3,Qwen3-32B,nvfp4,hellaswag,84.0,-0.67,-1.0397764200079052,-2.4685075807766883,0.388954740760878,-0.3804535637149028,-0.24333333333333335,True,Qwen3-32B|s3
RedHatAI/Qwen3-32B-NVFP4,qwen3,Qwen3-32B,nvfp4,mmlu,81.84,-0.61,-1.2284052287273437,-2.657136389496127,0.20032593204143945,-0.3804535637149028,-0.46852459016393444,True,Qwen3-32B|s3
RedHatAI/Qwen3-32B-NVFP4,qwen3,Qwen3-32B,nvfp4,truthfulqa,59.36,-0.44,-1.0350850506761518,-2.463816211444935,0.3936461100926314,-0.3804535637149028,-0.23399999999999999,True,Qwen3-32B|s3
RedHatAI/Qwen3-32B-NVFP4,qwen3,Qwen3-32B,nvfp4,winogrande,75.93,0.87,-1.059977278643708,-2.488708439412491,0.3687538821250751,-0.3804535637149028,-0.2663492063492064,False,Qwen3-32B|s3
RedHatAI/Qwen3-32B-NVFP4,qwen3,Qwen3-32B,nvfp4,bbh,62.35,-1.63,-1.2726301129944886,-2.701361273763272,0.15610104777429457,-0.3804535637149028,-0.6,True,Qwen3-32B|s3
RedHatAI/Qwen3-32B-NVFP4,qwen3,Qwen3-32B,nvfp4,mmlu_pro,54.39,-3.26,-2.0788831109371495,-3.5076142717059327,-0.6501519501683664,-0.3804535637149028,-1.610769230769231,True,Qwen3-32B|s3
RedHatAI/Qwen3-32B-NVFP4,qwen3,Qwen3-32B,nvfp4,musr,39.29,1.72,-0.7681788414631417,-2.196910002231925,0.6605523193056414,-0.3804535637149028,0.049090909090909116,False,Qwen3-32B|s3
RedHatAI/Qwen3-32B-NVFP4,qwen3,Qwen3-32B,nvfp4,ifeval,88.97,-1.68,-0.9383441088107891,-2.3670752695795723,0.49038705195799404,-0.3804535637149028,-0.20428571428571424,True,Qwen3-32B|s3
RedHatAI/Qwen3-32B-NVFP4,qwen3,Qwen3-32B,nvfp4,gpqa,30.12,0.17,-0.9245730663183578,-2.3533042270871407,0.5041580944504254,-0.3804535637149028,-0.13692307692307693,True,Qwen3-32B|s3
RedHatAI/Qwen3-32B-NVFP4,qwen3,Qwen3-32B,nvfp4,humaneval,90.14,0.26,-1.2497578760217896,-2.6784890367905727,0.1789732847469936,-0.3804535637149028,-0.5864285714285715,False,Qwen3-32B|s3
RedHatAI/Qwen3-32B-quantized.w4a16,qwen3,Qwen3-32B,w4a16,mmlu,80.96,-0.6,-0.8245184763006782,-2.2532496370694615,0.6042126844681049,-0.3804535637149028,-0.46852459016393444,True,Qwen3-32B|s3
RedHatAI/Qwen3-32B-quantized.w4a16,qwen3,Qwen3-32B,w4a16,arc_challenge,69.03,-0.34,-0.7969710222018183,-2.2257021829706014,0.6317601385669649,-0.3804535637149028,-0.4362295081967213,True,Qwen3-32B|s3
RedHatAI/Qwen3-32B-quantized.w4a16,qwen3,Qwen3-32B,w4a16,gsm8k,87.64,-1.67,-0.8105649822803576,-2.239296143049141,0.6181661784884256,-0.3804535637149028,-0.4720967741935484,True,Qwen3-32B|s3
RedHatAI/Qwen3-32B-quantized.w4a16,qwen3,Qwen3-32B,w4a16,hellaswag,71.1,0.08,-0.6543214207294558,-2.083052581498239,0.7744097400393274,-0.3804535637149028,-0.24333333333333335,True,Qwen3-32B|s3
RedHatAI/Qwen3-32B-quantized.w4a16,qwen3,Qwen3-32B,w4a16,truthfulqa,58.63,0.23,-0.6310652601200768,-2.05979642088886,0.7976659006487063,-0.3804535637149028,-0.23399999999999999,True,Qwen3-32B|s3
RedHatAI/Qwen3-32B-quantized.w4a16,qwen3,Qwen3-32B,w4a16,mmlu_pro,54.24,-1.61,-1.6739779351519135,-3.1027090959206967,-0.24524677438313036,-0.3804535637149028,-1.610769230769231,True,Qwen3-32B|s3
RedHatAI/Qwen3-32B-quantized.w4a16,qwen3,Qwen3-32B,w4a16,ifeval,86.23,-0.7,-0.5289493824835048,-1.957680543252288,0.8997817782852784,-0.3804535637149028,-0.20428571428571424,True,Qwen3-32B|s3
RedHatAI/Qwen3-32B-quantized.w4a16,qwen3,Qwen3-32B,w4a16,bbh,44.29,-3.22,-0.9045214415512669,-2.33325260232005,0.5242097192175162,-0.3804535637149028,-0.6,False,Qwen3-32B|s3
RedHatAI/Qwen3-32B-quantized.w4a16,qwen3,Qwen3-32B,w4a16,math_lvl5,54.61,0.77,0.12880856981823385,-1.2999225909505494,1.557539730587017,-0.3804535637149028,0.59,True,Qwen3-32B|s3
RedHatAI/Qwen3-32B-quantized.w4a16,qwen3,Qwen3-32B,w4a16,gpqa,66.67,0.0,-0.4370700015614043,-1.8658011623301873,0.9916611592073789,-0.3804535637149028,-0.13692307692307693,True,Qwen3-32B|s3
RedHatAI/Qwen3-32B-FP8-dynamic,qwen3,Qwen3-32B,fp8_dynamic,mmlu,80.96,-0.07,-0.25190426800585763,-2.2958196633341426,1.7920111273224273,-0.3793128390596745,-0.44173913043478263,True,Qwen3-32B|s4
RedHatAI/Qwen3-32B-FP8-dynamic,qwen3,Qwen3-32B,fp8_dynamic,arc_challenge,69.03,-1.03,-0.1585539211541428,-2.2024693164824276,1.8853614741741422,-0.3793128390596745,-0.3451470588235294,True,Qwen3-32B|s4
RedHatAI/Qwen3-32B-FP8-dynamic,qwen3,Qwen3-32B,fp8_dynamic,gsm8k,87.64,0.68,-0.577133663234076,-2.621049058562361,1.466781732094209,-0.3793128390596745,-0.8215942028985507,True,Qwen3-32B|s4
RedHatAI/Qwen3-32B-FP8-dynamic,qwen3,Qwen3-32B,fp8_dynamic,hellaswag,71.1,0.34,-0.05237899220634429,-2.096294387534629,1.9915364031219407,-0.3793128390596745,-0.21736111111111112,True,Qwen3-32B|s4
RedHatAI/Qwen3-32B-FP8-dynamic,qwen3,Qwen3-32B,fp8_dynamic,winogrande,69.77,0.08,-0.0696877278274155,-2.1136031231557,1.9742276675008694,-0.3793128390596745,-0.2447887323943662,True,Qwen3-32B|s4
RedHatAI/Qwen3-32B-FP8-dynamic,qwen3,Qwen3-32B,fp8_dynamic,truthfulqa,58.63,0.5,-0.063402061135647,-2.107317456463932,1.980513334192638,-0.3793128390596745,-0.23661971830985917,True,Qwen3-32B|s4
RedHatAI/Qwen3-32B-FP8-dynamic,qwen3,Qwen3-32B,fp8_dynamic,mmlu_pro,54.24,0.54,-0.8248459182230736,-2.8687613135513583,1.2190694771052113,-0.3793128390596745,-1.1661111111111113,True,Qwen3-32B|s4
RedHatAI/Qwen3-32B-FP8-dynamic,qwen3,Qwen3-32B,fp8_dynamic,ifeval,86.23,0.0,0.11448252768481681,-1.929432867643468,2.158397923013102,-0.3793128390596745,-0.049999999999999996,True,Qwen3-32B|s4
RedHatAI/Qwen3-32B-FP8-dynamic,qwen3,Qwen3-32B,fp8_dynamic,bbh,44.29,-0.59,-0.5112167300431089,-2.5551321253713937,1.5326986652851762,-0.3793128390596745,-0.7955555555555556,True,Qwen3-32B|s4
RedHatAI/Qwen3-32B-FP8-dynamic,qwen3,Qwen3-32B,fp8_dynamic,math_lvl5,54.61,2.65,0.5606978603101342,-1.4832175350181507,2.6046132556384194,-0.3793128390596745,0.5,False,Qwen3-32B|s4
RedHatAI/Qwen3-32B-FP8-dynamic,qwen3,Qwen3-32B,fp8_dynamic,gpqa,66.67,2.02,0.6535206171511336,-1.3903947781771513,2.6974360124794186,-0.3793128390596745,0.503076923076923,True,Qwen3-32B|s4
RedHatAI/Qwen3-32B-NVFP4,qwen3,Qwen3-32B,nvfp4,arc_challenge,70.65,-0.43,-0.9277735961998552,-2.97168899152814,1.1161417991284297,-0.3793128390596745,-0.3451470588235294,True,Qwen3-32B|s4
RedHatAI/Qwen3-32B-NVFP4,qwen3,Qwen3-32B,nvfp4,gsm8k,74.15,0.53,-1.3325348582899477,-3.3764502536182324,0.7113805370383373,-0.3793128390596745,-0.8215942028985507,True,Qwen3-32B|s4
RedHatAI/Qwen3-32B-NVFP4,qwen3,Qwen3-32B,nvfp4,hellaswag,84.0,-0.67,-0.8235932098802363,-2.8675086052085215,1.2203221854480486,-0.3793128390596745,-0.21736111111111112,True,Qwen3-32B|s4
RedHatAI/Qwen3-32B-NVFP4,qwen3,Qwen3-32B,nvfp4,mmlu,81.84,-0.61,-1.0203507435207688,-3.064266138849054,1.023564651807516,-0.3793128390596745,-0.44173913043478263,True,Qwen3-32B|s4
RedHatAI/Qwen3-32B-NVFP4,qwen3,Qwen3-32B,nvfp4,truthfulqa,59.36,-0.44,-0.831948664503401,-2.875864059831686,1.211966730824884,-0.3793128390596745,-0.23661971830985917,True,Qwen3-32B|s4
RedHatAI/Qwen3-32B-NVFP4,qwen3,Qwen3-32B,nvfp4,winogrande,75.93,0.87,-0.8419573421515643,-2.885872737479849,1.2019580531767207,-0.3793128390596745,-0.2447887323943662,True,Qwen3-32B|s4
RedHatAI/Qwen3-32B-NVFP4,qwen3,Qwen3-32B,nvfp4,bbh,62.35,-1.63,-1.2823069003543424,-3.3262222956826273,0.7616084949739426,-0.3793128390596745,-0.7955555555555556,True,Qwen3-32B|s4
RedHatAI/Qwen3-32B-NVFP4,qwen3,Qwen3-32B,nvfp4,mmlu_pro,54.39,-3.26,-1.5931388492129543,-3.6370542445412393,0.4507765461153306,-0.3793128390596745,-1.1661111111111113,True,Qwen3-32B|s4
RedHatAI/Qwen3-32B-NVFP4,qwen3,Qwen3-32B,nvfp4,musr,39.29,1.72,-0.7099225048596325,-2.7538379001879174,1.3339928904686524,-0.3793128390596745,-0.26249999999999996,False,Qwen3-32B|s4
RedHatAI/Qwen3-32B-NVFP4,qwen3,Qwen3-32B,nvfp4,ifeval,88.97,-1.68,-0.6598463208165546,-2.7037617161448395,1.3840690745117303,-0.3793128390596745,-0.049999999999999996,True,Qwen3-32B|s4
RedHatAI/Qwen3-32B-NVFP4,qwen3,Qwen3-32B,nvfp4,gpqa,30.12,0.17,-0.11185800515439032,-2.1557734004826754,1.9320573901738947,-0.3793128390596745,0.503076923076923,True,Qwen3-32B|s4
RedHatAI/Qwen3-32B-NVFP4,qwen3,Qwen3-32B,nvfp4,humaneval,90.14,0.26,-1.0141632067013986,-3.0580786020296835,1.0297521886268863,-0.3793128390596745,-0.47347826086956524,True,Qwen3-32B|s4
RedHatAI/Qwen3-32B-quantized.w4a16,qwen3,Qwen3-32B,w4a16,mmlu,80.96,-0.6,-0.6318681233774462,-2.6757835187057313,1.4120472719508386,-0.3793128390596745,-0.44173913043478263,True,Qwen3-32B|s4
RedHatAI/Qwen3-32B-quantized.w4a16,qwen3,Qwen3-32B,w4a16,arc_challenge,69.03,-0.34,-0.5385177765257314,-2.5824331718540163,1.5053976188025535,-0.3793128390596745,-0.3451470588235294,True,Qwen3-32B|s4
RedHatAI/Qwen3-32B-quantized.w4a16,qwen3,Qwen3-32B,w4a16,gsm8k,87.64,-1.67,-0.9570975186056645,-3.001012913933949,1.0868178767226204,-0.3793128390596745,-0.8215942028985507,True,Qwen3-32B|s4
RedHatAI/Qwen3-32B-quantized.w4a16,qwen3,Qwen3-32B,w4a16,hellaswag,71.1,0.08,-0.4323428475779329,-2.476258242906218,1.611572547750352,-0.3793128390596745,-0.21736111111111112,True,Qwen3-32B|s4
RedHatAI/Qwen3-32B-quantized.w4a16,qwen3,Qwen3-32B,w4a16,truthfulqa,58.63,0.23,-0.44336591650723567,-2.4872813118355204,1.6005494788210493,-0.3793128390596745,-0.23661971830985917,True,Qwen3-32B|s4
RedHatAI/Qwen3-32B-quantized.w4a16,qwen3,Qwen3-32B,w4a16,mmlu_pro,54.24,-1.61,-1.2048097735946623,-3.248725168922947,0.8391056217336226,-0.3793128390596745,-1.1661111111111113,True,Qwen3-32B|s4
RedHatAI/Qwen3-32B-quantized.w4a16,qwen3,Qwen3-32B,w4a16,ifeval,86.23,-0.7,-0.2654813276867718,-2.3093967230150567,1.7784340676415131,-0.3793128390596745,-0.049999999999999996,True,Qwen3-32B|s4
RedHatAI/Qwen3-32B-quantized.w4a16,qwen3,Qwen3-32B,w4a16,bbh,44.29,-3.22,-0.8911805854146975,-2.9350959807429824,1.1527348099135875,-0.3793128390596745,-0.7955555555555556,False,Qwen3-32B|s4
RedHatAI/Qwen3-32B-quantized.w4a16,qwen3,Qwen3-32B,w4a16,math_lvl5,54.61,0.77,0.18073400493854558,-1.8631813903897394,2.2246494002668307,-0.3793128390596745,0.5,True,Qwen3-32B|s4
RedHatAI/Qwen3-32B-quantized.w4a16,qwen3,Qwen3-32B,w4a16,gpqa,66.67,0.0,0.27355676177954497,-1.77035863354874,2.31747215710783,-0.3793128390596745,0.503076923076923,True,Qwen3-32B|s4
RedHatAI/Qwen3-8B-FP8-dynamic,qwen3,Qwen3-8B,fp8_dynamic,mmlu,71.95,0.35,-0.2813121506698252,-1.4732635298743535,0.910639228534703,-0.35571678321678324,-0.4761764705882353,True,Qwen3-8B|s0
RedHatAI/Qwen3-8B-FP8-dynamic,qwen3,Qwen3-8B,fp8_dynamic,arc_challenge,61.69,-0.09,-0.16084722771426752,-1.3527986069187956,1.0311041514902608,-0.35571678321678324,-0.3378260869565218,True,Qwen3-8B|s0
RedHatAI/Qwen3-8B-FP8-dynamic,qwen3,Qwen3-8B,fp8_dynamic,gsm8k,75.97,4.55,-0.49117143640951044,-1.6831228156140385,0.7007799427950178,-0.35571678321678324,-0.7391044776119403,False,Qwen3-8B|s0
RedHatAI/Qwen3-8B-FP8-dynamic,qwen3,Qwen3-8B,fp8_dynamic,hellaswag,56.52,-0.57,-0.09695639695114178,-1.28890777615567,1.0949949822533864,-0.35571678321678324,-0.21591549295774648,True,Qwen3-8B|s0
RedHatAI/Qwen3-8B-FP8-dynamic,qwen3,Qwen3-8B,fp8_dynamic,winogrande,65.98,0.24,-0.03427823513804035,-1.2262296143425686,1.1576731440664878,-0.35571678321678324,-0.17275362318840579,True,Qwen3-8B|s0
RedHatAI/Qwen3-8B-FP8-dynamic,qwen3,Qwen3-8B,fp8_dynamic,truthfulqa,53.17,-0.78,-0.013557749795325924,-1.205509128999854,1.1783936294092023,-0.35571678321678324,-0.1782608695652174,True,Qwen3-8B|s0
RedHatAI/Qwen3-8B-FP8-dynamic,qwen3,Qwen3-8B,fp8_dynamic,mmlu_pro,34.57,3.25,-0.5807298839082399,-1.772681263112768,0.6112214952962883,-0.35571678321678324,-0.9195652173913045,False,Qwen3-8B|s0
RedHatAI/Qwen3-8B-FP8-dynamic,qwen3,Qwen3-8B,fp8_dynamic,ifeval,84.77,-0.21,-0.2042992037218052,-1.3962505829263334,0.987652175482723,-0.35571678321678324,-0.47850000000000004,True,Qwen3-8B|s0
RedHatAI/Qwen3-8B-FP8-dynamic,qwen3,Qwen3-8B,fp8_dynamic,bbh,25.47,1.73,-0.46783360585415795,-1.659784985058686,0.7241177733503703,-0.35571678321678324,-0.8731818181818182,False,Qwen3-8B|s0
RedHatAI/Qwen3-8B-FP8-dynamic,qwen3,Qwen3-8B,fp8_dynamic,math_lvl5,51.05,0.85,0.25800690330082293,-0.9339444759037052,1.4499582825053512,-0.35571678321678324,0.24399999999999994,True,Qwen3-8B|s0
RedHatAI/Qwen3-8B-FP8-dynamic,qwen3,Qwen3-8B,fp8_dynamic,gpqa,58.59,2.52,0.4676982063855413,-0.7242531728189869,1.6596495855900695,-0.35571678321678324,0.3078947368421052,False,Qwen3-8B|s0
RedHatAI/Qwen3-8B-NVFP4,qwen3,Qwen3-8B,nvfp4,arc_challenge,64.76,-0.85,-1.0180432785895261,-2.2099946577940544,0.17390810061500206,-0.35571678321678324,-0.3378260869565218,True,Qwen3-8B|s0
RedHatAI/Qwen3-8B-NVFP4,qwen3,Qwen3-8B,nvfp4,gsm8k,87.26,-0.53,-1.305045604264062,-2.4969969834685903,-0.1130942250595337,-0.35571678321678324,-0.7391044776119403,True,Qwen3-8B|s0
RedHatAI/Qwen3-8B-NVFP4,qwen3,Qwen3-8B,nvfp4,hellaswag,76.68,-1.34,-0.9215336874917037,-2.113485066696232,0.2704176917128245,-0.35571678321678324,-0.21591549295774648,True,Qwen3-8B|s0
RedHatAI/Qwen3-8B-NVFP4,qwen3,Qwen3-8B,nvfp4,mmlu,74.97,-1.9,-1.1310967225285131,-2.3230481017330415,0.060854656676015084,-0.35571678321678324,-0.4761764705882353,True,Qwen3-8B|s0
RedHatAI/Qwen3-8B-NVFP4,qwen3,Qwen3-8B,nvfp4,truthfulqa,54.42,0.65,-0.8743726167943968,-2.066323995998925,0.3175787624101314,-0.35571678321678324,-0.1782608695652174,False,Qwen3-8B|s0
RedHatAI/Qwen3-8B-NVFP4,qwen3,Qwen3-8B,nvfp4,winogrande,71.43,-3.0,-0.8840326746719047,-2.075984053876433,0.3079187045326235,-0.35571678321678324,-0.17275362318840579,False,Qwen3-8B|s0
RedHatAI/Qwen3-8B-NVFP4,qwen3,Qwen3-8B,nvfp4,bbh,47.46,1.87,-1.428220723077419,-2.6201721022819475,-0.2362693438728909,-0.35571678321678324,-0.8731818181818182,False,Qwen3-8B|s0
RedHatAI/Qwen3-8B-NVFP4,qwen3,Qwen3-8B,nvfp4,mmlu_pro,34.64,-7.15,-1.4405630225321144,-2.6325144017366426,-0.24861164332758623,-0.35571678321678324,-0.9195652173913045,False,Qwen3-8B|s0
RedHatAI/Qwen3-8B-NVFP4,qwen3,Qwen3-8B,nvfp4,musr,40.61,2.25,-0.49164916303000183,-1.68360054223453,0.7003022161745264,-0.35571678321678324,0.04583333333333334,False,Qwen3-8B|s0
RedHatAI/Qwen3-8B-NVFP4,qwen3,Qwen3-8B,nvfp4,ifeval,87.89,-0.24,-1.0516935793259707,-2.243644958530499,0.14025779987855747,-0.35571678321678324,-0.47850000000000004,True,Qwen3-8B|s0
RedHatAI/Qwen3-8B-NVFP4,qwen3,Qwen3-8B,nvfp4,gpqa,25.17,1.17,-0.2870961352819355,-1.4790475144864637,0.9048552439225928,-0.35571678321678324,0.3078947368421052,False,Qwen3-8B|s0
RedHatAI/Qwen3-8B-NVFP4,qwen3,Qwen3-8B,nvfp4,humaneval,86.51,-1.19,-0.941345202854035,-2.133296582058563,0.2506061763504932,-0.35571678321678324,-0.36678571428571427,True,Qwen3-8B|s0
RedHatAI/Qwen3-8B-quantized.w4a16,qwen3,Qwen3-8B,w4a16,mmlu,71.95,-2.21,-0.5690279242653421,-1.7609793034698704,0.6229234549391861,-0.35571678321678324,-0.4761764705882353,False,Qwen3-8B|s0
RedHatAI/Qwen3-8B-quantized.w4a16,qwen3,Qwen3-8B,w4a16,arc_challenge,61.69,0.08,-0.4485630013097845,-1.6405143805143128,0.7433883778947437,-0.35571678321678324,-0.3378260869565218,True,Qwen3-8B|s0
RedHatAI/Qwen3-8B-quantized.w4a16,qwen3,Qwen3-8B,w4a16,gsm8k,75.97,2.65,-0.7788872100050275,-1.9708385892095557,0.41306416919950073,-0.35571678321678324,-0.7391044776119403,False,Qwen3-8B|s0
RedHatAI/Qwen3-8B-quantized.w4a16,qwen3,Qwen3-8B,w4a16,hellaswag,56.52,1.27,-0.3846721705466587,-1.576623549751187,0.8072792086578695,-0.35571678321678324,-0.21591549295774648,False,Qwen3-8B|s0
RedHatAI/Qwen3-8B-quantized.w4a16,qwen3,Qwen3-8B,w4a16,winogrande,65.98,0.24,-0.32199400873355727,-1.5139453879380855,0.8699573704709709,-0.35571678321678324,-0.17275362318840579,True,Qwen3-8B|s0
RedHatAI/Qwen3-8B-quantized.w4a16,qwen3,Qwen3-8B,w4a16,truthfulqa,53.17,0.54,-0.30127352339084285,-1.493224902595371,0.8906778558136854,-0.35571678321678324,-0.1782608695652174,True,Qwen3-8B|s0
RedHatAI/Qwen3-8B-quantized.w4a16,qwen3,Qwen3-8B,w4a16,mmlu_pro,34.57,-8.86,-0.8684456575037569,-2.0603970367082853,0.3235057217007713,-0.35571678321678324,-0.9195652173913045,False,Qwen3-8B|s0
RedHatAI/Qwen3-8B-quantized.w4a16,qwen3,Qwen3-8B,w4a16,ifeval,84.77,0.67,-0.49201497731732224,-1.6839663565218506,0.699936401887206,-0.35571678321678324,-0.47850000000000004,True,Qwen3-8B|s0
RedHatAI/Qwen3-8B-quantized.w4a16,qwen3,Qwen3-8B,w4a16,bbh,25.47,-4.3,-0.7555493794496748,-1.947500758654203,0.4364019997548534,-0.35571678321678324,-0.8731818181818182,False,Qwen3-8B|s0
RedHatAI/Qwen3-8B-quantized.w4a16,qwen3,Qwen3-8B,w4a16,math_lvl5,51.05,0.33,-0.02970887029469388,-1.2216602494992221,1.1622425089098343,-0.35571678321678324,0.24399999999999994,True,Qwen3-8B|s0
RedHatAI/Qwen3-8B-quantized.w4a16,qwen3,Qwen3-8B,w4a16,gpqa,58.59,-3.03,0.1799824327900243,-1.0119689464145039,1.3719338119945526,-0.35571678321678324,0.3078947368421052,False,Qwen3-8B|s0
RedHatAI/Qwen3-8B-FP8-dynamic,qwen3,Qwen3-8B,fp8_dynamic,mmlu,71.95,0.35,-0.16544986360202324,-1.6217805984440565,1.2908808712400102,-0.32604269293924465,-0.43166666666666664,True,Qwen3-8B|s1
RedHatAI/Qwen3-8B-FP8-dynamic,qwen3,Qwen3-8B,fp8_dynamic,arc_challenge,61.69,-0.09,-0.025666475974239433,-1.4819972108162727,1.430664258867794,-0.32604269293924465,-0.2864788732394366,True,Qwen3-8B|s1
RedHatAI/Qwen3-8B-FP8-dynamic,qwen3,Qwen3-8B,fp8_dynamic,gsm8k,75.97,4.55,-0.4455483257744164,-1.9018790606164497,1.010782409067617,-0.32604269293924465,-0.7687142857142858,False,Qwen3-8B|s1
RedHatAI/Qwen3-8B-FP8-dynamic,qwen3,Qwen3-8B,fp8_dynamic,hellaswag,56.52,-0.57,0.05587326295037148,-1.4004574718916618,1.5122039977924049,-0.32604269293924465,-0.17216216216216215,True,Qwen3-8B|s1
RedHatAI/Qwen3-8B-FP8-dynamic,qwen3,Qwen3-8B,fp8_dynamic,winogrande,65.98,0.24,0.1421342544931441,-1.3141964803488893,1.5984649893351774,-0.32604269293924465,-0.08513888888888889,True,Qwen3-8B|s1
RedHatAI/Qwen3-8B-FP8-dynamic,qwen3,Qwen3-8B,fp8_dynamic,truthfulqa,53.17,-0.78,0.08254703330107355,-1.3737837015409597,1.538877768143107,-0.32604269293924465,-0.16547945205479453,True,Qwen3-8B|s1
RedHatAI/Qwen3-8B-FP8-dynamic,qwen3,Qwen3-8B,fp8_dynamic,mmlu_pro,34.57,3.25,-0.4605582192382958,-1.916888954080329,0.9957725156037376,-0.32604269293924465,-0.8384,False,Qwen3-8B|s1
RedHatAI/Qwen3-8B-FP8-dynamic,qwen3,Qwen3-8B,fp8_dynamic,ifeval,84.77,-0.21,-0.10873785396718372,-1.565068588809217,1.3475928808748496,-0.32604269293924465,-0.41954545454545455,True,Qwen3-8B|s1
RedHatAI/Qwen3-8B-FP8-dynamic,qwen3,Qwen3-8B,fp8_dynamic,bbh,25.47,1.73,-0.41532264162300436,-1.8716533764650376,1.041008093219029,-0.32604269293924465,-0.8208333333333333,False,Qwen3-8B|s1
RedHatAI/Qwen3-8B-FP8-dynamic,qwen3,Qwen3-8B,fp8_dynamic,math_lvl5,51.05,0.85,0.35611013693919485,-1.1002205979028385,1.8124408717812281,-0.32604269293924465,0.24399999999999994,True,Qwen3-8B|s1
RedHatAI/Qwen3-8B-FP8-dynamic,qwen3,Qwen3-8B,fp8_dynamic,gpqa,58.59,2.52,0.5988308217690457,-0.8574999130729877,2.055161556611079,-0.32604269293924465,0.3577777777777777,False,Qwen3-8B|s1
RedHatAI/Qwen3-8B-NVFP4,qwen3,Qwen3-8B,nvfp4,arc_challenge,64.76,-0.85,-0.8101863623372494,-2.2665170971792827,0.646144372504784,-0.32604269293924465,-0.2864788732394366,True,Qwen3-8B|s1
RedHatAI/Qwen3-8B-NVFP4,qwen3,Qwen3-8B,nvfp4,gsm8k,87.26,-0.53,-1.2223178487255535,-2.678648583567587,0.23401288611647986,-0.32604269293924465,-0.7687142857142858,True,Qwen3-8B|s1
RedHatAI/Qwen3-8B-NVFP4,qwen3,Qwen3-8B,nvfp4,hellaswag,76.68,-1.34,-0.7208773604105925,-2.1772080952526256,0.7354533744314409,-0.32604269293924465,-0.17216216216216215,True,Qwen3-8B|s1
RedHatAI/Qwen3-8B-NVFP4,qwen3,Qwen3-8B,nvfp4,mmlu,74.97,-1.9,-0.946740884819194,-2.4030716196612274,0.5095898500228393,-0.32604269293924465,-0.43166666666666664,True,Qwen3-8B|s1
RedHatAI/Qwen3-8B-NVFP4,qwen3,Qwen3-8B,nvfp4,truthfulqa,54.42,0.65,-0.7023439582622595,-2.1586746931042926,0.7539867765797739,-0.32604269293924465,-0.16547945205479453,True,Qwen3-8B|s1
RedHatAI/Qwen3-8B-NVFP4,qwen3,Qwen3-8B,nvfp4,winogrande,71.43,-3.0,-0.6411515743164693,-2.0974823091585026,0.815179160525564,-0.32604269293924465,-0.08513888888888889,False,Qwen3-8B|s1
RedHatAI/Qwen3-8B-NVFP4,qwen3,Qwen3-8B,nvfp4,bbh,47.46,1.87,-1.240183141243371,-2.6965138760854046,0.2161475935986623,-0.32604269293924465,-0.8208333333333333,False,Qwen3-8B|s1
RedHatAI/Qwen3-8B-NVFP4,qwen3,Qwen3-8B,nvfp4,mmlu_pro,34.64,-7.15,-1.244727238329604,-2.701057973171637,0.21160349651242938,-0.32604269293924465,-0.8384,False,Qwen3-8B|s1
RedHatAI/Qwen3-8B-NVFP4,qwen3,Qwen3-8B,nvfp4,musr,40.61,2.25,-0.440178506259903,-1.8965092411019364,1.0161522285821303,-0.32604269293924465,-0.046363636363636364,False,Qwen3-8B|s1
RedHatAI/Qwen3-8B-NVFP4,qwen3,Qwen3-8B,nvfp4,ifeval,87.89,-0.24,-0.8932025844349978,-2.349533319277031,0.5631281504070356,-0.32604269293924465,-0.41954545454545455,True,Qwen3-8B|s1
RedHatAI/Qwen3-8B-NVFP4,qwen3,Qwen3-8B,nvfp4,gpqa,25.17,1.17,-0.14694507053278916,-1.6032758053748224,1.3093856643092443,-0.32604269293924465,0.3577777777777777,True,Qwen3-8B|s1
RedHatAI/Qwen3-8B-NVFP4,qwen3,Qwen3-8B,nvfp4,humaneval,86.51,-1.19,-0.8053407477543448,-2.261671482596378,0.6509899870876885,-0.32604269293924465,-0.3376666666666666,True,Qwen3-8B|s1
RedHatAI/Qwen3-8B-quantized.w4a16,qwen3,Qwen3-8B,w4a16,mmlu,71.95,-2.21,-0.5807252153289884,-2.0370559501710215,0.875605519513045,-0.32604269293924465,-0.43166666666666664,False,Qwen3-8B|s1
RedHatAI/Qwen3-8B-quantized.w4a16,qwen3,Qwen3-8B,w4a16,arc_challenge,61.69,0.08,-0.44094182770120455,-1.8972725625432378,1.0153889071408289,-0.32604269293924465,-0.2864788732394366,True,Qwen3-8B|s1
RedHatAI/Qwen3-8B-quantized.w4a16,qwen3,Qwen3-8B,w4a16,gsm8k,75.97,2.65,-0.8608236775013816,-2.317154412343415,0.5955070573406518,-0.32604269293924465,-0.7687142857142858,False,Qwen3-8B|s1
RedHatAI/Qwen3-8B-quantized.w4a16,qwen3,Qwen3-8B,w4a16,hellaswag,56.52,1.27,-0.3594020887765937,-1.815732823618627,1.0969286460654397,-0.32604269293924465,-0.17216216216216215,False,Qwen3-8B|s1
RedHatAI/Qwen3-8B-quantized.w4a16,qwen3,Qwen3-8B,w4a16,winogrande,65.98,0.24,-0.273141097233821,-1.7294718320758544,1.1831896376082123,-0.32604269293924465,-0.08513888888888889,True,Qwen3-8B|s1
RedHatAI/Qwen3-8B-quantized.w4a16,qwen3,Qwen3-8B,w4a16,truthfulqa,53.17,0.54,-0.33272831842589157,-1.789059053267925,1.1236024164161418,-0.32604269293924465,-0.16547945205479453,True,Qwen3-8B|s1
RedHatAI/Qwen3-8B-quantized.w4a16,qwen3,Qwen3-8B,w4a16,mmlu_pro,34.57,-8.86,-0.8758335709652609,-2.3321643058072943,0.5804971638767724,-0.32604269293924465,-0.8384,False,Qwen3-8B|s1
RedHatAI/Qwen3-8B-quantized.w4a16,qwen3,Qwen3-8B,w4a16,ifeval,84.77,0.67,-0.5240132056941489,-1.9803439405361822,0.9323175291478845,-0.32604269293924465,-0.41954545454545455,True,Qwen3-8B|s1
RedHatAI/Qwen3-8B-quantized.w4a16,qwen3,Qwen3-8B,w4a16,bbh,25.47,-4.3,-0.8305979933499694,-2.2869287281920028,0.6257327414920639,-0.32604269293924465,-0.8208333333333333,False,Qwen3-8B|s1
RedHatAI/Qwen3-8B-quantized.w4a16,qwen3,Qwen3-8B,w4a16,math_lvl5,51.05,0.33,-0.05916521478777026,-1.5154959496298037,1.397165520054263,-0.32604269293924465,0.24399999999999994,True,Qwen3-8B|s1
RedHatAI/Qwen3-8B-quantized.w4a16,qwen3,Qwen3-8B,w4a16,gpqa,58.59,-3.03,0.18355547004208056,-1.2727752647999528,1.6398862048841139,-0.32604269293924465,0.3577777777777777,False,Qwen3-8B|s1
RedHatAI/Qwen3-8B-FP8-dynamic,qwen3,Qwen3-8B,fp8_dynamic,mmlu,71.95,0.35,-0.24829041909191993,-1.9696591419338916,1.4730783037500517,-0.32731578947368417,-0.39373134328358206,True,Qwen3-8B|s2
RedHatAI/Qwen3-8B-FP8-dynamic,qwen3,Qwen3-8B,fp8_dynamic,arc_challenge,61.69,-0.09,-0.20430318293373448,-1.9256719057757061,1.5170655399082371,-0.32731578947368417,-0.35149253731343283,True,Qwen3-8B|s2
RedHatAI/Qwen3-8B-FP8-dynamic,qwen3,Qwen3-8B,fp8_dynamic,gsm8k,75.97,4.55,-0.4267294580718353,-2.148098180913807,1.2946392647701364,-0.32731578947368417,-0.6095454545454546,False,Qwen3-8B|s2
RedHatAI/Qwen3-8B-FP8-dynamic,qwen3,Qwen3-8B,fp8_dynamic,hellaswag,56.52,-0.57,-0.10922358376015803,-1.8305923066021297,1.6121451390818136,-0.32731578947368417,-0.22371428571428573,True,Qwen3-8B|s2
RedHatAI/Qwen3-8B-FP8-dynamic,qwen3,Qwen3-8B,fp8_dynamic,winogrande,65.98,0.24,-0.05243679668791984,-1.7738055195298914,1.6689319261540518,-0.32731578947368417,-0.16971014492753622,True,Qwen3-8B|s2
RedHatAI/Qwen3-8B-FP8-dynamic,qwen3,Qwen3-8B,fp8_dynamic,truthfulqa,53.17,-0.78,-0.09134087530610141,-1.812709598148073,1.6300278475358703,-0.32731578947368417,-0.23373134328358208,True,Qwen3-8B|s2
RedHatAI/Qwen3-8B-FP8-dynamic,qwen3,Qwen3-8B,fp8_dynamic,mmlu_pro,34.57,3.25,-0.4247955233582561,-2.146164246200228,1.2965731994837155,-0.32731578947368417,-0.6747826086956522,False,Qwen3-8B|s2
RedHatAI/Qwen3-8B-FP8-dynamic,qwen3,Qwen3-8B,fp8_dynamic,ifeval,84.77,-0.21,-0.247199154747495,-1.9685678775894666,1.4741695680944766,-0.32731578947368417,-0.45809523809523806,True,Qwen3-8B|s2
RedHatAI/Qwen3-8B-FP8-dynamic,qwen3,Qwen3-8B,fp8_dynamic,bbh,25.47,1.73,-0.38242531517369255,-2.103794038015664,1.3389434076682791,-0.32731578947368417,-0.71,False,Qwen3-8B|s2
RedHatAI/Qwen3-8B-FP8-dynamic,qwen3,Qwen3-8B,fp8_dynamic,math_lvl5,51.05,0.85,0.15584790143465738,-1.5655208214073142,1.877216624276629,-0.32731578947368417,0.07333333333333325,True,Qwen3-8B|s2
RedHatAI/Qwen3-8B-FP8-dynamic,qwen3,Qwen3-8B,fp8_dynamic,gpqa,58.59,2.52,0.43927735529609785,-1.2820913675458738,2.1606460781380696,-0.32731578947368417,0.35749999999999993,False,Qwen3-8B|s2
RedHatAI/Qwen3-8B-NVFP4,qwen3,Qwen3-8B,nvfp4,arc_challenge,64.76,-0.85,-0.8559970694888284,-2.5773657923308,0.8653716533531433,-0.32731578947368417,-0.35149253731343283,True,Qwen3-8B|s2
RedHatAI/Qwen3-8B-NVFP4,qwen3,Qwen3-8B,nvfp4,gsm8k,87.26,-0.53,-1.0559315310419561,-2.7773002538839275,0.6654371918000155,-0.32731578947368417,-0.6095454545454546,True,Qwen3-8B|s2
RedHatAI/Qwen3-8B-NVFP4,qwen3,Qwen3-8B,nvfp4,hellaswag,76.68,-1.34,-0.7512540987258396,-2.4726228215678114,0.970114624116132,-0.32731578947368417,-0.22371428571428573,True,Qwen3-8B|s2
RedHatAI/Qwen3-8B-NVFP4,qwen3,Qwen3-8B,nvfp4,mmlu,74.97,-1.9,-0.8946141105942287,-2.6159828334362003,0.8267546122477429,-0.32731578947368417,-0.39373134328358206,True,Qwen3-8B|s2
RedHatAI/Qwen3-8B-NVFP4,qwen3,Qwen3-8B,nvfp4,truthfulqa,54.42,0.65,-0.7440358774699799,-2.4654046003119516,0.9773328453719917,-0.32731578947368417,-0.23373134328358208,True,Qwen3-8B|s2
RedHatAI/Qwen3-8B-NVFP4,qwen3,Qwen3-8B,nvfp4,winogrande,71.43,-3.0,-0.7009814422843156,-2.422350165126287,1.0203872805576562,-0.32731578947368417,-0.16971014492753622,False,Qwen3-8B|s2
RedHatAI/Qwen3-8B-NVFP4,qwen3,Qwen3-8B,nvfp4,bbh,47.46,1.87,-1.1206933329436943,-2.842062055785666,0.6006753898982773,-0.32731578947368417,-0.71,False,Qwen3-8B|s2
RedHatAI/Qwen3-8B-NVFP4,qwen3,Qwen3-8B,nvfp4,mmlu_pro,34.64,-7.15,-1.0758684035273396,-2.7972371263693114,0.645500319314632,-0.32731578947368417,-0.6747826086956522,False,Qwen3-8B|s2
RedHatAI/Qwen3-8B-NVFP4,qwen3,Qwen3-8B,nvfp4,musr,40.61,2.25,-0.43697905036773943,-2.158347773209711,1.2843896724742323,-0.32731578947368417,0.0009090909090909098,False,Qwen3-8B|s2
RedHatAI/Qwen3-8B-NVFP4,qwen3,Qwen3-8B,nvfp4,ifeval,87.89,-0.24,-0.8929480256194575,-2.6143167484614294,0.8284206972225141,-0.32731578947368417,-0.45809523809523806,True,Qwen3-8B|s2
RedHatAI/Qwen3-8B-NVFP4,qwen3,Qwen3-8B,nvfp4,gpqa,25.17,1.17,-0.11421504945849428,-1.835583772300466,1.6071536733834773,-0.32731578947368417,0.35749999999999993,True,Qwen3-8B|s2
RedHatAI/Qwen3-8B-NVFP4,qwen3,Qwen3-8B,nvfp4,humaneval,86.51,-1.19,-0.7967693526132089,-2.5181380754551803,0.9245993702287627,-0.32731578947368417,-0.3484615384615385,True,Qwen3-8B|s2
RedHatAI/Qwen3-8B-quantized.w4a16,qwen3,Qwen3-8B,w4a16,mmlu,71.95,-2.21,-0.5970644580360068,-2.3184331808779786,1.1243042648059647,-0.32731578947368417,-0.39373134328358206,True,Qwen3-8B|s2
RedHatAI/Qwen3-8B-quantized.w4a16,qwen3,Qwen3-8B,w4a16,arc_challenge,61.69,0.08,-0.5530772218778213,-2.274445944719793,1.1682915009641504,-0.32731578947368417,-0.35149253731343283,True,Qwen3-8B|s2
RedHatAI/Qwen3-8B-quantized.w4a16,qwen3,Qwen3-8B,w4a16,gsm8k,75.97,2.65,-0.7755034970159222,-2.496872219857894,0.9458652258260494,-0.32731578947368417,-0.6095454545454546,False,Qwen3-8B|s2
RedHatAI/Qwen3-8B-quantized.w4a16,qwen3,Qwen3-8B,w4a16,hellaswag,56.52,1.27,-0.4579976227042448,-2.1793663455462164,1.2633711001377268,-0.32731578947368417,-0.22371428571428573,False,Qwen3-8B|s2
RedHatAI/Qwen3-8B-quantized.w4a16,qwen3,Qwen3-8B,w4a16,winogrande,65.98,0.24,-0.4012108356320067,-2.122579558473978,1.3201578872099649,-0.32731578947368417,-0.16971014492753622,True,Qwen3-8B|s2
RedHatAI/Qwen3-8B-quantized.w4a16,qwen3,Qwen3-8B,w4a16,truthfulqa,53.17,0.54,-0.4401149142501883,-2.16148363709216,1.2812538085917833,-0.32731578947368417,-0.23373134328358208,True,Qwen3-8B|s2
RedHatAI/Qwen3-8B-quantized.w4a16,qwen3,Qwen3-8B,w4a16,mmlu_pro,34.57,-8.86,-0.7735695623023431,-2.4949382851443147,0.9477991605396285,-0.32731578947368417,-0.6747826086956522,False,Qwen3-8B|s2
RedHatAI/Qwen3-8B-quantized.w4a16,qwen3,Qwen3-8B,w4a16,ifeval,84.77,0.67,-0.5959731936915817,-2.3173419165335534,1.1253955291503899,-0.32731578947368417,-0.45809523809523806,True,Qwen3-8B|s2
RedHatAI/Qwen3-8B-quantized.w4a16,qwen3,Qwen3-8B,w4a16,bbh,25.47,-4.3,-0.7311993541177795,-2.452568076959751,0.9901693687241921,-0.32731578947368417,-0.71,False,Qwen3-8B|s2
RedHatAI/Qwen3-8B-quantized.w4a16,qwen3,Qwen3-8B,w4a16,math_lvl5,51.05,0.33,-0.1929261375094295,-1.9142948603514012,1.528442585332542,-0.32731578947368417,0.07333333333333325,True,Qwen3-8B|s2
RedHatAI/Qwen3-8B-quantized.w4a16,qwen3,Qwen3-8B,w4a16,gpqa,58.59,-3.03,0.09050331635201092,-1.6308654064899608,1.8118720391939824,-0.32731578947368417,0.35749999999999993,False,Qwen3-8B|s2
RedHatAI/Qwen3-8B-FP8-dynamic,qwen3,Qwen3-8B,fp8_dynamic,mmlu,71.95,0.35,-0.25644069623943294,-2.0124718685761134,1.4995904760972476,-0.3459852670349908,-0.4611267605633803,True,Qwen3-8B|s3
RedHatAI/Qwen3-8B-FP8-dynamic,qwen3,Qwen3-8B,fp8_dynamic,arc_challenge,61.69,-0.09,-0.21831635868084648,-1.9743475310175271,1.537714813655834,-0.3459852670349908,-0.3744927536231884,True,Qwen3-8B|s3
RedHatAI/Qwen3-8B-FP8-dynamic,qwen3,Qwen3-8B,fp8_dynamic,gsm8k,75.97,4.55,-0.533102382666371,-2.2891335550030516,1.2229287896703096,-0.3459852670349908,-0.8048529411764707,False,Qwen3-8B|s3
RedHatAI/Qwen3-8B-FP8-dynamic,qwen3,Qwen3-8B,fp8_dynamic,hellaswag,56.52,-0.57,-0.21088068305529858,-1.966911855391979,1.545150489281382,-0.3459852670349908,-0.2577777777777778,True,Qwen3-8B|s3
RedHatAI/Qwen3-8B-FP8-dynamic,qwen3,Qwen3-8B,fp8_dynamic,winogrande,65.98,0.24,0.00825192898419519,-1.7477792433524855,1.7642831013208757,-0.3459852670349908,-0.08357142857142856,True,Qwen3-8B|s3
RedHatAI/Qwen3-8B-FP8-dynamic,qwen3,Qwen3-8B,fp8_dynamic,truthfulqa,53.17,-0.78,0.017548653680199422,-1.7384825186564812,1.77357982601688,-0.3459852670349908,-0.13463768115942026,True,Qwen3-8B|s3
RedHatAI/Qwen3-8B-FP8-dynamic,qwen3,Qwen3-8B,fp8_dynamic,mmlu_pro,34.57,3.25,-0.743769054095963,-2.4998002264326438,1.0122621182407177,-0.3459852670349908,-1.0861111111111112,False,Qwen3-8B|s3
RedHatAI/Qwen3-8B-FP8-dynamic,qwen3,Qwen3-8B,fp8_dynamic,ifeval,84.77,-0.21,0.015375035157147665,-1.740656137179533,1.7714062074938282,-0.3459852670349908,-0.23733333333333334,True,Qwen3-8B|s3
RedHatAI/Qwen3-8B-FP8-dynamic,qwen3,Qwen3-8B,fp8_dynamic,bbh,25.47,1.73,-0.5557773768307295,-2.3118085491674103,1.2002537955059511,-0.3459852670349908,-0.894375,False,Qwen3-8B|s3
RedHatAI/Qwen3-8B-FP8-dynamic,qwen3,Qwen3-8B,fp8_dynamic,math_lvl5,51.05,0.85,0.2858923038189929,-1.4701388685176877,2.0419234761556737,-0.3459852670349908,0.24399999999999994,True,Qwen3-8B|s3
RedHatAI/Qwen3-8B-FP8-dynamic,qwen3,Qwen3-8B,fp8_dynamic,gpqa,58.59,2.52,1.0074536540817411,-0.7485775182549395,2.7634848264184217,-0.3459852670349908,0.874,True,Qwen3-8B|s3
RedHatAI/Qwen3-8B-NVFP4,qwen3,Qwen3-8B,nvfp4,arc_challenge,64.76,-0.85,-1.0384351176570867,-2.7944662899937676,0.7175960546795939,-0.3459852670349908,-0.3744927536231884,True,Qwen3-8B|s3
RedHatAI/Qwen3-8B-NVFP4,qwen3,Qwen3-8B,nvfp4,gsm8k,87.26,-0.53,-1.2692341659561017,-3.0252653382927823,0.4867970063805789,-0.3459852670349908,-0.8048529411764707,True,Qwen3-8B|s3
RedHatAI/Qwen3-8B-NVFP4,qwen3,Qwen3-8B,nvfp4,hellaswag,76.68,-1.34,-0.9295317434400219,-2.6855629157767025,0.8264994288966587,-0.3459852670349908,-0.2577777777777778,True,Qwen3-8B|s3
RedHatAI/Qwen3-8B-NVFP4,qwen3,Qwen3-8B,nvfp4,mmlu,74.97,-1.9,-1.0680598486331117,-2.8240910209697923,0.687971323703569,-0.3459852670349908,-0.4611267605633803,True,Qwen3-8B|s3
RedHatAI/Qwen3-8B-NVFP4,qwen3,Qwen3-8B,nvfp4,truthfulqa,54.42,0.65,-0.8137288218518838,-2.5697599941885643,0.9423023504847968,-0.3459852670349908,-0.13463768115942026,True,Qwen3-8B|s3
RedHatAI/Qwen3-8B-NVFP4,qwen3,Qwen3-8B,nvfp4,winogrande,71.43,-3.0,-0.7939502734805877,-2.5499814458172683,0.9620808988560929,-0.3459852670349908,-0.08357142857142856,False,Qwen3-8B|s3
RedHatAI/Qwen3-8B-NVFP4,qwen3,Qwen3-8B,nvfp4,bbh,47.46,1.87,-1.4308112306277336,-3.1868424029644142,0.32521994170894697,-0.3459852670349908,-0.894375,False,Qwen3-8B|s3
RedHatAI/Qwen3-8B-NVFP4,qwen3,Qwen3-8B,nvfp4,mmlu_pro,34.64,-7.15,-1.5782128690171144,-3.334244041353795,0.17781830331956616,-0.3459852670349908,-1.0861111111111112,False,Qwen3-8B|s3
RedHatAI/Qwen3-8B-NVFP4,qwen3,Qwen3-8B,nvfp4,musr,40.61,2.25,0.29493616528042166,-1.461095007056259,2.0509673376171023,-0.3459852670349908,0.6633333333333333,False,Qwen3-8B|s3
RedHatAI/Qwen3-8B-NVFP4,qwen3,Qwen3-8B,nvfp4,ifeval,87.89,-0.24,-0.791603354910854,-2.5476345272475345,0.9644278174258266,-0.3459852670349908,-0.23733333333333334,True,Qwen3-8B|s3
RedHatAI/Qwen3-8B-NVFP4,qwen3,Qwen3-8B,nvfp4,gpqa,25.17,1.17,0.17904880022600722,-1.5769823721106735,1.9350799725626877,-0.3459852670349908,0.874,True,Qwen3-8B|s3
RedHatAI/Qwen3-8B-NVFP4,qwen3,Qwen3-8B,nvfp4,humaneval,86.51,-1.19,-0.7952262041608953,-2.551257376497576,0.9608049681757853,-0.3459852670349908,-0.3261904761904762,True,Qwen3-8B|s3
RedHatAI/Qwen3-8B-quantized.w4a16,qwen3,Qwen3-8B,w4a16,mmlu,71.95,-2.21,-0.6048146776504738,-2.3608458499871543,1.151216494686207,-0.3459852670349908,-0.4611267605633803,True,Qwen3-8B|s3
RedHatAI/Qwen3-8B-quantized.w4a16,qwen3,Qwen3-8B,w4a16,arc_challenge,61.69,0.08,-0.5666903400918873,-2.322721512428568,1.1893408322447931,-0.3459852670349908,-0.3744927536231884,True,Qwen3-8B|s3
RedHatAI/Qwen3-8B-quantized.w4a16,qwen3,Qwen3-8B,w4a16,gsm8k,75.97,2.65,-0.8814763640774118,-2.6375075364140925,0.8745548082592688,-0.3459852670349908,-0.8048529411764707,False,Qwen3-8B|s3
RedHatAI/Qwen3-8B-quantized.w4a16,qwen3,Qwen3-8B,w4a16,hellaswag,56.52,1.27,-0.5592546644663394,-2.31528583680302,1.1967765078703412,-0.3459852670349908,-0.2577777777777778,False,Qwen3-8B|s3
RedHatAI/Qwen3-8B-quantized.w4a16,qwen3,Qwen3-8B,w4a16,winogrande,65.98,0.24,-0.3401220524268456,-2.096153224763526,1.415909119909835,-0.3459852670349908,-0.08357142857142856,True,Qwen3-8B|s3
RedHatAI/Qwen3-8B-quantized.w4a16,qwen3,Qwen3-8B,w4a16,truthfulqa,53.17,0.54,-0.3308253277308415,-2.086856500067522,1.425205844605839,-0.3459852670349908,-0.13463768115942026,True,Qwen3-8B|s3
RedHatAI/Qwen3-8B-quantized.w4a16,qwen3,Qwen3-8B,w4a16,mmlu_pro,34.57,-8.86,-1.0921430355070039,-2.8481742078436847,0.6638881368296767,-0.3459852670349908,-1.0861111111111112,False,Qwen3-8B|s3
RedHatAI/Qwen3-8B-quantized.w4a16,qwen3,Qwen3-8B,w4a16,ifeval,84.77,0.67,-0.3329989462538932,-2.089030118590574,1.4230322260827875,-0.3459852670349908,-0.23733333333333334,True,Qwen3-8B|s3
RedHatAI/Qwen3-8B-quantized.w4a16,qwen3,Qwen3-8B,w4a16,bbh,25.47,-4.3,-0.9041513582417703,-2.6601825305784508,0.8518798140949103,-0.3459852670349908,-0.894375,False,Qwen3-8B|s3
RedHatAI/Qwen3-8B-quantized.w4a16,qwen3,Qwen3-8B,w4a16,math_lvl5,51.05,0.33,-0.06248167759204776,-1.8185128499287284,1.6935494947446328,-0.3459852670349908,0.24399999999999994,True,Qwen3-8B|s3
RedHatAI/Qwen3-8B-quantized.w4a16,qwen3,Qwen3-8B,w4a16,gpqa,58.59,-3.03,0.6590796726707001,-1.0969514996659804,2.415110845007381,-0.3459852670349908,0.874,False,Qwen3-8B|s3
RedHatAI/Qwen3-8B-FP8-dynamic,qwen3,Qwen3-8B,fp8_dynamic,mmlu,71.95,0.35,-0.2599023291567766,-1.9263971093355077,1.4065924510219545,-0.37715289982425304,-0.45630136986301373,True,Qwen3-8B|s4
RedHatAI/Qwen3-8B-FP8-dynamic,qwen3,Qwen3-8B,fp8_dynamic,arc_challenge,61.69,-0.09,-0.31600778447314726,-1.9825025646518784,1.3504869957055838,-0.37715289982425304,-0.4769014084507042,True,Qwen3-8B|s4
RedHatAI/Qwen3-8B-FP8-dynamic,qwen3,Qwen3-8B,fp8_dynamic,gsm8k,75.97,4.55,-0.47503533723807434,-2.1415301174168055,1.1914594429406566,-0.37715289982425304,-0.721549295774648,False,Qwen3-8B|s4
RedHatAI/Qwen3-8B-FP8-dynamic,qwen3,Qwen3-8B,fp8_dynamic,hellaswag,56.52,-0.57,-0.2207248951984653,-1.8872196753771964,1.4457698849802658,-0.37715289982425304,-0.28226666666666667,True,Qwen3-8B|s4
RedHatAI/Qwen3-8B-FP8-dynamic,qwen3,Qwen3-8B,fp8_dynamic,winogrande,65.98,0.24,-0.09529926593689719,-1.7617940461156283,1.571195514241834,-0.37715289982425304,-0.20821917808219176,True,Qwen3-8B|s4
RedHatAI/Qwen3-8B-FP8-dynamic,qwen3,Qwen3-8B,fp8_dynamic,truthfulqa,53.17,-0.78,-0.04001627511062922,-1.7065110552893603,1.6264785050681019,-0.37715289982425304,-0.18958904109589042,True,Qwen3-8B|s4
RedHatAI/Qwen3-8B-FP8-dynamic,qwen3,Qwen3-8B,fp8_dynamic,mmlu_pro,34.57,3.25,-0.8431723555991066,-2.5096671357778377,0.8233224245796245,-0.37715289982425304,-1.1965,False,Qwen3-8B|s4
RedHatAI/Qwen3-8B-FP8-dynamic,qwen3,Qwen3-8B,fp8_dynamic,ifeval,84.77,-0.21,0.16200271620903617,-1.5044920639696948,1.8284974963877674,-0.37715289982425304,-0.07388888888888888,True,Qwen3-8B|s4
RedHatAI/Qwen3-8B-FP8-dynamic,qwen3,Qwen3-8B,fp8_dynamic,bbh,25.47,1.73,-0.49268123615726034,-2.1591760163359917,1.1738135440214708,-0.37715289982425304,-0.8110526315789474,False,Qwen3-8B|s4
RedHatAI/Qwen3-8B-FP8-dynamic,qwen3,Qwen3-8B,fp8_dynamic,math_lvl5,51.05,0.85,0.2865765865834109,-1.3799181935953202,1.953071366762142,-0.37715289982425304,0.24399999999999994,True,Qwen3-8B|s4
RedHatAI/Qwen3-8B-FP8-dynamic,qwen3,Qwen3-8B,fp8_dynamic,gpqa,58.59,2.52,0.9884346322907568,-0.6780601478879743,2.654929412469488,-0.37715289982425304,0.8354545454545454,True,Qwen3-8B|s4
RedHatAI/Qwen3-8B-NVFP4,qwen3,Qwen3-8B,nvfp4,arc_challenge,64.76,-0.85,-1.1044531833351603,-2.7709479635138914,0.5620415968435708,-0.37715289982425304,-0.4769014084507042,True,Qwen3-8B|s4
RedHatAI/Qwen3-8B-NVFP4,qwen3,Qwen3-8B,nvfp4,gsm8k,87.26,-0.53,-1.1901533606457098,-2.856648140824441,0.47634141953302134,-0.37715289982425304,-0.721549295774648,True,Qwen3-8B|s4
RedHatAI/Qwen3-8B-NVFP4,qwen3,Qwen3-8B,nvfp4,hellaswag,76.68,-1.34,-0.9166816477129517,-2.583176427891683,0.7498131324657794,-0.37715289982425304,-0.28226666666666667,True,Qwen3-8B|s4
RedHatAI/Qwen3-8B-NVFP4,qwen3,Qwen3-8B,nvfp4,mmlu,74.97,-1.9,-1.0402818102527838,-2.706776590431515,0.6262129699259473,-0.37715289982425304,-0.45630136986301373,True,Qwen3-8B|s4
RedHatAI/Qwen3-8B-NVFP4,qwen3,Qwen3-8B,nvfp4,truthfulqa,54.42,0.65,-0.838351999929498,-2.5048467801082293,0.828142780249233,-0.37715289982425304,-0.18958904109589042,True,Qwen3-8B|s4
RedHatAI/Qwen3-8B-NVFP4,qwen3,Qwen3-8B,nvfp4,winogrande,71.43,-3.0,-0.8679009276639538,-2.534395707842685,0.7985938525147773,-0.37715289982425304,-0.20821917808219176,False,Qwen3-8B|s4
RedHatAI/Qwen3-8B-NVFP4,qwen3,Qwen3-8B,nvfp4,bbh,47.46,1.87,-1.330788936661654,-2.997283716840385,0.335705843517077,-0.37715289982425304,-0.8110526315789474,False,Qwen3-8B|s4
RedHatAI/Qwen3-8B-NVFP4,qwen3,Qwen3-8B,nvfp4,mmlu_pro,34.64,-7.15,-1.644335763402745,-3.310830543581476,0.022159016775986196,-0.37715289982425304,-1.1965,False,Qwen3-8B|s4
RedHatAI/Qwen3-8B-NVFP4,qwen3,Qwen3-8B,nvfp4,musr,40.61,2.25,0.02493064876059714,-1.641564131418134,1.6914254289393282,-0.37715289982425304,0.43,False,Qwen3-8B|s4
RedHatAI/Qwen3-8B-NVFP4,qwen3,Qwen3-8B,nvfp4,ifeval,87.89,-0.24,-0.6163605048360765,-2.282855285014808,1.0501342753426546,-0.37715289982425304,-0.07388888888888888,True,Qwen3-8B|s4
RedHatAI/Qwen3-8B-NVFP4,qwen3,Qwen3-8B,nvfp4,gpqa,25.17,1.17,0.18912260978194662,-1.4773721703967846,1.8556173899606776,-0.37715289982425304,0.8354545454545454,True,Qwen3-8B|s4
RedHatAI/Qwen3-8B-NVFP4,qwen3,Qwen3-8B,nvfp4,humaneval,86.51,-1.19,-0.7868345065148225,-2.4533292866935534,0.8796602736639086,-0.37715289982425304,-0.3261904761904762,True,Qwen3-8B|s4
RedHatAI/Qwen3-8B-quantized.w4a16,qwen3,Qwen3-8B,w4a16,mmlu,71.95,-2.21,-0.638440595267961,-2.304935375446692,1.02805418491077,-0.37715289982425304,-0.45630136986301373,True,Qwen3-8B|s4
RedHatAI/Qwen3-8B-quantized.w4a16,qwen3,Qwen3-8B,w4a16,arc_challenge,61.69,0.08,-0.6945460505843317,-2.361040830763063,0.9719487295943994,-0.37715289982425304,-0.4769014084507042,True,Qwen3-8B|s4
RedHatAI/Qwen3-8B-quantized.w4a16,qwen3,Qwen3-8B,w4a16,gsm8k,75.97,2.65,-0.8535736033492589,-2.52006838352799,0.8129211768294722,-0.37715289982425304,-0.721549295774648,False,Qwen3-8B|s4
RedHatAI/Qwen3-8B-quantized.w4a16,qwen3,Qwen3-8B,w4a16,hellaswag,56.52,1.27,-0.59926316130965,-2.2657579414883813,1.0672316188690811,-0.37715289982425304,-0.28226666666666667,False,Qwen3-8B|s4
RedHatAI/Qwen3-8B-quantized.w4a16,qwen3,Qwen3-8B,w4a16,winogrande,65.98,0.24,-0.47383753204808177,-2.1403323122268127,1.1926572481306494,-0.37715289982425304,-0.20821917808219176,True,Qwen3-8B|s4
RedHatAI/Qwen3-8B-quantized.w4a16,qwen3,Qwen3-8B,w4a16,truthfulqa,53.17,0.54,-0.4185545412218137,-2.085049321400545,1.2479402389569174,-0.37715289982425304,-0.18958904109589042,True,Qwen3-8B|s4
RedHatAI/Qwen3-8B-quantized.w4a16,qwen3,Qwen3-8B,w4a16,mmlu_pro,34.57,-8.86,-1.221710621710291,-2.888205401889022,0.44478415846844,-0.37715289982425304,-1.1965,False,Qwen3-8B|s4
RedHatAI/Qwen3-8B-quantized.w4a16,qwen3,Qwen3-8B,w4a16,ifeval,84.77,0.67,-0.2165355499021484,-1.8830303300808795,1.4499592302765827,-0.37715289982425304,-0.07388888888888888,True,Qwen3-8B|s4
RedHatAI/Qwen3-8B-quantized.w4a16,qwen3,Qwen3-8B,w4a16,bbh,25.47,-4.3,-0.8712195022684448,-2.537714282447176,0.7952752779102863,-0.37715289982425304,-0.8110526315789474,False,Qwen3-8B|s4
RedHatAI/Qwen3-8B-quantized.w4a16,qwen3,Qwen3-8B,w4a16,math_lvl5,51.05,0.33,-0.09196167952777357,-1.7584564597065047,1.5745331006509575,-0.37715289982425304,0.24399999999999994,True,Qwen3-8B|s4
RedHatAI/Qwen3-8B-quantized.w4a16,qwen3,Qwen3-8B,w4a16,gpqa,58.59,-3.03,0.6098963661795723,-1.0565984139991587,2.2763911463583035,-0.37715289982425304,0.8354545454545454,False,Qwen3-8B|s4
RedHatAI/gemma-2-27b-it-quantized.w8a16,gemma-2,gemma-2-27b-it,w8a16,mmlu,76.34,0.0,-0.08966675223931603,-2.1164337729229734,1.9371002684443415,-0.3363300970873786,-0.46424242424242423,True,gemma-2-27b-it|s0
RedHatAI/gemma-2-27b-it-quantized.w8a16,gemma-2,gemma-2-27b-it,w8a16,arc_challenge,74.49,0.0,0.028117657134270446,-1.998649363549387,2.054884677817928,-0.3363300970873786,-0.32921875,True,gemma-2-27b-it|s0
RedHatAI/gemma-2-27b-it-quantized.w8a16,gemma-2,gemma-2-27b-it,w8a16,gsm8k,21.0,-0.68,-0.27766671967061535,-2.304433740354273,1.7491003010130421,-0.3363300970873786,-0.58203125,True,gemma-2-27b-it|s0
RedHatAI/gemma-2-27b-it-quantized.w8a16,gemma-2,gemma-2-27b-it,w8a16,hellaswag,86.03,0.01,0.09873324458418287,-1.9280337760994746,2.1255002652678403,-0.3363300970873786,-0.285,True,gemma-2-27b-it|s0
RedHatAI/gemma-2-27b-it-quantized.w8a16,gemma-2,gemma-2-27b-it,w8a16,winogrande,77.98,-0.24,0.13464004846288924,-1.892126972220768,2.161407069146547,-0.3363300970873786,-0.1824242424242424,True,gemma-2-27b-it|s0
RedHatAI/gemma-2-27b-it-quantized.w8a16,gemma-2,gemma-2-27b-it,w8a16,truthfulqa,64.6,-0.09,0.1424919934874112,-1.8842750271962463,2.1692590141710686,-0.3363300970873786,-0.18352941176470589,True,gemma-2-27b-it|s0
RedHatAI/gemma-2-27b-it-quantized.w8a16,gemma-2,gemma-2-27b-it,w8a16,mmlu,76.34,0.0,-0.08917128817630965,-1.56244246098355,1.384099884630931,-0.32202898550724635,-0.4462857142857143,True,gemma-2-27b-it|s1
RedHatAI/gemma-2-27b-it-quantized.w8a16,gemma-2,gemma-2-27b-it,w8a16,arc_challenge,74.49,0.0,-0.0014735470184292776,-1.4747447198256698,1.4717976257888112,-0.32202898550724635,-0.35246376811594204,True,gemma-2-27b-it|s1
RedHatAI/gemma-2-27b-it-quantized.w8a16,gemma-2,gemma-2-27b-it,w8a16,gsm8k,21.0,-0.68,-0.2922961471995173,-1.7655673200067579,1.1809750256077232,-0.32202898550724635,-0.43014705882352944,True,gemma-2-27b-it|s1
RedHatAI/gemma-2-27b-it-quantized.w8a16,gemma-2,gemma-2-27b-it,w8a16,hellaswag,86.03,0.01,0.1205649640257887,-1.3527062087814519,1.5938361368330292,-0.32202898550724635,-0.23972222222222225,True,gemma-2-27b-it|s1
RedHatAI/gemma-2-27b-it-quantized.w8a16,gemma-2,gemma-2-27b-it,w8a16,winogrande,77.98,-0.24,0.14155438179463542,-1.331716791012605,1.614825554601876,-0.32202898550724635,-0.15257142857142858,True,gemma-2-27b-it|s1
RedHatAI/gemma-2-27b-it-quantized.w8a16,gemma-2,gemma-2-27b-it,w8a16,truthfulqa,64.6,-0.09,0.1349642806567542,-1.3383068921504864,1.6082354534639947,-0.32202898550724635,-0.18594202898550724,True,gemma-2-27b-it|s1
RedHatAI/gemma-2-27b-it-quantized.w8a16,gemma-2,gemma-2-27b-it,w8a16,mmlu,76.34,0.0,-0.24076113475068875,-1.817855791695863,1.3363335221944854,-0.36346666666666666,-0.5112162162162162,True,gemma-2-27b-it|s2
RedHatAI/gemma-2-27b-it-quantized.w8a16,gemma-2,gemma-2-27b-it,w8a16,arc_challenge,74.49,0.0,-0.12818940244706423,-1.7052840593922385,1.44890525449811,-0.36346666666666666,-0.3795833333333334,True,gemma-2-27b-it|s2
RedHatAI/gemma-2-27b-it-quantized.w8a16,gemma-2,gemma-2-27b-it,w8a16,gsm8k,21.0,-0.68,-0.45025318627118066,-2.0273478432163548,1.1268414706739935,-0.36346666666666666,-0.61,True,gemma-2-27b-it|s2
RedHatAI/gemma-2-27b-it-quantized.w8a16,gemma-2,gemma-2-27b-it,w8a16,hellaswag,86.03,0.01,-0.043069493908967416,-1.6201641508541416,1.534025163036207,-0.36346666666666666,-0.3024,True,gemma-2-27b-it|s2
RedHatAI/gemma-2-27b-it-quantized.w8a16,gemma-2,gemma-2-27b-it,w8a16,winogrande,77.98,-0.24,0.02308121093488119,-1.554013446010293,1.6001758678800555,-0.36346666666666666,-0.19756756756756755,True,gemma-2-27b-it|s2
RedHatAI/gemma-2-27b-it-quantized.w8a16,gemma-2,gemma-2-27b-it,w8a16,truthfulqa,64.6,-0.09,0.016653789797049512,-1.5604408671481247,1.5937484467422238,-0.36346666666666666,-0.21861111111111112,True,gemma-2-27b-it|s2
RedHatAI/gemma-2-27b-it-quantized.w8a16,gemma-2,gemma-2-27b-it,w8a16,mmlu,76.34,0.0,-0.21168740156618837,-1.8382895203661072,1.4149147172337306,-0.3958730158730158,-0.5021621621621621,True,gemma-2-27b-it|s3
RedHatAI/gemma-2-27b-it-quantized.w8a16,gemma-2,gemma-2-27b-it,w8a16,arc_challenge,74.49,0.0,-0.13583768011026975,-1.7624397989101888,1.490764438689649,-0.3958730158730158,-0.4175342465753425,True,gemma-2-27b-it|s3
RedHatAI/gemma-2-27b-it-quantized.w8a16,gemma-2,gemma-2-27b-it,w8a16,gsm8k,21.0,-0.68,-0.37676765683602353,-2.0033697756359423,1.2498344619638955,-0.3958730158730158,-0.6690666666666667,True,gemma-2-27b-it|s3
RedHatAI/gemma-2-27b-it-quantized.w8a16,gemma-2,gemma-2-27b-it,w8a16,hellaswag,86.03,0.01,0.04090119380076207,-1.585700924999157,1.6675033126006809,-0.3958730158730158,-0.22272727272727272,True,gemma-2-27b-it|s3
RedHatAI/gemma-2-27b-it-quantized.w8a16,gemma-2,gemma-2-27b-it,w8a16,winogrande,77.98,-0.24,0.026099661982344813,-1.600502456817574,1.6527017807822637,-0.3958730158730158,-0.2301315789473684,True,gemma-2-27b-it|s3
RedHatAI/gemma-2-27b-it-quantized.w8a16,gemma-2,gemma-2-27b-it,w8a16,truthfulqa,64.6,-0.09,0.07910188908967031,-1.5475002297102485,1.7057040078895893,-0.3958730158730158,-0.17723684210526316,True,gemma-2-27b-it|s3
RedHatAI/gemma-2-27b-it-quantized.w8a16,gemma-2,gemma-2-27b-it,w8a16,mmlu,76.34,0.0,-0.25373319299153463,-1.7032539260261585,1.195787540043089,-0.42218800648298216,-0.5277777777777778,True,gemma-2-27b-it|s4
RedHatAI/gemma-2-27b-it-quantized.w8a16,gemma-2,gemma-2-27b-it,w8a16,arc_challenge,74.49,0.0,-0.25256251269620844,-1.7020832457308321,1.1969582203384155,-0.42218800648298216,-0.5201388888888889,True,gemma-2-27b-it|s4
RedHatAI/gemma-2-27b-it-quantized.w8a16,gemma-2,gemma-2-27b-it,w8a16,gsm8k,21.0,-0.68,-0.383475197008618,-1.832995930043242,1.0660455360260057,-0.42218800648298216,-0.6956164383561644,True,gemma-2-27b-it|s4
RedHatAI/gemma-2-27b-it-quantized.w8a16,gemma-2,gemma-2-27b-it,w8a16,hellaswag,86.03,0.01,-0.029131240053491436,-1.4786519730881151,1.4203894929811325,-0.42218800648298216,-0.29013333333333335,True,gemma-2-27b-it|s4
RedHatAI/gemma-2-27b-it-quantized.w8a16,gemma-2,gemma-2-27b-it,w8a16,winogrande,77.98,-0.24,-0.01342536926607757,-1.4629461023007013,1.4360953637685463,-0.42218800648298216,-0.2513513513513514,True,gemma-2-27b-it|s4
RedHatAI/gemma-2-27b-it-quantized.w8a16,gemma-2,gemma-2-27b-it,w8a16,truthfulqa,64.6,-0.09,0.031126257353860654,-1.4183944756807632,1.4806469903884845,-0.42218800648298216,-0.20027397260273974,True,gemma-2-27b-it|s4
RedHatAI/gemma-2-2b-quantized.w8a16,gemma-2,gemma-2-2b,w8a16,mmlu,53.01,-0.15,-0.23050974882433345,-2.3406651676890236,1.8796456700403568,-0.39371382636655944,-0.48743243243243245,True,gemma-2-2b|s0
RedHatAI/gemma-2-2b-quantized.w8a16,gemma-2,gemma-2-2b,w8a16,arc_challenge,53.92,0.35,-0.19338296539698063,-2.303538384261671,1.9167724534677095,-0.39371382636655944,-0.45917808219178086,True,gemma-2-2b|s0
RedHatAI/gemma-2-2b-quantized.w8a16,gemma-2,gemma-2-2b,w8a16,gsm8k,24.03,-0.22,-0.3296656355094044,-2.439821054374095,1.7804897833552857,-0.39371382636655944,-0.6966216216216216,True,gemma-2-2b|s0
RedHatAI/gemma-2-2b-quantized.w8a16,gemma-2,gemma-2-2b,w8a16,hellaswag,74.74,-0.18,-0.010578815312445422,-2.1207342341771356,2.099576603552245,-0.39371382636655944,-0.23857142857142857,True,gemma-2-2b|s0
RedHatAI/gemma-2-2b-quantized.w8a16,gemma-2,gemma-2-2b,w8a16,winogrande,70.96,-0.4,-0.026639015642830666,-2.1367944345075207,2.08351640322186,-0.39371382636655944,-0.2643421052631579,True,gemma-2-2b|s0
RedHatAI/gemma-2-2b-quantized.w8a16,gemma-2,gemma-2-2b,w8a16,truthfulqa,36.29,-0.14,0.01988663986353595,-2.0902687790011543,2.1300420587282263,-0.39371382636655944,-0.25506666666666666,True,gemma-2-2b|s0
RedHatAI/gemma-2-2b-quantized.w8a16,gemma-2,gemma-2-2b,w8a16,mmlu,53.01,-0.15,-0.27147000729900217,-2.000178500698252,1.4572384861002479,-0.3576048951048951,-0.42442857142857143,True,gemma-2-2b|s1
RedHatAI/gemma-2-2b-quantized.w8a16,gemma-2,gemma-2-2b,w8a16,arc_challenge,53.92,0.35,-0.1300118446541011,-1.858720338053351,1.598696648745149,-0.3576048951048951,-0.2881159420289855,True,gemma-2-2b|s1
RedHatAI/gemma-2-2b-quantized.w8a16,gemma-2,gemma-2-2b,w8a16,gsm8k,24.03,-0.22,-0.5281974650775955,-2.2569059584768456,1.2005110283216545,-0.3576048951048951,-0.6281159420289855,True,gemma-2-2b|s1
RedHatAI/gemma-2-2b-quantized.w8a16,gemma-2,gemma-2-2b,w8a16,hellaswag,74.74,-0.18,-0.041286707592965266,-1.7699952009922153,1.6874217858062848,-0.3576048951048951,-0.23369863013698633,True,gemma-2-2b|s1
RedHatAI/gemma-2-2b-quantized.w8a16,gemma-2,gemma-2-2b,w8a16,winogrande,70.96,-0.4,-0.05621485700248463,-1.7849233504017348,1.6724936363967653,-0.3576048951048951,-0.25123287671232875,True,gemma-2-2b|s1
RedHatAI/gemma-2-2b-quantized.w8a16,gemma-2,gemma-2-2b,w8a16,truthfulqa,36.29,-0.14,-0.10565945127920351,-1.8343679446784535,1.6230490421200465,-0.3576048951048951,-0.23726027397260274,True,gemma-2-2b|s1
RedHatAI/gemma-2-2b-quantized.w8a16,gemma-2,gemma-2-2b,w8a16,mmlu,53.01,-0.15,-0.2590529660661356,-1.7853966579655762,1.267290725833305,-0.34738970588235296,-0.4641791044776119,True,gemma-2-2b|s2
RedHatAI/gemma-2-2b-quantized.w8a16,gemma-2,gemma-2-2b,w8a16,arc_challenge,53.92,0.35,-0.17576173815339846,-1.702105430052839,1.3505819537460422,-0.34738970588235296,-0.42287878787878785,True,gemma-2-2b|s2
RedHatAI/gemma-2-2b-quantized.w8a16,gemma-2,gemma-2-2b,w8a16,gsm8k,24.03,-0.22,-0.4856291775306777,-2.011972869430118,1.040714514368763,-0.34738970588235296,-0.5050769230769231,True,gemma-2-2b|s2
RedHatAI/gemma-2-2b-quantized.w8a16,gemma-2,gemma-2-2b,w8a16,hellaswag,74.74,-0.18,-0.016909055326259415,-1.5432527472257,1.5094346365731812,-0.34738970588235296,-0.2757352941176471,True,gemma-2-2b|s2
RedHatAI/gemma-2-2b-quantized.w8a16,gemma-2,gemma-2-2b,w8a16,winogrande,70.96,-0.4,0.04227161776195765,-1.484072074137483,1.5686153096613982,-0.34738970588235296,-0.21454545454545454,True,gemma-2-2b|s2
RedHatAI/gemma-2-2b-quantized.w8a16,gemma-2,gemma-2-2b,w8a16,truthfulqa,36.29,-0.14,-0.02677410690453108,-1.5531177988039717,1.4995695849949096,-0.34738970588235296,-0.13999999999999999,True,gemma-2-2b|s2
RedHatAI/gemma-2-2b-quantized.w8a16,gemma-2,gemma-2-2b,w8a16,mmlu,53.01,-0.15,-0.21845278933878623,-1.858537265749803,1.4216316870722305,-0.341369150779896,-0.44188405797101454,True,gemma-2-2b|s3
RedHatAI/gemma-2-2b-quantized.w8a16,gemma-2,gemma-2-2b,w8a16,arc_challenge,53.92,0.35,-0.05380553883704842,-1.6938900152480652,1.5862789375739683,-0.341369150779896,-0.2931884057971015,True,gemma-2-2b|s3
RedHatAI/gemma-2-2b-quantized.w8a16,gemma-2,gemma-2-2b,w8a16,gsm8k,24.03,-0.22,-0.49934000668275946,-2.139424483093776,1.1407444697282574,-0.341369150779896,-0.6383582089552238,True,gemma-2-2b|s3
RedHatAI/gemma-2-2b-quantized.w8a16,gemma-2,gemma-2-2b,w8a16,hellaswag,74.74,-0.18,0.0540462092087039,-1.5860382672023128,1.6941306856197207,-0.341369150779896,-0.16371428571428573,True,gemma-2-2b|s3
RedHatAI/gemma-2-2b-quantized.w8a16,gemma-2,gemma-2-2b,w8a16,winogrande,70.96,-0.4,0.023171058232523745,-1.616913418178493,1.6632555346435405,-0.341369150779896,-0.20838235294117646,True,gemma-2-2b|s3
RedHatAI/gemma-2-2b-quantized.w8a16,gemma-2,gemma-2-2b,w8a16,truthfulqa,36.29,-0.14,0.037575037852704274,-1.6025094385583125,1.677659514263721,-0.341369150779896,-0.09202898550724639,True,gemma-2-2b|s3
RedHatAI/gemma-2-2b-quantized.w8a16,gemma-2,gemma-2-2b,w8a16,mmlu,53.01,-0.15,-0.21040151862714088,-2.2924786210688524,1.8716755838145707,-0.39005172413793104,-0.47135135135135137,True,gemma-2-2b|s4
RedHatAI/gemma-2-2b-quantized.w8a16,gemma-2,gemma-2-2b,w8a16,arc_challenge,53.92,0.35,-0.23827650389759536,-2.3203536063393067,1.8438005985441162,-0.39005172413793104,-0.5127777777777778,True,gemma-2-2b|s4
RedHatAI/gemma-2-2b-quantized.w8a16,gemma-2,gemma-2-2b,w8a16,gsm8k,24.03,-0.22,-0.4019568119135428,-2.4840339143552543,1.6801202905281687,-0.39005172413793104,-0.7694444444444444,True,gemma-2-2b|s4
RedHatAI/gemma-2-2b-quantized.w8a16,gemma-2,gemma-2-2b,w8a16,hellaswag,74.74,-0.18,-0.0515156809165887,-2.1335927833583,2.030561421525123,-0.39005172413793104,-0.3343421052631579,True,gemma-2-2b|s4
RedHatAI/gemma-2-2b-quantized.w8a16,gemma-2,gemma-2-2b,w8a16,winogrande,70.96,-0.4,0.08436541818139365,-1.997711684260318,2.166442520623105,-0.39005172413793104,-0.17839999999999998,True,gemma-2-2b|s4
RedHatAI/gemma-2-2b-quantized.w8a16,gemma-2,gemma-2-2b,w8a16,truthfulqa,36.29,-0.14,0.08011610461176288,-2.001960997829949,2.162193207053474,-0.39005172413793104,-0.21602739726027398,True,gemma-2-2b|s4
RedHatAI/gemma-2-2b-it-FP8,gemma-2,gemma-2-2b-it,fp8,mmlu,56.93,-0.06,-0.433047883268722,-2.181743602595416,1.3156478360579724,-0.33518783542039354,-0.49530303030303025,True,gemma-2-2b-it|s0
RedHatAI/gemma-2-2b-it-FP8,gemma-2,gemma-2-2b-it,fp8,arc_challenge,57.76,-0.51,-0.29078155940482503,-2.0394772787315194,1.4579141599218692,-0.33518783542039354,-0.35400000000000004,True,gemma-2-2b-it|s0
RedHatAI/gemma-2-2b-it-FP8,gemma-2,gemma-2-2b-it,fp8,gsm8k,45.11,-0.76,-0.2444475407010136,-1.993143260027708,1.5042481786256807,-0.33518783542039354,-0.3284848484848485,True,gemma-2-2b-it|s0
RedHatAI/gemma-2-2b-it-FP8,gemma-2,gemma-2-2b-it,fp8,hellaswag,71.22,-0.35,-0.22414307638328873,-1.972838795709983,1.5245526429434055,-0.33518783542039354,-0.2569565217391304,True,gemma-2-2b-it|s0
RedHatAI/gemma-2-2b-it-FP8,gemma-2,gemma-2-2b-it,fp8,winogrande,68.67,-0.56,-0.1690445685132477,-1.917740287839942,1.5796511508134465,-0.33518783542039354,-0.21246376811594203,True,gemma-2-2b-it|s0
RedHatAI/gemma-2-2b-it-FP8,gemma-2,gemma-2-2b-it,fp8,truthfulqa,53.11,-0.12,-0.1608848450864468,-1.9095805644131412,1.5878108742402475,-0.33518783542039354,-0.19424242424242424,True,gemma-2-2b-it|s0
RedHatAI/gemma-2-2b-it-quantized.w4a16,gemma-2,gemma-2-2b-it,w4a16,mmlu,56.93,-0.95,-0.7397415136294444,-2.4884372329561386,1.00895420569725,-0.33518783542039354,-0.49530303030303025,True,gemma-2-2b-it|s0
RedHatAI/gemma-2-2b-it-quantized.w4a16,gemma-2,gemma-2-2b-it,w4a16,arc_challenge,57.76,-0.68,-0.5974751897655475,-2.346170909092242,1.1512205295611468,-0.33518783542039354,-0.35400000000000004,True,gemma-2-2b-it|s0
RedHatAI/gemma-2-2b-it-quantized.w4a16,gemma-2,gemma-2-2b-it,w4a16,gsm8k,45.11,-3.11,-0.551141171061736,-2.2998368903884305,1.1975545482649583,-0.33518783542039354,-0.3284848484848485,False,gemma-2-2b-it|s0
RedHatAI/gemma-2-2b-it-quantized.w4a16,gemma-2,gemma-2-2b-it,w4a16,hellaswag,71.22,-0.69,-0.5308367067440111,-2.2795324260707055,1.2178590125826831,-0.33518783542039354,-0.2569565217391304,True,gemma-2-2b-it|s0
RedHatAI/gemma-2-2b-it-quantized.w4a16,gemma-2,gemma-2-2b-it,w4a16,winogrande,68.67,-0.32,-0.47573819887397006,-2.2244339182006643,1.2729575204527244,-0.33518783542039354,-0.21246376811594203,True,gemma-2-2b-it|s0
RedHatAI/gemma-2-2b-it-quantized.w4a16,gemma-2,gemma-2-2b-it,w4a16,truthfulqa,53.11,-0.54,-0.46757847544716913,-2.2162741947738636,1.281117243879525,-0.33518783542039354,-0.19424242424242424,True,gemma-2-2b-it|s0
RedHatAI/gemma-2-2b-it-quantized.w8a16,gemma-2,gemma-2-2b-it,w8a16,mmlu,56.94,-0.13,-0.26493563801805886,-2.013631357344753,1.4837600813086356,-0.33518783542039354,-0.49530303030303025,True,gemma-2-2b-it|s0
RedHatAI/gemma-2-2b-it-quantized.w8a16,gemma-2,gemma-2-2b-it,w8a16,arc_challenge,58.87,-0.17,-0.1233751053495086,-1.872070824676203,1.6253206139771856,-0.33518783542039354,-0.35400000000000004,True,gemma-2-2b-it|s0
RedHatAI/gemma-2-2b-it-quantized.w8a16,gemma-2,gemma-2-2b-it,w8a16,gsm8k,44.81,0.07,-0.07626549034061592,-1.8249612096673102,1.6724302289860784,-0.33518783542039354,-0.3284848484848485,True,gemma-2-2b-it|s0
RedHatAI/gemma-2-2b-it-quantized.w8a16,gemma-2,gemma-2-2b-it,w8a16,hellaswag,71.41,-0.07,-0.05610164429048542,-1.8047973636171797,1.692594075036209,-0.33518783542039354,-0.2569565217391304,True,gemma-2-2b-it|s0
RedHatAI/gemma-2-2b-it-quantized.w8a16,gemma-2,gemma-2-2b-it,w8a16,winogrande,68.82,0.64,-0.0010788351958603837,-1.7497745545225547,1.747616884130834,-0.33518783542039354,-0.21246376811594203,True,gemma-2-2b-it|s0
RedHatAI/gemma-2-2b-it-quantized.w8a16,gemma-2,gemma-2-2b-it,w8a16,truthfulqa,53.22,-0.09,0.00717580461516637,-1.741519914711528,1.7558715239418607,-0.33518783542039354,-0.19424242424242424,True,gemma-2-2b-it|s0
RedHatAI/gemma-2-2b-it-quantized.w8a8,gemma-2,gemma-2-2b-it,w8a8_int,mmlu,56.94,-0.3,-0.3223337797861672,-2.0710294991128615,1.4263619395405271,-0.33518783542039354,-0.49530303030303025,True,gemma-2-2b-it|s0
RedHatAI/gemma-2-2b-it-quantized.w8a8,gemma-2,gemma-2-2b-it,w8a8_int,arc_challenge,58.87,-2.13,-0.18077324711761694,-1.9294689664443112,1.5679224722090774,-0.33518783542039354,-0.35400000000000004,False,gemma-2-2b-it|s0
RedHatAI/gemma-2-2b-it-quantized.w8a8,gemma-2,gemma-2-2b-it,w8a8_int,gsm8k,44.81,-0.84,-0.13366363210872426,-1.8823593514354187,1.61503208721797,-0.33518783542039354,-0.3284848484848485,True,gemma-2-2b-it|s0
RedHatAI/gemma-2-2b-it-quantized.w8a8,gemma-2,gemma-2-2b-it,w8a8_int,hellaswag,71.41,-0.23,-0.11349978605859373,-1.862195505385288,1.6351959332681005,-0.33518783542039354,-0.2569565217391304,True,gemma-2-2b-it|s0
RedHatAI/gemma-2-2b-it-quantized.w8a8,gemma-2,gemma-2-2b-it,w8a8_int,winogrande,68.82,-0.23,-0.058476976963968696,-1.807172696290663,1.6902187423627257,-0.33518783542039354,-0.21246376811594203,True,gemma-2-2b-it|s0
RedHatAI/gemma-2-2b-it-quantized.w8a8,gemma-2,gemma-2-2b-it,w8a8_int,truthfulqa,53.22,-0.03,-0.05022233715294194,-1.7989180564796363,1.6984733821737523,-0.33518783542039354,-0.19424242424242424,True,gemma-2-2b-it|s0
RedHatAI/gemma-2-2b-it-FP8,gemma-2,gemma-2-2b-it,fp8,mmlu,56.93,-0.06,-0.38311712145375976,-1.7791992576056082,1.0129650146980884,-0.32868770764119604,-0.4547058823529412,True,gemma-2-2b-it|s1
RedHatAI/gemma-2-2b-it-FP8,gemma-2,gemma-2-2b-it,fp8,arc_challenge,57.76,-0.51,-0.29666250106089626,-1.6927446372127446,1.099419635090952,-0.32868770764119604,-0.3754411764705883,True,gemma-2-2b-it|s1
RedHatAI/gemma-2-2b-it-FP8,gemma-2,gemma-2-2b-it,fp8,gsm8k,45.11,-0.76,-0.24149970926894482,-1.637581845420793,1.1545824268829035,-0.32868770764119604,-0.3464705882352941,True,gemma-2-2b-it|s1
RedHatAI/gemma-2-2b-it-FP8,gemma-2,gemma-2-2b-it,fp8,hellaswag,71.22,-0.35,-0.12901695929124363,-1.5250990954430919,1.2670651768606047,-0.32868770764119604,-0.15633802816901407,True,gemma-2-2b-it|s1
RedHatAI/gemma-2-2b-it-FP8,gemma-2,gemma-2-2b-it,fp8,winogrande,68.67,-0.56,-0.14313389440989122,-1.5392160305617395,1.252948241741957,-0.32868770764119604,-0.17782608695652175,True,gemma-2-2b-it|s1
RedHatAI/gemma-2-2b-it-FP8,gemma-2,gemma-2-2b-it,fp8,truthfulqa,53.11,-0.12,-0.14270721682607765,-1.538789352977926,1.2533749193257706,-0.32868770764119604,-0.16573529411764706,True,gemma-2-2b-it|s1
RedHatAI/gemma-2-2b-it-quantized.w4a16,gemma-2,gemma-2-2b-it,w4a16,mmlu,56.93,-0.95,-0.6241302917105893,-2.020212427862438,0.771951844441259,-0.32868770764119604,-0.4547058823529412,True,gemma-2-2b-it|s1
RedHatAI/gemma-2-2b-it-quantized.w4a16,gemma-2,gemma-2-2b-it,w4a16,arc_challenge,57.76,-0.68,-0.5376756713177258,-1.933757807469574,0.8584064648341225,-0.32868770764119604,-0.3754411764705883,True,gemma-2-2b-it|s1
RedHatAI/gemma-2-2b-it-quantized.w4a16,gemma-2,gemma-2-2b-it,w4a16,gsm8k,45.11,-3.11,-0.48251287952577426,-1.8785950156776225,0.913569256626074,-0.32868770764119604,-0.3464705882352941,False,gemma-2-2b-it|s1
RedHatAI/gemma-2-2b-it-quantized.w4a16,gemma-2,gemma-2-2b-it,w4a16,hellaswag,71.22,-0.69,-0.37003012954807324,-1.7661122656999215,1.026052006603775,-0.32868770764119604,-0.15633802816901407,True,gemma-2-2b-it|s1
RedHatAI/gemma-2-2b-it-quantized.w4a16,gemma-2,gemma-2-2b-it,w4a16,winogrande,68.67,-0.32,-0.38414706466672077,-1.7802292008185692,1.0119350714851274,-0.32868770764119604,-0.17782608695652175,True,gemma-2-2b-it|s1
RedHatAI/gemma-2-2b-it-quantized.w4a16,gemma-2,gemma-2-2b-it,w4a16,truthfulqa,53.11,-0.54,-0.3837203870829071,-1.7798025232347554,1.0123617490689412,-0.32868770764119604,-0.16573529411764706,True,gemma-2-2b-it|s1
RedHatAI/gemma-2-2b-it-quantized.w8a16,gemma-2,gemma-2-2b-it,w8a16,mmlu,56.94,-0.13,-0.20832038015754922,-1.6044025163093976,1.187761755994299,-0.32868770764119604,-0.4547058823529412,True,gemma-2-2b-it|s1
RedHatAI/gemma-2-2b-it-quantized.w8a16,gemma-2,gemma-2-2b-it,w8a16,arc_challenge,58.87,-0.17,-0.12366591496322044,-1.5197480511150687,1.2724162211886278,-0.32868770764119604,-0.3754411764705883,True,gemma-2-2b-it|s1
RedHatAI/gemma-2-2b-it-quantized.w8a16,gemma-2,gemma-2-2b-it,w8a16,gsm8k,44.81,0.07,-0.06649240116132327,-1.4625745373131716,1.329589734990525,-0.32868770764119604,-0.3464705882352941,True,gemma-2-2b-it|s1
RedHatAI/gemma-2-2b-it-quantized.w8a16,gemma-2,gemma-2-2b-it,w8a16,hellaswag,71.41,-0.07,0.045382894151360376,-1.350699242000488,1.4414650303032086,-0.32868770764119604,-0.15633802816901407,True,gemma-2-2b-it|s1
RedHatAI/gemma-2-2b-it-quantized.w8a16,gemma-2,gemma-2-2b-it,w8a16,winogrande,68.82,0.64,0.03131351557107831,-1.36476862058077,1.4273956517229265,-0.32868770764119604,-0.17782608695652175,True,gemma-2-2b-it|s1
RedHatAI/gemma-2-2b-it-quantized.w8a16,gemma-2,gemma-2-2b-it,w8a16,truthfulqa,53.22,-0.09,0.03196334550163904,-1.3641187906502092,1.4280454816534873,-0.32868770764119604,-0.16573529411764706,True,gemma-2-2b-it|s1
RedHatAI/gemma-2-2b-it-quantized.w8a8,gemma-2,gemma-2-2b-it,w8a8_int,mmlu,56.94,-0.3,-0.2645283253846793,-1.6606104615365276,1.131553810767169,-0.32868770764119604,-0.4547058823529412,True,gemma-2-2b-it|s1
RedHatAI/gemma-2-2b-it-quantized.w8a8,gemma-2,gemma-2-2b-it,w8a8_int,arc_challenge,58.87,-2.13,-0.1798738601903505,-1.5759559963421987,1.2162082759614978,-0.32868770764119604,-0.3754411764705883,False,gemma-2-2b-it|s1
RedHatAI/gemma-2-2b-it-quantized.w8a8,gemma-2,gemma-2-2b-it,w8a8_int,gsm8k,44.81,-0.84,-0.1227003463884534,-1.5187824825403018,1.2733817897633948,-0.32868770764119604,-0.3464705882352941,True,gemma-2-2b-it|s1
RedHatAI/gemma-2-2b-it-quantized.w8a8,gemma-2,gemma-2-2b-it,w8a8_int,hellaswag,71.41,-0.23,-0.010825051075769698,-1.406907187227618,1.3852570850760786,-0.32868770764119604,-0.15633802816901407,True,gemma-2-2b-it|s1
RedHatAI/gemma-2-2b-it-quantized.w8a8,gemma-2,gemma-2-2b-it,w8a8_int,winogrande,68.82,-0.23,-0.02489442965605171,-1.4209765658079,1.3711877064957965,-0.32868770764119604,-0.17782608695652175,True,gemma-2-2b-it|s1
RedHatAI/gemma-2-2b-it-quantized.w8a8,gemma-2,gemma-2-2b-it,w8a8_int,truthfulqa,53.22,-0.03,-0.02424459972549109,-1.4203267358773393,1.3718375364263573,-0.32868770764119604,-0.16573529411764706,True,gemma-2-2b-it|s1
RedHatAI/gemma-2-2b-it-FP8,gemma-2,gemma-2-2b-it,fp8,mmlu,56.93,-0.06,-0.4404331039070732,-1.9228072004512997,1.0419409926371532,-0.3242151675485008,-0.45970149253731346,True,gemma-2-2b-it|s2
RedHatAI/gemma-2-2b-it-FP8,gemma-2,gemma-2-2b-it,fp8,arc_challenge,57.76,-0.51,-0.3063131832496474,-1.7886872797938738,1.1760609132945792,-0.3242151675485008,-0.3407575757575758,True,gemma-2-2b-it|s2
RedHatAI/gemma-2-2b-it-FP8,gemma-2,gemma-2-2b-it,fp8,gsm8k,45.11,-0.76,-0.31217687306941155,-1.794550969613638,1.170197223474815,-0.3242151675485008,-0.3287878787878788,True,gemma-2-2b-it|s2
RedHatAI/gemma-2-2b-it-FP8,gemma-2,gemma-2-2b-it,fp8,hellaswag,71.22,-0.35,-0.24010812645778473,-1.7224822230020111,1.2422659700864418,-0.3242151675485008,-0.24914285714285717,True,gemma-2-2b-it|s2
RedHatAI/gemma-2-2b-it-FP8,gemma-2,gemma-2-2b-it,fp8,winogrande,68.67,-0.56,-0.25979529707565585,-1.7421693936198823,1.2225787994685706,-0.3242151675485008,-0.288695652173913,True,gemma-2-2b-it|s2
RedHatAI/gemma-2-2b-it-FP8,gemma-2,gemma-2-2b-it,fp8,truthfulqa,53.11,-0.12,-0.18790844135462262,-1.670282537898849,1.2944656551896039,-0.3242151675485008,-0.21507462686567164,True,gemma-2-2b-it|s2
RedHatAI/gemma-2-2b-it-quantized.w4a16,gemma-2,gemma-2-2b-it,w4a16,mmlu,56.93,-0.95,-0.7100556896274501,-2.192429786171677,0.7723184069167763,-0.3242151675485008,-0.45970149253731346,True,gemma-2-2b-it|s2
RedHatAI/gemma-2-2b-it-quantized.w4a16,gemma-2,gemma-2-2b-it,w4a16,arc_challenge,57.76,-0.68,-0.5759357689700243,-2.058309865514251,0.9064383275742022,-0.3242151675485008,-0.3407575757575758,True,gemma-2-2b-it|s2
RedHatAI/gemma-2-2b-it-quantized.w4a16,gemma-2,gemma-2-2b-it,w4a16,gsm8k,45.11,-3.11,-0.5817994587897883,-2.0641735553340146,0.9005746377544381,-0.3242151675485008,-0.3287878787878788,False,gemma-2-2b-it|s2
RedHatAI/gemma-2-2b-it-quantized.w4a16,gemma-2,gemma-2-2b-it,w4a16,hellaswag,71.22,-0.69,-0.5097307121781617,-1.992104808722388,0.9726433843660648,-0.3242151675485008,-0.24914285714285717,True,gemma-2-2b-it|s2
RedHatAI/gemma-2-2b-it-quantized.w4a16,gemma-2,gemma-2-2b-it,w4a16,winogrande,68.67,-0.32,-0.5294178827960327,-2.011791979340259,0.9529562137481937,-0.3242151675485008,-0.288695652173913,True,gemma-2-2b-it|s2
RedHatAI/gemma-2-2b-it-quantized.w4a16,gemma-2,gemma-2-2b-it,w4a16,truthfulqa,53.11,-0.54,-0.4575310270749995,-1.939905123619226,1.024843069469227,-0.3242151675485008,-0.21507462686567164,True,gemma-2-2b-it|s2
RedHatAI/gemma-2-2b-it-quantized.w8a16,gemma-2,gemma-2-2b-it,w8a16,mmlu,56.94,-0.13,-0.1565022224669907,-1.6388763190112172,1.3258718740772357,-0.3242151675485008,-0.45970149253731346,True,gemma-2-2b-it|s2
RedHatAI/gemma-2-2b-it-quantized.w8a16,gemma-2,gemma-2-2b-it,w8a16,arc_challenge,58.87,-0.17,-0.020758670005242674,-1.5031327665494691,1.4616154265389838,-0.3242151675485008,-0.3407575757575758,True,gemma-2-2b-it|s2
RedHatAI/gemma-2-2b-it-quantized.w8a16,gemma-2,gemma-2-2b-it,w8a16,gsm8k,44.81,0.07,-0.028553700186086994,-1.5109277967303134,1.4538203963581395,-0.3242151675485008,-0.3287878787878788,True,gemma-2-2b-it|s2
RedHatAI/gemma-2-2b-it-quantized.w8a16,gemma-2,gemma-2-2b-it,w8a16,hellaswag,71.41,-0.07,0.04432220574604623,-1.4380518907981803,1.5266963022902726,-0.3242151675485008,-0.24914285714285717,True,gemma-2-2b-it|s2
RedHatAI/gemma-2-2b-it-quantized.w8a16,gemma-2,gemma-2-2b-it,w8a16,winogrande,68.82,0.64,0.02439399335145881,-1.4579801031927677,1.5067680898956852,-0.3242151675485008,-0.288695652173913,True,gemma-2-2b-it|s2
RedHatAI/gemma-2-2b-it-quantized.w8a16,gemma-2,gemma-2-2b-it,w8a16,truthfulqa,53.22,-0.09,0.09614349524040938,-1.386230601303817,1.578517591784636,-0.3242151675485008,-0.21507462686567164,True,gemma-2-2b-it|s2
RedHatAI/gemma-2-2b-it-quantized.w8a8,gemma-2,gemma-2-2b-it,w8a8_int,mmlu,56.94,-0.3,-0.266787357865299,-1.7491614544095255,1.2155867386789274,-0.3242151675485008,-0.45970149253731346,True,gemma-2-2b-it|s2
RedHatAI/gemma-2-2b-it-quantized.w8a8,gemma-2,gemma-2-2b-it,w8a8_int,arc_challenge,58.87,-2.13,-0.13104380540355098,-1.6134179019477775,1.3513302911406755,-0.3242151675485008,-0.3407575757575758,False,gemma-2-2b-it|s2
RedHatAI/gemma-2-2b-it-quantized.w8a8,gemma-2,gemma-2-2b-it,w8a8_int,gsm8k,44.81,-0.84,-0.13883883558439528,-1.6212129321286217,1.3435352609598312,-0.3242151675485008,-0.3287878787878788,True,gemma-2-2b-it|s2
RedHatAI/gemma-2-2b-it-quantized.w8a8,gemma-2,gemma-2-2b-it,w8a8_int,hellaswag,71.41,-0.23,-0.06596292965226208,-1.5483370261964886,1.4164111668919643,-0.3242151675485008,-0.24914285714285717,True,gemma-2-2b-it|s2
RedHatAI/gemma-2-2b-it-quantized.w8a8,gemma-2,gemma-2-2b-it,w8a8_int,winogrande,68.82,-0.23,-0.08589114204684947,-1.568265238591076,1.396482954497377,-0.3242151675485008,-0.288695652173913,True,gemma-2-2b-it|s2
RedHatAI/gemma-2-2b-it-quantized.w8a8,gemma-2,gemma-2-2b-it,w8a8_int,truthfulqa,53.22,-0.03,-0.014141640157898927,-1.4965157367021253,1.4682324563863276,-0.3242151675485008,-0.21507462686567164,True,gemma-2-2b-it|s2
RedHatAI/gemma-2-2b-it-FP8,gemma-2,gemma-2-2b-it,fp8,mmlu,56.93,-0.06,-0.471363317471871,-2.671789693337,1.7290630583932576,-0.417741935483871,-0.45924242424242423,True,gemma-2-2b-it|s3
RedHatAI/gemma-2-2b-it-FP8,gemma-2,gemma-2-2b-it,fp8,arc_challenge,57.76,-0.51,-0.407190066502787,-2.607616442367916,1.7932363093623416,-0.417741935483871,-0.417910447761194,True,gemma-2-2b-it|s3
RedHatAI/gemma-2-2b-it-FP8,gemma-2,gemma-2-2b-it,fp8,gsm8k,45.11,-0.76,-0.9420892003369749,-3.1425155762021033,1.2583371755281538,-0.417741935483871,-1.0187692307692306,True,gemma-2-2b-it|s3
RedHatAI/gemma-2-2b-it-FP8,gemma-2,gemma-2-2b-it,fp8,hellaswag,71.22,-0.35,-0.2435607897001739,-2.4439871655653023,1.9568655861649547,-0.417741935483871,-0.2260294117647059,True,gemma-2-2b-it|s3
RedHatAI/gemma-2-2b-it-FP8,gemma-2,gemma-2-2b-it,fp8,winogrande,68.67,-0.56,-0.23551086003504065,-2.435937235900169,1.964915515830088,-0.417741935483871,-0.22895522388059703,True,gemma-2-2b-it|s3
RedHatAI/gemma-2-2b-it-FP8,gemma-2,gemma-2-2b-it,fp8,truthfulqa,53.11,-0.12,-0.1816889969133251,-2.3821153727784536,2.0187373789518035,-0.417741935483871,-0.18,True,gemma-2-2b-it|s3
RedHatAI/gemma-2-2b-it-quantized.w4a16,gemma-2,gemma-2-2b-it,w4a16,mmlu,56.93,-0.95,-0.5124113290320984,-2.712837704897227,1.6880150468330302,-0.417741935483871,-0.45924242424242423,True,gemma-2-2b-it|s3
RedHatAI/gemma-2-2b-it-quantized.w4a16,gemma-2,gemma-2-2b-it,w4a16,arc_challenge,57.76,-0.68,-0.44823807806301447,-2.648664453928143,1.7521882978021142,-0.417741935483871,-0.417910447761194,True,gemma-2-2b-it|s3
RedHatAI/gemma-2-2b-it-quantized.w4a16,gemma-2,gemma-2-2b-it,w4a16,gsm8k,45.11,-3.11,-0.9831372118972025,-3.183563587762331,1.217289163967926,-0.417741935483871,-1.0187692307692306,True,gemma-2-2b-it|s3
RedHatAI/gemma-2-2b-it-quantized.w4a16,gemma-2,gemma-2-2b-it,w4a16,hellaswag,71.22,-0.69,-0.28460880126040133,-2.48503517712553,1.9158175746047272,-0.417741935483871,-0.2260294117647059,True,gemma-2-2b-it|s3
RedHatAI/gemma-2-2b-it-quantized.w4a16,gemma-2,gemma-2-2b-it,w4a16,winogrande,68.67,-0.32,-0.27655887159526815,-2.4769852474603966,1.9238675042698605,-0.417741935483871,-0.22895522388059703,True,gemma-2-2b-it|s3
RedHatAI/gemma-2-2b-it-quantized.w4a16,gemma-2,gemma-2-2b-it,w4a16,truthfulqa,53.11,-0.54,-0.22273700847355246,-2.423163384338681,1.977689367391576,-0.417741935483871,-0.18,True,gemma-2-2b-it|s3
RedHatAI/gemma-2-2b-it-quantized.w8a16,gemma-2,gemma-2-2b-it,w8a16,mmlu,56.94,-0.13,0.037800829774888856,-2.16262554609024,2.238227205640017,-0.417741935483871,-0.45924242424242423,True,gemma-2-2b-it|s3
RedHatAI/gemma-2-2b-it-quantized.w8a16,gemma-2,gemma-2-2b-it,w8a16,arc_challenge,58.87,-0.17,0.10475741987635467,-2.095668955988774,2.3051837957414834,-0.417741935483871,-0.417910447761194,True,gemma-2-2b-it|s3
RedHatAI/gemma-2-2b-it-quantized.w8a16,gemma-2,gemma-2-2b-it,w8a16,gsm8k,44.81,0.07,-0.43346388325711166,-2.63389025912224,1.766962492608017,-0.417741935483871,-1.0187692307692306,True,gemma-2-2b-it|s3
RedHatAI/gemma-2-2b-it-quantized.w8a16,gemma-2,gemma-2-2b-it,w8a16,hellaswag,71.41,-0.07,0.26630489784108957,-1.934121478024039,2.466731273706218,-0.417741935483871,-0.2260294117647059,True,gemma-2-2b-it|s3
RedHatAI/gemma-2-2b-it-quantized.w8a16,gemma-2,gemma-2-2b-it,w8a16,winogrande,68.82,0.64,0.2740990838538119,-1.9263272920113166,2.4745254597189406,-0.417741935483871,-0.22895522388059703,True,gemma-2-2b-it|s3
RedHatAI/gemma-2-2b-it-quantized.w8a16,gemma-2,gemma-2-2b-it,w8a16,truthfulqa,53.22,-0.09,0.3276904143023448,-1.8727359615627837,2.5281167901674735,-0.417741935483871,-0.18,True,gemma-2-2b-it|s3
RedHatAI/gemma-2-2b-it-quantized.w8a8,gemma-2,gemma-2-2b-it,w8a8_int,mmlu,56.94,-0.3,-0.11718545022353516,-2.3176118260886636,2.0832409256415936,-0.417741935483871,-0.45924242424242423,True,gemma-2-2b-it|s3
RedHatAI/gemma-2-2b-it-quantized.w8a8,gemma-2,gemma-2-2b-it,w8a8_int,arc_challenge,58.87,-2.13,-0.05022886012206934,-2.250655235987198,2.1501975157430593,-0.417741935483871,-0.417910447761194,True,gemma-2-2b-it|s3
RedHatAI/gemma-2-2b-it-quantized.w8a8,gemma-2,gemma-2-2b-it,w8a8_int,gsm8k,44.81,-0.84,-0.5884501632555357,-2.7888765391206642,1.611976212609593,-0.417741935483871,-1.0187692307692306,True,gemma-2-2b-it|s3
RedHatAI/gemma-2-2b-it-quantized.w8a8,gemma-2,gemma-2-2b-it,w8a8_int,hellaswag,71.41,-0.23,0.11131861784266561,-2.089107758022463,2.3117449937077943,-0.417741935483871,-0.2260294117647059,True,gemma-2-2b-it|s3
RedHatAI/gemma-2-2b-it-quantized.w8a8,gemma-2,gemma-2-2b-it,w8a8_int,winogrande,68.82,-0.23,0.1191128038553878,-2.0813135720097407,2.3195391797205165,-0.417741935483871,-0.22895522388059703,True,gemma-2-2b-it|s3
RedHatAI/gemma-2-2b-it-quantized.w8a8,gemma-2,gemma-2-2b-it,w8a8_int,truthfulqa,53.22,-0.03,0.17270413430392095,-2.0277222415612077,2.3731305101690494,-0.417741935483871,-0.18,True,gemma-2-2b-it|s3
RedHatAI/gemma-2-2b-it-FP8,gemma-2,gemma-2-2b-it,fp8,mmlu,56.93,-0.06,-0.4563127305132594,-1.8017101525776695,0.8890846915511509,-0.35462499999999997,-0.4815625,True,gemma-2-2b-it|s4
RedHatAI/gemma-2-2b-it-FP8,gemma-2,gemma-2-2b-it,fp8,arc_challenge,57.76,-0.51,-0.30108816977474945,-1.6464855918391597,1.0443092522896609,-0.35462499999999997,-0.3221875,True,gemma-2-2b-it|s4
RedHatAI/gemma-2-2b-it-FP8,gemma-2,gemma-2-2b-it,fp8,gsm8k,45.11,-0.76,-0.47541474311645443,-1.8208121651808646,0.8699826789479559,-0.35462499999999997,-0.50625,True,gemma-2-2b-it|s4
RedHatAI/gemma-2-2b-it-FP8,gemma-2,gemma-2-2b-it,fp8,hellaswag,71.22,-0.35,-0.2045518571180622,-1.5499492791824725,1.140845564946348,-0.35462499999999997,-0.21074626865671642,True,gemma-2-2b-it|s4
RedHatAI/gemma-2-2b-it-FP8,gemma-2,gemma-2-2b-it,fp8,winogrande,68.67,-0.56,-0.2352474477486966,-1.5806448698131068,1.1101499743157137,-0.35462499999999997,-0.25261538461538463,True,gemma-2-2b-it|s4
RedHatAI/gemma-2-2b-it-FP8,gemma-2,gemma-2-2b-it,fp8,truthfulqa,53.11,-0.12,-0.10907892151491816,-1.4544763435793284,1.236318500549492,-0.35462499999999997,-0.12272727272727273,True,gemma-2-2b-it|s4
RedHatAI/gemma-2-2b-it-quantized.w4a16,gemma-2,gemma-2-2b-it,w4a16,mmlu,56.93,-0.95,-0.718899342044965,-2.0642967641093755,0.6264980800194453,-0.35462499999999997,-0.4815625,True,gemma-2-2b-it|s4
RedHatAI/gemma-2-2b-it-quantized.w4a16,gemma-2,gemma-2-2b-it,w4a16,arc_challenge,57.76,-0.68,-0.5636747813064551,-1.9090722033708654,0.7817226407579552,-0.35462499999999997,-0.3221875,True,gemma-2-2b-it|s4
RedHatAI/gemma-2-2b-it-quantized.w4a16,gemma-2,gemma-2-2b-it,w4a16,gsm8k,45.11,-3.11,-0.7380013546481601,-2.0833987767125706,0.6073960674162502,-0.35462499999999997,-0.50625,False,gemma-2-2b-it|s4
RedHatAI/gemma-2-2b-it-quantized.w4a16,gemma-2,gemma-2-2b-it,w4a16,hellaswag,71.22,-0.69,-0.4671384686497678,-1.812535890714178,0.8782589534146424,-0.35462499999999997,-0.21074626865671642,True,gemma-2-2b-it|s4
RedHatAI/gemma-2-2b-it-quantized.w4a16,gemma-2,gemma-2-2b-it,w4a16,winogrande,68.67,-0.32,-0.49783405928040225,-1.8432314813448125,0.847563362784008,-0.35462499999999997,-0.25261538461538463,True,gemma-2-2b-it|s4
RedHatAI/gemma-2-2b-it-quantized.w4a16,gemma-2,gemma-2-2b-it,w4a16,truthfulqa,53.11,-0.54,-0.37166553304662375,-1.7170629551110341,0.9737318890177865,-0.35462499999999997,-0.12272727272727273,True,gemma-2-2b-it|s4
RedHatAI/gemma-2-2b-it-quantized.w8a16,gemma-2,gemma-2-2b-it,w8a16,mmlu,56.94,-0.13,-0.2077381500983858,-1.553135572162796,1.1376592719660246,-0.35462499999999997,-0.4815625,True,gemma-2-2b-it|s4
RedHatAI/gemma-2-2b-it-quantized.w8a16,gemma-2,gemma-2-2b-it,w8a16,arc_challenge,58.87,-0.17,-0.05025453473938185,-1.3956519568037922,1.2951428873250284,-0.35462499999999997,-0.3221875,True,gemma-2-2b-it|s4
RedHatAI/gemma-2-2b-it-quantized.w8a16,gemma-2,gemma-2-2b-it,w8a16,gsm8k,44.81,0.07,-0.22743643055515136,-1.5728338526195615,1.117960991509259,-0.35462499999999997,-0.50625,True,gemma-2-2b-it|s4
RedHatAI/gemma-2-2b-it-quantized.w8a16,gemma-2,gemma-2-2b-it,w8a16,hellaswag,71.41,-0.07,0.04451669690813864,-1.3008807251562717,1.3899141189725488,-0.35462499999999997,-0.21074626865671642,True,gemma-2-2b-it|s4
RedHatAI/gemma-2-2b-it-quantized.w8a16,gemma-2,gemma-2-2b-it,w8a16,winogrande,68.82,0.64,0.01362558157270266,-1.3317718404917076,1.359023003637113,-0.35462499999999997,-0.25261538461538463,True,gemma-2-2b-it|s4
RedHatAI/gemma-2-2b-it-quantized.w8a16,gemma-2,gemma-2-2b-it,w8a16,truthfulqa,53.22,-0.09,0.13969130720122253,-1.2057061148631878,1.4850887292656327,-0.35462499999999997,-0.12272727272727273,True,gemma-2-2b-it|s4
RedHatAI/gemma-2-2b-it-quantized.w8a8,gemma-2,gemma-2-2b-it,w8a8_int,mmlu,56.94,-0.3,-0.2526220362123729,-1.598019458276783,1.0927753858520375,-0.35462499999999997,-0.4815625,True,gemma-2-2b-it|s4
RedHatAI/gemma-2-2b-it-quantized.w8a8,gemma-2,gemma-2-2b-it,w8a8_int,arc_challenge,58.87,-2.13,-0.09513842085336893,-1.4405358429177793,1.2502590012110413,-0.35462499999999997,-0.3221875,False,gemma-2-2b-it|s4
RedHatAI/gemma-2-2b-it-quantized.w8a8,gemma-2,gemma-2-2b-it,w8a8_int,gsm8k,44.81,-0.84,-0.2723203166691385,-1.6177177387335488,1.0730771053952717,-0.35462499999999997,-0.50625,True,gemma-2-2b-it|s4
RedHatAI/gemma-2-2b-it-quantized.w8a8,gemma-2,gemma-2-2b-it,w8a8_int,hellaswag,71.41,-0.23,-0.0003671892058484394,-1.3457646112702588,1.3450302328585617,-0.35462499999999997,-0.21074626865671642,True,gemma-2-2b-it|s4
RedHatAI/gemma-2-2b-it-quantized.w8a8,gemma-2,gemma-2-2b-it,w8a8_int,winogrande,68.82,-0.23,-0.031258304541284476,-1.3766557266056947,1.3141391175231258,-0.35462499999999997,-0.25261538461538463,True,gemma-2-2b-it|s4
RedHatAI/gemma-2-2b-it-quantized.w8a8,gemma-2,gemma-2-2b-it,w8a8_int,truthfulqa,53.22,-0.03,0.09480742108723544,-1.2505900009771749,1.4402048431516457,-0.35462499999999997,-0.12272727272727273,True,gemma-2-2b-it|s4
RedHatAI/gemma-2-9b-it-FP8,gemma-2,gemma-2-9b-it,fp8,mmlu,72.28,-0.29,-0.3186399352517569,-1.81636002711154,1.1790801566080265,-0.3834006734006734,-0.4605555555555555,True,gemma-2-9b-it|s0
RedHatAI/gemma-2-9b-it-FP8,gemma-2,gemma-2-9b-it,fp8,arc_challenge,71.5,0.0,-0.2723297956156296,-1.770049887475413,1.2253902962441536,-0.3834006734006734,-0.42847222222222225,True,gemma-2-9b-it|s0
RedHatAI/gemma-2-9b-it-FP8,gemma-2,gemma-2-9b-it,fp8,hellaswag,81.91,-0.21,-0.1323419321745828,-1.6300620240343662,1.3653781596852004,-0.3834006734006734,-0.25391891891891893,True,gemma-2-9b-it|s0
RedHatAI/gemma-2-9b-it-FP8,gemma-2,gemma-2-9b-it,fp8,winogrande,77.11,1.26,-0.0814459317613001,-1.5791660236210834,1.4162741600984832,-0.3834006734006734,-0.19136986301369863,True,gemma-2-9b-it|s0
RedHatAI/gemma-2-9b-it-FP8,gemma-2,gemma-2-9b-it,fp8,truthfulqa,60.32,0.2,-0.0389254979893488,-1.536645589849132,1.4587945938704345,-0.3834006734006734,-0.15972602739726027,True,gemma-2-9b-it|s0
RedHatAI/gemma-2-9b-it-quantized.w4a16,gemma-2,gemma-2-9b-it,w4a16,mmlu,72.28,-0.92,-0.8161012043876,-2.3138212962473834,0.6816188874721832,-0.3834006734006734,-0.4605555555555555,True,gemma-2-9b-it|s0
RedHatAI/gemma-2-9b-it-quantized.w4a16,gemma-2,gemma-2-9b-it,w4a16,arc_challenge,71.5,-0.52,-0.7697910647514726,-2.267511156611256,0.7279290271083106,-0.3834006734006734,-0.42847222222222225,True,gemma-2-9b-it|s0
RedHatAI/gemma-2-9b-it-quantized.w4a16,gemma-2,gemma-2-9b-it,w4a16,gsm8k,76.26,3.57,-0.9498273923845991,-2.4475474842443825,0.5478926994751842,-0.3834006734006734,-0.654931506849315,False,gemma-2-9b-it|s0
RedHatAI/gemma-2-9b-it-quantized.w4a16,gemma-2,gemma-2-9b-it,w4a16,hellaswag,81.91,-0.62,-0.629803201310426,-2.127523293170209,0.8679168905493573,-0.3834006734006734,-0.25391891891891893,True,gemma-2-9b-it|s0
RedHatAI/gemma-2-9b-it-quantized.w4a16,gemma-2,gemma-2-9b-it,w4a16,winogrande,77.11,1.18,-0.5789072008971432,-2.0766272927569265,0.9188128909626401,-0.3834006734006734,-0.19136986301369863,False,gemma-2-9b-it|s0
RedHatAI/gemma-2-9b-it-quantized.w4a16,gemma-2,gemma-2-9b-it,w4a16,truthfulqa,60.32,-0.35,-0.536386767125192,-2.034106858984975,0.9613333247345913,-0.3834006734006734,-0.15972602739726027,True,gemma-2-9b-it|s0
RedHatAI/gemma-2-9b-it-quantized.w8a16,gemma-2,gemma-2-9b-it,w8a16,mmlu,72.29,0.11,-0.2507171416479928,-1.748437233507776,1.2470029502117905,-0.3834006734006734,-0.4605555555555555,True,gemma-2-9b-it|s0
RedHatAI/gemma-2-9b-it-quantized.w8a16,gemma-2,gemma-2-9b-it,w8a16,arc_challenge,71.08,0.25,-0.205319134411178,-1.7030392262709613,1.2924009574486053,-0.3834006734006734,-0.42847222222222225,True,gemma-2-9b-it|s0
RedHatAI/gemma-2-9b-it-quantized.w8a16,gemma-2,gemma-2-9b-it,w8a16,gsm8k,79.3,-0.07,-0.3800772621107317,-1.8777973539705148,1.1176428297490517,-0.3834006734006734,-0.654931506849315,True,gemma-2-9b-it|s0
RedHatAI/gemma-2-9b-it-quantized.w8a16,gemma-2,gemma-2-9b-it,w8a16,hellaswag,81.93,0.0,-0.06440474103602195,-1.5621248328958053,1.4333153508237613,-0.3834006734006734,-0.25391891891891893,True,gemma-2-9b-it|s0
RedHatAI/gemma-2-9b-it-quantized.w8a16,gemma-2,gemma-2-9b-it,w8a16,winogrande,77.98,-0.24,-0.012296134052005525,-1.5100162259117889,1.4854239578077777,-0.3834006734006734,-0.19136986301369863,True,gemma-2-9b-it|s0
RedHatAI/gemma-2-9b-it-quantized.w8a16,gemma-2,gemma-2-9b-it,w8a16,truthfulqa,60.21,-0.01,0.028628853890815154,-1.4690912379689682,1.5263489457505983,-0.3834006734006734,-0.15972602739726027,True,gemma-2-9b-it|s0
RedHatAI/gemma-2-9b-it-quantized.w8a8,gemma-2,gemma-2-9b-it,w8a8_int,mmlu,72.29,-0.39,-0.3006844257577265,-1.7984045176175099,1.1970356661020567,-0.3834006734006734,-0.4605555555555555,True,gemma-2-9b-it|s0
RedHatAI/gemma-2-9b-it-quantized.w8a8,gemma-2,gemma-2-9b-it,w8a8_int,arc_challenge,71.08,0.34,-0.2552864185209117,-1.753006510380695,1.2424336733388714,-0.3834006734006734,-0.42847222222222225,True,gemma-2-9b-it|s0
RedHatAI/gemma-2-9b-it-quantized.w8a8,gemma-2,gemma-2-9b-it,w8a8_int,gsm8k,79.3,-0.45,-0.4300445462204653,-1.9277646380802484,1.067675545639318,-0.3834006734006734,-0.654931506849315,True,gemma-2-9b-it|s0
RedHatAI/gemma-2-9b-it-quantized.w8a8,gemma-2,gemma-2-9b-it,w8a8_int,hellaswag,81.93,-0.33,-0.11437202514575562,-1.612092117005539,1.3833480667140277,-0.3834006734006734,-0.25391891891891893,True,gemma-2-9b-it|s0
RedHatAI/gemma-2-9b-it-quantized.w8a8,gemma-2,gemma-2-9b-it,w8a8_int,winogrande,77.98,0.39,-0.06226341816173919,-1.5599835100215225,1.435456673698044,-0.3834006734006734,-0.19136986301369863,True,gemma-2-9b-it|s0
RedHatAI/gemma-2-9b-it-quantized.w8a8,gemma-2,gemma-2-9b-it,w8a8_int,truthfulqa,60.21,-0.09,-0.02133843021891857,-1.5190585220787018,1.4763816616408647,-0.3834006734006734,-0.15972602739726027,True,gemma-2-9b-it|s0
RedHatAI/gemma-2-9b-it-FP8,gemma-2,gemma-2-9b-it,fp8,mmlu,72.28,-0.29,-0.4861170299728558,-2.102829561278264,1.1305955013325524,-0.3483206106870229,-0.5083076923076923,True,gemma-2-9b-it|s1
RedHatAI/gemma-2-9b-it-FP8,gemma-2,gemma-2-9b-it,fp8,arc_challenge,71.5,0.0,-0.3657704237073356,-1.9824829550127439,1.2509421075980727,-0.3483206106870229,-0.4053846153846154,True,gemma-2-9b-it|s1
RedHatAI/gemma-2-9b-it-FP8,gemma-2,gemma-2-9b-it,fp8,hellaswag,81.91,-0.21,-0.28687402515407295,-1.9035865564594812,1.3298385061513354,-0.3483206106870229,-0.28287878787878784,True,gemma-2-9b-it|s1
RedHatAI/gemma-2-9b-it-FP8,gemma-2,gemma-2-9b-it,fp8,winogrande,77.11,1.26,-0.13577495665783246,-1.7524874879632408,1.4809375746475757,-0.3483206106870229,-0.1134375,True,gemma-2-9b-it|s1
RedHatAI/gemma-2-9b-it-FP8,gemma-2,gemma-2-9b-it,fp8,truthfulqa,60.32,0.2,-0.19624472002479204,-1.8129572513302004,1.4204678112806162,-0.3483206106870229,-0.20126984126984127,True,gemma-2-9b-it|s1
RedHatAI/gemma-2-9b-it-quantized.w4a16,gemma-2,gemma-2-9b-it,w4a16,mmlu,72.28,-0.92,-0.709066074085746,-2.325778605391154,0.9076464572196623,-0.3483206106870229,-0.5083076923076923,True,gemma-2-9b-it|s1
RedHatAI/gemma-2-9b-it-quantized.w4a16,gemma-2,gemma-2-9b-it,w4a16,arc_challenge,71.5,-0.52,-0.5887194678202257,-2.2054319991256337,1.0279930634851826,-0.3483206106870229,-0.4053846153846154,True,gemma-2-9b-it|s1
RedHatAI/gemma-2-9b-it-quantized.w4a16,gemma-2,gemma-2-9b-it,w4a16,gsm8k,76.26,3.57,-0.7680390431924502,-2.3847515744978587,0.8486734881129581,-0.3483206106870229,-0.62171875,False,gemma-2-9b-it|s1
RedHatAI/gemma-2-9b-it-quantized.w4a16,gemma-2,gemma-2-9b-it,w4a16,hellaswag,81.91,-0.62,-0.5098230692669632,-2.1265356005723715,1.106889462038445,-0.3483206106870229,-0.28287878787878784,True,gemma-2-9b-it|s1
RedHatAI/gemma-2-9b-it-quantized.w4a16,gemma-2,gemma-2-9b-it,w4a16,winogrande,77.11,1.18,-0.35872400077072253,-1.975436532076131,1.2579885305346856,-0.3483206106870229,-0.1134375,True,gemma-2-9b-it|s1
RedHatAI/gemma-2-9b-it-quantized.w4a16,gemma-2,gemma-2-9b-it,w4a16,truthfulqa,60.32,-0.35,-0.41919376413768217,-2.03590629544309,1.197518767167726,-0.3483206106870229,-0.20126984126984127,True,gemma-2-9b-it|s1
RedHatAI/gemma-2-9b-it-quantized.w8a16,gemma-2,gemma-2-9b-it,w8a16,mmlu,72.29,0.11,-0.32553794666874936,-1.9422504779741576,1.291174584636659,-0.3483206106870229,-0.5083076923076923,True,gemma-2-9b-it|s1
RedHatAI/gemma-2-9b-it-quantized.w8a16,gemma-2,gemma-2-9b-it,w8a16,arc_challenge,71.08,0.25,-0.20556952492661812,-1.8222820562320263,1.4111430063787902,-0.3483206106870229,-0.4053846153846154,True,gemma-2-9b-it|s1
RedHatAI/gemma-2-9b-it-quantized.w8a16,gemma-2,gemma-2-9b-it,w8a16,gsm8k,79.3,-0.07,-0.3842790725899744,-2.0009916038953826,1.232433458715434,-0.3483206106870229,-0.62171875,True,gemma-2-9b-it|s1
RedHatAI/gemma-2-9b-it-quantized.w8a16,gemma-2,gemma-2-9b-it,w8a16,hellaswag,81.93,0.0,-0.12628831651094086,-1.743000847816349,1.4904242147944675,-0.3483206106870229,-0.28287878787878784,True,gemma-2-9b-it|s1
RedHatAI/gemma-2-9b-it-quantized.w8a16,gemma-2,gemma-2-9b-it,w8a16,winogrande,77.98,-0.24,0.02484348884449583,-1.5918690424609125,1.641556020149904,-0.3483206106870229,-0.1134375,True,gemma-2-9b-it|s1
RedHatAI/gemma-2-9b-it-quantized.w8a16,gemma-2,gemma-2-9b-it,w8a16,truthfulqa,60.21,-0.01,-0.035900487665561476,-1.6526130189709698,1.5808120436398467,-0.3483206106870229,-0.20126984126984127,True,gemma-2-9b-it|s1
RedHatAI/gemma-2-9b-it-quantized.w8a8,gemma-2,gemma-2-9b-it,w8a8_int,mmlu,72.29,-0.39,-0.4789662901115884,-2.0956788214169966,1.13774624119382,-0.3483206106870229,-0.5083076923076923,True,gemma-2-9b-it|s1
RedHatAI/gemma-2-9b-it-quantized.w8a8,gemma-2,gemma-2-9b-it,w8a8_int,arc_challenge,71.08,0.34,-0.35899786836945724,-1.9757103996748655,1.257714662935951,-0.3483206106870229,-0.4053846153846154,True,gemma-2-9b-it|s1
RedHatAI/gemma-2-9b-it-quantized.w8a8,gemma-2,gemma-2-9b-it,w8a8_int,gsm8k,79.3,-0.45,-0.5377074160328135,-2.154419947338222,1.0790051152725948,-0.3483206106870229,-0.62171875,True,gemma-2-9b-it|s1
RedHatAI/gemma-2-9b-it-quantized.w8a8,gemma-2,gemma-2-9b-it,w8a8_int,hellaswag,81.93,-0.33,-0.27971665995378,-1.8964291912591882,1.3369958713516283,-0.3483206106870229,-0.28287878787878784,True,gemma-2-9b-it|s1
RedHatAI/gemma-2-9b-it-quantized.w8a8,gemma-2,gemma-2-9b-it,w8a8_int,winogrande,77.98,0.39,-0.12858485459834326,-1.7452973859037515,1.488127676707065,-0.3483206106870229,-0.1134375,True,gemma-2-9b-it|s1
RedHatAI/gemma-2-9b-it-quantized.w8a8,gemma-2,gemma-2-9b-it,w8a8_int,truthfulqa,60.21,-0.09,-0.18932883110840054,-1.8060413624138087,1.4273837001970078,-0.3483206106870229,-0.20126984126984127,True,gemma-2-9b-it|s1
RedHatAI/gemma-2-9b-it-FP8,gemma-2,gemma-2-9b-it,fp8,mmlu,72.28,-0.29,-0.41271267050738014,-2.0996880146591184,1.2742626736443579,-0.3659859154929577,-0.43323076923076925,True,gemma-2-9b-it|s2
RedHatAI/gemma-2-9b-it-FP8,gemma-2,gemma-2-9b-it,fp8,arc_challenge,71.5,0.0,-0.31857526179114626,-2.0055506059428843,1.368400082360592,-0.3659859154929577,-0.3471875,True,gemma-2-9b-it|s2
RedHatAI/gemma-2-9b-it-FP8,gemma-2,gemma-2-9b-it,fp8,hellaswag,81.91,-0.21,-0.25000533977637196,-1.93698068392811,1.4369700043753662,-0.3659859154929577,-0.25529411764705884,True,gemma-2-9b-it|s2
RedHatAI/gemma-2-9b-it-FP8,gemma-2,gemma-2-9b-it,fp8,winogrande,77.11,1.26,-0.3275462503095942,-2.0145215944613324,1.3594290938421438,-0.3659859154929577,-0.3525,True,gemma-2-9b-it|s2
RedHatAI/gemma-2-9b-it-FP8,gemma-2,gemma-2-9b-it,fp8,truthfulqa,60.32,0.2,-0.25329740702050363,-1.9402727511722417,1.4336779371312345,-0.3659859154929577,-0.2716417910447761,True,gemma-2-9b-it|s2
RedHatAI/gemma-2-9b-it-quantized.w4a16,gemma-2,gemma-2-9b-it,w4a16,mmlu,72.28,-0.92,-0.7026964690830048,-2.389671813234743,0.9842788750687333,-0.3659859154929577,-0.43323076923076925,True,gemma-2-9b-it|s2
RedHatAI/gemma-2-9b-it-quantized.w4a16,gemma-2,gemma-2-9b-it,w4a16,arc_challenge,71.5,-0.52,-0.6085590603667708,-2.295534404518509,1.0784162837849673,-0.3659859154929577,-0.3471875,True,gemma-2-9b-it|s2
RedHatAI/gemma-2-9b-it-quantized.w4a16,gemma-2,gemma-2-9b-it,w4a16,gsm8k,76.26,3.57,-0.7181733602046215,-2.4051487043563595,0.9688019839471166,-0.3659859154929577,-0.4878461538461539,False,gemma-2-9b-it|s2
RedHatAI/gemma-2-9b-it-quantized.w4a16,gemma-2,gemma-2-9b-it,w4a16,hellaswag,81.91,-0.62,-0.5399891383519966,-2.2269644825037345,1.1469862057997415,-0.3659859154929577,-0.25529411764705884,True,gemma-2-9b-it|s2
RedHatAI/gemma-2-9b-it-quantized.w4a16,gemma-2,gemma-2-9b-it,w4a16,winogrande,77.11,1.18,-0.6175300488852189,-2.304505393036957,1.0694452952665192,-0.3659859154929577,-0.3525,False,gemma-2-9b-it|s2
RedHatAI/gemma-2-9b-it-quantized.w4a16,gemma-2,gemma-2-9b-it,w4a16,truthfulqa,60.32,-0.35,-0.5432812055961282,-2.2302565497478666,1.1436941385556099,-0.3659859154929577,-0.2716417910447761,True,gemma-2-9b-it|s2
RedHatAI/gemma-2-9b-it-quantized.w8a16,gemma-2,gemma-2-9b-it,w8a16,mmlu,72.29,0.11,-0.21153569991953763,-1.8985110440712758,1.4754396442322004,-0.3659859154929577,-0.43323076923076925,True,gemma-2-9b-it|s2
RedHatAI/gemma-2-9b-it-quantized.w8a16,gemma-2,gemma-2-9b-it,w8a16,arc_challenge,71.08,0.25,-0.11773715477299287,-1.804712498924731,1.5692381893787453,-0.3659859154929577,-0.3471875,True,gemma-2-9b-it|s2
RedHatAI/gemma-2-9b-it-quantized.w8a16,gemma-2,gemma-2-9b-it,w8a16,gsm8k,79.3,-0.07,-0.22595171825016594,-1.9129270624019041,1.461023625901572,-0.3659859154929577,-0.4878461538461539,True,gemma-2-9b-it|s2
RedHatAI/gemma-2-9b-it-quantized.w8a16,gemma-2,gemma-2-9b-it,w8a16,hellaswag,81.93,0.0,-0.04881939169397709,-1.7357947358457153,1.638155952457761,-0.3659859154929577,-0.25529411764705884,True,gemma-2-9b-it|s2
RedHatAI/gemma-2-9b-it-quantized.w8a16,gemma-2,gemma-2-9b-it,w8a16,winogrande,77.98,-0.24,-0.12608726418903876,-1.8130626083407768,1.5608880799626994,-0.3659859154929577,-0.3525,True,gemma-2-9b-it|s2
RedHatAI/gemma-2-9b-it-quantized.w8a16,gemma-2,gemma-2-9b-it,w8a16,truthfulqa,60.21,-0.01,-0.05228353829779625,-1.7392588824495343,1.634691805853942,-0.3659859154929577,-0.2716417910447761,True,gemma-2-9b-it|s2
RedHatAI/gemma-2-9b-it-quantized.w8a8,gemma-2,gemma-2-9b-it,w8a8_int,mmlu,72.29,-0.39,-0.3001278504448831,-1.9871031945966213,1.386847493706855,-0.3659859154929577,-0.43323076923076925,True,gemma-2-9b-it|s2
RedHatAI/gemma-2-9b-it-quantized.w8a8,gemma-2,gemma-2-9b-it,w8a8_int,arc_challenge,71.08,0.34,-0.20632930529833837,-1.8933046494500765,1.4806460388533997,-0.3659859154929577,-0.3471875,True,gemma-2-9b-it|s2
RedHatAI/gemma-2-9b-it-quantized.w8a8,gemma-2,gemma-2-9b-it,w8a8_int,gsm8k,79.3,-0.45,-0.31454386877551144,-2.0015192129272497,1.3724314753762266,-0.3659859154929577,-0.4878461538461539,True,gemma-2-9b-it|s2
RedHatAI/gemma-2-9b-it-quantized.w8a8,gemma-2,gemma-2-9b-it,w8a8_int,hellaswag,81.93,-0.33,-0.13741154221932259,-1.8243868863710606,1.5495638019324156,-0.3659859154929577,-0.25529411764705884,True,gemma-2-9b-it|s2
RedHatAI/gemma-2-9b-it-quantized.w8a8,gemma-2,gemma-2-9b-it,w8a8_int,winogrande,77.98,0.39,-0.21467941471438426,-1.9016547588661223,1.4722959294373539,-0.3659859154929577,-0.3525,True,gemma-2-9b-it|s2
RedHatAI/gemma-2-9b-it-quantized.w8a8,gemma-2,gemma-2-9b-it,w8a8_int,truthfulqa,60.21,-0.09,-0.14087568882314172,-1.8278510329748798,1.5460996553285964,-0.3659859154929577,-0.2716417910447761,True,gemma-2-9b-it|s2
RedHatAI/gemma-2-9b-it-FP8,gemma-2,gemma-2-9b-it,fp8,mmlu,72.28,-0.29,-0.49117361989556624,-2.1777502305547327,1.1954029907636001,-0.36214788732394365,-0.4874242424242424,True,gemma-2-9b-it|s3
RedHatAI/gemma-2-9b-it-FP8,gemma-2,gemma-2-9b-it,fp8,arc_challenge,71.5,0.0,-0.2667395207464167,-1.9533161314055831,1.4198370899127497,-0.36214788732394365,-0.25061538461538463,True,gemma-2-9b-it|s3
RedHatAI/gemma-2-9b-it-FP8,gemma-2,gemma-2-9b-it,fp8,hellaswag,81.91,-0.21,-0.22394282587859732,-1.9105194365377638,1.462633784780569,-0.36214788732394365,-0.18608695652173912,True,gemma-2-9b-it|s3
RedHatAI/gemma-2-9b-it-FP8,gemma-2,gemma-2-9b-it,fp8,winogrande,77.11,1.26,-0.28287463896478027,-1.9694512496239467,1.4037019716943862,-0.36214788732394365,-0.2580882352941177,True,gemma-2-9b-it|s3
RedHatAI/gemma-2-9b-it-FP8,gemma-2,gemma-2-9b-it,fp8,truthfulqa,60.32,0.2,-0.25927745486832826,-1.9458540655274947,1.427299155790838,-0.36214788732394365,-0.24176470588235296,True,gemma-2-9b-it|s3
RedHatAI/gemma-2-9b-it-quantized.w4a16,gemma-2,gemma-2-9b-it,w4a16,mmlu,72.28,-0.92,-0.7417313502130625,-2.428307960872229,0.944845260446104,-0.36214788732394365,-0.4874242424242424,True,gemma-2-9b-it|s3
RedHatAI/gemma-2-9b-it-quantized.w4a16,gemma-2,gemma-2-9b-it,w4a16,arc_challenge,71.5,-0.52,-0.5172972510639129,-2.2038738617230793,1.1692793595952535,-0.36214788732394365,-0.25061538461538463,True,gemma-2-9b-it|s3
RedHatAI/gemma-2-9b-it-quantized.w4a16,gemma-2,gemma-2-9b-it,w4a16,gsm8k,76.26,3.57,-0.8790833116852312,-2.5656599223443974,0.8074932989739352,-0.36214788732394365,-0.6848484848484848,False,gemma-2-9b-it|s3
RedHatAI/gemma-2-9b-it-quantized.w4a16,gemma-2,gemma-2-9b-it,w4a16,hellaswag,81.91,-0.62,-0.4745005561960935,-2.16107716685526,1.2120760544630729,-0.36214788732394365,-0.18608695652173912,True,gemma-2-9b-it|s3
RedHatAI/gemma-2-9b-it-quantized.w4a16,gemma-2,gemma-2-9b-it,w4a16,winogrande,77.11,1.18,-0.5334323692822764,-2.2200089799414426,1.15314424137689,-0.36214788732394365,-0.2580882352941177,False,gemma-2-9b-it|s3
RedHatAI/gemma-2-9b-it-quantized.w4a16,gemma-2,gemma-2-9b-it,w4a16,truthfulqa,60.32,-0.35,-0.5098351851858245,-2.196411795844991,1.176741425473342,-0.36214788732394365,-0.24176470588235296,True,gemma-2-9b-it|s3
RedHatAI/gemma-2-9b-it-quantized.w8a16,gemma-2,gemma-2-9b-it,w8a16,mmlu,72.29,0.11,-0.2486626513956885,-1.9352392620548549,1.437913959263478,-0.36214788732394365,-0.4874242424242424,True,gemma-2-9b-it|s3
RedHatAI/gemma-2-9b-it-quantized.w8a16,gemma-2,gemma-2-9b-it,w8a16,arc_challenge,71.08,0.25,-0.024423656288096784,-1.7110002669472633,1.6621529543710696,-0.36214788732394365,-0.25061538461538463,True,gemma-2-9b-it|s3
RedHatAI/gemma-2-9b-it-quantized.w8a16,gemma-2,gemma-2-9b-it,w8a16,gsm8k,79.3,-0.07,-0.3864711744720385,-2.073047785131205,1.300105436187128,-0.36214788732394365,-0.6848484848484848,True,gemma-2-9b-it|s3
RedHatAI/gemma-2-9b-it-quantized.w8a16,gemma-2,gemma-2-9b-it,w8a16,hellaswag,81.93,0.0,0.018567202139888828,-1.6680094085192776,1.7051438127990552,-0.36214788732394365,-0.18608695652173912,True,gemma-2-9b-it|s3
RedHatAI/gemma-2-9b-it-quantized.w8a16,gemma-2,gemma-2-9b-it,w8a16,winogrande,77.98,-0.24,-0.04050528493883593,-1.7270818955980023,1.6460713257203305,-0.36214788732394365,-0.2580882352941177,True,gemma-2-9b-it|s3
RedHatAI/gemma-2-9b-it-quantized.w8a16,gemma-2,gemma-2-9b-it,w8a16,truthfulqa,60.21,-0.01,-0.016921620178872276,-1.7034982308380386,1.6696549904802942,-0.36214788732394365,-0.24176470588235296,True,gemma-2-9b-it|s3
RedHatAI/gemma-2-9b-it-quantized.w8a8,gemma-2,gemma-2-9b-it,w8a8_int,mmlu,72.29,-0.39,-0.2683147433801684,-1.954891354039335,1.418261867278998,-0.36214788732394365,-0.4874242424242424,True,gemma-2-9b-it|s3
RedHatAI/gemma-2-9b-it-quantized.w8a8,gemma-2,gemma-2-9b-it,w8a8_int,arc_challenge,71.08,0.34,-0.04407574827257671,-1.730652358931743,1.6425008623865898,-0.36214788732394365,-0.25061538461538463,True,gemma-2-9b-it|s3
RedHatAI/gemma-2-9b-it-quantized.w8a8,gemma-2,gemma-2-9b-it,w8a8_int,gsm8k,79.3,-0.45,-0.4061232664565184,-2.0926998771156846,1.280453344202648,-0.36214788732394365,-0.6848484848484848,True,gemma-2-9b-it|s3
RedHatAI/gemma-2-9b-it-quantized.w8a8,gemma-2,gemma-2-9b-it,w8a8_int,hellaswag,81.93,-0.33,-0.0010848898445911526,-1.6876615005037576,1.6854917208145752,-0.36214788732394365,-0.18608695652173912,True,gemma-2-9b-it|s3
RedHatAI/gemma-2-9b-it-quantized.w8a8,gemma-2,gemma-2-9b-it,w8a8_int,winogrande,77.98,0.39,-0.06015737692331585,-1.7467339875824823,1.6264192337358505,-0.36214788732394365,-0.2580882352941177,True,gemma-2-9b-it|s3
RedHatAI/gemma-2-9b-it-quantized.w8a8,gemma-2,gemma-2-9b-it,w8a8_int,truthfulqa,60.21,-0.09,-0.0365737121633522,-1.7231503228225187,1.6500028984958142,-0.36214788732394365,-0.24176470588235296,True,gemma-2-9b-it|s3
RedHatAI/gemma-2-9b-it-FP8,gemma-2,gemma-2-9b-it,fp8,mmlu,72.28,-0.29,-0.27405647004360445,-2.023529085740864,1.475416145653655,-0.3423275862068966,-0.413,True,gemma-2-9b-it|s4
RedHatAI/gemma-2-9b-it-FP8,gemma-2,gemma-2-9b-it,fp8,arc_challenge,71.5,0.0,-0.2867254483779023,-2.036198064075162,1.4627471673193573,-0.3423275862068966,-0.44058823529411767,True,gemma-2-9b-it|s4
RedHatAI/gemma-2-9b-it-FP8,gemma-2,gemma-2-9b-it,fp8,hellaswag,81.91,-0.21,-0.1536196680231368,-1.9030922837203963,1.5958529476741228,-0.3423275862068966,-0.29492957746478876,True,gemma-2-9b-it|s4
RedHatAI/gemma-2-9b-it-FP8,gemma-2,gemma-2-9b-it,fp8,winogrande,77.11,1.26,-0.11983505321181728,-1.8693076689090768,1.6296375624854422,-0.3423275862068966,-0.24414285714285713,True,gemma-2-9b-it|s4
RedHatAI/gemma-2-9b-it-FP8,gemma-2,gemma-2-9b-it,fp8,truthfulqa,60.32,0.2,-0.0726550973391285,-1.822127713036388,1.676817518358131,-0.3423275862068966,-0.19397058823529414,True,gemma-2-9b-it|s4
RedHatAI/gemma-2-9b-it-quantized.w4a16,gemma-2,gemma-2-9b-it,w4a16,mmlu,72.28,-0.92,-0.6811463497715153,-2.430618965468775,1.0683262659257442,-0.3423275862068966,-0.413,True,gemma-2-9b-it|s4
RedHatAI/gemma-2-9b-it-quantized.w4a16,gemma-2,gemma-2-9b-it,w4a16,arc_challenge,71.5,-0.52,-0.6938153281058133,-2.443287943803073,1.0556572875914463,-0.3423275862068966,-0.44058823529411767,True,gemma-2-9b-it|s4
RedHatAI/gemma-2-9b-it-quantized.w4a16,gemma-2,gemma-2-9b-it,w4a16,gsm8k,76.26,3.57,-0.686781529737319,-2.4362541454345785,1.0626910859599406,-0.3423275862068966,-0.43661764705882355,False,gemma-2-9b-it|s4
RedHatAI/gemma-2-9b-it-quantized.w4a16,gemma-2,gemma-2-9b-it,w4a16,hellaswag,81.91,-0.62,-0.5607095477510478,-2.3101821634483075,1.1887630679462118,-0.3423275862068966,-0.29492957746478876,True,gemma-2-9b-it|s4
RedHatAI/gemma-2-9b-it-quantized.w4a16,gemma-2,gemma-2-9b-it,w4a16,winogrande,77.11,1.18,-0.5269249329397282,-2.2763975486369876,1.2225476827575315,-0.3423275862068966,-0.24414285714285713,True,gemma-2-9b-it|s4
RedHatAI/gemma-2-9b-it-quantized.w4a16,gemma-2,gemma-2-9b-it,w4a16,truthfulqa,60.32,-0.35,-0.4797449770670392,-2.2292175927642988,1.2697276386302203,-0.3423275862068966,-0.19397058823529414,True,gemma-2-9b-it|s4
RedHatAI/gemma-2-9b-it-quantized.w8a16,gemma-2,gemma-2-9b-it,w8a16,mmlu,72.29,0.11,-0.26040900207528317,-2.0098816177725425,1.4890636136219764,-0.3423275862068966,-0.413,True,gemma-2-9b-it|s4
RedHatAI/gemma-2-9b-it-quantized.w8a16,gemma-2,gemma-2-9b-it,w8a16,arc_challenge,71.08,0.25,-0.27486502804216617,-2.024337643739426,1.4746075876550933,-0.3423275862068966,-0.44058823529411767,True,gemma-2-9b-it|s4
RedHatAI/gemma-2-9b-it-quantized.w8a16,gemma-2,gemma-2-9b-it,w8a16,gsm8k,79.3,-0.07,-0.25145460878244974,-2.0009272244797094,1.4980180069148097,-0.3423275862068966,-0.43661764705882355,True,gemma-2-9b-it|s4
RedHatAI/gemma-2-9b-it-quantized.w8a16,gemma-2,gemma-2-9b-it,w8a16,hellaswag,81.93,0.0,-0.13989837841583375,-1.8893709941130932,1.609574237281426,-0.3423275862068966,-0.29492957746478876,True,gemma-2-9b-it|s4
RedHatAI/gemma-2-9b-it-quantized.w8a16,gemma-2,gemma-2-9b-it,w8a16,winogrande,77.98,-0.24,-0.10208736790591222,-1.8515599836031718,1.6473852477913473,-0.3423275862068966,-0.24414285714285713,True,gemma-2-9b-it|s4
RedHatAI/gemma-2-9b-it-quantized.w8a16,gemma-2,gemma-2-9b-it,w8a16,truthfulqa,60.21,-0.01,-0.05937361522005136,-1.808846230917311,1.690099000477208,-0.3423275862068966,-0.19397058823529414,True,gemma-2-9b-it|s4
RedHatAI/gemma-2-9b-it-quantized.w8a8,gemma-2,gemma-2-9b-it,w8a8_int,mmlu,72.29,-0.39,-0.2756999399320862,-2.0251725556293456,1.4737726757651735,-0.3423275862068966,-0.413,True,gemma-2-9b-it|s4
RedHatAI/gemma-2-9b-it-quantized.w8a8,gemma-2,gemma-2-9b-it,w8a8_int,arc_challenge,71.08,0.34,-0.29015596589896925,-2.039628581596229,1.4593166497982903,-0.3423275862068966,-0.44058823529411767,True,gemma-2-9b-it|s4
RedHatAI/gemma-2-9b-it-quantized.w8a8,gemma-2,gemma-2-9b-it,w8a8_int,gsm8k,79.3,-0.45,-0.26674554663925276,-2.0162181623365125,1.4827270690580068,-0.3423275862068966,-0.43661764705882355,True,gemma-2-9b-it|s4
RedHatAI/gemma-2-9b-it-quantized.w8a8,gemma-2,gemma-2-9b-it,w8a8_int,hellaswag,81.93,-0.33,-0.15518931627263677,-1.9046619319698963,1.5942832994246228,-0.3423275862068966,-0.29492957746478876,True,gemma-2-9b-it|s4
RedHatAI/gemma-2-9b-it-quantized.w8a8,gemma-2,gemma-2-9b-it,w8a8_int,winogrande,77.98,0.39,-0.11737830576271524,-1.8668509214599749,1.6320943099345442,-0.3423275862068966,-0.24414285714285713,True,gemma-2-9b-it|s4
RedHatAI/gemma-2-9b-it-quantized.w8a8,gemma-2,gemma-2-9b-it,w8a8_int,truthfulqa,60.21,-0.09,-0.07466455307685438,-1.824137168774114,1.6748080626204052,-0.3423275862068966,-0.19397058823529414,True,gemma-2-9b-it|s4
RedHatAI/granite-3.1-2b-base-FP8-dynamic,granite,granite-3.1-2b-base,fp8_dynamic,arc_challenge,53.75,-0.25,-0.043662682844596123,-1.5404339695496723,1.4531086038604801,-0.34392063492063496,-0.3484507042253521,True,granite-3.1-2b-base|s0
RedHatAI/granite-3.1-2b-base-FP8-dynamic,granite,granite-3.1-2b-base,fp8_dynamic,gsm8k,47.84,-1.74,-0.09172870069585054,-1.5884999874009267,1.4050425860092257,-0.34392063492063496,-0.4348611111111111,False,granite-3.1-2b-base|s0
RedHatAI/granite-3.1-2b-base-FP8-dynamic,granite,granite-3.1-2b-base,fp8_dynamic,hellaswag,77.94,-0.18,0.05467489026631295,-1.4420963964387632,1.5514461769713892,-0.34392063492063496,-0.1868,True,granite-3.1-2b-base|s0
RedHatAI/granite-3.1-2b-base-FP8-dynamic,granite,granite-3.1-2b-base,fp8_dynamic,mmlu,52.88,-0.27,-0.19231514043978165,-1.6890864271448578,1.3044561462652946,-0.34392063492063496,-0.49263888888888885,True,granite-3.1-2b-base|s0
RedHatAI/granite-3.1-2b-base-FP8-dynamic,granite,granite-3.1-2b-base,fp8_dynamic,truthfulqa,39.04,0.8,-0.010987500433886577,-1.5077587871389628,1.4857837862711896,-0.34392063492063496,-0.26555555555555554,True,granite-3.1-2b-base|s0
RedHatAI/granite-3.1-2b-base-FP8-dynamic,granite,granite-3.1-2b-base,fp8_dynamic,winogrande,74.43,0.0,0.026266054104245096,-1.4705052326008312,1.5230373408093212,-0.34392063492063496,-0.23301369863013696,True,granite-3.1-2b-base|s0
RedHatAI/granite-3.1-2b-base-FP8-dynamic,granite,granite-3.1-2b-base,fp8_dynamic,humaneval,30.0,0.4,0.13318631821974852,-1.3635849684853276,1.6299576049248248,-0.34392063492063496,-0.28692307692307695,True,granite-3.1-2b-base|s0
RedHatAI/granite-3.1-2b-base-quantized.w4a16,granite,granite-3.1-2b-base,w4a16,arc_challenge,53.75,-1.79,-0.8824344787464886,-2.379205765451565,0.6143368079585876,-0.34392063492063496,-0.3484507042253521,True,granite-3.1-2b-base|s0
RedHatAI/granite-3.1-2b-base-quantized.w4a16,granite,granite-3.1-2b-base,w4a16,gsm8k,47.84,-5.31,-0.930500496597743,-2.4272717833028192,0.5662707901073332,-0.34392063492063496,-0.4348611111111111,False,granite-3.1-2b-base|s0
RedHatAI/granite-3.1-2b-base-quantized.w4a16,granite,granite-3.1-2b-base,w4a16,hellaswag,77.94,-2.56,-0.7840969056355795,-2.2808681923406557,0.7126743810694967,-0.34392063492063496,-0.1868,False,granite-3.1-2b-base|s0
RedHatAI/granite-3.1-2b-base-quantized.w4a16,granite,granite-3.1-2b-base,w4a16,mmlu,52.88,-1.79,-1.0310869363416741,-2.52785822304675,0.46568435036340206,-0.34392063492063496,-0.49263888888888885,True,granite-3.1-2b-base|s0
RedHatAI/granite-3.1-2b-base-quantized.w4a16,granite,granite-3.1-2b-base,w4a16,truthfulqa,39.04,2.31,-0.8497592963357792,-2.346530583040855,0.647011990369297,-0.34392063492063496,-0.26555555555555554,False,granite-3.1-2b-base|s0
RedHatAI/granite-3.1-2b-base-quantized.w4a16,granite,granite-3.1-2b-base,w4a16,winogrande,74.43,-0.16,-0.8125057417976473,-2.3092770285027235,0.6842655449074289,-0.34392063492063496,-0.23301369863013696,True,granite-3.1-2b-base|s0
RedHatAI/granite-3.1-2b-base-quantized.w4a16,granite,granite-3.1-2b-base,w4a16,humaneval,30.0,-0.2,-0.705585477682144,-2.20235676438722,0.7911858090229322,-0.34392063492063496,-0.28692307692307695,True,granite-3.1-2b-base|s0
RedHatAI/granite-3.1-2b-base-quantized.w8a8,granite,granite-3.1-2b-base,w8a8_int,arc_challenge,53.75,0.26,-0.37237160884359133,-1.8691428955486675,1.1243996778614849,-0.34392063492063496,-0.3484507042253521,True,granite-3.1-2b-base|s0
RedHatAI/granite-3.1-2b-base-quantized.w8a8,granite,granite-3.1-2b-base,w8a8_int,gsm8k,47.84,-1.29,-0.42043762669484575,-1.917208913399922,1.0763336600102305,-0.34392063492063496,-0.4348611111111111,True,granite-3.1-2b-base|s0
RedHatAI/granite-3.1-2b-base-quantized.w8a8,granite,granite-3.1-2b-base,w8a8_int,hellaswag,77.94,0.0,-0.2740340357326822,-1.7708053224377585,1.222737250972394,-0.34392063492063496,-0.1868,True,granite-3.1-2b-base|s0
RedHatAI/granite-3.1-2b-base-quantized.w8a8,granite,granite-3.1-2b-base,w8a8_int,mmlu,52.88,-0.54,-0.5210240664387767,-2.017795353143853,0.9757472202662995,-0.34392063492063496,-0.49263888888888885,True,granite-3.1-2b-base|s0
RedHatAI/granite-3.1-2b-base-quantized.w8a8,granite,granite-3.1-2b-base,w8a8_int,truthfulqa,39.04,-0.92,-0.3396964264328818,-1.8364677131379579,1.1570748602721945,-0.34392063492063496,-0.26555555555555554,True,granite-3.1-2b-base|s0
RedHatAI/granite-3.1-2b-base-quantized.w8a8,granite,granite-3.1-2b-base,w8a8_int,winogrande,74.43,-0.08,-0.3024428718947501,-1.7992141585998263,1.1943284148103261,-0.34392063492063496,-0.23301369863013696,True,granite-3.1-2b-base|s0
RedHatAI/granite-3.1-2b-base-quantized.w8a8,granite,granite-3.1-2b-base,w8a8_int,humaneval,30.0,-0.4,-0.19552260777924668,-1.6922938944843229,1.3012486789258295,-0.34392063492063496,-0.28692307692307695,True,granite-3.1-2b-base|s0
RedHatAI/granite-3.1-2b-base-FP8-dynamic,granite,granite-3.1-2b-base,fp8_dynamic,arc_challenge,53.75,-0.25,-0.2154613779028316,-2.0015081266114434,1.57058537080578,-0.37217142857142854,-0.3986363636363636,True,granite-3.1-2b-base|s1
RedHatAI/granite-3.1-2b-base-FP8-dynamic,granite,granite-3.1-2b-base,fp8_dynamic,gsm8k,47.84,-1.74,-0.430355989194725,-2.2164027379033366,1.3556907595138865,-0.37217142857142854,-0.6845454545454546,True,granite-3.1-2b-base|s1
RedHatAI/granite-3.1-2b-base-FP8-dynamic,granite,granite-3.1-2b-base,fp8_dynamic,hellaswag,77.94,-0.18,-0.07564694314835829,-1.8616936918569698,1.7103998055602534,-0.37217142857142854,-0.1885294117647059,True,granite-3.1-2b-base|s1
RedHatAI/granite-3.1-2b-base-FP8-dynamic,granite,granite-3.1-2b-base,fp8_dynamic,mmlu,52.88,-0.27,-0.2835554952366626,-2.0696022439452744,1.502491253471949,-0.37217142857142854,-0.4497014925373134,True,granite-3.1-2b-base|s1
RedHatAI/granite-3.1-2b-base-FP8-dynamic,granite,granite-3.1-2b-base,fp8_dynamic,truthfulqa,39.04,0.8,-0.14970053324990665,-1.9357472819585182,1.636346215458705,-0.37217142857142854,-0.2373846153846154,True,granite-3.1-2b-base|s1
RedHatAI/granite-3.1-2b-base-FP8-dynamic,granite,granite-3.1-2b-base,fp8_dynamic,winogrande,74.43,0.0,-0.11154826288492481,-1.8975950115935363,1.6744984858236869,-0.37217142857142854,-0.2496969696969697,True,granite-3.1-2b-base|s1
RedHatAI/granite-3.1-2b-base-FP8-dynamic,granite,granite-3.1-2b-base,fp8_dynamic,humaneval,30.0,0.4,-0.1138899048983838,-1.8999366536069955,1.6721568438102277,-0.37217142857142854,-0.398125,True,granite-3.1-2b-base|s1
RedHatAI/granite-3.1-2b-base-quantized.w4a16,granite,granite-3.1-2b-base,w4a16,arc_challenge,53.75,-1.79,-0.8124019620544574,-2.598448710763069,0.9736447866541542,-0.37217142857142854,-0.3986363636363636,True,granite-3.1-2b-base|s1
RedHatAI/granite-3.1-2b-base-quantized.w4a16,granite,granite-3.1-2b-base,w4a16,gsm8k,47.84,-5.31,-1.0272965733463508,-2.8133433220549624,0.7587501753622607,-0.37217142857142854,-0.6845454545454546,False,granite-3.1-2b-base|s1
RedHatAI/granite-3.1-2b-base-quantized.w4a16,granite,granite-3.1-2b-base,w4a16,hellaswag,77.94,-2.56,-0.6725875272999842,-2.4586342760085955,1.1134592214086274,-0.37217142857142854,-0.1885294117647059,False,granite-3.1-2b-base|s1
RedHatAI/granite-3.1-2b-base-quantized.w4a16,granite,granite-3.1-2b-base,w4a16,mmlu,52.88,-1.79,-0.8804960793882884,-2.6665428280969,0.9055506693203231,-0.37217142857142854,-0.4497014925373134,True,granite-3.1-2b-base|s1
RedHatAI/granite-3.1-2b-base-quantized.w4a16,granite,granite-3.1-2b-base,w4a16,truthfulqa,39.04,2.31,-0.7466411174015324,-2.5326878661101437,1.0394056313070792,-0.37217142857142854,-0.2373846153846154,False,granite-3.1-2b-base|s1
RedHatAI/granite-3.1-2b-base-quantized.w4a16,granite,granite-3.1-2b-base,w4a16,winogrande,74.43,-0.16,-0.7084888470365506,-2.494535595745162,1.0775579016720611,-0.37217142857142854,-0.2496969696969697,True,granite-3.1-2b-base|s1
RedHatAI/granite-3.1-2b-base-quantized.w4a16,granite,granite-3.1-2b-base,w4a16,humaneval,30.0,-0.2,-0.7108304890500096,-2.4968772377586212,1.075216259658602,-0.37217142857142854,-0.398125,True,granite-3.1-2b-base|s1
RedHatAI/granite-3.1-2b-base-quantized.w8a8,granite,granite-3.1-2b-base,w8a8_int,arc_challenge,53.75,0.26,-0.49166219601066496,-2.2777089447192767,1.2943845526979465,-0.37217142857142854,-0.3986363636363636,True,granite-3.1-2b-base|s1
RedHatAI/granite-3.1-2b-base-quantized.w8a8,granite,granite-3.1-2b-base,w8a8_int,gsm8k,47.84,-1.29,-0.7065568073025585,-2.4926035560111703,1.079489941406053,-0.37217142857142854,-0.6845454545454546,True,granite-3.1-2b-base|s1
RedHatAI/granite-3.1-2b-base-quantized.w8a8,granite,granite-3.1-2b-base,w8a8_int,hellaswag,77.94,0.0,-0.3518477612561917,-2.1378945099648035,1.43419898745242,-0.37217142857142854,-0.1885294117647059,True,granite-3.1-2b-base|s1
RedHatAI/granite-3.1-2b-base-quantized.w8a8,granite,granite-3.1-2b-base,w8a8_int,mmlu,52.88,-0.54,-0.559756313344496,-2.3458030620531076,1.2262904353641155,-0.37217142857142854,-0.4497014925373134,True,granite-3.1-2b-base|s1
RedHatAI/granite-3.1-2b-base-quantized.w8a8,granite,granite-3.1-2b-base,w8a8_int,truthfulqa,39.04,-0.92,-0.42590135135774004,-2.2119481000663517,1.3601453973508715,-0.37217142857142854,-0.2373846153846154,True,granite-3.1-2b-base|s1
RedHatAI/granite-3.1-2b-base-quantized.w8a8,granite,granite-3.1-2b-base,w8a8_int,winogrande,74.43,-0.08,-0.38774908099275823,-2.17379582970137,1.3982976677158534,-0.37217142857142854,-0.2496969696969697,True,granite-3.1-2b-base|s1
RedHatAI/granite-3.1-2b-base-quantized.w8a8,granite,granite-3.1-2b-base,w8a8_int,humaneval,30.0,-0.4,-0.3900907230062171,-2.1761374717148287,1.3959560257023944,-0.37217142857142854,-0.398125,True,granite-3.1-2b-base|s1
RedHatAI/granite-3.1-2b-base-FP8-dynamic,granite,granite-3.1-2b-base,fp8_dynamic,arc_challenge,53.75,-0.25,-0.03001885995382303,-1.52653581857646,1.466498098668814,-0.30558875219683657,-0.36848484848484847,True,granite-3.1-2b-base|s2
RedHatAI/granite-3.1-2b-base-FP8-dynamic,granite,granite-3.1-2b-base,fp8_dynamic,gsm8k,47.84,-1.74,0.03461548880943521,-1.4619014698132018,1.5311324474320722,-0.30558875219683657,-0.3377272727272727,False,granite-3.1-2b-base|s2
RedHatAI/granite-3.1-2b-base-FP8-dynamic,granite,granite-3.1-2b-base,fp8_dynamic,hellaswag,77.94,-0.18,0.10152264246096121,-1.3949943161616758,1.5980396010835982,-0.30558875219683657,-0.15478260869565216,True,granite-3.1-2b-base|s2
RedHatAI/granite-3.1-2b-base-FP8-dynamic,granite,granite-3.1-2b-base,fp8_dynamic,mmlu,52.88,-0.27,-0.12204399597346274,-1.6185609545960997,1.3744729626491743,-0.30558875219683657,-0.45791044776119405,True,granite-3.1-2b-base|s2
RedHatAI/granite-3.1-2b-base-FP8-dynamic,granite,granite-3.1-2b-base,fp8_dynamic,truthfulqa,39.04,0.8,0.15210765317656472,-1.3444093054460722,1.6486246117992018,-0.30558875219683657,-0.13492537313432834,True,granite-3.1-2b-base|s2
RedHatAI/granite-3.1-2b-base-FP8-dynamic,granite,granite-3.1-2b-base,fp8_dynamic,winogrande,74.43,0.0,0.1440214377744059,-1.352495520848231,1.640538396397043,-0.30558875219683657,-0.11582089552238806,True,granite-3.1-2b-base|s2
RedHatAI/granite-3.1-2b-base-FP8-dynamic,granite,granite-3.1-2b-base,fp8_dynamic,humaneval,30.0,0.4,0.07247627177231752,-1.4240406868503195,1.5689932303949545,-0.30558875219683657,-0.38272727272727275,True,granite-3.1-2b-base|s2
RedHatAI/granite-3.1-2b-base-quantized.w4a16,granite,granite-3.1-2b-base,w4a16,arc_challenge,53.75,-1.79,-0.7679089623691008,-2.2644259209917377,0.7286079962535362,-0.30558875219683657,-0.36848484848484847,True,granite-3.1-2b-base|s2
RedHatAI/granite-3.1-2b-base-quantized.w4a16,granite,granite-3.1-2b-base,w4a16,gsm8k,47.84,-5.31,-0.7032746136058424,-2.1997915722284795,0.7932423450167946,-0.30558875219683657,-0.3377272727272727,False,granite-3.1-2b-base|s2
RedHatAI/granite-3.1-2b-base-quantized.w4a16,granite,granite-3.1-2b-base,w4a16,hellaswag,77.94,-2.56,-0.6363674599543164,-2.1328844185769533,0.8601494986683206,-0.30558875219683657,-0.15478260869565216,False,granite-3.1-2b-base|s2
RedHatAI/granite-3.1-2b-base-quantized.w4a16,granite,granite-3.1-2b-base,w4a16,mmlu,52.88,-1.79,-0.8599340983887404,-2.3564510570113772,0.6365828602338967,-0.30558875219683657,-0.45791044776119405,True,granite-3.1-2b-base|s2
RedHatAI/granite-3.1-2b-base-quantized.w4a16,granite,granite-3.1-2b-base,w4a16,truthfulqa,39.04,2.31,-0.585782449238713,-2.08229940786135,0.910734509383924,-0.30558875219683657,-0.13492537313432834,False,granite-3.1-2b-base|s2
RedHatAI/granite-3.1-2b-base-quantized.w4a16,granite,granite-3.1-2b-base,w4a16,winogrande,74.43,-0.16,-0.5938686646408716,-2.0903856232635087,0.9026482939817654,-0.30558875219683657,-0.11582089552238806,True,granite-3.1-2b-base|s2
RedHatAI/granite-3.1-2b-base-quantized.w4a16,granite,granite-3.1-2b-base,w4a16,humaneval,30.0,-0.2,-0.6654138306429602,-2.1619307892655972,0.8311031279796768,-0.30558875219683657,-0.38272727272727275,True,granite-3.1-2b-base|s2
RedHatAI/granite-3.1-2b-base-quantized.w8a8,granite,granite-3.1-2b-base,w8a8_int,arc_challenge,53.75,0.26,-0.34940553555560305,-1.84592249417824,1.147111423067034,-0.30558875219683657,-0.36848484848484847,True,granite-3.1-2b-base|s2
RedHatAI/granite-3.1-2b-base-quantized.w8a8,granite,granite-3.1-2b-base,w8a8_int,gsm8k,47.84,-1.29,-0.2847711867923447,-1.7812881454149818,1.2117457718302922,-0.30558875219683657,-0.3377272727272727,True,granite-3.1-2b-base|s2
RedHatAI/granite-3.1-2b-base-quantized.w8a8,granite,granite-3.1-2b-base,w8a8_int,hellaswag,77.94,0.0,-0.21786403314081876,-1.7143809917634558,1.2786529254818182,-0.30558875219683657,-0.15478260869565216,True,granite-3.1-2b-base|s2
RedHatAI/granite-3.1-2b-base-quantized.w8a8,granite,granite-3.1-2b-base,w8a8_int,mmlu,52.88,-0.54,-0.4414306715752427,-1.9379476301978797,1.0550862870473943,-0.30558875219683657,-0.45791044776119405,True,granite-3.1-2b-base|s2
RedHatAI/granite-3.1-2b-base-quantized.w8a8,granite,granite-3.1-2b-base,w8a8_int,truthfulqa,39.04,-0.92,-0.1672790224252153,-1.6637959810478522,1.3292379361974218,-0.30558875219683657,-0.13492537313432834,True,granite-3.1-2b-base|s2
RedHatAI/granite-3.1-2b-base-quantized.w8a8,granite,granite-3.1-2b-base,w8a8_int,winogrande,74.43,-0.08,-0.175365237827374,-1.671882196450011,1.321151720795263,-0.30558875219683657,-0.11582089552238806,True,granite-3.1-2b-base|s2
RedHatAI/granite-3.1-2b-base-quantized.w8a8,granite,granite-3.1-2b-base,w8a8_int,humaneval,30.0,-0.4,-0.2469104038294625,-1.7434273624520995,1.2496065547931745,-0.30558875219683657,-0.38272727272727275,True,granite-3.1-2b-base|s2
RedHatAI/granite-3.1-2b-base-FP8-dynamic,granite,granite-3.1-2b-base,fp8_dynamic,arc_challenge,53.75,-0.25,-0.06019282745912391,-1.618814065619681,1.4984284107014332,-0.35637707948243996,-0.40921874999999996,True,granite-3.1-2b-base|s3
RedHatAI/granite-3.1-2b-base-FP8-dynamic,granite,granite-3.1-2b-base,fp8_dynamic,gsm8k,47.84,-1.74,-0.027971974824471113,-1.5865932129850282,1.530649263336086,-0.35637707948243996,-0.43121212121212116,False,granite-3.1-2b-base|s3
RedHatAI/granite-3.1-2b-base-FP8-dynamic,granite,granite-3.1-2b-base,fp8_dynamic,hellaswag,77.94,-0.18,0.08653616048591134,-1.4720850776746457,1.6451573986464685,-0.35637707948243996,-0.18552238805970148,True,granite-3.1-2b-base|s3
RedHatAI/granite-3.1-2b-base-FP8-dynamic,granite,granite-3.1-2b-base,fp8_dynamic,mmlu,52.88,-0.27,-0.1483674613981373,-1.7069886995586945,1.4102537767624197,-0.35637707948243996,-0.5084615384615384,True,granite-3.1-2b-base|s3
RedHatAI/granite-3.1-2b-base-FP8-dynamic,granite,granite-3.1-2b-base,fp8_dynamic,truthfulqa,39.04,0.8,0.06585393243270254,-1.4927673057278545,1.6244751705932596,-0.35637707948243996,-0.24075757575757575,True,granite-3.1-2b-base|s3
RedHatAI/granite-3.1-2b-base-FP8-dynamic,granite,granite-3.1-2b-base,fp8_dynamic,winogrande,74.43,0.0,0.06455338945964417,-1.494067848700913,1.6231746276202013,-0.35637707948243996,-0.22492307692307692,True,granite-3.1-2b-base|s3
RedHatAI/granite-3.1-2b-base-FP8-dynamic,granite,granite-3.1-2b-base,fp8_dynamic,humaneval,30.0,0.4,0.21918751939666303,-1.339433718763894,1.7778087575572201,-0.35637707948243996,-0.3270588235294118,True,granite-3.1-2b-base|s3
RedHatAI/granite-3.1-2b-base-quantized.w4a16,granite,granite-3.1-2b-base,w4a16,arc_challenge,53.75,-1.79,-0.9680607903042358,-2.526682028464793,0.5905604478563213,-0.35637707948243996,-0.40921874999999996,True,granite-3.1-2b-base|s3
RedHatAI/granite-3.1-2b-base-quantized.w4a16,granite,granite-3.1-2b-base,w4a16,gsm8k,47.84,-5.31,-0.935839937669583,-2.49446117583014,0.6227813004909741,-0.35637707948243996,-0.43121212121212116,False,granite-3.1-2b-base|s3
RedHatAI/granite-3.1-2b-base-quantized.w4a16,granite,granite-3.1-2b-base,w4a16,hellaswag,77.94,-2.56,-0.8213318023592003,-2.3799530405197573,0.7372894358013568,-0.35637707948243996,-0.18552238805970148,False,granite-3.1-2b-base|s3
RedHatAI/granite-3.1-2b-base-quantized.w4a16,granite,granite-3.1-2b-base,w4a16,mmlu,52.88,-1.79,-1.056235424243249,-2.614856662403806,0.5023858139173081,-0.35637707948243996,-0.5084615384615384,True,granite-3.1-2b-base|s3
RedHatAI/granite-3.1-2b-base-quantized.w4a16,granite,granite-3.1-2b-base,w4a16,truthfulqa,39.04,2.31,-0.8420140304124092,-2.4006352685729664,0.7166072077481479,-0.35637707948243996,-0.24075757575757575,False,granite-3.1-2b-base|s3
RedHatAI/granite-3.1-2b-base-quantized.w4a16,granite,granite-3.1-2b-base,w4a16,winogrande,74.43,-0.16,-0.8433145733854677,-2.401935811546025,0.7153066647750894,-0.35637707948243996,-0.22492307692307692,True,granite-3.1-2b-base|s3
RedHatAI/granite-3.1-2b-base-quantized.w4a16,granite,granite-3.1-2b-base,w4a16,humaneval,30.0,-0.2,-0.6886804434484487,-2.247301681609006,0.8699407947121084,-0.35637707948243996,-0.3270588235294118,True,granite-3.1-2b-base|s3
RedHatAI/granite-3.1-2b-base-quantized.w8a8,granite,granite-3.1-2b-base,w8a8_int,arc_challenge,53.75,0.26,-0.35684237361471055,-1.9154636117752677,1.2017788645458465,-0.35637707948243996,-0.40921874999999996,True,granite-3.1-2b-base|s3
RedHatAI/granite-3.1-2b-base-quantized.w8a8,granite,granite-3.1-2b-base,w8a8_int,gsm8k,47.84,-1.29,-0.3246215209800577,-1.883242759140615,1.2339997171804993,-0.35637707948243996,-0.43121212121212116,True,granite-3.1-2b-base|s3
RedHatAI/granite-3.1-2b-base-quantized.w8a8,granite,granite-3.1-2b-base,w8a8_int,hellaswag,77.94,0.0,-0.2101133856696753,-1.7687346238302324,1.3485078524908818,-0.35637707948243996,-0.18552238805970148,True,granite-3.1-2b-base|s3
RedHatAI/granite-3.1-2b-base-quantized.w8a8,granite,granite-3.1-2b-base,w8a8_int,mmlu,52.88,-0.54,-0.44501700755372386,-2.003638245714281,1.1136042306068332,-0.35637707948243996,-0.5084615384615384,True,granite-3.1-2b-base|s3
RedHatAI/granite-3.1-2b-base-quantized.w8a8,granite,granite-3.1-2b-base,w8a8_int,truthfulqa,39.04,-0.92,-0.2307956137228841,-1.7894168518834412,1.327825624437673,-0.35637707948243996,-0.24075757575757575,True,granite-3.1-2b-base|s3
RedHatAI/granite-3.1-2b-base-quantized.w8a8,granite,granite-3.1-2b-base,w8a8_int,winogrande,74.43,-0.08,-0.23209615669594247,-1.7907173948564996,1.3265250814646146,-0.35637707948243996,-0.22492307692307692,True,granite-3.1-2b-base|s3
RedHatAI/granite-3.1-2b-base-quantized.w8a8,granite,granite-3.1-2b-base,w8a8_int,humaneval,30.0,-0.4,-0.07746202675892361,-1.6360832649194808,1.4811592114016334,-0.35637707948243996,-0.3270588235294118,True,granite-3.1-2b-base|s3
RedHatAI/granite-3.1-2b-base-FP8-dynamic,granite,granite-3.1-2b-base,fp8_dynamic,arc_challenge,53.75,-0.25,-0.15089886813148867,-1.7014847965238011,1.3996870602608238,-0.3773009708737864,-0.4596774193548387,True,granite-3.1-2b-base|s4
RedHatAI/granite-3.1-2b-base-FP8-dynamic,granite,granite-3.1-2b-base,fp8_dynamic,gsm8k,47.84,-1.74,-0.25133318735486315,-1.8019191157471757,1.2992527410374493,-0.3773009708737864,-0.5654098360655737,True,granite-3.1-2b-base|s4
RedHatAI/granite-3.1-2b-base-FP8-dynamic,granite,granite-3.1-2b-base,fp8_dynamic,hellaswag,77.94,-0.18,0.05185945186520041,-1.498726476527112,1.602445380257513,-0.3773009708737864,-0.2126984126984127,True,granite-3.1-2b-base|s4
RedHatAI/granite-3.1-2b-base-FP8-dynamic,granite,granite-3.1-2b-base,fp8_dynamic,mmlu,52.88,-0.27,-0.16645500872901228,-1.7170409371213247,1.3841309196633003,-0.3773009708737864,-0.4249180327868853,True,granite-3.1-2b-base|s4
RedHatAI/granite-3.1-2b-base-FP8-dynamic,granite,granite-3.1-2b-base,fp8_dynamic,truthfulqa,39.04,0.8,-0.015782321351158035,-1.5663682497434706,1.5348036070411544,-0.3773009708737864,-0.2628333333333333,True,granite-3.1-2b-base|s4
RedHatAI/granite-3.1-2b-base-FP8-dynamic,granite,granite-3.1-2b-base,fp8_dynamic,winogrande,74.43,0.0,-0.0248597671848092,-1.5754456955771217,1.5257261612075033,-0.3773009708737864,-0.3167741935483871,True,granite-3.1-2b-base|s4
RedHatAI/granite-3.1-2b-base-FP8-dynamic,granite,granite-3.1-2b-base,fp8_dynamic,humaneval,30.0,0.4,0.06803947305965052,-1.482546455332662,1.618625401451963,-0.3773009708737864,-0.3310526315789474,True,granite-3.1-2b-base|s4
RedHatAI/granite-3.1-2b-base-quantized.w4a16,granite,granite-3.1-2b-base,w4a16,arc_challenge,53.75,-1.79,-0.7018446665247993,-2.2524305949171115,0.8487412618675132,-0.3773009708737864,-0.4596774193548387,True,granite-3.1-2b-base|s4
RedHatAI/granite-3.1-2b-base-quantized.w4a16,granite,granite-3.1-2b-base,w4a16,gsm8k,47.84,-5.31,-0.8022789857481736,-2.3528649141404863,0.7483069426441389,-0.3773009708737864,-0.5654098360655737,False,granite-3.1-2b-base|s4
RedHatAI/granite-3.1-2b-base-quantized.w4a16,granite,granite-3.1-2b-base,w4a16,hellaswag,77.94,-2.56,-0.49908634652811,-2.0496722749204226,1.0514995818642023,-0.3773009708737864,-0.2126984126984127,False,granite-3.1-2b-base|s4
RedHatAI/granite-3.1-2b-base-quantized.w4a16,granite,granite-3.1-2b-base,w4a16,mmlu,52.88,-1.79,-0.7174008071223228,-2.2679867355146355,0.8331851212699897,-0.3773009708737864,-0.4249180327868853,True,granite-3.1-2b-base|s4
RedHatAI/granite-3.1-2b-base-quantized.w4a16,granite,granite-3.1-2b-base,w4a16,truthfulqa,39.04,2.31,-0.5667281197444686,-2.117314048136781,0.9838578086478439,-0.3773009708737864,-0.2628333333333333,False,granite-3.1-2b-base|s4
RedHatAI/granite-3.1-2b-base-quantized.w4a16,granite,granite-3.1-2b-base,w4a16,winogrande,74.43,-0.16,-0.5758055655781197,-2.126391493970432,0.9747803628141928,-0.3773009708737864,-0.3167741935483871,True,granite-3.1-2b-base|s4
RedHatAI/granite-3.1-2b-base-quantized.w4a16,granite,granite-3.1-2b-base,w4a16,humaneval,30.0,-0.2,-0.48290632533365996,-2.0334922537259725,1.0676796030586524,-0.3773009708737864,-0.3310526315789474,True,granite-3.1-2b-base|s4
RedHatAI/granite-3.1-2b-base-quantized.w8a8,granite,granite-3.1-2b-base,w8a8_int,arc_challenge,53.75,0.26,-0.43626462439185465,-1.9868505527841671,1.1143213040004578,-0.3773009708737864,-0.4596774193548387,True,granite-3.1-2b-base|s4
RedHatAI/granite-3.1-2b-base-quantized.w8a8,granite,granite-3.1-2b-base,w8a8_int,gsm8k,47.84,-1.29,-0.5366989436152291,-2.0872848720075416,1.0138869847770833,-0.3773009708737864,-0.5654098360655737,True,granite-3.1-2b-base|s4
RedHatAI/granite-3.1-2b-base-quantized.w8a8,granite,granite-3.1-2b-base,w8a8_int,hellaswag,77.94,0.0,-0.23350630439516556,-1.784092232787478,1.317079623997147,-0.3773009708737864,-0.2126984126984127,True,granite-3.1-2b-base|s4
RedHatAI/granite-3.1-2b-base-quantized.w8a8,granite,granite-3.1-2b-base,w8a8_int,mmlu,52.88,-0.54,-0.4518207649893783,-2.002406693381691,1.098765163402934,-0.3773009708737864,-0.4249180327868853,True,granite-3.1-2b-base|s4
RedHatAI/granite-3.1-2b-base-quantized.w8a8,granite,granite-3.1-2b-base,w8a8_int,truthfulqa,39.04,-0.92,-0.301148077611524,-1.8517340060038365,1.2494378507807884,-0.3773009708737864,-0.2628333333333333,True,granite-3.1-2b-base|s4
RedHatAI/granite-3.1-2b-base-quantized.w8a8,granite,granite-3.1-2b-base,w8a8_int,winogrande,74.43,-0.08,-0.3102255234451752,-1.8608114518374876,1.2403604049471373,-0.3773009708737864,-0.3167741935483871,True,granite-3.1-2b-base|s4
RedHatAI/granite-3.1-2b-base-quantized.w8a8,granite,granite-3.1-2b-base,w8a8_int,humaneval,30.0,-0.4,-0.2173262832007155,-1.767912211593028,1.333259645191597,-0.3773009708737864,-0.3310526315789474,True,granite-3.1-2b-base|s4
RedHatAI/granite-3.1-2b-instruct-FP8-dynamic,granite,granite-3.1-2b-instruct,fp8_dynamic,arc_challenge,55.63,-0.6,-0.052154811832924974,-1.3675601553835668,1.263250531717717,-0.3547479674796748,-0.40301369863013703,True,granite-3.1-2b-instruct|s0
RedHatAI/granite-3.1-2b-instruct-FP8-dynamic,granite,granite-3.1-2b-instruct,fp8_dynamic,gsm8k,60.96,0.53,-0.11732437005500113,-1.432729713605643,1.1980809734956408,-0.3547479674796748,-0.4847945205479452,True,granite-3.1-2b-instruct|s0
RedHatAI/granite-3.1-2b-instruct-FP8-dynamic,granite,granite-3.1-2b-instruct,fp8_dynamic,hellaswag,75.21,0.05,0.1507230931003719,-1.1646822504502699,1.4661284366510139,-0.3547479674796748,-0.15407894736842107,True,granite-3.1-2b-instruct|s0
RedHatAI/granite-3.1-2b-instruct-FP8-dynamic,granite,granite-3.1-2b-instruct,fp8_dynamic,mmlu,54.38,-0.14,-0.12220918377434259,-1.4376145273249845,1.1931961597762992,-0.3547479674796748,-0.46465753424657535,True,granite-3.1-2b-instruct|s0
RedHatAI/granite-3.1-2b-instruct-FP8-dynamic,granite,granite-3.1-2b-instruct,fp8_dynamic,truthfulqa,55.93,-0.51,0.13951114254348662,-1.1758942010071554,1.4549164860941284,-0.3547479674796748,-0.17081081081081081,True,granite-3.1-2b-instruct|s0
RedHatAI/granite-3.1-2b-instruct-FP8-dynamic,granite,granite-3.1-2b-instruct,fp8_dynamic,winogrande,69.67,-0.06,0.11984422354790303,-1.195561120002739,1.4352495670985448,-0.3547479674796748,-0.19297297297297297,True,granite-3.1-2b-instruct|s0
RedHatAI/granite-3.1-2b-instruct-FP8-dynamic,granite,granite-3.1-2b-instruct,fp8_dynamic,ifeval,67.99,-1.2,0.17114800460965196,-1.14425733894099,1.4865533481602937,-0.3547479674796748,-0.1704,False,granite-3.1-2b-instruct|s0
RedHatAI/granite-3.1-2b-instruct-FP8-dynamic,granite,granite-3.1-2b-instruct,fp8_dynamic,bbh,44.11,0.13,-0.3426663103068309,-1.6580716538574727,0.972739033243811,-0.3547479674796748,-0.7466666666666667,True,granite-3.1-2b-instruct|s0
RedHatAI/granite-3.1-2b-instruct-FP8-dynamic,granite,granite-3.1-2b-instruct,fp8_dynamic,gpqa,28.3,-1.4,0.5679611014229543,-0.7474442421276876,1.8833664449735963,-0.3547479674796748,0.21375,False,granite-3.1-2b-instruct|s0
RedHatAI/granite-3.1-2b-instruct-FP8-dynamic,granite,granite-3.1-2b-instruct,fp8_dynamic,musr,35.12,0.0,0.6245996191615121,-0.6908057243891298,1.940004962712154,-0.3547479674796748,0.187,True,granite-3.1-2b-instruct|s0
RedHatAI/granite-3.1-2b-instruct-FP8-dynamic,granite,granite-3.1-2b-instruct,fp8_dynamic,mmlu_pro,26.87,1.46,-1.0661158932130559,-2.3815212367636978,0.24928945033758598,-0.3547479674796748,-1.5912499999999998,False,granite-3.1-2b-instruct|s0
RedHatAI/granite-3.1-2b-instruct-FP8-dynamic,granite,granite-3.1-2b-instruct,fp8_dynamic,humaneval,53.4,1.5,-0.0545010237227726,-1.3699063672734144,1.2609043198278693,-0.3547479674796748,-0.5047999999999999,False,granite-3.1-2b-instruct|s0
RedHatAI/granite-3.1-2b-instruct-quantized.w4a16,granite,granite-3.1-2b-instruct,w4a16,arc_challenge,55.63,-1.45,-0.9902777738428504,-2.3056831173934924,0.32512756970779144,-0.3547479674796748,-0.40301369863013703,True,granite-3.1-2b-instruct|s0
RedHatAI/granite-3.1-2b-instruct-quantized.w4a16,granite,granite-3.1-2b-instruct,w4a16,gsm8k,60.96,1.89,-1.0554473320649267,-2.3708526756155686,0.2599580114857152,-0.3547479674796748,-0.4847945205479452,False,granite-3.1-2b-instruct|s0
RedHatAI/granite-3.1-2b-instruct-quantized.w4a16,granite,granite-3.1-2b-instruct,w4a16,hellaswag,75.21,-1.85,-0.7873998689095535,-2.1028052124601952,0.5280054746410884,-0.3547479674796748,-0.15407894736842107,True,granite-3.1-2b-instruct|s0
RedHatAI/granite-3.1-2b-instruct-quantized.w4a16,granite,granite-3.1-2b-instruct,w4a16,mmlu,54.38,-2.21,-1.060332145784268,-2.37573748933491,0.2550731977663738,-0.3547479674796748,-0.46465753424657535,True,granite-3.1-2b-instruct|s0
RedHatAI/granite-3.1-2b-instruct-quantized.w4a16,granite,granite-3.1-2b-instruct,w4a16,truthfulqa,55.93,0.9,-0.7986118194664388,-2.1140171630170808,0.5167935240842031,-0.3547479674796748,-0.17081081081081081,False,granite-3.1-2b-instruct|s0
RedHatAI/granite-3.1-2b-instruct-quantized.w4a16,granite,granite-3.1-2b-instruct,w4a16,winogrande,69.67,0.18,-0.8182787384620223,-2.133684082012664,0.4971266050886196,-0.3547479674796748,-0.19297297297297297,True,granite-3.1-2b-instruct|s0
RedHatAI/granite-3.1-2b-instruct-quantized.w4a16,granite,granite-3.1-2b-instruct,w4a16,ifeval,67.99,-0.36,-0.7669749574002733,-2.0823803009509154,0.5484303861503685,-0.3547479674796748,-0.1704,True,granite-3.1-2b-instruct|s0
RedHatAI/granite-3.1-2b-instruct-quantized.w4a16,granite,granite-3.1-2b-instruct,w4a16,bbh,44.11,-0.89,-1.2807892723167564,-2.5961946158673985,0.03461607123388544,-0.3547479674796748,-0.7466666666666667,True,granite-3.1-2b-instruct|s0
RedHatAI/granite-3.1-2b-instruct-quantized.w4a16,granite,granite-3.1-2b-instruct,w4a16,gpqa,28.3,0.26,-0.3701618605869711,-1.6855672041376129,0.9452434829636708,-0.3547479674796748,0.21375,True,granite-3.1-2b-instruct|s0
RedHatAI/granite-3.1-2b-instruct-quantized.w4a16,granite,granite-3.1-2b-instruct,w4a16,musr,35.12,0.14,-0.3135233428484132,-1.628928686399055,1.0018820007022287,-0.3547479674796748,0.187,True,granite-3.1-2b-instruct|s0
RedHatAI/granite-3.1-2b-instruct-quantized.w4a16,granite,granite-3.1-2b-instruct,w4a16,mmlu_pro,26.87,0.4,-2.0042388552229813,-3.319644198773623,-0.6888335116723394,-0.3547479674796748,-1.5912499999999998,False,granite-3.1-2b-instruct|s0
RedHatAI/granite-3.1-2b-instruct-quantized.w4a16,granite,granite-3.1-2b-instruct,w4a16,humaneval,53.4,-1.1,-0.992623985732698,-2.30802932928334,0.3227813578179438,-0.3547479674796748,-0.5047999999999999,True,granite-3.1-2b-instruct|s0
RedHatAI/granite-3.1-2b-instruct-quantized.w8a8,granite,granite-3.1-2b-instruct,w8a8_int,arc_challenge,55.63,-0.51,-0.41794314125176235,-1.7333484848024043,0.8974622022988795,-0.3547479674796748,-0.40301369863013703,True,granite-3.1-2b-instruct|s0
RedHatAI/granite-3.1-2b-instruct-quantized.w8a8,granite,granite-3.1-2b-instruct,w8a8_int,gsm8k,60.96,-0.38,-0.4831126994738385,-1.7985180430244805,0.8322926440768034,-0.3547479674796748,-0.4847945205479452,True,granite-3.1-2b-instruct|s0
RedHatAI/granite-3.1-2b-instruct-quantized.w8a8,granite,granite-3.1-2b-instruct,w8a8_int,hellaswag,75.21,-0.61,-0.2150652363184655,-1.5304705798691074,1.1003401072321763,-0.3547479674796748,-0.15407894736842107,True,granite-3.1-2b-instruct|s0
RedHatAI/granite-3.1-2b-instruct-quantized.w8a8,granite,granite-3.1-2b-instruct,w8a8_int,mmlu,54.38,-0.26,-0.48799751319317997,-1.8034028567438218,0.8274078303574619,-0.3547479674796748,-0.46465753424657535,True,granite-3.1-2b-instruct|s0
RedHatAI/granite-3.1-2b-instruct-quantized.w8a8,granite,granite-3.1-2b-instruct,w8a8_int,truthfulqa,55.93,-1.06,-0.22627718687535073,-1.5416825304259927,1.089128156675291,-0.3547479674796748,-0.17081081081081081,True,granite-3.1-2b-instruct|s0
RedHatAI/granite-3.1-2b-instruct-quantized.w8a8,granite,granite-3.1-2b-instruct,w8a8_int,winogrande,69.67,1.13,-0.24594410587093424,-1.561349449421576,1.0694612376797077,-0.3547479674796748,-0.19297297297297297,False,granite-3.1-2b-instruct|s0
RedHatAI/granite-3.1-2b-instruct-quantized.w8a8,granite,granite-3.1-2b-instruct,w8a8_int,ifeval,67.99,-0.96,-0.1946403248091853,-1.5100456683598271,1.1207650187414566,-0.3547479674796748,-0.1704,True,granite-3.1-2b-instruct|s0
RedHatAI/granite-3.1-2b-instruct-quantized.w8a8,granite,granite-3.1-2b-instruct,w8a8_int,bbh,44.11,-0.58,-0.7084546397256684,-2.02385998327631,0.6069507038249735,-0.3547479674796748,-0.7466666666666667,True,granite-3.1-2b-instruct|s0
RedHatAI/granite-3.1-2b-instruct-quantized.w8a8,granite,granite-3.1-2b-instruct,w8a8_int,gpqa,28.3,-0.7,0.20217277200411687,-1.113232571546525,1.5175781155547587,-0.3547479674796748,0.21375,True,granite-3.1-2b-instruct|s0
RedHatAI/granite-3.1-2b-instruct-quantized.w8a8,granite,granite-3.1-2b-instruct,w8a8_int,musr,35.12,-0.54,0.25881128974267475,-1.056594053807967,1.5742166332933167,-0.3547479674796748,0.187,True,granite-3.1-2b-instruct|s0
RedHatAI/granite-3.1-2b-instruct-quantized.w8a8,granite,granite-3.1-2b-instruct,w8a8_int,mmlu_pro,26.87,0.02,-1.4319042226318932,-2.747309566182535,-0.11649887908125134,-0.3547479674796748,-1.5912499999999998,False,granite-3.1-2b-instruct|s0
RedHatAI/granite-3.1-2b-instruct-quantized.w8a8,granite,granite-3.1-2b-instruct,w8a8_int,humaneval,53.4,1.5,-0.42028935314161,-1.735694696692252,0.8951159904090319,-0.3547479674796748,-0.5047999999999999,False,granite-3.1-2b-instruct|s0
RedHatAI/granite-3.1-2b-instruct-FP8-dynamic,granite,granite-3.1-2b-instruct,fp8_dynamic,arc_challenge,55.63,-0.6,-0.2045808894942693,-2.1893559127522675,1.7801941337637288,-0.36534635879218474,-0.3222058823529412,True,granite-3.1-2b-instruct|s1
RedHatAI/granite-3.1-2b-instruct-FP8-dynamic,granite,granite-3.1-2b-instruct,fp8_dynamic,gsm8k,60.96,0.53,-0.7350395509306438,-2.719814574188642,1.2497354723273544,-0.36534635879218474,-0.9369117647058823,True,granite-3.1-2b-instruct|s1
RedHatAI/granite-3.1-2b-instruct-FP8-dynamic,granite,granite-3.1-2b-instruct,fp8_dynamic,hellaswag,75.21,0.05,-0.111579175666214,-2.096354198924212,1.8731958475917843,-0.36534635879218474,-0.2186111111111111,True,granite-3.1-2b-instruct|s1
RedHatAI/granite-3.1-2b-instruct-FP8-dynamic,granite,granite-3.1-2b-instruct,fp8_dynamic,mmlu,54.38,-0.14,-0.37373108382958753,-2.3585061070875857,1.6110439394284106,-0.36534635879218474,-0.49128571428571427,True,granite-3.1-2b-instruct|s1
RedHatAI/granite-3.1-2b-instruct-FP8-dynamic,granite,granite-3.1-2b-instruct,fp8_dynamic,truthfulqa,55.93,-0.51,-0.07471174640593659,-2.059486769663935,1.9100632768520616,-0.36534635879218474,-0.19757142857142856,True,granite-3.1-2b-instruct|s1
RedHatAI/granite-3.1-2b-instruct-FP8-dynamic,granite,granite-3.1-2b-instruct,fp8_dynamic,winogrande,69.67,-0.06,-0.029490255573949464,-2.0142652788319477,1.9552847676840486,-0.36534635879218474,-0.1267142857142857,True,granite-3.1-2b-instruct|s1
RedHatAI/granite-3.1-2b-instruct-FP8-dynamic,granite,granite-3.1-2b-instruct,fp8_dynamic,ifeval,67.99,-1.2,-0.06542383355955833,-2.0501988568175564,1.9193511896984399,-0.36534635879218474,-0.20111111111111113,True,granite-3.1-2b-instruct|s1
RedHatAI/granite-3.1-2b-instruct-FP8-dynamic,granite,granite-3.1-2b-instruct,fp8_dynamic,bbh,44.11,0.13,-0.6660532048134556,-2.650828228071454,1.3187218184445424,-0.36534635879218474,-0.9125,True,granite-3.1-2b-instruct|s1
RedHatAI/granite-3.1-2b-instruct-FP8-dynamic,granite,granite-3.1-2b-instruct,fp8_dynamic,gpqa,28.3,-1.4,0.8695743348545552,-1.1152006884034429,2.8543493581125534,-0.36534635879218474,0.7364285714285713,False,granite-3.1-2b-instruct|s1
RedHatAI/granite-3.1-2b-instruct-FP8-dynamic,granite,granite-3.1-2b-instruct,fp8_dynamic,musr,35.12,0.0,0.5335676717887625,-1.4512073514692356,2.5183426950467607,-0.36534635879218474,0.18857142857142856,True,granite-3.1-2b-instruct|s1
RedHatAI/granite-3.1-2b-instruct-FP8-dynamic,granite,granite-3.1-2b-instruct,fp8_dynamic,mmlu_pro,26.87,1.46,-0.8256196867851922,-2.81039471004319,1.159155336472806,-0.36534635879218474,-1.158,False,granite-3.1-2b-instruct|s1
RedHatAI/granite-3.1-2b-instruct-FP8-dynamic,granite,granite-3.1-2b-instruct,fp8_dynamic,humaneval,53.4,1.5,-0.06284985070353322,-2.0476248739615315,1.9219251725544648,-0.36534635879218474,-0.285,True,granite-3.1-2b-instruct|s1
RedHatAI/granite-3.1-2b-instruct-quantized.w4a16,granite,granite-3.1-2b-instruct,w4a16,arc_challenge,55.63,-1.45,-0.9261976194572898,-2.910972642715288,1.0585774038007083,-0.36534635879218474,-0.3222058823529412,True,granite-3.1-2b-instruct|s1
RedHatAI/granite-3.1-2b-instruct-quantized.w4a16,granite,granite-3.1-2b-instruct,w4a16,gsm8k,60.96,1.89,-1.456656280893664,-3.441431304151662,0.5281187423643341,-0.36534635879218474,-0.9369117647058823,False,granite-3.1-2b-instruct|s1
RedHatAI/granite-3.1-2b-instruct-quantized.w4a16,granite,granite-3.1-2b-instruct,w4a16,hellaswag,75.21,-1.85,-0.8331959056292346,-2.8179709288872328,1.1515791176287635,-0.36534635879218474,-0.2186111111111111,True,granite-3.1-2b-instruct|s1
RedHatAI/granite-3.1-2b-instruct-quantized.w4a16,granite,granite-3.1-2b-instruct,w4a16,mmlu,54.38,-2.21,-1.0953478137926083,-3.0801228370506064,0.8894272094653899,-0.36534635879218474,-0.49128571428571427,True,granite-3.1-2b-instruct|s1
RedHatAI/granite-3.1-2b-instruct-quantized.w4a16,granite,granite-3.1-2b-instruct,w4a16,truthfulqa,55.93,0.9,-0.7963284763689572,-2.7811034996269552,1.188446546889041,-0.36534635879218474,-0.19757142857142856,True,granite-3.1-2b-instruct|s1
RedHatAI/granite-3.1-2b-instruct-quantized.w4a16,granite,granite-3.1-2b-instruct,w4a16,winogrande,69.67,0.18,-0.75110698553697,-2.735882008794968,1.2336680377210283,-0.36534635879218474,-0.1267142857142857,True,granite-3.1-2b-instruct|s1
RedHatAI/granite-3.1-2b-instruct-quantized.w4a16,granite,granite-3.1-2b-instruct,w4a16,ifeval,67.99,-0.36,-0.787040563522579,-2.771815586780577,1.1977344597354191,-0.36534635879218474,-0.20111111111111113,True,granite-3.1-2b-instruct|s1
RedHatAI/granite-3.1-2b-instruct-quantized.w4a16,granite,granite-3.1-2b-instruct,w4a16,bbh,44.11,-0.89,-1.3876699347764765,-3.3724449580344746,0.5971050884815217,-0.36534635879218474,-0.9125,True,granite-3.1-2b-instruct|s1
RedHatAI/granite-3.1-2b-instruct-quantized.w4a16,granite,granite-3.1-2b-instruct,w4a16,gpqa,28.3,0.26,0.1479576048915342,-1.836817418366464,2.1327326281495322,-0.36534635879218474,0.7364285714285713,True,granite-3.1-2b-instruct|s1
RedHatAI/granite-3.1-2b-instruct-quantized.w4a16,granite,granite-3.1-2b-instruct,w4a16,musr,35.12,0.14,-0.18804905817425804,-2.1728240814322564,1.7967259650837402,-0.36534635879218474,0.18857142857142856,True,granite-3.1-2b-instruct|s1
RedHatAI/granite-3.1-2b-instruct-quantized.w4a16,granite,granite-3.1-2b-instruct,w4a16,mmlu_pro,26.87,0.4,-1.5472364167482127,-3.532011440006211,0.4375386065097855,-0.36534635879218474,-1.158,True,granite-3.1-2b-instruct|s1
RedHatAI/granite-3.1-2b-instruct-quantized.w4a16,granite,granite-3.1-2b-instruct,w4a16,humaneval,53.4,-1.1,-0.7844665806665538,-2.769241603924552,1.2003084425914443,-0.36534635879218474,-0.285,True,granite-3.1-2b-instruct|s1
RedHatAI/granite-3.1-2b-instruct-quantized.w8a8,granite,granite-3.1-2b-instruct,w8a8_int,arc_challenge,55.63,-0.51,-0.4879376410896722,-2.4727126643476702,1.496837382168326,-0.36534635879218474,-0.3222058823529412,True,granite-3.1-2b-instruct|s1
RedHatAI/granite-3.1-2b-instruct-quantized.w8a8,granite,granite-3.1-2b-instruct,w8a8_int,gsm8k,60.96,-0.38,-1.0183963025260465,-3.0031713257840447,0.9663787207319516,-0.36534635879218474,-0.9369117647058823,True,granite-3.1-2b-instruct|s1
RedHatAI/granite-3.1-2b-instruct-quantized.w8a8,granite,granite-3.1-2b-instruct,w8a8_int,hellaswag,75.21,-0.61,-0.3949359272616169,-2.3797109505196152,1.5898390959963813,-0.36534635879218474,-0.2186111111111111,True,granite-3.1-2b-instruct|s1
RedHatAI/granite-3.1-2b-instruct-quantized.w8a8,granite,granite-3.1-2b-instruct,w8a8_int,mmlu,54.38,-0.26,-0.6570878354249904,-2.6418628586829884,1.3276871878330079,-0.36534635879218474,-0.49128571428571427,True,granite-3.1-2b-instruct|s1
RedHatAI/granite-3.1-2b-instruct-quantized.w8a8,granite,granite-3.1-2b-instruct,w8a8_int,truthfulqa,55.93,-1.06,-0.3580684980013395,-2.3428435212593377,1.6267065252566586,-0.36534635879218474,-0.19757142857142856,True,granite-3.1-2b-instruct|s1
RedHatAI/granite-3.1-2b-instruct-quantized.w8a8,granite,granite-3.1-2b-instruct,w8a8_int,winogrande,69.67,1.13,-0.31284700716935226,-2.2976220304273505,1.6719280160886458,-0.36534635879218474,-0.1267142857142857,True,granite-3.1-2b-instruct|s1
RedHatAI/granite-3.1-2b-instruct-quantized.w8a8,granite,granite-3.1-2b-instruct,w8a8_int,ifeval,67.99,-0.96,-0.3487805851549613,-2.3335556084129596,1.635994438103037,-0.36534635879218474,-0.20111111111111113,True,granite-3.1-2b-instruct|s1
RedHatAI/granite-3.1-2b-instruct-quantized.w8a8,granite,granite-3.1-2b-instruct,w8a8_int,bbh,44.11,-0.58,-0.9494099564088585,-2.9341849796668567,1.0353650668491396,-0.36534635879218474,-0.9125,True,granite-3.1-2b-instruct|s1
RedHatAI/granite-3.1-2b-instruct-quantized.w8a8,granite,granite-3.1-2b-instruct,w8a8_int,gpqa,28.3,-0.7,0.586217583259152,-1.398557439998846,2.5709926065171502,-0.36534635879218474,0.7364285714285713,True,granite-3.1-2b-instruct|s1
RedHatAI/granite-3.1-2b-instruct-quantized.w8a8,granite,granite-3.1-2b-instruct,w8a8_int,musr,35.12,-0.54,0.25021092019335966,-1.7345641030646384,2.234985943451358,-0.36534635879218474,0.18857142857142856,True,granite-3.1-2b-instruct|s1
RedHatAI/granite-3.1-2b-instruct-quantized.w8a8,granite,granite-3.1-2b-instruct,w8a8_int,mmlu_pro,26.87,0.02,-1.1089764383805951,-3.0937514616385933,0.875798584877403,-0.36534635879218474,-1.158,True,granite-3.1-2b-instruct|s1
RedHatAI/granite-3.1-2b-instruct-quantized.w8a8,granite,granite-3.1-2b-instruct,w8a8_int,humaneval,53.4,1.5,-0.3462066022989361,-2.3309816255569342,1.638568420959062,-0.36534635879218474,-0.285,True,granite-3.1-2b-instruct|s1
RedHatAI/granite-3.1-2b-instruct-FP8-dynamic,granite,granite-3.1-2b-instruct,fp8_dynamic,arc_challenge,55.63,-0.6,-0.09710355710252955,-2.1269923534841473,1.932785239279088,-0.35795373665480423,-0.2708955223880597,True,granite-3.1-2b-instruct|s2
RedHatAI/granite-3.1-2b-instruct-FP8-dynamic,granite,granite-3.1-2b-instruct,fp8_dynamic,gsm8k,60.96,0.53,-0.5221050680077061,-2.5519938643893236,1.5077837283739117,-0.35795373665480423,-0.774179104477612,True,granite-3.1-2b-instruct|s2
RedHatAI/granite-3.1-2b-instruct-FP8-dynamic,granite,granite-3.1-2b-instruct,fp8_dynamic,hellaswag,75.21,0.05,-0.07362871158837786,-2.1035175079699955,1.9562600847932399,-0.35795373665480423,-0.21577464788732395,True,granite-3.1-2b-instruct|s2
RedHatAI/granite-3.1-2b-instruct-FP8-dynamic,granite,granite-3.1-2b-instruct,fp8_dynamic,mmlu,54.38,-0.14,-0.313114663905045,-2.3430034602866625,1.7167741324765726,-0.35795373665480423,-0.5044927536231885,True,granite-3.1-2b-instruct|s2
RedHatAI/granite-3.1-2b-instruct-FP8-dynamic,granite,granite-3.1-2b-instruct,fp8_dynamic,truthfulqa,55.93,-0.51,-0.04938656261943403,-2.0792753590010515,1.9805022337621836,-0.35795373665480423,-0.19999999999999998,True,granite-3.1-2b-instruct|s2
RedHatAI/granite-3.1-2b-instruct-FP8-dynamic,granite,granite-3.1-2b-instruct,fp8_dynamic,winogrande,69.67,-0.06,-0.03350770333358727,-2.063396499715205,1.9963810930480304,-0.35795373665480423,-0.18542857142857141,True,granite-3.1-2b-instruct|s2
RedHatAI/granite-3.1-2b-instruct-FP8-dynamic,granite,granite-3.1-2b-instruct,fp8_dynamic,ifeval,67.99,-1.2,0.038409650160457054,-1.9914791462211605,2.068298446542075,-0.35795373665480423,-0.17222222222222222,True,granite-3.1-2b-instruct|s2
RedHatAI/granite-3.1-2b-instruct-FP8-dynamic,granite,granite-3.1-2b-instruct,fp8_dynamic,bbh,44.11,0.13,-0.4749839549684113,-2.504872751350029,1.5549048414132063,-0.35795373665480423,-0.7505,True,granite-3.1-2b-instruct|s2
RedHatAI/granite-3.1-2b-instruct-FP8-dynamic,granite,granite-3.1-2b-instruct,fp8_dynamic,gpqa,28.3,-1.4,0.6299810407955202,-1.3999077555860975,2.659869837177138,-0.35795373665480423,0.42499999999999993,False,granite-3.1-2b-instruct|s2
RedHatAI/granite-3.1-2b-instruct-FP8-dynamic,granite,granite-3.1-2b-instruct,fp8_dynamic,musr,35.12,0.0,0.2581938424315899,-1.7716949539500277,2.2880826388132074,-0.35795373665480423,-0.11555555555555556,True,granite-3.1-2b-instruct|s2
RedHatAI/granite-3.1-2b-instruct-FP8-dynamic,granite,granite-3.1-2b-instruct,fp8_dynamic,mmlu_pro,26.87,1.46,-0.7206808986311634,-2.750569695012781,1.3092078977504542,-0.35795373665480423,-1.0450000000000002,False,granite-3.1-2b-instruct|s2
RedHatAI/granite-3.1-2b-instruct-FP8-dynamic,granite,granite-3.1-2b-instruct,fp8_dynamic,humaneval,53.4,1.5,-0.0634704840215653,-2.093359280403183,1.9664183123600525,-0.35795373665480423,-0.3595833333333333,True,granite-3.1-2b-instruct|s2
RedHatAI/granite-3.1-2b-instruct-quantized.w4a16,granite,granite-3.1-2b-instruct,w4a16,arc_challenge,55.63,-1.45,-0.8643605028464527,-2.89424929922807,1.165528293535165,-0.35795373665480423,-0.2708955223880597,True,granite-3.1-2b-instruct|s2
RedHatAI/granite-3.1-2b-instruct-quantized.w4a16,granite,granite-3.1-2b-instruct,w4a16,gsm8k,60.96,1.89,-1.2893620137516293,-3.319250810133247,0.7405267826299884,-0.35795373665480423,-0.774179104477612,False,granite-3.1-2b-instruct|s2
RedHatAI/granite-3.1-2b-instruct-quantized.w4a16,granite,granite-3.1-2b-instruct,w4a16,hellaswag,75.21,-1.85,-0.8408856573323009,-2.870774453713919,1.1890031390493168,-0.35795373665480423,-0.21577464788732395,True,granite-3.1-2b-instruct|s2
RedHatAI/granite-3.1-2b-instruct-quantized.w4a16,granite,granite-3.1-2b-instruct,w4a16,mmlu,54.38,-2.21,-1.0803716096489682,-3.110260406030586,0.9495171867326495,-0.35795373665480423,-0.5044927536231885,True,granite-3.1-2b-instruct|s2
RedHatAI/granite-3.1-2b-instruct-quantized.w4a16,granite,granite-3.1-2b-instruct,w4a16,truthfulqa,55.93,0.9,-0.8166435083633572,-2.846532304744975,1.2132452880182605,-0.35795373665480423,-0.19999999999999998,True,granite-3.1-2b-instruct|s2
RedHatAI/granite-3.1-2b-instruct-quantized.w4a16,granite,granite-3.1-2b-instruct,w4a16,winogrande,69.67,0.18,-0.8007646490775103,-2.830653445459128,1.2291241473041072,-0.35795373665480423,-0.18542857142857141,True,granite-3.1-2b-instruct|s2
RedHatAI/granite-3.1-2b-instruct-quantized.w4a16,granite,granite-3.1-2b-instruct,w4a16,ifeval,67.99,-0.36,-0.728847295583466,-2.7587360919650834,1.3010415007981517,-0.35795373665480423,-0.17222222222222222,True,granite-3.1-2b-instruct|s2
RedHatAI/granite-3.1-2b-instruct-quantized.w4a16,granite,granite-3.1-2b-instruct,w4a16,bbh,44.11,-0.89,-1.2422409007123343,-3.272129697093952,0.7876478956692834,-0.35795373665480423,-0.7505,True,granite-3.1-2b-instruct|s2
RedHatAI/granite-3.1-2b-instruct-quantized.w4a16,granite,granite-3.1-2b-instruct,w4a16,gpqa,28.3,0.26,-0.13727590494840286,-2.1671647013300204,1.8926128914332148,-0.35795373665480423,0.42499999999999993,True,granite-3.1-2b-instruct|s2
RedHatAI/granite-3.1-2b-instruct-quantized.w4a16,granite,granite-3.1-2b-instruct,w4a16,musr,35.12,0.14,-0.5090631033123332,-2.538951899693951,1.5208256930692845,-0.35795373665480423,-0.11555555555555556,True,granite-3.1-2b-instruct|s2
RedHatAI/granite-3.1-2b-instruct-quantized.w4a16,granite,granite-3.1-2b-instruct,w4a16,mmlu_pro,26.87,0.4,-1.4879378443750866,-3.517826640756704,0.5419509520065311,-0.35795373665480423,-1.0450000000000002,True,granite-3.1-2b-instruct|s2
RedHatAI/granite-3.1-2b-instruct-quantized.w4a16,granite,granite-3.1-2b-instruct,w4a16,humaneval,53.4,-1.1,-0.8307274297654883,-2.8606162261471058,1.1991613666161294,-0.35795373665480423,-0.3595833333333333,True,granite-3.1-2b-instruct|s2
RedHatAI/granite-3.1-2b-instruct-quantized.w8a8,granite,granite-3.1-2b-instruct,w8a8_int,arc_challenge,55.63,-0.51,-0.3655962038430333,-2.395485000224651,1.6642925925385843,-0.35795373665480423,-0.2708955223880597,True,granite-3.1-2b-instruct|s2
RedHatAI/granite-3.1-2b-instruct-quantized.w8a8,granite,granite-3.1-2b-instruct,w8a8_int,gsm8k,60.96,-0.38,-0.79059771474821,-2.8204865111298276,1.2392910816334077,-0.35795373665480423,-0.774179104477612,True,granite-3.1-2b-instruct|s2
RedHatAI/granite-3.1-2b-instruct-quantized.w8a8,granite,granite-3.1-2b-instruct,w8a8_int,hellaswag,75.21,-0.61,-0.34212135832888163,-2.3720101547104995,1.687767438052736,-0.35795373665480423,-0.21577464788732395,True,granite-3.1-2b-instruct|s2
RedHatAI/granite-3.1-2b-instruct-quantized.w8a8,granite,granite-3.1-2b-instruct,w8a8_int,mmlu,54.38,-0.26,-0.5816073106455488,-2.6114961070271665,1.4482814857360689,-0.35795373665480423,-0.5044927536231885,True,granite-3.1-2b-instruct|s2
RedHatAI/granite-3.1-2b-instruct-quantized.w8a8,granite,granite-3.1-2b-instruct,w8a8_int,truthfulqa,55.93,-1.06,-0.3178792093599378,-2.3477680057415555,1.7120095870216798,-0.35795373665480423,-0.19999999999999998,True,granite-3.1-2b-instruct|s2
RedHatAI/granite-3.1-2b-instruct-quantized.w8a8,granite,granite-3.1-2b-instruct,w8a8_int,winogrande,69.67,1.13,-0.3020003500740911,-2.3318891464557088,1.7278884463075266,-0.35795373665480423,-0.18542857142857141,True,granite-3.1-2b-instruct|s2
RedHatAI/granite-3.1-2b-instruct-quantized.w8a8,granite,granite-3.1-2b-instruct,w8a8_int,ifeval,67.99,-0.96,-0.2300829965800467,-2.2599717929616645,1.799805799801571,-0.35795373665480423,-0.17222222222222222,True,granite-3.1-2b-instruct|s2
RedHatAI/granite-3.1-2b-instruct-quantized.w8a8,granite,granite-3.1-2b-instruct,w8a8_int,bbh,44.11,-0.58,-0.743476601708915,-2.7733653980905326,1.2864121946727027,-0.35795373665480423,-0.7505,True,granite-3.1-2b-instruct|s2
RedHatAI/granite-3.1-2b-instruct-quantized.w8a8,granite,granite-3.1-2b-instruct,w8a8_int,gpqa,28.3,-0.7,0.3614883940550165,-1.6684004023266013,2.3913771904366343,-0.35795373665480423,0.42499999999999993,True,granite-3.1-2b-instruct|s2
RedHatAI/granite-3.1-2b-instruct-quantized.w8a8,granite,granite-3.1-2b-instruct,w8a8_int,musr,35.12,-0.54,-0.01029880430891389,-2.0401876006905315,2.019589992072704,-0.35795373665480423,-0.11555555555555556,True,granite-3.1-2b-instruct|s2
RedHatAI/granite-3.1-2b-instruct-quantized.w8a8,granite,granite-3.1-2b-instruct,w8a8_int,mmlu_pro,26.87,0.02,-0.989173545371667,-3.0190623417532847,1.0407152510099507,-0.35795373665480423,-1.0450000000000002,True,granite-3.1-2b-instruct|s2
RedHatAI/granite-3.1-2b-instruct-quantized.w8a8,granite,granite-3.1-2b-instruct,w8a8_int,humaneval,53.4,1.5,-0.33196313076206907,-2.361851927143687,1.6979256656195485,-0.35795373665480423,-0.3595833333333333,True,granite-3.1-2b-instruct|s2
RedHatAI/granite-3.1-2b-instruct-FP8-dynamic,granite,granite-3.1-2b-instruct,fp8_dynamic,arc_challenge,55.63,-0.6,-0.17619541980735773,-1.9249984670976066,1.5726076274828913,-0.3465610859728507,-0.28967213114754103,True,granite-3.1-2b-instruct|s3
RedHatAI/granite-3.1-2b-instruct-FP8-dynamic,granite,granite-3.1-2b-instruct,fp8_dynamic,gsm8k,60.96,0.53,-0.6607991978232302,-2.4096022451134793,1.0880038494670188,-0.3465610859728507,-0.875593220338983,True,granite-3.1-2b-instruct|s3
RedHatAI/granite-3.1-2b-instruct-FP8-dynamic,granite,granite-3.1-2b-instruct,fp8_dynamic,hellaswag,75.21,0.05,-0.1225633371391226,-1.8713663844293715,1.6262397101511263,-0.3465610859728507,-0.18163934426229508,True,granite-3.1-2b-instruct|s3
RedHatAI/granite-3.1-2b-instruct-FP8-dynamic,granite,granite-3.1-2b-instruct,fp8_dynamic,mmlu,54.38,-0.14,-0.3460824536879692,-2.094885500978218,1.4027205936022797,-0.3465610859728507,-0.45915254237288133,True,granite-3.1-2b-instruct|s3
RedHatAI/granite-3.1-2b-instruct-FP8-dynamic,granite,granite-3.1-2b-instruct,fp8_dynamic,truthfulqa,55.93,-0.51,-0.14688354676761828,-1.8956865940578673,1.6019195005226305,-0.3465610859728507,-0.22931034482758622,True,granite-3.1-2b-instruct|s3
RedHatAI/granite-3.1-2b-instruct-FP8-dynamic,granite,granite-3.1-2b-instruct,fp8_dynamic,winogrande,69.67,-0.06,-0.02964662172188154,-1.7784496690121305,1.7191564255683673,-0.3465610859728507,-0.09983333333333332,True,granite-3.1-2b-instruct|s3
RedHatAI/granite-3.1-2b-instruct-FP8-dynamic,granite,granite-3.1-2b-instruct,fp8_dynamic,ifeval,67.99,-1.2,0.36879987934213704,-1.380003167948112,2.117602926632386,-0.3465610859728507,0.2375,True,granite-3.1-2b-instruct|s3
RedHatAI/granite-3.1-2b-instruct-FP8-dynamic,granite,granite-3.1-2b-instruct,fp8_dynamic,bbh,44.11,0.13,-0.7802273763870415,-2.5290304236772903,0.9685756709032074,-0.3465610859728507,-1.06,True,granite-3.1-2b-instruct|s3
RedHatAI/granite-3.1-2b-instruct-FP8-dynamic,granite,granite-3.1-2b-instruct,fp8_dynamic,gpqa,28.3,-1.4,0.8348931809081144,-0.9139098663821346,2.583696228198363,-0.3465610859728507,0.8709999999999999,False,granite-3.1-2b-instruct|s3
RedHatAI/granite-3.1-2b-instruct-FP8-dynamic,granite,granite-3.1-2b-instruct,fp8_dynamic,musr,35.12,0.0,-0.01938257122410475,-1.7681856185143536,1.7294204760661442,-0.3465610859728507,-0.292,True,granite-3.1-2b-instruct|s3
RedHatAI/granite-3.1-2b-instruct-FP8-dynamic,granite,granite-3.1-2b-instruct,fp8_dynamic,mmlu_pro,26.87,1.46,-1.0022391950239125,-2.7510422423141616,0.7465638522663365,-0.3465610859728507,-1.304,False,granite-3.1-2b-instruct|s3
RedHatAI/granite-3.1-2b-instruct-FP8-dynamic,granite,granite-3.1-2b-instruct,fp8_dynamic,humaneval,53.4,1.5,-0.03828292454968657,-1.7870859718399354,1.7105201227405624,-0.3465610859728507,-0.33499999999999996,True,granite-3.1-2b-instruct|s3
RedHatAI/granite-3.1-2b-instruct-quantized.w4a16,granite,granite-3.1-2b-instruct,w4a16,arc_challenge,55.63,-1.45,-0.6672337304675732,-2.416036777757822,1.0815693168226757,-0.3465610859728507,-0.28967213114754103,True,granite-3.1-2b-instruct|s3
RedHatAI/granite-3.1-2b-instruct-quantized.w4a16,granite,granite-3.1-2b-instruct,w4a16,gsm8k,60.96,1.89,-1.1518375084834456,-2.9006405557736947,0.5969655388068034,-0.3465610859728507,-0.875593220338983,False,granite-3.1-2b-instruct|s3
RedHatAI/granite-3.1-2b-instruct-quantized.w4a16,granite,granite-3.1-2b-instruct,w4a16,hellaswag,75.21,-1.85,-0.613601647799338,-2.362404695089587,1.135201399490911,-0.3465610859728507,-0.18163934426229508,True,granite-3.1-2b-instruct|s3
RedHatAI/granite-3.1-2b-instruct-quantized.w4a16,granite,granite-3.1-2b-instruct,w4a16,mmlu,54.38,-2.21,-0.8371207643481846,-2.5859238116384335,0.9116822829420643,-0.3465610859728507,-0.45915254237288133,True,granite-3.1-2b-instruct|s3
RedHatAI/granite-3.1-2b-instruct-quantized.w4a16,granite,granite-3.1-2b-instruct,w4a16,truthfulqa,55.93,0.9,-0.6379218574278338,-2.3867249047180827,1.1108811898624151,-0.3465610859728507,-0.22931034482758622,True,granite-3.1-2b-instruct|s3
RedHatAI/granite-3.1-2b-instruct-quantized.w4a16,granite,granite-3.1-2b-instruct,w4a16,winogrande,69.67,0.18,-0.520684932382097,-2.2694879796723457,1.228118114908152,-0.3465610859728507,-0.09983333333333332,True,granite-3.1-2b-instruct|s3
RedHatAI/granite-3.1-2b-instruct-quantized.w4a16,granite,granite-3.1-2b-instruct,w4a16,ifeval,67.99,-0.36,-0.12223843131807827,-1.8710414786083271,1.6265646159721707,-0.3465610859728507,0.2375,True,granite-3.1-2b-instruct|s3
RedHatAI/granite-3.1-2b-instruct-quantized.w4a16,granite,granite-3.1-2b-instruct,w4a16,bbh,44.11,-0.89,-1.2712656870472572,-3.020068734337506,0.47753736024299176,-0.3465610859728507,-1.06,True,granite-3.1-2b-instruct|s3
RedHatAI/granite-3.1-2b-instruct-quantized.w4a16,granite,granite-3.1-2b-instruct,w4a16,gpqa,28.3,0.26,0.3438548702478991,-1.4049481770423498,2.092657917538148,-0.3465610859728507,0.8709999999999999,True,granite-3.1-2b-instruct|s3
RedHatAI/granite-3.1-2b-instruct-quantized.w4a16,granite,granite-3.1-2b-instruct,w4a16,musr,35.12,0.14,-0.5104208818843202,-2.2592239291745693,1.2383821654059286,-0.3465610859728507,-0.292,True,granite-3.1-2b-instruct|s3
RedHatAI/granite-3.1-2b-instruct-quantized.w4a16,granite,granite-3.1-2b-instruct,w4a16,mmlu_pro,26.87,0.4,-1.4932775056841279,-3.242080552974377,0.25552554160612106,-0.3465610859728507,-1.304,False,granite-3.1-2b-instruct|s3
RedHatAI/granite-3.1-2b-instruct-quantized.w4a16,granite,granite-3.1-2b-instruct,w4a16,humaneval,53.4,-1.1,-0.5293212352099022,-2.2781242825001513,1.2194818120803468,-0.3465610859728507,-0.33499999999999996,True,granite-3.1-2b-instruct|s3
RedHatAI/granite-3.1-2b-instruct-quantized.w8a8,granite,granite-3.1-2b-instruct,w8a8_int,arc_challenge,55.63,-0.51,-0.3156069725750329,-2.064410019865282,1.433196074715216,-0.3465610859728507,-0.28967213114754103,True,granite-3.1-2b-instruct|s3
RedHatAI/granite-3.1-2b-instruct-quantized.w8a8,granite,granite-3.1-2b-instruct,w8a8_int,gsm8k,60.96,-0.38,-0.8002107505909054,-2.5490137978811545,0.9485922966993435,-0.3465610859728507,-0.875593220338983,True,granite-3.1-2b-instruct|s3
RedHatAI/granite-3.1-2b-instruct-quantized.w8a8,granite,granite-3.1-2b-instruct,w8a8_int,hellaswag,75.21,-0.61,-0.2619748899067978,-2.0107779371970467,1.4868281573834512,-0.3465610859728507,-0.18163934426229508,True,granite-3.1-2b-instruct|s3
RedHatAI/granite-3.1-2b-instruct-quantized.w8a8,granite,granite-3.1-2b-instruct,w8a8_int,mmlu,54.38,-0.26,-0.48549400645564433,-2.2342970537458933,1.2633090408346046,-0.3465610859728507,-0.45915254237288133,True,granite-3.1-2b-instruct|s3
RedHatAI/granite-3.1-2b-instruct-quantized.w8a8,granite,granite-3.1-2b-instruct,w8a8_int,truthfulqa,55.93,-1.06,-0.28629509953529353,-2.0350981468255425,1.4625079477549554,-0.3465610859728507,-0.22931034482758622,True,granite-3.1-2b-instruct|s3
RedHatAI/granite-3.1-2b-instruct-quantized.w8a8,granite,granite-3.1-2b-instruct,w8a8_int,winogrande,69.67,1.13,-0.16905817448955685,-1.917861221779806,1.579744872800692,-0.3465610859728507,-0.09983333333333332,True,granite-3.1-2b-instruct|s3
RedHatAI/granite-3.1-2b-instruct-quantized.w8a8,granite,granite-3.1-2b-instruct,w8a8_int,ifeval,67.99,-0.96,0.2293883265744619,-1.519414720715787,1.9781913738647108,-0.3465610859728507,0.2375,True,granite-3.1-2b-instruct|s3
RedHatAI/granite-3.1-2b-instruct-quantized.w8a8,granite,granite-3.1-2b-instruct,w8a8_int,bbh,44.11,-0.58,-0.9196389291547169,-2.668441976444966,0.829164118135532,-0.3465610859728507,-1.06,True,granite-3.1-2b-instruct|s3
RedHatAI/granite-3.1-2b-instruct-quantized.w8a8,granite,granite-3.1-2b-instruct,w8a8_int,gpqa,28.3,-0.7,0.6954816281404392,-1.0533214191498097,2.444284675430688,-0.3465610859728507,0.8709999999999999,True,granite-3.1-2b-instruct|s3
RedHatAI/granite-3.1-2b-instruct-quantized.w8a8,granite,granite-3.1-2b-instruct,w8a8_int,musr,35.12,-0.54,-0.15879412399177995,-1.907597171282029,1.5900089232984689,-0.3465610859728507,-0.292,True,granite-3.1-2b-instruct|s3
RedHatAI/granite-3.1-2b-instruct-quantized.w8a8,granite,granite-3.1-2b-instruct,w8a8_int,mmlu_pro,26.87,0.02,-1.1416507477915878,-2.8904537950818368,0.6071522994986611,-0.3465610859728507,-1.304,True,granite-3.1-2b-instruct|s3
RedHatAI/granite-3.1-2b-instruct-quantized.w8a8,granite,granite-3.1-2b-instruct,w8a8_int,humaneval,53.4,1.5,-0.17769447731736182,-1.9264975246076108,1.571108569972887,-0.3465610859728507,-0.33499999999999996,True,granite-3.1-2b-instruct|s3
RedHatAI/granite-3.1-2b-instruct-FP8-dynamic,granite,granite-3.1-2b-instruct,fp8_dynamic,arc_challenge,55.63,-0.6,-0.1357158881132055,-1.5414334676061048,1.2700016913796939,-0.38791757049891534,-0.4777586206896552,True,granite-3.1-2b-instruct|s4
RedHatAI/granite-3.1-2b-instruct-FP8-dynamic,granite,granite-3.1-2b-instruct,fp8_dynamic,gsm8k,60.96,0.53,-0.013451976478007888,-1.4191695559709072,1.3922656030148914,-0.38791757049891534,-0.3952542372881356,True,granite-3.1-2b-instruct|s4
RedHatAI/granite-3.1-2b-instruct-FP8-dynamic,granite,granite-3.1-2b-instruct,fp8_dynamic,hellaswag,75.21,0.05,0.09184081903609875,-1.3138767604568007,1.497558398528998,-0.38791757049891534,-0.17733333333333334,True,granite-3.1-2b-instruct|s4
RedHatAI/granite-3.1-2b-instruct-FP8-dynamic,granite,granite-3.1-2b-instruct,fp8_dynamic,mmlu,54.38,-0.14,-0.1655860545103084,-1.5713036340032076,1.240131524982591,-0.38791757049891534,-0.5070689655172413,True,granite-3.1-2b-instruct|s4
RedHatAI/granite-3.1-2b-instruct-FP8-dynamic,granite,granite-3.1-2b-instruct,fp8_dynamic,truthfulqa,55.93,-0.51,0.10280411022961622,-1.302913469263283,1.5085216897225155,-0.38791757049891534,-0.17087719298245616,True,granite-3.1-2b-instruct|s4
RedHatAI/granite-3.1-2b-instruct-FP8-dynamic,granite,granite-3.1-2b-instruct,fp8_dynamic,winogrande,69.67,-0.06,-0.0072464416587506575,-1.4129640211516499,1.3984711378341488,-0.38791757049891534,-0.3239655172413793,True,granite-3.1-2b-instruct|s4
RedHatAI/granite-3.1-2b-instruct-FP8-dynamic,granite,granite-3.1-2b-instruct,fp8_dynamic,ifeval,67.99,-1.2,0.3582091066903854,-1.047508472802514,1.7639266861832847,-0.38791757049891534,-0.06470588235294115,False,granite-3.1-2b-instruct|s4
RedHatAI/granite-3.1-2b-instruct-FP8-dynamic,granite,granite-3.1-2b-instruct,fp8_dynamic,bbh,44.11,0.13,-0.5494295830582099,-1.9551471625511092,0.8562879964346894,-0.38791757049891534,-1.0142105263157895,True,granite-3.1-2b-instruct|s4
RedHatAI/granite-3.1-2b-instruct-FP8-dynamic,granite,granite-3.1-2b-instruct,fp8_dynamic,gpqa,28.3,-1.4,0.37021149274257414,-1.0355060867503252,1.7759290722354735,-0.38791757049891534,0.16647058823529412,False,granite-3.1-2b-instruct|s4
RedHatAI/granite-3.1-2b-instruct-FP8-dynamic,granite,granite-3.1-2b-instruct,fp8_dynamic,musr,35.12,0.0,0.5653351004521383,-0.840382479040761,1.9710526799450376,-0.38791757049891534,0.26636363636363636,True,granite-3.1-2b-instruct|s4
RedHatAI/granite-3.1-2b-instruct-FP8-dynamic,granite,granite-3.1-2b-instruct,fp8_dynamic,mmlu_pro,26.87,1.46,-1.6060074034107035,-3.011724982903603,-0.20028982391780414,-0.38791757049891534,-2.18625,False,granite-3.1-2b-instruct|s4
RedHatAI/granite-3.1-2b-instruct-FP8-dynamic,granite,granite-3.1-2b-instruct,fp8_dynamic,humaneval,53.4,1.5,-0.10925222178714705,-1.5149698012800463,1.2964653577057523,-0.38791757049891534,-0.7685714285714286,False,granite-3.1-2b-instruct|s4
RedHatAI/granite-3.1-2b-instruct-quantized.w4a16,granite,granite-3.1-2b-instruct,w4a16,arc_challenge,55.63,-1.45,-1.1265804801977835,-2.5322980596906826,0.2791370992951159,-0.38791757049891534,-0.4777586206896552,True,granite-3.1-2b-instruct|s4
RedHatAI/granite-3.1-2b-instruct-quantized.w4a16,granite,granite-3.1-2b-instruct,w4a16,gsm8k,60.96,1.89,-1.0043165685625857,-2.4100341480554848,0.40140101093031366,-0.38791757049891534,-0.3952542372881356,False,granite-3.1-2b-instruct|s4
RedHatAI/granite-3.1-2b-instruct-quantized.w4a16,granite,granite-3.1-2b-instruct,w4a16,hellaswag,75.21,-1.85,-0.8990237730484792,-2.3047413525413787,0.5066938064444201,-0.38791757049891534,-0.17733333333333334,True,granite-3.1-2b-instruct|s4
RedHatAI/granite-3.1-2b-instruct-quantized.w4a16,granite,granite-3.1-2b-instruct,w4a16,mmlu,54.38,-2.21,-1.1564506465948865,-2.5621682260877856,0.24926693289801283,-0.38791757049891534,-0.5070689655172413,True,granite-3.1-2b-instruct|s4
RedHatAI/granite-3.1-2b-instruct-quantized.w4a16,granite,granite-3.1-2b-instruct,w4a16,truthfulqa,55.93,0.9,-0.8880604818549617,-2.293778061347861,0.5176570976379377,-0.38791757049891534,-0.17087719298245616,False,granite-3.1-2b-instruct|s4
RedHatAI/granite-3.1-2b-instruct-quantized.w4a16,granite,granite-3.1-2b-instruct,w4a16,winogrande,69.67,0.18,-0.9981110337433287,-2.403828613236228,0.40760654574957067,-0.38791757049891534,-0.3239655172413793,True,granite-3.1-2b-instruct|s4
RedHatAI/granite-3.1-2b-instruct-quantized.w4a16,granite,granite-3.1-2b-instruct,w4a16,ifeval,67.99,-0.36,-0.6326554853941925,-2.0383730648870917,0.7730620940987069,-0.38791757049891534,-0.06470588235294115,True,granite-3.1-2b-instruct|s4
RedHatAI/granite-3.1-2b-instruct-quantized.w4a16,granite,granite-3.1-2b-instruct,w4a16,bbh,44.11,-0.89,-1.540294175142788,-2.9460117546356877,-0.13457659564988877,-0.38791757049891534,-1.0142105263157895,True,granite-3.1-2b-instruct|s4
RedHatAI/granite-3.1-2b-instruct-quantized.w4a16,granite,granite-3.1-2b-instruct,w4a16,gpqa,28.3,0.26,-0.6206530993420037,-2.026370678834903,0.7850644801508956,-0.38791757049891534,0.16647058823529412,True,granite-3.1-2b-instruct|s4
RedHatAI/granite-3.1-2b-instruct-quantized.w4a16,granite,granite-3.1-2b-instruct,w4a16,musr,35.12,0.14,-0.42552949163243975,-1.831247071125339,0.9801880878604596,-0.38791757049891534,0.26636363636363636,True,granite-3.1-2b-instruct|s4
RedHatAI/granite-3.1-2b-instruct-quantized.w4a16,granite,granite-3.1-2b-instruct,w4a16,mmlu_pro,26.87,0.4,-2.596871995495282,-4.002589574988181,-1.1911544160023826,-0.38791757049891534,-2.18625,False,granite-3.1-2b-instruct|s4
RedHatAI/granite-3.1-2b-instruct-quantized.w4a16,granite,granite-3.1-2b-instruct,w4a16,humaneval,53.4,-1.1,-1.100116813871725,-2.5058343933646245,0.30560076562117433,-0.38791757049891534,-0.7685714285714286,True,granite-3.1-2b-instruct|s4
RedHatAI/granite-3.1-2b-instruct-quantized.w8a8,granite,granite-3.1-2b-instruct,w8a8_int,arc_challenge,55.63,-0.51,-0.4524301181103529,-1.8581476976032523,0.9532874613825464,-0.38791757049891534,-0.4777586206896552,True,granite-3.1-2b-instruct|s4
RedHatAI/granite-3.1-2b-instruct-quantized.w8a8,granite,granite-3.1-2b-instruct,w8a8_int,gsm8k,60.96,-0.38,-0.33016620647515527,-1.7358837859680545,1.0755513730177442,-0.38791757049891534,-0.3952542372881356,True,granite-3.1-2b-instruct|s4
RedHatAI/granite-3.1-2b-instruct-quantized.w8a8,granite,granite-3.1-2b-instruct,w8a8_int,hellaswag,75.21,-0.61,-0.2248734109610487,-1.630590990453948,1.1808441685318507,-0.38791757049891534,-0.17733333333333334,True,granite-3.1-2b-instruct|s4
RedHatAI/granite-3.1-2b-instruct-quantized.w8a8,granite,granite-3.1-2b-instruct,w8a8_int,mmlu,54.38,-0.26,-0.48230028450745577,-1.888017864000355,0.9234172949854436,-0.38791757049891534,-0.5070689655172413,True,granite-3.1-2b-instruct|s4
RedHatAI/granite-3.1-2b-instruct-quantized.w8a8,granite,granite-3.1-2b-instruct,w8a8_int,truthfulqa,55.93,-1.06,-0.21391011976753116,-1.6196276992604304,1.1918074597253683,-0.38791757049891534,-0.17087719298245616,True,granite-3.1-2b-instruct|s4
RedHatAI/granite-3.1-2b-instruct-quantized.w8a8,granite,granite-3.1-2b-instruct,w8a8_int,winogrande,69.67,1.13,-0.32396067165589815,-1.7296782511487976,1.081756907837001,-0.38791757049891534,-0.3239655172413793,False,granite-3.1-2b-instruct|s4
RedHatAI/granite-3.1-2b-instruct-quantized.w8a8,granite,granite-3.1-2b-instruct,w8a8_int,ifeval,67.99,-0.96,0.041494876693237925,-1.3642227027996614,1.4472124561861373,-0.38791757049891534,-0.06470588235294115,True,granite-3.1-2b-instruct|s4
RedHatAI/granite-3.1-2b-instruct-quantized.w8a8,granite,granite-3.1-2b-instruct,w8a8_int,bbh,44.11,-0.58,-0.8661438130553573,-2.2718613925482565,0.5395737664375421,-0.38791757049891534,-1.0142105263157895,True,granite-3.1-2b-instruct|s4
RedHatAI/granite-3.1-2b-instruct-quantized.w8a8,granite,granite-3.1-2b-instruct,w8a8_int,gpqa,28.3,-0.7,0.05349726274542688,-1.3522203167474725,1.4592148422383262,-0.38791757049891534,0.16647058823529412,True,granite-3.1-2b-instruct|s4
RedHatAI/granite-3.1-2b-instruct-quantized.w8a8,granite,granite-3.1-2b-instruct,w8a8_int,musr,35.12,-0.54,0.24862087045499082,-1.1570967090379085,1.6543384499478901,-0.38791757049891534,0.26636363636363636,True,granite-3.1-2b-instruct|s4
RedHatAI/granite-3.1-2b-instruct-quantized.w8a8,granite,granite-3.1-2b-instruct,w8a8_int,mmlu_pro,26.87,0.02,-1.9227216334078507,-3.32843921290075,-0.5170040539149514,-0.38791757049891534,-2.18625,False,granite-3.1-2b-instruct|s4
RedHatAI/granite-3.1-2b-instruct-quantized.w8a8,granite,granite-3.1-2b-instruct,w8a8_int,humaneval,53.4,1.5,-0.42596645178429443,-1.8316840312771938,0.9797511277086048,-0.38791757049891534,-0.7685714285714286,False,granite-3.1-2b-instruct|s4
RedHatAI/granite-3.1-8b-base-FP8-dynamic,granite,granite-3.1-8b-base,fp8_dynamic,arc_challenge,64.68,-0.52,-0.10769124439960892,-1.8271995707014401,1.6118170819022222,-0.36687919463087254,-0.41864864864864865,True,granite-3.1-8b-base|s0
RedHatAI/granite-3.1-8b-base-FP8-dynamic,granite,granite-3.1-8b-base,fp8_dynamic,gsm8k,60.88,-2.43,-0.2216162509028708,-1.9411245772047019,1.4978920753989604,-0.36687919463087254,-0.5318666666666667,False,granite-3.1-8b-base|s0
RedHatAI/granite-3.1-8b-base-FP8-dynamic,granite,granite-3.1-8b-base,fp8_dynamic,hellaswag,83.52,-0.06,0.07628016765692508,-1.643228158644906,1.7957884939587563,-0.36687919463087254,-0.24846153846153848,True,granite-3.1-8b-base|s0
RedHatAI/granite-3.1-8b-base-FP8-dynamic,granite,granite-3.1-8b-base,fp8_dynamic,mmlu,63.33,0.02,-0.18458740328679574,-1.904095729588627,1.5349209230150354,-0.36687919463087254,-0.4777631578947369,True,granite-3.1-8b-base|s0
RedHatAI/granite-3.1-8b-base-FP8-dynamic,granite,granite-3.1-8b-base,fp8_dynamic,truthfulqa,51.33,0.23,0.09600442091543376,-1.6235039053863973,1.815512747217265,-0.36687919463087254,-0.18173333333333333,True,granite-3.1-8b-base|s0
RedHatAI/granite-3.1-8b-base-FP8-dynamic,granite,granite-3.1-8b-base,fp8_dynamic,winogrande,80.9,-0.24,0.12621767172895465,-1.5932906545728764,1.8457259980307859,-0.36687919463087254,-0.18701298701298702,True,granite-3.1-8b-base|s0
RedHatAI/granite-3.1-8b-base-FP8-dynamic,granite,granite-3.1-8b-base,fp8_dynamic,humaneval,44.1,0.7,-0.032122858611892846,-1.751631184913724,1.6873854676899382,-0.36687919463087254,-0.43105263157894735,True,granite-3.1-8b-base|s0
RedHatAI/granite-3.1-8b-base-quantized.w4a16,granite,granite-3.1-8b-base,w4a16,arc_challenge,64.68,-2.31,-1.006525019235819,-2.72603334553765,0.7129833070660121,-0.36687919463087254,-0.41864864864864865,True,granite-3.1-8b-base|s0
RedHatAI/granite-3.1-8b-base-quantized.w4a16,granite,granite-3.1-8b-base,w4a16,gsm8k,60.88,-5.99,-1.1204500257390808,-2.839958352040912,0.5990583005627503,-0.36687919463087254,-0.5318666666666667,False,granite-3.1-8b-base|s0
RedHatAI/granite-3.1-8b-base-quantized.w4a16,granite,granite-3.1-8b-base,w4a16,hellaswag,83.52,-0.99,-0.8225536071792849,-2.542061933481116,0.8969547191225462,-0.36687919463087254,-0.24846153846153848,True,granite-3.1-8b-base|s0
RedHatAI/granite-3.1-8b-base-quantized.w4a16,granite,granite-3.1-8b-base,w4a16,mmlu,63.33,-0.55,-1.0834211781230059,-2.802929504424837,0.6360871481788253,-0.36687919463087254,-0.4777631578947369,True,granite-3.1-8b-base|s0
RedHatAI/granite-3.1-8b-base-quantized.w4a16,granite,granite-3.1-8b-base,w4a16,truthfulqa,51.33,-0.03,-0.8028293539207763,-2.5223376802226074,0.9166789723810549,-0.36687919463087254,-0.18173333333333333,True,granite-3.1-8b-base|s0
RedHatAI/granite-3.1-8b-base-quantized.w4a16,granite,granite-3.1-8b-base,w4a16,winogrande,80.9,-1.66,-0.7726161031072554,-2.4921244294090865,0.9468922231945758,-0.36687919463087254,-0.18701298701298702,True,granite-3.1-8b-base|s0
RedHatAI/granite-3.1-8b-base-quantized.w4a16,granite,granite-3.1-8b-base,w4a16,humaneval,44.1,-3.4,-0.930956633448103,-2.650464959749934,0.7885516928537282,-0.36687919463087254,-0.43105263157894735,False,granite-3.1-8b-base|s0
RedHatAI/granite-3.1-8b-base-quantized.w8a8,granite,granite-3.1-8b-base,w8a8_int,arc_challenge,64.68,-0.43,-0.42851623163026825,-2.1480245579320996,1.290992094671563,-0.36687919463087254,-0.41864864864864865,True,granite-3.1-8b-base|s0
RedHatAI/granite-3.1-8b-base-quantized.w8a8,granite,granite-3.1-8b-base,w8a8_int,gsm8k,60.88,-0.38,-0.5424412381335302,-2.261949564435361,1.177067088168301,-0.36687919463087254,-0.5318666666666667,True,granite-3.1-8b-base|s0
RedHatAI/granite-3.1-8b-base-quantized.w8a8,granite,granite-3.1-8b-base,w8a8_int,hellaswag,83.52,-0.3,-0.24454481957373436,-1.9640531458755655,1.4749635067280968,-0.36687919463087254,-0.24846153846153848,True,granite-3.1-8b-base|s0
RedHatAI/granite-3.1-8b-base-quantized.w8a8,granite,granite-3.1-8b-base,w8a8_int,mmlu,63.33,-0.17,-0.5054123905174551,-2.224920716819286,1.2140959357843761,-0.36687919463087254,-0.4777631578947369,True,granite-3.1-8b-base|s0
RedHatAI/granite-3.1-8b-base-quantized.w8a8,granite,granite-3.1-8b-base,w8a8_int,truthfulqa,51.33,1.26,-0.22482056631522554,-1.9443288926170568,1.4946877599866055,-0.36687919463087254,-0.18173333333333333,True,granite-3.1-8b-base|s0
RedHatAI/granite-3.1-8b-base-quantized.w8a8,granite,granite-3.1-8b-base,w8a8_int,winogrande,80.9,-0.79,-0.19460731550170465,-1.9141156418035359,1.5249010108001264,-0.36687919463087254,-0.18701298701298702,True,granite-3.1-8b-base|s0
RedHatAI/granite-3.1-8b-base-quantized.w8a8,granite,granite-3.1-8b-base,w8a8_int,humaneval,44.1,-1.0,-0.35294784584255223,-2.0724561721443835,1.3665604804592788,-0.36687919463087254,-0.43105263157894735,True,granite-3.1-8b-base|s0
RedHatAI/granite-3.1-8b-base-FP8-dynamic,granite,granite-3.1-8b-base,fp8_dynamic,arc_challenge,64.68,-0.52,-0.014313126022006961,-1.3707837820763795,1.3421575300323658,-0.3139049235993209,-0.3008823529411765,True,granite-3.1-8b-base|s1
RedHatAI/granite-3.1-8b-base-FP8-dynamic,granite,granite-3.1-8b-base,fp8_dynamic,gsm8k,60.88,-2.43,-0.1729228554872589,-1.5293935115416315,1.1835478005671138,-0.3139049235993209,-0.48835820895522386,False,granite-3.1-8b-base|s1
RedHatAI/granite-3.1-8b-base-FP8-dynamic,granite,granite-3.1-8b-base,fp8_dynamic,hellaswag,83.52,-0.06,0.05610763142890496,-1.3003630246254678,1.4125782874832775,-0.3139049235993209,-0.19971830985915492,True,granite-3.1-8b-base|s1
RedHatAI/granite-3.1-8b-base-FP8-dynamic,granite,granite-3.1-8b-base,fp8_dynamic,mmlu,63.33,0.02,-0.2234970512400491,-1.5799677072944218,1.1329736048143235,-0.3139049235993209,-0.5036764705882353,True,granite-3.1-8b-base|s1
RedHatAI/granite-3.1-8b-base-FP8-dynamic,granite,granite-3.1-8b-base,fp8_dynamic,truthfulqa,51.33,0.23,0.10928247791472467,-1.2471881781396479,1.4657531339690975,-0.3139049235993209,-0.15470588235294117,True,granite-3.1-8b-base|s1
RedHatAI/granite-3.1-8b-base-FP8-dynamic,granite,granite-3.1-8b-base,fp8_dynamic,winogrande,80.9,-0.24,0.08958893469899754,-1.2668817213553751,1.4460595907533702,-0.3139049235993209,-0.16478260869565217,True,granite-3.1-8b-base|s1
RedHatAI/granite-3.1-8b-base-FP8-dynamic,granite,granite-3.1-8b-base,fp8_dynamic,humaneval,44.1,0.7,0.2268629756299152,-1.1296076804244575,1.5833336316842879,-0.3139049235993209,-0.21384615384615382,True,granite-3.1-8b-base|s1
RedHatAI/granite-3.1-8b-base-quantized.w4a16,granite,granite-3.1-8b-base,w4a16,arc_challenge,64.68,-2.31,-0.6487011283444298,-2.0051717843988026,0.7077695277099428,-0.3139049235993209,-0.3008823529411765,False,granite-3.1-8b-base|s1
RedHatAI/granite-3.1-8b-base-quantized.w4a16,granite,granite-3.1-8b-base,w4a16,gsm8k,60.88,-5.99,-0.8073108578096817,-2.1637815138640546,0.549159798244691,-0.3139049235993209,-0.48835820895522386,False,granite-3.1-8b-base|s1
RedHatAI/granite-3.1-8b-base-quantized.w4a16,granite,granite-3.1-8b-base,w4a16,hellaswag,83.52,-0.99,-0.5782803708935178,-1.9347510269478905,0.7781902851608549,-0.3139049235993209,-0.19971830985915492,True,granite-3.1-8b-base|s1
RedHatAI/granite-3.1-8b-base-quantized.w4a16,granite,granite-3.1-8b-base,w4a16,mmlu,63.33,-0.55,-0.857885053562472,-2.2143557096168447,0.49858560249190065,-0.3139049235993209,-0.5036764705882353,True,granite-3.1-8b-base|s1
RedHatAI/granite-3.1-8b-base-quantized.w4a16,granite,granite-3.1-8b-base,w4a16,truthfulqa,51.33,-0.03,-0.5251055244076983,-1.881576180462071,0.8313651316466744,-0.3139049235993209,-0.15470588235294117,True,granite-3.1-8b-base|s1
RedHatAI/granite-3.1-8b-base-quantized.w4a16,granite,granite-3.1-8b-base,w4a16,winogrande,80.9,-1.66,-0.5447990676234253,-1.901269723677798,0.8116715884309473,-0.3139049235993209,-0.16478260869565217,True,granite-3.1-8b-base|s1
RedHatAI/granite-3.1-8b-base-quantized.w4a16,granite,granite-3.1-8b-base,w4a16,humaneval,44.1,-3.4,-0.4075250266925077,-1.7639956827468803,0.948945629361865,-0.3139049235993209,-0.21384615384615382,False,granite-3.1-8b-base|s1
RedHatAI/granite-3.1-8b-base-quantized.w8a8,granite,granite-3.1-8b-base,w8a8_int,arc_challenge,64.68,-0.43,-0.3457575325750776,-1.7022281886294501,1.0107131234792952,-0.3139049235993209,-0.3008823529411765,True,granite-3.1-8b-base|s1
RedHatAI/granite-3.1-8b-base-quantized.w8a8,granite,granite-3.1-8b-base,w8a8_int,gsm8k,60.88,-0.38,-0.5043672620403294,-1.8608379180947021,0.8521033940140432,-0.3139049235993209,-0.48835820895522386,True,granite-3.1-8b-base|s1
RedHatAI/granite-3.1-8b-base-quantized.w8a8,granite,granite-3.1-8b-base,w8a8_int,hellaswag,83.52,-0.3,-0.27533677512416566,-1.6318074311785384,1.081133880930207,-0.3139049235993209,-0.19971830985915492,True,granite-3.1-8b-base|s1
RedHatAI/granite-3.1-8b-base-quantized.w8a8,granite,granite-3.1-8b-base,w8a8_int,mmlu,63.33,-0.17,-0.5549414577931198,-1.9114121138474924,0.8015291982612529,-0.3139049235993209,-0.5036764705882353,True,granite-3.1-8b-base|s1
RedHatAI/granite-3.1-8b-base-quantized.w8a8,granite,granite-3.1-8b-base,w8a8_int,truthfulqa,51.33,1.26,-0.22216192863834602,-1.5786325846927187,1.1343087274160266,-0.3139049235993209,-0.15470588235294117,False,granite-3.1-8b-base|s1
RedHatAI/granite-3.1-8b-base-quantized.w8a8,granite,granite-3.1-8b-base,w8a8_int,winogrande,80.9,-0.79,-0.24185547185407302,-1.5983261279084457,1.1146151842002996,-0.3139049235993209,-0.16478260869565217,True,granite-3.1-8b-base|s1
RedHatAI/granite-3.1-8b-base-quantized.w8a8,granite,granite-3.1-8b-base,w8a8_int,humaneval,44.1,-1.0,-0.10458143092315542,-1.461052086977528,1.2518892251312173,-0.3139049235993209,-0.21384615384615382,True,granite-3.1-8b-base|s1
RedHatAI/granite-3.1-8b-base-FP8-dynamic,granite,granite-3.1-8b-base,fp8_dynamic,arc_challenge,64.68,-0.52,-0.11169596259962816,-1.4090648818169833,1.185672956617727,-0.35799276672694397,-0.38865671641791044,True,granite-3.1-8b-base|s2
RedHatAI/granite-3.1-8b-base-FP8-dynamic,granite,granite-3.1-8b-base,fp8_dynamic,gsm8k,60.88,-2.43,-0.18795154954966503,-1.4853204687670203,1.1094173696676901,-0.35799276672694397,-0.44,False,granite-3.1-8b-base|s2
RedHatAI/granite-3.1-8b-base-FP8-dynamic,granite,granite-3.1-8b-base,fp8_dynamic,hellaswag,83.52,-0.06,0.017661148266691407,-1.279707770950664,1.3150300674840465,-0.35799276672694397,-0.29774647887323946,True,granite-3.1-8b-base|s2
RedHatAI/granite-3.1-8b-base-FP8-dynamic,granite,granite-3.1-8b-base,fp8_dynamic,mmlu,63.33,0.02,-0.26677513215182863,-1.5641440513691838,1.0305937870655266,-0.35799276672694397,-0.5240579710144927,True,granite-3.1-8b-base|s2
RedHatAI/granite-3.1-8b-base-FP8-dynamic,granite,granite-3.1-8b-base,fp8_dynamic,truthfulqa,51.33,0.23,0.04305130183652267,-1.2543176173808326,1.3404202210538778,-0.35799276672694397,-0.19724637681159418,True,granite-3.1-8b-base|s2
RedHatAI/granite-3.1-8b-base-FP8-dynamic,granite,granite-3.1-8b-base,fp8_dynamic,winogrande,80.9,-0.24,0.05538163614947422,-1.241987283067881,1.3527505553668293,-0.35799276672694397,-0.24652173913043476,True,granite-3.1-8b-base|s2
RedHatAI/granite-3.1-8b-base-FP8-dynamic,granite,granite-3.1-8b-base,fp8_dynamic,humaneval,44.1,0.7,-0.016234455991833596,-1.3136033752091887,1.2811344632255217,-0.35799276672694397,-0.34421052631578947,True,granite-3.1-8b-base|s2
RedHatAI/granite-3.1-8b-base-quantized.w4a16,granite,granite-3.1-8b-base,w4a16,arc_challenge,64.68,-2.31,-0.9571028514429467,-2.254471770660302,0.3402660677744085,-0.35799276672694397,-0.38865671641791044,False,granite-3.1-8b-base|s2
RedHatAI/granite-3.1-8b-base-quantized.w4a16,granite,granite-3.1-8b-base,w4a16,gsm8k,60.88,-5.99,-1.0333584383929835,-2.3307273576103387,0.26401048082437173,-0.35799276672694397,-0.44,False,granite-3.1-8b-base|s2
RedHatAI/granite-3.1-8b-base-quantized.w4a16,granite,granite-3.1-8b-base,w4a16,hellaswag,83.52,-0.99,-0.8277457405766272,-2.1251146597939825,0.469623178640728,-0.35799276672694397,-0.29774647887323946,True,granite-3.1-8b-base|s2
RedHatAI/granite-3.1-8b-base-quantized.w4a16,granite,granite-3.1-8b-base,w4a16,mmlu,63.33,-0.55,-1.1121820209951472,-2.4095509402125024,0.18518689822220802,-0.35799276672694397,-0.5240579710144927,True,granite-3.1-8b-base|s2
RedHatAI/granite-3.1-8b-base-quantized.w4a16,granite,granite-3.1-8b-base,w4a16,truthfulqa,51.33,-0.03,-0.8023555870067958,-2.0997245062241507,0.49501333221055943,-0.35799276672694397,-0.19724637681159418,True,granite-3.1-8b-base|s2
RedHatAI/granite-3.1-8b-base-quantized.w4a16,granite,granite-3.1-8b-base,w4a16,winogrande,80.9,-1.66,-0.7900252526938443,-2.0873941719111997,0.5073436665235109,-0.35799276672694397,-0.24652173913043476,True,granite-3.1-8b-base|s2
RedHatAI/granite-3.1-8b-base-quantized.w4a16,granite,granite-3.1-8b-base,w4a16,humaneval,44.1,-3.4,-0.8616413448351522,-2.1590102640525073,0.435727574382203,-0.35799276672694397,-0.34421052631578947,False,granite-3.1-8b-base|s2
RedHatAI/granite-3.1-8b-base-quantized.w8a8,granite,granite-3.1-8b-base,w8a8_int,arc_challenge,64.68,-0.43,-0.46341599697945696,-1.760784916196812,0.8339529222378983,-0.35799276672694397,-0.38865671641791044,True,granite-3.1-8b-base|s2
RedHatAI/granite-3.1-8b-base-quantized.w8a8,granite,granite-3.1-8b-base,w8a8_int,gsm8k,60.88,-0.38,-0.5396715839294939,-1.837040503146849,0.7576973352878613,-0.35799276672694397,-0.44,True,granite-3.1-8b-base|s2
RedHatAI/granite-3.1-8b-base-quantized.w8a8,granite,granite-3.1-8b-base,w8a8_int,hellaswag,83.52,-0.3,-0.3340588861131374,-1.6314278053304925,0.9633100331042178,-0.35799276672694397,-0.29774647887323946,True,granite-3.1-8b-base|s2
RedHatAI/granite-3.1-8b-base-quantized.w8a8,granite,granite-3.1-8b-base,w8a8_int,mmlu,63.33,-0.17,-0.6184951665316574,-1.9158640857490126,0.6788737526856978,-0.35799276672694397,-0.5240579710144927,True,granite-3.1-8b-base|s2
RedHatAI/granite-3.1-8b-base-quantized.w8a8,granite,granite-3.1-8b-base,w8a8_int,truthfulqa,51.33,1.26,-0.30866873254330607,-1.6060376517606612,0.9887001866740491,-0.35799276672694397,-0.19724637681159418,False,granite-3.1-8b-base|s2
RedHatAI/granite-3.1-8b-base-quantized.w8a8,granite,granite-3.1-8b-base,w8a8_int,winogrande,80.9,-0.79,-0.29633839823035457,-1.5937073174477097,1.0010305209870007,-0.35799276672694397,-0.24652173913043476,True,granite-3.1-8b-base|s2
RedHatAI/granite-3.1-8b-base-quantized.w8a8,granite,granite-3.1-8b-base,w8a8_int,humaneval,44.1,-1.0,-0.3679544903716624,-1.6653234095890177,0.9294144288456928,-0.35799276672694397,-0.34421052631578947,True,granite-3.1-8b-base|s2
RedHatAI/granite-3.1-8b-base-FP8-dynamic,granite,granite-3.1-8b-base,fp8_dynamic,arc_challenge,64.68,-0.52,-0.03560513819585481,-1.563572599026662,1.4923623226349523,-0.3533465346534653,-0.3225806451612903,True,granite-3.1-8b-base|s3
RedHatAI/granite-3.1-8b-base-FP8-dynamic,granite,granite-3.1-8b-base,fp8_dynamic,gsm8k,60.88,-2.43,-0.16195663320458586,-1.689924094035393,1.3660108276262213,-0.3533465346534653,-0.49,False,granite-3.1-8b-base|s3
RedHatAI/granite-3.1-8b-base-FP8-dynamic,granite,granite-3.1-8b-base,fp8_dynamic,hellaswag,83.52,-0.06,-0.05359398104062224,-1.5815614418714294,1.4743734797901848,-0.3533465346534653,-0.336,True,granite-3.1-8b-base|s3
RedHatAI/granite-3.1-8b-base-FP8-dynamic,granite,granite-3.1-8b-base,fp8_dynamic,mmlu,63.33,0.02,-0.2838359347691681,-1.8118033955999753,1.244131526061639,-0.3533465346534653,-0.60234375,True,granite-3.1-8b-base|s3
RedHatAI/granite-3.1-8b-base-FP8-dynamic,granite,granite-3.1-8b-base,fp8_dynamic,truthfulqa,51.33,0.23,0.07149354233170235,-1.4564739184991047,1.5994610031625096,-0.3533465346534653,-0.19682539682539682,True,granite-3.1-8b-base|s3
RedHatAI/granite-3.1-8b-base-FP8-dynamic,granite,granite-3.1-8b-base,fp8_dynamic,winogrande,80.9,-0.24,0.1439242362191725,-1.3840432246116348,1.6718916970499795,-0.3533465346534653,-0.10546875,True,granite-3.1-8b-base|s3
RedHatAI/granite-3.1-8b-base-FP8-dynamic,granite,granite-3.1-8b-base,fp8_dynamic,humaneval,44.1,0.7,0.22941252202550527,-1.298554938805302,1.7573799828563124,-0.3533465346534653,-0.15555555555555556,True,granite-3.1-8b-base|s3
RedHatAI/granite-3.1-8b-base-quantized.w4a16,granite,granite-3.1-8b-base,w4a16,arc_challenge,64.68,-2.31,-0.8934151743557235,-2.4213826351865304,0.6345522864750837,-0.3533465346534653,-0.3225806451612903,True,granite-3.1-8b-base|s3
RedHatAI/granite-3.1-8b-base-quantized.w4a16,granite,granite-3.1-8b-base,w4a16,gsm8k,60.88,-5.99,-1.0197666693644543,-2.5477341301952614,0.5082007914663529,-0.3533465346534653,-0.49,False,granite-3.1-8b-base|s3
RedHatAI/granite-3.1-8b-base-quantized.w4a16,granite,granite-3.1-8b-base,w4a16,hellaswag,83.52,-0.99,-0.9114040172004907,-2.4393714780312976,0.6165634436303165,-0.3533465346534653,-0.336,True,granite-3.1-8b-base|s3
RedHatAI/granite-3.1-8b-base-quantized.w4a16,granite,granite-3.1-8b-base,w4a16,mmlu,63.33,-0.55,-1.1416459709290367,-2.669613431759844,0.3863214899017704,-0.3533465346534653,-0.60234375,True,granite-3.1-8b-base|s3
RedHatAI/granite-3.1-8b-base-quantized.w4a16,granite,granite-3.1-8b-base,w4a16,truthfulqa,51.33,-0.03,-0.7863164938281662,-2.3142839546589733,0.741650967002641,-0.3533465346534653,-0.19682539682539682,True,granite-3.1-8b-base|s3
RedHatAI/granite-3.1-8b-base-quantized.w4a16,granite,granite-3.1-8b-base,w4a16,winogrande,80.9,-1.66,-0.713885799940696,-2.241853260771503,0.8140816608901111,-0.3533465346534653,-0.10546875,True,granite-3.1-8b-base|s3
RedHatAI/granite-3.1-8b-base-quantized.w4a16,granite,granite-3.1-8b-base,w4a16,humaneval,44.1,-3.4,-0.6283975141343634,-2.1563649749651708,0.8995699466964437,-0.3533465346534653,-0.15555555555555556,False,granite-3.1-8b-base|s3
RedHatAI/granite-3.1-8b-base-quantized.w8a8,granite,granite-3.1-8b-base,w8a8_int,arc_challenge,64.68,-0.43,-0.3736505995204411,-1.9016180603512483,1.154316861310366,-0.3533465346534653,-0.3225806451612903,True,granite-3.1-8b-base|s3
RedHatAI/granite-3.1-8b-base-quantized.w8a8,granite,granite-3.1-8b-base,w8a8_int,gsm8k,60.88,-0.38,-0.5000020945291721,-2.027969555359979,1.027965366301635,-0.3533465346534653,-0.49,True,granite-3.1-8b-base|s3
RedHatAI/granite-3.1-8b-base-quantized.w8a8,granite,granite-3.1-8b-base,w8a8_int,hellaswag,83.52,-0.3,-0.3916394423652084,-1.9196069031960157,1.1363280184655986,-0.3533465346534653,-0.336,True,granite-3.1-8b-base|s3
RedHatAI/granite-3.1-8b-base-quantized.w8a8,granite,granite-3.1-8b-base,w8a8_int,mmlu,63.33,-0.17,-0.6218813960937544,-2.1498488569245615,0.9060860647370528,-0.3533465346534653,-0.60234375,True,granite-3.1-8b-base|s3
RedHatAI/granite-3.1-8b-base-quantized.w8a8,granite,granite-3.1-8b-base,w8a8_int,truthfulqa,51.33,1.26,-0.2665519189928839,-1.794519379823691,1.2614155418379234,-0.3533465346534653,-0.19682539682539682,True,granite-3.1-8b-base|s3
RedHatAI/granite-3.1-8b-base-quantized.w8a8,granite,granite-3.1-8b-base,w8a8_int,winogrande,80.9,-0.79,-0.19412122510541374,-1.722088685936221,1.3338462357253933,-0.3533465346534653,-0.10546875,True,granite-3.1-8b-base|s3
RedHatAI/granite-3.1-8b-base-quantized.w8a8,granite,granite-3.1-8b-base,w8a8_int,humaneval,44.1,-1.0,-0.108632939299081,-1.6366004001298882,1.4193345215317261,-0.3533465346534653,-0.15555555555555556,True,granite-3.1-8b-base|s3
RedHatAI/granite-3.1-8b-base-FP8-dynamic,granite,granite-3.1-8b-base,fp8_dynamic,arc_challenge,64.68,-0.52,0.043071588687024376,-1.332724556311504,1.4188677336855526,-0.3137716262975778,-0.3283582089552239,True,granite-3.1-8b-base|s4
RedHatAI/granite-3.1-8b-base-FP8-dynamic,granite,granite-3.1-8b-base,fp8_dynamic,gsm8k,60.88,-2.43,0.06822283839751908,-1.3075733066010091,1.4440189833960475,-0.3137716262975778,-0.31058823529411766,False,granite-3.1-8b-base|s4
RedHatAI/granite-3.1-8b-base-FP8-dynamic,granite,granite-3.1-8b-base,fp8_dynamic,hellaswag,83.52,-0.06,0.17228448108455108,-1.2035116639139773,1.5480806260830793,-0.3137716262975778,-0.18169014084507043,True,granite-3.1-8b-base|s4
RedHatAI/granite-3.1-8b-base-FP8-dynamic,granite,granite-3.1-8b-base,fp8_dynamic,mmlu,63.33,0.02,-0.10564212038229359,-1.481438265380822,1.2701540246162346,-0.3137716262975778,-0.47897058823529415,True,granite-3.1-8b-base|s4
RedHatAI/granite-3.1-8b-base-FP8-dynamic,granite,granite-3.1-8b-base,fp8_dynamic,truthfulqa,51.33,0.23,0.17767516582186582,-1.1981209791766625,1.5534713108203941,-0.3137716262975778,-0.17802816901408453,True,granite-3.1-8b-base|s4
RedHatAI/granite-3.1-8b-base-FP8-dynamic,granite,granite-3.1-8b-base,fp8_dynamic,winogrande,80.9,-0.24,0.19639750626147368,-1.1793986387370547,1.5721936512600019,-0.3137716262975778,-0.14884057971014492,True,granite-3.1-8b-base|s4
RedHatAI/granite-3.1-8b-base-FP8-dynamic,granite,granite-3.1-8b-base,fp8_dynamic,humaneval,44.1,0.7,0.21003675431783764,-1.1657593906806907,1.585832899316366,-0.3137716262975778,-0.31130434782608696,True,granite-3.1-8b-base|s4
RedHatAI/granite-3.1-8b-base-quantized.w4a16,granite,granite-3.1-8b-base,w4a16,arc_challenge,64.68,-2.31,-0.8796550049215948,-2.2554511499201233,0.49614114007693355,-0.3137716262975778,-0.3283582089552239,False,granite-3.1-8b-base|s4
RedHatAI/granite-3.1-8b-base-quantized.w4a16,granite,granite-3.1-8b-base,w4a16,gsm8k,60.88,-5.99,-0.8545037552111001,-2.230299900209628,0.5212923897874282,-0.3137716262975778,-0.31058823529411766,False,granite-3.1-8b-base|s4
RedHatAI/granite-3.1-8b-base-quantized.w4a16,granite,granite-3.1-8b-base,w4a16,hellaswag,83.52,-0.99,-0.7504421125240681,-2.1262382575225964,0.6253540324744602,-0.3137716262975778,-0.18169014084507043,True,granite-3.1-8b-base|s4
RedHatAI/granite-3.1-8b-base-quantized.w4a16,granite,granite-3.1-8b-base,w4a16,mmlu,63.33,-0.55,-1.0283687139909126,-2.404164858989441,0.34742743100761575,-0.3137716262975778,-0.47897058823529415,True,granite-3.1-8b-base|s4
RedHatAI/granite-3.1-8b-base-quantized.w4a16,granite,granite-3.1-8b-base,w4a16,truthfulqa,51.33,-0.03,-0.7450514277867533,-2.120847572785282,0.630744717211775,-0.3137716262975778,-0.17802816901408453,True,granite-3.1-8b-base|s4
RedHatAI/granite-3.1-8b-base-quantized.w4a16,granite,granite-3.1-8b-base,w4a16,winogrande,80.9,-1.66,-0.7263290873471454,-2.102125232345674,0.6494670576513829,-0.3137716262975778,-0.14884057971014492,True,granite-3.1-8b-base|s4
RedHatAI/granite-3.1-8b-base-quantized.w4a16,granite,granite-3.1-8b-base,w4a16,humaneval,44.1,-3.4,-0.7126898392907816,-2.08848598428931,0.6631063057077468,-0.3137716262975778,-0.31130434782608696,False,granite-3.1-8b-base|s4
RedHatAI/granite-3.1-8b-base-quantized.w8a8,granite,granite-3.1-8b-base,w8a8_int,arc_challenge,64.68,-0.43,-0.3765918259253401,-1.7523879709238683,0.9992043190731883,-0.3137716262975778,-0.3283582089552239,True,granite-3.1-8b-base|s4
RedHatAI/granite-3.1-8b-base-quantized.w8a8,granite,granite-3.1-8b-base,w8a8_int,gsm8k,60.88,-0.38,-0.3514405762148454,-1.7272367212133737,1.024355568783683,-0.3137716262975778,-0.31058823529411766,True,granite-3.1-8b-base|s4
RedHatAI/granite-3.1-8b-base-quantized.w8a8,granite,granite-3.1-8b-base,w8a8_int,hellaswag,83.52,-0.3,-0.24737893352781337,-1.6231750785263417,1.128417211470715,-0.3137716262975778,-0.18169014084507043,True,granite-3.1-8b-base|s4
RedHatAI/granite-3.1-8b-base-quantized.w8a8,granite,granite-3.1-8b-base,w8a8_int,mmlu,63.33,-0.17,-0.525305534994658,-1.9011016799931864,0.8504906100038703,-0.3137716262975778,-0.47897058823529415,True,granite-3.1-8b-base|s4
RedHatAI/granite-3.1-8b-base-quantized.w8a8,granite,granite-3.1-8b-base,w8a8_int,truthfulqa,51.33,1.26,-0.2419882487904986,-1.6177843937890268,1.1338078962080298,-0.3137716262975778,-0.17802816901408453,False,granite-3.1-8b-base|s4
RedHatAI/granite-3.1-8b-base-quantized.w8a8,granite,granite-3.1-8b-base,w8a8_int,winogrande,80.9,-0.79,-0.22326590835089077,-1.599062053349419,1.1525302366476375,-0.3137716262975778,-0.14884057971014492,True,granite-3.1-8b-base|s4
RedHatAI/granite-3.1-8b-base-quantized.w8a8,granite,granite-3.1-8b-base,w8a8_int,humaneval,44.1,-1.0,-0.20962666029452678,-1.585422805293055,1.1661694847040016,-0.3137716262975778,-0.31130434782608696,True,granite-3.1-8b-base|s4
RedHatAI/granite-3.1-8b-instruct-FP8-dynamic,granite,granite-3.1-8b-instruct,fp8_dynamic,arc_challenge,66.81,0.0,-0.050604975856201884,-1.6302147232411226,1.5290047715287187,-0.32523893805309734,-0.35955882352941176,True,granite-3.1-8b-instruct|s0
RedHatAI/granite-3.1-8b-instruct-FP8-dynamic,granite,granite-3.1-8b-instruct,fp8_dynamic,gsm8k,64.52,2.12,-0.14439953789757387,-1.7240092852824946,1.4352102094873467,-0.32523893805309734,-0.4835820895522388,False,granite-3.1-8b-instruct|s0
RedHatAI/granite-3.1-8b-instruct-FP8-dynamic,granite,granite-3.1-8b-instruct,fp8_dynamic,hellaswag,84.18,-0.02,0.08107450852042525,-1.4985352388644955,1.6606842559053459,-0.32523893805309734,-0.18442857142857144,True,granite-3.1-8b-instruct|s0
RedHatAI/granite-3.1-8b-instruct-FP8-dynamic,granite,granite-3.1-8b-instruct,fp8_dynamic,mmlu,65.52,-0.16,-0.16766470954489365,-1.7472744569298144,1.411945037840027,-0.32523893805309734,-0.4745588235294118,True,granite-3.1-8b-instruct|s0
RedHatAI/granite-3.1-8b-instruct-FP8-dynamic,granite,granite-3.1-8b-instruct,fp8_dynamic,truthfulqa,60.57,-0.05,0.135892900975214,-1.4437168464097065,1.7155026483601348,-0.32523893805309734,-0.13388059701492538,True,granite-3.1-8b-instruct|s0
RedHatAI/granite-3.1-8b-instruct-FP8-dynamic,granite,granite-3.1-8b-instruct,fp8_dynamic,winogrande,80.19,-0.24,0.1368231430832776,-1.442786604301643,1.7164328904681982,-0.32523893805309734,-0.12521739130434784,True,granite-3.1-8b-instruct|s0
RedHatAI/granite-3.1-8b-instruct-FP8-dynamic,granite,granite-3.1-8b-instruct,fp8_dynamic,ifeval,74.1,-0.48,0.1892592524399056,-1.390350494945015,1.7688689998248264,-0.32523893805309734,-0.16857142857142857,True,granite-3.1-8b-instruct|s0
RedHatAI/granite-3.1-8b-instruct-FP8-dynamic,granite,granite-3.1-8b-instruct,fp8_dynamic,bbh,53.19,0.07,-0.2539886884500854,-1.8335984358350061,1.3256210589348352,-0.32523893805309734,-0.6456521739130434,True,granite-3.1-8b-instruct|s0
RedHatAI/granite-3.1-8b-instruct-FP8-dynamic,granite,granite-3.1-8b-instruct,fp8_dynamic,gpqa,31.76,0.82,0.488836522588196,-1.0907732247967248,2.0684462699731165,-0.32523893805309734,0.0692857142857143,True,granite-3.1-8b-instruct|s0
RedHatAI/granite-3.1-8b-instruct-FP8-dynamic,granite,granite-3.1-8b-instruct,fp8_dynamic,musr,46.01,1.33,0.588990148377086,-0.9906195990078347,2.1685998957620067,-0.32523893805309734,0.14500000000000002,True,granite-3.1-8b-instruct|s0
RedHatAI/granite-3.1-8b-instruct-FP8-dynamic,granite,granite-3.1-8b-instruct,fp8_dynamic,mmlu_pro,35.81,-0.09,-0.8576017362653298,-2.4372114836502505,0.7220080111195909,-0.32523893805309734,-1.3960000000000001,True,granite-3.1-8b-instruct|s0
RedHatAI/granite-3.1-8b-instruct-FP8-dynamic,granite,granite-3.1-8b-instruct,fp8_dynamic,humaneval,71.0,-1.1,0.17319341655701403,-1.4064163308279065,1.7528031639419348,-0.32523893805309734,-0.23727272727272727,True,granite-3.1-8b-instruct|s0
RedHatAI/granite-3.1-8b-instruct-quantized.w4a16,granite,granite-3.1-8b-instruct,w4a16,arc_challenge,66.81,0.0,-0.7207050249183606,-2.300314772303281,0.85890472246656,-0.32523893805309734,-0.35955882352941176,True,granite-3.1-8b-instruct|s0
RedHatAI/granite-3.1-8b-instruct-quantized.w4a16,granite,granite-3.1-8b-instruct,w4a16,gsm8k,64.52,1.14,-0.8144995869597327,-2.3941093343446536,0.765110160425188,-0.32523893805309734,-0.4835820895522388,False,granite-3.1-8b-instruct|s0
RedHatAI/granite-3.1-8b-instruct-quantized.w4a16,granite,granite-3.1-8b-instruct,w4a16,hellaswag,84.18,-0.56,-0.5890255405417335,-2.168635287926654,0.9905842068431872,-0.32523893805309734,-0.18442857142857144,True,granite-3.1-8b-instruct|s0
RedHatAI/granite-3.1-8b-instruct-quantized.w4a16,granite,granite-3.1-8b-instruct,w4a16,mmlu,65.52,-1.27,-0.8377647586070525,-2.4173745059919733,0.7418449887778682,-0.32523893805309734,-0.4745588235294118,True,granite-3.1-8b-instruct|s0
RedHatAI/granite-3.1-8b-instruct-quantized.w4a16,granite,granite-3.1-8b-instruct,w4a16,truthfulqa,60.57,-0.4,-0.5342071480869448,-2.1138168954718655,1.0454025992979759,-0.32523893805309734,-0.13388059701492538,True,granite-3.1-8b-instruct|s0
RedHatAI/granite-3.1-8b-instruct-quantized.w4a16,granite,granite-3.1-8b-instruct,w4a16,winogrande,80.19,-1.82,-0.5332769059788812,-2.1128866533638018,1.0463328414060395,-0.32523893805309734,-0.12521739130434784,True,granite-3.1-8b-instruct|s0
RedHatAI/granite-3.1-8b-instruct-quantized.w4a16,granite,granite-3.1-8b-instruct,w4a16,ifeval,74.01,-0.87,-0.480631625995933,-2.060241373380854,1.0989781213889875,-0.32523893805309734,-0.16857142857142857,True,granite-3.1-8b-instruct|s0
RedHatAI/granite-3.1-8b-instruct-quantized.w4a16,granite,granite-3.1-8b-instruct,w4a16,bbh,53.19,-1.67,-0.9240887375122441,-2.5036984848971646,0.6555210098726766,-0.32523893805309734,-0.6456521739130434,True,granite-3.1-8b-instruct|s0
RedHatAI/granite-3.1-8b-instruct-quantized.w4a16,granite,granite-3.1-8b-instruct,w4a16,gpqa,31.76,-1.85,-0.1812635264739628,-1.7608732738588835,1.3983462209109578,-0.32523893805309734,0.0692857142857143,False,granite-3.1-8b-instruct|s0
RedHatAI/granite-3.1-8b-instruct-quantized.w4a16,granite,granite-3.1-8b-instruct,w4a16,musr,46.01,-0.26,-0.0811099006850729,-1.6607196480699935,1.4984998466998478,-0.32523893805309734,0.14500000000000002,True,granite-3.1-8b-instruct|s0
RedHatAI/granite-3.1-8b-instruct-quantized.w4a16,granite,granite-3.1-8b-instruct,w4a16,mmlu_pro,35.81,-1.58,-1.5277017853274886,-3.1073115327124095,0.05190796205743209,-0.32523893805309734,-1.3960000000000001,True,granite-3.1-8b-instruct|s0
RedHatAI/granite-3.1-8b-instruct-quantized.w4a16,granite,granite-3.1-8b-instruct,w4a16,humaneval,71.0,-0.5,-0.49690663250514466,-2.0765163798900654,1.0827031148797759,-0.32523893805309734,-0.23727272727272727,True,granite-3.1-8b-instruct|s0
RedHatAI/granite-3.1-8b-instruct-quantized.w8a8,granite,granite-3.1-8b-instruct,w8a8_int,arc_challenge,66.81,0.25,-0.3761353808771273,-1.955745128262048,1.2034743665077934,-0.32523893805309734,-0.35955882352941176,True,granite-3.1-8b-instruct|s0
RedHatAI/granite-3.1-8b-instruct-quantized.w8a8,granite,granite-3.1-8b-instruct,w8a8_int,gsm8k,64.52,1.14,-0.4699299429184992,-2.04953969030342,1.1096798044664213,-0.32523893805309734,-0.4835820895522388,False,granite-3.1-8b-instruct|s0
RedHatAI/granite-3.1-8b-instruct-quantized.w8a8,granite,granite-3.1-8b-instruct,w8a8_int,hellaswag,84.18,-0.25,-0.24445589650050015,-1.8240656438854208,1.3351538508844205,-0.32523893805309734,-0.18442857142857144,True,granite-3.1-8b-instruct|s0
RedHatAI/granite-3.1-8b-instruct-quantized.w8a8,granite,granite-3.1-8b-instruct,w8a8_int,mmlu,65.52,-0.49,-0.4931951145658191,-2.0728048619507398,1.0864146328191016,-0.32523893805309734,-0.4745588235294118,True,granite-3.1-8b-instruct|s0
RedHatAI/granite-3.1-8b-instruct-quantized.w8a8,granite,granite-3.1-8b-instruct,w8a8_int,truthfulqa,60.57,-0.55,-0.1896375040457114,-1.769247251430632,1.3899722433392092,-0.32523893805309734,-0.13388059701492538,True,granite-3.1-8b-instruct|s0
RedHatAI/granite-3.1-8b-instruct-quantized.w8a8,granite,granite-3.1-8b-instruct,w8a8_int,winogrande,80.19,-0.32,-0.1887072619376478,-1.7683170093225684,1.390902485447273,-0.32523893805309734,-0.12521739130434784,True,granite-3.1-8b-instruct|s0
RedHatAI/granite-3.1-8b-instruct-quantized.w8a8,granite,granite-3.1-8b-instruct,w8a8_int,ifeval,74.01,-0.51,-0.13606198195469965,-1.7156717293396202,1.4435477654302211,-0.32523893805309734,-0.16857142857142857,True,granite-3.1-8b-instruct|s0
RedHatAI/granite-3.1-8b-instruct-quantized.w8a8,granite,granite-3.1-8b-instruct,w8a8_int,bbh,53.19,-0.6,-0.5795190934710108,-2.1591288408559315,1.0000906539139098,-0.32523893805309734,-0.6456521739130434,True,granite-3.1-8b-instruct|s0
RedHatAI/granite-3.1-8b-instruct-quantized.w8a8,granite,granite-3.1-8b-instruct,w8a8_int,gpqa,31.76,-1.14,0.16330611756727065,-1.4163036298176501,1.7429158649521912,-0.32523893805309734,0.0692857142857143,True,granite-3.1-8b-instruct|s0
RedHatAI/granite-3.1-8b-instruct-quantized.w8a8,granite,granite-3.1-8b-instruct,w8a8_int,musr,46.01,-1.71,0.2634597433561604,-1.3161500040287604,1.843069490741081,-0.32523893805309734,0.14500000000000002,False,granite-3.1-8b-instruct|s0
RedHatAI/granite-3.1-8b-instruct-quantized.w8a8,granite,granite-3.1-8b-instruct,w8a8_int,mmlu_pro,35.81,-0.4,-1.1831321412862552,-2.762741888671176,0.39647760609866545,-0.32523893805309734,-1.3960000000000001,True,granite-3.1-8b-instruct|s0
RedHatAI/granite-3.1-8b-instruct-quantized.w8a8,granite,granite-3.1-8b-instruct,w8a8_int,humaneval,71.0,-0.5,-0.1523369884639113,-1.7319467358488319,1.4272727589210095,-0.32523893805309734,-0.23727272727272727,True,granite-3.1-8b-instruct|s0
RedHatAI/granite-3.1-8b-instruct-FP8-dynamic,granite,granite-3.1-8b-instruct,fp8_dynamic,arc_challenge,66.81,0.0,-0.20559943798851807,-2.1191421042872447,1.7079432283102087,-0.3671936056838366,-0.4101492537313433,True,granite-3.1-8b-instruct|s1
RedHatAI/granite-3.1-8b-instruct-FP8-dynamic,granite,granite-3.1-8b-instruct,fp8_dynamic,gsm8k,64.52,2.12,-0.505083157019657,-2.4186258233183837,1.4084595092790697,-0.3671936056838366,-0.7685294117647059,False,granite-3.1-8b-instruct|s1
RedHatAI/granite-3.1-8b-instruct-FP8-dynamic,granite,granite-3.1-8b-instruct,fp8_dynamic,hellaswag,84.18,-0.02,-0.08451645717634931,-1.998059123475076,1.8290262091223775,-0.3671936056838366,-0.25,True,granite-3.1-8b-instruct|s1
RedHatAI/granite-3.1-8b-instruct-FP8-dynamic,granite,granite-3.1-8b-instruct,fp8_dynamic,mmlu,65.52,-0.16,-0.29276836472143897,-2.2063110310201655,1.6207743015772877,-0.3671936056838366,-0.4910294117647059,True,granite-3.1-8b-instruct|s1
RedHatAI/granite-3.1-8b-instruct-FP8-dynamic,granite,granite-3.1-8b-instruct,fp8_dynamic,truthfulqa,60.57,-0.05,-0.06364647541526225,-1.977189141713989,1.8498961908834644,-0.3671936056838366,-0.2376470588235294,True,granite-3.1-8b-instruct|s1
RedHatAI/granite-3.1-8b-instruct-FP8-dynamic,granite,granite-3.1-8b-instruct,fp8_dynamic,winogrande,80.19,-0.24,-0.049640552544417405,-1.9631832188431442,1.8639021137543093,-0.3671936056838366,-0.21521739130434783,True,granite-3.1-8b-instruct|s1
RedHatAI/granite-3.1-8b-instruct-FP8-dynamic,granite,granite-3.1-8b-instruct,fp8_dynamic,ifeval,74.1,-0.48,0.07703938895341877,-1.836503277345308,1.9905820552521454,-0.3671936056838366,-0.174,True,granite-3.1-8b-instruct|s1
RedHatAI/granite-3.1-8b-instruct-FP8-dynamic,granite,granite-3.1-8b-instruct,fp8_dynamic,bbh,53.19,0.07,-0.6211844987281858,-2.5347271650269123,1.292358167570541,-0.3671936056838366,-0.9413636363636364,True,granite-3.1-8b-instruct|s1
RedHatAI/granite-3.1-8b-instruct-FP8-dynamic,granite,granite-3.1-8b-instruct,fp8_dynamic,gpqa,31.76,0.82,0.7064458023741169,-1.2070968639246098,2.619988468672844,-0.3671936056838366,0.498235294117647,True,granite-3.1-8b-instruct|s1
RedHatAI/granite-3.1-8b-instruct-FP8-dynamic,granite,granite-3.1-8b-instruct,fp8_dynamic,musr,46.01,1.33,0.4080581316109085,-1.5054845346878183,2.3216007979096354,-0.3671936056838366,0.092,True,granite-3.1-8b-instruct|s1
RedHatAI/granite-3.1-8b-instruct-FP8-dynamic,granite,granite-3.1-8b-instruct,fp8_dynamic,mmlu_pro,35.81,-0.09,-0.7103719355338243,-2.623914601832551,1.2031707307649024,-0.3671936056838366,-1.08,True,granite-3.1-8b-instruct|s1
RedHatAI/granite-3.1-8b-instruct-FP8-dynamic,granite,granite-3.1-8b-instruct,fp8_dynamic,humaneval,71.0,-1.1,0.15462160779115436,-1.7589210585075723,2.068164274089881,-0.3671936056838366,-0.13499999999999998,True,granite-3.1-8b-instruct|s1
RedHatAI/granite-3.1-8b-instruct-quantized.w4a16,granite,granite-3.1-8b-instruct,w4a16,arc_challenge,66.81,0.0,-0.8410818407933262,-2.754624507092053,1.0724608255054005,-0.3671936056838366,-0.4101492537313433,True,granite-3.1-8b-instruct|s1
RedHatAI/granite-3.1-8b-instruct-quantized.w4a16,granite,granite-3.1-8b-instruct,w4a16,gsm8k,64.52,1.14,-1.1405655598244653,-3.054108226123192,0.7729771064742614,-0.3671936056838366,-0.7685294117647059,False,granite-3.1-8b-instruct|s1
RedHatAI/granite-3.1-8b-instruct-quantized.w4a16,granite,granite-3.1-8b-instruct,w4a16,hellaswag,84.18,-0.56,-0.7199988599811573,-2.633541526279884,1.1935438063175694,-0.3671936056838366,-0.25,True,granite-3.1-8b-instruct|s1
RedHatAI/granite-3.1-8b-instruct-quantized.w4a16,granite,granite-3.1-8b-instruct,w4a16,mmlu,65.52,-1.27,-0.928250767526247,-2.8417934338249737,0.9852918987724797,-0.3671936056838366,-0.4910294117647059,True,granite-3.1-8b-instruct|s1
RedHatAI/granite-3.1-8b-instruct-quantized.w4a16,granite,granite-3.1-8b-instruct,w4a16,truthfulqa,60.57,-0.4,-0.6991288782200704,-2.612671544518797,1.2144137880786563,-0.3671936056838366,-0.2376470588235294,True,granite-3.1-8b-instruct|s1
RedHatAI/granite-3.1-8b-instruct-quantized.w4a16,granite,granite-3.1-8b-instruct,w4a16,winogrande,80.19,-1.82,-0.6851229553492253,-2.5986656216479522,1.2284197109495014,-0.3671936056838366,-0.21521739130434783,True,granite-3.1-8b-instruct|s1
RedHatAI/granite-3.1-8b-instruct-quantized.w4a16,granite,granite-3.1-8b-instruct,w4a16,ifeval,74.01,-0.87,-0.5582362523564743,-2.4717789186552013,1.3553064139422524,-0.3671936056838366,-0.174,True,granite-3.1-8b-instruct|s1
RedHatAI/granite-3.1-8b-instruct-quantized.w4a16,granite,granite-3.1-8b-instruct,w4a16,bbh,53.19,-1.67,-1.256666901532994,-3.170209567831721,0.6568757647657326,-0.3671936056838366,-0.9413636363636364,True,granite-3.1-8b-instruct|s1
RedHatAI/granite-3.1-8b-instruct-quantized.w4a16,granite,granite-3.1-8b-instruct,w4a16,gpqa,31.76,-1.85,0.0709633995693088,-1.8425792667294179,1.9845060658680356,-0.3671936056838366,0.498235294117647,False,granite-3.1-8b-instruct|s1
RedHatAI/granite-3.1-8b-instruct-quantized.w4a16,granite,granite-3.1-8b-instruct,w4a16,musr,46.01,-0.26,-0.2274242711938996,-2.1409669374926263,1.686118395104827,-0.3671936056838366,0.092,True,granite-3.1-8b-instruct|s1
RedHatAI/granite-3.1-8b-instruct-quantized.w4a16,granite,granite-3.1-8b-instruct,w4a16,mmlu_pro,35.81,-1.58,-1.3458543383386323,-3.259397004637359,0.5676883279600944,-0.3671936056838366,-1.08,True,granite-3.1-8b-instruct|s1
RedHatAI/granite-3.1-8b-instruct-quantized.w4a16,granite,granite-3.1-8b-instruct,w4a16,humaneval,71.0,-0.5,-0.48086079501365375,-2.3944034613123804,1.432681871285073,-0.3671936056838366,-0.13499999999999998,True,granite-3.1-8b-instruct|s1
RedHatAI/granite-3.1-8b-instruct-quantized.w8a8,granite,granite-3.1-8b-instruct,w8a8_int,arc_challenge,66.81,0.25,-0.4317946749824066,-2.3453373412811334,1.48174799131632,-0.3671936056838366,-0.4101492537313433,True,granite-3.1-8b-instruct|s1
RedHatAI/granite-3.1-8b-instruct-quantized.w8a8,granite,granite-3.1-8b-instruct,w8a8_int,gsm8k,64.52,1.14,-0.7312783940135456,-2.6448210603122724,1.182264272285181,-0.3671936056838366,-0.7685294117647059,True,granite-3.1-8b-instruct|s1
RedHatAI/granite-3.1-8b-instruct-quantized.w8a8,granite,granite-3.1-8b-instruct,w8a8_int,hellaswag,84.18,-0.25,-0.3107116941702378,-2.2242543604689646,1.6028309721284888,-0.3671936056838366,-0.25,True,granite-3.1-8b-instruct|s1
RedHatAI/granite-3.1-8b-instruct-quantized.w8a8,granite,granite-3.1-8b-instruct,w8a8_int,mmlu,65.52,-0.49,-0.5189636017153274,-2.432506268014054,1.3945790645833993,-0.3671936056838366,-0.4910294117647059,True,granite-3.1-8b-instruct|s1
RedHatAI/granite-3.1-8b-instruct-quantized.w8a8,granite,granite-3.1-8b-instruct,w8a8_int,truthfulqa,60.57,-0.55,-0.2898417124091508,-2.2033843787078773,1.623700953889576,-0.3671936056838366,-0.2376470588235294,True,granite-3.1-8b-instruct|s1
RedHatAI/granite-3.1-8b-instruct-quantized.w8a8,granite,granite-3.1-8b-instruct,w8a8_int,winogrande,80.19,-0.32,-0.27583578953830584,-2.1893784558370326,1.6377068767604208,-0.3671936056838366,-0.21521739130434783,True,granite-3.1-8b-instruct|s1
RedHatAI/granite-3.1-8b-instruct-quantized.w8a8,granite,granite-3.1-8b-instruct,w8a8_int,ifeval,74.01,-0.51,-0.14894908654555472,-2.0624917528442817,1.764593579753172,-0.3671936056838366,-0.174,True,granite-3.1-8b-instruct|s1
RedHatAI/granite-3.1-8b-instruct-quantized.w8a8,granite,granite-3.1-8b-instruct,w8a8_int,bbh,53.19,-0.6,-0.8473797357220745,-2.7609224020208014,1.0661629305766522,-0.3671936056838366,-0.9413636363636364,True,granite-3.1-8b-instruct|s1
RedHatAI/granite-3.1-8b-instruct-quantized.w8a8,granite,granite-3.1-8b-instruct,w8a8_int,gpqa,31.76,-1.14,0.4802505653802282,-1.4332921009184985,2.3937932316789547,-0.3671936056838366,0.498235294117647,True,granite-3.1-8b-instruct|s1
RedHatAI/granite-3.1-8b-instruct-quantized.w8a8,granite,granite-3.1-8b-instruct,w8a8_int,musr,46.01,-1.71,0.18186289461702004,-1.7316797716817067,2.0954055609157467,-0.3671936056838366,0.092,True,granite-3.1-8b-instruct|s1
RedHatAI/granite-3.1-8b-instruct-quantized.w8a8,granite,granite-3.1-8b-instruct,w8a8_int,mmlu_pro,35.81,-0.4,-0.9365671725277127,-2.850109838826439,0.976975493771014,-0.3671936056838366,-1.08,True,granite-3.1-8b-instruct|s1
RedHatAI/granite-3.1-8b-instruct-quantized.w8a8,granite,granite-3.1-8b-instruct,w8a8_int,humaneval,71.0,-0.5,-0.07157362920273413,-1.9851162955014607,1.8419690370959927,-0.3671936056838366,-0.13499999999999998,True,granite-3.1-8b-instruct|s1
RedHatAI/granite-3.1-8b-instruct-FP8-dynamic,granite,granite-3.1-8b-instruct,fp8_dynamic,arc_challenge,66.81,0.0,-0.16266799262691062,-2.1529604477335123,1.8276244624796911,-0.3644268774703557,-0.33492063492063495,True,granite-3.1-8b-instruct|s2
RedHatAI/granite-3.1-8b-instruct-FP8-dynamic,granite,granite-3.1-8b-instruct,fp8_dynamic,gsm8k,64.52,2.12,-0.6279955423436788,-2.6182879974502806,1.3622969127629228,-0.3644268774703557,-0.8514062499999999,False,granite-3.1-8b-instruct|s2
RedHatAI/granite-3.1-8b-instruct-FP8-dynamic,granite,granite-3.1-8b-instruct,fp8_dynamic,hellaswag,84.18,-0.02,-0.07329607928342635,-2.063588534390028,1.9169963758231754,-0.3644268774703557,-0.2874626865671642,True,granite-3.1-8b-instruct|s2
RedHatAI/granite-3.1-8b-instruct-FP8-dynamic,granite,granite-3.1-8b-instruct,fp8_dynamic,mmlu,65.52,-0.16,-0.25375478829935233,-2.244047243405954,1.7365376668072494,-0.3644268774703557,-0.41484375,True,granite-3.1-8b-instruct|s2
RedHatAI/granite-3.1-8b-instruct-FP8-dynamic,granite,granite-3.1-8b-instruct,fp8_dynamic,truthfulqa,60.57,-0.05,-0.035201793873982756,-2.0254942489805843,1.9550906612326189,-0.3644268774703557,-0.2137878787878788,True,granite-3.1-8b-instruct|s2
RedHatAI/granite-3.1-8b-instruct-FP8-dynamic,granite,granite-3.1-8b-instruct,fp8_dynamic,winogrande,80.19,-0.24,-0.03832840057841802,-2.02862085568502,1.9519640545281836,-0.3644268774703557,-0.23895522388059698,True,granite-3.1-8b-instruct|s2
RedHatAI/granite-3.1-8b-instruct-FP8-dynamic,granite,granite-3.1-8b-instruct,fp8_dynamic,ifeval,74.1,-0.48,-0.14764566095426554,-2.1379381160608673,1.8426467941523361,-0.3644268774703557,-0.3825,True,granite-3.1-8b-instruct|s2
RedHatAI/granite-3.1-8b-instruct-FP8-dynamic,granite,granite-3.1-8b-instruct,fp8_dynamic,bbh,53.19,0.07,-0.475140963296163,-2.465433418402765,1.5151514918104387,-0.3644268774703557,-0.7546153846153847,True,granite-3.1-8b-instruct|s2
RedHatAI/granite-3.1-8b-instruct-FP8-dynamic,granite,granite-3.1-8b-instruct,fp8_dynamic,gpqa,31.76,0.82,0.6546769492202118,-1.3356155058863899,2.6449694043268135,-0.3644268774703557,0.4659999999999999,True,granite-3.1-8b-instruct|s2
RedHatAI/granite-3.1-8b-instruct-FP8-dynamic,granite,granite-3.1-8b-instruct,fp8_dynamic,musr,46.01,1.33,0.3161425337024512,-1.6741499214041504,2.3064349888090527,-0.3644268774703557,0.037142857142857144,True,granite-3.1-8b-instruct|s2
RedHatAI/granite-3.1-8b-instruct-FP8-dynamic,granite,granite-3.1-8b-instruct,fp8_dynamic,mmlu_pro,35.81,-0.09,-0.37394438652959505,-2.3642368416361967,1.6163480685770066,-0.3644268774703557,-0.6406666666666666,True,granite-3.1-8b-instruct|s2
RedHatAI/granite-3.1-8b-instruct-FP8-dynamic,granite,granite-3.1-8b-instruct,fp8_dynamic,humaneval,71.0,-1.1,0.011284119567166684,-1.979008335539435,2.001576574673768,-0.3644268774703557,-0.2634782608695652,True,granite-3.1-8b-instruct|s2
RedHatAI/granite-3.1-8b-instruct-quantized.w4a16,granite,granite-3.1-8b-instruct,w4a16,arc_challenge,66.81,0.0,-0.8712448485314639,-2.8615373036380656,1.1190476065751378,-0.3644268774703557,-0.33492063492063495,True,granite-3.1-8b-instruct|s2
RedHatAI/granite-3.1-8b-instruct-quantized.w4a16,granite,granite-3.1-8b-instruct,w4a16,gsm8k,64.52,1.14,-1.3365723982482323,-3.326864853354834,0.6537200568583694,-0.3644268774703557,-0.8514062499999999,False,granite-3.1-8b-instruct|s2
RedHatAI/granite-3.1-8b-instruct-quantized.w4a16,granite,granite-3.1-8b-instruct,w4a16,hellaswag,84.18,-0.56,-0.7818729351879797,-2.7721653902945813,1.208419519918622,-0.3644268774703557,-0.2874626865671642,True,granite-3.1-8b-instruct|s2
RedHatAI/granite-3.1-8b-instruct-quantized.w4a16,granite,granite-3.1-8b-instruct,w4a16,mmlu,65.52,-1.27,-0.9623316442039056,-2.9526240993105075,1.027960810902696,-0.3644268774703557,-0.41484375,True,granite-3.1-8b-instruct|s2
RedHatAI/granite-3.1-8b-instruct-quantized.w4a16,granite,granite-3.1-8b-instruct,w4a16,truthfulqa,60.57,-0.4,-0.7437786497785359,-2.7340711048851376,1.2465138053280658,-0.3644268774703557,-0.2137878787878788,True,granite-3.1-8b-instruct|s2
RedHatAI/granite-3.1-8b-instruct-quantized.w4a16,granite,granite-3.1-8b-instruct,w4a16,winogrande,80.19,-1.82,-0.7469052564829715,-2.737197711589573,1.2433871986236302,-0.3644268774703557,-0.23895522388059698,True,granite-3.1-8b-instruct|s2
RedHatAI/granite-3.1-8b-instruct-quantized.w4a16,granite,granite-3.1-8b-instruct,w4a16,ifeval,74.01,-0.87,-0.8566458118685826,-2.8469382669751844,1.133646643238019,-0.3644268774703557,-0.3825,True,granite-3.1-8b-instruct|s2
RedHatAI/granite-3.1-8b-instruct-quantized.w4a16,granite,granite-3.1-8b-instruct,w4a16,bbh,53.19,-1.67,-1.1837178192007165,-3.174010274307318,0.8065746359058852,-0.3644268774703557,-0.7546153846153847,True,granite-3.1-8b-instruct|s2
RedHatAI/granite-3.1-8b-instruct-quantized.w4a16,granite,granite-3.1-8b-instruct,w4a16,gpqa,31.76,-1.85,-0.05389990668434158,-2.044192361790943,1.9363925484222602,-0.3644268774703557,0.4659999999999999,True,granite-3.1-8b-instruct|s2
RedHatAI/granite-3.1-8b-instruct-quantized.w4a16,granite,granite-3.1-8b-instruct,w4a16,musr,46.01,-0.26,-0.3924343222021021,-2.382726777308704,1.5978581329044996,-0.3644268774703557,0.037142857142857144,True,granite-3.1-8b-instruct|s2
RedHatAI/granite-3.1-8b-instruct-quantized.w4a16,granite,granite-3.1-8b-instruct,w4a16,mmlu_pro,35.81,-1.58,-1.0825212424341484,-3.07281369754075,0.9077712126724533,-0.3644268774703557,-0.6406666666666666,True,granite-3.1-8b-instruct|s2
RedHatAI/granite-3.1-8b-instruct-quantized.w4a16,granite,granite-3.1-8b-instruct,w4a16,humaneval,71.0,-0.5,-0.6972927363373865,-2.687585191443988,1.2929997187692153,-0.3644268774703557,-0.2634782608695652,True,granite-3.1-8b-instruct|s2
RedHatAI/granite-3.1-8b-instruct-quantized.w8a8,granite,granite-3.1-8b-instruct,w8a8_int,arc_challenge,66.81,0.25,-0.27656490756205854,-2.2668573626686603,1.713727547544543,-0.3644268774703557,-0.33492063492063495,True,granite-3.1-8b-instruct|s2
RedHatAI/granite-3.1-8b-instruct-quantized.w8a8,granite,granite-3.1-8b-instruct,w8a8_int,gsm8k,64.52,1.14,-0.7418924572788267,-2.7321849123854283,1.248399997827775,-0.3644268774703557,-0.8514062499999999,True,granite-3.1-8b-instruct|s2
RedHatAI/granite-3.1-8b-instruct-quantized.w8a8,granite,granite-3.1-8b-instruct,w8a8_int,hellaswag,84.18,-0.25,-0.18719299421857427,-2.177485449325176,1.8030994608880273,-0.3644268774703557,-0.2874626865671642,True,granite-3.1-8b-instruct|s2
RedHatAI/granite-3.1-8b-instruct-quantized.w8a8,granite,granite-3.1-8b-instruct,w8a8_int,mmlu,65.52,-0.49,-0.36765170323450025,-2.357944158341102,1.6226407518721015,-0.3644268774703557,-0.41484375,True,granite-3.1-8b-instruct|s2
RedHatAI/granite-3.1-8b-instruct-quantized.w8a8,granite,granite-3.1-8b-instruct,w8a8_int,truthfulqa,60.57,-0.55,-0.14909870880913068,-2.1393911639157324,1.841193746297471,-0.3644268774703557,-0.2137878787878788,True,granite-3.1-8b-instruct|s2
RedHatAI/granite-3.1-8b-instruct-quantized.w8a8,granite,granite-3.1-8b-instruct,w8a8_int,winogrande,80.19,-0.32,-0.15222531551356594,-2.1425177706201675,1.8380671395930357,-0.3644268774703557,-0.23895522388059698,True,granite-3.1-8b-instruct|s2
RedHatAI/granite-3.1-8b-instruct-quantized.w8a8,granite,granite-3.1-8b-instruct,w8a8_int,ifeval,74.01,-0.51,-0.26196587089917706,-2.2522583260057787,1.7283265842074247,-0.3644268774703557,-0.3825,True,granite-3.1-8b-instruct|s2
RedHatAI/granite-3.1-8b-instruct-quantized.w8a8,granite,granite-3.1-8b-instruct,w8a8_int,bbh,53.19,-0.6,-0.5890378782313109,-2.5793303333379125,1.4012545768752909,-0.3644268774703557,-0.7546153846153847,True,granite-3.1-8b-instruct|s2
RedHatAI/granite-3.1-8b-instruct-quantized.w8a8,granite,granite-3.1-8b-instruct,w8a8_int,gpqa,31.76,-1.14,0.5407800342850637,-1.449512420821538,2.5310724893916654,-0.3644268774703557,0.4659999999999999,True,granite-3.1-8b-instruct|s2
RedHatAI/granite-3.1-8b-instruct-quantized.w8a8,granite,granite-3.1-8b-instruct,w8a8_int,musr,46.01,-1.71,0.20224561876730346,-1.7880468363392983,2.192538073873905,-0.3644268774703557,0.037142857142857144,True,granite-3.1-8b-instruct|s2
RedHatAI/granite-3.1-8b-instruct-quantized.w8a8,granite,granite-3.1-8b-instruct,w8a8_int,mmlu_pro,35.81,-0.4,-0.487841301464743,-2.478133756571345,1.5024511536418586,-0.3644268774703557,-0.6406666666666666,True,granite-3.1-8b-instruct|s2
RedHatAI/granite-3.1-8b-instruct-quantized.w8a8,granite,granite-3.1-8b-instruct,w8a8_int,humaneval,71.0,-0.5,-0.10261279536798129,-2.092905250474583,1.8876796597386205,-0.3644268774703557,-0.2634782608695652,True,granite-3.1-8b-instruct|s2
RedHatAI/granite-3.1-8b-instruct-FP8-dynamic,granite,granite-3.1-8b-instruct,fp8_dynamic,arc_challenge,66.81,0.0,-0.09915085643331603,-1.3126881061622995,1.1143863932956672,-0.3441093474426808,-0.3828358208955224,True,granite-3.1-8b-instruct|s3
RedHatAI/granite-3.1-8b-instruct-FP8-dynamic,granite,granite-3.1-8b-instruct,fp8_dynamic,gsm8k,64.52,2.12,-0.3273232102461728,-1.540860459975156,0.8862140394828106,-0.3441093474426808,-0.6349999999999999,False,granite-3.1-8b-instruct|s3
RedHatAI/granite-3.1-8b-instruct-FP8-dynamic,granite,granite-3.1-8b-instruct,fp8_dynamic,hellaswag,84.18,-0.02,0.12290777478002718,-1.0906294749489562,1.3364450245090105,-0.3441093474426808,-0.1872857142857143,True,granite-3.1-8b-instruct|s3
RedHatAI/granite-3.1-8b-instruct-FP8-dynamic,granite,granite-3.1-8b-instruct,fp8_dynamic,mmlu,65.52,-0.16,-0.20026241988527096,-1.4137996696142543,1.0132748298437124,-0.3441093474426808,-0.47567164179104476,True,granite-3.1-8b-instruct|s3
RedHatAI/granite-3.1-8b-instruct-FP8-dynamic,granite,granite-3.1-8b-instruct,fp8_dynamic,truthfulqa,60.57,-0.05,0.13663475178171103,-1.0769024979472723,1.3501720015106944,-0.3441093474426808,-0.1384057971014493,True,granite-3.1-8b-instruct|s3
RedHatAI/granite-3.1-8b-instruct-FP8-dynamic,granite,granite-3.1-8b-instruct,fp8_dynamic,winogrande,80.19,-0.24,0.08649856058763061,-1.1270386891413526,1.300035810316614,-0.3441093474426808,-0.2101470588235294,True,granite-3.1-8b-instruct|s3
RedHatAI/granite-3.1-8b-instruct-FP8-dynamic,granite,granite-3.1-8b-instruct,fp8_dynamic,ifeval,74.1,-0.48,-0.01891125509845404,-1.2324485048274374,1.1946259946305293,-0.3441093474426808,-0.3745,True,granite-3.1-8b-instruct|s3
RedHatAI/granite-3.1-8b-instruct-FP8-dynamic,granite,granite-3.1-8b-instruct,fp8_dynamic,bbh,53.19,0.07,-0.38315590558356605,-1.5966931553125494,0.8303813441454173,-0.3441093474426808,-0.805,True,granite-3.1-8b-instruct|s3
RedHatAI/granite-3.1-8b-instruct-FP8-dynamic,granite,granite-3.1-8b-instruct,fp8_dynamic,gpqa,31.76,0.82,0.7545221314077493,-0.4590151183212341,1.9680593811367326,-0.3441093474426808,0.4568421052631579,True,granite-3.1-8b-instruct|s3
RedHatAI/granite-3.1-8b-instruct-FP8-dynamic,granite,granite-3.1-8b-instruct,fp8_dynamic,musr,46.01,1.33,0.8069412643098486,-0.4065959854191348,2.0204785140388317,-0.3441093474426808,0.344,True,granite-3.1-8b-instruct|s3
RedHatAI/granite-3.1-8b-instruct-FP8-dynamic,granite,granite-3.1-8b-instruct,fp8_dynamic,mmlu_pro,35.81,-0.09,-0.8875648124336367,-2.10110206216262,0.32597243729534664,-0.3441093474426808,-1.3843478260869566,True,granite-3.1-8b-instruct|s3
RedHatAI/granite-3.1-8b-instruct-FP8-dynamic,granite,granite-3.1-8b-instruct,fp8_dynamic,humaneval,71.0,-1.1,0.0768729369096871,-1.1366643128192964,1.2904101866386704,-0.3441093474426808,-0.36,True,granite-3.1-8b-instruct|s3
RedHatAI/granite-3.1-8b-instruct-quantized.w4a16,granite,granite-3.1-8b-instruct,w4a16,arc_challenge,66.81,0.0,-1.0754430973753417,-2.2889803471043253,0.13809415235364164,-0.3441093474426808,-0.3828358208955224,True,granite-3.1-8b-instruct|s3
RedHatAI/granite-3.1-8b-instruct-quantized.w4a16,granite,granite-3.1-8b-instruct,w4a16,gsm8k,64.52,1.14,-1.3036154511881985,-2.517152700917182,-0.09007820145921519,-0.3441093474426808,-0.6349999999999999,False,granite-3.1-8b-instruct|s3
RedHatAI/granite-3.1-8b-instruct-quantized.w4a16,granite,granite-3.1-8b-instruct,w4a16,hellaswag,84.18,-0.56,-0.8533844661619985,-2.066921715890982,0.3601527835669849,-0.3441093474426808,-0.1872857142857143,True,granite-3.1-8b-instruct|s3
RedHatAI/granite-3.1-8b-instruct-quantized.w4a16,granite,granite-3.1-8b-instruct,w4a16,mmlu,65.52,-1.27,-1.1765546608272968,-2.39009191055628,0.0369825889016866,-0.3441093474426808,-0.47567164179104476,True,granite-3.1-8b-instruct|s3
RedHatAI/granite-3.1-8b-instruct-quantized.w4a16,granite,granite-3.1-8b-instruct,w4a16,truthfulqa,60.57,-0.4,-0.8396574891603147,-2.053194738889298,0.3738797605686687,-0.3441093474426808,-0.1384057971014493,True,granite-3.1-8b-instruct|s3
RedHatAI/granite-3.1-8b-instruct-quantized.w4a16,granite,granite-3.1-8b-instruct,w4a16,winogrande,80.19,-1.82,-0.8897936803543951,-2.1033309300833785,0.32374356937458826,-0.3441093474426808,-0.2101470588235294,True,granite-3.1-8b-instruct|s3
RedHatAI/granite-3.1-8b-instruct-quantized.w4a16,granite,granite-3.1-8b-instruct,w4a16,ifeval,74.01,-0.87,-0.9955415003728443,-2.2090787501018276,0.21799574935613908,-0.3441093474426808,-0.3745,True,granite-3.1-8b-instruct|s3
RedHatAI/granite-3.1-8b-instruct-quantized.w4a16,granite,granite-3.1-8b-instruct,w4a16,bbh,53.19,-1.67,-1.3594481465255919,-2.572985396254575,-0.1459108967966085,-0.3441093474426808,-0.805,True,granite-3.1-8b-instruct|s3
RedHatAI/granite-3.1-8b-instruct-quantized.w4a16,granite,granite-3.1-8b-instruct,w4a16,gpqa,31.76,-1.85,-0.22177010953427628,-1.4353073592632597,0.991767140194707,-0.3441093474426808,0.4568421052631579,False,granite-3.1-8b-instruct|s3
RedHatAI/granite-3.1-8b-instruct-quantized.w4a16,granite,granite-3.1-8b-instruct,w4a16,musr,46.01,-0.26,-0.16935097663217746,-1.3828882263611608,1.044186273096806,-0.3441093474426808,0.344,True,granite-3.1-8b-instruct|s3
RedHatAI/granite-3.1-8b-instruct-quantized.w4a16,granite,granite-3.1-8b-instruct,w4a16,mmlu_pro,35.81,-1.58,-1.8638570533756624,-3.077394303104646,-0.6503198036466791,-0.3441093474426808,-1.3843478260869566,True,granite-3.1-8b-instruct|s3
RedHatAI/granite-3.1-8b-instruct-quantized.w4a16,granite,granite-3.1-8b-instruct,w4a16,humaneval,71.0,-0.5,-0.8994193040323384,-2.1129565537613217,0.314117945696645,-0.3441093474426808,-0.36,True,granite-3.1-8b-instruct|s3
RedHatAI/granite-3.1-8b-instruct-quantized.w8a8,granite,granite-3.1-8b-instruct,w8a8_int,arc_challenge,66.81,0.25,-0.37253762622008796,-1.5860748759490713,0.8409996235088955,-0.3441093474426808,-0.3828358208955224,True,granite-3.1-8b-instruct|s3
RedHatAI/granite-3.1-8b-instruct-quantized.w8a8,granite,granite-3.1-8b-instruct,w8a8_int,gsm8k,64.52,1.14,-0.6007099800329447,-1.814247229761928,0.6128272696960386,-0.3441093474426808,-0.6349999999999999,False,granite-3.1-8b-instruct|s3
RedHatAI/granite-3.1-8b-instruct-quantized.w8a8,granite,granite-3.1-8b-instruct,w8a8_int,hellaswag,84.18,-0.25,-0.15047899500674475,-1.364016244735728,1.0630582547222387,-0.3441093474426808,-0.1872857142857143,True,granite-3.1-8b-instruct|s3
RedHatAI/granite-3.1-8b-instruct-quantized.w8a8,granite,granite-3.1-8b-instruct,w8a8_int,mmlu,65.52,-0.49,-0.47364918967204284,-1.6871864394010263,0.7398880600569405,-0.3441093474426808,-0.47567164179104476,True,granite-3.1-8b-instruct|s3
RedHatAI/granite-3.1-8b-instruct-quantized.w8a8,granite,granite-3.1-8b-instruct,w8a8_int,truthfulqa,60.57,-0.55,-0.1367520180050609,-1.3502892677340443,1.0767852317239224,-0.3441093474426808,-0.1384057971014493,True,granite-3.1-8b-instruct|s3
RedHatAI/granite-3.1-8b-instruct-quantized.w8a8,granite,granite-3.1-8b-instruct,w8a8_int,winogrande,80.19,-0.32,-0.1868882091991414,-1.4004254589281246,1.026649040529842,-0.3441093474426808,-0.2101470588235294,True,granite-3.1-8b-instruct|s3
RedHatAI/granite-3.1-8b-instruct-quantized.w8a8,granite,granite-3.1-8b-instruct,w8a8_int,ifeval,74.01,-0.51,-0.2926360292175906,-1.5061732789465738,0.9209012205113928,-0.3441093474426808,-0.3745,True,granite-3.1-8b-instruct|s3
RedHatAI/granite-3.1-8b-instruct-quantized.w8a8,granite,granite-3.1-8b-instruct,w8a8_int,bbh,53.19,-0.6,-0.6565426753703381,-1.8700799250993214,0.5569945743586453,-0.3441093474426808,-0.805,True,granite-3.1-8b-instruct|s3
RedHatAI/granite-3.1-8b-instruct-quantized.w8a8,granite,granite-3.1-8b-instruct,w8a8_int,gpqa,31.76,-1.14,0.4811353616209775,-0.7324018881080059,1.6946726113499608,-0.3441093474426808,0.4568421052631579,False,granite-3.1-8b-instruct|s3
RedHatAI/granite-3.1-8b-instruct-quantized.w8a8,granite,granite-3.1-8b-instruct,w8a8_int,musr,46.01,-1.71,0.5335544945230764,-0.679982755205907,1.7470917442520597,-0.3441093474426808,0.344,False,granite-3.1-8b-instruct|s3
RedHatAI/granite-3.1-8b-instruct-quantized.w8a8,granite,granite-3.1-8b-instruct,w8a8_int,mmlu_pro,35.81,-0.4,-1.1609515822204086,-2.374488831949392,0.05258566750857474,-0.3441093474426808,-1.3843478260869566,True,granite-3.1-8b-instruct|s3
RedHatAI/granite-3.1-8b-instruct-quantized.w8a8,granite,granite-3.1-8b-instruct,w8a8_int,humaneval,71.0,-0.5,-0.19651383287708477,-1.4100510826060682,1.0170234168518986,-0.3441093474426808,-0.36,True,granite-3.1-8b-instruct|s3
RedHatAI/granite-3.1-8b-instruct-FP8-dynamic,granite,granite-3.1-8b-instruct,fp8_dynamic,arc_challenge,66.81,0.0,-0.20586826457858268,-1.6189840417748507,1.2072475126176851,-0.37516423357664236,-0.4683333333333333,True,granite-3.1-8b-instruct|s4
RedHatAI/granite-3.1-8b-instruct-FP8-dynamic,granite,granite-3.1-8b-instruct,fp8_dynamic,gsm8k,64.52,2.12,-0.2685145606015262,-1.6816303377977941,1.1446012165947417,-0.37516423357664236,-0.5539705882352941,False,granite-3.1-8b-instruct|s4
RedHatAI/granite-3.1-8b-instruct-FP8-dynamic,granite,granite-3.1-8b-instruct,fp8_dynamic,hellaswag,84.18,-0.02,-0.01494476922943122,-1.4280605464256992,1.3981710079668366,-0.37516423357664236,-0.22842857142857143,True,granite-3.1-8b-instruct|s4
RedHatAI/granite-3.1-8b-instruct-FP8-dynamic,granite,granite-3.1-8b-instruct,fp8_dynamic,mmlu,65.52,-0.16,-0.28184843255416064,-1.6949642097504285,1.1312673446421073,-0.37516423357664236,-0.527910447761194,True,granite-3.1-8b-instruct|s4
RedHatAI/granite-3.1-8b-instruct-FP8-dynamic,granite,granite-3.1-8b-instruct,fp8_dynamic,truthfulqa,60.57,-0.05,-0.04982636891878511,-1.462942146115053,1.363289408277483,-0.37516423357664236,-0.28880597014925374,True,granite-3.1-8b-instruct|s4
RedHatAI/granite-3.1-8b-instruct-FP8-dynamic,granite,granite-3.1-8b-instruct,fp8_dynamic,winogrande,80.19,-0.24,-0.0770133165838991,-1.490129093780167,1.3361024606123688,-0.37516423357664236,-0.3008823529411765,True,granite-3.1-8b-instruct|s4
RedHatAI/granite-3.1-8b-instruct-FP8-dynamic,granite,granite-3.1-8b-instruct,fp8_dynamic,ifeval,74.1,-0.48,0.15440523418718988,-1.258710543009078,1.567521011383458,-0.37516423357664236,-0.19799999999999998,True,granite-3.1-8b-instruct|s4
RedHatAI/granite-3.1-8b-instruct-FP8-dynamic,granite,granite-3.1-8b-instruct,fp8_dynamic,bbh,53.19,0.07,-0.46133749633667653,-1.8744532735329444,0.9517782808595914,-0.37516423357664236,-0.8686363636363637,True,granite-3.1-8b-instruct|s4
RedHatAI/granite-3.1-8b-instruct-FP8-dynamic,granite,granite-3.1-8b-instruct,fp8_dynamic,gpqa,31.76,0.82,0.6703177705091052,-0.7427980066871627,2.083433547705373,-0.37516423357664236,0.45649999999999996,True,granite-3.1-8b-instruct|s4
RedHatAI/granite-3.1-8b-instruct-FP8-dynamic,granite,granite-3.1-8b-instruct,fp8_dynamic,musr,46.01,1.33,0.6681611024815357,-0.7449546747147322,2.0812768796778034,-0.37516423357664236,0.28818181818181815,True,granite-3.1-8b-instruct|s4
RedHatAI/granite-3.1-8b-instruct-FP8-dynamic,granite,granite-3.1-8b-instruct,fp8_dynamic,mmlu_pro,35.81,-0.09,-1.06737319260963,-2.480488969805898,0.345742584586638,-0.37516423357664236,-1.56,True,granite-3.1-8b-instruct|s4
RedHatAI/granite-3.1-8b-instruct-FP8-dynamic,granite,granite-3.1-8b-instruct,fp8_dynamic,humaneval,71.0,-1.1,0.20577874679586805,-1.2073370304003999,1.618894523992136,-0.37516423357664236,-0.23882352941176474,True,granite-3.1-8b-instruct|s4
RedHatAI/granite-3.1-8b-instruct-quantized.w4a16,granite,granite-3.1-8b-instruct,w4a16,arc_challenge,66.81,0.0,-1.000079880250356,-2.4131956574466242,0.4130358969459118,-0.37516423357664236,-0.4683333333333333,True,granite-3.1-8b-instruct|s4
RedHatAI/granite-3.1-8b-instruct-quantized.w4a16,granite,granite-3.1-8b-instruct,w4a16,gsm8k,64.52,1.14,-1.0627261762732998,-2.4758419534695677,0.3503896009229681,-0.37516423357664236,-0.5539705882352941,False,granite-3.1-8b-instruct|s4
RedHatAI/granite-3.1-8b-instruct-quantized.w4a16,granite,granite-3.1-8b-instruct,w4a16,hellaswag,84.18,-0.56,-0.8091563849012047,-2.2222721620974726,0.6039593922950632,-0.37516423357664236,-0.22842857142857143,True,granite-3.1-8b-instruct|s4
RedHatAI/granite-3.1-8b-instruct-quantized.w4a16,granite,granite-3.1-8b-instruct,w4a16,mmlu,65.52,-1.27,-1.0760600482259342,-2.489175825422202,0.33705572897033376,-0.37516423357664236,-0.527910447761194,True,granite-3.1-8b-instruct|s4
RedHatAI/granite-3.1-8b-instruct-quantized.w4a16,granite,granite-3.1-8b-instruct,w4a16,truthfulqa,60.57,-0.4,-0.8440379845905586,-2.2571537617868263,0.5690777926057093,-0.37516423357664236,-0.28880597014925374,True,granite-3.1-8b-instruct|s4
RedHatAI/granite-3.1-8b-instruct-quantized.w4a16,granite,granite-3.1-8b-instruct,w4a16,winogrande,80.19,-1.82,-0.8712249322556725,-2.2843407094519406,0.5418908449405954,-0.37516423357664236,-0.3008823529411765,True,granite-3.1-8b-instruct|s4
RedHatAI/granite-3.1-8b-instruct-quantized.w4a16,granite,granite-3.1-8b-instruct,w4a16,ifeval,74.01,-0.87,-0.6396537384825887,-2.0527695156788566,0.7734620387136792,-0.37516423357664236,-0.19799999999999998,True,granite-3.1-8b-instruct|s4
RedHatAI/granite-3.1-8b-instruct-quantized.w4a16,granite,granite-3.1-8b-instruct,w4a16,bbh,53.19,-1.67,-1.25554911200845,-2.668664889204718,0.1575666651878178,-0.37516423357664236,-0.8686363636363637,True,granite-3.1-8b-instruct|s4
RedHatAI/granite-3.1-8b-instruct-quantized.w4a16,granite,granite-3.1-8b-instruct,w4a16,gpqa,31.76,-1.85,-0.12389384516266827,-1.5370096223589362,1.2892219320335996,-0.37516423357664236,0.45649999999999996,False,granite-3.1-8b-instruct|s4
RedHatAI/granite-3.1-8b-instruct-quantized.w4a16,granite,granite-3.1-8b-instruct,w4a16,musr,46.01,-0.26,-0.12605051319023786,-1.5391662903865058,1.28706526400603,-0.37516423357664236,0.28818181818181815,True,granite-3.1-8b-instruct|s4
RedHatAI/granite-3.1-8b-instruct-quantized.w4a16,granite,granite-3.1-8b-instruct,w4a16,mmlu_pro,35.81,-1.58,-1.8615848082814037,-3.274700585477672,-0.4484690310851358,-0.37516423357664236,-1.56,True,granite-3.1-8b-instruct|s4
RedHatAI/granite-3.1-8b-instruct-quantized.w4a16,granite,granite-3.1-8b-instruct,w4a16,humaneval,71.0,-0.5,-0.5884328688759055,-2.001548646072173,0.8246829083203624,-0.37516423357664236,-0.23882352941176474,True,granite-3.1-8b-instruct|s4
RedHatAI/granite-3.1-8b-instruct-quantized.w8a8,granite,granite-3.1-8b-instruct,w8a8_int,arc_challenge,66.81,0.25,-0.35519691398871955,-1.7683126911849874,1.0579188632075485,-0.37516423357664236,-0.4683333333333333,True,granite-3.1-8b-instruct|s4
RedHatAI/granite-3.1-8b-instruct-quantized.w8a8,granite,granite-3.1-8b-instruct,w8a8_int,gsm8k,64.52,1.14,-0.41784321001166314,-1.830958987207931,0.9952725671846048,-0.37516423357664236,-0.5539705882352941,False,granite-3.1-8b-instruct|s4
RedHatAI/granite-3.1-8b-instruct-quantized.w8a8,granite,granite-3.1-8b-instruct,w8a8_int,hellaswag,84.18,-0.25,-0.16427341863956813,-1.5773891958358361,1.2488423585566997,-0.37516423357664236,-0.22842857142857143,True,granite-3.1-8b-instruct|s4
RedHatAI/granite-3.1-8b-instruct-quantized.w8a8,granite,granite-3.1-8b-instruct,w8a8_int,mmlu,65.52,-0.49,-0.4311770819642976,-1.8442928591605656,0.9819386952319703,-0.37516423357664236,-0.527910447761194,True,granite-3.1-8b-instruct|s4
RedHatAI/granite-3.1-8b-instruct-quantized.w8a8,granite,granite-3.1-8b-instruct,w8a8_int,truthfulqa,60.57,-0.55,-0.19915501832892202,-1.6122707955251898,1.213960758867346,-0.37516423357664236,-0.28880597014925374,True,granite-3.1-8b-instruct|s4
RedHatAI/granite-3.1-8b-instruct-quantized.w8a8,granite,granite-3.1-8b-instruct,w8a8_int,winogrande,80.19,-0.32,-0.22634196599403597,-1.639457743190304,1.186773811202232,-0.37516423357664236,-0.3008823529411765,True,granite-3.1-8b-instruct|s4
RedHatAI/granite-3.1-8b-instruct-quantized.w8a8,granite,granite-3.1-8b-instruct,w8a8_int,ifeval,74.01,-0.51,0.005229227779047885,-1.4078865494172201,1.4183450049753157,-0.37516423357664236,-0.19799999999999998,True,granite-3.1-8b-instruct|s4
RedHatAI/granite-3.1-8b-instruct-quantized.w8a8,granite,granite-3.1-8b-instruct,w8a8_int,bbh,53.19,-0.6,-0.6106661457468134,-2.0237819229430816,0.8024496314494545,-0.37516423357664236,-0.8686363636363637,True,granite-3.1-8b-instruct|s4
RedHatAI/granite-3.1-8b-instruct-quantized.w8a8,granite,granite-3.1-8b-instruct,w8a8_int,gpqa,31.76,-1.14,0.5209891210989683,-0.8921266560972996,1.9341048982952362,-0.37516423357664236,0.45649999999999996,False,granite-3.1-8b-instruct|s4
RedHatAI/granite-3.1-8b-instruct-quantized.w8a8,granite,granite-3.1-8b-instruct,w8a8_int,musr,46.01,-1.71,0.5188324530713988,-0.8942833241248691,1.9319482302676667,-0.37516423357664236,0.28818181818181815,False,granite-3.1-8b-instruct|s4
RedHatAI/granite-3.1-8b-instruct-quantized.w8a8,granite,granite-3.1-8b-instruct,w8a8_int,mmlu_pro,35.81,-0.4,-1.2167018420197668,-2.629817619216035,0.19641393517650108,-0.37516423357664236,-1.56,True,granite-3.1-8b-instruct|s4
RedHatAI/granite-3.1-8b-instruct-quantized.w8a8,granite,granite-3.1-8b-instruct,w8a8_int,humaneval,71.0,-0.5,0.056450097385731035,-1.3566656798105368,1.469565874581999,-0.37516423357664236,-0.23882352941176474,True,granite-3.1-8b-instruct|s4
