model,family,base_model,scheme,benchmark,acc_before,y,yhat,lo,hi,yhat_global_mean,yhat_bench_mean,covered,fold
RedHatAI/Llama-3.2-1B-Instruct-FP8-dynamic,llama-3.2,Llama-3.2-1B-Instruct,fp8_dynamic,mmlu,47.66,-0.11,-0.23504757326592848,-0.950322466920224,0.480227320388367,-0.3443872113676732,-0.5218840579710144,True,Llama-3.2-1B-Instruct|s0
RedHatAI/Llama-3.2-1B-Instruct-FP8-dynamic,llama-3.2,Llama-3.2-1B-Instruct,fp8_dynamic,mmlu_cot,47.1,-0.31,-0.3398582295823221,-1.0547122974741632,0.37499583830951894,-0.3443872113676732,-0.4992857142857143,True,Llama-3.2-1B-Instruct|s0
RedHatAI/Llama-3.2-1B-Instruct-FP8-dynamic,llama-3.2,Llama-3.2-1B-Instruct,fp8_dynamic,arc_challenge,58.36,-1.11,0.010969772208790751,-2.4327015030563395,2.4546410474739213,-0.3443872113676732,-0.3092857142857143,True,Llama-3.2-1B-Instruct|s0
RedHatAI/Llama-3.2-1B-Instruct-FP8-dynamic,llama-3.2,Llama-3.2-1B-Instruct,fp8_dynamic,gsm8k,45.72,0.22,-0.20842147680827844,-2.536213739068248,2.1193707854516908,-0.3443872113676732,-0.5455072463768116,True,Llama-3.2-1B-Instruct|s0
RedHatAI/Llama-3.2-1B-Instruct-FP8-dynamic,llama-3.2,Llama-3.2-1B-Instruct,fp8_dynamic,winogrande,62.27,-0.87,0.21416004458707477,-2.0967770066007305,2.5250970957748797,-0.3443872113676732,-0.06828571428571428,True,Llama-3.2-1B-Instruct|s0
RedHatAI/Llama-3.2-1B-Instruct-FP8-dynamic,llama-3.2,Llama-3.2-1B-Instruct,fp8_dynamic,hellaswag,61.01,-0.06,0.09686024266441845,-0.7291027881524998,0.9228232734813366,-0.3443872113676732,-0.18774647887323945,True,Llama-3.2-1B-Instruct|s0
RedHatAI/Llama-3.2-1B-Instruct-FP8-dynamic,llama-3.2,Llama-3.2-1B-Instruct,fp8_dynamic,truthfulqa,43.52,0.71,0.08004938657511462,-2.863520468881628,3.0236192420318577,-0.3443872113676732,-0.1713235294117647,True,Llama-3.2-1B-Instruct|s0
RedHatAI/Llama-3.2-1B-Instruct-FP8,llama-3.2,Llama-3.2-1B-Instruct,fp8,mmlu,47.66,0.1,-0.5575051016510022,-1.2727799953052976,0.15776979200329333,-0.3443872113676732,-0.5218840579710144,True,Llama-3.2-1B-Instruct|s0
RedHatAI/Llama-3.2-1B-Instruct-FP8,llama-3.2,Llama-3.2-1B-Instruct,fp8,arc_challenge,58.36,-0.51,-0.31148775617628305,-2.7551590314414134,2.1321835190888474,-0.3443872113676732,-0.3092857142857143,True,Llama-3.2-1B-Instruct|s0
RedHatAI/Llama-3.2-1B-Instruct-FP8,llama-3.2,Llama-3.2-1B-Instruct,fp8,gsm8k,45.72,-0.23,-0.5308790051933522,-2.8586712674533215,1.7969132570666173,-0.3443872113676732,-0.5455072463768116,True,Llama-3.2-1B-Instruct|s0
RedHatAI/Llama-3.2-1B-Instruct-FP8,llama-3.2,Llama-3.2-1B-Instruct,fp8,hellaswag,61.01,-0.01,-0.22559728572065535,-1.0515603165375735,0.600365745096263,-0.3443872113676732,-0.18774647887323945,True,Llama-3.2-1B-Instruct|s0
RedHatAI/Llama-3.2-1B-Instruct-FP8,llama-3.2,Llama-3.2-1B-Instruct,fp8,winogrande,62.27,0.08,-0.10829748379799897,-2.419234534985804,2.2026395673898063,-0.3443872113676732,-0.06828571428571428,True,Llama-3.2-1B-Instruct|s0
RedHatAI/Llama-3.2-1B-Instruct-FP8,llama-3.2,Llama-3.2-1B-Instruct,fp8,truthfulqa,43.52,-0.44,-0.24240814180995915,-3.185977997266702,2.701161713646784,-0.3443872113676732,-0.1713235294117647,True,Llama-3.2-1B-Instruct|s0
RedHatAI/Llama-3.2-1B-Instruct-quantized.w8a8,llama-3.2,Llama-3.2-1B-Instruct,w8a8_int,mmlu,47.66,0.29,-0.37253200136980624,-1.0878068950241018,0.3427428922844893,-0.3443872113676732,-0.5218840579710144,True,Llama-3.2-1B-Instruct|s0
RedHatAI/Llama-3.2-1B-Instruct-quantized.w8a8,llama-3.2,Llama-3.2-1B-Instruct,w8a8_int,mmlu_cot,47.1,-2.47,-0.4773426576861998,-1.1921967255780408,0.2375114102056412,-0.3443872113676732,-0.4992857142857143,False,Llama-3.2-1B-Instruct|s0
RedHatAI/Llama-3.2-1B-Instruct-quantized.w8a8,llama-3.2,Llama-3.2-1B-Instruct,w8a8_int,arc_challenge,58.36,-2.22,-0.12651465589508704,-2.5701859311602173,2.3171566193700435,-0.3443872113676732,-0.3092857142857143,True,Llama-3.2-1B-Instruct|s0
RedHatAI/Llama-3.2-1B-Instruct-quantized.w8a8,llama-3.2,Llama-3.2-1B-Instruct,w8a8_int,gsm8k,45.72,0.98,-0.34590590491215617,-2.6736981671721254,1.9818863573478132,-0.3443872113676732,-0.5455072463768116,True,Llama-3.2-1B-Instruct|s0
RedHatAI/Llama-3.2-1B-Instruct-quantized.w8a8,llama-3.2,Llama-3.2-1B-Instruct,w8a8_int,hellaswag,61.01,-0.06,-0.04062418543945939,-0.8665872162563777,0.7853388453774588,-0.3443872113676732,-0.18774647887323945,True,Llama-3.2-1B-Instruct|s0
RedHatAI/Llama-3.2-1B-Instruct-quantized.w8a8,llama-3.2,Llama-3.2-1B-Instruct,w8a8_int,winogrande,62.27,-0.94,0.07667561648319698,-2.2342614347046084,2.387612667671002,-0.3443872113676732,-0.06828571428571428,True,Llama-3.2-1B-Instruct|s0
RedHatAI/Llama-3.2-1B-Instruct-quantized.w8a8,llama-3.2,Llama-3.2-1B-Instruct,w8a8_int,truthfulqa,43.52,-0.68,-0.05743504152876311,-3.001004896985506,2.88613481392798,-0.3443872113676732,-0.1713235294117647,True,Llama-3.2-1B-Instruct|s0
RedHatAI/Llama-3.2-1B-Instruct-FP8-dynamic,llama-3.2,Llama-3.2-1B-Instruct,fp8_dynamic,mmlu,47.66,-0.11,-0.2568021585136272,-1.0105671412465091,0.49696282421925475,-0.38480144404332134,-0.49264705882352944,True,Llama-3.2-1B-Instruct|s1
RedHatAI/Llama-3.2-1B-Instruct-FP8-dynamic,llama-3.2,Llama-3.2-1B-Instruct,fp8_dynamic,mmlu_cot,47.1,-0.31,-0.23140511838008576,-0.984726630041378,0.5219163932812063,-0.38480144404332134,-0.2833333333333333,True,Llama-3.2-1B-Instruct|s1
RedHatAI/Llama-3.2-1B-Instruct-FP8-dynamic,llama-3.2,Llama-3.2-1B-Instruct,fp8_dynamic,arc_challenge,58.36,-1.11,-0.1503542391184055,-2.7255233845005837,2.4248149062637725,-0.38480144404332134,-0.43208955223880596,True,Llama-3.2-1B-Instruct|s1
RedHatAI/Llama-3.2-1B-Instruct-FP8-dynamic,llama-3.2,Llama-3.2-1B-Instruct,fp8_dynamic,gsm8k,45.72,0.22,-0.2780476796189878,-2.731102176476742,2.1750068172387667,-0.38480144404332134,-0.5633823529411766,True,Llama-3.2-1B-Instruct|s1
RedHatAI/Llama-3.2-1B-Instruct-FP8-dynamic,llama-3.2,Llama-3.2-1B-Instruct,fp8_dynamic,winogrande,62.27,-0.87,-0.011408041233168909,-2.446700321081096,2.4238842386147583,-0.38480144404332134,-0.2665671641791045,True,Llama-3.2-1B-Instruct|s1
RedHatAI/Llama-3.2-1B-Instruct-FP8-dynamic,llama-3.2,Llama-3.2-1B-Instruct,fp8_dynamic,hellaswag,61.01,-0.06,0.030117229457246042,-0.8402921966040825,0.9005266555185746,-0.38480144404332134,-0.2053623188405797,True,Llama-3.2-1B-Instruct|s1
RedHatAI/Llama-3.2-1B-Instruct-FP8-dynamic,llama-3.2,Llama-3.2-1B-Instruct,fp8_dynamic,truthfulqa,43.52,0.71,0.061264733555720374,-3.040703336280864,3.1632328033923054,-0.38480144404332134,-0.14500000000000002,True,Llama-3.2-1B-Instruct|s1
RedHatAI/Llama-3.2-1B-Instruct-FP8,llama-3.2,Llama-3.2-1B-Instruct,fp8,mmlu,47.66,0.1,-0.5486590174653957,-1.3024240001982776,0.20510596526748626,-0.38480144404332134,-0.49264705882352944,True,Llama-3.2-1B-Instruct|s1
RedHatAI/Llama-3.2-1B-Instruct-FP8,llama-3.2,Llama-3.2-1B-Instruct,fp8,arc_challenge,58.36,-0.51,-0.44221109807017406,-3.0173802434523522,2.132958047312004,-0.38480144404332134,-0.43208955223880596,True,Llama-3.2-1B-Instruct|s1
RedHatAI/Llama-3.2-1B-Instruct-FP8,llama-3.2,Llama-3.2-1B-Instruct,fp8,gsm8k,45.72,-0.23,-0.5699045385707563,-3.0229590354285105,1.8831499582869982,-0.38480144404332134,-0.5633823529411766,True,Llama-3.2-1B-Instruct|s1
RedHatAI/Llama-3.2-1B-Instruct-FP8,llama-3.2,Llama-3.2-1B-Instruct,fp8,hellaswag,61.01,-0.01,-0.2617396294945225,-1.132149055555851,0.608669796566806,-0.38480144404332134,-0.2053623188405797,True,Llama-3.2-1B-Instruct|s1
RedHatAI/Llama-3.2-1B-Instruct-FP8,llama-3.2,Llama-3.2-1B-Instruct,fp8,winogrande,62.27,0.08,-0.30326490018493735,-2.7385571800328643,2.13202737966299,-0.38480144404332134,-0.2665671641791045,True,Llama-3.2-1B-Instruct|s1
RedHatAI/Llama-3.2-1B-Instruct-FP8,llama-3.2,Llama-3.2-1B-Instruct,fp8,truthfulqa,43.52,-0.44,-0.23059212539604815,-3.332560195232633,2.8713759444405365,-0.38480144404332134,-0.14500000000000002,True,Llama-3.2-1B-Instruct|s1
RedHatAI/Llama-3.2-1B-Instruct-quantized.w8a8,llama-3.2,Llama-3.2-1B-Instruct,w8a8_int,mmlu,47.66,0.29,-0.6061767487411579,-1.3599417314740398,0.14758823399172405,-0.38480144404332134,-0.49264705882352944,False,Llama-3.2-1B-Instruct|s1
RedHatAI/Llama-3.2-1B-Instruct-quantized.w8a8,llama-3.2,Llama-3.2-1B-Instruct,w8a8_int,mmlu_cot,47.1,-2.47,-0.5807797086076164,-1.3341012202689084,0.17254180305367572,-0.38480144404332134,-0.2833333333333333,False,Llama-3.2-1B-Instruct|s1
RedHatAI/Llama-3.2-1B-Instruct-quantized.w8a8,llama-3.2,Llama-3.2-1B-Instruct,w8a8_int,arc_challenge,58.36,-2.22,-0.4997288293459362,-3.074897974728114,2.075440316036242,-0.38480144404332134,-0.43208955223880596,True,Llama-3.2-1B-Instruct|s1
RedHatAI/Llama-3.2-1B-Instruct-quantized.w8a8,llama-3.2,Llama-3.2-1B-Instruct,w8a8_int,gsm8k,45.72,0.98,-0.6274222698465184,-3.0804767667042725,1.825632227011236,-0.38480144404332134,-0.5633823529411766,True,Llama-3.2-1B-Instruct|s1
RedHatAI/Llama-3.2-1B-Instruct-quantized.w8a8,llama-3.2,Llama-3.2-1B-Instruct,w8a8_int,hellaswag,61.01,-0.06,-0.31925736077028466,-1.189666786831613,0.5511520652910439,-0.38480144404332134,-0.2053623188405797,True,Llama-3.2-1B-Instruct|s1
RedHatAI/Llama-3.2-1B-Instruct-quantized.w8a8,llama-3.2,Llama-3.2-1B-Instruct,w8a8_int,winogrande,62.27,-0.94,-0.36078263146069955,-2.7960749113086267,2.0745096483872274,-0.38480144404332134,-0.2665671641791045,True,Llama-3.2-1B-Instruct|s1
RedHatAI/Llama-3.2-1B-Instruct-quantized.w8a8,llama-3.2,Llama-3.2-1B-Instruct,w8a8_int,truthfulqa,43.52,-0.68,-0.2881098566718103,-3.390077926508395,2.8138582131647745,-0.38480144404332134,-0.14500000000000002,True,Llama-3.2-1B-Instruct|s1
RedHatAI/Llama-3.2-1B-Instruct-FP8-dynamic,llama-3.2,Llama-3.2-1B-Instruct,fp8_dynamic,mmlu,47.66,-0.11,-0.338899815314022,-1.3359104188262816,0.6581107881982375,-0.37785063752276865,-0.4628169014084507,True,Llama-3.2-1B-Instruct|s2
RedHatAI/Llama-3.2-1B-Instruct-FP8-dynamic,llama-3.2,Llama-3.2-1B-Instruct,fp8_dynamic,mmlu_cot,47.1,-0.31,-0.49127538188049624,-1.4876994028758515,0.5051486391148589,-0.37785063752276865,-0.48933333333333334,True,Llama-3.2-1B-Instruct|s2
RedHatAI/Llama-3.2-1B-Instruct-FP8-dynamic,llama-3.2,Llama-3.2-1B-Instruct,fp8_dynamic,arc_challenge,58.36,-1.11,-0.2603663471271307,-3.6665619155056257,3.1458292212513648,-0.37785063752276865,-0.3892753623188406,True,Llama-3.2-1B-Instruct|s2
RedHatAI/Llama-3.2-1B-Instruct-FP8-dynamic,llama-3.2,Llama-3.2-1B-Instruct,fp8_dynamic,gsm8k,45.72,0.22,-0.7219851462466857,-3.966658751928529,2.522688459435157,-0.37785063752276865,-0.901,True,Llama-3.2-1B-Instruct|s2
RedHatAI/Llama-3.2-1B-Instruct-FP8-dynamic,llama-3.2,Llama-3.2-1B-Instruct,fp8_dynamic,winogrande,62.27,-0.87,-0.0786274524318723,-3.2998068402787655,3.1425519354150206,-0.37785063752276865,-0.16249999999999998,True,Llama-3.2-1B-Instruct|s2
RedHatAI/Llama-3.2-1B-Instruct-FP8-dynamic,llama-3.2,Llama-3.2-1B-Instruct,fp8_dynamic,hellaswag,61.01,-0.06,-0.2607833067539729,-1.4120803914683697,0.890513777960424,-0.37785063752276865,-0.33452054794520547,True,Llama-3.2-1B-Instruct|s2
RedHatAI/Llama-3.2-1B-Instruct-FP8-dynamic,llama-3.2,Llama-3.2-1B-Instruct,fp8_dynamic,truthfulqa,43.52,0.71,-0.04785023604384098,-4.150846698111537,4.055146226023855,-0.37785063752276865,-0.2012857142857143,True,Llama-3.2-1B-Instruct|s2
RedHatAI/Llama-3.2-1B-Instruct-FP8,llama-3.2,Llama-3.2-1B-Instruct,fp8,mmlu,47.66,0.1,-0.45358845550761884,-1.4505990590198783,0.5434221480046407,-0.37785063752276865,-0.4628169014084507,True,Llama-3.2-1B-Instruct|s2
RedHatAI/Llama-3.2-1B-Instruct-FP8,llama-3.2,Llama-3.2-1B-Instruct,fp8,arc_challenge,58.36,-0.51,-0.3750549873207275,-3.7812505556992226,3.031140581057768,-0.37785063752276865,-0.3892753623188406,True,Llama-3.2-1B-Instruct|s2
RedHatAI/Llama-3.2-1B-Instruct-FP8,llama-3.2,Llama-3.2-1B-Instruct,fp8,gsm8k,45.72,-0.23,-0.8366737864402826,-4.081347392122126,2.4079998192415606,-0.37785063752276865,-0.901,True,Llama-3.2-1B-Instruct|s2
RedHatAI/Llama-3.2-1B-Instruct-FP8,llama-3.2,Llama-3.2-1B-Instruct,fp8,hellaswag,61.01,-0.01,-0.3754719469475697,-1.5267690316619666,0.7758251377668272,-0.37785063752276865,-0.33452054794520547,True,Llama-3.2-1B-Instruct|s2
RedHatAI/Llama-3.2-1B-Instruct-FP8,llama-3.2,Llama-3.2-1B-Instruct,fp8,winogrande,62.27,0.08,-0.19331609262546912,-3.414495480472362,3.027863295221424,-0.37785063752276865,-0.16249999999999998,True,Llama-3.2-1B-Instruct|s2
RedHatAI/Llama-3.2-1B-Instruct-FP8,llama-3.2,Llama-3.2-1B-Instruct,fp8,truthfulqa,43.52,-0.44,-0.16253887623743782,-4.265535338305134,3.9404575858302584,-0.37785063752276865,-0.2012857142857143,True,Llama-3.2-1B-Instruct|s2
RedHatAI/Llama-3.2-1B-Instruct-quantized.w8a8,llama-3.2,Llama-3.2-1B-Instruct,w8a8_int,mmlu,47.66,0.29,-0.3857072785203721,-1.3827178820326318,0.6113033249918874,-0.37785063752276865,-0.4628169014084507,True,Llama-3.2-1B-Instruct|s2
RedHatAI/Llama-3.2-1B-Instruct-quantized.w8a8,llama-3.2,Llama-3.2-1B-Instruct,w8a8_int,mmlu_cot,47.1,-2.47,-0.5380828450868463,-1.5345068660822014,0.45834117590850876,-0.37785063752276865,-0.48933333333333334,False,Llama-3.2-1B-Instruct|s2
RedHatAI/Llama-3.2-1B-Instruct-quantized.w8a8,llama-3.2,Llama-3.2-1B-Instruct,w8a8_int,arc_challenge,58.36,-2.22,-0.3071738103334808,-3.713369378711976,3.0990217580450143,-0.37785063752276865,-0.3892753623188406,True,Llama-3.2-1B-Instruct|s2
RedHatAI/Llama-3.2-1B-Instruct-quantized.w8a8,llama-3.2,Llama-3.2-1B-Instruct,w8a8_int,gsm8k,45.72,0.98,-0.7687926094530358,-4.013466215134879,2.475880996228807,-0.37785063752276865,-0.901,True,Llama-3.2-1B-Instruct|s2
RedHatAI/Llama-3.2-1B-Instruct-quantized.w8a8,llama-3.2,Llama-3.2-1B-Instruct,w8a8_int,hellaswag,61.01,-0.06,-0.307590769960323,-1.4588878546747197,0.8437063147540739,-0.37785063752276865,-0.33452054794520547,True,Llama-3.2-1B-Instruct|s2
RedHatAI/Llama-3.2-1B-Instruct-quantized.w8a8,llama-3.2,Llama-3.2-1B-Instruct,w8a8_int,winogrande,62.27,-0.94,-0.1254349156382224,-3.3466143034851155,3.0957444722086707,-0.37785063752276865,-0.16249999999999998,True,Llama-3.2-1B-Instruct|s2
RedHatAI/Llama-3.2-1B-Instruct-quantized.w8a8,llama-3.2,Llama-3.2-1B-Instruct,w8a8_int,truthfulqa,43.52,-0.68,-0.09465769925019107,-4.197654161317887,4.008338762817505,-0.37785063752276865,-0.2012857142857143,True,Llama-3.2-1B-Instruct|s2
RedHatAI/Llama-3.2-1B-Instruct-FP8-dynamic,llama-3.2,Llama-3.2-1B-Instruct,fp8_dynamic,mmlu,47.66,-0.11,-0.35123848442192096,-0.9866872300040417,0.28421026116019976,-0.3736505190311418,-0.5728571428571428,True,Llama-3.2-1B-Instruct|s3
RedHatAI/Llama-3.2-1B-Instruct-FP8-dynamic,llama-3.2,Llama-3.2-1B-Instruct,fp8_dynamic,mmlu_cot,47.1,-0.31,-0.4868863463168907,-1.1219612311564735,0.14818853852269204,-0.3736505190311418,-0.59,True,Llama-3.2-1B-Instruct|s3
RedHatAI/Llama-3.2-1B-Instruct-FP8-dynamic,llama-3.2,Llama-3.2-1B-Instruct,fp8_dynamic,arc_challenge,58.36,-1.11,-0.20792728221965004,-2.378879821248367,1.963025256809067,-0.3736505190311418,-0.43173913043478257,True,Llama-3.2-1B-Instruct|s3
RedHatAI/Llama-3.2-1B-Instruct-FP8-dynamic,llama-3.2,Llama-3.2-1B-Instruct,fp8_dynamic,gsm8k,45.72,0.22,-0.4517111357428897,-2.5197169977573664,1.6162947262715868,-0.3736505190311418,-0.7291304347826087,True,Llama-3.2-1B-Instruct|s3
RedHatAI/Llama-3.2-1B-Instruct-FP8-dynamic,llama-3.2,Llama-3.2-1B-Instruct,fp8_dynamic,winogrande,62.27,-0.87,0.00962155912609125,-2.0434101680105226,2.062653286262705,-0.3736505190311418,-0.18542857142857141,True,Llama-3.2-1B-Instruct|s3
RedHatAI/Llama-3.2-1B-Instruct-FP8-dynamic,llama-3.2,Llama-3.2-1B-Instruct,fp8_dynamic,hellaswag,61.01,-0.06,-0.06256534539793929,-0.7963492045634053,0.6712185137675268,-0.3736505190311418,-0.24819444444444447,True,Llama-3.2-1B-Instruct|s3
RedHatAI/Llama-3.2-1B-Instruct-FP8-dynamic,llama-3.2,Llama-3.2-1B-Instruct,fp8_dynamic,truthfulqa,43.52,0.71,0.019539312025661615,-2.5955220983184435,2.634600722369767,-0.3736505190311418,-0.16608695652173913,True,Llama-3.2-1B-Instruct|s3
RedHatAI/Llama-3.2-1B-Instruct-FP8,llama-3.2,Llama-3.2-1B-Instruct,fp8,mmlu,47.66,0.1,-0.5196626141228033,-1.155111359704924,0.11578613145931738,-0.3736505190311418,-0.5728571428571428,True,Llama-3.2-1B-Instruct|s3
RedHatAI/Llama-3.2-1B-Instruct-FP8,llama-3.2,Llama-3.2-1B-Instruct,fp8,arc_challenge,58.36,-0.51,-0.3763514119205324,-2.5473039509492494,1.7946011271081845,-0.3736505190311418,-0.43173913043478257,True,Llama-3.2-1B-Instruct|s3
RedHatAI/Llama-3.2-1B-Instruct-FP8,llama-3.2,Llama-3.2-1B-Instruct,fp8,gsm8k,45.72,-0.23,-0.6201352654437721,-2.6881411274582487,1.4478705965707044,-0.3736505190311418,-0.7291304347826087,True,Llama-3.2-1B-Instruct|s3
RedHatAI/Llama-3.2-1B-Instruct-FP8,llama-3.2,Llama-3.2-1B-Instruct,fp8,hellaswag,61.01,-0.01,-0.23098947509882167,-0.9647733342642877,0.5027943840666445,-0.3736505190311418,-0.24819444444444447,True,Llama-3.2-1B-Instruct|s3
RedHatAI/Llama-3.2-1B-Instruct-FP8,llama-3.2,Llama-3.2-1B-Instruct,fp8,winogrande,62.27,0.08,-0.15880257057479102,-2.211834297711405,1.8942291565618228,-0.3736505190311418,-0.18542857142857141,True,Llama-3.2-1B-Instruct|s3
RedHatAI/Llama-3.2-1B-Instruct-FP8,llama-3.2,Llama-3.2-1B-Instruct,fp8,truthfulqa,43.52,-0.44,-0.1488848176752207,-2.763946228019326,2.4661765926688846,-0.3736505190311418,-0.16608695652173913,True,Llama-3.2-1B-Instruct|s3
RedHatAI/Llama-3.2-1B-Instruct-quantized.w8a8,llama-3.2,Llama-3.2-1B-Instruct,w8a8_int,mmlu,47.66,0.29,-0.5758730088664972,-1.211321754448618,0.05957573671562355,-0.3736505190311418,-0.5728571428571428,False,Llama-3.2-1B-Instruct|s3
RedHatAI/Llama-3.2-1B-Instruct-quantized.w8a8,llama-3.2,Llama-3.2-1B-Instruct,w8a8_int,mmlu_cot,47.1,-2.47,-0.7115208707614669,-1.3465957556010495,-0.07644598592188412,-0.3736505190311418,-0.59,False,Llama-3.2-1B-Instruct|s3
RedHatAI/Llama-3.2-1B-Instruct-quantized.w8a8,llama-3.2,Llama-3.2-1B-Instruct,w8a8_int,arc_challenge,58.36,-2.22,-0.43256180666422633,-2.6035143456929433,1.7383907323644907,-0.3736505190311418,-0.43173913043478257,True,Llama-3.2-1B-Instruct|s3
RedHatAI/Llama-3.2-1B-Instruct-quantized.w8a8,llama-3.2,Llama-3.2-1B-Instruct,w8a8_int,gsm8k,45.72,0.98,-0.676345660187466,-2.7443515222019426,1.3916602018270106,-0.3736505190311418,-0.7291304347826087,True,Llama-3.2-1B-Instruct|s3
RedHatAI/Llama-3.2-1B-Instruct-quantized.w8a8,llama-3.2,Llama-3.2-1B-Instruct,w8a8_int,hellaswag,61.01,-0.06,-0.28719986984251555,-1.0209837290079817,0.4465839893229505,-0.3736505190311418,-0.24819444444444447,True,Llama-3.2-1B-Instruct|s3
RedHatAI/Llama-3.2-1B-Instruct-quantized.w8a8,llama-3.2,Llama-3.2-1B-Instruct,w8a8_int,winogrande,62.27,-0.94,-0.21501296531848496,-2.2680446924550988,1.838018761818129,-0.3736505190311418,-0.18542857142857141,True,Llama-3.2-1B-Instruct|s3
RedHatAI/Llama-3.2-1B-Instruct-quantized.w8a8,llama-3.2,Llama-3.2-1B-Instruct,w8a8_int,truthfulqa,43.52,-0.68,-0.2050952124189147,-2.8201566227630197,2.4099661979251907,-0.3736505190311418,-0.16608695652173913,True,Llama-3.2-1B-Instruct|s3
RedHatAI/Llama-3.2-1B-Instruct-FP8-dynamic,llama-3.2,Llama-3.2-1B-Instruct,fp8_dynamic,mmlu,47.66,-0.11,-0.2923621671017643,-0.9278103935347287,0.34308605933120007,-0.3283008849557522,-0.5337878787878787,True,Llama-3.2-1B-Instruct|s4
RedHatAI/Llama-3.2-1B-Instruct-FP8-dynamic,llama-3.2,Llama-3.2-1B-Instruct,fp8_dynamic,mmlu_cot,47.1,-0.31,-0.2783401190103363,-0.9134144850061995,0.3567342469855269,-0.3283008849557522,-0.385,True,Llama-3.2-1B-Instruct|s4
RedHatAI/Llama-3.2-1B-Instruct-FP8-dynamic,llama-3.2,Llama-3.2-1B-Instruct,fp8_dynamic,arc_challenge,58.36,-1.11,-0.06539140195717763,-2.236342167360269,2.1055593634459133,-0.3283008849557522,-0.3142424242424242,True,Llama-3.2-1B-Instruct|s4
RedHatAI/Llama-3.2-1B-Instruct-FP8-dynamic,llama-3.2,Llama-3.2-1B-Instruct,fp8_dynamic,gsm8k,45.72,0.22,-0.18705209398366396,-2.2550562664779297,1.8809520785106018,-0.3283008849557522,-0.4536923076923077,True,Llama-3.2-1B-Instruct|s4
RedHatAI/Llama-3.2-1B-Instruct-FP8-dynamic,llama-3.2,Llama-3.2-1B-Instruct,fp8_dynamic,winogrande,62.27,-0.87,0.056773126814342934,-1.9962569230356342,2.10980317666432,-0.3283008849557522,-0.16850746268656716,True,Llama-3.2-1B-Instruct|s4
RedHatAI/Llama-3.2-1B-Instruct-FP8-dynamic,llama-3.2,Llama-3.2-1B-Instruct,fp8_dynamic,hellaswag,61.01,-0.06,-0.00893903856593925,-0.7427222982443906,0.7248442211125121,-0.3283008849557522,-0.2210144927536232,True,Llama-3.2-1B-Instruct|s4
RedHatAI/Llama-3.2-1B-Instruct-FP8-dynamic,llama-3.2,Llama-3.2-1B-Instruct,fp8_dynamic,truthfulqa,43.52,0.71,0.0010267271791398191,-2.6140325467111056,2.6160860010693856,-0.3283008849557522,-0.22835820895522388,True,Llama-3.2-1B-Instruct|s4
RedHatAI/Llama-3.2-1B-Instruct-FP8,llama-3.2,Llama-3.2-1B-Instruct,fp8,mmlu,47.66,0.1,-0.5898913600259841,-1.2253395864589485,0.04555686640698031,-0.3283008849557522,-0.5337878787878787,False,Llama-3.2-1B-Instruct|s4
RedHatAI/Llama-3.2-1B-Instruct-FP8,llama-3.2,Llama-3.2-1B-Instruct,fp8,arc_challenge,58.36,-0.51,-0.36292059488139755,-2.5338713602844884,1.8080301705216935,-0.3283008849557522,-0.3142424242424242,True,Llama-3.2-1B-Instruct|s4
RedHatAI/Llama-3.2-1B-Instruct-FP8,llama-3.2,Llama-3.2-1B-Instruct,fp8,gsm8k,45.72,-0.23,-0.4845812869078838,-2.5525854594021498,1.583422885586382,-0.3283008849557522,-0.4536923076923077,True,Llama-3.2-1B-Instruct|s4
RedHatAI/Llama-3.2-1B-Instruct-FP8,llama-3.2,Llama-3.2-1B-Instruct,fp8,hellaswag,61.01,-0.01,-0.3064682314901591,-1.0402514911686105,0.42731502818829226,-0.3283008849557522,-0.2210144927536232,True,Llama-3.2-1B-Instruct|s4
RedHatAI/Llama-3.2-1B-Instruct-FP8,llama-3.2,Llama-3.2-1B-Instruct,fp8,winogrande,62.27,0.08,-0.24075606610987696,-2.293786115959854,1.8122739837401003,-0.3283008849557522,-0.16850746268656716,True,Llama-3.2-1B-Instruct|s4
RedHatAI/Llama-3.2-1B-Instruct-FP8,llama-3.2,Llama-3.2-1B-Instruct,fp8,truthfulqa,43.52,-0.44,-0.29650246574508005,-2.9115617396353257,2.3185568081451655,-0.3283008849557522,-0.22835820895522388,True,Llama-3.2-1B-Instruct|s4
RedHatAI/Llama-3.2-1B-Instruct-quantized.w8a8,llama-3.2,Llama-3.2-1B-Instruct,w8a8_int,mmlu,47.66,0.29,-0.5478192632044122,-1.1832674896373767,0.08762896322855218,-0.3283008849557522,-0.5337878787878787,False,Llama-3.2-1B-Instruct|s4
RedHatAI/Llama-3.2-1B-Instruct-quantized.w8a8,llama-3.2,Llama-3.2-1B-Instruct,w8a8_int,mmlu_cot,47.1,-2.47,-0.5337972151129843,-1.1688715811088475,0.10127715088287892,-0.3283008849557522,-0.385,False,Llama-3.2-1B-Instruct|s4
RedHatAI/Llama-3.2-1B-Instruct-quantized.w8a8,llama-3.2,Llama-3.2-1B-Instruct,w8a8_int,arc_challenge,58.36,-2.22,-0.3208484980598256,-2.4917992634629167,1.8501022673432654,-0.3283008849557522,-0.3142424242424242,True,Llama-3.2-1B-Instruct|s4
RedHatAI/Llama-3.2-1B-Instruct-quantized.w8a8,llama-3.2,Llama-3.2-1B-Instruct,w8a8_int,gsm8k,45.72,0.98,-0.4425091900863119,-2.5105133625805776,1.6254949824079539,-0.3283008849557522,-0.4536923076923077,True,Llama-3.2-1B-Instruct|s4
RedHatAI/Llama-3.2-1B-Instruct-quantized.w8a8,llama-3.2,Llama-3.2-1B-Instruct,w8a8_int,hellaswag,61.01,-0.06,-0.2643961346685872,-0.9981793943470385,0.4693871250098642,-0.3283008849557522,-0.2210144927536232,True,Llama-3.2-1B-Instruct|s4
RedHatAI/Llama-3.2-1B-Instruct-quantized.w8a8,llama-3.2,Llama-3.2-1B-Instruct,w8a8_int,winogrande,62.27,-0.94,-0.198683969288305,-2.2517140191382823,1.854346080561672,-0.3283008849557522,-0.16850746268656716,True,Llama-3.2-1B-Instruct|s4
RedHatAI/Llama-3.2-1B-Instruct-quantized.w8a8,llama-3.2,Llama-3.2-1B-Instruct,w8a8_int,truthfulqa,43.52,-0.68,-0.2544303689235081,-2.869489642813754,2.3606289049667373,-0.3283008849557522,-0.22835820895522388,True,Llama-3.2-1B-Instruct|s4
RedHatAI/Llama-3.2-3B-Instruct-FP8-dynamic,llama-3.2,Llama-3.2-3B-Instruct,fp8_dynamic,mmlu,62.98,-0.03,-0.2516899664866153,-0.9491807642395733,0.4458008312663427,-0.38944055944055944,-0.4940845070422535,True,Llama-3.2-3B-Instruct|s0
RedHatAI/Llama-3.2-3B-Instruct-FP8-dynamic,llama-3.2,Llama-3.2-3B-Instruct,fp8_dynamic,mmlu_cot,65.4,-0.17,-0.5377533623470117,-1.224894374673585,0.14938764997956167,-0.38944055944055944,-0.6714285714285715,True,Llama-3.2-3B-Instruct|s0
RedHatAI/Llama-3.2-3B-Instruct-FP8-dynamic,llama-3.2,Llama-3.2-3B-Instruct,fp8_dynamic,arc_challenge,77.13,-0.42,-0.09330712578112849,-2.1932833287423255,2.0066690771800686,-0.38944055944055944,-0.4235714285714286,True,Llama-3.2-3B-Instruct|s0
RedHatAI/Llama-3.2-3B-Instruct-FP8-dynamic,llama-3.2,Llama-3.2-3B-Instruct,fp8_dynamic,gsm8k,77.94,-1.22,-0.3750608037397852,-2.3293732063053882,1.579251598825818,-0.38944055944055944,-0.7508695652173913,True,Llama-3.2-3B-Instruct|s0
RedHatAI/Llama-3.2-3B-Instruct-FP8-dynamic,llama-3.2,Llama-3.2-3B-Instruct,fp8_dynamic,winogrande,71.11,0.0,0.004430185761024441,-2.1752071273912663,2.1840674989133153,-0.38944055944055944,-0.22929577464788733,True,Llama-3.2-3B-Instruct|s0
RedHatAI/Llama-3.2-3B-Instruct-FP8-dynamic,llama-3.2,Llama-3.2-3B-Instruct,fp8_dynamic,hellaswag,73.62,-0.08,-0.043158139807878804,-0.7959217645278553,0.7096054849120976,-0.38944055944055944,-0.2793150684931507,True,Llama-3.2-3B-Instruct|s0
RedHatAI/Llama-3.2-3B-Instruct-FP8-dynamic,llama-3.2,Llama-3.2-3B-Instruct,fp8_dynamic,truthfulqa,51.47,-0.41,0.05940955348680266,-2.9335760833215643,3.0523951902951696,-0.38944055944055944,-0.17054794520547945,True,Llama-3.2-3B-Instruct|s0
RedHatAI/Llama-3.2-3B-Instruct-FP8,llama-3.2,Llama-3.2-3B-Instruct,fp8,mmlu,62.98,-0.37,-0.45368740052530354,-1.1511781982782616,0.24380339722765443,-0.38944055944055944,-0.4940845070422535,True,Llama-3.2-3B-Instruct|s0
RedHatAI/Llama-3.2-3B-Instruct-FP8,llama-3.2,Llama-3.2-3B-Instruct,fp8,mmlu_cot,65.4,-0.2,-0.7397507963857,-1.4268918087122733,-0.05260978405912664,-0.38944055944055944,-0.6714285714285715,True,Llama-3.2-3B-Instruct|s0
RedHatAI/Llama-3.2-3B-Instruct-FP8,llama-3.2,Llama-3.2-3B-Instruct,fp8,arc_challenge,77.13,-0.51,-0.29530455981981674,-2.395280762781014,1.8046716431413803,-0.38944055944055944,-0.4235714285714286,True,Llama-3.2-3B-Instruct|s0
RedHatAI/Llama-3.2-3B-Instruct-FP8,llama-3.2,Llama-3.2-3B-Instruct,fp8,gsm8k,77.94,-0.08,-0.5770582377784734,-2.5313706403440763,1.3772541647871297,-0.38944055944055944,-0.7508695652173913,True,Llama-3.2-3B-Instruct|s0
RedHatAI/Llama-3.2-3B-Instruct-FP8,llama-3.2,Llama-3.2-3B-Instruct,fp8,hellaswag,73.62,-0.14,-0.24515557384656703,-0.9979191985665435,0.5076080508734094,-0.38944055944055944,-0.2793150684931507,True,Llama-3.2-3B-Instruct|s0
RedHatAI/Llama-3.2-3B-Instruct-FP8,llama-3.2,Llama-3.2-3B-Instruct,fp8,winogrande,71.11,-0.23,-0.1975672482776638,-2.377204561429955,1.982070064874627,-0.38944055944055944,-0.22929577464788733,True,Llama-3.2-3B-Instruct|s0
RedHatAI/Llama-3.2-3B-Instruct-FP8,llama-3.2,Llama-3.2-3B-Instruct,fp8,truthfulqa,51.47,0.18,-0.1425878805518856,-3.1355735173602524,2.8503977562564815,-0.38944055944055944,-0.17054794520547945,True,Llama-3.2-3B-Instruct|s0
RedHatAI/Llama-3.2-3B-Instruct-quantized.w8a8,llama-3.2,Llama-3.2-3B-Instruct,w8a8_int,mmlu,62.98,-0.23,-0.6303239685751121,-1.32781476632807,0.06716682917784589,-0.38944055944055944,-0.4940845070422535,True,Llama-3.2-3B-Instruct|s0
RedHatAI/Llama-3.2-3B-Instruct-quantized.w8a8,llama-3.2,Llama-3.2-3B-Instruct,w8a8_int,mmlu_cot,65.4,-0.35,-0.9163873644355085,-1.6035283767620818,-0.22924635210893518,-0.38944055944055944,-0.6714285714285715,True,Llama-3.2-3B-Instruct|s0
RedHatAI/Llama-3.2-3B-Instruct-quantized.w8a8,llama-3.2,Llama-3.2-3B-Instruct,w8a8_int,arc_challenge,77.13,-0.68,-0.4719411278696254,-2.5719173308308223,1.6280350750915717,-0.38944055944055944,-0.4235714285714286,True,Llama-3.2-3B-Instruct|s0
RedHatAI/Llama-3.2-3B-Instruct-quantized.w8a8,llama-3.2,Llama-3.2-3B-Instruct,w8a8_int,gsm8k,77.94,-0.38,-0.7536948058282821,-2.708007208393885,1.2006175967373212,-0.38944055944055944,-0.7508695652173913,True,Llama-3.2-3B-Instruct|s0
RedHatAI/Llama-3.2-3B-Instruct-quantized.w8a8,llama-3.2,Llama-3.2-3B-Instruct,w8a8_int,hellaswag,73.62,0.01,-0.4217921418963756,-1.174555766616352,0.3309714828236009,-0.38944055944055944,-0.2793150684931507,True,Llama-3.2-3B-Instruct|s0
RedHatAI/Llama-3.2-3B-Instruct-quantized.w8a8,llama-3.2,Llama-3.2-3B-Instruct,w8a8_int,winogrande,71.11,0.79,-0.3742038163274724,-2.553841129479763,1.8054334968248185,-0.38944055944055944,-0.22929577464788733,True,Llama-3.2-3B-Instruct|s0
RedHatAI/Llama-3.2-3B-Instruct-FP8-dynamic,llama-3.2,Llama-3.2-3B-Instruct,fp8_dynamic,mmlu,62.98,-0.03,-0.08946178078476319,-0.7262535454895516,0.5473299839200252,-0.3148521739130435,-0.45260869565217393,True,Llama-3.2-3B-Instruct|s1
RedHatAI/Llama-3.2-3B-Instruct-FP8-dynamic,llama-3.2,Llama-3.2-3B-Instruct,fp8_dynamic,mmlu_cot,65.4,-0.17,-0.371306846636827,-0.9986495144542932,0.25603582118063917,-0.3148521739130435,-0.6714285714285715,True,Llama-3.2-3B-Instruct|s1
RedHatAI/Llama-3.2-3B-Instruct-FP8-dynamic,llama-3.2,Llama-3.2-3B-Instruct,fp8_dynamic,arc_challenge,77.13,-0.42,0.06791287646394123,-1.8493132094282443,1.9851389623561266,-0.3148521739130435,-0.3346268656716418,True,Llama-3.2-3B-Instruct|s1
RedHatAI/Llama-3.2-3B-Instruct-FP8-dynamic,llama-3.2,Llama-3.2-3B-Instruct,fp8_dynamic,gsm8k,77.94,-1.22,0.11927250858004318,-1.6649661475046886,1.903511164664775,-0.3148521739130435,-0.29602941176470593,True,Llama-3.2-3B-Instruct|s1
RedHatAI/Llama-3.2-3B-Instruct-FP8-dynamic,llama-3.2,Llama-3.2-3B-Instruct,fp8_dynamic,winogrande,71.11,0.0,0.18765515515301762,-1.8022995446511412,2.1776098549571765,-0.3148521739130435,-0.15260869565217391,True,Llama-3.2-3B-Instruct|s1
RedHatAI/Llama-3.2-3B-Instruct-FP8-dynamic,llama-3.2,Llama-3.2-3B-Instruct,fp8_dynamic,hellaswag,73.62,-0.08,0.09113600085107776,-0.5961184812658141,0.7783904829679696,-0.3148521739130435,-0.2587323943661972,True,Llama-3.2-3B-Instruct|s1
RedHatAI/Llama-3.2-3B-Instruct-FP8-dynamic,llama-3.2,Llama-3.2-3B-Instruct,fp8_dynamic,truthfulqa,51.47,-0.41,0.19468173315307974,-2.537839773280232,2.927203239586391,-0.3148521739130435,-0.14309859154929577,True,Llama-3.2-3B-Instruct|s1
RedHatAI/Llama-3.2-3B-Instruct-FP8,llama-3.2,Llama-3.2-3B-Instruct,fp8,mmlu,62.98,-0.37,-0.44910039082271563,-1.085892155527504,0.18769137388207274,-0.3148521739130435,-0.45260869565217393,True,Llama-3.2-3B-Instruct|s1
RedHatAI/Llama-3.2-3B-Instruct-FP8,llama-3.2,Llama-3.2-3B-Instruct,fp8,mmlu_cot,65.4,-0.2,-0.7309454566747794,-1.3582881244922456,-0.10360278885731322,-0.3148521739130435,-0.6714285714285715,True,Llama-3.2-3B-Instruct|s1
RedHatAI/Llama-3.2-3B-Instruct-FP8,llama-3.2,Llama-3.2-3B-Instruct,fp8,arc_challenge,77.13,-0.51,-0.2917257335740112,-2.2089518194661966,1.6255003523181744,-0.3148521739130435,-0.3346268656716418,True,Llama-3.2-3B-Instruct|s1
RedHatAI/Llama-3.2-3B-Instruct-FP8,llama-3.2,Llama-3.2-3B-Instruct,fp8,gsm8k,77.94,-0.08,-0.24036610145790915,-2.024604757542641,1.5438725546268226,-0.3148521739130435,-0.29602941176470593,True,Llama-3.2-3B-Instruct|s1
RedHatAI/Llama-3.2-3B-Instruct-FP8,llama-3.2,Llama-3.2-3B-Instruct,fp8,hellaswag,73.62,-0.14,-0.26850260918687463,-0.9557570913037665,0.41875187293001725,-0.3148521739130435,-0.2587323943661972,True,Llama-3.2-3B-Instruct|s1
RedHatAI/Llama-3.2-3B-Instruct-FP8,llama-3.2,Llama-3.2-3B-Instruct,fp8,winogrande,71.11,-0.23,-0.1719834548849347,-2.1619381546890937,1.8179712449192242,-0.3148521739130435,-0.15260869565217391,True,Llama-3.2-3B-Instruct|s1
RedHatAI/Llama-3.2-3B-Instruct-FP8,llama-3.2,Llama-3.2-3B-Instruct,fp8,truthfulqa,51.47,0.18,-0.16495687688487262,-2.8974783833181843,2.5675646295484387,-0.3148521739130435,-0.14309859154929577,True,Llama-3.2-3B-Instruct|s1
RedHatAI/Llama-3.2-3B-Instruct-quantized.w8a8,llama-3.2,Llama-3.2-3B-Instruct,w8a8_int,mmlu,62.98,-0.23,-0.7288840206527281,-1.3656757853575163,-0.09209225594793968,-0.3148521739130435,-0.45260869565217393,True,Llama-3.2-3B-Instruct|s1
RedHatAI/Llama-3.2-3B-Instruct-quantized.w8a8,llama-3.2,Llama-3.2-3B-Instruct,w8a8_int,mmlu_cot,65.4,-0.35,-1.0107290865047918,-1.638071754322258,-0.3833864186873256,-0.3148521739130435,-0.6714285714285715,False,Llama-3.2-3B-Instruct|s1
RedHatAI/Llama-3.2-3B-Instruct-quantized.w8a8,llama-3.2,Llama-3.2-3B-Instruct,w8a8_int,arc_challenge,77.13,-0.68,-0.5715093634040237,-2.4887354492962093,1.3457167224881617,-0.3148521739130435,-0.3346268656716418,True,Llama-3.2-3B-Instruct|s1
RedHatAI/Llama-3.2-3B-Instruct-quantized.w8a8,llama-3.2,Llama-3.2-3B-Instruct,w8a8_int,gsm8k,77.94,-0.38,-0.5201497312879216,-2.3043883873726534,1.2640889247968103,-0.3148521739130435,-0.29602941176470593,True,Llama-3.2-3B-Instruct|s1
RedHatAI/Llama-3.2-3B-Instruct-quantized.w8a8,llama-3.2,Llama-3.2-3B-Instruct,w8a8_int,hellaswag,73.62,0.01,-0.5482862390168871,-1.235540721133779,0.13896824310000477,-0.3148521739130435,-0.2587323943661972,True,Llama-3.2-3B-Instruct|s1
RedHatAI/Llama-3.2-3B-Instruct-quantized.w8a8,llama-3.2,Llama-3.2-3B-Instruct,w8a8_int,winogrande,71.11,0.79,-0.4517670847149472,-2.441721784519106,1.5381876150892118,-0.3148521739130435,-0.15260869565217391,True,Llama-3.2-3B-Instruct|s1
RedHatAI/Llama-3.2-3B-Instruct-FP8-dynamic,llama-3.2,Llama-3.2-3B-Instruct,fp8_dynamic,mmlu,62.98,-0.03,-0.2205224447327098,-0.8463054895647164,0.4052606000992969,-0.3751313485113835,-0.51671875,True,Llama-3.2-3B-Instruct|s2
RedHatAI/Llama-3.2-3B-Instruct-FP8-dynamic,llama-3.2,Llama-3.2-3B-Instruct,fp8_dynamic,mmlu_cot,65.4,-0.17,-0.44785631177560925,-1.0643536136869258,0.16864099013570744,-0.3751313485113835,-0.6961538461538462,True,Llama-3.2-3B-Instruct|s2
RedHatAI/Llama-3.2-3B-Instruct-FP8-dynamic,llama-3.2,Llama-3.2-3B-Instruct,fp8_dynamic,arc_challenge,77.13,-0.42,-0.13110437257615196,-2.015185863826537,1.7529771186742331,-0.3751313485113835,-0.42734375,True,Llama-3.2-3B-Instruct|s2
RedHatAI/Llama-3.2-3B-Instruct-FP8-dynamic,llama-3.2,Llama-3.2-3B-Instruct,fp8_dynamic,gsm8k,77.94,-1.22,-0.22281443447649665,-1.9762075541712731,1.5305786852182799,-0.3751313485113835,-0.55828125,True,Llama-3.2-3B-Instruct|s2
RedHatAI/Llama-3.2-3B-Instruct-FP8-dynamic,llama-3.2,Llama-3.2-3B-Instruct,fp8_dynamic,winogrande,71.11,0.0,-0.023538077695861248,-1.9790908661313558,1.932014710739633,-0.3751313485113835,-0.31703125,True,Llama-3.2-3B-Instruct|s2
RedHatAI/Llama-3.2-3B-Instruct-FP8-dynamic,llama-3.2,Llama-3.2-3B-Instruct,fp8_dynamic,hellaswag,73.62,-0.08,0.052571359376380355,-0.6228020141987796,0.7279447329515403,-0.3751313485113835,-0.2090909090909091,True,Llama-3.2-3B-Instruct|s2
RedHatAI/Llama-3.2-3B-Instruct-FP8-dynamic,llama-3.2,Llama-3.2-3B-Instruct,fp8_dynamic,truthfulqa,51.47,-0.41,0.09907608056904493,-2.58620617831429,2.7843583394523796,-0.3751313485113835,-0.16242424242424244,True,Llama-3.2-3B-Instruct|s2
RedHatAI/Llama-3.2-3B-Instruct-FP8,llama-3.2,Llama-3.2-3B-Instruct,fp8,mmlu,62.98,-0.37,-0.5194817724160619,-1.1452648172480684,0.10630127241594478,-0.3751313485113835,-0.51671875,True,Llama-3.2-3B-Instruct|s2
RedHatAI/Llama-3.2-3B-Instruct-FP8,llama-3.2,Llama-3.2-3B-Instruct,fp8,mmlu_cot,65.4,-0.2,-0.7468156394589613,-1.363312941370278,-0.13031833754764466,-0.3751313485113835,-0.6961538461538462,True,Llama-3.2-3B-Instruct|s2
RedHatAI/Llama-3.2-3B-Instruct-FP8,llama-3.2,Llama-3.2-3B-Instruct,fp8,arc_challenge,77.13,-0.51,-0.43006370025950397,-2.314145191509889,1.4540177909908811,-0.3751313485113835,-0.42734375,True,Llama-3.2-3B-Instruct|s2
RedHatAI/Llama-3.2-3B-Instruct-FP8,llama-3.2,Llama-3.2-3B-Instruct,fp8,gsm8k,77.94,-0.08,-0.5217737621598486,-2.2751668818546253,1.231619357534928,-0.3751313485113835,-0.55828125,True,Llama-3.2-3B-Instruct|s2
RedHatAI/Llama-3.2-3B-Instruct-FP8,llama-3.2,Llama-3.2-3B-Instruct,fp8,hellaswag,73.62,-0.14,-0.24638796830697163,-0.9217613418821315,0.4289854052681883,-0.3751313485113835,-0.2090909090909091,True,Llama-3.2-3B-Instruct|s2
RedHatAI/Llama-3.2-3B-Instruct-FP8,llama-3.2,Llama-3.2-3B-Instruct,fp8,winogrande,71.11,-0.23,-0.32249740537921323,-2.2780501938147077,1.633055383056281,-0.3751313485113835,-0.31703125,True,Llama-3.2-3B-Instruct|s2
RedHatAI/Llama-3.2-3B-Instruct-FP8,llama-3.2,Llama-3.2-3B-Instruct,fp8,truthfulqa,51.47,0.18,-0.1998832471143071,-2.8851655059976418,2.4853990117690277,-0.3751313485113835,-0.16242424242424244,True,Llama-3.2-3B-Instruct|s2
RedHatAI/Llama-3.2-3B-Instruct-quantized.w8a8,llama-3.2,Llama-3.2-3B-Instruct,w8a8_int,mmlu,62.98,-0.23,-0.7463015928624732,-1.37208463769448,-0.12051854803046658,-0.3751313485113835,-0.51671875,True,Llama-3.2-3B-Instruct|s2
RedHatAI/Llama-3.2-3B-Instruct-quantized.w8a8,llama-3.2,Llama-3.2-3B-Instruct,w8a8_int,mmlu_cot,65.4,-0.35,-0.9736354599053728,-1.5901327618166894,-0.3571381579940561,-0.3751313485113835,-0.6961538461538462,False,Llama-3.2-3B-Instruct|s2
RedHatAI/Llama-3.2-3B-Instruct-quantized.w8a8,llama-3.2,Llama-3.2-3B-Instruct,w8a8_int,arc_challenge,77.13,-0.68,-0.6568835207059154,-2.5409650119563008,1.2271979705444698,-0.3751313485113835,-0.42734375,True,Llama-3.2-3B-Instruct|s2
RedHatAI/Llama-3.2-3B-Instruct-quantized.w8a8,llama-3.2,Llama-3.2-3B-Instruct,w8a8_int,gsm8k,77.94,-0.38,-0.7485935826062601,-2.5019867023010365,1.0047995370885165,-0.3751313485113835,-0.55828125,True,Llama-3.2-3B-Instruct|s2
RedHatAI/Llama-3.2-3B-Instruct-quantized.w8a8,llama-3.2,Llama-3.2-3B-Instruct,w8a8_int,hellaswag,73.62,0.01,-0.4732077887533831,-1.1485811623285431,0.20216558482177682,-0.3751313485113835,-0.2090909090909091,True,Llama-3.2-3B-Instruct|s2
RedHatAI/Llama-3.2-3B-Instruct-quantized.w8a8,llama-3.2,Llama-3.2-3B-Instruct,w8a8_int,winogrande,71.11,0.79,-0.5493172258256247,-2.504870014261119,1.4062355626098697,-0.3751313485113835,-0.31703125,True,Llama-3.2-3B-Instruct|s2
RedHatAI/Llama-3.2-3B-Instruct-FP8-dynamic,llama-3.2,Llama-3.2-3B-Instruct,fp8_dynamic,mmlu,62.98,-0.03,-0.19239117820515456,-0.7990899266785345,0.41430757026822534,-0.41930275229357794,-0.4864516129032258,True,Llama-3.2-3B-Instruct|s3
RedHatAI/Llama-3.2-3B-Instruct-FP8-dynamic,llama-3.2,Llama-3.2-3B-Instruct,fp8_dynamic,mmlu_cot,65.4,-0.17,-0.49770216574526627,-1.0953983554961733,0.09999402400564061,-0.41930275229357794,-0.6961538461538462,True,Llama-3.2-3B-Instruct|s3
RedHatAI/Llama-3.2-3B-Instruct-FP8-dynamic,llama-3.2,Llama-3.2-3B-Instruct,fp8_dynamic,arc_challenge,77.13,-0.42,-0.09495102831095648,-1.9215743160517238,1.7316722594298108,-0.41930275229357794,-0.44515625000000003,True,Llama-3.2-3B-Instruct|s3
RedHatAI/Llama-3.2-3B-Instruct-FP8-dynamic,llama-3.2,Llama-3.2-3B-Instruct,fp8_dynamic,gsm8k,77.94,-1.22,-0.38564371555288074,-2.0855641913245306,1.314276760218769,-0.41930275229357794,-0.7859677419354838,True,Llama-3.2-3B-Instruct|s3
RedHatAI/Llama-3.2-3B-Instruct-FP8-dynamic,llama-3.2,Llama-3.2-3B-Instruct,fp8_dynamic,winogrande,71.11,0.0,-0.04688686625902061,-1.9428018149229684,1.8490280824049274,-0.41930275229357794,-0.3507936507936508,True,Llama-3.2-3B-Instruct|s3
RedHatAI/Llama-3.2-3B-Instruct-FP8-dynamic,llama-3.2,Llama-3.2-3B-Instruct,fp8_dynamic,hellaswag,73.62,-0.08,0.0017270353978155462,-0.653049702137942,0.6565037729335732,-0.41930275229357794,-0.27890625,True,Llama-3.2-3B-Instruct|s3
RedHatAI/Llama-3.2-3B-Instruct-FP8-dynamic,llama-3.2,Llama-3.2-3B-Instruct,fp8_dynamic,truthfulqa,51.47,-0.41,0.09064144287562659,-2.512748660478232,2.694031546229485,-0.41930275229357794,-0.18564516129032257,True,Llama-3.2-3B-Instruct|s3
RedHatAI/Llama-3.2-3B-Instruct-FP8,llama-3.2,Llama-3.2-3B-Instruct,fp8,mmlu,62.98,-0.37,-0.4380189261318106,-1.0447176746051905,0.1686798223415693,-0.41930275229357794,-0.4864516129032258,True,Llama-3.2-3B-Instruct|s3
RedHatAI/Llama-3.2-3B-Instruct-FP8,llama-3.2,Llama-3.2-3B-Instruct,fp8,mmlu_cot,65.4,-0.2,-0.7433299136719224,-1.3410261034228292,-0.14563372392101548,-0.41930275229357794,-0.6961538461538462,True,Llama-3.2-3B-Instruct|s3
RedHatAI/Llama-3.2-3B-Instruct-FP8,llama-3.2,Llama-3.2-3B-Instruct,fp8,arc_challenge,77.13,-0.51,-0.34057877623761257,-2.16720206397838,1.4860445115031546,-0.41930275229357794,-0.44515625000000003,True,Llama-3.2-3B-Instruct|s3
RedHatAI/Llama-3.2-3B-Instruct-FP8,llama-3.2,Llama-3.2-3B-Instruct,fp8,gsm8k,77.94,-0.08,-0.6312714634795369,-2.3311919392511866,1.0686490122921128,-0.41930275229357794,-0.7859677419354838,True,Llama-3.2-3B-Instruct|s3
RedHatAI/Llama-3.2-3B-Instruct-FP8,llama-3.2,Llama-3.2-3B-Instruct,fp8,hellaswag,73.62,-0.14,-0.2439007125288405,-0.8986774500645981,0.4108760250069171,-0.41930275229357794,-0.27890625,True,Llama-3.2-3B-Instruct|s3
RedHatAI/Llama-3.2-3B-Instruct-FP8,llama-3.2,Llama-3.2-3B-Instruct,fp8,winogrande,71.11,-0.23,-0.29251461418567665,-2.1884295628496244,1.6034003344782712,-0.41930275229357794,-0.3507936507936508,True,Llama-3.2-3B-Instruct|s3
RedHatAI/Llama-3.2-3B-Instruct-FP8,llama-3.2,Llama-3.2-3B-Instruct,fp8,truthfulqa,51.47,0.18,-0.15498630505102945,-2.758376408404888,2.448403798302829,-0.41930275229357794,-0.18564516129032257,True,Llama-3.2-3B-Instruct|s3
RedHatAI/Llama-3.2-3B-Instruct-quantized.w8a8,llama-3.2,Llama-3.2-3B-Instruct,w8a8_int,mmlu,62.98,-0.23,-0.5976423425844207,-1.2043410910578007,0.009056405888959174,-0.41930275229357794,-0.4864516129032258,True,Llama-3.2-3B-Instruct|s3
RedHatAI/Llama-3.2-3B-Instruct-quantized.w8a8,llama-3.2,Llama-3.2-3B-Instruct,w8a8_int,mmlu_cot,65.4,-0.35,-0.9029533301245325,-1.5006495198754393,-0.3052571403736256,-0.41930275229357794,-0.6961538461538462,True,Llama-3.2-3B-Instruct|s3
RedHatAI/Llama-3.2-3B-Instruct-quantized.w8a8,llama-3.2,Llama-3.2-3B-Instruct,w8a8_int,arc_challenge,77.13,-0.68,-0.5002021926902227,-2.32682548043099,1.3264210950505446,-0.41930275229357794,-0.44515625000000003,True,Llama-3.2-3B-Instruct|s3
RedHatAI/Llama-3.2-3B-Instruct-quantized.w8a8,llama-3.2,Llama-3.2-3B-Instruct,w8a8_int,gsm8k,77.94,-0.38,-0.7908948799321469,-2.4908153557037966,0.9090255958395028,-0.41930275229357794,-0.7859677419354838,True,Llama-3.2-3B-Instruct|s3
RedHatAI/Llama-3.2-3B-Instruct-quantized.w8a8,llama-3.2,Llama-3.2-3B-Instruct,w8a8_int,hellaswag,73.62,0.01,-0.4035241289814506,-1.0583008665172082,0.251252608554307,-0.41930275229357794,-0.27890625,True,Llama-3.2-3B-Instruct|s3
RedHatAI/Llama-3.2-3B-Instruct-quantized.w8a8,llama-3.2,Llama-3.2-3B-Instruct,w8a8_int,winogrande,71.11,0.79,-0.4521380306382868,-2.348052979302235,1.4437769180256612,-0.41930275229357794,-0.3507936507936508,True,Llama-3.2-3B-Instruct|s3
RedHatAI/Llama-3.2-3B-Instruct-FP8-dynamic,llama-3.2,Llama-3.2-3B-Instruct,fp8_dynamic,mmlu,62.98,-0.03,-0.28030051835135866,-0.9986489711020337,0.4380479343993163,-0.33516407599309156,-0.5515492957746478,True,Llama-3.2-3B-Instruct|s4
RedHatAI/Llama-3.2-3B-Instruct-FP8-dynamic,llama-3.2,Llama-3.2-3B-Instruct,fp8_dynamic,mmlu_cot,65.4,-0.17,-0.6428878372563291,-1.3505770062267781,0.06480133171411995,-0.33516407599309156,-0.84,True,Llama-3.2-3B-Instruct|s4
RedHatAI/Llama-3.2-3B-Instruct-FP8-dynamic,llama-3.2,Llama-3.2-3B-Instruct,fp8_dynamic,arc_challenge,77.13,-0.42,-0.1378668970946093,-2.300640457792838,2.0249066636036197,-0.33516407599309156,-0.4211594202898551,True,Llama-3.2-3B-Instruct|s4
RedHatAI/Llama-3.2-3B-Instruct-FP8-dynamic,llama-3.2,Llama-3.2-3B-Instruct,fp8_dynamic,gsm8k,77.94,-1.22,-0.07659378935244832,-2.0893476423024766,1.9361600635975802,-0.33516407599309156,-0.36442857142857144,True,Llama-3.2-3B-Instruct|s4
RedHatAI/Llama-3.2-3B-Instruct-FP8-dynamic,llama-3.2,Llama-3.2-3B-Instruct,fp8_dynamic,winogrande,71.11,0.0,0.06247973759551195,-2.1823371065905106,2.3072965817815345,-0.33516407599309156,-0.17366197183098592,True,Llama-3.2-3B-Instruct|s4
RedHatAI/Llama-3.2-3B-Instruct-FP8-dynamic,llama-3.2,Llama-3.2-3B-Instruct,fp8_dynamic,hellaswag,73.62,-0.08,-0.06375224254701756,-0.839026392179756,0.7115219070857208,-0.33516407599309156,-0.30972602739726024,True,Llama-3.2-3B-Instruct|s4
RedHatAI/Llama-3.2-3B-Instruct-FP8-dynamic,llama-3.2,Llama-3.2-3B-Instruct,fp8_dynamic,truthfulqa,51.47,-0.41,0.023072606130447648,-3.05941480192248,3.105560014183375,-0.33516407599309156,-0.2154929577464789,True,Llama-3.2-3B-Instruct|s4
RedHatAI/Llama-3.2-3B-Instruct-FP8,llama-3.2,Llama-3.2-3B-Instruct,fp8,mmlu,62.98,-0.37,-0.4271431146196285,-1.1454915673703034,0.29120533813104643,-0.33516407599309156,-0.5515492957746478,True,Llama-3.2-3B-Instruct|s4
RedHatAI/Llama-3.2-3B-Instruct-FP8,llama-3.2,Llama-3.2-3B-Instruct,fp8,mmlu_cot,65.4,-0.2,-0.789730433524599,-1.4974196024950481,-0.08204126455414995,-0.33516407599309156,-0.84,True,Llama-3.2-3B-Instruct|s4
RedHatAI/Llama-3.2-3B-Instruct-FP8,llama-3.2,Llama-3.2-3B-Instruct,fp8,arc_challenge,77.13,-0.51,-0.28470949336287915,-2.447483054061108,1.8780640673353497,-0.33516407599309156,-0.4211594202898551,True,Llama-3.2-3B-Instruct|s4
RedHatAI/Llama-3.2-3B-Instruct-FP8,llama-3.2,Llama-3.2-3B-Instruct,fp8,gsm8k,77.94,-0.08,-0.22343638562071816,-2.2361902385707464,1.7893174673293102,-0.33516407599309156,-0.36442857142857144,True,Llama-3.2-3B-Instruct|s4
RedHatAI/Llama-3.2-3B-Instruct-FP8,llama-3.2,Llama-3.2-3B-Instruct,fp8,hellaswag,73.62,-0.14,-0.21059483881528737,-0.9858689884480258,0.564679310817451,-0.33516407599309156,-0.30972602739726024,True,Llama-3.2-3B-Instruct|s4
RedHatAI/Llama-3.2-3B-Instruct-FP8,llama-3.2,Llama-3.2-3B-Instruct,fp8,winogrande,71.11,-0.23,-0.08436285867275789,-2.3291797028587804,2.1604539855132647,-0.33516407599309156,-0.17366197183098592,True,Llama-3.2-3B-Instruct|s4
RedHatAI/Llama-3.2-3B-Instruct-FP8,llama-3.2,Llama-3.2-3B-Instruct,fp8,truthfulqa,51.47,0.18,-0.1237699901378222,-3.2062573981907496,2.9587174179151052,-0.33516407599309156,-0.2154929577464789,True,Llama-3.2-3B-Instruct|s4
RedHatAI/Llama-3.2-3B-Instruct-quantized.w8a8,llama-3.2,Llama-3.2-3B-Instruct,w8a8_int,mmlu,62.98,-0.23,-0.5725466830135589,-1.290895135764234,0.145801769737116,-0.33516407599309156,-0.5515492957746478,True,Llama-3.2-3B-Instruct|s4
RedHatAI/Llama-3.2-3B-Instruct-quantized.w8a8,llama-3.2,Llama-3.2-3B-Instruct,w8a8_int,mmlu_cot,65.4,-0.35,-0.9351340019185295,-1.6428231708889784,-0.22744483294808038,-0.33516407599309156,-0.84,True,Llama-3.2-3B-Instruct|s4
RedHatAI/Llama-3.2-3B-Instruct-quantized.w8a8,llama-3.2,Llama-3.2-3B-Instruct,w8a8_int,arc_challenge,77.13,-0.68,-0.4301130617568095,-2.592886622455038,1.7326604989414194,-0.33516407599309156,-0.4211594202898551,True,Llama-3.2-3B-Instruct|s4
RedHatAI/Llama-3.2-3B-Instruct-quantized.w8a8,llama-3.2,Llama-3.2-3B-Instruct,w8a8_int,gsm8k,77.94,-0.38,-0.36883995401464853,-2.381593806964677,1.6439138989353799,-0.33516407599309156,-0.36442857142857144,True,Llama-3.2-3B-Instruct|s4
RedHatAI/Llama-3.2-3B-Instruct-quantized.w8a8,llama-3.2,Llama-3.2-3B-Instruct,w8a8_int,hellaswag,73.62,0.01,-0.3559984072092177,-1.1312725568419562,0.4192757424235207,-0.33516407599309156,-0.30972602739726024,True,Llama-3.2-3B-Instruct|s4
RedHatAI/Llama-3.2-3B-Instruct-quantized.w8a8,llama-3.2,Llama-3.2-3B-Instruct,w8a8_int,winogrande,71.11,0.79,-0.2297664270666882,-2.474583271252711,2.015050417119334,-0.33516407599309156,-0.17366197183098592,True,Llama-3.2-3B-Instruct|s4
RedHatAI/Llama-3.3-70B-Instruct-FP8-dynamic,llama-3.3,Llama-3.3-70B-Instruct,fp8_dynamic,mmlu,81.6,-0.29,-0.05571235775801642,-0.6176281226619385,0.5062034071459056,-0.41037837837837843,-0.5056338028169014,True,Llama-3.3-70B-Instruct|s0
RedHatAI/Llama-3.3-70B-Instruct-FP8-dynamic,llama-3.3,Llama-3.3-70B-Instruct,fp8_dynamic,mmlu_cot,86.58,-0.24,-0.31552925815235733,-0.8098425339041857,0.17878401759947105,-0.41037837837837843,-0.6230769230769231,True,Llama-3.3-70B-Instruct|s0
RedHatAI/Llama-3.3-70B-Instruct-FP8-dynamic,llama-3.3,Llama-3.3-70B-Instruct,fp8_dynamic,arc_challenge,49.23,2.73,-0.14182093254750244,-2.651316332248308,2.367674467153303,-0.41037837837837843,-0.4853521126760563,False,Llama-3.3-70B-Instruct|s0
RedHatAI/Llama-3.3-70B-Instruct-FP8-dynamic,llama-3.3,Llama-3.3-70B-Instruct,fp8_dynamic,gsm8k,94.16,0.76,-0.2048861226016049,-1.3144414445474453,0.9046691993442354,-0.41037837837837843,-0.6771428571428572,True,Llama-3.3-70B-Instruct|s0
RedHatAI/Llama-3.3-70B-Instruct-FP8-dynamic,llama-3.3,Llama-3.3-70B-Instruct,fp8_dynamic,hellaswag,86.49,-0.06,0.14372890954454925,-0.44245274808398544,0.7299105671730839,-0.41037837837837843,-0.2526388888888889,True,Llama-3.3-70B-Instruct|s0
RedHatAI/Llama-3.3-70B-Instruct-FP8-dynamic,llama-3.3,Llama-3.3-70B-Instruct,fp8_dynamic,winogrande,84.77,-0.24,0.19884959997164103,-1.5358107269895078,1.93350992693279,-0.41037837837837843,-0.18085714285714286,True,Llama-3.3-70B-Instruct|s0
RedHatAI/Llama-3.3-70B-Instruct-FP8-dynamic,llama-3.3,Llama-3.3-70B-Instruct,fp8_dynamic,truthfulqa,62.75,0.46,0.2687546341710037,-2.637881615542678,3.175390883884685,-0.41037837837837843,-0.13521739130434782,True,Llama-3.3-70B-Instruct|s0
RedHatAI/Llama-3.3-70B-Instruct-FP8-dynamic,llama-3.3,Llama-3.3-70B-Instruct,fp8_dynamic,mmlu_pro,51.89,-0.39,-1.0944329815779847,-1.8771816046339387,-0.3116843585220307,-0.41037837837837843,-1.7734999999999999,True,Llama-3.3-70B-Instruct|s0
RedHatAI/Llama-3.3-70B-Instruct-FP8-dynamic,llama-3.3,Llama-3.3-70B-Instruct,fp8_dynamic,ifeval,90.89,0.03,0.28713505280364865,-1.8388015912559026,2.4130716968632,-0.41037837837837843,-0.08199999999999999,True,Llama-3.3-70B-Instruct|s0
RedHatAI/Llama-3.3-70B-Instruct-FP8-dynamic,llama-3.3,Llama-3.3-70B-Instruct,fp8_dynamic,bbh,63.15,-0.31,-0.27071989239067723,-1.298057735243293,0.7566179504619384,-0.41037837837837843,-0.8252380952380951,True,Llama-3.3-70B-Instruct|s0
RedHatAI/Llama-3.3-70B-Instruct-FP8-dynamic,llama-3.3,Llama-3.3-70B-Instruct,fp8_dynamic,gpqa,46.1,0.2,0.5568370753176977,-3.490203405078362,4.6038775557137575,-0.41037837837837843,0.09692307692307692,True,Llama-3.3-70B-Instruct|s0
RedHatAI/Llama-3.3-70B-Instruct-FP8-dynamic,llama-3.3,Llama-3.3-70B-Instruct,fp8_dynamic,musr,44.35,-0.39,1.037380806219423,-2.06753772096791,4.142299333406756,-0.41037837837837843,0.5142857142857143,True,Llama-3.3-70B-Instruct|s0
RedHatAI/Llama-3.3-70B-Instruct-FP8-dynamic,llama-3.3,Llama-3.3-70B-Instruct,fp8_dynamic,humaneval,83.2,0.5,0.08586582424650441,-4.93092611687612,5.102657765369128,-0.41037837837837843,-0.4810526315789474,True,Llama-3.3-70B-Instruct|s0
RedHatAI/Llama-3.3-70B-Instruct-FP8-dynamic,llama-3.3,Llama-3.3-70B-Instruct,fp8_dynamic,humaneval_plus,78.4,0.3,0.06061707867632854,-5.4613611882346165,5.582595345587273,-0.41037837837837843,-0.19999999999999998,True,Llama-3.3-70B-Instruct|s0
RedHatAI/Llama-3.3-70B-Instruct-NVFP4,llama-3.3,Llama-3.3-70B-Instruct,nvfp4,arc_challenge,93.39,-0.77,-0.820129706003182,-2.0672800813064973,0.42702066930013327,-0.41037837837837843,-0.4853521126760563,True,Llama-3.3-70B-Instruct|s0
RedHatAI/Llama-3.3-70B-Instruct-NVFP4,llama-3.3,Llama-3.3-70B-Instruct,nvfp4,gsm8k,85.22,-8.12,-0.92993045216005,-2.6091879431996188,0.7493270388795188,-0.41037837837837843,-0.6771428571428572,False,Llama-3.3-70B-Instruct|s0
RedHatAI/Llama-3.3-70B-Instruct-NVFP4,llama-3.3,Llama-3.3-70B-Instruct,nvfp4,hellaswag,70.23,5.17,-0.6279104562382207,-1.4120120798824307,0.15619116740598926,-0.41037837837837843,-0.2526388888888889,False,Llama-3.3-70B-Instruct|s0
RedHatAI/Llama-3.3-70B-Instruct-NVFP4,llama-3.3,Llama-3.3-70B-Instruct,nvfp4,winogrande,73.48,-0.95,-0.5541270792024324,-2.6852806024336378,1.577026444028773,-0.41037837837837843,-0.18085714285714286,True,Llama-3.3-70B-Instruct|s0
RedHatAI/Llama-3.3-70B-Instruct-NVFP4,llama-3.3,Llama-3.3-70B-Instruct,nvfp4,truthfulqa,66.26,0.0,-0.472270109819549,-3.3148909572494025,2.3703507376103046,-0.41037837837837843,-0.13521739130434782,True,Llama-3.3-70B-Instruct|s0
RedHatAI/Llama-3.3-70B-Instruct-NVFP4,llama-3.3,Llama-3.3-70B-Instruct,nvfp4,mmlu_pro,53.48,-3.22,-1.837341735474842,-2.618750630881265,-1.0559328400684191,-0.41037837837837843,-1.7734999999999999,False,Llama-3.3-70B-Instruct|s0
RedHatAI/Llama-3.3-70B-Instruct-NVFP4,llama-3.3,Llama-3.3-70B-Instruct,nvfp4,ifeval,92.45,-0.96,-0.4742672497878181,-2.4261782480230707,1.4776437484474343,-0.41037837837837843,-0.08199999999999999,True,Llama-3.3-70B-Instruct|s0
RedHatAI/Llama-3.3-70B-Instruct-NVFP4,llama-3.3,Llama-3.3-70B-Instruct,nvfp4,bbh,69.05,-2.74,-1.0025799652632317,-1.9870897359216446,-0.018070194604818846,-0.41037837837837843,-0.8252380952380951,False,Llama-3.3-70B-Instruct|s0
RedHatAI/Llama-3.3-70B-Instruct-NVFP4,llama-3.3,Llama-3.3-70B-Instruct,nvfp4,gpqa,31.63,0.58,-0.3332035207600127,-4.108708862394216,3.4423018208741905,-0.41037837837837843,0.09692307692307692,True,Llama-3.3-70B-Instruct|s0
RedHatAI/Llama-3.3-70B-Instruct-NVFP4,llama-3.3,Llama-3.3-70B-Instruct,nvfp4,musr,44.18,0.0,0.28326636758588236,-2.820425399724172,3.386958134895937,-0.41037837837837843,0.5142857142857143,True,Llama-3.3-70B-Instruct|s0
RedHatAI/Llama-3.3-70B-Instruct-NVFP4,llama-3.3,Llama-3.3-70B-Instruct,nvfp4,humaneval,88.69,-3.92,-0.6985644290063953,-4.948461540178677,3.551332682165887,-0.41037837837837843,-0.4810526315789474,True,Llama-3.3-70B-Instruct|s0
RedHatAI/Llama-3.3-70B-Instruct-quantized.w4a16,llama-3.3,Llama-3.3-70B-Instruct,w4a16,mmlu,81.6,-0.98,-0.6413536433465815,-1.2032694082505035,-0.07943787844265948,-0.41037837837837843,-0.5056338028169014,True,Llama-3.3-70B-Instruct|s0
RedHatAI/Llama-3.3-70B-Instruct-quantized.w4a16,llama-3.3,Llama-3.3-70B-Instruct,w4a16,mmlu_cot,86.58,-0.77,-0.9011705437409223,-1.3954838194927506,-0.40685726798909394,-0.41037837837837843,-0.6230769230769231,True,Llama-3.3-70B-Instruct|s0
RedHatAI/Llama-3.3-70B-Instruct-quantized.w4a16,llama-3.3,Llama-3.3-70B-Instruct,w4a16,arc_challenge,49.23,0.26,-0.7274622181360676,-3.236957617836873,1.7820331815647381,-0.41037837837837843,-0.4853521126760563,True,Llama-3.3-70B-Instruct|s0
RedHatAI/Llama-3.3-70B-Instruct-quantized.w4a16,llama-3.3,Llama-3.3-70B-Instruct,w4a16,gsm8k,94.16,0.31,-0.7905274081901699,-1.9000827301360101,0.3190279137556704,-0.41037837837837843,-0.6771428571428572,True,Llama-3.3-70B-Instruct|s0
RedHatAI/Llama-3.3-70B-Instruct-quantized.w4a16,llama-3.3,Llama-3.3-70B-Instruct,w4a16,hellaswag,86.49,-0.52,-0.4419123760440156,-1.0280940336725504,0.14426928158451907,-0.41037837837837843,-0.2526388888888889,True,Llama-3.3-70B-Instruct|s0
RedHatAI/Llama-3.3-70B-Instruct-quantized.w4a16,llama-3.3,Llama-3.3-70B-Instruct,w4a16,winogrande,84.77,-0.32,-0.3867916856169239,-2.121452012578073,1.347868641344225,-0.41037837837837843,-0.18085714285714286,True,Llama-3.3-70B-Instruct|s0
RedHatAI/Llama-3.3-70B-Instruct-quantized.w4a16,llama-3.3,Llama-3.3-70B-Instruct,w4a16,truthfulqa,62.75,-1.09,-0.3168866514175612,-3.2235229011312425,2.5897495982961205,-0.41037837837837843,-0.13521739130434782,True,Llama-3.3-70B-Instruct|s0
RedHatAI/Llama-3.3-70B-Instruct-quantized.w4a16,llama-3.3,Llama-3.3-70B-Instruct,w4a16,humaneval,83.2,0.2,-0.4997754613420605,-5.516567402464684,4.517016479780564,-0.41037837837837843,-0.4810526315789474,True,Llama-3.3-70B-Instruct|s0
RedHatAI/Llama-3.3-70B-Instruct-quantized.w4a16,llama-3.3,Llama-3.3-70B-Instruct,w4a16,humaneval_plus,78.4,0.2,-0.5250242069122364,-6.047002473823181,4.996954059998709,-0.41037837837837843,-0.19999999999999998,True,Llama-3.3-70B-Instruct|s0
RedHatAI/Llama-3.3-70B-Instruct-quantized.w8a8,llama-3.3,Llama-3.3-70B-Instruct,w8a8_int,mmlu,81.6,-0.41,-0.6383062197023581,-1.20022198460628,-0.07639045479843609,-0.41037837837837843,-0.5056338028169014,True,Llama-3.3-70B-Instruct|s0
RedHatAI/Llama-3.3-70B-Instruct-quantized.w8a8,llama-3.3,Llama-3.3-70B-Instruct,w8a8_int,mmlu_cot,86.58,-0.66,-0.8981231200966991,-1.3924363958485275,-0.40380984434487077,-0.41037837837837843,-0.6230769230769231,True,Llama-3.3-70B-Instruct|s0
RedHatAI/Llama-3.3-70B-Instruct-quantized.w8a8,llama-3.3,Llama-3.3-70B-Instruct,w8a8_int,arc_challenge,49.23,-1.19,-0.7244147944918443,-3.23391019419265,1.7850806052089614,-0.41037837837837843,-0.4853521126760563,True,Llama-3.3-70B-Instruct|s0
RedHatAI/Llama-3.3-70B-Instruct-quantized.w8a8,llama-3.3,Llama-3.3-70B-Instruct,w8a8_int,gsm8k,94.16,-0.15,-0.7874799845459466,-1.8970353064917869,0.3220753373998937,-0.41037837837837843,-0.6771428571428572,True,Llama-3.3-70B-Instruct|s0
RedHatAI/Llama-3.3-70B-Instruct-quantized.w8a8,llama-3.3,Llama-3.3-70B-Instruct,w8a8_int,hellaswag,86.49,-0.02,-0.43886495239979245,-1.025046610028327,0.14731670522874224,-0.41037837837837843,-0.2526388888888889,True,Llama-3.3-70B-Instruct|s0
RedHatAI/Llama-3.3-70B-Instruct-quantized.w8a8,llama-3.3,Llama-3.3-70B-Instruct,w8a8_int,winogrande,84.77,-1.03,-0.38374426197270084,-2.1184045889338496,1.3509160649884482,-0.41037837837837843,-0.18085714285714286,True,Llama-3.3-70B-Instruct|s0
RedHatAI/Llama-3.3-70B-Instruct-quantized.w8a8,llama-3.3,Llama-3.3-70B-Instruct,w8a8_int,truthfulqa,63.09,-0.34,-0.31257622851583855,-3.213744827363178,2.588592370331501,-0.41037837837837843,-0.13521739130434782,True,Llama-3.3-70B-Instruct|s0
RedHatAI/Llama-3.3-70B-Instruct-quantized.w8a8,llama-3.3,Llama-3.3-70B-Instruct,w8a8_int,bbh,63.15,-0.61,-0.8533137543350191,-1.8806515971876347,0.17402408851759654,-0.41037837837837843,-0.8252380952380951,True,Llama-3.3-70B-Instruct|s0
RedHatAI/Llama-3.3-70B-Instruct-quantized.w8a8,llama-3.3,Llama-3.3-70B-Instruct,w8a8_int,gpqa,46.1,0.34,-0.025756786626644046,-4.072797267022704,4.021283693769416,-0.41037837837837843,0.09692307692307692,True,Llama-3.3-70B-Instruct|s0
RedHatAI/Llama-3.3-70B-Instruct-quantized.w8a8,llama-3.3,Llama-3.3-70B-Instruct,w8a8_int,musr,44.35,-0.01,0.4547869442750812,-2.650131582912252,3.559705471462414,-0.41037837837837843,0.5142857142857143,True,Llama-3.3-70B-Instruct|s0
RedHatAI/Llama-3.3-70B-Instruct-quantized.w8a8,llama-3.3,Llama-3.3-70B-Instruct,w8a8_int,humaneval,83.2,0.1,-0.4967280376978373,-5.513519978820461,4.520063903424787,-0.41037837837837843,-0.4810526315789474,True,Llama-3.3-70B-Instruct|s0
RedHatAI/Llama-3.3-70B-Instruct-quantized.w8a8,llama-3.3,Llama-3.3-70B-Instruct,w8a8_int,humaneval_plus,78.4,0.2,-0.5219767832680133,-6.043955050178958,5.000001483642931,-0.41037837837837843,-0.19999999999999998,True,Llama-3.3-70B-Instruct|s0
RedHatAI/Llama-3.3-70B-Instruct-FP8-dynamic,llama-3.3,Llama-3.3-70B-Instruct,fp8_dynamic,mmlu,81.6,-0.29,-0.10570768547082454,-0.5936689135910004,0.3822535426493513,-0.37078787878787883,-0.5091525423728813,True,Llama-3.3-70B-Instruct|s1
RedHatAI/Llama-3.3-70B-Instruct-FP8-dynamic,llama-3.3,Llama-3.3-70B-Instruct,fp8_dynamic,mmlu_cot,86.58,-0.24,-0.26265395917140816,-0.6919099583392039,0.16660203999638762,-0.37078787878787883,-0.6133333333333334,True,Llama-3.3-70B-Instruct|s1
RedHatAI/Llama-3.3-70B-Instruct-FP8-dynamic,llama-3.3,Llama-3.3-70B-Instruct,fp8_dynamic,arc_challenge,49.23,2.73,-0.16328265655478552,-2.342499780689595,2.015934467580024,-0.37078787878787883,-0.4447368421052632,False,Llama-3.3-70B-Instruct|s1
RedHatAI/Llama-3.3-70B-Instruct-FP8-dynamic,llama-3.3,Llama-3.3-70B-Instruct,fp8_dynamic,gsm8k,94.16,0.76,-0.020184032731327683,-0.9837091932267674,0.9433411277641122,-0.37078787878787883,-0.44016949152542373,True,Llama-3.3-70B-Instruct|s1
RedHatAI/Llama-3.3-70B-Instruct-FP8-dynamic,llama-3.3,Llama-3.3-70B-Instruct,fp8_dynamic,hellaswag,86.49,-0.06,0.0767033066345093,-0.43233014539338877,0.5857367586624074,-0.37078787878787883,-0.2757377049180328,True,Llama-3.3-70B-Instruct|s1
RedHatAI/Llama-3.3-70B-Instruct-FP8-dynamic,llama-3.3,Llama-3.3-70B-Instruct,fp8_dynamic,winogrande,84.77,-0.24,0.012709489328861068,-1.4936497132111066,1.5190686918688288,-0.37078787878787883,-0.3405084745762712,True,Llama-3.3-70B-Instruct|s1
RedHatAI/Llama-3.3-70B-Instruct-FP8-dynamic,llama-3.3,Llama-3.3-70B-Instruct,fp8_dynamic,truthfulqa,62.75,0.46,0.06928915708155403,-2.45480054229077,2.593378856453878,-0.37078787878787883,-0.27099999999999996,True,Llama-3.3-70B-Instruct|s1
RedHatAI/Llama-3.3-70B-Instruct-FP8-dynamic,llama-3.3,Llama-3.3-70B-Instruct,fp8_dynamic,mmlu_pro,51.89,-0.39,-0.8243905067174313,-1.5041204649631605,-0.14466054847170207,-0.37078787878787883,-1.4252173913043478,True,Llama-3.3-70B-Instruct|s1
RedHatAI/Llama-3.3-70B-Instruct-FP8-dynamic,llama-3.3,Llama-3.3-70B-Instruct,fp8_dynamic,ifeval,90.89,0.03,0.18302338092255055,-1.6631157034976152,2.0291624653427163,-0.37078787878787883,-0.23285714285714285,True,Llama-3.3-70B-Instruct|s1
RedHatAI/Llama-3.3-70B-Instruct-FP8-dynamic,llama-3.3,Llama-3.3-70B-Instruct,fp8_dynamic,bbh,63.15,-0.31,-0.2725380049586115,-1.164666446271178,0.619590436353955,-0.37078787878787883,-0.8022727272727272,True,Llama-3.3-70B-Instruct|s1
RedHatAI/Llama-3.3-70B-Instruct-FP8-dynamic,llama-3.3,Llama-3.3-70B-Instruct,fp8_dynamic,gpqa,46.1,0.2,0.6350378348519232,-2.87936586479118,4.149441534495026,-0.37078787878787883,0.292,True,Llama-3.3-70B-Instruct|s1
RedHatAI/Llama-3.3-70B-Instruct-FP8-dynamic,llama-3.3,Llama-3.3-70B-Instruct,fp8_dynamic,musr,44.35,-0.39,0.6924099577108962,-2.003865805255945,3.3886857206777377,-0.37078787878787883,0.26636363636363636,True,Llama-3.3-70B-Instruct|s1
RedHatAI/Llama-3.3-70B-Instruct-FP8-dynamic,llama-3.3,Llama-3.3-70B-Instruct,fp8_dynamic,humaneval,83.2,0.5,0.13268770392442653,-4.223837080946421,4.489212488795273,-0.37078787878787883,-0.3547368421052632,True,Llama-3.3-70B-Instruct|s1
RedHatAI/Llama-3.3-70B-Instruct-FP8-dynamic,llama-3.3,Llama-3.3-70B-Instruct,fp8_dynamic,humaneval_plus,78.4,0.3,0.24296649132977,-4.552256325092723,5.038189307752263,-0.37078787878787883,0.0,True,Llama-3.3-70B-Instruct|s1
RedHatAI/Llama-3.3-70B-Instruct-NVFP4,llama-3.3,Llama-3.3-70B-Instruct,nvfp4,arc_challenge,93.39,-0.77,-0.7855987771093418,-1.8686099093697035,0.29741235515101994,-0.37078787878787883,-0.4447368421052632,True,Llama-3.3-70B-Instruct|s1
RedHatAI/Llama-3.3-70B-Instruct-NVFP4,llama-3.3,Llama-3.3-70B-Instruct,nvfp4,gsm8k,85.22,-8.12,-0.7908616286243273,-2.2491096416477356,0.6673863843990813,-0.37078787878787883,-0.44016949152542373,False,Llama-3.3-70B-Instruct|s1
RedHatAI/Llama-3.3-70B-Instruct-NVFP4,llama-3.3,Llama-3.3-70B-Instruct,nvfp4,hellaswag,70.23,5.17,-0.7450399004956929,-1.425944788988851,-0.06413501200253491,-0.37078787878787883,-0.2757377049180328,False,Llama-3.3-70B-Instruct|s1
RedHatAI/Llama-3.3-70B-Instruct-NVFP4,llama-3.3,Llama-3.3-70B-Instruct,nvfp4,winogrande,73.48,-0.95,-0.7756259678860626,-2.6262953305553003,1.0750433947831752,-0.37078787878787883,-0.3405084745762712,True,Llama-3.3-70B-Instruct|s1
RedHatAI/Llama-3.3-70B-Instruct-NVFP4,llama-3.3,Llama-3.3-70B-Instruct,nvfp4,truthfulqa,66.26,0.0,-0.6746154629618362,-3.1431149186214484,1.793883992697776,-0.37078787878787883,-0.27099999999999996,True,Llama-3.3-70B-Instruct|s1
RedHatAI/Llama-3.3-70B-Instruct-NVFP4,llama-3.3,Llama-3.3-70B-Instruct,nvfp4,mmlu_pro,53.48,-3.22,-1.5738396670580737,-2.2524062211246667,-0.8952731129914807,-0.37078787878787883,-1.4252173913043478,False,Llama-3.3-70B-Instruct|s1
RedHatAI/Llama-3.3-70B-Instruct-NVFP4,llama-3.3,Llama-3.3-70B-Instruct,nvfp4,ifeval,92.45,-0.96,-0.5739717563466176,-2.2689889588680776,1.1210454461748423,-0.37078787878787883,-0.23285714285714285,True,Llama-3.3-70B-Instruct|s1
RedHatAI/Llama-3.3-70B-Instruct-NVFP4,llama-3.3,Llama-3.3-70B-Instruct,nvfp4,bbh,69.05,-2.74,-1.0047400123345502,-1.8596770452347258,-0.1498029794343746,-0.37078787878787883,-0.8022727272727272,False,Llama-3.3-70B-Instruct|s1
RedHatAI/Llama-3.3-70B-Instruct-NVFP4,llama-3.3,Llama-3.3-70B-Instruct,nvfp4,gpqa,31.63,0.58,-0.18812220595892176,-3.466727894470102,3.0904834825522585,-0.37078787878787883,0.292,True,Llama-3.3-70B-Instruct|s1
RedHatAI/Llama-3.3-70B-Instruct-NVFP4,llama-3.3,Llama-3.3-70B-Instruct,nvfp4,musr,44.18,0.0,-0.06409493525861143,-2.7593053939686345,2.631115523451412,-0.37078787878787883,0.26636363636363636,True,Llama-3.3-70B-Instruct|s1
RedHatAI/Llama-3.3-70B-Instruct-NVFP4,llama-3.3,Llama-3.3-70B-Instruct,nvfp4,humaneval,88.69,-3.92,-0.6361719627416165,-4.3267340421070095,3.054390116623777,-0.37078787878787883,-0.3547368421052632,True,Llama-3.3-70B-Instruct|s1
RedHatAI/Llama-3.3-70B-Instruct-quantized.w4a16,llama-3.3,Llama-3.3-70B-Instruct,w4a16,mmlu,81.6,-0.98,-0.6666764190605403,-1.1546376471807163,-0.17871519094036448,-0.37078787878787883,-0.5091525423728813,True,Llama-3.3-70B-Instruct|s1
RedHatAI/Llama-3.3-70B-Instruct-quantized.w4a16,llama-3.3,Llama-3.3-70B-Instruct,w4a16,mmlu_cot,86.58,-0.77,-0.8236226927611241,-1.2528786919289199,-0.3943666935933283,-0.37078787878787883,-0.6133333333333334,True,Llama-3.3-70B-Instruct|s1
RedHatAI/Llama-3.3-70B-Instruct-quantized.w4a16,llama-3.3,Llama-3.3-70B-Instruct,w4a16,arc_challenge,49.23,0.26,-0.7242513901445014,-2.903468514279311,1.4549657339903082,-0.37078787878787883,-0.4447368421052632,True,Llama-3.3-70B-Instruct|s1
RedHatAI/Llama-3.3-70B-Instruct-quantized.w4a16,llama-3.3,Llama-3.3-70B-Instruct,w4a16,gsm8k,94.16,0.31,-0.5811527663210434,-1.5446779268164832,0.3823723941743964,-0.37078787878787883,-0.44016949152542373,True,Llama-3.3-70B-Instruct|s1
RedHatAI/Llama-3.3-70B-Instruct-quantized.w4a16,llama-3.3,Llama-3.3-70B-Instruct,w4a16,hellaswag,86.49,-0.52,-0.4842654269552066,-0.9932988789831046,0.02476802507269149,-0.37078787878787883,-0.2757377049180328,True,Llama-3.3-70B-Instruct|s1
RedHatAI/Llama-3.3-70B-Instruct-quantized.w4a16,llama-3.3,Llama-3.3-70B-Instruct,w4a16,winogrande,84.77,-0.32,-0.5482592442608549,-2.0546184468008226,0.9580999582791128,-0.37078787878787883,-0.3405084745762712,True,Llama-3.3-70B-Instruct|s1
RedHatAI/Llama-3.3-70B-Instruct-quantized.w4a16,llama-3.3,Llama-3.3-70B-Instruct,w4a16,truthfulqa,62.75,-1.09,-0.4916795765081618,-3.0157692758804857,2.0324101228641624,-0.37078787878787883,-0.27099999999999996,True,Llama-3.3-70B-Instruct|s1
RedHatAI/Llama-3.3-70B-Instruct-quantized.w4a16,llama-3.3,Llama-3.3-70B-Instruct,w4a16,humaneval,83.2,0.2,-0.4282810296652894,-4.784805814536136,3.9282437552055574,-0.37078787878787883,-0.3547368421052632,True,Llama-3.3-70B-Instruct|s1
RedHatAI/Llama-3.3-70B-Instruct-quantized.w4a16,llama-3.3,Llama-3.3-70B-Instruct,w4a16,humaneval_plus,78.4,0.2,-0.3180022422599459,-5.113225058682439,4.477220574162547,-0.37078787878787883,0.0,True,Llama-3.3-70B-Instruct|s1
RedHatAI/Llama-3.3-70B-Instruct-quantized.w8a8,llama-3.3,Llama-3.3-70B-Instruct,w8a8_int,mmlu,81.6,-0.41,-0.2285740961760193,-0.7165353242961952,0.2593871319441565,-0.37078787878787883,-0.5091525423728813,True,Llama-3.3-70B-Instruct|s1
RedHatAI/Llama-3.3-70B-Instruct-quantized.w8a8,llama-3.3,Llama-3.3-70B-Instruct,w8a8_int,mmlu_cot,86.58,-0.66,-0.385520369876603,-0.8147763690443988,0.04373562929119279,-0.37078787878787883,-0.6133333333333334,True,Llama-3.3-70B-Instruct|s1
RedHatAI/Llama-3.3-70B-Instruct-quantized.w8a8,llama-3.3,Llama-3.3-70B-Instruct,w8a8_int,arc_challenge,49.23,-1.19,-0.28614906725998035,-2.4653661913947897,1.8930680568748293,-0.37078787878787883,-0.4447368421052632,True,Llama-3.3-70B-Instruct|s1
RedHatAI/Llama-3.3-70B-Instruct-quantized.w8a8,llama-3.3,Llama-3.3-70B-Instruct,w8a8_int,gsm8k,94.16,-0.15,-0.14305044343652246,-1.1065756039319623,0.8204747170589173,-0.37078787878787883,-0.44016949152542373,True,Llama-3.3-70B-Instruct|s1
RedHatAI/Llama-3.3-70B-Instruct-quantized.w8a8,llama-3.3,Llama-3.3-70B-Instruct,w8a8_int,hellaswag,86.49,-0.02,-0.04616310407068558,-0.5551965560985836,0.4628703479572125,-0.37078787878787883,-0.2757377049180328,True,Llama-3.3-70B-Instruct|s1
RedHatAI/Llama-3.3-70B-Instruct-quantized.w8a8,llama-3.3,Llama-3.3-70B-Instruct,w8a8_int,winogrande,84.77,-1.03,-0.11015692137633376,-1.6165161239163015,1.3962022811636339,-0.37078787878787883,-0.3405084745762712,True,Llama-3.3-70B-Instruct|s1
RedHatAI/Llama-3.3-70B-Instruct-quantized.w8a8,llama-3.3,Llama-3.3-70B-Instruct,w8a8_int,truthfulqa,63.09,-0.34,-0.05240140491479761,-2.5717430587644463,2.4669402489348515,-0.37078787878787883,-0.27099999999999996,True,Llama-3.3-70B-Instruct|s1
RedHatAI/Llama-3.3-70B-Instruct-quantized.w8a8,llama-3.3,Llama-3.3-70B-Instruct,w8a8_int,bbh,63.15,-0.61,-0.3954044156638063,-1.2875328569763729,0.4967240256487602,-0.37078787878787883,-0.8022727272727272,True,Llama-3.3-70B-Instruct|s1
RedHatAI/Llama-3.3-70B-Instruct-quantized.w8a8,llama-3.3,Llama-3.3-70B-Instruct,w8a8_int,gpqa,46.1,0.34,0.5121714241467286,-3.0022322754963744,4.026575123789832,-0.37078787878787883,0.292,True,Llama-3.3-70B-Instruct|s1
RedHatAI/Llama-3.3-70B-Instruct-quantized.w8a8,llama-3.3,Llama-3.3-70B-Instruct,w8a8_int,musr,44.35,-0.01,0.5695435470057013,-2.12673221596114,3.2658193099725423,-0.37078787878787883,0.26636363636363636,True,Llama-3.3-70B-Instruct|s1
RedHatAI/Llama-3.3-70B-Instruct-quantized.w8a8,llama-3.3,Llama-3.3-70B-Instruct,w8a8_int,humaneval,83.2,0.1,0.009821293219231586,-4.346703491651615,4.3663460780900785,-0.37078787878787883,-0.3547368421052632,True,Llama-3.3-70B-Instruct|s1
RedHatAI/Llama-3.3-70B-Instruct-quantized.w8a8,llama-3.3,Llama-3.3-70B-Instruct,w8a8_int,humaneval_plus,78.4,0.2,0.12010008062457506,-4.675122735797918,4.915322897047068,-0.37078787878787883,0.0,True,Llama-3.3-70B-Instruct|s1
RedHatAI/Llama-3.3-70B-Instruct-FP8-dynamic,llama-3.3,Llama-3.3-70B-Instruct,fp8_dynamic,mmlu,81.6,-0.29,-0.037642859394148465,-0.6888515167398974,0.6135657979516005,-0.3811489361702127,-0.46147540983606555,True,Llama-3.3-70B-Instruct|s2
RedHatAI/Llama-3.3-70B-Instruct-FP8-dynamic,llama-3.3,Llama-3.3-70B-Instruct,fp8_dynamic,mmlu_cot,86.58,-0.24,-0.2294093787640366,-0.8022729727683207,0.3434542152402475,-0.3811489361702127,-0.5983333333333333,True,Llama-3.3-70B-Instruct|s2
RedHatAI/Llama-3.3-70B-Instruct-FP8-dynamic,llama-3.3,Llama-3.3-70B-Instruct,fp8_dynamic,arc_challenge,49.23,2.73,-0.2178120430096098,-3.1260862576223936,2.6904621716031736,-0.3811489361702127,-0.4789830508474577,False,Llama-3.3-70B-Instruct|s2
RedHatAI/Llama-3.3-70B-Instruct-FP8-dynamic,llama-3.3,Llama-3.3-70B-Instruct,fp8_dynamic,gsm8k,94.16,0.76,-0.11308354456796471,-1.398956048213996,1.1727889590780665,-0.3811489361702127,-0.6309836065573771,True,Llama-3.3-70B-Instruct|s2
RedHatAI/Llama-3.3-70B-Instruct-FP8-dynamic,llama-3.3,Llama-3.3-70B-Instruct,fp8_dynamic,hellaswag,86.49,-0.06,0.052091392065629516,-0.6272392017116287,0.7314219858428878,-0.3811489361702127,-0.3425396825396826,True,Llama-3.3-70B-Instruct|s2
RedHatAI/Llama-3.3-70B-Instruct-FP8-dynamic,llama-3.3,Llama-3.3-70B-Instruct,fp8_dynamic,winogrande,84.77,-0.24,0.168231111401289,-1.8420805634534898,2.178542786256068,-0.3811489361702127,-0.20209677419354838,True,Llama-3.3-70B-Instruct|s2
RedHatAI/Llama-3.3-70B-Instruct-FP8-dynamic,llama-3.3,Llama-3.3-70B-Instruct,fp8_dynamic,truthfulqa,62.75,0.46,0.17049708401596497,-3.1980268261330425,3.5390209941649724,-0.3811489361702127,-0.17209677419354838,True,Llama-3.3-70B-Instruct|s2
RedHatAI/Llama-3.3-70B-Instruct-FP8-dynamic,llama-3.3,Llama-3.3-70B-Instruct,fp8_dynamic,mmlu_pro,51.89,-0.39,-1.1624285603570481,-2.069562176632536,-0.2552949440815603,-0.3811489361702127,-1.8373333333333333,True,Llama-3.3-70B-Instruct|s2
RedHatAI/Llama-3.3-70B-Instruct-FP8-dynamic,llama-3.3,Llama-3.3-70B-Instruct,fp8_dynamic,ifeval,90.89,0.03,0.37314957931444626,-2.0906153371528133,2.836914495781706,-0.3811489361702127,-0.06687499999999999,True,Llama-3.3-70B-Instruct|s2
RedHatAI/Llama-3.3-70B-Instruct-FP8-dynamic,llama-3.3,Llama-3.3-70B-Instruct,fp8_dynamic,bbh,63.15,-0.31,-0.2238267155657582,-1.4144167275739095,0.966763296442393,-0.3811489361702127,-0.753125,True,Llama-3.3-70B-Instruct|s2
RedHatAI/Llama-3.3-70B-Instruct-FP8-dynamic,llama-3.3,Llama-3.3-70B-Instruct,fp8_dynamic,gpqa,46.1,0.2,0.7153028192539735,-3.974844640682897,5.405450279190844,-0.3811489361702127,0.33875000000000005,True,Llama-3.3-70B-Instruct|s2
RedHatAI/Llama-3.3-70B-Instruct-FP8-dynamic,llama-3.3,Llama-3.3-70B-Instruct,fp8_dynamic,musr,44.35,-0.39,1.576872230781953,-2.021442590663433,5.175187052227338,-0.3811489361702127,1.19,True,Llama-3.3-70B-Instruct|s2
RedHatAI/Llama-3.3-70B-Instruct-FP8-dynamic,llama-3.3,Llama-3.3-70B-Instruct,fp8_dynamic,humaneval,83.2,0.5,0.19529499594520694,-5.618705158900129,6.0092951507905426,-0.3811489361702127,-0.3446666666666667,True,Llama-3.3-70B-Instruct|s2
RedHatAI/Llama-3.3-70B-Instruct-FP8-dynamic,llama-3.3,Llama-3.3-70B-Instruct,fp8_dynamic,humaneval_plus,78.4,0.3,-0.11528725389356753,-6.514751867067982,6.2841773592808465,-0.3811489361702127,-0.4833333333333334,True,Llama-3.3-70B-Instruct|s2
RedHatAI/Llama-3.3-70B-Instruct-NVFP4,llama-3.3,Llama-3.3-70B-Instruct,nvfp4,arc_challenge,93.39,-0.77,-0.7041088628195017,-2.1494413701720645,0.7412236445330612,-0.3811489361702127,-0.4789830508474577,True,Llama-3.3-70B-Instruct|s2
RedHatAI/Llama-3.3-70B-Instruct-NVFP4,llama-3.3,Llama-3.3-70B-Instruct,nvfp4,gsm8k,85.22,-8.12,-0.8857946945603611,-2.831899581410522,1.0603101922897995,-0.3811489361702127,-0.6309836065573771,False,Llama-3.3-70B-Instruct|s2
RedHatAI/Llama-3.3-70B-Instruct-NVFP4,llama-3.3,Llama-3.3-70B-Instruct,nvfp4,hellaswag,70.23,5.17,-0.7793682476281358,-1.6880698670661918,0.12933337180992,-0.3811489361702127,-0.3425396825396826,False,Llama-3.3-70B-Instruct|s2
RedHatAI/Llama-3.3-70B-Instruct-NVFP4,llama-3.3,Llama-3.3-70B-Instruct,nvfp4,winogrande,73.48,-0.95,-0.6178129541811942,-3.0876237534890767,1.851997845126688,-0.3811489361702127,-0.20209677419354838,True,Llama-3.3-70B-Instruct|s2
RedHatAI/Llama-3.3-70B-Instruct-NVFP4,llama-3.3,Llama-3.3-70B-Instruct,nvfp4,truthfulqa,66.26,0.0,-0.5309225446653152,-3.825258495026742,2.763413405696112,-0.3811489361702127,-0.17209677419354838,True,Llama-3.3-70B-Instruct|s2
RedHatAI/Llama-3.3-70B-Instruct-NVFP4,llama-3.3,Llama-3.3-70B-Instruct,nvfp4,mmlu_pro,53.48,-3.22,-1.8743412075555375,-2.7799222027829056,-0.9687602123281693,-0.3811489361702127,-1.8373333333333333,False,Llama-3.3-70B-Instruct|s2
RedHatAI/Llama-3.3-70B-Instruct-NVFP4,llama-3.3,Llama-3.3-70B-Instruct,nvfp4,ifeval,92.45,-0.96,-0.33877088397558686,-2.6008560928440656,1.9233143248928921,-0.3811489361702127,-0.06687499999999999,True,Llama-3.3-70B-Instruct|s2
RedHatAI/Llama-3.3-70B-Instruct-NVFP4,llama-3.3,Llama-3.3-70B-Instruct,nvfp4,bbh,69.05,-2.74,-0.909455628600843,-2.050411846484954,0.23150058928326833,-0.3811489361702127,-0.753125,False,Llama-3.3-70B-Instruct|s2
RedHatAI/Llama-3.3-70B-Instruct-NVFP4,llama-3.3,Llama-3.3-70B-Instruct,nvfp4,gpqa,31.63,0.58,-0.04820550811569735,-4.4236687321234776,4.327257715892083,-0.3811489361702127,0.33875000000000005,True,Llama-3.3-70B-Instruct|s2
RedHatAI/Llama-3.3-70B-Instruct-NVFP4,llama-3.3,Llama-3.3-70B-Instruct,nvfp4,musr,44.18,0.0,0.8579494378848022,-2.7389436817638653,4.454842557533469,-0.3811489361702127,1.19,True,Llama-3.3-70B-Instruct|s2
RedHatAI/Llama-3.3-70B-Instruct-NVFP4,llama-3.3,Llama-3.3-70B-Instruct,nvfp4,humaneval,88.69,-3.92,-0.5117465653556823,-5.436986191080164,4.413493060368799,-0.3811489361702127,-0.3446666666666667,True,Llama-3.3-70B-Instruct|s2
RedHatAI/Llama-3.3-70B-Instruct-quantized.w4a16,llama-3.3,Llama-3.3-70B-Instruct,w4a16,mmlu,81.6,-0.98,-0.7969433958361288,-1.448152053181878,-0.14573473849037988,-0.3811489361702127,-0.46147540983606555,True,Llama-3.3-70B-Instruct|s2
RedHatAI/Llama-3.3-70B-Instruct-quantized.w4a16,llama-3.3,Llama-3.3-70B-Instruct,w4a16,mmlu_cot,86.58,-0.77,-0.9887099152060171,-1.5615735092103011,-0.41584632120173304,-0.3811489361702127,-0.5983333333333333,True,Llama-3.3-70B-Instruct|s2
RedHatAI/Llama-3.3-70B-Instruct-quantized.w4a16,llama-3.3,Llama-3.3-70B-Instruct,w4a16,arc_challenge,49.23,0.26,-0.9771125794515901,-3.885386794064374,1.9311616351611933,-0.3811489361702127,-0.4789830508474577,True,Llama-3.3-70B-Instruct|s2
RedHatAI/Llama-3.3-70B-Instruct-quantized.w4a16,llama-3.3,Llama-3.3-70B-Instruct,w4a16,gsm8k,94.16,0.31,-0.8723840810099449,-2.1582565846559763,0.4134884226360863,-0.3811489361702127,-0.6309836065573771,True,Llama-3.3-70B-Instruct|s2
RedHatAI/Llama-3.3-70B-Instruct-quantized.w4a16,llama-3.3,Llama-3.3-70B-Instruct,w4a16,hellaswag,86.49,-0.52,-0.7072091443763509,-1.386539738153609,-0.02787855059909261,-0.3811489361702127,-0.3425396825396826,True,Llama-3.3-70B-Instruct|s2
RedHatAI/Llama-3.3-70B-Instruct-quantized.w4a16,llama-3.3,Llama-3.3-70B-Instruct,w4a16,winogrande,84.77,-0.32,-0.5910694250406914,-2.6013810998954705,1.4192422498140875,-0.3811489361702127,-0.20209677419354838,True,Llama-3.3-70B-Instruct|s2
RedHatAI/Llama-3.3-70B-Instruct-quantized.w4a16,llama-3.3,Llama-3.3-70B-Instruct,w4a16,truthfulqa,62.75,-1.09,-0.5888034524260154,-3.9573273625750227,2.779720457722992,-0.3811489361702127,-0.17209677419354838,True,Llama-3.3-70B-Instruct|s2
RedHatAI/Llama-3.3-70B-Instruct-quantized.w4a16,llama-3.3,Llama-3.3-70B-Instruct,w4a16,humaneval,83.2,0.2,-0.5640055404967734,-6.378005695342109,5.249994614348562,-0.3811489361702127,-0.3446666666666667,True,Llama-3.3-70B-Instruct|s2
RedHatAI/Llama-3.3-70B-Instruct-quantized.w4a16,llama-3.3,Llama-3.3-70B-Instruct,w4a16,humaneval_plus,78.4,0.2,-0.8745877903355478,-7.2740524035099625,5.524876822838866,-0.3811489361702127,-0.4833333333333334,True,Llama-3.3-70B-Instruct|s2
RedHatAI/Llama-3.3-70B-Instruct-quantized.w8a8,llama-3.3,Llama-3.3-70B-Instruct,w8a8_int,mmlu,81.6,-0.41,-0.3541111514155959,-1.0053198087613449,0.29709750593015305,-0.3811489361702127,-0.46147540983606555,True,Llama-3.3-70B-Instruct|s2
RedHatAI/Llama-3.3-70B-Instruct-quantized.w8a8,llama-3.3,Llama-3.3-70B-Instruct,w8a8_int,mmlu_cot,86.58,-0.66,-0.545877670785484,-1.118741264789768,0.026985923218800112,-0.3811489361702127,-0.5983333333333333,True,Llama-3.3-70B-Instruct|s2
RedHatAI/Llama-3.3-70B-Instruct-quantized.w8a8,llama-3.3,Llama-3.3-70B-Instruct,w8a8_int,arc_challenge,49.23,-1.19,-0.5342803350310572,-3.442554549643841,2.373993879581726,-0.3811489361702127,-0.4789830508474577,True,Llama-3.3-70B-Instruct|s2
RedHatAI/Llama-3.3-70B-Instruct-quantized.w8a8,llama-3.3,Llama-3.3-70B-Instruct,w8a8_int,gsm8k,94.16,-0.15,-0.429551836589412,-1.7154243402354432,0.8563206670566192,-0.3811489361702127,-0.6309836065573771,True,Llama-3.3-70B-Instruct|s2
RedHatAI/Llama-3.3-70B-Instruct-quantized.w8a8,llama-3.3,Llama-3.3-70B-Instruct,w8a8_int,hellaswag,86.49,-0.02,-0.2643768999558178,-0.943707493733076,0.41495369382144043,-0.3811489361702127,-0.3425396825396826,True,Llama-3.3-70B-Instruct|s2
RedHatAI/Llama-3.3-70B-Instruct-quantized.w8a8,llama-3.3,Llama-3.3-70B-Instruct,w8a8_int,winogrande,84.77,-1.03,-0.14823718062015845,-2.1585488554749372,1.8620744942346206,-0.3811489361702127,-0.20209677419354838,True,Llama-3.3-70B-Instruct|s2
RedHatAI/Llama-3.3-70B-Instruct-quantized.w8a8,llama-3.3,Llama-3.3-70B-Instruct,w8a8_int,truthfulqa,63.09,-0.34,-0.1443681037599054,-3.5065555097531433,3.217819302233333,-0.3811489361702127,-0.17209677419354838,True,Llama-3.3-70B-Instruct|s2
RedHatAI/Llama-3.3-70B-Instruct-quantized.w8a8,llama-3.3,Llama-3.3-70B-Instruct,w8a8_int,bbh,63.15,-0.61,-0.5402950075872056,-1.7308850195953567,0.6502950044209456,-0.3811489361702127,-0.753125,True,Llama-3.3-70B-Instruct|s2
RedHatAI/Llama-3.3-70B-Instruct-quantized.w8a8,llama-3.3,Llama-3.3-70B-Instruct,w8a8_int,gpqa,46.1,0.34,0.3988345272325263,-4.291312932704344,5.088981987169396,-0.3811489361702127,0.33875000000000005,True,Llama-3.3-70B-Instruct|s2
RedHatAI/Llama-3.3-70B-Instruct-quantized.w8a8,llama-3.3,Llama-3.3-70B-Instruct,w8a8_int,musr,44.35,-0.01,1.260403938760506,-2.33791088268488,4.858718760205892,-0.3811489361702127,1.19,True,Llama-3.3-70B-Instruct|s2
RedHatAI/Llama-3.3-70B-Instruct-quantized.w8a8,llama-3.3,Llama-3.3-70B-Instruct,w8a8_int,humaneval,83.2,0.1,-0.1211732960762405,-5.935173450921576,5.692826858769095,-0.3811489361702127,-0.3446666666666667,True,Llama-3.3-70B-Instruct|s2
RedHatAI/Llama-3.3-70B-Instruct-quantized.w8a8,llama-3.3,Llama-3.3-70B-Instruct,w8a8_int,humaneval_plus,78.4,0.2,-0.43175554591501486,-6.83122015908943,5.967709067259399,-0.3811489361702127,-0.4833333333333334,True,Llama-3.3-70B-Instruct|s2
RedHatAI/Llama-3.3-70B-Instruct-FP8-dynamic,llama-3.3,Llama-3.3-70B-Instruct,fp8_dynamic,mmlu,81.6,-0.29,-0.044189963789436404,-0.6275934905619514,0.5392135629830785,-0.342094861660079,-0.51734375,True,Llama-3.3-70B-Instruct|s3
RedHatAI/Llama-3.3-70B-Instruct-FP8-dynamic,llama-3.3,Llama-3.3-70B-Instruct,fp8_dynamic,mmlu_cot,86.58,-0.24,-0.4143150207637441,-0.9275309268051062,0.09890088527761803,-0.342094861660079,-0.794,True,Llama-3.3-70B-Instruct|s3
RedHatAI/Llama-3.3-70B-Instruct-FP8-dynamic,llama-3.3,Llama-3.3-70B-Instruct,fp8_dynamic,arc_challenge,49.23,2.73,0.06381553839194432,-2.5416434254710456,2.6692745022549342,-0.342094861660079,-0.37666666666666665,False,Llama-3.3-70B-Instruct|s3
RedHatAI/Llama-3.3-70B-Instruct-FP8-dynamic,llama-3.3,Llama-3.3-70B-Instruct,fp8_dynamic,gsm8k,94.16,0.76,-0.015790072038744607,-1.167774992915803,1.136194848838314,-0.342094861660079,-0.4209375,True,Llama-3.3-70B-Instruct|s3
RedHatAI/Llama-3.3-70B-Instruct-FP8-dynamic,llama-3.3,Llama-3.3-70B-Instruct,fp8_dynamic,hellaswag,86.49,-0.06,0.10832745517679043,-0.5002698965069069,0.7169248068604878,-0.342094861660079,-0.31876923076923075,True,Llama-3.3-70B-Instruct|s3
RedHatAI/Llama-3.3-70B-Instruct-FP8-dynamic,llama-3.3,Llama-3.3-70B-Instruct,fp8_dynamic,winogrande,84.77,-0.24,0.2630327479193342,-1.5379613079682668,2.064026803806935,-0.342094861660079,-0.12587301587301586,True,Llama-3.3-70B-Instruct|s3
RedHatAI/Llama-3.3-70B-Instruct-FP8-dynamic,llama-3.3,Llama-3.3-70B-Instruct,fp8_dynamic,truthfulqa,62.75,0.46,0.32023846552140056,-2.697548087268663,3.3380250183114635,-0.342094861660079,-0.1390625,True,Llama-3.3-70B-Instruct|s3
RedHatAI/Llama-3.3-70B-Instruct-FP8-dynamic,llama-3.3,Llama-3.3-70B-Instruct,fp8_dynamic,mmlu_pro,51.89,-0.39,-0.7594018849794841,-1.572082958886094,0.0532791889271258,-0.342094861660079,-1.5172222222222222,True,Llama-3.3-70B-Instruct|s3
RedHatAI/Llama-3.3-70B-Instruct-FP8-dynamic,llama-3.3,Llama-3.3-70B-Instruct,fp8_dynamic,ifeval,90.89,0.03,0.25186976003432093,-1.9553630910520576,2.4591026111206995,-0.342094861660079,-0.1763157894736842,True,Llama-3.3-70B-Instruct|s3
RedHatAI/Llama-3.3-70B-Instruct-FP8-dynamic,llama-3.3,Llama-3.3-70B-Instruct,fp8_dynamic,bbh,63.15,-0.31,-0.27294563891002765,-1.3395690692200186,0.7936777913999632,-0.342094861660079,-0.9215,True,Llama-3.3-70B-Instruct|s3
RedHatAI/Llama-3.3-70B-Instruct-FP8-dynamic,llama-3.3,Llama-3.3-70B-Instruct,fp8_dynamic,gpqa,46.1,0.2,0.5586273357576068,-3.643172714571814,4.760427386087028,-0.342094861660079,-0.007647058823529418,True,Llama-3.3-70B-Instruct|s3
RedHatAI/Llama-3.3-70B-Instruct-FP8-dynamic,llama-3.3,Llama-3.3-70B-Instruct,fp8_dynamic,musr,44.35,-0.39,0.8214087220637838,-2.4022424588425477,4.045059902970115,-0.342094861660079,0.26636363636363636,True,Llama-3.3-70B-Instruct|s3
RedHatAI/Llama-3.3-70B-Instruct-FP8-dynamic,llama-3.3,Llama-3.3-70B-Instruct,fp8_dynamic,humaneval,83.2,0.5,0.4231233346852519,-4.785511650018025,5.631758319388529,-0.342094861660079,-0.13374999999999998,True,Llama-3.3-70B-Instruct|s3
RedHatAI/Llama-3.3-70B-Instruct-FP8-dynamic,llama-3.3,Llama-3.3-70B-Instruct,fp8_dynamic,humaneval_plus,78.4,0.3,-0.019032514324055783,-5.75217224253199,5.714107213883879,-0.342094861660079,-0.39999999999999997,True,Llama-3.3-70B-Instruct|s3
RedHatAI/Llama-3.3-70B-Instruct-NVFP4,llama-3.3,Llama-3.3-70B-Instruct,nvfp4,arc_challenge,93.39,-0.77,-0.7782948119181299,-2.073136446219003,0.5165468223827434,-0.342094861660079,-0.37666666666666665,True,Llama-3.3-70B-Instruct|s3
RedHatAI/Llama-3.3-70B-Instruct-NVFP4,llama-3.3,Llama-3.3-70B-Instruct,nvfp4,gsm8k,85.22,-8.12,-0.7231091189849814,-2.4665817243480976,1.020363486378135,-0.342094861660079,-0.4209375,False,Llama-3.3-70B-Instruct|s3
RedHatAI/Llama-3.3-70B-Instruct-NVFP4,llama-3.3,Llama-3.3-70B-Instruct,nvfp4,hellaswag,70.23,5.17,-0.6412995573738618,-1.4553853708592746,0.17278625611155096,-0.342094861660079,-0.31876923076923075,False,Llama-3.3-70B-Instruct|s3
RedHatAI/Llama-3.3-70B-Instruct-NVFP4,llama-3.3,Llama-3.3-70B-Instruct,nvfp4,winogrande,73.48,-0.95,-0.4726833720851647,-2.6853325967591566,1.739965852588827,-0.342094861660079,-0.12587301587301586,True,Llama-3.3-70B-Instruct|s3
RedHatAI/Llama-3.3-70B-Instruct-NVFP4,llama-3.3,Llama-3.3-70B-Instruct,nvfp4,truthfulqa,66.26,0.0,-0.4524797729843628,-3.4038029627710182,2.498843416802293,-0.342094861660079,-0.1390625,True,Llama-3.3-70B-Instruct|s3
RedHatAI/Llama-3.3-70B-Instruct-NVFP4,llama-3.3,Llama-3.3-70B-Instruct,nvfp4,mmlu_pro,53.48,-3.22,-1.527558759796327,-2.338848874622469,-0.7162686449701848,-0.342094861660079,-1.5172222222222222,False,Llama-3.3-70B-Instruct|s3
RedHatAI/Llama-3.3-70B-Instruct-NVFP4,llama-3.3,Llama-3.3-70B-Instruct,nvfp4,ifeval,92.45,-0.96,-0.5404883094188241,-2.5670407420796404,1.486064123241992,-0.342094861660079,-0.1763157894736842,True,Llama-3.3-70B-Instruct|s3
RedHatAI/Llama-3.3-70B-Instruct-NVFP4,llama-3.3,Llama-3.3-70B-Instruct,nvfp4,bbh,69.05,-2.74,-1.0412248783123617,-2.063382483095571,-0.019067273529152384,-0.342094861660079,-0.9215,False,Llama-3.3-70B-Instruct|s3
RedHatAI/Llama-3.3-70B-Instruct-NVFP4,llama-3.3,Llama-3.3-70B-Instruct,nvfp4,gpqa,31.63,0.58,-0.3295776996118419,-4.249459057691335,3.590303658467651,-0.342094861660079,-0.007647058823529418,True,Llama-3.3-70B-Instruct|s3
RedHatAI/Llama-3.3-70B-Instruct-NVFP4,llama-3.3,Llama-3.3-70B-Instruct,nvfp4,musr,44.18,0.0,0.04601803585667319,-3.1763594736497653,3.268395545363112,-0.342094861660079,0.26636363636363636,True,Llama-3.3-70B-Instruct|s3
RedHatAI/Llama-3.3-70B-Instruct-NVFP4,llama-3.3,Llama-3.3-70B-Instruct,nvfp4,humaneval,88.69,-3.92,-0.42086985119599846,-4.833283807053187,3.9915441046611897,-0.342094861660079,-0.13374999999999998,True,Llama-3.3-70B-Instruct|s3
RedHatAI/Llama-3.3-70B-Instruct-quantized.w4a16,llama-3.3,Llama-3.3-70B-Instruct,w4a16,mmlu,81.6,-0.98,-0.7444343554470059,-1.3278378822195207,-0.16103082867449092,-0.342094861660079,-0.51734375,True,Llama-3.3-70B-Instruct|s3
RedHatAI/Llama-3.3-70B-Instruct-quantized.w4a16,llama-3.3,Llama-3.3-70B-Instruct,w4a16,mmlu_cot,86.58,-0.77,-1.1145594124213134,-1.6277753184626755,-0.6013435063799513,-0.342094861660079,-0.794,True,Llama-3.3-70B-Instruct|s3
RedHatAI/Llama-3.3-70B-Instruct-quantized.w4a16,llama-3.3,Llama-3.3-70B-Instruct,w4a16,arc_challenge,49.23,0.26,-0.636428853265625,-3.2418878171286147,1.9690301105973649,-0.342094861660079,-0.37666666666666665,True,Llama-3.3-70B-Instruct|s3
RedHatAI/Llama-3.3-70B-Instruct-quantized.w4a16,llama-3.3,Llama-3.3-70B-Instruct,w4a16,gsm8k,94.16,0.31,-0.7160344636963142,-1.8680193845733726,0.4359504571807443,-0.342094861660079,-0.4209375,True,Llama-3.3-70B-Instruct|s3
RedHatAI/Llama-3.3-70B-Instruct-quantized.w4a16,llama-3.3,Llama-3.3-70B-Instruct,w4a16,hellaswag,86.49,-0.52,-0.5919169364807789,-1.2005142881644764,0.01668041520291841,-0.342094861660079,-0.31876923076923075,True,Llama-3.3-70B-Instruct|s3
RedHatAI/Llama-3.3-70B-Instruct-quantized.w4a16,llama-3.3,Llama-3.3-70B-Instruct,w4a16,winogrande,84.77,-0.32,-0.4372116437382352,-2.238205699625836,1.3637824121493658,-0.342094861660079,-0.12587301587301586,True,Llama-3.3-70B-Instruct|s3
RedHatAI/Llama-3.3-70B-Instruct-quantized.w4a16,llama-3.3,Llama-3.3-70B-Instruct,w4a16,truthfulqa,62.75,-1.09,-0.38000592613616885,-3.397792478926232,2.6377806266538943,-0.342094861660079,-0.1390625,True,Llama-3.3-70B-Instruct|s3
RedHatAI/Llama-3.3-70B-Instruct-quantized.w4a16,llama-3.3,Llama-3.3-70B-Instruct,w4a16,humaneval,83.2,0.2,-0.2771210569723175,-5.485756041675595,4.931513927730959,-0.342094861660079,-0.13374999999999998,True,Llama-3.3-70B-Instruct|s3
RedHatAI/Llama-3.3-70B-Instruct-quantized.w4a16,llama-3.3,Llama-3.3-70B-Instruct,w4a16,humaneval_plus,78.4,0.2,-0.7192769059816253,-6.45241663418956,5.013862822226309,-0.342094861660079,-0.39999999999999997,True,Llama-3.3-70B-Instruct|s3
RedHatAI/Llama-3.3-70B-Instruct-quantized.w8a8,llama-3.3,Llama-3.3-70B-Instruct,w8a8_int,mmlu,81.6,-0.41,-0.4587982190624547,-1.0422017458349697,0.12460530771006023,-0.342094861660079,-0.51734375,True,Llama-3.3-70B-Instruct|s3
RedHatAI/Llama-3.3-70B-Instruct-quantized.w8a8,llama-3.3,Llama-3.3-70B-Instruct,w8a8_int,mmlu_cot,86.58,-0.66,-0.8289232760367624,-1.3421391820781245,-0.3157073699954003,-0.342094861660079,-0.794,True,Llama-3.3-70B-Instruct|s3
RedHatAI/Llama-3.3-70B-Instruct-quantized.w8a8,llama-3.3,Llama-3.3-70B-Instruct,w8a8_int,arc_challenge,49.23,-1.19,-0.350792716881074,-2.9562516807440637,2.254666246981916,-0.342094861660079,-0.37666666666666665,True,Llama-3.3-70B-Instruct|s3
RedHatAI/Llama-3.3-70B-Instruct-quantized.w8a8,llama-3.3,Llama-3.3-70B-Instruct,w8a8_int,gsm8k,94.16,-0.15,-0.43039832731176303,-1.5823832481888216,0.7215865935652954,-0.342094861660079,-0.4209375,True,Llama-3.3-70B-Instruct|s3
RedHatAI/Llama-3.3-70B-Instruct-quantized.w8a8,llama-3.3,Llama-3.3-70B-Instruct,w8a8_int,hellaswag,86.49,-0.02,-0.3062808000962278,-0.9148781517799252,0.3023165515874695,-0.342094861660079,-0.31876923076923075,True,Llama-3.3-70B-Instruct|s3
RedHatAI/Llama-3.3-70B-Instruct-quantized.w8a8,llama-3.3,Llama-3.3-70B-Instruct,w8a8_int,winogrande,84.77,-1.03,-0.1515755073536841,-1.9525695632412852,1.6494185485339168,-0.342094861660079,-0.12587301587301586,True,Llama-3.3-70B-Instruct|s3
RedHatAI/Llama-3.3-70B-Instruct-quantized.w8a8,llama-3.3,Llama-3.3-70B-Instruct,w8a8_int,truthfulqa,63.09,-0.34,-0.09405800024499295,-3.1061678181971746,2.918051817707189,-0.342094861660079,-0.1390625,True,Llama-3.3-70B-Instruct|s3
RedHatAI/Llama-3.3-70B-Instruct-quantized.w8a8,llama-3.3,Llama-3.3-70B-Instruct,w8a8_int,bbh,63.15,-0.61,-0.687553894183046,-1.7541773244930368,0.37906953612694483,-0.342094861660079,-0.9215,True,Llama-3.3-70B-Instruct|s3
RedHatAI/Llama-3.3-70B-Instruct-quantized.w8a8,llama-3.3,Llama-3.3-70B-Instruct,w8a8_int,gpqa,46.1,0.34,0.14401908048458845,-4.057780969844833,4.345819130814009,-0.342094861660079,-0.007647058823529418,True,Llama-3.3-70B-Instruct|s3
RedHatAI/Llama-3.3-70B-Instruct-quantized.w8a8,llama-3.3,Llama-3.3-70B-Instruct,w8a8_int,musr,44.35,-0.01,0.4068004667907654,-2.8168507141155663,3.6304516476970967,-0.342094861660079,0.26636363636363636,True,Llama-3.3-70B-Instruct|s3
RedHatAI/Llama-3.3-70B-Instruct-quantized.w8a8,llama-3.3,Llama-3.3-70B-Instruct,w8a8_int,humaneval,83.2,0.1,0.008515079412233506,-5.200119905291044,5.21715006411551,-0.342094861660079,-0.13374999999999998,True,Llama-3.3-70B-Instruct|s3
RedHatAI/Llama-3.3-70B-Instruct-quantized.w8a8,llama-3.3,Llama-3.3-70B-Instruct,w8a8_int,humaneval_plus,78.4,0.2,-0.4336407695970742,-6.166780497805009,5.29949895861086,-0.342094861660079,-0.39999999999999997,True,Llama-3.3-70B-Instruct|s3
RedHatAI/Llama-3.3-70B-Instruct-FP8-dynamic,llama-3.3,Llama-3.3-70B-Instruct,fp8_dynamic,mmlu,81.6,-0.29,-0.17357875390898825,-0.8704798411524065,0.52332233333443,-0.3449326599326599,-0.47643835616438357,True,Llama-3.3-70B-Instruct|s4
RedHatAI/Llama-3.3-70B-Instruct-FP8-dynamic,llama-3.3,Llama-3.3-70B-Instruct,fp8_dynamic,mmlu_cot,86.58,-0.24,-0.26823921893669156,-0.8812981164196733,0.34481967854629014,-0.3449326599326599,-0.48933333333333334,True,Llama-3.3-70B-Instruct|s4
RedHatAI/Llama-3.3-70B-Instruct-FP8-dynamic,llama-3.3,Llama-3.3-70B-Instruct,fp8_dynamic,arc_challenge,49.23,2.73,-0.2553266398183859,-3.3676615870019284,2.8570083073651564,-0.3449326599326599,-0.43742857142857144,True,Llama-3.3-70B-Instruct|s4
RedHatAI/Llama-3.3-70B-Instruct-FP8-dynamic,llama-3.3,Llama-3.3-70B-Instruct,fp8_dynamic,gsm8k,94.16,0.76,-0.14510435055903775,-1.5212008378198811,1.2309921367018057,-0.3449326599326599,-0.5017142857142857,True,Llama-3.3-70B-Instruct|s4
RedHatAI/Llama-3.3-70B-Instruct-FP8-dynamic,llama-3.3,Llama-3.3-70B-Instruct,fp8_dynamic,hellaswag,86.49,-0.06,-0.06391230701614459,-0.7909085225313354,0.6630839084990462,-0.3449326599326599,-0.34459459459459457,True,Llama-3.3-70B-Instruct|s4
RedHatAI/Llama-3.3-70B-Instruct-FP8-dynamic,llama-3.3,Llama-3.3-70B-Instruct,fp8_dynamic,winogrande,84.77,-0.24,0.07220160243987395,-2.079164747041257,2.223567951921005,-0.3449326599326599,-0.18506849315068494,True,Llama-3.3-70B-Instruct|s4
RedHatAI/Llama-3.3-70B-Instruct-FP8-dynamic,llama-3.3,Llama-3.3-70B-Instruct,fp8_dynamic,truthfulqa,62.75,0.46,0.05172054871721299,-3.553157778540514,3.65659887597494,-0.3449326599326599,-0.18126760563380281,True,Llama-3.3-70B-Instruct|s4
RedHatAI/Llama-3.3-70B-Instruct-FP8-dynamic,llama-3.3,Llama-3.3-70B-Instruct,fp8_dynamic,mmlu_pro,51.89,-0.39,-0.7446131566538077,-1.7153963247310617,0.2261700114234464,-0.3449326599326599,-1.1173076923076923,True,Llama-3.3-70B-Instruct|s4
RedHatAI/Llama-3.3-70B-Instruct-FP8-dynamic,llama-3.3,Llama-3.3-70B-Instruct,fp8_dynamic,ifeval,90.89,0.03,0.032403167057620696,-2.604233231476327,2.669039565591568,-0.3449326599326599,-0.29624999999999996,True,Llama-3.3-70B-Instruct|s4
RedHatAI/Llama-3.3-70B-Instruct-FP8-dynamic,llama-3.3,Llama-3.3-70B-Instruct,fp8_dynamic,bbh,63.15,-0.31,-0.22495260017189628,-1.499081044980188,1.0491758446363955,-0.3449326599326599,-0.5616666666666666,True,Llama-3.3-70B-Instruct|s4
RedHatAI/Llama-3.3-70B-Instruct-FP8-dynamic,llama-3.3,Llama-3.3-70B-Instruct,fp8_dynamic,gpqa,46.1,0.2,0.566955111500498,-4.452279241869848,5.586189464870843,-0.3449326599326599,0.32875,True,Llama-3.3-70B-Instruct|s4
RedHatAI/Llama-3.3-70B-Instruct-FP8-dynamic,llama-3.3,Llama-3.3-70B-Instruct,fp8_dynamic,musr,44.35,-0.39,0.5834946208653264,-3.267298029113201,4.434287270843854,-0.3449326599326599,0.29555555555555557,True,Llama-3.3-70B-Instruct|s4
RedHatAI/Llama-3.3-70B-Instruct-FP8-dynamic,llama-3.3,Llama-3.3-70B-Instruct,fp8_dynamic,humaneval,83.2,0.5,0.16371680674723976,-6.058226012102428,6.385659625596907,-0.3449326599326599,-0.15782608695652173,True,Llama-3.3-70B-Instruct|s4
RedHatAI/Llama-3.3-70B-Instruct-FP8-dynamic,llama-3.3,Llama-3.3-70B-Instruct,fp8_dynamic,humaneval_plus,78.4,0.3,0.1274958907542974,-6.720990836794186,6.9759826183027815,-0.3449326599326599,-0.10000000000000002,True,Llama-3.3-70B-Instruct|s4
RedHatAI/Llama-3.3-70B-Instruct-NVFP4,llama-3.3,Llama-3.3-70B-Instruct,nvfp4,arc_challenge,93.39,-0.77,-0.6239793850779447,-2.170724478897346,0.9227657087414567,-0.3449326599326599,-0.43742857142857144,True,Llama-3.3-70B-Instruct|s4
RedHatAI/Llama-3.3-70B-Instruct-NVFP4,llama-3.3,Llama-3.3-70B-Instruct,nvfp4,gsm8k,85.22,-8.12,-0.7169489587304777,-2.7996034140067545,1.3657054965457993,-0.3449326599326599,-0.5017142857142857,False,Llama-3.3-70B-Instruct|s4
RedHatAI/Llama-3.3-70B-Instruct-NVFP4,llama-3.3,Llama-3.3-70B-Instruct,nvfp4,hellaswag,70.23,5.17,-0.6917618374495675,-1.6642230285329171,0.2806993536337822,-0.3449326599326599,-0.34459459459459457,False,Llama-3.3-70B-Instruct|s4
RedHatAI/Llama-3.3-70B-Instruct-NVFP4,llama-3.3,Llama-3.3-70B-Instruct,nvfp4,winogrande,73.48,-0.95,-0.5125415840782136,-3.1556480782987713,2.1305649101423443,-0.3449326599326599,-0.18506849315068494,True,Llama-3.3-70B-Instruct|s4
RedHatAI/Llama-3.3-70B-Instruct-NVFP4,llama-3.3,Llama-3.3-70B-Instruct,nvfp4,truthfulqa,66.26,0.0,-0.47075471973916844,-3.9962396463516003,3.054730206873263,-0.3449326599326599,-0.18126760563380281,True,Llama-3.3-70B-Instruct|s4
RedHatAI/Llama-3.3-70B-Instruct-NVFP4,llama-3.3,Llama-3.3-70B-Instruct,nvfp4,mmlu_pro,53.48,-3.22,-1.2746232902090044,-2.2437448966895164,-0.3055016837284924,-0.3449326599326599,-1.1173076923076923,False,Llama-3.3-70B-Instruct|s4
RedHatAI/Llama-3.3-70B-Instruct-NVFP4,llama-3.3,Llama-3.3-70B-Instruct,nvfp4,ifeval,92.45,-0.96,-0.4997615018618572,-2.920567220144418,1.9210442164207033,-0.3449326599326599,-0.29624999999999996,True,Llama-3.3-70B-Instruct|s4
RedHatAI/Llama-3.3-70B-Instruct-NVFP4,llama-3.3,Llama-3.3-70B-Instruct,nvfp4,bbh,69.05,-2.74,-0.7339465924010347,-1.9549586593803774,0.48706547457830807,-0.3449326599326599,-0.5616666666666666,False,Llama-3.3-70B-Instruct|s4
RedHatAI/Llama-3.3-70B-Instruct-NVFP4,llama-3.3,Llama-3.3-70B-Instruct,nvfp4,gpqa,31.63,0.58,0.0015727419858946323,-4.6808973750931155,4.684042859064904,-0.3449326599326599,0.32875,True,Llama-3.3-70B-Instruct|s4
RedHatAI/Llama-3.3-70B-Instruct-NVFP4,llama-3.3,Llama-3.3-70B-Instruct,nvfp4,musr,44.18,0.0,0.04857092600197416,-3.8007002676557686,3.8978421196597166,-0.3449326599326599,0.29555555555555557,True,Llama-3.3-70B-Instruct|s4
RedHatAI/Llama-3.3-70B-Instruct-NVFP4,llama-3.3,Llama-3.3-70B-Instruct,nvfp4,humaneval,88.69,-3.92,-0.3762157541173031,-5.647037650269363,4.894606142034757,-0.3449326599326599,-0.15782608695652173,True,Llama-3.3-70B-Instruct|s4
RedHatAI/Llama-3.3-70B-Instruct-quantized.w4a16,llama-3.3,Llama-3.3-70B-Instruct,w4a16,mmlu,81.6,-0.98,-0.6516237132017114,-1.3485248004451296,0.04527737404170684,-0.3449326599326599,-0.47643835616438357,True,Llama-3.3-70B-Instruct|s4
RedHatAI/Llama-3.3-70B-Instruct-quantized.w4a16,llama-3.3,Llama-3.3-70B-Instruct,w4a16,mmlu_cot,86.58,-0.77,-0.7462841782294148,-1.3593430757123965,-0.13322528074643314,-0.3449326599326599,-0.48933333333333334,True,Llama-3.3-70B-Instruct|s4
RedHatAI/Llama-3.3-70B-Instruct-quantized.w4a16,llama-3.3,Llama-3.3-70B-Instruct,w4a16,arc_challenge,49.23,0.26,-0.7333715991111089,-3.845706546294651,2.3789633480724337,-0.3449326599326599,-0.43742857142857144,True,Llama-3.3-70B-Instruct|s4
RedHatAI/Llama-3.3-70B-Instruct-quantized.w4a16,llama-3.3,Llama-3.3-70B-Instruct,w4a16,gsm8k,94.16,0.31,-0.6231493098517609,-1.9992457971126043,0.7529471774090826,-0.3449326599326599,-0.5017142857142857,True,Llama-3.3-70B-Instruct|s4
RedHatAI/Llama-3.3-70B-Instruct-quantized.w4a16,llama-3.3,Llama-3.3-70B-Instruct,w4a16,hellaswag,86.49,-0.52,-0.5419572663088678,-1.2689534818240586,0.18503894920632302,-0.3449326599326599,-0.34459459459459457,True,Llama-3.3-70B-Instruct|s4
RedHatAI/Llama-3.3-70B-Instruct-quantized.w4a16,llama-3.3,Llama-3.3-70B-Instruct,w4a16,winogrande,84.77,-0.32,-0.40584335685284917,-2.55720970633398,1.7455229926282818,-0.3449326599326599,-0.18506849315068494,True,Llama-3.3-70B-Instruct|s4
RedHatAI/Llama-3.3-70B-Instruct-quantized.w4a16,llama-3.3,Llama-3.3-70B-Instruct,w4a16,truthfulqa,62.75,-1.09,-0.4263244105755101,-4.031202737833237,3.1785539166822168,-0.3449326599326599,-0.18126760563380281,True,Llama-3.3-70B-Instruct|s4
RedHatAI/Llama-3.3-70B-Instruct-quantized.w4a16,llama-3.3,Llama-3.3-70B-Instruct,w4a16,humaneval,83.2,0.2,-0.3143281525454833,-6.536270971395151,5.907614666304184,-0.3449326599326599,-0.15782608695652173,True,Llama-3.3-70B-Instruct|s4
RedHatAI/Llama-3.3-70B-Instruct-quantized.w4a16,llama-3.3,Llama-3.3-70B-Instruct,w4a16,humaneval_plus,78.4,0.2,-0.35054906853842566,-7.19903579608691,6.497937659010058,-0.3449326599326599,-0.10000000000000002,True,Llama-3.3-70B-Instruct|s4
RedHatAI/Llama-3.3-70B-Instruct-quantized.w8a8,llama-3.3,Llama-3.3-70B-Instruct,w8a8_int,mmlu,81.6,-0.41,-0.5004093652766611,-1.1973104525200795,0.19649172196675713,-0.3449326599326599,-0.47643835616438357,True,Llama-3.3-70B-Instruct|s4
RedHatAI/Llama-3.3-70B-Instruct-quantized.w8a8,llama-3.3,Llama-3.3-70B-Instruct,w8a8_int,mmlu_cot,86.58,-0.66,-0.5950698303043644,-1.2081287277873463,0.017989067178617257,-0.3449326599326599,-0.48933333333333334,True,Llama-3.3-70B-Instruct|s4
RedHatAI/Llama-3.3-70B-Instruct-quantized.w8a8,llama-3.3,Llama-3.3-70B-Instruct,w8a8_int,arc_challenge,49.23,-1.19,-0.5821572511860588,-3.694492198369601,2.5301776959974838,-0.3449326599326599,-0.43742857142857144,True,Llama-3.3-70B-Instruct|s4
RedHatAI/Llama-3.3-70B-Instruct-quantized.w8a8,llama-3.3,Llama-3.3-70B-Instruct,w8a8_int,gsm8k,94.16,-0.15,-0.4719349619267107,-1.848031449187554,0.9041615253341327,-0.3449326599326599,-0.5017142857142857,True,Llama-3.3-70B-Instruct|s4
RedHatAI/Llama-3.3-70B-Instruct-quantized.w8a8,llama-3.3,Llama-3.3-70B-Instruct,w8a8_int,hellaswag,86.49,-0.02,-0.3907429183838175,-1.1177391338990081,0.3362532971313733,-0.3449326599326599,-0.34459459459459457,True,Llama-3.3-70B-Instruct|s4
RedHatAI/Llama-3.3-70B-Instruct-quantized.w8a8,llama-3.3,Llama-3.3-70B-Instruct,w8a8_int,winogrande,84.77,-1.03,-0.254629008927799,-2.40599535840893,1.896737340553332,-0.3449326599326599,-0.18506849315068494,True,Llama-3.3-70B-Instruct|s4
RedHatAI/Llama-3.3-70B-Instruct-quantized.w8a8,llama-3.3,Llama-3.3-70B-Instruct,w8a8_int,truthfulqa,63.09,-0.34,-0.27397034686062216,-3.872067565504903,3.3241268717836583,-0.3449326599326599,-0.18126760563380281,True,Llama-3.3-70B-Instruct|s4
RedHatAI/Llama-3.3-70B-Instruct-quantized.w8a8,llama-3.3,Llama-3.3-70B-Instruct,w8a8_int,bbh,63.15,-0.61,-0.5517832115395691,-1.8259116563478608,0.7223452332687226,-0.3449326599326599,-0.5616666666666666,True,Llama-3.3-70B-Instruct|s4
RedHatAI/Llama-3.3-70B-Instruct-quantized.w8a8,llama-3.3,Llama-3.3-70B-Instruct,w8a8_int,gpqa,46.1,0.34,0.24012450013282516,-4.77910985323752,5.259358853503171,-0.3449326599326599,0.32875,True,Llama-3.3-70B-Instruct|s4
RedHatAI/Llama-3.3-70B-Instruct-quantized.w8a8,llama-3.3,Llama-3.3-70B-Instruct,w8a8_int,musr,44.35,-0.01,0.25666400949765344,-3.594128640480874,4.107456659476181,-0.3449326599326599,0.29555555555555557,True,Llama-3.3-70B-Instruct|s4
RedHatAI/Llama-3.3-70B-Instruct-quantized.w8a8,llama-3.3,Llama-3.3-70B-Instruct,w8a8_int,humaneval,83.2,0.1,-0.16311380462043307,-6.385056623470101,6.058829014229234,-0.3449326599326599,-0.15782608695652173,True,Llama-3.3-70B-Instruct|s4
RedHatAI/Llama-3.3-70B-Instruct-quantized.w8a8,llama-3.3,Llama-3.3-70B-Instruct,w8a8_int,humaneval_plus,78.4,0.2,-0.1993347206133754,-7.0478214481618595,6.649152006935108,-0.3449326599326599,-0.10000000000000002,True,Llama-3.3-70B-Instruct|s4
RedHatAI/Meta-Llama-3.1-405B-FP8,llama-3.1,Meta-Llama-3.1-405B,fp8,arc_challenge,95.99,-0.17,-0.18460584653536105,-1.130801682678666,0.7615899896079439,-0.37873333333333337,-0.37569444444444444,True,Meta-Llama-3.1-405B|s0
RedHatAI/Meta-Llama-3.1-405B-FP8,llama-3.1,Meta-Llama-3.1-405B,fp8,gsm8k,88.1,-0.16,-0.3781003175445647,-1.8500694179123875,1.093868782823258,-0.37873333333333337,-0.6720547945205478,True,Meta-Llama-3.1-405B|s0
RedHatAI/Meta-Llama-3.1-405B-FP8,llama-3.1,Meta-Llama-3.1-405B,fp8,hellaswag,90.02,-0.88,-0.002178679360397562,-0.4960164719057216,0.4916591131849265,-0.37873333333333337,-0.21472972972972973,False,Meta-Llama-3.1-405B|s0
RedHatAI/Meta-Llama-3.1-405B-FP8,llama-3.1,Meta-Llama-3.1-405B,fp8,winogrande,87.61,-1.19,0.0006678659636967788,-1.5275449665155123,1.5288806984429058,-0.37873333333333337,-0.20069444444444443,True,Meta-Llama-3.1-405B|s0
RedHatAI/Meta-Llama-3.1-405B-FP8,llama-3.1,Meta-Llama-3.1-405B,fp8,truthfulqa,49.83,-1.9,0.10409644535886992,-2.784029460471647,2.992222351189387,-0.37873333333333337,-0.09464788732394366,True,Meta-Llama-3.1-405B|s0
RedHatAI/Meta-Llama-3.1-405B-FP8,llama-3.1,Meta-Llama-3.1-405B,fp8,arc_challenge,95.99,-0.17,-0.2880072470067623,-1.2435719549626545,0.6675574609491298,-0.3306317689530686,-0.4121875,True,Meta-Llama-3.1-405B|s1
RedHatAI/Meta-Llama-3.1-405B-FP8,llama-3.1,Meta-Llama-3.1-405B,fp8,gsm8k,88.1,-0.16,-0.18571201590251507,-1.6722559952611888,1.3008319634561585,-0.3306317689530686,-0.35343749999999996,True,Meta-Llama-3.1-405B|s1
RedHatAI/Meta-Llama-3.1-405B-FP8,llama-3.1,Meta-Llama-3.1-405B,fp8,hellaswag,90.02,-0.88,-0.024545569135332956,-0.523273155947166,0.4741820176765001,-0.3306317689530686,-0.1664179104477612,False,Meta-Llama-3.1-405B|s1
RedHatAI/Meta-Llama-3.1-405B-FP8,llama-3.1,Meta-Llama-3.1-405B,fp8,winogrande,87.61,-1.19,-0.13568212689936884,-1.679026742443918,1.4076624886451803,-0.3306317689530686,-0.28784615384615386,True,Meta-Llama-3.1-405B|s1
RedHatAI/Meta-Llama-3.1-405B-FP8,llama-3.1,Meta-Llama-3.1-405B,fp8,truthfulqa,49.83,-1.9,-0.01851361033106841,-2.9352366419961573,2.8982094213340206,-0.3306317689530686,-0.20333333333333334,True,Meta-Llama-3.1-405B|s1
RedHatAI/Meta-Llama-3.1-405B-FP8,llama-3.1,Meta-Llama-3.1-405B,fp8,arc_challenge,95.99,-0.17,-0.12143337903928464,-1.0554423501902015,0.8125755921116322,-0.3648534798534798,-0.4064179104477612,True,Meta-Llama-3.1-405B|s2
RedHatAI/Meta-Llama-3.1-405B-FP8,llama-3.1,Meta-Llama-3.1-405B,fp8,gsm8k,88.1,-0.16,-0.3747476923976669,-1.8277580444663346,1.0782626596710008,-0.3648534798534798,-0.6295588235294118,True,Meta-Llama-3.1-405B|s2
RedHatAI/Meta-Llama-3.1-405B-FP8,llama-3.1,Meta-Llama-3.1-405B,fp8,hellaswag,90.02,-0.88,-0.09045252785228902,-0.5779297613293979,0.3970247056248198,-0.3648534798534798,-0.27718309859154927,False,Meta-Llama-3.1-405B|s2
RedHatAI/Meta-Llama-3.1-405B-FP8,llama-3.1,Meta-Llama-3.1-405B,fp8,winogrande,87.61,-1.19,-0.091704720846991,-1.600234393923416,1.416824952229434,-0.3648534798534798,-0.2663380281690141,True,Meta-Llama-3.1-405B|s2
RedHatAI/Meta-Llama-3.1-405B-FP8,llama-3.1,Meta-Llama-3.1-405B,fp8,truthfulqa,49.83,-1.9,-0.11626538406147985,-2.967192647548738,2.7346618794257784,-0.3648534798534798,-0.17814285714285716,True,Meta-Llama-3.1-405B|s2
RedHatAI/Meta-Llama-3.1-405B-FP8,llama-3.1,Meta-Llama-3.1-405B,fp8,arc_challenge,95.99,-0.17,-0.14178650920729013,-1.1022943907952916,0.8187213723807112,-0.3427118644067797,-0.33147058823529413,True,Meta-Llama-3.1-405B|s3
RedHatAI/Meta-Llama-3.1-405B-FP8,llama-3.1,Meta-Llama-3.1-405B,fp8,gsm8k,88.1,-0.16,-0.42868578719794004,-1.9229197167405792,1.0655481423446993,-0.3427118644067797,-0.6686567164179104,True,Meta-Llama-3.1-405B|s3
RedHatAI/Meta-Llama-3.1-405B-FP8,llama-3.1,Meta-Llama-3.1-405B,fp8,hellaswag,90.02,-0.88,-0.05893778854190651,-0.5602453126789757,0.4423697355951626,-0.3427118644067797,-0.21814285714285714,False,Meta-Llama-3.1-405B|s3
RedHatAI/Meta-Llama-3.1-405B-FP8,llama-3.1,Meta-Llama-3.1-405B,fp8,winogrande,87.61,-1.19,-0.008233900707668107,-1.5595622983501742,1.543094496934838,-0.3427118644067797,-0.1433333333333333,True,Meta-Llama-3.1-405B|s3
RedHatAI/Meta-Llama-3.1-405B-FP8,llama-3.1,Meta-Llama-3.1-405B,fp8,truthfulqa,49.83,-1.9,-0.07403486210026433,-3.005846216159694,2.8577764919591657,-0.3427118644067797,-0.15597014925373137,True,Meta-Llama-3.1-405B|s3
RedHatAI/Meta-Llama-3.1-405B-FP8,llama-3.1,Meta-Llama-3.1-405B,fp8,arc_challenge,95.99,-0.17,-0.3244799617975785,-1.6252957585264987,0.9763358349313418,-0.35524956970740107,-0.44030769230769234,True,Meta-Llama-3.1-405B|s4
RedHatAI/Meta-Llama-3.1-405B-FP8,llama-3.1,Meta-Llama-3.1-405B,fp8,gsm8k,88.1,-0.16,-0.33084956573662605,-2.3544905340375304,1.692791402564278,-0.35524956970740107,-0.4994029850746269,True,Meta-Llama-3.1-405B|s4
RedHatAI/Meta-Llama-3.1-405B-FP8,llama-3.1,Meta-Llama-3.1-405B,fp8,hellaswag,90.02,-0.88,-0.04645728537258176,-0.7253780510600396,0.6324634803148761,-0.35524956970740107,-0.17507246376811594,False,Meta-Llama-3.1-405B|s4
RedHatAI/Meta-Llama-3.1-405B-FP8,llama-3.1,Meta-Llama-3.1-405B,fp8,winogrande,87.61,-1.19,-0.10360229195833176,-2.204566296783781,1.9973617128671175,-0.35524956970740107,-0.23223880597014926,True,Meta-Llama-3.1-405B|s4
RedHatAI/Meta-Llama-3.1-405B-FP8,llama-3.1,Meta-Llama-3.1-405B,fp8,truthfulqa,49.83,-1.9,-0.006264790516562091,-3.9768168239725186,3.964287242939394,-0.35524956970740107,-0.17594202898550726,True,Meta-Llama-3.1-405B|s4
RedHatAI/Meta-Llama-3.1-405B-Instruct-FP8-dynamic,llama-3.1,Meta-Llama-3.1-405B-Instruct,fp8_dynamic,arena_hard,67.4,-0.7,0.8349624686217115,-3.9759416049408682,5.645866542184291,-0.38897569444444446,0.7333333333333334,True,Meta-Llama-3.1-405B-Instruct|s0
RedHatAI/Meta-Llama-3.1-405B-Instruct-FP8-dynamic,llama-3.1,Meta-Llama-3.1-405B-Instruct,fp8_dynamic,mmlu,87.4,0.1,-0.1024548417797988,-0.745141753796067,0.5402320702364694,-0.38897569444444446,-0.5241428571428571,True,Meta-Llama-3.1-405B-Instruct|s0
RedHatAI/Meta-Llama-3.1-405B-Instruct-FP8-dynamic,llama-3.1,Meta-Llama-3.1-405B-Instruct,fp8_dynamic,mmlu_cot,88.1,0.0,-0.36704826497668686,-0.9941238642238396,0.26002733427046587,-0.38897569444444446,-0.6841176470588236,True,Meta-Llama-3.1-405B-Instruct|s0
RedHatAI/Meta-Llama-3.1-405B-Instruct-FP8-dynamic,llama-3.1,Meta-Llama-3.1-405B-Instruct,fp8_dynamic,arc_challenge,95.0,0.0,-0.11861382360937778,-1.5796331144644005,1.3424054672456451,-0.38897569444444446,-0.46585714285714286,True,Meta-Llama-3.1-405B-Instruct|s0
RedHatAI/Meta-Llama-3.1-405B-Instruct-FP8-dynamic,llama-3.1,Meta-Llama-3.1-405B-Instruct,fp8_dynamic,gsm8k,96.0,-0.2,-0.31919908697334265,-1.5574714091719288,0.9190732352252434,-0.38897569444444446,-0.7198591549295774,True,Meta-Llama-3.1-405B-Instruct|s0
RedHatAI/Meta-Llama-3.1-405B-Instruct-FP8-dynamic,llama-3.1,Meta-Llama-3.1-405B-Instruct,fp8_dynamic,hellaswag,88.5,0.0,0.1532023864369848,-0.5774038891651531,0.8838086620391227,-0.38897569444444446,-0.2515068493150685,True,Meta-Llama-3.1-405B-Instruct|s0
RedHatAI/Meta-Llama-3.1-405B-Instruct-FP8-dynamic,llama-3.1,Meta-Llama-3.1-405B-Instruct,fp8_dynamic,winogrande,87.2,0.8,0.23584983129281212,-1.918160942242326,2.38986060482795,-0.38897569444444446,-0.14422535211267606,True,Meta-Llama-3.1-405B-Instruct|s0
RedHatAI/Meta-Llama-3.1-405B-Instruct-FP8-dynamic,llama-3.1,Meta-Llama-3.1-405B-Instruct,fp8_dynamic,truthfulqa,65.3,0.0,0.23297004823064216,-3.5889645501606684,4.054904646621953,-0.38897569444444446,-0.18928571428571428,True,Meta-Llama-3.1-405B-Instruct|s0
RedHatAI/Meta-Llama-3.1-405B-Instruct-FP8-dynamic,llama-3.1,Meta-Llama-3.1-405B-Instruct,fp8_dynamic,mmlu_pro,59.7,-0.3,-0.4188341712510148,-1.4450618602022676,0.6073935177002379,-0.38897569444444446,-0.983,True,Meta-Llama-3.1-405B-Instruct|s0
RedHatAI/Meta-Llama-3.1-405B-Instruct-FP8-dynamic,llama-3.1,Meta-Llama-3.1-405B-Instruct,fp8_dynamic,ifeval,87.7,-0.9,0.07415589628522012,-3.1664533822575778,3.314765174828018,-0.38897569444444446,-0.3785,True,Meta-Llama-3.1-405B-Instruct|s0
RedHatAI/Meta-Llama-3.1-405B-Instruct-FP8-dynamic,llama-3.1,Meta-Llama-3.1-405B-Instruct,fp8_dynamic,bbh,67.0,0.1,-0.4443530833257159,-1.7816981344008653,0.8929919677494336,-0.38897569444444446,-0.9913636363636363,True,Meta-Llama-3.1-405B-Instruct|s0
RedHatAI/Meta-Llama-3.1-405B-Instruct-FP8-dynamic,llama-3.1,Meta-Llama-3.1-405B-Instruct,fp8_dynamic,humaneval,86.8,0.2,0.12602204331584899,-5.939914397796873,6.19195848442857,-0.38897569444444446,-0.3268,True,Meta-Llama-3.1-405B-Instruct|s0
RedHatAI/Meta-Llama-3.1-405B-Instruct-FP8-dynamic,llama-3.1,Meta-Llama-3.1-405B-Instruct,fp8_dynamic,humaneval_plus,80.1,0.9,0.03818643568071245,-7.116553023924199,7.192925895285624,-0.38897569444444446,-0.24444444444444446,True,Meta-Llama-3.1-405B-Instruct|s0
RedHatAI/Meta-Llama-3.1-405B-Instruct-FP8,llama-3.1,Meta-Llama-3.1-405B-Instruct,fp8,mmlu,87.41,0.0,-0.33956800639327833,-0.982036584640114,0.30290057185355734,-0.38897569444444446,-0.5241428571428571,True,Meta-Llama-3.1-405B-Instruct|s0
RedHatAI/Meta-Llama-3.1-405B-Instruct-FP8,llama-3.1,Meta-Llama-3.1-405B-Instruct,fp8,mmlu_cot,88.11,-0.09,-0.604161957324294,-1.2310095969409678,0.022685682292379772,-0.38897569444444446,-0.6841176470588236,True,Meta-Llama-3.1-405B-Instruct|s0
RedHatAI/Meta-Llama-3.1-405B-Instruct-FP8,llama-3.1,Meta-Llama-3.1-405B-Instruct,fp8,arc_challenge,94.97,-0.09,-0.35546728388215926,-1.8206316811202221,1.1096971133559035,-0.38897569444444446,-0.46585714285714286,True,Meta-Llama-3.1-405B-Instruct|s0
RedHatAI/Meta-Llama-3.1-405B-Instruct-FP8,llama-3.1,Meta-Llama-3.1-405B-Instruct,fp8,gsm8k,95.98,0.31,-0.556119731673389,-1.7973545592199072,0.6851150958731291,-0.38897569444444446,-0.7198591549295774,True,Meta-Llama-3.1-405B-Instruct|s0
RedHatAI/Meta-Llama-3.1-405B-Instruct-FP8,llama-3.1,Meta-Llama-3.1-405B-Instruct,fp8,hellaswag,88.54,0.0,-0.08404050730929069,-0.8135398592367097,0.6454588446181283,-0.38897569444444446,-0.2515068493150685,True,Meta-Llama-3.1-405B-Instruct|s0
RedHatAI/Meta-Llama-3.1-405B-Instruct-FP8,llama-3.1,Meta-Llama-3.1-405B-Instruct,fp8,winogrande,87.21,-0.23,-0.0012758103926816533,-2.154568467064417,2.152016846279054,-0.38897569444444446,-0.14422535211267606,True,Meta-Llama-3.1-405B-Instruct|s0
RedHatAI/Meta-Llama-3.1-405B-Instruct-FP8,llama-3.1,Meta-Llama-3.1-405B-Instruct,fp8,truthfulqa,65.31,0.02,-0.004135092398497575,-3.825811531001189,3.817541346204194,-0.38897569444444446,-0.18928571428571428,True,Meta-Llama-3.1-405B-Instruct|s0
RedHatAI/Meta-Llama-3.1-405B-Instruct-quantized.w4a16,llama-3.1,Meta-Llama-3.1-405B-Instruct,w4a16,arena_hard,67.4,-0.9,0.3266529046166745,-4.484251168945906,5.137556978179254,-0.38897569444444446,0.7333333333333334,True,Meta-Llama-3.1-405B-Instruct|s0
RedHatAI/Meta-Llama-3.1-405B-Instruct-quantized.w4a16,llama-3.1,Meta-Llama-3.1-405B-Instruct,w4a16,mmlu,87.4,-0.2,-0.6107644057848356,-1.2534513178011037,0.03192250623143256,-0.38897569444444446,-0.5241428571428571,True,Meta-Llama-3.1-405B-Instruct|s0
RedHatAI/Meta-Llama-3.1-405B-Instruct-quantized.w4a16,llama-3.1,Meta-Llama-3.1-405B-Instruct,w4a16,arc_challenge,95.0,0.3,-0.6269233876144146,-2.0879426784694375,0.8340959032406082,-0.38897569444444446,-0.46585714285714286,True,Meta-Llama-3.1-405B-Instruct|s0
RedHatAI/Meta-Llama-3.1-405B-Instruct-quantized.w4a16,llama-3.1,Meta-Llama-3.1-405B-Instruct,w4a16,gsm8k,96.4,-0.1,-0.830595357707009,-2.0077684347523848,0.3465777193383669,-0.38897569444444446,-0.7198591549295774,True,Meta-Llama-3.1-405B-Instruct|s0
RedHatAI/Meta-Llama-3.1-405B-Instruct-quantized.w4a16,llama-3.1,Meta-Llama-3.1-405B-Instruct,w4a16,hellaswag,88.3,0.0,-0.3542571721462655,-1.090355998752396,0.38184165445986495,-0.38897569444444446,-0.2515068493150685,True,Meta-Llama-3.1-405B-Instruct|s0
RedHatAI/Meta-Llama-3.1-405B-Instruct-quantized.w4a16,llama-3.1,Meta-Llama-3.1-405B-Instruct,w4a16,winogrande,87.2,0.2,-0.27245973271222473,-2.426470506247363,1.8815510408229135,-0.38897569444444446,-0.14422535211267606,True,Meta-Llama-3.1-405B-Instruct|s0
RedHatAI/Meta-Llama-3.1-405B-Instruct-quantized.w4a16,llama-3.1,Meta-Llama-3.1-405B-Instruct,w4a16,truthfulqa,64.6,0.7,-0.27307535312803394,-4.112620804817842,3.566470098561774,-0.38897569444444446,-0.18928571428571428,True,Meta-Llama-3.1-405B-Instruct|s0
RedHatAI/Meta-Llama-3.1-405B-Instruct-quantized.w4a16,llama-3.1,Meta-Llama-3.1-405B-Instruct,w4a16,mmlu_pro,59.7,-0.3,-0.9271437352560519,-1.9533714242073046,0.09908395369520084,-0.38897569444444446,-0.983,True,Meta-Llama-3.1-405B-Instruct|s0
RedHatAI/Meta-Llama-3.1-405B-Instruct-quantized.w4a16,llama-3.1,Meta-Llama-3.1-405B-Instruct,w4a16,ifeval,87.7,0.3,-0.4341536677198167,-3.6747629462626143,2.8064556108229812,-0.38897569444444446,-0.3785,True,Meta-Llama-3.1-405B-Instruct|s0
RedHatAI/Meta-Llama-3.1-405B-Instruct-quantized.w4a16,llama-3.1,Meta-Llama-3.1-405B-Instruct,w4a16,bbh,67.0,0.5,-0.9526626473307527,-2.290007698405902,0.3846824037443968,-0.38897569444444446,-0.9913636363636363,False,Meta-Llama-3.1-405B-Instruct|s0
RedHatAI/Meta-Llama-3.1-405B-Instruct-quantized.w4a16,llama-3.1,Meta-Llama-3.1-405B-Instruct,w4a16,humaneval,86.8,-1.7,-0.3822875206891879,-6.448223961801909,5.683648920423534,-0.38897569444444446,-0.3268,True,Meta-Llama-3.1-405B-Instruct|s0
RedHatAI/Meta-Llama-3.1-405B-Instruct-quantized.w4a16,llama-3.1,Meta-Llama-3.1-405B-Instruct,w4a16,humaneval_plus,80.1,-1.2,-0.47012312832432435,-7.624862587929236,6.684616331280587,-0.38897569444444446,-0.24444444444444446,True,Meta-Llama-3.1-405B-Instruct|s0
RedHatAI/Meta-Llama-3.1-405B-Instruct-quantized.w8a16,llama-3.1,Meta-Llama-3.1-405B-Instruct,w8a16,mmlu,87.38,0.21,-0.15565979811587446,-0.7987829803427425,0.48746338411099355,-0.38897569444444446,-0.5241428571428571,True,Meta-Llama-3.1-405B-Instruct|s0
RedHatAI/Meta-Llama-3.1-405B-Instruct-quantized.w8a16,llama-3.1,Meta-Llama-3.1-405B-Instruct,w8a16,mmlu_cot,88.26,-0.07,-0.420994794487778,-1.0444058172848063,0.20241622830925043,-0.38897569444444446,-0.6841176470588236,True,Meta-Llama-3.1-405B-Instruct|s0
RedHatAI/Meta-Llama-3.1-405B-Instruct-quantized.w8a16,llama-3.1,Meta-Llama-3.1-405B-Instruct,w8a16,arc_challenge,94.97,-0.17,-0.1716810915134461,-1.636845488751509,1.2934833057246167,-0.38897569444444446,-0.46585714285714286,True,Meta-Llama-3.1-405B-Instruct|s0
RedHatAI/Meta-Llama-3.1-405B-Instruct-quantized.w8a16,llama-3.1,Meta-Llama-3.1-405B-Instruct,w8a16,hellaswag,88.33,0.19,0.10063881374705175,-0.634640564769491,0.8359181922635945,-0.38897569444444446,-0.2515068493150685,True,Meta-Llama-3.1-405B-Instruct|s0
RedHatAI/Meta-Llama-3.1-405B-Instruct-quantized.w8a16,llama-3.1,Meta-Llama-3.1-405B-Instruct,w8a16,winogrande,87.21,0.71,0.18251038197603142,-1.9707822746957042,2.335803038647767,-0.38897569444444446,-0.14422535211267606,True,Meta-Llama-3.1-405B-Instruct|s0
RedHatAI/Meta-Llama-3.1-405B-Instruct-quantized.w8a16,llama-3.1,Meta-Llama-3.1-405B-Instruct,w8a16,truthfulqa,64.64,0.77,0.1818196880702222,-3.656743773908603,4.020383150049048,-0.38897569444444446,-0.18928571428571428,True,Meta-Llama-3.1-405B-Instruct|s0
RedHatAI/Meta-Llama-3.1-405B-Instruct-quantized.w8a8,llama-3.1,Meta-Llama-3.1-405B-Instruct,w8a8_int,arena_hard,67.4,-2.8,0.8342270447300609,-3.976677028832519,5.645131118292641,-0.38897569444444446,0.7333333333333334,True,Meta-Llama-3.1-405B-Instruct|s0
RedHatAI/Meta-Llama-3.1-405B-Instruct-quantized.w8a8,llama-3.1,Meta-Llama-3.1-405B-Instruct,w8a8_int,mmlu,87.4,-0.3,-0.10319026567144929,-0.7458771776877174,0.5394966463448189,-0.38897569444444446,-0.5241428571428571,True,Meta-Llama-3.1-405B-Instruct|s0
RedHatAI/Meta-Llama-3.1-405B-Instruct-quantized.w8a8,llama-3.1,Meta-Llama-3.1-405B-Instruct,w8a8_int,arc_challenge,95.0,-0.6,-0.11934924750102827,-1.580368538356051,1.3416700433539945,-0.38897569444444446,-0.46585714285714286,True,Meta-Llama-3.1-405B-Instruct|s0
RedHatAI/Meta-Llama-3.1-405B-Instruct-quantized.w8a8,llama-3.1,Meta-Llama-3.1-405B-Instruct,w8a8_int,gsm8k,96.4,-0.9,-0.32302121759362273,-1.5001942946389986,0.8541518594517532,-0.38897569444444446,-0.7198591549295774,True,Meta-Llama-3.1-405B-Instruct|s0
RedHatAI/Meta-Llama-3.1-405B-Instruct-quantized.w8a8,llama-3.1,Meta-Llama-3.1-405B-Instruct,w8a8_int,hellaswag,88.3,-0.1,0.1533169679671209,-0.5827818586390096,0.8894157945732514,-0.38897569444444446,-0.2515068493150685,True,Meta-Llama-3.1-405B-Instruct|s0
RedHatAI/Meta-Llama-3.1-405B-Instruct-quantized.w8a8,llama-3.1,Meta-Llama-3.1-405B-Instruct,w8a8_int,winogrande,87.2,-1.1,0.23511440740116163,-1.9188963661339766,2.3891251809362997,-0.38897569444444446,-0.14422535211267606,True,Meta-Llama-3.1-405B-Instruct|s0
RedHatAI/Meta-Llama-3.1-405B-Instruct-quantized.w8a8,llama-3.1,Meta-Llama-3.1-405B-Instruct,w8a8_int,truthfulqa,64.6,-0.2,0.23449878698535243,-3.6050466647044557,4.07404423867516,-0.38897569444444446,-0.18928571428571428,True,Meta-Llama-3.1-405B-Instruct|s0
RedHatAI/Meta-Llama-3.1-405B-Instruct-quantized.w8a8,llama-3.1,Meta-Llama-3.1-405B-Instruct,w8a8_int,mmlu_pro,59.7,-1.3,-0.41956959514266534,-1.445797284093918,0.6066580938085874,-0.38897569444444446,-0.983,True,Meta-Llama-3.1-405B-Instruct|s0
RedHatAI/Meta-Llama-3.1-405B-Instruct-quantized.w8a8,llama-3.1,Meta-Llama-3.1-405B-Instruct,w8a8_int,ifeval,87.7,-0.7,0.07342047239356964,-3.167188806149228,3.3140297509363674,-0.38897569444444446,-0.3785,True,Meta-Llama-3.1-405B-Instruct|s0
RedHatAI/Meta-Llama-3.1-405B-Instruct-quantized.w8a8,llama-3.1,Meta-Llama-3.1-405B-Instruct,w8a8_int,bbh,67.0,-0.3,-0.4450885072173663,-1.7824335582925157,0.8922565438577832,-0.38897569444444446,-0.9913636363636363,True,Meta-Llama-3.1-405B-Instruct|s0
RedHatAI/Meta-Llama-3.1-405B-Instruct-quantized.w8a8,llama-3.1,Meta-Llama-3.1-405B-Instruct,w8a8_int,math_lvl5,39.0,-3.2,1.3602570713646616,-1.7160251795420804,4.436539322271404,-0.38897569444444446,1.105,False,Meta-Llama-3.1-405B-Instruct|s0
RedHatAI/Meta-Llama-3.1-405B-Instruct-quantized.w8a8,llama-3.1,Meta-Llama-3.1-405B-Instruct,w8a8_int,humaneval,86.8,0.1,0.1252866194241985,-5.940649821688523,6.191223060536919,-0.38897569444444446,-0.3268,True,Meta-Llama-3.1-405B-Instruct|s0
RedHatAI/Meta-Llama-3.1-405B-Instruct-quantized.w8a8,llama-3.1,Meta-Llama-3.1-405B-Instruct,w8a8_int,humaneval_plus,80.1,0.3,0.03745101178906196,-7.11728844781585,7.192190471393974,-0.38897569444444446,-0.24444444444444446,True,Meta-Llama-3.1-405B-Instruct|s0
RedHatAI/Meta-Llama-3.1-405B-Instruct-FP8-dynamic,llama-3.1,Meta-Llama-3.1-405B-Instruct,fp8_dynamic,arena_hard,67.4,-0.7,0.9106576785298399,-2.3750960615140633,4.196411418573743,-0.3760733944954128,0.7333333333333334,True,Meta-Llama-3.1-405B-Instruct|s1
RedHatAI/Meta-Llama-3.1-405B-Instruct-FP8-dynamic,llama-3.1,Meta-Llama-3.1-405B-Instruct,fp8_dynamic,mmlu,87.4,0.1,-0.12473665604680972,-0.5636792939678672,0.3142059818742478,-0.3760733944954128,-0.5462121212121211,True,Meta-Llama-3.1-405B-Instruct|s1
RedHatAI/Meta-Llama-3.1-405B-Instruct-FP8-dynamic,llama-3.1,Meta-Llama-3.1-405B-Instruct,fp8_dynamic,mmlu_cot,88.1,0.0,-0.30196894190195545,-0.7302493573937615,0.12631147358985062,-0.3760733944954128,-0.5983333333333333,True,Meta-Llama-3.1-405B-Instruct|s1
RedHatAI/Meta-Llama-3.1-405B-Instruct-FP8-dynamic,llama-3.1,Meta-Llama-3.1-405B-Instruct,fp8_dynamic,arc_challenge,95.0,0.0,-0.10611941111768003,-1.1039671182843438,0.8917282960489836,-0.3760733944954128,-0.46923076923076923,True,Meta-Llama-3.1-405B-Instruct|s1
RedHatAI/Meta-Llama-3.1-405B-Instruct-FP8-dynamic,llama-3.1,Meta-Llama-3.1-405B-Instruct,fp8_dynamic,gsm8k,96.0,-0.2,-0.04007694889575619,-0.8857928167750181,0.8056389189835057,-0.3760733944954128,-0.41393939393939394,True,Meta-Llama-3.1-405B-Instruct|s1
RedHatAI/Meta-Llama-3.1-405B-Instruct-FP8-dynamic,llama-3.1,Meta-Llama-3.1-405B-Instruct,fp8_dynamic,hellaswag,88.5,0.0,0.0671441741959673,-0.4318456759137606,0.5661340243056951,-0.3760733944954128,-0.31441176470588234,True,Meta-Llama-3.1-405B-Instruct|s1
RedHatAI/Meta-Llama-3.1-405B-Instruct-FP8-dynamic,llama-3.1,Meta-Llama-3.1-405B-Instruct,fp8_dynamic,winogrande,87.2,0.8,0.1174783870676373,-1.3536689995808064,1.588625773716081,-0.3760733944954128,-0.24075757575757573,True,Meta-Llama-3.1-405B-Instruct|s1
RedHatAI/Meta-Llama-3.1-405B-Instruct-FP8-dynamic,llama-3.1,Meta-Llama-3.1-405B-Instruct,fp8_dynamic,truthfulqa,65.3,0.0,0.1820354618594075,-2.4282713970690883,2.7923423207879035,-0.3760733944954128,-0.2026153846153846,True,Meta-Llama-3.1-405B-Instruct|s1
RedHatAI/Meta-Llama-3.1-405B-Instruct-FP8-dynamic,llama-3.1,Meta-Llama-3.1-405B-Instruct,fp8_dynamic,mmlu_pro,59.7,-0.3,-0.7863741927175731,-1.4872677078549892,-0.0854806775801571,-0.3760733944954128,-1.4430434782608694,True,Meta-Llama-3.1-405B-Instruct|s1
RedHatAI/Meta-Llama-3.1-405B-Instruct-FP8-dynamic,llama-3.1,Meta-Llama-3.1-405B-Instruct,fp8_dynamic,ifeval,87.7,-0.9,0.2239608280208389,-1.989312164784443,2.437233820826121,-0.3760733944954128,-0.1745833333333333,True,Meta-Llama-3.1-405B-Instruct|s1
RedHatAI/Meta-Llama-3.1-405B-Instruct-FP8-dynamic,llama-3.1,Meta-Llama-3.1-405B-Instruct,fp8_dynamic,bbh,67.0,0.1,-0.25643106263999377,-1.1698116738741284,0.6569495485941408,-0.3760733944954128,-0.7979999999999999,True,Meta-Llama-3.1-405B-Instruct|s1
RedHatAI/Meta-Llama-3.1-405B-Instruct-FP8-dynamic,llama-3.1,Meta-Llama-3.1-405B-Instruct,fp8_dynamic,humaneval,86.8,0.2,0.12639558045380522,-4.01652081186895,4.269311972776561,-0.3760733944954128,-0.3178947368421053,True,Meta-Llama-3.1-405B-Instruct|s1
RedHatAI/Meta-Llama-3.1-405B-Instruct-FP8-dynamic,llama-3.1,Meta-Llama-3.1-405B-Instruct,fp8_dynamic,humaneval_plus,80.1,0.9,-0.18275263044584827,-5.069300268679636,4.70379500778794,-0.3760733944954128,-0.4833333333333334,True,Meta-Llama-3.1-405B-Instruct|s1
RedHatAI/Meta-Llama-3.1-405B-Instruct-FP8,llama-3.1,Meta-Llama-3.1-405B-Instruct,fp8,mmlu,87.41,0.0,-0.36538178195743287,-0.8041753021682801,0.0734117382534144,-0.3760733944954128,-0.5462121212121211,True,Meta-Llama-3.1-405B-Instruct|s1
RedHatAI/Meta-Llama-3.1-405B-Instruct-FP8,llama-3.1,Meta-Llama-3.1-405B-Instruct,fp8,mmlu_cot,88.11,-0.09,-0.5426148870839114,-0.9707396105899758,-0.11449016357784692,-0.3760733944954128,-0.5983333333333333,False,Meta-Llama-3.1-405B-Instruct|s1
RedHatAI/Meta-Llama-3.1-405B-Instruct-FP8,llama-3.1,Meta-Llama-3.1-405B-Instruct,fp8,arc_challenge,94.97,-0.09,-0.3465875748343227,-1.3472663088917112,0.6540911592230659,-0.3760733944954128,-0.46923076923076923,True,Meta-Llama-3.1-405B-Instruct|s1
RedHatAI/Meta-Llama-3.1-405B-Instruct-FP8,llama-3.1,Meta-Llama-3.1-405B-Instruct,fp8,gsm8k,95.98,0.31,-0.2805925443512403,-1.1283317456576556,0.5671466569551751,-0.3760733944954128,-0.41393939393939394,True,Meta-Llama-3.1-405B-Instruct|s1
RedHatAI/Meta-Llama-3.1-405B-Instruct-FP8,llama-3.1,Meta-Llama-3.1-405B-Instruct,fp8,hellaswag,88.54,0.0,-0.17354014497920361,-0.6717739877879052,0.324693697829498,-0.3760733944954128,-0.31441176470588234,True,Meta-Llama-3.1-405B-Instruct|s1
RedHatAI/Meta-Llama-3.1-405B-Instruct-FP8,llama-3.1,Meta-Llama-3.1-405B-Instruct,fp8,winogrande,87.21,-0.23,-0.12318441384208306,-1.5938413406655887,1.3474725129814227,-0.3760733944954128,-0.24075757575757573,True,Meta-Llama-3.1-405B-Instruct|s1
RedHatAI/Meta-Llama-3.1-405B-Instruct-FP8,llama-3.1,Meta-Llama-3.1-405B-Instruct,fp8,truthfulqa,65.31,0.02,-0.05859604812929209,-2.668726588952498,2.5515344926939134,-0.3760733944954128,-0.2026153846153846,True,Meta-Llama-3.1-405B-Instruct|s1
RedHatAI/Meta-Llama-3.1-405B-Instruct-quantized.w4a16,llama-3.1,Meta-Llama-3.1-405B-Instruct,w4a16,arena_hard,67.4,-0.9,0.2787024527464805,-3.007051287297423,3.5644561927903835,-0.3760733944954128,0.7333333333333334,True,Meta-Llama-3.1-405B-Instruct|s1
RedHatAI/Meta-Llama-3.1-405B-Instruct-quantized.w4a16,llama-3.1,Meta-Llama-3.1-405B-Instruct,w4a16,mmlu,87.4,-0.2,-0.7566918818301687,-1.1956345197512261,-0.31774924390911113,-0.3760733944954128,-0.5462121212121211,False,Meta-Llama-3.1-405B-Instruct|s1
RedHatAI/Meta-Llama-3.1-405B-Instruct-quantized.w4a16,llama-3.1,Meta-Llama-3.1-405B-Instruct,w4a16,arc_challenge,95.0,0.3,-0.7380746369010391,-1.7359223440677027,0.2597730702656246,-0.3760733944954128,-0.46923076923076923,False,Meta-Llama-3.1-405B-Instruct|s1
RedHatAI/Meta-Llama-3.1-405B-Instruct-quantized.w4a16,llama-3.1,Meta-Llama-3.1-405B-Instruct,w4a16,gsm8k,96.4,-0.1,-0.6745088342083235,-1.47849510818875,0.12947743977210302,-0.3760733944954128,-0.41393939393939394,True,Meta-Llama-3.1-405B-Instruct|s1
RedHatAI/Meta-Llama-3.1-405B-Instruct-quantized.w4a16,llama-3.1,Meta-Llama-3.1-405B-Instruct,w4a16,hellaswag,88.3,0.0,-0.5645718264422294,-1.0673129818633489,-0.06183067102110984,-0.3760733944954128,-0.31441176470588234,False,Meta-Llama-3.1-405B-Instruct|s1
RedHatAI/Meta-Llama-3.1-405B-Instruct-quantized.w4a16,llama-3.1,Meta-Llama-3.1-405B-Instruct,w4a16,winogrande,87.2,0.2,-0.5144768387157217,-1.9856242253641654,0.956670547932722,-0.3760733944954128,-0.24075757575757573,True,Meta-Llama-3.1-405B-Instruct|s1
RedHatAI/Meta-Llama-3.1-405B-Instruct-quantized.w4a16,llama-3.1,Meta-Llama-3.1-405B-Instruct,w4a16,truthfulqa,64.6,0.7,-0.4502567186884507,-3.0725914472659976,2.1720780098890966,-0.3760733944954128,-0.2026153846153846,True,Meta-Llama-3.1-405B-Instruct|s1
RedHatAI/Meta-Llama-3.1-405B-Instruct-quantized.w4a16,llama-3.1,Meta-Llama-3.1-405B-Instruct,w4a16,mmlu_pro,59.7,-0.3,-1.418329418500932,-2.119222933638348,-0.717435903363516,-0.3760733944954128,-1.4430434782608694,False,Meta-Llama-3.1-405B-Instruct|s1
RedHatAI/Meta-Llama-3.1-405B-Instruct-quantized.w4a16,llama-3.1,Meta-Llama-3.1-405B-Instruct,w4a16,ifeval,87.7,0.3,-0.4079943977625201,-2.621267390567802,1.8052785950427617,-0.3760733944954128,-0.1745833333333333,True,Meta-Llama-3.1-405B-Instruct|s1
RedHatAI/Meta-Llama-3.1-405B-Instruct-quantized.w4a16,llama-3.1,Meta-Llama-3.1-405B-Instruct,w4a16,bbh,67.0,0.5,-0.8883862884233529,-1.8017668996574874,0.024994322810781733,-0.3760733944954128,-0.7979999999999999,False,Meta-Llama-3.1-405B-Instruct|s1
RedHatAI/Meta-Llama-3.1-405B-Instruct-quantized.w4a16,llama-3.1,Meta-Llama-3.1-405B-Instruct,w4a16,humaneval,86.8,-1.7,-0.5055596453295539,-4.648476037652309,3.637356746993201,-0.3760733944954128,-0.3178947368421053,True,Meta-Llama-3.1-405B-Instruct|s1
RedHatAI/Meta-Llama-3.1-405B-Instruct-quantized.w4a16,llama-3.1,Meta-Llama-3.1-405B-Instruct,w4a16,humaneval_plus,80.1,-1.2,-0.8147078562292074,-5.701255494462995,4.071839782004581,-0.3760733944954128,-0.4833333333333334,True,Meta-Llama-3.1-405B-Instruct|s1
RedHatAI/Meta-Llama-3.1-405B-Instruct-quantized.w8a16,llama-3.1,Meta-Llama-3.1-405B-Instruct,w8a16,mmlu,87.38,0.21,-0.2912126990817766,-0.7304533010557916,0.14802790289223838,-0.3760733944954128,-0.5462121212121211,False,Meta-Llama-3.1-405B-Instruct|s1
RedHatAI/Meta-Llama-3.1-405B-Instruct-quantized.w8a16,llama-3.1,Meta-Llama-3.1-405B-Instruct,w8a16,mmlu_cot,88.26,-0.07,-0.4686264956965006,-0.8944040768784643,-0.04284891451453687,-0.3760733944954128,-0.5983333333333333,True,Meta-Llama-3.1-405B-Instruct|s1
RedHatAI/Meta-Llama-3.1-405B-Instruct-quantized.w8a16,llama-3.1,Meta-Llama-3.1-405B-Instruct,w8a16,arc_challenge,94.97,-0.17,-0.2724462918610514,-1.2731250259184401,0.7282324421963372,-0.3760733944954128,-0.46923076923076923,True,Meta-Llama-3.1-405B-Instruct|s1
RedHatAI/Meta-Llama-3.1-405B-Instruct-quantized.w8a16,llama-3.1,Meta-Llama-3.1-405B-Instruct,w8a16,hellaswag,88.33,0.19,-0.09914671769022776,-0.6013282060334002,0.4030347706529447,-0.3760733944954128,-0.31441176470588234,True,Meta-Llama-3.1-405B-Instruct|s1
RedHatAI/Meta-Llama-3.1-405B-Instruct-quantized.w8a16,llama-3.1,Meta-Llama-3.1-405B-Instruct,w8a16,winogrande,87.21,0.71,-0.04904313086881168,-1.5197000576923174,1.421613795954694,-0.3760733944954128,-0.24075757575757573,True,Meta-Llama-3.1-405B-Instruct|s1
RedHatAI/Meta-Llama-3.1-405B-Instruct-quantized.w8a16,llama-3.1,Meta-Llama-3.1-405B-Instruct,w8a16,truthfulqa,64.64,0.77,0.015224962493083471,-2.606439086246286,2.636889011232453,-0.3760733944954128,-0.2026153846153846,True,Meta-Llama-3.1-405B-Instruct|s1
RedHatAI/Meta-Llama-3.1-405B-Instruct-quantized.w8a8,llama-3.1,Meta-Llama-3.1-405B-Instruct,w8a8_int,arena_hard,67.4,-2.8,0.851375489001782,-2.434378251042121,4.137129229045685,-0.3760733944954128,0.7333333333333334,False,Meta-Llama-3.1-405B-Instruct|s1
RedHatAI/Meta-Llama-3.1-405B-Instruct-quantized.w8a8,llama-3.1,Meta-Llama-3.1-405B-Instruct,w8a8_int,mmlu,87.4,-0.3,-0.18401884557486742,-0.622961483495925,0.2549237923461901,-0.3760733944954128,-0.5462121212121211,True,Meta-Llama-3.1-405B-Instruct|s1
RedHatAI/Meta-Llama-3.1-405B-Instruct-quantized.w8a8,llama-3.1,Meta-Llama-3.1-405B-Instruct,w8a8_int,arc_challenge,95.0,-0.6,-0.16540160064573764,-1.1632493078124013,0.8324461065209261,-0.3760733944954128,-0.46923076923076923,True,Meta-Llama-3.1-405B-Instruct|s1
RedHatAI/Meta-Llama-3.1-405B-Instruct-quantized.w8a8,llama-3.1,Meta-Llama-3.1-405B-Instruct,w8a8_int,gsm8k,96.4,-0.9,-0.10183579795302206,-0.9058220719334487,0.7021504760274044,-0.3760733944954128,-0.41393939393939394,True,Meta-Llama-3.1-405B-Instruct|s1
RedHatAI/Meta-Llama-3.1-405B-Instruct-quantized.w8a8,llama-3.1,Meta-Llama-3.1-405B-Instruct,w8a8_int,hellaswag,88.3,-0.1,0.008101209813071941,-0.4946399456080476,0.5108423652341915,-0.3760733944954128,-0.31441176470588234,True,Meta-Llama-3.1-405B-Instruct|s1
RedHatAI/Meta-Llama-3.1-405B-Instruct-quantized.w8a8,llama-3.1,Meta-Llama-3.1-405B-Instruct,w8a8_int,winogrande,87.2,-1.1,0.058196197539579775,-1.412951189108864,1.5293435841880234,-0.3760733944954128,-0.24075757575757573,True,Meta-Llama-3.1-405B-Instruct|s1
RedHatAI/Meta-Llama-3.1-405B-Instruct-quantized.w8a8,llama-3.1,Meta-Llama-3.1-405B-Instruct,w8a8_int,truthfulqa,64.6,-0.2,0.12241631756685067,-2.4999184110106967,2.7447510461443976,-0.3760733944954128,-0.2026153846153846,True,Meta-Llama-3.1-405B-Instruct|s1
RedHatAI/Meta-Llama-3.1-405B-Instruct-quantized.w8a8,llama-3.1,Meta-Llama-3.1-405B-Instruct,w8a8_int,mmlu_pro,59.7,-1.3,-0.8456563822456307,-1.5465498973830467,-0.14476286710821462,-0.3760733944954128,-1.4430434782608694,True,Meta-Llama-3.1-405B-Instruct|s1
RedHatAI/Meta-Llama-3.1-405B-Instruct-quantized.w8a8,llama-3.1,Meta-Llama-3.1-405B-Instruct,w8a8_int,ifeval,87.7,-0.7,0.16467863849278136,-2.0485943543125007,2.377951631298063,-0.3760733944954128,-0.1745833333333333,True,Meta-Llama-3.1-405B-Instruct|s1
RedHatAI/Meta-Llama-3.1-405B-Instruct-quantized.w8a8,llama-3.1,Meta-Llama-3.1-405B-Instruct,w8a8_int,bbh,67.0,-0.3,-0.31571325216805146,-1.229093863402186,0.5976673590660831,-0.3760733944954128,-0.7979999999999999,True,Meta-Llama-3.1-405B-Instruct|s1
RedHatAI/Meta-Llama-3.1-405B-Instruct-quantized.w8a8,llama-3.1,Meta-Llama-3.1-405B-Instruct,w8a8_int,math_lvl5,39.0,-3.2,1.030878496085548,-1.0701623388156516,3.1319193309867472,-0.3760733944954128,0.9333333333333332,False,Meta-Llama-3.1-405B-Instruct|s1
RedHatAI/Meta-Llama-3.1-405B-Instruct-quantized.w8a8,llama-3.1,Meta-Llama-3.1-405B-Instruct,w8a8_int,humaneval,86.8,0.1,0.06711339092574747,-4.0758030013970075,4.210029783248503,-0.3760733944954128,-0.3178947368421053,True,Meta-Llama-3.1-405B-Instruct|s1
RedHatAI/Meta-Llama-3.1-405B-Instruct-quantized.w8a8,llama-3.1,Meta-Llama-3.1-405B-Instruct,w8a8_int,humaneval_plus,80.1,0.3,-0.2420348199739059,-5.128582458207694,4.644512818259882,-0.3760733944954128,-0.4833333333333334,True,Meta-Llama-3.1-405B-Instruct|s1
RedHatAI/Meta-Llama-3.1-405B-Instruct-FP8-dynamic,llama-3.1,Meta-Llama-3.1-405B-Instruct,fp8_dynamic,arena_hard,67.4,-0.7,0.9032874562822424,-2.26459901271695,4.071173925281435,-0.42427787934186467,0.7333333333333334,True,Meta-Llama-3.1-405B-Instruct|s2
RedHatAI/Meta-Llama-3.1-405B-Instruct-FP8-dynamic,llama-3.1,Meta-Llama-3.1-405B-Instruct,fp8_dynamic,mmlu,87.4,0.1,-0.06580149166961297,-0.4889982840495405,0.35739530071031456,-0.42427787934186467,-0.5359701492537313,True,Meta-Llama-3.1-405B-Instruct|s2
RedHatAI/Meta-Llama-3.1-405B-Instruct-FP8-dynamic,llama-3.1,Meta-Llama-3.1-405B-Instruct,fp8_dynamic,mmlu_cot,88.1,0.0,-0.30671007469044287,-0.7196271221973922,0.10620697281650643,-0.42427787934186467,-0.6841176470588236,True,Meta-Llama-3.1-405B-Instruct|s2
RedHatAI/Meta-Llama-3.1-405B-Instruct-FP8-dynamic,llama-3.1,Meta-Llama-3.1-405B-Instruct,fp8_dynamic,arc_challenge,95.0,0.0,-0.03673872262081884,-0.9987914203415269,0.9253139750998891,-0.42427787934186467,-0.44742424242424245,True,Meta-Llama-3.1-405B-Instruct|s2
RedHatAI/Meta-Llama-3.1-405B-Instruct-FP8-dynamic,llama-3.1,Meta-Llama-3.1-405B-Instruct,fp8_dynamic,gsm8k,96.0,-0.2,-0.23338356385931813,-1.0487617286382847,0.5819946009196483,-0.42427787934186467,-0.6976811594202899,True,Meta-Llama-3.1-405B-Instruct|s2
RedHatAI/Meta-Llama-3.1-405B-Instruct-FP8-dynamic,llama-3.1,Meta-Llama-3.1-405B-Instruct,fp8_dynamic,hellaswag,88.5,0.0,0.23726051091363748,-0.24382946703139896,0.7183504888586739,-0.42427787934186467,-0.1915714285714286,True,Meta-Llama-3.1-405B-Instruct|s2
RedHatAI/Meta-Llama-3.1-405B-Instruct-FP8-dynamic,llama-3.1,Meta-Llama-3.1-405B-Instruct,fp8_dynamic,winogrande,87.2,0.8,0.1300082571569669,-1.2883658112553715,1.5483823255693054,-0.42427787934186467,-0.30826086956521737,True,Meta-Llama-3.1-405B-Instruct|s2
RedHatAI/Meta-Llama-3.1-405B-Instruct-FP8-dynamic,llama-3.1,Meta-Llama-3.1-405B-Instruct,fp8_dynamic,truthfulqa,65.3,0.0,0.23425820715667783,-2.282411157792406,2.7509275721057613,-0.42427787934186467,-0.21985074626865672,True,Meta-Llama-3.1-405B-Instruct|s2
RedHatAI/Meta-Llama-3.1-405B-Instruct-FP8-dynamic,llama-3.1,Meta-Llama-3.1-405B-Instruct,fp8_dynamic,mmlu_pro,59.7,-0.3,-1.0487128153534198,-1.7244637262489615,-0.3729619044578779,-0.42427787934186467,-1.8078947368421054,False,Meta-Llama-3.1-405B-Instruct|s2
RedHatAI/Meta-Llama-3.1-405B-Instruct-FP8-dynamic,llama-3.1,Meta-Llama-3.1-405B-Instruct,fp8_dynamic,ifeval,87.7,-0.9,0.3877110143924328,-1.7461669694200477,2.5215889982049133,-0.42427787934186467,-0.05736842105263157,True,Meta-Llama-3.1-405B-Instruct|s2
RedHatAI/Meta-Llama-3.1-405B-Instruct-FP8-dynamic,llama-3.1,Meta-Llama-3.1-405B-Instruct,fp8_dynamic,bbh,67.0,0.1,-0.21190670628446306,-1.0925223300640363,0.6687089174951101,-0.42427787934186467,-0.7880952380952382,True,Meta-Llama-3.1-405B-Instruct|s2
RedHatAI/Meta-Llama-3.1-405B-Instruct-FP8-dynamic,llama-3.1,Meta-Llama-3.1-405B-Instruct,fp8_dynamic,humaneval,86.8,0.2,0.009366017729491916,-3.9849347789147638,4.003666814373748,-0.42427787934186467,-0.5236363636363636,True,Meta-Llama-3.1-405B-Instruct|s2
RedHatAI/Meta-Llama-3.1-405B-Instruct-FP8-dynamic,llama-3.1,Meta-Llama-3.1-405B-Instruct,fp8_dynamic,humaneval_plus,80.1,0.9,0.0710088803090177,-4.640247460853646,4.782265221471682,-0.42427787934186467,-0.24444444444444446,True,Meta-Llama-3.1-405B-Instruct|s2
RedHatAI/Meta-Llama-3.1-405B-Instruct-FP8,llama-3.1,Meta-Llama-3.1-405B-Instruct,fp8,mmlu,87.41,0.0,-0.33832490861950854,-0.7613779324720793,0.08472811523306223,-0.42427787934186467,-0.5359701492537313,True,Meta-Llama-3.1-405B-Instruct|s2
RedHatAI/Meta-Llama-3.1-405B-Instruct-FP8,llama-3.1,Meta-Llama-3.1-405B-Instruct,fp8,mmlu_cot,88.11,-0.09,-0.579234184273739,-0.9920011248116383,-0.1664672437358396,-0.42427787934186467,-0.6841176470588236,False,Meta-Llama-3.1-405B-Instruct|s2
RedHatAI/Meta-Llama-3.1-405B-Instruct-FP8,llama-3.1,Meta-Llama-3.1-405B-Instruct,fp8,arc_challenge,94.97,-0.09,-0.3090640643886634,-1.2738462337892484,0.6557181050119216,-0.42427787934186467,-0.44742424242424245,True,Meta-Llama-3.1-405B-Instruct|s2
RedHatAI/Meta-Llama-3.1-405B-Instruct-FP8,llama-3.1,Meta-Llama-3.1-405B-Instruct,fp8,gsm8k,95.98,0.31,-0.5057603712265171,-1.323089287976953,0.31156854552391866,-0.42427787934186467,-0.6976811594202899,True,Meta-Llama-3.1-405B-Instruct|s2
RedHatAI/Meta-Llama-3.1-405B-Instruct-FP8,llama-3.1,Meta-Llama-3.1-405B-Instruct,fp8,hellaswag,88.54,0.0,-0.03535018481350666,-0.5157112751154436,0.4450109054884303,-0.42427787934186467,-0.1915714285714286,True,Meta-Llama-3.1-405B-Instruct|s2
RedHatAI/Meta-Llama-3.1-405B-Instruct-FP8,llama-3.1,Meta-Llama-3.1-405B-Instruct,fp8,winogrande,87.21,-0.23,-0.14252605802378587,-1.5604272604924374,1.2753751444448655,-0.42427787934186467,-0.30826086956521737,True,Meta-Llama-3.1-405B-Instruct|s2
RedHatAI/Meta-Llama-3.1-405B-Instruct-FP8,llama-3.1,Meta-Llama-3.1-405B-Instruct,fp8,truthfulqa,65.31,0.02,-0.03825093201596047,-2.554750303781081,2.47824843974916,-0.42427787934186467,-0.21985074626865672,True,Meta-Llama-3.1-405B-Instruct|s2
RedHatAI/Meta-Llama-3.1-405B-Instruct-quantized.w4a16,llama-3.1,Meta-Llama-3.1-405B-Instruct,w4a16,arena_hard,67.4,-0.9,0.24912179240015125,-2.918764676599041,3.417008261399344,-0.42427787934186467,0.7333333333333334,True,Meta-Llama-3.1-405B-Instruct|s2
RedHatAI/Meta-Llama-3.1-405B-Instruct-quantized.w4a16,llama-3.1,Meta-Llama-3.1-405B-Instruct,w4a16,mmlu,87.4,-0.2,-0.7199671555517042,-1.1431639479316318,-0.2967703631717767,-0.42427787934186467,-0.5359701492537313,False,Meta-Llama-3.1-405B-Instruct|s2
RedHatAI/Meta-Llama-3.1-405B-Instruct-quantized.w4a16,llama-3.1,Meta-Llama-3.1-405B-Instruct,w4a16,arc_challenge,95.0,0.3,-0.6909043865029102,-1.652957084223618,0.2711483112177978,-0.42427787934186467,-0.44742424242424245,False,Meta-Llama-3.1-405B-Instruct|s2
RedHatAI/Meta-Llama-3.1-405B-Instruct-quantized.w4a16,llama-3.1,Meta-Llama-3.1-405B-Instruct,w4a16,gsm8k,96.4,-0.1,-0.8900009288959827,-1.6651464328221652,-0.11485542496980006,-0.42427787934186467,-0.6976811594202899,False,Meta-Llama-3.1-405B-Instruct|s2
RedHatAI/Meta-Llama-3.1-405B-Instruct-quantized.w4a16,llama-3.1,Meta-Llama-3.1-405B-Instruct,w4a16,hellaswag,88.3,0.0,-0.4163395636563862,-0.9010462792747954,0.06836715196202303,-0.42427787934186467,-0.1915714285714286,True,Meta-Llama-3.1-405B-Instruct|s2
RedHatAI/Meta-Llama-3.1-405B-Instruct-quantized.w4a16,llama-3.1,Meta-Llama-3.1-405B-Instruct,w4a16,winogrande,87.2,0.2,-0.5241574067251245,-1.942531475137463,0.894216661687214,-0.42427787934186467,-0.30826086956521737,True,Meta-Llama-3.1-405B-Instruct|s2
RedHatAI/Meta-Llama-3.1-405B-Instruct-quantized.w4a16,llama-3.1,Meta-Llama-3.1-405B-Instruct,w4a16,truthfulqa,64.6,0.7,-0.41908932425205875,-2.947355092500559,2.109176443996442,-0.42427787934186467,-0.21985074626865672,True,Meta-Llama-3.1-405B-Instruct|s2
RedHatAI/Meta-Llama-3.1-405B-Instruct-quantized.w4a16,llama-3.1,Meta-Llama-3.1-405B-Instruct,w4a16,mmlu_pro,59.7,-0.3,-1.7028784792355112,-2.378629390131053,-1.0271275683399694,-0.42427787934186467,-1.8078947368421054,False,Meta-Llama-3.1-405B-Instruct|s2
RedHatAI/Meta-Llama-3.1-405B-Instruct-quantized.w4a16,llama-3.1,Meta-Llama-3.1-405B-Instruct,w4a16,ifeval,87.7,0.3,-0.26645464948965836,-2.400332633302139,1.867423334322822,-0.42427787934186467,-0.05736842105263157,True,Meta-Llama-3.1-405B-Instruct|s2
RedHatAI/Meta-Llama-3.1-405B-Instruct-quantized.w4a16,llama-3.1,Meta-Llama-3.1-405B-Instruct,w4a16,bbh,67.0,0.5,-0.8660723701665545,-1.7466879939461277,0.01454325361301867,-0.42427787934186467,-0.7880952380952382,False,Meta-Llama-3.1-405B-Instruct|s2
RedHatAI/Meta-Llama-3.1-405B-Instruct-quantized.w4a16,llama-3.1,Meta-Llama-3.1-405B-Instruct,w4a16,humaneval,86.8,-1.7,-0.6447996461525994,-4.639100442796855,3.3495011504916565,-0.42427787934186467,-0.5236363636363636,True,Meta-Llama-3.1-405B-Instruct|s2
RedHatAI/Meta-Llama-3.1-405B-Instruct-quantized.w4a16,llama-3.1,Meta-Llama-3.1-405B-Instruct,w4a16,humaneval_plus,80.1,-1.2,-0.5831567835730738,-5.294413124735738,4.12809955758959,-0.42427787934186467,-0.24444444444444446,True,Meta-Llama-3.1-405B-Instruct|s2
RedHatAI/Meta-Llama-3.1-405B-Instruct-quantized.w8a16,llama-3.1,Meta-Llama-3.1-405B-Instruct,w8a16,mmlu,87.38,0.21,-0.11819028004351534,-0.5416743478452459,0.30529378775821525,-0.42427787934186467,-0.5359701492537313,True,Meta-Llama-3.1-405B-Instruct|s2
RedHatAI/Meta-Llama-3.1-405B-Instruct-quantized.w8a16,llama-3.1,Meta-Llama-3.1-405B-Instruct,w8a16,mmlu_cot,88.26,-0.07,-0.35958549227209813,-0.7700894876845863,0.05091850314039004,-0.42427787934186467,-0.6841176470588236,True,Meta-Llama-3.1-405B-Instruct|s2
RedHatAI/Meta-Llama-3.1-405B-Instruct-quantized.w8a16,llama-3.1,Meta-Llama-3.1-405B-Instruct,w8a16,arc_challenge,94.97,-0.17,-0.08900846865299972,-1.0537906380535849,0.8757737007475853,-0.42427787934186467,-0.44742424242424245,True,Meta-Llama-3.1-405B-Instruct|s2
RedHatAI/Meta-Llama-3.1-405B-Instruct-quantized.w8a16,llama-3.1,Meta-Llama-3.1-405B-Instruct,w8a16,hellaswag,88.33,0.19,0.18530006748458355,-0.29886705755472487,0.669467192523892,-0.42427787934186467,-0.1915714285714286,True,Meta-Llama-3.1-405B-Instruct|s2
RedHatAI/Meta-Llama-3.1-405B-Instruct-quantized.w8a16,llama-3.1,Meta-Llama-3.1-405B-Instruct,w8a16,winogrande,87.21,0.71,0.07752953771187782,-1.3403716647567736,1.4954307401805293,-0.42427787934186467,-0.30826086956521737,True,Meta-Llama-3.1-405B-Instruct|s2
RedHatAI/Meta-Llama-3.1-405B-Instruct-quantized.w8a16,llama-3.1,Meta-Llama-3.1-405B-Instruct,w8a16,truthfulqa,64.64,0.77,0.18258956490724715,-2.345029582275742,2.7102087120902367,-0.42427787934186467,-0.21985074626865672,True,Meta-Llama-3.1-405B-Instruct|s2
RedHatAI/Meta-Llama-3.1-405B-Instruct-quantized.w8a8,llama-3.1,Meta-Llama-3.1-405B-Instruct,w8a8_int,arena_hard,67.4,-2.8,0.9574101860872308,-2.2104762829119617,4.125296655086423,-0.42427787934186467,0.7333333333333334,False,Meta-Llama-3.1-405B-Instruct|s2
RedHatAI/Meta-Llama-3.1-405B-Instruct-quantized.w8a8,llama-3.1,Meta-Llama-3.1-405B-Instruct,w8a8_int,mmlu,87.4,-0.3,-0.011678761864624854,-0.4348755542445524,0.41151803051530267,-0.42427787934186467,-0.5359701492537313,True,Meta-Llama-3.1-405B-Instruct|s2
RedHatAI/Meta-Llama-3.1-405B-Instruct-quantized.w8a8,llama-3.1,Meta-Llama-3.1-405B-Instruct,w8a8_int,arc_challenge,95.0,-0.6,0.01738400718416916,-0.9446686905365389,0.9794367049048771,-0.42427787934186467,-0.44742424242424245,True,Meta-Llama-3.1-405B-Instruct|s2
RedHatAI/Meta-Llama-3.1-405B-Instruct-quantized.w8a8,llama-3.1,Meta-Llama-3.1-405B-Instruct,w8a8_int,gsm8k,96.4,-0.9,-0.18171253520890335,-0.956858039135086,0.5934329687172792,-0.42427787934186467,-0.6976811594202899,True,Meta-Llama-3.1-405B-Instruct|s2
RedHatAI/Meta-Llama-3.1-405B-Instruct-quantized.w8a8,llama-3.1,Meta-Llama-3.1-405B-Instruct,w8a8_int,hellaswag,88.3,-0.1,0.2919488300306932,-0.192757885587716,0.7766555456491024,-0.42427787934186467,-0.1915714285714286,True,Meta-Llama-3.1-405B-Instruct|s2
RedHatAI/Meta-Llama-3.1-405B-Instruct-quantized.w8a8,llama-3.1,Meta-Llama-3.1-405B-Instruct,w8a8_int,winogrande,87.2,-1.1,0.184130986961955,-1.2342430814503835,1.6025050553742934,-0.42427787934186467,-0.30826086956521737,True,Meta-Llama-3.1-405B-Instruct|s2
RedHatAI/Meta-Llama-3.1-405B-Instruct-quantized.w8a8,llama-3.1,Meta-Llama-3.1-405B-Instruct,w8a8_int,truthfulqa,64.6,-0.2,0.28919906943502066,-2.2390666988134797,2.8174648376835214,-0.42427787934186467,-0.21985074626865672,True,Meta-Llama-3.1-405B-Instruct|s2
RedHatAI/Meta-Llama-3.1-405B-Instruct-quantized.w8a8,llama-3.1,Meta-Llama-3.1-405B-Instruct,w8a8_int,mmlu_pro,59.7,-1.3,-0.9945900855484318,-1.6703409964439735,-0.3188391746528899,-0.42427787934186467,-1.8078947368421054,True,Meta-Llama-3.1-405B-Instruct|s2
RedHatAI/Meta-Llama-3.1-405B-Instruct-quantized.w8a8,llama-3.1,Meta-Llama-3.1-405B-Instruct,w8a8_int,ifeval,87.7,-0.7,0.4418337441974209,-1.6920442396150595,2.5757117280099013,-0.42427787934186467,-0.05736842105263157,True,Meta-Llama-3.1-405B-Instruct|s2
RedHatAI/Meta-Llama-3.1-405B-Instruct-quantized.w8a8,llama-3.1,Meta-Llama-3.1-405B-Instruct,w8a8_int,bbh,67.0,-0.3,-0.157783976479475,-1.038399600259048,0.7228316473000982,-0.42427787934186467,-0.7880952380952382,True,Meta-Llama-3.1-405B-Instruct|s2
RedHatAI/Meta-Llama-3.1-405B-Instruct-quantized.w8a8,llama-3.1,Meta-Llama-3.1-405B-Instruct,w8a8_int,math_lvl5,39.0,-3.2,0.9076963272743954,-1.117975514952388,2.933368169501179,-0.42427787934186467,0.545,False,Meta-Llama-3.1-405B-Instruct|s2
RedHatAI/Meta-Llama-3.1-405B-Instruct-quantized.w8a8,llama-3.1,Meta-Llama-3.1-405B-Instruct,w8a8_int,humaneval,86.8,0.1,0.06348874753447997,-3.9308120491097758,4.0577895441787355,-0.42427787934186467,-0.5236363636363636,True,Meta-Llama-3.1-405B-Instruct|s2
RedHatAI/Meta-Llama-3.1-405B-Instruct-quantized.w8a8,llama-3.1,Meta-Llama-3.1-405B-Instruct,w8a8_int,humaneval_plus,80.1,0.3,0.1251316101140057,-4.586124731048658,4.83638795127667,-0.42427787934186467,-0.24444444444444446,True,Meta-Llama-3.1-405B-Instruct|s2
RedHatAI/Meta-Llama-3.1-405B-Instruct-FP8-dynamic,llama-3.1,Meta-Llama-3.1-405B-Instruct,fp8_dynamic,arena_hard,67.4,-0.7,0.1926154611002419,-3.7870726974613875,4.1723036196618715,-0.3622027290448343,0.0666666666666667,True,Meta-Llama-3.1-405B-Instruct|s3
RedHatAI/Meta-Llama-3.1-405B-Instruct-FP8-dynamic,llama-3.1,Meta-Llama-3.1-405B-Instruct,fp8_dynamic,mmlu,87.4,0.1,-0.24992968217393366,-0.7815747647414716,0.2817154003936043,-0.3622027290448343,-0.46015625,True,Meta-Llama-3.1-405B-Instruct|s3
RedHatAI/Meta-Llama-3.1-405B-Instruct-FP8-dynamic,llama-3.1,Meta-Llama-3.1-405B-Instruct,fp8_dynamic,mmlu_cot,88.1,0.0,-0.5232834131457212,-1.042014466329829,-0.004552359961613406,-0.3622027290448343,-0.7392307692307694,False,Meta-Llama-3.1-405B-Instruct|s3
RedHatAI/Meta-Llama-3.1-405B-Instruct-FP8-dynamic,llama-3.1,Meta-Llama-3.1-405B-Instruct,fp8_dynamic,arc_challenge,95.0,0.0,-0.2349032575761267,-1.443491307210663,0.9736847920584095,-0.3622027290448343,-0.35953846153846153,True,Meta-Llama-3.1-405B-Instruct|s3
RedHatAI/Meta-Llama-3.1-405B-Instruct-FP8-dynamic,llama-3.1,Meta-Llama-3.1-405B-Instruct,fp8_dynamic,gsm8k,96.0,-0.2,-0.37833228129500185,-1.402659023706866,0.6459944611168622,-0.3622027290448343,-0.54453125,True,Meta-Llama-3.1-405B-Instruct|s3
RedHatAI/Meta-Llama-3.1-405B-Instruct-FP8-dynamic,llama-3.1,Meta-Llama-3.1-405B-Instruct,fp8_dynamic,hellaswag,88.5,0.0,0.01819776144274421,-0.5861761980304306,0.6225717209159191,-0.3622027290448343,-0.16515151515151516,True,Meta-Llama-3.1-405B-Instruct|s3
RedHatAI/Meta-Llama-3.1-405B-Instruct-FP8-dynamic,llama-3.1,Meta-Llama-3.1-405B-Instruct,fp8_dynamic,winogrande,87.2,0.8,-0.0709421914146044,-1.8527883969873538,1.7109040141581449,-0.3622027290448343,-0.26076923076923075,True,Meta-Llama-3.1-405B-Instruct|s3
RedHatAI/Meta-Llama-3.1-405B-Instruct-FP8-dynamic,llama-3.1,Meta-Llama-3.1-405B-Instruct,fp8_dynamic,truthfulqa,65.3,0.0,0.030789578416594188,-3.130800765402396,3.192379922235584,-0.3622027290448343,-0.23353846153846153,True,Meta-Llama-3.1-405B-Instruct|s3
RedHatAI/Meta-Llama-3.1-405B-Instruct-FP8-dynamic,llama-3.1,Meta-Llama-3.1-405B-Instruct,fp8_dynamic,mmlu_pro,59.7,-0.3,-1.1787897185493423,-2.0277083665329068,-0.3298710705657778,-0.3622027290448343,-1.7916666666666667,False,Meta-Llama-3.1-405B-Instruct|s3
RedHatAI/Meta-Llama-3.1-405B-Instruct-FP8-dynamic,llama-3.1,Meta-Llama-3.1-405B-Instruct,fp8_dynamic,ifeval,87.7,-0.9,0.33259504750046215,-2.348109904238784,3.0132999992397083,-0.3622027290448343,0.10125,True,Meta-Llama-3.1-405B-Instruct|s3
RedHatAI/Meta-Llama-3.1-405B-Instruct-FP8-dynamic,llama-3.1,Meta-Llama-3.1-405B-Instruct,fp8_dynamic,bbh,67.0,0.1,-0.35449410554681016,-1.4607760397308671,0.7517878286372469,-0.3622027290448343,-0.7955555555555556,True,Meta-Llama-3.1-405B-Instruct|s3
RedHatAI/Meta-Llama-3.1-405B-Instruct-FP8-dynamic,llama-3.1,Meta-Llama-3.1-405B-Instruct,fp8_dynamic,humaneval,86.8,0.2,-0.28226720119824533,-5.300146389009026,4.735611986612534,-0.3622027290448343,-0.6377777777777778,True,Meta-Llama-3.1-405B-Instruct|s3
RedHatAI/Meta-Llama-3.1-405B-Instruct-FP8-dynamic,llama-3.1,Meta-Llama-3.1-405B-Instruct,fp8_dynamic,humaneval_plus,80.1,0.9,0.2995936699967284,-5.618967887165636,6.218155227159092,-0.3622027290448343,0.13333333333333333,True,Meta-Llama-3.1-405B-Instruct|s3
RedHatAI/Meta-Llama-3.1-405B-Instruct-FP8,llama-3.1,Meta-Llama-3.1-405B-Instruct,fp8,mmlu,87.41,0.0,-0.48417281740384827,-1.0156372893619168,0.0472916545542203,-0.3622027290448343,-0.46015625,True,Meta-Llama-3.1-405B-Instruct|s3
RedHatAI/Meta-Llama-3.1-405B-Instruct-FP8,llama-3.1,Meta-Llama-3.1-405B-Instruct,fp8,mmlu_cot,88.11,-0.09,-0.7575286689782552,-1.276071148823927,-0.2389861891325834,-0.3622027290448343,-0.7392307692307694,False,Meta-Llama-3.1-405B-Instruct|s3
RedHatAI/Meta-Llama-3.1-405B-Instruct-FP8,llama-3.1,Meta-Llama-3.1-405B-Instruct,fp8,arc_challenge,94.97,-0.09,-0.4687106246248456,-1.6807275995790976,0.7433063503294064,-0.3622027290448343,-0.35953846153846153,True,Meta-Llama-3.1-405B-Instruct|s3
RedHatAI/Meta-Llama-3.1-405B-Instruct-FP8,llama-3.1,Meta-Llama-3.1-405B-Instruct,fp8,gsm8k,95.98,0.31,-0.6122514566844421,-1.6390288502156312,0.4145259368467469,-0.3622027290448343,-0.54453125,True,Meta-Llama-3.1-405B-Instruct|s3
RedHatAI/Meta-Llama-3.1-405B-Instruct-FP8,llama-3.1,Meta-Llama-3.1-405B-Instruct,fp8,hellaswag,88.54,0.0,-0.21625788892996686,-0.8197161762190053,0.3872003983590715,-0.3622027290448343,-0.16515151515151516,True,Meta-Llama-3.1-405B-Instruct|s3
RedHatAI/Meta-Llama-3.1-405B-Instruct-FP8,llama-3.1,Meta-Llama-3.1-405B-Instruct,fp8,winogrande,87.21,-0.23,-0.3052020315446079,-2.086454194680832,1.4760501315916166,-0.3622027290448343,-0.26076923076923075,True,Meta-Llama-3.1-405B-Instruct|s3
RedHatAI/Meta-Llama-3.1-405B-Instruct-FP8,llama-3.1,Meta-Llama-3.1-405B-Instruct,fp8,truthfulqa,65.31,0.02,-0.2033984467787115,-3.3647752350085494,2.9579783414511267,-0.3622027290448343,-0.23353846153846153,True,Meta-Llama-3.1-405B-Instruct|s3
RedHatAI/Meta-Llama-3.1-405B-Instruct-quantized.w4a16,llama-3.1,Meta-Llama-3.1-405B-Instruct,w4a16,arena_hard,67.4,-0.9,-0.27765440717010137,-4.257342565731731,3.7020337513915282,-0.3622027290448343,0.0666666666666667,True,Meta-Llama-3.1-405B-Instruct|s3
RedHatAI/Meta-Llama-3.1-405B-Instruct-quantized.w4a16,llama-3.1,Meta-Llama-3.1-405B-Instruct,w4a16,mmlu,87.4,-0.2,-0.720199550444277,-1.251844633011815,-0.18855446787673902,-0.3622027290448343,-0.46015625,True,Meta-Llama-3.1-405B-Instruct|s3
RedHatAI/Meta-Llama-3.1-405B-Instruct-quantized.w4a16,llama-3.1,Meta-Llama-3.1-405B-Instruct,w4a16,arc_challenge,95.0,0.3,-0.70517312584647,-1.9137611754810062,0.5034149237880663,-0.3622027290448343,-0.35953846153846153,True,Meta-Llama-3.1-405B-Instruct|s3
RedHatAI/Meta-Llama-3.1-405B-Instruct-quantized.w4a16,llama-3.1,Meta-Llama-3.1-405B-Instruct,w4a16,gsm8k,96.4,-0.1,-0.853879378006418,-1.8276634492871942,0.11990469327435815,-0.3622027290448343,-0.54453125,True,Meta-Llama-3.1-405B-Instruct|s3
RedHatAI/Meta-Llama-3.1-405B-Instruct-quantized.w4a16,llama-3.1,Meta-Llama-3.1-405B-Instruct,w4a16,hellaswag,88.3,0.0,-0.45069533050606797,-1.059612851824719,0.1582221908125831,-0.3622027290448343,-0.16515151515151516,True,Meta-Llama-3.1-405B-Instruct|s3
RedHatAI/Meta-Llama-3.1-405B-Instruct-quantized.w4a16,llama-3.1,Meta-Llama-3.1-405B-Instruct,w4a16,winogrande,87.2,0.2,-0.5412120596849477,-2.323058265257697,1.2406341458878016,-0.3622027290448343,-0.26076923076923075,True,Meta-Llama-3.1-405B-Instruct|s3
RedHatAI/Meta-Llama-3.1-405B-Instruct-quantized.w4a16,llama-3.1,Meta-Llama-3.1-405B-Instruct,w4a16,truthfulqa,64.6,0.7,-0.4389123907406508,-3.6150708288850586,2.737246047403757,-0.3622027290448343,-0.23353846153846153,True,Meta-Llama-3.1-405B-Instruct|s3
RedHatAI/Meta-Llama-3.1-405B-Instruct-quantized.w4a16,llama-3.1,Meta-Llama-3.1-405B-Instruct,w4a16,mmlu_pro,59.7,-0.3,-1.6490595868196856,-2.49797823480325,-0.800140938836121,-0.3622027290448343,-1.7916666666666667,False,Meta-Llama-3.1-405B-Instruct|s3
RedHatAI/Meta-Llama-3.1-405B-Instruct-quantized.w4a16,llama-3.1,Meta-Llama-3.1-405B-Instruct,w4a16,ifeval,87.7,0.3,-0.13767482076988127,-2.8183797725091275,2.5430301309693646,-0.3622027290448343,0.10125,True,Meta-Llama-3.1-405B-Instruct|s3
RedHatAI/Meta-Llama-3.1-405B-Instruct-quantized.w4a16,llama-3.1,Meta-Llama-3.1-405B-Instruct,w4a16,bbh,67.0,0.5,-0.8247639738171534,-1.9310459080012103,0.2815179603669037,-0.3622027290448343,-0.7955555555555556,False,Meta-Llama-3.1-405B-Instruct|s3
RedHatAI/Meta-Llama-3.1-405B-Instruct-quantized.w4a16,llama-3.1,Meta-Llama-3.1-405B-Instruct,w4a16,humaneval,86.8,-1.7,-0.7525370694685884,-5.7704162572793685,4.265342118342192,-0.3622027290448343,-0.6377777777777778,True,Meta-Llama-3.1-405B-Instruct|s3
RedHatAI/Meta-Llama-3.1-405B-Instruct-quantized.w4a16,llama-3.1,Meta-Llama-3.1-405B-Instruct,w4a16,humaneval_plus,80.1,-1.2,-0.17067619827361485,-6.0892377554359784,5.747885358888749,-0.3622027290448343,0.13333333333333333,True,Meta-Llama-3.1-405B-Instruct|s3
RedHatAI/Meta-Llama-3.1-405B-Instruct-quantized.w8a16,llama-3.1,Meta-Llama-3.1-405B-Instruct,w8a16,mmlu,87.38,0.21,-0.2429798522147344,-0.7749858273223249,0.2890261228928561,-0.3622027290448343,-0.46015625,True,Meta-Llama-3.1-405B-Instruct|s3
RedHatAI/Meta-Llama-3.1-405B-Instruct-quantized.w8a16,llama-3.1,Meta-Llama-3.1-405B-Instruct,w8a16,mmlu_cot,88.26,-0.07,-0.517529503175387,-1.03322913621856,-0.0018298701322141397,-0.3622027290448343,-0.7392307692307694,True,Meta-Llama-3.1-405B-Instruct|s3
RedHatAI/Meta-Llama-3.1-405B-Instruct-quantized.w8a16,llama-3.1,Meta-Llama-3.1-405B-Instruct,w8a16,arc_challenge,94.97,-0.17,-0.22771063916913062,-1.4397276141233826,0.9843063357851214,-0.3622027290448343,-0.35953846153846153,True,Meta-Llama-3.1-405B-Instruct|s3
RedHatAI/Meta-Llama-3.1-405B-Instruct-quantized.w8a16,llama-3.1,Meta-Llama-3.1-405B-Instruct,w8a16,hellaswag,88.33,0.19,0.02619003271134035,-0.582049622699194,0.6344296881218747,-0.3622027290448343,-0.16515151515151516,True,Meta-Llama-3.1-405B-Instruct|s3
RedHatAI/Meta-Llama-3.1-405B-Instruct-quantized.w8a16,llama-3.1,Meta-Llama-3.1-405B-Instruct,w8a16,winogrande,87.21,0.71,-0.06420204608889296,-1.8454542092251174,1.7170501170473313,-0.3622027290448343,-0.26076923076923075,True,Meta-Llama-3.1-405B-Instruct|s3
RedHatAI/Meta-Llama-3.1-405B-Instruct-quantized.w8a16,llama-3.1,Meta-Llama-3.1-405B-Instruct,w8a16,truthfulqa,64.64,0.77,0.038150445261078025,-3.137195668886661,3.213496559408817,-0.3622027290448343,-0.23353846153846153,True,Meta-Llama-3.1-405B-Instruct|s3
RedHatAI/Meta-Llama-3.1-405B-Instruct-quantized.w8a8,llama-3.1,Meta-Llama-3.1-405B-Instruct,w8a8_int,arena_hard,67.4,-2.8,0.1864578603853852,-3.7932302981762445,4.166146018947015,-0.3622027290448343,0.0666666666666667,True,Meta-Llama-3.1-405B-Instruct|s3
RedHatAI/Meta-Llama-3.1-405B-Instruct-quantized.w8a8,llama-3.1,Meta-Llama-3.1-405B-Instruct,w8a8_int,mmlu,87.4,-0.3,-0.25608728288879046,-0.7877323654563284,0.2755577996787475,-0.3622027290448343,-0.46015625,True,Meta-Llama-3.1-405B-Instruct|s3
RedHatAI/Meta-Llama-3.1-405B-Instruct-quantized.w8a8,llama-3.1,Meta-Llama-3.1-405B-Instruct,w8a8_int,arc_challenge,95.0,-0.6,-0.24106085829098345,-1.4496489079255197,0.9675271913435528,-0.3622027290448343,-0.35953846153846153,True,Meta-Llama-3.1-405B-Instruct|s3
RedHatAI/Meta-Llama-3.1-405B-Instruct-quantized.w8a8,llama-3.1,Meta-Llama-3.1-405B-Instruct,w8a8_int,gsm8k,96.4,-0.9,-0.38976711045093126,-1.3635511817317074,0.5840169608298449,-0.3622027290448343,-0.54453125,True,Meta-Llama-3.1-405B-Instruct|s3
RedHatAI/Meta-Llama-3.1-405B-Instruct-quantized.w8a8,llama-3.1,Meta-Llama-3.1-405B-Instruct,w8a8_int,hellaswag,88.3,-0.1,0.013416937049418487,-0.5955005842692326,0.6223344583680696,-0.3622027290448343,-0.16515151515151516,True,Meta-Llama-3.1-405B-Instruct|s3
RedHatAI/Meta-Llama-3.1-405B-Instruct-quantized.w8a8,llama-3.1,Meta-Llama-3.1-405B-Instruct,w8a8_int,winogrande,87.2,-1.1,-0.07709979212946111,-1.8589459977022105,1.7047464134432881,-0.3622027290448343,-0.26076923076923075,True,Meta-Llama-3.1-405B-Instruct|s3
RedHatAI/Meta-Llama-3.1-405B-Instruct-quantized.w8a8,llama-3.1,Meta-Llama-3.1-405B-Instruct,w8a8_int,truthfulqa,64.6,-0.2,0.025199876814835653,-3.1509585613295723,3.2013583149592435,-0.3622027290448343,-0.23353846153846153,True,Meta-Llama-3.1-405B-Instruct|s3
RedHatAI/Meta-Llama-3.1-405B-Instruct-quantized.w8a8,llama-3.1,Meta-Llama-3.1-405B-Instruct,w8a8_int,mmlu_pro,59.7,-1.3,-1.184947319264199,-2.0338659672477637,-0.3360286712806345,-0.3622027290448343,-1.7916666666666667,True,Meta-Llama-3.1-405B-Instruct|s3
RedHatAI/Meta-Llama-3.1-405B-Instruct-quantized.w8a8,llama-3.1,Meta-Llama-3.1-405B-Instruct,w8a8_int,ifeval,87.7,-0.7,0.3264374467856053,-2.354267504953641,3.0071423985248513,-0.3622027290448343,0.10125,True,Meta-Llama-3.1-405B-Instruct|s3
RedHatAI/Meta-Llama-3.1-405B-Instruct-quantized.w8a8,llama-3.1,Meta-Llama-3.1-405B-Instruct,w8a8_int,bbh,67.0,-0.3,-0.36065170626166687,-1.466933640445724,0.7456302279223902,-0.3622027290448343,-0.7955555555555556,True,Meta-Llama-3.1-405B-Instruct|s3
RedHatAI/Meta-Llama-3.1-405B-Instruct-quantized.w8a8,llama-3.1,Meta-Llama-3.1-405B-Instruct,w8a8_int,math_lvl5,39.0,-3.2,0.5475942787999728,-1.9971756561492666,3.092364213749212,-0.3622027290448343,0.545,False,Meta-Llama-3.1-405B-Instruct|s3
RedHatAI/Meta-Llama-3.1-405B-Instruct-quantized.w8a8,llama-3.1,Meta-Llama-3.1-405B-Instruct,w8a8_int,humaneval,86.8,0.1,-0.28842480191310205,-5.306303989723882,4.729454385897678,-0.3622027290448343,-0.6377777777777778,True,Meta-Llama-3.1-405B-Instruct|s3
RedHatAI/Meta-Llama-3.1-405B-Instruct-quantized.w8a8,llama-3.1,Meta-Llama-3.1-405B-Instruct,w8a8_int,humaneval_plus,80.1,0.3,0.29343606928187166,-5.625125487880492,6.211997626444235,-0.3622027290448343,0.13333333333333333,True,Meta-Llama-3.1-405B-Instruct|s3
RedHatAI/Meta-Llama-3.1-405B-Instruct-FP8-dynamic,llama-3.1,Meta-Llama-3.1-405B-Instruct,fp8_dynamic,arena_hard,67.4,-0.7,1.2013911772159926,-3.3075960111967144,5.710378365628699,-0.4084401709401709,1.3999999999999997,True,Meta-Llama-3.1-405B-Instruct|s4
RedHatAI/Meta-Llama-3.1-405B-Instruct-FP8-dynamic,llama-3.1,Meta-Llama-3.1-405B-Instruct,fp8_dynamic,mmlu,87.4,0.1,-0.19586761150283044,-0.7982215574828724,0.40648633447721155,-0.4084401709401709,-0.489672131147541,True,Meta-Llama-3.1-405B-Instruct|s4
RedHatAI/Meta-Llama-3.1-405B-Instruct-FP8-dynamic,llama-3.1,Meta-Llama-3.1-405B-Instruct,fp8_dynamic,mmlu_cot,88.1,0.0,-0.19165654840665963,-0.7793788974573288,0.3960658006440096,-0.4084401709401709,-0.3914285714285714,True,Meta-Llama-3.1-405B-Instruct|s4
RedHatAI/Meta-Llama-3.1-405B-Instruct-FP8-dynamic,llama-3.1,Meta-Llama-3.1-405B-Instruct,fp8_dynamic,arc_challenge,95.0,0.0,-0.0906541960818566,-1.4599846096086364,1.2786762174449233,-0.4084401709401709,-0.4374576271186441,True,Meta-Llama-3.1-405B-Instruct|s4
RedHatAI/Meta-Llama-3.1-405B-Instruct-FP8-dynamic,llama-3.1,Meta-Llama-3.1-405B-Instruct,fp8_dynamic,gsm8k,96.0,-0.2,-0.3802431556279292,-1.540805484700702,0.7803191734448435,-0.4084401709401709,-0.7721311475409837,True,Meta-Llama-3.1-405B-Instruct|s4
RedHatAI/Meta-Llama-3.1-405B-Instruct-FP8-dynamic,llama-3.1,Meta-Llama-3.1-405B-Instruct,fp8_dynamic,hellaswag,88.5,0.0,-0.09939752296957,-0.7841532957082407,0.5853582497691008,-0.4084401709401709,-0.31587301587301586,True,Meta-Llama-3.1-405B-Instruct|s4
RedHatAI/Meta-Llama-3.1-405B-Instruct-FP8-dynamic,llama-3.1,Meta-Llama-3.1-405B-Instruct,fp8_dynamic,winogrande,87.2,0.8,-0.07232592688386896,-2.0911579037976455,1.9465060500299076,-0.4084401709401709,-0.2845161290322581,True,Meta-Llama-3.1-405B-Instruct|s4
RedHatAI/Meta-Llama-3.1-405B-Instruct-FP8-dynamic,llama-3.1,Meta-Llama-3.1-405B-Instruct,fp8_dynamic,truthfulqa,65.3,0.0,-0.14106677185372296,-3.7231490323998644,3.4410154886924182,-0.4084401709401709,-0.31216666666666665,True,Meta-Llama-3.1-405B-Instruct|s4
RedHatAI/Meta-Llama-3.1-405B-Instruct-FP8-dynamic,llama-3.1,Meta-Llama-3.1-405B-Instruct,fp8_dynamic,mmlu_pro,59.7,-0.3,-0.5651426834337716,-1.5269676192714554,0.3966822524039122,-0.4084401709401709,-0.9229411764705883,True,Meta-Llama-3.1-405B-Instruct|s4
RedHatAI/Meta-Llama-3.1-405B-Instruct-FP8-dynamic,llama-3.1,Meta-Llama-3.1-405B-Instruct,fp8_dynamic,ifeval,87.7,-0.9,0.050398836863676744,-2.9868402134631813,3.0876378871905352,-0.4084401709401709,-0.2571428571428571,True,Meta-Llama-3.1-405B-Instruct|s4
RedHatAI/Meta-Llama-3.1-405B-Instruct-FP8-dynamic,llama-3.1,Meta-Llama-3.1-405B-Instruct,fp8_dynamic,bbh,67.0,0.1,-0.37747554122653415,-1.6308931129719602,0.8759420305188917,-0.4084401709401709,-0.7486666666666667,True,Meta-Llama-3.1-405B-Instruct|s4
RedHatAI/Meta-Llama-3.1-405B-Instruct-FP8-dynamic,llama-3.1,Meta-Llama-3.1-405B-Instruct,fp8_dynamic,humaneval,86.8,0.2,-0.005318991415824925,-5.690576747646422,5.679938764814772,-0.4084401709401709,-0.34176470588235297,True,Meta-Llama-3.1-405B-Instruct|s4
RedHatAI/Meta-Llama-3.1-405B-Instruct-FP8-dynamic,llama-3.1,Meta-Llama-3.1-405B-Instruct,fp8_dynamic,humaneval_plus,80.1,0.9,0.07546055036770327,-6.630270444575977,6.781191545311383,-0.4084401709401709,0.0,True,Meta-Llama-3.1-405B-Instruct|s4
RedHatAI/Meta-Llama-3.1-405B-Instruct-FP8,llama-3.1,Meta-Llama-3.1-405B-Instruct,fp8,mmlu,87.41,0.0,-0.3168323141437717,-0.9189816282803773,0.28531699999283383,-0.4084401709401709,-0.489672131147541,True,Meta-Llama-3.1-405B-Instruct|s4
RedHatAI/Meta-Llama-3.1-405B-Instruct-FP8,llama-3.1,Meta-Llama-3.1-405B-Instruct,fp8,mmlu_cot,88.11,-0.09,-0.31262043103729253,-0.900129126471596,0.274888264397011,-0.4084401709401709,-0.3914285714285714,True,Meta-Llama-3.1-405B-Instruct|s4
RedHatAI/Meta-Llama-3.1-405B-Instruct-FP8,llama-3.1,Meta-Llama-3.1-405B-Instruct,fp8,arc_challenge,94.97,-0.09,-0.21190987579765785,-1.5851252621465823,1.1613055105512666,-0.4084401709401709,-0.4374576271186441,True,Meta-Llama-3.1-405B-Instruct|s4
RedHatAI/Meta-Llama-3.1-405B-Instruct-FP8,llama-3.1,Meta-Llama-3.1-405B-Instruct,fp8,gsm8k,95.98,0.31,-0.5014284875765342,-1.6647674046783294,0.6619104295252609,-0.4084401709401709,-0.7721311475409837,True,Meta-Llama-3.1-405B-Instruct|s4
RedHatAI/Meta-Llama-3.1-405B-Instruct-FP8,llama-3.1,Meta-Llama-3.1-405B-Instruct,fp8,hellaswag,88.54,0.0,-0.2201051657705388,-0.9038234818084439,0.4636131502673663,-0.4084401709401709,-0.31587301587301586,True,Meta-Llama-3.1-405B-Instruct|s4
RedHatAI/Meta-Llama-3.1-405B-Instruct-FP8,llama-3.1,Meta-Llama-3.1-405B-Instruct,fp8,winogrande,87.21,-0.23,-0.19330304334145237,-2.2114619700993012,1.8248558834163964,-0.4084401709401709,-0.2845161290322581,True,Meta-Llama-3.1-405B-Instruct|s4
RedHatAI/Meta-Llama-3.1-405B-Instruct-FP8,llama-3.1,Meta-Llama-3.1-405B-Instruct,fp8,truthfulqa,65.31,0.02,-0.2620656940771732,-3.843905996113719,3.3197746079593724,-0.4084401709401709,-0.31216666666666665,True,Meta-Llama-3.1-405B-Instruct|s4
RedHatAI/Meta-Llama-3.1-405B-Instruct-quantized.w4a16,llama-3.1,Meta-Llama-3.1-405B-Instruct,w4a16,arena_hard,67.4,-0.9,0.9618783454566064,-3.5471088429561006,5.470865533869313,-0.4084401709401709,1.3999999999999997,True,Meta-Llama-3.1-405B-Instruct|s4
RedHatAI/Meta-Llama-3.1-405B-Instruct-quantized.w4a16,llama-3.1,Meta-Llama-3.1-405B-Instruct,w4a16,mmlu,87.4,-0.2,-0.43538044326221653,-1.0377343892422586,0.16697350271782546,-0.4084401709401709,-0.489672131147541,True,Meta-Llama-3.1-405B-Instruct|s4
RedHatAI/Meta-Llama-3.1-405B-Instruct-quantized.w4a16,llama-3.1,Meta-Llama-3.1-405B-Instruct,w4a16,arc_challenge,95.0,0.3,-0.33016702784124274,-1.6994974413680226,1.0391633856855371,-0.4084401709401709,-0.4374576271186441,True,Meta-Llama-3.1-405B-Instruct|s4
RedHatAI/Meta-Llama-3.1-405B-Instruct-quantized.w4a16,llama-3.1,Meta-Llama-3.1-405B-Instruct,w4a16,gsm8k,96.4,-0.1,-0.6170823117300942,-1.7203797880007818,0.48621516454059355,-0.4084401709401709,-0.7721311475409837,True,Meta-Llama-3.1-405B-Instruct|s4
RedHatAI/Meta-Llama-3.1-405B-Instruct-quantized.w4a16,llama-3.1,Meta-Llama-3.1-405B-Instruct,w4a16,hellaswag,88.3,0.0,-0.3406197456441131,-1.0305233745299895,0.3492838832417633,-0.4084401709401709,-0.31587301587301586,True,Meta-Llama-3.1-405B-Instruct|s4
RedHatAI/Meta-Llama-3.1-405B-Instruct-quantized.w4a16,llama-3.1,Meta-Llama-3.1-405B-Instruct,w4a16,winogrande,87.2,0.2,-0.31183875864325517,-2.3306707355570317,1.7069932182705214,-0.4084401709401709,-0.2845161290322581,True,Meta-Llama-3.1-405B-Instruct|s4
RedHatAI/Meta-Llama-3.1-405B-Instruct-quantized.w4a16,llama-3.1,Meta-Llama-3.1-405B-Instruct,w4a16,truthfulqa,64.6,0.7,-0.3841315661101905,-3.9827194793747696,3.214456347154388,-0.4084401709401709,-0.31216666666666665,True,Meta-Llama-3.1-405B-Instruct|s4
RedHatAI/Meta-Llama-3.1-405B-Instruct-quantized.w4a16,llama-3.1,Meta-Llama-3.1-405B-Instruct,w4a16,mmlu_pro,59.7,-0.3,-0.8046555151931576,-1.7664804510308414,0.15716942064452621,-0.4084401709401709,-0.9229411764705883,True,Meta-Llama-3.1-405B-Instruct|s4
RedHatAI/Meta-Llama-3.1-405B-Instruct-quantized.w4a16,llama-3.1,Meta-Llama-3.1-405B-Instruct,w4a16,ifeval,87.7,0.3,-0.18911399489570935,-3.2263530452225675,2.848125055431149,-0.4084401709401709,-0.2571428571428571,True,Meta-Llama-3.1-405B-Instruct|s4
RedHatAI/Meta-Llama-3.1-405B-Instruct-quantized.w4a16,llama-3.1,Meta-Llama-3.1-405B-Instruct,w4a16,bbh,67.0,0.5,-0.6169883729859202,-1.8704059447313461,0.6364291987595057,-0.4084401709401709,-0.7486666666666667,True,Meta-Llama-3.1-405B-Instruct|s4
RedHatAI/Meta-Llama-3.1-405B-Instruct-quantized.w4a16,llama-3.1,Meta-Llama-3.1-405B-Instruct,w4a16,humaneval,86.8,-1.7,-0.2448318231752111,-5.930089579405808,5.440425933055386,-0.4084401709401709,-0.34176470588235297,True,Meta-Llama-3.1-405B-Instruct|s4
RedHatAI/Meta-Llama-3.1-405B-Instruct-quantized.w4a16,llama-3.1,Meta-Llama-3.1-405B-Instruct,w4a16,humaneval_plus,80.1,-1.2,-0.16405228139168296,-6.8697832763353635,6.541678713551997,-0.4084401709401709,0.0,True,Meta-Llama-3.1-405B-Instruct|s4
RedHatAI/Meta-Llama-3.1-405B-Instruct-quantized.w8a16,llama-3.1,Meta-Llama-3.1-405B-Instruct,w8a16,mmlu,87.38,0.21,0.13446705273350668,-0.4682957845401886,0.737229890007202,-0.4084401709401709,-0.489672131147541,True,Meta-Llama-3.1-405B-Instruct|s4
RedHatAI/Meta-Llama-3.1-405B-Instruct-quantized.w8a16,llama-3.1,Meta-Llama-3.1-405B-Instruct,w8a16,mmlu_cot,88.26,-0.07,0.1402286493129986,-0.44405910033350215,0.7245163989594994,-0.4084401709401709,-0.3914285714285714,True,Meta-Llama-3.1-405B-Instruct|s4
RedHatAI/Meta-Llama-3.1-405B-Instruct-quantized.w8a16,llama-3.1,Meta-Llama-3.1-405B-Instruct,w8a16,arc_challenge,94.97,-0.17,0.2396454656627076,-1.1335699206862169,1.612860852011632,-0.4084401709401709,-0.4374576271186441,True,Meta-Llama-3.1-405B-Instruct|s4
RedHatAI/Meta-Llama-3.1-405B-Instruct-quantized.w8a16,llama-3.1,Meta-Llama-3.1-405B-Instruct,w8a16,hellaswag,88.33,0.19,0.2296545206467847,-0.45948108607921867,0.9187901273727881,-0.4084401709401709,-0.31587301587301586,True,Meta-Llama-3.1-405B-Instruct|s4
RedHatAI/Meta-Llama-3.1-405B-Instruct-quantized.w8a16,llama-3.1,Meta-Llama-3.1-405B-Instruct,w8a16,winogrande,87.21,0.71,0.25825229811891304,-1.7599066286389358,2.276411224876762,-0.4084401709401709,-0.2845161290322581,True,Meta-Llama-3.1-405B-Instruct|s4
RedHatAI/Meta-Llama-3.1-405B-Instruct-quantized.w8a16,llama-3.1,Meta-Llama-3.1-405B-Instruct,w8a16,truthfulqa,64.64,0.77,0.1860881408492171,-3.4115794092241054,3.7837556909225394,-0.4084401709401709,-0.31216666666666665,True,Meta-Llama-3.1-405B-Instruct|s4
RedHatAI/Meta-Llama-3.1-405B-Instruct-quantized.w8a8,llama-3.1,Meta-Llama-3.1-405B-Instruct,w8a8_int,arena_hard,67.4,-2.8,1.5402954785542151,-2.9686917098584917,6.049282666966922,-0.4084401709401709,1.3999999999999997,True,Meta-Llama-3.1-405B-Instruct|s4
RedHatAI/Meta-Llama-3.1-405B-Instruct-quantized.w8a8,llama-3.1,Meta-Llama-3.1-405B-Instruct,w8a8_int,mmlu,87.4,-0.3,0.14303668983539208,-0.4593172561446499,0.7453906358154341,-0.4084401709401709,-0.489672131147541,True,Meta-Llama-3.1-405B-Instruct|s4
RedHatAI/Meta-Llama-3.1-405B-Instruct-quantized.w8a8,llama-3.1,Meta-Llama-3.1-405B-Instruct,w8a8_int,arc_challenge,95.0,-0.6,0.24825010525636593,-1.121080308270414,1.6175805187831458,-0.4084401709401709,-0.4374576271186441,True,Meta-Llama-3.1-405B-Instruct|s4
RedHatAI/Meta-Llama-3.1-405B-Instruct-quantized.w8a8,llama-3.1,Meta-Llama-3.1-405B-Instruct,w8a8_int,gsm8k,96.4,-0.9,-0.03866517863248553,-1.1419626549031734,1.064632297638202,-0.4084401709401709,-0.7721311475409837,True,Meta-Llama-3.1-405B-Instruct|s4
RedHatAI/Meta-Llama-3.1-405B-Instruct-quantized.w8a8,llama-3.1,Meta-Llama-3.1-405B-Instruct,w8a8_int,hellaswag,88.3,-0.1,0.23779738745349555,-0.4521062414323809,0.927701016339372,-0.4084401709401709,-0.31587301587301586,True,Meta-Llama-3.1-405B-Instruct|s4
RedHatAI/Meta-Llama-3.1-405B-Instruct-quantized.w8a8,llama-3.1,Meta-Llama-3.1-405B-Instruct,w8a8_int,winogrande,87.2,-1.1,0.2665783744543535,-1.752253602459423,2.28541035136813,-0.4084401709401709,-0.2845161290322581,True,Meta-Llama-3.1-405B-Instruct|s4
RedHatAI/Meta-Llama-3.1-405B-Instruct-quantized.w8a8,llama-3.1,Meta-Llama-3.1-405B-Instruct,w8a8_int,truthfulqa,64.6,-0.2,0.19428556698741817,-3.4043023462771607,3.792873480251997,-0.4084401709401709,-0.31216666666666665,True,Meta-Llama-3.1-405B-Instruct|s4
RedHatAI/Meta-Llama-3.1-405B-Instruct-quantized.w8a8,llama-3.1,Meta-Llama-3.1-405B-Instruct,w8a8_int,mmlu_pro,59.7,-1.3,-0.22623838209554897,-1.1880633179332327,0.7355865537421349,-0.4084401709401709,-0.9229411764705883,False,Meta-Llama-3.1-405B-Instruct|s4
RedHatAI/Meta-Llama-3.1-405B-Instruct-quantized.w8a8,llama-3.1,Meta-Llama-3.1-405B-Instruct,w8a8_int,ifeval,87.7,-0.7,0.3893031382018993,-2.647935912124959,3.4265421885287575,-0.4084401709401709,-0.2571428571428571,True,Meta-Llama-3.1-405B-Instruct|s4
RedHatAI/Meta-Llama-3.1-405B-Instruct-quantized.w8a8,llama-3.1,Meta-Llama-3.1-405B-Instruct,w8a8_int,bbh,67.0,-0.3,-0.03857123988831168,-1.2919888116337375,1.2148463318571143,-0.4084401709401709,-0.7486666666666667,True,Meta-Llama-3.1-405B-Instruct|s4
RedHatAI/Meta-Llama-3.1-405B-Instruct-quantized.w8a8,llama-3.1,Meta-Llama-3.1-405B-Instruct,w8a8_int,math_lvl5,39.0,-3.2,0.7845011920461782,-2.098723467016331,3.6677258511086874,-0.4084401709401709,0.5,False,Meta-Llama-3.1-405B-Instruct|s4
RedHatAI/Meta-Llama-3.1-405B-Instruct-quantized.w8a8,llama-3.1,Meta-Llama-3.1-405B-Instruct,w8a8_int,humaneval,86.8,0.1,0.33358530992239754,-5.3516724463082,6.018843066152995,-0.4084401709401709,-0.34176470588235297,True,Meta-Llama-3.1-405B-Instruct|s4
RedHatAI/Meta-Llama-3.1-405B-Instruct-quantized.w8a8,llama-3.1,Meta-Llama-3.1-405B-Instruct,w8a8_int,humaneval_plus,80.1,0.3,0.41436485170592574,-6.291366143237754,7.1200958466496065,-0.4084401709401709,0.0,True,Meta-Llama-3.1-405B-Instruct|s4
RedHatAI/Meta-Llama-3.1-70B-FP8,llama-3.1,Meta-Llama-3.1-70B,fp8,mmlu,78.81,0.04,-0.30446899490366486,-1.014388451133482,0.40545046132615237,-0.4225193798449612,-0.49074626865671644,True,Meta-Llama-3.1-70B|s0
RedHatAI/Meta-Llama-3.1-70B-FP8,llama-3.1,Meta-Llama-3.1-70B,fp8,arc_challenge,93.43,0.0,-0.3930314052310011,-1.8828365658717636,1.0967737554097614,-0.4225193798449612,-0.5292424242424243,True,Meta-Llama-3.1-70B|s0
RedHatAI/Meta-Llama-3.1-70B-FP8,llama-3.1,Meta-Llama-3.1-70B,fp8,gsm8k,81.88,-0.53,-0.6059912181042323,-2.789289318224583,1.577306882016118,-0.4225193798449612,-0.8587878787878788,True,Meta-Llama-3.1-70B|s0
RedHatAI/Meta-Llama-3.1-70B-FP8,llama-3.1,Meta-Llama-3.1-70B,fp8,hellaswag,87.98,-0.16,-0.15008961226362588,-0.8181281628651009,0.517948938337849,-0.4225193798449612,-0.2937313432835821,True,Meta-Llama-3.1-70B|s0
RedHatAI/Meta-Llama-3.1-70B-FP8,llama-3.1,Meta-Llama-3.1-70B,fp8,winogrande,85.78,0.09,-0.09409178944327934,-2.11395487709421,1.9257712982076511,-0.4225193798449612,-0.22215384615384615,True,Meta-Llama-3.1-70B|s0
RedHatAI/Meta-Llama-3.1-70B-FP8,llama-3.1,Meta-Llama-3.1-70B,fp8,truthfulqa,51.18,-0.28,-0.0906711921370763,-3.690695399015338,3.509353014741185,-0.4225193798449612,-0.23671875,True,Meta-Llama-3.1-70B|s0
RedHatAI/Meta-Llama-3.1-70B-FP8,llama-3.1,Meta-Llama-3.1-70B,fp8,mmlu,78.81,0.04,-0.24584554820327148,-0.7110061962850123,0.21931509987846926,-0.4015544041450777,-0.4871014492753623,True,Meta-Llama-3.1-70B|s1
RedHatAI/Meta-Llama-3.1-70B-FP8,llama-3.1,Meta-Llama-3.1-70B,fp8,arc_challenge,93.43,0.0,-0.18427648931220741,-1.1604417823716489,0.7918888037472341,-0.4015544041450777,-0.4526470588235294,True,Meta-Llama-3.1-70B|s1
RedHatAI/Meta-Llama-3.1-70B-FP8,llama-3.1,Meta-Llama-3.1-70B,fp8,gsm8k,81.88,-0.53,-0.4589122286495321,-1.889475020379595,0.9716505630805309,-0.4015544041450777,-0.7572058823529412,True,Meta-Llama-3.1-70B|s1
RedHatAI/Meta-Llama-3.1-70B-FP8,llama-3.1,Meta-Llama-3.1-70B,fp8,hellaswag,87.98,-0.16,0.031323713802298425,-0.4063953012415342,0.4690427288461311,-0.4015544041450777,-0.18873239436619718,True,Meta-Llama-3.1-70B|s1
RedHatAI/Meta-Llama-3.1-70B-FP8,llama-3.1,Meta-Llama-3.1-70B,fp8,winogrande,85.78,0.09,-0.11349295435746104,-1.4369681946020885,1.2099822858871665,-0.4015544041450777,-0.34652173913043477,True,Meta-Llama-3.1-70B|s1
RedHatAI/Meta-Llama-3.1-70B-FP8,llama-3.1,Meta-Llama-3.1-70B,fp8,truthfulqa,51.18,-0.28,0.020536892987186417,-2.338307590688077,2.3793813766624496,-0.4015544041450777,-0.15710144927536232,True,Meta-Llama-3.1-70B|s1
RedHatAI/Meta-Llama-3.1-70B-FP8,llama-3.1,Meta-Llama-3.1-70B,fp8,mmlu,78.81,0.04,-0.33845467210990826,-1.114889000237049,0.4379796560172325,-0.3656140350877193,-0.38464788732394367,True,Meta-Llama-3.1-70B|s2
RedHatAI/Meta-Llama-3.1-70B-FP8,llama-3.1,Meta-Llama-3.1-70B,fp8,arc_challenge,93.43,0.0,-0.2029743559429001,-1.8323646463366252,1.4264159344508252,-0.3656140350877193,-0.364,True,Meta-Llama-3.1-70B|s2
RedHatAI/Meta-Llama-3.1-70B-FP8,llama-3.1,Meta-Llama-3.1-70B,fp8,gsm8k,81.88,-0.53,-0.7559584669776716,-3.143817510130077,1.6319005761747338,-0.3656140350877193,-0.8747142857142857,True,Meta-Llama-3.1-70B|s2
RedHatAI/Meta-Llama-3.1-70B-FP8,llama-3.1,Meta-Llama-3.1-70B,fp8,hellaswag,87.98,-0.16,-0.17661507682759087,-0.9072445287289259,0.5540143750737441,-0.3656140350877193,-0.24324324324324326,True,Meta-Llama-3.1-70B|s2
RedHatAI/Meta-Llama-3.1-70B-FP8,llama-3.1,Meta-Llama-3.1-70B,fp8,winogrande,85.78,0.09,-0.15144216991970852,-2.36055339458992,2.0576690547505034,-0.3656140350877193,-0.20465753424657535,True,Meta-Llama-3.1-70B|s2
RedHatAI/Meta-Llama-3.1-70B-FP8,llama-3.1,Meta-Llama-3.1-70B,fp8,truthfulqa,51.18,-0.28,-0.22156669549318353,-4.1588899393910115,3.715756548404644,-0.3656140350877193,-0.19999999999999998,True,Meta-Llama-3.1-70B|s2
RedHatAI/Meta-Llama-3.1-70B-FP8,llama-3.1,Meta-Llama-3.1-70B,fp8,mmlu,78.81,0.04,-0.423320203244308,-1.0884851006962595,0.24184469420764348,-0.41818007662835255,-0.5164285714285715,True,Meta-Llama-3.1-70B|s3
RedHatAI/Meta-Llama-3.1-70B-FP8,llama-3.1,Meta-Llama-3.1-70B,fp8,arc_challenge,93.43,0.0,-0.3475983535185896,-1.743483602478723,1.0482868954415439,-0.41818007662835255,-0.488840579710145,True,Meta-Llama-3.1-70B|s3
RedHatAI/Meta-Llama-3.1-70B-FP8,llama-3.1,Meta-Llama-3.1-70B,fp8,gsm8k,81.88,-0.53,-0.6430404242205225,-2.6886996101035274,1.4026187616624826,-0.41818007662835255,-0.8051470588235294,True,Meta-Llama-3.1-70B|s3
RedHatAI/Meta-Llama-3.1-70B-FP8,llama-3.1,Meta-Llama-3.1-70B,fp8,hellaswag,87.98,-0.16,-0.3155230796779539,-0.9414473167239834,0.3104011573680756,-0.41818007662835255,-0.39699999999999996,True,Meta-Llama-3.1-70B|s3
RedHatAI/Meta-Llama-3.1-70B-FP8,llama-3.1,Meta-Llama-3.1-70B,fp8,winogrande,85.78,0.09,-0.16192379021322773,-2.054451191419398,1.7306036109929424,-0.41818007662835255,-0.21185714285714283,True,Meta-Llama-3.1-70B|s3
RedHatAI/Meta-Llama-3.1-70B-FP8,llama-3.1,Meta-Llama-3.1-70B,fp8,truthfulqa,51.18,-0.28,-0.21685727051809744,-3.5899296822953737,3.156215141259179,-0.41818007662835255,-0.19417910447761194,True,Meta-Llama-3.1-70B|s3
RedHatAI/Meta-Llama-3.1-70B-FP8,llama-3.1,Meta-Llama-3.1-70B,fp8,mmlu,78.81,0.04,-0.4198572648497726,-1.2293294380144602,0.3896149083149151,-0.38451553930530163,-0.5356716417910448,True,Meta-Llama-3.1-70B|s4
RedHatAI/Meta-Llama-3.1-70B-FP8,llama-3.1,Meta-Llama-3.1-70B,fp8,arc_challenge,93.43,0.0,-0.3783928080711244,-2.077114839694736,1.3203292235524868,-0.38451553930530163,-0.5056060606060606,True,Meta-Llama-3.1-70B|s4
RedHatAI/Meta-Llama-3.1-70B-FP8,llama-3.1,Meta-Llama-3.1-70B,fp8,gsm8k,81.88,-0.53,-0.5138834635671266,-3.003347644696193,1.9755807175619398,-0.38451553930530163,-0.6464179104477612,True,Meta-Llama-3.1-70B|s4
RedHatAI/Meta-Llama-3.1-70B-FP8,llama-3.1,Meta-Llama-3.1-70B,fp8,hellaswag,87.98,-0.16,-0.2137656411227538,-0.9754839072835113,0.5479526250380038,-0.38451553930530163,-0.30913043478260865,True,Meta-Llama-3.1-70B|s4
RedHatAI/Meta-Llama-3.1-70B-FP8,llama-3.1,Meta-Llama-3.1-70B,fp8,winogrande,85.78,0.09,-0.13664289538278881,-2.4397534084247647,2.166467617659187,-0.38451553930530163,-0.21223880597014924,True,Meta-Llama-3.1-70B|s4
RedHatAI/Meta-Llama-3.1-70B-FP8,llama-3.1,Meta-Llama-3.1-70B,fp8,truthfulqa,51.18,-0.28,-0.18807257259579602,-4.292931782488841,3.9167866372972493,-0.38451553930530163,-0.27791044776119406,True,Meta-Llama-3.1-70B|s4
RedHatAI/Meta-Llama-3.1-70B-Instruct-FP8-dynamic,llama-3.1,Meta-Llama-3.1-70B-Instruct,fp8_dynamic,arena_hard,57.0,0.9,0.17027451813391492,-4.90167923866297,5.242228274930799,-0.34964912280701754,-0.03333333333333336,True,Meta-Llama-3.1-70B-Instruct|s0
RedHatAI/Meta-Llama-3.1-70B-Instruct-FP8-dynamic,llama-3.1,Meta-Llama-3.1-70B-Instruct,fp8_dynamic,mmlu,83.8,0.0,0.0994225967838629,-0.6128621824267195,0.8117073759944453,-0.34964912280701754,-0.4072058823529412,True,Meta-Llama-3.1-70B-Instruct|s0
RedHatAI/Meta-Llama-3.1-70B-Instruct-FP8-dynamic,llama-3.1,Meta-Llama-3.1-70B-Instruct,fp8_dynamic,mmlu_cot,86.0,-0.5,-0.07906986299251312,-0.7498611160647304,0.591721390079704,-0.34964912280701754,-0.47333333333333333,True,Meta-Llama-3.1-70B-Instruct|s0
RedHatAI/Meta-Llama-3.1-70B-Instruct-FP8-dynamic,llama-3.1,Meta-Llama-3.1-70B-Instruct,fp8_dynamic,arc_challenge,93.3,0.2,0.2374169848825629,-1.4356103977366765,1.9104443675018024,-0.34964912280701754,-0.4077611940298507,True,Meta-Llama-3.1-70B-Instruct|s0
RedHatAI/Meta-Llama-3.1-70B-Instruct-FP8-dynamic,llama-3.1,Meta-Llama-3.1-70B-Instruct,fp8_dynamic,gsm8k,94.9,-0.4,0.15951677812840037,-1.2281475627544367,1.5471811190112374,-0.34964912280701754,-0.5064179104477612,True,Meta-Llama-3.1-70B-Instruct|s0
RedHatAI/Meta-Llama-3.1-70B-Instruct-FP8-dynamic,llama-3.1,Meta-Llama-3.1-70B-Instruct,fp8_dynamic,hellaswag,86.8,-0.2,0.15522625761320863,-0.6185677309415981,0.9290202461680154,-0.34964912280701754,-0.28200000000000003,True,Meta-Llama-3.1-70B-Instruct|s0
RedHatAI/Meta-Llama-3.1-70B-Instruct-FP8-dynamic,llama-3.1,Meta-Llama-3.1-70B-Instruct,fp8_dynamic,winogrande,85.3,-0.7,0.2822179686715236,-1.9967252642117987,2.561161201554846,-0.34964912280701754,-0.13782608695652174,True,Meta-Llama-3.1-70B-Instruct|s0
RedHatAI/Meta-Llama-3.1-70B-Instruct-FP8-dynamic,llama-3.1,Meta-Llama-3.1-70B-Instruct,fp8_dynamic,truthfulqa,60.7,-0.1,0.14597024523191243,-3.7684569882720593,4.060397478735884,-0.34964912280701754,-0.171044776119403,True,Meta-Llama-3.1-70B-Instruct|s0
RedHatAI/Meta-Llama-3.1-70B-Instruct-FP8-dynamic,llama-3.1,Meta-Llama-3.1-70B-Instruct,fp8_dynamic,mmlu_pro,48.1,-0.4,-0.9673731692240441,-2.0108334858838672,0.07608714743577893,-0.34964912280701754,-1.504,True,Meta-Llama-3.1-70B-Instruct|s0
RedHatAI/Meta-Llama-3.1-70B-Instruct-FP8-dynamic,llama-3.1,Meta-Llama-3.1-70B-Instruct,fp8_dynamic,ifeval,86.4,1.2,-0.01786365838942877,-3.3939716087574148,3.358244291978557,-0.34964912280701754,-0.5013333333333333,True,Meta-Llama-3.1-70B-Instruct|s0
RedHatAI/Meta-Llama-3.1-70B-Instruct-FP8-dynamic,llama-3.1,Meta-Llama-3.1-70B-Instruct,fp8_dynamic,bbh,55.8,-0.9,-0.17344975193552412,-1.5833650352180115,1.2364655313469635,-0.34964912280701754,-0.5826666666666667,True,Meta-Llama-3.1-70B-Instruct|s0
RedHatAI/Meta-Llama-3.1-70B-Instruct-FP8-dynamic,llama-3.1,Meta-Llama-3.1-70B-Instruct,fp8_dynamic,humaneval,79.7,0.3,0.04207378249341798,-7.153143069873216,7.237290634860051,-0.34964912280701754,-0.5135294117647059,True,Meta-Llama-3.1-70B-Instruct|s0
RedHatAI/Meta-Llama-3.1-70B-Instruct-FP8-dynamic,llama-3.1,Meta-Llama-3.1-70B-Instruct,fp8_dynamic,humaneval_plus,74.8,0.2,0.02619421526177934,-7.7401704203321895,7.792558850855748,-0.34964912280701754,-0.2833333333333333,True,Meta-Llama-3.1-70B-Instruct|s0
RedHatAI/Meta-Llama-3.1-70B-Instruct-FP8,llama-3.1,Meta-Llama-3.1-70B-Instruct,fp8,mmlu,83.83,-0.1,-0.16234979883088826,-0.8741021172495501,0.5494025195877735,-0.34964912280701754,-0.4072058823529412,True,Meta-Llama-3.1-70B-Instruct|s0
RedHatAI/Meta-Llama-3.1-70B-Instruct-FP8,llama-3.1,Meta-Llama-3.1-70B-Instruct,fp8,mmlu_cot,86.01,-0.57,-0.3411177949670152,-1.0117084213665681,0.3294728314325377,-0.34964912280701754,-0.47333333333333333,True,Meta-Llama-3.1-70B-Instruct|s0
RedHatAI/Meta-Llama-3.1-70B-Instruct-FP8,llama-3.1,Meta-Llama-3.1-70B-Instruct,fp8,arc_challenge,93.26,-0.34,-0.025398702651222238,-1.7030530236613188,1.6522556183588741,-0.34964912280701754,-0.4077611940298507,True,Meta-Llama-3.1-70B-Instruct|s0
RedHatAI/Meta-Llama-3.1-70B-Instruct-FP8,llama-3.1,Meta-Llama-3.1-70B-Instruct,fp8,gsm8k,94.92,-0.38,-0.10236186018233193,-1.4874485469574146,1.2827248265927507,-0.34964912280701754,-0.5064179104477612,True,Meta-Llama-3.1-70B-Instruct|s0
RedHatAI/Meta-Llama-3.1-70B-Instruct-FP8,llama-3.1,Meta-Llama-3.1-70B-Instruct,fp8,hellaswag,86.75,-0.11,-0.10771194379736565,-0.8827467452955131,0.6673228577007817,-0.34964912280701754,-0.28200000000000003,True,Meta-Llama-3.1-70B-Instruct|s0
RedHatAI/Meta-Llama-3.1-70B-Instruct-FP8,llama-3.1,Meta-Llama-3.1-70B-Instruct,fp8,winogrande,85.32,0.63,0.020300532131351356,-2.2573588421263344,2.297959906389037,-0.34964912280701754,-0.13782608695652174,True,Meta-Llama-3.1-70B-Instruct|s0
RedHatAI/Meta-Llama-3.1-70B-Instruct-FP8,llama-3.1,Meta-Llama-3.1-70B-Instruct,fp8,truthfulqa,60.68,0.16,-0.11636920904392334,-4.031147255180134,3.7984088370922873,-0.34964912280701754,-0.171044776119403,True,Meta-Llama-3.1-70B-Instruct|s0
RedHatAI/Meta-Llama-3.1-70B-Instruct-quantized.w4a16,llama-3.1,Meta-Llama-3.1-70B-Instruct,w4a16,arena_hard,57.0,0.0,-0.46225607453679596,-5.534209831333681,4.609697682260088,-0.34964912280701754,-0.03333333333333336,True,Meta-Llama-3.1-70B-Instruct|s0
RedHatAI/Meta-Llama-3.1-70B-Instruct-quantized.w4a16,llama-3.1,Meta-Llama-3.1-70B-Instruct,w4a16,mmlu,83.9,-0.3,-0.5316984481222677,-1.2422049652686857,0.17880806902415025,-0.34964912280701754,-0.4072058823529412,True,Meta-Llama-3.1-70B-Instruct|s0
RedHatAI/Meta-Llama-3.1-70B-Instruct-quantized.w4a16,llama-3.1,Meta-Llama-3.1-70B-Instruct,w4a16,mmlu_cot,86.2,-0.6,-0.7086545146898712,-1.375411115039109,-0.04189791434063328,-0.34964912280701754,-0.47333333333333333,True,Meta-Llama-3.1-70B-Instruct|s0
RedHatAI/Meta-Llama-3.1-70B-Instruct-quantized.w4a16,llama-3.1,Meta-Llama-3.1-70B-Instruct,w4a16,arc_challenge,93.3,-0.5,-0.3951136077881479,-2.0681409904073873,1.2779137748310916,-0.34964912280701754,-0.4077611940298507,True,Meta-Llama-3.1-70B-Instruct|s0
RedHatAI/Meta-Llama-3.1-70B-Instruct-quantized.w4a16,llama-3.1,Meta-Llama-3.1-70B-Instruct,w4a16,gsm8k,95.4,-1.0,-0.4650963606825416,-1.7864508275981201,0.856258106233037,-0.34964912280701754,-0.5064179104477612,True,Meta-Llama-3.1-70B-Instruct|s0
RedHatAI/Meta-Llama-3.1-70B-Instruct-quantized.w4a16,llama-3.1,Meta-Llama-3.1-70B-Instruct,w4a16,hellaswag,86.7,-0.4,-0.4787901221907018,-1.2550620702973865,0.297481825915983,-0.34964912280701754,-0.28200000000000003,True,Meta-Llama-3.1-70B-Instruct|s0
RedHatAI/Meta-Llama-3.1-70B-Instruct-quantized.w4a16,llama-3.1,Meta-Llama-3.1-70B-Instruct,w4a16,winogrande,85.3,0.2,-0.3503126239991873,-2.6292558568825095,1.9286306088841352,-0.34964912280701754,-0.13782608695652174,True,Meta-Llama-3.1-70B-Instruct|s0
RedHatAI/Meta-Llama-3.1-70B-Instruct-quantized.w4a16,llama-3.1,Meta-Llama-3.1-70B-Instruct,w4a16,truthfulqa,60.7,-0.9,-0.4865603474387986,-4.40098758094277,3.427866886065173,-0.34964912280701754,-0.171044776119403,True,Meta-Llama-3.1-70B-Instruct|s0
RedHatAI/Meta-Llama-3.1-70B-Instruct-quantized.w4a16,llama-3.1,Meta-Llama-3.1-70B-Instruct,w4a16,mmlu_pro,48.1,-0.8,-1.5999037618947551,-2.643364078554578,-0.556443445234932,-0.34964912280701754,-1.504,True,Meta-Llama-3.1-70B-Instruct|s0
RedHatAI/Meta-Llama-3.1-70B-Instruct-quantized.w4a16,llama-3.1,Meta-Llama-3.1-70B-Instruct,w4a16,ifeval,86.4,-0.7,-0.6503942510601395,-4.0265022014281255,2.725713699307846,-0.34964912280701754,-0.5013333333333333,True,Meta-Llama-3.1-70B-Instruct|s0
RedHatAI/Meta-Llama-3.1-70B-Instruct-quantized.w4a16,llama-3.1,Meta-Llama-3.1-70B-Instruct,w4a16,bbh,55.8,-0.8,-0.805980344606235,-2.2158956278887225,0.6039349386762525,-0.34964912280701754,-0.5826666666666667,True,Meta-Llama-3.1-70B-Instruct|s0
RedHatAI/Meta-Llama-3.1-70B-Instruct-quantized.w4a16,llama-3.1,Meta-Llama-3.1-70B-Instruct,w4a16,humaneval,79.7,0.8,-0.5904568101772928,-7.7856736625439265,6.604760042189341,-0.34964912280701754,-0.5135294117647059,True,Meta-Llama-3.1-70B-Instruct|s0
RedHatAI/Meta-Llama-3.1-70B-Instruct-quantized.w4a16,llama-3.1,Meta-Llama-3.1-70B-Instruct,w4a16,humaneval_plus,74.8,-0.6,-0.6063363774089314,-8.3727010130029,7.160028258185037,-0.34964912280701754,-0.2833333333333333,True,Meta-Llama-3.1-70B-Instruct|s0
RedHatAI/Meta-Llama-3.1-70B-Instruct-quantized.w8a16,llama-3.1,Meta-Llama-3.1-70B-Instruct,w8a16,mmlu,83.94,-2.57,0.028196522052827633,-0.6815959685746092,0.7379890126802645,-0.34964912280701754,-0.4072058823529412,False,Meta-Llama-3.1-70B-Instruct|s0
RedHatAI/Meta-Llama-3.1-70B-Instruct-quantized.w8a16,llama-3.1,Meta-Llama-3.1-70B-Instruct,w8a16,mmlu_cot,86.23,-2.37,-0.14888129812307327,-0.8150286573960264,0.5172660611498798,-0.34964912280701754,-0.47333333333333333,False,Meta-Llama-3.1-70B-Instruct|s0
RedHatAI/Meta-Llama-3.1-70B-Instruct-quantized.w8a16,llama-3.1,Meta-Llama-3.1-70B-Instruct,w8a16,arc_challenge,93.34,-1.02,0.16483770951380983,-1.5035456087676724,1.833221027795292,-0.34964912280701754,-0.4077611940298507,True,Meta-Llama-3.1-70B-Instruct|s0
RedHatAI/Meta-Llama-3.1-70B-Instruct-quantized.w8a16,llama-3.1,Meta-Llama-3.1-70B-Instruct,w8a16,gsm8k,95.38,-3.04,0.09391697395767773,-1.2301680723362287,1.4180020202515842,-0.34964912280701754,-0.5064179104477612,False,Meta-Llama-3.1-70B-Instruct|s0
RedHatAI/Meta-Llama-3.1-70B-Instruct-quantized.w8a16,llama-3.1,Meta-Llama-3.1-70B-Instruct,w8a16,hellaswag,86.66,-0.65,0.07994669472322957,-0.6973123426755935,0.8572057321220526,-0.34964912280701754,-0.28200000000000003,True,Meta-Llama-3.1-70B-Instruct|s0
RedHatAI/Meta-Llama-3.1-70B-Instruct-quantized.w8a16,llama-3.1,Meta-Llama-3.1-70B-Instruct,w8a16,winogrande,85.32,0.24,0.20929526030382795,-2.0683641139538578,2.4869546345615134,-0.34964912280701754,-0.13782608695652174,True,Meta-Llama-3.1-70B-Instruct|s0
RedHatAI/Meta-Llama-3.1-70B-Instruct-quantized.w8a16,llama-3.1,Meta-Llama-3.1-70B-Instruct,w8a16,truthfulqa,60.65,-1.26,0.07240898609416696,-3.8428939896403187,3.9877119618286527,-0.34964912280701754,-0.171044776119403,True,Meta-Llama-3.1-70B-Instruct|s0
RedHatAI/Meta-Llama-3.1-70B-Instruct-quantized.w8a8,llama-3.1,Meta-Llama-3.1-70B-Instruct,w8a8_int,arena_hard,57.0,-0.7,0.01645818856985548,-5.055495568227029,5.08841194536674,-0.34964912280701754,-0.03333333333333336,True,Meta-Llama-3.1-70B-Instruct|s0
RedHatAI/Meta-Llama-3.1-70B-Instruct-quantized.w8a8,llama-3.1,Meta-Llama-3.1-70B-Instruct,w8a8_int,mmlu,83.9,-0.2,-0.052984185015616414,-0.7634907021620344,0.6575223321308016,-0.34964912280701754,-0.4072058823529412,True,Meta-Llama-3.1-70B-Instruct|s0
RedHatAI/Meta-Llama-3.1-70B-Instruct-quantized.w8a8,llama-3.1,Meta-Llama-3.1-70B-Instruct,w8a8_int,mmlu_cot,86.2,-0.4,-0.2299402515832198,-0.8966968519324576,0.4368163487660181,-0.34964912280701754,-0.47333333333333333,True,Meta-Llama-3.1-70B-Instruct|s0
RedHatAI/Meta-Llama-3.1-70B-Instruct-quantized.w8a8,llama-3.1,Meta-Llama-3.1-70B-Instruct,w8a8_int,arc_challenge,93.3,-0.2,0.08360065531850336,-1.589426727300736,1.7566280379377428,-0.34964912280701754,-0.4077611940298507,True,Meta-Llama-3.1-70B-Instruct|s0
RedHatAI/Meta-Llama-3.1-70B-Instruct-quantized.w8a8,llama-3.1,Meta-Llama-3.1-70B-Instruct,w8a8_int,gsm8k,95.4,-1.2,0.013617902424109707,-1.307736564491469,1.3349723693396882,-0.34964912280701754,-0.5064179104477612,True,Meta-Llama-3.1-70B-Instruct|s0
RedHatAI/Meta-Llama-3.1-70B-Instruct-quantized.w8a8,llama-3.1,Meta-Llama-3.1-70B-Instruct,w8a8_int,hellaswag,86.7,0.0,-7.585908405044473e-05,-0.7763478071907353,0.7761960890226343,-0.34964912280701754,-0.28200000000000003,True,Meta-Llama-3.1-70B-Instruct|s0
RedHatAI/Meta-Llama-3.1-70B-Instruct-quantized.w8a8,llama-3.1,Meta-Llama-3.1-70B-Instruct,w8a8_int,winogrande,85.1,0.2,0.12563179331309926,-2.1660707070730885,2.4173342936992865,-0.34964912280701754,-0.13782608695652174,True,Meta-Llama-3.1-70B-Instruct|s0
RedHatAI/Meta-Llama-3.1-70B-Instruct-quantized.w8a8,llama-3.1,Meta-Llama-3.1-70B-Instruct,w8a8_int,truthfulqa,60.7,0.7,-0.007846084332147008,-3.9222733178361184,3.9065811491718248,-0.34964912280701754,-0.171044776119403,True,Meta-Llama-3.1-70B-Instruct|s0
RedHatAI/Meta-Llama-3.1-70B-Instruct-quantized.w8a8,llama-3.1,Meta-Llama-3.1-70B-Instruct,w8a8_int,mmlu_pro,48.1,-1.0,-1.1211894987881035,-2.164649815447927,-0.0777291821282804,-0.34964912280701754,-1.504,True,Meta-Llama-3.1-70B-Instruct|s0
RedHatAI/Meta-Llama-3.1-70B-Instruct-quantized.w8a8,llama-3.1,Meta-Llama-3.1-70B-Instruct,w8a8_int,ifeval,86.4,0.2,-0.1716799879534882,-3.547787938321474,3.204427962414498,-0.34964912280701754,-0.5013333333333333,True,Meta-Llama-3.1-70B-Instruct|s0
RedHatAI/Meta-Llama-3.1-70B-Instruct-quantized.w8a8,llama-3.1,Meta-Llama-3.1-70B-Instruct,w8a8_int,bbh,55.8,-0.6,-0.3272660814995836,-1.737181364782071,1.082649201782904,-0.34964912280701754,-0.5826666666666667,True,Meta-Llama-3.1-70B-Instruct|s0
RedHatAI/Meta-Llama-3.1-70B-Instruct-quantized.w8a8,llama-3.1,Meta-Llama-3.1-70B-Instruct,w8a8_int,humaneval,79.7,-1.0,-0.11174254707064146,-7.306959399437275,7.083474305295992,-0.34964912280701754,-0.5135294117647059,True,Meta-Llama-3.1-70B-Instruct|s0
RedHatAI/Meta-Llama-3.1-70B-Instruct-quantized.w8a8,llama-3.1,Meta-Llama-3.1-70B-Instruct,w8a8_int,humaneval_plus,74.8,-0.8,-0.12762211430228015,-7.893986749896249,7.638742521291689,-0.34964912280701754,-0.2833333333333333,True,Meta-Llama-3.1-70B-Instruct|s0
RedHatAI/Meta-Llama-3.1-70B-Instruct-FP8-dynamic,llama-3.1,Meta-Llama-3.1-70B-Instruct,fp8_dynamic,arena_hard,57.0,0.9,-1.1952531841265255,-5.182348353888109,2.7918419856350587,-0.3835125448028674,-1.4666666666666668,True,Meta-Llama-3.1-70B-Instruct|s1
RedHatAI/Meta-Llama-3.1-70B-Instruct-FP8-dynamic,llama-3.1,Meta-Llama-3.1-70B-Instruct,fp8_dynamic,mmlu,83.8,0.0,-0.08801414580488515,-0.6479457498498589,0.4719174582400885,-0.3835125448028674,-0.4667605633802817,True,Meta-Llama-3.1-70B-Instruct|s1
RedHatAI/Meta-Llama-3.1-70B-Instruct-FP8-dynamic,llama-3.1,Meta-Llama-3.1-70B-Instruct,fp8_dynamic,mmlu_cot,86.0,-0.5,-0.14764040564937578,-0.6749536843752455,0.379672873076494,-0.3835125448028674,-0.305,True,Meta-Llama-3.1-70B-Instruct|s1
RedHatAI/Meta-Llama-3.1-70B-Instruct-FP8-dynamic,llama-3.1,Meta-Llama-3.1-70B-Instruct,fp8_dynamic,arc_challenge,93.3,0.2,0.011884200845695858,-1.3032932861692295,1.3270616878606212,-0.3835125448028674,-0.35414285714285715,True,Meta-Llama-3.1-70B-Instruct|s1
RedHatAI/Meta-Llama-3.1-70B-Instruct-FP8-dynamic,llama-3.1,Meta-Llama-3.1-70B-Instruct,fp8_dynamic,gsm8k,94.9,-0.4,-0.285038651970108,-1.3758904333709063,0.8058131294306903,-0.3835125448028674,-0.711304347826087,True,Meta-Llama-3.1-70B-Instruct|s1
RedHatAI/Meta-Llama-3.1-70B-Instruct-FP8-dynamic,llama-3.1,Meta-Llama-3.1-70B-Instruct,fp8_dynamic,hellaswag,86.8,-0.2,0.15093849790898234,-0.4573458875752075,0.7592228833931722,-0.3835125448028674,-0.1811111111111111,True,Meta-Llama-3.1-70B-Instruct|s1
RedHatAI/Meta-Llama-3.1-70B-Instruct-FP8-dynamic,llama-3.1,Meta-Llama-3.1-70B-Instruct,fp8_dynamic,winogrande,85.3,-0.7,0.07896244006983488,-1.7125293580983523,1.8704542382380223,-0.3835125448028674,-0.25757142857142856,True,Meta-Llama-3.1-70B-Instruct|s1
RedHatAI/Meta-Llama-3.1-70B-Instruct-FP8-dynamic,llama-3.1,Meta-Llama-3.1-70B-Instruct,fp8_dynamic,truthfulqa,60.7,-0.1,0.16158706540661633,-2.9155691279383666,3.2387432587515996,-0.3835125448028674,-0.18071428571428572,True,Meta-Llama-3.1-70B-Instruct|s1
RedHatAI/Meta-Llama-3.1-70B-Instruct-FP8-dynamic,llama-3.1,Meta-Llama-3.1-70B-Instruct,fp8_dynamic,mmlu_pro,48.1,-0.4,-1.1497586587224986,-1.9700294632062714,-0.32948785423872584,-0.3835125448028674,-1.7577272727272728,True,Meta-Llama-3.1-70B-Instruct|s1
RedHatAI/Meta-Llama-3.1-70B-Instruct-FP8-dynamic,llama-3.1,Meta-Llama-3.1-70B-Instruct,fp8_dynamic,ifeval,86.4,1.2,0.22675225337362243,-2.4272277210035265,2.880732227750771,-0.3835125448028674,-0.1721052631578947,True,Meta-Llama-3.1-70B-Instruct|s1
RedHatAI/Meta-Llama-3.1-70B-Instruct-FP8-dynamic,llama-3.1,Meta-Llama-3.1-70B-Instruct,fp8_dynamic,bbh,55.8,-0.9,-0.37454868095789384,-1.482892069975461,0.7337947080596735,-0.3835125448028674,-0.89,True,Meta-Llama-3.1-70B-Instruct|s1
RedHatAI/Meta-Llama-3.1-70B-Instruct-FP8-dynamic,llama-3.1,Meta-Llama-3.1-70B-Instruct,fp8_dynamic,humaneval,79.7,0.3,-0.07618242743565079,-5.73238824733564,5.580023392464339,-0.3835125448028674,-0.638,True,Meta-Llama-3.1-70B-Instruct|s1
RedHatAI/Meta-Llama-3.1-70B-Instruct-FP8-dynamic,llama-3.1,Meta-Llama-3.1-70B-Instruct,fp8_dynamic,humaneval_plus,74.8,0.2,0.4883215238251812,-5.616867208167424,6.593510255817787,-0.3835125448028674,0.2666666666666667,True,Meta-Llama-3.1-70B-Instruct|s1
RedHatAI/Meta-Llama-3.1-70B-Instruct-FP8,llama-3.1,Meta-Llama-3.1-70B-Instruct,fp8,mmlu,83.83,-0.1,-0.2777195047654387,-0.8372325379887228,0.28179352845784533,-0.3835125448028674,-0.4667605633802817,True,Meta-Llama-3.1-70B-Instruct|s1
RedHatAI/Meta-Llama-3.1-70B-Instruct-FP8,llama-3.1,Meta-Llama-3.1-70B-Instruct,fp8,mmlu_cot,86.01,-0.57,-0.3373672504124962,-0.8645228152324707,0.18978831440747818,-0.3835125448028674,-0.305,True,Meta-Llama-3.1-70B-Instruct|s1
RedHatAI/Meta-Llama-3.1-70B-Instruct-FP8,llama-3.1,Meta-Llama-3.1-70B-Instruct,fp8,arc_challenge,93.26,-0.34,-0.17765644728362653,-1.4964712000532423,1.141158305485989,-0.3835125448028674,-0.35414285714285715,True,Meta-Llama-3.1-70B-Instruct|s1
RedHatAI/Meta-Llama-3.1-70B-Instruct-FP8,llama-3.1,Meta-Llama-3.1-70B-Instruct,fp8,gsm8k,94.92,-0.38,-0.4748791366618511,-1.5637046077421792,0.6139463344184771,-0.3835125448028674,-0.711304347826087,True,Meta-Llama-3.1-70B-Instruct|s1
RedHatAI/Meta-Llama-3.1-70B-Instruct-FP8,llama-3.1,Meta-Llama-3.1-70B-Instruct,fp8,hellaswag,86.75,-0.11,-0.038788465224997126,-0.6480482616711544,0.5704713312211601,-0.3835125448028674,-0.1811111111111111,True,Meta-Llama-3.1-70B-Instruct|s1
RedHatAI/Meta-Llama-3.1-70B-Instruct-FP8,llama-3.1,Meta-Llama-3.1-70B-Instruct,fp8,winogrande,85.32,0.63,-0.11079132267190722,-1.9012738713929613,1.6796912260491468,-0.3835125448028674,-0.25757142857142856,True,Meta-Llama-3.1-70B-Instruct|s1
RedHatAI/Meta-Llama-3.1-70B-Instruct-FP8,llama-3.1,Meta-Llama-3.1-70B-Instruct,fp8,truthfulqa,60.68,0.16,-0.02825293610955859,-3.105684905500334,3.049179033281217,-0.3835125448028674,-0.18071428571428572,True,Meta-Llama-3.1-70B-Instruct|s1
RedHatAI/Meta-Llama-3.1-70B-Instruct-quantized.w4a16,llama-3.1,Meta-Llama-3.1-70B-Instruct,w4a16,arena_hard,57.0,0.0,-1.6662812328138066,-5.6533764025753905,2.3208139369477774,-0.3835125448028674,-1.4666666666666668,True,Meta-Llama-3.1-70B-Instruct|s1
RedHatAI/Meta-Llama-3.1-70B-Instruct-quantized.w4a16,llama-3.1,Meta-Llama-3.1-70B-Instruct,w4a16,mmlu,83.9,-0.3,-0.5589621306125483,-1.1174958315167256,-0.00042842970837098093,-0.3835125448028674,-0.4667605633802817,True,Meta-Llama-3.1-70B-Instruct|s1
RedHatAI/Meta-Llama-3.1-70B-Instruct-quantized.w4a16,llama-3.1,Meta-Llama-3.1-70B-Instruct,w4a16,mmlu_cot,86.2,-0.6,-0.6186174454210598,-1.1427590579301588,-0.09447583291196082,-0.3835125448028674,-0.305,True,Meta-Llama-3.1-70B-Instruct|s1
RedHatAI/Meta-Llama-3.1-70B-Instruct-quantized.w4a16,llama-3.1,Meta-Llama-3.1-70B-Instruct,w4a16,arc_challenge,93.3,-0.5,-0.4591438478415852,-1.7743213348565106,0.8560336391733401,-0.3835125448028674,-0.35414285714285715,True,Meta-Llama-3.1-70B-Instruct|s1
RedHatAI/Meta-Llama-3.1-70B-Instruct-quantized.w4a16,llama-3.1,Meta-Llama-3.1-70B-Instruct,w4a16,gsm8k,95.4,-1.0,-0.7589313537053333,-1.7976565206140225,0.27979381320335595,-0.3835125448028674,-0.711304347826087,True,Meta-Llama-3.1-70B-Instruct|s1
RedHatAI/Meta-Llama-3.1-70B-Instruct-quantized.w4a16,llama-3.1,Meta-Llama-3.1-70B-Instruct,w4a16,hellaswag,86.7,-0.4,-0.3200848622273756,-0.9303171875063472,0.29014746305159594,-0.3835125448028674,-0.1811111111111111,True,Meta-Llama-3.1-70B-Instruct|s1
RedHatAI/Meta-Llama-3.1-70B-Instruct-quantized.w4a16,llama-3.1,Meta-Llama-3.1-70B-Instruct,w4a16,winogrande,85.3,0.2,-0.3920656086174462,-2.1835574067856336,1.399426189550741,-0.3835125448028674,-0.25757142857142856,True,Meta-Llama-3.1-70B-Instruct|s1
RedHatAI/Meta-Llama-3.1-70B-Instruct-quantized.w4a16,llama-3.1,Meta-Llama-3.1-70B-Instruct,w4a16,truthfulqa,60.7,-0.9,-0.3094409832806647,-3.386597176625648,2.7677152100643183,-0.3835125448028674,-0.18071428571428572,True,Meta-Llama-3.1-70B-Instruct|s1
RedHatAI/Meta-Llama-3.1-70B-Instruct-quantized.w4a16,llama-3.1,Meta-Llama-3.1-70B-Instruct,w4a16,mmlu_pro,48.1,-0.8,-1.6207867074097793,-2.4410575118935522,-0.8005159029260065,-0.3835125448028674,-1.7577272727272728,False,Meta-Llama-3.1-70B-Instruct|s1
RedHatAI/Meta-Llama-3.1-70B-Instruct-quantized.w4a16,llama-3.1,Meta-Llama-3.1-70B-Instruct,w4a16,ifeval,86.4,-0.7,-0.2442757953136586,-2.8982557696908073,2.4097041790634903,-0.3835125448028674,-0.1721052631578947,True,Meta-Llama-3.1-70B-Instruct|s1
RedHatAI/Meta-Llama-3.1-70B-Instruct-quantized.w4a16,llama-3.1,Meta-Llama-3.1-70B-Instruct,w4a16,bbh,55.8,-0.8,-0.8455767296451748,-1.9539201186627422,0.2627666593723925,-0.3835125448028674,-0.89,True,Meta-Llama-3.1-70B-Instruct|s1
RedHatAI/Meta-Llama-3.1-70B-Instruct-quantized.w4a16,llama-3.1,Meta-Llama-3.1-70B-Instruct,w4a16,humaneval,79.7,0.8,-0.5472104761229318,-6.2034162960229215,5.108995343777058,-0.3835125448028674,-0.638,True,Meta-Llama-3.1-70B-Instruct|s1
RedHatAI/Meta-Llama-3.1-70B-Instruct-quantized.w4a16,llama-3.1,Meta-Llama-3.1-70B-Instruct,w4a16,humaneval_plus,74.8,-0.6,0.01729347513790014,-6.087895256854705,6.122482207130505,-0.3835125448028674,0.2666666666666667,True,Meta-Llama-3.1-70B-Instruct|s1
RedHatAI/Meta-Llama-3.1-70B-Instruct-quantized.w8a16,llama-3.1,Meta-Llama-3.1-70B-Instruct,w8a16,mmlu,83.94,-2.57,0.012266382645628793,-0.5457060174617705,0.5702387827530282,-0.3835125448028674,-0.4667605633802817,False,Meta-Llama-3.1-70B-Instruct|s1
RedHatAI/Meta-Llama-3.1-70B-Instruct-quantized.w8a16,llama-3.1,Meta-Llama-3.1-70B-Instruct,w8a16,mmlu_cot,86.23,-2.37,-0.047413487243393115,-0.5710761714599736,0.47624919697318735,-0.3835125448028674,-0.305,False,Meta-Llama-3.1-70B-Instruct|s1
RedHatAI/Meta-Llama-3.1-70B-Instruct-quantized.w8a16,llama-3.1,Meta-Llama-3.1-70B-Instruct,w8a16,arc_challenge,93.34,-1.02,0.111863371984818,-1.199663386459422,1.4233901304290577,-0.3835125448028674,-0.35414285714285715,True,Meta-Llama-3.1-70B-Instruct|s1
RedHatAI/Meta-Llama-3.1-70B-Instruct-quantized.w8a16,llama-3.1,Meta-Llama-3.1-70B-Instruct,w8a16,gsm8k,95.38,-3.04,-0.1876157527778765,-1.2284874455367654,0.8532559399810122,-0.3835125448028674,-0.711304347826087,False,Meta-Llama-3.1-70B-Instruct|s1
RedHatAI/Meta-Llama-3.1-70B-Instruct-quantized.w8a16,llama-3.1,Meta-Llama-3.1-70B-Instruct,w8a16,hellaswag,86.66,-0.65,0.2511134503032007,-0.3598948321586481,0.8621217327650494,-0.3835125448028674,-0.1811111111111111,False,Meta-Llama-3.1-70B-Instruct|s1
RedHatAI/Meta-Llama-3.1-70B-Instruct-quantized.w8a16,llama-3.1,Meta-Llama-3.1-70B-Instruct,w8a16,winogrande,85.32,0.24,0.17910741510275402,-1.6113751336183,1.9695899638238081,-0.3835125448028674,-0.25757142857142856,True,Meta-Llama-3.1-70B-Instruct|s1
RedHatAI/Meta-Llama-3.1-70B-Instruct-quantized.w8a16,llama-3.1,Meta-Llama-3.1-70B-Instruct,w8a16,truthfulqa,60.65,-1.26,0.261480043071671,-2.816364576821476,3.3393246629648177,-0.3835125448028674,-0.18071428571428572,True,Meta-Llama-3.1-70B-Instruct|s1
RedHatAI/Meta-Llama-3.1-70B-Instruct-quantized.w8a8,llama-3.1,Meta-Llama-3.1-70B-Instruct,w8a8_int,arena_hard,57.0,-0.7,-1.267087384939948,-5.254182554701532,2.720007784821636,-0.3835125448028674,-1.4666666666666668,True,Meta-Llama-3.1-70B-Instruct|s1
RedHatAI/Meta-Llama-3.1-70B-Instruct-quantized.w8a8,llama-3.1,Meta-Llama-3.1-70B-Instruct,w8a8_int,mmlu,83.9,-0.2,-0.15976828273868957,-0.7183019836428669,0.3987654181654877,-0.3835125448028674,-0.4667605633802817,True,Meta-Llama-3.1-70B-Instruct|s1
RedHatAI/Meta-Llama-3.1-70B-Instruct-quantized.w8a8,llama-3.1,Meta-Llama-3.1-70B-Instruct,w8a8_int,mmlu_cot,86.2,-0.4,-0.21942359754720098,-0.7435652100562999,0.304718014961898,-0.3835125448028674,-0.305,True,Meta-Llama-3.1-70B-Instruct|s1
RedHatAI/Meta-Llama-3.1-70B-Instruct-quantized.w8a8,llama-3.1,Meta-Llama-3.1-70B-Instruct,w8a8_int,arc_challenge,93.3,-0.2,-0.059949999967726486,-1.3751274869826517,1.2552274870471989,-0.3835125448028674,-0.35414285714285715,True,Meta-Llama-3.1-70B-Instruct|s1
RedHatAI/Meta-Llama-3.1-70B-Instruct-quantized.w8a8,llama-3.1,Meta-Llama-3.1-70B-Instruct,w8a8_int,gsm8k,95.4,-1.2,-0.3597375058314744,-1.3984626727401637,0.6789876610772148,-0.3835125448028674,-0.711304347826087,True,Meta-Llama-3.1-70B-Instruct|s1
RedHatAI/Meta-Llama-3.1-70B-Instruct-quantized.w8a8,llama-3.1,Meta-Llama-3.1-70B-Instruct,w8a8_int,hellaswag,86.7,0.0,0.07910898564648311,-0.5311233396324884,0.6893413109254547,-0.3835125448028674,-0.1811111111111111,True,Meta-Llama-3.1-70B-Instruct|s1
RedHatAI/Meta-Llama-3.1-70B-Instruct-quantized.w8a8,llama-3.1,Meta-Llama-3.1-70B-Instruct,w8a8_int,winogrande,85.1,0.2,0.007362178858799806,-1.7941597608031257,1.8088841185207254,-0.3835125448028674,-0.25757142857142856,True,Meta-Llama-3.1-70B-Instruct|s1
RedHatAI/Meta-Llama-3.1-70B-Instruct-quantized.w8a8,llama-3.1,Meta-Llama-3.1-70B-Instruct,w8a8_int,truthfulqa,60.7,0.7,0.08975286459319393,-2.9874033287517894,3.166909057938177,-0.3835125448028674,-0.18071428571428572,True,Meta-Llama-3.1-70B-Instruct|s1
RedHatAI/Meta-Llama-3.1-70B-Instruct-quantized.w8a8,llama-3.1,Meta-Llama-3.1-70B-Instruct,w8a8_int,mmlu_pro,48.1,-1.0,-1.221592859535921,-2.0418636640196937,-0.40132205505214813,-0.3835125448028674,-1.7577272727272728,True,Meta-Llama-3.1-70B-Instruct|s1
RedHatAI/Meta-Llama-3.1-70B-Instruct-quantized.w8a8,llama-3.1,Meta-Llama-3.1-70B-Instruct,w8a8_int,ifeval,86.4,0.2,0.15491805256020003,-2.4990619218169488,2.808898026937349,-0.3835125448028674,-0.1721052631578947,True,Meta-Llama-3.1-70B-Instruct|s1
RedHatAI/Meta-Llama-3.1-70B-Instruct-quantized.w8a8,llama-3.1,Meta-Llama-3.1-70B-Instruct,w8a8_int,bbh,55.8,-0.6,-0.44638288177131624,-1.5547262707888836,0.6619605072462511,-0.3835125448028674,-0.89,True,Meta-Llama-3.1-70B-Instruct|s1
RedHatAI/Meta-Llama-3.1-70B-Instruct-quantized.w8a8,llama-3.1,Meta-Llama-3.1-70B-Instruct,w8a8_int,humaneval,79.7,-1.0,-0.14801662824907313,-5.804222448149063,5.508189191650916,-0.3835125448028674,-0.638,True,Meta-Llama-3.1-70B-Instruct|s1
RedHatAI/Meta-Llama-3.1-70B-Instruct-quantized.w8a8,llama-3.1,Meta-Llama-3.1-70B-Instruct,w8a8_int,humaneval_plus,74.8,-0.8,0.4164873230117589,-5.6887014089808465,6.521676055004364,-0.3835125448028674,0.2666666666666667,True,Meta-Llama-3.1-70B-Instruct|s1
RedHatAI/Meta-Llama-3.1-70B-Instruct-FP8-dynamic,llama-3.1,Meta-Llama-3.1-70B-Instruct,fp8_dynamic,arena_hard,57.0,0.9,1.3533212243898325,-3.0712990586950646,5.777941507474729,-0.34877712031558183,1.3999999999999997,True,Meta-Llama-3.1-70B-Instruct|s2
RedHatAI/Meta-Llama-3.1-70B-Instruct-FP8-dynamic,llama-3.1,Meta-Llama-3.1-70B-Instruct,fp8_dynamic,mmlu,83.8,0.0,-0.038817484427136284,-0.660193355057733,0.5825583862034605,-0.34877712031558183,-0.4492753623188406,True,Meta-Llama-3.1-70B-Instruct|s2
RedHatAI/Meta-Llama-3.1-70B-Instruct-FP8-dynamic,llama-3.1,Meta-Llama-3.1-70B-Instruct,fp8_dynamic,mmlu_cot,86.0,-0.5,-0.3385263574614366,-0.9237045208234109,0.24665180590053765,-0.34877712031558183,-0.7999999999999999,True,Meta-Llama-3.1-70B-Instruct|s2
RedHatAI/Meta-Llama-3.1-70B-Instruct-FP8-dynamic,llama-3.1,Meta-Llama-3.1-70B-Instruct,fp8_dynamic,arc_challenge,93.3,0.2,0.07838101545021409,-1.3811178771359967,1.5378799080364247,-0.34877712031558183,-0.4465671641791045,True,Meta-Llama-3.1-70B-Instruct|s2
RedHatAI/Meta-Llama-3.1-70B-Instruct-FP8-dynamic,llama-3.1,Meta-Llama-3.1-70B-Instruct,fp8_dynamic,gsm8k,94.9,-0.4,-0.06866949656394294,-1.279226233315697,1.141887240187811,-0.34877712031558183,-0.5980597014925373,True,Meta-Llama-3.1-70B-Instruct|s2
RedHatAI/Meta-Llama-3.1-70B-Instruct-FP8-dynamic,llama-3.1,Meta-Llama-3.1-70B-Instruct,fp8_dynamic,hellaswag,86.8,-0.2,0.0850994480546749,-0.5899352113407559,0.7601341074501058,-0.34877712031558183,-0.274,True,Meta-Llama-3.1-70B-Instruct|s2
RedHatAI/Meta-Llama-3.1-70B-Instruct-FP8-dynamic,llama-3.1,Meta-Llama-3.1-70B-Instruct,fp8_dynamic,winogrande,85.3,-0.7,0.15393970218623465,-1.8341419988154462,2.1420214031879152,-0.34877712031558183,-0.18911764705882353,True,Meta-Llama-3.1-70B-Instruct|s2
RedHatAI/Meta-Llama-3.1-70B-Instruct-FP8-dynamic,llama-3.1,Meta-Llama-3.1-70B-Instruct,fp8_dynamic,truthfulqa,60.7,-0.1,0.09008029749117841,-3.3247485760590534,3.50490917104141,-0.34877712031558183,-0.1776470588235294,True,Meta-Llama-3.1-70B-Instruct|s2
RedHatAI/Meta-Llama-3.1-70B-Instruct-FP8-dynamic,llama-3.1,Meta-Llama-3.1-70B-Instruct,fp8_dynamic,mmlu_pro,48.1,-0.4,-1.2970041073830152,-2.207287580590978,-0.38672063417505254,-0.34877712031558183,-1.8875,True,Meta-Llama-3.1-70B-Instruct|s2
RedHatAI/Meta-Llama-3.1-70B-Instruct-FP8-dynamic,llama-3.1,Meta-Llama-3.1-70B-Instruct,fp8_dynamic,ifeval,86.4,1.2,0.3275933561094635,-2.617621926081168,3.272808638300095,-0.34877712031558183,-0.062142857142857125,True,Meta-Llama-3.1-70B-Instruct|s2
RedHatAI/Meta-Llama-3.1-70B-Instruct-FP8-dynamic,llama-3.1,Meta-Llama-3.1-70B-Instruct,fp8_dynamic,bbh,55.8,-0.9,-0.3616448432875736,-1.5916126345914934,0.8683229480163461,-0.34877712031558183,-0.8200000000000001,True,Meta-Llama-3.1-70B-Instruct|s2
RedHatAI/Meta-Llama-3.1-70B-Instruct-FP8-dynamic,llama-3.1,Meta-Llama-3.1-70B-Instruct,fp8_dynamic,humaneval,79.7,0.3,0.06618130532989158,-6.210709997851327,6.34307260851111,-0.34877712031558183,-0.4466666666666666,True,Meta-Llama-3.1-70B-Instruct|s2
RedHatAI/Meta-Llama-3.1-70B-Instruct-FP8-dynamic,llama-3.1,Meta-Llama-3.1-70B-Instruct,fp8_dynamic,humaneval_plus,74.8,0.2,0.2414946138183206,-6.533648879245363,7.016638106882005,-0.34877712031558183,0.0,True,Meta-Llama-3.1-70B-Instruct|s2
RedHatAI/Meta-Llama-3.1-70B-Instruct-FP8,llama-3.1,Meta-Llama-3.1-70B-Instruct,fp8,mmlu,83.83,-0.1,-0.14107174348232146,-0.761983111293522,0.47983962432887917,-0.34877712031558183,-0.4492753623188406,True,Meta-Llama-3.1-70B-Instruct|s2
RedHatAI/Meta-Llama-3.1-70B-Instruct-FP8,llama-3.1,Meta-Llama-3.1-70B-Instruct,fp8,mmlu_cot,86.01,-0.57,-0.4409845555488363,-1.0259876982210008,0.14401858712332816,-0.34877712031558183,-0.7999999999999999,True,Meta-Llama-3.1-70B-Instruct|s2
RedHatAI/Meta-Llama-3.1-70B-Instruct-FP8,llama-3.1,Meta-Llama-3.1-70B-Instruct,fp8,arc_challenge,93.26,-0.34,-0.024550166673394658,-1.4880854614892856,1.4389851281424961,-0.34877712031558183,-0.4465671641791045,True,Meta-Llama-3.1-70B-Instruct|s2
RedHatAI/Meta-Llama-3.1-70B-Instruct-FP8,llama-3.1,Meta-Llama-3.1-70B-Instruct,fp8,gsm8k,94.92,-0.38,-0.17105555395071437,-1.3793636225964818,1.037252514695053,-0.34877712031558183,-0.5980597014925373,True,Meta-Llama-3.1-70B-Instruct|s2
RedHatAI/Meta-Llama-3.1-70B-Instruct-FP8,llama-3.1,Meta-Llama-3.1-70B-Instruct,fp8,hellaswag,86.75,-0.11,-0.018009192664224183,-0.6941263000431883,0.65810791471474,-0.34877712031558183,-0.274,True,Meta-Llama-3.1-70B-Instruct|s2
RedHatAI/Meta-Llama-3.1-70B-Instruct-FP8,llama-3.1,Meta-Llama-3.1-70B-Instruct,fp8,winogrande,85.32,0.63,0.051555243708414134,-1.9354064575480021,2.0385169449648304,-0.34877712031558183,-0.18911764705882353,True,Meta-Llama-3.1-70B-Instruct|s2
RedHatAI/Meta-Llama-3.1-70B-Instruct-FP8,llama-3.1,Meta-Llama-3.1-70B-Instruct,fp8,truthfulqa,60.68,0.16,-0.012587613928533137,-3.4277225258936634,3.402547298036597,-0.34877712031558183,-0.1776470588235294,True,Meta-Llama-3.1-70B-Instruct|s2
RedHatAI/Meta-Llama-3.1-70B-Instruct-quantized.w4a16,llama-3.1,Meta-Llama-3.1-70B-Instruct,w4a16,arena_hard,57.0,0.0,0.8901675080952838,-3.534452774989613,5.314787791180181,-0.34877712031558183,1.3999999999999997,True,Meta-Llama-3.1-70B-Instruct|s2
RedHatAI/Meta-Llama-3.1-70B-Instruct-quantized.w4a16,llama-3.1,Meta-Llama-3.1-70B-Instruct,w4a16,mmlu,83.9,-0.3,-0.500929609747789,-1.1207541779069863,0.1188949584114084,-0.34877712031558183,-0.4492753623188406,True,Meta-Llama-3.1-70B-Instruct|s2
RedHatAI/Meta-Llama-3.1-70B-Instruct-quantized.w4a16,llama-3.1,Meta-Llama-3.1-70B-Instruct,w4a16,mmlu_cot,86.2,-0.6,-0.799509833696419,-1.3811682870749622,-0.21785138031787576,-0.34877712031558183,-0.7999999999999999,True,Meta-Llama-3.1-70B-Instruct|s2
RedHatAI/Meta-Llama-3.1-70B-Instruct-quantized.w4a16,llama-3.1,Meta-Llama-3.1-70B-Instruct,w4a16,arc_challenge,93.3,-0.5,-0.3847727008443348,-1.8442715934305456,1.0747261917418758,-0.34877712031558183,-0.4465671641791045,True,Meta-Llama-3.1-70B-Instruct|s2
RedHatAI/Meta-Llama-3.1-70B-Instruct-quantized.w4a16,llama-3.1,Meta-Llama-3.1-70B-Instruct,w4a16,gsm8k,95.4,-1.0,-0.5273500843798518,-1.680060076584466,0.6253599078247625,-0.34877712031558183,-0.5980597014925373,True,Meta-Llama-3.1-70B-Instruct|s2
RedHatAI/Meta-Llama-3.1-70B-Instruct-quantized.w4a16,llama-3.1,Meta-Llama-3.1-70B-Instruct,w4a16,hellaswag,86.7,-0.4,-0.3791380424614826,-1.0563343994234993,0.29805831450053405,-0.34877712031558183,-0.274,True,Meta-Llama-3.1-70B-Instruct|s2
RedHatAI/Meta-Llama-3.1-70B-Instruct-quantized.w4a16,llama-3.1,Meta-Llama-3.1-70B-Instruct,w4a16,winogrande,85.3,0.2,-0.3092140141083141,-2.297295715109995,1.6788676868933665,-0.34877712031558183,-0.18911764705882353,True,Meta-Llama-3.1-70B-Instruct|s2
RedHatAI/Meta-Llama-3.1-70B-Instruct-quantized.w4a16,llama-3.1,Meta-Llama-3.1-70B-Instruct,w4a16,truthfulqa,60.7,-0.9,-0.3730734188033704,-3.787902292353602,3.0417554547468613,-0.34877712031558183,-0.1776470588235294,True,Meta-Llama-3.1-70B-Instruct|s2
RedHatAI/Meta-Llama-3.1-70B-Instruct-quantized.w4a16,llama-3.1,Meta-Llama-3.1-70B-Instruct,w4a16,mmlu_pro,48.1,-0.8,-1.760157823677564,-2.6704412968855267,-0.8498743504696012,-0.34877712031558183,-1.8875,False,Meta-Llama-3.1-70B-Instruct|s2
RedHatAI/Meta-Llama-3.1-70B-Instruct-quantized.w4a16,llama-3.1,Meta-Llama-3.1-70B-Instruct,w4a16,ifeval,86.4,-0.7,-0.13556036018508533,-3.0807756423757167,2.8096549220055462,-0.34877712031558183,-0.062142857142857125,True,Meta-Llama-3.1-70B-Instruct|s2
RedHatAI/Meta-Llama-3.1-70B-Instruct-quantized.w4a16,llama-3.1,Meta-Llama-3.1-70B-Instruct,w4a16,bbh,55.8,-0.8,-0.8247985595821223,-2.054766350886042,0.4051692317217974,-0.34877712031558183,-0.8200000000000001,True,Meta-Llama-3.1-70B-Instruct|s2
RedHatAI/Meta-Llama-3.1-70B-Instruct-quantized.w4a16,llama-3.1,Meta-Llama-3.1-70B-Instruct,w4a16,humaneval,79.7,0.8,-0.3969724109646573,-6.673863714145876,5.879918892216562,-0.34877712031558183,-0.4466666666666666,True,Meta-Llama-3.1-70B-Instruct|s2
RedHatAI/Meta-Llama-3.1-70B-Instruct-quantized.w4a16,llama-3.1,Meta-Llama-3.1-70B-Instruct,w4a16,humaneval_plus,74.8,-0.6,-0.22165910247622828,-6.996802595539912,6.553484390587456,-0.34877712031558183,0.0,True,Meta-Llama-3.1-70B-Instruct|s2
RedHatAI/Meta-Llama-3.1-70B-Instruct-quantized.w8a16,llama-3.1,Meta-Llama-3.1-70B-Instruct,w8a16,mmlu,83.94,-2.57,0.10656072449304976,-0.5126409483539989,0.7257623973400984,-0.34877712031558183,-0.4492753623188406,False,Meta-Llama-3.1-70B-Instruct|s2
RedHatAI/Meta-Llama-3.1-70B-Instruct-quantized.w8a16,llama-3.1,Meta-Llama-3.1-70B-Instruct,w8a16,mmlu_cot,86.23,-2.37,-0.19211049651299852,-0.773237466255713,0.389016473229716,-0.34877712031558183,-0.7999999999999999,False,Meta-Llama-3.1-70B-Instruct|s2
RedHatAI/Meta-Llama-3.1-70B-Instruct-quantized.w8a16,llama-3.1,Meta-Llama-3.1-70B-Instruct,w8a16,arc_challenge,93.34,-1.02,0.22266485982117667,-1.2327826903731094,1.6781124100154627,-0.34877712031558183,-0.4465671641791045,True,Meta-Llama-3.1-70B-Instruct|s2
RedHatAI/Meta-Llama-3.1-70B-Instruct-quantized.w8a16,llama-3.1,Meta-Llama-3.1-70B-Instruct,w8a16,gsm8k,95.38,-3.04,0.07954580726355953,-1.075546260464857,1.234637874991976,-0.34877712031558183,-0.5980597014925373,False,Meta-Llama-3.1-70B-Instruct|s2
RedHatAI/Meta-Llama-3.1-70B-Instruct-quantized.w8a16,llama-3.1,Meta-Llama-3.1-70B-Instruct,w8a16,hellaswag,86.66,-0.65,0.22750209689493417,-0.4505553671498034,0.9055595609396717,-0.34877712031558183,-0.274,False,Meta-Llama-3.1-70B-Instruct|s2
RedHatAI/Meta-Llama-3.1-70B-Instruct-quantized.w8a16,llama-3.1,Meta-Llama-3.1-70B-Instruct,w8a16,winogrande,85.32,0.24,0.2980412042986422,-1.688920496957774,2.2850029055550585,-0.34877712031558183,-0.18911764705882353,True,Meta-Llama-3.1-70B-Instruct|s2
RedHatAI/Meta-Llama-3.1-70B-Instruct-quantized.w8a16,llama-3.1,Meta-Llama-3.1-70B-Instruct,w8a16,truthfulqa,60.65,-1.26,0.2337464017229396,-3.1818464430742095,3.649339246520089,-0.34877712031558183,-0.1776470588235294,True,Meta-Llama-3.1-70B-Instruct|s2
RedHatAI/Meta-Llama-3.1-70B-Instruct-quantized.w8a8,llama-3.1,Meta-Llama-3.1-70B-Instruct,w8a8_int,arena_hard,57.0,-0.7,1.5238009448397511,-2.900819338245146,5.948421227924648,-0.34877712031558183,1.3999999999999997,True,Meta-Llama-3.1-70B-Instruct|s2
RedHatAI/Meta-Llama-3.1-70B-Instruct-quantized.w8a8,llama-3.1,Meta-Llama-3.1-70B-Instruct,w8a8_int,mmlu,83.9,-0.2,0.1327038269966785,-0.4871207411625189,0.7525283951558759,-0.34877712031558183,-0.4492753623188406,True,Meta-Llama-3.1-70B-Instruct|s2
RedHatAI/Meta-Llama-3.1-70B-Instruct-quantized.w8a8,llama-3.1,Meta-Llama-3.1-70B-Instruct,w8a8_int,mmlu_cot,86.2,-0.4,-0.16587639695195164,-0.7475348503304949,0.4157820564265916,-0.34877712031558183,-0.7999999999999999,True,Meta-Llama-3.1-70B-Instruct|s2
RedHatAI/Meta-Llama-3.1-70B-Instruct-quantized.w8a8,llama-3.1,Meta-Llama-3.1-70B-Instruct,w8a8_int,arc_challenge,93.3,-0.2,0.2488607359001327,-1.210638156686078,1.7083596284863434,-0.34877712031558183,-0.4465671641791045,True,Meta-Llama-3.1-70B-Instruct|s2
RedHatAI/Meta-Llama-3.1-70B-Instruct-quantized.w8a8,llama-3.1,Meta-Llama-3.1-70B-Instruct,w8a8_int,gsm8k,95.4,-1.2,0.10628335236461572,-1.0464266398399986,1.2589933445692298,-0.34877712031558183,-0.5980597014925373,False,Meta-Llama-3.1-70B-Instruct|s2
RedHatAI/Meta-Llama-3.1-70B-Instruct-quantized.w8a8,llama-3.1,Meta-Llama-3.1-70B-Instruct,w8a8_int,hellaswag,86.7,0.0,0.25449539428298495,-0.4227009626790317,0.9316917512450016,-0.34877712031558183,-0.274,True,Meta-Llama-3.1-70B-Instruct|s2
RedHatAI/Meta-Llama-3.1-70B-Instruct-quantized.w8a8,llama-3.1,Meta-Llama-3.1-70B-Instruct,w8a8_int,winogrande,85.1,0.2,0.32260097736988946,-1.6766115257836895,2.3218134805234687,-0.34877712031558183,-0.18911764705882353,True,Meta-Llama-3.1-70B-Instruct|s2
RedHatAI/Meta-Llama-3.1-70B-Instruct-quantized.w8a8,llama-3.1,Meta-Llama-3.1-70B-Instruct,w8a8_int,truthfulqa,60.7,0.7,0.26056001794109707,-3.1542688556091347,3.6753888914913286,-0.34877712031558183,-0.1776470588235294,True,Meta-Llama-3.1-70B-Instruct|s2
RedHatAI/Meta-Llama-3.1-70B-Instruct-quantized.w8a8,llama-3.1,Meta-Llama-3.1-70B-Instruct,w8a8_int,mmlu_pro,48.1,-1.0,-1.1265243869330965,-2.0368078601410593,-0.21624091372513388,-0.34877712031558183,-1.8875,True,Meta-Llama-3.1-70B-Instruct|s2
RedHatAI/Meta-Llama-3.1-70B-Instruct-quantized.w8a8,llama-3.1,Meta-Llama-3.1-70B-Instruct,w8a8_int,ifeval,86.4,0.2,0.49807307655938216,-2.4471422056312493,3.4432883587500136,-0.34877712031558183,-0.062142857142857125,True,Meta-Llama-3.1-70B-Instruct|s2
RedHatAI/Meta-Llama-3.1-70B-Instruct-quantized.w8a8,llama-3.1,Meta-Llama-3.1-70B-Instruct,w8a8_int,bbh,55.8,-0.6,-0.19116512283765494,-1.4211329141415747,1.0388026684662648,-0.34877712031558183,-0.8200000000000001,True,Meta-Llama-3.1-70B-Instruct|s2
RedHatAI/Meta-Llama-3.1-70B-Instruct-quantized.w8a8,llama-3.1,Meta-Llama-3.1-70B-Instruct,w8a8_int,humaneval,79.7,-1.0,0.2366610257798103,-6.040230277401409,6.513552328961029,-0.34877712031558183,-0.4466666666666666,True,Meta-Llama-3.1-70B-Instruct|s2
RedHatAI/Meta-Llama-3.1-70B-Instruct-quantized.w8a8,llama-3.1,Meta-Llama-3.1-70B-Instruct,w8a8_int,humaneval_plus,74.8,-0.8,0.41197433426823915,-6.363169158795445,7.187117827331923,-0.34877712031558183,0.0,True,Meta-Llama-3.1-70B-Instruct|s2
RedHatAI/Meta-Llama-3.1-70B-Instruct-FP8-dynamic,llama-3.1,Meta-Llama-3.1-70B-Instruct,fp8_dynamic,arena_hard,57.0,0.9,0.18077298691068744,-3.760874167122214,4.122420140943589,-0.38992110453648915,-0.38992110453648915,True,Meta-Llama-3.1-70B-Instruct|s3
RedHatAI/Meta-Llama-3.1-70B-Instruct-FP8-dynamic,llama-3.1,Meta-Llama-3.1-70B-Instruct,fp8_dynamic,mmlu,83.8,0.0,-0.03355881408665201,-0.5871078816572972,0.5199902534839931,-0.38992110453648915,-0.5357575757575758,True,Meta-Llama-3.1-70B-Instruct|s3
RedHatAI/Meta-Llama-3.1-70B-Instruct-FP8-dynamic,llama-3.1,Meta-Llama-3.1-70B-Instruct,fp8_dynamic,mmlu_cot,86.0,-0.5,-0.23457458026071643,-0.7558771315860388,0.2867279710646059,-0.38992110453648915,-0.64625,True,Meta-Llama-3.1-70B-Instruct|s3
RedHatAI/Meta-Llama-3.1-70B-Instruct-FP8-dynamic,llama-3.1,Meta-Llama-3.1-70B-Instruct,fp8_dynamic,arc_challenge,93.3,0.2,0.056984697604603674,-1.243201372207848,1.3571707674170552,-0.38992110453648915,-0.3884848484848485,True,Meta-Llama-3.1-70B-Instruct|s3
RedHatAI/Meta-Llama-3.1-70B-Instruct-FP8-dynamic,llama-3.1,Meta-Llama-3.1-70B-Instruct,fp8_dynamic,gsm8k,94.9,-0.4,-0.2591613114080427,-1.3375787146944782,0.8192560918783929,-0.38992110453648915,-0.7792307692307692,True,Meta-Llama-3.1-70B-Instruct|s3
RedHatAI/Meta-Llama-3.1-70B-Instruct-FP8-dynamic,llama-3.1,Meta-Llama-3.1-70B-Instruct,fp8_dynamic,hellaswag,86.8,-0.2,0.22428922489086467,-0.37706146146101915,0.8256399112427485,-0.38992110453648915,-0.2317910447761194,True,Meta-Llama-3.1-70B-Instruct|s3
RedHatAI/Meta-Llama-3.1-70B-Instruct-FP8-dynamic,llama-3.1,Meta-Llama-3.1-70B-Instruct,fp8_dynamic,winogrande,85.3,-0.7,0.21052999927161875,-1.5605409802418129,1.9816009787850504,-0.38992110453648915,-0.24184615384615382,True,Meta-Llama-3.1-70B-Instruct|s3
RedHatAI/Meta-Llama-3.1-70B-Instruct-FP8-dynamic,llama-3.1,Meta-Llama-3.1-70B-Instruct,fp8_dynamic,truthfulqa,60.7,-0.1,0.33401468544403445,-2.708065685248058,3.3760950561361263,-0.38992110453648915,-0.1234375,True,Meta-Llama-3.1-70B-Instruct|s3
RedHatAI/Meta-Llama-3.1-70B-Instruct-FP8-dynamic,llama-3.1,Meta-Llama-3.1-70B-Instruct,fp8_dynamic,mmlu_pro,48.1,-0.4,-1.1333567562341833,-1.9442774752956944,-0.3224360371726722,-0.38992110453648915,-1.875,True,Meta-Llama-3.1-70B-Instruct|s3
RedHatAI/Meta-Llama-3.1-70B-Instruct-FP8-dynamic,llama-3.1,Meta-Llama-3.1-70B-Instruct,fp8_dynamic,ifeval,86.4,1.2,0.30980743073319483,-2.3139204130868816,2.933535274553271,-0.38992110453648915,-0.20142857142857143,True,Meta-Llama-3.1-70B-Instruct|s3
RedHatAI/Meta-Llama-3.1-70B-Instruct-FP8-dynamic,llama-3.1,Meta-Llama-3.1-70B-Instruct,fp8_dynamic,bbh,55.8,-0.9,-0.40767411555968913,-1.5033837434975421,0.6880355123781637,-0.38992110453648915,-1.04,True,Meta-Llama-3.1-70B-Instruct|s3
RedHatAI/Meta-Llama-3.1-70B-Instruct-FP8-dynamic,llama-3.1,Meta-Llama-3.1-70B-Instruct,fp8_dynamic,humaneval,79.7,0.3,0.02935309997861646,-5.562378881168522,5.621085081125756,-0.38992110453648915,-0.6063157894736841,True,Meta-Llama-3.1-70B-Instruct|s3
RedHatAI/Meta-Llama-3.1-70B-Instruct-FP8-dynamic,llama-3.1,Meta-Llama-3.1-70B-Instruct,fp8_dynamic,humaneval_plus,74.8,0.2,0.6380663654049819,-5.397530670953539,6.673663401763503,-0.38992110453648915,0.39999999999999997,True,Meta-Llama-3.1-70B-Instruct|s3
RedHatAI/Meta-Llama-3.1-70B-Instruct-FP8,llama-3.1,Meta-Llama-3.1-70B-Instruct,fp8,mmlu,83.83,-0.1,-0.20341926087707224,-0.7565545288222191,0.34971600706807454,-0.38992110453648915,-0.5357575757575758,True,Meta-Llama-3.1-70B-Instruct|s3
RedHatAI/Meta-Llama-3.1-70B-Instruct-FP8,llama-3.1,Meta-Llama-3.1-70B-Instruct,fp8,mmlu_cot,86.01,-0.57,-0.4044348769084216,-0.9255815120737689,0.1167117582569257,-0.38992110453648915,-0.64625,True,Meta-Llama-3.1-70B-Instruct|s3
RedHatAI/Meta-Llama-3.1-70B-Instruct-FP8,llama-3.1,Meta-Llama-3.1-70B-Instruct,fp8,arc_challenge,93.26,-0.34,-0.11269747954389953,-1.4164793547234185,1.1910843956356194,-0.38992110453648915,-0.3884848484848485,True,Meta-Llama-3.1-70B-Instruct|s3
RedHatAI/Meta-Llama-3.1-70B-Instruct-FP8,llama-3.1,Meta-Llama-3.1-70B-Instruct,fp8,gsm8k,94.92,-0.38,-0.4291181667231246,-1.505532357152129,0.64729602370588,-0.38992110453648915,-0.7792307692307692,True,Meta-Llama-3.1-70B-Instruct|s3
RedHatAI/Meta-Llama-3.1-70B-Instruct-FP8,llama-3.1,Meta-Llama-3.1-70B-Instruct,fp8,hellaswag,86.75,-0.11,0.054457438568989824,-0.5478575402511074,0.656772417389087,-0.38992110453648915,-0.2317910447761194,True,Meta-Llama-3.1-70B-Instruct|s3
RedHatAI/Meta-Llama-3.1-70B-Instruct-FP8,llama-3.1,Meta-Llama-3.1-70B-Instruct,fp8,winogrande,85.32,0.63,0.040632654544453195,-1.729440579733005,1.8107058888219116,-0.38992110453648915,-0.24184615384615382,True,Meta-Llama-3.1-70B-Instruct|s3
RedHatAI/Meta-Llama-3.1-70B-Instruct-FP8,llama-3.1,Meta-Llama-3.1-70B-Instruct,fp8,truthfulqa,60.68,0.16,0.1641385623459084,-2.8782144408818433,3.20649156557366,-0.38992110453648915,-0.1234375,True,Meta-Llama-3.1-70B-Instruct|s3
RedHatAI/Meta-Llama-3.1-70B-Instruct-quantized.w4a16,llama-3.1,Meta-Llama-3.1-70B-Instruct,w4a16,arena_hard,57.0,0.0,-0.30981346664999365,-4.251460620682895,3.6318336873829082,-0.38992110453648915,-0.38992110453648915,True,Meta-Llama-3.1-70B-Instruct|s3
RedHatAI/Meta-Llama-3.1-70B-Instruct-quantized.w4a16,llama-3.1,Meta-Llama-3.1-70B-Instruct,w4a16,mmlu,83.9,-0.3,-0.5241557432233925,-1.076322842041869,0.02801135559508383,-0.38992110453648915,-0.5357575757575758,True,Meta-Llama-3.1-70B-Instruct|s3
RedHatAI/Meta-Llama-3.1-70B-Instruct-quantized.w4a16,llama-3.1,Meta-Llama-3.1-70B-Instruct,w4a16,mmlu_cot,86.2,-0.6,-0.7252208647443268,-1.2433879029743786,-0.20705382651427495,-0.38992110453648915,-0.64625,True,Meta-Llama-3.1-70B-Instruct|s3
RedHatAI/Meta-Llama-3.1-70B-Instruct-quantized.w4a16,llama-3.1,Meta-Llama-3.1-70B-Instruct,w4a16,arc_challenge,93.3,-0.5,-0.43360175595607753,-1.733787825768529,0.8665843138563741,-0.38992110453648915,-0.3884848484848485,True,Meta-Llama-3.1-70B-Instruct|s3
RedHatAI/Meta-Llama-3.1-70B-Instruct-quantized.w4a16,llama-3.1,Meta-Llama-3.1-70B-Instruct,w4a16,gsm8k,95.4,-1.0,-0.7523133118069608,-1.7791982803473059,0.27457165673338413,-0.38992110453648915,-0.7792307692307692,True,Meta-Llama-3.1-70B-Instruct|s3
RedHatAI/Meta-Llama-3.1-70B-Instruct-quantized.w4a16,llama-3.1,Meta-Llama-3.1-70B-Instruct,w4a16,hellaswag,86.7,-0.4,-0.2662462751241327,-0.8695226971360429,0.33703014688777755,-0.38992110453648915,-0.2317910447761194,True,Meta-Llama-3.1-70B-Instruct|s3
RedHatAI/Meta-Llama-3.1-70B-Instruct-quantized.w4a16,llama-3.1,Meta-Llama-3.1-70B-Instruct,w4a16,winogrande,85.3,0.2,-0.28005645428906234,-2.051127433802494,1.4910145252243692,-0.38992110453648915,-0.24184615384615382,True,Meta-Llama-3.1-70B-Instruct|s3
RedHatAI/Meta-Llama-3.1-70B-Instruct-quantized.w4a16,llama-3.1,Meta-Llama-3.1-70B-Instruct,w4a16,truthfulqa,60.7,-0.9,-0.15657176811664678,-3.1986521388087388,2.8855086025754453,-0.38992110453648915,-0.1234375,True,Meta-Llama-3.1-70B-Instruct|s3
RedHatAI/Meta-Llama-3.1-70B-Instruct-quantized.w4a16,llama-3.1,Meta-Llama-3.1-70B-Instruct,w4a16,mmlu_pro,48.1,-0.8,-1.6239432097948645,-2.434863928856376,-0.8130224907333534,-0.38992110453648915,-1.875,False,Meta-Llama-3.1-70B-Instruct|s3
RedHatAI/Meta-Llama-3.1-70B-Instruct-quantized.w4a16,llama-3.1,Meta-Llama-3.1-70B-Instruct,w4a16,ifeval,86.4,-0.7,-0.18077902282748629,-2.8045068666475625,2.44294882099259,-0.38992110453648915,-0.20142857142857143,True,Meta-Llama-3.1-70B-Instruct|s3
RedHatAI/Meta-Llama-3.1-70B-Instruct-quantized.w4a16,llama-3.1,Meta-Llama-3.1-70B-Instruct,w4a16,bbh,55.8,-0.8,-0.8982605691203704,-1.9939701970582233,0.19744905881748243,-0.38992110453648915,-1.04,True,Meta-Llama-3.1-70B-Instruct|s3
RedHatAI/Meta-Llama-3.1-70B-Instruct-quantized.w4a16,llama-3.1,Meta-Llama-3.1-70B-Instruct,w4a16,humaneval,79.7,0.8,-0.4612333535820647,-6.052965334729204,5.130498627565074,-0.38992110453648915,-0.6063157894736841,True,Meta-Llama-3.1-70B-Instruct|s3
RedHatAI/Meta-Llama-3.1-70B-Instruct-quantized.w4a16,llama-3.1,Meta-Llama-3.1-70B-Instruct,w4a16,humaneval_plus,74.8,-0.6,0.14747991184430054,-5.8881171245142205,6.183076948202821,-0.38992110453648915,0.39999999999999997,True,Meta-Llama-3.1-70B-Instruct|s3
RedHatAI/Meta-Llama-3.1-70B-Instruct-quantized.w8a16,llama-3.1,Meta-Llama-3.1-70B-Instruct,w8a16,mmlu,83.94,-2.57,0.13849824044320125,-0.4131139557220965,0.690110436608499,-0.38992110453648915,-0.5357575757575758,False,Meta-Llama-3.1-70B-Instruct|s3
RedHatAI/Meta-Llama-3.1-70B-Instruct-quantized.w8a16,llama-3.1,Meta-Llama-3.1-70B-Instruct,w8a16,mmlu_cot,86.23,-2.37,-0.0625717464914246,-0.5802653156266055,0.45512182264375634,-0.38992110453648915,-0.64625,False,Meta-Llama-3.1-70B-Instruct|s3
RedHatAI/Meta-Llama-3.1-70B-Instruct-quantized.w8a16,llama-3.1,Meta-Llama-3.1-70B-Instruct,w8a16,arc_challenge,93.34,-1.02,0.22888069025105695,-1.0676962648379933,1.5254576453401072,-0.38992110453648915,-0.3884848484848485,True,Meta-Llama-3.1-70B-Instruct|s3
RedHatAI/Meta-Llama-3.1-70B-Instruct-quantized.w8a16,llama-3.1,Meta-Llama-3.1-70B-Instruct,w8a16,gsm8k,95.38,-3.04,-0.0895489909258314,-1.1185560175431104,0.9394580356914477,-0.38992110453648915,-0.7792307692307692,False,Meta-Llama-3.1-70B-Instruct|s3
RedHatAI/Meta-Llama-3.1-70B-Instruct-quantized.w8a16,llama-3.1,Meta-Llama-3.1-70B-Instruct,w8a16,hellaswag,86.66,-0.65,0.396432226121598,-0.2076113081089359,1.000475760352132,-0.38992110453648915,-0.2317910447761194,False,Meta-Llama-3.1-70B-Instruct|s3
RedHatAI/Meta-Llama-3.1-70B-Instruct-quantized.w8a16,llama-3.1,Meta-Llama-3.1-70B-Instruct,w8a16,winogrande,85.32,0.24,0.38256199780686195,-1.3875112364705964,2.1526352320843203,-0.38992110453648915,-0.24184615384615382,True,Meta-Llama-3.1-70B-Instruct|s3
RedHatAI/Meta-Llama-3.1-70B-Instruct-quantized.w8a16,llama-3.1,Meta-Llama-3.1-70B-Instruct,w8a16,truthfulqa,60.65,-1.26,0.5060397232428728,-2.5367212267754695,3.5488006732612147,-0.38992110453648915,-0.1234375,True,Meta-Llama-3.1-70B-Instruct|s3
RedHatAI/Meta-Llama-3.1-70B-Instruct-quantized.w8a8,llama-3.1,Meta-Llama-3.1-70B-Instruct,w8a8_int,arena_hard,57.0,-0.7,0.37748402492892685,-3.564163129103975,4.319131178961829,-0.38992110453648915,-0.38992110453648915,True,Meta-Llama-3.1-70B-Instruct|s3
RedHatAI/Meta-Llama-3.1-70B-Instruct-quantized.w8a8,llama-3.1,Meta-Llama-3.1-70B-Instruct,w8a8_int,mmlu,83.9,-0.2,0.16314174835552797,-0.3890253504629484,0.7153088471740043,-0.38992110453648915,-0.5357575757575758,True,Meta-Llama-3.1-70B-Instruct|s3
RedHatAI/Meta-Llama-3.1-70B-Instruct-quantized.w8a8,llama-3.1,Meta-Llama-3.1-70B-Instruct,w8a8_int,mmlu_cot,86.2,-0.4,-0.03792337316540623,-0.5560904113954581,0.4802436650646456,-0.38992110453648915,-0.64625,True,Meta-Llama-3.1-70B-Instruct|s3
RedHatAI/Meta-Llama-3.1-70B-Instruct-quantized.w8a8,llama-3.1,Meta-Llama-3.1-70B-Instruct,w8a8_int,arc_challenge,93.3,-0.2,0.2536957356228431,-1.0464903341896086,1.5538818054352947,-0.38992110453648915,-0.3884848484848485,True,Meta-Llama-3.1-70B-Instruct|s3
RedHatAI/Meta-Llama-3.1-70B-Instruct-quantized.w8a8,llama-3.1,Meta-Llama-3.1-70B-Instruct,w8a8_int,gsm8k,95.4,-1.2,-0.06501582022804031,-1.0919007887683851,0.9618691483123046,-0.38992110453648915,-0.7792307692307692,False,Meta-Llama-3.1-70B-Instruct|s3
RedHatAI/Meta-Llama-3.1-70B-Instruct-quantized.w8a8,llama-3.1,Meta-Llama-3.1-70B-Instruct,w8a8_int,hellaswag,86.7,0.0,0.4210512164547878,-0.1822252055571224,1.0243276384666982,-0.38992110453648915,-0.2317910447761194,True,Meta-Llama-3.1-70B-Instruct|s3
RedHatAI/Meta-Llama-3.1-70B-Instruct-quantized.w8a8,llama-3.1,Meta-Llama-3.1-70B-Instruct,w8a8_int,winogrande,85.1,0.2,0.4076364705674429,-1.3733503190759246,2.1886232602108104,-0.38992110453648915,-0.24184615384615382,True,Meta-Llama-3.1-70B-Instruct|s3
RedHatAI/Meta-Llama-3.1-70B-Instruct-quantized.w8a8,llama-3.1,Meta-Llama-3.1-70B-Instruct,w8a8_int,truthfulqa,60.7,0.7,0.5307257234622738,-2.511354647229818,3.572806094154366,-0.38992110453648915,-0.1234375,True,Meta-Llama-3.1-70B-Instruct|s3
RedHatAI/Meta-Llama-3.1-70B-Instruct-quantized.w8a8,llama-3.1,Meta-Llama-3.1-70B-Instruct,w8a8_int,mmlu_pro,48.1,-1.0,-0.9366457182159437,-1.7475664372774546,-0.12572499915443258,-0.38992110453648915,-1.875,True,Meta-Llama-3.1-70B-Instruct|s3
RedHatAI/Meta-Llama-3.1-70B-Instruct-quantized.w8a8,llama-3.1,Meta-Llama-3.1-70B-Instruct,w8a8_int,ifeval,86.4,0.2,0.5065184687514342,-2.117209375068642,3.1302463125715105,-0.38992110453648915,-0.20142857142857143,True,Meta-Llama-3.1-70B-Instruct|s3
RedHatAI/Meta-Llama-3.1-70B-Instruct-quantized.w8a8,llama-3.1,Meta-Llama-3.1-70B-Instruct,w8a8_int,bbh,55.8,-0.6,-0.21096307754144977,-1.3066727054793026,0.8847465503964032,-0.38992110453648915,-1.04,True,Meta-Llama-3.1-70B-Instruct|s3
RedHatAI/Meta-Llama-3.1-70B-Instruct-quantized.w8a8,llama-3.1,Meta-Llama-3.1-70B-Instruct,w8a8_int,humaneval,79.7,-1.0,0.22606413799685587,-5.365667843150283,5.817796119143995,-0.38992110453648915,-0.6063157894736841,True,Meta-Llama-3.1-70B-Instruct|s3
RedHatAI/Meta-Llama-3.1-70B-Instruct-quantized.w8a8,llama-3.1,Meta-Llama-3.1-70B-Instruct,w8a8_int,humaneval_plus,74.8,-0.8,0.8347774034232209,-5.2008196329353,6.870374439781742,-0.38992110453648915,0.39999999999999997,True,Meta-Llama-3.1-70B-Instruct|s3
RedHatAI/Meta-Llama-3.1-70B-Instruct-FP8-dynamic,llama-3.1,Meta-Llama-3.1-70B-Instruct,fp8_dynamic,arena_hard,57.0,0.9,-0.020843565545917486,-4.086566957742953,4.044879826651117,-0.35944954128440365,-0.03333333333333336,True,Meta-Llama-3.1-70B-Instruct|s4
RedHatAI/Meta-Llama-3.1-70B-Instruct-FP8-dynamic,llama-3.1,Meta-Llama-3.1-70B-Instruct,fp8_dynamic,mmlu,83.8,0.0,-0.25303138788263796,-0.8240052231352806,0.3179424473700046,-0.35944954128440365,-0.5140298507462686,True,Meta-Llama-3.1-70B-Instruct|s4
RedHatAI/Meta-Llama-3.1-70B-Instruct-FP8-dynamic,llama-3.1,Meta-Llama-3.1-70B-Instruct,fp8_dynamic,mmlu_cot,86.0,-0.5,-0.2723241539046436,-0.810036408327726,0.26538810051843886,-0.35944954128440365,-0.385,True,Meta-Llama-3.1-70B-Instruct|s4
RedHatAI/Meta-Llama-3.1-70B-Instruct-FP8-dynamic,llama-3.1,Meta-Llama-3.1-70B-Instruct,fp8_dynamic,arc_challenge,93.3,0.2,-0.08592724192737905,-1.4270409214805153,1.255186437625757,-0.35944954128440365,-0.35815384615384616,True,Meta-Llama-3.1-70B-Instruct|s4
RedHatAI/Meta-Llama-3.1-70B-Instruct-FP8-dynamic,llama-3.1,Meta-Llama-3.1-70B-Instruct,fp8_dynamic,gsm8k,94.9,-0.4,-0.315042556900564,-1.4274066756949086,0.7973215618937808,-0.35944954128440365,-0.6269230769230769,True,Meta-Llama-3.1-70B-Instruct|s4
RedHatAI/Meta-Llama-3.1-70B-Instruct-FP8-dynamic,llama-3.1,Meta-Llama-3.1-70B-Instruct,fp8_dynamic,hellaswag,86.8,-0.2,-0.0309712889901973,-0.6512514553447802,0.5893088773643856,-0.35944954128440365,-0.2508695652173913,True,Meta-Llama-3.1-70B-Instruct|s4
RedHatAI/Meta-Llama-3.1-70B-Instruct-FP8-dynamic,llama-3.1,Meta-Llama-3.1-70B-Instruct,fp8_dynamic,winogrande,85.3,-0.7,0.0164300927601716,-1.810391139394433,1.843251324914776,-0.35944954128440365,-0.1960294117647059,True,Meta-Llama-3.1-70B-Instruct|s4
RedHatAI/Meta-Llama-3.1-70B-Instruct-FP8-dynamic,llama-3.1,Meta-Llama-3.1-70B-Instruct,fp8_dynamic,truthfulqa,60.7,-0.1,-0.03388571972648485,-3.171725521397131,3.1039540819441616,-0.35944954128440365,-0.2280597014925373,True,Meta-Llama-3.1-70B-Instruct|s4
RedHatAI/Meta-Llama-3.1-70B-Instruct-FP8-dynamic,llama-3.1,Meta-Llama-3.1-70B-Instruct,fp8_dynamic,mmlu_pro,48.1,-0.4,-0.6284079073231399,-1.4648550087163525,0.20803919407007265,-0.35944954128440365,-0.9636363636363637,True,Meta-Llama-3.1-70B-Instruct|s4
RedHatAI/Meta-Llama-3.1-70B-Instruct-FP8-dynamic,llama-3.1,Meta-Llama-3.1-70B-Instruct,fp8_dynamic,ifeval,86.4,1.2,-0.017996356928948687,-2.72431461742156,2.6883219035636623,-0.35944954128440365,-0.3068421052631579,True,Meta-Llama-3.1-70B-Instruct|s4
RedHatAI/Meta-Llama-3.1-70B-Instruct-FP8-dynamic,llama-3.1,Meta-Llama-3.1-70B-Instruct,fp8_dynamic,bbh,55.8,-0.9,-0.39047933326450696,-1.5206800060478256,0.7397213395188118,-0.35944954128440365,-0.6947619047619048,True,Meta-Llama-3.1-70B-Instruct|s4
RedHatAI/Meta-Llama-3.1-70B-Instruct-FP8-dynamic,llama-3.1,Meta-Llama-3.1-70B-Instruct,fp8_dynamic,humaneval,79.7,0.3,0.00813669720957727,-5.759613339823906,5.775886734243061,-0.35944954128440365,-0.28458333333333335,True,Meta-Llama-3.1-70B-Instruct|s4
RedHatAI/Meta-Llama-3.1-70B-Instruct-FP8-dynamic,llama-3.1,Meta-Llama-3.1-70B-Instruct,fp8_dynamic,humaneval_plus,74.8,0.2,0.15048728970653863,-6.075099907130895,6.376074486543972,-0.35944954128440365,0.05833333333333333,True,Meta-Llama-3.1-70B-Instruct|s4
RedHatAI/Meta-Llama-3.1-70B-Instruct-FP8,llama-3.1,Meta-Llama-3.1-70B-Instruct,fp8,mmlu,83.83,-0.1,-0.41578173742571534,-0.9863287473560177,0.15476527250458705,-0.35944954128440365,-0.5140298507462686,True,Meta-Llama-3.1-70B-Instruct|s4
RedHatAI/Meta-Llama-3.1-70B-Instruct-FP8,llama-3.1,Meta-Llama-3.1-70B-Instruct,fp8,mmlu_cot,86.01,-0.57,-0.43515871809300594,-0.9727101483849423,0.10239271219893048,-0.35944954128440365,-0.385,True,Meta-Llama-3.1-70B-Instruct|s4
RedHatAI/Meta-Llama-3.1-70B-Instruct-FP8,llama-3.1,Meta-Llama-3.1-70B-Instruct,fp8,arc_challenge,93.26,-0.34,-0.24889841054530426,-1.5937210852021029,1.0959242641114944,-0.35944954128440365,-0.35815384615384616,True,Meta-Llama-3.1-70B-Instruct|s4
RedHatAI/Meta-Llama-3.1-70B-Instruct-FP8,llama-3.1,Meta-Llama-3.1-70B-Instruct,fp8,gsm8k,94.92,-0.38,-0.4778822680593022,-1.5881801163185802,0.6324155801999758,-0.35944954128440365,-0.6269230769230769,True,Meta-Llama-3.1-70B-Instruct|s4
RedHatAI/Meta-Llama-3.1-70B-Instruct-FP8,llama-3.1,Meta-Llama-3.1-70B-Instruct,fp8,hellaswag,86.75,-0.11,-0.19407906573511305,-0.8153538788177581,0.4271957473475321,-0.35944954128440365,-0.2508695652173913,True,Meta-Llama-3.1-70B-Instruct|s4
RedHatAI/Meta-Llama-3.1-70B-Instruct-FP8,llama-3.1,Meta-Llama-3.1-70B-Instruct,fp8,winogrande,85.32,0.63,-0.14639265829406228,-1.972184737917548,1.6793994213294234,-0.35944954128440365,-0.1960294117647059,True,Meta-Llama-3.1-70B-Instruct|s4
RedHatAI/Meta-Llama-3.1-70B-Instruct-FP8,llama-3.1,Meta-Llama-3.1-70B-Instruct,fp8,truthfulqa,60.68,0.16,-0.1967810884954117,-3.3349021047026177,2.9413399277117946,-0.35944954128440365,-0.2280597014925373,True,Meta-Llama-3.1-70B-Instruct|s4
RedHatAI/Meta-Llama-3.1-70B-Instruct-quantized.w4a16,llama-3.1,Meta-Llama-3.1-70B-Instruct,w4a16,arena_hard,57.0,0.0,-0.25739665884194013,-4.323120051038975,3.808326733355095,-0.35944954128440365,-0.03333333333333336,True,Meta-Llama-3.1-70B-Instruct|s4
RedHatAI/Meta-Llama-3.1-70B-Instruct-quantized.w4a16,llama-3.1,Meta-Llama-3.1-70B-Instruct,w4a16,mmlu,83.9,-0.3,-0.4891501069080096,-1.0586984714212864,0.08039825760526725,-0.35944954128440365,-0.5140298507462686,True,Meta-Llama-3.1-70B-Instruct|s4
RedHatAI/Meta-Llama-3.1-70B-Instruct-quantized.w4a16,llama-3.1,Meta-Llama-3.1-70B-Instruct,w4a16,mmlu_cot,86.2,-0.6,-0.5079556701891557,-1.042433710985344,0.026522370607032775,-0.35944954128440365,-0.385,True,Meta-Llama-3.1-70B-Instruct|s4
RedHatAI/Meta-Llama-3.1-70B-Instruct-quantized.w4a16,llama-3.1,Meta-Llama-3.1-70B-Instruct,w4a16,arc_challenge,93.3,-0.5,-0.32248033522340175,-1.663594014776538,1.0186333443297344,-0.35944954128440365,-0.35815384615384616,True,Meta-Llama-3.1-70B-Instruct|s4
RedHatAI/Meta-Llama-3.1-70B-Instruct-quantized.w4a16,llama-3.1,Meta-Llama-3.1-70B-Instruct,w4a16,gsm8k,95.4,-1.0,-0.5506240706048435,-1.6098336026955862,0.5085854614858991,-0.35944954128440365,-0.6269230769230769,True,Meta-Llama-3.1-70B-Instruct|s4
RedHatAI/Meta-Llama-3.1-70B-Instruct-quantized.w4a16,llama-3.1,Meta-Llama-3.1-70B-Instruct,w4a16,hellaswag,86.7,-0.4,-0.2679786088693683,-0.89024512971338,0.3542879119746434,-0.35944954128440365,-0.2508695652173913,True,Meta-Llama-3.1-70B-Instruct|s4
RedHatAI/Meta-Llama-3.1-70B-Instruct-quantized.w4a16,llama-3.1,Meta-Llama-3.1-70B-Instruct,w4a16,winogrande,85.3,0.2,-0.2201230005358511,-2.0469442326904557,1.6066982316187532,-0.35944954128440365,-0.1960294117647059,True,Meta-Llama-3.1-70B-Instruct|s4
RedHatAI/Meta-Llama-3.1-70B-Instruct-quantized.w4a16,llama-3.1,Meta-Llama-3.1-70B-Instruct,w4a16,truthfulqa,60.7,-0.9,-0.2704388130225075,-3.408278614693154,2.867400988648139,-0.35944954128440365,-0.2280597014925373,True,Meta-Llama-3.1-70B-Instruct|s4
RedHatAI/Meta-Llama-3.1-70B-Instruct-quantized.w4a16,llama-3.1,Meta-Llama-3.1-70B-Instruct,w4a16,mmlu_pro,48.1,-0.8,-0.8649610006191626,-1.7014081020123752,-0.028513899225950046,-0.35944954128440365,-0.9636363636363637,True,Meta-Llama-3.1-70B-Instruct|s4
RedHatAI/Meta-Llama-3.1-70B-Instruct-quantized.w4a16,llama-3.1,Meta-Llama-3.1-70B-Instruct,w4a16,ifeval,86.4,-0.7,-0.2545494502249714,-2.9608677107175825,2.4517688102676396,-0.35944954128440365,-0.3068421052631579,True,Meta-Llama-3.1-70B-Instruct|s4
RedHatAI/Meta-Llama-3.1-70B-Instruct-quantized.w4a16,llama-3.1,Meta-Llama-3.1-70B-Instruct,w4a16,bbh,55.8,-0.8,-0.6270324265605298,-1.7572330993438485,0.5031682462227889,-0.35944954128440365,-0.6947619047619048,True,Meta-Llama-3.1-70B-Instruct|s4
RedHatAI/Meta-Llama-3.1-70B-Instruct-quantized.w4a16,llama-3.1,Meta-Llama-3.1-70B-Instruct,w4a16,humaneval,79.7,0.8,-0.22841639608644537,-5.996166433119929,5.539333640947038,-0.35944954128440365,-0.28458333333333335,True,Meta-Llama-3.1-70B-Instruct|s4
RedHatAI/Meta-Llama-3.1-70B-Instruct-quantized.w4a16,llama-3.1,Meta-Llama-3.1-70B-Instruct,w4a16,humaneval_plus,74.8,-0.6,-0.08606580358948396,-6.311653000426918,6.139521393247949,-0.35944954128440365,0.05833333333333333,True,Meta-Llama-3.1-70B-Instruct|s4
RedHatAI/Meta-Llama-3.1-70B-Instruct-quantized.w8a16,llama-3.1,Meta-Llama-3.1-70B-Instruct,w8a16,mmlu,83.94,-2.57,-0.0033051281660964604,-0.5722811226499778,0.565670866317785,-0.35944954128440365,-0.5140298507462686,False,Meta-Llama-3.1-70B-Instruct|s4
RedHatAI/Meta-Llama-3.1-70B-Instruct-quantized.w8a16,llama-3.1,Meta-Llama-3.1-70B-Instruct,w8a16,mmlu_cot,86.23,-2.37,-0.022146151161326566,-0.5561358188740619,0.5118435165514088,-0.35944954128440365,-0.385,False,Meta-Llama-3.1-70B-Instruct|s4
RedHatAI/Meta-Llama-3.1-70B-Instruct-quantized.w8a16,llama-3.1,Meta-Llama-3.1-70B-Instruct,w8a16,arc_challenge,93.34,-1.02,0.16328081823491908,-1.1741101379026921,1.5006717743725302,-0.35944954128440365,-0.35815384615384616,True,Meta-Llama-3.1-70B-Instruct|s4
RedHatAI/Meta-Llama-3.1-70B-Instruct-quantized.w8a16,llama-3.1,Meta-Llama-3.1-70B-Instruct,w8a16,gsm8k,95.38,-3.04,-0.06498995716275036,-1.1263883460501152,0.9964084317246145,-0.35944954128440365,-0.6269230769230769,False,Meta-Llama-3.1-70B-Instruct|s4
RedHatAI/Meta-Llama-3.1-70B-Instruct-quantized.w8a16,llama-3.1,Meta-Llama-3.1-70B-Instruct,w8a16,hellaswag,86.66,-0.65,0.2175108797717656,-0.40554690065734295,0.8405686602008742,-0.35944954128440365,-0.2508695652173913,False,Meta-Llama-3.1-70B-Instruct|s4
RedHatAI/Meta-Llama-3.1-70B-Instruct-quantized.w8a16,llama-3.1,Meta-Llama-3.1-70B-Instruct,w8a16,winogrande,85.32,0.24,0.2656056745638206,-1.560186405059665,2.091397754187306,-0.35944954128440365,-0.1960294117647059,True,Meta-Llama-3.1-70B-Instruct|s4
RedHatAI/Meta-Llama-3.1-70B-Instruct-quantized.w8a16,llama-3.1,Meta-Llama-3.1-70B-Instruct,w8a16,truthfulqa,60.65,-1.26,0.21519506392588855,-2.9233467405316254,3.3537368683834026,-0.35944954128440365,-0.2280597014925373,True,Meta-Llama-3.1-70B-Instruct|s4
RedHatAI/Meta-Llama-3.1-70B-Instruct-quantized.w8a8,llama-3.1,Meta-Llama-3.1-70B-Instruct,w8a8_int,arena_hard,57.0,-0.7,0.09752995611928017,-3.9681934360777547,4.163253348316315,-0.35944954128440365,-0.03333333333333336,True,Meta-Llama-3.1-70B-Instruct|s4
RedHatAI/Meta-Llama-3.1-70B-Instruct-quantized.w8a8,llama-3.1,Meta-Llama-3.1-70B-Instruct,w8a8_int,mmlu,83.9,-0.2,-0.13422349194678923,-0.7037718564600661,0.4353248725664876,-0.35944954128440365,-0.5140298507462686,True,Meta-Llama-3.1-70B-Instruct|s4
RedHatAI/Meta-Llama-3.1-70B-Instruct-quantized.w8a8,llama-3.1,Meta-Llama-3.1-70B-Instruct,w8a8_int,mmlu_cot,86.2,-0.4,-0.15302905522793522,-0.6875070960241236,0.38144898556825324,-0.35944954128440365,-0.385,True,Meta-Llama-3.1-70B-Instruct|s4
RedHatAI/Meta-Llama-3.1-70B-Instruct-quantized.w8a8,llama-3.1,Meta-Llama-3.1-70B-Instruct,w8a8_int,arc_challenge,93.3,-0.2,0.03244627973781855,-1.3086673998153175,1.3735599592909549,-0.35944954128440365,-0.35815384615384616,True,Meta-Llama-3.1-70B-Instruct|s4
RedHatAI/Meta-Llama-3.1-70B-Instruct-quantized.w8a8,llama-3.1,Meta-Llama-3.1-70B-Instruct,w8a8_int,gsm8k,95.4,-1.2,-0.19569745564362312,-1.2549069877343657,0.8635120764471196,-0.35944954128440365,-0.6269230769230769,True,Meta-Llama-3.1-70B-Instruct|s4
RedHatAI/Meta-Llama-3.1-70B-Instruct-quantized.w8a8,llama-3.1,Meta-Llama-3.1-70B-Instruct,w8a8_int,hellaswag,86.7,0.0,0.08694800609185199,-0.5353185147521597,0.7092145269358636,-0.35944954128440365,-0.2508695652173913,True,Meta-Llama-3.1-70B-Instruct|s4
RedHatAI/Meta-Llama-3.1-70B-Instruct-quantized.w8a8,llama-3.1,Meta-Llama-3.1-70B-Instruct,w8a8_int,winogrande,85.1,0.2,0.13422632985552724,-1.702822844989639,1.9712755047006936,-0.35944954128440365,-0.1960294117647059,True,Meta-Llama-3.1-70B-Instruct|s4
RedHatAI/Meta-Llama-3.1-70B-Instruct-quantized.w8a8,llama-3.1,Meta-Llama-3.1-70B-Instruct,w8a8_int,truthfulqa,60.7,0.7,0.0844878019387128,-3.0533519997319334,3.2223276036093593,-0.35944954128440365,-0.2280597014925373,True,Meta-Llama-3.1-70B-Instruct|s4
RedHatAI/Meta-Llama-3.1-70B-Instruct-quantized.w8a8,llama-3.1,Meta-Llama-3.1-70B-Instruct,w8a8_int,mmlu_pro,48.1,-1.0,-0.5100343856579421,-1.3464814870511548,0.3264127157352704,-0.35944954128440365,-0.9636363636363637,True,Meta-Llama-3.1-70B-Instruct|s4
RedHatAI/Meta-Llama-3.1-70B-Instruct-quantized.w8a8,llama-3.1,Meta-Llama-3.1-70B-Instruct,w8a8_int,ifeval,86.4,0.2,0.10037716473624897,-2.605941095756362,2.80669542522886,-0.35944954128440365,-0.3068421052631579,True,Meta-Llama-3.1-70B-Instruct|s4
RedHatAI/Meta-Llama-3.1-70B-Instruct-quantized.w8a8,llama-3.1,Meta-Llama-3.1-70B-Instruct,w8a8_int,bbh,55.8,-0.6,-0.27210581159930924,-1.402306484382628,0.8580948611840095,-0.35944954128440365,-0.6947619047619048,True,Meta-Llama-3.1-70B-Instruct|s4
RedHatAI/Meta-Llama-3.1-70B-Instruct-quantized.w8a8,llama-3.1,Meta-Llama-3.1-70B-Instruct,w8a8_int,humaneval,79.7,-1.0,0.12651021887477487,-5.6412398181587085,5.894260255908258,-0.35944954128440365,-0.28458333333333335,True,Meta-Llama-3.1-70B-Instruct|s4
RedHatAI/Meta-Llama-3.1-70B-Instruct-quantized.w8a8,llama-3.1,Meta-Llama-3.1-70B-Instruct,w8a8_int,humaneval_plus,74.8,-0.8,0.2688608113717363,-5.956726385465697,6.49444800820917,-0.35944954128440365,0.05833333333333333,True,Meta-Llama-3.1-70B-Instruct|s4
RedHatAI/Meta-Llama-3.1-8B-FP8,llama-3.1,Meta-Llama-3.1-8B,fp8,mmlu,65.19,-0.18,-0.4035258275407667,-1.029944682239764,0.22289302715823056,-0.32971066907775765,-0.4757142857142857,True,Meta-Llama-3.1-8B|s0
RedHatAI/Meta-Llama-3.1-8B-FP8,llama-3.1,Meta-Llama-3.1-8B,fp8,arc_challenge,78.84,-1.11,-0.25075264844133793,-2.1098585820643088,1.6083532851816331,-0.32971066907775765,-0.36,True,Meta-Llama-3.1-8B|s0
RedHatAI/Meta-Llama-3.1-8B-FP8,llama-3.1,Meta-Llama-3.1-8B,fp8,gsm8k,50.34,-1.52,-0.313528960809493,-2.4587614654536067,1.8317035438346205,-0.32971066907775765,-0.37515624999999997,True,Meta-Llama-3.1-8B|s0
RedHatAI/Meta-Llama-3.1-8B-FP8,llama-3.1,Meta-Llama-3.1-8B,fp8,hellaswag,82.33,-0.37,-0.1088773858992772,-0.7019720642773193,0.4842172924787649,-0.32971066907775765,-0.1765151515151515,True,Meta-Llama-3.1-8B|s0
RedHatAI/Meta-Llama-3.1-8B-FP8,llama-3.1,Meta-Llama-3.1-8B,fp8,winogrande,77.98,0.08,-0.17030821537781085,-1.9843561914422165,1.6437397606865949,-0.32971066907775765,-0.2359375,True,Meta-Llama-3.1-8B|s0
RedHatAI/Meta-Llama-3.1-8B-FP8,llama-3.1,Meta-Llama-3.1-8B,fp8,truthfulqa,44.14,-0.31,-0.02559625365124918,-2.732622117413753,2.681429610111255,-0.32971066907775765,-0.08121212121212122,True,Meta-Llama-3.1-8B|s0
RedHatAI/Meta-Llama-3.1-8B-quantized.w8a16,llama-3.1,Meta-Llama-3.1-8B,w8a16,mmlu,65.07,0.37,-0.20808956032111864,-0.8350094019077523,0.4188302812655151,-0.32971066907775765,-0.4757142857142857,True,Meta-Llama-3.1-8B|s0
RedHatAI/Meta-Llama-3.1-8B-quantized.w8a16,llama-3.1,Meta-Llama-3.1-8B,w8a16,arc_challenge,58.11,0.51,-0.09219000574881472,-2.3378997085332966,2.153519697035667,-0.32971066907775765,-0.36,True,Meta-Llama-3.1-8B|s0
RedHatAI/Meta-Llama-3.1-8B-quantized.w8a16,llama-3.1,Meta-Llama-3.1-8B,w8a16,gsm8k,50.64,-0.98,-0.11811091211906724,-2.263217267549872,2.026995443311738,-0.32971066907775765,-0.37515624999999997,True,Meta-Llama-3.1-8B|s0
RedHatAI/Meta-Llama-3.1-8B-quantized.w8a16,llama-3.1,Meta-Llama-3.1-8B,w8a16,hellaswag,82.3,-0.09,0.0866318447402823,-0.5068579364711215,0.6801216259516861,-0.32971066907775765,-0.1765151515151515,True,Meta-Llama-3.1-8B|s0
RedHatAI/Meta-Llama-3.1-8B-quantized.w8a16,llama-3.1,Meta-Llama-3.1-8B,w8a16,winogrande,77.9,0.16,0.025088369587258463,-1.7913194446592162,1.8414961838337334,-0.32971066907775765,-0.2359375,True,Meta-Llama-3.1-8B|s0
RedHatAI/Meta-Llama-3.1-8B-quantized.w8a16,llama-3.1,Meta-Llama-3.1-8B,w8a16,truthfulqa,44.15,-0.54,0.17003032400451001,-2.5370598205010055,2.8771204685100256,-0.32971066907775765,-0.08121212121212122,True,Meta-Llama-3.1-8B|s0
RedHatAI/Meta-Llama-3.1-8B-quantized.w8a8,llama-3.1,Meta-Llama-3.1-8B,w8a8_int,mmlu,65.07,-0.12,-0.30848231042288593,-0.9354021520095197,0.3184375311637478,-0.32971066907775765,-0.4757142857142857,True,Meta-Llama-3.1-8B|s0
RedHatAI/Meta-Llama-3.1-8B-quantized.w8a8,llama-3.1,Meta-Llama-3.1-8B,w8a8_int,arc_challenge,58.11,0.51,-0.19258275585058204,-2.438292458635064,2.0531269469339,-0.32971066907775765,-0.36,True,Meta-Llama-3.1-8B|s0
RedHatAI/Meta-Llama-3.1-8B-quantized.w8a8,llama-3.1,Meta-Llama-3.1-8B,w8a8_int,gsm8k,50.64,-1.13,-0.21850366222083456,-2.3636100176516397,1.9266026932099705,-0.32971066907775765,-0.37515624999999997,True,Meta-Llama-3.1-8B|s0
RedHatAI/Meta-Llama-3.1-8B-quantized.w8a8,llama-3.1,Meta-Llama-3.1-8B,w8a8_int,hellaswag,82.3,-0.67,-0.013760905361484943,-0.6072506865728888,0.5797288758499188,-0.32971066907775765,-0.1765151515151515,False,Meta-Llama-3.1-8B|s0
RedHatAI/Meta-Llama-3.1-8B-quantized.w8a8,llama-3.1,Meta-Llama-3.1-8B,w8a8_int,winogrande,77.9,0.32,-0.07530438051450877,-1.8917121947609836,1.741103433731966,-0.32971066907775765,-0.2359375,True,Meta-Llama-3.1-8B|s0
RedHatAI/Meta-Llama-3.1-8B-quantized.w8a8,llama-3.1,Meta-Llama-3.1-8B,w8a8_int,truthfulqa,44.15,-0.79,0.06963757390274272,-2.6374525706027727,2.7767277184082584,-0.32971066907775765,-0.08121212121212122,True,Meta-Llama-3.1-8B|s0
RedHatAI/Meta-Llama-3.1-8B-FP8,llama-3.1,Meta-Llama-3.1-8B,fp8,mmlu,65.19,-0.18,-0.4820963494754537,-1.1773800275005386,0.21318732854963124,-0.314149377593361,-0.4982758620689655,True,Meta-Llama-3.1-8B|s1
RedHatAI/Meta-Llama-3.1-8B-FP8,llama-3.1,Meta-Llama-3.1-8B,fp8,arc_challenge,78.84,-1.11,-0.35536766027850386,-2.418852821479077,1.708117500922069,-0.314149377593361,-0.3535593220338983,True,Meta-Llama-3.1-8B|s1
RedHatAI/Meta-Llama-3.1-8B-FP8,llama-3.1,Meta-Llama-3.1-8B,fp8,gsm8k,50.34,-1.52,-0.2626359136439395,-2.643702726782302,2.118430899494423,-0.314149377593361,-0.2920689655172413,True,Meta-Llama-3.1-8B|s1
RedHatAI/Meta-Llama-3.1-8B-FP8,llama-3.1,Meta-Llama-3.1-8B,fp8,hellaswag,82.33,-0.37,-0.18755039101996668,-0.8458464277794906,0.4707456457395572,-0.314149377593361,-0.14266666666666666,True,Meta-Llama-3.1-8B|s1
RedHatAI/Meta-Llama-3.1-8B-FP8,llama-3.1,Meta-Llama-3.1-8B,fp8,winogrande,77.98,0.08,-0.14489272745204174,-2.158366522901705,1.8685810679976216,-0.314149377593361,-0.10542372881355931,True,Meta-Llama-3.1-8B|s1
RedHatAI/Meta-Llama-3.1-8B-FP8,llama-3.1,Meta-Llama-3.1-8B,fp8,truthfulqa,44.14,-0.31,-0.16931059156307435,-3.17393103832505,2.835309855198901,-0.314149377593361,-0.13966101694915253,True,Meta-Llama-3.1-8B|s1
RedHatAI/Meta-Llama-3.1-8B-quantized.w8a16,llama-3.1,Meta-Llama-3.1-8B,w8a16,mmlu,65.07,0.37,-0.2049204976694632,-0.900760238149031,0.4909192428101046,-0.314149377593361,-0.4982758620689655,True,Meta-Llama-3.1-8B|s1
RedHatAI/Meta-Llama-3.1-8B-quantized.w8a16,llama-3.1,Meta-Llama-3.1-8B,w8a16,arc_challenge,58.11,0.51,-0.04707257447770585,-2.5396624609665017,2.44551731201109,-0.314149377593361,-0.3535593220338983,True,Meta-Llama-3.1-8B|s1
RedHatAI/Meta-Llama-3.1-8B-quantized.w8a16,llama-3.1,Meta-Llama-3.1-8B,w8a16,gsm8k,50.64,-0.98,0.014766759495511872,-2.3661600363232074,2.3956935553142307,-0.314149377593361,-0.2920689655172413,True,Meta-Llama-3.1-8B|s1
RedHatAI/Meta-Llama-3.1-8B-quantized.w8a16,llama-3.1,Meta-Llama-3.1-8B,w8a16,hellaswag,82.3,-0.09,0.08964433793647197,-0.5690902369499252,0.7483789128228692,-0.314149377593361,-0.14266666666666666,True,Meta-Llama-3.1-8B|s1
RedHatAI/Meta-Llama-3.1-8B-quantized.w8a16,llama-3.1,Meta-Llama-3.1-8B,w8a16,winogrande,77.9,0.16,0.13246405563013214,-1.8836290048024815,2.148557116062746,-0.314149377593361,-0.10542372881355931,True,Meta-Llama-3.1-8B|s1
RedHatAI/Meta-Llama-3.1-8B-quantized.w8a16,llama-3.1,Meta-Llama-3.1-8B,w8a16,truthfulqa,44.15,-0.54,0.10783609038527453,-2.8968557037684537,3.112527884539003,-0.314149377593361,-0.13966101694915253,True,Meta-Llama-3.1-8B|s1
RedHatAI/Meta-Llama-3.1-8B-quantized.w8a8,llama-3.1,Meta-Llama-3.1-8B,w8a8_int,mmlu,65.07,-0.12,-0.4069864721386838,-1.1028262126182515,0.288853268340884,-0.314149377593361,-0.4982758620689655,True,Meta-Llama-3.1-8B|s1
RedHatAI/Meta-Llama-3.1-8B-quantized.w8a8,llama-3.1,Meta-Llama-3.1-8B,w8a8_int,arc_challenge,58.11,0.51,-0.24913854894692639,-2.7417284354357223,2.2434513375418694,-0.314149377593361,-0.3535593220338983,True,Meta-Llama-3.1-8B|s1
RedHatAI/Meta-Llama-3.1-8B-quantized.w8a8,llama-3.1,Meta-Llama-3.1-8B,w8a8_int,gsm8k,50.64,-1.13,-0.1872992149737087,-2.5682260107924275,2.1936275808450105,-0.314149377593361,-0.2920689655172413,True,Meta-Llama-3.1-8B|s1
RedHatAI/Meta-Llama-3.1-8B-quantized.w8a8,llama-3.1,Meta-Llama-3.1-8B,w8a8_int,hellaswag,82.3,-0.67,-0.11242163653274867,-0.7711562114191459,0.5463129383536485,-0.314149377593361,-0.14266666666666666,True,Meta-Llama-3.1-8B|s1
RedHatAI/Meta-Llama-3.1-8B-quantized.w8a8,llama-3.1,Meta-Llama-3.1-8B,w8a8_int,winogrande,77.9,0.32,-0.0696019188390884,-2.085694979271702,1.9464911415935253,-0.314149377593361,-0.10542372881355931,True,Meta-Llama-3.1-8B|s1
RedHatAI/Meta-Llama-3.1-8B-quantized.w8a8,llama-3.1,Meta-Llama-3.1-8B,w8a8_int,truthfulqa,44.15,-0.79,-0.094229884083946,-3.0989216782376743,2.9104619100697824,-0.314149377593361,-0.13966101694915253,True,Meta-Llama-3.1-8B|s1
RedHatAI/Meta-Llama-3.1-8B-FP8,llama-3.1,Meta-Llama-3.1-8B,fp8,mmlu,65.19,-0.18,-0.3835068886630409,-1.3322023096734632,0.5651885323473813,-0.3291970802919708,-0.44926470588235295,True,Meta-Llama-3.1-8B|s2
RedHatAI/Meta-Llama-3.1-8B-FP8,llama-3.1,Meta-Llama-3.1-8B,fp8,arc_challenge,78.84,-1.11,-0.309062691973276,-3.1246313377301353,2.5065059537835834,-0.3291970802919708,-0.44522388059701495,True,Meta-Llama-3.1-8B|s2
RedHatAI/Meta-Llama-3.1-8B-FP8,llama-3.1,Meta-Llama-3.1-8B,fp8,gsm8k,50.34,-1.52,-0.4429125534396686,-3.6918126127083477,2.8059875058290107,-0.3291970802919708,-0.5112307692307693,True,Meta-Llama-3.1-8B|s2
RedHatAI/Meta-Llama-3.1-8B-FP8,llama-3.1,Meta-Llama-3.1-8B,fp8,hellaswag,82.33,-0.37,-0.14971854162244355,-1.0479453452732794,0.7485082620283923,-0.3291970802919708,-0.2381159420289855,True,Meta-Llama-3.1-8B|s2
RedHatAI/Meta-Llama-3.1-8B-FP8,llama-3.1,Meta-Llama-3.1-8B,fp8,winogrande,77.98,0.08,-0.07644546461127838,-2.823774979800408,2.6708840505778513,-0.3291970802919708,-0.14119402985074628,True,Meta-Llama-3.1-8B|s2
RedHatAI/Meta-Llama-3.1-8B-FP8,llama-3.1,Meta-Llama-3.1-8B,fp8,truthfulqa,44.14,-0.31,-0.13514045259582802,-4.234862263718992,3.9645813585273357,-0.3291970802919708,-0.20712121212121212,True,Meta-Llama-3.1-8B|s2
RedHatAI/Meta-Llama-3.1-8B-quantized.w8a16,llama-3.1,Meta-Llama-3.1-8B,w8a16,mmlu,65.07,0.37,-0.11155293970562027,-1.0610070926135928,0.8379012132023522,-0.3291970802919708,-0.44926470588235295,True,Meta-Llama-3.1-8B|s2
RedHatAI/Meta-Llama-3.1-8B-quantized.w8a16,llama-3.1,Meta-Llama-3.1-8B,w8a16,arc_challenge,58.11,0.51,-0.09859281540054748,-3.4996630353798714,3.3024774045787764,-0.3291970802919708,-0.44522388059701495,True,Meta-Llama-3.1-8B|s2
RedHatAI/Meta-Llama-3.1-8B-quantized.w8a16,llama-3.1,Meta-Llama-3.1-8B,w8a16,gsm8k,50.64,-0.98,-0.17089678047036982,-3.4196057899643932,3.077812229023654,-0.3291970802919708,-0.5112307692307693,True,Meta-Llama-3.1-8B|s2
RedHatAI/Meta-Llama-3.1-8B-quantized.w8a16,llama-3.1,Meta-Llama-3.1-8B,w8a16,hellaswag,82.3,-0.09,0.12236595176897141,-0.7764592250726245,1.0211911286105673,-0.3291970802919708,-0.2381159420289855,True,Meta-Llama-3.1-8B|s2
RedHatAI/Meta-Llama-3.1-8B-quantized.w8a16,llama-3.1,Meta-Llama-3.1-8B,w8a16,winogrande,77.9,0.16,0.19545218379073087,-2.555451246297129,2.946355613878591,-0.3291970802919708,-0.14119402985074628,True,Meta-Llama-3.1-8B|s2
RedHatAI/Meta-Llama-3.1-8B-quantized.w8a16,llama-3.1,Meta-Llama-3.1-8B,w8a16,truthfulqa,44.15,-0.54,0.1371323417347281,-3.962686820938596,4.236951504408052,-0.3291970802919708,-0.20712121212121212,True,Meta-Llama-3.1-8B|s2
RedHatAI/Meta-Llama-3.1-8B-quantized.w8a8,llama-3.1,Meta-Llama-3.1-8B,w8a8_int,mmlu,65.07,-0.12,-0.2584254395646166,-1.2078795924725891,0.6910287133433559,-0.3291970802919708,-0.44926470588235295,True,Meta-Llama-3.1-8B|s2
RedHatAI/Meta-Llama-3.1-8B-quantized.w8a8,llama-3.1,Meta-Llama-3.1-8B,w8a8_int,arc_challenge,58.11,0.51,-0.24546531525954385,-3.6465355352388675,3.1556049047197803,-0.3291970802919708,-0.44522388059701495,True,Meta-Llama-3.1-8B|s2
RedHatAI/Meta-Llama-3.1-8B-quantized.w8a8,llama-3.1,Meta-Llama-3.1-8B,w8a8_int,gsm8k,50.64,-1.13,-0.31776928032936613,-3.5664782898233898,2.9309397291646575,-0.3291970802919708,-0.5112307692307693,True,Meta-Llama-3.1-8B|s2
RedHatAI/Meta-Llama-3.1-8B-quantized.w8a8,llama-3.1,Meta-Llama-3.1-8B,w8a8_int,hellaswag,82.3,-0.67,-0.02450654809002495,-0.9233317249316209,0.874318628751571,-0.3291970802919708,-0.2381159420289855,True,Meta-Llama-3.1-8B|s2
RedHatAI/Meta-Llama-3.1-8B-quantized.w8a8,llama-3.1,Meta-Llama-3.1-8B,w8a8_int,winogrande,77.9,0.32,0.04857968393173451,-2.7023237461561256,2.7994831140195946,-0.3291970802919708,-0.14119402985074628,True,Meta-Llama-3.1-8B|s2
RedHatAI/Meta-Llama-3.1-8B-quantized.w8a8,llama-3.1,Meta-Llama-3.1-8B,w8a8_int,truthfulqa,44.15,-0.79,-0.009740158124268261,-4.109559320797592,4.090079004549056,-0.3291970802919708,-0.20712121212121212,True,Meta-Llama-3.1-8B|s2
RedHatAI/Meta-Llama-3.1-8B-FP8,llama-3.1,Meta-Llama-3.1-8B,fp8,mmlu,65.19,-0.18,-0.43311546000279233,-0.9263048124946709,0.06007389248908618,-0.33956591639871386,-0.5082857142857142,True,Meta-Llama-3.1-8B|s3
RedHatAI/Meta-Llama-3.1-8B-FP8,llama-3.1,Meta-Llama-3.1-8B,fp8,arc_challenge,78.84,-1.11,-0.27831584540410326,-1.7420189966413069,1.1853873058331004,-0.33956591639871386,-0.35,True,Meta-Llama-3.1-8B|s3
RedHatAI/Meta-Llama-3.1-8B-FP8,llama-3.1,Meta-Llama-3.1-8B,fp8,gsm8k,50.34,-1.52,-0.4217308059157132,-2.110705877424931,1.2672442655935046,-0.33956591639871386,-0.5333823529411765,True,Meta-Llama-3.1-8B|s3
RedHatAI/Meta-Llama-3.1-8B-FP8,llama-3.1,Meta-Llama-3.1-8B,fp8,hellaswag,82.33,-0.37,-0.14223171760038278,-0.6091844253636247,0.3247209901628591,-0.33956591639871386,-0.18861111111111112,True,Meta-Llama-3.1-8B|s3
RedHatAI/Meta-Llama-3.1-8B-FP8,llama-3.1,Meta-Llama-3.1-8B,fp8,winogrande,77.98,0.08,-0.1735054090674741,-1.601733726259982,1.2547229081250337,-0.33956591639871386,-0.226,True,Meta-Llama-3.1-8B|s3
RedHatAI/Meta-Llama-3.1-8B-FP8,llama-3.1,Meta-Llama-3.1-8B,fp8,truthfulqa,44.14,-0.31,-0.05715950605384057,-2.1884432675704373,2.074124255462756,-0.33956591639871386,-0.11485714285714287,True,Meta-Llama-3.1-8B|s3
RedHatAI/Meta-Llama-3.1-8B-quantized.w8a16,llama-3.1,Meta-Llama-3.1-8B,w8a16,mmlu,65.07,0.37,-0.2663909625699227,-0.7599747498666716,0.22719282472682628,-0.33956591639871386,-0.5082857142857142,False,Meta-Llama-3.1-8B|s3
RedHatAI/Meta-Llama-3.1-8B-quantized.w8a16,llama-3.1,Meta-Llama-3.1-8B,w8a16,arc_challenge,58.11,0.51,-0.10527745205462408,-1.8733597916789722,1.662804887569724,-0.33956591639871386,-0.35,True,Meta-Llama-3.1-8B|s3
RedHatAI/Meta-Llama-3.1-8B-quantized.w8a16,llama-3.1,Meta-Llama-3.1-8B,w8a16,gsm8k,50.64,-0.98,-0.25530894211238525,-1.9441846943748045,1.4335668101500338,-0.33956591639871386,-0.5333823529411765,True,Meta-Llama-3.1-8B|s3
RedHatAI/Meta-Llama-3.1-8B-quantized.w8a16,llama-3.1,Meta-Llama-3.1-8B,w8a16,hellaswag,82.3,-0.09,0.02446782304480477,-0.4427959553528722,0.49173160144248174,-0.33956591639871386,-0.18861111111111112,True,Meta-Llama-3.1-8B|s3
RedHatAI/Meta-Llama-3.1-8B-quantized.w8a16,llama-3.1,Meta-Llama-3.1-8B,w8a16,winogrande,77.9,0.16,-0.006771531126394059,-1.436857785793596,1.423314723540808,-0.33956591639871386,-0.226,True,Meta-Llama-3.1-8B|s3
RedHatAI/Meta-Llama-3.1-8B-quantized.w8a16,llama-3.1,Meta-Llama-3.1-8B,w8a16,truthfulqa,44.15,-0.54,0.10956357052937127,-2.0217708002206254,2.240897941279368,-0.33956591639871386,-0.11485714285714287,True,Meta-Llama-3.1-8B|s3
RedHatAI/Meta-Llama-3.1-8B-quantized.w8a8,llama-3.1,Meta-Llama-3.1-8B,w8a8_int,mmlu,65.07,-0.12,-0.33415536185592476,-0.8277391491526738,0.1594284254408242,-0.33956591639871386,-0.5082857142857142,True,Meta-Llama-3.1-8B|s3
RedHatAI/Meta-Llama-3.1-8B-quantized.w8a8,llama-3.1,Meta-Llama-3.1-8B,w8a8_int,arc_challenge,58.11,0.51,-0.17304185134062625,-1.9411241909649743,1.595040488283722,-0.33956591639871386,-0.35,True,Meta-Llama-3.1-8B|s3
RedHatAI/Meta-Llama-3.1-8B-quantized.w8a8,llama-3.1,Meta-Llama-3.1-8B,w8a8_int,gsm8k,50.64,-1.13,-0.3230733413983874,-2.0119490936608067,1.3658024108640316,-0.33956591639871386,-0.5333823529411765,True,Meta-Llama-3.1-8B|s3
RedHatAI/Meta-Llama-3.1-8B-quantized.w8a8,llama-3.1,Meta-Llama-3.1-8B,w8a8_int,hellaswag,82.3,-0.67,-0.043296576241197426,-0.5105603546388744,0.42396720215647954,-0.33956591639871386,-0.18861111111111112,False,Meta-Llama-3.1-8B|s3
RedHatAI/Meta-Llama-3.1-8B-quantized.w8a8,llama-3.1,Meta-Llama-3.1-8B,w8a8_int,winogrande,77.9,0.32,-0.0745359304123962,-1.5046221850795982,1.3555503242548057,-0.33956591639871386,-0.226,True,Meta-Llama-3.1-8B|s3
RedHatAI/Meta-Llama-3.1-8B-quantized.w8a8,llama-3.1,Meta-Llama-3.1-8B,w8a8_int,truthfulqa,44.15,-0.79,0.041799171243369126,-2.089535199506628,2.1731335419933657,-0.33956591639871386,-0.11485714285714287,True,Meta-Llama-3.1-8B|s3
RedHatAI/Meta-Llama-3.1-8B-FP8,llama-3.1,Meta-Llama-3.1-8B,fp8,mmlu,65.19,-0.18,-0.3517786976514514,-1.0399031047252372,0.3363457094223342,-0.36288640595903165,-0.5273846153846155,True,Meta-Llama-3.1-8B|s4
RedHatAI/Meta-Llama-3.1-8B-FP8,llama-3.1,Meta-Llama-3.1-8B,fp8,arc_challenge,78.84,-1.11,-0.23597157610456038,-2.278209223750691,1.8062660715415702,-0.36288640595903165,-0.36134328358208956,True,Meta-Llama-3.1-8B|s4
RedHatAI/Meta-Llama-3.1-8B-FP8,llama-3.1,Meta-Llama-3.1-8B,fp8,gsm8k,50.34,-1.52,-0.3702633416609662,-2.7268125327017922,1.9862858493798599,-0.36288640595903165,-0.6003076923076922,True,Meta-Llama-3.1-8B|s4
RedHatAI/Meta-Llama-3.1-8B-FP8,llama-3.1,Meta-Llama-3.1-8B,fp8,hellaswag,82.33,-0.37,-0.08110799790381196,-0.7326256219919572,0.5704096261843333,-0.36288640595903165,-0.1755223880597015,True,Meta-Llama-3.1-8B|s4
RedHatAI/Meta-Llama-3.1-8B-FP8,llama-3.1,Meta-Llama-3.1-8B,fp8,winogrande,77.98,0.08,-0.07385788736897952,-2.0665991316160746,1.9188833568781156,-0.36288640595903165,-0.19153846153846152,True,Meta-Llama-3.1-8B|s4
RedHatAI/Meta-Llama-3.1-8B-FP8,llama-3.1,Meta-Llama-3.1-8B,fp8,truthfulqa,44.14,-0.31,-0.10646059125133855,-3.080142742517462,2.8672215600147855,-0.36288640595903165,-0.19393939393939394,True,Meta-Llama-3.1-8B|s4
RedHatAI/Meta-Llama-3.1-8B-quantized.w8a16,llama-3.1,Meta-Llama-3.1-8B,w8a16,mmlu,65.07,0.37,-0.18432657256546636,-0.8730013163706907,0.504348171239758,-0.36288640595903165,-0.5273846153846155,True,Meta-Llama-3.1-8B|s4
RedHatAI/Meta-Llama-3.1-8B-quantized.w8a16,llama-3.1,Meta-Llama-3.1-8B,w8a16,arc_challenge,58.11,0.51,-0.015786105120517813,-2.482710026864492,2.451137816623456,-0.36288640595903165,-0.36134328358208956,True,Meta-Llama-3.1-8B|s4
RedHatAI/Meta-Llama-3.1-8B-quantized.w8a16,llama-3.1,Meta-Llama-3.1-8B,w8a16,gsm8k,50.64,-0.98,-0.201628463553646,-2.558039079020063,2.154782151912771,-0.36288640595903165,-0.6003076923076922,True,Meta-Llama-3.1-8B|s4
RedHatAI/Meta-Llama-3.1-8B-quantized.w8a16,llama-3.1,Meta-Llama-3.1-8B,w8a16,hellaswag,82.3,-0.09,0.08647962308118207,-0.5654720235477931,0.7384312697101573,-0.36288640595903165,-0.1755223880597015,True,Meta-Llama-3.1-8B|s4
RedHatAI/Meta-Llama-3.1-8B-quantized.w8a16,llama-3.1,Meta-Llama-3.1-8B,w8a16,winogrande,77.9,0.16,0.09404150304508163,-1.901292035858608,2.089375041948771,-0.36288640595903165,-0.19153846153846152,True,Meta-Llama-3.1-8B|s4
RedHatAI/Meta-Llama-3.1-8B-quantized.w8a16,llama-3.1,Meta-Llama-3.1-8B,w8a16,truthfulqa,44.15,-0.54,0.06101185946461052,-2.912740904535851,3.0347646234650725,-0.36288640595903165,-0.19393939393939394,True,Meta-Llama-3.1-8B|s4
RedHatAI/Meta-Llama-3.1-8B-quantized.w8a8,llama-3.1,Meta-Llama-3.1-8B,w8a8_int,mmlu,65.07,-0.12,-0.23436850529889325,-0.9230432491041176,0.45430623850633106,-0.36288640595903165,-0.5273846153846155,True,Meta-Llama-3.1-8B|s4
RedHatAI/Meta-Llama-3.1-8B-quantized.w8a8,llama-3.1,Meta-Llama-3.1-8B,w8a8_int,arc_challenge,58.11,0.51,-0.06582803785394464,-2.5327519595979187,2.4010958838900294,-0.36288640595903165,-0.36134328358208956,True,Meta-Llama-3.1-8B|s4
RedHatAI/Meta-Llama-3.1-8B-quantized.w8a8,llama-3.1,Meta-Llama-3.1-8B,w8a8_int,gsm8k,50.64,-1.13,-0.25167039628707283,-2.6080810117534896,2.104740219179344,-0.36288640595903165,-0.6003076923076922,True,Meta-Llama-3.1-8B|s4
RedHatAI/Meta-Llama-3.1-8B-quantized.w8a8,llama-3.1,Meta-Llama-3.1-8B,w8a8_int,hellaswag,82.3,-0.67,0.036437690347755236,-0.61551395628122,0.6883893369767304,-0.36288640595903165,-0.1755223880597015,False,Meta-Llama-3.1-8B|s4
RedHatAI/Meta-Llama-3.1-8B-quantized.w8a8,llama-3.1,Meta-Llama-3.1-8B,w8a8_int,winogrande,77.9,0.32,0.0439995703116548,-1.951333968592035,2.0393331092153444,-0.36288640595903165,-0.19153846153846152,True,Meta-Llama-3.1-8B|s4
RedHatAI/Meta-Llama-3.1-8B-quantized.w8a8,llama-3.1,Meta-Llama-3.1-8B,w8a8_int,truthfulqa,44.15,-0.79,0.010969926731183743,-2.962782837269278,2.9847226907316453,-0.36288640595903165,-0.19393939393939394,True,Meta-Llama-3.1-8B|s4
RedHatAI/Meta-Llama-3.1-8B-Instruct-FP8-dynamic,llama-3.1,Meta-Llama-3.1-8B-Instruct,fp8_dynamic,mmlu,67.95,0.07,-0.2064158897319943,-0.8656894914606447,0.45285771199665603,-0.3915302491103203,-0.5472857142857143,True,Meta-Llama-3.1-8B-Instruct|s0
RedHatAI/Meta-Llama-3.1-8B-Instruct-FP8-dynamic,llama-3.1,Meta-Llama-3.1-8B-Instruct,fp8_dynamic,arena_hard,25.8,1.4,-0.032992523129099394,-3.3086480670330527,3.242663020774854,-0.3915302491103203,0.0666666666666667,True,Meta-Llama-3.1-8B-Instruct|s0
RedHatAI/Meta-Llama-3.1-8B-Instruct-FP8-dynamic,llama-3.1,Meta-Llama-3.1-8B-Instruct,fp8_dynamic,mmlu_cot,71.2,0.4,-0.6186404769154071,-1.2583652656505526,0.021084311819738466,-0.3915302491103203,-0.889,False,Meta-Llama-3.1-8B-Instruct|s0
RedHatAI/Meta-Llama-3.1-8B-Instruct-FP8-dynamic,llama-3.1,Meta-Llama-3.1-8B-Instruct,fp8_dynamic,arc_challenge,82.0,-0.8,-0.10373262888188667,-1.9824039085042102,1.7749386507404368,-0.3915302491103203,-0.40814285714285714,True,Meta-Llama-3.1-8B-Instruct|s0
RedHatAI/Meta-Llama-3.1-8B-Instruct-FP8-dynamic,llama-3.1,Meta-Llama-3.1-8B-Instruct,fp8_dynamic,gsm8k,82.0,0.0,-0.3113164253573065,-2.0822089478962087,1.4595760971815959,-0.3915302491103203,-0.678,True,Meta-Llama-3.1-8B-Instruct|s0
RedHatAI/Meta-Llama-3.1-8B-Instruct-FP8-dynamic,llama-3.1,Meta-Llama-3.1-8B-Instruct,fp8_dynamic,hellaswag,80.5,-0.5,0.05293095819347632,-0.6089449304544572,0.7148068468414097,-0.3915302491103203,-0.23930555555555555,True,Meta-Llama-3.1-8B-Instruct|s0
RedHatAI/Meta-Llama-3.1-8B-Instruct-FP8-dynamic,llama-3.1,Meta-Llama-3.1-8B-Instruct,fp8_dynamic,winogrande,78.5,-0.8,0.038391584261092404,-1.893742109557622,1.9705252780798068,-0.3915302491103203,-0.2582857142857143,True,Meta-Llama-3.1-8B-Instruct|s0
RedHatAI/Meta-Llama-3.1-8B-Instruct-FP8-dynamic,llama-3.1,Meta-Llama-3.1-8B-Instruct,fp8_dynamic,truthfulqa,54.5,-0.2,0.12998128792078428,-2.7865345850754886,3.0464971609170575,-0.3915302491103203,-0.1667142857142857,True,Meta-Llama-3.1-8B-Instruct|s0
RedHatAI/Meta-Llama-3.1-8B-Instruct-FP8-dynamic,llama-3.1,Meta-Llama-3.1-8B-Instruct,fp8_dynamic,mmlu_pro,30.8,0.4,-1.2559011056043414,-1.9604820884086631,-0.5513201228000197,-0.3915302491103203,-1.7294999999999998,False,Meta-Llama-3.1-8B-Instruct|s0
RedHatAI/Meta-Llama-3.1-8B-Instruct-FP8-dynamic,llama-3.1,Meta-Llama-3.1-8B-Instruct,fp8_dynamic,ifeval,77.9,-0.7,0.2812084900178529,-2.7051205418771413,3.267537521912847,-0.3915302491103203,-0.09777777777777777,True,Meta-Llama-3.1-8B-Instruct|s0
RedHatAI/Meta-Llama-3.1-8B-Instruct-FP8-dynamic,llama-3.1,Meta-Llama-3.1-8B-Instruct,fp8_dynamic,bbh,30.1,-0.4,-0.6710501232816877,-1.6226829423686686,0.28058269580529327,-0.3915302491103203,-1.0375,True,Meta-Llama-3.1-8B-Instruct|s0
RedHatAI/Meta-Llama-3.1-8B-Instruct-FP8-dynamic,llama-3.1,Meta-Llama-3.1-8B-Instruct,fp8_dynamic,humaneval,67.3,0.0,0.040884494676231176,-6.091521614457593,6.173290603810055,-0.3915302491103203,-0.4982608695652174,True,Meta-Llama-3.1-8B-Instruct|s0
RedHatAI/Meta-Llama-3.1-8B-Instruct-FP8-dynamic,llama-3.1,Meta-Llama-3.1-8B-Instruct,fp8_dynamic,humaneval_plus,60.7,0.6,0.3588198251482216,-6.025874649495143,6.743514299791586,-0.3915302491103203,0.13333333333333333,True,Meta-Llama-3.1-8B-Instruct|s0
RedHatAI/Meta-Llama-3.1-8B-Instruct-FP8,llama-3.1,Meta-Llama-3.1-8B-Instruct,fp8,mmlu,67.95,0.02,-0.4099683794084568,-1.0692419811371072,0.24930522232019353,-0.3915302491103203,-0.5472857142857143,True,Meta-Llama-3.1-8B-Instruct|s0
RedHatAI/Meta-Llama-3.1-8B-Instruct-FP8,llama-3.1,Meta-Llama-3.1-8B-Instruct,fp8,mmlu_cot,71.24,-0.12,-0.8222144684644677,-1.4616743974391406,-0.1827545394897947,-0.3915302491103203,-0.889,False,Meta-Llama-3.1-8B-Instruct|s0
RedHatAI/Meta-Llama-3.1-8B-Instruct-FP8,llama-3.1,Meta-Llama-3.1-8B-Instruct,fp8,arc_challenge,82.0,-0.34,-0.30728511855834917,-2.1859563981806724,1.5713861610639743,-0.3915302491103203,-0.40814285714285714,True,Meta-Llama-3.1-8B-Instruct|s0
RedHatAI/Meta-Llama-3.1-8B-Instruct-FP8,llama-3.1,Meta-Llama-3.1-8B-Instruct,fp8,gsm8k,81.96,-0.84,-0.5146991209869578,-2.287125752552638,1.2577275105787225,-0.3915302491103203,-0.678,True,Meta-Llama-3.1-8B-Instruct|s0
RedHatAI/Meta-Llama-3.1-8B-Instruct-FP8,llama-3.1,Meta-Llama-3.1-8B-Instruct,fp8,hellaswag,80.46,-0.06,-0.15052495464464427,-0.8129147123484266,0.5118648030591382,-0.3915302491103203,-0.23930555555555555,True,Meta-Llama-3.1-8B-Instruct|s0
RedHatAI/Meta-Llama-3.1-8B-Instruct-FP8,llama-3.1,Meta-Llama-3.1-8B-Instruct,fp8,winogrande,78.45,-0.55,-0.16499481343790737,-2.098757727244401,1.7687681003685864,-0.3915302491103203,-0.2582857142857143,True,Meta-Llama-3.1-8B-Instruct|s0
RedHatAI/Meta-Llama-3.1-8B-Instruct-FP8,llama-3.1,Meta-Llama-3.1-8B-Instruct,fp8,truthfulqa,54.5,-0.58,-0.07357120175567816,-2.9900870747519512,2.842944671240595,-0.3915302491103203,-0.1667142857142857,True,Meta-Llama-3.1-8B-Instruct|s0
RedHatAI/Meta-Llama-3.1-8B-Instruct-quantized.w4a16,llama-3.1,Meta-Llama-3.1-8B-Instruct,w4a16,arena_hard,25.8,1.4,-0.5728624199486992,-3.8485179638526525,2.7027931239552543,-0.3915302491103203,0.0666666666666667,True,Meta-Llama-3.1-8B-Instruct|s0
RedHatAI/Meta-Llama-3.1-8B-Instruct-quantized.w4a16,llama-3.1,Meta-Llama-3.1-8B-Instruct,w4a16,mmlu,68.3,-1.4,-0.7462751747880971,-1.4036255600451115,-0.08892478953108274,-0.3915302491103203,-0.5472857142857143,True,Meta-Llama-3.1-8B-Instruct|s0
RedHatAI/Meta-Llama-3.1-8B-Instruct-quantized.w4a16,llama-3.1,Meta-Llama-3.1-8B-Instruct,w4a16,mmlu_cot,72.8,-1.7,-1.159601223414099,-1.7882485608993293,-0.5309538859288689,-0.3915302491103203,-0.889,True,Meta-Llama-3.1-8B-Instruct|s0
RedHatAI/Meta-Llama-3.1-8B-Instruct-quantized.w4a16,llama-3.1,Meta-Llama-3.1-8B-Instruct,w4a16,gsm8k,82.8,0.1,-0.8546794971108438,-2.5941954552381277,0.8848364610164401,-0.3915302491103203,-0.678,True,Meta-Llama-3.1-8B-Instruct|s0
RedHatAI/Meta-Llama-3.1-8B-Instruct-quantized.w4a16,llama-3.1,Meta-Llama-3.1-8B-Instruct,w4a16,hellaswag,80.5,-0.6,-0.48693893862612336,-1.1488148272740568,0.1749369500218101,-0.3915302491103203,-0.23930555555555555,True,Meta-Llama-3.1-8B-Instruct|s0
RedHatAI/Meta-Llama-3.1-8B-Instruct-quantized.w4a16,llama-3.1,Meta-Llama-3.1-8B-Instruct,w4a16,winogrande,78.1,-0.1,-0.5001681732058466,-2.4452178158757976,1.4448814694641041,-0.3915302491103203,-0.2582857142857143,True,Meta-Llama-3.1-8B-Instruct|s0
RedHatAI/Meta-Llama-3.1-8B-Instruct-quantized.w4a16,llama-3.1,Meta-Llama-3.1-8B-Instruct,w4a16,truthfulqa,54.5,-1.7,-0.4098886088988154,-3.3264044818950884,2.5066272640974576,-0.3915302491103203,-0.1667142857142857,True,Meta-Llama-3.1-8B-Instruct|s0
RedHatAI/Meta-Llama-3.1-8B-Instruct-quantized.w4a16,llama-3.1,Meta-Llama-3.1-8B-Instruct,w4a16,mmlu_pro,30.8,-2.0,-1.7957710024239413,-2.5003519852282627,-1.0911900196196196,-0.3915302491103203,-1.7294999999999998,True,Meta-Llama-3.1-8B-Instruct|s0
RedHatAI/Meta-Llama-3.1-8B-Instruct-quantized.w4a16,llama-3.1,Meta-Llama-3.1-8B-Instruct,w4a16,ifeval,77.9,-1.6,-0.25866140680174676,-3.2449904386967408,2.7276676250932477,-0.3915302491103203,-0.09777777777777777,True,Meta-Llama-3.1-8B-Instruct|s0
RedHatAI/Meta-Llama-3.1-8B-Instruct-quantized.w4a16,llama-3.1,Meta-Llama-3.1-8B-Instruct,w4a16,bbh,30.1,-1.2,-1.2109200201012873,-2.162552839188268,-0.25928720101430636,-0.3915302491103203,-1.0375,True,Meta-Llama-3.1-8B-Instruct|s0
RedHatAI/Meta-Llama-3.1-8B-Instruct-quantized.w4a16,llama-3.1,Meta-Llama-3.1-8B-Instruct,w4a16,humaneval,67.3,-0.2,-0.49898540214336856,-6.631391511277193,5.633420706990456,-0.3915302491103203,-0.4982608695652174,True,Meta-Llama-3.1-8B-Instruct|s0
RedHatAI/Meta-Llama-3.1-8B-Instruct-quantized.w4a16,llama-3.1,Meta-Llama-3.1-8B-Instruct,w4a16,humaneval_plus,60.7,-1.6,-0.18105007167137807,-6.565744546314742,6.203644402971986,-0.3915302491103203,0.13333333333333333,True,Meta-Llama-3.1-8B-Instruct|s0
RedHatAI/Meta-Llama-3.1-8B-Instruct-quantized.w8a16,llama-3.1,Meta-Llama-3.1-8B-Instruct,w8a16,hellaswag,80.47,0.01,0.023324279509536694,-0.6389371115207396,0.6855856705398129,-0.3915302491103203,-0.23930555555555555,True,Meta-Llama-3.1-8B-Instruct|s0
RedHatAI/Meta-Llama-3.1-8B-Instruct-quantized.w8a16,llama-3.1,Meta-Llama-3.1-8B-Instruct,w8a16,winogrande,78.06,-0.55,0.010151263971194036,-1.9361752587659355,1.9564777867083236,-0.3915302491103203,-0.2582857142857143,True,Meta-Llama-3.1-8B-Instruct|s0
RedHatAI/Meta-Llama-3.1-8B-Instruct-quantized.w8a16,llama-3.1,Meta-Llama-3.1-8B-Instruct,w8a16,truthfulqa,54.48,-0.07,0.10025742329006909,-2.8163640645397052,3.0168789111198437,-0.3915302491103203,-0.1667142857142857,True,Meta-Llama-3.1-8B-Instruct|s0
RedHatAI/Meta-Llama-3.1-8B-Instruct-quantized.w8a8,llama-3.1,Meta-Llama-3.1-8B-Instruct,w8a8_int,arena_hard,25.8,1.4,0.05560269274629387,-3.2200528511576594,3.3312582366502475,-0.3915302491103203,0.0666666666666667,True,Meta-Llama-3.1-8B-Instruct|s0
RedHatAI/Meta-Llama-3.1-8B-Instruct-quantized.w8a8,llama-3.1,Meta-Llama-3.1-8B-Instruct,w8a8_int,mmlu,68.3,-0.5,-0.11781006209310402,-0.7751604473501184,0.5395403231639104,-0.3915302491103203,-0.5472857142857143,True,Meta-Llama-3.1-8B-Instruct|s0
RedHatAI/Meta-Llama-3.1-8B-Instruct-quantized.w8a8,llama-3.1,Meta-Llama-3.1-8B-Instruct,w8a8_int,mmlu_cot,72.8,-0.6,-0.5311361107191057,-1.1597834482043359,0.09751122676612445,-0.3915302491103203,-0.889,True,Meta-Llama-3.1-8B-Instruct|s0
RedHatAI/Meta-Llama-3.1-8B-Instruct-quantized.w8a8,llama-3.1,Meta-Llama-3.1-8B-Instruct,w8a8_int,arc_challenge,81.4,0.3,-0.012552512939983329,-1.915278684807898,1.8901736589279314,-0.3915302491103203,-0.40814285714285714,True,Meta-Llama-3.1-8B-Instruct|s0
RedHatAI/Meta-Llama-3.1-8B-Instruct-quantized.w8a8,llama-3.1,Meta-Llama-3.1-8B-Instruct,w8a8_int,gsm8k,82.8,2.0,-0.22621438441585073,-1.9657303425431345,1.5133015737114333,-0.3915302491103203,-0.678,False,Meta-Llama-3.1-8B-Instruct|s0
RedHatAI/Meta-Llama-3.1-8B-Instruct-quantized.w8a8,llama-3.1,Meta-Llama-3.1-8B-Instruct,w8a8_int,hellaswag,80.5,-0.2,0.14152617406886964,-0.5203497145790639,0.803402062716803,-0.3915302491103203,-0.23930555555555555,True,Meta-Llama-3.1-8B-Instruct|s0
RedHatAI/Meta-Llama-3.1-8B-Instruct-quantized.w8a8,llama-3.1,Meta-Llama-3.1-8B-Instruct,w8a8_int,winogrande,78.1,0.4,0.1282969394891465,-1.8167527031808044,2.0733465821590973,-0.3915302491103203,-0.2582857142857143,True,Meta-Llama-3.1-8B-Instruct|s0
RedHatAI/Meta-Llama-3.1-8B-Instruct-quantized.w8a8,llama-3.1,Meta-Llama-3.1-8B-Instruct,w8a8_int,truthfulqa,54.5,0.2,0.2185765037961777,-2.6979393692000952,3.135092376792451,-0.3915302491103203,-0.1667142857142857,True,Meta-Llama-3.1-8B-Instruct|s0
RedHatAI/Meta-Llama-3.1-8B-Instruct-quantized.w8a8,llama-3.1,Meta-Llama-3.1-8B-Instruct,w8a8_int,mmlu_pro,30.8,0.1,-1.1673058897289483,-1.87188687253327,-0.46272490692462664,-0.3915302491103203,-1.7294999999999998,False,Meta-Llama-3.1-8B-Instruct|s0
RedHatAI/Meta-Llama-3.1-8B-Instruct-quantized.w8a8,llama-3.1,Meta-Llama-3.1-8B-Instruct,w8a8_int,ifeval,77.9,0.1,0.36980370589324624,-2.616525326001748,3.3561327377882404,-0.3915302491103203,-0.09777777777777777,True,Meta-Llama-3.1-8B-Instruct|s0
RedHatAI/Meta-Llama-3.1-8B-Instruct-quantized.w8a8,llama-3.1,Meta-Llama-3.1-8B-Instruct,w8a8_int,bbh,30.1,0.9,-0.5824549074062942,-1.5340877264932753,0.3691779116806867,-0.3915302491103203,-1.0375,False,Meta-Llama-3.1-8B-Instruct|s0
RedHatAI/Meta-Llama-3.1-8B-Instruct-quantized.w8a8,llama-3.1,Meta-Llama-3.1-8B-Instruct,w8a8_int,humaneval,67.3,-0.2,0.1294797105516246,-6.0029263985822,6.261885819685449,-0.3915302491103203,-0.4982608695652174,True,Meta-Llama-3.1-8B-Instruct|s0
RedHatAI/Meta-Llama-3.1-8B-Instruct-quantized.w8a8,llama-3.1,Meta-Llama-3.1-8B-Instruct,w8a8_int,humaneval_plus,60.7,-0.7,0.4474150410236149,-5.937279433619749,6.832109515666979,-0.3915302491103203,0.13333333333333333,True,Meta-Llama-3.1-8B-Instruct|s0
RedHatAI/Meta-Llama-3.1-8B-Instruct-FP8-dynamic,llama-3.1,Meta-Llama-3.1-8B-Instruct,fp8_dynamic,mmlu,67.95,0.07,-0.1824144552950131,-0.7187550521878455,0.3539261415978193,-0.3702367941712204,-0.465735294117647,True,Meta-Llama-3.1-8B-Instruct|s1
RedHatAI/Meta-Llama-3.1-8B-Instruct-FP8-dynamic,llama-3.1,Meta-Llama-3.1-8B-Instruct,fp8_dynamic,arena_hard,25.8,1.4,-1.346816305676889,-4.0116690239203665,1.3180364125665889,-0.3702367941712204,-1.4666666666666668,False,Meta-Llama-3.1-8B-Instruct|s1
RedHatAI/Meta-Llama-3.1-8B-Instruct-FP8-dynamic,llama-3.1,Meta-Llama-3.1-8B-Instruct,fp8_dynamic,mmlu_cot,71.2,0.4,-0.2857298451553418,-0.8061668445099277,0.2347071541992441,-0.3702367941712204,-0.48454545454545456,False,Meta-Llama-3.1-8B-Instruct|s1
RedHatAI/Meta-Llama-3.1-8B-Instruct-FP8-dynamic,llama-3.1,Meta-Llama-3.1-8B-Instruct,fp8_dynamic,arc_challenge,82.0,-0.8,-0.08912667966540727,-1.6174870945766937,1.439233735245879,-0.3702367941712204,-0.4234782608695652,True,Meta-Llama-3.1-8B-Instruct|s1
RedHatAI/Meta-Llama-3.1-8B-Instruct-FP8-dynamic,llama-3.1,Meta-Llama-3.1-8B-Instruct,fp8_dynamic,gsm8k,82.0,0.0,-0.34002140129999436,-1.7807002789027657,1.1006574763027772,-0.3702367941712204,-0.7329850746268657,True,Meta-Llama-3.1-8B-Instruct|s1
RedHatAI/Meta-Llama-3.1-8B-Instruct-FP8-dynamic,llama-3.1,Meta-Llama-3.1-8B-Instruct,fp8_dynamic,hellaswag,80.5,-0.5,0.05840616310987118,-0.4800514791430592,0.5968638053628015,-0.3702367941712204,-0.21542857142857144,False,Meta-Llama-3.1-8B-Instruct|s1
RedHatAI/Meta-Llama-3.1-8B-Instruct-FP8-dynamic,llama-3.1,Meta-Llama-3.1-8B-Instruct,fp8_dynamic,winogrande,78.5,-0.8,0.08326721540392623,-1.488586618728514,1.6551210495363664,-0.3702367941712204,-0.19088235294117648,True,Meta-Llama-3.1-8B-Instruct|s1
RedHatAI/Meta-Llama-3.1-8B-Instruct-FP8-dynamic,llama-3.1,Meta-Llama-3.1-8B-Instruct,fp8_dynamic,truthfulqa,54.5,-0.2,0.10737741792110417,-2.265303453978978,2.480058289821186,-0.3702367941712204,-0.15014492753623188,True,Meta-Llama-3.1-8B-Instruct|s1
RedHatAI/Meta-Llama-3.1-8B-Instruct-FP8-dynamic,llama-3.1,Meta-Llama-3.1-8B-Instruct,fp8_dynamic,mmlu_pro,30.8,0.4,-1.1286135873873249,-1.7018132178377883,-0.5554139569368615,-0.3702367941712204,-1.5395238095238095,False,Meta-Llama-3.1-8B-Instruct|s1
RedHatAI/Meta-Llama-3.1-8B-Instruct-FP8-dynamic,llama-3.1,Meta-Llama-3.1-8B-Instruct,fp8_dynamic,ifeval,77.9,-0.7,0.10345136921302939,-2.3260247864911285,2.532927524917187,-0.3702367941712204,-0.23833333333333334,True,Meta-Llama-3.1-8B-Instruct|s1
RedHatAI/Meta-Llama-3.1-8B-Instruct-FP8-dynamic,llama-3.1,Meta-Llama-3.1-8B-Instruct,fp8_dynamic,bbh,30.1,-0.4,-0.509400362871899,-1.2835847271079706,0.26478400136417235,-0.3702367941712204,-0.8009999999999999,True,Meta-Llama-3.1-8B-Instruct|s1
RedHatAI/Meta-Llama-3.1-8B-Instruct-FP8-dynamic,llama-3.1,Meta-Llama-3.1-8B-Instruct,fp8_dynamic,humaneval,67.3,0.0,0.06470800124985554,-4.924204559996343,5.053620562496055,-0.3702367941712204,-0.40545454545454546,True,Meta-Llama-3.1-8B-Instruct|s1
RedHatAI/Meta-Llama-3.1-8B-Instruct-FP8-dynamic,llama-3.1,Meta-Llama-3.1-8B-Instruct,fp8_dynamic,humaneval_plus,60.7,0.6,0.4371040203215744,-4.757053362182001,5.6312614028251495,-0.3702367941712204,0.2666666666666667,True,Meta-Llama-3.1-8B-Instruct|s1
RedHatAI/Meta-Llama-3.1-8B-Instruct-FP8,llama-3.1,Meta-Llama-3.1-8B-Instruct,fp8,mmlu,67.95,0.02,-0.42419669941981675,-0.9605372963126492,0.11214389747301567,-0.3702367941712204,-0.465735294117647,True,Meta-Llama-3.1-8B-Instruct|s1
RedHatAI/Meta-Llama-3.1-8B-Instruct-FP8,llama-3.1,Meta-Llama-3.1-8B-Instruct,fp8,mmlu_cot,71.24,-0.12,-0.5273659805613691,-1.0475875078545038,-0.007144453268234319,-0.3702367941712204,-0.48454545454545456,True,Meta-Llama-3.1-8B-Instruct|s1
RedHatAI/Meta-Llama-3.1-8B-Instruct-FP8,llama-3.1,Meta-Llama-3.1-8B-Instruct,fp8,arc_challenge,82.0,-0.34,-0.3309089237902109,-1.8592693387014974,1.1974514911210754,-0.3702367941712204,-0.4234782608695652,True,Meta-Llama-3.1-8B-Instruct|s1
RedHatAI/Meta-Llama-3.1-8B-Instruct-FP8,llama-3.1,Meta-Llama-3.1-8B-Instruct,fp8,gsm8k,81.96,-0.84,-0.5818543742608528,-2.0237812996376645,0.8600725511159586,-0.3702367941712204,-0.7329850746268657,True,Meta-Llama-3.1-8B-Instruct|s1
RedHatAI/Meta-Llama-3.1-8B-Instruct-FP8,llama-3.1,Meta-Llama-3.1-8B-Instruct,fp8,hellaswag,80.46,-0.06,-0.18349634203667592,-0.7223720335417168,0.35537934946836486,-0.3702367941712204,-0.21542857142857144,True,Meta-Llama-3.1-8B-Instruct|s1
RedHatAI/Meta-Llama-3.1-8B-Instruct-FP8,llama-3.1,Meta-Llama-3.1-8B-Instruct,fp8,winogrande,78.45,-0.55,-0.15860204583750323,-1.7317813036156409,1.4145772119406343,-0.3702367941712204,-0.19088235294117648,True,Meta-Llama-3.1-8B-Instruct|s1
RedHatAI/Meta-Llama-3.1-8B-Instruct-FP8,llama-3.1,Meta-Llama-3.1-8B-Instruct,fp8,truthfulqa,54.5,-0.58,-0.13440482620369953,-2.5070856981037815,2.238276045696382,-0.3702367941712204,-0.15014492753623188,True,Meta-Llama-3.1-8B-Instruct|s1
RedHatAI/Meta-Llama-3.1-8B-Instruct-quantized.w4a16,llama-3.1,Meta-Llama-3.1-8B-Instruct,w4a16,arena_hard,25.8,1.4,-1.781146088180025,-4.4459988064235025,0.8837066300634528,-0.3702367941712204,-1.4666666666666668,False,Meta-Llama-3.1-8B-Instruct|s1
RedHatAI/Meta-Llama-3.1-8B-Instruct-quantized.w4a16,llama-3.1,Meta-Llama-3.1-8B-Instruct,w4a16,mmlu,68.3,-1.4,-0.6154124621859731,-1.1501884596960201,-0.08063646467592611,-0.3702367941712204,-0.465735294117647,False,Meta-Llama-3.1-8B-Instruct|s1
RedHatAI/Meta-Llama-3.1-8B-Instruct-quantized.w4a16,llama-3.1,Meta-Llama-3.1-8B-Instruct,w4a16,mmlu_cot,72.8,-1.7,-0.714278632781866,-1.2257037639229325,-0.20285350164079952,-0.3702367941712204,-0.48454545454545456,False,Meta-Llama-3.1-8B-Instruct|s1
RedHatAI/Meta-Llama-3.1-8B-Instruct-quantized.w4a16,llama-3.1,Meta-Llama-3.1-8B-Instruct,w4a16,gsm8k,82.8,0.1,-0.7733912963582152,-2.1885443145289565,0.641761721812526,-0.3702367941712204,-0.7329850746268657,True,Meta-Llama-3.1-8B-Instruct|s1
RedHatAI/Meta-Llama-3.1-8B-Instruct-quantized.w4a16,llama-3.1,Meta-Llama-3.1-8B-Instruct,w4a16,hellaswag,80.5,-0.6,-0.3759236193932646,-0.9143812616461949,0.16253402285966578,-0.3702367941712204,-0.21542857142857144,True,Meta-Llama-3.1-8B-Instruct|s1
RedHatAI/Meta-Llama-3.1-8B-Instruct-quantized.w4a16,llama-3.1,Meta-Llama-3.1-8B-Instruct,w4a16,winogrande,78.1,-0.1,-0.3517683069800343,-1.9341296871421434,1.2305930731820747,-0.3702367941712204,-0.19088235294117648,True,Meta-Llama-3.1-8B-Instruct|s1
RedHatAI/Meta-Llama-3.1-8B-Instruct-quantized.w4a16,llama-3.1,Meta-Llama-3.1-8B-Instruct,w4a16,truthfulqa,54.5,-1.7,-0.3269523645820316,-2.6996332364821134,2.0457285073180502,-0.3702367941712204,-0.15014492753623188,True,Meta-Llama-3.1-8B-Instruct|s1
RedHatAI/Meta-Llama-3.1-8B-Instruct-quantized.w4a16,llama-3.1,Meta-Llama-3.1-8B-Instruct,w4a16,mmlu_pro,30.8,-2.0,-1.5629433698904605,-2.136143000340924,-0.989743739439997,-0.3702367941712204,-1.5395238095238095,True,Meta-Llama-3.1-8B-Instruct|s1
RedHatAI/Meta-Llama-3.1-8B-Instruct-quantized.w4a16,llama-3.1,Meta-Llama-3.1-8B-Instruct,w4a16,ifeval,77.9,-1.6,-0.3308784132901064,-2.760354568994264,2.0985977424140514,-0.3702367941712204,-0.23833333333333334,True,Meta-Llama-3.1-8B-Instruct|s1
RedHatAI/Meta-Llama-3.1-8B-Instruct-quantized.w4a16,llama-3.1,Meta-Llama-3.1-8B-Instruct,w4a16,bbh,30.1,-1.2,-0.9437301453750349,-1.7179145096111061,-0.16954578113896346,-0.3702367941712204,-0.8009999999999999,True,Meta-Llama-3.1-8B-Instruct|s1
RedHatAI/Meta-Llama-3.1-8B-Instruct-quantized.w4a16,llama-3.1,Meta-Llama-3.1-8B-Instruct,w4a16,humaneval,67.3,-0.2,-0.36962178125328016,-5.358534342499479,4.619290779992919,-0.3702367941712204,-0.40545454545454546,True,Meta-Llama-3.1-8B-Instruct|s1
RedHatAI/Meta-Llama-3.1-8B-Instruct-quantized.w4a16,llama-3.1,Meta-Llama-3.1-8B-Instruct,w4a16,humaneval_plus,60.7,-1.6,0.002774237818438774,-5.191383144685137,5.1969316203220135,-0.3702367941712204,0.2666666666666667,True,Meta-Llama-3.1-8B-Instruct|s1
RedHatAI/Meta-Llama-3.1-8B-Instruct-quantized.w8a16,llama-3.1,Meta-Llama-3.1-8B-Instruct,w8a16,hellaswag,80.47,0.01,0.09259990822942515,-0.44617135279620784,0.6313711692550581,-0.3702367941712204,-0.21542857142857144,True,Meta-Llama-3.1-8B-Instruct|s1
RedHatAI/Meta-Llama-3.1-8B-Instruct-quantized.w8a16,llama-3.1,Meta-Llama-3.1-8B-Instruct,w8a16,winogrande,78.06,-0.55,0.11677363112509342,-1.4666265326552215,1.7001737949054085,-0.3702367941712204,-0.19088235294117648,True,Meta-Llama-3.1-8B-Instruct|s1
RedHatAI/Meta-Llama-3.1-8B-Instruct-quantized.w8a16,llama-3.1,Meta-Llama-3.1-8B-Instruct,w8a16,truthfulqa,54.48,-0.07,0.14157815669688206,-2.231188636318033,2.514344949711797,-0.3702367941712204,-0.15014492753623188,True,Meta-Llama-3.1-8B-Instruct|s1
RedHatAI/Meta-Llama-3.1-8B-Instruct-quantized.w8a8,llama-3.1,Meta-Llama-3.1-8B-Instruct,w8a8_int,arena_hard,25.8,1.4,-1.4585710630722766,-4.123423781315754,1.2062816551712012,-0.3702367941712204,-1.4666666666666668,False,Meta-Llama-3.1-8B-Instruct|s1
RedHatAI/Meta-Llama-3.1-8B-Instruct-quantized.w8a8,llama-3.1,Meta-Llama-3.1-8B-Instruct,w8a8_int,mmlu,68.3,-0.5,-0.2928374370782246,-0.8276134345882716,0.24193856043182238,-0.3702367941712204,-0.465735294117647,True,Meta-Llama-3.1-8B-Instruct|s1
RedHatAI/Meta-Llama-3.1-8B-Instruct-quantized.w8a8,llama-3.1,Meta-Llama-3.1-8B-Instruct,w8a8_int,mmlu_cot,72.8,-0.6,-0.3917036076741175,-0.903128738815184,0.11972152346694898,-0.3702367941712204,-0.48454545454545456,True,Meta-Llama-3.1-8B-Instruct|s1
RedHatAI/Meta-Llama-3.1-8B-Instruct-quantized.w8a8,llama-3.1,Meta-Llama-3.1-8B-Instruct,w8a8_int,arc_challenge,81.4,0.3,-0.20157699171424975,-1.7495068467356278,1.3463528633071282,-0.3702367941712204,-0.4234782608695652,True,Meta-Llama-3.1-8B-Instruct|s1
RedHatAI/Meta-Llama-3.1-8B-Instruct-quantized.w8a8,llama-3.1,Meta-Llama-3.1-8B-Instruct,w8a8_int,gsm8k,82.8,2.0,-0.45081627125046686,-1.865969289421208,0.9643367469202744,-0.3702367941712204,-0.7329850746268657,False,Meta-Llama-3.1-8B-Instruct|s1
RedHatAI/Meta-Llama-3.1-8B-Instruct-quantized.w8a8,llama-3.1,Meta-Llama-3.1-8B-Instruct,w8a8_int,hellaswag,80.5,-0.2,-0.05334859428551614,-0.5918062365384464,0.4851090479674142,-0.3702367941712204,-0.21542857142857144,True,Meta-Llama-3.1-8B-Instruct|s1
RedHatAI/Meta-Llama-3.1-8B-Instruct-quantized.w8a8,llama-3.1,Meta-Llama-3.1-8B-Instruct,w8a8_int,winogrande,78.1,0.4,-0.02919328187228576,-1.6115546620343948,1.5531680982898233,-0.3702367941712204,-0.19088235294117648,True,Meta-Llama-3.1-8B-Instruct|s1
RedHatAI/Meta-Llama-3.1-8B-Instruct-quantized.w8a8,llama-3.1,Meta-Llama-3.1-8B-Instruct,w8a8_int,truthfulqa,54.5,0.2,-0.004377339474283148,-2.377058211374365,2.3683035324257986,-0.3702367941712204,-0.15014492753623188,True,Meta-Llama-3.1-8B-Instruct|s1
RedHatAI/Meta-Llama-3.1-8B-Instruct-quantized.w8a8,llama-3.1,Meta-Llama-3.1-8B-Instruct,w8a8_int,mmlu_pro,30.8,0.1,-1.240368344782712,-1.8135679752331755,-0.6671687143322487,-0.3702367941712204,-1.5395238095238095,False,Meta-Llama-3.1-8B-Instruct|s1
RedHatAI/Meta-Llama-3.1-8B-Instruct-quantized.w8a8,llama-3.1,Meta-Llama-3.1-8B-Instruct,w8a8_int,ifeval,77.9,0.1,-0.00830338818235804,-2.4377795438865157,2.4211727675217998,-0.3702367941712204,-0.23833333333333334,True,Meta-Llama-3.1-8B-Instruct|s1
RedHatAI/Meta-Llama-3.1-8B-Instruct-quantized.w8a8,llama-3.1,Meta-Llama-3.1-8B-Instruct,w8a8_int,bbh,30.1,0.9,-0.6211551202672863,-1.3953394845033578,0.15302924396878514,-0.3702367941712204,-0.8009999999999999,False,Meta-Llama-3.1-8B-Instruct|s1
RedHatAI/Meta-Llama-3.1-8B-Instruct-quantized.w8a8,llama-3.1,Meta-Llama-3.1-8B-Instruct,w8a8_int,humaneval,67.3,-0.2,-0.04704675614553172,-5.035959317391731,4.941865805100667,-0.3702367941712204,-0.40545454545454546,True,Meta-Llama-3.1-8B-Instruct|s1
RedHatAI/Meta-Llama-3.1-8B-Instruct-quantized.w8a8,llama-3.1,Meta-Llama-3.1-8B-Instruct,w8a8_int,humaneval_plus,60.7,-0.7,0.3253492629261871,-4.8688081195773885,5.519506645429762,-0.3702367941712204,0.2666666666666667,True,Meta-Llama-3.1-8B-Instruct|s1
RedHatAI/Meta-Llama-3.1-8B-Instruct-FP8-dynamic,llama-3.1,Meta-Llama-3.1-8B-Instruct,fp8_dynamic,mmlu,67.95,0.07,-0.22428439938850894,-0.7676735555958767,0.31910475681885875,-0.3397142857142857,-0.4864179104477612,True,Meta-Llama-3.1-8B-Instruct|s2
RedHatAI/Meta-Llama-3.1-8B-Instruct-FP8-dynamic,llama-3.1,Meta-Llama-3.1-8B-Instruct,fp8_dynamic,arena_hard,25.8,1.4,-1.50397472402194,-4.203848793544544,1.1958993455006635,-0.3397142857142857,-1.4666666666666668,False,Meta-Llama-3.1-8B-Instruct|s2
RedHatAI/Meta-Llama-3.1-8B-Instruct-FP8-dynamic,llama-3.1,Meta-Llama-3.1-8B-Instruct,fp8_dynamic,mmlu_cot,71.2,0.4,-0.28331212167820025,-0.8105886761227443,0.24396443276634378,-0.3397142857142857,-0.4575,False,Meta-Llama-3.1-8B-Instruct|s2
RedHatAI/Meta-Llama-3.1-8B-Instruct-FP8-dynamic,llama-3.1,Meta-Llama-3.1-8B-Instruct,fp8_dynamic,arc_challenge,82.0,-0.8,-0.06808643863710084,-1.6165324840244306,1.4803596067502287,-0.3397142857142857,-0.38223880597014925,True,Meta-Llama-3.1-8B-Instruct|s2
RedHatAI/Meta-Llama-3.1-8B-Instruct-FP8-dynamic,llama-3.1,Meta-Llama-3.1-8B-Instruct,fp8_dynamic,gsm8k,82.0,0.0,-0.04139807258530176,-1.5010102746106702,1.4182141294400665,-0.3397142857142857,-0.3678461538461538,True,Meta-Llama-3.1-8B-Instruct|s2
RedHatAI/Meta-Llama-3.1-8B-Instruct-FP8-dynamic,llama-3.1,Meta-Llama-3.1-8B-Instruct,fp8_dynamic,hellaswag,80.5,-0.5,-0.026064071434704628,-0.5715980950985744,0.5194699522291653,-0.3397142857142857,-0.2858823529411765,True,Meta-Llama-3.1-8B-Instruct|s2
RedHatAI/Meta-Llama-3.1-8B-Instruct-FP8-dynamic,llama-3.1,Meta-Llama-3.1-8B-Instruct,fp8_dynamic,winogrande,78.5,-0.8,0.06857865163623778,-1.5239324011513773,1.6610897044238526,-0.3397142857142857,-0.18,True,Meta-Llama-3.1-8B-Instruct|s2
RedHatAI/Meta-Llama-3.1-8B-Instruct-FP8-dynamic,llama-3.1,Meta-Llama-3.1-8B-Instruct,fp8_dynamic,truthfulqa,54.5,-0.2,0.007345555187505293,-2.3965169612812285,2.411208071656239,-0.3397142857142857,-0.22323076923076923,True,Meta-Llama-3.1-8B-Instruct|s2
RedHatAI/Meta-Llama-3.1-8B-Instruct-FP8-dynamic,llama-3.1,Meta-Llama-3.1-8B-Instruct,fp8_dynamic,mmlu_pro,30.8,0.4,-1.0974332811501073,-1.678165870354217,-0.5167006919459974,-0.3397142857142857,-1.3995454545454546,False,Meta-Llama-3.1-8B-Instruct|s2
RedHatAI/Meta-Llama-3.1-8B-Instruct-FP8-dynamic,llama-3.1,Meta-Llama-3.1-8B-Instruct,fp8_dynamic,ifeval,77.9,-0.7,0.04716523891977292,-2.4142389619220004,2.5085694397615463,-0.3397142857142857,-0.27473684210526317,True,Meta-Llama-3.1-8B-Instruct|s2
RedHatAI/Meta-Llama-3.1-8B-Instruct-FP8-dynamic,llama-3.1,Meta-Llama-3.1-8B-Instruct,fp8_dynamic,bbh,30.1,-0.4,-0.560096266007326,-1.3444549195724487,0.22426238755779682,-0.3397142857142857,-0.728,True,Meta-Llama-3.1-8B-Instruct|s2
RedHatAI/Meta-Llama-3.1-8B-Instruct-FP8-dynamic,llama-3.1,Meta-Llama-3.1-8B-Instruct,fp8_dynamic,humaneval,67.3,0.0,0.134001632006849,-4.920474950137064,5.188478214150762,-0.3397142857142857,-0.26666666666666666,True,Meta-Llama-3.1-8B-Instruct|s2
RedHatAI/Meta-Llama-3.1-8B-Instruct-FP8-dynamic,llama-3.1,Meta-Llama-3.1-8B-Instruct,fp8_dynamic,humaneval_plus,60.7,0.6,0.40037921303711804,-4.862039506780297,5.662797932854533,-0.3397142857142857,0.2833333333333334,True,Meta-Llama-3.1-8B-Instruct|s2
RedHatAI/Meta-Llama-3.1-8B-Instruct-FP8,llama-3.1,Meta-Llama-3.1-8B-Instruct,fp8,mmlu,67.95,0.02,-0.42203867020836405,-0.9654278264157318,0.12135048599900367,-0.3397142857142857,-0.4864179104477612,True,Meta-Llama-3.1-8B-Instruct|s2
RedHatAI/Meta-Llama-3.1-8B-Instruct-FP8,llama-3.1,Meta-Llama-3.1-8B-Instruct,fp8,mmlu_cot,71.24,-0.12,-0.480880697685507,-1.0079389483463426,0.04617755297532844,-0.3397142857142857,-0.4575,True,Meta-Llama-3.1-8B-Instruct|s2
RedHatAI/Meta-Llama-3.1-8B-Instruct-FP8,llama-3.1,Meta-Llama-3.1-8B-Instruct,fp8,arc_challenge,82.0,-0.34,-0.2658407094569559,-1.8142867548442856,1.2826053359303737,-0.3397142857142857,-0.38223880597014925,True,Meta-Llama-3.1-8B-Instruct|s2
RedHatAI/Meta-Llama-3.1-8B-Instruct-FP8,llama-3.1,Meta-Llama-3.1-8B-Instruct,fp8,gsm8k,81.96,-0.84,-0.23918511971230533,-1.7000617712885207,1.2216915318639099,-0.3397142857142857,-0.3678461538461538,True,Meta-Llama-3.1-8B-Instruct|s2
RedHatAI/Meta-Llama-3.1-8B-Instruct-FP8,llama-3.1,Meta-Llama-3.1-8B-Instruct,fp8,hellaswag,80.46,-0.06,-0.22393881310393499,-0.7698963800007306,0.32201875379286066,-0.3397142857142857,-0.2858823529411765,True,Meta-Llama-3.1-8B-Instruct|s2
RedHatAI/Meta-Llama-3.1-8B-Instruct-FP8,llama-3.1,Meta-Llama-3.1-8B-Instruct,fp8,winogrande,78.45,-0.55,-0.1292608775866033,-1.7231147726662717,1.464593017493065,-0.3397142857142857,-0.18,True,Meta-Llama-3.1-8B-Instruct|s2
RedHatAI/Meta-Llama-3.1-8B-Instruct-FP8,llama-3.1,Meta-Llama-3.1-8B-Instruct,fp8,truthfulqa,54.5,-0.58,-0.1904087156323498,-2.5942712321010837,2.2134538008363838,-0.3397142857142857,-0.22323076923076923,True,Meta-Llama-3.1-8B-Instruct|s2
RedHatAI/Meta-Llama-3.1-8B-Instruct-quantized.w4a16,llama-3.1,Meta-Llama-3.1-8B-Instruct,w4a16,arena_hard,25.8,1.4,-1.8550750071886728,-4.554949076711276,0.8447990623339308,-0.3397142857142857,-1.4666666666666668,False,Meta-Llama-3.1-8B-Instruct|s2
RedHatAI/Meta-Llama-3.1-8B-Instruct-quantized.w4a16,llama-3.1,Meta-Llama-3.1-8B-Instruct,w4a16,mmlu,68.3,-1.4,-0.5735953868364706,-1.1153993817800076,-0.03179139189293356,-0.3397142857142857,-0.4864179104477612,False,Meta-Llama-3.1-8B-Instruct|s2
RedHatAI/Meta-Llama-3.1-8B-Instruct-quantized.w4a16,llama-3.1,Meta-Llama-3.1-8B-Instruct,w4a16,mmlu_cot,72.8,-1.7,-0.6271763575595284,-1.1453226103025682,-0.10903010481648845,-0.3397142857142857,-0.4575,False,Meta-Llama-3.1-8B-Instruct|s2
RedHatAI/Meta-Llama-3.1-8B-Instruct-quantized.w4a16,llama-3.1,Meta-Llama-3.1-8B-Instruct,w4a16,gsm8k,82.8,0.1,-0.3919388721698591,-1.8256897552896771,1.041812010949959,-0.3397142857142857,-0.3678461538461538,True,Meta-Llama-3.1-8B-Instruct|s2
RedHatAI/Meta-Llama-3.1-8B-Instruct-quantized.w4a16,llama-3.1,Meta-Llama-3.1-8B-Instruct,w4a16,hellaswag,80.5,-0.6,-0.3771643546014374,-0.9226983782653072,0.16836966906243245,-0.3397142857142857,-0.2858823529411765,True,Meta-Llama-3.1-8B-Instruct|s2
RedHatAI/Meta-Llama-3.1-8B-Instruct-quantized.w4a16,llama-3.1,Meta-Llama-3.1-8B-Instruct,w4a16,winogrande,78.1,-0.1,-0.2832215940558297,-1.886378282478617,1.3199350943669574,-0.3397142857142857,-0.18,True,Meta-Llama-3.1-8B-Instruct|s2
RedHatAI/Meta-Llama-3.1-8B-Instruct-quantized.w4a16,llama-3.1,Meta-Llama-3.1-8B-Instruct,w4a16,truthfulqa,54.5,-1.7,-0.3437547279792274,-2.747617244447961,2.0601077884895065,-0.3397142857142857,-0.22323076923076923,True,Meta-Llama-3.1-8B-Instruct|s2
RedHatAI/Meta-Llama-3.1-8B-Instruct-quantized.w4a16,llama-3.1,Meta-Llama-3.1-8B-Instruct,w4a16,mmlu_pro,30.8,-2.0,-1.44853356431684,-2.02926615352095,-0.8678009751127301,-0.3397142857142857,-1.3995454545454546,True,Meta-Llama-3.1-8B-Instruct|s2
RedHatAI/Meta-Llama-3.1-8B-Instruct-quantized.w4a16,llama-3.1,Meta-Llama-3.1-8B-Instruct,w4a16,ifeval,77.9,-1.6,-0.3039350442469597,-2.7653392450887333,2.1574691565948134,-0.3397142857142857,-0.27473684210526317,True,Meta-Llama-3.1-8B-Instruct|s2
RedHatAI/Meta-Llama-3.1-8B-Instruct-quantized.w4a16,llama-3.1,Meta-Llama-3.1-8B-Instruct,w4a16,bbh,30.1,-1.2,-0.9111965491740588,-1.6955552027391816,-0.126837895608936,-0.3397142857142857,-0.728,True,Meta-Llama-3.1-8B-Instruct|s2
RedHatAI/Meta-Llama-3.1-8B-Instruct-quantized.w4a16,llama-3.1,Meta-Llama-3.1-8B-Instruct,w4a16,humaneval,67.3,-0.2,-0.21709865115988358,-5.271575233303796,4.8373779309840295,-0.3397142857142857,-0.26666666666666666,True,Meta-Llama-3.1-8B-Instruct|s2
RedHatAI/Meta-Llama-3.1-8B-Instruct-quantized.w4a16,llama-3.1,Meta-Llama-3.1-8B-Instruct,w4a16,humaneval_plus,60.7,-1.6,0.049278929870385346,-5.2131397899470295,5.3116976496878,-0.3397142857142857,0.2833333333333334,True,Meta-Llama-3.1-8B-Instruct|s2
RedHatAI/Meta-Llama-3.1-8B-Instruct-quantized.w8a16,llama-3.1,Meta-Llama-3.1-8B-Instruct,w8a16,hellaswag,80.47,0.01,0.06276958164126106,-0.48308218235637607,0.6086213456388982,-0.3397142857142857,-0.2858823529411765,True,Meta-Llama-3.1-8B-Instruct|s2
RedHatAI/Meta-Llama-3.1-8B-Instruct-quantized.w8a16,llama-3.1,Meta-Llama-3.1-8B-Instruct,w8a16,winogrande,78.06,-0.55,0.15673043051618202,-1.4474786931633226,1.7609395541956867,-0.3397142857142857,-0.18,True,Meta-Llama-3.1-8B-Instruct|s2
RedHatAI/Meta-Llama-3.1-8B-Instruct-quantized.w8a16,llama-3.1,Meta-Llama-3.1-8B-Instruct,w8a16,truthfulqa,54.48,-0.07,0.09613336243131909,-2.307816204322924,2.500082929185562,-0.3397142857142857,-0.22323076923076923,True,Meta-Llama-3.1-8B-Instruct|s2
RedHatAI/Meta-Llama-3.1-8B-Instruct-quantized.w8a8,llama-3.1,Meta-Llama-3.1-8B-Instruct,w8a8_int,arena_hard,25.8,1.4,-1.5500492125990517,-4.249923282121655,1.1498248569235519,-0.3397142857142857,-1.4666666666666668,False,Meta-Llama-3.1-8B-Instruct|s2
RedHatAI/Meta-Llama-3.1-8B-Instruct-quantized.w8a8,llama-3.1,Meta-Llama-3.1-8B-Instruct,w8a8_int,mmlu,68.3,-0.5,-0.26856959224684984,-0.8103735871903869,0.2732344026966872,-0.3397142857142857,-0.4864179104477612,True,Meta-Llama-3.1-8B-Instruct|s2
RedHatAI/Meta-Llama-3.1-8B-Instruct-quantized.w8a8,llama-3.1,Meta-Llama-3.1-8B-Instruct,w8a8_int,mmlu_cot,72.8,-0.6,-0.3221505629699074,-0.8402968157129473,0.19599568977313253,-0.3397142857142857,-0.4575,True,Meta-Llama-3.1-8B-Instruct|s2
RedHatAI/Meta-Llama-3.1-8B-Instruct-quantized.w8a8,llama-3.1,Meta-Llama-3.1-8B-Instruct,w8a8_int,arc_challenge,81.4,0.3,-0.11459114962124484,-1.6828638156494098,1.4536815164069201,-0.3397142857142857,-0.38223880597014925,True,Meta-Llama-3.1-8B-Instruct|s2
RedHatAI/Meta-Llama-3.1-8B-Instruct-quantized.w8a8,llama-3.1,Meta-Llama-3.1-8B-Instruct,w8a8_int,gsm8k,82.8,2.0,-0.08691307758023842,-1.5206639607000565,1.3468378055395795,-0.3397142857142857,-0.3678461538461538,False,Meta-Llama-3.1-8B-Instruct|s2
RedHatAI/Meta-Llama-3.1-8B-Instruct-quantized.w8a8,llama-3.1,Meta-Llama-3.1-8B-Instruct,w8a8_int,hellaswag,80.5,-0.2,-0.07213856001181651,-0.6176725836756863,0.4733954636520533,-0.3397142857142857,-0.2858823529411765,True,Meta-Llama-3.1-8B-Instruct|s2
RedHatAI/Meta-Llama-3.1-8B-Instruct-quantized.w8a8,llama-3.1,Meta-Llama-3.1-8B-Instruct,w8a8_int,winogrande,78.1,0.4,0.021804200533791007,-1.5813524878889962,1.6249608889565783,-0.3397142857142857,-0.18,True,Meta-Llama-3.1-8B-Instruct|s2
RedHatAI/Meta-Llama-3.1-8B-Instruct-quantized.w8a8,llama-3.1,Meta-Llama-3.1-8B-Instruct,w8a8_int,truthfulqa,54.5,0.2,-0.038728933389606646,-2.4425914498583405,2.365133583079127,-0.3397142857142857,-0.22323076923076923,True,Meta-Llama-3.1-8B-Instruct|s2
RedHatAI/Meta-Llama-3.1-8B-Instruct-quantized.w8a8,llama-3.1,Meta-Llama-3.1-8B-Instruct,w8a8_int,mmlu_pro,30.8,0.1,-1.1435077697272191,-1.724240358931329,-0.5627751805231093,-0.3397142857142857,-1.3995454545454546,False,Meta-Llama-3.1-8B-Instruct|s2
RedHatAI/Meta-Llama-3.1-8B-Instruct-quantized.w8a8,llama-3.1,Meta-Llama-3.1-8B-Instruct,w8a8_int,ifeval,77.9,0.1,0.0010907503426609844,-2.4603134504991124,2.4624949511844343,-0.3397142857142857,-0.27473684210526317,True,Meta-Llama-3.1-8B-Instruct|s2
RedHatAI/Meta-Llama-3.1-8B-Instruct-quantized.w8a8,llama-3.1,Meta-Llama-3.1-8B-Instruct,w8a8_int,bbh,30.1,0.9,-0.6061707545844379,-1.3905294081495607,0.17818789898068488,-0.3397142857142857,-0.728,False,Meta-Llama-3.1-8B-Instruct|s2
RedHatAI/Meta-Llama-3.1-8B-Instruct-quantized.w8a8,llama-3.1,Meta-Llama-3.1-8B-Instruct,w8a8_int,humaneval,67.3,-0.2,0.08792714342973706,-4.966549438714176,5.14240372557365,-0.3397142857142857,-0.26666666666666666,True,Meta-Llama-3.1-8B-Instruct|s2
RedHatAI/Meta-Llama-3.1-8B-Instruct-quantized.w8a8,llama-3.1,Meta-Llama-3.1-8B-Instruct,w8a8_int,humaneval_plus,60.7,-0.7,0.354304724460006,-4.908113995357409,5.6167234442774205,-0.3397142857142857,0.2833333333333334,True,Meta-Llama-3.1-8B-Instruct|s2
RedHatAI/Meta-Llama-3.1-8B-Instruct-FP8-dynamic,llama-3.1,Meta-Llama-3.1-8B-Instruct,fp8_dynamic,mmlu,67.95,0.07,-0.22368754553328069,-0.867036654968409,0.41966156390184767,-0.35158894645941274,-0.5181428571428572,True,Meta-Llama-3.1-8B-Instruct|s3
RedHatAI/Meta-Llama-3.1-8B-Instruct-FP8-dynamic,llama-3.1,Meta-Llama-3.1-8B-Instruct,fp8_dynamic,arena_hard,25.8,1.4,0.041136117168825204,-3.1553972666359575,3.237669500973608,-0.35158894645941274,0.0666666666666667,True,Meta-Llama-3.1-8B-Instruct|s3
RedHatAI/Meta-Llama-3.1-8B-Instruct-FP8-dynamic,llama-3.1,Meta-Llama-3.1-8B-Instruct,fp8_dynamic,mmlu_cot,71.2,0.4,-0.3664550497886584,-0.9907275400524619,0.2578174404751451,-0.35158894645941274,-0.620909090909091,False,Meta-Llama-3.1-8B-Instruct|s3
RedHatAI/Meta-Llama-3.1-8B-Instruct-FP8-dynamic,llama-3.1,Meta-Llama-3.1-8B-Instruct,fp8_dynamic,arc_challenge,82.0,-0.8,-0.07794944154655314,-1.911242161742315,1.7553432786492087,-0.35158894645941274,-0.3605633802816901,True,Meta-Llama-3.1-8B-Instruct|s3
RedHatAI/Meta-Llama-3.1-8B-Instruct-FP8-dynamic,llama-3.1,Meta-Llama-3.1-8B-Instruct,fp8_dynamic,gsm8k,82.0,0.0,-0.27550454703235755,-2.003621863262554,1.452612769197839,-0.35158894645941274,-0.5987142857142856,True,Meta-Llama-3.1-8B-Instruct|s3
RedHatAI/Meta-Llama-3.1-8B-Instruct-FP8-dynamic,llama-3.1,Meta-Llama-3.1-8B-Instruct,fp8_dynamic,hellaswag,80.5,-0.5,0.0532953417656396,-0.5925931973806522,0.6991838809119315,-0.35158894645941274,-0.20416666666666666,True,Meta-Llama-3.1-8B-Instruct|s3
RedHatAI/Meta-Llama-3.1-8B-Instruct-FP8-dynamic,llama-3.1,Meta-Llama-3.1-8B-Instruct,fp8_dynamic,winogrande,78.5,-0.8,0.08827886167729493,-1.7971849093103,1.97374263266489,-0.35158894645941274,-0.168,True,Meta-Llama-3.1-8B-Instruct|s3
RedHatAI/Meta-Llama-3.1-8B-Instruct-FP8-dynamic,llama-3.1,Meta-Llama-3.1-8B-Instruct,fp8_dynamic,truthfulqa,54.5,-0.2,0.07762835319026501,-2.768440235974705,2.923696942355235,-0.35158894645941274,-0.1852112676056338,True,Meta-Llama-3.1-8B-Instruct|s3
RedHatAI/Meta-Llama-3.1-8B-Instruct-FP8-dynamic,llama-3.1,Meta-Llama-3.1-8B-Instruct,fp8_dynamic,mmlu_pro,30.8,0.4,-1.0315253117331713,-1.7190874204290654,-0.34396320303727734,-0.35158894645941274,-1.4458333333333335,False,Meta-Llama-3.1-8B-Instruct|s3
RedHatAI/Meta-Llama-3.1-8B-Instruct-FP8-dynamic,llama-3.1,Meta-Llama-3.1-8B-Instruct,fp8_dynamic,ifeval,77.9,-0.7,0.15043585411523375,-2.76375958479251,3.0646312930229778,-0.35158894645941274,-0.19761904761904758,True,Meta-Llama-3.1-8B-Instruct|s3
RedHatAI/Meta-Llama-3.1-8B-Instruct-FP8-dynamic,llama-3.1,Meta-Llama-3.1-8B-Instruct,fp8_dynamic,bbh,30.1,-0.4,-0.5952857486063746,-1.523932254493376,0.33336075728062686,-0.35158894645941274,-0.9052173913043479,True,Meta-Llama-3.1-8B-Instruct|s3
RedHatAI/Meta-Llama-3.1-8B-Instruct-FP8-dynamic,llama-3.1,Meta-Llama-3.1-8B-Instruct,fp8_dynamic,humaneval,67.3,0.0,0.08007914840061225,-5.904201124100908,6.064359420902132,-0.35158894645941274,-0.38079999999999997,True,Meta-Llama-3.1-8B-Instruct|s3
RedHatAI/Meta-Llama-3.1-8B-Instruct-FP8-dynamic,llama-3.1,Meta-Llama-3.1-8B-Instruct,fp8_dynamic,humaneval_plus,60.7,0.6,0.3874709545741577,-5.843003758059384,6.6179456672076995,-0.35158894645941274,0.13333333333333333,True,Meta-Llama-3.1-8B-Instruct|s3
RedHatAI/Meta-Llama-3.1-8B-Instruct-FP8,llama-3.1,Meta-Llama-3.1-8B-Instruct,fp8,mmlu,67.95,0.02,-0.46646923007742297,-1.1098183395125514,0.17687987935770538,-0.35158894645941274,-0.5181428571428572,True,Meta-Llama-3.1-8B-Instruct|s3
RedHatAI/Meta-Llama-3.1-8B-Instruct-FP8,llama-3.1,Meta-Llama-3.1-8B-Instruct,fp8,mmlu_cot,71.24,-0.12,-0.6092228778136928,-1.233236905899459,0.01479115027207345,-0.35158894645941274,-0.620909090909091,True,Meta-Llama-3.1-8B-Instruct|s3
RedHatAI/Meta-Llama-3.1-8B-Instruct-FP8,llama-3.1,Meta-Llama-3.1-8B-Instruct,fp8,arc_challenge,82.0,-0.34,-0.32073112609069543,-2.1540238462864574,1.5125615941050663,-0.35158894645941274,-0.3605633802816901,True,Meta-Llama-3.1-8B-Instruct|s3
RedHatAI/Meta-Llama-3.1-8B-Instruct-FP8,llama-3.1,Meta-Llama-3.1-8B-Instruct,fp8,gsm8k,81.96,-0.84,-0.5181605797701014,-2.2477749492321673,1.2114537896919646,-0.35158894645941274,-0.5987142857142856,True,Meta-Llama-3.1-8B-Instruct|s3
RedHatAI/Meta-Llama-3.1-8B-Instruct-FP8,llama-3.1,Meta-Llama-3.1-8B-Instruct,fp8,hellaswag,80.46,-0.06,-0.18943235101956896,-0.8358223469185351,0.4569576448793971,-0.35158894645941274,-0.20416666666666666,True,Meta-Llama-3.1-8B-Instruct|s3
RedHatAI/Meta-Llama-3.1-8B-Instruct-FP8,llama-3.1,Meta-Llama-3.1-8B-Instruct,fp8,winogrande,78.45,-0.55,-0.15438842218058554,-2.0414420599935217,1.7326652156323508,-0.35158894645941274,-0.168,True,Meta-Llama-3.1-8B-Instruct|s3
RedHatAI/Meta-Llama-3.1-8B-Instruct-FP8,llama-3.1,Meta-Llama-3.1-8B-Instruct,fp8,truthfulqa,54.5,-0.58,-0.16515333135387728,-3.0112219205188473,2.6809152578110926,-0.35158894645941274,-0.1852112676056338,True,Meta-Llama-3.1-8B-Instruct|s3
RedHatAI/Meta-Llama-3.1-8B-Instruct-quantized.w4a16,llama-3.1,Meta-Llama-3.1-8B-Instruct,w4a16,arena_hard,25.8,1.4,-0.4545920182274211,-3.651125402032204,2.7419413655773615,-0.35158894645941274,0.0666666666666667,True,Meta-Llama-3.1-8B-Instruct|s3
RedHatAI/Meta-Llama-3.1-8B-Instruct-quantized.w4a16,llama-3.1,Meta-Llama-3.1-8B-Instruct,w4a16,mmlu,68.3,-1.4,-0.7191166862612712,-1.3605890337556308,-0.07764433876691179,-0.35158894645941274,-0.5181428571428572,False,Meta-Llama-3.1-8B-Instruct|s3
RedHatAI/Meta-Llama-3.1-8B-Instruct-quantized.w4a16,llama-3.1,Meta-Llama-3.1-8B-Instruct,w4a16,mmlu_cot,72.8,-1.7,-0.8618354904978677,-1.4752981009518962,-0.24837288004383906,-0.35158894645941274,-0.620909090909091,False,Meta-Llama-3.1-8B-Instruct|s3
RedHatAI/Meta-Llama-3.1-8B-Instruct-quantized.w4a16,llama-3.1,Meta-Llama-3.1-8B-Instruct,w4a16,gsm8k,82.8,0.1,-0.7738362722235996,-2.4713349125073916,0.9236623680601923,-0.35158894645941274,-0.5987142857142856,True,Meta-Llama-3.1-8B-Instruct|s3
RedHatAI/Meta-Llama-3.1-8B-Instruct-quantized.w4a16,llama-3.1,Meta-Llama-3.1-8B-Instruct,w4a16,hellaswag,80.5,-0.6,-0.4424327936306065,-1.0883213327768984,0.20345574551568535,-0.35158894645941274,-0.20416666666666666,True,Meta-Llama-3.1-8B-Instruct|s3
RedHatAI/Meta-Llama-3.1-8B-Instruct-quantized.w4a16,llama-3.1,Meta-Llama-3.1-8B-Instruct,w4a16,winogrande,78.1,-0.1,-0.40655127105243705,-2.3046190112709626,1.4915164691660883,-0.35158894645941274,-0.168,True,Meta-Llama-3.1-8B-Instruct|s3
RedHatAI/Meta-Llama-3.1-8B-Instruct-quantized.w4a16,llama-3.1,Meta-Llama-3.1-8B-Instruct,w4a16,truthfulqa,54.5,-1.7,-0.4180997822059813,-3.2641683713709515,2.4279688069589884,-0.35158894645941274,-0.1852112676056338,True,Meta-Llama-3.1-8B-Instruct|s3
RedHatAI/Meta-Llama-3.1-8B-Instruct-quantized.w4a16,llama-3.1,Meta-Llama-3.1-8B-Instruct,w4a16,mmlu_pro,30.8,-2.0,-1.5272534471294175,-2.2148155558253113,-0.8396913384335235,-0.35158894645941274,-1.4458333333333335,True,Meta-Llama-3.1-8B-Instruct|s3
RedHatAI/Meta-Llama-3.1-8B-Instruct-quantized.w4a16,llama-3.1,Meta-Llama-3.1-8B-Instruct,w4a16,ifeval,77.9,-1.6,-0.3452922812810124,-3.259487720188756,2.5689031576267314,-0.35158894645941274,-0.19761904761904758,True,Meta-Llama-3.1-8B-Instruct|s3
RedHatAI/Meta-Llama-3.1-8B-Instruct-quantized.w4a16,llama-3.1,Meta-Llama-3.1-8B-Instruct,w4a16,bbh,30.1,-1.2,-1.0910138840026207,-2.019660389889622,-0.1623673781156192,-0.35158894645941274,-0.9052173913043479,True,Meta-Llama-3.1-8B-Instruct|s3
RedHatAI/Meta-Llama-3.1-8B-Instruct-quantized.w4a16,llama-3.1,Meta-Llama-3.1-8B-Instruct,w4a16,humaneval,67.3,-0.2,-0.4156489869956339,-6.399929259497154,5.568631285505886,-0.35158894645941274,-0.38079999999999997,True,Meta-Llama-3.1-8B-Instruct|s3
RedHatAI/Meta-Llama-3.1-8B-Instruct-quantized.w4a16,llama-3.1,Meta-Llama-3.1-8B-Instruct,w4a16,humaneval_plus,60.7,-1.6,-0.10825718082208846,-6.3387318934556305,6.122217531811453,-0.35158894645941274,0.13333333333333333,True,Meta-Llama-3.1-8B-Instruct|s3
RedHatAI/Meta-Llama-3.1-8B-Instruct-quantized.w8a16,llama-3.1,Meta-Llama-3.1-8B-Instruct,w8a16,hellaswag,80.47,0.01,0.007596467318597644,-0.6386682625529334,0.6538611971901287,-0.35158894645941274,-0.20416666666666666,True,Meta-Llama-3.1-8B-Instruct|s3
RedHatAI/Meta-Llama-3.1-8B-Instruct-quantized.w8a16,llama-3.1,Meta-Llama-3.1-8B-Instruct,w8a16,winogrande,78.06,-0.55,0.043525112168702196,-1.855788665585561,1.9428388899229654,-0.35158894645941274,-0.168,True,Meta-Llama-3.1-8B-Instruct|s3
RedHatAI/Meta-Llama-3.1-8B-Instruct-quantized.w8a16,llama-3.1,Meta-Llama-3.1-8B-Instruct,w8a16,truthfulqa,54.48,-0.07,0.03183300539573819,-2.8143386475183307,2.8780046583098073,-0.35158894645941274,-0.1852112676056338,True,Meta-Llama-3.1-8B-Instruct|s3
RedHatAI/Meta-Llama-3.1-8B-Instruct-quantized.w8a8,llama-3.1,Meta-Llama-3.1-8B-Instruct,w8a8_int,arena_hard,25.8,1.4,-0.02181873720882599,-3.218352121013609,3.1747146465959566,-0.35158894645941274,0.0666666666666667,True,Meta-Llama-3.1-8B-Instruct|s3
RedHatAI/Meta-Llama-3.1-8B-Instruct-quantized.w8a8,llama-3.1,Meta-Llama-3.1-8B-Instruct,w8a8_int,mmlu,68.3,-0.5,-0.28634340524267604,-0.9278157527370354,0.3551289422516834,-0.35158894645941274,-0.5181428571428572,True,Meta-Llama-3.1-8B-Instruct|s3
RedHatAI/Meta-Llama-3.1-8B-Instruct-quantized.w8a8,llama-3.1,Meta-Llama-3.1-8B-Instruct,w8a8_int,mmlu_cot,72.8,-0.6,-0.42906220947927265,-1.0425248199333013,0.18440040097475596,-0.35158894645941274,-0.620909090909091,True,Meta-Llama-3.1-8B-Instruct|s3
RedHatAI/Meta-Llama-3.1-8B-Instruct-quantized.w8a8,llama-3.1,Meta-Llama-3.1-8B-Instruct,w8a8_int,arc_challenge,81.4,0.3,-0.13897870777275217,-1.995745283835306,1.7177878682898016,-0.35158894645941274,-0.3605633802816901,True,Meta-Llama-3.1-8B-Instruct|s3
RedHatAI/Meta-Llama-3.1-8B-Instruct-quantized.w8a8,llama-3.1,Meta-Llama-3.1-8B-Instruct,w8a8_int,gsm8k,82.8,2.0,-0.34106299120500444,-2.0385616314887964,1.3564356490787874,-0.35158894645941274,-0.5987142857142856,False,Meta-Llama-3.1-8B-Instruct|s3
RedHatAI/Meta-Llama-3.1-8B-Instruct-quantized.w8a8,llama-3.1,Meta-Llama-3.1-8B-Instruct,w8a8_int,hellaswag,80.5,-0.2,-0.00965951261201159,-0.6555480517583034,0.6362290265342803,-0.35158894645941274,-0.20416666666666666,True,Meta-Llama-3.1-8B-Instruct|s3
RedHatAI/Meta-Llama-3.1-8B-Instruct-quantized.w8a8,llama-3.1,Meta-Llama-3.1-8B-Instruct,w8a8_int,winogrande,78.1,0.4,0.0262220099661582,-1.871845730252367,1.9242897501846836,-0.35158894645941274,-0.168,True,Meta-Llama-3.1-8B-Instruct|s3
RedHatAI/Meta-Llama-3.1-8B-Instruct-quantized.w8a8,llama-3.1,Meta-Llama-3.1-8B-Instruct,w8a8_int,truthfulqa,54.5,0.2,0.014673498812613817,-2.8313950903523564,2.8607420879775836,-0.35158894645941274,-0.1852112676056338,True,Meta-Llama-3.1-8B-Instruct|s3
RedHatAI/Meta-Llama-3.1-8B-Instruct-quantized.w8a8,llama-3.1,Meta-Llama-3.1-8B-Instruct,w8a8_int,mmlu_pro,30.8,0.1,-1.0944801661108225,-1.7820422748067166,-0.4069180574149286,-0.35158894645941274,-1.4458333333333335,False,Meta-Llama-3.1-8B-Instruct|s3
RedHatAI/Meta-Llama-3.1-8B-Instruct-quantized.w8a8,llama-3.1,Meta-Llama-3.1-8B-Instruct,w8a8_int,ifeval,77.9,0.1,0.08748099973758261,-2.826714439170161,3.0016764386453265,-0.35158894645941274,-0.19761904761904758,True,Meta-Llama-3.1-8B-Instruct|s3
RedHatAI/Meta-Llama-3.1-8B-Instruct-quantized.w8a8,llama-3.1,Meta-Llama-3.1-8B-Instruct,w8a8_int,bbh,30.1,0.9,-0.6582406029840258,-1.5868871088710272,0.2704059029029757,-0.35158894645941274,-0.9052173913043479,False,Meta-Llama-3.1-8B-Instruct|s3
RedHatAI/Meta-Llama-3.1-8B-Instruct-quantized.w8a8,llama-3.1,Meta-Llama-3.1-8B-Instruct,w8a8_int,humaneval,67.3,-0.2,0.017124294022961006,-5.967155978478559,6.0014045665244815,-0.35158894645941274,-0.38079999999999997,True,Meta-Llama-3.1-8B-Instruct|s3
RedHatAI/Meta-Llama-3.1-8B-Instruct-quantized.w8a8,llama-3.1,Meta-Llama-3.1-8B-Instruct,w8a8_int,humaneval_plus,60.7,-0.7,0.32451610019650656,-5.905958612437035,6.554990812830048,-0.35158894645941274,0.13333333333333333,True,Meta-Llama-3.1-8B-Instruct|s3
RedHatAI/Meta-Llama-3.1-8B-Instruct-FP8-dynamic,llama-3.1,Meta-Llama-3.1-8B-Instruct,fp8_dynamic,mmlu,67.95,0.07,-0.09378071049425118,-0.8337107530282476,0.6461493320397452,-0.3481191806331471,-0.4824242424242424,True,Meta-Llama-3.1-8B-Instruct|s4
RedHatAI/Meta-Llama-3.1-8B-Instruct-FP8-dynamic,llama-3.1,Meta-Llama-3.1-8B-Instruct,fp8_dynamic,arena_hard,25.8,1.4,-0.519931385627028,-4.196335142083159,3.1564723708291025,-0.3481191806331471,-0.7000000000000001,True,Meta-Llama-3.1-8B-Instruct|s4
RedHatAI/Meta-Llama-3.1-8B-Instruct-FP8-dynamic,llama-3.1,Meta-Llama-3.1-8B-Instruct,fp8_dynamic,mmlu_cot,71.2,0.4,-0.32549131905971374,-1.0434809198835526,0.39249828176412505,-0.3481191806331471,-0.5750000000000001,False,Meta-Llama-3.1-8B-Instruct|s4
RedHatAI/Meta-Llama-3.1-8B-Instruct-FP8-dynamic,llama-3.1,Meta-Llama-3.1-8B-Instruct,fp8_dynamic,arc_challenge,82.0,-0.8,-0.018670240803784433,-2.1271807532730627,2.0898402716654934,-0.3481191806331471,-0.45121212121212123,True,Meta-Llama-3.1-8B-Instruct|s4
RedHatAI/Meta-Llama-3.1-8B-Instruct-FP8-dynamic,llama-3.1,Meta-Llama-3.1-8B-Instruct,fp8_dynamic,gsm8k,82.0,0.0,0.02104924008687381,-1.9664967136561158,2.0085951938298634,-0.3481191806331471,-0.4093846153846154,True,Meta-Llama-3.1-8B-Instruct|s4
RedHatAI/Meta-Llama-3.1-8B-Instruct-FP8-dynamic,llama-3.1,Meta-Llama-3.1-8B-Instruct,fp8_dynamic,hellaswag,80.5,-0.5,0.10327650751663797,-0.6395741893038672,0.8461272043371432,-0.3481191806331471,-0.27194029850746265,True,Meta-Llama-3.1-8B-Instruct|s4
RedHatAI/Meta-Llama-3.1-8B-Instruct-FP8-dynamic,llama-3.1,Meta-Llama-3.1-8B-Instruct,fp8_dynamic,winogrande,78.5,-0.8,0.22327723495365592,-1.945236357127154,2.391790827034466,-0.3481191806331471,-0.13415384615384612,True,Meta-Llama-3.1-8B-Instruct|s4
RedHatAI/Meta-Llama-3.1-8B-Instruct-FP8-dynamic,llama-3.1,Meta-Llama-3.1-8B-Instruct,fp8_dynamic,truthfulqa,54.5,-0.2,0.233092099859471,-3.0402343435151327,3.5064185432340746,-0.3481191806331471,-0.11246153846153846,True,Meta-Llama-3.1-8B-Instruct|s4
RedHatAI/Meta-Llama-3.1-8B-Instruct-FP8-dynamic,llama-3.1,Meta-Llama-3.1-8B-Instruct,fp8_dynamic,mmlu_pro,30.8,0.4,-0.9364156633224463,-1.727196054358981,-0.14563527228591167,-0.3481191806331471,-1.4181818181818182,False,Meta-Llama-3.1-8B-Instruct|s4
RedHatAI/Meta-Llama-3.1-8B-Instruct-FP8-dynamic,llama-3.1,Meta-Llama-3.1-8B-Instruct,fp8_dynamic,ifeval,77.9,-0.7,0.2159900412288447,-3.135690599095123,3.567670681552812,-0.3481191806331471,-0.15869565217391304,True,Meta-Llama-3.1-8B-Instruct|s4
RedHatAI/Meta-Llama-3.1-8B-Instruct-FP8-dynamic,llama-3.1,Meta-Llama-3.1-8B-Instruct,fp8_dynamic,bbh,30.1,-0.4,-0.371241413487637,-1.4392983028541757,0.6968154758789018,-0.3481191806331471,-0.7141666666666667,True,Meta-Llama-3.1-8B-Instruct|s4
RedHatAI/Meta-Llama-3.1-8B-Instruct-FP8-dynamic,llama-3.1,Meta-Llama-3.1-8B-Instruct,fp8_dynamic,humaneval,67.3,0.0,0.1405731490790741,-6.742079972886418,7.0232262710445665,-0.3481191806331471,-0.34285714285714286,True,Meta-Llama-3.1-8B-Instruct|s4
RedHatAI/Meta-Llama-3.1-8B-Instruct-FP8-dynamic,llama-3.1,Meta-Llama-3.1-8B-Instruct,fp8_dynamic,humaneval_plus,60.7,0.6,0.08829135726172432,-7.07751543646134,7.254098150984788,-0.3481191806331471,-0.19999999999999998,True,Meta-Llama-3.1-8B-Instruct|s4
RedHatAI/Meta-Llama-3.1-8B-Instruct-FP8,llama-3.1,Meta-Llama-3.1-8B-Instruct,fp8,mmlu,67.95,0.02,-0.4018098735169772,-1.1417399160509736,0.3381201690170192,-0.3481191806331471,-0.4824242424242424,True,Meta-Llama-3.1-8B-Instruct|s4
RedHatAI/Meta-Llama-3.1-8B-Instruct-FP8,llama-3.1,Meta-Llama-3.1-8B-Instruct,fp8,mmlu_cot,71.24,-0.12,-0.633408895952746,-1.351101233708083,0.08428344180259106,-0.3481191806331471,-0.5750000000000001,True,Meta-Llama-3.1-8B-Instruct|s4
RedHatAI/Meta-Llama-3.1-8B-Instruct-FP8,llama-3.1,Meta-Llama-3.1-8B-Instruct,fp8,arc_challenge,82.0,-0.34,-0.3266994038265104,-2.4352099162957885,1.7818111086427675,-0.3481191806331471,-0.45121212121212123,True,Meta-Llama-3.1-8B-Instruct|s4
RedHatAI/Meta-Llama-3.1-8B-Instruct-FP8,llama-3.1,Meta-Llama-3.1-8B-Instruct,fp8,gsm8k,81.96,-0.84,-0.28700972653319684,-2.2762774743150485,1.7022580212486549,-0.3481191806331471,-0.4093846153846154,True,Meta-Llama-3.1-8B-Instruct|s4
RedHatAI/Meta-Llama-3.1-8B-Instruct-FP8,llama-3.1,Meta-Llama-3.1-8B-Instruct,fp8,hellaswag,80.46,-0.06,-0.2048367605949431,-0.9482641939196161,0.53859067272973,-0.3481191806331471,-0.27194029850746265,True,Meta-Llama-3.1-8B-Instruct|s4
RedHatAI/Meta-Llama-3.1-8B-Instruct-FP8,llama-3.1,Meta-Llama-3.1-8B-Instruct,fp8,winogrande,78.45,-0.55,-0.08481086371328495,-2.255152996799975,2.085531269373405,-0.3481191806331471,-0.13415384615384612,True,Meta-Llama-3.1-8B-Instruct|s4
RedHatAI/Meta-Llama-3.1-8B-Instruct-FP8,llama-3.1,Meta-Llama-3.1-8B-Instruct,fp8,truthfulqa,54.5,-0.58,-0.07493706316325499,-3.3482635065378585,3.1983893802113488,-0.3481191806331471,-0.11246153846153846,True,Meta-Llama-3.1-8B-Instruct|s4
RedHatAI/Meta-Llama-3.1-8B-Instruct-quantized.w4a16,llama-3.1,Meta-Llama-3.1-8B-Instruct,w4a16,arena_hard,25.8,1.4,-1.062187141476468,-4.738590897932599,2.6142166149796626,-0.3481191806331471,-0.7000000000000001,True,Meta-Llama-3.1-8B-Instruct|s4
RedHatAI/Meta-Llama-3.1-8B-Instruct-quantized.w4a16,llama-3.1,Meta-Llama-3.1-8B-Instruct,w4a16,mmlu,68.3,-1.4,-0.634996706127025,-1.3727682432363717,0.10277483098232165,-0.3481191806331471,-0.4824242424242424,False,Meta-Llama-3.1-8B-Instruct|s4
RedHatAI/Meta-Llama-3.1-8B-Instruct-quantized.w4a16,llama-3.1,Meta-Llama-3.1-8B-Instruct,w4a16,mmlu_cot,72.8,-1.7,-0.8633581152725328,-1.5689150341976479,-0.15780119634741774,-0.3481191806331471,-0.5750000000000001,False,Meta-Llama-3.1-8B-Instruct|s4
RedHatAI/Meta-Llama-3.1-8B-Instruct-quantized.w4a16,llama-3.1,Meta-Llama-3.1-8B-Instruct,w4a16,gsm8k,82.8,0.1,-0.5206592063134833,-2.4729899435230265,1.4316715308960601,-0.3481191806331471,-0.4093846153846154,True,Meta-Llama-3.1-8B-Instruct|s4
RedHatAI/Meta-Llama-3.1-8B-Instruct-quantized.w4a16,llama-3.1,Meta-Llama-3.1-8B-Instruct,w4a16,hellaswag,80.5,-0.6,-0.4389792483328021,-1.1818299451533072,0.3038714484877031,-0.3481191806331471,-0.27194029850746265,True,Meta-Llama-3.1-8B-Instruct|s4
RedHatAI/Meta-Llama-3.1-8B-Instruct-quantized.w4a16,llama-3.1,Meta-Llama-3.1-8B-Instruct,w4a16,winogrande,78.1,-0.1,-0.31945879886813905,-2.502468494778685,1.8635508970424068,-0.3481191806331471,-0.13415384615384612,True,Meta-Llama-3.1-8B-Instruct|s4
RedHatAI/Meta-Llama-3.1-8B-Instruct-quantized.w4a16,llama-3.1,Meta-Llama-3.1-8B-Instruct,w4a16,truthfulqa,54.5,-1.7,-0.30916365598996903,-3.5824900993645725,2.964162787384635,-0.3481191806331471,-0.11246153846153846,True,Meta-Llama-3.1-8B-Instruct|s4
RedHatAI/Meta-Llama-3.1-8B-Instruct-quantized.w4a16,llama-3.1,Meta-Llama-3.1-8B-Instruct,w4a16,mmlu_pro,30.8,-2.0,-1.4786714191718864,-2.269451810208421,-0.6878910281353517,-0.3481191806331471,-1.4181818181818182,True,Meta-Llama-3.1-8B-Instruct|s4
RedHatAI/Meta-Llama-3.1-8B-Instruct-quantized.w4a16,llama-3.1,Meta-Llama-3.1-8B-Instruct,w4a16,ifeval,77.9,-1.6,-0.3262657146205955,-3.677946354944563,3.0254149257033722,-0.3481191806331471,-0.15869565217391304,True,Meta-Llama-3.1-8B-Instruct|s4
RedHatAI/Meta-Llama-3.1-8B-Instruct-quantized.w4a16,llama-3.1,Meta-Llama-3.1-8B-Instruct,w4a16,bbh,30.1,-1.2,-0.913497169337077,-1.9815540587036158,0.15455972002946172,-0.3481191806331471,-0.7141666666666667,True,Meta-Llama-3.1-8B-Instruct|s4
RedHatAI/Meta-Llama-3.1-8B-Instruct-quantized.w4a16,llama-3.1,Meta-Llama-3.1-8B-Instruct,w4a16,humaneval,67.3,-0.2,-0.401682606770366,-7.284335728735858,6.480970515195127,-0.3481191806331471,-0.34285714285714286,True,Meta-Llama-3.1-8B-Instruct|s4
RedHatAI/Meta-Llama-3.1-8B-Instruct-quantized.w4a16,llama-3.1,Meta-Llama-3.1-8B-Instruct,w4a16,humaneval_plus,60.7,-1.6,-0.45396439858771565,-7.61977119231078,6.711842395135348,-0.3481191806331471,-0.19999999999999998,True,Meta-Llama-3.1-8B-Instruct|s4
RedHatAI/Meta-Llama-3.1-8B-Instruct-quantized.w8a16,llama-3.1,Meta-Llama-3.1-8B-Instruct,w8a16,hellaswag,80.47,0.01,-0.11757992477640855,-0.8608632868718707,0.6257034373190536,-0.3481191806331471,-0.27194029850746265,True,Meta-Llama-3.1-8B-Instruct|s4
RedHatAI/Meta-Llama-3.1-8B-Instruct-quantized.w8a16,llama-3.1,Meta-Llama-3.1-8B-Instruct,w8a16,winogrande,78.06,-0.55,0.001954464077742357,-2.18248832716673,2.186397255322215,-0.3481191806331471,-0.13415384615384612,True,Meta-Llama-3.1-8B-Instruct|s4
RedHatAI/Meta-Llama-3.1-8B-Instruct-quantized.w8a16,llama-3.1,Meta-Llama-3.1-8B-Instruct,w8a16,truthfulqa,54.48,-0.07,0.012228196431809335,-3.261216782840546,3.2856731757041646,-0.3481191806331471,-0.11246153846153846,True,Meta-Llama-3.1-8B-Instruct|s4
RedHatAI/Meta-Llama-3.1-8B-Instruct-quantized.w8a8,llama-3.1,Meta-Llama-3.1-8B-Instruct,w8a8_int,arena_hard,25.8,1.4,-0.7948257545257509,-4.471229510981882,2.8815780019303796,-0.3481191806331471,-0.7000000000000001,True,Meta-Llama-3.1-8B-Instruct|s4
RedHatAI/Meta-Llama-3.1-8B-Instruct-quantized.w8a8,llama-3.1,Meta-Llama-3.1-8B-Instruct,w8a8_int,mmlu,68.3,-0.5,-0.3676353191763077,-1.1054068562856543,0.3701362179330389,-0.3481191806331471,-0.4824242424242424,True,Meta-Llama-3.1-8B-Instruct|s4
RedHatAI/Meta-Llama-3.1-8B-Instruct-quantized.w8a8,llama-3.1,Meta-Llama-3.1-8B-Instruct,w8a8_int,mmlu_cot,72.8,-0.6,-0.5959967283218157,-1.301553647246931,0.10956019060329936,-0.3481191806331471,-0.5750000000000001,True,Meta-Llama-3.1-8B-Instruct|s4
RedHatAI/Meta-Llama-3.1-8B-Instruct-quantized.w8a8,llama-3.1,Meta-Llama-3.1-8B-Instruct,w8a8_int,arc_challenge,81.4,0.3,-0.2939653096344815,-2.429473623010335,1.841543003741372,-0.3481191806331471,-0.45121212121212123,True,Meta-Llama-3.1-8B-Instruct|s4
RedHatAI/Meta-Llama-3.1-8B-Instruct-quantized.w8a8,llama-3.1,Meta-Llama-3.1-8B-Instruct,w8a8_int,gsm8k,82.8,2.0,-0.25329781936276613,-2.2056285565723095,1.6990329178467771,-0.3481191806331471,-0.4093846153846154,False,Meta-Llama-3.1-8B-Instruct|s4
RedHatAI/Meta-Llama-3.1-8B-Instruct-quantized.w8a8,llama-3.1,Meta-Llama-3.1-8B-Instruct,w8a8_int,hellaswag,80.5,-0.2,-0.17161786138208496,-0.9144685582025902,0.5712328354384202,-0.3481191806331471,-0.27194029850746265,True,Meta-Llama-3.1-8B-Instruct|s4
RedHatAI/Meta-Llama-3.1-8B-Instruct-quantized.w8a8,llama-3.1,Meta-Llama-3.1-8B-Instruct,w8a8_int,winogrande,78.1,0.4,-0.05209741191742184,-2.2351071078279676,2.130912283993124,-0.3481191806331471,-0.13415384615384612,True,Meta-Llama-3.1-8B-Instruct|s4
RedHatAI/Meta-Llama-3.1-8B-Instruct-quantized.w8a8,llama-3.1,Meta-Llama-3.1-8B-Instruct,w8a8_int,truthfulqa,54.5,0.2,-0.04180226903925194,-3.3151287124138555,3.2315241743353518,-0.3481191806331471,-0.11246153846153846,True,Meta-Llama-3.1-8B-Instruct|s4
RedHatAI/Meta-Llama-3.1-8B-Instruct-quantized.w8a8,llama-3.1,Meta-Llama-3.1-8B-Instruct,w8a8_int,mmlu_pro,30.8,0.1,-1.2113100322211692,-2.002090423257704,-0.42052964118463454,-0.3481191806331471,-1.4181818181818182,False,Meta-Llama-3.1-8B-Instruct|s4
RedHatAI/Meta-Llama-3.1-8B-Instruct-quantized.w8a8,llama-3.1,Meta-Llama-3.1-8B-Instruct,w8a8_int,ifeval,77.9,0.1,-0.05890432766987824,-3.410584967993846,3.292776312654089,-0.3481191806331471,-0.15869565217391304,True,Meta-Llama-3.1-8B-Instruct|s4
RedHatAI/Meta-Llama-3.1-8B-Instruct-quantized.w8a8,llama-3.1,Meta-Llama-3.1-8B-Instruct,w8a8_int,bbh,30.1,0.9,-0.6461357823863599,-1.7141926717528988,0.4219211069801788,-0.3481191806331471,-0.7141666666666667,False,Meta-Llama-3.1-8B-Instruct|s4
RedHatAI/Meta-Llama-3.1-8B-Instruct-quantized.w8a8,llama-3.1,Meta-Llama-3.1-8B-Instruct,w8a8_int,humaneval,67.3,-0.2,-0.13432121981964884,-7.016974341785141,6.748331902145844,-0.3481191806331471,-0.34285714285714286,True,Meta-Llama-3.1-8B-Instruct|s4
RedHatAI/Meta-Llama-3.1-8B-Instruct-quantized.w8a8,llama-3.1,Meta-Llama-3.1-8B-Instruct,w8a8_int,humaneval_plus,60.7,-0.7,-0.1866030116369986,-7.352409805360063,6.979203782086065,-0.3481191806331471,-0.19999999999999998,True,Meta-Llama-3.1-8B-Instruct|s4
RedHatAI/Mistral-7B-Instruct-v0.3-FP8,mistral,Mistral-7B-Instruct-v0.3,fp8,mmlu,61.84,-0.21,-0.4673430145635694,-1.083051606421583,0.148365577294444,-0.31927652733118966,-0.46271428571428574,True,Mistral-7B-Instruct-v0.3|s0
RedHatAI/Mistral-7B-Instruct-v0.3-FP8,mistral,Mistral-7B-Instruct-v0.3,fp8,arc_challenge,63.57,0.16,-0.34243397331696035,-2.4536985464608314,1.768830599826911,-0.31927652733118966,-0.3455714285714286,True,Mistral-7B-Instruct-v0.3|s0
RedHatAI/Mistral-7B-Instruct-v0.3-FP8,mistral,Mistral-7B-Instruct-v0.3,fp8,gsm8k,49.05,-1.51,-0.3102455183773453,-2.377623930995535,1.7571328942408446,-0.31927652733118966,-0.3363768115942029,True,Mistral-7B-Instruct-v0.3|s0
RedHatAI/Mistral-7B-Instruct-v0.3-FP8,mistral,Mistral-7B-Instruct-v0.3,fp8,hellaswag,84.76,-0.24,-0.25042006955510887,-0.7890973065358841,0.2882571674256663,-0.31927652733118966,-0.18493150684931506,True,Mistral-7B-Instruct-v0.3|s0
RedHatAI/Mistral-7B-Instruct-v0.3-FP8,mistral,Mistral-7B-Instruct-v0.3,fp8,winogrande,79.4,-1.1,-0.2705067242950266,-1.9770068664691491,1.435993417879096,-0.31927652733118966,-0.22492957746478873,True,Mistral-7B-Instruct-v0.3|s0
RedHatAI/Mistral-7B-Instruct-v0.3-FP8,mistral,Mistral-7B-Instruct-v0.3,fp8,truthfulqa,59.37,0.03,-0.2367253292144992,-2.8174797633641413,2.344029104935143,-0.31927652733118966,-0.21068493150684933,True,Mistral-7B-Instruct-v0.3|s0
RedHatAI/Mistral-7B-Instruct-v0.3-quantized.w4a16,mistral,Mistral-7B-Instruct-v0.3,w4a16,mmlu,61.84,-1.01,-0.8392566093451521,-1.4549652012031655,-0.2235480174871387,-0.31927652733118966,-0.46271428571428574,True,Mistral-7B-Instruct-v0.3|s0
RedHatAI/Mistral-7B-Instruct-v0.3-quantized.w4a16,mistral,Mistral-7B-Instruct-v0.3,w4a16,arc_challenge,63.73,0.17,-0.7145071459209329,-2.8237797213288713,1.3947654294870055,-0.31927652733118966,-0.3455714285714286,True,Mistral-7B-Instruct-v0.3|s0
RedHatAI/Mistral-7B-Instruct-v0.3-quantized.w4a16,mistral,Mistral-7B-Instruct-v0.3,w4a16,gsm8k,49.27,-5.91,-0.6818220015310883,-2.7493532842977917,1.3857092812356149,-0.31927652733118966,-0.3363768115942029,False,Mistral-7B-Instruct-v0.3|s0
RedHatAI/Mistral-7B-Instruct-v0.3-quantized.w4a16,mistral,Mistral-7B-Instruct-v0.3,w4a16,hellaswag,84.84,-0.77,-0.6226105133342263,-1.1601255240120478,-0.08509550265640498,-0.31927652733118966,-0.18493150684931506,True,Mistral-7B-Instruct-v0.3|s0
RedHatAI/Mistral-7B-Instruct-v0.3-quantized.w4a16,mistral,Mistral-7B-Instruct-v0.3,w4a16,winogrande,79.55,0.32,-0.6430273097928991,-2.344908410760236,1.0588537911744373,-0.31927652733118966,-0.22492957746478873,True,Mistral-7B-Instruct-v0.3|s0
RedHatAI/Mistral-7B-Instruct-v0.3-quantized.w4a16,mistral,Mistral-7B-Instruct-v0.3,w4a16,truthfulqa,59.33,-0.86,-0.6086248809347441,-3.189779417109416,1.9725296552399278,-0.31927652733118966,-0.21068493150684933,True,Mistral-7B-Instruct-v0.3|s0
RedHatAI/Mistral-7B-Instruct-v0.3-quantized.w8a16,mistral,Mistral-7B-Instruct-v0.3,w8a16,mmlu,61.84,0.22,-0.48264092049788343,-1.0983495123558968,0.13306767136012998,-0.31927652733118966,-0.46271428571428574,False,Mistral-7B-Instruct-v0.3|s0
RedHatAI/Mistral-7B-Instruct-v0.3-quantized.w8a16,mistral,Mistral-7B-Instruct-v0.3,w8a16,arc_challenge,63.74,0.52,-0.3579015838997686,-2.4670488212964865,1.7512456534969494,-0.31927652733118966,-0.3455714285714286,True,Mistral-7B-Instruct-v0.3|s0
RedHatAI/Mistral-7B-Instruct-v0.3-quantized.w8a16,mistral,Mistral-7B-Instruct-v0.3,w8a16,gsm8k,49.28,1.14,-0.3251911836081104,-2.3927284634851813,1.7423460962689608,-0.31927652733118966,-0.3363768115942029,True,Mistral-7B-Instruct-v0.3|s0
RedHatAI/Mistral-7B-Instruct-v0.3-quantized.w8a16,mistral,Mistral-7B-Instruct-v0.3,w8a16,hellaswag,84.84,-0.06,-0.26599482448695755,-0.8035098351647789,0.2715201861908638,-0.31927652733118966,-0.18493150684931506,True,Mistral-7B-Instruct-v0.3|s0
RedHatAI/Mistral-7B-Instruct-v0.3-quantized.w8a16,mistral,Mistral-7B-Instruct-v0.3,w8a16,winogrande,79.56,-0.08,-0.2864522666870753,-1.9880241486776327,1.4151196153034822,-0.31927652733118966,-0.22492957746478873,True,Mistral-7B-Instruct-v0.3|s0
RedHatAI/Mistral-7B-Instruct-v0.3-quantized.w8a16,mistral,Mistral-7B-Instruct-v0.3,w8a16,truthfulqa,59.33,0.15,-0.2520091920874753,-2.8331637282621474,2.3291453440871965,-0.31927652733118966,-0.21068493150684933,True,Mistral-7B-Instruct-v0.3|s0
RedHatAI/Mistral-7B-Instruct-v0.3-FP8,mistral,Mistral-7B-Instruct-v0.3,fp8,mmlu,61.84,-0.21,-0.4044522761102496,-0.9607022002354978,0.15179764801499862,-0.33709886547811996,-0.5005479452054794,True,Mistral-7B-Instruct-v0.3|s1
RedHatAI/Mistral-7B-Instruct-v0.3-FP8,mistral,Mistral-7B-Instruct-v0.3,fp8,arc_challenge,63.57,0.16,-0.2286998432207693,-2.1360806628966222,1.6786809764550839,-0.33709886547811996,-0.3211267605633803,True,Mistral-7B-Instruct-v0.3|s1
RedHatAI/Mistral-7B-Instruct-v0.3-FP8,mistral,Mistral-7B-Instruct-v0.3,fp8,gsm8k,49.05,-1.51,-0.38296793802788665,-2.2507006615339398,1.4847647854781667,-0.33709886547811996,-0.5197183098591549,True,Mistral-7B-Instruct-v0.3|s1
RedHatAI/Mistral-7B-Instruct-v0.3-FP8,mistral,Mistral-7B-Instruct-v0.3,fp8,hellaswag,84.76,-0.24,-0.14270843507265818,-0.6293658833540579,0.34394901320874144,-0.33709886547811996,-0.19,True,Mistral-7B-Instruct-v0.3|s1
RedHatAI/Mistral-7B-Instruct-v0.3-FP8,mistral,Mistral-7B-Instruct-v0.3,fp8,winogrande,79.4,-1.1,-0.13145218597584368,-1.6731564713417078,1.4102520993900203,-0.33709886547811996,-0.18534246575342464,True,Mistral-7B-Instruct-v0.3|s1
RedHatAI/Mistral-7B-Instruct-v0.3-FP8,mistral,Mistral-7B-Instruct-v0.3,fp8,truthfulqa,59.37,0.03,-0.10710409579322153,-2.438636377728119,2.224428186141676,-0.33709886547811996,-0.1721917808219178,True,Mistral-7B-Instruct-v0.3|s1
RedHatAI/Mistral-7B-Instruct-v0.3-quantized.w4a16,mistral,Mistral-7B-Instruct-v0.3,w4a16,mmlu,61.84,-1.01,-1.103124448981854,-1.6593743731071022,-0.5468745248566057,-0.33709886547811996,-0.5005479452054794,True,Mistral-7B-Instruct-v0.3|s1
RedHatAI/Mistral-7B-Instruct-v0.3-quantized.w4a16,mistral,Mistral-7B-Instruct-v0.3,w4a16,arc_challenge,63.73,0.17,-0.9274685639575116,-2.8330497521126703,0.9781126241976469,-0.33709886547811996,-0.3211267605633803,True,Mistral-7B-Instruct-v0.3|s1
RedHatAI/Mistral-7B-Instruct-v0.3-quantized.w4a16,mistral,Mistral-7B-Instruct-v0.3,w4a16,gsm8k,49.27,-5.91,-1.0814469036273278,-2.949317734688864,0.7864239274342084,-0.33709886547811996,-0.5197183098591549,False,Mistral-7B-Instruct-v0.3|s1
RedHatAI/Mistral-7B-Instruct-v0.3-quantized.w4a16,mistral,Mistral-7B-Instruct-v0.3,w4a16,hellaswag,84.84,-0.77,-0.8415155326962934,-1.3271229902817967,-0.35590807511079026,-0.33709886547811996,-0.19,True,Mistral-7B-Instruct-v0.3|s1
RedHatAI/Mistral-7B-Instruct-v0.3-quantized.w4a16,mistral,Mistral-7B-Instruct-v0.3,w4a16,winogrande,79.55,0.32,-0.8304953360578187,-2.368026638693244,0.7070359665776067,-0.33709886547811996,-0.18534246575342464,True,Mistral-7B-Instruct-v0.3|s1
RedHatAI/Mistral-7B-Instruct-v0.3-quantized.w4a16,mistral,Mistral-7B-Instruct-v0.3,w4a16,truthfulqa,59.33,-0.86,-0.8057660509834574,-3.137659797292912,1.5261276953259968,-0.33709886547811996,-0.1721917808219178,True,Mistral-7B-Instruct-v0.3|s1
RedHatAI/Mistral-7B-Instruct-v0.3-quantized.w8a16,mistral,Mistral-7B-Instruct-v0.3,w8a16,mmlu,61.84,0.22,-0.6320435541800512,-1.1882934783052994,-0.075793630054803,-0.33709886547811996,-0.5005479452054794,False,Mistral-7B-Instruct-v0.3|s1
RedHatAI/Mistral-7B-Instruct-v0.3-quantized.w8a16,mistral,Mistral-7B-Instruct-v0.3,w8a16,arc_challenge,63.74,0.52,-0.45639379454323753,-2.3618617485156133,1.449074159429138,-0.33709886547811996,-0.3211267605633803,True,Mistral-7B-Instruct-v0.3|s1
RedHatAI/Mistral-7B-Instruct-v0.3-quantized.w8a16,mistral,Mistral-7B-Instruct-v0.3,w8a16,gsm8k,49.28,1.14,-0.6103573384806307,-2.478233587514616,1.2575189105533544,-0.33709886547811996,-0.5197183098591549,True,Mistral-7B-Instruct-v0.3|s1
RedHatAI/Mistral-7B-Instruct-v0.3-quantized.w8a16,mistral,Mistral-7B-Instruct-v0.3,w8a16,hellaswag,84.84,-0.06,-0.37043463789449066,-0.8560420954799939,0.1151728196910125,-0.33709886547811996,-0.19,True,Mistral-7B-Instruct-v0.3|s1
RedHatAI/Mistral-7B-Instruct-v0.3-quantized.w8a16,mistral,Mistral-7B-Instruct-v0.3,w8a16,winogrande,79.56,-0.08,-0.35943929002720426,-1.8966912348062575,1.1778126547518488,-0.33709886547811996,-0.18534246575342464,True,Mistral-7B-Instruct-v0.3|s1
RedHatAI/Mistral-7B-Instruct-v0.3-quantized.w8a16,mistral,Mistral-7B-Instruct-v0.3,w8a16,truthfulqa,59.33,0.15,-0.33468515618165473,-2.666578902491109,1.9972085901277996,-0.33709886547811996,-0.1721917808219178,True,Mistral-7B-Instruct-v0.3|s1
RedHatAI/Mistral-7B-Instruct-v0.3-FP8,mistral,Mistral-7B-Instruct-v0.3,fp8,mmlu,61.84,-0.21,-0.3899553671009904,-1.5353283504346469,0.7554176162326662,-0.32548281505728316,-0.43816901408450704,True,Mistral-7B-Instruct-v0.3|s2
RedHatAI/Mistral-7B-Instruct-v0.3-FP8,mistral,Mistral-7B-Instruct-v0.3,fp8,arc_challenge,63.57,0.16,-0.35889812178478564,-4.286381731281183,3.5685854877116117,-0.32548281505728316,-0.4182857142857143,True,Mistral-7B-Instruct-v0.3|s2
RedHatAI/Mistral-7B-Instruct-v0.3-FP8,mistral,Mistral-7B-Instruct-v0.3,fp8,gsm8k,49.05,-1.51,-0.3813731960762776,-4.227217498807973,3.4644711066554184,-0.32548281505728316,-0.5055714285714286,True,Mistral-7B-Instruct-v0.3|s2
RedHatAI/Mistral-7B-Instruct-v0.3-FP8,mistral,Mistral-7B-Instruct-v0.3,fp8,hellaswag,84.76,-0.24,-0.17515030104909912,-1.177225571937771,0.8269249698395729,-0.32548281505728316,-0.166986301369863,True,Mistral-7B-Instruct-v0.3|s2
RedHatAI/Mistral-7B-Instruct-v0.3-FP8,mistral,Mistral-7B-Instruct-v0.3,fp8,winogrande,79.4,-1.1,-0.19711720403631353,-3.371637073903621,2.977402665830994,-0.32548281505728316,-0.20140845070422533,True,Mistral-7B-Instruct-v0.3|s2
RedHatAI/Mistral-7B-Instruct-v0.3-FP8,mistral,Mistral-7B-Instruct-v0.3,fp8,truthfulqa,59.37,0.03,-0.1624790794728812,-4.963332022865289,4.638373863919527,-0.32548281505728316,-0.17242857142857143,True,Mistral-7B-Instruct-v0.3|s2
RedHatAI/Mistral-7B-Instruct-v0.3-quantized.w4a16,mistral,Mistral-7B-Instruct-v0.3,w4a16,mmlu,61.84,-1.01,-0.764730808676061,-1.9101037920097177,0.38064217465759553,-0.32548281505728316,-0.43816901408450704,True,Mistral-7B-Instruct-v0.3|s2
RedHatAI/Mistral-7B-Instruct-v0.3-quantized.w4a16,mistral,Mistral-7B-Instruct-v0.3,w4a16,arc_challenge,63.73,0.17,-0.7341207699559353,-4.657898762185058,3.189657222273187,-0.32548281505728316,-0.4182857142857143,True,Mistral-7B-Instruct-v0.3|s2
RedHatAI/Mistral-7B-Instruct-v0.3-quantized.w4a16,mistral,Mistral-7B-Instruct-v0.3,w4a16,gsm8k,49.27,-5.91,-0.7568957269966905,-4.603024406689144,3.0892329526957627,-0.32548281505728316,-0.5055714285714286,False,Mistral-7B-Instruct-v0.3|s2
RedHatAI/Mistral-7B-Instruct-v0.3-quantized.w4a16,mistral,Mistral-7B-Instruct-v0.3,w4a16,hellaswag,84.84,-0.77,-0.550004013608486,-1.5499172509872698,0.44990922377029785,-0.32548281505728316,-0.166986301369863,True,Mistral-7B-Instruct-v0.3|s2
RedHatAI/Mistral-7B-Instruct-v0.3-quantized.w4a16,mistral,Mistral-7B-Instruct-v0.3,w4a16,winogrande,79.55,0.32,-0.5722463287650181,-3.738173619160286,2.5936809616302496,-0.32548281505728316,-0.20140845070422533,True,Mistral-7B-Instruct-v0.3|s2
RedHatAI/Mistral-7B-Instruct-v0.3-quantized.w4a16,mistral,Mistral-7B-Instruct-v0.3,w4a16,truthfulqa,59.33,-0.86,-0.5371323944910233,-5.338729628374268,4.264464839392221,-0.32548281505728316,-0.17242857142857143,True,Mistral-7B-Instruct-v0.3|s2
RedHatAI/Mistral-7B-Instruct-v0.3-quantized.w8a16,mistral,Mistral-7B-Instruct-v0.3,w8a16,mmlu,61.84,0.22,-0.40051971865158764,-1.5458927019852442,0.7448532646820689,-0.32548281505728316,-0.43816901408450704,True,Mistral-7B-Instruct-v0.3|s2
RedHatAI/Mistral-7B-Instruct-v0.3-quantized.w8a16,mistral,Mistral-7B-Instruct-v0.3,w8a16,arc_challenge,63.74,0.52,-0.3699375987822095,-4.293482430757057,3.5536072331926376,-0.32548281505728316,-0.4182857142857143,True,Mistral-7B-Instruct-v0.3|s2
RedHatAI/Mistral-7B-Instruct-v0.3-quantized.w8a16,mistral,Mistral-7B-Instruct-v0.3,w8a16,gsm8k,49.28,1.14,-0.39271854285769253,-4.238858378685182,3.453421292969797,-0.32548281505728316,-0.5055714285714286,True,Mistral-7B-Instruct-v0.3|s2
RedHatAI/Mistral-7B-Instruct-v0.3-quantized.w8a16,mistral,Mistral-7B-Instruct-v0.3,w8a16,hellaswag,84.84,-0.06,-0.18579292358401267,-1.1857061609627966,0.8141203137947712,-0.32548281505728316,-0.166986301369863,True,Mistral-7B-Instruct-v0.3|s2
RedHatAI/Mistral-7B-Instruct-v0.3-quantized.w8a16,mistral,Mistral-7B-Instruct-v0.3,w8a16,winogrande,79.56,-0.08,-0.20805881504755674,-3.3734108803012233,2.9572932502061096,-0.32548281505728316,-0.20140845070422533,True,Mistral-7B-Instruct-v0.3|s2
RedHatAI/Mistral-7B-Instruct-v0.3-quantized.w8a16,mistral,Mistral-7B-Instruct-v0.3,w8a16,truthfulqa,59.33,0.15,-0.17292130446654996,-4.974518538349795,4.628675929416694,-0.32548281505728316,-0.17242857142857143,True,Mistral-7B-Instruct-v0.3|s2
RedHatAI/Mistral-7B-Instruct-v0.3-FP8,mistral,Mistral-7B-Instruct-v0.3,fp8,mmlu,61.84,-0.21,-0.46246574358144377,-1.1164681927485378,0.1915367055856504,-0.39675298804780873,-0.5511475409836065,True,Mistral-7B-Instruct-v0.3|s3
RedHatAI/Mistral-7B-Instruct-v0.3-FP8,mistral,Mistral-7B-Instruct-v0.3,fp8,arc_challenge,63.57,0.16,-0.36752904806229525,-2.610103246205411,1.8750451500808203,-0.39675298804780873,-0.4637096774193548,True,Mistral-7B-Instruct-v0.3|s3
RedHatAI/Mistral-7B-Instruct-v0.3-FP8,mistral,Mistral-7B-Instruct-v0.3,fp8,gsm8k,49.05,-1.51,-0.447042263983292,-2.643000811723149,1.748916283756565,-0.39675298804780873,-0.5637704918032787,True,Mistral-7B-Instruct-v0.3|s3
RedHatAI/Mistral-7B-Instruct-v0.3-FP8,mistral,Mistral-7B-Instruct-v0.3,fp8,hellaswag,84.76,-0.24,-0.1569408419791335,-0.7291209884878442,0.41523930452957725,-0.39675298804780873,-0.19333333333333333,True,Mistral-7B-Instruct-v0.3|s3
RedHatAI/Mistral-7B-Instruct-v0.3-FP8,mistral,Mistral-7B-Instruct-v0.3,fp8,winogrande,79.4,-1.1,-0.16269082002147423,-1.975326354500487,1.6499447144575385,-0.39675298804780873,-0.20887096774193548,True,Mistral-7B-Instruct-v0.3|s3
RedHatAI/Mistral-7B-Instruct-v0.3-FP8,mistral,Mistral-7B-Instruct-v0.3,fp8,truthfulqa,59.37,0.03,-0.1305307269874023,-2.8717946023856635,2.6107331484108585,-0.39675298804780873,-0.18366666666666667,True,Mistral-7B-Instruct-v0.3|s3
RedHatAI/Mistral-7B-Instruct-v0.3-quantized.w4a16,mistral,Mistral-7B-Instruct-v0.3,w4a16,mmlu,61.84,-1.01,-1.0137514282616098,-1.667753877428704,-0.35974897909451564,-0.39675298804780873,-0.5511475409836065,True,Mistral-7B-Instruct-v0.3|s3
RedHatAI/Mistral-7B-Instruct-v0.3-quantized.w4a16,mistral,Mistral-7B-Instruct-v0.3,w4a16,arc_challenge,63.73,0.17,-0.9187681043420448,-3.1592264128983287,1.321690204214239,-0.39675298804780873,-0.4637096774193548,True,Mistral-7B-Instruct-v0.3|s3
RedHatAI/Mistral-7B-Instruct-v0.3-quantized.w4a16,mistral,Mistral-7B-Instruct-v0.3,w4a16,gsm8k,49.27,-5.91,-0.9978386533819942,-3.1939595789948485,1.1982822722308604,-0.39675298804780873,-0.5637704918032787,False,Mistral-7B-Instruct-v0.3|s3
RedHatAI/Mistral-7B-Instruct-v0.3-quantized.w4a16,mistral,Mistral-7B-Instruct-v0.3,w4a16,hellaswag,84.84,-0.77,-0.7083629849426555,-1.2793086207450524,-0.1374173491402586,-0.39675298804780873,-0.19333333333333333,True,Mistral-7B-Instruct-v0.3|s3
RedHatAI/Mistral-7B-Instruct-v0.3-quantized.w4a16,mistral,Mistral-7B-Instruct-v0.3,w4a16,winogrande,79.55,0.32,-0.714278196765326,-2.5220074098091843,1.0934510162785323,-0.39675298804780873,-0.20887096774193548,True,Mistral-7B-Instruct-v0.3|s3
RedHatAI/Mistral-7B-Instruct-v0.3-quantized.w4a16,mistral,Mistral-7B-Instruct-v0.3,w4a16,truthfulqa,59.33,-0.86,-0.6818482105220416,-3.4235370722007388,2.0598406511566556,-0.39675298804780873,-0.18366666666666667,True,Mistral-7B-Instruct-v0.3|s3
RedHatAI/Mistral-7B-Instruct-v0.3-quantized.w8a16,mistral,Mistral-7B-Instruct-v0.3,w8a16,mmlu,61.84,0.22,-0.48726227713430975,-1.141264726301404,0.1667401720327844,-0.39675298804780873,-0.5511475409836065,False,Mistral-7B-Instruct-v0.3|s3
RedHatAI/Mistral-7B-Instruct-v0.3-quantized.w8a16,mistral,Mistral-7B-Instruct-v0.3,w8a16,arc_challenge,63.74,0.52,-0.3922761555396665,-2.632601330715328,1.8480490196359953,-0.39675298804780873,-0.4637096774193548,True,Mistral-7B-Instruct-v0.3|s3
RedHatAI/Mistral-7B-Instruct-v0.3-quantized.w8a16,mistral,Mistral-7B-Instruct-v0.3,w8a16,gsm8k,49.28,1.14,-0.4713274105285861,-2.6674547062407385,1.7247998851835662,-0.39675298804780873,-0.5637704918032787,True,Mistral-7B-Instruct-v0.3|s3
RedHatAI/Mistral-7B-Instruct-v0.3-quantized.w8a16,mistral,Mistral-7B-Instruct-v0.3,w8a16,hellaswag,84.84,-0.06,-0.1818738338153554,-0.7528194696177523,0.3890718019870415,-0.39675298804780873,-0.19333333333333333,True,Mistral-7B-Instruct-v0.3|s3
RedHatAI/Mistral-7B-Instruct-v0.3-quantized.w8a16,mistral,Mistral-7B-Instruct-v0.3,w8a16,winogrande,79.56,-0.08,-0.18780929197160814,-1.9952100542340143,1.619591470290798,-0.39675298804780873,-0.20887096774193548,True,Mistral-7B-Instruct-v0.3|s3
RedHatAI/Mistral-7B-Instruct-v0.3-quantized.w8a16,mistral,Mistral-7B-Instruct-v0.3,w8a16,truthfulqa,59.33,0.15,-0.15535905939474148,-2.8970479210734386,2.586329802283956,-0.39675298804780873,-0.18366666666666667,True,Mistral-7B-Instruct-v0.3|s3
RedHatAI/Mistral-7B-Instruct-v0.3-FP8,mistral,Mistral-7B-Instruct-v0.3,fp8,mmlu,61.84,-0.21,-0.520345378814958,-1.1777920942054751,0.13710133657555923,-0.4438623326959847,-0.53953125,True,Mistral-7B-Instruct-v0.3|s4
RedHatAI/Mistral-7B-Instruct-v0.3-FP8,mistral,Mistral-7B-Instruct-v0.3,fp8,arc_challenge,63.57,0.16,-0.44423463356379034,-2.698619219533467,1.8101499524058864,-0.4438623326959847,-0.49692307692307686,True,Mistral-7B-Instruct-v0.3|s4
RedHatAI/Mistral-7B-Instruct-v0.3-FP8,mistral,Mistral-7B-Instruct-v0.3,fp8,gsm8k,49.05,-1.51,-0.9276749740478603,-3.135198410976818,1.2798484628810973,-0.4438623326959847,-0.99796875,True,Mistral-7B-Instruct-v0.3|s4
RedHatAI/Mistral-7B-Instruct-v0.3-FP8,mistral,Mistral-7B-Instruct-v0.3,fp8,hellaswag,84.76,-0.24,-0.20776927278256171,-0.7829627730712821,0.36742422750615866,-0.4438623326959847,-0.2865151515151515,True,Mistral-7B-Instruct-v0.3|s4
RedHatAI/Mistral-7B-Instruct-v0.3-FP8,mistral,Mistral-7B-Instruct-v0.3,fp8,winogrande,79.4,-1.1,-0.21854746505601852,-2.04072914015688,1.6036342100448429,-0.4438623326959847,-0.28287878787878784,True,Mistral-7B-Instruct-v0.3|s4
RedHatAI/Mistral-7B-Instruct-v0.3-FP8,mistral,Mistral-7B-Instruct-v0.3,fp8,truthfulqa,59.37,0.03,-0.14983771655975003,-2.9055383002418234,2.6058628671223234,-0.4438623326959847,-0.18793650793650793,True,Mistral-7B-Instruct-v0.3|s4
RedHatAI/Mistral-7B-Instruct-v0.3-quantized.w4a16,mistral,Mistral-7B-Instruct-v0.3,w4a16,mmlu,61.84,-1.01,-1.0603613397194231,-1.7178080551099404,-0.4029146243289059,-0.4438623326959847,-0.53953125,True,Mistral-7B-Instruct-v0.3|s4
RedHatAI/Mistral-7B-Instruct-v0.3-quantized.w4a16,mistral,Mistral-7B-Instruct-v0.3,w4a16,arc_challenge,63.73,0.17,-0.983648730153106,-3.2359062833253325,1.2686088230191204,-0.4438623326959847,-0.49692307692307686,True,Mistral-7B-Instruct-v0.3|s4
RedHatAI/Mistral-7B-Instruct-v0.3-quantized.w4a16,mistral,Mistral-7B-Instruct-v0.3,w4a16,gsm8k,49.27,-5.91,-1.4670723254472289,-3.6747589954028976,0.7406143445084397,-0.4438623326959847,-0.99796875,False,Mistral-7B-Instruct-v0.3|s4
RedHatAI/Mistral-7B-Instruct-v0.3-quantized.w4a16,mistral,Mistral-7B-Instruct-v0.3,w4a16,hellaswag,84.84,-0.77,-0.7472889253149813,-1.3212414134178694,-0.17333643721209313,-0.4438623326959847,-0.2865151515151515,True,Mistral-7B-Instruct-v0.3|s4
RedHatAI/Mistral-7B-Instruct-v0.3-quantized.w4a16,mistral,Mistral-7B-Instruct-v0.3,w4a16,winogrande,79.55,0.32,-0.7578804986416375,-2.5751300134481445,1.0593690161648692,-0.4438623326959847,-0.28287878787878784,True,Mistral-7B-Instruct-v0.3|s4
RedHatAI/Mistral-7B-Instruct-v0.3-quantized.w4a16,mistral,Mistral-7B-Instruct-v0.3,w4a16,truthfulqa,59.33,-0.86,-0.6899892814768538,-3.446117089605127,2.066138526651419,-0.4438623326959847,-0.18793650793650793,True,Mistral-7B-Instruct-v0.3|s4
RedHatAI/Mistral-7B-Instruct-v0.3-quantized.w8a16,mistral,Mistral-7B-Instruct-v0.3,w8a16,mmlu,61.84,0.22,-0.48516060003786654,-1.1426073154283838,0.1722861153526507,-0.4438623326959847,-0.53953125,False,Mistral-7B-Instruct-v0.3|s4
RedHatAI/Mistral-7B-Instruct-v0.3-quantized.w8a16,mistral,Mistral-7B-Instruct-v0.3,w8a16,arc_challenge,63.74,0.52,-0.40841032237469,-2.6605340410270144,1.8437133962776344,-0.4438623326959847,-0.49692307692307686,True,Mistral-7B-Instruct-v0.3|s4
RedHatAI/Mistral-7B-Instruct-v0.3-quantized.w8a16,mistral,Mistral-7B-Instruct-v0.3,w8a16,gsm8k,49.28,1.14,-0.8918433861117765,-3.099536459714504,1.3158496874909509,-0.4438623326959847,-0.99796875,True,Mistral-7B-Instruct-v0.3|s4
RedHatAI/Mistral-7B-Instruct-v0.3-quantized.w8a16,mistral,Mistral-7B-Instruct-v0.3,w8a16,hellaswag,84.84,-0.06,-0.17208818563342465,-0.7460406737363128,0.4018643024694635,-0.4438623326959847,-0.2865151515151515,True,Mistral-7B-Instruct-v0.3|s4
RedHatAI/Mistral-7B-Instruct-v0.3-quantized.w8a16,mistral,Mistral-7B-Instruct-v0.3,w8a16,winogrande,79.56,-0.08,-0.18263421241893774,-1.9995535466768732,1.6342851218389978,-0.4438623326959847,-0.28287878787878784,True,Mistral-7B-Instruct-v0.3|s4
RedHatAI/Mistral-7B-Instruct-v0.3-quantized.w8a16,mistral,Mistral-7B-Instruct-v0.3,w8a16,truthfulqa,59.33,0.15,-0.11478854179529713,-2.87091634992357,2.641339266332976,-0.4438623326959847,-0.18793650793650793,True,Mistral-7B-Instruct-v0.3|s4
RedHatAI/Mistral-Small-24B-Instruct-2501-FP8-dynamic,mistral,Mistral-Small-24B-Instruct-2501,fp8_dynamic,arc_challenge,72.18,-0.42,-0.2287672712287515,-2.9587388451657586,2.5012043027082558,-0.3994140625,-0.4392063492063492,True,Mistral-Small-24B-Instruct-2501|s0
RedHatAI/Mistral-Small-24B-Instruct-2501-FP8-dynamic,mistral,Mistral-Small-24B-Instruct-2501,fp8_dynamic,gsm8k,90.14,-1.13,-0.6623610603032164,-2.3743847335563943,1.0496626129499613,-0.3994140625,-0.9828125,True,Mistral-Small-24B-Instruct-2501|s0
RedHatAI/Mistral-Small-24B-Instruct-2501-FP8-dynamic,mistral,Mistral-Small-24B-Instruct-2501,fp8_dynamic,hellaswag,85.05,-0.4,0.0004284487157416028,-0.7417059735947167,0.7425628710262,-0.3994140625,-0.18954545454545454,True,Mistral-Small-24B-Instruct-2501|s0
RedHatAI/Mistral-Small-24B-Instruct-2501-FP8-dynamic,mistral,Mistral-Small-24B-Instruct-2501,fp8_dynamic,mmlu,80.69,-0.14,-0.2641943173089351,-0.958932933645706,0.4305442990278357,-0.3994140625,-0.490952380952381,True,Mistral-Small-24B-Instruct-2501|s0
RedHatAI/Mistral-Small-24B-Instruct-2501-FP8-dynamic,mistral,Mistral-Small-24B-Instruct-2501,fp8_dynamic,truthfulqa,65.55,-0.7,-0.051431621263596405,-3.518838943428165,3.415975700900972,-0.3994140625,-0.2184375,True,Mistral-Small-24B-Instruct-2501|s0
RedHatAI/Mistral-Small-24B-Instruct-2501-FP8-dynamic,mistral,Mistral-Small-24B-Instruct-2501,fp8_dynamic,winogrande,83.11,-0.63,-0.038608742731500556,-2.2338794762031746,2.156661990740173,-0.3994140625,-0.23203125,True,Mistral-Small-24B-Instruct-2501|s0
RedHatAI/Mistral-Small-24B-Instruct-2501-FP8-dynamic,mistral,Mistral-Small-24B-Instruct-2501,fp8_dynamic,ifeval,73.27,0.26,0.044790038302963076,-3.9234585614874797,4.0130386380934056,-0.3994140625,-0.15466666666666667,True,Mistral-Small-24B-Instruct-2501|s0
RedHatAI/Mistral-Small-24B-Instruct-2501-FP8-dynamic,mistral,Mistral-Small-24B-Instruct-2501,fp8_dynamic,bbh,45.18,-0.79,-0.724191252947415,-2.0105251385427767,0.5621426326479464,-0.3994140625,-1.0911764705882354,True,Mistral-Small-24B-Instruct-2501|s0
RedHatAI/Mistral-Small-24B-Instruct-2501-FP8-dynamic,mistral,Mistral-Small-24B-Instruct-2501,fp8_dynamic,mmlu_pro,38.83,-1.55,-0.8079245730756239,-1.7345814497910954,0.11873230363984766,-0.3994140625,-1.2505882352941178,True,Mistral-Small-24B-Instruct-2501|s0
RedHatAI/Mistral-Small-24B-Instruct-2501-quantized.w4a16,mistral,Mistral-Small-24B-Instruct-2501,w4a16,arc_challenge,72.18,-1.02,-1.0245355417839233,-3.7545071157209304,1.705436032153084,-0.3994140625,-0.4392063492063492,True,Mistral-Small-24B-Instruct-2501|s0
RedHatAI/Mistral-Small-24B-Instruct-2501-quantized.w4a16,mistral,Mistral-Small-24B-Instruct-2501,w4a16,gsm8k,90.14,-0.45,-1.458129330858388,-3.1701530041115658,0.2538943423947897,-0.3994140625,-0.9828125,True,Mistral-Small-24B-Instruct-2501|s0
RedHatAI/Mistral-Small-24B-Instruct-2501-quantized.w4a16,mistral,Mistral-Small-24B-Instruct-2501,w4a16,hellaswag,85.05,-0.62,-0.7953398218394302,-1.5374742441498885,-0.05320539952897185,-0.3994140625,-0.18954545454545454,True,Mistral-Small-24B-Instruct-2501|s0
RedHatAI/Mistral-Small-24B-Instruct-2501-quantized.w4a16,mistral,Mistral-Small-24B-Instruct-2501,w4a16,mmlu,80.69,-0.69,-1.0599625878641068,-1.7547012042008776,-0.365223971527336,-0.3994140625,-0.490952380952381,True,Mistral-Small-24B-Instruct-2501|s0
RedHatAI/Mistral-Small-24B-Instruct-2501-quantized.w4a16,mistral,Mistral-Small-24B-Instruct-2501,w4a16,truthfulqa,65.55,-1.63,-0.8471998918187682,-4.3146072139833365,2.6202074303458005,-0.3994140625,-0.2184375,True,Mistral-Small-24B-Instruct-2501|s0
RedHatAI/Mistral-Small-24B-Instruct-2501-quantized.w4a16,mistral,Mistral-Small-24B-Instruct-2501,w4a16,winogrande,83.11,-0.87,-0.8343770132866725,-3.0296477467583465,1.3608937201850013,-0.3994140625,-0.23203125,True,Mistral-Small-24B-Instruct-2501|s0
RedHatAI/Mistral-Small-24B-Instruct-2501-quantized.w4a16,mistral,Mistral-Small-24B-Instruct-2501,w4a16,ifeval,73.27,1.1,-0.7509782322522087,-4.719226832042652,3.2172703675382337,-0.3994140625,-0.15466666666666667,True,Mistral-Small-24B-Instruct-2501|s0
RedHatAI/Mistral-Small-24B-Instruct-2501-quantized.w4a16,mistral,Mistral-Small-24B-Instruct-2501,w4a16,bbh,45.18,-0.03,-1.5199595235025867,-2.806293409097948,-0.23362563790722524,-0.3994140625,-1.0911764705882354,False,Mistral-Small-24B-Instruct-2501|s0
RedHatAI/Mistral-Small-24B-Instruct-2501-quantized.w4a16,mistral,Mistral-Small-24B-Instruct-2501,w4a16,mmlu_pro,38.83,-2.83,-1.6036928436307956,-2.5303497203462673,-0.677035966915324,-0.3994140625,-1.2505882352941178,False,Mistral-Small-24B-Instruct-2501|s0
RedHatAI/Mistral-Small-24B-Instruct-2501-quantized.w8a8,mistral,Mistral-Small-24B-Instruct-2501,w8a8_int,arc_challenge,72.18,-3.32,-0.5126970089013951,-3.2426685828384025,2.217274565035612,-0.3994140625,-0.4392063492063492,False,Mistral-Small-24B-Instruct-2501|s0
RedHatAI/Mistral-Small-24B-Instruct-2501-quantized.w8a8,mistral,Mistral-Small-24B-Instruct-2501,w8a8_int,gsm8k,90.14,-0.14,-0.9462907979758599,-2.658314471229038,0.7657328752773178,-0.3994140625,-0.9828125,True,Mistral-Small-24B-Instruct-2501|s0
RedHatAI/Mistral-Small-24B-Instruct-2501-quantized.w8a8,mistral,Mistral-Small-24B-Instruct-2501,w8a8_int,hellaswag,85.05,0.01,-0.28350128895690196,-1.0256357112673604,0.4586331333535564,-0.3994140625,-0.18954545454545454,True,Mistral-Small-24B-Instruct-2501|s0
RedHatAI/Mistral-Small-24B-Instruct-2501-quantized.w8a8,mistral,Mistral-Small-24B-Instruct-2501,w8a8_int,mmlu,80.69,-0.44,-0.5481240549815787,-1.2428626713183495,0.14661456135519213,-0.3994140625,-0.490952380952381,True,Mistral-Small-24B-Instruct-2501|s0
RedHatAI/Mistral-Small-24B-Instruct-2501-quantized.w8a8,mistral,Mistral-Small-24B-Instruct-2501,w8a8_int,truthfulqa,65.55,0.14,-0.33536135893624,-3.8027686811008086,3.1320459632283284,-0.3994140625,-0.2184375,True,Mistral-Small-24B-Instruct-2501|s0
RedHatAI/Mistral-Small-24B-Instruct-2501-quantized.w8a8,mistral,Mistral-Small-24B-Instruct-2501,w8a8_int,winogrande,83.11,-1.42,-0.3225384804041442,-2.517809213875818,1.8727322530675297,-0.3994140625,-0.23203125,True,Mistral-Small-24B-Instruct-2501|s0
RedHatAI/Mistral-Small-24B-Instruct-2501-FP8-dynamic,mistral,Mistral-Small-24B-Instruct-2501,fp8_dynamic,arc_challenge,72.18,-0.42,0.09471470023546247,-2.51184652871331,2.7012759291842343,-0.3944262295081968,-0.36295081967213116,True,Mistral-Small-24B-Instruct-2501|s1
RedHatAI/Mistral-Small-24B-Instruct-2501-FP8-dynamic,mistral,Mistral-Small-24B-Instruct-2501,fp8_dynamic,gsm8k,90.14,-1.13,-0.1447368973974971,-1.779367298808103,1.4898935040131087,-0.3944262295081968,-0.6484375,True,Mistral-Small-24B-Instruct-2501|s1
RedHatAI/Mistral-Small-24B-Instruct-2501-FP8-dynamic,mistral,Mistral-Small-24B-Instruct-2501,fp8_dynamic,hellaswag,85.05,-0.4,0.22955820030441842,-0.4790274971917018,0.9381438978005386,-0.3944262295081968,-0.20199999999999999,True,Mistral-Small-24B-Instruct-2501|s1
RedHatAI/Mistral-Small-24B-Instruct-2501-FP8-dynamic,mistral,Mistral-Small-24B-Instruct-2501,fp8_dynamic,mmlu,80.69,-0.14,-0.04794342772099691,-0.711275881027607,0.6153890255856131,-0.3944262295081968,-0.5298412698412698,True,Mistral-Small-24B-Instruct-2501|s1
RedHatAI/Mistral-Small-24B-Instruct-2501-FP8-dynamic,mistral,Mistral-Small-24B-Instruct-2501,fp8_dynamic,truthfulqa,65.55,-0.7,0.22546906783381915,-3.0851915914979386,3.5361297271655765,-0.3944262295081968,-0.2167741935483871,True,Mistral-Small-24B-Instruct-2501|s1
RedHatAI/Mistral-Small-24B-Instruct-2501-FP8-dynamic,mistral,Mistral-Small-24B-Instruct-2501,fp8_dynamic,winogrande,83.11,-0.63,0.17828519448920455,-1.9177467332942433,2.2743171222726524,-0.3944262295081968,-0.25828125,True,Mistral-Small-24B-Instruct-2501|s1
RedHatAI/Mistral-Small-24B-Instruct-2501-FP8-dynamic,mistral,Mistral-Small-24B-Instruct-2501,fp8_dynamic,ifeval,73.27,0.26,0.3529119638401338,-3.435949079913244,4.141773007593511,-0.3944262295081968,-0.15200000000000002,True,Mistral-Small-24B-Instruct-2501|s1
RedHatAI/Mistral-Small-24B-Instruct-2501-FP8-dynamic,mistral,Mistral-Small-24B-Instruct-2501,fp8_dynamic,bbh,45.18,-0.79,-0.2188119959385757,-1.4469962252858888,1.0093722334087374,-0.3944262295081968,-0.806470588235294,True,Mistral-Small-24B-Instruct-2501|s1
RedHatAI/Mistral-Small-24B-Instruct-2501-FP8-dynamic,mistral,Mistral-Small-24B-Instruct-2501,fp8_dynamic,mmlu_pro,38.83,-1.55,-1.1615010502256304,-2.0462677307453028,-0.2767343697059583,-0.3944262295081968,-1.9835714285714285,True,Mistral-Small-24B-Instruct-2501|s1
RedHatAI/Mistral-Small-24B-Instruct-2501-quantized.w4a16,mistral,Mistral-Small-24B-Instruct-2501,w4a16,arc_challenge,72.18,-1.02,-0.9625460749734247,-3.5691073039221966,1.6440151539753474,-0.3944262295081968,-0.36295081967213116,True,Mistral-Small-24B-Instruct-2501|s1
RedHatAI/Mistral-Small-24B-Instruct-2501-quantized.w4a16,mistral,Mistral-Small-24B-Instruct-2501,w4a16,gsm8k,90.14,-0.45,-1.2019976726063843,-2.83662807401699,0.43263272880422154,-0.3944262295081968,-0.6484375,True,Mistral-Small-24B-Instruct-2501|s1
RedHatAI/Mistral-Small-24B-Instruct-2501-quantized.w4a16,mistral,Mistral-Small-24B-Instruct-2501,w4a16,hellaswag,85.05,-0.62,-0.8277025749044687,-1.536288272400589,-0.11911687740834853,-0.3944262295081968,-0.20199999999999999,True,Mistral-Small-24B-Instruct-2501|s1
RedHatAI/Mistral-Small-24B-Instruct-2501-quantized.w4a16,mistral,Mistral-Small-24B-Instruct-2501,w4a16,mmlu,80.69,-0.69,-1.105204202929884,-1.7685366562364941,-0.441871749623274,-0.3944262295081968,-0.5298412698412698,True,Mistral-Small-24B-Instruct-2501|s1
RedHatAI/Mistral-Small-24B-Instruct-2501-quantized.w4a16,mistral,Mistral-Small-24B-Instruct-2501,w4a16,truthfulqa,65.55,-1.63,-0.831791707375068,-4.142452366706825,2.4788689519566898,-0.3944262295081968,-0.2167741935483871,True,Mistral-Small-24B-Instruct-2501|s1
RedHatAI/Mistral-Small-24B-Instruct-2501-quantized.w4a16,mistral,Mistral-Small-24B-Instruct-2501,w4a16,winogrande,83.11,-0.87,-0.8789755807196826,-2.9750075085031304,1.2170563470637652,-0.3944262295081968,-0.25828125,True,Mistral-Small-24B-Instruct-2501|s1
RedHatAI/Mistral-Small-24B-Instruct-2501-quantized.w4a16,mistral,Mistral-Small-24B-Instruct-2501,w4a16,ifeval,73.27,1.1,-0.7043488113687534,-4.493209855122131,3.084512232384624,-0.3944262295081968,-0.15200000000000002,True,Mistral-Small-24B-Instruct-2501|s1
RedHatAI/Mistral-Small-24B-Instruct-2501-quantized.w4a16,mistral,Mistral-Small-24B-Instruct-2501,w4a16,bbh,45.18,-0.03,-1.2760727711474629,-2.5042570004947757,-0.047888541800149786,-0.3944262295081968,-0.806470588235294,False,Mistral-Small-24B-Instruct-2501|s1
RedHatAI/Mistral-Small-24B-Instruct-2501-quantized.w4a16,mistral,Mistral-Small-24B-Instruct-2501,w4a16,mmlu_pro,38.83,-2.83,-2.218761825434518,-3.10352850595419,-1.3339951449148457,-0.3944262295081968,-1.9835714285714285,True,Mistral-Small-24B-Instruct-2501|s1
RedHatAI/Mistral-Small-24B-Instruct-2501-quantized.w8a8,mistral,Mistral-Small-24B-Instruct-2501,w8a8_int,arc_challenge,72.18,-3.32,0.031971922324251556,-2.5745893066245205,2.6385331512730237,-0.3944262295081968,-0.36295081967213116,False,Mistral-Small-24B-Instruct-2501|s1
RedHatAI/Mistral-Small-24B-Instruct-2501-quantized.w8a8,mistral,Mistral-Small-24B-Instruct-2501,w8a8_int,gsm8k,90.14,-0.14,-0.20747967530870803,-1.842110076719314,1.4271507261018979,-0.3944262295081968,-0.6484375,True,Mistral-Small-24B-Instruct-2501|s1
RedHatAI/Mistral-Small-24B-Instruct-2501-quantized.w8a8,mistral,Mistral-Small-24B-Instruct-2501,w8a8_int,hellaswag,85.05,0.01,0.16681542239320757,-0.5417702751029126,0.8754011198893278,-0.3944262295081968,-0.20199999999999999,True,Mistral-Small-24B-Instruct-2501|s1
RedHatAI/Mistral-Small-24B-Instruct-2501-quantized.w8a8,mistral,Mistral-Small-24B-Instruct-2501,w8a8_int,mmlu,80.69,-0.44,-0.11068620563220782,-0.7740186589388178,0.5526462476744023,-0.3944262295081968,-0.5298412698412698,True,Mistral-Small-24B-Instruct-2501|s1
RedHatAI/Mistral-Small-24B-Instruct-2501-quantized.w8a8,mistral,Mistral-Small-24B-Instruct-2501,w8a8_int,truthfulqa,65.55,0.14,0.16272628992260818,-3.1479343694091493,3.473386949254366,-0.3944262295081968,-0.2167741935483871,True,Mistral-Small-24B-Instruct-2501|s1
RedHatAI/Mistral-Small-24B-Instruct-2501-quantized.w8a8,mistral,Mistral-Small-24B-Instruct-2501,w8a8_int,winogrande,83.11,-1.42,0.11554241657799358,-1.9804895112054544,2.2115743443614413,-0.3944262295081968,-0.25828125,True,Mistral-Small-24B-Instruct-2501|s1
RedHatAI/Mistral-Small-24B-Instruct-2501-FP8-dynamic,mistral,Mistral-Small-24B-Instruct-2501,fp8_dynamic,arc_challenge,72.18,-0.42,-0.0005684123773296856,-2.2150779919857966,2.2139411672311375,-0.33163444639718803,-0.3619117647058823,True,Mistral-Small-24B-Instruct-2501|s2
RedHatAI/Mistral-Small-24B-Instruct-2501-FP8-dynamic,mistral,Mistral-Small-24B-Instruct-2501,fp8_dynamic,gsm8k,90.14,-1.13,-0.18845157292904888,-1.577217983953635,1.2003148380955375,-0.33163444639718803,-0.5041428571428571,True,Mistral-Small-24B-Instruct-2501|s2
RedHatAI/Mistral-Small-24B-Instruct-2501-FP8-dynamic,mistral,Mistral-Small-24B-Instruct-2501,fp8_dynamic,hellaswag,85.05,-0.4,0.10403154999099745,-0.49797610578601764,0.7060392057680125,-0.33163444639718803,-0.20819444444444446,True,Mistral-Small-24B-Instruct-2501|s2
RedHatAI/Mistral-Small-24B-Instruct-2501-FP8-dynamic,mistral,Mistral-Small-24B-Instruct-2501,fp8_dynamic,mmlu,80.69,-0.14,-0.15212183028727957,-0.7156827610639203,0.41143910048936116,-0.33163444639718803,-0.4991428571428571,True,Mistral-Small-24B-Instruct-2501|s2
RedHatAI/Mistral-Small-24B-Instruct-2501-FP8-dynamic,mistral,Mistral-Small-24B-Instruct-2501,fp8_dynamic,truthfulqa,65.55,-0.7,0.16685773670024995,-2.6458480089000007,2.9795634823005006,-0.33163444639718803,-0.16579710144927534,True,Mistral-Small-24B-Instruct-2501|s2
RedHatAI/Mistral-Small-24B-Instruct-2501-FP8-dynamic,mistral,Mistral-Small-24B-Instruct-2501,fp8_dynamic,winogrande,83.11,-0.63,0.14614990139510137,-1.6346188492832174,1.92691865207342,-0.33163444639718803,-0.15442857142857144,True,Mistral-Small-24B-Instruct-2501|s2
RedHatAI/Mistral-Small-24B-Instruct-2501-FP8-dynamic,mistral,Mistral-Small-24B-Instruct-2501,fp8_dynamic,ifeval,73.27,0.26,0.2576976017436373,-2.961282633215613,3.476677836702888,-0.33163444639718803,-0.22,True,Mistral-Small-24B-Instruct-2501|s2
RedHatAI/Mistral-Small-24B-Instruct-2501-FP8-dynamic,mistral,Mistral-Small-24B-Instruct-2501,fp8_dynamic,bbh,45.18,-0.79,-0.37631437117462774,-1.4197679878428136,0.6671392454935581,-0.33163444639718803,-0.8952173913043479,True,Mistral-Small-24B-Instruct-2501|s2
RedHatAI/Mistral-Small-24B-Instruct-2501-FP8-dynamic,mistral,Mistral-Small-24B-Instruct-2501,fp8_dynamic,mmlu_pro,38.83,-1.55,-0.896101779054907,-1.6477911190054573,-0.14441243910435653,-0.33163444639718803,-1.5175,True,Mistral-Small-24B-Instruct-2501|s2
RedHatAI/Mistral-Small-24B-Instruct-2501-quantized.w4a16,mistral,Mistral-Small-24B-Instruct-2501,w4a16,arc_challenge,72.18,-1.02,-0.8987787174740514,-3.1132882970825184,1.3157308621344157,-0.33163444639718803,-0.3619117647058823,True,Mistral-Small-24B-Instruct-2501|s2
RedHatAI/Mistral-Small-24B-Instruct-2501-quantized.w4a16,mistral,Mistral-Small-24B-Instruct-2501,w4a16,gsm8k,90.14,-0.45,-1.0866618780257706,-2.475428289050357,0.3021045329988157,-0.33163444639718803,-0.5041428571428571,True,Mistral-Small-24B-Instruct-2501|s2
RedHatAI/Mistral-Small-24B-Instruct-2501-quantized.w4a16,mistral,Mistral-Small-24B-Instruct-2501,w4a16,hellaswag,85.05,-0.62,-0.7941787551057241,-1.396186410882739,-0.19217109932870902,-0.33163444639718803,-0.20819444444444446,True,Mistral-Small-24B-Instruct-2501|s2
RedHatAI/Mistral-Small-24B-Instruct-2501-quantized.w4a16,mistral,Mistral-Small-24B-Instruct-2501,w4a16,mmlu,80.69,-0.69,-1.0503321353840014,-1.613893066160642,-0.4867712046073607,-0.33163444639718803,-0.4991428571428571,True,Mistral-Small-24B-Instruct-2501|s2
RedHatAI/Mistral-Small-24B-Instruct-2501-quantized.w4a16,mistral,Mistral-Small-24B-Instruct-2501,w4a16,truthfulqa,65.55,-1.63,-0.7313525683964717,-3.5440583139967226,2.0813531772037788,-0.33163444639718803,-0.16579710144927534,True,Mistral-Small-24B-Instruct-2501|s2
RedHatAI/Mistral-Small-24B-Instruct-2501-quantized.w4a16,mistral,Mistral-Small-24B-Instruct-2501,w4a16,winogrande,83.11,-0.87,-0.7520604037016203,-2.532829154379939,1.0287083469766984,-0.33163444639718803,-0.15442857142857144,True,Mistral-Small-24B-Instruct-2501|s2
RedHatAI/Mistral-Small-24B-Instruct-2501-quantized.w4a16,mistral,Mistral-Small-24B-Instruct-2501,w4a16,ifeval,73.27,1.1,-0.6405127033530842,-3.859492938312335,2.578467531606166,-0.33163444639718803,-0.22,True,Mistral-Small-24B-Instruct-2501|s2
RedHatAI/Mistral-Small-24B-Instruct-2501-quantized.w4a16,mistral,Mistral-Small-24B-Instruct-2501,w4a16,bbh,45.18,-0.03,-1.2745246762713496,-2.3179782929395354,-0.23107105960316376,-0.33163444639718803,-0.8952173913043479,False,Mistral-Small-24B-Instruct-2501|s2
RedHatAI/Mistral-Small-24B-Instruct-2501-quantized.w4a16,mistral,Mistral-Small-24B-Instruct-2501,w4a16,mmlu_pro,38.83,-2.83,-1.7943120841516285,-2.5460014241021787,-1.042622744201078,-0.33163444639718803,-1.5175,False,Mistral-Small-24B-Instruct-2501|s2
RedHatAI/Mistral-Small-24B-Instruct-2501-quantized.w8a8,mistral,Mistral-Small-24B-Instruct-2501,w8a8_int,arc_challenge,72.18,-3.32,-0.2575697906154221,-2.4720793702238892,1.9569397889930449,-0.33163444639718803,-0.3619117647058823,False,Mistral-Small-24B-Instruct-2501|s2
RedHatAI/Mistral-Small-24B-Instruct-2501-quantized.w8a8,mistral,Mistral-Small-24B-Instruct-2501,w8a8_int,gsm8k,90.14,-0.14,-0.4454529511671413,-1.8342193621917275,0.9433134598574451,-0.33163444639718803,-0.5041428571428571,True,Mistral-Small-24B-Instruct-2501|s2
RedHatAI/Mistral-Small-24B-Instruct-2501-quantized.w8a8,mistral,Mistral-Small-24B-Instruct-2501,w8a8_int,hellaswag,85.05,0.01,-0.15296982824709507,-0.7549774840241101,0.44903782752992005,-0.33163444639718803,-0.20819444444444446,True,Mistral-Small-24B-Instruct-2501|s2
RedHatAI/Mistral-Small-24B-Instruct-2501-quantized.w8a8,mistral,Mistral-Small-24B-Instruct-2501,w8a8_int,mmlu,80.69,-0.44,-0.409123208525372,-0.9726841393020127,0.15443772225126873,-0.33163444639718803,-0.4991428571428571,True,Mistral-Small-24B-Instruct-2501|s2
RedHatAI/Mistral-Small-24B-Instruct-2501-quantized.w8a8,mistral,Mistral-Small-24B-Instruct-2501,w8a8_int,truthfulqa,65.55,0.14,-0.09014364153784246,-2.902849387138093,2.7225621040624084,-0.33163444639718803,-0.16579710144927534,True,Mistral-Small-24B-Instruct-2501|s2
RedHatAI/Mistral-Small-24B-Instruct-2501-quantized.w8a8,mistral,Mistral-Small-24B-Instruct-2501,w8a8_int,winogrande,83.11,-1.42,-0.11085147684299096,-1.8916202275213096,1.6699172738353278,-0.33163444639718803,-0.15442857142857144,True,Mistral-Small-24B-Instruct-2501|s2
RedHatAI/Mistral-Small-24B-Instruct-2501-FP8-dynamic,mistral,Mistral-Small-24B-Instruct-2501,fp8_dynamic,arc_challenge,72.18,-0.42,-0.0015266915651234725,-1.6111570898586425,1.6081037067283954,-0.3623581560283688,-0.33578125,True,Mistral-Small-24B-Instruct-2501|s3
RedHatAI/Mistral-Small-24B-Instruct-2501-FP8-dynamic,mistral,Mistral-Small-24B-Instruct-2501,fp8_dynamic,gsm8k,90.14,-1.13,-0.2285006508877349,-1.2379343656470057,0.7809330638715357,-0.3623581560283688,-0.6671874999999999,True,Mistral-Small-24B-Instruct-2501|s3
RedHatAI/Mistral-Small-24B-Instruct-2501-FP8-dynamic,mistral,Mistral-Small-24B-Instruct-2501,fp8_dynamic,hellaswag,85.05,-0.4,0.11609348681092874,-0.3214796136474711,0.5536665872693285,-0.3623581560283688,-0.22432835820895522,False,Mistral-Small-24B-Instruct-2501|s3
RedHatAI/Mistral-Small-24B-Instruct-2501-FP8-dynamic,mistral,Mistral-Small-24B-Instruct-2501,fp8_dynamic,mmlu,80.69,-0.14,-0.19109121296981338,-0.6007190663878389,0.2185366404482121,-0.3623581560283688,-0.576,True,Mistral-Small-24B-Instruct-2501|s3
RedHatAI/Mistral-Small-24B-Instruct-2501-FP8-dynamic,mistral,Mistral-Small-24B-Instruct-2501,fp8_dynamic,truthfulqa,65.55,-0.7,0.1569767644442182,-1.8874563286713528,2.2014098575597894,-0.3623581560283688,-0.16184615384615383,True,Mistral-Small-24B-Instruct-2501|s3
RedHatAI/Mistral-Small-24B-Instruct-2501-FP8-dynamic,mistral,Mistral-Small-24B-Instruct-2501,fp8_dynamic,winogrande,83.11,-0.63,0.1001738939688967,-1.1941892191181012,1.3945370070558947,-0.3623581560283688,-0.23676923076923076,True,Mistral-Small-24B-Instruct-2501|s3
RedHatAI/Mistral-Small-24B-Instruct-2501-FP8-dynamic,mistral,Mistral-Small-24B-Instruct-2501,fp8_dynamic,ifeval,73.27,0.26,0.03758750263882532,-2.302148791756662,2.377323797034313,-0.3623581560283688,-0.35333333333333333,True,Mistral-Small-24B-Instruct-2501|s3
RedHatAI/Mistral-Small-24B-Instruct-2501-FP8-dynamic,mistral,Mistral-Small-24B-Instruct-2501,fp8_dynamic,bbh,45.18,-0.79,-0.34978299965174514,-1.1082239095778965,0.4086579102744063,-0.3623581560283688,-0.7765384615384616,True,Mistral-Small-24B-Instruct-2501|s3
RedHatAI/Mistral-Small-24B-Instruct-2501-FP8-dynamic,mistral,Mistral-Small-24B-Instruct-2501,fp8_dynamic,mmlu_pro,38.83,-1.55,-0.7927245720226717,-1.3390947583605057,-0.24635438568483758,-0.3623581560283688,-1.3042307692307693,False,Mistral-Small-24B-Instruct-2501|s3
RedHatAI/Mistral-Small-24B-Instruct-2501-quantized.w4a16,mistral,Mistral-Small-24B-Instruct-2501,w4a16,arc_challenge,72.18,-1.02,-0.817389005760059,-2.4270194040535777,0.7922413925334599,-0.3623581560283688,-0.33578125,True,Mistral-Small-24B-Instruct-2501|s3
RedHatAI/Mistral-Small-24B-Instruct-2501-quantized.w4a16,mistral,Mistral-Small-24B-Instruct-2501,w4a16,gsm8k,90.14,-0.45,-1.0443629650826705,-2.053796679841941,-0.034929250323399774,-0.3623581560283688,-0.6671874999999999,True,Mistral-Small-24B-Instruct-2501|s3
RedHatAI/Mistral-Small-24B-Instruct-2501-quantized.w4a16,mistral,Mistral-Small-24B-Instruct-2501,w4a16,hellaswag,85.05,-0.62,-0.6997688273840068,-1.1373419278424066,-0.262195726925607,-0.3623581560283688,-0.22432835820895522,True,Mistral-Small-24B-Instruct-2501|s3
RedHatAI/Mistral-Small-24B-Instruct-2501-quantized.w4a16,mistral,Mistral-Small-24B-Instruct-2501,w4a16,mmlu,80.69,-0.69,-1.006953527164749,-1.4165813805827745,-0.5973256737467234,-0.3623581560283688,-0.576,True,Mistral-Small-24B-Instruct-2501|s3
RedHatAI/Mistral-Small-24B-Instruct-2501-quantized.w4a16,mistral,Mistral-Small-24B-Instruct-2501,w4a16,truthfulqa,65.55,-1.63,-0.6588855497507173,-2.7033186428662885,1.3855475433648536,-0.3623581560283688,-0.16184615384615383,True,Mistral-Small-24B-Instruct-2501|s3
RedHatAI/Mistral-Small-24B-Instruct-2501-quantized.w4a16,mistral,Mistral-Small-24B-Instruct-2501,w4a16,winogrande,83.11,-0.87,-0.7156884202260388,-2.0100515333130367,0.5786746928609591,-0.3623581560283688,-0.23676923076923076,True,Mistral-Small-24B-Instruct-2501|s3
RedHatAI/Mistral-Small-24B-Instruct-2501-quantized.w4a16,mistral,Mistral-Small-24B-Instruct-2501,w4a16,ifeval,73.27,1.1,-0.7782748115561102,-3.118011105951598,1.5614614828393771,-0.3623581560283688,-0.35333333333333333,True,Mistral-Small-24B-Instruct-2501|s3
RedHatAI/Mistral-Small-24B-Instruct-2501-quantized.w4a16,mistral,Mistral-Small-24B-Instruct-2501,w4a16,bbh,45.18,-0.03,-1.165645313846681,-1.9240862237728322,-0.4072044039205295,-0.3623581560283688,-0.7765384615384616,False,Mistral-Small-24B-Instruct-2501|s3
RedHatAI/Mistral-Small-24B-Instruct-2501-quantized.w4a16,mistral,Mistral-Small-24B-Instruct-2501,w4a16,mmlu_pro,38.83,-2.83,-1.6085868862176071,-2.1549570725554412,-1.062216699879773,-0.3623581560283688,-1.3042307692307693,False,Mistral-Small-24B-Instruct-2501|s3
RedHatAI/Mistral-Small-24B-Instruct-2501-quantized.w8a8,mistral,Mistral-Small-24B-Instruct-2501,w8a8_int,arc_challenge,72.18,-3.32,-0.36975275468911295,-1.9793831529826318,1.239877643604406,-0.3623581560283688,-0.33578125,False,Mistral-Small-24B-Instruct-2501|s3
RedHatAI/Mistral-Small-24B-Instruct-2501-quantized.w8a8,mistral,Mistral-Small-24B-Instruct-2501,w8a8_int,gsm8k,90.14,-0.14,-0.5967267140117243,-1.606160428770995,0.4127070007475464,-0.3623581560283688,-0.6671874999999999,True,Mistral-Small-24B-Instruct-2501|s3
RedHatAI/Mistral-Small-24B-Instruct-2501-quantized.w8a8,mistral,Mistral-Small-24B-Instruct-2501,w8a8_int,hellaswag,85.05,0.01,-0.25213257631306074,-0.6897056767714606,0.18544052414533907,-0.3623581560283688,-0.22432835820895522,True,Mistral-Small-24B-Instruct-2501|s3
RedHatAI/Mistral-Small-24B-Instruct-2501-quantized.w8a8,mistral,Mistral-Small-24B-Instruct-2501,w8a8_int,mmlu,80.69,-0.44,-0.5593172760938028,-0.9689451295118283,-0.14968942267577728,-0.3623581560283688,-0.576,True,Mistral-Small-24B-Instruct-2501|s3
RedHatAI/Mistral-Small-24B-Instruct-2501-quantized.w8a8,mistral,Mistral-Small-24B-Instruct-2501,w8a8_int,truthfulqa,65.55,0.14,-0.21124929867977116,-2.255682391795342,1.8331837944357998,-0.3623581560283688,-0.16184615384615383,True,Mistral-Small-24B-Instruct-2501|s3
RedHatAI/Mistral-Small-24B-Instruct-2501-quantized.w8a8,mistral,Mistral-Small-24B-Instruct-2501,w8a8_int,winogrande,83.11,-1.42,-0.2680521691550927,-1.5624152822420907,1.0263109439319051,-0.3623581560283688,-0.23676923076923076,True,Mistral-Small-24B-Instruct-2501|s3
RedHatAI/Mistral-Small-24B-Instruct-2501-FP8-dynamic,mistral,Mistral-Small-24B-Instruct-2501,fp8_dynamic,arc_challenge,72.18,-0.42,-0.023068900061680775,-2.502958581189915,2.4568207810665537,-0.34846153846153843,-0.35619718309859155,True,Mistral-Small-24B-Instruct-2501|s4
RedHatAI/Mistral-Small-24B-Instruct-2501-FP8-dynamic,mistral,Mistral-Small-24B-Instruct-2501,fp8_dynamic,gsm8k,90.14,-1.13,-0.23031990286063256,-1.7855118622497956,1.3248720565285304,-0.34846153846153843,-0.6543478260869565,True,Mistral-Small-24B-Instruct-2501|s4
RedHatAI/Mistral-Small-24B-Instruct-2501-FP8-dynamic,mistral,Mistral-Small-24B-Instruct-2501,fp8_dynamic,hellaswag,85.05,-0.4,0.04862728126183752,-0.6255231434049051,0.72277770592858,-0.34846153846153843,-0.27041666666666664,True,Mistral-Small-24B-Instruct-2501|s4
RedHatAI/Mistral-Small-24B-Instruct-2501-FP8-dynamic,mistral,Mistral-Small-24B-Instruct-2501,fp8_dynamic,mmlu,80.69,-0.14,-0.12769898826884596,-0.7587953491918406,0.5033973726541486,-0.34846153846153843,-0.48887323943661976,True,Mistral-Small-24B-Instruct-2501|s4
RedHatAI/Mistral-Small-24B-Instruct-2501-FP8-dynamic,mistral,Mistral-Small-24B-Instruct-2501,fp8_dynamic,truthfulqa,65.55,-0.7,0.1512484813755886,-2.9985233772755704,3.3010203400267475,-0.34846153846153843,-0.16785714285714284,True,Mistral-Small-24B-Instruct-2501|s4
RedHatAI/Mistral-Small-24B-Instruct-2501-FP8-dynamic,mistral,Mistral-Small-24B-Instruct-2501,fp8_dynamic,winogrande,83.11,-0.63,0.1862426569957319,-1.807928011736965,2.180413325728429,-0.34846153846153843,-0.10871428571428572,True,Mistral-Small-24B-Instruct-2501|s4
RedHatAI/Mistral-Small-24B-Instruct-2501-FP8-dynamic,mistral,Mistral-Small-24B-Instruct-2501,fp8_dynamic,ifeval,73.27,0.26,0.08620616401408582,-3.518526884755365,3.6909392127835363,-0.34846153846153843,-0.23857142857142857,True,Mistral-Small-24B-Instruct-2501|s4
RedHatAI/Mistral-Small-24B-Instruct-2501-FP8-dynamic,mistral,Mistral-Small-24B-Instruct-2501,fp8_dynamic,bbh,45.18,-0.79,-0.3888271988478248,-1.5573251274812496,0.7796707297855999,-0.34846153846153843,-0.7418181818181818,True,Mistral-Small-24B-Instruct-2501|s4
RedHatAI/Mistral-Small-24B-Instruct-2501-FP8-dynamic,mistral,Mistral-Small-24B-Instruct-2501,fp8_dynamic,mmlu_pro,38.83,-1.55,-0.84150890045135,-1.683278407669758,0.0002606067670580803,-0.34846153846153843,-1.2439130434782608,True,Mistral-Small-24B-Instruct-2501|s4
RedHatAI/Mistral-Small-24B-Instruct-2501-quantized.w4a16,mistral,Mistral-Small-24B-Instruct-2501,w4a16,arc_challenge,72.18,-1.02,-0.7733929605610109,-3.2532826416892453,1.7064967205672232,-0.34846153846153843,-0.35619718309859155,True,Mistral-Small-24B-Instruct-2501|s4
RedHatAI/Mistral-Small-24B-Instruct-2501-quantized.w4a16,mistral,Mistral-Small-24B-Instruct-2501,w4a16,gsm8k,90.14,-0.45,-0.9806439633599628,-2.5358359227491256,0.5745479960292001,-0.34846153846153843,-0.6543478260869565,True,Mistral-Small-24B-Instruct-2501|s4
RedHatAI/Mistral-Small-24B-Instruct-2501-quantized.w4a16,mistral,Mistral-Small-24B-Instruct-2501,w4a16,hellaswag,85.05,-0.62,-0.7016967792374926,-1.375847203904235,-0.027546354570750053,-0.34846153846153843,-0.27041666666666664,True,Mistral-Small-24B-Instruct-2501|s4
RedHatAI/Mistral-Small-24B-Instruct-2501-quantized.w4a16,mistral,Mistral-Small-24B-Instruct-2501,w4a16,mmlu,80.69,-0.69,-0.8780230487681762,-1.5091194096911709,-0.24692668784518157,-0.34846153846153843,-0.48887323943661976,True,Mistral-Small-24B-Instruct-2501|s4
RedHatAI/Mistral-Small-24B-Instruct-2501-quantized.w4a16,mistral,Mistral-Small-24B-Instruct-2501,w4a16,truthfulqa,65.55,-1.63,-0.5990755791237417,-3.7488474377749004,2.5506962795274175,-0.34846153846153843,-0.16785714285714284,True,Mistral-Small-24B-Instruct-2501|s4
RedHatAI/Mistral-Small-24B-Instruct-2501-quantized.w4a16,mistral,Mistral-Small-24B-Instruct-2501,w4a16,winogrande,83.11,-0.87,-0.5640814035035984,-2.558252072236295,1.4300892652290984,-0.34846153846153843,-0.10871428571428572,True,Mistral-Small-24B-Instruct-2501|s4
RedHatAI/Mistral-Small-24B-Instruct-2501-quantized.w4a16,mistral,Mistral-Small-24B-Instruct-2501,w4a16,ifeval,73.27,1.1,-0.6641178964852443,-4.2688509452546946,2.9406151522842063,-0.34846153846153843,-0.23857142857142857,True,Mistral-Small-24B-Instruct-2501|s4
RedHatAI/Mistral-Small-24B-Instruct-2501-quantized.w4a16,mistral,Mistral-Small-24B-Instruct-2501,w4a16,bbh,45.18,-0.03,-1.1391512593471549,-2.3076491879805796,0.029346669286269833,-0.34846153846153843,-0.7418181818181818,True,Mistral-Small-24B-Instruct-2501|s4
RedHatAI/Mistral-Small-24B-Instruct-2501-quantized.w4a16,mistral,Mistral-Small-24B-Instruct-2501,w4a16,mmlu_pro,38.83,-2.83,-1.5918329609506803,-2.4336024681690884,-0.7500634537322722,-0.34846153846153843,-1.2439130434782608,False,Mistral-Small-24B-Instruct-2501|s4
RedHatAI/Mistral-Small-24B-Instruct-2501-quantized.w8a8,mistral,Mistral-Small-24B-Instruct-2501,w8a8_int,arc_challenge,72.18,-3.32,-0.4061408328194806,-2.886030513947715,2.0737488483087536,-0.34846153846153843,-0.35619718309859155,False,Mistral-Small-24B-Instruct-2501|s4
RedHatAI/Mistral-Small-24B-Instruct-2501-quantized.w8a8,mistral,Mistral-Small-24B-Instruct-2501,w8a8_int,gsm8k,90.14,-0.14,-0.6133918356184324,-2.1685837950075952,0.9418001237707306,-0.34846153846153843,-0.6543478260869565,True,Mistral-Small-24B-Instruct-2501|s4
RedHatAI/Mistral-Small-24B-Instruct-2501-quantized.w8a8,mistral,Mistral-Small-24B-Instruct-2501,w8a8_int,hellaswag,85.05,0.01,-0.3344446514959623,-1.008595076162705,0.33970577317078027,-0.34846153846153843,-0.27041666666666664,True,Mistral-Small-24B-Instruct-2501|s4
RedHatAI/Mistral-Small-24B-Instruct-2501-quantized.w8a8,mistral,Mistral-Small-24B-Instruct-2501,w8a8_int,mmlu,80.69,-0.44,-0.5107709210266458,-1.1418672819496405,0.12032543989634881,-0.34846153846153843,-0.48887323943661976,True,Mistral-Small-24B-Instruct-2501|s4
RedHatAI/Mistral-Small-24B-Instruct-2501-quantized.w8a8,mistral,Mistral-Small-24B-Instruct-2501,w8a8_int,truthfulqa,65.55,0.14,-0.23182345138221125,-3.38159531003337,2.917948407268948,-0.34846153846153843,-0.16785714285714284,True,Mistral-Small-24B-Instruct-2501|s4
RedHatAI/Mistral-Small-24B-Instruct-2501-quantized.w8a8,mistral,Mistral-Small-24B-Instruct-2501,w8a8_int,winogrande,83.11,-1.42,-0.196829275762068,-2.1909999444947648,1.7973413929706288,-0.34846153846153843,-0.10871428571428572,True,Mistral-Small-24B-Instruct-2501|s4
RedHatAI/Mistral-Small-3.1-24B-Instruct-2503-FP8-dynamic,mistral,Mistral-Small-3.1-24B-Instruct-2503,fp8_dynamic,mmlu,80.67,0.04,-0.2003954063964399,-1.0180060416914158,0.6172152288985361,-0.34382550335570466,-0.48928571428571427,True,Mistral-Small-3.1-24B-Instruct-2503|s0
RedHatAI/Mistral-Small-3.1-24B-Instruct-2503-FP8-dynamic,mistral,Mistral-Small-3.1-24B-Instruct-2503,fp8_dynamic,arc_challenge,72.78,0.09,-0.09300058762397512,-3.2828878992569144,3.096886724008964,-0.34382550335570466,-0.39185714285714285,True,Mistral-Small-3.1-24B-Instruct-2503|s0
RedHatAI/Mistral-Small-3.1-24B-Instruct-2503-FP8-dynamic,mistral,Mistral-Small-3.1-24B-Instruct-2503,fp8_dynamic,gsm8k,58.68,-8.72,-0.16479565529401224,-3.4913289312227906,3.1617376206347663,-0.34382550335570466,-0.5258571428571429,False,Mistral-Small-3.1-24B-Instruct-2503|s0
RedHatAI/Mistral-Small-3.1-24B-Instruct-2503-FP8-dynamic,mistral,Mistral-Small-3.1-24B-Instruct-2503,fp8_dynamic,hellaswag,83.7,-0.03,0.0818288577215101,-0.822518936359957,0.9861766518029773,-0.34382550335570466,-0.17506849315068493,True,Mistral-Small-3.1-24B-Instruct-2503|s0
RedHatAI/Mistral-Small-3.1-24B-Instruct-2503-FP8-dynamic,mistral,Mistral-Small-3.1-24B-Instruct-2503,fp8_dynamic,winogrande,83.74,-1.18,0.1491042184468308,-2.394370951886881,2.6925793887805427,-0.34382550335570466,-0.09154929577464789,True,Mistral-Small-3.1-24B-Instruct-2503|s0
RedHatAI/Mistral-Small-3.1-24B-Instruct-2503-FP8-dynamic,mistral,Mistral-Small-3.1-24B-Instruct-2503,fp8_dynamic,truthfulqa,70.62,0.26,0.01939016416173317,-3.8905290569579267,3.929309385281393,-0.34382550335570466,-0.23464788732394368,True,Mistral-Small-3.1-24B-Instruct-2503|s0
RedHatAI/Mistral-Small-3.1-24B-Instruct-2503-FP8-dynamic,mistral,Mistral-Small-3.1-24B-Instruct-2503,fp8_dynamic,mmlu_pro,67.25,-0.39,-0.6513980746495505,-1.7011143862302986,0.3983182369311977,-0.34382550335570466,-1.0376,True,Mistral-Small-3.1-24B-Instruct-2503|s0
RedHatAI/Mistral-Small-3.1-24B-Instruct-2503-FP8-dynamic,mistral,Mistral-Small-3.1-24B-Instruct-2503,fp8_dynamic,gpqa,45.96,-0.51,0.35788059430974345,-5.4190577715546535,6.13481896017414,-0.34382550335570466,-0.007499999999999993,True,Mistral-Small-3.1-24B-Instruct-2503|s0
RedHatAI/Mistral-Small-3.1-24B-Instruct-2503-FP8-dynamic,mistral,Mistral-Small-3.1-24B-Instruct-2503,fp8_dynamic,humaneval,84.7,0.0,0.07103892138893692,-6.8258710574691435,6.967948900247018,-0.34382550335570466,-0.2348,True,Mistral-Small-3.1-24B-Instruct-2503|s0
RedHatAI/Mistral-Small-3.1-24B-Instruct-2503-FP8-dynamic,mistral,Mistral-Small-3.1-24B-Instruct-2503,fp8_dynamic,humaneval_plus,79.5,-0.2,-0.00044875183764470084,-7.734866614407794,7.733969110732504,-0.34382550335570466,-0.18333333333333335,True,Mistral-Small-3.1-24B-Instruct-2503|s0
RedHatAI/Mistral-Small-3.1-24B-Instruct-2503-quantized.w4a16,mistral,Mistral-Small-3.1-24B-Instruct-2503,w4a16,mmlu,80.67,-0.93,-0.6406302624857868,-1.4582408977807628,0.1769803728091892,-0.34382550335570466,-0.48928571428571427,True,Mistral-Small-3.1-24B-Instruct-2503|s0
RedHatAI/Mistral-Small-3.1-24B-Instruct-2503-quantized.w4a16,mistral,Mistral-Small-3.1-24B-Instruct-2503,w4a16,arc_challenge,72.78,-0.6,-0.533235443713322,-3.723122755346261,2.656651867919617,-0.34382550335570466,-0.39185714285714285,True,Mistral-Small-3.1-24B-Instruct-2503|s0
RedHatAI/Mistral-Small-3.1-24B-Instruct-2503-quantized.w4a16,mistral,Mistral-Small-3.1-24B-Instruct-2503,w4a16,gsm8k,58.68,0.91,-0.605030511383359,-3.9315637873121374,2.7215027645454195,-0.34382550335570466,-0.5258571428571429,True,Mistral-Small-3.1-24B-Instruct-2503|s0
RedHatAI/Mistral-Small-3.1-24B-Instruct-2503-quantized.w4a16,mistral,Mistral-Small-3.1-24B-Instruct-2503,w4a16,hellaswag,83.7,-0.45,-0.3584059983678367,-1.262753792449304,0.5459417957136304,-0.34382550335570466,-0.17506849315068493,True,Mistral-Small-3.1-24B-Instruct-2503|s0
RedHatAI/Mistral-Small-3.1-24B-Instruct-2503-quantized.w4a16,mistral,Mistral-Small-3.1-24B-Instruct-2503,w4a16,winogrande,83.74,-0.31,-0.2911306376425161,-2.834605807976228,2.252344532691196,-0.34382550335570466,-0.09154929577464789,True,Mistral-Small-3.1-24B-Instruct-2503|s0
RedHatAI/Mistral-Small-3.1-24B-Instruct-2503-quantized.w4a16,mistral,Mistral-Small-3.1-24B-Instruct-2503,w4a16,truthfulqa,70.62,-1.06,-0.42084469192761365,-4.3307639130472735,3.489074529192046,-0.34382550335570466,-0.23464788732394368,True,Mistral-Small-3.1-24B-Instruct-2503|s0
RedHatAI/Mistral-Small-3.1-24B-Instruct-2503-quantized.w4a16,mistral,Mistral-Small-3.1-24B-Instruct-2503,w4a16,mmlu_pro,67.25,-0.69,-1.0916329307388974,-2.1413492423196456,-0.04191661915814926,-0.34382550335570466,-1.0376,True,Mistral-Small-3.1-24B-Instruct-2503|s0
RedHatAI/Mistral-Small-3.1-24B-Instruct-2503-quantized.w4a16,mistral,Mistral-Small-3.1-24B-Instruct-2503,w4a16,gpqa,42.63,4.47,-0.07705918855499172,-5.809639465721289,5.655521088611306,-0.34382550335570466,-0.007499999999999993,True,Mistral-Small-3.1-24B-Instruct-2503|s0
RedHatAI/Mistral-Small-3.1-24B-Instruct-2503-quantized.w4a16,mistral,Mistral-Small-3.1-24B-Instruct-2503,w4a16,humaneval,84.7,-0.1,-0.3691959347004099,-7.266105913558491,6.527714044157671,-0.34382550335570466,-0.2348,True,Mistral-Small-3.1-24B-Instruct-2503|s0
RedHatAI/Mistral-Small-3.1-24B-Instruct-2503-quantized.w4a16,mistral,Mistral-Small-3.1-24B-Instruct-2503,w4a16,humaneval_plus,79.5,0.4,-0.4406836079269914,-8.175101470497141,7.293734254643158,-0.34382550335570466,-0.18333333333333335,True,Mistral-Small-3.1-24B-Instruct-2503|s0
RedHatAI/Mistral-Small-3.1-24B-Instruct-2503-quantized.w8a8,mistral,Mistral-Small-3.1-24B-Instruct-2503,w8a8_int,mmlu,80.67,-0.27,-0.9367346150315832,-1.7543452503265593,-0.11912397973660716,-0.34382550335570466,-0.48928571428571427,True,Mistral-Small-3.1-24B-Instruct-2503|s0
RedHatAI/Mistral-Small-3.1-24B-Instruct-2503-quantized.w8a8,mistral,Mistral-Small-3.1-24B-Instruct-2503,w8a8_int,arc_challenge,72.78,0.68,-0.8293397962591182,-4.019227107892057,2.360547515373821,-0.34382550335570466,-0.39185714285714285,True,Mistral-Small-3.1-24B-Instruct-2503|s0
RedHatAI/Mistral-Small-3.1-24B-Instruct-2503-quantized.w8a8,mistral,Mistral-Small-3.1-24B-Instruct-2503,w8a8_int,hellaswag,83.7,-1.44,-0.6545103509136333,-1.5588581449951004,0.24983744316783385,-0.34382550335570466,-0.17506849315068493,True,Mistral-Small-3.1-24B-Instruct-2503|s0
RedHatAI/Mistral-Small-3.1-24B-Instruct-2503-quantized.w8a8,mistral,Mistral-Small-3.1-24B-Instruct-2503,w8a8_int,winogrande,83.74,-2.84,-0.5872349901883123,-3.130710160522024,1.9562401801453997,-0.34382550335570466,-0.09154929577464789,True,Mistral-Small-3.1-24B-Instruct-2503|s0
RedHatAI/Mistral-Small-3.1-24B-Instruct-2503-quantized.w8a8,mistral,Mistral-Small-3.1-24B-Instruct-2503,w8a8_int,truthfulqa,70.62,-1.47,-0.7169490444734101,-4.62686826559307,3.1929701766462495,-0.34382550335570466,-0.23464788732394368,True,Mistral-Small-3.1-24B-Instruct-2503|s0
RedHatAI/Mistral-Small-3.1-24B-Instruct-2503-quantized.w8a8,mistral,Mistral-Small-3.1-24B-Instruct-2503,w8a8_int,mmlu_pro,67.25,-0.71,-1.3877372832846937,-2.437453594865442,-0.3380209717039455,-0.34382550335570466,-1.0376,True,Mistral-Small-3.1-24B-Instruct-2503|s0
RedHatAI/Mistral-Small-3.1-24B-Instruct-2503-quantized.w8a8,mistral,Mistral-Small-3.1-24B-Instruct-2503,w8a8_int,gpqa,42.63,2.01,-0.37316354110078825,-6.105743818267086,5.359416736065509,-0.34382550335570466,-0.007499999999999993,True,Mistral-Small-3.1-24B-Instruct-2503|s0
RedHatAI/Mistral-Small-3.1-24B-Instruct-2503-quantized.w8a8,mistral,Mistral-Small-3.1-24B-Instruct-2503,w8a8_int,humaneval,84.7,-0.5,-0.6653002872462064,-7.562210266104287,6.231609691611874,-0.34382550335570466,-0.2348,True,Mistral-Small-3.1-24B-Instruct-2503|s0
RedHatAI/Mistral-Small-3.1-24B-Instruct-2503-quantized.w8a8,mistral,Mistral-Small-3.1-24B-Instruct-2503,w8a8_int,humaneval_plus,79.5,1.5,-0.736787960472788,-8.471205823042936,6.997629902097361,-0.34382550335570466,-0.18333333333333335,True,Mistral-Small-3.1-24B-Instruct-2503|s0
RedHatAI/Mistral-Small-3.1-24B-Instruct-2503-FP8-dynamic,mistral,Mistral-Small-3.1-24B-Instruct-2503,fp8_dynamic,mmlu,80.67,0.04,-0.09239209537212895,-0.6866328412934528,0.5018486505491948,-0.3807155963302752,-0.5269014084507042,True,Mistral-Small-3.1-24B-Instruct-2503|s1
RedHatAI/Mistral-Small-3.1-24B-Instruct-2503-FP8-dynamic,mistral,Mistral-Small-3.1-24B-Instruct-2503,fp8_dynamic,arc_challenge,72.78,0.09,0.013341614498094623,-2.30507369670422,2.331756925700409,-0.3807155963302752,-0.41231884057971013,True,Mistral-Small-3.1-24B-Instruct-2503|s1
RedHatAI/Mistral-Small-3.1-24B-Instruct-2503-FP8-dynamic,mistral,Mistral-Small-3.1-24B-Instruct-2503,fp8_dynamic,gsm8k,58.68,-8.72,-0.2429955954727344,-2.6607254168403953,2.1747342258949267,-0.3807155963302752,-0.6784057971014493,False,Mistral-Small-3.1-24B-Instruct-2503|s1
RedHatAI/Mistral-Small-3.1-24B-Instruct-2503-FP8-dynamic,mistral,Mistral-Small-3.1-24B-Instruct-2503,fp8_dynamic,hellaswag,83.7,-0.03,0.12374801148901526,-0.5335334431894608,0.7810294661674914,-0.3807155963302752,-0.26436619718309856,True,Mistral-Small-3.1-24B-Instruct-2503|s1
RedHatAI/Mistral-Small-3.1-24B-Instruct-2503-FP8-dynamic,mistral,Mistral-Small-3.1-24B-Instruct-2503,fp8_dynamic,winogrande,83.74,-1.18,0.25167274246761884,-1.5969291680324542,2.100274652967692,-0.3807155963302752,-0.10884057971014492,True,Mistral-Small-3.1-24B-Instruct-2503|s1
RedHatAI/Mistral-Small-3.1-24B-Instruct-2503-FP8-dynamic,mistral,Mistral-Small-3.1-24B-Instruct-2503,fp8_dynamic,truthfulqa,70.62,0.26,0.31557063203659297,-2.526165047700528,3.157306311773714,-0.3807155963302752,-0.08985294117647058,True,Mistral-Small-3.1-24B-Instruct-2503|s1
RedHatAI/Mistral-Small-3.1-24B-Instruct-2503-FP8-dynamic,mistral,Mistral-Small-3.1-24B-Instruct-2503,fp8_dynamic,mmlu_pro,67.25,-0.39,-1.0071500785556307,-1.7700856093226405,-0.24421454778862084,-0.3807155963302752,-1.7272222222222222,True,Mistral-Small-3.1-24B-Instruct-2503|s1
RedHatAI/Mistral-Small-3.1-24B-Instruct-2503-FP8-dynamic,mistral,Mistral-Small-3.1-24B-Instruct-2503,fp8_dynamic,gpqa,45.96,-0.51,0.5901468180485449,-3.6085414272850795,4.7888350633821695,-0.3807155963302752,0.12214285714285712,True,Mistral-Small-3.1-24B-Instruct-2503|s1
RedHatAI/Mistral-Small-3.1-24B-Instruct-2503-FP8-dynamic,mistral,Mistral-Small-3.1-24B-Instruct-2503,fp8_dynamic,humaneval,84.7,0.0,0.06109024048101108,-4.951595203502023,5.073775684464046,-0.3807155963302752,-0.4810526315789474,True,Mistral-Small-3.1-24B-Instruct-2503|s1
RedHatAI/Mistral-Small-3.1-24B-Instruct-2503-FP8-dynamic,mistral,Mistral-Small-3.1-24B-Instruct-2503,fp8_dynamic,humaneval_plus,79.5,-0.2,0.03797349454684379,-5.583414048024349,5.659361037118036,-0.3807155963302752,-0.19999999999999998,True,Mistral-Small-3.1-24B-Instruct-2503|s1
RedHatAI/Mistral-Small-3.1-24B-Instruct-2503-quantized.w4a16,mistral,Mistral-Small-3.1-24B-Instruct-2503,w4a16,mmlu,80.67,-0.93,-0.7446604291499526,-1.3389011750712765,-0.15041968322862875,-0.3807155963302752,-0.5269014084507042,True,Mistral-Small-3.1-24B-Instruct-2503|s1
RedHatAI/Mistral-Small-3.1-24B-Instruct-2503-quantized.w4a16,mistral,Mistral-Small-3.1-24B-Instruct-2503,w4a16,arc_challenge,72.78,-0.6,-0.638926719279729,-2.9573420304820432,1.6794885919225855,-0.3807155963302752,-0.41231884057971013,True,Mistral-Small-3.1-24B-Instruct-2503|s1
RedHatAI/Mistral-Small-3.1-24B-Instruct-2503-quantized.w4a16,mistral,Mistral-Small-3.1-24B-Instruct-2503,w4a16,gsm8k,58.68,0.91,-0.8952639292505579,-3.3129937506182188,1.5224658921171033,-0.3807155963302752,-0.6784057971014493,True,Mistral-Small-3.1-24B-Instruct-2503|s1
RedHatAI/Mistral-Small-3.1-24B-Instruct-2503-quantized.w4a16,mistral,Mistral-Small-3.1-24B-Instruct-2503,w4a16,hellaswag,83.7,-0.45,-0.5285203222888083,-1.1858017769672844,0.1287611323896678,-0.3807155963302752,-0.26436619718309856,True,Mistral-Small-3.1-24B-Instruct-2503|s1
RedHatAI/Mistral-Small-3.1-24B-Instruct-2503-quantized.w4a16,mistral,Mistral-Small-3.1-24B-Instruct-2503,w4a16,winogrande,83.74,-0.31,-0.4005955913102048,-2.249197501810278,1.4480063191898682,-0.3807155963302752,-0.10884057971014492,True,Mistral-Small-3.1-24B-Instruct-2503|s1
RedHatAI/Mistral-Small-3.1-24B-Instruct-2503-quantized.w4a16,mistral,Mistral-Small-3.1-24B-Instruct-2503,w4a16,truthfulqa,70.62,-1.06,-0.33669770174123065,-3.1784333814783516,2.5050379779958907,-0.3807155963302752,-0.08985294117647058,True,Mistral-Small-3.1-24B-Instruct-2503|s1
RedHatAI/Mistral-Small-3.1-24B-Instruct-2503-quantized.w4a16,mistral,Mistral-Small-3.1-24B-Instruct-2503,w4a16,mmlu_pro,67.25,-0.69,-1.659418412333454,-2.4223539431004637,-0.8964828815664443,-0.3807155963302752,-1.7272222222222222,False,Mistral-Small-3.1-24B-Instruct-2503|s1
RedHatAI/Mistral-Small-3.1-24B-Instruct-2503-quantized.w4a16,mistral,Mistral-Small-3.1-24B-Instruct-2503,w4a16,gpqa,42.63,4.47,-0.08508989450399151,-4.251538608479156,4.0813588194711725,-0.3807155963302752,0.12214285714285712,False,Mistral-Small-3.1-24B-Instruct-2503|s1
RedHatAI/Mistral-Small-3.1-24B-Instruct-2503-quantized.w4a16,mistral,Mistral-Small-3.1-24B-Instruct-2503,w4a16,humaneval,84.7,-0.1,-0.5911780932968125,-5.603863537279847,4.421507350686222,-0.3807155963302752,-0.4810526315789474,True,Mistral-Small-3.1-24B-Instruct-2503|s1
RedHatAI/Mistral-Small-3.1-24B-Instruct-2503-quantized.w4a16,mistral,Mistral-Small-3.1-24B-Instruct-2503,w4a16,humaneval_plus,79.5,0.4,-0.6142948392309798,-6.235682381802173,5.007092703340213,-0.3807155963302752,-0.19999999999999998,True,Mistral-Small-3.1-24B-Instruct-2503|s1
RedHatAI/Mistral-Small-3.1-24B-Instruct-2503-quantized.w8a8,mistral,Mistral-Small-3.1-24B-Instruct-2503,w8a8_int,mmlu,80.67,-0.27,-0.15994078037345996,-0.7541815262947837,0.4342999655478639,-0.3807155963302752,-0.5269014084507042,True,Mistral-Small-3.1-24B-Instruct-2503|s1
RedHatAI/Mistral-Small-3.1-24B-Instruct-2503-quantized.w8a8,mistral,Mistral-Small-3.1-24B-Instruct-2503,w8a8_int,arc_challenge,72.78,0.68,-0.054207070503236365,-2.372622381705551,2.264208240699078,-0.3807155963302752,-0.41231884057971013,True,Mistral-Small-3.1-24B-Instruct-2503|s1
RedHatAI/Mistral-Small-3.1-24B-Instruct-2503-quantized.w8a8,mistral,Mistral-Small-3.1-24B-Instruct-2503,w8a8_int,hellaswag,83.7,-1.44,0.05619932648768433,-0.6010821281907918,0.7134807811661604,-0.3807155963302752,-0.26436619718309856,False,Mistral-Small-3.1-24B-Instruct-2503|s1
RedHatAI/Mistral-Small-3.1-24B-Instruct-2503-quantized.w8a8,mistral,Mistral-Small-3.1-24B-Instruct-2503,w8a8_int,winogrande,83.74,-2.84,0.1841240574662878,-1.6644778530337851,2.032725967966361,-0.3807155963302752,-0.10884057971014492,False,Mistral-Small-3.1-24B-Instruct-2503|s1
RedHatAI/Mistral-Small-3.1-24B-Instruct-2503-quantized.w8a8,mistral,Mistral-Small-3.1-24B-Instruct-2503,w8a8_int,truthfulqa,70.62,-1.47,0.24802194703526204,-2.5937137327018593,3.089757626772383,-0.3807155963302752,-0.08985294117647058,True,Mistral-Small-3.1-24B-Instruct-2503|s1
RedHatAI/Mistral-Small-3.1-24B-Instruct-2503-quantized.w8a8,mistral,Mistral-Small-3.1-24B-Instruct-2503,w8a8_int,mmlu_pro,67.25,-0.71,-1.0746987635569614,-1.8376342943239712,-0.31176323278995155,-0.3807155963302752,-1.7272222222222222,True,Mistral-Small-3.1-24B-Instruct-2503|s1
RedHatAI/Mistral-Small-3.1-24B-Instruct-2503-quantized.w8a8,mistral,Mistral-Small-3.1-24B-Instruct-2503,w8a8_int,gpqa,42.63,2.01,0.4996297542725011,-3.6668189597026632,4.666078468247665,-0.3807155963302752,0.12214285714285712,True,Mistral-Small-3.1-24B-Instruct-2503|s1
RedHatAI/Mistral-Small-3.1-24B-Instruct-2503-quantized.w8a8,mistral,Mistral-Small-3.1-24B-Instruct-2503,w8a8_int,humaneval,84.7,-0.5,-0.006458444520319961,-5.019143888503354,5.006226999462715,-0.3807155963302752,-0.4810526315789474,True,Mistral-Small-3.1-24B-Instruct-2503|s1
RedHatAI/Mistral-Small-3.1-24B-Instruct-2503-quantized.w8a8,mistral,Mistral-Small-3.1-24B-Instruct-2503,w8a8_int,humaneval_plus,79.5,1.5,-0.0295751904544872,-5.65096273302568,5.591812352116706,-0.3807155963302752,-0.19999999999999998,True,Mistral-Small-3.1-24B-Instruct-2503|s1
RedHatAI/Mistral-Small-3.1-24B-Instruct-2503-FP8-dynamic,mistral,Mistral-Small-3.1-24B-Instruct-2503,fp8_dynamic,mmlu,80.67,0.04,-0.2069965353420494,-0.7501650736172166,0.3361720029331178,-0.40096339113680146,-0.5377941176470589,True,Mistral-Small-3.1-24B-Instruct-2503|s2
RedHatAI/Mistral-Small-3.1-24B-Instruct-2503-FP8-dynamic,mistral,Mistral-Small-3.1-24B-Instruct-2503,fp8_dynamic,arc_challenge,72.78,0.09,-0.11298578816935373,-2.2321441668969806,2.006172590558273,-0.40096339113680146,-0.47477611940298503,True,Mistral-Small-3.1-24B-Instruct-2503|s2
RedHatAI/Mistral-Small-3.1-24B-Instruct-2503-FP8-dynamic,mistral,Mistral-Small-3.1-24B-Instruct-2503,fp8_dynamic,gsm8k,58.68,-8.72,-0.27046253601366677,-2.4803998081212635,1.9394747360939297,-0.40096339113680146,-0.7376811594202899,False,Mistral-Small-3.1-24B-Instruct-2503|s2
RedHatAI/Mistral-Small-3.1-24B-Instruct-2503-FP8-dynamic,mistral,Mistral-Small-3.1-24B-Instruct-2503,fp8_dynamic,hellaswag,83.7,-0.03,0.06167812838965281,-0.5391130651182245,0.6624693218975302,-0.40096339113680146,-0.2381159420289855,True,Mistral-Small-3.1-24B-Instruct-2503|s2
RedHatAI/Mistral-Small-3.1-24B-Instruct-2503-FP8-dynamic,mistral,Mistral-Small-3.1-24B-Instruct-2503,fp8_dynamic,winogrande,83.74,-1.18,0.11315063080952253,-1.576572607576334,1.802873869195379,-0.40096339113680146,-0.16455882352941176,True,Mistral-Small-3.1-24B-Instruct-2503|s2
RedHatAI/Mistral-Small-3.1-24B-Instruct-2503-FP8-dynamic,mistral,Mistral-Small-3.1-24B-Instruct-2503,fp8_dynamic,truthfulqa,70.62,0.26,0.11464389542565573,-2.4828579183115704,2.7121457091628822,-0.40096339113680146,-0.19742424242424245,True,Mistral-Small-3.1-24B-Instruct-2503|s2
RedHatAI/Mistral-Small-3.1-24B-Instruct-2503-FP8-dynamic,mistral,Mistral-Small-3.1-24B-Instruct-2503,fp8_dynamic,mmlu_pro,67.25,-0.39,-1.132305452610937,-1.8296702494365178,-0.43494065578535623,-0.40096339113680146,-1.7673333333333334,False,Mistral-Small-3.1-24B-Instruct-2503|s2
RedHatAI/Mistral-Small-3.1-24B-Instruct-2503-FP8-dynamic,mistral,Mistral-Small-3.1-24B-Instruct-2503,fp8_dynamic,gpqa,45.96,-0.51,0.5466044797019811,-3.2912261849642506,4.384435144368213,-0.40096339113680146,0.12000000000000001,True,Mistral-Small-3.1-24B-Instruct-2503|s2
RedHatAI/Mistral-Small-3.1-24B-Instruct-2503-FP8-dynamic,mistral,Mistral-Small-3.1-24B-Instruct-2503,fp8_dynamic,humaneval,84.7,0.0,0.1524735426367358,-4.429395075645385,4.734342160918857,-0.40096339113680146,-0.22533333333333333,True,Mistral-Small-3.1-24B-Instruct-2503|s2
RedHatAI/Mistral-Small-3.1-24B-Instruct-2503-FP8-dynamic,mistral,Mistral-Small-3.1-24B-Instruct-2503,fp8_dynamic,humaneval_plus,79.5,-0.2,0.13337307476507937,-5.0048825489596656,5.271628698489824,-0.40096339113680146,-0.08333333333333333,True,Mistral-Small-3.1-24B-Instruct-2503|s2
RedHatAI/Mistral-Small-3.1-24B-Instruct-2503-quantized.w4a16,mistral,Mistral-Small-3.1-24B-Instruct-2503,w4a16,mmlu,80.67,-0.93,-0.8174445769206642,-1.3606131151958314,-0.274276038645497,-0.40096339113680146,-0.5377941176470589,True,Mistral-Small-3.1-24B-Instruct-2503|s2
RedHatAI/Mistral-Small-3.1-24B-Instruct-2503-quantized.w4a16,mistral,Mistral-Small-3.1-24B-Instruct-2503,w4a16,arc_challenge,72.78,-0.6,-0.7234338297479684,-2.8425922084755952,1.3957245489796581,-0.40096339113680146,-0.47477611940298503,True,Mistral-Small-3.1-24B-Instruct-2503|s2
RedHatAI/Mistral-Small-3.1-24B-Instruct-2503-quantized.w4a16,mistral,Mistral-Small-3.1-24B-Instruct-2503,w4a16,gsm8k,58.68,0.91,-0.8809105775922815,-3.090847849699878,1.3290266945153149,-0.40096339113680146,-0.7376811594202899,True,Mistral-Small-3.1-24B-Instruct-2503|s2
RedHatAI/Mistral-Small-3.1-24B-Instruct-2503-quantized.w4a16,mistral,Mistral-Small-3.1-24B-Instruct-2503,w4a16,hellaswag,83.7,-0.45,-0.548769913188962,-1.1495611066968392,0.0520212803189154,-0.40096339113680146,-0.2381159420289855,True,Mistral-Small-3.1-24B-Instruct-2503|s2
RedHatAI/Mistral-Small-3.1-24B-Instruct-2503-quantized.w4a16,mistral,Mistral-Small-3.1-24B-Instruct-2503,w4a16,winogrande,83.74,-0.31,-0.4972974107690923,-2.187020649154949,1.192425827616764,-0.40096339113680146,-0.16455882352941176,True,Mistral-Small-3.1-24B-Instruct-2503|s2
RedHatAI/Mistral-Small-3.1-24B-Instruct-2503-quantized.w4a16,mistral,Mistral-Small-3.1-24B-Instruct-2503,w4a16,truthfulqa,70.62,-1.06,-0.49580414615295904,-3.0933059598901855,2.101697667584267,-0.40096339113680146,-0.19742424242424245,True,Mistral-Small-3.1-24B-Instruct-2503|s2
RedHatAI/Mistral-Small-3.1-24B-Instruct-2503-quantized.w4a16,mistral,Mistral-Small-3.1-24B-Instruct-2503,w4a16,mmlu_pro,67.25,-0.69,-1.7427534941895517,-2.4401182910151324,-1.045388697363971,-0.40096339113680146,-1.7673333333333334,False,Mistral-Small-3.1-24B-Instruct-2503|s2
RedHatAI/Mistral-Small-3.1-24B-Instruct-2503-quantized.w4a16,mistral,Mistral-Small-3.1-24B-Instruct-2503,w4a16,gpqa,42.63,4.47,-0.06906095158643077,-3.8774229215479585,3.7393010183750968,-0.40096339113680146,0.12000000000000001,False,Mistral-Small-3.1-24B-Instruct-2503|s2
RedHatAI/Mistral-Small-3.1-24B-Instruct-2503-quantized.w4a16,mistral,Mistral-Small-3.1-24B-Instruct-2503,w4a16,humaneval,84.7,-0.1,-0.45797449894187897,-5.039843117224,4.123894119340242,-0.40096339113680146,-0.22533333333333333,True,Mistral-Small-3.1-24B-Instruct-2503|s2
RedHatAI/Mistral-Small-3.1-24B-Instruct-2503-quantized.w4a16,mistral,Mistral-Small-3.1-24B-Instruct-2503,w4a16,humaneval_plus,79.5,0.4,-0.47707496681353545,-5.61533059053828,4.66118065691121,-0.40096339113680146,-0.08333333333333333,True,Mistral-Small-3.1-24B-Instruct-2503|s2
RedHatAI/Mistral-Small-3.1-24B-Instruct-2503-quantized.w8a8,mistral,Mistral-Small-3.1-24B-Instruct-2503,w8a8_int,mmlu,80.67,-0.27,-0.5130250424916231,-1.0561935807667902,0.03014349578354414,-0.40096339113680146,-0.5377941176470589,True,Mistral-Small-3.1-24B-Instruct-2503|s2
RedHatAI/Mistral-Small-3.1-24B-Instruct-2503-quantized.w8a8,mistral,Mistral-Small-3.1-24B-Instruct-2503,w8a8_int,arc_challenge,72.78,0.68,-0.4190142953189273,-2.538172674046554,1.7001440834086994,-0.40096339113680146,-0.47477611940298503,True,Mistral-Small-3.1-24B-Instruct-2503|s2
RedHatAI/Mistral-Small-3.1-24B-Instruct-2503-quantized.w8a8,mistral,Mistral-Small-3.1-24B-Instruct-2503,w8a8_int,hellaswag,83.7,-1.44,-0.24435037875992077,-0.8451415722677982,0.3564408147479566,-0.40096339113680146,-0.2381159420289855,False,Mistral-Small-3.1-24B-Instruct-2503|s2
RedHatAI/Mistral-Small-3.1-24B-Instruct-2503-quantized.w8a8,mistral,Mistral-Small-3.1-24B-Instruct-2503,w8a8_int,winogrande,83.74,-2.84,-0.1928778763400512,-1.8826011147259076,1.4968453620458053,-0.40096339113680146,-0.16455882352941176,False,Mistral-Small-3.1-24B-Instruct-2503|s2
RedHatAI/Mistral-Small-3.1-24B-Instruct-2503-quantized.w8a8,mistral,Mistral-Small-3.1-24B-Instruct-2503,w8a8_int,truthfulqa,70.62,-1.47,-0.19138461172391788,-2.7888864254611443,2.4061172020133084,-0.40096339113680146,-0.19742424242424245,True,Mistral-Small-3.1-24B-Instruct-2503|s2
RedHatAI/Mistral-Small-3.1-24B-Instruct-2503-quantized.w8a8,mistral,Mistral-Small-3.1-24B-Instruct-2503,w8a8_int,mmlu_pro,67.25,-0.71,-1.4383339597605103,-2.135698756586091,-0.7409691629349294,-0.40096339113680146,-1.7673333333333334,False,Mistral-Small-3.1-24B-Instruct-2503|s2
RedHatAI/Mistral-Small-3.1-24B-Instruct-2503-quantized.w8a8,mistral,Mistral-Small-3.1-24B-Instruct-2503,w8a8_int,gpqa,42.63,2.01,0.23535858284261008,-3.5730033871189177,4.043720552804138,-0.40096339113680146,0.12000000000000001,True,Mistral-Small-3.1-24B-Instruct-2503|s2
RedHatAI/Mistral-Small-3.1-24B-Instruct-2503-quantized.w8a8,mistral,Mistral-Small-3.1-24B-Instruct-2503,w8a8_int,humaneval,84.7,-0.5,-0.1535549645128379,-4.735423582794959,4.428313653769282,-0.40096339113680146,-0.22533333333333333,True,Mistral-Small-3.1-24B-Instruct-2503|s2
RedHatAI/Mistral-Small-3.1-24B-Instruct-2503-quantized.w8a8,mistral,Mistral-Small-3.1-24B-Instruct-2503,w8a8_int,humaneval_plus,79.5,1.5,-0.17265543238449424,-5.310911056109239,4.9656001913402505,-0.40096339113680146,-0.08333333333333333,True,Mistral-Small-3.1-24B-Instruct-2503|s2
RedHatAI/Mistral-Small-3.1-24B-Instruct-2503-FP8-dynamic,mistral,Mistral-Small-3.1-24B-Instruct-2503,fp8_dynamic,mmlu,80.67,0.04,-0.045364054034557566,-0.5074294648671287,0.4167013567980135,-0.42683848797250856,-0.5322535211267605,True,Mistral-Small-3.1-24B-Instruct-2503|s3
RedHatAI/Mistral-Small-3.1-24B-Instruct-2503-FP8-dynamic,mistral,Mistral-Small-3.1-24B-Instruct-2503,fp8_dynamic,arc_challenge,72.78,0.09,-0.12238679374944778,-1.9251233623943942,1.6803497748954985,-0.42683848797250856,-0.5463768115942029,True,Mistral-Small-3.1-24B-Instruct-2503|s3
RedHatAI/Mistral-Small-3.1-24B-Instruct-2503-FP8-dynamic,mistral,Mistral-Small-3.1-24B-Instruct-2503,fp8_dynamic,gsm8k,58.68,-8.72,-0.28679240683758245,-2.1667532322440506,1.5931684185688855,-0.42683848797250856,-0.627605633802817,False,Mistral-Small-3.1-24B-Instruct-2503|s3
RedHatAI/Mistral-Small-3.1-24B-Instruct-2503-FP8-dynamic,mistral,Mistral-Small-3.1-24B-Instruct-2503,fp8_dynamic,hellaswag,83.7,-0.03,0.05834718285720086,-0.45273696523124096,0.5694313309456427,-0.42683848797250856,-0.3743835616438356,True,Mistral-Small-3.1-24B-Instruct-2503|s3
RedHatAI/Mistral-Small-3.1-24B-Instruct-2503-FP8-dynamic,mistral,Mistral-Small-3.1-24B-Instruct-2503,fp8_dynamic,winogrande,83.74,-1.18,0.16425384586880631,-1.273168624912393,1.6016763166500056,-0.42683848797250856,-0.2693055555555556,True,Mistral-Small-3.1-24B-Instruct-2503|s3
RedHatAI/Mistral-Small-3.1-24B-Instruct-2503-FP8-dynamic,mistral,Mistral-Small-3.1-24B-Instruct-2503,fp8_dynamic,truthfulqa,70.62,0.26,0.23097978808217712,-1.9786764385360425,2.440636014700397,-0.42683848797250856,-0.19633802816901408,True,Mistral-Small-3.1-24B-Instruct-2503|s3
RedHatAI/Mistral-Small-3.1-24B-Instruct-2503-FP8-dynamic,mistral,Mistral-Small-3.1-24B-Instruct-2503,fp8_dynamic,mmlu_pro,67.25,-0.39,-0.6266683068034744,-1.219906185360691,-0.03343042824625786,-0.42683848797250856,-1.2354166666666668,True,Mistral-Small-3.1-24B-Instruct-2503|s3
RedHatAI/Mistral-Small-3.1-24B-Instruct-2503-FP8-dynamic,mistral,Mistral-Small-3.1-24B-Instruct-2503,fp8_dynamic,gpqa,45.96,-0.51,0.3093139688203578,-2.9554715955388207,3.574099533179536,-0.42683848797250856,-0.1346153846153846,True,Mistral-Small-3.1-24B-Instruct-2503|s3
RedHatAI/Mistral-Small-3.1-24B-Instruct-2503-FP8-dynamic,mistral,Mistral-Small-3.1-24B-Instruct-2503,fp8_dynamic,humaneval,84.7,0.0,0.23694571618422766,-3.6607818882354266,4.134673320603882,-0.42683848797250856,-0.2820833333333333,True,Mistral-Small-3.1-24B-Instruct-2503|s3
RedHatAI/Mistral-Small-3.1-24B-Instruct-2503-FP8-dynamic,mistral,Mistral-Small-3.1-24B-Instruct-2503,fp8_dynamic,humaneval_plus,79.5,-0.2,0.04359961461129208,-4.3274381543995055,4.41463738362209,-0.42683848797250856,-0.32222222222222224,True,Mistral-Small-3.1-24B-Instruct-2503|s3
RedHatAI/Mistral-Small-3.1-24B-Instruct-2503-quantized.w4a16,mistral,Mistral-Small-3.1-24B-Instruct-2503,w4a16,mmlu,80.67,-0.93,-0.7618706905450426,-1.2239361013776138,-0.29980527971247156,-0.42683848797250856,-0.5322535211267605,True,Mistral-Small-3.1-24B-Instruct-2503|s3
RedHatAI/Mistral-Small-3.1-24B-Instruct-2503-quantized.w4a16,mistral,Mistral-Small-3.1-24B-Instruct-2503,w4a16,arc_challenge,72.78,-0.6,-0.8388934302599329,-2.6416299989048793,0.9638431383850135,-0.42683848797250856,-0.5463768115942029,True,Mistral-Small-3.1-24B-Instruct-2503|s3
RedHatAI/Mistral-Small-3.1-24B-Instruct-2503-quantized.w4a16,mistral,Mistral-Small-3.1-24B-Instruct-2503,w4a16,gsm8k,58.68,0.91,-1.0032990433480675,-2.8832598687545357,0.8766617820584004,-0.42683848797250856,-0.627605633802817,False,Mistral-Small-3.1-24B-Instruct-2503|s3
RedHatAI/Mistral-Small-3.1-24B-Instruct-2503-quantized.w4a16,mistral,Mistral-Small-3.1-24B-Instruct-2503,w4a16,hellaswag,83.7,-0.45,-0.6581594536532842,-1.169243601741726,-0.14707530556484238,-0.42683848797250856,-0.3743835616438356,True,Mistral-Small-3.1-24B-Instruct-2503|s3
RedHatAI/Mistral-Small-3.1-24B-Instruct-2503-quantized.w4a16,mistral,Mistral-Small-3.1-24B-Instruct-2503,w4a16,winogrande,83.74,-0.31,-0.5522527906416788,-1.989675261422878,0.8851696801395206,-0.42683848797250856,-0.2693055555555556,True,Mistral-Small-3.1-24B-Instruct-2503|s3
RedHatAI/Mistral-Small-3.1-24B-Instruct-2503-quantized.w4a16,mistral,Mistral-Small-3.1-24B-Instruct-2503,w4a16,truthfulqa,70.62,-1.06,-0.4855268484283082,-2.6951830750465278,1.7241293781899114,-0.42683848797250856,-0.19633802816901408,True,Mistral-Small-3.1-24B-Instruct-2503|s3
RedHatAI/Mistral-Small-3.1-24B-Instruct-2503-quantized.w4a16,mistral,Mistral-Small-3.1-24B-Instruct-2503,w4a16,mmlu_pro,67.25,-0.69,-1.3431749433139595,-1.936412821871176,-0.7499370647567429,-0.42683848797250856,-1.2354166666666668,False,Mistral-Small-3.1-24B-Instruct-2503|s3
RedHatAI/Mistral-Small-3.1-24B-Instruct-2503-quantized.w4a16,mistral,Mistral-Small-3.1-24B-Instruct-2503,w4a16,gpqa,42.63,4.47,-0.4156586041557777,-3.6553755874651994,2.8240583791536444,-0.42683848797250856,-0.1346153846153846,False,Mistral-Small-3.1-24B-Instruct-2503|s3
RedHatAI/Mistral-Small-3.1-24B-Instruct-2503-quantized.w4a16,mistral,Mistral-Small-3.1-24B-Instruct-2503,w4a16,humaneval,84.7,-0.1,-0.4795609203262575,-4.377288524745912,3.418166684093397,-0.42683848797250856,-0.2820833333333333,True,Mistral-Small-3.1-24B-Instruct-2503|s3
RedHatAI/Mistral-Small-3.1-24B-Instruct-2503-quantized.w4a16,mistral,Mistral-Small-3.1-24B-Instruct-2503,w4a16,humaneval_plus,79.5,0.4,-0.672907021899193,-5.043944790909991,3.6981307471116045,-0.42683848797250856,-0.32222222222222224,True,Mistral-Small-3.1-24B-Instruct-2503|s3
RedHatAI/Mistral-Small-3.1-24B-Instruct-2503-quantized.w8a8,mistral,Mistral-Small-3.1-24B-Instruct-2503,w8a8_int,mmlu,80.67,-0.27,-0.5285158524452586,-0.9905812632778297,-0.06645044161268748,-0.42683848797250856,-0.5322535211267605,True,Mistral-Small-3.1-24B-Instruct-2503|s3
RedHatAI/Mistral-Small-3.1-24B-Instruct-2503-quantized.w8a8,mistral,Mistral-Small-3.1-24B-Instruct-2503,w8a8_int,arc_challenge,72.78,0.68,-0.6055385921601488,-2.408275160805095,1.1971979764847975,-0.42683848797250856,-0.5463768115942029,True,Mistral-Small-3.1-24B-Instruct-2503|s3
RedHatAI/Mistral-Small-3.1-24B-Instruct-2503-quantized.w8a8,mistral,Mistral-Small-3.1-24B-Instruct-2503,w8a8_int,hellaswag,83.7,-1.44,-0.42480461555350013,-0.935888763641942,0.0862795325349417,-0.42683848797250856,-0.3743835616438356,False,Mistral-Small-3.1-24B-Instruct-2503|s3
RedHatAI/Mistral-Small-3.1-24B-Instruct-2503-quantized.w8a8,mistral,Mistral-Small-3.1-24B-Instruct-2503,w8a8_int,winogrande,83.74,-2.84,-0.3188979525418947,-1.756320423323094,1.1185245182393047,-0.42683848797250856,-0.2693055555555556,False,Mistral-Small-3.1-24B-Instruct-2503|s3
RedHatAI/Mistral-Small-3.1-24B-Instruct-2503-quantized.w8a8,mistral,Mistral-Small-3.1-24B-Instruct-2503,w8a8_int,truthfulqa,70.62,-1.47,-0.252172010328524,-2.4618282369467437,1.9574842162896955,-0.42683848797250856,-0.19633802816901408,True,Mistral-Small-3.1-24B-Instruct-2503|s3
RedHatAI/Mistral-Small-3.1-24B-Instruct-2503-quantized.w8a8,mistral,Mistral-Small-3.1-24B-Instruct-2503,w8a8_int,mmlu_pro,67.25,-0.71,-1.1098201052141752,-1.7030579837713917,-0.5165822266569586,-0.42683848797250856,-1.2354166666666668,True,Mistral-Small-3.1-24B-Instruct-2503|s3
RedHatAI/Mistral-Small-3.1-24B-Instruct-2503-quantized.w8a8,mistral,Mistral-Small-3.1-24B-Instruct-2503,w8a8_int,gpqa,42.63,2.01,-0.18230376605599363,-3.422020749365416,3.057413217253428,-0.42683848797250856,-0.1346153846153846,True,Mistral-Small-3.1-24B-Instruct-2503|s3
RedHatAI/Mistral-Small-3.1-24B-Instruct-2503-quantized.w8a8,mistral,Mistral-Small-3.1-24B-Instruct-2503,w8a8_int,humaneval,84.7,-0.5,-0.24620608222647333,-4.143933686646128,3.651521522193181,-0.42683848797250856,-0.2820833333333333,True,Mistral-Small-3.1-24B-Instruct-2503|s3
RedHatAI/Mistral-Small-3.1-24B-Instruct-2503-quantized.w8a8,mistral,Mistral-Small-3.1-24B-Instruct-2503,w8a8_int,humaneval_plus,79.5,1.5,-0.4395521837994089,-4.810589952810206,3.9314855852113886,-0.42683848797250856,-0.32222222222222224,True,Mistral-Small-3.1-24B-Instruct-2503|s3
RedHatAI/Mistral-Small-3.1-24B-Instruct-2503-FP8-dynamic,mistral,Mistral-Small-3.1-24B-Instruct-2503,fp8_dynamic,mmlu,80.67,0.04,0.008040992580877704,-0.6715729737190643,0.6876549588808198,-0.358515625,-0.4291304347826087,True,Mistral-Small-3.1-24B-Instruct-2503|s4
RedHatAI/Mistral-Small-3.1-24B-Instruct-2503-FP8-dynamic,mistral,Mistral-Small-3.1-24B-Instruct-2503,fp8_dynamic,arc_challenge,72.78,0.09,-0.0771567395450079,-2.728653520927497,2.5743400418374813,-0.358515625,-0.5001492537313432,True,Mistral-Small-3.1-24B-Instruct-2503|s4
RedHatAI/Mistral-Small-3.1-24B-Instruct-2503-FP8-dynamic,mistral,Mistral-Small-3.1-24B-Instruct-2503,fp8_dynamic,gsm8k,58.68,-8.72,-0.05289824015937916,-2.817977822162449,2.7121813418436904,-0.358515625,-0.37656716417910446,False,Mistral-Small-3.1-24B-Instruct-2503|s4
RedHatAI/Mistral-Small-3.1-24B-Instruct-2503-FP8-dynamic,mistral,Mistral-Small-3.1-24B-Instruct-2503,fp8_dynamic,hellaswag,83.7,-0.03,0.08140316804343684,-0.670308422680395,0.8331147587672687,-0.358515625,-0.3171014492753623,True,Mistral-Small-3.1-24B-Instruct-2503|s4
RedHatAI/Mistral-Small-3.1-24B-Instruct-2503-FP8-dynamic,mistral,Mistral-Small-3.1-24B-Instruct-2503,fp8_dynamic,winogrande,83.74,-1.18,0.21333814082768132,-1.9008482139917868,2.3275244956471495,-0.358515625,-0.17338235294117646,True,Mistral-Small-3.1-24B-Instruct-2503|s4
RedHatAI/Mistral-Small-3.1-24B-Instruct-2503-FP8-dynamic,mistral,Mistral-Small-3.1-24B-Instruct-2503,fp8_dynamic,truthfulqa,70.62,0.26,0.23621051964675843,-3.0137908808595353,3.486211920153052,-0.358515625,-0.17417910447761195,True,Mistral-Small-3.1-24B-Instruct-2503|s4
RedHatAI/Mistral-Small-3.1-24B-Instruct-2503-FP8-dynamic,mistral,Mistral-Small-3.1-24B-Instruct-2503,fp8_dynamic,mmlu_pro,67.25,-0.39,-0.6914860419399326,-1.564030790267183,0.1810587063873178,-0.358515625,-1.3858823529411766,True,Mistral-Small-3.1-24B-Instruct-2503|s4
RedHatAI/Mistral-Small-3.1-24B-Instruct-2503-FP8-dynamic,mistral,Mistral-Small-3.1-24B-Instruct-2503,fp8_dynamic,gpqa,45.96,-0.51,0.3838747205922822,-4.4180295433841295,5.185778984568694,-0.358515625,-0.05461538461538459,True,Mistral-Small-3.1-24B-Instruct-2503|s4
RedHatAI/Mistral-Small-3.1-24B-Instruct-2503-FP8-dynamic,mistral,Mistral-Small-3.1-24B-Instruct-2503,fp8_dynamic,humaneval,84.7,0.0,0.09994452708210305,-5.632902067133661,5.832791121297867,-0.358515625,-0.445,True,Mistral-Small-3.1-24B-Instruct-2503|s4
RedHatAI/Mistral-Small-3.1-24B-Instruct-2503-FP8-dynamic,mistral,Mistral-Small-3.1-24B-Instruct-2503,fp8_dynamic,humaneval_plus,79.5,-0.2,0.22574585291641824,-6.2032536900090705,6.654745395841907,-0.358515625,1.850371707708594e-17,True,Mistral-Small-3.1-24B-Instruct-2503|s4
RedHatAI/Mistral-Small-3.1-24B-Instruct-2503-quantized.w4a16,mistral,Mistral-Small-3.1-24B-Instruct-2503,w4a16,mmlu,80.67,-0.93,-0.6099568653516332,-1.2895708316515753,0.0696571009483089,-0.358515625,-0.4291304347826087,True,Mistral-Small-3.1-24B-Instruct-2503|s4
RedHatAI/Mistral-Small-3.1-24B-Instruct-2503-quantized.w4a16,mistral,Mistral-Small-3.1-24B-Instruct-2503,w4a16,arc_challenge,72.78,-0.6,-0.6951545974775187,-3.346651378860008,1.9563421839049706,-0.358515625,-0.5001492537313432,True,Mistral-Small-3.1-24B-Instruct-2503|s4
RedHatAI/Mistral-Small-3.1-24B-Instruct-2503-quantized.w4a16,mistral,Mistral-Small-3.1-24B-Instruct-2503,w4a16,gsm8k,58.68,0.91,-0.6708960980918899,-3.43597568009496,2.0941834839111797,-0.358515625,-0.37656716417910446,True,Mistral-Small-3.1-24B-Instruct-2503|s4
RedHatAI/Mistral-Small-3.1-24B-Instruct-2503-quantized.w4a16,mistral,Mistral-Small-3.1-24B-Instruct-2503,w4a16,hellaswag,83.7,-0.45,-0.536594689889074,-1.2883062806129058,0.21511690083475787,-0.358515625,-0.3171014492753623,True,Mistral-Small-3.1-24B-Instruct-2503|s4
RedHatAI/Mistral-Small-3.1-24B-Instruct-2503-quantized.w4a16,mistral,Mistral-Small-3.1-24B-Instruct-2503,w4a16,winogrande,83.74,-0.31,-0.40465971710482945,-2.5188460719242975,1.7095266377146388,-0.358515625,-0.17338235294117646,True,Mistral-Small-3.1-24B-Instruct-2503|s4
RedHatAI/Mistral-Small-3.1-24B-Instruct-2503-quantized.w4a16,mistral,Mistral-Small-3.1-24B-Instruct-2503,w4a16,truthfulqa,70.62,-1.06,-0.3817873382857525,-3.631788738792046,2.868214062220541,-0.358515625,-0.17417910447761195,True,Mistral-Small-3.1-24B-Instruct-2503|s4
RedHatAI/Mistral-Small-3.1-24B-Instruct-2503-quantized.w4a16,mistral,Mistral-Small-3.1-24B-Instruct-2503,w4a16,mmlu_pro,67.25,-0.69,-1.3094838998724434,-2.1820286481996938,-0.436939151545193,-0.358515625,-1.3858823529411766,True,Mistral-Small-3.1-24B-Instruct-2503|s4
RedHatAI/Mistral-Small-3.1-24B-Instruct-2503-quantized.w4a16,mistral,Mistral-Small-3.1-24B-Instruct-2503,w4a16,gpqa,42.63,4.47,-0.2539422429878435,-5.0189751952466395,4.5110907092709525,-0.358515625,-0.05461538461538459,True,Mistral-Small-3.1-24B-Instruct-2503|s4
RedHatAI/Mistral-Small-3.1-24B-Instruct-2503-quantized.w4a16,mistral,Mistral-Small-3.1-24B-Instruct-2503,w4a16,humaneval,84.7,-0.1,-0.5180533308504078,-6.250899925066172,5.214793263365356,-0.358515625,-0.445,True,Mistral-Small-3.1-24B-Instruct-2503|s4
RedHatAI/Mistral-Small-3.1-24B-Instruct-2503-quantized.w4a16,mistral,Mistral-Small-3.1-24B-Instruct-2503,w4a16,humaneval_plus,79.5,0.4,-0.39225200501609264,-6.821251547941581,6.036747537909396,-0.358515625,1.850371707708594e-17,True,Mistral-Small-3.1-24B-Instruct-2503|s4
RedHatAI/Mistral-Small-3.1-24B-Instruct-2503-quantized.w8a8,mistral,Mistral-Small-3.1-24B-Instruct-2503,w8a8_int,mmlu,80.67,-0.27,-0.5021541595514112,-1.1817681258513533,0.1774598067485309,-0.358515625,-0.4291304347826087,True,Mistral-Small-3.1-24B-Instruct-2503|s4
RedHatAI/Mistral-Small-3.1-24B-Instruct-2503-quantized.w8a8,mistral,Mistral-Small-3.1-24B-Instruct-2503,w8a8_int,arc_challenge,72.78,0.68,-0.5873518916772968,-3.238848673059786,2.0641448897051924,-0.358515625,-0.5001492537313432,True,Mistral-Small-3.1-24B-Instruct-2503|s4
RedHatAI/Mistral-Small-3.1-24B-Instruct-2503-quantized.w8a8,mistral,Mistral-Small-3.1-24B-Instruct-2503,w8a8_int,hellaswag,83.7,-1.44,-0.42879198408885205,-1.180503574812684,0.3229196066349798,-0.358515625,-0.3171014492753623,False,Mistral-Small-3.1-24B-Instruct-2503|s4
RedHatAI/Mistral-Small-3.1-24B-Instruct-2503-quantized.w8a8,mistral,Mistral-Small-3.1-24B-Instruct-2503,w8a8_int,winogrande,83.74,-2.84,-0.2968570113046075,-2.4110433661240758,1.8173293435148605,-0.358515625,-0.17338235294117646,False,Mistral-Small-3.1-24B-Instruct-2503|s4
RedHatAI/Mistral-Small-3.1-24B-Instruct-2503-quantized.w8a8,mistral,Mistral-Small-3.1-24B-Instruct-2503,w8a8_int,truthfulqa,70.62,-1.47,-0.27398463248553057,-3.5239860329918242,2.976016768020763,-0.358515625,-0.17417910447761195,True,Mistral-Small-3.1-24B-Instruct-2503|s4
RedHatAI/Mistral-Small-3.1-24B-Instruct-2503-quantized.w8a8,mistral,Mistral-Small-3.1-24B-Instruct-2503,w8a8_int,mmlu_pro,67.25,-0.71,-1.2016811940722216,-2.074225942399472,-0.32913644574497125,-0.358515625,-1.3858823529411766,True,Mistral-Small-3.1-24B-Instruct-2503|s4
RedHatAI/Mistral-Small-3.1-24B-Instruct-2503-quantized.w8a8,mistral,Mistral-Small-3.1-24B-Instruct-2503,w8a8_int,gpqa,42.63,2.01,-0.14613953718762152,-4.911172489446417,4.618893415071175,-0.358515625,-0.05461538461538459,True,Mistral-Small-3.1-24B-Instruct-2503|s4
RedHatAI/Mistral-Small-3.1-24B-Instruct-2503-quantized.w8a8,mistral,Mistral-Small-3.1-24B-Instruct-2503,w8a8_int,humaneval,84.7,-0.5,-0.41025062505018595,-6.14309721926595,5.322595969165578,-0.358515625,-0.445,True,Mistral-Small-3.1-24B-Instruct-2503|s4
RedHatAI/Mistral-Small-3.1-24B-Instruct-2503-quantized.w8a8,mistral,Mistral-Small-3.1-24B-Instruct-2503,w8a8_int,humaneval_plus,79.5,1.5,-0.2844492992158707,-6.713448842141359,6.144550243709618,-0.358515625,1.850371707708594e-17,True,Mistral-Small-3.1-24B-Instruct-2503|s4
RedHatAI/Mistral-Small-3.2-24B-Instruct-2506-NVFP4,mistral,Mistral-Small-3.2-24B-Instruct-2506,nvfp4,arc_challenge,68.52,-1.54,-0.8036649820446445,-3.316106850595145,1.7087768865058557,-0.33499115044247785,-0.2765714285714286,True,Mistral-Small-3.2-24B-Instruct-2506|s0
RedHatAI/Mistral-Small-3.2-24B-Instruct-2506-NVFP4,mistral,Mistral-Small-3.2-24B-Instruct-2506,nvfp4,gsm8k,89.61,-2.5,-1.162955058522588,-2.7189113879366866,0.3930012708915105,-0.33499115044247785,-0.6611594202898551,True,Mistral-Small-3.2-24B-Instruct-2506|s0
RedHatAI/Mistral-Small-3.2-24B-Instruct-2506-NVFP4,mistral,Mistral-Small-3.2-24B-Instruct-2506,nvfp4,hellaswag,85.7,-0.59,-0.7384108764769843,-1.3853778482332535,-0.09144390472071517,-0.33499115044247785,-0.15597222222222223,True,Mistral-Small-3.2-24B-Instruct-2506|s0
RedHatAI/Mistral-Small-3.2-24B-Instruct-2506-NVFP4,mistral,Mistral-Small-3.2-24B-Instruct-2506,nvfp4,mmlu,81.06,-1.63,-0.9713280499294241,-1.583696195961803,-0.35895990389704535,-0.33499115044247785,-0.4288732394366197,False,Mistral-Small-3.2-24B-Instruct-2506|s0
RedHatAI/Mistral-Small-3.2-24B-Instruct-2506-NVFP4,mistral,Mistral-Small-3.2-24B-Instruct-2506,nvfp4,truthfulqa,61.35,-1.01,-0.7227116435542361,-3.877751089062512,2.43232780195404,-0.33499115044247785,-0.17690140845070423,True,Mistral-Small-3.2-24B-Instruct-2506|s0
RedHatAI/Mistral-Small-3.2-24B-Instruct-2506-NVFP4,mistral,Mistral-Small-3.2-24B-Instruct-2506,nvfp4,winogrande,83.27,-1.66,-0.7556674231119689,-2.697616039212944,1.1862811929890063,-0.33499115044247785,-0.1734285714285714,True,Mistral-Small-3.2-24B-Instruct-2506|s0
RedHatAI/Mistral-Small-3.2-24B-Instruct-2506-NVFP4,mistral,Mistral-Small-3.2-24B-Instruct-2506,nvfp4,bbh,65.86,-1.81,-1.1756835887417199,-2.26399344618014,-0.0873737313032994,-0.33499115044247785,-0.8219047619047618,True,Mistral-Small-3.2-24B-Instruct-2506|s0
RedHatAI/Mistral-Small-3.2-24B-Instruct-2506-NVFP4,mistral,Mistral-Small-3.2-24B-Instruct-2506,nvfp4,mmlu_pro,50.84,-2.39,-2.030932344829537,-2.874992861452169,-1.1868718282069046,-0.33499115044247785,-1.7338095238095237,True,Mistral-Small-3.2-24B-Instruct-2506|s0
RedHatAI/Mistral-Small-3.2-24B-Instruct-2506-NVFP4,mistral,Mistral-Small-3.2-24B-Instruct-2506,nvfp4,musr,39.15,1.06,-0.07333250213011688,-3.3608575139514927,3.214192509691259,-0.33499115044247785,0.35857142857142854,True,Mistral-Small-3.2-24B-Instruct-2506|s0
RedHatAI/Mistral-Small-3.2-24B-Instruct-2506-NVFP4,mistral,Mistral-Small-3.2-24B-Instruct-2506,nvfp4,ifeval,84.05,0.36,-0.5286617450191703,-3.443969171605767,2.386645681567426,-0.33499115044247785,-0.010526315789473675,True,Mistral-Small-3.2-24B-Instruct-2506|s0
RedHatAI/Mistral-Small-3.2-24B-Instruct-2506-NVFP4,mistral,Mistral-Small-3.2-24B-Instruct-2506,nvfp4,gpqa,33.14,-0.59,0.009060332891236311,-4.109583338036928,4.1277040038194,-0.33499115044247785,0.7224999999999999,True,Mistral-Small-3.2-24B-Instruct-2506|s0
RedHatAI/Mistral-Small-3.2-24B-Instruct-2506-NVFP4,mistral,Mistral-Small-3.2-24B-Instruct-2506,nvfp4,humaneval,88.88,-0.04,-1.0102197579846468,-5.556605504825483,3.5361659888561894,-0.33499115044247785,-0.5536842105263158,True,Mistral-Small-3.2-24B-Instruct-2506|s0
RedHatAI/Mistral-Small-3.2-24B-Instruct-2506-NVFP4,mistral,Mistral-Small-3.2-24B-Instruct-2506,nvfp4,arc_challenge,68.52,-1.54,-0.7974480930195437,-4.657216133221241,3.062319947182154,-0.32617886178861794,-0.3306849315068493,True,Mistral-Small-3.2-24B-Instruct-2506|s1
RedHatAI/Mistral-Small-3.2-24B-Instruct-2506-NVFP4,mistral,Mistral-Small-3.2-24B-Instruct-2506,nvfp4,gsm8k,89.61,-2.5,-1.0150138649640408,-3.4053698717626784,1.375342141834597,-0.32617886178861794,-0.5665277777777777,True,Mistral-Small-3.2-24B-Instruct-2506|s1
RedHatAI/Mistral-Small-3.2-24B-Instruct-2506-NVFP4,mistral,Mistral-Small-3.2-24B-Instruct-2506,nvfp4,hellaswag,85.7,-0.59,-0.6897737155152295,-1.6836842500867597,0.30413681905630086,-0.32617886178861794,-0.1944736842105263,True,Mistral-Small-3.2-24B-Instruct-2506|s1
RedHatAI/Mistral-Small-3.2-24B-Instruct-2506-NVFP4,mistral,Mistral-Small-3.2-24B-Instruct-2506,nvfp4,mmlu,81.06,-1.63,-0.9095361119874963,-1.8502937981571548,0.031221574182162204,-0.32617886178861794,-0.44068493150684934,True,Mistral-Small-3.2-24B-Instruct-2506|s1
RedHatAI/Mistral-Small-3.2-24B-Instruct-2506-NVFP4,mistral,Mistral-Small-3.2-24B-Instruct-2506,nvfp4,truthfulqa,61.35,-1.01,-0.7195449332318506,-5.566510974429932,4.127421107966231,-0.32617886178861794,-0.23178082191780824,True,Mistral-Small-3.2-24B-Instruct-2506|s1
RedHatAI/Mistral-Small-3.2-24B-Instruct-2506-NVFP4,mistral,Mistral-Small-3.2-24B-Instruct-2506,nvfp4,winogrande,83.27,-1.66,-0.6358977236036213,-3.6192388699063662,2.3474434226991234,-0.32617886178861794,-0.12999999999999998,True,Mistral-Small-3.2-24B-Instruct-2506|s1
RedHatAI/Mistral-Small-3.2-24B-Instruct-2506-NVFP4,mistral,Mistral-Small-3.2-24B-Instruct-2506,nvfp4,bbh,65.86,-1.81,-1.2106611520907502,-2.882589827599068,0.4612675234175676,-0.32617886178861794,-0.8208333333333333,True,Mistral-Small-3.2-24B-Instruct-2506|s1
RedHatAI/Mistral-Small-3.2-24B-Instruct-2506-NVFP4,mistral,Mistral-Small-3.2-24B-Instruct-2506,nvfp4,mmlu_pro,50.84,-2.39,-1.226490492025554,-2.5231882770914162,0.07020729304030837,-0.32617886178861794,-0.8384,True,Mistral-Small-3.2-24B-Instruct-2506|s1
RedHatAI/Mistral-Small-3.2-24B-Instruct-2506-NVFP4,mistral,Mistral-Small-3.2-24B-Instruct-2506,nvfp4,musr,39.15,1.06,-0.4033539728969003,-5.4538525061475625,4.647144560353762,-0.32617886178861794,-0.046363636363636364,True,Mistral-Small-3.2-24B-Instruct-2506|s1
RedHatAI/Mistral-Small-3.2-24B-Instruct-2506-NVFP4,mistral,Mistral-Small-3.2-24B-Instruct-2506,nvfp4,ifeval,84.05,0.36,-0.8559588999910483,-5.334633839042848,3.6227160390607516,-0.32617886178861794,-0.41954545454545455,True,Mistral-Small-3.2-24B-Instruct-2506|s1
RedHatAI/Mistral-Small-3.2-24B-Instruct-2506-NVFP4,mistral,Mistral-Small-3.2-24B-Instruct-2506,nvfp4,gpqa,33.14,-0.59,-0.11335110884683652,-6.440665348041142,6.213963130347469,-0.32617886178861794,0.3577777777777777,True,Mistral-Small-3.2-24B-Instruct-2506|s1
RedHatAI/Mistral-Small-3.2-24B-Instruct-2506-NVFP4,mistral,Mistral-Small-3.2-24B-Instruct-2506,nvfp4,humaneval,88.88,-0.04,-0.8190814185015087,-7.803519396447135,6.165356559444118,-0.32617886178861794,-0.36777777777777776,True,Mistral-Small-3.2-24B-Instruct-2506|s1
RedHatAI/Mistral-Small-3.2-24B-Instruct-2506-NVFP4,mistral,Mistral-Small-3.2-24B-Instruct-2506,nvfp4,arc_challenge,68.52,-1.54,-0.9059794305192544,-3.8478264343787614,2.0358675733402527,-0.38719266055045876,-0.4332394366197183,True,Mistral-Small-3.2-24B-Instruct-2506|s2
RedHatAI/Mistral-Small-3.2-24B-Instruct-2506-NVFP4,mistral,Mistral-Small-3.2-24B-Instruct-2506,nvfp4,gsm8k,89.61,-2.5,-1.132600313096955,-2.954487427430043,0.6892868012361326,-0.38719266055045876,-0.8984285714285715,True,Mistral-Small-3.2-24B-Instruct-2506|s2
RedHatAI/Mistral-Small-3.2-24B-Instruct-2506-NVFP4,mistral,Mistral-Small-3.2-24B-Instruct-2506,nvfp4,hellaswag,85.7,-0.59,-0.6847043275335487,-1.442245376057507,0.0728367209904095,-0.38719266055045876,-0.2925675675675675,True,Mistral-Small-3.2-24B-Instruct-2506|s2
RedHatAI/Mistral-Small-3.2-24B-Instruct-2506-NVFP4,mistral,Mistral-Small-3.2-24B-Instruct-2506,nvfp4,mmlu,81.06,-1.63,-0.790800599721924,-1.5078294863260497,-0.07377171311779807,-0.38719266055045876,-0.42500000000000004,False,Mistral-Small-3.2-24B-Instruct-2506|s2
RedHatAI/Mistral-Small-3.2-24B-Instruct-2506-NVFP4,mistral,Mistral-Small-3.2-24B-Instruct-2506,nvfp4,truthfulqa,61.35,-1.01,-0.6658607312687032,-4.360132609161714,3.0284111466243075,-0.38719266055045876,-0.1911267605633803,True,Mistral-Small-3.2-24B-Instruct-2506|s2
RedHatAI/Mistral-Small-3.2-24B-Instruct-2506-NVFP4,mistral,Mistral-Small-3.2-24B-Instruct-2506,nvfp4,winogrande,83.27,-1.66,-0.5948330315210583,-2.868682942015391,1.679016878973275,-0.38719266055045876,-0.1754794520547945,True,Mistral-Small-3.2-24B-Instruct-2506|s2
RedHatAI/Mistral-Small-3.2-24B-Instruct-2506-NVFP4,mistral,Mistral-Small-3.2-24B-Instruct-2506,nvfp4,bbh,65.86,-1.81,-0.9161373507456908,-2.190451846715742,0.3581771452243604,-0.38719266055045876,-0.544,True,Mistral-Small-3.2-24B-Instruct-2506|s2
RedHatAI/Mistral-Small-3.2-24B-Instruct-2506-NVFP4,mistral,Mistral-Small-3.2-24B-Instruct-2506,nvfp4,mmlu_pro,50.84,-2.39,-1.4084730916277468,-2.3967932326764103,-0.4201529505790832,-0.38719266055045876,-1.075625,True,Mistral-Small-3.2-24B-Instruct-2506|s2
RedHatAI/Mistral-Small-3.2-24B-Instruct-2506-NVFP4,mistral,Mistral-Small-3.2-24B-Instruct-2506,nvfp4,musr,39.15,1.06,-0.7353217664968494,-4.5847225137147785,3.1140789807210796,-0.38719266055045876,-0.53,True,Mistral-Small-3.2-24B-Instruct-2506|s2
RedHatAI/Mistral-Small-3.2-24B-Instruct-2506-NVFP4,mistral,Mistral-Small-3.2-24B-Instruct-2506,nvfp4,ifeval,84.05,0.36,-0.4066221736305508,-3.8201890806257413,3.0069447333646395,-0.38719266055045876,0.04928571428571428,True,Mistral-Small-3.2-24B-Instruct-2506|s2
RedHatAI/Mistral-Small-3.2-24B-Instruct-2506-NVFP4,mistral,Mistral-Small-3.2-24B-Instruct-2506,nvfp4,gpqa,33.14,-0.59,0.5117316357673338,-4.310835483079182,5.33429875461385,-0.38719266055045876,1.0842857142857143,True,Mistral-Small-3.2-24B-Instruct-2506|s2
RedHatAI/Mistral-Small-3.2-24B-Instruct-2506-NVFP4,mistral,Mistral-Small-3.2-24B-Instruct-2506,nvfp4,humaneval,88.88,-0.04,-0.6585671010817644,-5.981982323201738,4.664848121038208,-0.38719266055045876,-0.3721052631578948,True,Mistral-Small-3.2-24B-Instruct-2506|s2
RedHatAI/Mistral-Small-3.2-24B-Instruct-2506-NVFP4,mistral,Mistral-Small-3.2-24B-Instruct-2506,nvfp4,arc_challenge,68.52,-1.54,-0.8599548462414954,-3.01758321747485,1.2976735249918587,-0.3971095152603232,-0.3488235294117647,True,Mistral-Small-3.2-24B-Instruct-2506|s3
RedHatAI/Mistral-Small-3.2-24B-Instruct-2506-NVFP4,mistral,Mistral-Small-3.2-24B-Instruct-2506,nvfp4,gsm8k,89.61,-2.5,-1.1568893597725753,-2.4931095377466113,0.1793308182014608,-0.3971095152603232,-0.7086764705882352,False,Mistral-Small-3.2-24B-Instruct-2506|s3
RedHatAI/Mistral-Small-3.2-24B-Instruct-2506-NVFP4,mistral,Mistral-Small-3.2-24B-Instruct-2506,nvfp4,hellaswag,85.7,-0.59,-0.7660567898403519,-1.3216574232263882,-0.2104561564543156,-0.3971095152603232,-0.22685714285714287,True,Mistral-Small-3.2-24B-Instruct-2506|s3
RedHatAI/Mistral-Small-3.2-24B-Instruct-2506-NVFP4,mistral,Mistral-Small-3.2-24B-Instruct-2506,nvfp4,mmlu,81.06,-1.63,-0.9637097181327501,-1.4895976608779904,-0.43782177538750966,-0.3971095152603232,-0.4582352941176471,False,Mistral-Small-3.2-24B-Instruct-2506|s3
RedHatAI/Mistral-Small-3.2-24B-Instruct-2506-NVFP4,mistral,Mistral-Small-3.2-24B-Instruct-2506,nvfp4,truthfulqa,61.35,-1.01,-0.6854301461810066,-3.3949068131641083,2.024046520802095,-0.3971095152603232,-0.14852941176470588,True,Mistral-Small-3.2-24B-Instruct-2506|s3
RedHatAI/Mistral-Small-3.2-24B-Instruct-2506-NVFP4,mistral,Mistral-Small-3.2-24B-Instruct-2506,nvfp4,winogrande,83.27,-1.66,-0.891580983936255,-2.5592826259225614,0.7761206580500513,-0.3971095152603232,-0.3694202898550724,True,Mistral-Small-3.2-24B-Instruct-2506|s3
RedHatAI/Mistral-Small-3.2-24B-Instruct-2506-NVFP4,mistral,Mistral-Small-3.2-24B-Instruct-2506,nvfp4,bbh,65.86,-1.81,-1.0697186972802168,-2.0043346398400295,-0.13510275472040423,-0.3971095152603232,-0.6676190476190476,True,Mistral-Small-3.2-24B-Instruct-2506|s3
RedHatAI/Mistral-Small-3.2-24B-Instruct-2506-NVFP4,mistral,Mistral-Small-3.2-24B-Instruct-2506,nvfp4,mmlu_pro,50.84,-2.39,-1.929636198335347,-2.6544963196776004,-1.2047760769930935,-0.3971095152603232,-1.6261904761904762,True,Mistral-Small-3.2-24B-Instruct-2506|s3
RedHatAI/Mistral-Small-3.2-24B-Instruct-2506-NVFP4,mistral,Mistral-Small-3.2-24B-Instruct-2506,nvfp4,musr,39.15,1.06,-0.42825541937395106,-3.251507700525185,2.3949968617772828,-0.3971095152603232,0.01666666666666668,True,Mistral-Small-3.2-24B-Instruct-2506|s3
RedHatAI/Mistral-Small-3.2-24B-Instruct-2506-NVFP4,mistral,Mistral-Small-3.2-24B-Instruct-2506,nvfp4,ifeval,84.05,0.36,-0.516618029776007,-3.020218249628858,1.9869821900768436,-0.3971095152603232,0.016842105263157898,True,Mistral-Small-3.2-24B-Instruct-2506|s3
RedHatAI/Mistral-Small-3.2-24B-Instruct-2506-NVFP4,mistral,Mistral-Small-3.2-24B-Instruct-2506,nvfp4,gpqa,33.14,-0.59,-0.1617189490903444,-3.698717176445223,3.375279278264534,-0.3971095152603232,0.44999999999999996,True,Mistral-Small-3.2-24B-Instruct-2506|s3
RedHatAI/Mistral-Small-3.2-24B-Instruct-2506-NVFP4,mistral,Mistral-Small-3.2-24B-Instruct-2506,nvfp4,humaneval,88.88,-0.04,-0.9810225798397134,-4.885356047906802,2.9233108882273746,-0.3971095152603232,-0.545,True,Mistral-Small-3.2-24B-Instruct-2506|s3
RedHatAI/Mistral-Small-3.2-24B-Instruct-2506-NVFP4,mistral,Mistral-Small-3.2-24B-Instruct-2506,nvfp4,arc_challenge,68.52,-1.54,-0.9172045467973001,-4.268230652484222,2.4338215588896217,-0.3246990291262136,-0.34079365079365076,True,Mistral-Small-3.2-24B-Instruct-2506|s4
RedHatAI/Mistral-Small-3.2-24B-Instruct-2506-NVFP4,mistral,Mistral-Small-3.2-24B-Instruct-2506,nvfp4,gsm8k,89.61,-2.5,-1.01580350545677,-3.091095413477543,1.0594884025640028,-0.3246990291262136,-0.49111111111111105,True,Mistral-Small-3.2-24B-Instruct-2506|s4
RedHatAI/Mistral-Small-3.2-24B-Instruct-2506-NVFP4,mistral,Mistral-Small-3.2-24B-Instruct-2506,nvfp4,hellaswag,85.7,-0.59,-0.7017991860233482,-1.5647060015045178,0.1611076294578213,-0.3246990291262136,-0.10136363636363636,True,Mistral-Small-3.2-24B-Instruct-2506|s4
RedHatAI/Mistral-Small-3.2-24B-Instruct-2506-NVFP4,mistral,Mistral-Small-3.2-24B-Instruct-2506,nvfp4,mmlu,81.06,-1.63,-0.9238150953901064,-1.740574945372027,-0.1070552454081859,-0.3246990291262136,-0.3580952380952381,True,Mistral-Small-3.2-24B-Instruct-2506|s4
RedHatAI/Mistral-Small-3.2-24B-Instruct-2506-NVFP4,mistral,Mistral-Small-3.2-24B-Instruct-2506,nvfp4,truthfulqa,61.35,-1.01,-0.8153882925767237,-5.023493434714746,3.392716849561299,-0.3246990291262136,-0.22075757575757576,True,Mistral-Small-3.2-24B-Instruct-2506|s4
RedHatAI/Mistral-Small-3.2-24B-Instruct-2506-NVFP4,mistral,Mistral-Small-3.2-24B-Instruct-2506,nvfp4,winogrande,83.27,-1.66,-0.7530571135239931,-3.343174954623072,1.837060727575086,-0.3246990291262136,-0.1540625,True,Mistral-Small-3.2-24B-Instruct-2506|s4
RedHatAI/Mistral-Small-3.2-24B-Instruct-2506-NVFP4,mistral,Mistral-Small-3.2-24B-Instruct-2506,nvfp4,bbh,65.86,-1.81,-1.2873048054816805,-2.738862665985172,0.1642530550218111,-0.3246990291262136,-0.8171428571428572,True,Mistral-Small-3.2-24B-Instruct-2506|s4
RedHatAI/Mistral-Small-3.2-24B-Instruct-2506-NVFP4,mistral,Mistral-Small-3.2-24B-Instruct-2506,nvfp4,mmlu_pro,50.84,-2.39,-1.6774846811489312,-2.803269465022898,-0.5516998972749643,-0.3246990291262136,-1.2905555555555557,True,Mistral-Small-3.2-24B-Instruct-2506|s4
RedHatAI/Mistral-Small-3.2-24B-Instruct-2506-NVFP4,mistral,Mistral-Small-3.2-24B-Instruct-2506,nvfp4,musr,39.15,1.06,-0.5071700162694674,-4.891980775719166,3.87764074318023,-0.3246990291262136,-0.04222222222222224,True,Mistral-Small-3.2-24B-Instruct-2506|s4
RedHatAI/Mistral-Small-3.2-24B-Instruct-2506-NVFP4,mistral,Mistral-Small-3.2-24B-Instruct-2506,nvfp4,ifeval,84.05,0.36,-0.8254187809321137,-4.713775926576568,3.062938364712341,-0.3246990291262136,-0.2726315789473684,True,Mistral-Small-3.2-24B-Instruct-2506|s4
RedHatAI/Mistral-Small-3.2-24B-Instruct-2506-NVFP4,mistral,Mistral-Small-3.2-24B-Instruct-2506,nvfp4,gpqa,33.14,-0.59,-0.3509616668686629,-5.844295715335655,5.142372381598329,-0.3246990291262136,0.21230769230769228,True,Mistral-Small-3.2-24B-Instruct-2506|s4
RedHatAI/Mistral-Small-3.2-24B-Instruct-2506-NVFP4,mistral,Mistral-Small-3.2-24B-Instruct-2506,nvfp4,humaneval,88.88,-0.04,-1.0841281740868016,-7.147972880263473,4.97971653208987,-0.3246990291262136,-0.6294444444444445,True,Mistral-Small-3.2-24B-Instruct-2506|s4
RedHatAI/Mixtral-8x22B-Instruct-v0.1-FP8,mistral,Mixtral-8x22B-Instruct-v0.1,fp8,arc_challenge,73.29,0.0,-0.321552608204831,-3.241566255002707,2.598461038593045,-0.37703517587939694,-0.4190277777777778,True,Mixtral-8x22B-Instruct-v0.1|s0
RedHatAI/Mixtral-8x22B-Instruct-v0.1-FP8,mistral,Mixtral-8x22B-Instruct-v0.1,fp8,gsm8k,85.06,-0.98,-0.48279377811067803,-2.700504888778755,1.7349173325573988,-0.37703517587939694,-0.609041095890411,True,Mixtral-8x22B-Instruct-v0.1|s0
RedHatAI/Mixtral-8x22B-Instruct-v0.1-FP8,mistral,Mixtral-8x22B-Instruct-v0.1,fp8,hellaswag,88.94,-0.09,-0.14370102322174855,-0.8508410158298814,0.5634389693863842,-0.37703517587939694,-0.20210526315789476,True,Mixtral-8x22B-Instruct-v0.1|s0
RedHatAI/Mixtral-8x22B-Instruct-v0.1-FP8,mistral,Mixtral-8x22B-Instruct-v0.1,fp8,mmlu,77.77,-0.15,-0.3949374525689753,-1.187713789339007,0.3978388842010564,-0.37703517587939694,-0.4945205479452055,True,Mixtral-8x22B-Instruct-v0.1|s0
RedHatAI/Mixtral-8x22B-Instruct-v0.1-FP8,mistral,Mixtral-8x22B-Instruct-v0.1,fp8,truthfulqa,68.49,-0.48,-0.1410277463365825,-3.8131416045943767,3.5310861119212116,-0.37703517587939694,-0.21000000000000002,True,Mixtral-8x22B-Instruct-v0.1|s0
RedHatAI/Mixtral-8x22B-Instruct-v0.1-FP8,mistral,Mixtral-8x22B-Instruct-v0.1,fp8,winogrande,85.64,-0.48,-0.11935369781225325,-2.345309946269448,2.1066025506449417,-0.37703517587939694,-0.16905405405405405,True,Mixtral-8x22B-Instruct-v0.1|s0
RedHatAI/Mixtral-8x22B-Instruct-v0.1-FP8,mistral,Mixtral-8x22B-Instruct-v0.1,fp8,arc_challenge,73.29,0.0,-0.3180135821079755,-2.616988304690791,1.9809611404748397,-0.42714025500910746,-0.4078260869565217,True,Mixtral-8x22B-Instruct-v0.1|s1
RedHatAI/Mixtral-8x22B-Instruct-v0.1-FP8,mistral,Mixtral-8x22B-Instruct-v0.1,fp8,gsm8k,85.06,-0.98,-0.7395959854166109,-2.4856363818401026,1.0064444110068806,-0.42714025500910746,-0.9308695652173914,True,Mixtral-8x22B-Instruct-v0.1|s1
RedHatAI/Mixtral-8x22B-Instruct-v0.1-FP8,mistral,Mixtral-8x22B-Instruct-v0.1,fp8,hellaswag,88.94,-0.09,-0.16407710511910983,-0.7208200402476002,0.39266583000938043,-0.42714025500910746,-0.24070422535211267,True,Mixtral-8x22B-Instruct-v0.1|s1
RedHatAI/Mixtral-8x22B-Instruct-v0.1-FP8,mistral,Mixtral-8x22B-Instruct-v0.1,fp8,mmlu,77.77,-0.15,-0.45706545380718927,-1.081231289776744,0.1671003821623654,-0.42714025500910746,-0.5456521739130434,True,Mixtral-8x22B-Instruct-v0.1|s1
RedHatAI/Mixtral-8x22B-Instruct-v0.1-FP8,mistral,Mixtral-8x22B-Instruct-v0.1,fp8,truthfulqa,68.49,-0.48,-0.09148662181480532,-2.982602198565083,2.7996289549354727,-0.42714025500910746,-0.16318840579710145,True,Mixtral-8x22B-Instruct-v0.1|s1
RedHatAI/Mixtral-8x22B-Instruct-v0.1-FP8,mistral,Mixtral-8x22B-Instruct-v0.1,fp8,winogrande,85.64,-0.48,-0.2135545998025989,-1.9660865286825164,1.5389773290773185,-0.42714025500910746,-0.28414285714285714,True,Mixtral-8x22B-Instruct-v0.1|s1
RedHatAI/Mixtral-8x22B-Instruct-v0.1-FP8,mistral,Mixtral-8x22B-Instruct-v0.1,fp8,arc_challenge,73.29,0.0,-0.2894893272626258,-2.2937353931699205,1.7147567386446692,-0.3392694805194805,-0.3495774647887324,True,Mixtral-8x22B-Instruct-v0.1|s2
RedHatAI/Mixtral-8x22B-Instruct-v0.1-FP8,mistral,Mixtral-8x22B-Instruct-v0.1,fp8,gsm8k,85.06,-0.98,-0.40845760774754214,-1.9306555514967632,1.1137403360016789,-0.3392694805194805,-0.47305555555555556,True,Mixtral-8x22B-Instruct-v0.1|s2
RedHatAI/Mixtral-8x22B-Instruct-v0.1-FP8,mistral,Mixtral-8x22B-Instruct-v0.1,fp8,hellaswag,88.94,-0.09,-0.23400166562771263,-0.7193701329240123,0.2513668016685871,-0.3392694805194805,-0.2546666666666667,True,Mixtral-8x22B-Instruct-v0.1|s2
RedHatAI/Mixtral-8x22B-Instruct-v0.1-FP8,mistral,Mixtral-8x22B-Instruct-v0.1,fp8,mmlu,77.77,-0.15,-0.44448476074903176,-0.9886325101467653,0.09966298864870182,-0.3392694805194805,-0.5095890410958904,True,Mixtral-8x22B-Instruct-v0.1|s2
RedHatAI/Mixtral-8x22B-Instruct-v0.1-FP8,mistral,Mixtral-8x22B-Instruct-v0.1,fp8,truthfulqa,68.49,-0.48,-0.13906410956855617,-2.6595385470930912,2.3814103279559786,-0.3392694805194805,-0.18506666666666668,True,Mixtral-8x22B-Instruct-v0.1|s2
RedHatAI/Mixtral-8x22B-Instruct-v0.1-FP8,mistral,Mixtral-8x22B-Instruct-v0.1,fp8,winogrande,85.64,-0.48,-0.22979676365599874,-1.7576540251261576,1.29806049781416,-0.3392694805194805,-0.24438356164383562,True,Mixtral-8x22B-Instruct-v0.1|s2
RedHatAI/Mixtral-8x22B-Instruct-v0.1-FP8,mistral,Mixtral-8x22B-Instruct-v0.1,fp8,arc_challenge,73.29,0.0,-0.2702845536095634,-2.417478716436059,1.8769096092169324,-0.3432911392405063,-0.3952941176470588,True,Mixtral-8x22B-Instruct-v0.1|s3
RedHatAI/Mixtral-8x22B-Instruct-v0.1-FP8,mistral,Mixtral-8x22B-Instruct-v0.1,fp8,gsm8k,85.06,-0.98,-0.28534988593159455,-1.9161149876234553,1.3454152157602661,-0.3432911392405063,-0.4398507462686567,True,Mixtral-8x22B-Instruct-v0.1|s3
RedHatAI/Mixtral-8x22B-Instruct-v0.1-FP8,mistral,Mixtral-8x22B-Instruct-v0.1,fp8,hellaswag,88.94,-0.09,-0.1727555808243474,-0.6927418028388966,0.34723064119020186,-0.3432911392405063,-0.2756521739130435,True,Mixtral-8x22B-Instruct-v0.1|s3
RedHatAI/Mixtral-8x22B-Instruct-v0.1-FP8,mistral,Mixtral-8x22B-Instruct-v0.1,fp8,mmlu,77.77,-0.15,-0.3536232517924218,-0.9365810487898049,0.22933454520496122,-0.3432911392405063,-0.48294117647058826,True,Mixtral-8x22B-Instruct-v0.1|s3
RedHatAI/Mixtral-8x22B-Instruct-v0.1-FP8,mistral,Mixtral-8x22B-Instruct-v0.1,fp8,truthfulqa,68.49,-0.48,-0.020448088465181036,-2.7206893871083997,2.6797932101780377,-0.3432911392405063,-0.12536231884057972,True,Mixtral-8x22B-Instruct-v0.1|s3
RedHatAI/Mixtral-8x22B-Instruct-v0.1-FP8,mistral,Mixtral-8x22B-Instruct-v0.1,fp8,winogrande,85.64,-0.48,-0.025036811866914865,-1.6618648686932176,1.6117912449593879,-0.3432911392405063,-0.09208955223880597,True,Mixtral-8x22B-Instruct-v0.1|s3
RedHatAI/Mixtral-8x22B-Instruct-v0.1-FP8,mistral,Mixtral-8x22B-Instruct-v0.1,fp8,arc_challenge,73.29,0.0,-0.3587115219430057,-2.204781360356086,1.4873583164700743,-0.4072478632478633,-0.5215942028985507,True,Mixtral-8x22B-Instruct-v0.1|s4
RedHatAI/Mixtral-8x22B-Instruct-v0.1-FP8,mistral,Mixtral-8x22B-Instruct-v0.1,fp8,gsm8k,85.06,-0.98,-0.6586621417207617,-2.0607273670691075,0.7434030836275842,-0.4072478632478633,-0.8752857142857143,True,Mixtral-8x22B-Instruct-v0.1|s4
RedHatAI/Mixtral-8x22B-Instruct-v0.1-FP8,mistral,Mixtral-8x22B-Instruct-v0.1,fp8,hellaswag,88.94,-0.09,-0.1036329787299165,-0.5506958934259054,0.3434299359660724,-0.4072478632478633,-0.24208333333333332,True,Mixtral-8x22B-Instruct-v0.1|s4
RedHatAI/Mixtral-8x22B-Instruct-v0.1-FP8,mistral,Mixtral-8x22B-Instruct-v0.1,fp8,mmlu,77.77,-0.15,-0.38851629158853235,-0.8897195943620249,0.11268701118496022,-0.4072478632478633,-0.557,True,Mixtral-8x22B-Instruct-v0.1|s4
RedHatAI/Mixtral-8x22B-Instruct-v0.1-FP8,mistral,Mixtral-8x22B-Instruct-v0.1,fp8,truthfulqa,68.49,-0.48,-0.0527270756681219,-2.374284252081428,2.268830100745184,-0.4072478632478633,-0.17202898550724638,True,Mixtral-8x22B-Instruct-v0.1|s4
RedHatAI/Mixtral-8x22B-Instruct-v0.1-FP8,mistral,Mixtral-8x22B-Instruct-v0.1,fp8,winogrande,85.64,-0.48,-0.11835387332561359,-1.5256317798553443,1.2889240332041172,-0.4072478632478633,-0.246,True,Mixtral-8x22B-Instruct-v0.1|s4
RedHatAI/Mixtral-8x22B-v0.1-quantized.w4a16,mistral,Mixtral-8x22B-v0.1,w4a16,arc_challenge,70.39,-0.51,-1.0197817749231244,-4.455183564479003,2.415620014632754,-0.3788631984585742,-0.4664179104477612,True,Mixtral-8x22B-v0.1|s0
RedHatAI/Mixtral-8x22B-v0.1-quantized.w4a16,mistral,Mixtral-8x22B-v0.1,w4a16,gsm8k,76.42,-1.74,-1.1507594726379446,-4.161821322357868,1.8603023770819789,-0.3788631984585742,-0.6617910447761195,True,Mixtral-8x22B-v0.1|s0
RedHatAI/Mixtral-8x22B-v0.1-quantized.w4a16,mistral,Mixtral-8x22B-v0.1,w4a16,hellaswag,88.31,-0.37,-0.8513572574206494,-1.6773357643417683,-0.02537875049953031,-0.3788631984585742,-0.33507246376811595,True,Mixtral-8x22B-v0.1|s0
RedHatAI/Mixtral-8x22B-v0.1-quantized.w4a16,mistral,Mixtral-8x22B-v0.1,w4a16,mmlu,77.4,-1.19,-0.9165304236741124,-1.8257669469632947,-0.007293900384930052,-0.3788631984585742,-0.38617647058823534,True,Mixtral-8x22B-v0.1|s0
RedHatAI/Mixtral-8x22B-v0.1-quantized.w4a16,mistral,Mixtral-8x22B-v0.1,w4a16,truthfulqa,51.17,-0.02,-0.7770833150148706,-5.282206800080134,3.7280401700503933,-0.3788631984585742,-0.14212121212121212,True,Mixtral-8x22B-v0.1|s0
RedHatAI/Mixtral-8x22B-v0.1-quantized.w4a16,mistral,Mixtral-8x22B-v0.1,w4a16,winogrande,84.45,0.71,-0.7281013907045012,-3.3507697286894307,1.894566947280428,-0.3788631984585742,-0.17529411764705882,True,Mixtral-8x22B-v0.1|s0
RedHatAI/Mixtral-8x22B-v0.1-quantized.w4a16,mistral,Mixtral-8x22B-v0.1,w4a16,arc_challenge,70.39,-0.51,-0.9846925102437124,-2.9434981667324887,0.9741131462450637,-0.35667774086378734,-0.396027397260274,True,Mixtral-8x22B-v0.1|s1
RedHatAI/Mixtral-8x22B-v0.1-quantized.w4a16,mistral,Mixtral-8x22B-v0.1,w4a16,gsm8k,76.42,-1.74,-1.0486134987226015,-2.7654679875337735,0.6682409900885706,-0.35667774086378734,-0.482972972972973,True,Mixtral-8x22B-v0.1|s1
RedHatAI/Mixtral-8x22B-v0.1-quantized.w4a16,mistral,Mixtral-8x22B-v0.1,w4a16,hellaswag,88.31,-0.37,-0.8331898699016429,-1.3041482819319294,-0.36223145787135624,-0.35667774086378734,-0.2331168831168831,True,Mixtral-8x22B-v0.1|s1
RedHatAI/Mixtral-8x22B-v0.1-quantized.w4a16,mistral,Mixtral-8x22B-v0.1,w4a16,mmlu,77.4,-1.19,-1.0611043747795947,-1.5795350428661026,-0.5426737066930868,-0.35667774086378734,-0.4847297297297297,True,Mixtral-8x22B-v0.1|s1
RedHatAI/Mixtral-8x22B-v0.1-quantized.w4a16,mistral,Mixtral-8x22B-v0.1,w4a16,truthfulqa,51.17,-0.02,-0.9000585152063937,-3.468800661337458,1.6686836309246709,-0.35667774086378734,-0.26053333333333334,True,Mixtral-8x22B-v0.1|s1
RedHatAI/Mixtral-8x22B-v0.1-quantized.w4a16,mistral,Mixtral-8x22B-v0.1,w4a16,winogrande,84.45,0.71,-0.8785943902271957,-2.3739937322072313,0.6168049517528399,-0.35667774086378734,-0.27013333333333334,False,Mixtral-8x22B-v0.1|s1
RedHatAI/Mixtral-8x22B-v0.1-quantized.w4a16,mistral,Mixtral-8x22B-v0.1,w4a16,arc_challenge,70.39,-0.51,-1.0472762692799025,-3.6447845644978627,1.5502320259380578,-0.39370307167235497,-0.4376056338028169,True,Mixtral-8x22B-v0.1|s2
RedHatAI/Mixtral-8x22B-v0.1-quantized.w4a16,mistral,Mixtral-8x22B-v0.1,w4a16,gsm8k,76.42,-1.74,-1.2346942457381023,-3.5113589886626704,1.041970497186466,-0.39370307167235497,-0.6835211267605634,True,Mixtral-8x22B-v0.1|s2
RedHatAI/Mixtral-8x22B-v0.1-quantized.w4a16,mistral,Mixtral-8x22B-v0.1,w4a16,hellaswag,88.31,-0.37,-0.8771535791286202,-1.501676169156355,-0.25263098910088555,-0.39370307167235497,-0.27999999999999997,True,Mixtral-8x22B-v0.1|s2
RedHatAI/Mixtral-8x22B-v0.1-quantized.w4a16,mistral,Mixtral-8x22B-v0.1,w4a16,mmlu,77.4,-1.19,-1.0985515302905093,-1.78602553078118,-0.4110775297998386,-0.39370307167235497,-0.5178082191780822,True,Mixtral-8x22B-v0.1|s2
RedHatAI/Mixtral-8x22B-v0.1-quantized.w4a16,mistral,Mixtral-8x22B-v0.1,w4a16,truthfulqa,51.17,-0.02,-0.8128893840965139,-4.219214565335676,2.593435797142648,-0.39370307167235497,-0.15055555555555555,True,Mixtral-8x22B-v0.1|s2
RedHatAI/Mixtral-8x22B-v0.1-quantized.w4a16,mistral,Mixtral-8x22B-v0.1,w4a16,winogrande,84.45,0.71,-0.7914533248305229,-2.774453620234703,1.191546970573657,-0.39370307167235497,-0.16499999999999998,True,Mixtral-8x22B-v0.1|s2
RedHatAI/Mixtral-8x22B-v0.1-quantized.w4a16,mistral,Mixtral-8x22B-v0.1,w4a16,arc_challenge,70.39,-0.51,-1.0176070009611817,-3.29738450151666,1.2621704995942964,-0.3648581560283688,-0.45217391304347826,True,Mixtral-8x22B-v0.1|s3
RedHatAI/Mixtral-8x22B-v0.1-quantized.w4a16,mistral,Mixtral-8x22B-v0.1,w4a16,gsm8k,76.42,-1.74,-0.998491646035016,-2.9966716198132435,0.9996883277432118,-0.3648581560283688,-0.44957142857142857,True,Mixtral-8x22B-v0.1|s3
RedHatAI/Mixtral-8x22B-v0.1-quantized.w4a16,mistral,Mixtral-8x22B-v0.1,w4a16,hellaswag,88.31,-0.37,-0.8396553052700085,-1.3877854313431544,-0.2915251791968627,-0.3648581560283688,-0.22013888888888888,True,Mixtral-8x22B-v0.1|s3
RedHatAI/Mixtral-8x22B-v0.1-quantized.w4a16,mistral,Mixtral-8x22B-v0.1,w4a16,mmlu,77.4,-1.19,-1.0476102318598504,-1.6509914651059154,-0.4442289986137853,-0.3648581560283688,-0.47913043478260875,True,Mixtral-8x22B-v0.1|s3
RedHatAI/Mixtral-8x22B-v0.1-quantized.w4a16,mistral,Mixtral-8x22B-v0.1,w4a16,truthfulqa,51.17,-0.02,-0.795184942831233,-3.78484373316552,2.194473847503054,-0.3648581560283688,-0.19536231884057972,True,Mixtral-8x22B-v0.1|s3
RedHatAI/Mixtral-8x22B-v0.1-quantized.w4a16,mistral,Mixtral-8x22B-v0.1,w4a16,winogrande,84.45,0.71,-0.8776406496412517,-2.6180776158600523,0.8627963165775492,-0.3648581560283688,-0.261,True,Mixtral-8x22B-v0.1|s3
RedHatAI/Mixtral-8x22B-v0.1-quantized.w4a16,mistral,Mixtral-8x22B-v0.1,w4a16,arc_challenge,70.39,-0.51,-0.5924508480189534,-3.1467457782751103,1.9618440822372032,-0.30406360424028267,-0.35893939393939395,True,Mixtral-8x22B-v0.1|s4
RedHatAI/Mixtral-8x22B-v0.1-quantized.w4a16,mistral,Mixtral-8x22B-v0.1,w4a16,gsm8k,76.42,-1.74,-0.4472379187657418,-2.6860270003833593,1.7915511628518759,-0.30406360424028267,-0.21030769230769228,True,Mixtral-8x22B-v0.1|s4
RedHatAI/Mixtral-8x22B-v0.1-quantized.w4a16,mistral,Mixtral-8x22B-v0.1,w4a16,hellaswag,88.31,-0.37,-0.5198722621364464,-1.1340050017604524,0.09426047748755939,-0.30406360424028267,-0.10343283582089553,True,Mixtral-8x22B-v0.1|s4
RedHatAI/Mixtral-8x22B-v0.1-quantized.w4a16,mistral,Mixtral-8x22B-v0.1,w4a16,mmlu,77.4,-1.19,-0.7454142570373732,-1.421451117966393,-0.06937739610835358,-0.30406360424028267,-0.4546969696969697,True,Mixtral-8x22B-v0.1|s4
RedHatAI/Mixtral-8x22B-v0.1-quantized.w4a16,mistral,Mixtral-8x22B-v0.1,w4a16,truthfulqa,51.17,-0.02,-0.4455799338932882,-3.7952358935147696,2.904076025728193,-0.30406360424028267,-0.19151515151515153,True,Mixtral-8x22B-v0.1|s4
RedHatAI/Mixtral-8x22B-v0.1-quantized.w4a16,mistral,Mixtral-8x22B-v0.1,w4a16,winogrande,84.45,0.71,-0.4876436087088129,-2.437653782140168,1.462366564722542,-0.30406360424028267,-0.09415384615384616,True,Mixtral-8x22B-v0.1|s4
RedHatAI/Mixtral-8x7B-Instruct-v0.1-FP8,mistral,Mixtral-8x7B-Instruct-v0.1,fp8,arc_challenge,70.48,-0.94,-0.21808732152296514,-2.573153194824249,2.1369785517783186,-0.39388671875,-0.33999999999999997,True,Mixtral-8x7B-Instruct-v0.1|s0
RedHatAI/Mixtral-8x7B-Instruct-v0.1-FP8,mistral,Mixtral-8x7B-Instruct-v0.1,fp8,gsm8k,65.5,-1.21,-0.5890771032208504,-2.9026518785053605,1.72449767206366,-0.39388671875,-0.759344262295082,True,Mixtral-8x7B-Instruct-v0.1|s0
RedHatAI/Mixtral-8x7B-Instruct-v0.1-FP8,mistral,Mixtral-8x7B-Instruct-v0.1,fp8,hellaswag,87.33,-0.37,-0.1367360796920029,-0.7234625335797502,0.44999037419574445,-0.39388671875,-0.2609375,True,Mixtral-8x7B-Instruct-v0.1|s0
RedHatAI/Mixtral-8x7B-Instruct-v0.1-FP8,mistral,Mixtral-8x7B-Instruct-v0.1,fp8,mmlu,70.3,-0.33,-0.3694915431912764,-1.0510720225384604,0.3120889361559075,-0.39388671875,-0.49360655737704917,True,Mixtral-8x7B-Instruct-v0.1|s0
RedHatAI/Mixtral-8x7B-Instruct-v0.1-FP8,mistral,Mixtral-8x7B-Instruct-v0.1,fp8,truthfulqa,64.81,-0.92,-0.13322883260651908,-3.086445811774768,2.81998814656173,-0.39388671875,-0.24491803278688526,True,Mixtral-8x7B-Instruct-v0.1|s0
RedHatAI/Mixtral-8x7B-Instruct-v0.1-FP8,mistral,Mixtral-8x7B-Instruct-v0.1,fp8,winogrande,82.24,-0.95,-0.1906076607754002,-2.0884077595762727,1.7071924380254724,-0.39388671875,-0.31703125,True,Mixtral-8x7B-Instruct-v0.1|s0
RedHatAI/Mixtral-8x7B-Instruct-v0.1-FP8,mistral,Mixtral-8x7B-Instruct-v0.1,fp8,arc_challenge,70.48,-0.94,-0.28578922313213345,-2.1346282147948323,1.5630497685305653,-0.3474074074074074,-0.4015873015873016,True,Mixtral-8x7B-Instruct-v0.1|s1
RedHatAI/Mixtral-8x7B-Instruct-v0.1-FP8,mistral,Mixtral-8x7B-Instruct-v0.1,fp8,gsm8k,65.5,-1.21,-0.3916785769554347,-2.207945078527749,1.4245879246168796,-0.3474074074074074,-0.5344262295081967,True,Mixtral-8x7B-Instruct-v0.1|s1
RedHatAI/Mixtral-8x7B-Instruct-v0.1-FP8,mistral,Mixtral-8x7B-Instruct-v0.1,fp8,hellaswag,87.33,-0.37,-0.13846680877805467,-0.5990750480996391,0.3221414305435297,-0.3474074074074074,-0.1896875,True,Mixtral-8x7B-Instruct-v0.1|s1
RedHatAI/Mixtral-8x7B-Instruct-v0.1-FP8,mistral,Mixtral-8x7B-Instruct-v0.1,fp8,mmlu,70.3,-0.33,-0.39047495793168363,-0.9255481295397449,0.1445982136763776,-0.3474074074074074,-0.48145161290322586,True,Mixtral-8x7B-Instruct-v0.1|s1
RedHatAI/Mixtral-8x7B-Instruct-v0.1-FP8,mistral,Mixtral-8x7B-Instruct-v0.1,fp8,truthfulqa,64.81,-0.92,-0.03298267439291064,-2.3513988018674414,2.2854334530816205,-0.3474074074074074,-0.103125,True,Mixtral-8x7B-Instruct-v0.1|s1
RedHatAI/Mixtral-8x7B-Instruct-v0.1-FP8,mistral,Mixtral-8x7B-Instruct-v0.1,fp8,winogrande,82.24,-0.95,-0.1684741417715383,-1.658337699654067,1.3213894161109905,-0.3474074074074074,-0.2329032258064516,True,Mixtral-8x7B-Instruct-v0.1|s1
RedHatAI/Mixtral-8x7B-Instruct-v0.1-FP8,mistral,Mixtral-8x7B-Instruct-v0.1,fp8,arc_challenge,70.48,-0.94,-0.24304589499674412,-3.751737388289711,3.2656455982962225,-0.3226158940397351,-0.296,True,Mixtral-8x7B-Instruct-v0.1|s2
RedHatAI/Mixtral-8x7B-Instruct-v0.1-FP8,mistral,Mixtral-8x7B-Instruct-v0.1,fp8,gsm8k,65.5,-1.21,-0.4391407581908746,-3.886016798969655,3.007735282587906,-0.3226158940397351,-0.5470422535211267,True,Mixtral-8x7B-Instruct-v0.1|s2
RedHatAI/Mixtral-8x7B-Instruct-v0.1-FP8,mistral,Mixtral-8x7B-Instruct-v0.1,fp8,hellaswag,87.33,-0.37,-0.16556701818601838,-1.039700578942909,0.7085665425708723,-0.3226158940397351,-0.19675675675675677,True,Mixtral-8x7B-Instruct-v0.1|s2
RedHatAI/Mixtral-8x7B-Instruct-v0.1-FP8,mistral,Mixtral-8x7B-Instruct-v0.1,fp8,mmlu,70.3,-0.33,-0.37998349292169503,-1.3954351866476595,0.6354682008042696,-0.3226158940397351,-0.4475,True,Mixtral-8x7B-Instruct-v0.1|s2
RedHatAI/Mixtral-8x7B-Instruct-v0.1-FP8,mistral,Mixtral-8x7B-Instruct-v0.1,fp8,truthfulqa,64.81,-0.92,-0.0970315383005311,-4.4968775936173815,4.30281451701632,-0.3226158940397351,-0.1319178082191781,True,Mixtral-8x7B-Instruct-v0.1|s2
RedHatAI/Mixtral-8x7B-Instruct-v0.1-FP8,mistral,Mixtral-8x7B-Instruct-v0.1,fp8,winogrande,82.24,-0.95,-0.10194940166642064,-2.929384140593281,2.725485337260439,-0.3226158940397351,-0.12208333333333332,True,Mixtral-8x7B-Instruct-v0.1|s2
RedHatAI/Mixtral-8x7B-Instruct-v0.1-FP8,mistral,Mixtral-8x7B-Instruct-v0.1,fp8,arc_challenge,70.48,-0.94,-0.3630057719868848,-2.9782613283396793,2.2522497843659095,-0.387125,-0.3985294117647059,True,Mixtral-8x7B-Instruct-v0.1|s3
RedHatAI/Mixtral-8x7B-Instruct-v0.1-FP8,mistral,Mixtral-8x7B-Instruct-v0.1,fp8,gsm8k,65.5,-1.21,-0.8210866847203111,-3.3902671712172303,1.7480938017766083,-0.387125,-0.9158823529411765,True,Mixtral-8x7B-Instruct-v0.1|s3
RedHatAI/Mixtral-8x7B-Instruct-v0.1-FP8,mistral,Mixtral-8x7B-Instruct-v0.1,fp8,hellaswag,87.33,-0.37,-0.11324572794705057,-0.7647942200655138,0.5383027641714127,-0.387125,-0.16845070422535213,True,Mixtral-8x7B-Instruct-v0.1|s3
RedHatAI/Mixtral-8x7B-Instruct-v0.1-FP8,mistral,Mixtral-8x7B-Instruct-v0.1,fp8,mmlu,70.3,-0.33,-0.38125615959392883,-1.138138230674022,0.37562591148616425,-0.387125,-0.41808823529411765,True,Mixtral-8x7B-Instruct-v0.1|s3
RedHatAI/Mixtral-8x7B-Instruct-v0.1-FP8,mistral,Mixtral-8x7B-Instruct-v0.1,fp8,truthfulqa,64.81,-0.92,-0.21040863571042095,-3.4898995414398,3.069082270018958,-0.387125,-0.24072463768115943,True,Mixtral-8x7B-Instruct-v0.1|s3
RedHatAI/Mixtral-8x7B-Instruct-v0.1-FP8,mistral,Mixtral-8x7B-Instruct-v0.1,fp8,winogrande,82.24,-0.95,-0.1948530074781279,-2.3023236771959588,1.9126176622397029,-0.387125,-0.23855072463768118,True,Mixtral-8x7B-Instruct-v0.1|s3
RedHatAI/Mixtral-8x7B-Instruct-v0.1-FP8,mistral,Mixtral-8x7B-Instruct-v0.1,fp8,arc_challenge,70.48,-0.94,-0.26974807609671186,-3.291524243740392,2.7520280915469684,-0.33697265625,-0.3489230769230769,True,Mixtral-8x7B-Instruct-v0.1|s4
RedHatAI/Mixtral-8x7B-Instruct-v0.1-FP8,mistral,Mixtral-8x7B-Instruct-v0.1,fp8,gsm8k,65.5,-1.21,-0.5425300191029737,-3.51106911487626,2.426009076670313,-0.33697265625,-0.6466153846153846,True,Mixtral-8x7B-Instruct-v0.1|s4
RedHatAI/Mixtral-8x7B-Instruct-v0.1-FP8,mistral,Mixtral-8x7B-Instruct-v0.1,fp8,hellaswag,87.33,-0.37,-0.18211075354074696,-0.9349372605967003,0.5707157535152065,-0.33697265625,-0.28164179104477616,True,Mixtral-8x7B-Instruct-v0.1|s4
RedHatAI/Mixtral-8x7B-Instruct-v0.1-FP8,mistral,Mixtral-8x7B-Instruct-v0.1,fp8,mmlu,70.3,-0.33,-0.37382983961297833,-1.2483631901113206,0.5007035108853639,-0.33697265625,-0.43772727272727274,True,Mixtral-8x7B-Instruct-v0.1|s4
RedHatAI/Mixtral-8x7B-Instruct-v0.1-FP8,mistral,Mixtral-8x7B-Instruct-v0.1,fp8,truthfulqa,64.81,-0.92,-0.10790303978522864,-3.8971646424858997,3.681358562915442,-0.33697265625,-0.1806060606060606,True,Mixtral-8x7B-Instruct-v0.1|s4
RedHatAI/Mixtral-8x7B-Instruct-v0.1-FP8,mistral,Mixtral-8x7B-Instruct-v0.1,fp8,winogrande,82.24,-0.95,-0.08042918752175454,-2.5154893590954157,2.3546309840519064,-0.33697265625,-0.13953846153846156,True,Mixtral-8x7B-Instruct-v0.1|s4
RedHatAI/Mixtral-8x7B-v0.1-quantized.w4a16,mistral,Mixtral-8x7B-v0.1,w4a16,arc_challenge,66.55,-0.94,-0.7093824134316529,-2.547449885458355,1.128685058595049,-0.3513584288052373,-0.37985294117647056,True,Mixtral-8x7B-v0.1|s0
RedHatAI/Mixtral-8x7B-v0.1-quantized.w4a16,mistral,Mixtral-8x7B-v0.1,w4a16,gsm8k,59.89,-1.82,-0.7268320978724825,-2.526673567820388,1.0730093720754232,-0.3513584288052373,-0.4401470588235294,True,Mixtral-8x7B-v0.1|s0
RedHatAI/Mixtral-8x7B-v0.1-quantized.w4a16,mistral,Mixtral-8x7B-v0.1,w4a16,hellaswag,86.65,-1.44,-0.5549153154290483,-1.0075709932207064,-0.10225963763739004,-0.3513584288052373,-0.13619718309859155,False,Mixtral-8x7B-v0.1|s0
RedHatAI/Mixtral-8x7B-v0.1-quantized.w4a16,mistral,Mixtral-8x7B-v0.1,w4a16,mmlu,70.33,-1.1,-0.8322917680754154,-1.3464156308610353,-0.31816790528979544,-0.3513584288052373,-0.4873529411764706,True,Mixtral-8x7B-v0.1|s0
RedHatAI/Mixtral-8x7B-v0.1-quantized.w4a16,mistral,Mixtral-8x7B-v0.1,w4a16,truthfulqa,46.65,0.53,-0.62578066403172,-2.953524428942683,1.7019631008792429,-0.3513584288052373,-0.2808695652173913,True,Mixtral-8x7B-v0.1|s0
RedHatAI/Mixtral-8x7B-v0.1-quantized.w4a16,mistral,Mixtral-8x7B-v0.1,w4a16,winogrande,81.45,-0.31,-0.6568347959306725,-2.113240456492079,0.7995708646307341,-0.3513584288052373,-0.2695652173913043,True,Mixtral-8x7B-v0.1|s0
RedHatAI/Mixtral-8x7B-v0.1-quantized.w4a16,mistral,Mixtral-8x7B-v0.1,w4a16,arc_challenge,66.55,-0.94,-0.8163467977070953,-3.3029697192036207,1.6702761237894301,-0.36209342560553637,-0.3762857142857143,True,Mixtral-8x7B-v0.1|s1
RedHatAI/Mixtral-8x7B-v0.1-quantized.w4a16,mistral,Mixtral-8x7B-v0.1,w4a16,gsm8k,59.89,-1.82,-0.8715793128271703,-3.306488325877506,1.5633297002231654,-0.36209342560553637,-0.4624285714285714,True,Mixtral-8x7B-v0.1|s1
RedHatAI/Mixtral-8x7B-v0.1-quantized.w4a16,mistral,Mixtral-8x7B-v0.1,w4a16,hellaswag,86.65,-1.44,-0.683381003213309,-1.2957545972583546,-0.07100740916826331,-0.36209342560553637,-0.17027777777777778,False,Mixtral-8x7B-v0.1|s1
RedHatAI/Mixtral-8x7B-v0.1-quantized.w4a16,mistral,Mixtral-8x7B-v0.1,w4a16,mmlu,70.33,-1.1,-0.8814563471169214,-1.5769869525747415,-0.18592574165910125,-0.36209342560553637,-0.42457142857142854,True,Mixtral-8x7B-v0.1|s1
RedHatAI/Mixtral-8x7B-v0.1-quantized.w4a16,mistral,Mixtral-8x7B-v0.1,w4a16,truthfulqa,46.65,0.53,-0.7046996038186931,-3.8537793243884573,2.4443801167510713,-0.36209342560553637,-0.17507042253521127,True,Mixtral-8x7B-v0.1|s1
RedHatAI/Mixtral-8x7B-v0.1-quantized.w4a16,mistral,Mixtral-8x7B-v0.1,w4a16,winogrande,81.45,-0.31,-0.7348838014303709,-2.705176923780273,1.2354093209195312,-0.36209342560553637,-0.2425352112676056,True,Mixtral-8x7B-v0.1|s1
RedHatAI/Mixtral-8x7B-v0.1-quantized.w4a16,mistral,Mixtral-8x7B-v0.1,w4a16,arc_challenge,66.55,-0.94,-1.012951060731921,-4.079191440074128,2.0532893186102856,-0.3400954198473283,-0.47863636363636364,True,Mixtral-8x7B-v0.1|s2
RedHatAI/Mixtral-8x7B-v0.1-quantized.w4a16,mistral,Mixtral-8x7B-v0.1,w4a16,gsm8k,59.89,-1.82,-1.0208687352094268,-4.023340992380588,1.9816035219617345,-0.3400954198473283,-0.4601492537313433,True,Mixtral-8x7B-v0.1|s2
RedHatAI/Mixtral-8x7B-v0.1-quantized.w4a16,mistral,Mixtral-8x7B-v0.1,w4a16,hellaswag,86.65,-1.44,-0.8274446500000818,-1.5825589960762387,-0.07233030392392492,-0.3400954198473283,-0.31157142857142855,True,Mixtral-8x7B-v0.1|s2
RedHatAI/Mixtral-8x7B-v0.1-quantized.w4a16,mistral,Mixtral-8x7B-v0.1,w4a16,mmlu,70.33,-1.1,-1.0279590063086834,-1.8856137834309017,-0.17030422918646515,-0.3400954198473283,-0.49250000000000005,True,Mixtral-8x7B-v0.1|s2
RedHatAI/Mixtral-8x7B-v0.1-quantized.w4a16,mistral,Mixtral-8x7B-v0.1,w4a16,truthfulqa,46.65,0.53,-0.8359290430252535,-4.719041079637346,3.0471829935868397,-0.3400954198473283,-0.25134328358208957,True,Mixtral-8x7B-v0.1|s2
RedHatAI/Mixtral-8x7B-v0.1-quantized.w4a16,mistral,Mixtral-8x7B-v0.1,w4a16,winogrande,81.45,-0.31,-0.728356325346837,-3.1579134080321403,1.7012007573384664,-0.3400954198473283,-0.17485294117647057,True,Mixtral-8x7B-v0.1|s2
RedHatAI/Mixtral-8x7B-v0.1-quantized.w4a16,mistral,Mixtral-8x7B-v0.1,w4a16,arc_challenge,66.55,-0.94,-0.9092759118668508,-3.020593467314721,1.2020416435810193,-0.38411347517730493,-0.4339130434782609,True,Mixtral-8x7B-v0.1|s3
RedHatAI/Mixtral-8x7B-v0.1-quantized.w4a16,mistral,Mixtral-8x7B-v0.1,w4a16,gsm8k,59.89,-1.82,-1.0811260440666348,-3.148534858137041,0.9862827700037713,-0.38411347517730493,-0.6119117647058824,True,Mixtral-8x7B-v0.1|s3
RedHatAI/Mixtral-8x7B-v0.1-quantized.w4a16,mistral,Mixtral-8x7B-v0.1,w4a16,hellaswag,86.65,-1.44,-0.747233227979063,-1.2671814309908394,-0.22728502496728653,-0.38411347517730493,-0.26704225352112676,False,Mixtral-8x7B-v0.1|s3
RedHatAI/Mixtral-8x7B-v0.1-quantized.w4a16,mistral,Mixtral-8x7B-v0.1,w4a16,mmlu,70.33,-1.1,-0.9802020850911619,-1.570756432901405,-0.38964773728091884,-0.38411347517730493,-0.49057971014492757,True,Mixtral-8x7B-v0.1|s3
RedHatAI/Mixtral-8x7B-v0.1-quantized.w4a16,mistral,Mixtral-8x7B-v0.1,w4a16,truthfulqa,46.65,0.53,-0.7866812837914305,-3.4604712018632955,1.8871086342804344,-0.38411347517730493,-0.23294117647058823,True,Mixtral-8x7B-v0.1|s3
RedHatAI/Mixtral-8x7B-v0.1-quantized.w4a16,mistral,Mixtral-8x7B-v0.1,w4a16,winogrande,81.45,-0.31,-0.7703723726009132,-2.4432896543623084,0.9025449091604819,-0.38411347517730493,-0.2807142857142857,True,Mixtral-8x7B-v0.1|s3
RedHatAI/Mixtral-8x7B-v0.1-quantized.w4a16,mistral,Mixtral-8x7B-v0.1,w4a16,arc_challenge,66.55,-0.94,-1.0651980261300014,-4.078462955065728,1.9480669028057247,-0.3934046692607004,-0.48016129032258065,True,Mixtral-8x7B-v0.1|s4
RedHatAI/Mixtral-8x7B-v0.1-quantized.w4a16,mistral,Mixtral-8x7B-v0.1,w4a16,gsm8k,59.89,-1.82,-1.3638292589458494,-4.31442778787698,1.5867692699852813,-0.3934046692607004,-0.7436507936507937,True,Mixtral-8x7B-v0.1|s4
RedHatAI/Mixtral-8x7B-v0.1-quantized.w4a16,mistral,Mixtral-8x7B-v0.1,w4a16,hellaswag,86.65,-1.44,-0.792024070648849,-1.534092302382085,-0.04995583891561306,-0.3934046692607004,-0.3506060606060606,True,Mixtral-8x7B-v0.1|s4
RedHatAI/Mixtral-8x7B-v0.1-quantized.w4a16,mistral,Mixtral-8x7B-v0.1,w4a16,mmlu,70.33,-1.1,-0.9616404397720208,-1.8044775110100493,-0.11880336853399243,-0.3934046692607004,-0.39734375,True,Mixtral-8x7B-v0.1|s4
RedHatAI/Mixtral-8x7B-v0.1-quantized.w4a16,mistral,Mixtral-8x7B-v0.1,w4a16,truthfulqa,46.65,0.53,-0.8397368918838043,-4.655760382371382,2.9762865986037728,-0.3934046692607004,-0.20206349206349208,True,Mixtral-8x7B-v0.1|s4
RedHatAI/Mixtral-8x7B-v0.1-quantized.w4a16,mistral,Mixtral-8x7B-v0.1,w4a16,winogrande,81.45,-0.31,-0.8179931031813692,-3.2055747159685426,1.5695885096058042,-0.3934046692607004,-0.31723076923076926,True,Mixtral-8x7B-v0.1|s4
RedHatAI/Qwen2.5-0.5B-FP8-dynamic,qwen2.5,Qwen2.5-0.5B,fp8_dynamic,mmlu,47.57,-0.47,-0.3053671165765472,-1.060389896357293,0.44965566320419864,-0.3376672694394214,-0.473,True,Qwen2.5-0.5B|s0
RedHatAI/Qwen2.5-0.5B-FP8-dynamic,qwen2.5,Qwen2.5-0.5B,fp8_dynamic,arc_challenge,34.9,-1.03,-0.21692493698580445,-2.7112751911703383,2.277425317198729,-0.3376672694394214,-0.3688235294117647,True,Qwen2.5-0.5B|s0
RedHatAI/Qwen2.5-0.5B-FP8-dynamic,qwen2.5,Qwen2.5-0.5B,fp8_dynamic,gsm8k,34.19,0.46,-0.4694079692395194,-2.80927475522252,1.8704588167434812,-0.3376672694394214,-0.632089552238806,True,Qwen2.5-0.5B|s0
RedHatAI/Qwen2.5-0.5B-FP8-dynamic,qwen2.5,Qwen2.5-0.5B,fp8_dynamic,hellaswag,51.83,-0.52,-0.14700350794804395,-1.0402819514319286,0.7462749355358406,-0.3376672694394214,-0.2569014084507042,True,Qwen2.5-0.5B|s0
RedHatAI/Qwen2.5-0.5B-FP8-dynamic,qwen2.5,Qwen2.5-0.5B,fp8_dynamic,winogrande,55.8,-0.24,-0.014871361227093982,-2.5143991037925497,2.484656381338362,-0.3376672694394214,-0.15753623188405796,True,Qwen2.5-0.5B|s0
RedHatAI/Qwen2.5-0.5B-FP8-dynamic,qwen2.5,Qwen2.5-0.5B,fp8_dynamic,truthfulqa,39.9,0.54,0.09954960072525398,-2.9696892738489966,3.168788475299505,-0.3376672694394214,-0.08647058823529412,True,Qwen2.5-0.5B|s0
RedHatAI/Qwen2.5-0.5B-quantized.w4a16,qwen2.5,Qwen2.5-0.5B,w4a16,mmlu,47.57,-2.53,-1.1056613063427476,-1.8606840861234935,-0.3506385265620018,-0.3376672694394214,-0.473,False,Qwen2.5-0.5B|s0
RedHatAI/Qwen2.5-0.5B-quantized.w4a16,qwen2.5,Qwen2.5-0.5B,w4a16,gsm8k,34.19,-6.21,-1.26970215900572,-3.6095689449887205,1.0701646269772807,-0.3376672694394214,-0.632089552238806,False,Qwen2.5-0.5B|s0
RedHatAI/Qwen2.5-0.5B-quantized.w4a16,qwen2.5,Qwen2.5-0.5B,w4a16,hellaswag,51.83,-2.68,-0.9472976977142447,-1.8405761411981292,-0.054019254230360136,-0.3376672694394214,-0.2569014084507042,False,Qwen2.5-0.5B|s0
RedHatAI/Qwen2.5-0.5B-quantized.w4a16,qwen2.5,Qwen2.5-0.5B,w4a16,winogrande,55.8,-2.05,-0.8151655509932947,-3.3146932935587508,1.6843621915721612,-0.3376672694394214,-0.15753623188405796,True,Qwen2.5-0.5B|s0
RedHatAI/Qwen2.5-0.5B-quantized.w4a16,qwen2.5,Qwen2.5-0.5B,w4a16,truthfulqa,39.9,-1.01,-0.7007445890409467,-3.7699834636151976,2.3684942855333038,-0.3376672694394214,-0.08647058823529412,True,Qwen2.5-0.5B|s0
RedHatAI/Qwen2.5-0.5B-quantized.w8a16,qwen2.5,Qwen2.5-0.5B,w8a16,mmlu,47.57,0.24,-0.3076290589493065,-1.0626518387300523,0.44739372083143936,-0.3376672694394214,-0.473,True,Qwen2.5-0.5B|s0
RedHatAI/Qwen2.5-0.5B-quantized.w8a16,qwen2.5,Qwen2.5-0.5B,w8a16,arc_challenge,34.9,0.0,-0.2191868793585637,-2.7135371335430976,2.27516337482597,-0.3376672694394214,-0.3688235294117647,True,Qwen2.5-0.5B|s0
RedHatAI/Qwen2.5-0.5B-quantized.w8a16,qwen2.5,Qwen2.5-0.5B,w8a16,gsm8k,34.19,-0.68,-0.47166991161227867,-2.8115366975952796,1.868196874370722,-0.3376672694394214,-0.632089552238806,True,Qwen2.5-0.5B|s0
RedHatAI/Qwen2.5-0.5B-quantized.w8a16,qwen2.5,Qwen2.5-0.5B,w8a16,hellaswag,51.83,-0.05,-0.14926545032080324,-1.0425438938046878,0.7440129931630812,-0.3376672694394214,-0.2569014084507042,True,Qwen2.5-0.5B|s0
RedHatAI/Qwen2.5-0.5B-quantized.w8a16,qwen2.5,Qwen2.5-0.5B,w8a16,winogrande,55.8,-0.31,-0.017133303599853267,-2.516661046165309,2.4823944389656027,-0.3376672694394214,-0.15753623188405796,True,Qwen2.5-0.5B|s0
RedHatAI/Qwen2.5-0.5B-quantized.w8a16,qwen2.5,Qwen2.5-0.5B,w8a16,truthfulqa,39.9,-0.19,0.09728765835249475,-2.971951216221756,3.1665265329267456,-0.3376672694394214,-0.08647058823529412,True,Qwen2.5-0.5B|s0
RedHatAI/Qwen2.5-0.5B-quantized.w8a8,qwen2.5,Qwen2.5-0.5B,w8a8_int,mmlu,47.57,-0.22,-0.7230988336930344,-1.4781216134737802,0.03192394608771143,-0.3376672694394214,-0.473,True,Qwen2.5-0.5B|s0
RedHatAI/Qwen2.5-0.5B-quantized.w8a8,qwen2.5,Qwen2.5-0.5B,w8a8_int,arc_challenge,34.9,-0.43,-0.6346566541022918,-3.1290069082868257,1.859693600082242,-0.3376672694394214,-0.3688235294117647,True,Qwen2.5-0.5B|s0
RedHatAI/Qwen2.5-0.5B-quantized.w8a8,qwen2.5,Qwen2.5-0.5B,w8a8_int,gsm8k,34.19,0.0,-0.8871396863560068,-3.2270064723390073,1.4527270996269939,-0.3376672694394214,-0.632089552238806,True,Qwen2.5-0.5B|s0
RedHatAI/Qwen2.5-0.5B-quantized.w8a8,qwen2.5,Qwen2.5-0.5B,w8a8_int,hellaswag,51.83,-0.2,-0.5647352250645312,-1.4580136685484157,0.3285432184193533,-0.3376672694394214,-0.2569014084507042,True,Qwen2.5-0.5B|s0
RedHatAI/Qwen2.5-0.5B-quantized.w8a8,qwen2.5,Qwen2.5-0.5B,w8a8_int,winogrande,55.8,-0.16,-0.43260307834358136,-2.932130820909037,2.0669246642218746,-0.3376672694394214,-0.15753623188405796,True,Qwen2.5-0.5B|s0
RedHatAI/Qwen2.5-0.5B-quantized.w8a8,qwen2.5,Qwen2.5-0.5B,w8a8_int,truthfulqa,39.9,0.42,-0.3181821163912333,-3.387420990965484,2.7510567581830174,-0.3376672694394214,-0.08647058823529412,True,Qwen2.5-0.5B|s0
RedHatAI/Qwen2.5-0.5B-FP8-dynamic,qwen2.5,Qwen2.5-0.5B,fp8_dynamic,mmlu,47.57,-0.47,-0.19822246019677492,-0.8660005237397067,0.46955560334615687,-0.3382446808510638,-0.45130434782608697,True,Qwen2.5-0.5B|s1
RedHatAI/Qwen2.5-0.5B-FP8-dynamic,qwen2.5,Qwen2.5-0.5B,fp8_dynamic,arc_challenge,34.9,-1.03,-0.16824705315839508,-2.374369076418235,2.037874970101445,-0.3382446808510638,-0.4235294117647059,True,Qwen2.5-0.5B|s1
RedHatAI/Qwen2.5-0.5B-FP8-dynamic,qwen2.5,Qwen2.5-0.5B,fp8_dynamic,gsm8k,34.19,0.46,-0.24403393686174896,-2.313523431928237,1.8254555582047391,-0.3382446808510638,-0.48880597014925375,True,Qwen2.5-0.5B|s1
RedHatAI/Qwen2.5-0.5B-FP8-dynamic,qwen2.5,Qwen2.5-0.5B,fp8_dynamic,hellaswag,51.83,-0.52,-0.02398087057181414,-0.8140388200386317,0.7660770788950035,-0.3382446808510638,-0.23140845070422536,True,Qwen2.5-0.5B|s1
RedHatAI/Qwen2.5-0.5B-FP8-dynamic,qwen2.5,Qwen2.5-0.5B,fp8_dynamic,winogrande,55.8,-0.24,0.044856718877264,-2.1658445214043884,2.2555579591589168,-0.3382446808510638,-0.19376811594202897,True,Qwen2.5-0.5B|s1
RedHatAI/Qwen2.5-0.5B-FP8-dynamic,qwen2.5,Qwen2.5-0.5B,fp8_dynamic,truthfulqa,39.9,0.54,0.09954092673988574,-2.6150399403553606,2.8141217938351324,-0.3382446808510638,-0.16830985915492958,True,Qwen2.5-0.5B|s1
RedHatAI/Qwen2.5-0.5B-quantized.w4a16,qwen2.5,Qwen2.5-0.5B,w4a16,mmlu,47.57,-2.53,-1.0625812557786412,-1.730359319321573,-0.39480319223570937,-0.3382446808510638,-0.45130434782608697,False,Qwen2.5-0.5B|s1
RedHatAI/Qwen2.5-0.5B-quantized.w4a16,qwen2.5,Qwen2.5-0.5B,w4a16,gsm8k,34.19,-6.21,-1.1083927324436151,-3.1778822275101035,0.961096762622873,-0.3382446808510638,-0.48880597014925375,False,Qwen2.5-0.5B|s1
RedHatAI/Qwen2.5-0.5B-quantized.w4a16,qwen2.5,Qwen2.5-0.5B,w4a16,hellaswag,51.83,-2.68,-0.8883396661536804,-1.678397615620498,-0.09828171668686281,-0.3382446808510638,-0.23140845070422536,False,Qwen2.5-0.5B|s1
RedHatAI/Qwen2.5-0.5B-quantized.w4a16,qwen2.5,Qwen2.5-0.5B,w4a16,winogrande,55.8,-2.05,-0.8195020767046022,-3.030203316986255,1.3911991635770504,-0.3382446808510638,-0.19376811594202897,True,Qwen2.5-0.5B|s1
RedHatAI/Qwen2.5-0.5B-quantized.w4a16,qwen2.5,Qwen2.5-0.5B,w4a16,truthfulqa,39.9,-1.01,-0.7648178688419804,-3.479398735937227,1.949762998253266,-0.3382446808510638,-0.16830985915492958,True,Qwen2.5-0.5B|s1
RedHatAI/Qwen2.5-0.5B-quantized.w8a16,qwen2.5,Qwen2.5-0.5B,w8a16,mmlu,47.57,0.24,-0.25708512979134124,-0.924863193334273,0.41069293375159055,-0.3382446808510638,-0.45130434782608697,True,Qwen2.5-0.5B|s1
RedHatAI/Qwen2.5-0.5B-quantized.w8a16,qwen2.5,Qwen2.5-0.5B,w8a16,arc_challenge,34.9,0.0,-0.22710972275296143,-2.4332317460128015,1.9790123005068785,-0.3382446808510638,-0.4235294117647059,True,Qwen2.5-0.5B|s1
RedHatAI/Qwen2.5-0.5B-quantized.w8a16,qwen2.5,Qwen2.5-0.5B,w8a16,gsm8k,34.19,-0.68,-0.3028966064563153,-2.3723861015228036,1.766592888610173,-0.3382446808510638,-0.48880597014925375,True,Qwen2.5-0.5B|s1
RedHatAI/Qwen2.5-0.5B-quantized.w8a16,qwen2.5,Qwen2.5-0.5B,w8a16,hellaswag,51.83,-0.05,-0.08284354016638051,-0.8729014896331981,0.7072144093004371,-0.3382446808510638,-0.23140845070422536,True,Qwen2.5-0.5B|s1
RedHatAI/Qwen2.5-0.5B-quantized.w8a16,qwen2.5,Qwen2.5-0.5B,w8a16,winogrande,55.8,-0.31,-0.014005950717302373,-2.224707190998955,2.1966952895643503,-0.3382446808510638,-0.19376811594202897,True,Qwen2.5-0.5B|s1
RedHatAI/Qwen2.5-0.5B-quantized.w8a16,qwen2.5,Qwen2.5-0.5B,w8a16,truthfulqa,39.9,-0.19,0.04067825714531931,-2.673902609949927,2.755259124240566,-0.3382446808510638,-0.16830985915492958,True,Qwen2.5-0.5B|s1
RedHatAI/Qwen2.5-0.5B-quantized.w8a8,qwen2.5,Qwen2.5-0.5B,w8a8_int,mmlu,47.57,-0.22,-0.6029749517718666,-1.2707530153147983,0.06480311177106524,-0.3382446808510638,-0.45130434782608697,True,Qwen2.5-0.5B|s1
RedHatAI/Qwen2.5-0.5B-quantized.w8a8,qwen2.5,Qwen2.5-0.5B,w8a8_int,arc_challenge,34.9,-0.43,-0.5729995447334867,-2.7791215679933265,1.6331224785263534,-0.3382446808510638,-0.4235294117647059,True,Qwen2.5-0.5B|s1
RedHatAI/Qwen2.5-0.5B-quantized.w8a8,qwen2.5,Qwen2.5-0.5B,w8a8_int,gsm8k,34.19,0.0,-0.6487864284368405,-2.7182759235033287,1.4207030666296476,-0.3382446808510638,-0.48880597014925375,True,Qwen2.5-0.5B|s1
RedHatAI/Qwen2.5-0.5B-quantized.w8a8,qwen2.5,Qwen2.5-0.5B,w8a8_int,hellaswag,51.83,-0.2,-0.4287333621469057,-1.2187913116137232,0.3613245873199119,-0.3382446808510638,-0.23140845070422536,True,Qwen2.5-0.5B|s1
RedHatAI/Qwen2.5-0.5B-quantized.w8a8,qwen2.5,Qwen2.5-0.5B,w8a8_int,winogrande,55.8,-0.16,-0.35989577269782763,-2.5705970129794804,1.850805467583825,-0.3382446808510638,-0.19376811594202897,True,Qwen2.5-0.5B|s1
RedHatAI/Qwen2.5-0.5B-quantized.w8a8,qwen2.5,Qwen2.5-0.5B,w8a8_int,truthfulqa,39.9,0.42,-0.3052115648352059,-3.0197924319304525,2.4093693022600404,-0.3382446808510638,-0.16830985915492958,True,Qwen2.5-0.5B|s1
RedHatAI/Qwen2.5-0.5B-FP8-dynamic,qwen2.5,Qwen2.5-0.5B,fp8_dynamic,mmlu,47.57,-0.47,-0.23084448853955383,-0.8873337910501303,0.4256448139710226,-0.37462081128747793,-0.5273529411764706,True,Qwen2.5-0.5B|s2
RedHatAI/Qwen2.5-0.5B-FP8-dynamic,qwen2.5,Qwen2.5-0.5B,fp8_dynamic,arc_challenge,34.9,-1.03,-0.17435404410280536,-2.343181664194226,1.994473575988615,-0.37462081128747793,-0.4483582089552239,True,Qwen2.5-0.5B|s2
RedHatAI/Qwen2.5-0.5B-FP8-dynamic,qwen2.5,Qwen2.5-0.5B,fp8_dynamic,gsm8k,34.19,0.46,-0.2971302685223378,-2.3316351277581324,1.7373745907134568,-0.37462081128747793,-0.5765671641791045,True,Qwen2.5-0.5B|s2
RedHatAI/Qwen2.5-0.5B-FP8-dynamic,qwen2.5,Qwen2.5-0.5B,fp8_dynamic,hellaswag,51.83,-0.52,-0.0744887152012006,-0.8511907671323542,0.702213336729953,-0.37462081128747793,-0.3208571428571429,True,Qwen2.5-0.5B|s2
RedHatAI/Qwen2.5-0.5B-FP8-dynamic,qwen2.5,Qwen2.5-0.5B,fp8_dynamic,winogrande,55.8,-0.24,0.043354585085744524,-2.1299748405497883,2.2166840107212775,-0.37462081128747793,-0.22897058823529412,True,Qwen2.5-0.5B|s2
RedHatAI/Qwen2.5-0.5B-FP8-dynamic,qwen2.5,Qwen2.5-0.5B,fp8_dynamic,truthfulqa,39.9,0.54,0.08724938591144021,-2.5814416019190443,2.7559403737419244,-0.37462081128747793,-0.20164179104477611,True,Qwen2.5-0.5B|s2
RedHatAI/Qwen2.5-0.5B-quantized.w4a16,qwen2.5,Qwen2.5-0.5B,w4a16,mmlu,47.57,-2.53,-0.9692109311837857,-1.6257002336943622,-0.3127216286732092,-0.37462081128747793,-0.5273529411764706,False,Qwen2.5-0.5B|s2
RedHatAI/Qwen2.5-0.5B-quantized.w4a16,qwen2.5,Qwen2.5-0.5B,w4a16,gsm8k,34.19,-6.21,-1.0354967111665696,-3.070001570402364,0.999008148069225,-0.37462081128747793,-0.5765671641791045,False,Qwen2.5-0.5B|s2
RedHatAI/Qwen2.5-0.5B-quantized.w4a16,qwen2.5,Qwen2.5-0.5B,w4a16,hellaswag,51.83,-2.68,-0.8128551578454324,-1.589557209776586,-0.03615310591427878,-0.37462081128747793,-0.3208571428571429,False,Qwen2.5-0.5B|s2
RedHatAI/Qwen2.5-0.5B-quantized.w4a16,qwen2.5,Qwen2.5-0.5B,w4a16,winogrande,55.8,-2.05,-0.6950118575584874,-2.8683412831940203,1.4783175680770455,-0.37462081128747793,-0.22897058823529412,True,Qwen2.5-0.5B|s2
RedHatAI/Qwen2.5-0.5B-quantized.w4a16,qwen2.5,Qwen2.5-0.5B,w4a16,truthfulqa,39.9,-1.01,-0.6511170567327916,-3.319808044563276,2.017573931097693,-0.37462081128747793,-0.20164179104477611,True,Qwen2.5-0.5B|s2
RedHatAI/Qwen2.5-0.5B-quantized.w8a16,qwen2.5,Qwen2.5-0.5B,w8a16,mmlu,47.57,0.24,-0.2746042714628914,-0.9310935739734678,0.38188503104768506,-0.37462081128747793,-0.5273529411764706,True,Qwen2.5-0.5B|s2
RedHatAI/Qwen2.5-0.5B-quantized.w8a16,qwen2.5,Qwen2.5-0.5B,w8a16,arc_challenge,34.9,0.0,-0.21811382702614304,-2.386941447117563,1.9507137930652771,-0.37462081128747793,-0.4483582089552239,True,Qwen2.5-0.5B|s2
RedHatAI/Qwen2.5-0.5B-quantized.w8a16,qwen2.5,Qwen2.5-0.5B,w8a16,gsm8k,34.19,-0.68,-0.3408900514456754,-2.37539491068147,1.6936148077901192,-0.37462081128747793,-0.5765671641791045,True,Qwen2.5-0.5B|s2
RedHatAI/Qwen2.5-0.5B-quantized.w8a16,qwen2.5,Qwen2.5-0.5B,w8a16,hellaswag,51.83,-0.05,-0.11824849812453819,-0.8949505500556918,0.6584535538066154,-0.37462081128747793,-0.3208571428571429,True,Qwen2.5-0.5B|s2
RedHatAI/Qwen2.5-0.5B-quantized.w8a16,qwen2.5,Qwen2.5-0.5B,w8a16,winogrande,55.8,-0.31,-0.00040519783759312977,-2.173734623473126,2.1729242277979397,-0.37462081128747793,-0.22897058823529412,True,Qwen2.5-0.5B|s2
RedHatAI/Qwen2.5-0.5B-quantized.w8a16,qwen2.5,Qwen2.5-0.5B,w8a16,truthfulqa,39.9,-0.19,0.043489602988102616,-2.6252013848423816,2.712180590818587,-0.37462081128747793,-0.20164179104477611,True,Qwen2.5-0.5B|s2
RedHatAI/Qwen2.5-0.5B-quantized.w8a8,qwen2.5,Qwen2.5-0.5B,w8a8_int,mmlu,47.57,-0.22,-0.5573760686689727,-1.213865371179549,0.09911323384160375,-0.37462081128747793,-0.5273529411764706,True,Qwen2.5-0.5B|s2
RedHatAI/Qwen2.5-0.5B-quantized.w8a8,qwen2.5,Qwen2.5-0.5B,w8a8_int,arc_challenge,34.9,-0.43,-0.5008856242322244,-2.6697132443236447,1.667941995859196,-0.37462081128747793,-0.4483582089552239,True,Qwen2.5-0.5B|s2
RedHatAI/Qwen2.5-0.5B-quantized.w8a8,qwen2.5,Qwen2.5-0.5B,w8a8_int,gsm8k,34.19,0.0,-0.6236618486517567,-2.6581667078875513,1.410843010584038,-0.37462081128747793,-0.5765671641791045,True,Qwen2.5-0.5B|s2
RedHatAI/Qwen2.5-0.5B-quantized.w8a8,qwen2.5,Qwen2.5-0.5B,w8a8_int,hellaswag,51.83,-0.2,-0.4010202953306195,-1.177722347261773,0.3756817566005341,-0.37462081128747793,-0.3208571428571429,True,Qwen2.5-0.5B|s2
RedHatAI/Qwen2.5-0.5B-quantized.w8a8,qwen2.5,Qwen2.5-0.5B,w8a8_int,winogrande,55.8,-0.16,-0.28317699504367444,-2.456506420679207,1.8901524305918584,-0.37462081128747793,-0.22897058823529412,True,Qwen2.5-0.5B|s2
RedHatAI/Qwen2.5-0.5B-quantized.w8a8,qwen2.5,Qwen2.5-0.5B,w8a8_int,truthfulqa,39.9,0.42,-0.23928219421797872,-2.907973182048463,2.4294087936125055,-0.37462081128747793,-0.20164179104477611,True,Qwen2.5-0.5B|s2
RedHatAI/Qwen2.5-0.5B-FP8-dynamic,qwen2.5,Qwen2.5-0.5B,fp8_dynamic,mmlu,47.57,-0.47,-0.24635365945227583,-0.7522412177580022,0.2595338988534506,-0.34123519458544843,-0.4617647058823529,True,Qwen2.5-0.5B|s3
RedHatAI/Qwen2.5-0.5B-FP8-dynamic,qwen2.5,Qwen2.5-0.5B,fp8_dynamic,arc_challenge,34.9,-1.03,-0.14825617874233374,-1.8195445073078886,1.523032149823221,-0.34123519458544843,-0.38304347826086954,True,Qwen2.5-0.5B|s3
RedHatAI/Qwen2.5-0.5B-FP8-dynamic,qwen2.5,Qwen2.5-0.5B,fp8_dynamic,gsm8k,34.19,0.46,-0.20579095282986126,-1.7735707957974474,1.361988890137725,-0.34123519458544843,-0.44223880597014925,True,Qwen2.5-0.5B|s3
RedHatAI/Qwen2.5-0.5B-FP8-dynamic,qwen2.5,Qwen2.5-0.5B,fp8_dynamic,hellaswag,51.83,-0.52,-0.012686183448381017,-0.611209119130442,0.5858367522336799,-0.34123519458544843,-0.1808450704225352,True,Qwen2.5-0.5B|s3
RedHatAI/Qwen2.5-0.5B-FP8-dynamic,qwen2.5,Qwen2.5-0.5B,fp8_dynamic,winogrande,55.8,-0.24,-0.054881990390637625,-1.7296393890628476,1.6198754082815723,-0.34123519458544843,-0.26521739130434785,True,Qwen2.5-0.5B|s3
RedHatAI/Qwen2.5-0.5B-FP8-dynamic,qwen2.5,Qwen2.5-0.5B,fp8_dynamic,truthfulqa,39.9,0.54,0.024343692615220125,-2.032136988095202,2.0808243733256426,-0.34123519458544843,-0.2011594202898551,True,Qwen2.5-0.5B|s3
RedHatAI/Qwen2.5-0.5B-quantized.w4a16,qwen2.5,Qwen2.5-0.5B,w4a16,mmlu,47.57,-2.53,-0.8752038647128051,-1.3810914230185314,-0.3693163064070787,-0.34123519458544843,-0.4617647058823529,False,Qwen2.5-0.5B|s3
RedHatAI/Qwen2.5-0.5B-quantized.w4a16,qwen2.5,Qwen2.5-0.5B,w4a16,gsm8k,34.19,-6.21,-0.8346411580903905,-2.4024210010579767,0.7331386848771957,-0.34123519458544843,-0.44223880597014925,False,Qwen2.5-0.5B|s3
RedHatAI/Qwen2.5-0.5B-quantized.w4a16,qwen2.5,Qwen2.5-0.5B,w4a16,hellaswag,51.83,-2.68,-0.6415363887089102,-1.240059324390971,-0.043013453026849224,-0.34123519458544843,-0.1808450704225352,False,Qwen2.5-0.5B|s3
RedHatAI/Qwen2.5-0.5B-quantized.w4a16,qwen2.5,Qwen2.5-0.5B,w4a16,winogrande,55.8,-2.05,-0.6837321956511668,-2.358489594323377,0.9910252030210431,-0.34123519458544843,-0.26521739130434785,True,Qwen2.5-0.5B|s3
RedHatAI/Qwen2.5-0.5B-quantized.w4a16,qwen2.5,Qwen2.5-0.5B,w4a16,truthfulqa,39.9,-1.01,-0.6045065126453091,-2.6609871933557314,1.4519741680651133,-0.34123519458544843,-0.2011594202898551,True,Qwen2.5-0.5B|s3
RedHatAI/Qwen2.5-0.5B-quantized.w8a16,qwen2.5,Qwen2.5-0.5B,w8a16,mmlu,47.57,0.24,-0.19140938783515957,-0.697296946140886,0.3144781704705668,-0.34123519458544843,-0.4617647058823529,True,Qwen2.5-0.5B|s3
RedHatAI/Qwen2.5-0.5B-quantized.w8a16,qwen2.5,Qwen2.5-0.5B,w8a16,arc_challenge,34.9,0.0,-0.09331190712521745,-1.7646002356907724,1.5779764214403373,-0.34123519458544843,-0.38304347826086954,True,Qwen2.5-0.5B|s3
RedHatAI/Qwen2.5-0.5B-quantized.w8a16,qwen2.5,Qwen2.5-0.5B,w8a16,gsm8k,34.19,-0.68,-0.15084668121274497,-1.7186265241803311,1.4169331617548413,-0.34123519458544843,-0.44223880597014925,True,Qwen2.5-0.5B|s3
RedHatAI/Qwen2.5-0.5B-quantized.w8a16,qwen2.5,Qwen2.5-0.5B,w8a16,hellaswag,51.83,-0.05,0.042258088168735275,-0.5562648475133256,0.6407810238507963,-0.34123519458544843,-0.1808450704225352,True,Qwen2.5-0.5B|s3
RedHatAI/Qwen2.5-0.5B-quantized.w8a16,qwen2.5,Qwen2.5-0.5B,w8a16,winogrande,55.8,-0.31,6.228122647866652e-05,-1.6746951174457312,1.6748196798986887,-0.34123519458544843,-0.26521739130434785,True,Qwen2.5-0.5B|s3
RedHatAI/Qwen2.5-0.5B-quantized.w8a16,qwen2.5,Qwen2.5-0.5B,w8a16,truthfulqa,39.9,-0.19,0.07928796423233647,-1.9771927164780858,2.135768644942759,-0.34123519458544843,-0.2011594202898551,True,Qwen2.5-0.5B|s3
RedHatAI/Qwen2.5-0.5B-quantized.w8a8,qwen2.5,Qwen2.5-0.5B,w8a8_int,mmlu,47.57,-0.22,-0.6122468836157307,-1.1181344419214572,-0.10635932531000425,-0.34123519458544843,-0.4617647058823529,True,Qwen2.5-0.5B|s3
RedHatAI/Qwen2.5-0.5B-quantized.w8a8,qwen2.5,Qwen2.5-0.5B,w8a8_int,arc_challenge,34.9,-0.43,-0.5141494029057886,-2.1854377314713433,1.1571389256597664,-0.34123519458544843,-0.38304347826086954,True,Qwen2.5-0.5B|s3
RedHatAI/Qwen2.5-0.5B-quantized.w8a8,qwen2.5,Qwen2.5-0.5B,w8a8_int,gsm8k,34.19,0.0,-0.5716841769933161,-2.1394640199609025,0.9960956659742701,-0.34123519458544843,-0.44223880597014925,True,Qwen2.5-0.5B|s3
RedHatAI/Qwen2.5-0.5B-quantized.w8a8,qwen2.5,Qwen2.5-0.5B,w8a8_int,hellaswag,51.83,-0.2,-0.37857940761183584,-0.9771023432938968,0.2199435280702251,-0.34123519458544843,-0.1808450704225352,True,Qwen2.5-0.5B|s3
RedHatAI/Qwen2.5-0.5B-quantized.w8a8,qwen2.5,Qwen2.5-0.5B,w8a8_int,winogrande,55.8,-0.16,-0.42077521455409245,-2.0955326132263026,1.2539821841181176,-0.34123519458544843,-0.26521739130434785,True,Qwen2.5-0.5B|s3
RedHatAI/Qwen2.5-0.5B-quantized.w8a8,qwen2.5,Qwen2.5-0.5B,w8a8_int,truthfulqa,39.9,0.42,-0.34154953154823464,-2.398030212258657,1.7149311491621877,-0.34123519458544843,-0.2011594202898551,True,Qwen2.5-0.5B|s3
RedHatAI/Qwen2.5-0.5B-FP8-dynamic,qwen2.5,Qwen2.5-0.5B,fp8_dynamic,mmlu,47.57,-0.47,-0.305724407888121,-1.2292328405240398,0.6177840247477979,-0.36658163265306126,-0.4290277777777778,True,Qwen2.5-0.5B|s4
RedHatAI/Qwen2.5-0.5B-FP8-dynamic,qwen2.5,Qwen2.5-0.5B,fp8_dynamic,arc_challenge,34.9,-1.03,-0.2493955330614086,-3.3003677094981287,2.8015766433753115,-0.36658163265306126,-0.4434722222222222,True,Qwen2.5-0.5B|s4
RedHatAI/Qwen2.5-0.5B-FP8-dynamic,qwen2.5,Qwen2.5-0.5B,fp8_dynamic,gsm8k,34.19,0.46,-0.540794427582968,-3.4028096752918056,2.3212208201258693,-0.36658163265306126,-0.7645833333333333,True,Qwen2.5-0.5B|s4
RedHatAI/Qwen2.5-0.5B-FP8-dynamic,qwen2.5,Qwen2.5-0.5B,fp8_dynamic,hellaswag,51.83,-0.52,-0.12984892596985761,-1.222465198407116,0.9627673464674007,-0.36658163265306126,-0.19893333333333332,True,Qwen2.5-0.5B|s4
RedHatAI/Qwen2.5-0.5B-FP8-dynamic,qwen2.5,Qwen2.5-0.5B,fp8_dynamic,winogrande,55.8,-0.24,-0.09905045984619582,-3.156355497102089,2.958254577409697,-0.36658163265306126,-0.1808108108108108,True,Qwen2.5-0.5B|s4
RedHatAI/Qwen2.5-0.5B-FP8-dynamic,qwen2.5,Qwen2.5-0.5B,fp8_dynamic,truthfulqa,39.9,0.54,-0.07101161344474,-3.825160572058162,3.6831373451686824,-0.36658163265306126,-0.22194444444444444,True,Qwen2.5-0.5B|s4
RedHatAI/Qwen2.5-0.5B-quantized.w4a16,qwen2.5,Qwen2.5-0.5B,w4a16,mmlu,47.57,-2.53,-0.9171508617303183,-1.8406592943662372,0.006357570905600518,-0.36658163265306126,-0.4290277777777778,False,Qwen2.5-0.5B|s4
RedHatAI/Qwen2.5-0.5B-quantized.w4a16,qwen2.5,Qwen2.5-0.5B,w4a16,gsm8k,34.19,-6.21,-1.1522208814251653,-4.0142361291340025,1.709794366283672,-0.36658163265306126,-0.7645833333333333,False,Qwen2.5-0.5B|s4
RedHatAI/Qwen2.5-0.5B-quantized.w4a16,qwen2.5,Qwen2.5-0.5B,w4a16,hellaswag,51.83,-2.68,-0.741275379812055,-1.8338916522493134,0.3513408926252033,-0.36658163265306126,-0.19893333333333332,False,Qwen2.5-0.5B|s4
RedHatAI/Qwen2.5-0.5B-quantized.w4a16,qwen2.5,Qwen2.5-0.5B,w4a16,winogrande,55.8,-2.05,-0.7104769136883932,-3.7677819509442863,2.3468281235674997,-0.36658163265306126,-0.1808108108108108,True,Qwen2.5-0.5B|s4
RedHatAI/Qwen2.5-0.5B-quantized.w4a16,qwen2.5,Qwen2.5-0.5B,w4a16,truthfulqa,39.9,-1.01,-0.6824380672869375,-4.4365870259003595,3.071710891326485,-0.36658163265306126,-0.22194444444444444,True,Qwen2.5-0.5B|s4
RedHatAI/Qwen2.5-0.5B-quantized.w8a16,qwen2.5,Qwen2.5-0.5B,w8a16,mmlu,47.57,0.24,-0.16952809386196,-1.0930365264978787,0.7539803387739589,-0.36658163265306126,-0.4290277777777778,True,Qwen2.5-0.5B|s4
RedHatAI/Qwen2.5-0.5B-quantized.w8a16,qwen2.5,Qwen2.5-0.5B,w8a16,arc_challenge,34.9,0.0,-0.11319921903524766,-3.1641713954719677,2.9377729574014726,-0.36658163265306126,-0.4434722222222222,True,Qwen2.5-0.5B|s4
RedHatAI/Qwen2.5-0.5B-quantized.w8a16,qwen2.5,Qwen2.5-0.5B,w8a16,gsm8k,34.19,-0.68,-0.4045981135568071,-3.2666133612656445,2.4574171341520303,-0.36658163265306126,-0.7645833333333333,True,Qwen2.5-0.5B|s4
RedHatAI/Qwen2.5-0.5B-quantized.w8a16,qwen2.5,Qwen2.5-0.5B,w8a16,hellaswag,51.83,-0.05,0.00634738805630336,-1.086268884380955,1.0989636604935618,-0.36658163265306126,-0.19893333333333332,True,Qwen2.5-0.5B|s4
RedHatAI/Qwen2.5-0.5B-quantized.w8a16,qwen2.5,Qwen2.5-0.5B,w8a16,winogrande,55.8,-0.31,0.03714585417996519,-3.020159183075928,3.094450891435858,-0.36658163265306126,-0.1808108108108108,True,Qwen2.5-0.5B|s4
RedHatAI/Qwen2.5-0.5B-quantized.w8a16,qwen2.5,Qwen2.5-0.5B,w8a16,truthfulqa,39.9,-0.19,0.065184700581421,-3.6889642580320015,3.819333659194843,-0.36658163265306126,-0.22194444444444444,True,Qwen2.5-0.5B|s4
RedHatAI/Qwen2.5-0.5B-quantized.w8a8,qwen2.5,Qwen2.5-0.5B,w8a8_int,mmlu,47.57,-0.22,-0.5962571149758084,-1.519765547611727,0.3272513176601105,-0.36658163265306126,-0.4290277777777778,True,Qwen2.5-0.5B|s4
RedHatAI/Qwen2.5-0.5B-quantized.w8a8,qwen2.5,Qwen2.5-0.5B,w8a8_int,arc_challenge,34.9,-0.43,-0.539928240149096,-3.590900416585816,2.5110439362876242,-0.36658163265306126,-0.4434722222222222,True,Qwen2.5-0.5B|s4
RedHatAI/Qwen2.5-0.5B-quantized.w8a8,qwen2.5,Qwen2.5-0.5B,w8a8_int,gsm8k,34.19,0.0,-0.8313271346706552,-3.693342382379493,2.030688113038182,-0.36658163265306126,-0.7645833333333333,True,Qwen2.5-0.5B|s4
RedHatAI/Qwen2.5-0.5B-quantized.w8a8,qwen2.5,Qwen2.5-0.5B,w8a8_int,hellaswag,51.83,-0.2,-0.420381633057545,-1.5129979054948033,0.6722346393797134,-0.36658163265306126,-0.19893333333333332,True,Qwen2.5-0.5B|s4
RedHatAI/Qwen2.5-0.5B-quantized.w8a8,qwen2.5,Qwen2.5-0.5B,w8a8_int,winogrande,55.8,-0.16,-0.38958316693388323,-3.446888204189776,2.66772187032201,-0.36658163265306126,-0.1808108108108108,True,Qwen2.5-0.5B|s4
RedHatAI/Qwen2.5-0.5B-quantized.w8a8,qwen2.5,Qwen2.5-0.5B,w8a8_int,truthfulqa,39.9,0.42,-0.3615443205324274,-4.11569327914585,3.3926046380809947,-0.36658163265306126,-0.22194444444444444,True,Qwen2.5-0.5B|s4
RedHatAI/Qwen2.5-0.5B-Instruct-quantized.w8a8,qwen2.5,Qwen2.5-0.5B-Instruct,w8a8_int,mmlu,46.83,-0.54,-0.7954302541124008,-1.6691153246204615,0.07825481639566001,-0.3919824561403509,-0.48914285714285716,True,Qwen2.5-0.5B-Instruct|s0
RedHatAI/Qwen2.5-0.5B-Instruct-quantized.w8a8,qwen2.5,Qwen2.5-0.5B-Instruct,w8a8_int,arc_challenge,33.62,-0.26,-0.757304969530703,-3.6203465975569245,2.105736658495518,-0.3919824561403509,-0.4295652173913044,True,Qwen2.5-0.5B-Instruct|s0
RedHatAI/Qwen2.5-0.5B-Instruct-quantized.w8a8,qwen2.5,Qwen2.5-0.5B-Instruct,w8a8_int,gsm8k,33.21,0.0,-0.9347524541662808,-3.6253066943909236,1.7558017860583621,-0.3919824561403509,-0.6133333333333333,True,Qwen2.5-0.5B-Instruct|s0
RedHatAI/Qwen2.5-0.5B-Instruct-quantized.w8a8,qwen2.5,Qwen2.5-0.5B-Instruct,w8a8_int,hellaswag,51.31,-0.34,-0.6029910037314152,-1.6378585699869508,0.4318765625241203,-0.3919824561403509,-0.24876712328767123,True,Qwen2.5-0.5B-Instruct|s0
RedHatAI/Qwen2.5-0.5B-Instruct-quantized.w8a8,qwen2.5,Qwen2.5-0.5B-Instruct,w8a8_int,winogrande,55.01,0.0,-0.6099765080108558,-3.5097528444561714,2.28979982843446,-0.3919824561403509,-0.3036111111111111,True,Qwen2.5-0.5B-Instruct|s0
RedHatAI/Qwen2.5-0.5B-Instruct-quantized.w8a8,qwen2.5,Qwen2.5-0.5B-Instruct,w8a8_int,truthfulqa,41.85,-0.38,-0.5233239798752682,-4.10416922474857,3.057521264998033,-0.3919824561403509,-0.24185714285714285,True,Qwen2.5-0.5B-Instruct|s0
RedHatAI/Qwen2.5-0.5B-Instruct-quantized.w8a8,qwen2.5,Qwen2.5-0.5B-Instruct,w8a8_int,ifeval,31.17,0.87,-0.6634903559683674,-4.795227107853425,3.468246395916691,-0.3919824561403509,-0.33649999999999997,True,Qwen2.5-0.5B-Instruct|s0
RedHatAI/Qwen2.5-0.5B-Instruct-quantized.w8a8,qwen2.5,Qwen2.5-0.5B-Instruct,w8a8_int,bbh,32.79,-0.28,-0.8665582813809731,-2.0736431287746644,0.34052656601271836,-0.3919824561403509,-0.7157142857142856,True,Qwen2.5-0.5B-Instruct|s0
RedHatAI/Qwen2.5-0.5B-Instruct-quantized.w8a8,qwen2.5,Qwen2.5-0.5B-Instruct,w8a8_int,gpqa,25.67,0.45,0.18154193415656456,-4.100293616136161,4.463377484449291,-0.3919824561403509,0.4487499999999999,True,Qwen2.5-0.5B-Instruct|s0
RedHatAI/Qwen2.5-0.5B-Instruct-quantized.w8a8,qwen2.5,Qwen2.5-0.5B-Instruct,w8a8_int,musr,33.02,-0.27,0.31873527973875654,-3.230004854675384,3.8674754141528966,-0.3919824561403509,0.44333333333333336,True,Qwen2.5-0.5B-Instruct|s0
RedHatAI/Qwen2.5-0.5B-Instruct-quantized.w8a8,qwen2.5,Qwen2.5-0.5B-Instruct,w8a8_int,mmlu,46.83,-0.54,-0.7006028560785797,-1.6728247537066803,0.27161904154952077,-0.34820422535211265,-0.4381159420289855,True,Qwen2.5-0.5B-Instruct|s1
RedHatAI/Qwen2.5-0.5B-Instruct-quantized.w8a8,qwen2.5,Qwen2.5-0.5B-Instruct,w8a8_int,arc_challenge,33.62,-0.26,-0.6649025730867297,-3.8508466375414945,2.521041491368035,-0.34820422535211265,-0.3808450704225352,True,Qwen2.5-0.5B-Instruct|s1
RedHatAI/Qwen2.5-0.5B-Instruct-quantized.w8a8,qwen2.5,Qwen2.5-0.5B-Instruct,w8a8_int,gsm8k,33.21,0.0,-0.8798963331394738,-3.8738993639814674,2.11410669770252,-0.34820422535211265,-0.6442028985507245,True,Qwen2.5-0.5B-Instruct|s1
RedHatAI/Qwen2.5-0.5B-Instruct-quantized.w8a8,qwen2.5,Qwen2.5-0.5B-Instruct,w8a8_int,hellaswag,51.31,-0.34,-0.45919722131254814,-1.6107802608094421,0.6923858181843459,-0.34820422535211265,-0.17577464788732394,True,Qwen2.5-0.5B-Instruct|s1
RedHatAI/Qwen2.5-0.5B-Instruct-quantized.w8a8,qwen2.5,Qwen2.5-0.5B-Instruct,w8a8_int,winogrande,55.01,0.0,-0.3828201313244585,-3.609641954978266,2.844001692329349,-0.34820422535211265,-0.10333333333333333,True,Qwen2.5-0.5B-Instruct|s1
RedHatAI/Qwen2.5-0.5B-Instruct-quantized.w8a8,qwen2.5,Qwen2.5-0.5B-Instruct,w8a8_int,truthfulqa,41.85,-0.38,-0.40411491823703816,-4.38881864799038,3.5805888115163036,-0.34820422535211265,-0.10176470588235294,True,Qwen2.5-0.5B-Instruct|s1
RedHatAI/Qwen2.5-0.5B-Instruct-quantized.w8a8,qwen2.5,Qwen2.5-0.5B-Instruct,w8a8_int,ifeval,31.17,0.87,-0.5774348855308864,-5.175161321535488,4.020291550473716,-0.34820422535211265,-0.3335,True,Qwen2.5-0.5B-Instruct|s1
RedHatAI/Qwen2.5-0.5B-Instruct-quantized.w8a8,qwen2.5,Qwen2.5-0.5B-Instruct,w8a8_int,bbh,32.79,-0.28,-1.1146903633927479,-2.457913866397992,0.2285331396124961,-0.34820422535211265,-0.9459090909090908,True,Qwen2.5-0.5B-Instruct|s1
RedHatAI/Qwen2.5-0.5B-Instruct-quantized.w8a8,qwen2.5,Qwen2.5-0.5B-Instruct,w8a8_int,gpqa,25.67,0.45,-0.23955874752421386,-5.004312575372356,4.525195080323928,-0.34820422535211265,-0.007499999999999993,True,Qwen2.5-0.5B-Instruct|s1
RedHatAI/Qwen2.5-0.5B-Instruct-quantized.w8a8,qwen2.5,Qwen2.5-0.5B-Instruct,w8a8_int,musr,33.02,-0.27,-0.13196462274078116,-4.080942331221934,3.8170130857403715,-0.34820422535211265,0.04583333333333334,True,Qwen2.5-0.5B-Instruct|s1
RedHatAI/Qwen2.5-0.5B-Instruct-quantized.w8a8,qwen2.5,Qwen2.5-0.5B-Instruct,w8a8_int,mmlu,46.83,-0.54,-0.8254740922886612,-1.5126778235493221,-0.1382703610280004,-0.39893220338983054,-0.5298630136986301,True,Qwen2.5-0.5B-Instruct|s2
RedHatAI/Qwen2.5-0.5B-Instruct-quantized.w8a8,qwen2.5,Qwen2.5-0.5B-Instruct,w8a8_int,arc_challenge,33.62,-0.26,-0.8225713472713695,-3.07451882348278,1.4293761289400413,-0.39893220338983054,-0.47405405405405404,True,Qwen2.5-0.5B-Instruct|s2
RedHatAI/Qwen2.5-0.5B-Instruct-quantized.w8a8,qwen2.5,Qwen2.5-0.5B-Instruct,w8a8_int,gsm8k,33.21,0.0,-0.9417402991162213,-3.0580164899939826,1.1745358917615398,-0.39893220338983054,-0.6271232876712329,True,Qwen2.5-0.5B-Instruct|s2
RedHatAI/Qwen2.5-0.5B-Instruct-quantized.w8a8,qwen2.5,Qwen2.5-0.5B-Instruct,w8a8_int,hellaswag,51.31,-0.34,-0.5411532540366406,-1.3551363205870284,0.27282981251374716,-0.39893220338983054,-0.2156,True,Qwen2.5-0.5B-Instruct|s2
RedHatAI/Qwen2.5-0.5B-Instruct-quantized.w8a8,qwen2.5,Qwen2.5-0.5B-Instruct,w8a8_int,winogrande,55.01,0.0,-0.5020275456795396,-2.782868990146233,1.7788138987871538,-0.39893220338983054,-0.20534246575342466,True,Qwen2.5-0.5B-Instruct|s2
RedHatAI/Qwen2.5-0.5B-Instruct-quantized.w8a8,qwen2.5,Qwen2.5-0.5B-Instruct,w8a8_int,truthfulqa,41.85,-0.38,-0.4657133517847125,-3.2822547995090656,2.3508280959396406,-0.39893220338983054,-0.14027777777777778,True,Qwen2.5-0.5B-Instruct|s2
RedHatAI/Qwen2.5-0.5B-Instruct-quantized.w8a8,qwen2.5,Qwen2.5-0.5B-Instruct,w8a8_int,ifeval,31.17,0.87,-0.6016917092145074,-3.8515411210066697,2.648157702577655,-0.39893220338983054,-0.2631818181818182,True,Qwen2.5-0.5B-Instruct|s2
RedHatAI/Qwen2.5-0.5B-Instruct-quantized.w8a8,qwen2.5,Qwen2.5-0.5B-Instruct,w8a8_int,bbh,32.79,-0.28,-1.0574028945677338,-2.006844791972225,-0.10796099716324237,-0.39893220338983054,-0.8345833333333333,True,Qwen2.5-0.5B-Instruct|s2
RedHatAI/Qwen2.5-0.5B-Instruct-quantized.w8a8,qwen2.5,Qwen2.5-0.5B-Instruct,w8a8_int,gpqa,25.67,0.45,-0.2659542116174729,-3.633864991064125,3.1019565678291796,-0.39893220338983054,0.02842105263157896,True,Qwen2.5-0.5B-Instruct|s2
RedHatAI/Qwen2.5-0.5B-Instruct-quantized.w8a8,qwen2.5,Qwen2.5-0.5B-Instruct,w8a8_int,musr,33.02,-0.27,0.012662743528385367,-2.778626181925854,2.8039516689826245,-0.39893220338983054,0.21538461538461537,True,Qwen2.5-0.5B-Instruct|s2
RedHatAI/Qwen2.5-0.5B-Instruct-quantized.w8a8,qwen2.5,Qwen2.5-0.5B-Instruct,w8a8_int,mmlu,46.83,-0.54,-0.5755107389986209,-1.6190048585080783,0.46798338051083643,-0.34958855098389985,-0.3804347826086957,True,Qwen2.5-0.5B-Instruct|s3
RedHatAI/Qwen2.5-0.5B-Instruct-quantized.w8a8,qwen2.5,Qwen2.5-0.5B-Instruct,w8a8_int,arc_challenge,33.62,-0.26,-0.515751352317295,-3.935252501648862,2.903749797014272,-0.34958855098389985,-0.30058823529411766,True,Qwen2.5-0.5B-Instruct|s3
RedHatAI/Qwen2.5-0.5B-Instruct-quantized.w8a8,qwen2.5,Qwen2.5-0.5B-Instruct,w8a8_int,gsm8k,33.21,0.0,-0.8508412037909591,-4.064330391906538,2.36264798432462,-0.34958855098389985,-0.6826470588235294,True,Qwen2.5-0.5B-Instruct|s3
RedHatAI/Qwen2.5-0.5B-Instruct-quantized.w8a8,qwen2.5,Qwen2.5-0.5B-Instruct,w8a8_int,hellaswag,51.31,-0.34,-0.4733011133530897,-1.709305088138592,0.7627028614324125,-0.34958855098389985,-0.23944444444444446,True,Qwen2.5-0.5B-Instruct|s3
RedHatAI/Qwen2.5-0.5B-Instruct-quantized.w8a8,qwen2.5,Qwen2.5-0.5B-Instruct,w8a8_int,winogrande,55.01,0.0,-0.4500950095688879,-3.9134706092157487,3.0132805900779727,-0.34958855098389985,-0.24788732394366195,True,Qwen2.5-0.5B-Instruct|s3
RedHatAI/Qwen2.5-0.5B-Instruct-quantized.w8a8,qwen2.5,Qwen2.5-0.5B-Instruct,w8a8_int,truthfulqa,41.85,-0.38,-0.36422012249385155,-4.6410368863717215,3.912596641384018,-0.34958855098389985,-0.194,True,Qwen2.5-0.5B-Instruct|s3
RedHatAI/Qwen2.5-0.5B-Instruct-quantized.w8a8,qwen2.5,Qwen2.5-0.5B-Instruct,w8a8_int,ifeval,31.17,0.87,-0.6987275583456865,-5.633506862112428,4.2360517454210544,-0.34958855098389985,-0.4688235294117647,True,Qwen2.5-0.5B-Instruct|s3
RedHatAI/Qwen2.5-0.5B-Instruct-quantized.w8a8,qwen2.5,Qwen2.5-0.5B-Instruct,w8a8_int,bbh,32.79,-0.28,-0.8698286774572977,-2.3115220089821458,0.5718646540675502,-0.34958855098389985,-0.7777777777777778,True,Qwen2.5-0.5B-Instruct|s3
RedHatAI/Qwen2.5-0.5B-Instruct-quantized.w8a8,qwen2.5,Qwen2.5-0.5B-Instruct,w8a8_int,gpqa,25.67,0.45,0.3884637367495646,-4.725587502375711,5.502514975874839,-0.34958855098389985,0.5924999999999999,True,Qwen2.5-0.5B-Instruct|s3
RedHatAI/Qwen2.5-0.5B-Instruct-quantized.w8a8,qwen2.5,Qwen2.5-0.5B-Instruct,w8a8_int,musr,33.02,-0.27,0.024131908179026218,-4.21433980998248,4.262603626340532,-0.34958855098389985,0.09714285714285717,True,Qwen2.5-0.5B-Instruct|s3
RedHatAI/Qwen2.5-0.5B-Instruct-quantized.w8a8,qwen2.5,Qwen2.5-0.5B-Instruct,w8a8_int,mmlu,46.83,-0.54,-0.6259214871131202,-1.58769809592028,0.3358551216940395,-0.350061099796334,-0.43203125,True,Qwen2.5-0.5B-Instruct|s4
RedHatAI/Qwen2.5-0.5B-Instruct-quantized.w8a8,qwen2.5,Qwen2.5-0.5B-Instruct,w8a8_int,arc_challenge,33.62,-0.26,-0.6509336891194759,-3.8026488331993966,2.500781454960445,-0.350061099796334,-0.3578125,True,Qwen2.5-0.5B-Instruct|s4
RedHatAI/Qwen2.5-0.5B-Instruct-quantized.w8a8,qwen2.5,Qwen2.5-0.5B-Instruct,w8a8_int,gsm8k,33.21,0.0,-0.714304032916375,-3.6761403058770528,2.2475322400443023,-0.350061099796334,-0.4966153846153846,True,Qwen2.5-0.5B-Instruct|s4
RedHatAI/Qwen2.5-0.5B-Instruct-quantized.w8a8,qwen2.5,Qwen2.5-0.5B-Instruct,w8a8_int,hellaswag,51.31,-0.34,-0.34928252768806534,-1.488493270821148,0.7899282154450173,-0.350061099796334,-0.17621212121212124,True,Qwen2.5-0.5B-Instruct|s4
RedHatAI/Qwen2.5-0.5B-Instruct-quantized.w8a8,qwen2.5,Qwen2.5-0.5B-Instruct,w8a8_int,winogrande,55.01,0.0,-0.34764297224692375,-3.539796695949467,2.844510751455619,-0.350061099796334,-0.18203125,True,Qwen2.5-0.5B-Instruct|s4
RedHatAI/Qwen2.5-0.5B-Instruct-quantized.w8a8,qwen2.5,Qwen2.5-0.5B-Instruct,w8a8_int,truthfulqa,41.85,-0.38,-0.4990449351554085,-4.440938086968986,3.4428482166581684,-0.350061099796334,-0.22365079365079366,True,Qwen2.5-0.5B-Instruct|s4
RedHatAI/Qwen2.5-0.5B-Instruct-quantized.w8a8,qwen2.5,Qwen2.5-0.5B-Instruct,w8a8_int,ifeval,31.17,0.87,-0.3713982007543137,-4.919727908850496,4.176931507341869,-0.350061099796334,-0.12333333333333331,True,Qwen2.5-0.5B-Instruct|s4
RedHatAI/Qwen2.5-0.5B-Instruct-quantized.w8a8,qwen2.5,Qwen2.5-0.5B-Instruct,w8a8_int,bbh,32.79,-0.28,-1.307733351169426,-2.6365256245611475,0.02105892222229544,-0.350061099796334,-1.1047058823529412,True,Qwen2.5-0.5B-Instruct|s4
RedHatAI/Qwen2.5-0.5B-Instruct-quantized.w8a8,qwen2.5,Qwen2.5-0.5B-Instruct,w8a8_int,gpqa,25.67,0.45,-0.1996084291495805,-4.913171032017111,4.51395417371795,-0.350061099796334,0.1925,True,Qwen2.5-0.5B-Instruct|s4
RedHatAI/Qwen2.5-0.5B-Instruct-quantized.w8a8,qwen2.5,Qwen2.5-0.5B-Instruct,w8a8_int,musr,33.02,-0.27,-0.2606300308734263,-4.167180992113877,3.6459209303670246,-0.350061099796334,-0.013750000000000012,True,Qwen2.5-0.5B-Instruct|s4
RedHatAI/Qwen2.5-1.5B-FP8-dynamic,qwen2.5,Qwen2.5-1.5B,fp8_dynamic,mmlu,60.98,-0.73,-0.27886837342338,-1.271414678510129,0.7136779316633689,-0.3326642335766424,-0.44029850746268656,True,Qwen2.5-1.5B|s0
RedHatAI/Qwen2.5-1.5B-FP8-dynamic,qwen2.5,Qwen2.5-1.5B,fp8_dynamic,arc_challenge,49.66,-0.34,-0.21541710469340686,-3.736887779605217,3.3060535702184035,-0.3326642335766424,-0.38742424242424245,True,Qwen2.5-1.5B|s0
RedHatAI/Qwen2.5-1.5B-FP8-dynamic,qwen2.5,Qwen2.5-1.5B,fp8_dynamic,gsm8k,60.96,-0.84,-0.368317039455622,-3.607107896900853,2.870473817989609,-0.3326642335766424,-0.5456923076923077,True,Qwen2.5-1.5B|s0
RedHatAI/Qwen2.5-1.5B-FP8-dynamic,qwen2.5,Qwen2.5-1.5B,fp8_dynamic,hellaswag,67.65,-0.16,-0.14743112551647913,-1.2730434853113262,0.978181234278368,-0.3326642335766424,-0.2705797101449275,True,Qwen2.5-1.5B|s0
RedHatAI/Qwen2.5-1.5B-FP8-dynamic,qwen2.5,Qwen2.5-1.5B,fp8_dynamic,winogrande,65.04,0.94,-0.05105092465849387,-3.281148112038621,3.1790462627216334,-0.3326642335766424,-0.18029411764705883,True,Qwen2.5-1.5B|s0
RedHatAI/Qwen2.5-1.5B-FP8-dynamic,qwen2.5,Qwen2.5-1.5B,fp8_dynamic,truthfulqa,46.57,-0.49,-0.029417023398122966,-4.237289760749358,4.178455713953112,-0.3326642335766424,-0.19484848484848483,True,Qwen2.5-1.5B|s0
RedHatAI/Qwen2.5-1.5B-quantized.w4a16,qwen2.5,Qwen2.5-1.5B,w4a16,mmlu,60.98,-2.05,-0.7833375417825104,-1.7758838468692593,0.20920876330423854,-0.3326642335766424,-0.44029850746268656,False,Qwen2.5-1.5B|s0
RedHatAI/Qwen2.5-1.5B-quantized.w4a16,qwen2.5,Qwen2.5-1.5B,w4a16,arc_challenge,49.66,-1.96,-0.719886273052537,-4.241356947964348,2.801584401859273,-0.3326642335766424,-0.38742424242424245,True,Qwen2.5-1.5B|s0
RedHatAI/Qwen2.5-1.5B-quantized.w4a16,qwen2.5,Qwen2.5-1.5B,w4a16,gsm8k,60.96,-4.25,-0.8727862078147521,-4.111577065259983,2.366004649630479,-0.3326642335766424,-0.5456923076923077,False,Qwen2.5-1.5B|s0
RedHatAI/Qwen2.5-1.5B-quantized.w4a16,qwen2.5,Qwen2.5-1.5B,w4a16,hellaswag,67.65,-0.86,-0.6519002938756093,-1.7775126536704564,0.47371206591923776,-0.3326642335766424,-0.2705797101449275,True,Qwen2.5-1.5B|s0
RedHatAI/Qwen2.5-1.5B-quantized.w4a16,qwen2.5,Qwen2.5-1.5B,w4a16,winogrande,65.04,0.47,-0.5555200930176242,-3.7856172803977515,2.674577094362503,-0.3326642335766424,-0.18029411764705883,True,Qwen2.5-1.5B|s0
RedHatAI/Qwen2.5-1.5B-quantized.w4a16,qwen2.5,Qwen2.5-1.5B,w4a16,truthfulqa,46.57,-2.08,-0.5338861917572533,-4.741758929108489,3.6739865455939817,-0.3326642335766424,-0.19484848484848483,True,Qwen2.5-1.5B|s0
RedHatAI/Qwen2.5-1.5B-quantized.w8a16,qwen2.5,Qwen2.5-1.5B,w8a16,mmlu,60.98,0.02,-0.17969610711161893,-1.172242412198368,0.8128501979751299,-0.3326642335766424,-0.44029850746268656,True,Qwen2.5-1.5B|s0
RedHatAI/Qwen2.5-1.5B-quantized.w8a16,qwen2.5,Qwen2.5-1.5B,w8a16,arc_challenge,49.66,0.68,-0.11624483838164576,-3.637715513293456,3.4052258365301644,-0.3326642335766424,-0.38742424242424245,True,Qwen2.5-1.5B|s0
RedHatAI/Qwen2.5-1.5B-quantized.w8a16,qwen2.5,Qwen2.5-1.5B,w8a16,gsm8k,60.96,0.22,-0.26914477314386087,-3.507935630589092,2.9696460843013703,-0.3326642335766424,-0.5456923076923077,True,Qwen2.5-1.5B|s0
RedHatAI/Qwen2.5-1.5B-quantized.w8a16,qwen2.5,Qwen2.5-1.5B,w8a16,hellaswag,67.65,-0.01,-0.04825885920471801,-1.173871218999565,1.0773535005901291,-0.3326642335766424,-0.2705797101449275,True,Qwen2.5-1.5B|s0
RedHatAI/Qwen2.5-1.5B-quantized.w8a16,qwen2.5,Qwen2.5-1.5B,w8a16,winogrande,65.04,0.07,0.04812134165326726,-3.18197584572686,3.2782185290333943,-0.3326642335766424,-0.18029411764705883,True,Qwen2.5-1.5B|s0
RedHatAI/Qwen2.5-1.5B-quantized.w8a16,qwen2.5,Qwen2.5-1.5B,w8a16,truthfulqa,46.57,0.0,0.0697552429136381,-4.138117494437597,4.277627980264874,-0.3326642335766424,-0.19484848484848483,True,Qwen2.5-1.5B|s0
RedHatAI/Qwen2.5-1.5B-quantized.w8a8,qwen2.5,Qwen2.5-1.5B,w8a8_int,mmlu,60.98,-0.63,-0.5723390436372373,-1.5648853487239862,0.4202072614495116,-0.3326642335766424,-0.44029850746268656,True,Qwen2.5-1.5B|s0
RedHatAI/Qwen2.5-1.5B-quantized.w8a8,qwen2.5,Qwen2.5-1.5B,w8a8_int,arc_challenge,49.66,0.0,-0.5088877749072641,-4.030358449819074,3.012582900004546,-0.3326642335766424,-0.38742424242424245,True,Qwen2.5-1.5B|s0
RedHatAI/Qwen2.5-1.5B-quantized.w8a8,qwen2.5,Qwen2.5-1.5B,w8a8_int,gsm8k,60.96,-0.84,-0.6617877096694792,-3.90057856711471,2.577003147775752,-0.3326642335766424,-0.5456923076923077,True,Qwen2.5-1.5B|s0
RedHatAI/Qwen2.5-1.5B-quantized.w8a8,qwen2.5,Qwen2.5-1.5B,w8a8_int,hellaswag,67.65,0.07,-0.4409017957303364,-1.5665141555251836,0.6847105640645107,-0.3326642335766424,-0.2705797101449275,True,Qwen2.5-1.5B|s0
RedHatAI/Qwen2.5-1.5B-quantized.w8a8,qwen2.5,Qwen2.5-1.5B,w8a8_int,winogrande,65.04,1.02,-0.3445215948723511,-3.5746187822524784,2.885575592507776,-0.3326642335766424,-0.18029411764705883,True,Qwen2.5-1.5B|s0
RedHatAI/Qwen2.5-1.5B-quantized.w8a8,qwen2.5,Qwen2.5-1.5B,w8a8_int,truthfulqa,46.57,-0.43,-0.3228876936119802,-4.530760430963215,3.8849850437392552,-0.3326642335766424,-0.19484848484848483,True,Qwen2.5-1.5B|s0
RedHatAI/Qwen2.5-1.5B-FP8-dynamic,qwen2.5,Qwen2.5-1.5B,fp8_dynamic,mmlu,60.98,-0.73,-0.1653387436089767,-0.8569570517220502,0.5262795645040967,-0.3290684410646388,-0.49918032786885247,True,Qwen2.5-1.5B|s1
RedHatAI/Qwen2.5-1.5B-FP8-dynamic,qwen2.5,Qwen2.5-1.5B,fp8_dynamic,arc_challenge,49.66,-0.34,-0.0691018039358332,-2.5229052968010297,2.384701688929363,-0.3290684410646388,-0.38606557377049183,True,Qwen2.5-1.5B|s1
RedHatAI/Qwen2.5-1.5B-FP8-dynamic,qwen2.5,Qwen2.5-1.5B,fp8_dynamic,gsm8k,60.96,-0.84,-0.07040010122090451,-2.3272288674743677,2.186428665032559,-0.3290684410646388,-0.4105,True,Qwen2.5-1.5B|s1
RedHatAI/Qwen2.5-1.5B-FP8-dynamic,qwen2.5,Qwen2.5-1.5B,fp8_dynamic,hellaswag,67.65,-0.16,0.007171334041280564,-0.7771690155048653,0.7915116835874264,-0.3290684410646388,-0.29174603174603175,True,Qwen2.5-1.5B|s1
RedHatAI/Qwen2.5-1.5B-FP8-dynamic,qwen2.5,Qwen2.5-1.5B,fp8_dynamic,winogrande,65.04,0.94,0.09819375343781028,-2.1525771580325506,2.348964664908171,-0.3290684410646388,-0.1980327868852459,True,Qwen2.5-1.5B|s1
RedHatAI/Qwen2.5-1.5B-FP8-dynamic,qwen2.5,Qwen2.5-1.5B,fp8_dynamic,truthfulqa,46.57,-0.49,0.1416064502062499,-2.790490327996589,3.073703228409089,-0.3290684410646388,-0.16206349206349208,True,Qwen2.5-1.5B|s1
RedHatAI/Qwen2.5-1.5B-quantized.w4a16,qwen2.5,Qwen2.5-1.5B,w4a16,mmlu,60.98,-2.05,-0.9414952210201701,-1.6331135291332437,-0.24987691290709668,-0.3290684410646388,-0.49918032786885247,False,Qwen2.5-1.5B|s1
RedHatAI/Qwen2.5-1.5B-quantized.w4a16,qwen2.5,Qwen2.5-1.5B,w4a16,arc_challenge,49.66,-1.96,-0.8452582813470267,-3.2990617742122232,1.6085452115181695,-0.3290684410646388,-0.38606557377049183,True,Qwen2.5-1.5B|s1
RedHatAI/Qwen2.5-1.5B-quantized.w4a16,qwen2.5,Qwen2.5-1.5B,w4a16,gsm8k,60.96,-4.25,-0.8465565786320981,-3.1033853448855613,1.4102721876213653,-0.3290684410646388,-0.4105,False,Qwen2.5-1.5B|s1
RedHatAI/Qwen2.5-1.5B-quantized.w4a16,qwen2.5,Qwen2.5-1.5B,w4a16,hellaswag,67.65,-0.86,-0.7689851433699131,-1.553325492916059,0.01535520617623276,-0.3290684410646388,-0.29174603174603175,True,Qwen2.5-1.5B|s1
RedHatAI/Qwen2.5-1.5B-quantized.w4a16,qwen2.5,Qwen2.5-1.5B,w4a16,winogrande,65.04,0.47,-0.6779627239733834,-2.928733635443744,1.5728081874969773,-0.3290684410646388,-0.1980327868852459,True,Qwen2.5-1.5B|s1
RedHatAI/Qwen2.5-1.5B-quantized.w4a16,qwen2.5,Qwen2.5-1.5B,w4a16,truthfulqa,46.57,-2.08,-0.6345500272049436,-3.5666468054077827,2.2975467509978955,-0.3290684410646388,-0.16206349206349208,True,Qwen2.5-1.5B|s1
RedHatAI/Qwen2.5-1.5B-quantized.w8a16,qwen2.5,Qwen2.5-1.5B,w8a16,mmlu,60.98,0.02,-0.3447614634301528,-1.0363797715432264,0.34685684468292066,-0.3290684410646388,-0.49918032786885247,True,Qwen2.5-1.5B|s1
RedHatAI/Qwen2.5-1.5B-quantized.w8a16,qwen2.5,Qwen2.5-1.5B,w8a16,arc_challenge,49.66,0.68,-0.24852452375700926,-2.7023280166222055,2.2052789691081873,-0.3290684410646388,-0.38606557377049183,True,Qwen2.5-1.5B|s1
RedHatAI/Qwen2.5-1.5B-quantized.w8a16,qwen2.5,Qwen2.5-1.5B,w8a16,gsm8k,60.96,0.22,-0.2498228210420806,-2.506651587295544,2.007005945211383,-0.3290684410646388,-0.4105,True,Qwen2.5-1.5B|s1
RedHatAI/Qwen2.5-1.5B-quantized.w8a16,qwen2.5,Qwen2.5-1.5B,w8a16,hellaswag,67.65,-0.01,-0.17225138577989557,-0.9565917353260414,0.6120889637662503,-0.3290684410646388,-0.29174603174603175,True,Qwen2.5-1.5B|s1
RedHatAI/Qwen2.5-1.5B-quantized.w8a16,qwen2.5,Qwen2.5-1.5B,w8a16,winogrande,65.04,0.07,-0.08122896638336591,-2.3319998778537268,2.1695419450869946,-0.3290684410646388,-0.1980327868852459,True,Qwen2.5-1.5B|s1
RedHatAI/Qwen2.5-1.5B-quantized.w8a16,qwen2.5,Qwen2.5-1.5B,w8a16,truthfulqa,46.57,0.0,-0.037816269614926123,-2.9699130478177653,2.894280508587913,-0.3290684410646388,-0.16206349206349208,True,Qwen2.5-1.5B|s1
RedHatAI/Qwen2.5-1.5B-quantized.w8a8,qwen2.5,Qwen2.5-1.5B,w8a8_int,mmlu,60.98,-0.63,-0.4985915570550804,-1.1902098651681539,0.19302675105799305,-0.3290684410646388,-0.49918032786885247,True,Qwen2.5-1.5B|s1
RedHatAI/Qwen2.5-1.5B-quantized.w8a8,qwen2.5,Qwen2.5-1.5B,w8a8_int,arc_challenge,49.66,0.0,-0.40235461738193684,-2.8561581102471334,2.0514488754832594,-0.3290684410646388,-0.38606557377049183,True,Qwen2.5-1.5B|s1
RedHatAI/Qwen2.5-1.5B-quantized.w8a8,qwen2.5,Qwen2.5-1.5B,w8a8_int,gsm8k,60.96,-0.84,-0.40365291466700826,-2.660481680920472,1.8531758515864551,-0.3290684410646388,-0.4105,True,Qwen2.5-1.5B|s1
RedHatAI/Qwen2.5-1.5B-quantized.w8a8,qwen2.5,Qwen2.5-1.5B,w8a8_int,hellaswag,67.65,0.07,-0.3260814794048231,-1.1104218289509689,0.4582588701413227,-0.3290684410646388,-0.29174603174603175,True,Qwen2.5-1.5B|s1
RedHatAI/Qwen2.5-1.5B-quantized.w8a8,qwen2.5,Qwen2.5-1.5B,w8a8_int,winogrande,65.04,1.02,-0.2350590600082935,-2.4858299714786543,2.015711851462067,-0.3290684410646388,-0.1980327868852459,True,Qwen2.5-1.5B|s1
RedHatAI/Qwen2.5-1.5B-quantized.w8a8,qwen2.5,Qwen2.5-1.5B,w8a8_int,truthfulqa,46.57,-0.43,-0.19164636323985368,-3.123743141442693,2.7404504149629854,-0.3290684410646388,-0.16206349206349208,True,Qwen2.5-1.5B|s1
RedHatAI/Qwen2.5-1.5B-FP8-dynamic,qwen2.5,Qwen2.5-1.5B,fp8_dynamic,mmlu,60.98,-0.73,-0.20671720172162816,-0.7881842290999792,0.3747498256567228,-0.3661702127659574,-0.4991176470588235,True,Qwen2.5-1.5B|s2
RedHatAI/Qwen2.5-1.5B-FP8-dynamic,qwen2.5,Qwen2.5-1.5B,fp8_dynamic,arc_challenge,49.66,-0.34,-0.08794519248898647,-2.150941220832513,1.9750508358545402,-0.3661702127659574,-0.3663235294117647,True,Qwen2.5-1.5B|s2
RedHatAI/Qwen2.5-1.5B-FP8-dynamic,qwen2.5,Qwen2.5-1.5B,fp8_dynamic,gsm8k,60.96,-0.84,-0.3406782501060145,-2.23807092843981,1.5567144282277807,-0.3661702127659574,-0.7286567164179104,True,Qwen2.5-1.5B|s2
RedHatAI/Qwen2.5-1.5B-FP8-dynamic,qwen2.5,Qwen2.5-1.5B,fp8_dynamic,hellaswag,67.65,-0.16,0.03442812975073234,-0.6249934705070375,0.693849730008502,-0.3661702127659574,-0.23642857142857143,True,Qwen2.5-1.5B|s2
RedHatAI/Qwen2.5-1.5B-FP8-dynamic,qwen2.5,Qwen2.5-1.5B,fp8_dynamic,winogrande,65.04,0.94,0.08877495563191551,-1.8035246782123109,1.981074589476142,-0.3661702127659574,-0.195,True,Qwen2.5-1.5B|s2
RedHatAI/Qwen2.5-1.5B-FP8-dynamic,qwen2.5,Qwen2.5-1.5B,fp8_dynamic,truthfulqa,46.57,-0.49,0.10428931070729736,-2.3608241450928142,2.569402766507409,-0.3661702127659574,-0.14573529411764707,True,Qwen2.5-1.5B|s2
RedHatAI/Qwen2.5-1.5B-quantized.w4a16,qwen2.5,Qwen2.5-1.5B,w4a16,mmlu,60.98,-2.05,-0.9644995309554973,-1.5459665583338484,-0.38303250357714635,-0.3661702127659574,-0.4991176470588235,False,Qwen2.5-1.5B|s2
RedHatAI/Qwen2.5-1.5B-quantized.w4a16,qwen2.5,Qwen2.5-1.5B,w4a16,arc_challenge,49.66,-1.96,-0.8457275217228556,-2.9087235500663824,1.217268506620671,-0.3661702127659574,-0.3663235294117647,True,Qwen2.5-1.5B|s2
RedHatAI/Qwen2.5-1.5B-quantized.w4a16,qwen2.5,Qwen2.5-1.5B,w4a16,gsm8k,60.96,-4.25,-1.0984605793398836,-2.995853257673679,0.7989320989939117,-0.3661702127659574,-0.7286567164179104,False,Qwen2.5-1.5B|s2
RedHatAI/Qwen2.5-1.5B-quantized.w4a16,qwen2.5,Qwen2.5-1.5B,w4a16,hellaswag,67.65,-0.86,-0.7233541994831367,-1.3827757997409065,-0.06393259922536698,-0.3661702127659574,-0.23642857142857143,True,Qwen2.5-1.5B|s2
RedHatAI/Qwen2.5-1.5B-quantized.w4a16,qwen2.5,Qwen2.5-1.5B,w4a16,winogrande,65.04,0.47,-0.6690073736019535,-2.56130700744618,1.2232922602422729,-0.3661702127659574,-0.195,True,Qwen2.5-1.5B|s2
RedHatAI/Qwen2.5-1.5B-quantized.w4a16,qwen2.5,Qwen2.5-1.5B,w4a16,truthfulqa,46.57,-2.08,-0.6534930185265718,-3.1186064743266835,1.8116204372735396,-0.3661702127659574,-0.14573529411764707,True,Qwen2.5-1.5B|s2
RedHatAI/Qwen2.5-1.5B-quantized.w8a16,qwen2.5,Qwen2.5-1.5B,w8a16,mmlu,60.98,0.02,-0.25801535030343903,-0.83948237768179,0.32345167707491196,-0.3661702127659574,-0.4991176470588235,True,Qwen2.5-1.5B|s2
RedHatAI/Qwen2.5-1.5B-quantized.w8a16,qwen2.5,Qwen2.5-1.5B,w8a16,arc_challenge,49.66,0.68,-0.13924334107079744,-2.202239369414324,1.9237526872727293,-0.3661702127659574,-0.3663235294117647,True,Qwen2.5-1.5B|s2
RedHatAI/Qwen2.5-1.5B-quantized.w8a16,qwen2.5,Qwen2.5-1.5B,w8a16,gsm8k,60.96,0.22,-0.3919763986878254,-2.289369077021621,1.5054162796459698,-0.3661702127659574,-0.7286567164179104,True,Qwen2.5-1.5B|s2
RedHatAI/Qwen2.5-1.5B-quantized.w8a16,qwen2.5,Qwen2.5-1.5B,w8a16,hellaswag,67.65,-0.01,-0.01687001883107858,-0.6762916190888484,0.6425515814266911,-0.3661702127659574,-0.23642857142857143,True,Qwen2.5-1.5B|s2
RedHatAI/Qwen2.5-1.5B-quantized.w8a16,qwen2.5,Qwen2.5-1.5B,w8a16,winogrande,65.04,0.07,0.03747680705010459,-1.8548228267941218,1.929776440894331,-0.3661702127659574,-0.195,True,Qwen2.5-1.5B|s2
RedHatAI/Qwen2.5-1.5B-quantized.w8a16,qwen2.5,Qwen2.5-1.5B,w8a16,truthfulqa,46.57,0.0,0.05299116212548638,-2.412122293674625,2.518104617925598,-0.3661702127659574,-0.14573529411764707,True,Qwen2.5-1.5B|s2
RedHatAI/Qwen2.5-1.5B-quantized.w8a8,qwen2.5,Qwen2.5-1.5B,w8a8_int,mmlu,60.98,-0.63,-0.763258646059185,-1.344725673437536,-0.18179161868083404,-0.3661702127659574,-0.4991176470588235,True,Qwen2.5-1.5B|s2
RedHatAI/Qwen2.5-1.5B-quantized.w8a8,qwen2.5,Qwen2.5-1.5B,w8a8_int,arc_challenge,49.66,0.0,-0.6444866368265434,-2.70748266517007,1.4185093915169833,-0.3661702127659574,-0.3663235294117647,True,Qwen2.5-1.5B|s2
RedHatAI/Qwen2.5-1.5B-quantized.w8a8,qwen2.5,Qwen2.5-1.5B,w8a8_int,gsm8k,60.96,-0.84,-0.8972196944435715,-2.794612372777367,1.0001729838902238,-0.3661702127659574,-0.7286567164179104,True,Qwen2.5-1.5B|s2
RedHatAI/Qwen2.5-1.5B-quantized.w8a8,qwen2.5,Qwen2.5-1.5B,w8a8_int,hellaswag,67.65,0.07,-0.5221133145868245,-1.1815349148445944,0.13730828567094522,-0.3661702127659574,-0.23642857142857143,True,Qwen2.5-1.5B|s2
RedHatAI/Qwen2.5-1.5B-quantized.w8a8,qwen2.5,Qwen2.5-1.5B,w8a8_int,winogrande,65.04,1.02,-0.4677664887056413,-2.360066122549868,1.424533145138585,-0.3661702127659574,-0.195,True,Qwen2.5-1.5B|s2
RedHatAI/Qwen2.5-1.5B-quantized.w8a8,qwen2.5,Qwen2.5-1.5B,w8a8_int,truthfulqa,46.57,-0.43,-0.45225213363025957,-2.917365589430371,2.012861322169852,-0.3661702127659574,-0.14573529411764707,True,Qwen2.5-1.5B|s2
RedHatAI/Qwen2.5-1.5B-FP8-dynamic,qwen2.5,Qwen2.5-1.5B,fp8_dynamic,mmlu,60.98,-0.73,-0.27130748833023577,-0.9771707211134648,0.4345557444529933,-0.39130841121495324,-0.4457971014492753,True,Qwen2.5-1.5B|s3
RedHatAI/Qwen2.5-1.5B-FP8-dynamic,qwen2.5,Qwen2.5-1.5B,fp8_dynamic,arc_challenge,49.66,-0.34,-0.283585578289418,-2.78792886384257,2.2207577072637337,-0.39130841121495324,-0.4187878787878788,True,Qwen2.5-1.5B|s3
RedHatAI/Qwen2.5-1.5B-FP8-dynamic,qwen2.5,Qwen2.5-1.5B,fp8_dynamic,gsm8k,60.96,-0.84,-0.40811121631053027,-2.7114227829635817,1.8952003503425212,-0.39130841121495324,-0.608358208955224,True,Qwen2.5-1.5B|s3
RedHatAI/Qwen2.5-1.5B-FP8-dynamic,qwen2.5,Qwen2.5-1.5B,fp8_dynamic,hellaswag,67.65,-0.16,-0.1464574694521683,-0.946952494292453,0.6540375553881164,-0.39130841121495324,-0.2785714285714286,True,Qwen2.5-1.5B|s3
RedHatAI/Qwen2.5-1.5B-FP8-dynamic,qwen2.5,Qwen2.5-1.5B,fp8_dynamic,winogrande,65.04,0.94,-0.21082044786976528,-2.5079493890619635,2.086308493322433,-0.39130841121495324,-0.3627536231884058,True,Qwen2.5-1.5B|s3
RedHatAI/Qwen2.5-1.5B-FP8-dynamic,qwen2.5,Qwen2.5-1.5B,fp8_dynamic,truthfulqa,46.57,-0.49,-0.002891454360176904,-2.995379198564276,2.989596289843922,-0.39130841121495324,-0.15671641791044777,True,Qwen2.5-1.5B|s3
RedHatAI/Qwen2.5-1.5B-quantized.w4a16,qwen2.5,Qwen2.5-1.5B,w4a16,mmlu,60.98,-2.05,-1.1009806267114934,-1.8068438594947225,-0.3951173939282644,-0.39130841121495324,-0.4457971014492753,False,Qwen2.5-1.5B|s3
RedHatAI/Qwen2.5-1.5B-quantized.w4a16,qwen2.5,Qwen2.5-1.5B,w4a16,arc_challenge,49.66,-1.96,-1.1132587166706758,-3.6176020022238276,1.391084568882476,-0.39130841121495324,-0.4187878787878788,True,Qwen2.5-1.5B|s3
RedHatAI/Qwen2.5-1.5B-quantized.w4a16,qwen2.5,Qwen2.5-1.5B,w4a16,gsm8k,60.96,-4.25,-1.2377843546917877,-3.541095921344839,1.0655272119612638,-0.39130841121495324,-0.608358208955224,False,Qwen2.5-1.5B|s3
RedHatAI/Qwen2.5-1.5B-quantized.w4a16,qwen2.5,Qwen2.5-1.5B,w4a16,hellaswag,67.65,-0.86,-0.9761306078334258,-1.7766256326737104,-0.17563558299314108,-0.39130841121495324,-0.2785714285714286,True,Qwen2.5-1.5B|s3
RedHatAI/Qwen2.5-1.5B-quantized.w4a16,qwen2.5,Qwen2.5-1.5B,w4a16,winogrande,65.04,0.47,-1.0404935862510227,-3.337622527443221,1.2566353549411755,-0.39130841121495324,-0.3627536231884058,True,Qwen2.5-1.5B|s3
RedHatAI/Qwen2.5-1.5B-quantized.w4a16,qwen2.5,Qwen2.5-1.5B,w4a16,truthfulqa,46.57,-2.08,-0.8325645927414347,-3.8250523369455336,2.1599231514626642,-0.39130841121495324,-0.15671641791044777,True,Qwen2.5-1.5B|s3
RedHatAI/Qwen2.5-1.5B-quantized.w8a16,qwen2.5,Qwen2.5-1.5B,w8a16,mmlu,60.98,0.02,-0.13595977794184683,-0.8418230107250759,0.5699034548413822,-0.39130841121495324,-0.4457971014492753,True,Qwen2.5-1.5B|s3
RedHatAI/Qwen2.5-1.5B-quantized.w8a16,qwen2.5,Qwen2.5-1.5B,w8a16,arc_challenge,49.66,0.68,-0.14823786790102902,-2.652581153454181,2.3561054176521226,-0.39130841121495324,-0.4187878787878788,True,Qwen2.5-1.5B|s3
RedHatAI/Qwen2.5-1.5B-quantized.w8a16,qwen2.5,Qwen2.5-1.5B,w8a16,gsm8k,60.96,0.22,-0.2727635059221413,-2.576075072575193,2.03054806073091,-0.39130841121495324,-0.608358208955224,True,Qwen2.5-1.5B|s3
RedHatAI/Qwen2.5-1.5B-quantized.w8a16,qwen2.5,Qwen2.5-1.5B,w8a16,hellaswag,67.65,-0.01,-0.011109759063779368,-0.8116047839040641,0.7893852657765053,-0.39130841121495324,-0.2785714285714286,True,Qwen2.5-1.5B|s3
RedHatAI/Qwen2.5-1.5B-quantized.w8a16,qwen2.5,Qwen2.5-1.5B,w8a16,winogrande,65.04,0.07,-0.07547273748137634,-2.3726016786735746,2.221656203710822,-0.39130841121495324,-0.3627536231884058,True,Qwen2.5-1.5B|s3
RedHatAI/Qwen2.5-1.5B-quantized.w8a16,qwen2.5,Qwen2.5-1.5B,w8a16,truthfulqa,46.57,0.0,0.13245625602821204,-2.860031488175887,3.124944000232311,-0.39130841121495324,-0.15671641791044777,True,Qwen2.5-1.5B|s3
RedHatAI/Qwen2.5-1.5B-quantized.w8a8,qwen2.5,Qwen2.5-1.5B,w8a8_int,mmlu,60.98,-0.63,-0.5947616553993808,-1.3006248881826097,0.1111015773838483,-0.39130841121495324,-0.4457971014492753,True,Qwen2.5-1.5B|s3
RedHatAI/Qwen2.5-1.5B-quantized.w8a8,qwen2.5,Qwen2.5-1.5B,w8a8_int,arc_challenge,49.66,0.0,-0.607039745358563,-3.111383030911715,1.8973035401945888,-0.39130841121495324,-0.4187878787878788,True,Qwen2.5-1.5B|s3
RedHatAI/Qwen2.5-1.5B-quantized.w8a8,qwen2.5,Qwen2.5-1.5B,w8a8_int,gsm8k,60.96,-0.84,-0.7315653833796751,-3.034876950032727,1.5717461832733763,-0.39130841121495324,-0.608358208955224,True,Qwen2.5-1.5B|s3
RedHatAI/Qwen2.5-1.5B-quantized.w8a8,qwen2.5,Qwen2.5-1.5B,w8a8_int,hellaswag,67.65,0.07,-0.4699116365213133,-1.2704066613615979,0.3305833883189714,-0.39130841121495324,-0.2785714285714286,True,Qwen2.5-1.5B|s3
RedHatAI/Qwen2.5-1.5B-quantized.w8a8,qwen2.5,Qwen2.5-1.5B,w8a8_int,winogrande,65.04,1.02,-0.5342746149389103,-2.8314035561311086,1.7628543262532879,-0.39130841121495324,-0.3627536231884058,True,Qwen2.5-1.5B|s3
RedHatAI/Qwen2.5-1.5B-quantized.w8a8,qwen2.5,Qwen2.5-1.5B,w8a8_int,truthfulqa,46.57,-0.43,-0.32634562142932194,-3.318833365633421,2.666142122774777,-0.39130841121495324,-0.15671641791044777,True,Qwen2.5-1.5B|s3
RedHatAI/Qwen2.5-1.5B-FP8-dynamic,qwen2.5,Qwen2.5-1.5B,fp8_dynamic,mmlu,60.98,-0.73,-0.20372318169889073,-1.3092712579683823,0.9018248945706009,-0.3716753926701571,-0.3930985915492958,True,Qwen2.5-1.5B|s4
RedHatAI/Qwen2.5-1.5B-FP8-dynamic,qwen2.5,Qwen2.5-1.5B,fp8_dynamic,arc_challenge,49.66,-0.34,-0.19736367151406498,-4.11975511092194,3.7250277678938093,-0.3716753926701571,-0.38942857142857146,True,Qwen2.5-1.5B|s4
RedHatAI/Qwen2.5-1.5B-FP8-dynamic,qwen2.5,Qwen2.5-1.5B,fp8_dynamic,gsm8k,60.96,-0.84,-0.5309729743068923,-4.138501392414139,3.0765554438003546,-0.3716753926701571,-0.7711428571428571,True,Qwen2.5-1.5B|s4
RedHatAI/Qwen2.5-1.5B-FP8-dynamic,qwen2.5,Qwen2.5-1.5B,fp8_dynamic,hellaswag,67.65,-0.16,-0.07857418037641534,-1.3323379318696953,1.1751895711168647,-0.3716753926701571,-0.24027397260273972,True,Qwen2.5-1.5B|s4
RedHatAI/Qwen2.5-1.5B-FP8-dynamic,qwen2.5,Qwen2.5-1.5B,fp8_dynamic,winogrande,65.04,0.94,-0.031517632842823606,-3.6293626032691515,3.5663273375835045,-0.3716753926701571,-0.19625,True,Qwen2.5-1.5B|s4
RedHatAI/Qwen2.5-1.5B-FP8-dynamic,qwen2.5,Qwen2.5-1.5B,fp8_dynamic,truthfulqa,46.57,-0.49,0.06037058739904316,-4.626570048140285,4.747311222938371,-0.3716753926701571,-0.12486111111111112,True,Qwen2.5-1.5B|s4
RedHatAI/Qwen2.5-1.5B-quantized.w4a16,qwen2.5,Qwen2.5-1.5B,w4a16,mmlu,60.98,-2.05,-1.0598876849680108,-2.1654357612375024,0.04566039130148081,-0.3716753926701571,-0.3930985915492958,True,Qwen2.5-1.5B|s4
RedHatAI/Qwen2.5-1.5B-quantized.w4a16,qwen2.5,Qwen2.5-1.5B,w4a16,arc_challenge,49.66,-1.96,-1.053528174783185,-4.975919614191059,2.8688632646246894,-0.3716753926701571,-0.38942857142857146,True,Qwen2.5-1.5B|s4
RedHatAI/Qwen2.5-1.5B-quantized.w4a16,qwen2.5,Qwen2.5-1.5B,w4a16,gsm8k,60.96,-4.25,-1.3871374775760126,-4.9946658956832595,2.2203909405312343,-0.3716753926701571,-0.7711428571428571,True,Qwen2.5-1.5B|s4
RedHatAI/Qwen2.5-1.5B-quantized.w4a16,qwen2.5,Qwen2.5-1.5B,w4a16,hellaswag,67.65,-0.86,-0.9347386836455354,-2.1885024351388154,0.31902506784774465,-0.3716753926701571,-0.24027397260273972,True,Qwen2.5-1.5B|s4
RedHatAI/Qwen2.5-1.5B-quantized.w4a16,qwen2.5,Qwen2.5-1.5B,w4a16,winogrande,65.04,0.47,-0.8876821361119436,-4.485527106538272,2.710162834314384,-0.3716753926701571,-0.19625,True,Qwen2.5-1.5B|s4
RedHatAI/Qwen2.5-1.5B-quantized.w4a16,qwen2.5,Qwen2.5-1.5B,w4a16,truthfulqa,46.57,-2.08,-0.795793915870077,-5.482734551409405,3.891146719669251,-0.3716753926701571,-0.12486111111111112,True,Qwen2.5-1.5B|s4
RedHatAI/Qwen2.5-1.5B-quantized.w8a16,qwen2.5,Qwen2.5-1.5B,w8a16,mmlu,60.98,0.02,-0.3109627929411238,-1.4165108692106154,0.7945852833283678,-0.3716753926701571,-0.3930985915492958,True,Qwen2.5-1.5B|s4
RedHatAI/Qwen2.5-1.5B-quantized.w8a16,qwen2.5,Qwen2.5-1.5B,w8a16,arc_challenge,49.66,0.68,-0.304603282756298,-4.226994722164172,3.617788156651576,-0.3716753926701571,-0.38942857142857146,True,Qwen2.5-1.5B|s4
RedHatAI/Qwen2.5-1.5B-quantized.w8a16,qwen2.5,Qwen2.5-1.5B,w8a16,gsm8k,60.96,0.22,-0.6382125855491254,-4.245741003656372,2.9693158325581215,-0.3716753926701571,-0.7711428571428571,True,Qwen2.5-1.5B|s4
RedHatAI/Qwen2.5-1.5B-quantized.w8a16,qwen2.5,Qwen2.5-1.5B,w8a16,hellaswag,67.65,-0.01,-0.18581379161864836,-1.4395775431119284,1.0679499598746316,-0.3716753926701571,-0.24027397260273972,True,Qwen2.5-1.5B|s4
RedHatAI/Qwen2.5-1.5B-quantized.w8a16,qwen2.5,Qwen2.5-1.5B,w8a16,winogrande,65.04,0.07,-0.13875724408505657,-3.7366022145113846,3.4590877263412714,-0.3716753926701571,-0.19625,True,Qwen2.5-1.5B|s4
RedHatAI/Qwen2.5-1.5B-quantized.w8a16,qwen2.5,Qwen2.5-1.5B,w8a16,truthfulqa,46.57,0.0,-0.046869023843189916,-4.733809659382517,4.640071611696138,-0.3716753926701571,-0.12486111111111112,True,Qwen2.5-1.5B|s4
RedHatAI/Qwen2.5-1.5B-quantized.w8a8,qwen2.5,Qwen2.5-1.5B,w8a8_int,mmlu,60.98,-0.63,-0.5868476016558413,-1.6923956779253329,0.5187004746136503,-0.3716753926701571,-0.3930985915492958,True,Qwen2.5-1.5B|s4
RedHatAI/Qwen2.5-1.5B-quantized.w8a8,qwen2.5,Qwen2.5-1.5B,w8a8_int,arc_challenge,49.66,0.0,-0.5804880914710155,-4.502879530878889,3.3419033479368587,-0.3716753926701571,-0.38942857142857146,True,Qwen2.5-1.5B|s4
RedHatAI/Qwen2.5-1.5B-quantized.w8a8,qwen2.5,Qwen2.5-1.5B,w8a8_int,gsm8k,60.96,-0.84,-0.9140973942638431,-4.52162581237109,2.693431023843404,-0.3716753926701571,-0.7711428571428571,True,Qwen2.5-1.5B|s4
RedHatAI/Qwen2.5-1.5B-quantized.w8a8,qwen2.5,Qwen2.5-1.5B,w8a8_int,hellaswag,67.65,0.07,-0.46169860033336596,-1.715462351826646,0.792065151159914,-0.3716753926701571,-0.24027397260273972,True,Qwen2.5-1.5B|s4
RedHatAI/Qwen2.5-1.5B-quantized.w8a8,qwen2.5,Qwen2.5-1.5B,w8a8_int,winogrande,65.04,1.02,-0.4146420527997741,-4.012487023226102,3.183202917626554,-0.3716753926701571,-0.19625,True,Qwen2.5-1.5B|s4
RedHatAI/Qwen2.5-1.5B-quantized.w8a8,qwen2.5,Qwen2.5-1.5B,w8a8_int,truthfulqa,46.57,-0.43,-0.32275383255790746,-5.009694468097235,4.36418680298142,-0.3716753926701571,-0.12486111111111112,True,Qwen2.5-1.5B|s4
RedHatAI/Qwen2.5-14B-FP8-dynamic,qwen2.5,Qwen2.5-14B,fp8_dynamic,mmlu,79.71,-0.23,-0.1353700674736655,-0.6276320212336864,0.3568918862863554,-0.378977853492334,-0.49913043478260866,True,Qwen2.5-14B|s0
RedHatAI/Qwen2.5-14B-FP8-dynamic,qwen2.5,Qwen2.5-14B,fp8_dynamic,arc_challenge,65.7,-0.51,-0.08557305437942908,-2.096884227983659,1.9257381192248006,-0.378977853492334,-0.4325,True,Qwen2.5-14B|s0
RedHatAI/Qwen2.5-14B-FP8-dynamic,qwen2.5,Qwen2.5-14B,fp8_dynamic,gsm8k,84.46,-0.84,-0.2729323482251136,-1.7198438712610227,1.1739791748107955,-0.378977853492334,-0.6711594202898551,True,Qwen2.5-14B|s0
RedHatAI/Qwen2.5-14B-FP8-dynamic,qwen2.5,Qwen2.5-14B,fp8_dynamic,hellaswag,84.28,0.0,0.10573591546366373,-0.42111986960273345,0.632591700530061,-0.378977853492334,-0.22676056338028172,True,Qwen2.5-14B|s0
RedHatAI/Qwen2.5-14B-FP8-dynamic,qwen2.5,Qwen2.5-14B,fp8_dynamic,winogrande,81.37,0.4,0.08802944584543088,-1.498556508725334,1.674615400416196,-0.378977853492334,-0.2418840579710145,True,Qwen2.5-14B|s0
RedHatAI/Qwen2.5-14B-FP8-dynamic,qwen2.5,Qwen2.5-14B,fp8_dynamic,truthfulqa,58.46,-0.16,0.20433563079013223,-2.2963836966120503,2.7050549581923145,-0.378977853492334,-0.10753623188405798,True,Qwen2.5-14B|s0
RedHatAI/Qwen2.5-14B-quantized.w8a8,qwen2.5,Qwen2.5-14B,w8a8_int,mmlu,79.71,-0.33,-0.5450071281473096,-1.0372690819073305,-0.05274517438728865,-0.378977853492334,-0.49913043478260866,True,Qwen2.5-14B|s0
RedHatAI/Qwen2.5-14B-quantized.w8a8,qwen2.5,Qwen2.5-14B,w8a8_int,arc_challenge,65.7,-0.43,-0.49521011505307316,-2.5065212886573027,1.5161010585511565,-0.378977853492334,-0.4325,True,Qwen2.5-14B|s0
RedHatAI/Qwen2.5-14B-quantized.w8a8,qwen2.5,Qwen2.5-14B,w8a8_int,gsm8k,84.46,-0.53,-0.6825694088987577,-2.129480931934667,0.7643421141371514,-0.378977853492334,-0.6711594202898551,True,Qwen2.5-14B|s0
RedHatAI/Qwen2.5-14B-quantized.w8a8,qwen2.5,Qwen2.5-14B,w8a8_int,hellaswag,84.28,-0.12,-0.3039011452099803,-0.8307569302763775,0.2229546398564169,-0.378977853492334,-0.22676056338028172,True,Qwen2.5-14B|s0
RedHatAI/Qwen2.5-14B-quantized.w8a8,qwen2.5,Qwen2.5-14B,w8a8_int,winogrande,81.37,-0.15,-0.32160761482821315,-1.9081935693989782,1.2649783397425518,-0.378977853492334,-0.2418840579710145,True,Qwen2.5-14B|s0
RedHatAI/Qwen2.5-14B-quantized.w8a8,qwen2.5,Qwen2.5-14B,w8a8_int,truthfulqa,58.46,0.19,-0.20530142988351188,-2.7060207572856942,2.2954178975186705,-0.378977853492334,-0.10753623188405798,True,Qwen2.5-14B|s0
RedHatAI/Qwen2.5-14B-FP8-dynamic,qwen2.5,Qwen2.5-14B,fp8_dynamic,mmlu,79.71,-0.23,-0.14969620877969303,-0.7964146358401623,0.4970222182807762,-0.3502794411177645,-0.4847619047619047,True,Qwen2.5-14B|s1
RedHatAI/Qwen2.5-14B-FP8-dynamic,qwen2.5,Qwen2.5-14B,fp8_dynamic,arc_challenge,65.7,-0.51,-0.05099408398047073,-2.693392076730067,2.5914039087691254,-0.3502794411177645,-0.3450793650793651,True,Qwen2.5-14B|s1
RedHatAI/Qwen2.5-14B-FP8-dynamic,qwen2.5,Qwen2.5-14B,fp8_dynamic,gsm8k,84.46,-0.84,-0.29876339580373756,-2.199670701611143,1.6021439100036678,-0.3502794411177645,-0.6893650793650794,True,Qwen2.5-14B|s1
RedHatAI/Qwen2.5-14B-FP8-dynamic,qwen2.5,Qwen2.5-14B,fp8_dynamic,hellaswag,84.28,0.0,0.11595323584702183,-0.5762134896195468,0.8081199613135903,-0.3502794411177645,-0.16969696969696968,True,Qwen2.5-14B|s1
RedHatAI/Qwen2.5-14B-FP8-dynamic,qwen2.5,Qwen2.5-14B,fp8_dynamic,winogrande,81.37,0.4,0.09084208507922026,-1.9935651397709304,2.175249309929371,-0.3502794411177645,-0.19171875,True,Qwen2.5-14B|s1
RedHatAI/Qwen2.5-14B-FP8-dynamic,qwen2.5,Qwen2.5-14B,fp8_dynamic,truthfulqa,58.46,-0.16,0.027626832651268973,-3.257740353628728,3.312994018931266,-0.3502794411177645,-0.24936507936507937,True,Qwen2.5-14B|s1
RedHatAI/Qwen2.5-14B-quantized.w8a8,qwen2.5,Qwen2.5-14B,w8a8_int,mmlu,79.71,-0.33,-0.43268213140570966,-1.0794005584661788,0.21403629565475957,-0.3502794411177645,-0.4847619047619047,True,Qwen2.5-14B|s1
RedHatAI/Qwen2.5-14B-quantized.w8a8,qwen2.5,Qwen2.5-14B,w8a8_int,arc_challenge,65.7,-0.43,-0.3339800066064875,-2.9763779993560835,2.308417986143109,-0.3502794411177645,-0.3450793650793651,True,Qwen2.5-14B|s1
RedHatAI/Qwen2.5-14B-quantized.w8a8,qwen2.5,Qwen2.5-14B,w8a8_int,gsm8k,84.46,-0.53,-0.5817493184297544,-2.48265662423716,1.319157987377651,-0.3502794411177645,-0.6893650793650794,True,Qwen2.5-14B|s1
RedHatAI/Qwen2.5-14B-quantized.w8a8,qwen2.5,Qwen2.5-14B,w8a8_int,hellaswag,84.28,-0.12,-0.16703268677899494,-0.8591994122455635,0.5251340386875736,-0.3502794411177645,-0.16969696969696968,True,Qwen2.5-14B|s1
RedHatAI/Qwen2.5-14B-quantized.w8a8,qwen2.5,Qwen2.5-14B,w8a8_int,winogrande,81.37,-0.15,-0.1921438375467966,-2.276551062396947,1.892263387303354,-0.3502794411177645,-0.19171875,True,Qwen2.5-14B|s1
RedHatAI/Qwen2.5-14B-quantized.w8a8,qwen2.5,Qwen2.5-14B,w8a8_int,truthfulqa,58.46,0.19,-0.2553590899747479,-3.540726276254745,3.030008096305249,-0.3502794411177645,-0.24936507936507937,True,Qwen2.5-14B|s1
RedHatAI/Qwen2.5-14B-FP8-dynamic,qwen2.5,Qwen2.5-14B,fp8_dynamic,mmlu,79.71,-0.23,-0.23094582544588144,-0.7882412779548162,0.3263496270630533,-0.3732457786116323,-0.49984375,True,Qwen2.5-14B|s2
RedHatAI/Qwen2.5-14B-FP8-dynamic,qwen2.5,Qwen2.5-14B,fp8_dynamic,arc_challenge,65.7,-0.51,-0.10032877849912286,-2.377357425682539,2.1766998686842935,-0.3732457786116323,-0.38076923076923075,True,Qwen2.5-14B|s2
RedHatAI/Qwen2.5-14B-FP8-dynamic,qwen2.5,Qwen2.5-14B,fp8_dynamic,gsm8k,84.46,-0.84,-0.37382913247521987,-2.0118944060790995,1.2642361411286598,-0.3732457786116323,-0.68921875,True,Qwen2.5-14B|s2
RedHatAI/Qwen2.5-14B-FP8-dynamic,qwen2.5,Qwen2.5-14B,fp8_dynamic,hellaswag,84.28,0.0,0.05186805261659655,-0.5445914765077399,0.648327581740933,-0.3732457786116323,-0.17681818181818182,True,Qwen2.5-14B|s2
RedHatAI/Qwen2.5-14B-FP8-dynamic,qwen2.5,Qwen2.5-14B,fp8_dynamic,winogrande,81.37,0.4,0.006461096694062585,-1.7897312166527524,1.8026534100408775,-0.3732457786116323,-0.23338461538461538,True,Qwen2.5-14B|s2
RedHatAI/Qwen2.5-14B-FP8-dynamic,qwen2.5,Qwen2.5-14B,fp8_dynamic,truthfulqa,58.46,-0.16,0.036355447360288506,-2.794737832381256,2.8674487271018334,-0.3732457786116323,-0.21000000000000002,True,Qwen2.5-14B|s2
RedHatAI/Qwen2.5-14B-quantized.w8a8,qwen2.5,Qwen2.5-14B,w8a8_int,mmlu,79.71,-0.33,-0.5796057772935361,-1.1369012298024708,-0.022310324784601376,-0.3732457786116323,-0.49984375,True,Qwen2.5-14B|s2
RedHatAI/Qwen2.5-14B-quantized.w8a8,qwen2.5,Qwen2.5-14B,w8a8_int,arc_challenge,65.7,-0.43,-0.44898873034677755,-2.726017377530194,1.8280399168366386,-0.3732457786116323,-0.38076923076923075,True,Qwen2.5-14B|s2
RedHatAI/Qwen2.5-14B-quantized.w8a8,qwen2.5,Qwen2.5-14B,w8a8_int,gsm8k,84.46,-0.53,-0.7224890843228745,-2.360554357926754,0.9155761892810051,-0.3732457786116323,-0.68921875,True,Qwen2.5-14B|s2
RedHatAI/Qwen2.5-14B-quantized.w8a8,qwen2.5,Qwen2.5-14B,w8a8_int,hellaswag,84.28,-0.12,-0.2967918992310582,-0.8932514283553946,0.2996676298932782,-0.3732457786116323,-0.17681818181818182,True,Qwen2.5-14B|s2
RedHatAI/Qwen2.5-14B-quantized.w8a8,qwen2.5,Qwen2.5-14B,w8a8_int,winogrande,81.37,-0.15,-0.34219885515359216,-2.138391168500407,1.4539934581932228,-0.3732457786116323,-0.23338461538461538,True,Qwen2.5-14B|s2
RedHatAI/Qwen2.5-14B-quantized.w8a8,qwen2.5,Qwen2.5-14B,w8a8_int,truthfulqa,58.46,0.19,-0.31230450448736613,-3.143397784228911,2.5187887752541784,-0.3732457786116323,-0.21000000000000002,True,Qwen2.5-14B|s2
RedHatAI/Qwen2.5-14B-FP8-dynamic,qwen2.5,Qwen2.5-14B,fp8_dynamic,mmlu,79.71,-0.23,-0.23728509596744982,-0.8345212588400884,0.35995106690518874,-0.40150093808630394,-0.48761194029850746,True,Qwen2.5-14B|s3
RedHatAI/Qwen2.5-14B-FP8-dynamic,qwen2.5,Qwen2.5-14B,fp8_dynamic,arc_challenge,65.7,-0.51,-0.23371430589037118,-2.673934921135919,2.2065063093551767,-0.40150093808630394,-0.43424242424242426,True,Qwen2.5-14B|s3
RedHatAI/Qwen2.5-14B-FP8-dynamic,qwen2.5,Qwen2.5-14B,fp8_dynamic,gsm8k,84.46,-0.84,-0.5737268786001845,-2.3291903659438487,1.1817366087434795,-0.40150093808630394,-0.9052238805970149,True,Qwen2.5-14B|s3
RedHatAI/Qwen2.5-14B-FP8-dynamic,qwen2.5,Qwen2.5-14B,fp8_dynamic,hellaswag,84.28,0.0,-0.055063688546271305,-0.6942707713948942,0.5841433943023516,-0.40150093808630394,-0.26999999999999996,True,Qwen2.5-14B|s3
RedHatAI/Qwen2.5-14B-FP8-dynamic,qwen2.5,Qwen2.5-14B,fp8_dynamic,winogrande,81.37,0.4,-0.027818885466094734,-1.9527421917214622,1.8971044207892727,-0.40150093808630394,-0.2371014492753623,True,Qwen2.5-14B|s3
RedHatAI/Qwen2.5-14B-FP8-dynamic,qwen2.5,Qwen2.5-14B,fp8_dynamic,truthfulqa,58.46,-0.16,-0.06446690929409815,-3.098461318391211,2.969527499803015,-0.40150093808630394,-0.24484848484848484,True,Qwen2.5-14B|s3
RedHatAI/Qwen2.5-14B-quantized.w8a8,qwen2.5,Qwen2.5-14B,w8a8_int,mmlu,79.71,-0.33,-0.41562847362599664,-1.0128646364986351,0.18160768924664195,-0.40150093808630394,-0.48761194029850746,True,Qwen2.5-14B|s3
RedHatAI/Qwen2.5-14B-quantized.w8a8,qwen2.5,Qwen2.5-14B,w8a8_int,arc_challenge,65.7,-0.43,-0.412057683548918,-2.8522782987944657,2.02816293169663,-0.40150093808630394,-0.43424242424242426,True,Qwen2.5-14B|s3
RedHatAI/Qwen2.5-14B-quantized.w8a8,qwen2.5,Qwen2.5-14B,w8a8_int,gsm8k,84.46,-0.53,-0.7520702562587313,-2.5075337436023952,1.003393231084933,-0.40150093808630394,-0.9052238805970149,True,Qwen2.5-14B|s3
RedHatAI/Qwen2.5-14B-quantized.w8a8,qwen2.5,Qwen2.5-14B,w8a8_int,hellaswag,84.28,-0.12,-0.23340706620481813,-0.872614149053441,0.40580001664380483,-0.40150093808630394,-0.26999999999999996,True,Qwen2.5-14B|s3
RedHatAI/Qwen2.5-14B-quantized.w8a8,qwen2.5,Qwen2.5-14B,w8a8_int,winogrande,81.37,-0.15,-0.20616226312464161,-2.131085569380009,1.7187610431307259,-0.40150093808630394,-0.2371014492753623,True,Qwen2.5-14B|s3
RedHatAI/Qwen2.5-14B-quantized.w8a8,qwen2.5,Qwen2.5-14B,w8a8_int,truthfulqa,58.46,0.19,-0.24281028695264506,-3.276804696049758,2.7911841221444678,-0.40150093808630394,-0.24484848484848484,True,Qwen2.5-14B|s3
RedHatAI/Qwen2.5-14B-FP8-dynamic,qwen2.5,Qwen2.5-14B,fp8_dynamic,mmlu,79.71,-0.23,-0.12296398736357284,-0.7733676592608802,0.5274396845337346,-0.30511226252158896,-0.44771428571428573,True,Qwen2.5-14B|s4
RedHatAI/Qwen2.5-14B-FP8-dynamic,qwen2.5,Qwen2.5-14B,fp8_dynamic,arc_challenge,65.7,-0.51,-0.008686507450948011,-2.6661418778044474,2.6487688629025516,-0.30511226252158896,-0.31318840579710144,True,Qwen2.5-14B|s4
RedHatAI/Qwen2.5-14B-FP8-dynamic,qwen2.5,Qwen2.5-14B,fp8_dynamic,gsm8k,84.46,-0.84,-0.015034809039145003,-1.9267741996316956,1.8967045815534056,-0.30511226252158896,-0.3407352941176471,True,Qwen2.5-14B|s4
RedHatAI/Qwen2.5-14B-FP8-dynamic,qwen2.5,Qwen2.5-14B,fp8_dynamic,hellaswag,84.28,0.0,0.05714901227362179,-0.6389619395278155,0.7532599640750591,-0.30511226252158896,-0.23305555555555557,True,Qwen2.5-14B|s4
RedHatAI/Qwen2.5-14B-FP8-dynamic,qwen2.5,Qwen2.5-14B,fp8_dynamic,winogrande,81.37,0.4,0.1377050004152347,-1.9585799607755396,2.2339899616060093,-0.30511226252158896,-0.1392857142857143,True,Qwen2.5-14B|s4
RedHatAI/Qwen2.5-14B-FP8-dynamic,qwen2.5,Qwen2.5-14B,fp8_dynamic,truthfulqa,58.46,-0.16,0.0715911757541774,-3.23249726842377,3.375679619932125,-0.30511226252158896,-0.22267605633802817,True,Qwen2.5-14B|s4
RedHatAI/Qwen2.5-14B-quantized.w8a8,qwen2.5,Qwen2.5-14B,w8a8_int,mmlu,79.71,-0.33,-0.4820962559775158,-1.1324999278748233,0.1683074159197916,-0.30511226252158896,-0.44771428571428573,True,Qwen2.5-14B|s4
RedHatAI/Qwen2.5-14B-quantized.w8a8,qwen2.5,Qwen2.5-14B,w8a8_int,arc_challenge,65.7,-0.43,-0.367818776064891,-3.0252741464183908,2.2896365942886083,-0.30511226252158896,-0.31318840579710144,True,Qwen2.5-14B|s4
RedHatAI/Qwen2.5-14B-quantized.w8a8,qwen2.5,Qwen2.5-14B,w8a8_int,gsm8k,84.46,-0.53,-0.37416707765308804,-2.2859064682456385,1.5375723129394625,-0.30511226252158896,-0.3407352941176471,True,Qwen2.5-14B|s4
RedHatAI/Qwen2.5-14B-quantized.w8a8,qwen2.5,Qwen2.5-14B,w8a8_int,hellaswag,84.28,-0.12,-0.3019832563403212,-0.9980942081417585,0.39412769546111615,-0.30511226252158896,-0.23305555555555557,True,Qwen2.5-14B|s4
RedHatAI/Qwen2.5-14B-quantized.w8a8,qwen2.5,Qwen2.5-14B,w8a8_int,winogrande,81.37,-0.15,-0.22142726819870837,-2.3177122293894827,1.874857692992066,-0.30511226252158896,-0.1392857142857143,True,Qwen2.5-14B|s4
RedHatAI/Qwen2.5-14B-quantized.w8a8,qwen2.5,Qwen2.5-14B,w8a8_int,truthfulqa,58.46,0.19,-0.28754109285976565,-3.591629537037713,3.0165473513181817,-0.30511226252158896,-0.22267605633802817,True,Qwen2.5-14B|s4
RedHatAI/Qwen2.5-14B-Instruct-quantized.w8a8,qwen2.5,Qwen2.5-14B-Instruct,w8a8_int,mmlu,79.87,-0.12,-0.6754354253335061,-1.1686850082427702,-0.1821858424242419,-0.37311004784688995,-0.5092,False,Qwen2.5-14B-Instruct|s0
RedHatAI/Qwen2.5-14B-Instruct-quantized.w8a8,qwen2.5,Qwen2.5-14B-Instruct,w8a8_int,arc_challenge,68.94,0.26,-0.5562375192880048,-2.526572377627074,1.4140973390510645,-0.37311004784688995,-0.37920000000000004,True,Qwen2.5-14B-Instruct|s0
RedHatAI/Qwen2.5-14B-Instruct-quantized.w8a8,qwen2.5,Qwen2.5-14B-Instruct,w8a8_int,gsm8k,83.55,1.97,-0.7683946476391501,-2.256388928043202,0.7195996327649019,-0.37311004784688995,-0.6508108108108107,False,Qwen2.5-14B-Instruct|s0
RedHatAI/Qwen2.5-14B-Instruct-quantized.w8a8,qwen2.5,Qwen2.5-14B-Instruct,w8a8_int,hellaswag,85.3,-0.23,-0.43946642428863636,-0.9545652452650948,0.07563239668782207,-0.37311004784688995,-0.232987012987013,True,Qwen2.5-14B-Instruct|s0
RedHatAI/Qwen2.5-14B-Instruct-quantized.w8a8,qwen2.5,Qwen2.5-14B-Instruct,w8a8_int,winogrande,80.51,-0.08,-0.4595169730880487,-2.081737927054733,1.1627039808786357,-0.37311004784688995,-0.2528,True,Qwen2.5-14B-Instruct|s0
RedHatAI/Qwen2.5-14B-Instruct-quantized.w8a8,qwen2.5,Qwen2.5-14B-Instruct,w8a8_int,truthfulqa,68.93,0.01,-0.3034246697618303,-2.663529093823896,2.0566797543002355,-0.37311004784688995,-0.11173333333333334,True,Qwen2.5-14B-Instruct|s0
RedHatAI/Qwen2.5-14B-Instruct-quantized.w8a8,qwen2.5,Qwen2.5-14B-Instruct,w8a8_int,mmlu,79.87,-0.12,-0.581017824476358,-1.4036306351231969,0.24159498617048103,-0.3490322580645161,-0.4276470588235294,True,Qwen2.5-14B-Instruct|s1
RedHatAI/Qwen2.5-14B-Instruct-quantized.w8a8,qwen2.5,Qwen2.5-14B-Instruct,w8a8_int,arc_challenge,68.94,0.26,-0.6713612110463492,-3.9573704686191054,2.6146480465264075,-0.3490322580645161,-0.508955223880597,True,Qwen2.5-14B-Instruct|s1
RedHatAI/Qwen2.5-14B-Instruct-quantized.w8a8,qwen2.5,Qwen2.5-14B-Instruct,w8a8_int,gsm8k,83.55,1.97,-0.6991328518198885,-3.1807226993165605,1.7824569956767835,-0.3490322580645161,-0.5646969696969697,False,Qwen2.5-14B-Instruct|s1
RedHatAI/Qwen2.5-14B-Instruct-quantized.w8a8,qwen2.5,Qwen2.5-14B-Instruct,w8a8_int,hellaswag,85.3,-0.23,-0.3988729367469771,-1.2579246289655677,0.4601787554716136,-0.3490322580645161,-0.22217391304347825,True,Qwen2.5-14B-Instruct|s1
RedHatAI/Qwen2.5-14B-Instruct-quantized.w8a8,qwen2.5,Qwen2.5-14B-Instruct,w8a8_int,winogrande,80.51,-0.08,-0.2698565463841213,-2.9753017908826074,2.4355886981143646,-0.3490322580645161,-0.061029411764705874,True,Qwen2.5-14B-Instruct|s1
RedHatAI/Qwen2.5-14B-Instruct-quantized.w8a8,qwen2.5,Qwen2.5-14B-Instruct,w8a8_int,truthfulqa,68.93,0.01,-0.4228296242956704,-4.358873771047388,3.513214522456047,-0.3490322580645161,-0.21909090909090911,True,Qwen2.5-14B-Instruct|s1
RedHatAI/Qwen2.5-14B-Instruct-quantized.w8a8,qwen2.5,Qwen2.5-14B-Instruct,w8a8_int,mmlu,79.87,-0.12,-0.58214786041518,-1.184423631302475,0.02012791047211504,-0.36356435643564355,-0.5096666666666666,True,Qwen2.5-14B-Instruct|s2
RedHatAI/Qwen2.5-14B-Instruct-quantized.w8a8,qwen2.5,Qwen2.5-14B-Instruct,w8a8_int,arc_challenge,68.94,0.26,-0.46892753261059117,-2.8747784179028124,1.9369233526816303,-0.36356435643564355,-0.4048333333333333,True,Qwen2.5-14B-Instruct|s2
RedHatAI/Qwen2.5-14B-Instruct-quantized.w8a8,qwen2.5,Qwen2.5-14B-Instruct,w8a8_int,gsm8k,83.55,1.97,-0.5108591923495496,-2.327754600593805,1.3060362158947059,-0.36356435643564355,-0.43850000000000006,False,Qwen2.5-14B-Instruct|s2
RedHatAI/Qwen2.5-14B-Instruct-quantized.w8a8,qwen2.5,Qwen2.5-14B-Instruct,w8a8_int,hellaswag,85.3,-0.23,-0.3039977843744249,-0.9329522736148181,0.32495670486596845,-0.36356435643564355,-0.18174603174603174,True,Qwen2.5-14B-Instruct|s2
RedHatAI/Qwen2.5-14B-Instruct-quantized.w8a8,qwen2.5,Qwen2.5-14B-Instruct,w8a8_int,winogrande,80.51,-0.08,-0.4460547513505031,-2.42684583451202,1.5347363318110139,-0.36356435643564355,-0.3552459016393442,True,Qwen2.5-14B-Instruct|s2
RedHatAI/Qwen2.5-14B-Instruct-quantized.w8a8,qwen2.5,Qwen2.5-14B-Instruct,w8a8_int,truthfulqa,68.93,0.01,-0.33832787558941635,-3.220101648194869,2.543445897016036,-0.36356435643564355,-0.2383606557377049,True,Qwen2.5-14B-Instruct|s2
RedHatAI/Qwen2.5-14B-Instruct-quantized.w8a8,qwen2.5,Qwen2.5-14B-Instruct,w8a8_int,mmlu,79.87,-0.12,-0.5409556819944573,-1.1324595654591891,0.0505482014702745,-0.3437755102040816,-0.45323529411764707,True,Qwen2.5-14B-Instruct|s3
RedHatAI/Qwen2.5-14B-Instruct-quantized.w8a8,qwen2.5,Qwen2.5-14B-Instruct,w8a8_int,arc_challenge,68.94,0.26,-0.4446620624665005,-2.807483564634672,1.9181594397016708,-0.3437755102040816,-0.3839705882352941,True,Qwen2.5-14B-Instruct|s3
RedHatAI/Qwen2.5-14B-Instruct-quantized.w8a8,qwen2.5,Qwen2.5-14B-Instruct,w8a8_int,gsm8k,83.55,1.97,-0.4556024491164511,-2.240002124106576,1.3287972258736742,-0.3437755102040816,-0.3738805970149253,False,Qwen2.5-14B-Instruct|s3
RedHatAI/Qwen2.5-14B-Instruct-quantized.w8a8,qwen2.5,Qwen2.5-14B-Instruct,w8a8_int,hellaswag,85.3,-0.23,-0.3366039971432506,-0.9543094418769521,0.28110144759045086,-0.3437755102040816,-0.22591549295774646,True,Qwen2.5-14B-Instruct|s3
RedHatAI/Qwen2.5-14B-Instruct-quantized.w8a8,qwen2.5,Qwen2.5-14B-Instruct,w8a8_int,winogrande,80.51,-0.08,-0.3784204729347676,-2.3237844982818903,1.5669435524123552,-0.3437755102040816,-0.28577464788732393,True,Qwen2.5-14B-Instruct|s3
RedHatAI/Qwen2.5-14B-Instruct-quantized.w8a8,qwen2.5,Qwen2.5-14B-Instruct,w8a8_int,truthfulqa,68.93,0.01,-0.37498062244677677,-3.2052129846945303,2.455251739800977,-0.3437755102040816,-0.2697058823529412,True,Qwen2.5-14B-Instruct|s3
RedHatAI/Qwen2.5-14B-Instruct-quantized.w8a8,qwen2.5,Qwen2.5-14B-Instruct,w8a8_int,mmlu,79.87,-0.12,-0.5901524716736379,-1.2359787720767081,0.055673828729432384,-0.3718625678119349,-0.512063492063492,True,Qwen2.5-14B-Instruct|s4
RedHatAI/Qwen2.5-14B-Instruct-quantized.w8a8,qwen2.5,Qwen2.5-14B-Instruct,w8a8_int,arc_challenge,68.94,0.26,-0.4387404231286226,-3.0185582601979557,2.1410774139407107,-0.3718625678119349,-0.3422222222222222,True,Qwen2.5-14B-Instruct|s4
RedHatAI/Qwen2.5-14B-Instruct-quantized.w8a8,qwen2.5,Qwen2.5-14B-Instruct,w8a8_int,gsm8k,83.55,1.97,-0.799448395257319,-2.747723415514267,1.148826624999629,-0.3718625678119349,-0.75953125,False,Qwen2.5-14B-Instruct|s4
RedHatAI/Qwen2.5-14B-Instruct-quantized.w8a8,qwen2.5,Qwen2.5-14B-Instruct,w8a8_int,hellaswag,85.3,-0.23,-0.3342212251232998,-1.0086553806092557,0.34021293036265615,-0.3718625678119349,-0.22333333333333333,True,Qwen2.5-14B-Instruct|s4
RedHatAI/Qwen2.5-14B-Instruct-quantized.w8a8,qwen2.5,Qwen2.5-14B-Instruct,w8a8_int,winogrande,80.51,-0.08,-0.29718711056803027,-2.421209093429733,1.8268348722936723,-0.3718625678119349,-0.1796875,True,Qwen2.5-14B-Instruct|s4
RedHatAI/Qwen2.5-14B-Instruct-quantized.w8a8,qwen2.5,Qwen2.5-14B-Instruct,w8a8_int,truthfulqa,68.93,0.01,-0.30231765792348453,-3.392472341414237,2.787837025567268,-0.3718625678119349,-0.17328125,True,Qwen2.5-14B-Instruct|s4
RedHatAI/Qwen2.5-32B-quantized.w8a16,qwen2.5,Qwen2.5-32B,w8a16,mmlu,83.25,-0.06,-0.26371431171732085,-0.8754653739023351,0.34803675046769345,-0.3951293103448275,-0.5255555555555556,True,Qwen2.5-32B|s0
RedHatAI/Qwen2.5-32B-quantized.w8a16,qwen2.5,Qwen2.5-32B,w8a16,arc_challenge,66.3,-0.26,-0.10641095110183907,-2.7867985407642024,2.5739766385605245,-0.3951293103448275,-0.36253968253968255,True,Qwen2.5-32B|s0
RedHatAI/Qwen2.5-32B-quantized.w8a16,qwen2.5,Qwen2.5-32B,w8a16,gsm8k,78.09,0.53,-0.3031715326592278,-2.5141585481015754,1.90781548278312,-0.3951293103448275,-0.6249206349206349,True,Qwen2.5-32B|s0
RedHatAI/Qwen2.5-32B-quantized.w8a16,qwen2.5,Qwen2.5-32B,w8a16,hellaswag,85.08,0.06,-0.07217906057834955,-0.7623834761071888,0.6180253549504897,-0.3951293103448275,-0.29296875,True,Qwen2.5-32B|s0
RedHatAI/Qwen2.5-32B-quantized.w8a16,qwen2.5,Qwen2.5-32B,w8a16,winogrande,81.29,0.32,0.0336364064058291,-2.0933114242652726,2.1605842370769306,-0.3951293103448275,-0.16920634920634922,True,Qwen2.5-32B|s0
RedHatAI/Qwen2.5-32B-quantized.w8a16,qwen2.5,Qwen2.5-32B,w8a16,truthfulqa,57.76,0.02,0.019559730436602973,-3.3351442844080457,3.3742637452812514,-0.3951293103448275,-0.21311475409836064,True,Qwen2.5-32B|s0
RedHatAI/Qwen2.5-32B-quantized.w8a16,qwen2.5,Qwen2.5-32B,w8a16,mmlu,83.25,-0.06,-0.17430416170255447,-0.6869078819396695,0.3382995585345605,-0.40149425287356316,-0.5068115942028986,True,Qwen2.5-32B|s1
RedHatAI/Qwen2.5-32B-quantized.w8a16,qwen2.5,Qwen2.5-32B,w8a16,arc_challenge,66.3,-0.26,-0.177613804577747,-2.4235872651400174,2.068359655984523,-0.40149425287356316,-0.48537313432835827,True,Qwen2.5-32B|s1
RedHatAI/Qwen2.5-32B-quantized.w8a16,qwen2.5,Qwen2.5-32B,w8a16,gsm8k,78.09,0.53,-0.40354226390195835,-2.2561915514465323,1.4491070236426156,-0.40149425287356316,-0.7852941176470588,True,Qwen2.5-32B|s1
RedHatAI/Qwen2.5-32B-quantized.w8a16,qwen2.5,Qwen2.5-32B,w8a16,hellaswag,85.08,0.06,-0.02836457308857815,-0.6067066030320669,0.5499774568549105,-0.40149425287356316,-0.3166666666666667,True,Qwen2.5-32B|s1
RedHatAI/Qwen2.5-32B-quantized.w8a16,qwen2.5,Qwen2.5-32B,w8a16,winogrande,81.29,0.32,0.0545625004421218,-1.7276679494046983,1.8367929502889417,-0.40149425287356316,-0.2126865671641791,True,Qwen2.5-32B|s1
RedHatAI/Qwen2.5-32B-quantized.w8a16,qwen2.5,Qwen2.5-32B,w8a16,truthfulqa,57.76,0.02,0.08258753817901804,-2.728414950581152,2.893590026939188,-0.40149425287356316,-0.18545454545454546,True,Qwen2.5-32B|s1
RedHatAI/Qwen2.5-32B-quantized.w8a16,qwen2.5,Qwen2.5-32B,w8a16,mmlu,83.25,-0.06,-0.13647730110861991,-0.6404502353966453,0.3674956331794055,-0.3807705479452055,-0.46109589041095883,True,Qwen2.5-32B|s2
RedHatAI/Qwen2.5-32B-quantized.w8a16,qwen2.5,Qwen2.5-32B,w8a16,arc_challenge,66.3,-0.26,-0.2649518725691284,-2.473109540112022,1.9432057949737653,-0.3807705479452055,-0.48444444444444446,True,Qwen2.5-32B|s2
RedHatAI/Qwen2.5-32B-quantized.w8a16,qwen2.5,Qwen2.5-32B,w8a16,gsm8k,78.09,0.53,-0.34138482730169273,-2.1628407800961127,1.4800711254927275,-0.3807705479452055,-0.6529577464788733,True,Qwen2.5-32B|s2
RedHatAI/Qwen2.5-32B-quantized.w8a16,qwen2.5,Qwen2.5-32B,w8a16,hellaswag,85.08,0.06,-0.021240044414628734,-0.5898444425994263,0.5473643537701687,-0.3807705479452055,-0.2962666666666667,True,Qwen2.5-32B|s2
RedHatAI/Qwen2.5-32B-quantized.w8a16,qwen2.5,Qwen2.5-32B,w8a16,winogrande,81.29,0.32,0.007851476535003787,-1.744371291125151,1.7600742441951585,-0.3807705479452055,-0.24082191780821915,True,Qwen2.5-32B|s2
RedHatAI/Qwen2.5-32B-quantized.w8a16,qwen2.5,Qwen2.5-32B,w8a16,truthfulqa,57.76,0.02,0.064722668640882,-2.6989505483542984,2.8283958856360623,-0.3807705479452055,-0.13680555555555554,True,Qwen2.5-32B|s2
RedHatAI/Qwen2.5-32B-quantized.w8a16,qwen2.5,Qwen2.5-32B,w8a16,mmlu,83.25,-0.06,-0.23502641891012707,-0.845861341350863,0.3758085035306088,-0.41861386138613854,-0.5522222222222222,True,Qwen2.5-32B|s3
RedHatAI/Qwen2.5-32B-quantized.w8a16,qwen2.5,Qwen2.5-32B,w8a16,arc_challenge,66.3,-0.26,-0.09201129222318877,-2.768384815130703,2.584362230684326,-0.41861386138613854,-0.4246031746031746,True,Qwen2.5-32B|s3
RedHatAI/Qwen2.5-32B-quantized.w8a16,qwen2.5,Qwen2.5-32B,w8a16,gsm8k,78.09,0.53,-0.38750243491840153,-2.5951783435983105,1.8201734737615072,-0.41861386138613854,-0.7746875,True,Qwen2.5-32B|s3
RedHatAI/Qwen2.5-32B-quantized.w8a16,qwen2.5,Qwen2.5-32B,w8a16,hellaswag,85.08,0.06,-0.0029564037774712504,-0.6921271902113582,0.6862143826564158,-0.41861386138613854,-0.28092307692307694,True,Qwen2.5-32B|s3
RedHatAI/Qwen2.5-32B-quantized.w8a16,qwen2.5,Qwen2.5-32B,w8a16,winogrande,81.29,0.32,-0.022443539953422187,-2.1462061183836454,2.1013190384768006,-0.41861386138613854,-0.311875,True,Qwen2.5-32B|s3
RedHatAI/Qwen2.5-32B-quantized.w8a16,qwen2.5,Qwen2.5-32B,w8a16,truthfulqa,57.76,0.02,0.06416537796664451,-3.2855147343982725,3.413845490331562,-0.41861386138613854,-0.2392063492063492,True,Qwen2.5-32B|s3
RedHatAI/Qwen2.5-32B-quantized.w8a16,qwen2.5,Qwen2.5-32B,w8a16,mmlu,83.25,-0.06,-0.2686466178072317,-0.8113700176373477,0.27407678202288427,-0.3756544502617801,-0.49642857142857144,True,Qwen2.5-32B|s4
RedHatAI/Qwen2.5-32B-quantized.w8a16,qwen2.5,Qwen2.5-32B,w8a16,arc_challenge,66.3,-0.26,-0.2363008824589324,-2.614243734455247,2.141641969537382,-0.3756544502617801,-0.4597058823529412,True,Qwen2.5-32B|s4
RedHatAI/Qwen2.5-32B-quantized.w8a16,qwen2.5,Qwen2.5-32B,w8a16,gsm8k,78.09,0.53,-0.3745654065388172,-2.3360730592026147,1.58694224612498,-0.3756544502617801,-0.6324637681159421,True,Qwen2.5-32B|s4
RedHatAI/Qwen2.5-32B-quantized.w8a16,qwen2.5,Qwen2.5-32B,w8a16,hellaswag,85.08,0.06,-0.07269074312129248,-0.6850151183919004,0.5396336321493156,-0.3756544502617801,-0.2677777777777778,True,Qwen2.5-32B|s4
RedHatAI/Qwen2.5-32B-quantized.w8a16,qwen2.5,Qwen2.5-32B,w8a16,winogrande,81.29,0.32,-0.04758591087468528,-1.934537040636675,1.8393652188873046,-0.3756544502617801,-0.2371830985915493,True,Qwen2.5-32B|s4
RedHatAI/Qwen2.5-32B-quantized.w8a16,qwen2.5,Qwen2.5-32B,w8a16,truthfulqa,57.76,0.02,-0.07361361526313531,-3.0497855925658786,2.9025583620396076,-0.3756544502617801,-0.2728985507246377,True,Qwen2.5-32B|s4
RedHatAI/Qwen2.5-3B-FP8-dynamic,qwen2.5,Qwen2.5-3B,fp8_dynamic,mmlu,65.68,-0.45,-0.25142351517841943,-1.0220496394526126,0.5192026090957736,-0.42308000000000007,-0.535,True,Qwen2.5-3B|s0
RedHatAI/Qwen2.5-3B-FP8-dynamic,qwen2.5,Qwen2.5-3B,fp8_dynamic,arc_challenge,63.59,-1.09,-0.06513922467866606,-2.768530739669546,2.638252290312214,-0.42308000000000007,-0.34800000000000003,True,Qwen2.5-3B|s0
RedHatAI/Qwen2.5-3B-FP8-dynamic,qwen2.5,Qwen2.5-3B,fp8_dynamic,gsm8k,68.23,-4.32,-0.5831519714864968,-3.048861398145622,1.882557455172628,-0.42308000000000007,-0.9878125,False,Qwen2.5-3B|s0
RedHatAI/Qwen2.5-3B-FP8-dynamic,qwen2.5,Qwen2.5-3B,fp8_dynamic,hellaswag,74.46,-0.33,0.0059283153069212835,-0.8310801572467222,0.8429367878605648,-0.42308000000000007,-0.24984848484848482,True,Qwen2.5-3B|s0
RedHatAI/Qwen2.5-3B-FP8-dynamic,qwen2.5,Qwen2.5-3B,fp8_dynamic,winogrande,70.64,-0.71,0.0033778707928139307,-2.4574603513520907,2.4642160929377184,-0.42308000000000007,-0.266,True,Qwen2.5-3B|s0
RedHatAI/Qwen2.5-3B-FP8-dynamic,qwen2.5,Qwen2.5-3B,fp8_dynamic,truthfulqa,48.93,-0.22,0.038441944822098284,-3.325337472126158,3.402221361770354,-0.42308000000000007,-0.20454545454545456,True,Qwen2.5-3B|s0
RedHatAI/Qwen2.5-3B-quantized.w4a16,qwen2.5,Qwen2.5-3B,w4a16,mmlu,65.68,-1.58,-1.1585744525802784,-1.9292005768544715,-0.3879483283060853,-0.42308000000000007,-0.535,True,Qwen2.5-3B|s0
RedHatAI/Qwen2.5-3B-quantized.w4a16,qwen2.5,Qwen2.5-3B,w4a16,arc_challenge,53.58,-2.39,-0.9963143085249296,-3.7982497014607035,1.8056210844108445,-0.42308000000000007,-0.34800000000000003,True,Qwen2.5-3B|s0
RedHatAI/Qwen2.5-3B-quantized.w4a16,qwen2.5,Qwen2.5-3B,w4a16,gsm8k,68.23,-0.38,-1.4903029088883557,-3.9560123355474808,0.9754065177707691,-0.42308000000000007,-0.9878125,True,Qwen2.5-3B|s0
RedHatAI/Qwen2.5-3B-quantized.w4a16,qwen2.5,Qwen2.5-3B,w4a16,hellaswag,74.46,-1.1,-0.9012226220949378,-1.7382310946485813,-0.06421414954129423,-0.42308000000000007,-0.24984848484848482,True,Qwen2.5-3B|s0
RedHatAI/Qwen2.5-3B-quantized.w4a16,qwen2.5,Qwen2.5-3B,w4a16,winogrande,70.64,-0.32,-0.9037730666090451,-3.3646112887539497,1.5570651555358594,-0.42308000000000007,-0.266,True,Qwen2.5-3B|s0
RedHatAI/Qwen2.5-3B-quantized.w8a16,qwen2.5,Qwen2.5-3B,w8a16,mmlu,65.68,-0.03,-0.1867884612571466,-0.9574145855313396,0.5838376630170465,-0.42308000000000007,-0.535,True,Qwen2.5-3B|s0
RedHatAI/Qwen2.5-3B-quantized.w8a16,qwen2.5,Qwen2.5-3B,w8a16,arc_challenge,53.58,-0.51,-0.02452831720179771,-2.826463710137572,2.777407075733976,-0.42308000000000007,-0.34800000000000003,True,Qwen2.5-3B|s0
RedHatAI/Qwen2.5-3B-quantized.w8a16,qwen2.5,Qwen2.5-3B,w8a16,gsm8k,68.23,1.82,-0.5185169175652238,-2.9842263442243486,1.947192509093901,-0.42308000000000007,-0.9878125,True,Qwen2.5-3B|s0
RedHatAI/Qwen2.5-3B-quantized.w8a16,qwen2.5,Qwen2.5-3B,w8a16,hellaswag,51.83,-0.05,0.019391480390299642,-0.9396487360963135,0.9784316968769129,-0.42308000000000007,-0.24984848484848482,True,Qwen2.5-3B|s0
RedHatAI/Qwen2.5-3B-quantized.w8a16,qwen2.5,Qwen2.5-3B,w8a16,winogrande,70.64,-0.08,0.06801292471408671,-2.392825297430818,2.528851146858991,-0.42308000000000007,-0.266,True,Qwen2.5-3B|s0
RedHatAI/Qwen2.5-3B-quantized.w8a8,qwen2.5,Qwen2.5-3B,w8a8_int,mmlu,65.68,-0.95,-0.6168227017182076,-1.3874488259924007,0.15380342255598545,-0.42308000000000007,-0.535,True,Qwen2.5-3B|s0
RedHatAI/Qwen2.5-3B-quantized.w8a8,qwen2.5,Qwen2.5-3B,w8a8_int,arc_challenge,63.59,-0.73,-0.4305384112184544,-3.1339299262093343,2.2728531037724258,-0.42308000000000007,-0.34800000000000003,True,Qwen2.5-3B|s0
RedHatAI/Qwen2.5-3B-quantized.w8a8,qwen2.5,Qwen2.5-3B,w8a8_int,gsm8k,68.23,-1.97,-0.9485511580262848,-3.4142605846854095,1.5171582686328402,-0.42308000000000007,-0.9878125,True,Qwen2.5-3B|s0
RedHatAI/Qwen2.5-3B-quantized.w8a8,qwen2.5,Qwen2.5-3B,w8a8_int,hellaswag,74.46,-0.39,-0.35947087123286703,-1.1964793437865104,0.4775376013207765,-0.42308000000000007,-0.24984848484848482,True,Qwen2.5-3B|s0
RedHatAI/Qwen2.5-3B-quantized.w8a8,qwen2.5,Qwen2.5-3B,w8a8_int,winogrande,70.64,-0.16,-0.3620213157469743,-2.822859537891879,2.0988169063979303,-0.42308000000000007,-0.266,True,Qwen2.5-3B|s0
RedHatAI/Qwen2.5-3B-quantized.w8a8,qwen2.5,Qwen2.5-3B,w8a8_int,truthfulqa,48.93,-1.0,-0.32695724171769003,-3.690736658665946,3.036822175230566,-0.42308000000000007,-0.20454545454545456,True,Qwen2.5-3B|s0
RedHatAI/Qwen2.5-3B-FP8-dynamic,qwen2.5,Qwen2.5-3B,fp8_dynamic,mmlu,65.68,-0.45,-0.1593889933577761,-0.8335730080563567,0.5147950213408045,-0.3087818181818182,-0.49820895522388065,True,Qwen2.5-3B|s1
RedHatAI/Qwen2.5-3B-FP8-dynamic,qwen2.5,Qwen2.5-3B,fp8_dynamic,arc_challenge,63.59,-1.09,0.13969433988165514,-2.2253738656573305,2.504762545420641,-0.3087818181818182,-0.1944776119402985,True,Qwen2.5-3B|s1
RedHatAI/Qwen2.5-3B-FP8-dynamic,qwen2.5,Qwen2.5-3B,fp8_dynamic,gsm8k,68.23,-4.32,-0.037132090632743975,-2.1942635814848677,2.1199994002193794,-0.3087818181818182,-0.43,False,Qwen2.5-3B|s1
RedHatAI/Qwen2.5-3B-FP8-dynamic,qwen2.5,Qwen2.5-3B,fp8_dynamic,hellaswag,74.46,-0.33,0.10040134215067359,-0.631857420676009,0.8326601049773563,-0.3087818181818182,-0.21014492753623187,True,Qwen2.5-3B|s1
RedHatAI/Qwen2.5-3B-FP8-dynamic,qwen2.5,Qwen2.5-3B,fp8_dynamic,winogrande,70.64,-0.71,0.22191201445493342,-1.9309578920667758,2.3747819209766425,-0.3087818181818182,-0.08176470588235295,True,Qwen2.5-3B|s1
RedHatAI/Qwen2.5-3B-FP8-dynamic,qwen2.5,Qwen2.5-3B,fp8_dynamic,truthfulqa,48.93,-0.22,0.14330285474825144,-2.7995072063751465,3.0861129158716496,-0.3087818181818182,-0.14558823529411766,True,Qwen2.5-3B|s1
RedHatAI/Qwen2.5-3B-quantized.w4a16,qwen2.5,Qwen2.5-3B,w4a16,mmlu,65.68,-1.58,-1.022241386994326,-1.6964254016929066,-0.3480573722957455,-0.3087818181818182,-0.49820895522388065,True,Qwen2.5-3B|s1
RedHatAI/Qwen2.5-3B-quantized.w4a16,qwen2.5,Qwen2.5-3B,w4a16,arc_challenge,53.58,-2.39,-0.7394938317581103,-3.190773372682888,1.7117857091666675,-0.3087818181818182,-0.1944776119402985,True,Qwen2.5-3B|s1
RedHatAI/Qwen2.5-3B-quantized.w4a16,qwen2.5,Qwen2.5-3B,w4a16,gsm8k,68.23,-0.38,-0.8999844842692941,-3.057115975121418,1.2571470065828294,-0.3087818181818182,-0.43,True,Qwen2.5-3B|s1
RedHatAI/Qwen2.5-3B-quantized.w4a16,qwen2.5,Qwen2.5-3B,w4a16,hellaswag,74.46,-1.1,-0.7624510514858764,-1.494709814312559,-0.030192288659193767,-0.3087818181818182,-0.21014492753623187,True,Qwen2.5-3B|s1
RedHatAI/Qwen2.5-3B-quantized.w4a16,qwen2.5,Qwen2.5-3B,w4a16,winogrande,70.64,-0.32,-0.6409403791816165,-2.7938102857033256,1.5119295273400928,-0.3087818181818182,-0.08176470588235295,True,Qwen2.5-3B|s1
RedHatAI/Qwen2.5-3B-quantized.w8a16,qwen2.5,Qwen2.5-3B,w8a16,mmlu,65.68,-0.03,-0.3076860999877065,-0.9818701146862872,0.36649791471087406,-0.3087818181818182,-0.49820895522388065,True,Qwen2.5-3B|s1
RedHatAI/Qwen2.5-3B-quantized.w8a16,qwen2.5,Qwen2.5-3B,w8a16,arc_challenge,53.58,-0.51,-0.024938544751490654,-2.4762180856762686,2.426340996173287,-0.3087818181818182,-0.1944776119402985,True,Qwen2.5-3B|s1
RedHatAI/Qwen2.5-3B-quantized.w8a16,qwen2.5,Qwen2.5-3B,w8a16,gsm8k,68.23,1.82,-0.18542919726267434,-2.342560688114798,1.9717022935894493,-0.3087818181818182,-0.43,True,Qwen2.5-3B|s1
RedHatAI/Qwen2.5-3B-quantized.w8a16,qwen2.5,Qwen2.5-3B,w8a16,hellaswag,51.83,-0.05,-0.06951196816200511,-0.9085304792685499,0.7695065429445397,-0.3087818181818182,-0.21014492753623187,True,Qwen2.5-3B|s1
RedHatAI/Qwen2.5-3B-quantized.w8a16,qwen2.5,Qwen2.5-3B,w8a16,winogrande,70.64,-0.08,0.07361490782500307,-2.079254998696706,2.2264848143467124,-0.3087818181818182,-0.08176470588235295,True,Qwen2.5-3B|s1
RedHatAI/Qwen2.5-3B-quantized.w8a8,qwen2.5,Qwen2.5-3B,w8a8_int,mmlu,65.68,-0.95,-0.620770926766105,-1.2949549414646855,0.05341308793247557,-0.3087818181818182,-0.49820895522388065,True,Qwen2.5-3B|s1
RedHatAI/Qwen2.5-3B-quantized.w8a8,qwen2.5,Qwen2.5-3B,w8a8_int,arc_challenge,63.59,-0.73,-0.32168759352667375,-2.6867557990656596,2.043380612012312,-0.3087818181818182,-0.1944776119402985,True,Qwen2.5-3B|s1
RedHatAI/Qwen2.5-3B-quantized.w8a8,qwen2.5,Qwen2.5-3B,w8a8_int,gsm8k,68.23,-1.97,-0.4985140240410729,-2.6556455148931963,1.6586174668110507,-0.3087818181818182,-0.43,True,Qwen2.5-3B|s1
RedHatAI/Qwen2.5-3B-quantized.w8a8,qwen2.5,Qwen2.5-3B,w8a8_int,hellaswag,74.46,-0.39,-0.36098059125765525,-1.093239354084338,0.3712781715690274,-0.3087818181818182,-0.21014492753623187,True,Qwen2.5-3B|s1
RedHatAI/Qwen2.5-3B-quantized.w8a8,qwen2.5,Qwen2.5-3B,w8a8_int,winogrande,70.64,-0.16,-0.23946991895339545,-2.3923398254751045,1.9133999875683136,-0.3087818181818182,-0.08176470588235295,True,Qwen2.5-3B|s1
RedHatAI/Qwen2.5-3B-quantized.w8a8,qwen2.5,Qwen2.5-3B,w8a8_int,truthfulqa,48.93,-1.0,-0.31807907866007745,-3.2608891397834756,2.6247309824633205,-0.3087818181818182,-0.14558823529411766,True,Qwen2.5-3B|s1
RedHatAI/Qwen2.5-3B-FP8-dynamic,qwen2.5,Qwen2.5-3B,fp8_dynamic,mmlu,65.68,-0.45,-0.2011962394070688,-1.0106794122015335,0.6082869333873959,-0.38108829568788494,-0.49142857142857144,True,Qwen2.5-3B|s2
RedHatAI/Qwen2.5-3B-FP8-dynamic,qwen2.5,Qwen2.5-3B,fp8_dynamic,arc_challenge,63.59,-1.09,-0.003680579600598255,-2.843384389176907,2.8360232299757104,-0.38108829568788494,-0.2965079365079365,True,Qwen2.5-3B|s2
RedHatAI/Qwen2.5-3B-FP8-dynamic,qwen2.5,Qwen2.5-3B,fp8_dynamic,gsm8k,68.23,-4.32,-0.5004517273956537,-3.0904888764231613,2.0895854216318535,-0.38108829568788494,-0.9109677419354838,False,Qwen2.5-3B|s2
RedHatAI/Qwen2.5-3B-FP8-dynamic,qwen2.5,Qwen2.5-3B,fp8_dynamic,hellaswag,74.46,-0.33,0.06855215829142247,-0.8106605398982614,0.9477648564811063,-0.38108829568788494,-0.19876923076923078,True,Qwen2.5-3B|s2
RedHatAI/Qwen2.5-3B-FP8-dynamic,qwen2.5,Qwen2.5-3B,fp8_dynamic,winogrande,70.64,-0.71,0.04701716755435209,-2.5379031576836484,2.6319374927923525,-0.38108829568788494,-0.22499999999999998,True,Qwen2.5-3B|s2
RedHatAI/Qwen2.5-3B-FP8-dynamic,qwen2.5,Qwen2.5-3B,fp8_dynamic,truthfulqa,48.93,-0.22,0.11127346765207202,-3.42211678378347,3.644663719087614,-0.38108829568788494,-0.12765625,True,Qwen2.5-3B|s2
RedHatAI/Qwen2.5-3B-quantized.w4a16,qwen2.5,Qwen2.5-3B,w4a16,mmlu,65.68,-1.58,-1.1270747386013182,-1.936557911395783,-0.31759156580685355,-0.38108829568788494,-0.49142857142857144,True,Qwen2.5-3B|s2
RedHatAI/Qwen2.5-3B-quantized.w4a16,qwen2.5,Qwen2.5-3B,w4a16,arc_challenge,53.58,-2.39,-0.9791677645111245,-3.922384300253359,1.96404877123111,-0.38108829568788494,-0.2965079365079365,True,Qwen2.5-3B|s2
RedHatAI/Qwen2.5-3B-quantized.w4a16,qwen2.5,Qwen2.5-3B,w4a16,gsm8k,68.23,-0.38,-1.426330226589903,-4.01636737561741,1.1637069224376044,-0.38108829568788494,-0.9109677419354838,True,Qwen2.5-3B|s2
RedHatAI/Qwen2.5-3B-quantized.w4a16,qwen2.5,Qwen2.5-3B,w4a16,hellaswag,74.46,-1.1,-0.8573263409028268,-1.7365390390925106,0.02188635728685706,-0.38108829568788494,-0.19876923076923078,True,Qwen2.5-3B|s2
RedHatAI/Qwen2.5-3B-quantized.w4a16,qwen2.5,Qwen2.5-3B,w4a16,winogrande,70.64,-0.32,-0.8788613316398972,-3.463781656877898,1.7060589935981032,-0.38108829568788494,-0.22499999999999998,True,Qwen2.5-3B|s2
RedHatAI/Qwen2.5-3B-quantized.w8a16,qwen2.5,Qwen2.5-3B,w8a16,mmlu,65.68,-0.03,-0.06718182786149224,-0.8766650006559569,0.7423013449329725,-0.38108829568788494,-0.49142857142857144,True,Qwen2.5-3B|s2
RedHatAI/Qwen2.5-3B-quantized.w8a16,qwen2.5,Qwen2.5-3B,w8a16,arc_challenge,53.58,-0.51,0.0807251462287013,-2.8624913895135333,3.023941681970936,-0.38108829568788494,-0.2965079365079365,True,Qwen2.5-3B|s2
RedHatAI/Qwen2.5-3B-quantized.w8a16,qwen2.5,Qwen2.5-3B,w8a16,gsm8k,68.23,1.82,-0.3664373158500771,-2.9564744648775845,2.2235998331774303,-0.38108829568788494,-0.9109677419354838,True,Qwen2.5-3B|s2
RedHatAI/Qwen2.5-3B-quantized.w8a16,qwen2.5,Qwen2.5-3B,w8a16,hellaswag,51.83,-0.05,0.08480314387705634,-0.9225944680456514,1.0922007557997642,-0.38108829568788494,-0.19876923076923078,True,Qwen2.5-3B|s2
RedHatAI/Qwen2.5-3B-quantized.w8a16,qwen2.5,Qwen2.5-3B,w8a16,winogrande,70.64,-0.08,0.18103157909992873,-2.4038887461380716,2.7659519043379293,-0.38108829568788494,-0.22499999999999998,True,Qwen2.5-3B|s2
RedHatAI/Qwen2.5-3B-quantized.w8a8,qwen2.5,Qwen2.5-3B,w8a8_int,mmlu,65.68,-0.95,-0.6248505349584802,-1.4343337077529448,0.1846326378359845,-0.38108829568788494,-0.49142857142857144,True,Qwen2.5-3B|s2
RedHatAI/Qwen2.5-3B-quantized.w8a8,qwen2.5,Qwen2.5-3B,w8a8_int,arc_challenge,63.59,-0.73,-0.42733487515200963,-3.2670386847283184,2.412368934424299,-0.38108829568788494,-0.2965079365079365,True,Qwen2.5-3B|s2
RedHatAI/Qwen2.5-3B-quantized.w8a8,qwen2.5,Qwen2.5-3B,w8a8_int,gsm8k,68.23,-1.97,-0.9241060229470651,-3.5141431719745726,1.6659311260804421,-0.38108829568788494,-0.9109677419354838,True,Qwen2.5-3B|s2
RedHatAI/Qwen2.5-3B-quantized.w8a8,qwen2.5,Qwen2.5-3B,w8a8_int,hellaswag,74.46,-0.39,-0.35510213725998896,-1.234314835449673,0.5241105609296949,-0.38108829568788494,-0.19876923076923078,True,Qwen2.5-3B|s2
RedHatAI/Qwen2.5-3B-quantized.w8a8,qwen2.5,Qwen2.5-3B,w8a8_int,winogrande,70.64,-0.16,-0.37663712799705923,-2.9615574532350597,2.208283197240941,-0.38108829568788494,-0.22499999999999998,True,Qwen2.5-3B|s2
RedHatAI/Qwen2.5-3B-quantized.w8a8,qwen2.5,Qwen2.5-3B,w8a8_int,truthfulqa,48.93,-1.0,-0.3123808278993393,-3.8457710793348814,3.2210094235362026,-0.38108829568788494,-0.12765625,True,Qwen2.5-3B|s2
RedHatAI/Qwen2.5-3B-FP8-dynamic,qwen2.5,Qwen2.5-3B,fp8_dynamic,mmlu,65.68,-0.45,-0.31303047308821474,-1.522418914788875,0.8963579686124454,-0.3193861386138614,-0.42047619047619045,True,Qwen2.5-3B|s3
RedHatAI/Qwen2.5-3B-FP8-dynamic,qwen2.5,Qwen2.5-3B,fp8_dynamic,arc_challenge,63.59,-1.09,-0.20127495751140068,-4.443864650017488,4.041314734994687,-0.3193861386138614,-0.30714285714285716,True,Qwen2.5-3B|s3
RedHatAI/Qwen2.5-3B-FP8-dynamic,qwen2.5,Qwen2.5-3B,fp8_dynamic,gsm8k,68.23,-4.32,-0.37008379549118475,-4.239665149228026,3.4994975582456562,-0.3193861386138614,-0.4915873015873016,False,Qwen2.5-3B|s3
RedHatAI/Qwen2.5-3B-FP8-dynamic,qwen2.5,Qwen2.5-3B,fp8_dynamic,hellaswag,74.46,-0.33,-0.15774705611010675,-1.4713131816619702,1.155819069441757,-0.3193861386138614,-0.24075757575757575,True,Qwen2.5-3B|s3
RedHatAI/Qwen2.5-3B-FP8-dynamic,qwen2.5,Qwen2.5-3B,fp8_dynamic,winogrande,70.64,-0.71,-0.036553105681356,-3.8984897945786723,3.82538358321596,-0.3193861386138614,-0.11090909090909092,True,Qwen2.5-3B|s3
RedHatAI/Qwen2.5-3B-FP8-dynamic,qwen2.5,Qwen2.5-3B,fp8_dynamic,truthfulqa,48.93,-0.22,-0.09152686139796362,-5.370501735393214,5.187448012597287,-0.3193861386138614,-0.21727272727272728,True,Qwen2.5-3B|s3
RedHatAI/Qwen2.5-3B-quantized.w4a16,qwen2.5,Qwen2.5-3B,w4a16,mmlu,65.68,-1.58,-0.9631315107778069,-2.172519952478467,0.24625693092285328,-0.3193861386138614,-0.42047619047619045,True,Qwen2.5-3B|s3
RedHatAI/Qwen2.5-3B-quantized.w4a16,qwen2.5,Qwen2.5-3B,w4a16,arc_challenge,53.58,-2.39,-0.8413500429478211,-5.238590380212626,3.5558902943169843,-0.3193861386138614,-0.30714285714285716,True,Qwen2.5-3B|s3
RedHatAI/Qwen2.5-3B-quantized.w4a16,qwen2.5,Qwen2.5-3B,w4a16,gsm8k,68.23,-0.38,-1.020184833180777,-4.889766186917618,2.8493965205560636,-0.3193861386138614,-0.4915873015873016,True,Qwen2.5-3B|s3
RedHatAI/Qwen2.5-3B-quantized.w4a16,qwen2.5,Qwen2.5-3B,w4a16,hellaswag,74.46,-1.1,-0.8078480937996989,-2.1214142193515624,0.5057180317521647,-0.3193861386138614,-0.24075757575757575,True,Qwen2.5-3B|s3
RedHatAI/Qwen2.5-3B-quantized.w4a16,qwen2.5,Qwen2.5-3B,w4a16,winogrande,70.64,-0.32,-0.6866541433709481,-4.548590832268264,3.1752825455263682,-0.3193861386138614,-0.11090909090909092,True,Qwen2.5-3B|s3
RedHatAI/Qwen2.5-3B-quantized.w8a16,qwen2.5,Qwen2.5-3B,w8a16,mmlu,65.68,-0.03,-0.20925786613234787,-1.418646307833008,1.0001305755683123,-0.3193861386138614,-0.42047619047619045,True,Qwen2.5-3B|s3
RedHatAI/Qwen2.5-3B-quantized.w8a16,qwen2.5,Qwen2.5-3B,w8a16,arc_challenge,53.58,-0.51,-0.08747639830236217,-4.484716735567168,4.309763938962443,-0.3193861386138614,-0.30714285714285716,True,Qwen2.5-3B|s3
RedHatAI/Qwen2.5-3B-quantized.w8a16,qwen2.5,Qwen2.5-3B,w8a16,gsm8k,68.23,1.82,-0.2663111885353178,-4.135892542272159,3.603270165201523,-0.3193861386138614,-0.4915873015873016,True,Qwen2.5-3B|s3
RedHatAI/Qwen2.5-3B-quantized.w8a16,qwen2.5,Qwen2.5-3B,w8a16,hellaswag,51.83,-0.05,-0.06642196571947429,-1.5714996115589592,1.4386556801200108,-0.3193861386138614,-0.24075757575757575,True,Qwen2.5-3B|s3
RedHatAI/Qwen2.5-3B-quantized.w8a16,qwen2.5,Qwen2.5-3B,w8a16,winogrande,70.64,-0.08,0.06721950127451087,-3.794717187622805,3.929156190171827,-0.3193861386138614,-0.11090909090909092,True,Qwen2.5-3B|s3
RedHatAI/Qwen2.5-3B-quantized.w8a8,qwen2.5,Qwen2.5-3B,w8a8_int,mmlu,65.68,-0.95,-0.5196729186870713,-1.7290613603877314,0.6897155230135888,-0.3193861386138614,-0.42047619047619045,True,Qwen2.5-3B|s3
RedHatAI/Qwen2.5-3B-quantized.w8a8,qwen2.5,Qwen2.5-3B,w8a8_int,arc_challenge,63.59,-0.73,-0.40791740311025726,-4.650507095616345,3.8346722893958303,-0.3193861386138614,-0.30714285714285716,True,Qwen2.5-3B|s3
RedHatAI/Qwen2.5-3B-quantized.w8a8,qwen2.5,Qwen2.5-3B,w8a8_int,gsm8k,68.23,-1.97,-0.5767262410900413,-4.446307594826882,3.2928551126467998,-0.3193861386138614,-0.4915873015873016,True,Qwen2.5-3B|s3
RedHatAI/Qwen2.5-3B-quantized.w8a8,qwen2.5,Qwen2.5-3B,w8a8_int,hellaswag,74.46,-0.39,-0.36438950170896334,-1.677955627260827,0.9491766238429002,-0.3193861386138614,-0.24075757575757575,True,Qwen2.5-3B|s3
RedHatAI/Qwen2.5-3B-quantized.w8a8,qwen2.5,Qwen2.5-3B,w8a8_int,winogrande,70.64,-0.16,-0.24319555128021267,-4.105132240177529,3.6187411376171035,-0.3193861386138614,-0.11090909090909092,True,Qwen2.5-3B|s3
RedHatAI/Qwen2.5-3B-quantized.w8a8,qwen2.5,Qwen2.5-3B,w8a8_int,truthfulqa,48.93,-1.0,-0.2981693069968202,-5.577144180992071,4.98080556699843,-0.3193861386138614,-0.21727272727272728,True,Qwen2.5-3B|s3
RedHatAI/Qwen2.5-3B-FP8-dynamic,qwen2.5,Qwen2.5-3B,fp8_dynamic,mmlu,65.68,-0.45,-0.2912901841688411,-1.2948309264494582,0.712250558111776,-0.3835071942446043,-0.4569014084507042,True,Qwen2.5-3B|s4
RedHatAI/Qwen2.5-3B-FP8-dynamic,qwen2.5,Qwen2.5-3B,fp8_dynamic,arc_challenge,63.59,-1.09,-0.28206964455612704,-3.8025362394100823,3.2383969502978283,-0.3835071942446043,-0.45323529411764707,True,Qwen2.5-3B|s4
RedHatAI/Qwen2.5-3B-FP8-dynamic,qwen2.5,Qwen2.5-3B,fp8_dynamic,gsm8k,68.23,-4.32,-0.5474164255857978,-3.7583637193961916,2.663530868224596,-0.3835071942446043,-0.77,False,Qwen2.5-3B|s4
RedHatAI/Qwen2.5-3B-FP8-dynamic,qwen2.5,Qwen2.5-3B,fp8_dynamic,hellaswag,74.46,-0.33,-0.20870413967450374,-1.2986906809856598,0.8812824016366523,-0.3835071942446043,-0.3572222222222222,True,Qwen2.5-3B|s4
RedHatAI/Qwen2.5-3B-FP8-dynamic,qwen2.5,Qwen2.5-3B,fp8_dynamic,winogrande,70.64,-0.71,-0.0796270813805442,-3.2842308941694434,3.1249767314083554,-0.3835071942446043,-0.21056338028169017,True,Qwen2.5-3B|s4
RedHatAI/Qwen2.5-3B-FP8-dynamic,qwen2.5,Qwen2.5-3B,fp8_dynamic,truthfulqa,48.93,-0.22,-0.08878663195792758,-4.469237263750193,4.291663999834338,-0.3835071942446043,-0.2348611111111111,True,Qwen2.5-3B|s4
RedHatAI/Qwen2.5-3B-quantized.w4a16,qwen2.5,Qwen2.5-3B,w4a16,mmlu,65.68,-1.58,-1.0453503053119566,-2.0488910475925737,-0.041809563031339536,-0.3835071942446043,-0.4569014084507042,True,Qwen2.5-3B|s4
RedHatAI/Qwen2.5-3B-quantized.w4a16,qwen2.5,Qwen2.5-3B,w4a16,arc_challenge,53.58,-2.39,-1.0721560377380717,-4.720950486145098,2.576638410668955,-0.3835071942446043,-0.45323529411764707,True,Qwen2.5-3B|s4
RedHatAI/Qwen2.5-3B-quantized.w4a16,qwen2.5,Qwen2.5-3B,w4a16,gsm8k,68.23,-0.38,-1.3014765467289133,-4.512423840539308,1.9094707470814805,-0.3835071942446043,-0.77,True,Qwen2.5-3B|s4
RedHatAI/Qwen2.5-3B-quantized.w4a16,qwen2.5,Qwen2.5-3B,w4a16,hellaswag,74.46,-1.1,-0.9627642608176192,-2.0527508021287755,0.1272222804935368,-0.3835071942446043,-0.3572222222222222,True,Qwen2.5-3B|s4
RedHatAI/Qwen2.5-3B-quantized.w4a16,qwen2.5,Qwen2.5-3B,w4a16,winogrande,70.64,-0.32,-0.8336872025236597,-4.038291015312559,2.3709166102652395,-0.3835071942446043,-0.21056338028169017,True,Qwen2.5-3B|s4
RedHatAI/Qwen2.5-3B-quantized.w8a16,qwen2.5,Qwen2.5-3B,w8a16,mmlu,65.68,-0.03,-0.2688679354512654,-1.2724086777318826,0.7346728068293517,-0.3835071942446043,-0.4569014084507042,True,Qwen2.5-3B|s4
RedHatAI/Qwen2.5-3B-quantized.w8a16,qwen2.5,Qwen2.5-3B,w8a16,arc_challenge,53.58,-0.51,-0.29567366787738025,-3.9444681162844066,3.353120780529646,-0.3835071942446043,-0.45323529411764707,True,Qwen2.5-3B|s4
RedHatAI/Qwen2.5-3B-quantized.w8a16,qwen2.5,Qwen2.5-3B,w8a16,gsm8k,68.23,1.82,-0.524994176868222,-3.7359414706786156,2.685953116942172,-0.3835071942446043,-0.77,True,Qwen2.5-3B|s4
RedHatAI/Qwen2.5-3B-quantized.w8a16,qwen2.5,Qwen2.5-3B,w8a16,hellaswag,51.83,-0.05,-0.2978443043048302,-1.5467455553964677,0.9510569467868073,-0.3835071942446043,-0.3572222222222222,True,Qwen2.5-3B|s4
RedHatAI/Qwen2.5-3B-quantized.w8a16,qwen2.5,Qwen2.5-3B,w8a16,winogrande,70.64,-0.08,-0.057204832662968386,-3.2618086454518678,3.147398980125931,-0.3835071942446043,-0.21056338028169017,True,Qwen2.5-3B|s4
RedHatAI/Qwen2.5-3B-quantized.w8a8,qwen2.5,Qwen2.5-3B,w8a8_int,mmlu,65.68,-0.95,-0.4101310472998938,-1.4136717895805109,0.5934096949807233,-0.3835071942446043,-0.4569014084507042,True,Qwen2.5-3B|s4
RedHatAI/Qwen2.5-3B-quantized.w8a8,qwen2.5,Qwen2.5-3B,w8a8_int,arc_challenge,63.59,-0.73,-0.40091050768717973,-3.9213771025411353,3.1195560871667753,-0.3835071942446043,-0.45323529411764707,True,Qwen2.5-3B|s4
RedHatAI/Qwen2.5-3B-quantized.w8a8,qwen2.5,Qwen2.5-3B,w8a8_int,gsm8k,68.23,-1.97,-0.6662572887168505,-3.877204582527244,2.5446900050935435,-0.3835071942446043,-0.77,True,Qwen2.5-3B|s4
RedHatAI/Qwen2.5-3B-quantized.w8a8,qwen2.5,Qwen2.5-3B,w8a8_int,hellaswag,74.46,-0.39,-0.3275450028055564,-1.4175315441167124,0.7624415385055996,-0.3835071942446043,-0.3572222222222222,True,Qwen2.5-3B|s4
RedHatAI/Qwen2.5-3B-quantized.w8a8,qwen2.5,Qwen2.5-3B,w8a8_int,winogrande,70.64,-0.16,-0.19846794451159686,-3.4030717573004963,3.0061358682773025,-0.3835071942446043,-0.21056338028169017,True,Qwen2.5-3B|s4
RedHatAI/Qwen2.5-3B-quantized.w8a8,qwen2.5,Qwen2.5-3B,w8a8_int,truthfulqa,48.93,-1.0,-0.2076274950889803,-4.588078126881245,4.172823136703285,-0.3835071942446043,-0.2348611111111111,True,Qwen2.5-3B|s4
RedHatAI/Qwen2.5-72B-FP8-dynamic,qwen2.5,Qwen2.5-72B,fp8_dynamic,mmlu,86.05,-0.21,-0.1077206346905642,-0.5526054315841654,0.337164162203037,-0.39252236135957064,-0.4747058823529412,True,Qwen2.5-72B|s0
RedHatAI/Qwen2.5-72B-FP8-dynamic,qwen2.5,Qwen2.5-72B,fp8_dynamic,arc_challenge,68.26,-0.09,-0.05583303044593363,-2.124651121753749,2.012985060861882,-0.39252236135957064,-0.3736764705882353,True,Qwen2.5-72B|s0
RedHatAI/Qwen2.5-72B-FP8-dynamic,qwen2.5,Qwen2.5-72B,fp8_dynamic,gsm8k,88.63,-0.84,-0.2890331536399221,-1.6190211375073473,1.0409548302275033,-0.39252236135957064,-0.7089552238805971,True,Qwen2.5-72B|s0
RedHatAI/Qwen2.5-72B-FP8-dynamic,qwen2.5,Qwen2.5-72B,fp8_dynamic,hellaswag,87.53,-0.07,0.08516948976403532,-0.41648082659678115,0.5868198061248517,-0.39252236135957064,-0.23114285714285715,True,Qwen2.5-72B|s0
RedHatAI/Qwen2.5-72B-FP8-dynamic,qwen2.5,Qwen2.5-72B,fp8_dynamic,winogrande,82.56,0.63,0.014231292344777102,-1.6078375530607931,1.6363001377503474,-0.39252236135957064,-0.2995652173913044,True,Qwen2.5-72B|s0
RedHatAI/Qwen2.5-72B-FP8-dynamic,qwen2.5,Qwen2.5-72B,fp8_dynamic,truthfulqa,60.44,-0.16,0.09698984928459525,-2.5060382066411466,2.7000179052103372,-0.39252236135957064,-0.202,True,Qwen2.5-72B|s0
RedHatAI/Qwen2.5-72B-quantized.w8a16,qwen2.5,Qwen2.5-72B,w8a16,mmlu,86.05,-0.07,-0.01792009042925563,-0.46280488732285685,0.4269647064643456,-0.39252236135957064,-0.4747058823529412,True,Qwen2.5-72B|s0
RedHatAI/Qwen2.5-72B-quantized.w8a16,qwen2.5,Qwen2.5-72B,w8a16,arc_challenge,68.26,-0.09,0.03396751381537505,-2.03485057749244,2.1027856051231906,-0.39252236135957064,-0.3736764705882353,True,Qwen2.5-72B|s0
RedHatAI/Qwen2.5-72B-quantized.w8a16,qwen2.5,Qwen2.5-72B,w8a16,gsm8k,88.63,0.53,-0.19923260937861356,-1.529220593246039,1.1307553744888117,-0.39252236135957064,-0.7089552238805971,True,Qwen2.5-72B|s0
RedHatAI/Qwen2.5-72B-quantized.w8a16,qwen2.5,Qwen2.5-72B,w8a16,hellaswag,87.53,-0.04,0.174970034025344,-0.32668028233547247,0.6766203503861605,-0.39252236135957064,-0.23114285714285715,True,Qwen2.5-72B|s0
RedHatAI/Qwen2.5-72B-quantized.w8a16,qwen2.5,Qwen2.5-72B,w8a16,winogrande,82.56,0.0,0.10403183660608567,-1.5180370087994846,1.726100682011656,-0.39252236135957064,-0.2995652173913044,True,Qwen2.5-72B|s0
RedHatAI/Qwen2.5-72B-quantized.w8a16,qwen2.5,Qwen2.5-72B,w8a16,truthfulqa,60.44,-0.14,0.18679039354590382,-2.4162376623798383,2.7898184494716456,-0.39252236135957064,-0.202,True,Qwen2.5-72B|s0
RedHatAI/Qwen2.5-72B-quantized.w8a8,qwen2.5,Qwen2.5-72B,w8a8_int,mmlu,86.05,-0.37,-0.572208472701998,-1.0170932695955992,-0.12732367580839682,-0.39252236135957064,-0.4747058823529412,True,Qwen2.5-72B|s0
RedHatAI/Qwen2.5-72B-quantized.w8a8,qwen2.5,Qwen2.5-72B,w8a8_int,arc_challenge,68.26,-0.09,-0.5203208684573675,-2.589138959765183,1.5484972228504479,-0.39252236135957064,-0.3736764705882353,True,Qwen2.5-72B|s0
RedHatAI/Qwen2.5-72B-quantized.w8a8,qwen2.5,Qwen2.5-72B,w8a8_int,gsm8k,88.63,0.0,-0.7535209916513559,-2.0835089755187814,0.5764669922160695,-0.39252236135957064,-0.7089552238805971,True,Qwen2.5-72B|s0
RedHatAI/Qwen2.5-72B-quantized.w8a8,qwen2.5,Qwen2.5-72B,w8a8_int,hellaswag,87.53,0.0,-0.3793183482473985,-0.880968664608215,0.12233196811341795,-0.39252236135957064,-0.23114285714285715,True,Qwen2.5-72B|s0
RedHatAI/Qwen2.5-72B-quantized.w8a8,qwen2.5,Qwen2.5-72B,w8a8_int,winogrande,82.56,-0.79,-0.45025654566665674,-2.0723253910722272,1.1718122997389135,-0.39252236135957064,-0.2995652173913044,True,Qwen2.5-72B|s0
RedHatAI/Qwen2.5-72B-quantized.w8a8,qwen2.5,Qwen2.5-72B,w8a8_int,truthfulqa,60.44,0.05,-0.36749798872683864,-2.9705260446525807,2.235530067198903,-0.39252236135957064,-0.202,True,Qwen2.5-72B|s0
RedHatAI/Qwen2.5-72B-FP8-dynamic,qwen2.5,Qwen2.5-72B,fp8_dynamic,mmlu,86.05,-0.21,-0.11441200976086802,-0.8986258398955136,0.6698018203737777,-0.36187747035573126,-0.4218181818181818,True,Qwen2.5-72B|s1
RedHatAI/Qwen2.5-72B-FP8-dynamic,qwen2.5,Qwen2.5-72B,fp8_dynamic,arc_challenge,68.26,-0.09,-0.36893647355679776,-4.015713730421257,3.277840783307661,-0.36187747035573126,-0.48015625,True,Qwen2.5-72B|s1
RedHatAI/Qwen2.5-72B-FP8-dynamic,qwen2.5,Qwen2.5-72B,fp8_dynamic,gsm8k,88.63,-0.84,-0.1663084156671472,-2.510724269264347,2.1781074379300525,-0.36187747035573126,-0.49446153846153845,True,Qwen2.5-72B|s1
RedHatAI/Qwen2.5-72B-FP8-dynamic,qwen2.5,Qwen2.5-72B,fp8_dynamic,hellaswag,87.53,-0.07,-0.11403811127883554,-0.9983144873844872,0.7702382648268161,-0.36187747035573126,-0.346764705882353,True,Qwen2.5-72B|s1
RedHatAI/Qwen2.5-72B-FP8-dynamic,qwen2.5,Qwen2.5-72B,fp8_dynamic,winogrande,82.56,0.63,0.0006894993669009364,-2.8585873985618186,2.859966397295621,-0.36187747035573126,-0.16014925373134328,True,Qwen2.5-72B|s1
RedHatAI/Qwen2.5-72B-FP8-dynamic,qwen2.5,Qwen2.5-72B,fp8_dynamic,truthfulqa,60.44,-0.16,-0.11303859141912304,-4.701486243348375,4.475409060510129,-0.36187747035573126,-0.20106060606060605,True,Qwen2.5-72B|s1
RedHatAI/Qwen2.5-72B-quantized.w8a16,qwen2.5,Qwen2.5-72B,w8a16,mmlu,86.05,-0.07,-0.08024252438330187,-0.8644563545179476,0.7039713057513437,-0.36187747035573126,-0.4218181818181818,True,Qwen2.5-72B|s1
RedHatAI/Qwen2.5-72B-quantized.w8a16,qwen2.5,Qwen2.5-72B,w8a16,arc_challenge,68.26,-0.09,-0.3347669881792317,-3.9815442450436906,3.312010268685227,-0.36187747035573126,-0.48015625,True,Qwen2.5-72B|s1
RedHatAI/Qwen2.5-72B-quantized.w8a16,qwen2.5,Qwen2.5-72B,w8a16,gsm8k,88.63,0.53,-0.13213893028958104,-2.476554783886781,2.2122769233076185,-0.36187747035573126,-0.49446153846153845,True,Qwen2.5-72B|s1
RedHatAI/Qwen2.5-72B-quantized.w8a16,qwen2.5,Qwen2.5-72B,w8a16,hellaswag,87.53,-0.04,-0.07986862590126936,-0.9641450020069211,0.8044077502043823,-0.36187747035573126,-0.346764705882353,True,Qwen2.5-72B|s1
RedHatAI/Qwen2.5-72B-quantized.w8a16,qwen2.5,Qwen2.5-72B,w8a16,winogrande,82.56,0.0,0.03485898474446697,-2.8244179131842526,2.894135882673187,-0.36187747035573126,-0.16014925373134328,True,Qwen2.5-72B|s1
RedHatAI/Qwen2.5-72B-quantized.w8a16,qwen2.5,Qwen2.5-72B,w8a16,truthfulqa,60.44,-0.14,-0.07886910604155695,-4.667316757970809,4.509578545887695,-0.36187747035573126,-0.20106060606060605,True,Qwen2.5-72B|s1
RedHatAI/Qwen2.5-72B-quantized.w8a8,qwen2.5,Qwen2.5-72B,w8a8_int,mmlu,86.05,-0.37,-0.4132920030338879,-1.1975058331685335,0.3709218271007577,-0.36187747035573126,-0.4218181818181818,True,Qwen2.5-72B|s1
RedHatAI/Qwen2.5-72B-quantized.w8a8,qwen2.5,Qwen2.5-72B,w8a8_int,arc_challenge,68.26,-0.09,-0.6678164668298177,-4.314593723694276,2.978960790034641,-0.36187747035573126,-0.48015625,True,Qwen2.5-72B|s1
RedHatAI/Qwen2.5-72B-quantized.w8a8,qwen2.5,Qwen2.5-72B,w8a8_int,gsm8k,88.63,0.0,-0.4651884089401671,-2.8096042625373667,1.8792274446570327,-0.36187747035573126,-0.49446153846153845,True,Qwen2.5-72B|s1
RedHatAI/Qwen2.5-72B-quantized.w8a8,qwen2.5,Qwen2.5-72B,w8a8_int,hellaswag,87.53,0.0,-0.4129181045518554,-1.297194480657507,0.4713582715537963,-0.36187747035573126,-0.346764705882353,True,Qwen2.5-72B|s1
RedHatAI/Qwen2.5-72B-quantized.w8a8,qwen2.5,Qwen2.5-72B,w8a8_int,winogrande,82.56,-0.79,-0.298190493906119,-3.157467391834839,2.5610864040226007,-0.36187747035573126,-0.16014925373134328,True,Qwen2.5-72B|s1
RedHatAI/Qwen2.5-72B-quantized.w8a8,qwen2.5,Qwen2.5-72B,w8a8_int,truthfulqa,60.44,0.05,-0.411918584692143,-5.000366236621395,4.17652906723711,-0.36187747035573126,-0.20106060606060605,True,Qwen2.5-72B|s1
RedHatAI/Qwen2.5-72B-FP8-dynamic,qwen2.5,Qwen2.5-72B,fp8_dynamic,mmlu,86.05,-0.21,-0.2079611332231877,-0.674942715848298,0.2590204494019226,-0.37625423728813556,-0.5245945945945946,True,Qwen2.5-72B|s2
RedHatAI/Qwen2.5-72B-FP8-dynamic,qwen2.5,Qwen2.5-72B,fp8_dynamic,arc_challenge,68.26,-0.09,-0.07556544846783558,-2.247138748315698,2.096007851380027,-0.37625423728813556,-0.3851388888888889,True,Qwen2.5-72B|s2
RedHatAI/Qwen2.5-72B-FP8-dynamic,qwen2.5,Qwen2.5-72B,fp8_dynamic,gsm8k,88.63,-0.84,-0.33521981177371535,-1.7312663791445657,1.0608267555971351,-0.37625423728813556,-0.6767123287671233,True,Qwen2.5-72B|s2
RedHatAI/Qwen2.5-72B-FP8-dynamic,qwen2.5,Qwen2.5-72B,fp8_dynamic,hellaswag,87.53,-0.07,0.04266128386318141,-0.48390527964783786,0.5692278473742007,-0.37625423728813556,-0.23592105263157895,True,Qwen2.5-72B|s2
RedHatAI/Qwen2.5-72B-FP8-dynamic,qwen2.5,Qwen2.5-72B,fp8_dynamic,winogrande,82.56,0.63,0.059440630290612084,-1.6431940334323132,1.7620752940135374,-0.37625423728813556,-0.21693333333333334,True,Qwen2.5-72B|s2
RedHatAI/Qwen2.5-72B-FP8-dynamic,qwen2.5,Qwen2.5-72B,fp8_dynamic,truthfulqa,60.44,-0.16,0.08136409434113523,-2.6509526080084003,2.8136807966906705,-0.37625423728813556,-0.20534246575342466,True,Qwen2.5-72B|s2
RedHatAI/Qwen2.5-72B-quantized.w8a16,qwen2.5,Qwen2.5-72B,w8a16,mmlu,86.05,-0.07,-0.16502983600785007,-0.6320114186329604,0.3019517466172602,-0.37625423728813556,-0.5245945945945946,True,Qwen2.5-72B|s2
RedHatAI/Qwen2.5-72B-quantized.w8a16,qwen2.5,Qwen2.5-72B,w8a16,arc_challenge,68.26,-0.09,-0.032634151252497856,-2.2042074511003604,2.1389391485953646,-0.37625423728813556,-0.3851388888888889,True,Qwen2.5-72B|s2
RedHatAI/Qwen2.5-72B-quantized.w8a16,qwen2.5,Qwen2.5-72B,w8a16,gsm8k,88.63,0.53,-0.29228851455837757,-1.688335081929228,1.1037580528124729,-0.37625423728813556,-0.6767123287671233,True,Qwen2.5-72B|s2
RedHatAI/Qwen2.5-72B-quantized.w8a16,qwen2.5,Qwen2.5-72B,w8a16,hellaswag,87.53,-0.04,0.08559258107851908,-0.4409739824325002,0.6121591445895384,-0.37625423728813556,-0.23592105263157895,True,Qwen2.5-72B|s2
RedHatAI/Qwen2.5-72B-quantized.w8a16,qwen2.5,Qwen2.5-72B,w8a16,winogrande,82.56,0.0,0.10237192750594981,-1.6002627362169755,1.805006591228875,-0.37625423728813556,-0.21693333333333334,True,Qwen2.5-72B|s2
RedHatAI/Qwen2.5-72B-quantized.w8a16,qwen2.5,Qwen2.5-72B,w8a16,truthfulqa,60.44,-0.14,0.1242953915564729,-2.6080213107930623,2.8566120939060085,-0.37625423728813556,-0.20534246575342466,True,Qwen2.5-72B|s2
RedHatAI/Qwen2.5-72B-quantized.w8a8,qwen2.5,Qwen2.5-72B,w8a8_int,mmlu,86.05,-0.37,-0.5170248512586136,-0.984006433883724,-0.050043268633503335,-0.37625423728813556,-0.5245945945945946,True,Qwen2.5-72B|s2
RedHatAI/Qwen2.5-72B-quantized.w8a8,qwen2.5,Qwen2.5-72B,w8a8_int,arc_challenge,68.26,-0.09,-0.3846291665032615,-2.556202466351124,1.786944133344601,-0.37625423728813556,-0.3851388888888889,True,Qwen2.5-72B|s2
RedHatAI/Qwen2.5-72B-quantized.w8a8,qwen2.5,Qwen2.5-72B,w8a8_int,gsm8k,88.63,0.0,-0.6442835298091412,-2.0403300971799916,0.7517630375617093,-0.37625423728813556,-0.6767123287671233,True,Qwen2.5-72B|s2
RedHatAI/Qwen2.5-72B-quantized.w8a8,qwen2.5,Qwen2.5-72B,w8a8_int,hellaswag,87.53,0.0,-0.2664024341722445,-0.7929689976832638,0.26016412933877475,-0.37625423728813556,-0.23592105263157895,True,Qwen2.5-72B|s2
RedHatAI/Qwen2.5-72B-quantized.w8a8,qwen2.5,Qwen2.5-72B,w8a8_int,winogrande,82.56,-0.79,-0.24962308774481384,-1.952257751467739,1.4530115759781115,-0.37625423728813556,-0.21693333333333334,True,Qwen2.5-72B|s2
RedHatAI/Qwen2.5-72B-quantized.w8a8,qwen2.5,Qwen2.5-72B,w8a8_int,truthfulqa,60.44,0.05,-0.2276996236942907,-2.960016326043826,2.5046170786552446,-0.37625423728813556,-0.20534246575342466,True,Qwen2.5-72B|s2
RedHatAI/Qwen2.5-72B-FP8-dynamic,qwen2.5,Qwen2.5-72B,fp8_dynamic,mmlu,86.05,-0.21,-0.09343544611585625,-0.491029827992613,0.30415893576090053,-0.33891509433962264,-0.5152054794520547,True,Qwen2.5-72B|s3
RedHatAI/Qwen2.5-72B-FP8-dynamic,qwen2.5,Qwen2.5-72B,fp8_dynamic,arc_challenge,68.26,-0.09,0.09056639772985009,-1.758340231519843,1.9394730269795433,-0.33891509433962264,-0.3452777777777778,True,Qwen2.5-72B|s3
RedHatAI/Qwen2.5-72B-FP8-dynamic,qwen2.5,Qwen2.5-72B,fp8_dynamic,gsm8k,88.63,-0.84,-0.08785909792250046,-1.2764718669844872,1.1007536711394863,-0.33891509433962264,-0.5154929577464789,True,Qwen2.5-72B|s3
RedHatAI/Qwen2.5-72B-FP8-dynamic,qwen2.5,Qwen2.5-72B,fp8_dynamic,hellaswag,87.53,-0.07,0.16410223236797444,-0.28422360129601487,0.6124280660319638,-0.33891509433962264,-0.22559999999999997,True,Qwen2.5-72B|s3
RedHatAI/Qwen2.5-72B-FP8-dynamic,qwen2.5,Qwen2.5-72B,fp8_dynamic,winogrande,82.56,0.63,0.22662544104818078,-1.2230205447300495,1.676271426826411,-0.33891509433962264,-0.15945205479452054,True,Qwen2.5-72B|s3
RedHatAI/Qwen2.5-72B-FP8-dynamic,qwen2.5,Qwen2.5-72B,fp8_dynamic,truthfulqa,60.44,-0.16,0.24432987355001107,-2.0820012084068535,2.5706609555068756,-0.33891509433962264,-0.17175675675675678,True,Qwen2.5-72B|s3
RedHatAI/Qwen2.5-72B-quantized.w8a16,qwen2.5,Qwen2.5-72B,w8a16,mmlu,86.05,-0.07,-0.21666257704141034,-0.6142569589181671,0.18093180483534643,-0.33891509433962264,-0.5152054794520547,True,Qwen2.5-72B|s3
RedHatAI/Qwen2.5-72B-quantized.w8a16,qwen2.5,Qwen2.5-72B,w8a16,arc_challenge,68.26,-0.09,-0.032660733195703895,-1.881567362445397,1.8162458960539893,-0.33891509433962264,-0.3452777777777778,True,Qwen2.5-72B|s3
RedHatAI/Qwen2.5-72B-quantized.w8a16,qwen2.5,Qwen2.5-72B,w8a16,gsm8k,88.63,0.53,-0.21108622884805447,-1.3996989979100412,0.9775265402139323,-0.33891509433962264,-0.5154929577464789,True,Qwen2.5-72B|s3
RedHatAI/Qwen2.5-72B-quantized.w8a16,qwen2.5,Qwen2.5-72B,w8a16,hellaswag,87.53,-0.04,0.0408751014424204,-0.4074507322215689,0.4892009351064097,-0.33891509433962264,-0.22559999999999997,True,Qwen2.5-72B|s3
RedHatAI/Qwen2.5-72B-quantized.w8a16,qwen2.5,Qwen2.5-72B,w8a16,winogrande,82.56,0.0,0.10339831012262674,-1.3462476756556034,1.553044295900857,-0.33891509433962264,-0.15945205479452054,True,Qwen2.5-72B|s3
RedHatAI/Qwen2.5-72B-quantized.w8a16,qwen2.5,Qwen2.5-72B,w8a16,truthfulqa,60.44,-0.14,0.12110274262445703,-2.2052283393324075,2.4474338245813216,-0.33891509433962264,-0.17175675675675678,True,Qwen2.5-72B|s3
RedHatAI/Qwen2.5-72B-quantized.w8a8,qwen2.5,Qwen2.5-72B,w8a8_int,mmlu,86.05,-0.37,-0.5762009962043428,-0.9737953780810996,-0.17860661432758607,-0.33891509433962264,-0.5152054794520547,True,Qwen2.5-72B|s3
RedHatAI/Qwen2.5-72B-quantized.w8a8,qwen2.5,Qwen2.5-72B,w8a8_int,arc_challenge,68.26,-0.09,-0.39219915235863645,-2.2411057816083297,1.4567074768910566,-0.33891509433962264,-0.3452777777777778,True,Qwen2.5-72B|s3
RedHatAI/Qwen2.5-72B-quantized.w8a8,qwen2.5,Qwen2.5-72B,w8a8_int,gsm8k,88.63,0.0,-0.570624648010987,-1.7592374170729737,0.6179881210509998,-0.33891509433962264,-0.5154929577464789,True,Qwen2.5-72B|s3
RedHatAI/Qwen2.5-72B-quantized.w8a8,qwen2.5,Qwen2.5-72B,w8a8_int,hellaswag,87.53,0.0,-0.31866331772051215,-0.7669891513845015,0.12966251594347716,-0.33891509433962264,-0.22559999999999997,True,Qwen2.5-72B|s3
RedHatAI/Qwen2.5-72B-quantized.w8a8,qwen2.5,Qwen2.5-72B,w8a8_int,winogrande,82.56,-0.79,-0.2561401090403058,-1.705786094818536,1.1935058767379245,-0.33891509433962264,-0.15945205479452054,True,Qwen2.5-72B|s3
RedHatAI/Qwen2.5-72B-quantized.w8a8,qwen2.5,Qwen2.5-72B,w8a8_int,truthfulqa,60.44,0.05,-0.2384356765384755,-2.56476675849534,2.087895405418389,-0.33891509433962264,-0.17175675675675678,True,Qwen2.5-72B|s3
RedHatAI/Qwen2.5-72B-FP8-dynamic,qwen2.5,Qwen2.5-72B,fp8_dynamic,mmlu,86.05,-0.21,-0.324699374558229,-0.9021713014969859,0.2527725523805279,-0.38037174721189587,-0.49294117647058827,True,Qwen2.5-72B|s4
RedHatAI/Qwen2.5-72B-FP8-dynamic,qwen2.5,Qwen2.5-72B,fp8_dynamic,arc_challenge,68.26,-0.09,-0.4129613578445847,-3.09834053469024,2.2724178190010704,-0.38037174721189587,-0.5186363636363637,True,Qwen2.5-72B|s4
RedHatAI/Qwen2.5-72B-FP8-dynamic,qwen2.5,Qwen2.5-72B,fp8_dynamic,gsm8k,88.63,-0.84,-0.5706711626038419,-2.2970298271661576,1.1556875019584738,-0.38037174721189587,-0.7716417910447761,True,Qwen2.5-72B|s4
RedHatAI/Qwen2.5-72B-FP8-dynamic,qwen2.5,Qwen2.5-72B,fp8_dynamic,hellaswag,87.53,-0.07,-0.18951691225082903,-0.8406719457810035,0.46163812127934545,-0.38037174721189587,-0.31385714285714283,True,Qwen2.5-72B|s4
RedHatAI/Qwen2.5-72B-FP8-dynamic,qwen2.5,Qwen2.5-72B,fp8_dynamic,winogrande,82.56,0.63,-0.07066237357401839,-2.176149520638072,2.034824773490035,-0.38037174721189587,-0.15235294117647058,True,Qwen2.5-72B|s4
RedHatAI/Qwen2.5-72B-FP8-dynamic,qwen2.5,Qwen2.5-72B,fp8_dynamic,truthfulqa,60.44,-0.16,-0.1656344977842304,-3.544431970359102,3.2131629747906407,-0.38037174721189587,-0.23716417910447762,True,Qwen2.5-72B|s4
RedHatAI/Qwen2.5-72B-quantized.w8a16,qwen2.5,Qwen2.5-72B,w8a16,mmlu,86.05,-0.07,-0.21291006126133669,-0.7903819882000936,0.3645618656774202,-0.38037174721189587,-0.49294117647058827,True,Qwen2.5-72B|s4
RedHatAI/Qwen2.5-72B-quantized.w8a16,qwen2.5,Qwen2.5-72B,w8a16,arc_challenge,68.26,-0.09,-0.30117204454769236,-2.9865512213933476,2.3842071322979628,-0.38037174721189587,-0.5186363636363637,True,Qwen2.5-72B|s4
RedHatAI/Qwen2.5-72B-quantized.w8a16,qwen2.5,Qwen2.5-72B,w8a16,gsm8k,88.63,0.53,-0.4588818493069494,-2.185240513869265,1.2674768152553662,-0.38037174721189587,-0.7716417910447761,True,Qwen2.5-72B|s4
RedHatAI/Qwen2.5-72B-quantized.w8a16,qwen2.5,Qwen2.5-72B,w8a16,hellaswag,87.53,-0.04,-0.07772759895393666,-0.7288826324841111,0.5734274345762378,-0.38037174721189587,-0.31385714285714283,True,Qwen2.5-72B|s4
RedHatAI/Qwen2.5-72B-quantized.w8a16,qwen2.5,Qwen2.5-72B,w8a16,winogrande,82.56,0.0,0.0411269397228739,-2.0643602073411795,2.1466140867869274,-0.38037174721189587,-0.15235294117647058,True,Qwen2.5-72B|s4
RedHatAI/Qwen2.5-72B-quantized.w8a16,qwen2.5,Qwen2.5-72B,w8a16,truthfulqa,60.44,-0.14,-0.05384518448733805,-3.4326426570622095,3.324952288087533,-0.38037174721189587,-0.23716417910447762,True,Qwen2.5-72B|s4
RedHatAI/Qwen2.5-72B-quantized.w8a8,qwen2.5,Qwen2.5-72B,w8a8_int,mmlu,86.05,-0.37,-0.5977962499585925,-1.1752681768973494,-0.020324323019835555,-0.38037174721189587,-0.49294117647058827,True,Qwen2.5-72B|s4
RedHatAI/Qwen2.5-72B-quantized.w8a8,qwen2.5,Qwen2.5-72B,w8a8_int,arc_challenge,68.26,-0.09,-0.6860582332449483,-3.3714374100906035,1.999320943600707,-0.38037174721189587,-0.5186363636363637,True,Qwen2.5-72B|s4
RedHatAI/Qwen2.5-72B-quantized.w8a8,qwen2.5,Qwen2.5-72B,w8a8_int,gsm8k,88.63,0.0,-0.8437680380042053,-2.570126702566521,0.8825906265581104,-0.38037174721189587,-0.7716417910447761,True,Qwen2.5-72B|s4
RedHatAI/Qwen2.5-72B-quantized.w8a8,qwen2.5,Qwen2.5-72B,w8a8_int,hellaswag,87.53,0.0,-0.4626137876511925,-1.113768821181367,0.18854124587898197,-0.38037174721189587,-0.31385714285714283,True,Qwen2.5-72B|s4
RedHatAI/Qwen2.5-72B-quantized.w8a8,qwen2.5,Qwen2.5-72B,w8a8_int,winogrande,82.56,-0.79,-0.34375924897438187,-2.4492463960384354,1.7617278980896716,-0.38037174721189587,-0.15235294117647058,True,Qwen2.5-72B|s4
RedHatAI/Qwen2.5-72B-quantized.w8a8,qwen2.5,Qwen2.5-72B,w8a8_int,truthfulqa,60.44,0.05,-0.4387313731845939,-3.8175288457594654,2.940066099390277,-0.38037174721189587,-0.23716417910447762,True,Qwen2.5-72B|s4
RedHatAI/Qwen2.5-7B-FP8-dynamic,qwen2.5,Qwen2.5-7B,fp8_dynamic,mmlu,74.15,0.11,-0.1415944668642563,-0.9292947392375861,0.6461058055090736,-0.39060702875399356,-0.5212,True,Qwen2.5-7B|s0
RedHatAI/Qwen2.5-7B-FP8-dynamic,qwen2.5,Qwen2.5-7B,fp8_dynamic,arc_challenge,59.39,0.0,-0.02142145558406533,-3.0798545198927822,3.0370116087246517,-0.39060702875399356,-0.38499999999999995,True,Qwen2.5-7B|s0
RedHatAI/Qwen2.5-7B-FP8-dynamic,qwen2.5,Qwen2.5-7B,fp8_dynamic,gsm8k,79.76,0.98,-0.31382492796405126,-2.6724833831307606,2.044833527202658,-0.39060702875399356,-0.7428378378378379,True,Qwen2.5-7B|s0
RedHatAI/Qwen2.5-7B-FP8-dynamic,qwen2.5,Qwen2.5-7B,fp8_dynamic,hellaswag,80.17,-0.04,0.13577745467342034,-0.7125173729976444,0.9840722823444852,-0.39060702875399356,-0.20675324675324674,True,Qwen2.5-7B|s0
RedHatAI/Qwen2.5-7B-FP8-dynamic,qwen2.5,Qwen2.5-7B,fp8_dynamic,winogrande,75.69,-0.39,0.15360525427466848,-2.4156843116334277,2.722894820182765,-0.39060702875399356,-0.186,True,Qwen2.5-7B|s0
RedHatAI/Qwen2.5-7B-FP8-dynamic,qwen2.5,Qwen2.5-7B,fp8_dynamic,truthfulqa,56.38,-0.2,0.1950310832331495,-3.503965811379874,3.894027977846173,-0.39060702875399356,-0.14213333333333333,True,Qwen2.5-7B|s0
RedHatAI/Qwen2.5-7B-quantized.w4a16,qwen2.5,Qwen2.5-7B,w4a16,mmlu,74.15,-0.68,-0.7957372700985699,-1.5834375424718998,-0.008036997725240025,-0.39060702875399356,-0.5212,True,Qwen2.5-7B|s0
RedHatAI/Qwen2.5-7B-quantized.w4a16,qwen2.5,Qwen2.5-7B,w4a16,arc_challenge,59.39,-0.69,-0.6755642588183791,-3.733997323127096,2.3828688054903377,-0.39060702875399356,-0.38499999999999995,True,Qwen2.5-7B|s0
RedHatAI/Qwen2.5-7B-quantized.w4a16,qwen2.5,Qwen2.5-7B,w4a16,gsm8k,79.76,-0.68,-0.9679677311983648,-3.326626186365074,1.3906907239683446,-0.39060702875399356,-0.7428378378378379,True,Qwen2.5-7B|s0
RedHatAI/Qwen2.5-7B-quantized.w4a16,qwen2.5,Qwen2.5-7B,w4a16,hellaswag,80.17,-0.78,-0.5183653485608932,-1.366660176231958,0.32992947911017156,-0.39060702875399356,-0.20675324675324674,True,Qwen2.5-7B|s0
RedHatAI/Qwen2.5-7B-quantized.w4a16,qwen2.5,Qwen2.5-7B,w4a16,winogrande,75.69,0.32,-0.5005375489596452,-3.0698271148677416,2.068752016948451,-0.39060702875399356,-0.186,True,Qwen2.5-7B|s0
RedHatAI/Qwen2.5-7B-quantized.w4a16,qwen2.5,Qwen2.5-7B,w4a16,truthfulqa,56.38,-0.9,-0.459111720001164,-4.1581086146141875,3.2398851746118593,-0.39060702875399356,-0.14213333333333333,True,Qwen2.5-7B|s0
RedHatAI/Qwen2.5-7B-quantized.w8a16,qwen2.5,Qwen2.5-7B,w8a16,mmlu,74.15,0.26,-0.2558345630659552,-1.043534835439285,0.5318657093073746,-0.39060702875399356,-0.5212,True,Qwen2.5-7B|s0
RedHatAI/Qwen2.5-7B-quantized.w8a16,qwen2.5,Qwen2.5-7B,w8a16,gsm8k,79.76,0.68,-0.4280650241657501,-2.7867234793324593,1.9305934310009594,-0.39060702875399356,-0.7428378378378379,True,Qwen2.5-7B|s0
RedHatAI/Qwen2.5-7B-quantized.w8a16,qwen2.5,Qwen2.5-7B,w8a16,hellaswag,80.17,0.08,0.02153735847172139,-0.8267574691993433,0.8698321861427862,-0.39060702875399356,-0.20675324675324674,True,Qwen2.5-7B|s0
RedHatAI/Qwen2.5-7B-quantized.w8a16,qwen2.5,Qwen2.5-7B,w8a16,winogrande,75.69,-0.32,0.039365158072969586,-2.529924407835127,2.608654723981066,-0.39060702875399356,-0.186,True,Qwen2.5-7B|s0
RedHatAI/Qwen2.5-7B-quantized.w8a16,qwen2.5,Qwen2.5-7B,w8a16,truthfulqa,56.38,-0.1,0.08079098703145066,-3.6182059075815727,3.779787881644474,-0.39060702875399356,-0.14213333333333333,True,Qwen2.5-7B|s0
RedHatAI/Qwen2.5-7B-quantized.w8a8,qwen2.5,Qwen2.5-7B,w8a8_int,mmlu,74.15,-0.49,-0.6504876946216586,-1.4381879669949884,0.13721257775167128,-0.39060702875399356,-0.5212,True,Qwen2.5-7B|s0
RedHatAI/Qwen2.5-7B-quantized.w8a8,qwen2.5,Qwen2.5-7B,w8a8_int,arc_challenge,59.39,-0.26,-0.5303146833414676,-3.5887477476501846,2.5281183809672494,-0.39060702875399356,-0.38499999999999995,True,Qwen2.5-7B|s0
RedHatAI/Qwen2.5-7B-quantized.w8a8,qwen2.5,Qwen2.5-7B,w8a8_int,gsm8k,79.76,0.07,-0.8227181557214536,-3.181376610888163,1.5359402994452558,-0.39060702875399356,-0.7428378378378379,True,Qwen2.5-7B|s0
RedHatAI/Qwen2.5-7B-quantized.w8a8,qwen2.5,Qwen2.5-7B,w8a8_int,hellaswag,80.17,-0.22,-0.37311577308398197,-1.2214106007550467,0.4751790545870828,-0.39060702875399356,-0.20675324675324674,True,Qwen2.5-7B|s0
RedHatAI/Qwen2.5-7B-quantized.w8a8,qwen2.5,Qwen2.5-7B,w8a8_int,winogrande,75.69,-0.47,-0.35528797348273383,-2.92457753939083,2.2140015924253627,-0.39060702875399356,-0.186,True,Qwen2.5-7B|s0
RedHatAI/Qwen2.5-7B-quantized.w8a8,qwen2.5,Qwen2.5-7B,w8a8_int,truthfulqa,56.38,0.0,-0.31386214452425276,-4.012859039137276,3.3851347500887705,-0.39060702875399356,-0.14213333333333333,True,Qwen2.5-7B|s0
RedHatAI/Qwen2.5-7B-FP8-dynamic,qwen2.5,Qwen2.5-7B,fp8_dynamic,mmlu,74.15,0.11,-0.20494916775035468,-0.8932063675770305,0.4833080320763212,-0.36461065573770496,-0.5375384615384615,True,Qwen2.5-7B|s1
RedHatAI/Qwen2.5-7B-FP8-dynamic,qwen2.5,Qwen2.5-7B,fp8_dynamic,arc_challenge,59.39,0.0,-0.1554833440171122,-2.827805102083967,2.5168384140497424,-0.36461065573770496,-0.408,True,Qwen2.5-7B|s1
RedHatAI/Qwen2.5-7B-FP8-dynamic,qwen2.5,Qwen2.5-7B,fp8_dynamic,gsm8k,79.76,0.98,-0.09798123345012583,-2.1588712961250827,1.9629088292248311,-0.36461065573770496,-0.47671875,True,Qwen2.5-7B|s1
RedHatAI/Qwen2.5-7B-FP8-dynamic,qwen2.5,Qwen2.5-7B,fp8_dynamic,hellaswag,80.17,-0.04,-0.01451341332619177,-0.7557154202281606,0.726688593575777,-0.36461065573770496,-0.305,True,Qwen2.5-7B|s1
RedHatAI/Qwen2.5-7B-FP8-dynamic,qwen2.5,Qwen2.5-7B,fp8_dynamic,winogrande,75.69,-0.39,0.13573471246596153,-2.1091953760407267,2.38066480097265,-0.36461065573770496,-0.12092307692307691,True,Qwen2.5-7B|s1
RedHatAI/Qwen2.5-7B-FP8-dynamic,qwen2.5,Qwen2.5-7B,fp8_dynamic,truthfulqa,56.38,-0.2,0.10173431159735541,-3.1302834166475324,3.3337520398422433,-0.36461065573770496,-0.14952380952380953,True,Qwen2.5-7B|s1
RedHatAI/Qwen2.5-7B-quantized.w4a16,qwen2.5,Qwen2.5-7B,w4a16,mmlu,74.15,-0.68,-0.6647817416146398,-1.3530389414413158,0.023475458212036115,-0.36461065573770496,-0.5375384615384615,True,Qwen2.5-7B|s1
RedHatAI/Qwen2.5-7B-quantized.w4a16,qwen2.5,Qwen2.5-7B,w4a16,arc_challenge,59.39,-0.69,-0.6153159178813972,-3.287637675948252,2.0570058401854574,-0.36461065573770496,-0.408,True,Qwen2.5-7B|s1
RedHatAI/Qwen2.5-7B-quantized.w4a16,qwen2.5,Qwen2.5-7B,w4a16,gsm8k,79.76,-0.68,-0.5578138073144107,-2.6187038699893677,1.5030762553605461,-0.36461065573770496,-0.47671875,True,Qwen2.5-7B|s1
RedHatAI/Qwen2.5-7B-quantized.w4a16,qwen2.5,Qwen2.5-7B,w4a16,hellaswag,80.17,-0.78,-0.4743459871904766,-1.2155479940924454,0.2668560197114922,-0.36461065573770496,-0.305,True,Qwen2.5-7B|s1
RedHatAI/Qwen2.5-7B-quantized.w4a16,qwen2.5,Qwen2.5-7B,w4a16,winogrande,75.69,0.32,-0.32409786139832336,-2.5690279499050117,1.9208322271083649,-0.36461065573770496,-0.12092307692307691,True,Qwen2.5-7B|s1
RedHatAI/Qwen2.5-7B-quantized.w4a16,qwen2.5,Qwen2.5-7B,w4a16,truthfulqa,56.38,-0.9,-0.3580982622669296,-3.5901159905118174,2.8739194659779583,-0.36461065573770496,-0.14952380952380953,True,Qwen2.5-7B|s1
RedHatAI/Qwen2.5-7B-quantized.w8a16,qwen2.5,Qwen2.5-7B,w8a16,mmlu,74.15,0.26,-0.16130275098025149,-0.8495599508069274,0.5269544488464244,-0.36461065573770496,-0.5375384615384615,True,Qwen2.5-7B|s1
RedHatAI/Qwen2.5-7B-quantized.w8a16,qwen2.5,Qwen2.5-7B,w8a16,gsm8k,79.76,0.68,-0.05433481668002249,-2.1152248793549795,2.0065552459949343,-0.36461065573770496,-0.47671875,True,Qwen2.5-7B|s1
RedHatAI/Qwen2.5-7B-quantized.w8a16,qwen2.5,Qwen2.5-7B,w8a16,hellaswag,80.17,0.08,0.02913300344391151,-0.7120690034580572,0.7703350103458804,-0.36461065573770496,-0.305,True,Qwen2.5-7B|s1
RedHatAI/Qwen2.5-7B-quantized.w8a16,qwen2.5,Qwen2.5-7B,w8a16,winogrande,75.69,-0.32,0.1793811292360648,-2.0655489592706235,2.424311217742753,-0.36461065573770496,-0.12092307692307691,True,Qwen2.5-7B|s1
RedHatAI/Qwen2.5-7B-quantized.w8a16,qwen2.5,Qwen2.5-7B,w8a16,truthfulqa,56.38,-0.1,0.14538072836745858,-3.0866369998774292,3.3773984566123465,-0.36461065573770496,-0.14952380952380953,True,Qwen2.5-7B|s1
RedHatAI/Qwen2.5-7B-quantized.w8a8,qwen2.5,Qwen2.5-7B,w8a8_int,mmlu,74.15,-0.49,-0.6638562847341268,-1.3521134845608027,0.024400915092549047,-0.36461065573770496,-0.5375384615384615,True,Qwen2.5-7B|s1
RedHatAI/Qwen2.5-7B-quantized.w8a8,qwen2.5,Qwen2.5-7B,w8a8_int,arc_challenge,59.39,-0.26,-0.6143904610008843,-3.286712219067739,2.0579312970659704,-0.36461065573770496,-0.408,True,Qwen2.5-7B|s1
RedHatAI/Qwen2.5-7B-quantized.w8a8,qwen2.5,Qwen2.5-7B,w8a8_int,gsm8k,79.76,0.07,-0.5568883504338978,-2.6177784131088546,1.5040017122410592,-0.36461065573770496,-0.47671875,True,Qwen2.5-7B|s1
RedHatAI/Qwen2.5-7B-quantized.w8a8,qwen2.5,Qwen2.5-7B,w8a8_int,hellaswag,80.17,-0.22,-0.47342053030996395,-1.2146225372119328,0.26778147659200485,-0.36461065573770496,-0.305,True,Qwen2.5-7B|s1
RedHatAI/Qwen2.5-7B-quantized.w8a8,qwen2.5,Qwen2.5-7B,w8a8_int,winogrande,75.69,-0.47,-0.3231724045178106,-2.568102493024499,1.9217576839888777,-0.36461065573770496,-0.12092307692307691,True,Qwen2.5-7B|s1
RedHatAI/Qwen2.5-7B-quantized.w8a8,qwen2.5,Qwen2.5-7B,w8a8_int,truthfulqa,56.38,0.0,-0.35717280538641677,-3.589190533631305,2.874844922858471,-0.36461065573770496,-0.14952380952380953,True,Qwen2.5-7B|s1
RedHatAI/Qwen2.5-7B-FP8-dynamic,qwen2.5,Qwen2.5-7B,fp8_dynamic,mmlu,74.15,0.11,-0.2232496734372571,-0.7271062404423606,0.2806068935678464,-0.3578846153846154,-0.5148571428571428,True,Qwen2.5-7B|s2
RedHatAI/Qwen2.5-7B-FP8-dynamic,qwen2.5,Qwen2.5-7B,fp8_dynamic,arc_challenge,59.39,0.0,-0.12408609886665642,-2.0804286802325898,1.832256482499277,-0.3578846153846154,-0.406,True,Qwen2.5-7B|s2
RedHatAI/Qwen2.5-7B-FP8-dynamic,qwen2.5,Qwen2.5-7B,fp8_dynamic,gsm8k,79.76,0.98,-0.22798942251496263,-1.7367175436531581,1.280738698623233,-0.3578846153846154,-0.5447826086956521,True,Qwen2.5-7B|s2
RedHatAI/Qwen2.5-7B-FP8-dynamic,qwen2.5,Qwen2.5-7B,fp8_dynamic,hellaswag,80.17,-0.04,0.03953176285401239,-0.5030844259035735,0.5821479516115983,-0.3578846153846154,-0.2167123287671233,True,Qwen2.5-7B|s2
RedHatAI/Qwen2.5-7B-FP8-dynamic,qwen2.5,Qwen2.5-7B,fp8_dynamic,winogrande,75.69,-0.39,0.0025718312002981913,-1.6408875729966999,1.6460312353972963,-0.3578846153846154,-0.2619718309859155,True,Qwen2.5-7B|s2
RedHatAI/Qwen2.5-7B-FP8-dynamic,qwen2.5,Qwen2.5-7B,fp8_dynamic,truthfulqa,56.38,-0.2,0.13403501078131685,-2.23204754885366,2.5001175704162932,-0.3578846153846154,-0.11342857142857143,True,Qwen2.5-7B|s2
RedHatAI/Qwen2.5-7B-quantized.w4a16,qwen2.5,Qwen2.5-7B,w4a16,mmlu,74.15,-0.68,-0.7024032774005224,-1.206259844405626,-0.19854671039541893,-0.3578846153846154,-0.5148571428571428,True,Qwen2.5-7B|s2
RedHatAI/Qwen2.5-7B-quantized.w4a16,qwen2.5,Qwen2.5-7B,w4a16,arc_challenge,59.39,-0.69,-0.6032397028299217,-2.559582284195855,1.3531028785360117,-0.3578846153846154,-0.406,True,Qwen2.5-7B|s2
RedHatAI/Qwen2.5-7B-quantized.w4a16,qwen2.5,Qwen2.5-7B,w4a16,gsm8k,79.76,-0.68,-0.7071430264782279,-2.2158711476164235,0.8015850946599676,-0.3578846153846154,-0.5447826086956521,True,Qwen2.5-7B|s2
RedHatAI/Qwen2.5-7B-quantized.w4a16,qwen2.5,Qwen2.5-7B,w4a16,hellaswag,80.17,-0.78,-0.4396218411092529,-0.9822380298668387,0.10299434764833298,-0.3578846153846154,-0.2167123287671233,True,Qwen2.5-7B|s2
RedHatAI/Qwen2.5-7B-quantized.w4a16,qwen2.5,Qwen2.5-7B,w4a16,winogrande,75.69,0.32,-0.4765817727629671,-2.1200411769599654,1.166877631434031,-0.3578846153846154,-0.2619718309859155,True,Qwen2.5-7B|s2
RedHatAI/Qwen2.5-7B-quantized.w4a16,qwen2.5,Qwen2.5-7B,w4a16,truthfulqa,56.38,-0.9,-0.3451185931819484,-2.711201152816925,2.0209639664530283,-0.3578846153846154,-0.11342857142857143,True,Qwen2.5-7B|s2
RedHatAI/Qwen2.5-7B-quantized.w8a16,qwen2.5,Qwen2.5-7B,w8a16,mmlu,74.15,0.26,-0.2954269456420849,-0.7992835126471884,0.20842962136301862,-0.3578846153846154,-0.5148571428571428,False,Qwen2.5-7B|s2
RedHatAI/Qwen2.5-7B-quantized.w8a16,qwen2.5,Qwen2.5-7B,w8a16,gsm8k,79.76,0.68,-0.30016669471979035,-1.8088948158579858,1.2085614264184052,-0.3578846153846154,-0.5447826086956521,True,Qwen2.5-7B|s2
RedHatAI/Qwen2.5-7B-quantized.w8a16,qwen2.5,Qwen2.5-7B,w8a16,hellaswag,80.17,0.08,-0.03264550935081545,-0.5752616981084013,0.5099706794067704,-0.3578846153846154,-0.2167123287671233,True,Qwen2.5-7B|s2
RedHatAI/Qwen2.5-7B-quantized.w8a16,qwen2.5,Qwen2.5-7B,w8a16,winogrande,75.69,-0.32,-0.06960544100452959,-1.7130648452015276,1.5738539631924686,-0.3578846153846154,-0.2619718309859155,True,Qwen2.5-7B|s2
RedHatAI/Qwen2.5-7B-quantized.w8a16,qwen2.5,Qwen2.5-7B,w8a16,truthfulqa,56.38,-0.1,0.06185773857648902,-2.3042248210584875,2.4279402982114657,-0.3578846153846154,-0.11342857142857143,True,Qwen2.5-7B|s2
RedHatAI/Qwen2.5-7B-quantized.w8a8,qwen2.5,Qwen2.5-7B,w8a8_int,mmlu,74.15,-0.49,-0.6942738274986726,-1.1981303945037762,-0.1904172604935691,-0.3578846153846154,-0.5148571428571428,True,Qwen2.5-7B|s2
RedHatAI/Qwen2.5-7B-quantized.w8a8,qwen2.5,Qwen2.5-7B,w8a8_int,arc_challenge,59.39,-0.26,-0.5951102529280718,-2.5514528342940053,1.3612323284378616,-0.3578846153846154,-0.406,True,Qwen2.5-7B|s2
RedHatAI/Qwen2.5-7B-quantized.w8a8,qwen2.5,Qwen2.5-7B,w8a8_int,gsm8k,79.76,0.07,-0.6990135765763781,-2.2077416977145736,0.8097145445618175,-0.3578846153846154,-0.5447826086956521,True,Qwen2.5-7B|s2
RedHatAI/Qwen2.5-7B-quantized.w8a8,qwen2.5,Qwen2.5-7B,w8a8_int,hellaswag,80.17,-0.22,-0.43149239120740307,-0.9741085799649889,0.11112379755018281,-0.3578846153846154,-0.2167123287671233,True,Qwen2.5-7B|s2
RedHatAI/Qwen2.5-7B-quantized.w8a8,qwen2.5,Qwen2.5-7B,w8a8_int,winogrande,75.69,-0.47,-0.46845232286111727,-2.111911727058115,1.1750070813358808,-0.3578846153846154,-0.2619718309859155,True,Qwen2.5-7B|s2
RedHatAI/Qwen2.5-7B-quantized.w8a8,qwen2.5,Qwen2.5-7B,w8a8_int,truthfulqa,56.38,0.0,-0.33698914328009866,-2.703071702915075,2.029093416354878,-0.3578846153846154,-0.11342857142857143,True,Qwen2.5-7B|s2
RedHatAI/Qwen2.5-7B-FP8-dynamic,qwen2.5,Qwen2.5-7B,fp8_dynamic,mmlu,74.15,0.11,-0.33553329295802325,-1.052495087545366,0.3814285016293195,-0.35172711571675297,-0.5279710144927536,True,Qwen2.5-7B|s3
RedHatAI/Qwen2.5-7B-FP8-dynamic,qwen2.5,Qwen2.5-7B,fp8_dynamic,arc_challenge,59.39,0.0,-0.22286341400763654,-3.006637566840197,2.560910738824924,-0.35172711571675297,-0.4047058823529412,True,Qwen2.5-7B|s3
RedHatAI/Qwen2.5-7B-FP8-dynamic,qwen2.5,Qwen2.5-7B,fp8_dynamic,gsm8k,79.76,0.98,-0.4342176846335789,-2.5810596474270784,1.7126242781599204,-0.35172711571675297,-0.6653731343283582,True,Qwen2.5-7B|s3
RedHatAI/Qwen2.5-7B-FP8-dynamic,qwen2.5,Qwen2.5-7B,fp8_dynamic,hellaswag,80.17,-0.04,-0.05948263669974113,-0.8315973652547084,0.712632091855226,-0.35172711571675297,-0.21746478873239436,True,Qwen2.5-7B|s3
RedHatAI/Qwen2.5-7B-FP8-dynamic,qwen2.5,Qwen2.5-7B,fp8_dynamic,winogrande,75.69,-0.39,-0.011793806483711644,-2.3503514058581985,2.326763792890775,-0.35172711571675297,-0.16623188405797099,True,Qwen2.5-7B|s3
RedHatAI/Qwen2.5-7B-FP8-dynamic,qwen2.5,Qwen2.5-7B,fp8_dynamic,truthfulqa,56.38,-0.2,-0.02051204414423785,-3.387324961123692,3.346300872835217,-0.35172711571675297,-0.17926470588235294,True,Qwen2.5-7B|s3
RedHatAI/Qwen2.5-7B-quantized.w4a16,qwen2.5,Qwen2.5-7B,w4a16,mmlu,74.15,-0.68,-0.6731902388560278,-1.3901520334433706,0.04377155573131497,-0.35172711571675297,-0.5279710144927536,True,Qwen2.5-7B|s3
RedHatAI/Qwen2.5-7B-quantized.w4a16,qwen2.5,Qwen2.5-7B,w4a16,arc_challenge,59.39,-0.69,-0.5605203599056411,-3.3442945127382018,2.2232537929269194,-0.35172711571675297,-0.4047058823529412,True,Qwen2.5-7B|s3
RedHatAI/Qwen2.5-7B-quantized.w4a16,qwen2.5,Qwen2.5-7B,w4a16,gsm8k,79.76,-0.68,-0.7718746305315834,-2.9187165933250827,1.374967332261916,-0.35172711571675297,-0.6653731343283582,True,Qwen2.5-7B|s3
RedHatAI/Qwen2.5-7B-quantized.w4a16,qwen2.5,Qwen2.5-7B,w4a16,hellaswag,80.17,-0.78,-0.3971395825977457,-1.169254311152713,0.37497514595722153,-0.35172711571675297,-0.21746478873239436,True,Qwen2.5-7B|s3
RedHatAI/Qwen2.5-7B-quantized.w4a16,qwen2.5,Qwen2.5-7B,w4a16,winogrande,75.69,0.32,-0.34945075238171625,-2.688008351756203,1.9891068469927704,-0.35172711571675297,-0.16623188405797099,True,Qwen2.5-7B|s3
RedHatAI/Qwen2.5-7B-quantized.w4a16,qwen2.5,Qwen2.5-7B,w4a16,truthfulqa,56.38,-0.9,-0.35816899004224256,-3.724981907021697,3.008643926937212,-0.35172711571675297,-0.17926470588235294,True,Qwen2.5-7B|s3
RedHatAI/Qwen2.5-7B-quantized.w8a16,qwen2.5,Qwen2.5-7B,w8a16,mmlu,74.15,0.26,-0.172501228916227,-0.8894630235035698,0.5444605656711158,-0.35172711571675297,-0.5279710144927536,True,Qwen2.5-7B|s3
RedHatAI/Qwen2.5-7B-quantized.w8a16,qwen2.5,Qwen2.5-7B,w8a16,gsm8k,79.76,0.68,-0.2711856205917826,-2.418027583385282,1.8756563422017167,-0.35172711571675297,-0.6653731343283582,True,Qwen2.5-7B|s3
RedHatAI/Qwen2.5-7B-quantized.w8a16,qwen2.5,Qwen2.5-7B,w8a16,hellaswag,80.17,0.08,0.10354942734205513,-0.668565301212912,0.8756641558970224,-0.35172711571675297,-0.21746478873239436,True,Qwen2.5-7B|s3
RedHatAI/Qwen2.5-7B-quantized.w8a16,qwen2.5,Qwen2.5-7B,w8a16,winogrande,75.69,-0.32,0.15123825755808462,-2.1873193418164023,2.489795856932571,-0.35172711571675297,-0.16623188405797099,True,Qwen2.5-7B|s3
RedHatAI/Qwen2.5-7B-quantized.w8a16,qwen2.5,Qwen2.5-7B,w8a16,truthfulqa,56.38,-0.1,0.14252001989755847,-3.224292897081896,3.509332936877013,-0.35172711571675297,-0.17926470588235294,True,Qwen2.5-7B|s3
RedHatAI/Qwen2.5-7B-quantized.w8a8,qwen2.5,Qwen2.5-7B,w8a8_int,mmlu,74.15,-0.49,-0.5913708714754554,-1.3083326660627983,0.12559092311188735,-0.35172711571675297,-0.5279710144927536,True,Qwen2.5-7B|s3
RedHatAI/Qwen2.5-7B-quantized.w8a8,qwen2.5,Qwen2.5-7B,w8a8_int,arc_challenge,59.39,-0.26,-0.4787009925250687,-3.2624751453576293,2.305073160307492,-0.35172711571675297,-0.4047058823529412,True,Qwen2.5-7B|s3
RedHatAI/Qwen2.5-7B-quantized.w8a8,qwen2.5,Qwen2.5-7B,w8a8_int,gsm8k,79.76,0.07,-0.690055263151011,-2.83689722594451,1.4567866996424885,-0.35172711571675297,-0.6653731343283582,True,Qwen2.5-7B|s3
RedHatAI/Qwen2.5-7B-quantized.w8a8,qwen2.5,Qwen2.5-7B,w8a8_int,hellaswag,80.17,-0.22,-0.31532021521717335,-1.0874349437721404,0.45679451333779386,-0.35172711571675297,-0.21746478873239436,True,Qwen2.5-7B|s3
RedHatAI/Qwen2.5-7B-quantized.w8a8,qwen2.5,Qwen2.5-7B,w8a8_int,winogrande,75.69,-0.47,-0.2676313850011438,-2.6061889843756303,2.070926214373343,-0.35172711571675297,-0.16623188405797099,True,Qwen2.5-7B|s3
RedHatAI/Qwen2.5-7B-quantized.w8a8,qwen2.5,Qwen2.5-7B,w8a8_int,truthfulqa,56.38,0.0,-0.27634962266166996,-3.6431625396411245,3.0904632943177845,-0.35172711571675297,-0.17926470588235294,True,Qwen2.5-7B|s3
RedHatAI/Qwen2.5-7B-FP8-dynamic,qwen2.5,Qwen2.5-7B,fp8_dynamic,mmlu,74.15,0.11,-0.2524247278132175,-1.1289373106618565,0.6240878550354216,-0.3590520446096654,-0.4348484848484848,True,Qwen2.5-7B|s4
RedHatAI/Qwen2.5-7B-FP8-dynamic,qwen2.5,Qwen2.5-7B,fp8_dynamic,arc_challenge,59.39,0.0,-0.1770477240019843,-3.5803156403502086,3.2262201923462404,-0.3590520446096654,-0.3012121212121212,True,Qwen2.5-7B|s4
RedHatAI/Qwen2.5-7B-FP8-dynamic,qwen2.5,Qwen2.5-7B,fp8_dynamic,gsm8k,79.76,0.98,-0.48685916284902847,-3.1114536781802533,2.1377353524821965,-0.3590520446096654,-0.7483076923076923,True,Qwen2.5-7B|s4
RedHatAI/Qwen2.5-7B-FP8-dynamic,qwen2.5,Qwen2.5-7B,fp8_dynamic,hellaswag,80.17,-0.04,-0.03348359202323492,-0.9774226974126837,0.9104555133662139,-0.3590520446096654,-0.18014492753623187,True,Qwen2.5-7B|s4
RedHatAI/Qwen2.5-7B-FP8-dynamic,qwen2.5,Qwen2.5-7B,fp8_dynamic,winogrande,75.69,-0.39,-0.07264186714078547,-2.9316159115636413,2.7863321772820706,-0.3590520446096654,-0.2144776119402985,True,Qwen2.5-7B|s4
RedHatAI/Qwen2.5-7B-FP8-dynamic,qwen2.5,Qwen2.5-7B,fp8_dynamic,truthfulqa,56.38,-0.2,-0.0825543401800804,-4.198608930687713,4.033500250327552,-0.3590520446096654,-0.22106060606060607,True,Qwen2.5-7B|s4
RedHatAI/Qwen2.5-7B-quantized.w4a16,qwen2.5,Qwen2.5-7B,w4a16,mmlu,74.15,-0.68,-0.5631337141355046,-1.4396462969841437,0.3133788687131345,-0.3590520446096654,-0.4348484848484848,True,Qwen2.5-7B|s4
RedHatAI/Qwen2.5-7B-quantized.w4a16,qwen2.5,Qwen2.5-7B,w4a16,arc_challenge,59.39,-0.69,-0.48775671032427126,-3.891024626672496,2.915511206023953,-0.3590520446096654,-0.3012121212121212,True,Qwen2.5-7B|s4
RedHatAI/Qwen2.5-7B-quantized.w4a16,qwen2.5,Qwen2.5-7B,w4a16,gsm8k,79.76,-0.68,-0.7975681491713155,-3.4221626645025403,1.8270263661599095,-0.3590520446096654,-0.7483076923076923,True,Qwen2.5-7B|s4
RedHatAI/Qwen2.5-7B-quantized.w4a16,qwen2.5,Qwen2.5-7B,w4a16,hellaswag,80.17,-0.78,-0.34419257834552197,-1.2881316837349708,0.5997465270439268,-0.3590520446096654,-0.18014492753623187,True,Qwen2.5-7B|s4
RedHatAI/Qwen2.5-7B-quantized.w4a16,qwen2.5,Qwen2.5-7B,w4a16,winogrande,75.69,0.32,-0.3833508534630725,-3.2423248978859283,2.4756231909597837,-0.3590520446096654,-0.2144776119402985,True,Qwen2.5-7B|s4
RedHatAI/Qwen2.5-7B-quantized.w4a16,qwen2.5,Qwen2.5-7B,w4a16,truthfulqa,56.38,-0.9,-0.39326332650236745,-4.50931791701,3.7227912640052647,-0.3590520446096654,-0.22106060606060607,True,Qwen2.5-7B|s4
RedHatAI/Qwen2.5-7B-quantized.w8a16,qwen2.5,Qwen2.5-7B,w8a16,mmlu,74.15,0.26,-0.058706206964413976,-0.9352187898130531,0.8178063758842251,-0.3590520446096654,-0.4348484848484848,True,Qwen2.5-7B|s4
RedHatAI/Qwen2.5-7B-quantized.w8a16,qwen2.5,Qwen2.5-7B,w8a16,gsm8k,79.76,0.68,-0.2931406420002248,-2.9177351573314496,2.331453873331,-0.3590520446096654,-0.7483076923076923,True,Qwen2.5-7B|s4
RedHatAI/Qwen2.5-7B-quantized.w8a16,qwen2.5,Qwen2.5-7B,w8a16,hellaswag,80.17,0.08,0.16023492882556867,-0.7837041765638801,1.1041740342150175,-0.3590520446096654,-0.18014492753623187,True,Qwen2.5-7B|s4
RedHatAI/Qwen2.5-7B-quantized.w8a16,qwen2.5,Qwen2.5-7B,w8a16,winogrande,75.69,-0.32,0.12107665370801812,-2.7378973907148376,2.9800506981308743,-0.3590520446096654,-0.2144776119402985,True,Qwen2.5-7B|s4
RedHatAI/Qwen2.5-7B-quantized.w8a16,qwen2.5,Qwen2.5-7B,w8a16,truthfulqa,56.38,-0.1,0.11116418066872313,-4.004890409838909,4.227218771176355,-0.3590520446096654,-0.22106060606060607,True,Qwen2.5-7B|s4
RedHatAI/Qwen2.5-7B-quantized.w8a8,qwen2.5,Qwen2.5-7B,w8a8_int,mmlu,74.15,-0.49,-0.5884333569034623,-1.4649459397521014,0.28807922594517676,-0.3590520446096654,-0.4348484848484848,True,Qwen2.5-7B|s4
RedHatAI/Qwen2.5-7B-quantized.w8a8,qwen2.5,Qwen2.5-7B,w8a8_int,arc_challenge,59.39,-0.26,-0.513056353092229,-3.9163242694404534,2.8902115632559955,-0.3590520446096654,-0.3012121212121212,True,Qwen2.5-7B|s4
RedHatAI/Qwen2.5-7B-quantized.w8a8,qwen2.5,Qwen2.5-7B,w8a8_int,gsm8k,79.76,0.07,-0.8228677919392732,-3.447462307270498,1.8017267233919516,-0.3590520446096654,-0.7483076923076923,True,Qwen2.5-7B|s4
RedHatAI/Qwen2.5-7B-quantized.w8a8,qwen2.5,Qwen2.5-7B,w8a8_int,hellaswag,80.17,-0.22,-0.3694922211134796,-1.3134313265029285,0.5744468842759691,-0.3590520446096654,-0.18014492753623187,True,Qwen2.5-7B|s4
RedHatAI/Qwen2.5-7B-quantized.w8a8,qwen2.5,Qwen2.5-7B,w8a8_int,winogrande,75.69,-0.47,-0.4086504962310302,-3.267624540653886,2.4503235481918257,-0.3590520446096654,-0.2144776119402985,True,Qwen2.5-7B|s4
RedHatAI/Qwen2.5-7B-quantized.w8a8,qwen2.5,Qwen2.5-7B,w8a8_int,truthfulqa,56.38,0.0,-0.4185629692703251,-4.534617559777957,3.6974916212373072,-0.3590520446096654,-0.22106060606060607,True,Qwen2.5-7B|s4
RedHatAI/Qwen2.5-7B-Instruct-FP8-dynamic,qwen2.5,Qwen2.5-7B-Instruct,fp8_dynamic,mmlu,74.24,-0.2,-0.18504687225038977,-0.77363404373077,0.4035402992299906,-0.4144834710743802,-0.48258064516129034,True,Qwen2.5-7B-Instruct|s0
RedHatAI/Qwen2.5-7B-Instruct-FP8-dynamic,qwen2.5,Qwen2.5-7B-Instruct,fp8_dynamic,arc_challenge,63.4,-0.26,-0.18783929259726959,-2.4320040166289707,2.056325431434432,-0.4144834710743802,-0.4856451612903226,True,Qwen2.5-7B-Instruct|s0
RedHatAI/Qwen2.5-7B-Instruct-FP8-dynamic,qwen2.5,Qwen2.5-7B-Instruct,fp8_dynamic,gsm8k,80.36,-0.3,-0.42027496154497784,-2.1648982828187537,1.324348359728798,-0.4144834710743802,-0.807936507936508,True,Qwen2.5-7B-Instruct|s0
RedHatAI/Qwen2.5-7B-Instruct-FP8-dynamic,qwen2.5,Qwen2.5-7B-Instruct,fp8_dynamic,hellaswag,81.52,-0.41,0.012323983928709092,-0.6054168727723386,0.6300648406297567,-0.4144834710743802,-0.26390625,True,Qwen2.5-7B-Instruct|s0
RedHatAI/Qwen2.5-7B-Instruct-FP8-dynamic,qwen2.5,Qwen2.5-7B-Instruct,fp8_dynamic,winogrande,74.66,-0.23,-0.03632211114802553,-1.9852346791069517,1.912590456810901,-0.4144834710743802,-0.30952380952380953,True,Qwen2.5-7B-Instruct|s0
RedHatAI/Qwen2.5-7B-Instruct-FP8-dynamic,qwen2.5,Qwen2.5-7B-Instruct,fp8_dynamic,truthfulqa,64.76,0.11,0.029184109476096676,-2.6364080804849253,2.6947762994371183,-0.4144834710743802,-0.26393442622950825,True,Qwen2.5-7B-Instruct|s0
RedHatAI/Qwen2.5-7B-Instruct-quantized.w4a16,qwen2.5,Qwen2.5-7B-Instruct,w4a16,mmlu,74.24,-1.05,-0.6963007167540631,-1.2848878882344434,-0.10771354527368282,-0.4144834710743802,-0.48258064516129034,True,Qwen2.5-7B-Instruct|s0
RedHatAI/Qwen2.5-7B-Instruct-quantized.w4a16,qwen2.5,Qwen2.5-7B-Instruct,w4a16,arc_challenge,63.4,-0.17,-0.6990931371009428,-2.9432578611326443,1.5450715869307585,-0.4144834710743802,-0.4856451612903226,True,Qwen2.5-7B-Instruct|s0
RedHatAI/Qwen2.5-7B-Instruct-quantized.w4a16,qwen2.5,Qwen2.5-7B-Instruct,w4a16,gsm8k,80.36,0.23,-0.9315288060486513,-2.6761521273224274,0.8130945152251245,-0.4144834710743802,-0.807936507936508,True,Qwen2.5-7B-Instruct|s0
RedHatAI/Qwen2.5-7B-Instruct-quantized.w4a16,qwen2.5,Qwen2.5-7B-Instruct,w4a16,hellaswag,81.52,-0.87,-0.49892986057496436,-1.116670717276012,0.11881099612608326,-0.4144834710743802,-0.26390625,True,Qwen2.5-7B-Instruct|s0
RedHatAI/Qwen2.5-7B-Instruct-quantized.w4a16,qwen2.5,Qwen2.5-7B-Instruct,w4a16,winogrande,74.66,-0.47,-0.547575955651699,-2.4964885236106253,1.4013366123072273,-0.4144834710743802,-0.30952380952380953,True,Qwen2.5-7B-Instruct|s0
RedHatAI/Qwen2.5-7B-Instruct-quantized.w4a16,qwen2.5,Qwen2.5-7B-Instruct,w4a16,truthfulqa,64.76,-0.49,-0.4820697350275768,-3.1476619249885984,2.183522454933445,-0.4144834710743802,-0.26393442622950825,True,Qwen2.5-7B-Instruct|s0
RedHatAI/Qwen2.5-7B-Instruct-quantized.w8a8,qwen2.5,Qwen2.5-7B-Instruct,w8a8_int,mmlu,74.24,-0.37,-0.5136582681516687,-1.102245439632049,0.0749289033287116,-0.4144834710743802,-0.48258064516129034,True,Qwen2.5-7B-Instruct|s0
RedHatAI/Qwen2.5-7B-Instruct-quantized.w8a8,qwen2.5,Qwen2.5-7B-Instruct,w8a8_int,arc_challenge,63.4,-0.17,-0.5164506884985485,-2.7606154125302496,1.7277140355331528,-0.4144834710743802,-0.4856451612903226,True,Qwen2.5-7B-Instruct|s0
RedHatAI/Qwen2.5-7B-Instruct-quantized.w8a8,qwen2.5,Qwen2.5-7B-Instruct,w8a8_int,gsm8k,80.36,0.38,-0.7488863574462568,-2.4935096787200326,0.9957369638275191,-0.4144834710743802,-0.807936507936508,True,Qwen2.5-7B-Instruct|s0
RedHatAI/Qwen2.5-7B-Instruct-quantized.w8a8,qwen2.5,Qwen2.5-7B-Instruct,w8a8_int,hellaswag,81.52,-0.46,-0.3162874119725698,-0.9340282686736174,0.3014534447284778,-0.4144834710743802,-0.26390625,True,Qwen2.5-7B-Instruct|s0
RedHatAI/Qwen2.5-7B-Instruct-quantized.w8a8,qwen2.5,Qwen2.5-7B-Instruct,w8a8_int,winogrande,74.66,0.16,-0.36493350704930444,-2.3138460750082306,1.5839790609096218,-0.4144834710743802,-0.30952380952380953,True,Qwen2.5-7B-Instruct|s0
RedHatAI/Qwen2.5-7B-Instruct-quantized.w8a8,qwen2.5,Qwen2.5-7B-Instruct,w8a8_int,truthfulqa,64.76,-0.18,-0.2994272864251823,-2.965019476386204,2.3661649035358394,-0.4144834710743802,-0.26393442622950825,True,Qwen2.5-7B-Instruct|s0
RedHatAI/Qwen2.5-7B-Instruct-FP8-dynamic,qwen2.5,Qwen2.5-7B-Instruct,fp8_dynamic,mmlu,74.24,-0.2,-0.1384336536411572,-1.0459585445383428,0.7690912372560283,-0.37555769230769237,-0.3793939393939394,True,Qwen2.5-7B-Instruct|s1
RedHatAI/Qwen2.5-7B-Instruct-FP8-dynamic,qwen2.5,Qwen2.5-7B-Instruct,fp8_dynamic,arc_challenge,63.4,-0.26,-0.3199173734606862,-3.7801275938257595,3.140292846904387,-0.37555769230769237,-0.47234375,True,Qwen2.5-7B-Instruct|s1
RedHatAI/Qwen2.5-7B-Instruct-FP8-dynamic,qwen2.5,Qwen2.5-7B-Instruct,fp8_dynamic,gsm8k,80.36,-0.3,-0.2547098150218826,-2.9446921422164625,2.4352725121726975,-0.37555769230769237,-0.6015625,True,Qwen2.5-7B-Instruct|s1
RedHatAI/Qwen2.5-7B-Instruct-FP8-dynamic,qwen2.5,Qwen2.5-7B-Instruct,fp8_dynamic,hellaswag,81.52,-0.41,-0.11467692988222383,-1.0671530128561786,0.837799153091731,-0.37555769230769237,-0.34941176470588237,True,Qwen2.5-7B-Instruct|s1
RedHatAI/Qwen2.5-7B-Instruct-FP8-dynamic,qwen2.5,Qwen2.5-7B-Instruct,fp8_dynamic,winogrande,74.66,-0.23,-0.12805964221702698,-3.1330294263130343,2.87691014187898,-0.37555769230769237,-0.2961194029850746,True,Qwen2.5-7B-Instruct|s1
RedHatAI/Qwen2.5-7B-Instruct-FP8-dynamic,qwen2.5,Qwen2.5-7B-Instruct,fp8_dynamic,truthfulqa,64.76,0.11,-0.008261410151108317,-4.1182579893942615,4.101735169092044,-0.37555769230769237,-0.22984848484848486,True,Qwen2.5-7B-Instruct|s1
RedHatAI/Qwen2.5-7B-Instruct-quantized.w4a16,qwen2.5,Qwen2.5-7B-Instruct,w4a16,mmlu,74.24,-1.05,-0.49815798527165245,-1.405682876168838,0.40936690562553313,-0.37555769230769237,-0.3793939393939394,True,Qwen2.5-7B-Instruct|s1
RedHatAI/Qwen2.5-7B-Instruct-quantized.w4a16,qwen2.5,Qwen2.5-7B-Instruct,w4a16,arc_challenge,63.4,-0.17,-0.6796417050911815,-4.139851925456255,2.7805685152738917,-0.37555769230769237,-0.47234375,True,Qwen2.5-7B-Instruct|s1
RedHatAI/Qwen2.5-7B-Instruct-quantized.w4a16,qwen2.5,Qwen2.5-7B-Instruct,w4a16,gsm8k,80.36,0.23,-0.6144341466523779,-3.304416473846958,2.075548180542202,-0.37555769230769237,-0.6015625,True,Qwen2.5-7B-Instruct|s1
RedHatAI/Qwen2.5-7B-Instruct-quantized.w4a16,qwen2.5,Qwen2.5-7B-Instruct,w4a16,hellaswag,81.52,-0.87,-0.47440126151271916,-1.426877344486674,0.47807482146123564,-0.37555769230769237,-0.34941176470588237,True,Qwen2.5-7B-Instruct|s1
RedHatAI/Qwen2.5-7B-Instruct-quantized.w4a16,qwen2.5,Qwen2.5-7B-Instruct,w4a16,winogrande,74.66,-0.47,-0.4877839738475223,-3.4927537579435297,2.5171858102484848,-0.37555769230769237,-0.2961194029850746,True,Qwen2.5-7B-Instruct|s1
RedHatAI/Qwen2.5-7B-Instruct-quantized.w4a16,qwen2.5,Qwen2.5-7B-Instruct,w4a16,truthfulqa,64.76,-0.49,-0.3679857417816036,-4.477982321024756,3.742010837461549,-0.37555769230769237,-0.22984848484848486,True,Qwen2.5-7B-Instruct|s1
RedHatAI/Qwen2.5-7B-Instruct-quantized.w8a8,qwen2.5,Qwen2.5-7B-Instruct,w8a8_int,mmlu,74.24,-0.37,-0.5432121309105398,-1.4507370218077253,0.3643127599866458,-0.37555769230769237,-0.3793939393939394,True,Qwen2.5-7B-Instruct|s1
RedHatAI/Qwen2.5-7B-Instruct-quantized.w8a8,qwen2.5,Qwen2.5-7B-Instruct,w8a8_int,arc_challenge,63.4,-0.17,-0.7246958507300688,-4.184906071095142,2.7355143696350046,-0.37555769230769237,-0.47234375,True,Qwen2.5-7B-Instruct|s1
RedHatAI/Qwen2.5-7B-Instruct-quantized.w8a8,qwen2.5,Qwen2.5-7B-Instruct,w8a8_int,gsm8k,80.36,0.38,-0.659488292291265,-3.349470619485845,2.030494034903315,-0.37555769230769237,-0.6015625,True,Qwen2.5-7B-Instruct|s1
RedHatAI/Qwen2.5-7B-Instruct-quantized.w8a8,qwen2.5,Qwen2.5-7B-Instruct,w8a8_int,hellaswag,81.52,-0.46,-0.5194554071516064,-1.4719314901255611,0.4330206758223484,-0.37555769230769237,-0.34941176470588237,True,Qwen2.5-7B-Instruct|s1
RedHatAI/Qwen2.5-7B-Instruct-quantized.w8a8,qwen2.5,Qwen2.5-7B-Instruct,w8a8_int,winogrande,74.66,0.16,-0.5328381194864096,-3.537807903582417,2.4721316646095977,-0.37555769230769237,-0.2961194029850746,True,Qwen2.5-7B-Instruct|s1
RedHatAI/Qwen2.5-7B-Instruct-quantized.w8a8,qwen2.5,Qwen2.5-7B-Instruct,w8a8_int,truthfulqa,64.76,-0.18,-0.4130398874204909,-4.523036466663644,3.696956691822662,-0.37555769230769237,-0.22984848484848486,True,Qwen2.5-7B-Instruct|s1
RedHatAI/Qwen2.5-7B-Instruct-FP8-dynamic,qwen2.5,Qwen2.5-7B-Instruct,fp8_dynamic,mmlu,74.24,-0.2,-0.21246833485476163,-0.9685406297487298,0.5436039600392066,-0.3685052631578948,-0.4347540983606557,True,Qwen2.5-7B-Instruct|s2
RedHatAI/Qwen2.5-7B-Instruct-FP8-dynamic,qwen2.5,Qwen2.5-7B-Instruct,fp8_dynamic,arc_challenge,63.4,-0.26,-0.21791483290310354,-3.1006667093178883,2.6648370435116817,-0.3685052631578948,-0.38683333333333336,True,Qwen2.5-7B-Instruct|s2
RedHatAI/Qwen2.5-7B-Instruct-FP8-dynamic,qwen2.5,Qwen2.5-7B-Instruct,fp8_dynamic,gsm8k,80.36,-0.3,-0.5698330177896267,-2.8108967414915447,1.6712307059122913,-0.3685052631578948,-0.8905,True,Qwen2.5-7B-Instruct|s2
RedHatAI/Qwen2.5-7B-Instruct-FP8-dynamic,qwen2.5,Qwen2.5-7B-Instruct,fp8_dynamic,hellaswag,81.52,-0.41,-0.10050354192848288,-0.8940253341228539,0.6930182502658881,-0.3685052631578948,-0.30476190476190473,True,Qwen2.5-7B-Instruct|s2
RedHatAI/Qwen2.5-7B-Instruct-FP8-dynamic,qwen2.5,Qwen2.5-7B-Instruct,fp8_dynamic,winogrande,74.66,-0.23,-0.035501786017713866,-2.5389861791591635,2.4679826071237354,-0.3685052631578948,-0.19901639344262292,True,Qwen2.5-7B-Instruct|s2
RedHatAI/Qwen2.5-7B-Instruct-FP8-dynamic,qwen2.5,Qwen2.5-7B-Instruct,fp8_dynamic,truthfulqa,64.76,0.11,0.02631617795700031,-3.397782242751525,3.4504145986655255,-0.3685052631578948,-0.15693548387096776,True,Qwen2.5-7B-Instruct|s2
RedHatAI/Qwen2.5-7B-Instruct-quantized.w4a16,qwen2.5,Qwen2.5-7B-Instruct,w4a16,mmlu,74.24,-1.05,-0.6568550606463455,-1.4129273555403137,0.09921723424762274,-0.3685052631578948,-0.4347540983606557,True,Qwen2.5-7B-Instruct|s2
RedHatAI/Qwen2.5-7B-Instruct-quantized.w4a16,qwen2.5,Qwen2.5-7B-Instruct,w4a16,arc_challenge,63.4,-0.17,-0.6623015586946874,-3.5450534351094722,2.220450317720098,-0.3685052631578948,-0.38683333333333336,True,Qwen2.5-7B-Instruct|s2
RedHatAI/Qwen2.5-7B-Instruct-quantized.w4a16,qwen2.5,Qwen2.5-7B-Instruct,w4a16,gsm8k,80.36,0.23,-1.0142197435812106,-3.2552834672831286,1.2268439801207074,-0.3685052631578948,-0.8905,True,Qwen2.5-7B-Instruct|s2
RedHatAI/Qwen2.5-7B-Instruct-quantized.w4a16,qwen2.5,Qwen2.5-7B-Instruct,w4a16,hellaswag,81.52,-0.87,-0.5448902677200667,-1.3384120599144378,0.24863152447430437,-0.3685052631578948,-0.30476190476190473,True,Qwen2.5-7B-Instruct|s2
RedHatAI/Qwen2.5-7B-Instruct-quantized.w4a16,qwen2.5,Qwen2.5-7B-Instruct,w4a16,winogrande,74.66,-0.47,-0.47988851180929776,-2.9833729049507474,2.0235958813321515,-0.3685052631578948,-0.19901639344262292,True,Qwen2.5-7B-Instruct|s2
RedHatAI/Qwen2.5-7B-Instruct-quantized.w4a16,qwen2.5,Qwen2.5-7B-Instruct,w4a16,truthfulqa,64.76,-0.49,-0.4180705478345836,-3.842168968543109,3.0060278728739416,-0.3685052631578948,-0.15693548387096776,True,Qwen2.5-7B-Instruct|s2
RedHatAI/Qwen2.5-7B-Instruct-quantized.w8a8,qwen2.5,Qwen2.5-7B-Instruct,w8a8_int,mmlu,74.24,-0.37,-0.4062949035318315,-1.1623671984257997,0.3497773913621367,-0.3685052631578948,-0.4347540983606557,True,Qwen2.5-7B-Instruct|s2
RedHatAI/Qwen2.5-7B-Instruct-quantized.w8a8,qwen2.5,Qwen2.5-7B-Instruct,w8a8_int,arc_challenge,63.4,-0.17,-0.4117414015801734,-3.2944932779949583,2.471010474834612,-0.3685052631578948,-0.38683333333333336,True,Qwen2.5-7B-Instruct|s2
RedHatAI/Qwen2.5-7B-Instruct-quantized.w8a8,qwen2.5,Qwen2.5-7B-Instruct,w8a8_int,gsm8k,80.36,0.38,-0.7636595864666964,-3.0047233101686146,1.4774041372352216,-0.3685052631578948,-0.8905,True,Qwen2.5-7B-Instruct|s2
RedHatAI/Qwen2.5-7B-Instruct-quantized.w8a8,qwen2.5,Qwen2.5-7B-Instruct,w8a8_int,hellaswag,81.52,-0.46,-0.2943301106055527,-1.0878519027999238,0.4991916815888183,-0.3685052631578948,-0.30476190476190473,True,Qwen2.5-7B-Instruct|s2
RedHatAI/Qwen2.5-7B-Instruct-quantized.w8a8,qwen2.5,Qwen2.5-7B-Instruct,w8a8_int,winogrande,74.66,0.16,-0.22932835469478374,-2.732812747836233,2.274156038446666,-0.3685052631578948,-0.19901639344262292,True,Qwen2.5-7B-Instruct|s2
RedHatAI/Qwen2.5-7B-Instruct-quantized.w8a8,qwen2.5,Qwen2.5-7B-Instruct,w8a8_int,truthfulqa,64.76,-0.18,-0.16751039072006965,-3.591608811428595,3.2565880299884555,-0.3685052631578948,-0.15693548387096776,True,Qwen2.5-7B-Instruct|s2
RedHatAI/Qwen2.5-7B-Instruct-FP8-dynamic,qwen2.5,Qwen2.5-7B-Instruct,fp8_dynamic,mmlu,74.24,-0.2,-0.2078344704704237,-0.924057511492414,0.5083885705515666,-0.3977491408934708,-0.48628571428571427,True,Qwen2.5-7B-Instruct|s3
RedHatAI/Qwen2.5-7B-Instruct-FP8-dynamic,qwen2.5,Qwen2.5-7B-Instruct,fp8_dynamic,arc_challenge,63.4,-0.26,-0.17109134914655594,-2.9019060204171105,2.559723322123999,-0.3977491408934708,-0.4585714285714286,True,Qwen2.5-7B-Instruct|s3
RedHatAI/Qwen2.5-7B-Instruct-FP8-dynamic,qwen2.5,Qwen2.5-7B-Instruct,fp8_dynamic,gsm8k,80.36,-0.3,-0.35342521089904777,-2.476372296982863,1.769521875184768,-0.3977491408934708,-0.6725714285714286,True,Qwen2.5-7B-Instruct|s3
RedHatAI/Qwen2.5-7B-Instruct-FP8-dynamic,qwen2.5,Qwen2.5-7B-Instruct,fp8_dynamic,hellaswag,81.52,-0.41,0.0058524978757728,-0.7458462417300425,0.7575512374815881,-0.3977491408934708,-0.24753424657534248,True,Qwen2.5-7B-Instruct|s3
RedHatAI/Qwen2.5-7B-Instruct-FP8-dynamic,qwen2.5,Qwen2.5-7B-Instruct,fp8_dynamic,winogrande,74.66,-0.23,-0.012734135442570571,-2.384270848685474,2.3588025778003328,-0.3977491408934708,-0.2720547945205479,True,Qwen2.5-7B-Instruct|s3
RedHatAI/Qwen2.5-7B-Instruct-FP8-dynamic,qwen2.5,Qwen2.5-7B-Instruct,fp8_dynamic,truthfulqa,64.76,0.11,-0.06454208087685587,-3.3081712949090694,3.179087133155358,-0.3977491408934708,-0.3315714285714286,True,Qwen2.5-7B-Instruct|s3
RedHatAI/Qwen2.5-7B-Instruct-quantized.w4a16,qwen2.5,Qwen2.5-7B-Instruct,w4a16,mmlu,74.24,-1.05,-0.6834214778351898,-1.3996445188571802,0.0328015631868005,-0.3977491408934708,-0.48628571428571427,True,Qwen2.5-7B-Instruct|s3
RedHatAI/Qwen2.5-7B-Instruct-quantized.w4a16,qwen2.5,Qwen2.5-7B-Instruct,w4a16,arc_challenge,63.4,-0.17,-0.6466783565113219,-3.3774930277818767,2.084136314759233,-0.3977491408934708,-0.4585714285714286,True,Qwen2.5-7B-Instruct|s3
RedHatAI/Qwen2.5-7B-Instruct-quantized.w4a16,qwen2.5,Qwen2.5-7B-Instruct,w4a16,gsm8k,80.36,0.23,-0.8290122182638138,-2.9519593043476293,1.2939348678200018,-0.3977491408934708,-0.6725714285714286,True,Qwen2.5-7B-Instruct|s3
RedHatAI/Qwen2.5-7B-Instruct-quantized.w4a16,qwen2.5,Qwen2.5-7B-Instruct,w4a16,hellaswag,81.52,-0.87,-0.46973450948899326,-1.2214332490948085,0.2819642301168221,-0.3977491408934708,-0.24753424657534248,True,Qwen2.5-7B-Instruct|s3
RedHatAI/Qwen2.5-7B-Instruct-quantized.w4a16,qwen2.5,Qwen2.5-7B-Instruct,w4a16,winogrande,74.66,-0.47,-0.48832114280733663,-2.85985785605024,1.8832155704355666,-0.3977491408934708,-0.2720547945205479,True,Qwen2.5-7B-Instruct|s3
RedHatAI/Qwen2.5-7B-Instruct-quantized.w4a16,qwen2.5,Qwen2.5-7B-Instruct,w4a16,truthfulqa,64.76,-0.49,-0.5401290882416218,-3.7837583022738355,2.7035001257905917,-0.3977491408934708,-0.3315714285714286,True,Qwen2.5-7B-Instruct|s3
RedHatAI/Qwen2.5-7B-Instruct-quantized.w8a8,qwen2.5,Qwen2.5-7B-Instruct,w8a8_int,mmlu,74.24,-0.37,-0.5463381511004168,-1.2625611921224071,0.16988488992157347,-0.3977491408934708,-0.48628571428571427,True,Qwen2.5-7B-Instruct|s3
RedHatAI/Qwen2.5-7B-Instruct-quantized.w8a8,qwen2.5,Qwen2.5-7B-Instruct,w8a8_int,arc_challenge,63.4,-0.17,-0.509595029776549,-3.2404097010471036,2.221219641494006,-0.3977491408934708,-0.4585714285714286,True,Qwen2.5-7B-Instruct|s3
RedHatAI/Qwen2.5-7B-Instruct-quantized.w8a8,qwen2.5,Qwen2.5-7B-Instruct,w8a8_int,gsm8k,80.36,0.38,-0.6919288915290409,-2.8148759776128562,1.4310181945547746,-0.3977491408934708,-0.6725714285714286,True,Qwen2.5-7B-Instruct|s3
RedHatAI/Qwen2.5-7B-Instruct-quantized.w8a8,qwen2.5,Qwen2.5-7B-Instruct,w8a8_int,hellaswag,81.52,-0.46,-0.33265118275422023,-1.0843499223600355,0.4190475568515951,-0.3977491408934708,-0.24753424657534248,True,Qwen2.5-7B-Instruct|s3
RedHatAI/Qwen2.5-7B-Instruct-quantized.w8a8,qwen2.5,Qwen2.5-7B-Instruct,w8a8_int,winogrande,74.66,0.16,-0.35123781607256366,-2.722774529315467,2.0202988971703397,-0.3977491408934708,-0.2720547945205479,True,Qwen2.5-7B-Instruct|s3
RedHatAI/Qwen2.5-7B-Instruct-quantized.w8a8,qwen2.5,Qwen2.5-7B-Instruct,w8a8_int,truthfulqa,64.76,-0.18,-0.4030457615068489,-3.6466749755390624,2.840583452525365,-0.3977491408934708,-0.3315714285714286,True,Qwen2.5-7B-Instruct|s3
RedHatAI/Qwen2.5-7B-Instruct-FP8-dynamic,qwen2.5,Qwen2.5-7B-Instruct,fp8_dynamic,mmlu,74.24,-0.2,-0.19025750499819677,-0.7208089657061065,0.34029395570971294,-0.4014081996434938,-0.5008695652173913,True,Qwen2.5-7B-Instruct|s4
RedHatAI/Qwen2.5-7B-Instruct-FP8-dynamic,qwen2.5,Qwen2.5-7B-Instruct,fp8_dynamic,arc_challenge,63.4,-0.26,-0.18589365267652738,-2.2087798623938433,1.8369925570407883,-0.4014081996434938,-0.4123529411764706,True,Qwen2.5-7B-Instruct|s4
RedHatAI/Qwen2.5-7B-Instruct-FP8-dynamic,qwen2.5,Qwen2.5-7B-Instruct,fp8_dynamic,gsm8k,80.36,-0.3,-0.3504119008321715,-1.9230123521108493,1.2221885504465062,-0.4014081996434938,-0.7456716417910448,True,Qwen2.5-7B-Instruct|s4
RedHatAI/Qwen2.5-7B-Instruct-FP8-dynamic,qwen2.5,Qwen2.5-7B-Instruct,fp8_dynamic,hellaswag,81.52,-0.41,-0.027812082341861943,-0.5846426246001571,0.5290184599164333,-0.4014081996434938,-0.31267605633802814,True,Qwen2.5-7B-Instruct|s4
RedHatAI/Qwen2.5-7B-Instruct-FP8-dynamic,qwen2.5,Qwen2.5-7B-Instruct,fp8_dynamic,winogrande,74.66,-0.23,-0.018545746559083975,-1.7752921722787591,1.7382006791605913,-0.4014081996434938,-0.26157142857142857,True,Qwen2.5-7B-Instruct|s4
RedHatAI/Qwen2.5-7B-Instruct-FP8-dynamic,qwen2.5,Qwen2.5-7B-Instruct,fp8_dynamic,truthfulqa,64.76,0.11,0.12646626490951174,-2.276293935382345,2.5292264652013685,-0.4014081996434938,-0.15588235294117647,True,Qwen2.5-7B-Instruct|s4
RedHatAI/Qwen2.5-7B-Instruct-quantized.w4a16,qwen2.5,Qwen2.5-7B-Instruct,w4a16,mmlu,74.24,-1.05,-0.6283604193085933,-1.158911880016503,-0.09780895860068362,-0.4014081996434938,-0.5008695652173913,True,Qwen2.5-7B-Instruct|s4
RedHatAI/Qwen2.5-7B-Instruct-quantized.w4a16,qwen2.5,Qwen2.5-7B-Instruct,w4a16,arc_challenge,63.4,-0.17,-0.6239965669869237,-2.6468827767042393,1.398889642730392,-0.4014081996434938,-0.4123529411764706,True,Qwen2.5-7B-Instruct|s4
RedHatAI/Qwen2.5-7B-Instruct-quantized.w4a16,qwen2.5,Qwen2.5-7B-Instruct,w4a16,gsm8k,80.36,0.23,-0.7885148151425679,-2.361115266421246,0.7840856361361098,-0.4014081996434938,-0.7456716417910448,True,Qwen2.5-7B-Instruct|s4
RedHatAI/Qwen2.5-7B-Instruct-quantized.w4a16,qwen2.5,Qwen2.5-7B-Instruct,w4a16,hellaswag,81.52,-0.87,-0.46591499665225833,-1.0227455389105535,0.09091554560603687,-0.4014081996434938,-0.31267605633802814,True,Qwen2.5-7B-Instruct|s4
RedHatAI/Qwen2.5-7B-Instruct-quantized.w4a16,qwen2.5,Qwen2.5-7B-Instruct,w4a16,winogrande,74.66,-0.47,-0.45664866086948047,-2.2133950865891556,1.3000977648501948,-0.4014081996434938,-0.26157142857142857,True,Qwen2.5-7B-Instruct|s4
RedHatAI/Qwen2.5-7B-Instruct-quantized.w4a16,qwen2.5,Qwen2.5-7B-Instruct,w4a16,truthfulqa,64.76,-0.49,-0.3116366494008847,-2.7143968496927413,2.091123550890972,-0.4014081996434938,-0.15588235294117647,True,Qwen2.5-7B-Instruct|s4
RedHatAI/Qwen2.5-7B-Instruct-quantized.w8a8,qwen2.5,Qwen2.5-7B-Instruct,w8a8_int,mmlu,74.24,-0.37,-0.5057745428434907,-1.0363260035514004,0.024776917864419046,-0.4014081996434938,-0.5008695652173913,True,Qwen2.5-7B-Instruct|s4
RedHatAI/Qwen2.5-7B-Instruct-quantized.w8a8,qwen2.5,Qwen2.5-7B-Instruct,w8a8_int,arc_challenge,63.4,-0.17,-0.5014106905218212,-2.524296900239137,1.5214755191954945,-0.4014081996434938,-0.4123529411764706,True,Qwen2.5-7B-Instruct|s4
RedHatAI/Qwen2.5-7B-Instruct-quantized.w8a8,qwen2.5,Qwen2.5-7B-Instruct,w8a8_int,gsm8k,80.36,0.38,-0.6659289386774654,-2.238529389956143,0.9066715126012124,-0.4014081996434938,-0.7456716417910448,True,Qwen2.5-7B-Instruct|s4
RedHatAI/Qwen2.5-7B-Instruct-quantized.w8a8,qwen2.5,Qwen2.5-7B-Instruct,w8a8_int,hellaswag,81.52,-0.46,-0.3433291201871558,-0.900159662445451,0.21350142207113942,-0.4014081996434938,-0.31267605633802814,True,Qwen2.5-7B-Instruct|s4
RedHatAI/Qwen2.5-7B-Instruct-quantized.w8a8,qwen2.5,Qwen2.5-7B-Instruct,w8a8_int,winogrande,74.66,0.16,-0.33406278440437787,-2.090809210124053,1.4226836413152975,-0.4014081996434938,-0.26157142857142857,True,Qwen2.5-7B-Instruct|s4
RedHatAI/Qwen2.5-7B-Instruct-quantized.w8a8,qwen2.5,Qwen2.5-7B-Instruct,w8a8_int,truthfulqa,64.76,-0.18,-0.18905077293578204,-2.5918109732276386,2.2137094273560747,-0.4014081996434938,-0.15588235294117647,True,Qwen2.5-7B-Instruct|s4
RedHatAI/Qwen3-14B-FP8-dynamic,qwen3,Qwen3-14B,fp8_dynamic,mmlu,76.81,-0.34,-0.28123966908100934,-1.1013319464941604,0.5388526083321417,-0.3601682242990654,-0.42264705882352943,True,Qwen3-14B|s0
RedHatAI/Qwen3-14B-FP8-dynamic,qwen3,Qwen3-14B,fp8_dynamic,arc_challenge,61.6,0.35,-0.33909426760443034,-3.610316974570205,2.9321284393613443,-0.3601682242990654,-0.4844117647058823,True,Qwen3-14B|s0
RedHatAI/Qwen3-14B-FP8-dynamic,qwen3,Qwen3-14B,fp8_dynamic,gsm8k,67.63,-1.44,-0.5237729728238885,-3.490219986303855,2.442674040656078,-0.3601682242990654,-0.693030303030303,True,Qwen3-14B|s0
RedHatAI/Qwen3-14B-FP8-dynamic,qwen3,Qwen3-14B,fp8_dynamic,hellaswag,55.09,1.37,-0.16710023324062334,-1.3100200291239716,0.9758195626427251,-0.3601682242990654,-0.22710144927536233,False,Qwen3-14B|s0
RedHatAI/Qwen3-14B-FP8-dynamic,qwen3,Qwen3-14B,fp8_dynamic,winogrande,62.51,1.1,-0.09816408667442811,-3.2297340004685715,3.033405827119715,-0.3601682242990654,-0.1808823529411765,True,Qwen3-14B|s0
RedHatAI/Qwen3-14B-FP8-dynamic,qwen3,Qwen3-14B,fp8_dynamic,truthfulqa,55.39,0.2,-0.05876332285250491,-4.0631749681628,3.94564832245779,-0.3601682242990654,-0.16,True,Qwen3-14B|s0
RedHatAI/Qwen3-14B-FP8-dynamic,qwen3,Qwen3-14B,fp8_dynamic,ifeval,87.48,0.3,-0.17954334932283528,-3.45578455976704,3.096697861121369,-0.3601682242990654,-0.3976470588235294,True,Qwen3-14B|s0
RedHatAI/Qwen3-14B-FP8-dynamic,qwen3,Qwen3-14B,fp8_dynamic,bbh,40.4,-0.03,-0.5082761255734938,-1.908533648181942,0.8919813970349544,-0.3601682242990654,-0.7466666666666666,True,Qwen3-14B|s0
RedHatAI/Qwen3-14B-FP8-dynamic,qwen3,Qwen3-14B,fp8_dynamic,math_lvl5,54.18,0.13,0.05896664058460982,-3.0940117915652925,3.211945072734512,-0.3601682242990654,0.07333333333333325,True,Qwen3-14B|s0
RedHatAI/Qwen3-14B-FP8-dynamic,qwen3,Qwen3-14B,fp8_dynamic,gpqa,61.62,2.52,0.44718407675605004,-4.843261790222709,5.7376299437348095,-0.3601682242990654,0.35749999999999993,True,Qwen3-14B|s0
RedHatAI/Qwen3-14B-NVFP4,qwen3,Qwen3-14B,nvfp4,arc_challenge,67.32,-0.26,-1.0211682200673573,-4.175934727538183,2.133598287403469,-0.3601682242990654,-0.4844117647058823,True,Qwen3-14B|s0
RedHatAI/Qwen3-14B-NVFP4,qwen3,Qwen3-14B,nvfp4,gsm8k,88.7,-0.45,-1.1554743546375101,-3.1627017864509455,0.8517530771759254,-0.3601682242990654,-0.693030303030303,True,Qwen3-14B|s0
RedHatAI/Qwen3-14B-NVFP4,qwen3,Qwen3-14B,nvfp4,hellaswag,79.62,-1.38,-0.8049281107898507,-1.730523148674254,0.12066692709455273,-0.3601682242990654,-0.22710144927536233,True,Qwen3-14B|s0
RedHatAI/Qwen3-14B-NVFP4,qwen3,Qwen3-14B,nvfp4,mmlu,78.86,-1.63,-0.9628665925188282,-1.756252246456456,-0.16948093858120028,-0.3601682242990654,-0.42264705882352943,True,Qwen3-14B|s0
RedHatAI/Qwen3-14B-NVFP4,qwen3,Qwen3-14B,nvfp4,truthfulqa,58.59,-0.1,-0.7470486252899692,-4.715045174041978,3.2209479234620395,-0.3601682242990654,-0.16,True,Qwen3-14B|s0
RedHatAI/Qwen3-14B-NVFP4,qwen3,Qwen3-14B,nvfp4,winogrande,73.72,0.08,-0.768343356245347,-3.615654881430184,2.0789681689394905,-0.3601682242990654,-0.1808823529411765,True,Qwen3-14B|s0
RedHatAI/Qwen3-14B-NVFP4,qwen3,Qwen3-14B,nvfp4,bbh,59.45,-2.67,-1.2073957609002646,-2.608483913754032,0.19369239195350274,-0.3601682242990654,-0.7466666666666666,False,Qwen3-14B|s0
RedHatAI/Qwen3-14B-NVFP4,qwen3,Qwen3-14B,nvfp4,mmlu_pro,44.39,-3.24,-1.3102693316896732,-2.3532303058987427,-0.2673083574806039,-0.3601682242990654,-0.8526315789473684,False,Qwen3-14B|s0
RedHatAI/Qwen3-14B-NVFP4,qwen3,Qwen3-14B,nvfp4,musr,38.62,-0.79,-0.5010358676969939,-4.578373060524027,3.5763013251300384,-0.3601682242990654,0.0009090909090909098,True,Qwen3-14B|s0
RedHatAI/Qwen3-14B-NVFP4,qwen3,Qwen3-14B,nvfp4,ifeval,89.45,0.96,-0.8646225379362087,-3.9057576779458394,2.176512602073422,-0.3601682242990654,-0.3976470588235294,True,Qwen3-14B|s0
RedHatAI/Qwen3-14B-NVFP4,qwen3,Qwen3-14B,nvfp4,gpqa,27.43,-0.84,-0.20738140572469557,-5.061053223962476,4.6462904125130855,-0.3601682242990654,0.35749999999999993,True,Qwen3-14B|s0
RedHatAI/Qwen3-14B-NVFP4,qwen3,Qwen3-14B,nvfp4,humaneval,90.74,-0.87,-0.8583640462567244,-6.070322036649342,4.353593944135893,-0.3601682242990654,-0.3895652173913044,True,Qwen3-14B|s0
RedHatAI/Qwen3-14B-quantized.w4a16,qwen3,Qwen3-14B,w4a16,mmlu,76.81,-0.91,-0.5924679834289998,-1.4125602608421508,0.2276242939841513,-0.3601682242990654,-0.42264705882352943,True,Qwen3-14B|s0
RedHatAI/Qwen3-14B-quantized.w4a16,qwen3,Qwen3-14B,w4a16,arc_challenge,61.6,-0.08,-0.6503225819524205,-3.921545288918195,2.620900125013354,-0.3601682242990654,-0.4844117647058823,True,Qwen3-14B|s0
RedHatAI/Qwen3-14B-quantized.w4a16,qwen3,Qwen3-14B,w4a16,gsm8k,67.63,3.94,-0.8350012871718787,-3.8014483006518454,2.1314457263080877,-0.3601682242990654,-0.693030303030303,False,Qwen3-14B|s0
RedHatAI/Qwen3-14B-quantized.w4a16,qwen3,Qwen3-14B,w4a16,hellaswag,55.09,2.87,-0.47832854758861365,-1.621248343471962,0.6645912482947347,-0.3601682242990654,-0.22710144927536233,False,Qwen3-14B|s0
RedHatAI/Qwen3-14B-quantized.w4a16,qwen3,Qwen3-14B,w4a16,truthfulqa,55.39,0.91,-0.3699916372004952,-4.374403282510791,3.6344200081098,-0.3601682242990654,-0.16,True,Qwen3-14B|s0
RedHatAI/Qwen3-14B-quantized.w4a16,qwen3,Qwen3-14B,w4a16,mmlu_pro,44.59,-2.2,-0.9325459274277199,-1.975972396299922,0.11088054144448223,-0.3601682242990654,-0.8526315789473684,False,Qwen3-14B|s0
RedHatAI/Qwen3-14B-quantized.w4a16,qwen3,Qwen3-14B,w4a16,bbh,40.4,-1.66,-0.8195044399214841,-2.2197619625299323,0.580753082686964,-0.3601682242990654,-0.7466666666666666,True,Qwen3-14B|s0
RedHatAI/Qwen3-14B-quantized.w4a16,qwen3,Qwen3-14B,w4a16,math_lvl5,54.18,0.87,-0.2522616737633805,-3.4052401059132826,2.9007167583865217,-0.3601682242990654,0.07333333333333325,True,Qwen3-14B|s0
RedHatAI/Qwen3-14B-quantized.w4a16,qwen3,Qwen3-14B,w4a16,gpqa,61.62,-0.51,0.1359557624080598,-5.1544901045707,5.4264016293868185,-0.3601682242990654,0.35749999999999993,True,Qwen3-14B|s0
RedHatAI/Qwen3-14B-FP8-dynamic,qwen3,Qwen3-14B,fp8_dynamic,mmlu,76.81,-0.34,-0.2516718408770228,-1.1020825982544322,0.5987389165003867,-0.4066530612244898,-0.37609375,True,Qwen3-14B|s1
RedHatAI/Qwen3-14B-FP8-dynamic,qwen3,Qwen3-14B,fp8_dynamic,arc_challenge,61.6,0.35,-0.3699724264743056,-3.7621309144873196,3.022186061538709,-0.4066530612244898,-0.46796875,True,Qwen3-14B|s1
RedHatAI/Qwen3-14B-FP8-dynamic,qwen3,Qwen3-14B,fp8_dynamic,gsm8k,67.63,-1.44,-0.6536826622039518,-3.729798022552056,2.422432698144152,-0.4066530612244898,-0.8103076923076922,True,Qwen3-14B|s1
RedHatAI/Qwen3-14B-FP8-dynamic,qwen3,Qwen3-14B,fp8_dynamic,hellaswag,55.09,1.37,-0.22947563409836247,-1.4146487127970868,0.9556974446003618,-0.4066530612244898,-0.24833333333333335,False,Qwen3-14B|s1
RedHatAI/Qwen3-14B-FP8-dynamic,qwen3,Qwen3-14B,fp8_dynamic,winogrande,62.51,1.1,-0.21871502030710754,-3.466057807841178,3.028627767226963,-0.4066530612244898,-0.273030303030303,True,Qwen3-14B|s1
RedHatAI/Qwen3-14B-FP8-dynamic,qwen3,Qwen3-14B,fp8_dynamic,truthfulqa,55.39,0.2,-0.09983914988137194,-4.252292274889469,4.052613975126726,-0.4066530612244898,-0.16984126984126985,True,Qwen3-14B|s1
RedHatAI/Qwen3-14B-FP8-dynamic,qwen3,Qwen3-14B,fp8_dynamic,ifeval,87.48,0.3,-0.13922963658172155,-3.5365921601179755,3.2581328869545327,-0.4066530612244898,-0.31285714285714283,True,Qwen3-14B|s1
RedHatAI/Qwen3-14B-FP8-dynamic,qwen3,Qwen3-14B,fp8_dynamic,bbh,40.4,-0.03,-0.38927080304535294,-1.8412952801944773,1.0627536741037715,-0.4066530612244898,-0.5333333333333333,True,Qwen3-14B|s1
RedHatAI/Qwen3-14B-FP8-dynamic,qwen3,Qwen3-14B,fp8_dynamic,math_lvl5,54.18,0.13,-2.873663967727489,-6.143206737886292,0.39587880243131357,-0.4066530612244898,-3.2,True,Qwen3-14B|s1
RedHatAI/Qwen3-14B-FP8-dynamic,qwen3,Qwen3-14B,fp8_dynamic,gpqa,61.62,2.52,-0.13559789409242973,-5.621629406049996,5.350433617865136,-0.4066530612244898,-0.24400000000000005,True,Qwen3-14B|s1
RedHatAI/Qwen3-14B-NVFP4,qwen3,Qwen3-14B,nvfp4,arc_challenge,67.32,-0.26,-1.4598362318962126,-4.731233181797704,1.8115607180052788,-0.4066530612244898,-0.46796875,True,Qwen3-14B|s1
RedHatAI/Qwen3-14B-NVFP4,qwen3,Qwen3-14B,nvfp4,gsm8k,88.7,-0.45,-1.6528331657090645,-3.73426698423194,0.4286006528138109,-0.4066530612244898,-0.8103076923076922,True,Qwen3-14B|s1
RedHatAI/Qwen3-14B-NVFP4,qwen3,Qwen3-14B,nvfp4,hellaswag,79.62,-1.38,-1.2553619655975639,-2.2151758778501476,-0.29554805334498035,-0.4066530612244898,-0.24833333333333335,True,Qwen3-14B|s1
RedHatAI/Qwen3-14B-NVFP4,qwen3,Qwen3-14B,nvfp4,mmlu,78.86,-1.63,-1.344040470636835,-2.16675727146529,-0.52132366980838,-0.4066530612244898,-0.37609375,True,Qwen3-14B|s1
RedHatAI/Qwen3-14B-NVFP4,qwen3,Qwen3-14B,nvfp4,truthfulqa,58.59,-0.1,-1.200387754663953,-5.315079531715224,2.9143040223873182,-0.4066530612244898,-0.16984126984126985,True,Qwen3-14B|s1
RedHatAI/Qwen3-14B-NVFP4,qwen3,Qwen3-14B,nvfp4,winogrande,73.72,0.08,-1.2876039913418307,-4.240179472554422,1.6649714898707604,-0.4066530612244898,-0.273030303030303,True,Qwen3-14B|s1
RedHatAI/Qwen3-14B-NVFP4,qwen3,Qwen3-14B,nvfp4,bbh,59.45,-2.67,-1.501728599939897,-2.9546144153987184,-0.04884278448107571,-0.4066530612244898,-0.5333333333333333,True,Qwen3-14B|s1
RedHatAI/Qwen3-14B-NVFP4,qwen3,Qwen3-14B,nvfp4,mmlu_pro,44.39,-3.24,-1.7072892147733036,-2.7888080345699504,-0.6257703949766569,-0.4066530612244898,-0.7753846153846153,False,Qwen3-14B|s1
RedHatAI/Qwen3-14B-NVFP4,qwen3,Qwen3-14B,nvfp4,musr,38.62,-0.79,-1.1507246391685055,-5.378799339704045,3.0773500613670346,-0.4066530612244898,-0.17099999999999999,True,Qwen3-14B|s1
RedHatAI/Qwen3-14B-NVFP4,qwen3,Qwen3-14B,nvfp4,ifeval,89.45,0.96,-1.230641649793282,-4.38420632651532,1.9229230269287567,-0.4066530612244898,-0.31285714285714283,True,Qwen3-14B|s1
RedHatAI/Qwen3-14B-NVFP4,qwen3,Qwen3-14B,nvfp4,gpqa,27.43,-0.84,-1.1892377081417789,-6.22234781134733,3.8438723950637717,-0.4066530612244898,-0.24400000000000005,True,Qwen3-14B|s1
RedHatAI/Qwen3-14B-NVFP4,qwen3,Qwen3-14B,nvfp4,humaneval,90.74,-0.87,-1.2876223982018433,-6.692264368505501,4.117019572101816,-0.4066530612244898,-0.45368421052631586,True,Qwen3-14B|s1
RedHatAI/Qwen3-14B-quantized.w4a16,qwen3,Qwen3-14B,w4a16,mmlu,76.81,-0.91,-0.8085716152911245,-1.658982372668534,0.04183914208628492,-0.4066530612244898,-0.37609375,True,Qwen3-14B|s1
RedHatAI/Qwen3-14B-quantized.w4a16,qwen3,Qwen3-14B,w4a16,arc_challenge,61.6,-0.08,-0.9268722008884074,-4.319030688901422,2.4652862871246066,-0.4066530612244898,-0.46796875,True,Qwen3-14B|s1
RedHatAI/Qwen3-14B-quantized.w4a16,qwen3,Qwen3-14B,w4a16,gsm8k,67.63,3.94,-1.2105824366180533,-4.286697796966157,1.8655329237300506,-0.4066530612244898,-0.8103076923076922,False,Qwen3-14B|s1
RedHatAI/Qwen3-14B-quantized.w4a16,qwen3,Qwen3-14B,w4a16,hellaswag,55.09,2.87,-0.7863754085124641,-1.9715484872111884,0.3987976701862601,-0.4066530612244898,-0.24833333333333335,False,Qwen3-14B|s1
RedHatAI/Qwen3-14B-quantized.w4a16,qwen3,Qwen3-14B,w4a16,truthfulqa,55.39,0.91,-0.6567389242954736,-4.809192049303571,3.495714200712624,-0.4066530612244898,-0.16984126984126985,True,Qwen3-14B|s1
RedHatAI/Qwen3-14B-quantized.w4a16,qwen3,Qwen3-14B,w4a16,mmlu_pro,44.59,-2.2,-1.1611514115194699,-2.243152935128764,-0.07914988791017574,-0.4066530612244898,-0.7753846153846153,True,Qwen3-14B|s1
RedHatAI/Qwen3-14B-quantized.w4a16,qwen3,Qwen3-14B,w4a16,bbh,40.4,-1.66,-0.9461705774594548,-2.3981950546085793,0.5058538996896697,-0.4066530612244898,-0.5333333333333333,True,Qwen3-14B|s1
RedHatAI/Qwen3-14B-quantized.w4a16,qwen3,Qwen3-14B,w4a16,math_lvl5,54.18,0.87,-3.430563742141591,-6.700106512300394,-0.16102097198278864,-0.4066530612244898,-3.2,False,Qwen3-14B|s1
RedHatAI/Qwen3-14B-quantized.w4a16,qwen3,Qwen3-14B,w4a16,gpqa,61.62,-0.51,-0.6924976685065314,-6.178529180464097,4.793533843451034,-0.4066530612244898,-0.24400000000000005,True,Qwen3-14B|s1
RedHatAI/Qwen3-14B-FP8-dynamic,qwen3,Qwen3-14B,fp8_dynamic,mmlu,76.81,-0.34,-0.1741206260953119,-0.7947167496856509,0.44647549749502713,-0.3468089430894309,-0.49546875,True,Qwen3-14B|s2
RedHatAI/Qwen3-14B-FP8-dynamic,qwen3,Qwen3-14B,fp8_dynamic,arc_challenge,61.6,0.35,-0.07371763208408472,-2.5491806833242503,2.4017454191560805,-0.3468089430894309,-0.43390625,True,Qwen3-14B|s2
RedHatAI/Qwen3-14B-FP8-dynamic,qwen3,Qwen3-14B,fp8_dynamic,gsm8k,67.63,-1.44,-0.10344535040804331,-2.348272631563323,2.1413819307472366,-0.3468089430894309,-0.49553846153846154,True,Qwen3-14B|s2
RedHatAI/Qwen3-14B-FP8-dynamic,qwen3,Qwen3-14B,fp8_dynamic,hellaswag,55.09,1.37,0.058829229802084104,-0.8060631907645546,0.9237216503687227,-0.3468089430894309,-0.25742424242424244,False,Qwen3-14B|s2
RedHatAI/Qwen3-14B-FP8-dynamic,qwen3,Qwen3-14B,fp8_dynamic,winogrande,62.51,1.1,0.21890694809444328,-2.1508753346787173,2.588689230867604,-0.3468089430894309,-0.09353846153846153,True,Qwen3-14B|s2
RedHatAI/Qwen3-14B-FP8-dynamic,qwen3,Qwen3-14B,fp8_dynamic,truthfulqa,55.39,0.2,0.0798321797142244,-2.950463815973601,3.11012817540205,-0.3468089430894309,-0.24142857142857144,True,Qwen3-14B|s2
RedHatAI/Qwen3-14B-FP8-dynamic,qwen3,Qwen3-14B,fp8_dynamic,ifeval,87.48,0.3,0.06251038731967073,-2.416750363143761,2.541771137783102,-0.3468089430894309,-0.2693333333333333,True,Qwen3-14B|s2
RedHatAI/Qwen3-14B-FP8-dynamic,qwen3,Qwen3-14B,fp8_dynamic,bbh,40.4,-0.03,-0.4425337174683988,-1.5021637304470812,0.6170962955102837,-0.3468089430894309,-0.8575,True,Qwen3-14B|s2
RedHatAI/Qwen3-14B-FP8-dynamic,qwen3,Qwen3-14B,fp8_dynamic,math_lvl5,54.18,0.13,1.2339669950396361,-1.15201595669398,3.6199499467732523,-0.3468089430894309,1.15,True,Qwen3-14B|s2
RedHatAI/Qwen3-14B-FP8-dynamic,qwen3,Qwen3-14B,fp8_dynamic,gpqa,61.62,2.52,0.5850961566927126,-3.4183925817550738,4.5885848951404995,-0.3468089430894309,0.19846153846153847,True,Qwen3-14B|s2
RedHatAI/Qwen3-14B-NVFP4,qwen3,Qwen3-14B,nvfp4,arc_challenge,67.32,-0.26,-0.9122416344601496,-3.299577693207959,1.4750944242876596,-0.3468089430894309,-0.43390625,True,Qwen3-14B|s2
RedHatAI/Qwen3-14B-NVFP4,qwen3,Qwen3-14B,nvfp4,gsm8k,88.7,-0.45,-1.0339869786643587,-2.552935025921795,0.48496106859307764,-0.3468089430894309,-0.49553846153846154,True,Qwen3-14B|s2
RedHatAI/Qwen3-14B-NVFP4,qwen3,Qwen3-14B,nvfp4,hellaswag,79.62,-1.38,-0.7968099542437617,-1.4972441716435783,-0.09637573684394507,-0.3468089430894309,-0.25742424242424244,True,Qwen3-14B|s2
RedHatAI/Qwen3-14B-NVFP4,qwen3,Qwen3-14B,nvfp4,mmlu,78.86,-1.63,-1.0112189119920334,-1.6116050818252459,-0.41083274215882093,-0.3468089430894309,-0.49546875,False,Qwen3-14B|s2
RedHatAI/Qwen3-14B-NVFP4,qwen3,Qwen3-14B,nvfp4,truthfulqa,58.59,-0.1,-0.7504154113580305,-3.7531546693632065,2.2523238466471454,-0.3468089430894309,-0.24142857142857144,True,Qwen3-14B|s2
RedHatAI/Qwen3-14B-NVFP4,qwen3,Qwen3-14B,nvfp4,winogrande,73.72,0.08,-0.6356470073031233,-2.7903197726138993,1.5190257580076525,-0.3468089430894309,-0.09353846153846153,True,Qwen3-14B|s2
RedHatAI/Qwen3-14B-NVFP4,qwen3,Qwen3-14B,nvfp4,bbh,59.45,-2.67,-1.234514454157949,-2.2947730377555473,-0.1742558705603503,-0.3468089430894309,-0.8575,False,Qwen3-14B|s2
RedHatAI/Qwen3-14B-NVFP4,qwen3,Qwen3-14B,nvfp4,mmlu_pro,44.39,-3.24,-1.7841849348194179,-2.5734345783983352,-0.9949352912405007,-0.3468089430894309,-1.5014285714285713,False,Qwen3-14B|s2
RedHatAI/Qwen3-14B-NVFP4,qwen3,Qwen3-14B,nvfp4,musr,38.62,-0.79,-0.18926549831336426,-3.274747127796385,2.896216131169657,-0.3468089430894309,0.3222222222222222,True,Qwen3-14B|s2
RedHatAI/Qwen3-14B-NVFP4,qwen3,Qwen3-14B,nvfp4,ifeval,89.45,0.96,-0.7896577804108535,-3.0910045083151525,1.5116889474934452,-0.3468089430894309,-0.2693333333333333,True,Qwen3-14B|s2
RedHatAI/Qwen3-14B-NVFP4,qwen3,Qwen3-14B,nvfp4,gpqa,27.43,-0.84,-0.36951092204591696,-4.042475536563986,3.303453692472152,-0.3468089430894309,0.19846153846153847,True,Qwen3-14B|s2
RedHatAI/Qwen3-14B-NVFP4,qwen3,Qwen3-14B,nvfp4,humaneval,90.74,-0.87,-0.7535812077056093,-4.697675078893041,3.1905126634818224,-0.3468089430894309,-0.1708333333333333,True,Qwen3-14B|s2
RedHatAI/Qwen3-14B-quantized.w4a16,qwen3,Qwen3-14B,w4a16,mmlu,76.81,-0.91,-0.8365904803745897,-1.4571866039649288,-0.21599435678425072,-0.3468089430894309,-0.49546875,True,Qwen3-14B|s2
RedHatAI/Qwen3-14B-quantized.w4a16,qwen3,Qwen3-14B,w4a16,arc_challenge,61.6,-0.08,-0.7361874863633625,-3.211650537603528,1.7392755648768028,-0.3468089430894309,-0.43390625,True,Qwen3-14B|s2
RedHatAI/Qwen3-14B-quantized.w4a16,qwen3,Qwen3-14B,w4a16,gsm8k,67.63,3.94,-0.7659152046873212,-3.0107424858426013,1.4789120764679586,-0.3468089430894309,-0.49553846153846154,False,Qwen3-14B|s2
RedHatAI/Qwen3-14B-quantized.w4a16,qwen3,Qwen3-14B,w4a16,hellaswag,55.09,2.87,-0.6036406244771937,-1.4685330450438323,0.26125179608944493,-0.3468089430894309,-0.25742424242424244,False,Qwen3-14B|s2
RedHatAI/Qwen3-14B-quantized.w4a16,qwen3,Qwen3-14B,w4a16,truthfulqa,55.39,0.91,-0.5826376745650533,-3.612933670252879,2.4476583211227725,-0.3468089430894309,-0.24142857142857144,True,Qwen3-14B|s2
RedHatAI/Qwen3-14B-quantized.w4a16,qwen3,Qwen3-14B,w4a16,mmlu_pro,44.59,-2.2,-1.6146059728907227,-2.404207874613569,-0.8250040711678763,-0.3468089430894309,-1.5014285714285713,True,Qwen3-14B|s2
RedHatAI/Qwen3-14B-quantized.w4a16,qwen3,Qwen3-14B,w4a16,bbh,40.4,-1.66,-1.1050035717476765,-2.164633584726359,-0.04537355876899407,-0.3468089430894309,-0.8575,True,Qwen3-14B|s2
RedHatAI/Qwen3-14B-quantized.w4a16,qwen3,Qwen3-14B,w4a16,math_lvl5,54.18,0.87,0.5714971407603582,-1.814485810973258,2.9574800924939746,-0.3468089430894309,1.15,True,Qwen3-14B|s2
RedHatAI/Qwen3-14B-quantized.w4a16,qwen3,Qwen3-14B,w4a16,gpqa,61.62,-0.51,-0.07737369758656498,-4.0808624360343515,3.9261150408612213,-0.3468089430894309,0.19846153846153847,True,Qwen3-14B|s2
RedHatAI/Qwen3-14B-FP8-dynamic,qwen3,Qwen3-14B,fp8_dynamic,mmlu,76.81,-0.34,-0.27333809979204865,-0.8561137404718446,0.3094375408877473,-0.38849999999999996,-0.5051515151515151,True,Qwen3-14B|s3
RedHatAI/Qwen3-14B-FP8-dynamic,qwen3,Qwen3-14B,fp8_dynamic,arc_challenge,61.6,0.35,-0.34610821058127533,-2.670711138036795,1.9784947168742446,-0.38849999999999996,-0.4735384615384616,True,Qwen3-14B|s3
RedHatAI/Qwen3-14B-FP8-dynamic,qwen3,Qwen3-14B,fp8_dynamic,gsm8k,67.63,-1.44,-0.43233581220150447,-2.540358417019331,1.6756867926163221,-0.38849999999999996,-0.606923076923077,True,Qwen3-14B|s3
RedHatAI/Qwen3-14B-FP8-dynamic,qwen3,Qwen3-14B,fp8_dynamic,hellaswag,55.09,1.37,-0.3220619380213156,-1.1342459258922137,0.49012204984958246,-0.38849999999999996,-0.3498529411764706,False,Qwen3-14B|s3
RedHatAI/Qwen3-14B-FP8-dynamic,qwen3,Qwen3-14B,fp8_dynamic,winogrande,62.51,1.1,-0.10156644855027924,-2.3269290243345946,2.123796127234036,-0.38849999999999996,-0.16882352941176468,True,Qwen3-14B|s3
RedHatAI/Qwen3-14B-FP8-dynamic,qwen3,Qwen3-14B,fp8_dynamic,truthfulqa,55.39,0.2,-0.08262601804633152,-2.928249158776958,2.762997122684295,-0.38849999999999996,-0.2169230769230769,True,Qwen3-14B|s3
RedHatAI/Qwen3-14B-FP8-dynamic,qwen3,Qwen3-14B,fp8_dynamic,ifeval,87.48,0.3,0.13910670874958148,-2.1890624778458503,2.4672758953450136,-0.38849999999999996,-0.13210526315789473,True,Qwen3-14B|s3
RedHatAI/Qwen3-14B-FP8-dynamic,qwen3,Qwen3-14B,fp8_dynamic,bbh,40.4,-0.03,-0.21156746165650467,-1.2066213078272017,0.7834863845141923,-0.38849999999999996,-0.4026315789473684,True,Qwen3-14B|s3
RedHatAI/Qwen3-14B-FP8-dynamic,qwen3,Qwen3-14B,fp8_dynamic,math_lvl5,54.18,0.13,-0.41881809373965667,-2.6593940343420597,1.8217578468627462,-0.38849999999999996,-0.6733333333333333,True,Qwen3-14B|s3
RedHatAI/Qwen3-14B-FP8-dynamic,qwen3,Qwen3-14B,fp8_dynamic,gpqa,61.62,2.52,0.17467150222674582,-3.5848358904481397,3.9341788949016316,-0.38849999999999996,-0.16499999999999998,True,Qwen3-14B|s3
RedHatAI/Qwen3-14B-NVFP4,qwen3,Qwen3-14B,nvfp4,arc_challenge,67.32,-0.26,-1.0903831592851103,-3.3322297456056047,1.1514634270353843,-0.38849999999999996,-0.4735384615384616,True,Qwen3-14B|s3
RedHatAI/Qwen3-14B-NVFP4,qwen3,Qwen3-14B,nvfp4,gsm8k,88.7,-0.45,-1.0537962526392917,-2.480176289109048,0.37258378383046487,-0.38849999999999996,-0.606923076923077,True,Qwen3-14B|s3
RedHatAI/Qwen3-14B-NVFP4,qwen3,Qwen3-14B,nvfp4,hellaswag,79.62,-1.38,-0.9456797256722629,-1.6034279523896495,-0.28793149895487624,-0.38849999999999996,-0.3498529411764706,True,Qwen3-14B|s3
RedHatAI/Qwen3-14B-NVFP4,qwen3,Qwen3-14B,nvfp4,mmlu,78.86,-1.63,-1.0310435860467362,-1.5948409116819908,-0.46724626041148143,-0.38849999999999996,-0.5051515151515151,False,Qwen3-14B|s3
RedHatAI/Qwen3-14B-NVFP4,qwen3,Qwen3-14B,nvfp4,truthfulqa,58.59,-0.1,-0.844049731855057,-3.66379550267054,1.9756960389604261,-0.38849999999999996,-0.2169230769230769,True,Qwen3-14B|s3
RedHatAI/Qwen3-14B-NVFP4,qwen3,Qwen3-14B,nvfp4,winogrande,73.72,0.08,-0.8104914647265288,-2.833853766757579,1.2128708373045218,-0.38849999999999996,-0.16882352941176468,True,Qwen3-14B|s3
RedHatAI/Qwen3-14B-NVFP4,qwen3,Qwen3-14B,nvfp4,bbh,59.45,-2.67,-0.929702274746063,-1.9253463850696073,0.06594183557748123,-0.38849999999999996,-0.4026315789473684,False,Qwen3-14B|s3
RedHatAI/Qwen3-14B-NVFP4,qwen3,Qwen3-14B,nvfp4,mmlu_pro,44.39,-3.24,-1.7094047933711831,-2.4505558402581995,-0.9682537464841667,-0.38849999999999996,-1.2916666666666667,False,Qwen3-14B|s3
RedHatAI/Qwen3-14B-NVFP4,qwen3,Qwen3-14B,nvfp4,musr,38.62,-0.79,-0.14293695276147161,-3.0403825942599974,2.754508688737054,-0.38849999999999996,0.44,True,Qwen3-14B|s3
RedHatAI/Qwen3-14B-NVFP4,qwen3,Qwen3-14B,nvfp4,ifeval,89.45,0.96,-0.6209605994815396,-2.782058232547158,1.5401370335840787,-0.38849999999999996,-0.13210526315789473,True,Qwen3-14B|s3
RedHatAI/Qwen3-14B-NVFP4,qwen3,Qwen3-14B,nvfp4,gpqa,27.43,-0.84,-0.6761300819211549,-4.125256212513874,2.7729960486715646,-0.38849999999999996,-0.16499999999999998,True,Qwen3-14B|s3
RedHatAI/Qwen3-14B-NVFP4,qwen3,Qwen3-14B,nvfp4,humaneval,90.74,-0.87,-0.699504733147635,-4.403236911468147,3.0042274451728765,-0.38849999999999996,-0.2782352941176471,True,Qwen3-14B|s3
RedHatAI/Qwen3-14B-quantized.w4a16,qwen3,Qwen3-14B,w4a16,mmlu,76.81,-0.91,-0.89840918082156,-1.4811848215013559,-0.31563354014176404,-0.38849999999999996,-0.5051515151515151,True,Qwen3-14B|s3
RedHatAI/Qwen3-14B-quantized.w4a16,qwen3,Qwen3-14B,w4a16,arc_challenge,61.6,-0.08,-0.9711792916107866,-3.2957822190663064,1.3534236358447334,-0.38849999999999996,-0.4735384615384616,True,Qwen3-14B|s3
RedHatAI/Qwen3-14B-quantized.w4a16,qwen3,Qwen3-14B,w4a16,gsm8k,67.63,3.94,-1.0574068932310159,-3.1654294980488427,1.0506157115868107,-0.38849999999999996,-0.606923076923077,False,Qwen3-14B|s3
RedHatAI/Qwen3-14B-quantized.w4a16,qwen3,Qwen3-14B,w4a16,hellaswag,55.09,2.87,-0.9471330190508269,-1.759317006921725,-0.13494903117992885,-0.38849999999999996,-0.3498529411764706,False,Qwen3-14B|s3
RedHatAI/Qwen3-14B-quantized.w4a16,qwen3,Qwen3-14B,w4a16,truthfulqa,55.39,0.91,-0.7076970990758429,-3.553320239806469,2.137926041654784,-0.38849999999999996,-0.2169230769230769,True,Qwen3-14B|s3
RedHatAI/Qwen3-14B-quantized.w4a16,qwen3,Qwen3-14B,w4a16,mmlu_pro,44.59,-2.2,-1.5597843837996448,-2.3012662214501054,-0.8183025461491841,-0.38849999999999996,-1.2916666666666667,True,Qwen3-14B|s3
RedHatAI/Qwen3-14B-quantized.w4a16,qwen3,Qwen3-14B,w4a16,bbh,40.4,-1.66,-0.8366385426860161,-1.831692388856713,0.1584153034846808,-0.38849999999999996,-0.4026315789473684,True,Qwen3-14B|s3
RedHatAI/Qwen3-14B-quantized.w4a16,qwen3,Qwen3-14B,w4a16,math_lvl5,54.18,0.87,-1.043889174769168,-3.284465115371571,1.1966867658332347,-0.38849999999999996,-0.6733333333333333,True,Qwen3-14B|s3
RedHatAI/Qwen3-14B-quantized.w4a16,qwen3,Qwen3-14B,w4a16,gpqa,61.62,-0.51,-0.4503995788027656,-4.209906971477651,3.30910781387212,-0.38849999999999996,-0.16499999999999998,True,Qwen3-14B|s3
RedHatAI/Qwen3-14B-FP8-dynamic,qwen3,Qwen3-14B,fp8_dynamic,mmlu,76.81,-0.34,-0.14931159887417195,-0.717279607589357,0.4186564098410132,-0.39957597173144876,-0.5055714285714286,True,Qwen3-14B|s4
RedHatAI/Qwen3-14B-FP8-dynamic,qwen3,Qwen3-14B,fp8_dynamic,arc_challenge,61.6,0.35,-0.06337842554720502,-2.328915973102039,2.2021591220076284,-0.39957597173144876,-0.3774285714285714,True,Qwen3-14B|s4
RedHatAI/Qwen3-14B-FP8-dynamic,qwen3,Qwen3-14B,fp8_dynamic,gsm8k,67.63,-1.44,-0.3184115523126827,-2.3728718241736777,1.736048719548312,-0.39957597173144876,-0.7007142857142856,True,Qwen3-14B|s4
RedHatAI/Qwen3-14B-FP8-dynamic,qwen3,Qwen3-14B,fp8_dynamic,hellaswag,55.09,1.37,-0.07413487997755597,-0.865682244179844,0.717412484224732,-0.39957597173144876,-0.2972222222222222,False,Qwen3-14B|s4
RedHatAI/Qwen3-14B-FP8-dynamic,qwen3,Qwen3-14B,fp8_dynamic,winogrande,62.51,1.1,0.08367004428707792,-2.0851487302299194,2.2524888188040757,-0.39957597173144876,-0.1801388888888889,True,Qwen3-14B|s4
RedHatAI/Qwen3-14B-FP8-dynamic,qwen3,Qwen3-14B,fp8_dynamic,truthfulqa,55.39,0.2,0.12140318562468772,-2.651916074784574,2.894722446033949,-0.39957597173144876,-0.17732394366197182,True,Qwen3-14B|s4
RedHatAI/Qwen3-14B-FP8-dynamic,qwen3,Qwen3-14B,fp8_dynamic,ifeval,87.48,0.3,0.14870300632183525,-2.1203101859938114,2.417716198637482,-0.39957597173144876,-0.19849999999999998,True,Qwen3-14B|s4
RedHatAI/Qwen3-14B-FP8-dynamic,qwen3,Qwen3-14B,fp8_dynamic,bbh,40.4,-0.03,-0.2861573065116434,-1.2559280246472038,0.683613411623917,-0.39957597173144876,-0.5966666666666667,True,Qwen3-14B|s4
RedHatAI/Qwen3-14B-FP8-dynamic,qwen3,Qwen3-14B,fp8_dynamic,math_lvl5,54.18,0.13,-0.32459176145404295,-2.5082373473859914,1.8590538244779056,-0.39957597173144876,-0.6733333333333333,True,Qwen3-14B|s4
RedHatAI/Qwen3-14B-FP8-dynamic,qwen3,Qwen3-14B,fp8_dynamic,gpqa,61.62,2.52,0.2932752742095815,-3.370707532410153,3.9572580808293165,-0.39957597173144876,-0.21692307692307689,True,Qwen3-14B|s4
RedHatAI/Qwen3-14B-NVFP4,qwen3,Qwen3-14B,nvfp4,arc_challenge,67.32,-0.26,-1.0355027201032865,-3.2203866661654654,1.1493812259588925,-0.39957597173144876,-0.3774285714285714,True,Qwen3-14B|s4
RedHatAI/Qwen3-14B-NVFP4,qwen3,Qwen3-14B,nvfp4,gsm8k,88.7,-0.45,-1.2688143632235993,-2.6589517890772454,0.12132306263004677,-0.39957597173144876,-0.7007142857142856,True,Qwen3-14B|s4
RedHatAI/Qwen3-14B-NVFP4,qwen3,Qwen3-14B,nvfp4,hellaswag,79.62,-1.38,-0.9737449104107962,-1.614780541427983,-0.3327092793936095,-0.39957597173144876,-0.2972222222222222,True,Qwen3-14B|s4
RedHatAI/Qwen3-14B-NVFP4,qwen3,Qwen3-14B,nvfp4,mmlu,78.86,-1.63,-1.1350696535906912,-1.6845415635464227,-0.5855977436349599,-0.39957597173144876,-0.5055714285714286,True,Qwen3-14B|s4
RedHatAI/Qwen3-14B-NVFP4,qwen3,Qwen3-14B,nvfp4,truthfulqa,58.59,-0.1,-0.8574317306508705,-3.605531134162294,1.8906676728605532,-0.39957597173144876,-0.17732394366197182,True,Qwen3-14B|s4
RedHatAI/Qwen3-14B-NVFP4,qwen3,Qwen3-14B,nvfp4,winogrande,73.72,0.08,-0.8730832259004409,-2.8450343120052493,1.0988678602043673,-0.39957597173144876,-0.1801388888888889,True,Qwen3-14B|s4
RedHatAI/Qwen3-14B-NVFP4,qwen3,Qwen3-14B,nvfp4,bbh,59.45,-2.67,-1.18492158578466,-2.155267570166966,-0.214575601402354,-0.39957597173144876,-0.5966666666666667,False,Qwen3-14B|s4
RedHatAI/Qwen3-14B-NVFP4,qwen3,Qwen3-14B,nvfp4,mmlu_pro,44.39,-3.24,-1.8766027712939217,-2.59892205657936,-1.1542834860084834,-0.39957597173144876,-1.3715,False,Qwen3-14B|s4
RedHatAI/Qwen3-14B-NVFP4,qwen3,Qwen3-14B,nvfp4,musr,38.62,-0.79,-0.503879887311021,-3.327704900729196,2.3199451261071538,-0.39957597173144876,0.17000000000000004,True,Qwen3-14B|s4
RedHatAI/Qwen3-14B-NVFP4,qwen3,Qwen3-14B,nvfp4,ifeval,89.45,0.96,-0.845619839782376,-2.9518065669070754,1.2605668873423237,-0.39957597173144876,-0.19849999999999998,True,Qwen3-14B|s4
RedHatAI/Qwen3-14B-NVFP4,qwen3,Qwen3-14B,nvfp4,gpqa,27.43,-0.84,-0.8904865144327501,-4.251974475589007,2.4710014467235073,-0.39957597173144876,-0.21692307692307689,True,Qwen3-14B|s4
RedHatAI/Qwen3-14B-NVFP4,qwen3,Qwen3-14B,nvfp4,humaneval,90.74,-0.87,-0.986288351771256,-4.595913125519946,2.6233364219774344,-0.39957597173144876,-0.40625,True,Qwen3-14B|s4
RedHatAI/Qwen3-14B-quantized.w4a16,qwen3,Qwen3-14B,w4a16,mmlu,76.81,-0.91,-0.8283973060821743,-1.3963653147973596,-0.26042929736698917,-0.39957597173144876,-0.5055714285714286,True,Qwen3-14B|s4
RedHatAI/Qwen3-14B-quantized.w4a16,qwen3,Qwen3-14B,w4a16,arc_challenge,61.6,-0.08,-0.7424641327552073,-3.008001680310041,1.5230734147996263,-0.39957597173144876,-0.3774285714285714,True,Qwen3-14B|s4
RedHatAI/Qwen3-14B-quantized.w4a16,qwen3,Qwen3-14B,w4a16,gsm8k,67.63,3.94,-0.997497259520685,-3.05195753138168,1.0569630123403098,-0.39957597173144876,-0.7007142857142856,False,Qwen3-14B|s4
RedHatAI/Qwen3-14B-quantized.w4a16,qwen3,Qwen3-14B,w4a16,hellaswag,55.09,2.87,-0.7532205871855584,-1.5447679513878465,0.038326777016729596,-0.39957597173144876,-0.2972222222222222,False,Qwen3-14B|s4
RedHatAI/Qwen3-14B-quantized.w4a16,qwen3,Qwen3-14B,w4a16,truthfulqa,55.39,0.91,-0.5576825215833148,-3.331001781992576,2.215636738825947,-0.39957597173144876,-0.17732394366197182,True,Qwen3-14B|s4
RedHatAI/Qwen3-14B-quantized.w4a16,qwen3,Qwen3-14B,w4a16,mmlu_pro,44.59,-2.2,-1.562453675430864,-2.2850953464821107,-0.8398120043796176,-0.39957597173144876,-1.3715,True,Qwen3-14B|s4
RedHatAI/Qwen3-14B-quantized.w4a16,qwen3,Qwen3-14B,w4a16,bbh,40.4,-1.66,-0.9652430137196459,-1.9350137318552063,0.004527704415914435,-0.39957597173144876,-0.5966666666666667,True,Qwen3-14B|s4
RedHatAI/Qwen3-14B-quantized.w4a16,qwen3,Qwen3-14B,w4a16,math_lvl5,54.18,0.87,-1.0036774686620453,-3.187323054593994,1.1799681172699032,-0.39957597173144876,-0.6733333333333333,True,Qwen3-14B|s4
RedHatAI/Qwen3-14B-quantized.w4a16,qwen3,Qwen3-14B,w4a16,gpqa,61.62,-0.51,-0.3858104329984209,-4.049793239618156,3.278172373621314,-0.39957597173144876,-0.21692307692307689,True,Qwen3-14B|s4
RedHatAI/Qwen3-32B-FP8-dynamic,qwen3,Qwen3-32B,fp8_dynamic,mmlu,80.96,-0.07,-0.08211145732220021,-0.7770150879617281,0.6127921733173276,-0.3941683778234086,-0.4160606060606061,True,Qwen3-32B|s0
RedHatAI/Qwen3-32B-FP8-dynamic,qwen3,Qwen3-32B,fp8_dynamic,arc_challenge,69.03,-1.03,-0.16851410355986451,-3.0011847150368123,2.664156507917083,-0.3941683778234086,-0.41,True,Qwen3-32B|s0
RedHatAI/Qwen3-32B-FP8-dynamic,qwen3,Qwen3-32B,fp8_dynamic,gsm8k,87.64,0.68,-0.16794200614055754,-2.068619207381782,1.732735195100667,-0.3941683778234086,-0.618125,True,Qwen3-32B|s0
RedHatAI/Qwen3-32B-FP8-dynamic,qwen3,Qwen3-32B,fp8_dynamic,hellaswag,71.1,0.34,-0.18306728496553384,-1.1318001746926862,0.7656656047616185,-0.3941683778234086,-0.3283582089552239,True,Qwen3-32B|s0
RedHatAI/Qwen3-32B-FP8-dynamic,qwen3,Qwen3-32B,fp8_dynamic,winogrande,69.77,0.08,-0.12351261235076205,-2.8295604570659285,2.5825352323644046,-0.3941683778234086,-0.2814925373134328,True,Qwen3-32B|s0
RedHatAI/Qwen3-32B-FP8-dynamic,qwen3,Qwen3-32B,fp8_dynamic,truthfulqa,58.63,0.5,-0.027575254187161724,-3.641357855063335,3.5862073466890116,-0.3941683778234086,-0.2362121212121212,True,Qwen3-32B|s0
RedHatAI/Qwen3-32B-FP8-dynamic,qwen3,Qwen3-32B,fp8_dynamic,mmlu_pro,54.24,0.54,-1.1206041677316152,-2.073190355348789,-0.16801798011444147,-0.3941683778234086,-1.686,False,Qwen3-32B|s0
RedHatAI/Qwen3-32B-FP8-dynamic,qwen3,Qwen3-32B,fp8_dynamic,ifeval,86.23,0.0,0.3621868230840429,-2.7450036305859618,3.469377276754048,-0.3941683778234086,-0.026923076923076914,True,Qwen3-32B|s0
RedHatAI/Qwen3-32B-FP8-dynamic,qwen3,Qwen3-32B,fp8_dynamic,bbh,44.29,-0.59,-0.1600148591429597,-1.45113279719431,1.1311030789083905,-0.3941683778234086,-0.4238461538461538,True,Qwen3-32B|s0
RedHatAI/Qwen3-32B-FP8-dynamic,qwen3,Qwen3-32B,fp8_dynamic,math_lvl5,54.61,2.65,-0.4120813012148463,-3.2818211637252244,2.457658561295532,-0.3941683778234086,-0.6733333333333333,False,Qwen3-32B|s0
RedHatAI/Qwen3-32B-FP8-dynamic,qwen3,Qwen3-32B,fp8_dynamic,gpqa,66.67,2.02,0.8428909720124083,-3.8281558508063167,5.513937794831133,-0.3941683778234086,0.39272727272727265,True,Qwen3-32B|s0
RedHatAI/Qwen3-32B-NVFP4,qwen3,Qwen3-32B,nvfp4,arc_challenge,70.65,-0.43,-0.9892524745812166,-3.7790113847935807,1.8005064356311475,-0.3941683778234086,-0.41,True,Qwen3-32B|s0
RedHatAI/Qwen3-32B-NVFP4,qwen3,Qwen3-32B,nvfp4,gsm8k,74.15,0.53,-1.129848274909813,-3.658178502525272,1.3984819527056458,-0.3941683778234086,-0.618125,True,Qwen3-32B|s0
RedHatAI/Qwen3-32B-NVFP4,qwen3,Qwen3-32B,nvfp4,hellaswag,84.0,-0.67,-0.8875526754761486,-1.654843260301127,-0.12026209065117022,-0.3941683778234086,-0.3283582089552239,True,Qwen3-32B|s0
RedHatAI/Qwen3-32B-NVFP4,qwen3,Qwen3-32B,nvfp4,mmlu,81.84,-0.61,-0.9090108877439556,-1.591344226511423,-0.22667754897648806,-0.3941683778234086,-0.4160606060606061,True,Qwen3-32B|s0
RedHatAI/Qwen3-32B-NVFP4,qwen3,Qwen3-32B,nvfp4,truthfulqa,59.36,-0.44,-0.8567888667673089,-4.460774995877413,2.747197262342795,-0.3941683778234086,-0.2362121212121212,True,Qwen3-32B|s0
RedHatAI/Qwen3-32B-NVFP4,qwen3,Qwen3-32B,nvfp4,winogrande,75.93,0.87,-0.9012744428886241,-3.4202664005769314,1.617717514799683,-0.3941683778234086,-0.2814925373134328,True,Qwen3-32B|s0
RedHatAI/Qwen3-32B-NVFP4,qwen3,Qwen3-32B,nvfp4,bbh,62.35,-1.63,-0.8256836968219396,-2.0850359247194934,0.4336685310756143,-0.3941683778234086,-0.4238461538461538,True,Qwen3-32B|s0
RedHatAI/Qwen3-32B-NVFP4,qwen3,Qwen3-32B,nvfp4,mmlu_pro,54.39,-3.26,-1.9552096093052833,-2.907547353627633,-1.0028718649829333,-0.3941683778234086,-1.686,False,Qwen3-32B|s0
RedHatAI/Qwen3-32B-NVFP4,qwen3,Qwen3-32B,nvfp4,musr,39.29,1.72,-0.1755300139088251,-3.900995775269595,3.5499357474519453,-0.3941683778234086,0.4000000000000001,True,Qwen3-32B|s0
RedHatAI/Qwen3-32B-NVFP4,qwen3,Qwen3-32B,nvfp4,ifeval,88.97,-1.68,-0.4522921108426329,-3.277050208243075,2.3724659865578093,-0.3941683778234086,-0.026923076923076914,True,Qwen3-32B|s0
RedHatAI/Qwen3-32B-NVFP4,qwen3,Qwen3-32B,nvfp4,gpqa,30.12,0.17,-0.3353240441354028,-4.881385141951134,4.210737053680329,-0.3941683778234086,0.39272727272727265,True,Qwen3-32B|s0
RedHatAI/Qwen3-32B-NVFP4,qwen3,Qwen3-32B,nvfp4,humaneval,90.14,0.26,-0.9481099465354612,-5.830648189418956,3.9344282963480337,-0.3941683778234086,-0.6449999999999999,True,Qwen3-32B|s0
RedHatAI/Qwen3-32B-quantized.w4a16,qwen3,Qwen3-32B,w4a16,mmlu,80.96,-0.6,-0.5797566944646639,-1.274660325104192,0.11514693617486393,-0.3941683778234086,-0.4160606060606061,True,Qwen3-32B|s0
RedHatAI/Qwen3-32B-quantized.w4a16,qwen3,Qwen3-32B,w4a16,arc_challenge,69.03,-0.34,-0.6661593407023282,-3.4988299521792756,2.1665112707746195,-0.3941683778234086,-0.41,True,Qwen3-32B|s0
RedHatAI/Qwen3-32B-quantized.w4a16,qwen3,Qwen3-32B,w4a16,gsm8k,87.64,-1.67,-0.6655872432830212,-2.5662644445242457,1.2350899579582033,-0.3941683778234086,-0.618125,True,Qwen3-32B|s0
RedHatAI/Qwen3-32B-quantized.w4a16,qwen3,Qwen3-32B,w4a16,hellaswag,71.1,0.08,-0.6807125221079975,-1.6294454118351498,0.2680203676191548,-0.3941683778234086,-0.3283582089552239,True,Qwen3-32B|s0
RedHatAI/Qwen3-32B-quantized.w4a16,qwen3,Qwen3-32B,w4a16,truthfulqa,58.63,0.23,-0.5252204913296252,-4.139003092205798,3.0885621095465483,-0.3941683778234086,-0.2362121212121212,True,Qwen3-32B|s0
RedHatAI/Qwen3-32B-quantized.w4a16,qwen3,Qwen3-32B,w4a16,mmlu_pro,54.24,-1.61,-1.6182494048740785,-2.5708355924912523,-0.6656632172569048,-0.3941683778234086,-1.686,True,Qwen3-32B|s0
RedHatAI/Qwen3-32B-quantized.w4a16,qwen3,Qwen3-32B,w4a16,ifeval,86.23,-0.7,-0.13545841405842063,-3.2426488677284255,2.971732039611584,-0.3941683778234086,-0.026923076923076914,True,Qwen3-32B|s0
RedHatAI/Qwen3-32B-quantized.w4a16,qwen3,Qwen3-32B,w4a16,bbh,44.29,-3.22,-0.6576600962854235,-1.9487780343367738,0.6334578417659267,-0.3941683778234086,-0.4238461538461538,False,Qwen3-32B|s0
RedHatAI/Qwen3-32B-quantized.w4a16,qwen3,Qwen3-32B,w4a16,math_lvl5,54.61,0.77,-0.9097265383573099,-3.779466400867688,1.9600133241530684,-0.3941683778234086,-0.6733333333333333,True,Qwen3-32B|s0
RedHatAI/Qwen3-32B-quantized.w4a16,qwen3,Qwen3-32B,w4a16,gpqa,66.67,0.0,0.3452457348699444,-4.32580108794878,5.016292557688669,-0.3941683778234086,0.39272727272727265,True,Qwen3-32B|s0
RedHatAI/Qwen3-32B-FP8-dynamic,qwen3,Qwen3-32B,fp8_dynamic,mmlu,80.96,-0.07,-0.26175578238947855,-0.8277016418201235,0.30419007704116646,-0.3423716814159292,-0.4726865671641791,True,Qwen3-32B|s1
RedHatAI/Qwen3-32B-FP8-dynamic,qwen3,Qwen3-32B,fp8_dynamic,arc_challenge,69.03,-1.03,-0.13395092094159688,-2.4409444852447004,2.173042643361507,-0.3423716814159292,-0.36264705882352943,True,Qwen3-32B|s1
RedHatAI/Qwen3-32B-FP8-dynamic,qwen3,Qwen3-32B,fp8_dynamic,gsm8k,87.64,0.68,-0.2950425530341292,-1.8429987655620974,1.252913659493839,-0.3423716814159292,-0.5184848484848484,True,Qwen3-32B|s1
RedHatAI/Qwen3-32B-FP8-dynamic,qwen3,Qwen3-32B,fp8_dynamic,hellaswag,71.1,0.34,-0.023012052535325733,-0.7956824300848118,0.7496583250141602,-0.3423716814159292,-0.21492753623188407,True,Qwen3-32B|s1
RedHatAI/Qwen3-32B-FP8-dynamic,qwen3,Qwen3-32B,fp8_dynamic,winogrande,69.77,0.08,-0.0014894225393265459,-2.2053584276966802,2.2023795826180272,-0.3423716814159292,-0.20191176470588235,True,Qwen3-32B|s1
RedHatAI/Qwen3-32B-FP8-dynamic,qwen3,Qwen3-32B,fp8_dynamic,truthfulqa,58.63,0.5,0.058381200996542315,-2.8847683375461637,3.0015307395392483,-0.3423716814159292,-0.12848484848484848,True,Qwen3-32B|s1
RedHatAI/Qwen3-32B-FP8-dynamic,qwen3,Qwen3-32B,fp8_dynamic,mmlu_pro,54.24,0.54,-0.8989960061485145,-1.6748046001209071,-0.12318741217612184,-0.3423716814159292,-1.2677272727272728,False,Qwen3-32B|s1
RedHatAI/Qwen3-32B-FP8-dynamic,qwen3,Qwen3-32B,fp8_dynamic,ifeval,86.23,0.0,0.02424383597669988,-2.5063251439242933,2.5548128158776926,-0.3423716814159292,-0.178,True,Qwen3-32B|s1
RedHatAI/Qwen3-32B-FP8-dynamic,qwen3,Qwen3-32B,fp8_dynamic,bbh,44.29,-0.59,-0.3903712720710679,-1.4418880851352323,0.6611455409930964,-0.3423716814159292,-0.6609090909090909,True,Qwen3-32B|s1
RedHatAI/Qwen3-32B-FP8-dynamic,qwen3,Qwen3-32B,fp8_dynamic,math_lvl5,54.61,2.65,-0.051446735853683145,-2.388630369987416,2.2857368982800494,-0.3423716814159292,-0.20400000000000004,False,Qwen3-32B|s1
RedHatAI/Qwen3-32B-FP8-dynamic,qwen3,Qwen3-32B,fp8_dynamic,gpqa,66.67,2.02,0.5016653759455143,-3.3025450095262503,4.305875761417279,-0.3423716814159292,0.2821052631578947,True,Qwen3-32B|s1
RedHatAI/Qwen3-32B-NVFP4,qwen3,Qwen3-32B,nvfp4,arc_challenge,70.65,-0.43,-0.8923688466440229,-3.1644141122463907,1.379676418958345,-0.3423716814159292,-0.36264705882352943,True,Qwen3-32B|s1
RedHatAI/Qwen3-32B-NVFP4,qwen3,Qwen3-32B,nvfp4,gsm8k,74.15,0.53,-1.0228922141380883,-3.0820238123935715,1.036239384117395,-0.3423716814159292,-0.5184848484848484,True,Qwen3-32B|s1
RedHatAI/Qwen3-32B-NVFP4,qwen3,Qwen3-32B,nvfp4,hellaswag,84.0,-0.67,-0.7898665709011836,-1.4147660682058298,-0.1649670735965374,-0.3423716814159292,-0.21492753623188407,True,Qwen3-32B|s1
RedHatAI/Qwen3-32B-NVFP4,qwen3,Qwen3-32B,nvfp4,mmlu,81.84,-0.61,-1.0198347208064078,-1.5755430389102358,-0.46412640270257977,-0.3423716814159292,-0.4726865671641791,True,Qwen3-32B|s1
RedHatAI/Qwen3-32B-NVFP4,qwen3,Qwen3-32B,nvfp4,truthfulqa,59.36,-0.44,-0.6985297930597012,-3.6337008546041885,2.236641268484786,-0.3423716814159292,-0.12848484848484848,True,Qwen3-32B|s1
RedHatAI/Qwen3-32B-NVFP4,qwen3,Qwen3-32B,nvfp4,winogrande,75.93,0.87,-0.7653298202665565,-2.8168561118773563,1.2861964713442435,-0.3423716814159292,-0.20191176470588235,True,Qwen3-32B|s1
RedHatAI/Qwen3-32B-NVFP4,qwen3,Qwen3-32B,nvfp4,bbh,62.35,-1.63,-1.1260628075129153,-2.1517088791666916,-0.1004167358591388,-0.3423716814159292,-0.6609090909090909,True,Qwen3-32B|s1
RedHatAI/Qwen3-32B-NVFP4,qwen3,Qwen3-32B,nvfp4,mmlu_pro,54.39,-3.26,-1.6560331416912075,-2.431639397601444,-0.880426885780971,-0.3423716814159292,-1.2677272727272728,False,Qwen3-32B|s1
RedHatAI/Qwen3-32B-NVFP4,qwen3,Qwen3-32B,nvfp4,musr,39.29,1.72,-0.5038946633236591,-3.5380015943125893,2.5302122676652714,-0.3423716814159292,-0.020833333333333315,True,Qwen3-32B|s1
RedHatAI/Qwen3-32B-NVFP4,qwen3,Qwen3-32B,nvfp4,ifeval,88.97,-1.68,-0.7458909399873683,-3.0464403667412636,1.5546584867665272,-0.3423716814159292,-0.178,True,Qwen3-32B|s1
RedHatAI/Qwen3-32B-NVFP4,qwen3,Qwen3-32B,nvfp4,gpqa,30.12,0.17,-0.31718424857531197,-4.019603320209382,3.3852348230587577,-0.3423716814159292,0.2821052631578947,True,Qwen3-32B|s1
RedHatAI/Qwen3-32B-NVFP4,qwen3,Qwen3-32B,nvfp4,humaneval,90.14,0.26,-0.9578771599499836,-4.934331131745522,3.0185768118455556,-0.3423716814159292,-0.41407407407407404,True,Qwen3-32B|s1
RedHatAI/Qwen3-32B-quantized.w4a16,qwen3,Qwen3-32B,w4a16,mmlu,80.96,-0.6,-0.6285476839160745,-1.1944935433467196,-0.0626018244854295,-0.3423716814159292,-0.4726865671641791,True,Qwen3-32B|s1
RedHatAI/Qwen3-32B-quantized.w4a16,qwen3,Qwen3-32B,w4a16,arc_challenge,69.03,-0.34,-0.5007428224681928,-2.8077363867712966,1.8062507418349107,-0.3423716814159292,-0.36264705882352943,True,Qwen3-32B|s1
RedHatAI/Qwen3-32B-quantized.w4a16,qwen3,Qwen3-32B,w4a16,gsm8k,87.64,-1.67,-0.6618344545607251,-2.2097906670886935,0.8861217579672431,-0.3423716814159292,-0.5184848484848484,True,Qwen3-32B|s1
RedHatAI/Qwen3-32B-quantized.w4a16,qwen3,Qwen3-32B,w4a16,hellaswag,71.1,0.08,-0.3898039540619217,-1.1624743316114077,0.3828664234875643,-0.3423716814159292,-0.21492753623188407,True,Qwen3-32B|s1
RedHatAI/Qwen3-32B-quantized.w4a16,qwen3,Qwen3-32B,w4a16,truthfulqa,58.63,0.23,-0.30841070053005365,-3.25156023907276,2.634738838012652,-0.3423716814159292,-0.12848484848484848,True,Qwen3-32B|s1
RedHatAI/Qwen3-32B-quantized.w4a16,qwen3,Qwen3-32B,w4a16,mmlu_pro,54.24,-1.61,-1.2657879076751104,-2.0415965016475033,-0.48997931370271774,-0.3423716814159292,-1.2677272727272728,True,Qwen3-32B|s1
RedHatAI/Qwen3-32B-quantized.w4a16,qwen3,Qwen3-32B,w4a16,ifeval,86.23,-0.7,-0.34254806554989603,-2.873117045450889,2.188020914351097,-0.3423716814159292,-0.178,True,Qwen3-32B|s1
RedHatAI/Qwen3-32B-quantized.w4a16,qwen3,Qwen3-32B,w4a16,bbh,44.29,-3.22,-0.7571631735976639,-1.8086799866618284,0.2943536394665004,-0.3423716814159292,-0.6609090909090909,False,Qwen3-32B|s1
RedHatAI/Qwen3-32B-quantized.w4a16,qwen3,Qwen3-32B,w4a16,math_lvl5,54.61,0.77,-0.4182386373802791,-2.7554222715140115,1.9189449967534535,-0.3423716814159292,-0.20400000000000004,True,Qwen3-32B|s1
RedHatAI/Qwen3-32B-quantized.w4a16,qwen3,Qwen3-32B,w4a16,gpqa,66.67,0.0,0.1348734744189184,-3.669336911052846,3.939083859890683,-0.3423716814159292,0.2821052631578947,True,Qwen3-32B|s1
RedHatAI/Qwen3-32B-FP8-dynamic,qwen3,Qwen3-32B,fp8_dynamic,mmlu,80.96,-0.07,-0.1165129654368931,-0.6938919325839443,0.4608660017101582,-0.3523561151079136,-0.4302898550724638,True,Qwen3-32B|s2
RedHatAI/Qwen3-32B-FP8-dynamic,qwen3,Qwen3-32B,fp8_dynamic,arc_challenge,69.03,-1.03,-0.13047052361659056,-2.4840694397960528,2.223128392562872,-0.3523561151079136,-0.42238805970149257,True,Qwen3-32B|s2
RedHatAI/Qwen3-32B-FP8-dynamic,qwen3,Qwen3-32B,fp8_dynamic,gsm8k,87.64,0.68,-0.19306904208969058,-1.7722967089859567,1.3861586248065756,-0.3523561151079136,-0.5425,True,Qwen3-32B|s2
RedHatAI/Qwen3-32B-FP8-dynamic,qwen3,Qwen3-32B,fp8_dynamic,hellaswag,71.1,0.34,0.025072334126972073,-0.7632073521728011,0.8133520204267453,-0.3523561151079136,-0.2252112676056338,True,Qwen3-32B|s2
RedHatAI/Qwen3-32B-FP8-dynamic,qwen3,Qwen3-32B,fp8_dynamic,winogrande,69.77,0.08,0.09038332298131407,-2.158007735494288,2.3387743814569166,-0.3523561151079136,-0.16633802816901408,True,Qwen3-32B|s2
RedHatAI/Qwen3-32B-FP8-dynamic,qwen3,Qwen3-32B,fp8_dynamic,truthfulqa,58.63,0.5,0.07671527325973054,-2.9258910934210984,3.0793216399405594,-0.3523561151079136,-0.19619718309859155,True,Qwen3-32B|s2
RedHatAI/Qwen3-32B-FP8-dynamic,qwen3,Qwen3-32B,fp8_dynamic,mmlu_pro,54.24,0.54,-0.8595471734741787,-1.6510284737212024,-0.06806587322715518,-0.3523561151079136,-1.2878947368421054,False,Qwen3-32B|s2
RedHatAI/Qwen3-32B-FP8-dynamic,qwen3,Qwen3-32B,fp8_dynamic,ifeval,86.23,0.0,0.10731087168486964,-2.4743800790705635,2.6890018224403027,-0.3523561151079136,-0.19,True,Qwen3-32B|s2
RedHatAI/Qwen3-32B-FP8-dynamic,qwen3,Qwen3-32B,fp8_dynamic,bbh,44.29,-0.59,-0.15131417585758855,-1.2240734890461806,0.9214451373310036,-0.3523561151079136,-0.4523809523809524,True,Qwen3-32B|s2
RedHatAI/Qwen3-32B-FP8-dynamic,qwen3,Qwen3-32B,fp8_dynamic,math_lvl5,54.61,2.65,-0.3634564713345457,-2.747855350171995,2.020942407502903,-0.3523561151079136,-0.6733333333333333,False,Qwen3-32B|s2
RedHatAI/Qwen3-32B-FP8-dynamic,qwen3,Qwen3-32B,fp8_dynamic,gpqa,66.67,2.02,0.3654429295495658,-3.5156192366856907,4.246505095784823,-0.3523561151079136,0.039000000000000014,True,Qwen3-32B|s2
RedHatAI/Qwen3-32B-NVFP4,qwen3,Qwen3-32B,nvfp4,arc_challenge,70.65,-0.43,-1.06178746803476,-3.3797320680439844,1.2561571319744642,-0.3523561151079136,-0.42238805970149257,True,Qwen3-32B|s2
RedHatAI/Qwen3-32B-NVFP4,qwen3,Qwen3-32B,nvfp4,gsm8k,74.15,0.53,-1.15452821817863,-3.2552579180419157,0.9462014816846553,-0.3523561151079136,-0.5425,True,Qwen3-32B|s2
RedHatAI/Qwen3-32B-NVFP4,qwen3,Qwen3-32B,nvfp4,hellaswag,84.0,-0.67,-0.8743614204986864,-1.5118849933143714,-0.23683784768300142,-0.3523561151079136,-0.2252112676056338,True,Qwen3-32B|s2
RedHatAI/Qwen3-32B-NVFP4,qwen3,Qwen3-32B,nvfp4,mmlu,81.84,-0.61,-1.0475860916756448,-1.614520701047291,-0.48065148230399857,-0.3523561151079136,-0.4302898550724638,True,Qwen3-32B|s2
RedHatAI/Qwen3-32B-NVFP4,qwen3,Qwen3-32B,nvfp4,truthfulqa,59.36,-0.44,-0.8564749397603515,-3.850941650090885,2.1379917705701823,-0.3523561151079136,-0.19619718309859155,True,Qwen3-32B|s2
RedHatAI/Qwen3-32B-NVFP4,qwen3,Qwen3-32B,nvfp4,winogrande,75.93,0.87,-0.8328936177437893,-2.9258643703117246,1.260077134824146,-0.3523561151079136,-0.16633802816901408,True,Qwen3-32B|s2
RedHatAI/Qwen3-32B-NVFP4,qwen3,Qwen3-32B,nvfp4,bbh,62.35,-1.63,-1.075411659239054,-2.1217775962663903,-0.02904572221171753,-0.3523561151079136,-0.4523809523809524,True,Qwen3-32B|s2
RedHatAI/Qwen3-32B-NVFP4,qwen3,Qwen3-32B,nvfp4,mmlu_pro,54.39,-3.26,-1.7932076880311745,-2.5844825626291796,-1.0019328134331693,-0.3523561151079136,-1.2878947368421054,False,Qwen3-32B|s2
RedHatAI/Qwen3-32B-NVFP4,qwen3,Qwen3-32B,nvfp4,musr,39.29,1.72,-0.48225424694102403,-3.5776555063308892,2.6131470124488416,-0.3523561151079136,0.14750000000000002,True,Qwen3-32B|s2
RedHatAI/Qwen3-32B-NVFP4,qwen3,Qwen3-32B,nvfp4,ifeval,88.97,-1.68,-0.8234698924002201,-3.1704944880500503,1.52355470324961,-0.3523561151079136,-0.19,True,Qwen3-32B|s2
RedHatAI/Qwen3-32B-NVFP4,qwen3,Qwen3-32B,nvfp4,gpqa,30.12,0.17,-0.5749327662144865,-4.352147253968138,3.2022817215391646,-0.3523561151079136,0.039000000000000014,True,Qwen3-32B|s2
RedHatAI/Qwen3-32B-NVFP4,qwen3,Qwen3-32B,nvfp4,humaneval,90.14,0.26,-0.98912642464585,-5.045911802407689,3.0676589531159895,-0.3523561151079136,-0.39049999999999996,True,Qwen3-32B|s2
RedHatAI/Qwen3-32B-quantized.w4a16,qwen3,Qwen3-32B,w4a16,mmlu,80.96,-0.6,-0.8019372784011283,-1.3793162455481796,-0.224558311254077,-0.3523561151079136,-0.4302898550724638,True,Qwen3-32B|s2
RedHatAI/Qwen3-32B-quantized.w4a16,qwen3,Qwen3-32B,w4a16,arc_challenge,69.03,-0.34,-0.8158948365808258,-3.169493752760288,1.5377040795986365,-0.3523561151079136,-0.42238805970149257,True,Qwen3-32B|s2
RedHatAI/Qwen3-32B-quantized.w4a16,qwen3,Qwen3-32B,w4a16,gsm8k,87.64,-1.67,-0.8784933550539258,-2.457721021950192,0.7007343118423404,-0.3523561151079136,-0.5425,True,Qwen3-32B|s2
RedHatAI/Qwen3-32B-quantized.w4a16,qwen3,Qwen3-32B,w4a16,hellaswag,71.1,0.08,-0.6603519788372632,-1.4486316651370363,0.12792770746251003,-0.3523561151079136,-0.2252112676056338,True,Qwen3-32B|s2
RedHatAI/Qwen3-32B-quantized.w4a16,qwen3,Qwen3-32B,w4a16,truthfulqa,58.63,0.23,-0.6087090397045046,-3.6113154063853337,2.393897326976324,-0.3523561151079136,-0.19619718309859155,True,Qwen3-32B|s2
RedHatAI/Qwen3-32B-quantized.w4a16,qwen3,Qwen3-32B,w4a16,mmlu_pro,54.24,-1.61,-1.5449714864384139,-2.336452786685437,-0.7534901861913903,-0.3523561151079136,-1.2878947368421054,True,Qwen3-32B|s2
RedHatAI/Qwen3-32B-quantized.w4a16,qwen3,Qwen3-32B,w4a16,ifeval,86.23,-0.7,-0.5781134412793655,-3.1598043920347987,2.0035775094760675,-0.3523561151079136,-0.19,True,Qwen3-32B|s2
RedHatAI/Qwen3-32B-quantized.w4a16,qwen3,Qwen3-32B,w4a16,bbh,44.29,-3.22,-0.8367384888218237,-1.9094978020104159,0.23602082436676852,-0.3523561151079136,-0.4523809523809524,False,Qwen3-32B|s2
RedHatAI/Qwen3-32B-quantized.w4a16,qwen3,Qwen3-32B,w4a16,math_lvl5,54.61,0.77,-1.0488807842987808,-3.43327966313623,1.3355180945386682,-0.3523561151079136,-0.6733333333333333,True,Qwen3-32B|s2
RedHatAI/Qwen3-32B-quantized.w4a16,qwen3,Qwen3-32B,w4a16,gpqa,66.67,0.0,-0.3199813834146693,-4.201043549649926,3.5610807828205875,-0.3523561151079136,0.039000000000000014,True,Qwen3-32B|s2
RedHatAI/Qwen3-32B-FP8-dynamic,qwen3,Qwen3-32B,fp8_dynamic,mmlu,80.96,-0.07,-0.2398330902817188,-0.8467330547018382,0.36706687413840056,-0.3804535637149028,-0.46852459016393444,True,Qwen3-32B|s3
RedHatAI/Qwen3-32B-FP8-dynamic,qwen3,Qwen3-32B,fp8_dynamic,arc_challenge,69.03,-1.03,-0.2122856361828589,-2.6862224779534594,2.2616512055877416,-0.3804535637149028,-0.4362295081967213,True,Qwen3-32B|s3
RedHatAI/Qwen3-32B-FP8-dynamic,qwen3,Qwen3-32B,fp8_dynamic,gsm8k,87.64,0.68,-0.22587959626139814,-1.8858521089187756,1.4340929163959792,-0.3804535637149028,-0.4720967741935484,True,Qwen3-32B|s3
RedHatAI/Qwen3-32B-FP8-dynamic,qwen3,Qwen3-32B,fp8_dynamic,hellaswag,71.1,0.34,-0.0696360347104964,-0.8982199298467232,0.7589478604257304,-0.3804535637149028,-0.24333333333333335,True,Qwen3-32B|s3
RedHatAI/Qwen3-32B-FP8-dynamic,qwen3,Qwen3-32B,fp8_dynamic,winogrande,69.77,0.08,-0.07624080997193816,-2.439590587214212,2.2871089672703353,-0.3804535637149028,-0.2663492063492064,True,Qwen3-32B|s3
RedHatAI/Qwen3-32B-FP8-dynamic,qwen3,Qwen3-32B,fp8_dynamic,truthfulqa,58.63,0.5,-0.04637987410111738,-3.2025074797021476,3.109747731499913,-0.3804535637149028,-0.23399999999999999,True,Qwen3-32B|s3
RedHatAI/Qwen3-32B-FP8-dynamic,qwen3,Qwen3-32B,fp8_dynamic,mmlu_pro,54.24,0.54,-1.0892925491329541,-1.9212417545787583,-0.25734334368714984,-0.3804535637149028,-1.610769230769231,False,Qwen3-32B|s3
RedHatAI/Qwen3-32B-FP8-dynamic,qwen3,Qwen3-32B,fp8_dynamic,ifeval,86.23,0.0,0.05573600353545455,-2.6579550647402708,2.76942707181118,-0.3804535637149028,-0.20428571428571424,True,Qwen3-32B|s3
RedHatAI/Qwen3-32B-FP8-dynamic,qwen3,Qwen3-32B,fp8_dynamic,bbh,44.29,-0.59,-0.31983605553230754,-1.4474448290602355,0.8077727179956203,-0.3804535637149028,-0.6,True,Qwen3-32B|s3
RedHatAI/Qwen3-32B-FP8-dynamic,qwen3,Qwen3-32B,fp8_dynamic,math_lvl5,54.61,2.65,0.713493955837193,-1.7928176299141874,3.2198055415885736,-0.3804535637149028,0.59,True,Qwen3-32B|s3
RedHatAI/Qwen3-32B-FP8-dynamic,qwen3,Qwen3-32B,fp8_dynamic,gpqa,66.67,2.02,0.14761538445755495,-3.9318828734007942,4.227113642315904,-0.3804535637149028,-0.13692307692307693,True,Qwen3-32B|s3
RedHatAI/Qwen3-32B-NVFP4,qwen3,Qwen3-32B,nvfp4,arc_challenge,70.65,-0.43,-1.200329630045347,-3.636789174501045,1.236129914410351,-0.3804535637149028,-0.4362295081967213,True,Qwen3-32B|s3
RedHatAI/Qwen3-32B-NVFP4,qwen3,Qwen3-32B,nvfp4,gsm8k,74.15,0.53,-1.2214158904210244,-3.429554483350764,0.9867227025087151,-0.3804535637149028,-0.4720967741935484,True,Qwen3-32B|s3
RedHatAI/Qwen3-32B-NVFP4,qwen3,Qwen3-32B,nvfp4,hellaswag,84.0,-0.67,-1.0397764200079052,-1.709896143229975,-0.36965669678583524,-0.3804535637149028,-0.24333333333333335,True,Qwen3-32B|s3
RedHatAI/Qwen3-32B-NVFP4,qwen3,Qwen3-32B,nvfp4,mmlu,81.84,-0.61,-1.2284052287273437,-1.8243268224014604,-0.6324836350532269,-0.3804535637149028,-0.46852459016393444,False,Qwen3-32B|s3
RedHatAI/Qwen3-32B-NVFP4,qwen3,Qwen3-32B,nvfp4,truthfulqa,59.36,-0.44,-1.0350850506761518,-4.182656824786132,2.1124867234338294,-0.3804535637149028,-0.23399999999999999,True,Qwen3-32B|s3
RedHatAI/Qwen3-32B-NVFP4,qwen3,Qwen3-32B,nvfp4,winogrande,75.93,0.87,-1.059977278643708,-3.259960214534617,1.140005657247201,-0.3804535637149028,-0.2663492063492064,True,Qwen3-32B|s3
RedHatAI/Qwen3-32B-NVFP4,qwen3,Qwen3-32B,nvfp4,bbh,62.35,-1.63,-1.2726301129944886,-2.372496034834656,-0.17276419115432096,-0.3804535637149028,-0.6,True,Qwen3-32B|s3
RedHatAI/Qwen3-32B-NVFP4,qwen3,Qwen3-32B,nvfp4,mmlu_pro,54.39,-3.26,-2.0788831109371495,-2.9106153363296907,-1.2471508855446083,-0.3804535637149028,-1.610769230769231,False,Qwen3-32B|s3
RedHatAI/Qwen3-32B-NVFP4,qwen3,Qwen3-32B,nvfp4,musr,39.29,1.72,-0.7681788414631417,-4.021845880067349,2.4854881971410654,-0.3804535637149028,0.049090909090909116,True,Qwen3-32B|s3
RedHatAI/Qwen3-32B-NVFP4,qwen3,Qwen3-32B,nvfp4,ifeval,88.97,-1.68,-0.9383441088107891,-3.4053704894760335,1.5286822718544553,-0.3804535637149028,-0.20428571428571424,True,Qwen3-32B|s3
RedHatAI/Qwen3-32B-NVFP4,qwen3,Qwen3-32B,nvfp4,gpqa,30.12,0.17,-0.9245730663183578,-4.894913983917123,3.0457678512804067,-0.3804535637149028,-0.13692307692307693,True,Qwen3-32B|s3
RedHatAI/Qwen3-32B-NVFP4,qwen3,Qwen3-32B,nvfp4,humaneval,90.14,0.26,-1.2497578760217896,-5.513963954724799,3.0144482026812196,-0.3804535637149028,-0.5864285714285715,True,Qwen3-32B|s3
RedHatAI/Qwen3-32B-quantized.w4a16,qwen3,Qwen3-32B,w4a16,mmlu,80.96,-0.6,-0.8245184763006782,-1.4314184407207975,-0.2176185118805588,-0.3804535637149028,-0.46852459016393444,True,Qwen3-32B|s3
RedHatAI/Qwen3-32B-quantized.w4a16,qwen3,Qwen3-32B,w4a16,arc_challenge,69.03,-0.34,-0.7969710222018183,-3.2709078639724187,1.6769658195687822,-0.3804535637149028,-0.4362295081967213,True,Qwen3-32B|s3
RedHatAI/Qwen3-32B-quantized.w4a16,qwen3,Qwen3-32B,w4a16,gsm8k,87.64,-1.67,-0.8105649822803576,-2.470537494937735,0.8494075303770199,-0.3804535637149028,-0.4720967741935484,True,Qwen3-32B|s3
RedHatAI/Qwen3-32B-quantized.w4a16,qwen3,Qwen3-32B,w4a16,hellaswag,71.1,0.08,-0.6543214207294558,-1.4829053158656826,0.174262474406771,-0.3804535637149028,-0.24333333333333335,True,Qwen3-32B|s3
RedHatAI/Qwen3-32B-quantized.w4a16,qwen3,Qwen3-32B,w4a16,truthfulqa,58.63,0.23,-0.6310652601200768,-3.7871928657211074,2.5250623454809533,-0.3804535637149028,-0.23399999999999999,True,Qwen3-32B|s3
RedHatAI/Qwen3-32B-quantized.w4a16,qwen3,Qwen3-32B,w4a16,mmlu_pro,54.24,-1.61,-1.6739779351519135,-2.5059271405977177,-0.8420287297061092,-0.3804535637149028,-1.610769230769231,True,Qwen3-32B|s3
RedHatAI/Qwen3-32B-quantized.w4a16,qwen3,Qwen3-32B,w4a16,ifeval,86.23,-0.7,-0.5289493824835048,-3.24264045075923,2.1847416857922206,-0.3804535637149028,-0.20428571428571424,True,Qwen3-32B|s3
RedHatAI/Qwen3-32B-quantized.w4a16,qwen3,Qwen3-32B,w4a16,bbh,44.29,-3.22,-0.9045214415512669,-2.032130215079195,0.22308733197666097,-0.3804535637149028,-0.6,False,Qwen3-32B|s3
RedHatAI/Qwen3-32B-quantized.w4a16,qwen3,Qwen3-32B,w4a16,math_lvl5,54.61,0.77,0.12880856981823385,-2.3775030159331467,2.635120155569614,-0.3804535637149028,0.59,True,Qwen3-32B|s3
RedHatAI/Qwen3-32B-quantized.w4a16,qwen3,Qwen3-32B,w4a16,gpqa,66.67,0.0,-0.4370700015614043,-4.516568259419754,3.6424282562969448,-0.3804535637149028,-0.13692307692307693,True,Qwen3-32B|s3
RedHatAI/Qwen3-32B-FP8-dynamic,qwen3,Qwen3-32B,fp8_dynamic,mmlu,80.96,-0.07,-0.25190426800585763,-0.9582929891802491,0.4544844531685338,-0.3793128390596745,-0.44173913043478263,True,Qwen3-32B|s4
RedHatAI/Qwen3-32B-FP8-dynamic,qwen3,Qwen3-32B,fp8_dynamic,arc_challenge,69.03,-1.03,-0.1585539211541428,-3.0380417846841827,2.7209339423758974,-0.3793128390596745,-0.3451470588235294,True,Qwen3-32B|s4
RedHatAI/Qwen3-32B-FP8-dynamic,qwen3,Qwen3-32B,fp8_dynamic,gsm8k,87.64,0.68,-0.577133663234076,-2.5092245005124534,1.3549571740443016,-0.3793128390596745,-0.8215942028985507,True,Qwen3-32B|s4
RedHatAI/Qwen3-32B-FP8-dynamic,qwen3,Qwen3-32B,fp8_dynamic,hellaswag,71.1,0.34,-0.05237899220634429,-1.0167921614017317,0.9120341769890432,-0.3793128390596745,-0.21736111111111112,True,Qwen3-32B|s4
RedHatAI/Qwen3-32B-FP8-dynamic,qwen3,Qwen3-32B,fp8_dynamic,winogrande,69.77,0.08,-0.0696877278274155,-2.820460053920846,2.6810845982660156,-0.3793128390596745,-0.2447887323943662,True,Qwen3-32B|s4
RedHatAI/Qwen3-32B-FP8-dynamic,qwen3,Qwen3-32B,fp8_dynamic,truthfulqa,58.63,0.5,-0.063402061135647,-3.736911822029937,3.6101076997586428,-0.3793128390596745,-0.23661971830985917,True,Qwen3-32B|s4
RedHatAI/Qwen3-32B-FP8-dynamic,qwen3,Qwen3-32B,fp8_dynamic,mmlu_pro,54.24,0.54,-0.8248459182230736,-1.7931760710818376,0.1434842346356905,-0.3793128390596745,-1.1661111111111113,False,Qwen3-32B|s4
RedHatAI/Qwen3-32B-FP8-dynamic,qwen3,Qwen3-32B,fp8_dynamic,ifeval,86.23,0.0,0.11448252768481681,-3.0440623326913685,3.2730273880610024,-0.3793128390596745,-0.049999999999999996,True,Qwen3-32B|s4
RedHatAI/Qwen3-32B-FP8-dynamic,qwen3,Qwen3-32B,fp8_dynamic,bbh,44.29,-0.59,-0.5112167300431089,-1.8236737513225307,0.8012402912363129,-0.3793128390596745,-0.7955555555555556,True,Qwen3-32B|s4
RedHatAI/Qwen3-32B-FP8-dynamic,qwen3,Qwen3-32B,fp8_dynamic,math_lvl5,54.61,2.65,0.5606978603101342,-2.3564719200754833,3.4778676406957514,-0.3793128390596745,0.5,True,Qwen3-32B|s4
RedHatAI/Qwen3-32B-FP8-dynamic,qwen3,Qwen3-32B,fp8_dynamic,gpqa,66.67,2.02,0.6535206171511336,-4.094727407801601,5.401768642103869,-0.3793128390596745,0.503076923076923,True,Qwen3-32B|s4
RedHatAI/Qwen3-32B-NVFP4,qwen3,Qwen3-32B,nvfp4,arc_challenge,70.65,-0.43,-0.9277735961998552,-3.7636405309518866,1.9080933385521759,-0.3793128390596745,-0.3451470588235294,True,Qwen3-32B|s4
RedHatAI/Qwen3-32B-NVFP4,qwen3,Qwen3-32B,nvfp4,gsm8k,74.15,0.53,-1.3325348582899477,-3.902652321265612,1.237582604685717,-0.3793128390596745,-0.8215942028985507,True,Qwen3-32B|s4
RedHatAI/Qwen3-32B-NVFP4,qwen3,Qwen3-32B,nvfp4,hellaswag,84.0,-0.67,-0.8235932098802363,-1.6035652679983574,-0.04362115176211512,-0.3793128390596745,-0.21736111111111112,True,Qwen3-32B|s4
RedHatAI/Qwen3-32B-NVFP4,qwen3,Qwen3-32B,nvfp4,mmlu,81.84,-0.61,-1.0203507435207688,-1.7139614160438361,-0.3267400709977014,-0.3793128390596745,-0.44173913043478263,True,Qwen3-32B|s4
RedHatAI/Qwen3-32B-NVFP4,qwen3,Qwen3-32B,nvfp4,truthfulqa,59.36,-0.44,-0.831948664503401,-4.495500041446688,2.8316027124398855,-0.3793128390596745,-0.23661971830985917,True,Qwen3-32B|s4
RedHatAI/Qwen3-32B-NVFP4,qwen3,Qwen3-32B,nvfp4,winogrande,75.93,0.87,-0.8419573421515643,-3.402582195992706,1.7186675116895773,-0.3793128390596745,-0.2447887323943662,True,Qwen3-32B|s4
RedHatAI/Qwen3-32B-NVFP4,qwen3,Qwen3-32B,nvfp4,bbh,62.35,-1.63,-1.2823069003543424,-2.562473200469902,-0.0021406002387827083,-0.3793128390596745,-0.7955555555555556,True,Qwen3-32B|s4
RedHatAI/Qwen3-32B-NVFP4,qwen3,Qwen3-32B,nvfp4,mmlu_pro,54.39,-3.26,-1.5931388492129543,-2.5612164526050343,-0.6250612458208744,-0.3793128390596745,-1.1661111111111113,False,Qwen3-32B|s4
RedHatAI/Qwen3-32B-NVFP4,qwen3,Qwen3-32B,nvfp4,musr,39.29,1.72,-0.7099225048596325,-4.496961281048926,3.077116271329661,-0.3793128390596745,-0.26249999999999996,True,Qwen3-32B|s4
RedHatAI/Qwen3-32B-NVFP4,qwen3,Qwen3-32B,nvfp4,ifeval,88.97,-1.68,-0.6598463208165546,-3.5312908953877598,2.2115982537546506,-0.3793128390596745,-0.049999999999999996,True,Qwen3-32B|s4
RedHatAI/Qwen3-32B-NVFP4,qwen3,Qwen3-32B,nvfp4,gpqa,30.12,0.17,-0.11185800515439032,-4.733054590803713,4.509338580494932,-0.3793128390596745,0.503076923076923,True,Qwen3-32B|s4
RedHatAI/Qwen3-32B-NVFP4,qwen3,Qwen3-32B,nvfp4,humaneval,90.14,0.26,-1.0141632067013986,-5.9773980977055015,3.949071684302704,-0.3793128390596745,-0.47347826086956524,True,Qwen3-32B|s4
RedHatAI/Qwen3-32B-quantized.w4a16,qwen3,Qwen3-32B,w4a16,mmlu,80.96,-0.6,-0.6318681233774462,-1.3382568445518377,0.0745205977969452,-0.3793128390596745,-0.44173913043478263,True,Qwen3-32B|s4
RedHatAI/Qwen3-32B-quantized.w4a16,qwen3,Qwen3-32B,w4a16,arc_challenge,69.03,-0.34,-0.5385177765257314,-3.4180056400557715,2.3409700870043086,-0.3793128390596745,-0.3451470588235294,True,Qwen3-32B|s4
RedHatAI/Qwen3-32B-quantized.w4a16,qwen3,Qwen3-32B,w4a16,gsm8k,87.64,-1.67,-0.9570975186056645,-2.889188355884042,0.9749933186727131,-0.3793128390596745,-0.8215942028985507,True,Qwen3-32B|s4
RedHatAI/Qwen3-32B-quantized.w4a16,qwen3,Qwen3-32B,w4a16,hellaswag,71.1,0.08,-0.4323428475779329,-1.3967560167733204,0.5320703216174545,-0.3793128390596745,-0.21736111111111112,True,Qwen3-32B|s4
RedHatAI/Qwen3-32B-quantized.w4a16,qwen3,Qwen3-32B,w4a16,truthfulqa,58.63,0.23,-0.44336591650723567,-4.116875677401525,3.2301438443870545,-0.3793128390596745,-0.23661971830985917,True,Qwen3-32B|s4
RedHatAI/Qwen3-32B-quantized.w4a16,qwen3,Qwen3-32B,w4a16,mmlu_pro,54.24,-1.61,-1.2048097735946623,-2.1731399264534264,-0.23647962073589823,-0.3793128390596745,-1.1661111111111113,True,Qwen3-32B|s4
RedHatAI/Qwen3-32B-quantized.w4a16,qwen3,Qwen3-32B,w4a16,ifeval,86.23,-0.7,-0.2654813276867718,-3.424026188062957,2.8930635326894136,-0.3793128390596745,-0.049999999999999996,True,Qwen3-32B|s4
RedHatAI/Qwen3-32B-quantized.w4a16,qwen3,Qwen3-32B,w4a16,bbh,44.29,-3.22,-0.8911805854146975,-2.2036376066941195,0.4212764358647243,-0.3793128390596745,-0.7955555555555556,False,Qwen3-32B|s4
RedHatAI/Qwen3-32B-quantized.w4a16,qwen3,Qwen3-32B,w4a16,math_lvl5,54.61,0.77,0.18073400493854558,-2.7364357754470716,3.097903785324163,-0.3793128390596745,0.5,True,Qwen3-32B|s4
RedHatAI/Qwen3-32B-quantized.w4a16,qwen3,Qwen3-32B,w4a16,gpqa,66.67,0.0,0.27355676177954497,-4.47469126317319,5.021804786732281,-0.3793128390596745,0.503076923076923,True,Qwen3-32B|s4
RedHatAI/Qwen3-8B-FP8-dynamic,qwen3,Qwen3-8B,fp8_dynamic,mmlu,71.95,0.35,-0.2813121506698252,-0.7156938130531717,0.15306951171352134,-0.35571678321678324,-0.4761764705882353,False,Qwen3-8B|s0
RedHatAI/Qwen3-8B-FP8-dynamic,qwen3,Qwen3-8B,fp8_dynamic,arc_challenge,61.69,-0.09,-0.16084722771426752,-1.7879080605583875,1.4662136051298527,-0.35571678321678324,-0.3378260869565218,True,Qwen3-8B|s0
RedHatAI/Qwen3-8B-FP8-dynamic,qwen3,Qwen3-8B,fp8_dynamic,gsm8k,75.97,4.55,-0.49117143640951044,-1.839139758782768,0.8567968859637473,-0.35571678321678324,-0.7391044776119403,False,Qwen3-8B|s0
RedHatAI/Qwen3-8B-FP8-dynamic,qwen3,Qwen3-8B,fp8_dynamic,hellaswag,56.52,-0.57,-0.09695639695114178,-0.6637694868499305,0.469856692947647,-0.35571678321678324,-0.21591549295774648,True,Qwen3-8B|s0
RedHatAI/Qwen3-8B-FP8-dynamic,qwen3,Qwen3-8B,fp8_dynamic,winogrande,65.98,0.24,-0.03427823513804035,-1.5593459884005139,1.490789518124433,-0.35571678321678324,-0.17275362318840579,True,Qwen3-8B|s0
RedHatAI/Qwen3-8B-FP8-dynamic,qwen3,Qwen3-8B,fp8_dynamic,truthfulqa,53.17,-0.78,-0.013557749795325924,-2.013827265120713,1.9867117655300612,-0.35571678321678324,-0.1782608695652174,True,Qwen3-8B|s0
RedHatAI/Qwen3-8B-FP8-dynamic,qwen3,Qwen3-8B,fp8_dynamic,mmlu_pro,34.57,3.25,-0.5807298839082399,-1.0775204884625456,-0.08393927935393419,-0.35571678321678324,-0.9195652173913045,False,Qwen3-8B|s0
RedHatAI/Qwen3-8B-FP8-dynamic,qwen3,Qwen3-8B,fp8_dynamic,ifeval,84.77,-0.21,-0.2042992037218052,-1.9743125707636164,1.565714163320006,-0.35571678321678324,-0.47850000000000004,True,Qwen3-8B|s0
RedHatAI/Qwen3-8B-FP8-dynamic,qwen3,Qwen3-8B,fp8_dynamic,bbh,25.47,1.73,-0.46783360585415795,-1.0865054061428163,0.15083819443450036,-0.35571678321678324,-0.8731818181818182,False,Qwen3-8B|s0
RedHatAI/Qwen3-8B-FP8-dynamic,qwen3,Qwen3-8B,fp8_dynamic,math_lvl5,51.05,0.85,0.25800690330082293,-1.3161005097584195,1.8321143163600655,-0.35571678321678324,0.24399999999999994,True,Qwen3-8B|s0
RedHatAI/Qwen3-8B-FP8-dynamic,qwen3,Qwen3-8B,fp8_dynamic,gpqa,58.59,2.52,0.4676982063855413,-2.198727531313979,3.134123944085062,-0.35571678321678324,0.3078947368421052,True,Qwen3-8B|s0
RedHatAI/Qwen3-8B-NVFP4,qwen3,Qwen3-8B,nvfp4,arc_challenge,64.76,-0.85,-1.0180432785895261,-2.6169079245493436,0.5808213673702913,-0.35571678321678324,-0.3378260869565218,True,Qwen3-8B|s0
RedHatAI/Qwen3-8B-NVFP4,qwen3,Qwen3-8B,nvfp4,gsm8k,87.26,-0.53,-1.305045604264062,-2.3569446375850105,-0.2531465709431133,-0.35571678321678324,-0.7391044776119403,True,Qwen3-8B|s0
RedHatAI/Qwen3-8B-NVFP4,qwen3,Qwen3-8B,nvfp4,hellaswag,76.68,-1.34,-0.9215336874917037,-1.4050368867440044,-0.43803048823940305,-0.35571678321678324,-0.21591549295774648,True,Qwen3-8B|s0
RedHatAI/Qwen3-8B-NVFP4,qwen3,Qwen3-8B,nvfp4,mmlu,74.97,-1.9,-1.1310967225285131,-1.5499518452171581,-0.7122415998398682,-0.35571678321678324,-0.4761764705882353,False,Qwen3-8B|s0
RedHatAI/Qwen3-8B-NVFP4,qwen3,Qwen3-8B,nvfp4,truthfulqa,54.42,0.65,-0.8743726167943968,-2.8708276658093963,1.1220824322206029,-0.35571678321678324,-0.1782608695652174,True,Qwen3-8B|s0
RedHatAI/Qwen3-8B-NVFP4,qwen3,Qwen3-8B,nvfp4,winogrande,71.43,-3.0,-0.8840326746719047,-2.338189591040625,0.5701242416968157,-0.35571678321678324,-0.17275362318840579,False,Qwen3-8B|s0
RedHatAI/Qwen3-8B-NVFP4,qwen3,Qwen3-8B,nvfp4,bbh,47.46,1.87,-1.428220723077419,-2.137290849964752,-0.7191505961900864,-0.35571678321678324,-0.8731818181818182,False,Qwen3-8B|s0
RedHatAI/Qwen3-8B-NVFP4,qwen3,Qwen3-8B,nvfp4,mmlu_pro,34.64,-7.15,-1.4405630225321144,-1.937590257949679,-0.9435357871145497,-0.35571678321678324,-0.9195652173913045,False,Qwen3-8B|s0
RedHatAI/Qwen3-8B-NVFP4,qwen3,Qwen3-8B,nvfp4,musr,40.61,2.25,-0.49164916303000183,-2.5381710566873905,1.554872730627387,-0.35571678321678324,0.04583333333333334,False,Qwen3-8B|s0
RedHatAI/Qwen3-8B-NVFP4,qwen3,Qwen3-8B,nvfp4,ifeval,87.89,-0.24,-1.0516935793259707,-2.658809882301046,0.5554227236491047,-0.35571678321678324,-0.47850000000000004,True,Qwen3-8B|s0
RedHatAI/Qwen3-8B-NVFP4,qwen3,Qwen3-8B,nvfp4,gpqa,25.17,1.17,-0.2870961352819355,-2.6364292963252183,2.0622370257613474,-0.35571678321678324,0.3078947368421052,True,Qwen3-8B|s0
RedHatAI/Qwen3-8B-NVFP4,qwen3,Qwen3-8B,nvfp4,humaneval,86.51,-1.19,-0.941345202854035,-3.997823682189786,2.115133276481716,-0.35571678321678324,-0.36678571428571427,True,Qwen3-8B|s0
RedHatAI/Qwen3-8B-quantized.w4a16,qwen3,Qwen3-8B,w4a16,mmlu,71.95,-2.21,-0.5690279242653421,-1.0034095866486887,-0.13464626188199558,-0.35571678321678324,-0.4761764705882353,False,Qwen3-8B|s0
RedHatAI/Qwen3-8B-quantized.w4a16,qwen3,Qwen3-8B,w4a16,arc_challenge,61.69,0.08,-0.4485630013097845,-2.0756238341539044,1.1784978315343355,-0.35571678321678324,-0.3378260869565218,True,Qwen3-8B|s0
RedHatAI/Qwen3-8B-quantized.w4a16,qwen3,Qwen3-8B,w4a16,gsm8k,75.97,2.65,-0.7788872100050275,-2.1268555323782854,0.5690811123682302,-0.35571678321678324,-0.7391044776119403,False,Qwen3-8B|s0
RedHatAI/Qwen3-8B-quantized.w4a16,qwen3,Qwen3-8B,w4a16,hellaswag,56.52,1.27,-0.3846721705466587,-0.9514852604454475,0.18214091935213006,-0.35571678321678324,-0.21591549295774648,False,Qwen3-8B|s0
RedHatAI/Qwen3-8B-quantized.w4a16,qwen3,Qwen3-8B,w4a16,winogrande,65.98,0.24,-0.32199400873355727,-1.8470617619960308,1.2030737445289161,-0.35571678321678324,-0.17275362318840579,True,Qwen3-8B|s0
RedHatAI/Qwen3-8B-quantized.w4a16,qwen3,Qwen3-8B,w4a16,truthfulqa,53.17,0.54,-0.30127352339084285,-2.30154303871623,1.6989959919345443,-0.35571678321678324,-0.1782608695652174,True,Qwen3-8B|s0
RedHatAI/Qwen3-8B-quantized.w4a16,qwen3,Qwen3-8B,w4a16,mmlu_pro,34.57,-8.86,-0.8684456575037569,-1.3652362620580627,-0.3716550529494512,-0.35571678321678324,-0.9195652173913045,False,Qwen3-8B|s0
RedHatAI/Qwen3-8B-quantized.w4a16,qwen3,Qwen3-8B,w4a16,ifeval,84.77,0.67,-0.49201497731732224,-2.2620283443591336,1.2779983897244889,-0.35571678321678324,-0.47850000000000004,True,Qwen3-8B|s0
RedHatAI/Qwen3-8B-quantized.w4a16,qwen3,Qwen3-8B,w4a16,bbh,25.47,-4.3,-0.7555493794496748,-1.374221179738333,-0.1368775791610165,-0.35571678321678324,-0.8731818181818182,False,Qwen3-8B|s0
RedHatAI/Qwen3-8B-quantized.w4a16,qwen3,Qwen3-8B,w4a16,math_lvl5,51.05,0.33,-0.02970887029469388,-1.6038162833539364,1.5443985427645486,-0.35571678321678324,0.24399999999999994,True,Qwen3-8B|s0
RedHatAI/Qwen3-8B-quantized.w4a16,qwen3,Qwen3-8B,w4a16,gpqa,58.59,-3.03,0.1799824327900243,-2.4864433049094963,2.8464081704895445,-0.35571678321678324,0.3078947368421052,False,Qwen3-8B|s0
RedHatAI/Qwen3-8B-FP8-dynamic,qwen3,Qwen3-8B,fp8_dynamic,mmlu,71.95,0.35,-0.16544986360202324,-0.8096477945869935,0.4787480673829471,-0.32604269293924465,-0.43166666666666664,True,Qwen3-8B|s1
RedHatAI/Qwen3-8B-FP8-dynamic,qwen3,Qwen3-8B,fp8_dynamic,arc_challenge,61.69,-0.09,-0.025666475974239433,-2.4386348696074447,2.387301917658966,-0.32604269293924465,-0.2864788732394366,True,Qwen3-8B|s1
RedHatAI/Qwen3-8B-FP8-dynamic,qwen3,Qwen3-8B,fp8_dynamic,gsm8k,75.97,4.55,-0.4455483257744164,-2.444616149083676,1.5535194975348432,-0.32604269293924465,-0.7687142857142858,False,Qwen3-8B|s1
RedHatAI/Qwen3-8B-FP8-dynamic,qwen3,Qwen3-8B,fp8_dynamic,hellaswag,56.52,-0.57,0.05587326295037148,-0.7847235011132043,0.8964700270139474,-0.32604269293924465,-0.17216216216216215,True,Qwen3-8B|s1
RedHatAI/Qwen3-8B-FP8-dynamic,qwen3,Qwen3-8B,fp8_dynamic,winogrande,65.98,0.24,0.1421342544931441,-2.1195760715669927,2.4038445805532804,-0.32604269293924465,-0.08513888888888889,True,Qwen3-8B|s1
RedHatAI/Qwen3-8B-FP8-dynamic,qwen3,Qwen3-8B,fp8_dynamic,truthfulqa,53.17,-0.78,0.08254703330107355,-2.8838983643127594,3.048992430914906,-0.32604269293924465,-0.16547945205479453,True,Qwen3-8B|s1
RedHatAI/Qwen3-8B-FP8-dynamic,qwen3,Qwen3-8B,fp8_dynamic,mmlu_pro,34.57,3.25,-0.4605582192382958,-1.1973100375142365,0.2761935990376449,-0.32604269293924465,-0.8384,False,Qwen3-8B|s1
RedHatAI/Qwen3-8B-FP8-dynamic,qwen3,Qwen3-8B,fp8_dynamic,ifeval,84.77,-0.21,-0.10873785396718372,-2.733708122297256,2.5162324143628885,-0.32604269293924465,-0.41954545454545455,True,Qwen3-8B|s1
RedHatAI/Qwen3-8B-FP8-dynamic,qwen3,Qwen3-8B,fp8_dynamic,bbh,25.47,1.73,-0.41532264162300436,-1.3328270581721964,0.5021817749261878,-0.32604269293924465,-0.8208333333333333,False,Qwen3-8B|s1
RedHatAI/Qwen3-8B-FP8-dynamic,qwen3,Qwen3-8B,fp8_dynamic,math_lvl5,51.05,0.85,0.35611013693919485,-1.9783271251613628,2.6905473990397524,-0.32604269293924465,0.24399999999999994,True,Qwen3-8B|s1
RedHatAI/Qwen3-8B-FP8-dynamic,qwen3,Qwen3-8B,fp8_dynamic,gpqa,58.59,2.52,0.5988308217690457,-3.3555394753711925,4.553201118909284,-0.32604269293924465,0.3577777777777777,True,Qwen3-8B|s1
RedHatAI/Qwen3-8B-NVFP4,qwen3,Qwen3-8B,nvfp4,arc_challenge,64.76,-0.85,-0.8101863623372494,-3.1813391665349515,1.5609664418604527,-0.32604269293924465,-0.2864788732394366,True,Qwen3-8B|s1
RedHatAI/Qwen3-8B-NVFP4,qwen3,Qwen3-8B,nvfp4,gsm8k,87.26,-0.53,-1.2223178487255535,-2.7823081511532575,0.3376724537021505,-0.32604269293924465,-0.7687142857142858,True,Qwen3-8B|s1
RedHatAI/Qwen3-8B-NVFP4,qwen3,Qwen3-8B,nvfp4,hellaswag,76.68,-1.34,-0.7208773604105925,-1.437923653004935,-0.003831067816249867,-0.32604269293924465,-0.17216216216216215,True,Qwen3-8B|s1
RedHatAI/Qwen3-8B-NVFP4,qwen3,Qwen3-8B,nvfp4,mmlu,74.97,-1.9,-0.946740884819194,-1.5679126026537213,-0.32556916698466687,-0.32604269293924465,-0.43166666666666664,False,Qwen3-8B|s1
RedHatAI/Qwen3-8B-NVFP4,qwen3,Qwen3-8B,nvfp4,truthfulqa,54.42,0.65,-0.7023439582622595,-3.663132415176798,2.2584444986522794,-0.32604269293924465,-0.16547945205479453,True,Qwen3-8B|s1
RedHatAI/Qwen3-8B-NVFP4,qwen3,Qwen3-8B,nvfp4,winogrande,71.43,-3.0,-0.6411515743164693,-2.797699508942469,1.5153963603095306,-0.32604269293924465,-0.08513888888888889,False,Qwen3-8B|s1
RedHatAI/Qwen3-8B-NVFP4,qwen3,Qwen3-8B,nvfp4,bbh,47.46,1.87,-1.240183141243371,-2.2917503417504577,-0.18861594073628418,-0.32604269293924465,-0.8208333333333333,False,Qwen3-8B|s1
RedHatAI/Qwen3-8B-NVFP4,qwen3,Qwen3-8B,nvfp4,mmlu_pro,34.64,-7.15,-1.244727238329604,-1.9818299855828,-0.5076244910764078,-0.32604269293924465,-0.8384,False,Qwen3-8B|s1
RedHatAI/Qwen3-8B-NVFP4,qwen3,Qwen3-8B,nvfp4,musr,40.61,2.25,-0.440178506259903,-3.475217237812208,2.5948602252924022,-0.32604269293924465,-0.046363636363636364,True,Qwen3-8B|s1
RedHatAI/Qwen3-8B-NVFP4,qwen3,Qwen3-8B,nvfp4,ifeval,87.89,-0.24,-0.8932025844349978,-3.2765927845376304,1.4901876156676348,-0.32604269293924465,-0.41954545454545455,True,Qwen3-8B|s1
RedHatAI/Qwen3-8B-NVFP4,qwen3,Qwen3-8B,nvfp4,gpqa,25.17,1.17,-0.14694507053278916,-3.631059830890329,3.337169689824751,-0.32604269293924465,0.3577777777777777,True,Qwen3-8B|s1
RedHatAI/Qwen3-8B-NVFP4,qwen3,Qwen3-8B,nvfp4,humaneval,86.51,-1.19,-0.8053407477543448,-5.338168173490692,3.727486677982002,-0.32604269293924465,-0.3376666666666666,True,Qwen3-8B|s1
RedHatAI/Qwen3-8B-quantized.w4a16,qwen3,Qwen3-8B,w4a16,mmlu,71.95,-2.21,-0.5807252153289884,-1.2249231463139587,0.063472715655982,-0.32604269293924465,-0.43166666666666664,False,Qwen3-8B|s1
RedHatAI/Qwen3-8B-quantized.w4a16,qwen3,Qwen3-8B,w4a16,arc_challenge,61.69,0.08,-0.44094182770120455,-2.85391022133441,1.9720265659320009,-0.32604269293924465,-0.2864788732394366,True,Qwen3-8B|s1
RedHatAI/Qwen3-8B-quantized.w4a16,qwen3,Qwen3-8B,w4a16,gsm8k,75.97,2.65,-0.8608236775013816,-2.859891500810641,1.138244145807878,-0.32604269293924465,-0.7687142857142858,False,Qwen3-8B|s1
RedHatAI/Qwen3-8B-quantized.w4a16,qwen3,Qwen3-8B,w4a16,hellaswag,56.52,1.27,-0.3594020887765937,-1.1999988528401695,0.4811946752869822,-0.32604269293924465,-0.17216216216216215,False,Qwen3-8B|s1
RedHatAI/Qwen3-8B-quantized.w4a16,qwen3,Qwen3-8B,w4a16,winogrande,65.98,0.24,-0.273141097233821,-2.5348514232939574,1.9885692288263155,-0.32604269293924465,-0.08513888888888889,True,Qwen3-8B|s1
RedHatAI/Qwen3-8B-quantized.w4a16,qwen3,Qwen3-8B,w4a16,truthfulqa,53.17,0.54,-0.33272831842589157,-3.299173716039724,2.6337170791879414,-0.32604269293924465,-0.16547945205479453,True,Qwen3-8B|s1
RedHatAI/Qwen3-8B-quantized.w4a16,qwen3,Qwen3-8B,w4a16,mmlu_pro,34.57,-8.86,-0.8758335709652609,-1.6125853892412016,-0.13908175268932021,-0.32604269293924465,-0.8384,False,Qwen3-8B|s1
RedHatAI/Qwen3-8B-quantized.w4a16,qwen3,Qwen3-8B,w4a16,ifeval,84.77,0.67,-0.5240132056941489,-3.148983474024221,2.1009570626359233,-0.32604269293924465,-0.41954545454545455,True,Qwen3-8B|s1
RedHatAI/Qwen3-8B-quantized.w4a16,qwen3,Qwen3-8B,w4a16,bbh,25.47,-4.3,-0.8305979933499694,-1.7481024098991615,0.0869064231992227,-0.32604269293924465,-0.8208333333333333,False,Qwen3-8B|s1
RedHatAI/Qwen3-8B-quantized.w4a16,qwen3,Qwen3-8B,w4a16,math_lvl5,51.05,0.33,-0.05916521478777026,-2.393602476888328,2.275272047312787,-0.32604269293924465,0.24399999999999994,True,Qwen3-8B|s1
RedHatAI/Qwen3-8B-quantized.w4a16,qwen3,Qwen3-8B,w4a16,gpqa,58.59,-3.03,0.18355547004208056,-3.7708148270981576,4.137925767182319,-0.32604269293924465,0.3577777777777777,True,Qwen3-8B|s1
RedHatAI/Qwen3-8B-FP8-dynamic,qwen3,Qwen3-8B,fp8_dynamic,mmlu,71.95,0.35,-0.24829041909191993,-1.158605536346397,0.6620246981625572,-0.32731578947368417,-0.39373134328358206,True,Qwen3-8B|s2
RedHatAI/Qwen3-8B-FP8-dynamic,qwen3,Qwen3-8B,fp8_dynamic,arc_challenge,61.69,-0.09,-0.20430318293373448,-3.614065152865932,3.2054587869984634,-0.32731578947368417,-0.35149253731343283,True,Qwen3-8B|s2
RedHatAI/Qwen3-8B-FP8-dynamic,qwen3,Qwen3-8B,fp8_dynamic,gsm8k,75.97,4.55,-0.4267294580718353,-3.251609161105029,2.398150244961358,-0.32731578947368417,-0.6095454545454546,False,Qwen3-8B|s2
RedHatAI/Qwen3-8B-FP8-dynamic,qwen3,Qwen3-8B,fp8_dynamic,hellaswag,56.52,-0.57,-0.10922358376015803,-1.2970695935607095,1.0786224260403934,-0.32731578947368417,-0.22371428571428573,True,Qwen3-8B|s2
RedHatAI/Qwen3-8B-FP8-dynamic,qwen3,Qwen3-8B,fp8_dynamic,winogrande,65.98,0.24,-0.05243679668791984,-3.2484562212071983,3.1435826278313588,-0.32731578947368417,-0.16971014492753622,True,Qwen3-8B|s2
RedHatAI/Qwen3-8B-FP8-dynamic,qwen3,Qwen3-8B,fp8_dynamic,truthfulqa,53.17,-0.78,-0.09134087530610141,-4.283220358416149,4.100538607803947,-0.32731578947368417,-0.23373134328358208,True,Qwen3-8B|s2
RedHatAI/Qwen3-8B-FP8-dynamic,qwen3,Qwen3-8B,fp8_dynamic,mmlu_pro,34.57,3.25,-0.4247955233582561,-1.46589839808475,0.6163073513682378,-0.32731578947368417,-0.6747826086956522,False,Qwen3-8B|s2
RedHatAI/Qwen3-8B-FP8-dynamic,qwen3,Qwen3-8B,fp8_dynamic,ifeval,84.77,-0.21,-0.247199154747495,-3.9565406516237953,3.4621423421288053,-0.32731578947368417,-0.45809523809523806,True,Qwen3-8B|s2
RedHatAI/Qwen3-8B-FP8-dynamic,qwen3,Qwen3-8B,fp8_dynamic,bbh,25.47,1.73,-0.38242531517369255,-1.6789494118211943,0.9140987814738093,-0.32731578947368417,-0.71,False,Qwen3-8B|s2
RedHatAI/Qwen3-8B-FP8-dynamic,qwen3,Qwen3-8B,fp8_dynamic,math_lvl5,51.05,0.85,0.15584790143465738,-3.1429418458765137,3.454637648745828,-0.32731578947368417,0.07333333333333325,True,Qwen3-8B|s2
RedHatAI/Qwen3-8B-FP8-dynamic,qwen3,Qwen3-8B,fp8_dynamic,gpqa,58.59,2.52,0.43927735529609785,-5.14863730193496,6.027192012527156,-0.32731578947368417,0.35749999999999993,True,Qwen3-8B|s2
RedHatAI/Qwen3-8B-NVFP4,qwen3,Qwen3-8B,nvfp4,arc_challenge,64.76,-0.85,-0.8559970694888284,-4.206669493538996,2.4946753545613394,-0.32731578947368417,-0.35149253731343283,True,Qwen3-8B|s2
RedHatAI/Qwen3-8B-NVFP4,qwen3,Qwen3-8B,nvfp4,gsm8k,87.26,-0.53,-1.0559315310419561,-3.26035145660588,1.1484883945219682,-0.32731578947368417,-0.6095454545454546,True,Qwen3-8B|s2
RedHatAI/Qwen3-8B-NVFP4,qwen3,Qwen3-8B,nvfp4,hellaswag,76.68,-1.34,-0.7512540987258396,-1.7645111250591574,0.26200292760747823,-0.32731578947368417,-0.22371428571428573,True,Qwen3-8B|s2
RedHatAI/Qwen3-8B-NVFP4,qwen3,Qwen3-8B,nvfp4,mmlu,74.97,-1.9,-0.8946141105942287,-1.7723909210399227,-0.016837300148534795,-0.32731578947368417,-0.39373134328358206,False,Qwen3-8B|s2
RedHatAI/Qwen3-8B-NVFP4,qwen3,Qwen3-8B,nvfp4,truthfulqa,54.42,0.65,-0.7440358774699799,-4.9279215462749955,3.439849791335036,-0.32731578947368417,-0.23373134328358208,True,Qwen3-8B|s2
RedHatAI/Qwen3-8B-NVFP4,qwen3,Qwen3-8B,nvfp4,winogrande,71.43,-3.0,-0.7009814422843156,-3.7483960512886543,2.3464331667200233,-0.32731578947368417,-0.16971014492753622,True,Qwen3-8B|s2
RedHatAI/Qwen3-8B-NVFP4,qwen3,Qwen3-8B,nvfp4,bbh,47.46,1.87,-1.1206933329436943,-2.6066613458600605,0.36527467997267205,-0.32731578947368417,-0.71,False,Qwen3-8B|s2
RedHatAI/Qwen3-8B-NVFP4,qwen3,Qwen3-8B,nvfp4,mmlu_pro,34.64,-7.15,-1.0758684035273396,-2.117467175458269,-0.03426963159641061,-0.32731578947368417,-0.6747826086956522,False,Qwen3-8B|s2
RedHatAI/Qwen3-8B-NVFP4,qwen3,Qwen3-8B,nvfp4,musr,40.61,2.25,-0.43697905036773943,-4.725787669421462,3.851829568685983,-0.32731578947368417,0.0009090909090909098,True,Qwen3-8B|s2
RedHatAI/Qwen3-8B-NVFP4,qwen3,Qwen3-8B,nvfp4,ifeval,87.89,-0.24,-0.8929480256194575,-4.2609130952250895,2.475017043986174,-0.32731578947368417,-0.45809523809523806,True,Qwen3-8B|s2
RedHatAI/Qwen3-8B-NVFP4,qwen3,Qwen3-8B,nvfp4,gpqa,25.17,1.17,-0.11421504945849428,-5.037612322333195,4.809182223416207,-0.32731578947368417,0.35749999999999993,True,Qwen3-8B|s2
RedHatAI/Qwen3-8B-NVFP4,qwen3,Qwen3-8B,nvfp4,humaneval,86.51,-1.19,-0.7967693526132089,-7.202100899152686,5.608562193926268,-0.32731578947368417,-0.3484615384615385,True,Qwen3-8B|s2
RedHatAI/Qwen3-8B-quantized.w4a16,qwen3,Qwen3-8B,w4a16,mmlu,71.95,-2.21,-0.5970644580360068,-1.507379575290484,0.3132506592184703,-0.32731578947368417,-0.39373134328358206,False,Qwen3-8B|s2
RedHatAI/Qwen3-8B-quantized.w4a16,qwen3,Qwen3-8B,w4a16,arc_challenge,61.69,0.08,-0.5530772218778213,-3.962839191810019,2.856684748054376,-0.32731578947368417,-0.35149253731343283,True,Qwen3-8B|s2
RedHatAI/Qwen3-8B-quantized.w4a16,qwen3,Qwen3-8B,w4a16,gsm8k,75.97,2.65,-0.7755034970159222,-3.600383200049116,2.0493762060172713,-0.32731578947368417,-0.6095454545454546,False,Qwen3-8B|s2
RedHatAI/Qwen3-8B-quantized.w4a16,qwen3,Qwen3-8B,w4a16,hellaswag,56.52,1.27,-0.4579976227042448,-1.6458436325047963,0.7298483870963066,-0.32731578947368417,-0.22371428571428573,False,Qwen3-8B|s2
RedHatAI/Qwen3-8B-quantized.w4a16,qwen3,Qwen3-8B,w4a16,winogrande,65.98,0.24,-0.4012108356320067,-3.597230260151285,2.794808588887272,-0.32731578947368417,-0.16971014492753622,True,Qwen3-8B|s2
RedHatAI/Qwen3-8B-quantized.w4a16,qwen3,Qwen3-8B,w4a16,truthfulqa,53.17,0.54,-0.4401149142501883,-4.631994397360236,3.7517645688598598,-0.32731578947368417,-0.23373134328358208,True,Qwen3-8B|s2
RedHatAI/Qwen3-8B-quantized.w4a16,qwen3,Qwen3-8B,w4a16,mmlu_pro,34.57,-8.86,-0.7735695623023431,-1.814672437028837,0.2675333124241508,-0.32731578947368417,-0.6747826086956522,False,Qwen3-8B|s2
RedHatAI/Qwen3-8B-quantized.w4a16,qwen3,Qwen3-8B,w4a16,ifeval,84.77,0.67,-0.5959731936915817,-4.305314690567882,3.1133683031847186,-0.32731578947368417,-0.45809523809523806,True,Qwen3-8B|s2
RedHatAI/Qwen3-8B-quantized.w4a16,qwen3,Qwen3-8B,w4a16,bbh,25.47,-4.3,-0.7311993541177795,-2.027723450765281,0.5653247425297223,-0.32731578947368417,-0.71,False,Qwen3-8B|s2
RedHatAI/Qwen3-8B-quantized.w4a16,qwen3,Qwen3-8B,w4a16,math_lvl5,51.05,0.33,-0.1929261375094295,-3.4917158848206005,3.1058636098017414,-0.32731578947368417,0.07333333333333325,True,Qwen3-8B|s2
RedHatAI/Qwen3-8B-quantized.w4a16,qwen3,Qwen3-8B,w4a16,gpqa,58.59,-3.03,0.09050331635201092,-5.497411340879046,5.678417973583069,-0.32731578947368417,0.35749999999999993,True,Qwen3-8B|s2
RedHatAI/Qwen3-8B-FP8-dynamic,qwen3,Qwen3-8B,fp8_dynamic,mmlu,71.95,0.35,-0.25644069623943294,-0.9440578046149839,0.43117641213611796,-0.3459852670349908,-0.4611267605633803,True,Qwen3-8B|s3
RedHatAI/Qwen3-8B-FP8-dynamic,qwen3,Qwen3-8B,fp8_dynamic,arc_challenge,61.69,-0.09,-0.21831635868084648,-2.793919709183338,2.357286991821645,-0.3459852670349908,-0.3744927536231884,True,Qwen3-8B|s3
RedHatAI/Qwen3-8B-FP8-dynamic,qwen3,Qwen3-8B,fp8_dynamic,gsm8k,75.97,4.55,-0.533102382666371,-2.666908112232724,1.6007033468999818,-0.3459852670349908,-0.8048529411764707,False,Qwen3-8B|s3
RedHatAI/Qwen3-8B-FP8-dynamic,qwen3,Qwen3-8B,fp8_dynamic,hellaswag,56.52,-0.57,-0.21088068305529858,-1.108133978065845,0.6863726119552478,-0.3459852670349908,-0.2577777777777778,True,Qwen3-8B|s3
RedHatAI/Qwen3-8B-FP8-dynamic,qwen3,Qwen3-8B,fp8_dynamic,winogrande,65.98,0.24,0.00825192898419519,-2.405898504580111,2.422402362548502,-0.3459852670349908,-0.08357142857142856,True,Qwen3-8B|s3
RedHatAI/Qwen3-8B-FP8-dynamic,qwen3,Qwen3-8B,fp8_dynamic,truthfulqa,53.17,-0.78,0.017548653680199422,-3.1488362543594612,3.18393356171986,-0.3459852670349908,-0.13463768115942026,True,Qwen3-8B|s3
RedHatAI/Qwen3-8B-FP8-dynamic,qwen3,Qwen3-8B,fp8_dynamic,mmlu_pro,34.57,3.25,-0.743769054095963,-1.5301782157937378,0.04264010760181203,-0.3459852670349908,-1.0861111111111112,False,Qwen3-8B|s3
RedHatAI/Qwen3-8B-FP8-dynamic,qwen3,Qwen3-8B,fp8_dynamic,ifeval,84.77,-0.21,0.015375035157147665,-2.7865191943401983,2.8172692646544935,-0.3459852670349908,-0.23733333333333334,True,Qwen3-8B|s3
RedHatAI/Qwen3-8B-FP8-dynamic,qwen3,Qwen3-8B,fp8_dynamic,bbh,25.47,1.73,-0.5557773768307295,-1.5351219283798583,0.42356717471839933,-0.3459852670349908,-0.894375,False,Qwen3-8B|s3
RedHatAI/Qwen3-8B-FP8-dynamic,qwen3,Qwen3-8B,fp8_dynamic,math_lvl5,51.05,0.85,0.2858923038189929,-2.205886888013236,2.777671495651222,-0.3459852670349908,0.24399999999999994,True,Qwen3-8B|s3
RedHatAI/Qwen3-8B-FP8-dynamic,qwen3,Qwen3-8B,fp8_dynamic,gpqa,58.59,2.52,1.0074536540817411,-3.213442654927325,5.228349963090807,-0.3459852670349908,0.874,True,Qwen3-8B|s3
RedHatAI/Qwen3-8B-NVFP4,qwen3,Qwen3-8B,nvfp4,arc_challenge,64.76,-0.85,-1.0384351176570867,-3.5694044926224375,1.4925342573082643,-0.3459852670349908,-0.3744927536231884,True,Qwen3-8B|s3
RedHatAI/Qwen3-8B-NVFP4,qwen3,Qwen3-8B,nvfp4,gsm8k,87.26,-0.53,-1.2692341659561017,-2.9343683883047067,0.39590005639250303,-0.3459852670349908,-0.8048529411764707,True,Qwen3-8B|s3
RedHatAI/Qwen3-8B-NVFP4,qwen3,Qwen3-8B,nvfp4,hellaswag,76.68,-1.34,-0.9295317434400219,-1.6949072197804362,-0.16415626709960762,-0.3459852670349908,-0.2577777777777778,True,Qwen3-8B|s3
RedHatAI/Qwen3-8B-NVFP4,qwen3,Qwen3-8B,nvfp4,mmlu,74.97,-1.9,-1.0680598486331117,-1.7310987686261914,-0.40502092864003203,-0.3459852670349908,-0.4611267605633803,False,Qwen3-8B|s3
RedHatAI/Qwen3-8B-NVFP4,qwen3,Qwen3-8B,nvfp4,truthfulqa,54.42,0.65,-0.8137288218518838,-3.9740755093093183,2.346617865605551,-0.3459852670349908,-0.13463768115942026,True,Qwen3-8B|s3
RedHatAI/Qwen3-8B-NVFP4,qwen3,Qwen3-8B,nvfp4,winogrande,71.43,-3.0,-0.7939502734805877,-3.0958503317646824,1.507949784803507,-0.3459852670349908,-0.08357142857142856,True,Qwen3-8B|s3
RedHatAI/Qwen3-8B-NVFP4,qwen3,Qwen3-8B,nvfp4,bbh,47.46,1.87,-1.4308112306277336,-2.5532544470622893,-0.30836801419317794,-0.3459852670349908,-0.894375,False,Qwen3-8B|s3
RedHatAI/Qwen3-8B-NVFP4,qwen3,Qwen3-8B,nvfp4,mmlu_pro,34.64,-7.15,-1.5782128690171144,-2.3649966124342323,-0.7914291255999965,-0.3459852670349908,-1.0861111111111112,False,Qwen3-8B|s3
RedHatAI/Qwen3-8B-NVFP4,qwen3,Qwen3-8B,nvfp4,musr,40.61,2.25,0.29493616528042166,-2.944665292623804,3.5345376231846473,-0.3459852670349908,0.6633333333333333,True,Qwen3-8B|s3
RedHatAI/Qwen3-8B-NVFP4,qwen3,Qwen3-8B,nvfp4,ifeval,87.89,-0.24,-0.791603354910854,-3.3356349307642597,1.752428220942552,-0.3459852670349908,-0.23733333333333334,True,Qwen3-8B|s3
RedHatAI/Qwen3-8B-NVFP4,qwen3,Qwen3-8B,nvfp4,gpqa,25.17,1.17,0.17904880022600722,-3.539896575929697,3.897994176381711,-0.3459852670349908,0.874,True,Qwen3-8B|s3
RedHatAI/Qwen3-8B-NVFP4,qwen3,Qwen3-8B,nvfp4,humaneval,86.51,-1.19,-0.7952262041608953,-5.633567864905746,4.043115456583957,-0.3459852670349908,-0.3261904761904762,True,Qwen3-8B|s3
RedHatAI/Qwen3-8B-quantized.w4a16,qwen3,Qwen3-8B,w4a16,mmlu,71.95,-2.21,-0.6048146776504738,-1.2924317860260248,0.08280243072507709,-0.3459852670349908,-0.4611267605633803,False,Qwen3-8B|s3
RedHatAI/Qwen3-8B-quantized.w4a16,qwen3,Qwen3-8B,w4a16,arc_challenge,61.69,0.08,-0.5666903400918873,-3.142293690594379,2.008913010410604,-0.3459852670349908,-0.3744927536231884,True,Qwen3-8B|s3
RedHatAI/Qwen3-8B-quantized.w4a16,qwen3,Qwen3-8B,w4a16,gsm8k,75.97,2.65,-0.8814763640774118,-3.0152820936437648,1.252329365488941,-0.3459852670349908,-0.8048529411764707,False,Qwen3-8B|s3
RedHatAI/Qwen3-8B-quantized.w4a16,qwen3,Qwen3-8B,w4a16,hellaswag,56.52,1.27,-0.5592546644663394,-1.4565079594768857,0.337998630544207,-0.3459852670349908,-0.2577777777777778,False,Qwen3-8B|s3
RedHatAI/Qwen3-8B-quantized.w4a16,qwen3,Qwen3-8B,w4a16,winogrande,65.98,0.24,-0.3401220524268456,-2.754272485991152,2.074028381137461,-0.3459852670349908,-0.08357142857142856,True,Qwen3-8B|s3
RedHatAI/Qwen3-8B-quantized.w4a16,qwen3,Qwen3-8B,w4a16,truthfulqa,53.17,0.54,-0.3308253277308415,-3.497210235770502,2.835559580308819,-0.3459852670349908,-0.13463768115942026,True,Qwen3-8B|s3
RedHatAI/Qwen3-8B-quantized.w4a16,qwen3,Qwen3-8B,w4a16,mmlu_pro,34.57,-8.86,-1.0921430355070039,-1.8785521972047787,-0.3057338738092289,-0.3459852670349908,-1.0861111111111112,False,Qwen3-8B|s3
RedHatAI/Qwen3-8B-quantized.w4a16,qwen3,Qwen3-8B,w4a16,ifeval,84.77,0.67,-0.3329989462538932,-3.1348931757512393,2.4688952832434525,-0.3459852670349908,-0.23733333333333334,True,Qwen3-8B|s3
RedHatAI/Qwen3-8B-quantized.w4a16,qwen3,Qwen3-8B,w4a16,bbh,25.47,-4.3,-0.9041513582417703,-1.883495909790899,0.07519319330735852,-0.3459852670349908,-0.894375,False,Qwen3-8B|s3
RedHatAI/Qwen3-8B-quantized.w4a16,qwen3,Qwen3-8B,w4a16,math_lvl5,51.05,0.33,-0.06248167759204776,-2.5542608694242768,2.429297514240181,-0.3459852670349908,0.24399999999999994,True,Qwen3-8B|s3
RedHatAI/Qwen3-8B-quantized.w4a16,qwen3,Qwen3-8B,w4a16,gpqa,58.59,-3.03,0.6590796726707001,-3.561816636338366,4.879975981679766,-0.3459852670349908,0.874,True,Qwen3-8B|s3
RedHatAI/Qwen3-8B-FP8-dynamic,qwen3,Qwen3-8B,fp8_dynamic,mmlu,71.95,0.35,-0.2599023291567766,-0.8758262617202668,0.3560216034067136,-0.37715289982425304,-0.45630136986301373,True,Qwen3-8B|s4
RedHatAI/Qwen3-8B-FP8-dynamic,qwen3,Qwen3-8B,fp8_dynamic,arc_challenge,61.69,-0.09,-0.31600778447314726,-2.623070428846412,1.9910548599001174,-0.37715289982425304,-0.4769014084507042,True,Qwen3-8B|s4
RedHatAI/Qwen3-8B-FP8-dynamic,qwen3,Qwen3-8B,fp8_dynamic,gsm8k,75.97,4.55,-0.47503533723807434,-2.3863636044853376,1.4362929300091887,-0.37715289982425304,-0.721549295774648,False,Qwen3-8B|s4
RedHatAI/Qwen3-8B-FP8-dynamic,qwen3,Qwen3-8B,fp8_dynamic,hellaswag,56.52,-0.57,-0.2207248951984653,-1.0244276699505646,0.5829778795536339,-0.37715289982425304,-0.28226666666666667,True,Qwen3-8B|s4
RedHatAI/Qwen3-8B-FP8-dynamic,qwen3,Qwen3-8B,fp8_dynamic,winogrande,65.98,0.24,-0.09529926593689719,-2.2577425948319005,2.067144062958106,-0.37715289982425304,-0.20821917808219176,True,Qwen3-8B|s4
RedHatAI/Qwen3-8B-FP8-dynamic,qwen3,Qwen3-8B,fp8_dynamic,truthfulqa,53.17,-0.78,-0.04001627511062922,-2.8762636878267154,2.7962311376054574,-0.37715289982425304,-0.18958904109589042,True,Qwen3-8B|s4
RedHatAI/Qwen3-8B-FP8-dynamic,qwen3,Qwen3-8B,fp8_dynamic,mmlu_pro,34.57,3.25,-0.8431723555991066,-1.5475879636126106,-0.13875674758560252,-0.37715289982425304,-1.1965,False,Qwen3-8B|s4
RedHatAI/Qwen3-8B-FP8-dynamic,qwen3,Qwen3-8B,fp8_dynamic,ifeval,84.77,-0.21,0.16200271620903617,-2.347756990811536,2.6717624232296084,-0.37715289982425304,-0.07388888888888888,True,Qwen3-8B|s4
RedHatAI/Qwen3-8B-FP8-dynamic,qwen3,Qwen3-8B,fp8_dynamic,bbh,25.47,1.73,-0.49268123615726034,-1.3699161684727035,0.3845536961581828,-0.37715289982425304,-0.8110526315789474,False,Qwen3-8B|s4
RedHatAI/Qwen3-8B-FP8-dynamic,qwen3,Qwen3-8B,fp8_dynamic,math_lvl5,51.05,0.85,0.2865765865834109,-1.945401676055977,2.5185548492227987,-0.37715289982425304,0.24399999999999994,True,Qwen3-8B|s4
RedHatAI/Qwen3-8B-FP8-dynamic,qwen3,Qwen3-8B,fp8_dynamic,gpqa,58.59,2.52,0.9884346322907568,-2.7923774241883517,4.769246688769865,-0.37715289982425304,0.8354545454545454,True,Qwen3-8B|s4
RedHatAI/Qwen3-8B-NVFP4,qwen3,Qwen3-8B,nvfp4,arc_challenge,64.76,-0.85,-1.1044531833351603,-3.371535534309786,1.1626291676394653,-0.37715289982425304,-0.4769014084507042,True,Qwen3-8B|s4
RedHatAI/Qwen3-8B-NVFP4,qwen3,Qwen3-8B,nvfp4,gsm8k,87.26,-0.53,-1.1901533606457098,-2.681675322479823,0.3013686011884036,-0.37715289982425304,-0.721549295774648,True,Qwen3-8B|s4
RedHatAI/Qwen3-8B-NVFP4,qwen3,Qwen3-8B,nvfp4,hellaswag,76.68,-1.34,-0.9166816477129517,-1.6022566101930509,-0.2311066852328526,-0.37715289982425304,-0.28226666666666667,True,Qwen3-8B|s4
RedHatAI/Qwen3-8B-NVFP4,qwen3,Qwen3-8B,nvfp4,mmlu,74.97,-1.9,-1.0402818102527838,-1.634190155566589,-0.44637346493897856,-0.37715289982425304,-0.45630136986301373,False,Qwen3-8B|s4
RedHatAI/Qwen3-8B-NVFP4,qwen3,Qwen3-8B,nvfp4,truthfulqa,54.42,0.65,-0.838351999929498,-3.6691907564015938,1.9924867565425974,-0.37715289982425304,-0.18958904109589042,True,Qwen3-8B|s4
RedHatAI/Qwen3-8B-NVFP4,qwen3,Qwen3-8B,nvfp4,winogrande,71.43,-3.0,-0.8679009276639538,-2.929797467172566,1.1939956118446586,-0.37715289982425304,-0.20821917808219176,False,Qwen3-8B|s4
RedHatAI/Qwen3-8B-NVFP4,qwen3,Qwen3-8B,nvfp4,bbh,47.46,1.87,-1.330788936661654,-2.336202605874783,-0.3253752674485253,-0.37715289982425304,-0.8110526315789474,False,Qwen3-8B|s4
RedHatAI/Qwen3-8B-NVFP4,qwen3,Qwen3-8B,nvfp4,mmlu_pro,34.64,-7.15,-1.644335763402745,-2.3490868980383093,-0.9395846287671804,-0.37715289982425304,-1.1965,False,Qwen3-8B|s4
RedHatAI/Qwen3-8B-NVFP4,qwen3,Qwen3-8B,nvfp4,musr,40.61,2.25,0.02493064876059714,-2.8768995203645753,2.9267608178857696,-0.37715289982425304,0.43,True,Qwen3-8B|s4
RedHatAI/Qwen3-8B-NVFP4,qwen3,Qwen3-8B,nvfp4,ifeval,87.89,-0.24,-0.6163605048360765,-2.8951431495365396,1.6624221398643868,-0.37715289982425304,-0.07388888888888888,True,Qwen3-8B|s4
RedHatAI/Qwen3-8B-NVFP4,qwen3,Qwen3-8B,nvfp4,gpqa,25.17,1.17,0.18912260978194662,-3.1420735358200558,3.520318755383949,-0.37715289982425304,0.8354545454545454,True,Qwen3-8B|s4
RedHatAI/Qwen3-8B-NVFP4,qwen3,Qwen3-8B,nvfp4,humaneval,86.51,-1.19,-0.7868345065148225,-5.120715072418578,3.5470460593889332,-0.37715289982425304,-0.3261904761904762,True,Qwen3-8B|s4
RedHatAI/Qwen3-8B-quantized.w4a16,qwen3,Qwen3-8B,w4a16,mmlu,71.95,-2.21,-0.638440595267961,-1.2543645278314512,-0.022516662704470836,-0.37715289982425304,-0.45630136986301373,False,Qwen3-8B|s4
RedHatAI/Qwen3-8B-quantized.w4a16,qwen3,Qwen3-8B,w4a16,arc_challenge,61.69,0.08,-0.6945460505843317,-3.0016086949575964,1.612516593788933,-0.37715289982425304,-0.4769014084507042,True,Qwen3-8B|s4
RedHatAI/Qwen3-8B-quantized.w4a16,qwen3,Qwen3-8B,w4a16,gsm8k,75.97,2.65,-0.8535736033492589,-2.764901870596522,1.0577546638980042,-0.37715289982425304,-0.721549295774648,False,Qwen3-8B|s4
RedHatAI/Qwen3-8B-quantized.w4a16,qwen3,Qwen3-8B,w4a16,hellaswag,56.52,1.27,-0.59926316130965,-1.402965936061749,0.2044396134424492,-0.37715289982425304,-0.28226666666666667,False,Qwen3-8B|s4
RedHatAI/Qwen3-8B-quantized.w4a16,qwen3,Qwen3-8B,w4a16,winogrande,65.98,0.24,-0.47383753204808177,-2.636280860943085,1.6886057968469217,-0.37715289982425304,-0.20821917808219176,True,Qwen3-8B|s4
RedHatAI/Qwen3-8B-quantized.w4a16,qwen3,Qwen3-8B,w4a16,truthfulqa,53.17,0.54,-0.4185545412218137,-3.2548019539379,2.417692871494273,-0.37715289982425304,-0.18958904109589042,True,Qwen3-8B|s4
RedHatAI/Qwen3-8B-quantized.w4a16,qwen3,Qwen3-8B,w4a16,mmlu_pro,34.57,-8.86,-1.221710621710291,-1.926126229723795,-0.517295013696787,-0.37715289982425304,-1.1965,False,Qwen3-8B|s4
RedHatAI/Qwen3-8B-quantized.w4a16,qwen3,Qwen3-8B,w4a16,ifeval,84.77,0.67,-0.2165355499021484,-2.726295256922721,2.2932241571184235,-0.37715289982425304,-0.07388888888888888,True,Qwen3-8B|s4
RedHatAI/Qwen3-8B-quantized.w4a16,qwen3,Qwen3-8B,w4a16,bbh,25.47,-4.3,-0.8712195022684448,-1.748454434583888,0.006015430046998338,-0.37715289982425304,-0.8110526315789474,False,Qwen3-8B|s4
RedHatAI/Qwen3-8B-quantized.w4a16,qwen3,Qwen3-8B,w4a16,math_lvl5,51.05,0.33,-0.09196167952777357,-2.3239399421671614,2.1400165831116142,-0.37715289982425304,0.24399999999999994,True,Qwen3-8B|s4
RedHatAI/Qwen3-8B-quantized.w4a16,qwen3,Qwen3-8B,w4a16,gpqa,58.59,-3.03,0.6098963661795723,-3.170915690299536,4.3907084226586806,-0.37715289982425304,0.8354545454545454,True,Qwen3-8B|s4
RedHatAI/gemma-2-27b-it-quantized.w8a16,gemma-2,gemma-2-27b-it,w8a16,mmlu,76.34,0.0,-0.08966675223931603,-0.892739530207274,0.7134060257286419,-0.3363300970873786,-0.46424242424242423,True,gemma-2-27b-it|s0
RedHatAI/gemma-2-27b-it-quantized.w8a16,gemma-2,gemma-2-27b-it,w8a16,arc_challenge,74.49,0.0,0.028117657134270446,-2.823073607111778,2.879308921380319,-0.3363300970873786,-0.32921875,True,gemma-2-27b-it|s0
RedHatAI/gemma-2-27b-it-quantized.w8a16,gemma-2,gemma-2-27b-it,w8a16,gsm8k,21.0,-0.68,-0.27766671967061535,-2.788898138724309,2.233564699383078,-0.3363300970873786,-0.58203125,True,gemma-2-27b-it|s0
RedHatAI/gemma-2-27b-it-quantized.w8a16,gemma-2,gemma-2-27b-it,w8a16,hellaswag,86.03,0.01,0.09873324458418287,-0.6759051113472025,0.8733716005155683,-0.3363300970873786,-0.285,True,gemma-2-27b-it|s0
RedHatAI/gemma-2-27b-it-quantized.w8a16,gemma-2,gemma-2-27b-it,w8a16,winogrande,77.98,-0.24,0.13464004846288924,-2.472101093494446,2.7413811904202245,-0.3363300970873786,-0.1824242424242424,True,gemma-2-27b-it|s0
RedHatAI/gemma-2-27b-it-quantized.w8a16,gemma-2,gemma-2-27b-it,w8a16,truthfulqa,64.6,-0.09,0.1424919934874112,-3.603723907123297,3.8887078940981192,-0.3363300970873786,-0.18352941176470589,True,gemma-2-27b-it|s0
RedHatAI/gemma-2-27b-it-quantized.w8a16,gemma-2,gemma-2-27b-it,w8a16,mmlu,76.34,0.0,-0.08917128817630965,-0.6638295633652689,0.48548698701264953,-0.32202898550724635,-0.4462857142857143,True,gemma-2-27b-it|s1
RedHatAI/gemma-2-27b-it-quantized.w8a16,gemma-2,gemma-2-27b-it,w8a16,arc_challenge,74.49,0.0,-0.0014735470184292776,-2.041712861680936,2.038765767644078,-0.32202898550724635,-0.35246376811594204,True,gemma-2-27b-it|s1
RedHatAI/gemma-2-27b-it-quantized.w8a16,gemma-2,gemma-2-27b-it,w8a16,gsm8k,21.0,-0.68,-0.2922961471995173,-2.0892689191134677,1.504676624714433,-0.32202898550724635,-0.43014705882352944,True,gemma-2-27b-it|s1
RedHatAI/gemma-2-27b-it-quantized.w8a16,gemma-2,gemma-2-27b-it,w8a16,hellaswag,86.03,0.01,0.1205649640257887,-0.4337463683059147,0.6748762963574921,-0.32202898550724635,-0.23972222222222225,True,gemma-2-27b-it|s1
RedHatAI/gemma-2-27b-it-quantized.w8a16,gemma-2,gemma-2-27b-it,w8a16,winogrande,77.98,-0.24,0.14155438179463542,-1.7237626973021092,2.00687146089138,-0.32202898550724635,-0.15257142857142858,True,gemma-2-27b-it|s1
RedHatAI/gemma-2-27b-it-quantized.w8a16,gemma-2,gemma-2-27b-it,w8a16,truthfulqa,64.6,-0.09,0.1349642806567542,-2.545731699821739,2.815660261135248,-0.32202898550724635,-0.18594202898550724,True,gemma-2-27b-it|s1
RedHatAI/gemma-2-27b-it-quantized.w8a16,gemma-2,gemma-2-27b-it,w8a16,mmlu,76.34,0.0,-0.24076113475068875,-0.810504186284007,0.32898191678262956,-0.36346666666666666,-0.5112162162162162,True,gemma-2-27b-it|s2
RedHatAI/gemma-2-27b-it-quantized.w8a16,gemma-2,gemma-2-27b-it,w8a16,arc_challenge,74.49,0.0,-0.12818940244706423,-2.150977941621652,1.8945991367275232,-0.36346666666666666,-0.3795833333333334,True,gemma-2-27b-it|s2
RedHatAI/gemma-2-27b-it-quantized.w8a16,gemma-2,gemma-2-27b-it,w8a16,gsm8k,21.0,-0.68,-0.45025318627118066,-2.231855914006876,1.3313495414645147,-0.36346666666666666,-0.61,True,gemma-2-27b-it|s2
RedHatAI/gemma-2-27b-it-quantized.w8a16,gemma-2,gemma-2-27b-it,w8a16,hellaswag,86.03,0.01,-0.043069493908967416,-0.5926396360570425,0.5065006482391077,-0.36346666666666666,-0.3024,True,gemma-2-27b-it|s2
RedHatAI/gemma-2-27b-it-quantized.w8a16,gemma-2,gemma-2-27b-it,w8a16,winogrande,77.98,-0.24,0.02308121093488119,-1.8262812547362888,1.8724436766060513,-0.36346666666666666,-0.19756756756756755,True,gemma-2-27b-it|s2
RedHatAI/gemma-2-27b-it-quantized.w8a16,gemma-2,gemma-2-27b-it,w8a16,truthfulqa,64.6,-0.09,0.016653789797049512,-2.641113398274345,2.6744209778684436,-0.36346666666666666,-0.21861111111111112,True,gemma-2-27b-it|s2
RedHatAI/gemma-2-27b-it-quantized.w8a16,gemma-2,gemma-2-27b-it,w8a16,mmlu,76.34,0.0,-0.21168740156618837,-0.7153294934951591,0.2919546903627823,-0.3958730158730158,-0.5021621621621621,True,gemma-2-27b-it|s3
RedHatAI/gemma-2-27b-it-quantized.w8a16,gemma-2,gemma-2-27b-it,w8a16,arc_challenge,74.49,0.0,-0.13583768011026975,-1.9239445269741302,1.652269166753591,-0.3958730158730158,-0.4175342465753425,True,gemma-2-27b-it|s3
RedHatAI/gemma-2-27b-it-quantized.w8a16,gemma-2,gemma-2-27b-it,w8a16,gsm8k,21.0,-0.68,-0.37676765683602353,-1.951670803734153,1.1981354900621057,-0.3958730158730158,-0.6690666666666667,True,gemma-2-27b-it|s3
RedHatAI/gemma-2-27b-it-quantized.w8a16,gemma-2,gemma-2-27b-it,w8a16,hellaswag,86.03,0.01,0.04090119380076207,-0.4449084274105148,0.526710815012039,-0.3958730158730158,-0.22272727272727272,True,gemma-2-27b-it|s3
RedHatAI/gemma-2-27b-it-quantized.w8a16,gemma-2,gemma-2-27b-it,w8a16,winogrande,77.98,-0.24,0.026099661982344813,-1.6087018128910675,1.6609011368557571,-0.3958730158730158,-0.2301315789473684,True,gemma-2-27b-it|s3
RedHatAI/gemma-2-27b-it-quantized.w8a16,gemma-2,gemma-2-27b-it,w8a16,truthfulqa,64.6,-0.09,0.07910188908967031,-2.270314085107913,2.428517863287254,-0.3958730158730158,-0.17723684210526316,True,gemma-2-27b-it|s3
RedHatAI/gemma-2-27b-it-quantized.w8a16,gemma-2,gemma-2-27b-it,w8a16,mmlu,76.34,0.0,-0.25373319299153463,-0.7816416925285544,0.27417530654548516,-0.42218800648298216,-0.5277777777777778,True,gemma-2-27b-it|s4
RedHatAI/gemma-2-27b-it-quantized.w8a16,gemma-2,gemma-2-27b-it,w8a16,arc_challenge,74.49,0.0,-0.25256251269620844,-2.126823655017291,1.6216986296248743,-0.42218800648298216,-0.5201388888888889,True,gemma-2-27b-it|s4
RedHatAI/gemma-2-27b-it-quantized.w8a16,gemma-2,gemma-2-27b-it,w8a16,gsm8k,21.0,-0.68,-0.383475197008618,-2.0342600907231336,1.2673096967058979,-0.42218800648298216,-0.6956164383561644,True,gemma-2-27b-it|s4
RedHatAI/gemma-2-27b-it-quantized.w8a16,gemma-2,gemma-2-27b-it,w8a16,hellaswag,86.03,0.01,-0.029131240053491436,-0.5383480674477801,0.4800855873407972,-0.42218800648298216,-0.29013333333333335,True,gemma-2-27b-it|s4
RedHatAI/gemma-2-27b-it-quantized.w8a16,gemma-2,gemma-2-27b-it,w8a16,winogrande,77.98,-0.24,-0.01342536926607757,-1.7269946031954844,1.7001438646633293,-0.42218800648298216,-0.2513513513513514,True,gemma-2-27b-it|s4
RedHatAI/gemma-2-27b-it-quantized.w8a16,gemma-2,gemma-2-27b-it,w8a16,truthfulqa,64.6,-0.09,0.031126257353860654,-2.4314889243451905,2.4937414390529113,-0.42218800648298216,-0.20027397260273974,True,gemma-2-27b-it|s4
RedHatAI/gemma-2-2b-quantized.w8a16,gemma-2,gemma-2-2b,w8a16,mmlu,53.01,-0.15,-0.23050974882433345,-1.2260963819982633,0.7650768843495963,-0.39371382636655944,-0.48743243243243245,True,gemma-2-2b|s0
RedHatAI/gemma-2-2b-quantized.w8a16,gemma-2,gemma-2-2b,w8a16,arc_challenge,53.92,0.35,-0.19338296539698063,-3.6351327028567497,3.2483667720627882,-0.39371382636655944,-0.45917808219178086,True,gemma-2-2b|s0
RedHatAI/gemma-2-2b-quantized.w8a16,gemma-2,gemma-2-2b,w8a16,gsm8k,24.03,-0.22,-0.3296656355094044,-3.110579053964619,2.45124778294581,-0.39371382636655944,-0.6966216216216216,True,gemma-2-2b|s0
RedHatAI/gemma-2-2b-quantized.w8a16,gemma-2,gemma-2-2b,w8a16,hellaswag,74.74,-0.18,-0.010578815312445422,-1.0355107574230273,1.0143531267981363,-0.39371382636655944,-0.23857142857142857,True,gemma-2-2b|s0
RedHatAI/gemma-2-2b-quantized.w8a16,gemma-2,gemma-2-2b,w8a16,winogrande,70.96,-0.4,-0.026639015642830666,-3.0412322408693733,2.9879542095837124,-0.39371382636655944,-0.2643421052631579,True,gemma-2-2b|s0
RedHatAI/gemma-2-2b-quantized.w8a16,gemma-2,gemma-2-2b,w8a16,truthfulqa,36.29,-0.14,0.01988663986353595,-3.956587616693427,3.996360896420499,-0.39371382636655944,-0.25506666666666666,True,gemma-2-2b|s0
RedHatAI/gemma-2-2b-quantized.w8a16,gemma-2,gemma-2-2b,w8a16,mmlu,53.01,-0.15,-0.27147000729900217,-0.9985127190610037,0.45557270446299936,-0.3576048951048951,-0.42442857142857143,True,gemma-2-2b|s1
RedHatAI/gemma-2-2b-quantized.w8a16,gemma-2,gemma-2-2b,w8a16,arc_challenge,53.92,0.35,-0.1300118446541011,-2.6434034260090846,2.3833797367008827,-0.3576048951048951,-0.2881159420289855,True,gemma-2-2b|s1
RedHatAI/gemma-2-2b-quantized.w8a16,gemma-2,gemma-2-2b,w8a16,gsm8k,24.03,-0.22,-0.5281974650775955,-2.5590029877304885,1.5026080575752974,-0.3576048951048951,-0.6281159420289855,True,gemma-2-2b|s1
RedHatAI/gemma-2-2b-quantized.w8a16,gemma-2,gemma-2-2b,w8a16,hellaswag,74.74,-0.18,-0.041286707592965266,-0.7897592902229397,0.7071858750370091,-0.3576048951048951,-0.23369863013698633,True,gemma-2-2b|s1
RedHatAI/gemma-2-2b-quantized.w8a16,gemma-2,gemma-2-2b,w8a16,winogrande,70.96,-0.4,-0.05621485700248463,-2.2576687137510474,2.145238999746078,-0.3576048951048951,-0.25123287671232875,True,gemma-2-2b|s1
RedHatAI/gemma-2-2b-quantized.w8a16,gemma-2,gemma-2-2b,w8a16,truthfulqa,36.29,-0.14,-0.10565945127920351,-3.0095419768232077,2.7982230742648007,-0.3576048951048951,-0.23726027397260274,True,gemma-2-2b|s1
RedHatAI/gemma-2-2b-quantized.w8a16,gemma-2,gemma-2-2b,w8a16,mmlu,53.01,-0.15,-0.2590529660661356,-0.9775083468739061,0.4594024147416349,-0.34738970588235296,-0.4641791044776119,True,gemma-2-2b|s2
RedHatAI/gemma-2-2b-quantized.w8a16,gemma-2,gemma-2-2b,w8a16,arc_challenge,53.92,0.35,-0.17576173815339846,-2.6594668582076895,2.3079433819008925,-0.34738970588235296,-0.42287878787878785,True,gemma-2-2b|s2
RedHatAI/gemma-2-2b-quantized.w8a16,gemma-2,gemma-2-2b,w8a16,gsm8k,24.03,-0.22,-0.4856291775306777,-2.492448215146899,1.5211898600855438,-0.34738970588235296,-0.5050769230769231,True,gemma-2-2b|s2
RedHatAI/gemma-2-2b-quantized.w8a16,gemma-2,gemma-2-2b,w8a16,hellaswag,74.74,-0.18,-0.016909055326259415,-0.7565411920330023,0.7227230813804835,-0.34738970588235296,-0.2757352941176471,True,gemma-2-2b|s2
RedHatAI/gemma-2-2b-quantized.w8a16,gemma-2,gemma-2-2b,w8a16,winogrande,70.96,-0.4,0.04227161776195765,-2.133180172612055,2.2177234081359702,-0.34738970588235296,-0.21454545454545454,True,gemma-2-2b|s2
RedHatAI/gemma-2-2b-quantized.w8a16,gemma-2,gemma-2-2b,w8a16,truthfulqa,36.29,-0.14,-0.02677410690453108,-2.8963579593504716,2.8428097455414094,-0.34738970588235296,-0.13999999999999999,True,gemma-2-2b|s2
RedHatAI/gemma-2-2b-quantized.w8a16,gemma-2,gemma-2-2b,w8a16,mmlu,53.01,-0.15,-0.21845278933878623,-1.052550304158295,0.6156447254807227,-0.341369150779896,-0.44188405797101454,True,gemma-2-2b|s3
RedHatAI/gemma-2-2b-quantized.w8a16,gemma-2,gemma-2-2b,w8a16,arc_challenge,53.92,0.35,-0.05380553883704842,-2.93728629981706,2.829675222142963,-0.341369150779896,-0.2931884057971015,True,gemma-2-2b|s3
RedHatAI/gemma-2-2b-quantized.w8a16,gemma-2,gemma-2-2b,w8a16,gsm8k,24.03,-0.22,-0.49934000668275946,-2.829175396162613,1.8304953827970945,-0.341369150779896,-0.6383582089552238,True,gemma-2-2b|s3
RedHatAI/gemma-2-2b-quantized.w8a16,gemma-2,gemma-2-2b,w8a16,hellaswag,74.74,-0.18,0.0540462092087039,-0.8046366590497518,0.9127290774671597,-0.341369150779896,-0.16371428571428573,True,gemma-2-2b|s3
RedHatAI/gemma-2-2b-quantized.w8a16,gemma-2,gemma-2-2b,w8a16,winogrande,70.96,-0.4,0.023171058232523745,-2.5024401076557474,2.548782224120795,-0.341369150779896,-0.20838235294117646,True,gemma-2-2b|s3
RedHatAI/gemma-2-2b-quantized.w8a16,gemma-2,gemma-2-2b,w8a16,truthfulqa,36.29,-0.14,0.037575037852704274,-3.2938952577699516,3.3690453334753605,-0.341369150779896,-0.09202898550724639,True,gemma-2-2b|s3
RedHatAI/gemma-2-2b-quantized.w8a16,gemma-2,gemma-2-2b,w8a16,mmlu,53.01,-0.15,-0.21040151862714088,-1.1305497894465464,0.7097467521922646,-0.39005172413793104,-0.47135135135135137,True,gemma-2-2b|s4
RedHatAI/gemma-2-2b-quantized.w8a16,gemma-2,gemma-2-2b,w8a16,arc_challenge,53.92,0.35,-0.23827650389759536,-3.4192353114908727,2.9426823036956815,-0.39005172413793104,-0.5127777777777778,True,gemma-2-2b|s4
RedHatAI/gemma-2-2b-quantized.w8a16,gemma-2,gemma-2-2b,w8a16,gsm8k,24.03,-0.22,-0.4019568119135428,-2.9721527024835335,2.168239078656448,-0.39005172413793104,-0.7694444444444444,True,gemma-2-2b|s4
RedHatAI/gemma-2-2b-quantized.w8a16,gemma-2,gemma-2-2b,w8a16,hellaswag,74.74,-0.18,-0.0515156809165887,-0.9987856851693158,0.8957543233361385,-0.39005172413793104,-0.3343421052631579,True,gemma-2-2b|s4
RedHatAI/gemma-2-2b-quantized.w8a16,gemma-2,gemma-2-2b,w8a16,winogrande,70.96,-0.4,0.08436541818139365,-2.701803711644097,2.870534548006884,-0.39005172413793104,-0.17839999999999998,True,gemma-2-2b|s4
RedHatAI/gemma-2-2b-quantized.w8a16,gemma-2,gemma-2-2b,w8a16,truthfulqa,36.29,-0.14,0.08011610461176288,-3.5950496611880967,3.755281870411623,-0.39005172413793104,-0.21602739726027398,True,gemma-2-2b|s4
RedHatAI/gemma-2-2b-it-FP8,gemma-2,gemma-2-2b-it,fp8,mmlu,56.93,-0.06,-0.433047883268722,-1.2020908508906112,0.33599508435316716,-0.33518783542039354,-0.49530303030303025,True,gemma-2-2b-it|s0
RedHatAI/gemma-2-2b-it-FP8,gemma-2,gemma-2-2b-it,fp8,arc_challenge,57.76,-0.51,-0.29078155940482503,-2.9461133984205152,2.364550279610865,-0.33518783542039354,-0.35400000000000004,True,gemma-2-2b-it|s0
RedHatAI/gemma-2-2b-it-FP8,gemma-2,gemma-2-2b-it,fp8,gsm8k,45.11,-0.76,-0.2444475407010136,-2.765998171681887,2.2771030902798604,-0.33518783542039354,-0.3284848484848485,True,gemma-2-2b-it|s0
RedHatAI/gemma-2-2b-it-FP8,gemma-2,gemma-2-2b-it,fp8,hellaswag,71.22,-0.35,-0.22414307638328873,-1.0556068513065102,0.6073206985399329,-0.33518783542039354,-0.2569565217391304,True,gemma-2-2b-it|s0
RedHatAI/gemma-2-2b-it-FP8,gemma-2,gemma-2-2b-it,fp8,winogrande,68.67,-0.56,-0.1690445685132477,-2.567228426480271,2.229139289453776,-0.33518783542039354,-0.21246376811594203,True,gemma-2-2b-it|s0
RedHatAI/gemma-2-2b-it-FP8,gemma-2,gemma-2-2b-it,fp8,truthfulqa,53.11,-0.12,-0.1608848450864468,-3.373985277362479,3.0522155871895853,-0.33518783542039354,-0.19424242424242424,True,gemma-2-2b-it|s0
RedHatAI/gemma-2-2b-it-quantized.w4a16,gemma-2,gemma-2-2b-it,w4a16,mmlu,56.93,-0.95,-0.7397415136294444,-1.5087844812513336,0.02930145399244477,-0.33518783542039354,-0.49530303030303025,True,gemma-2-2b-it|s0
RedHatAI/gemma-2-2b-it-quantized.w4a16,gemma-2,gemma-2-2b-it,w4a16,arc_challenge,57.76,-0.68,-0.5974751897655475,-3.2528070287812376,2.0578566492501427,-0.33518783542039354,-0.35400000000000004,True,gemma-2-2b-it|s0
RedHatAI/gemma-2-2b-it-quantized.w4a16,gemma-2,gemma-2-2b-it,w4a16,gsm8k,45.11,-3.11,-0.551141171061736,-3.07269180204261,1.9704094599191377,-0.33518783542039354,-0.3284848484848485,False,gemma-2-2b-it|s0
RedHatAI/gemma-2-2b-it-quantized.w4a16,gemma-2,gemma-2-2b-it,w4a16,hellaswag,71.22,-0.69,-0.5308367067440111,-1.3623004816672326,0.3006270681792105,-0.33518783542039354,-0.2569565217391304,True,gemma-2-2b-it|s0
RedHatAI/gemma-2-2b-it-quantized.w4a16,gemma-2,gemma-2-2b-it,w4a16,winogrande,68.67,-0.32,-0.47573819887397006,-2.8739220568409936,1.9224456590930536,-0.33518783542039354,-0.21246376811594203,True,gemma-2-2b-it|s0
RedHatAI/gemma-2-2b-it-quantized.w4a16,gemma-2,gemma-2-2b-it,w4a16,truthfulqa,53.11,-0.54,-0.46757847544716913,-3.6806789077232014,2.745521956828863,-0.33518783542039354,-0.19424242424242424,True,gemma-2-2b-it|s0
RedHatAI/gemma-2-2b-it-quantized.w8a16,gemma-2,gemma-2-2b-it,w8a16,mmlu,56.94,-0.13,-0.26493563801805886,-1.033956854242862,0.5040855782067444,-0.33518783542039354,-0.49530303030303025,True,gemma-2-2b-it|s0
RedHatAI/gemma-2-2b-it-quantized.w8a16,gemma-2,gemma-2-2b-it,w8a16,arc_challenge,58.87,-0.17,-0.1233751053495086,-2.768642802602494,2.521892591903477,-0.33518783542039354,-0.35400000000000004,True,gemma-2-2b-it|s0
RedHatAI/gemma-2-2b-it-quantized.w8a16,gemma-2,gemma-2-2b-it,w8a16,gsm8k,44.81,0.07,-0.07626549034061592,-2.5962758895207445,2.4437449088395127,-0.33518783542039354,-0.3284848484848485,True,gemma-2-2b-it|s0
RedHatAI/gemma-2-2b-it-quantized.w8a16,gemma-2,gemma-2-2b-it,w8a16,hellaswag,71.41,-0.07,-0.05610164429048542,-0.8859209748237966,0.7737176862428259,-0.33518783542039354,-0.2569565217391304,True,gemma-2-2b-it|s0
RedHatAI/gemma-2-2b-it-quantized.w8a16,gemma-2,gemma-2-2b-it,w8a16,winogrande,68.82,0.64,-0.0010788351958603837,-2.3961264060769194,2.393968735685198,-0.33518783542039354,-0.21246376811594203,True,gemma-2-2b-it|s0
RedHatAI/gemma-2-2b-it-quantized.w8a16,gemma-2,gemma-2-2b-it,w8a16,truthfulqa,53.22,-0.09,0.00717580461516637,-3.205475402030813,3.2198270112611453,-0.33518783542039354,-0.19424242424242424,True,gemma-2-2b-it|s0
RedHatAI/gemma-2-2b-it-quantized.w8a8,gemma-2,gemma-2-2b-it,w8a8_int,mmlu,56.94,-0.3,-0.3223337797861672,-1.0913549960109705,0.44668743643863607,-0.33518783542039354,-0.49530303030303025,True,gemma-2-2b-it|s0
RedHatAI/gemma-2-2b-it-quantized.w8a8,gemma-2,gemma-2-2b-it,w8a8_int,arc_challenge,58.87,-2.13,-0.18077324711761694,-2.8260409443706025,2.4644944501353687,-0.33518783542039354,-0.35400000000000004,True,gemma-2-2b-it|s0
RedHatAI/gemma-2-2b-it-quantized.w8a8,gemma-2,gemma-2-2b-it,w8a8_int,gsm8k,44.81,-0.84,-0.13366363210872426,-2.653674031288853,2.3863467670714043,-0.33518783542039354,-0.3284848484848485,True,gemma-2-2b-it|s0
RedHatAI/gemma-2-2b-it-quantized.w8a8,gemma-2,gemma-2-2b-it,w8a8_int,hellaswag,71.41,-0.23,-0.11349978605859373,-0.943319116591905,0.7163195444747175,-0.33518783542039354,-0.2569565217391304,True,gemma-2-2b-it|s0
RedHatAI/gemma-2-2b-it-quantized.w8a8,gemma-2,gemma-2-2b-it,w8a8_int,winogrande,68.82,-0.23,-0.058476976963968696,-2.4535245478450274,2.33657059391709,-0.33518783542039354,-0.21246376811594203,True,gemma-2-2b-it|s0
RedHatAI/gemma-2-2b-it-quantized.w8a8,gemma-2,gemma-2-2b-it,w8a8_int,truthfulqa,53.22,-0.03,-0.05022233715294194,-3.262873543798921,3.1624288694930374,-0.33518783542039354,-0.19424242424242424,True,gemma-2-2b-it|s0
RedHatAI/gemma-2-2b-it-FP8,gemma-2,gemma-2-2b-it,fp8,mmlu,56.93,-0.06,-0.38311712145375976,-1.0667932765014854,0.30055903359396585,-0.32868770764119604,-0.4547058823529412,True,gemma-2-2b-it|s1
RedHatAI/gemma-2-2b-it-FP8,gemma-2,gemma-2-2b-it,fp8,arc_challenge,57.76,-0.51,-0.29666250106089626,-2.6572419985729443,2.0639169964511517,-0.32868770764119604,-0.3754411764705883,True,gemma-2-2b-it|s1
RedHatAI/gemma-2-2b-it-FP8,gemma-2,gemma-2-2b-it,fp8,gsm8k,45.11,-0.76,-0.24149970926894482,-2.483148242221608,2.000148823683718,-0.32868770764119604,-0.3464705882352941,True,gemma-2-2b-it|s1
RedHatAI/gemma-2-2b-it-FP8,gemma-2,gemma-2-2b-it,fp8,hellaswag,71.22,-0.35,-0.12901695929124363,-0.8681849650254343,0.6101510464429472,-0.32868770764119604,-0.15633802816901407,True,gemma-2-2b-it|s1
RedHatAI/gemma-2-2b-it-FP8,gemma-2,gemma-2-2b-it,fp8,winogrande,68.67,-0.56,-0.14313389440989122,-2.275109854326007,1.9888420655062244,-0.32868770764119604,-0.17782608695652175,True,gemma-2-2b-it|s1
RedHatAI/gemma-2-2b-it-FP8,gemma-2,gemma-2-2b-it,fp8,truthfulqa,53.11,-0.12,-0.14270721682607765,-2.9991407866090225,2.713726352956867,-0.32868770764119604,-0.16573529411764706,True,gemma-2-2b-it|s1
RedHatAI/gemma-2-2b-it-quantized.w4a16,gemma-2,gemma-2-2b-it,w4a16,mmlu,56.93,-0.95,-0.6241302917105893,-1.307806446758315,0.059545863337136296,-0.32868770764119604,-0.4547058823529412,True,gemma-2-2b-it|s1
RedHatAI/gemma-2-2b-it-quantized.w4a16,gemma-2,gemma-2-2b-it,w4a16,arc_challenge,57.76,-0.68,-0.5376756713177258,-2.898255168829774,1.8229038261943222,-0.32868770764119604,-0.3754411764705883,True,gemma-2-2b-it|s1
RedHatAI/gemma-2-2b-it-quantized.w4a16,gemma-2,gemma-2-2b-it,w4a16,gsm8k,45.11,-3.11,-0.48251287952577426,-2.7241614124784372,1.7591356534268887,-0.32868770764119604,-0.3464705882352941,False,gemma-2-2b-it|s1
RedHatAI/gemma-2-2b-it-quantized.w4a16,gemma-2,gemma-2-2b-it,w4a16,hellaswag,71.22,-0.69,-0.37003012954807324,-1.109198135282264,0.3691378761861175,-0.32868770764119604,-0.15633802816901407,True,gemma-2-2b-it|s1
RedHatAI/gemma-2-2b-it-quantized.w4a16,gemma-2,gemma-2-2b-it,w4a16,winogrande,68.67,-0.32,-0.38414706466672077,-2.5161230245828365,1.7478288952493948,-0.32868770764119604,-0.17782608695652175,True,gemma-2-2b-it|s1
RedHatAI/gemma-2-2b-it-quantized.w4a16,gemma-2,gemma-2-2b-it,w4a16,truthfulqa,53.11,-0.54,-0.3837203870829071,-3.2401539568658517,2.472713182700038,-0.32868770764119604,-0.16573529411764706,True,gemma-2-2b-it|s1
RedHatAI/gemma-2-2b-it-quantized.w8a16,gemma-2,gemma-2-2b-it,w8a16,mmlu,56.94,-0.13,-0.20832038015754922,-0.8919771982993374,0.475336437984239,-0.32868770764119604,-0.4547058823529412,True,gemma-2-2b-it|s1
RedHatAI/gemma-2-2b-it-quantized.w8a16,gemma-2,gemma-2-2b-it,w8a16,arc_challenge,58.87,-0.17,-0.12366591496322044,-2.4752984302728853,2.227966600346444,-0.32868770764119604,-0.3754411764705883,True,gemma-2-2b-it|s1
RedHatAI/gemma-2-2b-it-quantized.w8a16,gemma-2,gemma-2-2b-it,w8a16,gsm8k,44.81,0.07,-0.06649240116132327,-2.306771674137951,2.173786871815305,-0.32868770764119604,-0.3464705882352941,True,gemma-2-2b-it|s1
RedHatAI/gemma-2-2b-it-quantized.w8a16,gemma-2,gemma-2-2b-it,w8a16,hellaswag,71.41,-0.07,0.045382894151360376,-0.6923232070274059,0.7830889953301265,-0.32868770764119604,-0.15633802816901407,True,gemma-2-2b-it|s1
RedHatAI/gemma-2-2b-it-quantized.w8a16,gemma-2,gemma-2-2b-it,w8a16,winogrande,68.82,0.64,0.03131351557107831,-2.097874297536168,2.1605013286783246,-0.32868770764119604,-0.17782608695652175,True,gemma-2-2b-it|s1
RedHatAI/gemma-2-2b-it-quantized.w8a16,gemma-2,gemma-2-2b-it,w8a16,truthfulqa,53.22,-0.09,0.03196334550163904,-2.8240708644738124,2.8879975554770905,-0.32868770764119604,-0.16573529411764706,True,gemma-2-2b-it|s1
RedHatAI/gemma-2-2b-it-quantized.w8a8,gemma-2,gemma-2-2b-it,w8a8_int,mmlu,56.94,-0.3,-0.2645283253846793,-0.9481851435264675,0.41912849275710895,-0.32868770764119604,-0.4547058823529412,True,gemma-2-2b-it|s1
RedHatAI/gemma-2-2b-it-quantized.w8a8,gemma-2,gemma-2-2b-it,w8a8_int,arc_challenge,58.87,-2.13,-0.1798738601903505,-2.5315063755000153,2.171758655119314,-0.32868770764119604,-0.3754411764705883,True,gemma-2-2b-it|s1
RedHatAI/gemma-2-2b-it-quantized.w8a8,gemma-2,gemma-2-2b-it,w8a8_int,gsm8k,44.81,-0.84,-0.1227003463884534,-2.3629796193650816,2.1175789265881746,-0.32868770764119604,-0.3464705882352941,True,gemma-2-2b-it|s1
RedHatAI/gemma-2-2b-it-quantized.w8a8,gemma-2,gemma-2-2b-it,w8a8_int,hellaswag,71.41,-0.23,-0.010825051075769698,-0.7485311522545359,0.7268810501029965,-0.32868770764119604,-0.15633802816901407,True,gemma-2-2b-it|s1
RedHatAI/gemma-2-2b-it-quantized.w8a8,gemma-2,gemma-2-2b-it,w8a8_int,winogrande,68.82,-0.23,-0.02489442965605171,-2.154082242763298,2.1042933834511945,-0.32868770764119604,-0.17782608695652175,True,gemma-2-2b-it|s1
RedHatAI/gemma-2-2b-it-quantized.w8a8,gemma-2,gemma-2-2b-it,w8a8_int,truthfulqa,53.22,-0.03,-0.02424459972549109,-2.8802788097009424,2.8317896102499605,-0.32868770764119604,-0.16573529411764706,True,gemma-2-2b-it|s1
RedHatAI/gemma-2-2b-it-FP8,gemma-2,gemma-2-2b-it,fp8,mmlu,56.93,-0.06,-0.4404331039070732,-1.192522891302233,0.31165668348808667,-0.3242151675485008,-0.45970149253731346,True,gemma-2-2b-it|s2
RedHatAI/gemma-2-2b-it-FP8,gemma-2,gemma-2-2b-it,fp8,arc_challenge,57.76,-0.51,-0.3063131832496474,-2.903109516287291,2.2904831497879963,-0.3242151675485008,-0.3407575757575758,True,gemma-2-2b-it|s2
RedHatAI/gemma-2-2b-it-FP8,gemma-2,gemma-2-2b-it,fp8,gsm8k,45.11,-0.76,-0.31217687306941155,-2.778141140091933,2.15378739395311,-0.3242151675485008,-0.3287878787878788,True,gemma-2-2b-it|s2
RedHatAI/gemma-2-2b-it-FP8,gemma-2,gemma-2-2b-it,fp8,hellaswag,71.22,-0.35,-0.24010812645778473,-1.0532426846509464,0.5730264317353768,-0.3242151675485008,-0.24914285714285717,True,gemma-2-2b-it|s2
RedHatAI/gemma-2-2b-it-FP8,gemma-2,gemma-2-2b-it,fp8,winogrande,68.67,-0.56,-0.25979529707565585,-2.6051123519215595,2.0855217577702483,-0.3242151675485008,-0.288695652173913,True,gemma-2-2b-it|s2
RedHatAI/gemma-2-2b-it-FP8,gemma-2,gemma-2-2b-it,fp8,truthfulqa,53.11,-0.12,-0.18790844135462262,-3.3301776288129536,2.954360746103708,-0.3242151675485008,-0.21507462686567164,True,gemma-2-2b-it|s2
RedHatAI/gemma-2-2b-it-quantized.w4a16,gemma-2,gemma-2-2b-it,w4a16,mmlu,56.93,-0.95,-0.7100556896274501,-1.4621454770226099,0.04203409776770972,-0.3242151675485008,-0.45970149253731346,True,gemma-2-2b-it|s2
RedHatAI/gemma-2-2b-it-quantized.w4a16,gemma-2,gemma-2-2b-it,w4a16,arc_challenge,57.76,-0.68,-0.5759357689700243,-3.172732102007668,2.020860564067619,-0.3242151675485008,-0.3407575757575758,True,gemma-2-2b-it|s2
RedHatAI/gemma-2-2b-it-quantized.w4a16,gemma-2,gemma-2-2b-it,w4a16,gsm8k,45.11,-3.11,-0.5817994587897883,-3.0477637258123096,1.8841648082327331,-0.3242151675485008,-0.3287878787878788,False,gemma-2-2b-it|s2
RedHatAI/gemma-2-2b-it-quantized.w4a16,gemma-2,gemma-2-2b-it,w4a16,hellaswag,71.22,-0.69,-0.5097307121781617,-1.3228652703713233,0.3034038460149999,-0.3242151675485008,-0.24914285714285717,True,gemma-2-2b-it|s2
RedHatAI/gemma-2-2b-it-quantized.w4a16,gemma-2,gemma-2-2b-it,w4a16,winogrande,68.67,-0.32,-0.5294178827960327,-2.8747349376419367,1.8158991720498712,-0.3242151675485008,-0.288695652173913,True,gemma-2-2b-it|s2
RedHatAI/gemma-2-2b-it-quantized.w4a16,gemma-2,gemma-2-2b-it,w4a16,truthfulqa,53.11,-0.54,-0.4575310270749995,-3.5998002145333303,2.6847381603833314,-0.3242151675485008,-0.21507462686567164,True,gemma-2-2b-it|s2
RedHatAI/gemma-2-2b-it-quantized.w8a16,gemma-2,gemma-2-2b-it,w8a16,mmlu,56.94,-0.13,-0.1565022224669907,-0.9085707379640919,0.5955662930301107,-0.3242151675485008,-0.45970149253731346,True,gemma-2-2b-it|s2
RedHatAI/gemma-2-2b-it-quantized.w8a16,gemma-2,gemma-2-2b-it,w8a16,arc_challenge,58.87,-0.17,-0.020758670005242674,-2.6077127204172053,2.56619538040672,-0.3242151675485008,-0.3407575757575758,True,gemma-2-2b-it|s2
RedHatAI/gemma-2-2b-it-quantized.w8a16,gemma-2,gemma-2-2b-it,w8a16,gsm8k,44.81,0.07,-0.028553700186086994,-2.4930116890728837,2.43590428870071,-0.3242151675485008,-0.3287878787878788,True,gemma-2-2b-it|s2
RedHatAI/gemma-2-2b-it-quantized.w8a16,gemma-2,gemma-2-2b-it,w8a16,hellaswag,71.41,-0.07,0.04432220574604623,-0.7672041590383449,0.8558485705304375,-0.3242151675485008,-0.24914285714285717,True,gemma-2-2b-it|s2
RedHatAI/gemma-2-2b-it-quantized.w8a16,gemma-2,gemma-2-2b-it,w8a16,winogrande,68.82,0.64,0.02439399335145881,-2.317855912340234,2.3666438990431513,-0.3242151675485008,-0.288695652173913,True,gemma-2-2b-it|s2
RedHatAI/gemma-2-2b-it-quantized.w8a16,gemma-2,gemma-2-2b-it,w8a16,truthfulqa,53.22,-0.09,0.09614349524040938,-3.0456863695495877,3.237973360030406,-0.3242151675485008,-0.21507462686567164,True,gemma-2-2b-it|s2
RedHatAI/gemma-2-2b-it-quantized.w8a8,gemma-2,gemma-2-2b-it,w8a8_int,mmlu,56.94,-0.3,-0.266787357865299,-1.0188558733624002,0.4852811576318023,-0.3242151675485008,-0.45970149253731346,True,gemma-2-2b-it|s2
RedHatAI/gemma-2-2b-it-quantized.w8a8,gemma-2,gemma-2-2b-it,w8a8_int,arc_challenge,58.87,-2.13,-0.13104380540355098,-2.7179978558155136,2.4559102450084116,-0.3242151675485008,-0.3407575757575758,True,gemma-2-2b-it|s2
RedHatAI/gemma-2-2b-it-quantized.w8a8,gemma-2,gemma-2-2b-it,w8a8_int,gsm8k,44.81,-0.84,-0.13883883558439528,-2.603296824471192,2.3256191533024015,-0.3242151675485008,-0.3287878787878788,True,gemma-2-2b-it|s2
RedHatAI/gemma-2-2b-it-quantized.w8a8,gemma-2,gemma-2-2b-it,w8a8_int,hellaswag,71.41,-0.23,-0.06596292965226208,-0.8774892944366532,0.7455634351321292,-0.3242151675485008,-0.24914285714285717,True,gemma-2-2b-it|s2
RedHatAI/gemma-2-2b-it-quantized.w8a8,gemma-2,gemma-2-2b-it,w8a8_int,winogrande,68.82,-0.23,-0.08589114204684947,-2.428141047738542,2.256358763644843,-0.3242151675485008,-0.288695652173913,True,gemma-2-2b-it|s2
RedHatAI/gemma-2-2b-it-quantized.w8a8,gemma-2,gemma-2-2b-it,w8a8_int,truthfulqa,53.22,-0.03,-0.014141640157898927,-3.155971504947896,3.127688224632098,-0.3242151675485008,-0.21507462686567164,True,gemma-2-2b-it|s2
RedHatAI/gemma-2-2b-it-FP8,gemma-2,gemma-2-2b-it,fp8,mmlu,56.93,-0.06,-0.471363317471871,-1.4671000932626774,0.5243734583189356,-0.417741935483871,-0.45924242424242423,True,gemma-2-2b-it|s3
RedHatAI/gemma-2-2b-it-FP8,gemma-2,gemma-2-2b-it,fp8,arc_challenge,57.76,-0.51,-0.407190066502787,-3.845244473543567,3.0308643405379936,-0.417741935483871,-0.417910447761194,True,gemma-2-2b-it|s3
RedHatAI/gemma-2-2b-it-FP8,gemma-2,gemma-2-2b-it,fp8,gsm8k,45.11,-0.76,-0.9420892003369749,-4.2069271885839985,2.3227487879100486,-0.417741935483871,-1.0187692307692306,True,gemma-2-2b-it|s3
RedHatAI/gemma-2-2b-it-FP8,gemma-2,gemma-2-2b-it,fp8,hellaswag,71.22,-0.35,-0.2435607897001739,-1.320118398684071,0.8329968192837232,-0.417741935483871,-0.2260294117647059,True,gemma-2-2b-it|s3
RedHatAI/gemma-2-2b-it-FP8,gemma-2,gemma-2-2b-it,fp8,winogrande,68.67,-0.56,-0.23551086003504065,-3.3406167683172887,2.8695950482472075,-0.417741935483871,-0.22895522388059703,True,gemma-2-2b-it|s3
RedHatAI/gemma-2-2b-it-FP8,gemma-2,gemma-2-2b-it,fp8,truthfulqa,53.11,-0.12,-0.1816889969133251,-4.34192763041919,3.9785496365925392,-0.417741935483871,-0.18,True,gemma-2-2b-it|s3
RedHatAI/gemma-2-2b-it-quantized.w4a16,gemma-2,gemma-2-2b-it,w4a16,mmlu,56.93,-0.95,-0.5124113290320984,-1.5081481048229048,0.48332544675870814,-0.417741935483871,-0.45924242424242423,True,gemma-2-2b-it|s3
RedHatAI/gemma-2-2b-it-quantized.w4a16,gemma-2,gemma-2-2b-it,w4a16,arc_challenge,57.76,-0.68,-0.44823807806301447,-3.886292485103795,2.9898163289777657,-0.417741935483871,-0.417910447761194,True,gemma-2-2b-it|s3
RedHatAI/gemma-2-2b-it-quantized.w4a16,gemma-2,gemma-2-2b-it,w4a16,gsm8k,45.11,-3.11,-0.9831372118972025,-4.247975200144226,2.2817007763498207,-0.417741935483871,-1.0187692307692306,True,gemma-2-2b-it|s3
RedHatAI/gemma-2-2b-it-quantized.w4a16,gemma-2,gemma-2-2b-it,w4a16,hellaswag,71.22,-0.69,-0.28460880126040133,-1.3611664102442984,0.7919488077234957,-0.417741935483871,-0.2260294117647059,True,gemma-2-2b-it|s3
RedHatAI/gemma-2-2b-it-quantized.w4a16,gemma-2,gemma-2-2b-it,w4a16,winogrande,68.67,-0.32,-0.27655887159526815,-3.381664779877516,2.82854703668698,-0.417741935483871,-0.22895522388059703,True,gemma-2-2b-it|s3
RedHatAI/gemma-2-2b-it-quantized.w4a16,gemma-2,gemma-2-2b-it,w4a16,truthfulqa,53.11,-0.54,-0.22273700847355246,-4.382975641979416,3.937501625032312,-0.417741935483871,-0.18,True,gemma-2-2b-it|s3
RedHatAI/gemma-2-2b-it-quantized.w8a16,gemma-2,gemma-2-2b-it,w8a16,mmlu,56.94,-0.13,0.037800829774888856,-0.9579077828743051,1.0335094424240827,-0.417741935483871,-0.45924242424242423,True,gemma-2-2b-it|s3
RedHatAI/gemma-2-2b-it-quantized.w8a16,gemma-2,gemma-2-2b-it,w8a16,arc_challenge,58.87,-0.17,0.10475741987635467,-3.320266198909661,3.5297810386623705,-0.417741935483871,-0.417910447761194,True,gemma-2-2b-it|s3
RedHatAI/gemma-2-2b-it-quantized.w8a16,gemma-2,gemma-2-2b-it,w8a16,gsm8k,44.81,0.07,-0.43346388325711166,-3.696307619541872,2.829379853027649,-0.417741935483871,-1.0187692307692306,True,gemma-2-2b-it|s3
RedHatAI/gemma-2-2b-it-quantized.w8a16,gemma-2,gemma-2-2b-it,w8a16,hellaswag,71.41,-0.07,0.26630489784108957,-0.808123527438235,1.3407333231204142,-0.417741935483871,-0.2260294117647059,True,gemma-2-2b-it|s3
RedHatAI/gemma-2-2b-it-quantized.w8a16,gemma-2,gemma-2-2b-it,w8a16,winogrande,68.82,0.64,0.2740990838538119,-2.8269460417122376,3.3751442094198616,-0.417741935483871,-0.22895522388059703,True,gemma-2-2b-it|s3
RedHatAI/gemma-2-2b-it-quantized.w8a16,gemma-2,gemma-2-2b-it,w8a16,truthfulqa,53.22,-0.09,0.3276904143023448,-3.831966573574726,4.487347402179416,-0.417741935483871,-0.18,True,gemma-2-2b-it|s3
RedHatAI/gemma-2-2b-it-quantized.w8a8,gemma-2,gemma-2-2b-it,w8a8_int,mmlu,56.94,-0.3,-0.11718545022353516,-1.112894062872729,0.8785231624256589,-0.417741935483871,-0.45924242424242423,True,gemma-2-2b-it|s3
RedHatAI/gemma-2-2b-it-quantized.w8a8,gemma-2,gemma-2-2b-it,w8a8_int,arc_challenge,58.87,-2.13,-0.05022886012206934,-3.475252478908085,3.3747947586639464,-0.417741935483871,-0.417910447761194,True,gemma-2-2b-it|s3
RedHatAI/gemma-2-2b-it-quantized.w8a8,gemma-2,gemma-2-2b-it,w8a8_int,gsm8k,44.81,-0.84,-0.5884501632555357,-3.851293899540296,2.6743935730292248,-0.417741935483871,-1.0187692307692306,True,gemma-2-2b-it|s3
RedHatAI/gemma-2-2b-it-quantized.w8a8,gemma-2,gemma-2-2b-it,w8a8_int,hellaswag,71.41,-0.23,0.11131861784266561,-0.963109807436659,1.18574704312199,-0.417741935483871,-0.2260294117647059,True,gemma-2-2b-it|s3
RedHatAI/gemma-2-2b-it-quantized.w8a8,gemma-2,gemma-2-2b-it,w8a8_int,winogrande,68.82,-0.23,0.1191128038553878,-2.9819323217106617,3.2201579294214375,-0.417741935483871,-0.22895522388059703,True,gemma-2-2b-it|s3
RedHatAI/gemma-2-2b-it-quantized.w8a8,gemma-2,gemma-2-2b-it,w8a8_int,truthfulqa,53.22,-0.03,0.17270413430392095,-3.98695285357315,4.332361122180992,-0.417741935483871,-0.18,True,gemma-2-2b-it|s3
RedHatAI/gemma-2-2b-it-FP8,gemma-2,gemma-2-2b-it,fp8,mmlu,56.93,-0.06,-0.4563127305132594,-1.0542562737083574,0.14163081268183852,-0.35462499999999997,-0.4815625,True,gemma-2-2b-it|s4
RedHatAI/gemma-2-2b-it-FP8,gemma-2,gemma-2-2b-it,fp8,arc_challenge,57.76,-0.51,-0.30108816977474945,-2.365652303414199,1.7634759638647002,-0.35462499999999997,-0.3221875,True,gemma-2-2b-it|s4
RedHatAI/gemma-2-2b-it-FP8,gemma-2,gemma-2-2b-it,fp8,gsm8k,45.11,-0.76,-0.47541474311645443,-2.4359617893978043,1.4851323031648953,-0.35462499999999997,-0.50625,True,gemma-2-2b-it|s4
RedHatAI/gemma-2-2b-it-FP8,gemma-2,gemma-2-2b-it,fp8,hellaswag,71.22,-0.35,-0.2045518571180622,-0.851028603603835,0.44192488936771057,-0.35462499999999997,-0.21074626865671642,True,gemma-2-2b-it|s4
RedHatAI/gemma-2-2b-it-FP8,gemma-2,gemma-2-2b-it,fp8,winogrande,68.67,-0.56,-0.2352474477486966,-2.0998748010165924,1.6293799055191993,-0.35462499999999997,-0.25261538461538463,True,gemma-2-2b-it|s4
RedHatAI/gemma-2-2b-it-FP8,gemma-2,gemma-2-2b-it,fp8,truthfulqa,53.11,-0.12,-0.10907892151491816,-2.60731730090992,2.3891594578800834,-0.35462499999999997,-0.12272727272727273,True,gemma-2-2b-it|s4
RedHatAI/gemma-2-2b-it-quantized.w4a16,gemma-2,gemma-2-2b-it,w4a16,mmlu,56.93,-0.95,-0.718899342044965,-1.3168428852400629,-0.12095579884986707,-0.35462499999999997,-0.4815625,True,gemma-2-2b-it|s4
RedHatAI/gemma-2-2b-it-quantized.w4a16,gemma-2,gemma-2-2b-it,w4a16,arc_challenge,57.76,-0.68,-0.5636747813064551,-2.6282389149459044,1.5008893523329945,-0.35462499999999997,-0.3221875,True,gemma-2-2b-it|s4
RedHatAI/gemma-2-2b-it-quantized.w4a16,gemma-2,gemma-2-2b-it,w4a16,gsm8k,45.11,-3.11,-0.7380013546481601,-2.6985484009295098,1.2225456916331896,-0.35462499999999997,-0.50625,False,gemma-2-2b-it|s4
RedHatAI/gemma-2-2b-it-quantized.w4a16,gemma-2,gemma-2-2b-it,w4a16,hellaswag,71.22,-0.69,-0.4671384686497678,-1.1136152151355407,0.17933827783600498,-0.35462499999999997,-0.21074626865671642,True,gemma-2-2b-it|s4
RedHatAI/gemma-2-2b-it-quantized.w4a16,gemma-2,gemma-2-2b-it,w4a16,winogrande,68.67,-0.32,-0.49783405928040225,-2.3624614125482983,1.3667932939874936,-0.35462499999999997,-0.25261538461538463,True,gemma-2-2b-it|s4
RedHatAI/gemma-2-2b-it-quantized.w4a16,gemma-2,gemma-2-2b-it,w4a16,truthfulqa,53.11,-0.54,-0.37166553304662375,-2.8699039124416257,2.126572846348378,-0.35462499999999997,-0.12272727272727273,True,gemma-2-2b-it|s4
RedHatAI/gemma-2-2b-it-quantized.w8a16,gemma-2,gemma-2-2b-it,w8a16,mmlu,56.94,-0.13,-0.2077381500983858,-0.80566478122486,0.39018848102808834,-0.35462499999999997,-0.4815625,True,gemma-2-2b-it|s4
RedHatAI/gemma-2-2b-it-quantized.w8a16,gemma-2,gemma-2-2b-it,w8a16,arc_challenge,58.87,-0.17,-0.05025453473938185,-2.1069936327980265,2.0064845633192627,-0.35462499999999997,-0.3221875,True,gemma-2-2b-it|s4
RedHatAI/gemma-2-2b-it-quantized.w8a16,gemma-2,gemma-2-2b-it,w8a16,gsm8k,44.81,0.07,-0.22743643055515136,-2.1867859213044256,1.7319130601941228,-0.35462499999999997,-0.50625,True,gemma-2-2b-it|s4
RedHatAI/gemma-2-2b-it-quantized.w8a16,gemma-2,gemma-2-2b-it,w8a16,hellaswag,71.41,-0.07,0.04451669690813864,-0.6006814670452032,0.6897148608614805,-0.35462499999999997,-0.21074626865671642,True,gemma-2-2b-it|s4
RedHatAI/gemma-2-2b-it-quantized.w8a16,gemma-2,gemma-2-2b-it,w8a16,winogrande,68.82,0.64,0.01362558157270266,-1.8485632569546477,1.875814420100053,-0.35462499999999997,-0.25261538461538463,True,gemma-2-2b-it|s4
RedHatAI/gemma-2-2b-it-quantized.w8a16,gemma-2,gemma-2-2b-it,w8a16,truthfulqa,53.22,-0.09,0.13969130720122253,-2.3581977918853476,2.637580406287793,-0.35462499999999997,-0.12272727272727273,True,gemma-2-2b-it|s4
RedHatAI/gemma-2-2b-it-quantized.w8a8,gemma-2,gemma-2-2b-it,w8a8_int,mmlu,56.94,-0.3,-0.2526220362123729,-0.850548667338847,0.34530459491410126,-0.35462499999999997,-0.4815625,True,gemma-2-2b-it|s4
RedHatAI/gemma-2-2b-it-quantized.w8a8,gemma-2,gemma-2-2b-it,w8a8_int,arc_challenge,58.87,-2.13,-0.09513842085336893,-2.1518775189120136,1.9616006772052756,-0.35462499999999997,-0.3221875,True,gemma-2-2b-it|s4
RedHatAI/gemma-2-2b-it-quantized.w8a8,gemma-2,gemma-2-2b-it,w8a8_int,gsm8k,44.81,-0.84,-0.2723203166691385,-2.2316698074184127,1.6870291740801355,-0.35462499999999997,-0.50625,True,gemma-2-2b-it|s4
RedHatAI/gemma-2-2b-it-quantized.w8a8,gemma-2,gemma-2-2b-it,w8a8_int,hellaswag,71.41,-0.23,-0.0003671892058484394,-0.6455653531591903,0.6448309747474934,-0.35462499999999997,-0.21074626865671642,True,gemma-2-2b-it|s4
RedHatAI/gemma-2-2b-it-quantized.w8a8,gemma-2,gemma-2-2b-it,w8a8_int,winogrande,68.82,-0.23,-0.031258304541284476,-1.8934471430686348,1.830930533986066,-0.35462499999999997,-0.25261538461538463,True,gemma-2-2b-it|s4
RedHatAI/gemma-2-2b-it-quantized.w8a8,gemma-2,gemma-2-2b-it,w8a8_int,truthfulqa,53.22,-0.03,0.09480742108723544,-2.4030816779993347,2.592696520173806,-0.35462499999999997,-0.12272727272727273,True,gemma-2-2b-it|s4
RedHatAI/gemma-2-9b-it-FP8,gemma-2,gemma-2-9b-it,fp8,mmlu,72.28,-0.29,-0.3186399352517569,-0.993785409107272,0.3565055386037583,-0.3834006734006734,-0.4605555555555555,True,gemma-2-9b-it|s0
RedHatAI/gemma-2-9b-it-FP8,gemma-2,gemma-2-9b-it,fp8,arc_challenge,71.5,0.0,-0.2723297956156296,-2.6291030718970974,2.0844434806658385,-0.3834006734006734,-0.42847222222222225,True,gemma-2-9b-it|s0
RedHatAI/gemma-2-9b-it-FP8,gemma-2,gemma-2-9b-it,fp8,hellaswag,81.91,-0.21,-0.1323419321745828,-0.8189103118056219,0.5542264474564563,-0.3834006734006734,-0.25391891891891893,True,gemma-2-9b-it|s0
RedHatAI/gemma-2-9b-it-FP8,gemma-2,gemma-2-9b-it,fp8,winogrande,77.11,1.26,-0.0814459317613001,-2.191026422156497,2.0281345586338966,-0.3834006734006734,-0.19136986301369863,True,gemma-2-9b-it|s0
RedHatAI/gemma-2-9b-it-FP8,gemma-2,gemma-2-9b-it,fp8,truthfulqa,60.32,0.2,-0.0389254979893488,-3.0981519785756704,3.020300982596973,-0.3834006734006734,-0.15972602739726027,True,gemma-2-9b-it|s0
RedHatAI/gemma-2-9b-it-quantized.w4a16,gemma-2,gemma-2-9b-it,w4a16,mmlu,72.28,-0.92,-0.8161012043876,-1.4912466782431153,-0.14095573053208488,-0.3834006734006734,-0.4605555555555555,True,gemma-2-9b-it|s0
RedHatAI/gemma-2-9b-it-quantized.w4a16,gemma-2,gemma-2-9b-it,w4a16,arc_challenge,71.5,-0.52,-0.7697910647514726,-3.1265643410329407,1.5869822115299952,-0.3834006734006734,-0.42847222222222225,True,gemma-2-9b-it|s0
RedHatAI/gemma-2-9b-it-quantized.w4a16,gemma-2,gemma-2-9b-it,w4a16,gsm8k,76.26,3.57,-0.9498273923845991,-3.043807347157043,1.1441525623878448,-0.3834006734006734,-0.654931506849315,False,gemma-2-9b-it|s0
RedHatAI/gemma-2-9b-it-quantized.w4a16,gemma-2,gemma-2-9b-it,w4a16,hellaswag,81.91,-0.62,-0.629803201310426,-1.3163715809414651,0.05676517832061312,-0.3834006734006734,-0.25391891891891893,True,gemma-2-9b-it|s0
RedHatAI/gemma-2-9b-it-quantized.w4a16,gemma-2,gemma-2-9b-it,w4a16,winogrande,77.11,1.18,-0.5789072008971432,-2.68848769129234,1.5306732894980535,-0.3834006734006734,-0.19136986301369863,True,gemma-2-9b-it|s0
RedHatAI/gemma-2-9b-it-quantized.w4a16,gemma-2,gemma-2-9b-it,w4a16,truthfulqa,60.32,-0.35,-0.536386767125192,-3.5956132477115137,2.5228397134611296,-0.3834006734006734,-0.15972602739726027,True,gemma-2-9b-it|s0
RedHatAI/gemma-2-9b-it-quantized.w8a16,gemma-2,gemma-2-9b-it,w8a16,mmlu,72.29,0.11,-0.2507171416479928,-0.9257875184697457,0.42435323517376017,-0.3834006734006734,-0.4605555555555555,True,gemma-2-9b-it|s0
RedHatAI/gemma-2-9b-it-quantized.w8a16,gemma-2,gemma-2-9b-it,w8a16,arc_challenge,71.08,0.25,-0.205319134411178,-2.5724115177312363,2.1617732489088803,-0.3834006734006734,-0.42847222222222225,True,gemma-2-9b-it|s0
RedHatAI/gemma-2-9b-it-quantized.w8a16,gemma-2,gemma-2-9b-it,w8a16,gsm8k,79.3,-0.07,-0.3800772621107317,-2.3739871569146485,1.6138326326931849,-0.3834006734006734,-0.654931506849315,True,gemma-2-9b-it|s0
RedHatAI/gemma-2-9b-it-quantized.w8a16,gemma-2,gemma-2-9b-it,w8a16,hellaswag,81.93,0.0,-0.06440474103602195,-0.7506772548650509,0.6218677727930069,-0.3834006734006734,-0.25391891891891893,True,gemma-2-9b-it|s0
RedHatAI/gemma-2-9b-it-quantized.w8a16,gemma-2,gemma-2-9b-it,w8a16,winogrande,77.98,-0.24,-0.012296134052005525,-2.0930376152262395,2.0684453471222284,-0.3834006734006734,-0.19136986301369863,True,gemma-2-9b-it|s0
RedHatAI/gemma-2-9b-it-quantized.w8a16,gemma-2,gemma-2-9b-it,w8a16,truthfulqa,60.21,-0.01,0.028628853890815154,-3.032040498901869,3.0892982066834995,-0.3834006734006734,-0.15972602739726027,True,gemma-2-9b-it|s0
RedHatAI/gemma-2-9b-it-quantized.w8a8,gemma-2,gemma-2-9b-it,w8a8_int,mmlu,72.29,-0.39,-0.3006844257577265,-0.9757548025794796,0.37438595106402645,-0.3834006734006734,-0.4605555555555555,True,gemma-2-9b-it|s0
RedHatAI/gemma-2-9b-it-quantized.w8a8,gemma-2,gemma-2-9b-it,w8a8_int,arc_challenge,71.08,0.34,-0.2552864185209117,-2.62237880184097,2.1118059647991467,-0.3834006734006734,-0.42847222222222225,True,gemma-2-9b-it|s0
RedHatAI/gemma-2-9b-it-quantized.w8a8,gemma-2,gemma-2-9b-it,w8a8_int,gsm8k,79.3,-0.45,-0.4300445462204653,-2.423954441024382,1.5638653485834513,-0.3834006734006734,-0.654931506849315,True,gemma-2-9b-it|s0
RedHatAI/gemma-2-9b-it-quantized.w8a8,gemma-2,gemma-2-9b-it,w8a8_int,hellaswag,81.93,-0.33,-0.11437202514575562,-0.8006445389747845,0.5719004886832733,-0.3834006734006734,-0.25391891891891893,True,gemma-2-9b-it|s0
RedHatAI/gemma-2-9b-it-quantized.w8a8,gemma-2,gemma-2-9b-it,w8a8_int,winogrande,77.98,0.39,-0.06226341816173919,-2.143004899335973,2.0184780630124948,-0.3834006734006734,-0.19136986301369863,True,gemma-2-9b-it|s0
RedHatAI/gemma-2-9b-it-quantized.w8a8,gemma-2,gemma-2-9b-it,w8a8_int,truthfulqa,60.21,-0.09,-0.02133843021891857,-3.082007783011603,3.0393309225737655,-0.3834006734006734,-0.15972602739726027,True,gemma-2-9b-it|s0
RedHatAI/gemma-2-9b-it-FP8,gemma-2,gemma-2-9b-it,fp8,mmlu,72.28,-0.29,-0.4861170299728558,-1.1409558835218574,0.16872182357614574,-0.3483206106870229,-0.5083076923076923,True,gemma-2-9b-it|s1
RedHatAI/gemma-2-9b-it-FP8,gemma-2,gemma-2-9b-it,fp8,arc_challenge,71.5,0.0,-0.3657704237073356,-2.651658088038115,1.9201172406234435,-0.3483206106870229,-0.4053846153846154,True,gemma-2-9b-it|s1
RedHatAI/gemma-2-9b-it-FP8,gemma-2,gemma-2-9b-it,fp8,hellaswag,81.91,-0.21,-0.28687402515407295,-0.9527922131752822,0.3790441628671362,-0.3483206106870229,-0.28287878787878784,True,gemma-2-9b-it|s1
RedHatAI/gemma-2-9b-it-FP8,gemma-2,gemma-2-9b-it,fp8,winogrande,77.11,1.26,-0.13577495665783246,-2.1819047513387426,1.9103548380230775,-0.3483206106870229,-0.1134375,True,gemma-2-9b-it|s1
RedHatAI/gemma-2-9b-it-FP8,gemma-2,gemma-2-9b-it,fp8,truthfulqa,60.32,0.2,-0.19624472002479204,-3.163457622828923,2.770968182779339,-0.3483206106870229,-0.20126984126984127,True,gemma-2-9b-it|s1
RedHatAI/gemma-2-9b-it-quantized.w4a16,gemma-2,gemma-2-9b-it,w4a16,mmlu,72.28,-0.92,-0.709066074085746,-1.3639049276347475,-0.05422722053674445,-0.3483206106870229,-0.5083076923076923,True,gemma-2-9b-it|s1
RedHatAI/gemma-2-9b-it-quantized.w4a16,gemma-2,gemma-2-9b-it,w4a16,arc_challenge,71.5,-0.52,-0.5887194678202257,-2.874607132151005,1.6971681965105534,-0.3483206106870229,-0.4053846153846154,True,gemma-2-9b-it|s1
RedHatAI/gemma-2-9b-it-quantized.w4a16,gemma-2,gemma-2-9b-it,w4a16,gsm8k,76.26,3.57,-0.7680390431924502,-2.7990375257968463,1.2629594394119457,-0.3483206106870229,-0.62171875,False,gemma-2-9b-it|s1
RedHatAI/gemma-2-9b-it-quantized.w4a16,gemma-2,gemma-2-9b-it,w4a16,hellaswag,81.91,-0.62,-0.5098230692669632,-1.1757412572881725,0.15609511875424598,-0.3483206106870229,-0.28287878787878784,True,gemma-2-9b-it|s1
RedHatAI/gemma-2-9b-it-quantized.w4a16,gemma-2,gemma-2-9b-it,w4a16,winogrande,77.11,1.18,-0.35872400077072253,-2.4048537954516327,1.6874057939101874,-0.3483206106870229,-0.1134375,True,gemma-2-9b-it|s1
RedHatAI/gemma-2-9b-it-quantized.w4a16,gemma-2,gemma-2-9b-it,w4a16,truthfulqa,60.32,-0.35,-0.41919376413768217,-3.386406666941813,2.548019138666449,-0.3483206106870229,-0.20126984126984127,True,gemma-2-9b-it|s1
RedHatAI/gemma-2-9b-it-quantized.w8a16,gemma-2,gemma-2-9b-it,w8a16,mmlu,72.29,0.11,-0.32553794666874936,-0.9803039619074931,0.3292280685699944,-0.3483206106870229,-0.5083076923076923,True,gemma-2-9b-it|s1
RedHatAI/gemma-2-9b-it-quantized.w8a16,gemma-2,gemma-2-9b-it,w8a16,arc_challenge,71.08,0.25,-0.20556952492661812,-2.5014659243885258,2.090326874535289,-0.3483206106870229,-0.4053846153846154,True,gemma-2-9b-it|s1
RedHatAI/gemma-2-9b-it-quantized.w8a16,gemma-2,gemma-2-9b-it,w8a16,gsm8k,79.3,-0.07,-0.3842790725899744,-2.3182173424225168,1.5496591972425677,-0.3483206106870229,-0.62171875,True,gemma-2-9b-it|s1
RedHatAI/gemma-2-9b-it-quantized.w8a16,gemma-2,gemma-2-9b-it,w8a16,hellaswag,81.93,0.0,-0.12628831651094086,-0.7919195376041392,0.5393429045822575,-0.3483206106870229,-0.28287878787878784,True,gemma-2-9b-it|s1
RedHatAI/gemma-2-9b-it-quantized.w8a16,gemma-2,gemma-2-9b-it,w8a16,winogrande,77.98,-0.24,0.02484348884449583,-1.9933146990241828,2.0430016767131742,-0.3483206106870229,-0.1134375,True,gemma-2-9b-it|s1
RedHatAI/gemma-2-9b-it-quantized.w8a16,gemma-2,gemma-2-9b-it,w8a16,truthfulqa,60.21,-0.01,-0.035900487665561476,-3.004512864831916,2.932711889500793,-0.3483206106870229,-0.20126984126984127,True,gemma-2-9b-it|s1
RedHatAI/gemma-2-9b-it-quantized.w8a8,gemma-2,gemma-2-9b-it,w8a8_int,mmlu,72.29,-0.39,-0.4789662901115884,-1.1337323053503323,0.17579972512715536,-0.3483206106870229,-0.5083076923076923,True,gemma-2-9b-it|s1
RedHatAI/gemma-2-9b-it-quantized.w8a8,gemma-2,gemma-2-9b-it,w8a8_int,arc_challenge,71.08,0.34,-0.35899786836945724,-2.6548942678313647,1.9368985310924502,-0.3483206106870229,-0.4053846153846154,True,gemma-2-9b-it|s1
RedHatAI/gemma-2-9b-it-quantized.w8a8,gemma-2,gemma-2-9b-it,w8a8_int,gsm8k,79.3,-0.45,-0.5377074160328135,-2.4716456858653557,1.3962308537997288,-0.3483206106870229,-0.62171875,True,gemma-2-9b-it|s1
RedHatAI/gemma-2-9b-it-quantized.w8a8,gemma-2,gemma-2-9b-it,w8a8_int,hellaswag,81.93,-0.33,-0.27971665995378,-0.9453478810469784,0.3859145611394184,-0.3483206106870229,-0.28287878787878784,True,gemma-2-9b-it|s1
RedHatAI/gemma-2-9b-it-quantized.w8a8,gemma-2,gemma-2-9b-it,w8a8_int,winogrande,77.98,0.39,-0.12858485459834326,-2.1467430424670217,1.8895733332703353,-0.3483206106870229,-0.1134375,True,gemma-2-9b-it|s1
RedHatAI/gemma-2-9b-it-quantized.w8a8,gemma-2,gemma-2-9b-it,w8a8_int,truthfulqa,60.21,-0.09,-0.18932883110840054,-3.157941208274755,2.779283546057954,-0.3483206106870229,-0.20126984126984127,True,gemma-2-9b-it|s1
RedHatAI/gemma-2-9b-it-FP8,gemma-2,gemma-2-9b-it,fp8,mmlu,72.28,-0.29,-0.41271267050738014,-1.0595186230894622,0.23409328207470192,-0.3659859154929577,-0.43323076923076925,True,gemma-2-9b-it|s2
RedHatAI/gemma-2-9b-it-FP8,gemma-2,gemma-2-9b-it,fp8,arc_challenge,71.5,0.0,-0.31857526179114626,-2.5764219674501017,1.9392714438678094,-0.3659859154929577,-0.3471875,True,gemma-2-9b-it|s2
RedHatAI/gemma-2-9b-it-FP8,gemma-2,gemma-2-9b-it,fp8,hellaswag,81.91,-0.21,-0.25000533977637196,-0.9077547167573479,0.40774403720460395,-0.3659859154929577,-0.25529411764705884,True,gemma-2-9b-it|s2
RedHatAI/gemma-2-9b-it-FP8,gemma-2,gemma-2-9b-it,fp8,winogrande,77.11,1.26,-0.3275462503095942,-2.348576193451373,1.6934836928321846,-0.3659859154929577,-0.3525,True,gemma-2-9b-it|s2
RedHatAI/gemma-2-9b-it-FP8,gemma-2,gemma-2-9b-it,fp8,truthfulqa,60.32,0.2,-0.25329740702050363,-3.1841115419952493,2.6775167279542416,-0.3659859154929577,-0.2716417910447761,True,gemma-2-9b-it|s2
RedHatAI/gemma-2-9b-it-quantized.w4a16,gemma-2,gemma-2-9b-it,w4a16,mmlu,72.28,-0.92,-0.7026964690830048,-1.3495024216650868,-0.05589051650092269,-0.3659859154929577,-0.43323076923076925,True,gemma-2-9b-it|s2
RedHatAI/gemma-2-9b-it-quantized.w4a16,gemma-2,gemma-2-9b-it,w4a16,arc_challenge,71.5,-0.52,-0.6085590603667708,-2.8664057660257263,1.6492876452921847,-0.3659859154929577,-0.3471875,True,gemma-2-9b-it|s2
RedHatAI/gemma-2-9b-it-quantized.w4a16,gemma-2,gemma-2-9b-it,w4a16,gsm8k,76.26,3.57,-0.7181733602046215,-2.724257606907613,1.2879108864983704,-0.3659859154929577,-0.4878461538461539,False,gemma-2-9b-it|s2
RedHatAI/gemma-2-9b-it-quantized.w4a16,gemma-2,gemma-2-9b-it,w4a16,hellaswag,81.91,-0.62,-0.5399891383519966,-1.1977385153329725,0.11776023862897933,-0.3659859154929577,-0.25529411764705884,True,gemma-2-9b-it|s2
RedHatAI/gemma-2-9b-it-quantized.w4a16,gemma-2,gemma-2-9b-it,w4a16,winogrande,77.11,1.18,-0.6175300488852189,-2.6385599920269978,1.40349989425656,-0.3659859154929577,-0.3525,True,gemma-2-9b-it|s2
RedHatAI/gemma-2-9b-it-quantized.w4a16,gemma-2,gemma-2-9b-it,w4a16,truthfulqa,60.32,-0.35,-0.5432812055961282,-3.474095340570874,2.387532929378617,-0.3659859154929577,-0.2716417910447761,True,gemma-2-9b-it|s2
RedHatAI/gemma-2-9b-it-quantized.w8a16,gemma-2,gemma-2-9b-it,w8a16,mmlu,72.29,0.11,-0.21153569991953763,-0.8582697076981076,0.4351983078590324,-0.3659859154929577,-0.43323076923076925,True,gemma-2-9b-it|s2
RedHatAI/gemma-2-9b-it-quantized.w8a16,gemma-2,gemma-2-9b-it,w8a16,arc_challenge,71.08,0.25,-0.11773715477299287,-2.385469818520028,2.1499955089740417,-0.3659859154929577,-0.3471875,True,gemma-2-9b-it|s2
RedHatAI/gemma-2-9b-it-quantized.w8a16,gemma-2,gemma-2-9b-it,w8a16,gsm8k,79.3,-0.07,-0.22595171825016594,-2.136166388736846,1.6842629522365142,-0.3659859154929577,-0.4878461538461539,True,gemma-2-9b-it|s2
RedHatAI/gemma-2-9b-it-quantized.w8a16,gemma-2,gemma-2-9b-it,w8a16,hellaswag,81.93,0.0,-0.04881939169397709,-0.7062853219670712,0.608646538579117,-0.3659859154929577,-0.25529411764705884,True,gemma-2-9b-it|s2
RedHatAI/gemma-2-9b-it-quantized.w8a16,gemma-2,gemma-2-9b-it,w8a16,winogrande,77.98,-0.24,-0.12608726418903876,-2.1194887279096846,1.867314199531607,-0.3659859154929577,-0.3525,True,gemma-2-9b-it|s2
RedHatAI/gemma-2-9b-it-quantized.w8a16,gemma-2,gemma-2-9b-it,w8a16,truthfulqa,60.21,-0.01,-0.05228353829779625,-2.984479980298257,2.8799129037026647,-0.3659859154929577,-0.2716417910447761,True,gemma-2-9b-it|s2
RedHatAI/gemma-2-9b-it-quantized.w8a8,gemma-2,gemma-2-9b-it,w8a8_int,mmlu,72.29,-0.39,-0.3001278504448831,-0.9468618582234531,0.34660615733368694,-0.3659859154929577,-0.43323076923076925,True,gemma-2-9b-it|s2
RedHatAI/gemma-2-9b-it-quantized.w8a8,gemma-2,gemma-2-9b-it,w8a8_int,arc_challenge,71.08,0.34,-0.20632930529833837,-2.474061969045373,2.0614033584486964,-0.3659859154929577,-0.3471875,True,gemma-2-9b-it|s2
RedHatAI/gemma-2-9b-it-quantized.w8a8,gemma-2,gemma-2-9b-it,w8a8_int,gsm8k,79.3,-0.45,-0.31454386877551144,-2.224758539262192,1.5956708017111687,-0.3659859154929577,-0.4878461538461539,True,gemma-2-9b-it|s2
RedHatAI/gemma-2-9b-it-quantized.w8a8,gemma-2,gemma-2-9b-it,w8a8_int,hellaswag,81.93,-0.33,-0.13741154221932259,-0.7948774724924167,0.5200543880537715,-0.3659859154929577,-0.25529411764705884,True,gemma-2-9b-it|s2
RedHatAI/gemma-2-9b-it-quantized.w8a8,gemma-2,gemma-2-9b-it,w8a8_int,winogrande,77.98,0.39,-0.21467941471438426,-2.20808087843503,1.7787220490062614,-0.3659859154929577,-0.3525,True,gemma-2-9b-it|s2
RedHatAI/gemma-2-9b-it-quantized.w8a8,gemma-2,gemma-2-9b-it,w8a8_int,truthfulqa,60.21,-0.09,-0.14087568882314172,-3.0730721308236024,2.7913207531773194,-0.3659859154929577,-0.2716417910447761,True,gemma-2-9b-it|s2
RedHatAI/gemma-2-9b-it-FP8,gemma-2,gemma-2-9b-it,fp8,mmlu,72.28,-0.29,-0.49117361989556624,-1.052763407064451,0.0704161672733184,-0.36214788732394365,-0.4874242424242424,True,gemma-2-9b-it|s3
RedHatAI/gemma-2-9b-it-FP8,gemma-2,gemma-2-9b-it,fp8,arc_challenge,71.5,0.0,-0.2667395207464167,-2.227116734080841,1.693637692588008,-0.36214788732394365,-0.25061538461538463,True,gemma-2-9b-it|s3
RedHatAI/gemma-2-9b-it-FP8,gemma-2,gemma-2-9b-it,fp8,hellaswag,81.91,-0.21,-0.22394282587859732,-0.7950342500601586,0.347148598302964,-0.36214788732394365,-0.18608695652173912,True,gemma-2-9b-it|s3
RedHatAI/gemma-2-9b-it-FP8,gemma-2,gemma-2-9b-it,fp8,winogrande,77.11,1.26,-0.28287463896478027,-2.0376355082796,1.4718862303500395,-0.36214788732394365,-0.2580882352941177,True,gemma-2-9b-it|s3
RedHatAI/gemma-2-9b-it-FP8,gemma-2,gemma-2-9b-it,fp8,truthfulqa,60.32,0.2,-0.25927745486832826,-2.8039591785312736,2.285404268794617,-0.36214788732394365,-0.24176470588235296,True,gemma-2-9b-it|s3
RedHatAI/gemma-2-9b-it-quantized.w4a16,gemma-2,gemma-2-9b-it,w4a16,mmlu,72.28,-0.92,-0.7417313502130625,-1.303321137381947,-0.18014156304417783,-0.36214788732394365,-0.4874242424242424,True,gemma-2-9b-it|s3
RedHatAI/gemma-2-9b-it-quantized.w4a16,gemma-2,gemma-2-9b-it,w4a16,arc_challenge,71.5,-0.52,-0.5172972510639129,-2.4776744643983375,1.4430799622705117,-0.36214788732394365,-0.25061538461538463,True,gemma-2-9b-it|s3
RedHatAI/gemma-2-9b-it-quantized.w4a16,gemma-2,gemma-2-9b-it,w4a16,gsm8k,76.26,3.57,-0.8790833116852312,-2.6208675680782894,0.8627009447078269,-0.36214788732394365,-0.6848484848484848,False,gemma-2-9b-it|s3
RedHatAI/gemma-2-9b-it-quantized.w4a16,gemma-2,gemma-2-9b-it,w4a16,hellaswag,81.91,-0.62,-0.4745005561960935,-1.0455919803776548,0.09659086798546784,-0.36214788732394365,-0.18608695652173912,True,gemma-2-9b-it|s3
RedHatAI/gemma-2-9b-it-quantized.w4a16,gemma-2,gemma-2-9b-it,w4a16,winogrande,77.11,1.18,-0.5334323692822764,-2.2881932385970964,1.2213285000325433,-0.36214788732394365,-0.2580882352941177,True,gemma-2-9b-it|s3
RedHatAI/gemma-2-9b-it-quantized.w4a16,gemma-2,gemma-2-9b-it,w4a16,truthfulqa,60.32,-0.35,-0.5098351851858245,-3.05451690884877,2.0348465384771206,-0.36214788732394365,-0.24176470588235296,True,gemma-2-9b-it|s3
RedHatAI/gemma-2-9b-it-quantized.w8a16,gemma-2,gemma-2-9b-it,w8a16,mmlu,72.29,0.11,-0.2486626513956885,-0.8101899724312127,0.3128646696398358,-0.36214788732394365,-0.4874242424242424,True,gemma-2-9b-it|s3
RedHatAI/gemma-2-9b-it-quantized.w8a16,gemma-2,gemma-2-9b-it,w8a16,arc_challenge,71.08,0.25,-0.024423656288096784,-1.9933843606625803,1.9445370480863866,-0.36214788732394365,-0.25061538461538463,True,gemma-2-9b-it|s3
RedHatAI/gemma-2-9b-it-quantized.w8a16,gemma-2,gemma-2-9b-it,w8a16,gsm8k,79.3,-0.07,-0.3864711744720385,-2.045016594412896,1.272074245468819,-0.36214788732394365,-0.6848484848484848,True,gemma-2-9b-it|s3
RedHatAI/gemma-2-9b-it-quantized.w8a16,gemma-2,gemma-2-9b-it,w8a16,hellaswag,81.93,0.0,0.018567202139888828,-0.5522781192101855,0.5894125234899632,-0.36214788732394365,-0.18608695652173912,True,gemma-2-9b-it|s3
RedHatAI/gemma-2-9b-it-quantized.w8a16,gemma-2,gemma-2-9b-it,w8a16,winogrande,77.98,-0.24,-0.04050528493883593,-1.7712777048338972,1.6902671349562255,-0.36214788732394365,-0.2580882352941177,True,gemma-2-9b-it|s3
RedHatAI/gemma-2-9b-it-quantized.w8a16,gemma-2,gemma-2-9b-it,w8a16,truthfulqa,60.21,-0.01,-0.016921620178872276,-2.5628035330257215,2.528960292667977,-0.36214788732394365,-0.24176470588235296,True,gemma-2-9b-it|s3
RedHatAI/gemma-2-9b-it-quantized.w8a8,gemma-2,gemma-2-9b-it,w8a8_int,mmlu,72.29,-0.39,-0.2683147433801684,-0.8298420644156927,0.29321257765535585,-0.36214788732394365,-0.4874242424242424,True,gemma-2-9b-it|s3
RedHatAI/gemma-2-9b-it-quantized.w8a8,gemma-2,gemma-2-9b-it,w8a8_int,arc_challenge,71.08,0.34,-0.04407574827257671,-2.0130364526470603,1.9248849561019068,-0.36214788732394365,-0.25061538461538463,True,gemma-2-9b-it|s3
RedHatAI/gemma-2-9b-it-quantized.w8a8,gemma-2,gemma-2-9b-it,w8a8_int,gsm8k,79.3,-0.45,-0.4061232664565184,-2.064668686397376,1.2524221534843392,-0.36214788732394365,-0.6848484848484848,True,gemma-2-9b-it|s3
RedHatAI/gemma-2-9b-it-quantized.w8a8,gemma-2,gemma-2-9b-it,w8a8_int,hellaswag,81.93,-0.33,-0.0010848898445911526,-0.5719302111946656,0.5697604315054832,-0.36214788732394365,-0.18608695652173912,True,gemma-2-9b-it|s3
RedHatAI/gemma-2-9b-it-quantized.w8a8,gemma-2,gemma-2-9b-it,w8a8_int,winogrande,77.98,0.39,-0.06015737692331585,-1.7909297968183773,1.6706150429717455,-0.36214788732394365,-0.2580882352941177,True,gemma-2-9b-it|s3
RedHatAI/gemma-2-9b-it-quantized.w8a8,gemma-2,gemma-2-9b-it,w8a8_int,truthfulqa,60.21,-0.09,-0.0365737121633522,-2.5824556250102013,2.5093082006834972,-0.36214788732394365,-0.24176470588235296,True,gemma-2-9b-it|s3
RedHatAI/gemma-2-9b-it-FP8,gemma-2,gemma-2-9b-it,fp8,mmlu,72.28,-0.29,-0.27405647004360445,-1.08311504883229,0.535002108745081,-0.3423275862068966,-0.413,True,gemma-2-9b-it|s4
RedHatAI/gemma-2-9b-it-FP8,gemma-2,gemma-2-9b-it,fp8,arc_challenge,71.5,0.0,-0.2867254483779023,-3.110957723159466,2.537506826403661,-0.3423275862068966,-0.44058823529411767,True,gemma-2-9b-it|s4
RedHatAI/gemma-2-9b-it-FP8,gemma-2,gemma-2-9b-it,fp8,hellaswag,81.91,-0.21,-0.1536196680231368,-0.9763668521128486,0.6691275160665751,-0.3423275862068966,-0.29492957746478876,True,gemma-2-9b-it|s4
RedHatAI/gemma-2-9b-it-FP8,gemma-2,gemma-2-9b-it,fp8,winogrande,77.11,1.26,-0.11983505321181728,-2.647844585220818,2.4081744787971835,-0.3423275862068966,-0.24414285714285713,True,gemma-2-9b-it|s4
RedHatAI/gemma-2-9b-it-FP8,gemma-2,gemma-2-9b-it,fp8,truthfulqa,60.32,0.2,-0.0726550973391285,-3.7386700888068267,3.59335989412857,-0.3423275862068966,-0.19397058823529414,True,gemma-2-9b-it|s4
RedHatAI/gemma-2-9b-it-quantized.w4a16,gemma-2,gemma-2-9b-it,w4a16,mmlu,72.28,-0.92,-0.6811463497715153,-1.4902049285602008,0.12791222901717014,-0.3423275862068966,-0.413,True,gemma-2-9b-it|s4
RedHatAI/gemma-2-9b-it-quantized.w4a16,gemma-2,gemma-2-9b-it,w4a16,arc_challenge,71.5,-0.52,-0.6938153281058133,-3.5180476028873766,2.1304169466757505,-0.3423275862068966,-0.44058823529411767,True,gemma-2-9b-it|s4
RedHatAI/gemma-2-9b-it-quantized.w4a16,gemma-2,gemma-2-9b-it,w4a16,gsm8k,76.26,3.57,-0.686781529737319,-3.196096206092162,1.822533146617524,-0.3423275862068966,-0.43661764705882355,False,gemma-2-9b-it|s4
RedHatAI/gemma-2-9b-it-quantized.w4a16,gemma-2,gemma-2-9b-it,w4a16,hellaswag,81.91,-0.62,-0.5607095477510478,-1.3834567318407596,0.26203763633866406,-0.3423275862068966,-0.29492957746478876,True,gemma-2-9b-it|s4
RedHatAI/gemma-2-9b-it-quantized.w4a16,gemma-2,gemma-2-9b-it,w4a16,winogrande,77.11,1.18,-0.5269249329397282,-3.054934464948729,2.0010845990692725,-0.3423275862068966,-0.24414285714285713,True,gemma-2-9b-it|s4
RedHatAI/gemma-2-9b-it-quantized.w4a16,gemma-2,gemma-2-9b-it,w4a16,truthfulqa,60.32,-0.35,-0.4797449770670392,-4.145759968534738,3.186270014400659,-0.3423275862068966,-0.19397058823529414,True,gemma-2-9b-it|s4
RedHatAI/gemma-2-9b-it-quantized.w8a16,gemma-2,gemma-2-9b-it,w8a16,mmlu,72.29,0.11,-0.26040900207528317,-1.069377588556,0.5485595844054336,-0.3423275862068966,-0.413,True,gemma-2-9b-it|s4
RedHatAI/gemma-2-9b-it-quantized.w8a16,gemma-2,gemma-2-9b-it,w8a16,arc_challenge,71.08,0.25,-0.27486502804216617,-3.111463174177845,2.561733118093513,-0.3423275862068966,-0.44058823529411767,True,gemma-2-9b-it|s4
RedHatAI/gemma-2-9b-it-quantized.w8a16,gemma-2,gemma-2-9b-it,w8a16,gsm8k,79.3,-0.07,-0.25145460878244974,-2.6408506251852577,2.1379414076203584,-0.3423275862068966,-0.43661764705882355,True,gemma-2-9b-it|s4
RedHatAI/gemma-2-9b-it-quantized.w8a16,gemma-2,gemma-2-9b-it,w8a16,hellaswag,81.93,0.0,-0.13989837841583375,-0.9622910125980721,0.6824942557664047,-0.3423275862068966,-0.29492957746478876,True,gemma-2-9b-it|s4
RedHatAI/gemma-2-9b-it-quantized.w8a16,gemma-2,gemma-2-9b-it,w8a16,winogrande,77.98,-0.24,-0.10208736790591222,-2.5955377586371933,2.3913630228253684,-0.3423275862068966,-0.24414285714285713,True,gemma-2-9b-it|s4
RedHatAI/gemma-2-9b-it-quantized.w8a16,gemma-2,gemma-2-9b-it,w8a16,truthfulqa,60.21,-0.01,-0.05937361522005136,-3.727117668322403,3.6083704378823005,-0.3423275862068966,-0.19397058823529414,True,gemma-2-9b-it|s4
RedHatAI/gemma-2-9b-it-quantized.w8a8,gemma-2,gemma-2-9b-it,w8a8_int,mmlu,72.29,-0.39,-0.2756999399320862,-1.0846685264128029,0.5332686465486306,-0.3423275862068966,-0.413,True,gemma-2-9b-it|s4
RedHatAI/gemma-2-9b-it-quantized.w8a8,gemma-2,gemma-2-9b-it,w8a8_int,arc_challenge,71.08,0.34,-0.29015596589896925,-3.1267541120346483,2.54644218023671,-0.3423275862068966,-0.44058823529411767,True,gemma-2-9b-it|s4
RedHatAI/gemma-2-9b-it-quantized.w8a8,gemma-2,gemma-2-9b-it,w8a8_int,gsm8k,79.3,-0.45,-0.26674554663925276,-2.656141563042061,2.1226504697635553,-0.3423275862068966,-0.43661764705882355,True,gemma-2-9b-it|s4
RedHatAI/gemma-2-9b-it-quantized.w8a8,gemma-2,gemma-2-9b-it,w8a8_int,hellaswag,81.93,-0.33,-0.15518931627263677,-0.9775819504548752,0.6672033179096016,-0.3423275862068966,-0.29492957746478876,True,gemma-2-9b-it|s4
RedHatAI/gemma-2-9b-it-quantized.w8a8,gemma-2,gemma-2-9b-it,w8a8_int,winogrande,77.98,0.39,-0.11737830576271524,-2.610828696493996,2.3760720849685657,-0.3423275862068966,-0.24414285714285713,True,gemma-2-9b-it|s4
RedHatAI/gemma-2-9b-it-quantized.w8a8,gemma-2,gemma-2-9b-it,w8a8_int,truthfulqa,60.21,-0.09,-0.07466455307685438,-3.742408606179206,3.5930795000254974,-0.3423275862068966,-0.19397058823529414,True,gemma-2-9b-it|s4
RedHatAI/granite-3.1-2b-base-FP8-dynamic,granite,granite-3.1-2b-base,fp8_dynamic,arc_challenge,53.75,-0.25,-0.043662682844596123,-2.0961337071729913,2.0088083414837987,-0.34392063492063496,-0.3484507042253521,True,granite-3.1-2b-base|s0
RedHatAI/granite-3.1-2b-base-FP8-dynamic,granite,granite-3.1-2b-base,fp8_dynamic,gsm8k,47.84,-1.74,-0.09172870069585054,-2.0301033297722073,1.8466459283805063,-0.34392063492063496,-0.4348611111111111,True,granite-3.1-2b-base|s0
RedHatAI/granite-3.1-2b-base-FP8-dynamic,granite,granite-3.1-2b-base,fp8_dynamic,hellaswag,77.94,-0.18,0.05467489026631295,-0.5284594051255687,0.6378091856581947,-0.34392063492063496,-0.1868,True,granite-3.1-2b-base|s0
RedHatAI/granite-3.1-2b-base-FP8-dynamic,granite,granite-3.1-2b-base,fp8_dynamic,mmlu,52.88,-0.27,-0.19231514043978165,-0.785963972195616,0.4013336913160526,-0.34392063492063496,-0.49263888888888885,True,granite-3.1-2b-base|s0
RedHatAI/granite-3.1-2b-base-FP8-dynamic,granite,granite-3.1-2b-base,fp8_dynamic,truthfulqa,39.04,0.8,-0.010987500433886577,-2.416247855886734,2.3942728550189614,-0.34392063492063496,-0.26555555555555554,True,granite-3.1-2b-base|s0
RedHatAI/granite-3.1-2b-base-FP8-dynamic,granite,granite-3.1-2b-base,fp8_dynamic,winogrande,74.43,0.0,0.026266054104245096,-1.7009505478751663,1.7534826560836563,-0.34392063492063496,-0.23301369863013696,True,granite-3.1-2b-base|s0
RedHatAI/granite-3.1-2b-base-FP8-dynamic,granite,granite-3.1-2b-base,fp8_dynamic,humaneval,30.0,0.4,0.13318631821974852,-4.909749734028105,5.176122370467602,-0.34392063492063496,-0.28692307692307695,True,granite-3.1-2b-base|s0
RedHatAI/granite-3.1-2b-base-quantized.w4a16,granite,granite-3.1-2b-base,w4a16,arc_challenge,53.75,-1.79,-0.8824344787464886,-2.9349055030748836,1.1700365455819064,-0.34392063492063496,-0.3484507042253521,True,granite-3.1-2b-base|s0
RedHatAI/granite-3.1-2b-base-quantized.w4a16,granite,granite-3.1-2b-base,w4a16,gsm8k,47.84,-5.31,-0.930500496597743,-2.8688751256740996,1.0078741324786138,-0.34392063492063496,-0.4348611111111111,False,granite-3.1-2b-base|s0
RedHatAI/granite-3.1-2b-base-quantized.w4a16,granite,granite-3.1-2b-base,w4a16,hellaswag,77.94,-2.56,-0.7840969056355795,-1.3672312010274612,-0.20096261024369788,-0.34392063492063496,-0.1868,False,granite-3.1-2b-base|s0
RedHatAI/granite-3.1-2b-base-quantized.w4a16,granite,granite-3.1-2b-base,w4a16,mmlu,52.88,-1.79,-1.0310869363416741,-1.6247357680975085,-0.43743810458583987,-0.34392063492063496,-0.49263888888888885,False,granite-3.1-2b-base|s0
RedHatAI/granite-3.1-2b-base-quantized.w4a16,granite,granite-3.1-2b-base,w4a16,truthfulqa,39.04,2.31,-0.8497592963357792,-3.255019651788627,1.5555010591170686,-0.34392063492063496,-0.26555555555555554,False,granite-3.1-2b-base|s0
RedHatAI/granite-3.1-2b-base-quantized.w4a16,granite,granite-3.1-2b-base,w4a16,winogrande,74.43,-0.16,-0.8125057417976473,-2.5397223437770586,0.914710860181764,-0.34392063492063496,-0.23301369863013696,True,granite-3.1-2b-base|s0
RedHatAI/granite-3.1-2b-base-quantized.w4a16,granite,granite-3.1-2b-base,w4a16,humaneval,30.0,-0.2,-0.705585477682144,-5.748521529929997,4.3373505745657095,-0.34392063492063496,-0.28692307692307695,True,granite-3.1-2b-base|s0
RedHatAI/granite-3.1-2b-base-quantized.w8a8,granite,granite-3.1-2b-base,w8a8_int,arc_challenge,53.75,0.26,-0.37237160884359133,-2.4248426331719863,1.6800994154848037,-0.34392063492063496,-0.3484507042253521,True,granite-3.1-2b-base|s0
RedHatAI/granite-3.1-2b-base-quantized.w8a8,granite,granite-3.1-2b-base,w8a8_int,gsm8k,47.84,-1.29,-0.42043762669484575,-2.358812255771203,1.517937002381511,-0.34392063492063496,-0.4348611111111111,True,granite-3.1-2b-base|s0
RedHatAI/granite-3.1-2b-base-quantized.w8a8,granite,granite-3.1-2b-base,w8a8_int,hellaswag,77.94,0.0,-0.2740340357326822,-0.8571683311245639,0.30910025965919946,-0.34392063492063496,-0.1868,True,granite-3.1-2b-base|s0
RedHatAI/granite-3.1-2b-base-quantized.w8a8,granite,granite-3.1-2b-base,w8a8_int,mmlu,52.88,-0.54,-0.5210240664387767,-1.114672898194611,0.07262476531705753,-0.34392063492063496,-0.49263888888888885,True,granite-3.1-2b-base|s0
RedHatAI/granite-3.1-2b-base-quantized.w8a8,granite,granite-3.1-2b-base,w8a8_int,truthfulqa,39.04,-0.92,-0.3396964264328818,-2.7449567818857297,2.065563929019966,-0.34392063492063496,-0.26555555555555554,True,granite-3.1-2b-base|s0
RedHatAI/granite-3.1-2b-base-quantized.w8a8,granite,granite-3.1-2b-base,w8a8_int,winogrande,74.43,-0.08,-0.3024428718947501,-2.0296594738741613,1.4247737300846612,-0.34392063492063496,-0.23301369863013696,True,granite-3.1-2b-base|s0
RedHatAI/granite-3.1-2b-base-quantized.w8a8,granite,granite-3.1-2b-base,w8a8_int,humaneval,30.0,-0.4,-0.19552260777924668,-5.2384586600271,4.847413444468606,-0.34392063492063496,-0.28692307692307695,True,granite-3.1-2b-base|s0
RedHatAI/granite-3.1-2b-base-FP8-dynamic,granite,granite-3.1-2b-base,fp8_dynamic,arc_challenge,53.75,-0.25,-0.2154613779028316,-3.657029234216443,3.22610647841078,-0.37217142857142854,-0.3986363636363636,True,granite-3.1-2b-base|s1
RedHatAI/granite-3.1-2b-base-FP8-dynamic,granite,granite-3.1-2b-base,fp8_dynamic,gsm8k,47.84,-1.74,-0.430355989194725,-3.6806078747753728,2.819895896385923,-0.37217142857142854,-0.6845454545454546,True,granite-3.1-2b-base|s1
RedHatAI/granite-3.1-2b-base-FP8-dynamic,granite,granite-3.1-2b-base,fp8_dynamic,hellaswag,77.94,-0.18,-0.07564694314835829,-1.0534421096313924,0.9021482233346758,-0.37217142857142854,-0.1885294117647059,True,granite-3.1-2b-base|s1
RedHatAI/granite-3.1-2b-base-FP8-dynamic,granite,granite-3.1-2b-base,fp8_dynamic,mmlu,52.88,-0.27,-0.2835554952366626,-1.2789813565968928,0.7118703661235677,-0.37217142857142854,-0.4497014925373134,True,granite-3.1-2b-base|s1
RedHatAI/granite-3.1-2b-base-FP8-dynamic,granite,granite-3.1-2b-base,fp8_dynamic,truthfulqa,39.04,0.8,-0.14970053324990665,-4.18282286592724,3.8834217994274267,-0.37217142857142854,-0.2373846153846154,True,granite-3.1-2b-base|s1
RedHatAI/granite-3.1-2b-base-FP8-dynamic,granite,granite-3.1-2b-base,fp8_dynamic,winogrande,74.43,0.0,-0.11154826288492481,-3.007731969160951,2.7846354433911014,-0.37217142857142854,-0.2496969696969697,True,granite-3.1-2b-base|s1
RedHatAI/granite-3.1-2b-base-FP8-dynamic,granite,granite-3.1-2b-base,fp8_dynamic,humaneval,30.0,0.4,-0.1138899048983838,-8.569846852958264,8.342067043161496,-0.37217142857142854,-0.398125,True,granite-3.1-2b-base|s1
RedHatAI/granite-3.1-2b-base-quantized.w4a16,granite,granite-3.1-2b-base,w4a16,arc_challenge,53.75,-1.79,-0.8124019620544574,-4.253969818368069,2.6291658942591543,-0.37217142857142854,-0.3986363636363636,True,granite-3.1-2b-base|s1
RedHatAI/granite-3.1-2b-base-quantized.w4a16,granite,granite-3.1-2b-base,w4a16,gsm8k,47.84,-5.31,-1.0272965733463508,-4.277548458926999,2.222955312234297,-0.37217142857142854,-0.6845454545454546,False,granite-3.1-2b-base|s1
RedHatAI/granite-3.1-2b-base-quantized.w4a16,granite,granite-3.1-2b-base,w4a16,hellaswag,77.94,-2.56,-0.6725875272999842,-1.6503826937830182,0.30520763918304994,-0.37217142857142854,-0.1885294117647059,False,granite-3.1-2b-base|s1
RedHatAI/granite-3.1-2b-base-quantized.w4a16,granite,granite-3.1-2b-base,w4a16,mmlu,52.88,-1.79,-0.8804960793882884,-1.8759219407485186,0.11492978197194181,-0.37217142857142854,-0.4497014925373134,True,granite-3.1-2b-base|s1
RedHatAI/granite-3.1-2b-base-quantized.w4a16,granite,granite-3.1-2b-base,w4a16,truthfulqa,39.04,2.31,-0.7466411174015324,-4.779763450078866,3.286481215275801,-0.37217142857142854,-0.2373846153846154,True,granite-3.1-2b-base|s1
RedHatAI/granite-3.1-2b-base-quantized.w4a16,granite,granite-3.1-2b-base,w4a16,winogrande,74.43,-0.16,-0.7084888470365506,-3.604672553312577,2.1876948592394756,-0.37217142857142854,-0.2496969696969697,True,granite-3.1-2b-base|s1
RedHatAI/granite-3.1-2b-base-quantized.w4a16,granite,granite-3.1-2b-base,w4a16,humaneval,30.0,-0.2,-0.7108304890500096,-9.166787437109889,7.74512645900987,-0.37217142857142854,-0.398125,True,granite-3.1-2b-base|s1
RedHatAI/granite-3.1-2b-base-quantized.w8a8,granite,granite-3.1-2b-base,w8a8_int,arc_challenge,53.75,0.26,-0.49166219601066496,-3.9332300523242765,2.9499056603029468,-0.37217142857142854,-0.3986363636363636,True,granite-3.1-2b-base|s1
RedHatAI/granite-3.1-2b-base-quantized.w8a8,granite,granite-3.1-2b-base,w8a8_int,gsm8k,47.84,-1.29,-0.7065568073025585,-3.9568086928832065,2.5436950782780894,-0.37217142857142854,-0.6845454545454546,True,granite-3.1-2b-base|s1
RedHatAI/granite-3.1-2b-base-quantized.w8a8,granite,granite-3.1-2b-base,w8a8_int,hellaswag,77.94,0.0,-0.3518477612561917,-1.3296429277392259,0.6259474052268423,-0.37217142857142854,-0.1885294117647059,True,granite-3.1-2b-base|s1
RedHatAI/granite-3.1-2b-base-quantized.w8a8,granite,granite-3.1-2b-base,w8a8_int,mmlu,52.88,-0.54,-0.559756313344496,-1.5551821747047263,0.4356695480157342,-0.37217142857142854,-0.4497014925373134,True,granite-3.1-2b-base|s1
RedHatAI/granite-3.1-2b-base-quantized.w8a8,granite,granite-3.1-2b-base,w8a8_int,truthfulqa,39.04,-0.92,-0.42590135135774004,-4.459023684035073,3.6072209813195935,-0.37217142857142854,-0.2373846153846154,True,granite-3.1-2b-base|s1
RedHatAI/granite-3.1-2b-base-quantized.w8a8,granite,granite-3.1-2b-base,w8a8_int,winogrande,74.43,-0.08,-0.38774908099275823,-3.2839327872687845,2.508434625283268,-0.37217142857142854,-0.2496969696969697,True,granite-3.1-2b-base|s1
RedHatAI/granite-3.1-2b-base-quantized.w8a8,granite,granite-3.1-2b-base,w8a8_int,humaneval,30.0,-0.4,-0.3900907230062171,-8.846047671066097,8.065866225053663,-0.37217142857142854,-0.398125,True,granite-3.1-2b-base|s1
RedHatAI/granite-3.1-2b-base-FP8-dynamic,granite,granite-3.1-2b-base,fp8_dynamic,arc_challenge,53.75,-0.25,-0.03001885995382303,-2.3804670976235798,2.320429377715934,-0.30558875219683657,-0.36848484848484847,True,granite-3.1-2b-base|s2
RedHatAI/granite-3.1-2b-base-FP8-dynamic,granite,granite-3.1-2b-base,fp8_dynamic,gsm8k,47.84,-1.74,0.03461548880943521,-2.185171868406539,2.2544028460254095,-0.30558875219683657,-0.3377272727272727,True,granite-3.1-2b-base|s2
RedHatAI/granite-3.1-2b-base-FP8-dynamic,granite,granite-3.1-2b-base,fp8_dynamic,hellaswag,77.94,-0.18,0.10152264246096121,-0.5662709393642132,0.7693162242861357,-0.30558875219683657,-0.15478260869565216,True,granite-3.1-2b-base|s2
RedHatAI/granite-3.1-2b-base-FP8-dynamic,granite,granite-3.1-2b-base,fp8_dynamic,mmlu,52.88,-0.27,-0.12204399597346274,-0.8018786118369393,0.5577906198900139,-0.30558875219683657,-0.45791044776119405,True,granite-3.1-2b-base|s2
RedHatAI/granite-3.1-2b-base-FP8-dynamic,granite,granite-3.1-2b-base,fp8_dynamic,truthfulqa,39.04,0.8,0.15210765317656472,-2.6023477796162,2.9065630859693297,-0.30558875219683657,-0.13492537313432834,True,granite-3.1-2b-base|s2
RedHatAI/granite-3.1-2b-base-FP8-dynamic,granite,granite-3.1-2b-base,fp8_dynamic,winogrande,74.43,0.0,0.1440214377744059,-1.8339520244940175,2.1219949000428295,-0.30558875219683657,-0.11582089552238806,True,granite-3.1-2b-base|s2
RedHatAI/granite-3.1-2b-base-FP8-dynamic,granite,granite-3.1-2b-base,fp8_dynamic,humaneval,30.0,0.4,0.07247627177231752,-5.702591934399223,5.847544477943858,-0.30558875219683657,-0.38272727272727275,True,granite-3.1-2b-base|s2
RedHatAI/granite-3.1-2b-base-quantized.w4a16,granite,granite-3.1-2b-base,w4a16,arc_challenge,53.75,-1.79,-0.7679089623691008,-3.1183572000388575,1.5825392753006562,-0.30558875219683657,-0.36848484848484847,True,granite-3.1-2b-base|s2
RedHatAI/granite-3.1-2b-base-quantized.w4a16,granite,granite-3.1-2b-base,w4a16,gsm8k,47.84,-5.31,-0.7032746136058424,-2.923061970821817,1.5165127436101318,-0.30558875219683657,-0.3377272727272727,False,granite-3.1-2b-base|s2
RedHatAI/granite-3.1-2b-base-quantized.w4a16,granite,granite-3.1-2b-base,w4a16,hellaswag,77.94,-2.56,-0.6363674599543164,-1.3041610417794909,0.031426121870858026,-0.30558875219683657,-0.15478260869565216,False,granite-3.1-2b-base|s2
RedHatAI/granite-3.1-2b-base-quantized.w4a16,granite,granite-3.1-2b-base,w4a16,mmlu,52.88,-1.79,-0.8599340983887404,-1.539768714252217,-0.18009948252526375,-0.30558875219683657,-0.45791044776119405,False,granite-3.1-2b-base|s2
RedHatAI/granite-3.1-2b-base-quantized.w4a16,granite,granite-3.1-2b-base,w4a16,truthfulqa,39.04,2.31,-0.585782449238713,-3.3402378820314778,2.168672983554052,-0.30558875219683657,-0.13492537313432834,False,granite-3.1-2b-base|s2
RedHatAI/granite-3.1-2b-base-quantized.w4a16,granite,granite-3.1-2b-base,w4a16,winogrande,74.43,-0.16,-0.5938686646408716,-2.5718421269092953,1.3841047976275518,-0.30558875219683657,-0.11582089552238806,True,granite-3.1-2b-base|s2
RedHatAI/granite-3.1-2b-base-quantized.w4a16,granite,granite-3.1-2b-base,w4a16,humaneval,30.0,-0.2,-0.6654138306429602,-6.440482036814501,5.10965437552858,-0.30558875219683657,-0.38272727272727275,True,granite-3.1-2b-base|s2
RedHatAI/granite-3.1-2b-base-quantized.w8a8,granite,granite-3.1-2b-base,w8a8_int,arc_challenge,53.75,0.26,-0.34940553555560305,-2.69985377322536,2.001042702114154,-0.30558875219683657,-0.36848484848484847,True,granite-3.1-2b-base|s2
RedHatAI/granite-3.1-2b-base-quantized.w8a8,granite,granite-3.1-2b-base,w8a8_int,gsm8k,47.84,-1.29,-0.2847711867923447,-2.504558544008319,1.9350161704236295,-0.30558875219683657,-0.3377272727272727,True,granite-3.1-2b-base|s2
RedHatAI/granite-3.1-2b-base-quantized.w8a8,granite,granite-3.1-2b-base,w8a8_int,hellaswag,77.94,0.0,-0.21786403314081876,-0.8856576149659932,0.4499295486843557,-0.30558875219683657,-0.15478260869565216,True,granite-3.1-2b-base|s2
RedHatAI/granite-3.1-2b-base-quantized.w8a8,granite,granite-3.1-2b-base,w8a8_int,mmlu,52.88,-0.54,-0.4414306715752427,-1.1212652874387192,0.23840394428823392,-0.30558875219683657,-0.45791044776119405,True,granite-3.1-2b-base|s2
RedHatAI/granite-3.1-2b-base-quantized.w8a8,granite,granite-3.1-2b-base,w8a8_int,truthfulqa,39.04,-0.92,-0.1672790224252153,-2.92173445521798,2.5871764103675496,-0.30558875219683657,-0.13492537313432834,True,granite-3.1-2b-base|s2
RedHatAI/granite-3.1-2b-base-quantized.w8a8,granite,granite-3.1-2b-base,w8a8_int,winogrande,74.43,-0.08,-0.175365237827374,-2.1533387000957975,1.8026082244410495,-0.30558875219683657,-0.11582089552238806,True,granite-3.1-2b-base|s2
RedHatAI/granite-3.1-2b-base-quantized.w8a8,granite,granite-3.1-2b-base,w8a8_int,humaneval,30.0,-0.4,-0.2469104038294625,-6.021978610001003,5.528157802342077,-0.30558875219683657,-0.38272727272727275,True,granite-3.1-2b-base|s2
RedHatAI/granite-3.1-2b-base-FP8-dynamic,granite,granite-3.1-2b-base,fp8_dynamic,arc_challenge,53.75,-0.25,-0.06019282745912391,-2.3423240771494704,2.221938422231223,-0.35637707948243996,-0.40921874999999996,True,granite-3.1-2b-base|s3
RedHatAI/granite-3.1-2b-base-FP8-dynamic,granite,granite-3.1-2b-base,fp8_dynamic,gsm8k,47.84,-1.74,-0.027971974824471113,-2.1832400698123537,2.127296120163412,-0.35637707948243996,-0.43121212121212116,True,granite-3.1-2b-base|s3
RedHatAI/granite-3.1-2b-base-FP8-dynamic,granite,granite-3.1-2b-base,fp8_dynamic,hellaswag,77.94,-0.18,0.08653616048591134,-0.561847657120202,0.7349199780920246,-0.35637707948243996,-0.18552238805970148,True,granite-3.1-2b-base|s3
RedHatAI/granite-3.1-2b-base-FP8-dynamic,granite,granite-3.1-2b-base,fp8_dynamic,mmlu,52.88,-0.27,-0.1483674613981373,-0.8084423341898086,0.511707411393534,-0.35637707948243996,-0.5084615384615384,True,granite-3.1-2b-base|s3
RedHatAI/granite-3.1-2b-base-FP8-dynamic,granite,granite-3.1-2b-base,fp8_dynamic,truthfulqa,39.04,0.8,0.06585393243270254,-2.6085418352816756,2.740249700147081,-0.35637707948243996,-0.24075757575757575,True,granite-3.1-2b-base|s3
RedHatAI/granite-3.1-2b-base-FP8-dynamic,granite,granite-3.1-2b-base,fp8_dynamic,winogrande,74.43,0.0,0.06455338945964417,-1.8559292559170397,1.985036034836328,-0.35637707948243996,-0.22492307692307692,True,granite-3.1-2b-base|s3
RedHatAI/granite-3.1-2b-base-FP8-dynamic,granite,granite-3.1-2b-base,fp8_dynamic,humaneval,30.0,0.4,0.21918751939666303,-5.388025356502878,5.826400395296204,-0.35637707948243996,-0.3270588235294118,True,granite-3.1-2b-base|s3
RedHatAI/granite-3.1-2b-base-quantized.w4a16,granite,granite-3.1-2b-base,w4a16,arc_challenge,53.75,-1.79,-0.9680607903042358,-3.2501920399945825,1.314070459386111,-0.35637707948243996,-0.40921874999999996,True,granite-3.1-2b-base|s3
RedHatAI/granite-3.1-2b-base-quantized.w4a16,granite,granite-3.1-2b-base,w4a16,gsm8k,47.84,-5.31,-0.935839937669583,-3.091108032657466,1.2194281573183,-0.35637707948243996,-0.43121212121212116,False,granite-3.1-2b-base|s3
RedHatAI/granite-3.1-2b-base-quantized.w4a16,granite,granite-3.1-2b-base,w4a16,hellaswag,77.94,-2.56,-0.8213318023592003,-1.4697156199653136,-0.17294798475308704,-0.35637707948243996,-0.18552238805970148,False,granite-3.1-2b-base|s3
RedHatAI/granite-3.1-2b-base-quantized.w4a16,granite,granite-3.1-2b-base,w4a16,mmlu,52.88,-1.79,-1.056235424243249,-1.7163102970349202,-0.3961605514515777,-0.35637707948243996,-0.5084615384615384,False,granite-3.1-2b-base|s3
RedHatAI/granite-3.1-2b-base-quantized.w4a16,granite,granite-3.1-2b-base,w4a16,truthfulqa,39.04,2.31,-0.8420140304124092,-3.5164097981267877,1.832381737301969,-0.35637707948243996,-0.24075757575757575,False,granite-3.1-2b-base|s3
RedHatAI/granite-3.1-2b-base-quantized.w4a16,granite,granite-3.1-2b-base,w4a16,winogrande,74.43,-0.16,-0.8433145733854677,-2.763797218762152,1.0771680719912162,-0.35637707948243996,-0.22492307692307692,True,granite-3.1-2b-base|s3
RedHatAI/granite-3.1-2b-base-quantized.w4a16,granite,granite-3.1-2b-base,w4a16,humaneval,30.0,-0.2,-0.6886804434484487,-6.295893319347989,4.918532432451093,-0.35637707948243996,-0.3270588235294118,True,granite-3.1-2b-base|s3
RedHatAI/granite-3.1-2b-base-quantized.w8a8,granite,granite-3.1-2b-base,w8a8_int,arc_challenge,53.75,0.26,-0.35684237361471055,-2.6389736233050574,1.9252888760756361,-0.35637707948243996,-0.40921874999999996,True,granite-3.1-2b-base|s3
RedHatAI/granite-3.1-2b-base-quantized.w8a8,granite,granite-3.1-2b-base,w8a8_int,gsm8k,47.84,-1.29,-0.3246215209800577,-2.4798896159679407,1.830646574007825,-0.35637707948243996,-0.43121212121212116,True,granite-3.1-2b-base|s3
RedHatAI/granite-3.1-2b-base-quantized.w8a8,granite,granite-3.1-2b-base,w8a8_int,hellaswag,77.94,0.0,-0.2101133856696753,-0.8584972032757886,0.438270431936438,-0.35637707948243996,-0.18552238805970148,True,granite-3.1-2b-base|s3
RedHatAI/granite-3.1-2b-base-quantized.w8a8,granite,granite-3.1-2b-base,w8a8_int,mmlu,52.88,-0.54,-0.44501700755372386,-1.105091880345395,0.21505786523794745,-0.35637707948243996,-0.5084615384615384,True,granite-3.1-2b-base|s3
RedHatAI/granite-3.1-2b-base-quantized.w8a8,granite,granite-3.1-2b-base,w8a8_int,truthfulqa,39.04,-0.92,-0.2307956137228841,-2.9051913814372625,2.443600153991494,-0.35637707948243996,-0.24075757575757575,True,granite-3.1-2b-base|s3
RedHatAI/granite-3.1-2b-base-quantized.w8a8,granite,granite-3.1-2b-base,w8a8_int,winogrande,74.43,-0.08,-0.23209615669594247,-2.152578802072626,1.6883864886807414,-0.35637707948243996,-0.22492307692307692,True,granite-3.1-2b-base|s3
RedHatAI/granite-3.1-2b-base-quantized.w8a8,granite,granite-3.1-2b-base,w8a8_int,humaneval,30.0,-0.4,-0.07746202675892361,-5.684674902658465,5.529750849140617,-0.35637707948243996,-0.3270588235294118,True,granite-3.1-2b-base|s3
RedHatAI/granite-3.1-2b-base-FP8-dynamic,granite,granite-3.1-2b-base,fp8_dynamic,arc_challenge,53.75,-0.25,-0.15089886813148867,-2.5567803477428703,2.254982611479893,-0.3773009708737864,-0.4596774193548387,True,granite-3.1-2b-base|s4
RedHatAI/granite-3.1-2b-base-FP8-dynamic,granite,granite-3.1-2b-base,fp8_dynamic,gsm8k,47.84,-1.74,-0.25133318735486315,-2.523472265259443,2.020805890549717,-0.3773009708737864,-0.5654098360655737,True,granite-3.1-2b-base|s4
RedHatAI/granite-3.1-2b-base-FP8-dynamic,granite,granite-3.1-2b-base,fp8_dynamic,hellaswag,77.94,-0.18,0.05185945186520041,-0.6316834507044626,0.7354023544348636,-0.3773009708737864,-0.2126984126984127,True,granite-3.1-2b-base|s4
RedHatAI/granite-3.1-2b-base-FP8-dynamic,granite,granite-3.1-2b-base,fp8_dynamic,mmlu,52.88,-0.27,-0.16645500872901228,-0.8623229224705197,0.529412905012495,-0.3773009708737864,-0.4249180327868853,True,granite-3.1-2b-base|s4
RedHatAI/granite-3.1-2b-base-FP8-dynamic,granite,granite-3.1-2b-base,fp8_dynamic,truthfulqa,39.04,0.8,-0.015782321351158035,-2.8351991483054038,2.803634505603088,-0.3773009708737864,-0.2628333333333333,True,granite-3.1-2b-base|s4
RedHatAI/granite-3.1-2b-base-FP8-dynamic,granite,granite-3.1-2b-base,fp8_dynamic,winogrande,74.43,0.0,-0.0248597671848092,-2.04948198339335,1.9997624490237316,-0.3773009708737864,-0.3167741935483871,True,granite-3.1-2b-base|s4
RedHatAI/granite-3.1-2b-base-FP8-dynamic,granite,granite-3.1-2b-base,fp8_dynamic,humaneval,30.0,0.4,0.06803947305965052,-5.843228606808946,5.979307552928248,-0.3773009708737864,-0.3310526315789474,True,granite-3.1-2b-base|s4
RedHatAI/granite-3.1-2b-base-quantized.w4a16,granite,granite-3.1-2b-base,w4a16,arc_challenge,53.75,-1.79,-0.7018446665247993,-3.107726146136181,1.7040368130865824,-0.3773009708737864,-0.4596774193548387,True,granite-3.1-2b-base|s4
RedHatAI/granite-3.1-2b-base-quantized.w4a16,granite,granite-3.1-2b-base,w4a16,gsm8k,47.84,-5.31,-0.8022789857481736,-3.0744180636527534,1.4698600921564062,-0.3773009708737864,-0.5654098360655737,False,granite-3.1-2b-base|s4
RedHatAI/granite-3.1-2b-base-quantized.w4a16,granite,granite-3.1-2b-base,w4a16,hellaswag,77.94,-2.56,-0.49908634652811,-1.182629249097773,0.1844565560415531,-0.3773009708737864,-0.2126984126984127,False,granite-3.1-2b-base|s4
RedHatAI/granite-3.1-2b-base-quantized.w4a16,granite,granite-3.1-2b-base,w4a16,mmlu,52.88,-1.79,-0.7174008071223228,-1.4132687208638302,-0.021532893380815432,-0.3773009708737864,-0.4249180327868853,False,granite-3.1-2b-base|s4
RedHatAI/granite-3.1-2b-base-quantized.w4a16,granite,granite-3.1-2b-base,w4a16,truthfulqa,39.04,2.31,-0.5667281197444686,-3.3861449466987144,2.2526887072097774,-0.3773009708737864,-0.2628333333333333,False,granite-3.1-2b-base|s4
RedHatAI/granite-3.1-2b-base-quantized.w4a16,granite,granite-3.1-2b-base,w4a16,winogrande,74.43,-0.16,-0.5758055655781197,-2.6004277817866606,1.448816650630421,-0.3773009708737864,-0.3167741935483871,True,granite-3.1-2b-base|s4
RedHatAI/granite-3.1-2b-base-quantized.w4a16,granite,granite-3.1-2b-base,w4a16,humaneval,30.0,-0.2,-0.48290632533365996,-6.394174405202257,5.4283617545349365,-0.3773009708737864,-0.3310526315789474,True,granite-3.1-2b-base|s4
RedHatAI/granite-3.1-2b-base-quantized.w8a8,granite,granite-3.1-2b-base,w8a8_int,arc_challenge,53.75,0.26,-0.43626462439185465,-2.8421461040032363,1.969616855219527,-0.3773009708737864,-0.4596774193548387,True,granite-3.1-2b-base|s4
RedHatAI/granite-3.1-2b-base-quantized.w8a8,granite,granite-3.1-2b-base,w8a8_int,gsm8k,47.84,-1.29,-0.5366989436152291,-2.8088380215198088,1.7354401342893508,-0.3773009708737864,-0.5654098360655737,True,granite-3.1-2b-base|s4
RedHatAI/granite-3.1-2b-base-quantized.w8a8,granite,granite-3.1-2b-base,w8a8_int,hellaswag,77.94,0.0,-0.23350630439516556,-0.9170492069648286,0.45003659817449754,-0.3773009708737864,-0.2126984126984127,True,granite-3.1-2b-base|s4
RedHatAI/granite-3.1-2b-base-quantized.w8a8,granite,granite-3.1-2b-base,w8a8_int,mmlu,52.88,-0.54,-0.4518207649893783,-1.1476886787308858,0.24404714875212907,-0.3773009708737864,-0.4249180327868853,True,granite-3.1-2b-base|s4
RedHatAI/granite-3.1-2b-base-quantized.w8a8,granite,granite-3.1-2b-base,w8a8_int,truthfulqa,39.04,-0.92,-0.301148077611524,-3.1205649045657697,2.518268749342722,-0.3773009708737864,-0.2628333333333333,True,granite-3.1-2b-base|s4
RedHatAI/granite-3.1-2b-base-quantized.w8a8,granite,granite-3.1-2b-base,w8a8_int,winogrande,74.43,-0.08,-0.3102255234451752,-2.334847739653716,1.7143966927633656,-0.3773009708737864,-0.3167741935483871,True,granite-3.1-2b-base|s4
RedHatAI/granite-3.1-2b-base-quantized.w8a8,granite,granite-3.1-2b-base,w8a8_int,humaneval,30.0,-0.4,-0.2173262832007155,-6.128594363069312,5.693941796667882,-0.3773009708737864,-0.3310526315789474,True,granite-3.1-2b-base|s4
RedHatAI/granite-3.1-2b-instruct-FP8-dynamic,granite,granite-3.1-2b-instruct,fp8_dynamic,arc_challenge,55.63,-0.6,-0.052154811832924974,-2.3665523926529883,2.262242768987138,-0.3547479674796748,-0.40301369863013703,True,granite-3.1-2b-instruct|s0
RedHatAI/granite-3.1-2b-instruct-FP8-dynamic,granite,granite-3.1-2b-instruct,fp8_dynamic,gsm8k,60.96,0.53,-0.11732437005500113,-2.2595120342109483,2.0248632941009457,-0.3547479674796748,-0.4847945205479452,True,granite-3.1-2b-instruct|s0
RedHatAI/granite-3.1-2b-instruct-FP8-dynamic,granite,granite-3.1-2b-instruct,fp8_dynamic,hellaswag,75.21,0.05,0.1507230931003719,-0.5364536889981834,0.8378998751989272,-0.3547479674796748,-0.15407894736842107,True,granite-3.1-2b-instruct|s0
RedHatAI/granite-3.1-2b-instruct-FP8-dynamic,granite,granite-3.1-2b-instruct,fp8_dynamic,mmlu,54.38,-0.14,-0.12220918377434259,-0.7925339817104498,0.5481156141617645,-0.3547479674796748,-0.46465753424657535,True,granite-3.1-2b-instruct|s0
RedHatAI/granite-3.1-2b-instruct-FP8-dynamic,granite,granite-3.1-2b-instruct,fp8_dynamic,truthfulqa,55.93,-0.51,0.13951114254348662,-2.63052499497405,2.909547280061023,-0.3547479674796748,-0.17081081081081081,True,granite-3.1-2b-instruct|s0
RedHatAI/granite-3.1-2b-instruct-FP8-dynamic,granite,granite-3.1-2b-instruct,fp8_dynamic,winogrande,69.67,-0.06,0.11984422354790303,-1.9397104776063543,2.17939892470216,-0.3547479674796748,-0.19297297297297297,True,granite-3.1-2b-instruct|s0
RedHatAI/granite-3.1-2b-instruct-FP8-dynamic,granite,granite-3.1-2b-instruct,fp8_dynamic,ifeval,67.99,-1.2,0.17114800460965196,-3.0275206412747098,3.3698166504940135,-0.3547479674796748,-0.1704,True,granite-3.1-2b-instruct|s0
RedHatAI/granite-3.1-2b-instruct-FP8-dynamic,granite,granite-3.1-2b-instruct,fp8_dynamic,bbh,44.11,0.13,-0.3426663103068309,-1.3239944765588412,0.6386618559451793,-0.3547479674796748,-0.7466666666666667,True,granite-3.1-2b-instruct|s0
RedHatAI/granite-3.1-2b-instruct-FP8-dynamic,granite,granite-3.1-2b-instruct,fp8_dynamic,gpqa,28.3,-1.4,0.5679611014229543,-2.8260739005484425,3.9619961033943514,-0.3547479674796748,0.21375,True,granite-3.1-2b-instruct|s0
RedHatAI/granite-3.1-2b-instruct-FP8-dynamic,granite,granite-3.1-2b-instruct,fp8_dynamic,musr,35.12,0.0,0.6245996191615121,-2.1440902058166627,3.393289444139687,-0.3547479674796748,0.187,True,granite-3.1-2b-instruct|s0
RedHatAI/granite-3.1-2b-instruct-FP8-dynamic,granite,granite-3.1-2b-instruct,fp8_dynamic,mmlu_pro,26.87,1.46,-1.0661158932130559,-1.7106044883701432,-0.42162729805596855,-0.3547479674796748,-1.5912499999999998,False,granite-3.1-2b-instruct|s0
RedHatAI/granite-3.1-2b-instruct-FP8-dynamic,granite,granite-3.1-2b-instruct,fp8_dynamic,humaneval,53.4,1.5,-0.0545010237227726,-6.2666833118595315,6.157681264413987,-0.3547479674796748,-0.5047999999999999,True,granite-3.1-2b-instruct|s0
RedHatAI/granite-3.1-2b-instruct-quantized.w4a16,granite,granite-3.1-2b-instruct,w4a16,arc_challenge,55.63,-1.45,-0.9902777738428504,-3.3046753546629137,1.3241198069772127,-0.3547479674796748,-0.40301369863013703,True,granite-3.1-2b-instruct|s0
RedHatAI/granite-3.1-2b-instruct-quantized.w4a16,granite,granite-3.1-2b-instruct,w4a16,gsm8k,60.96,1.89,-1.0554473320649267,-3.1976349962208737,1.0867403320910203,-0.3547479674796748,-0.4847945205479452,False,granite-3.1-2b-instruct|s0
RedHatAI/granite-3.1-2b-instruct-quantized.w4a16,granite,granite-3.1-2b-instruct,w4a16,hellaswag,75.21,-1.85,-0.7873998689095535,-1.4745766510081086,-0.10022308681099823,-0.3547479674796748,-0.15407894736842107,False,granite-3.1-2b-instruct|s0
RedHatAI/granite-3.1-2b-instruct-quantized.w4a16,granite,granite-3.1-2b-instruct,w4a16,mmlu,54.38,-2.21,-1.060332145784268,-1.7306569437203752,-0.39000734784816093,-0.3547479674796748,-0.46465753424657535,False,granite-3.1-2b-instruct|s0
RedHatAI/granite-3.1-2b-instruct-quantized.w4a16,granite,granite-3.1-2b-instruct,w4a16,truthfulqa,55.93,0.9,-0.7986118194664388,-3.5686479569839755,1.9714243180510977,-0.3547479674796748,-0.17081081081081081,True,granite-3.1-2b-instruct|s0
RedHatAI/granite-3.1-2b-instruct-quantized.w4a16,granite,granite-3.1-2b-instruct,w4a16,winogrande,69.67,0.18,-0.8182787384620223,-2.8778334396162792,1.241275962692235,-0.3547479674796748,-0.19297297297297297,True,granite-3.1-2b-instruct|s0
RedHatAI/granite-3.1-2b-instruct-quantized.w4a16,granite,granite-3.1-2b-instruct,w4a16,ifeval,67.99,-0.36,-0.7669749574002733,-3.9656436032846347,2.4316936884840885,-0.3547479674796748,-0.1704,True,granite-3.1-2b-instruct|s0
RedHatAI/granite-3.1-2b-instruct-quantized.w4a16,granite,granite-3.1-2b-instruct,w4a16,bbh,44.11,-0.89,-1.2807892723167564,-2.2621174385687666,-0.2994611060647462,-0.3547479674796748,-0.7466666666666667,True,granite-3.1-2b-instruct|s0
RedHatAI/granite-3.1-2b-instruct-quantized.w4a16,granite,granite-3.1-2b-instruct,w4a16,gpqa,28.3,0.26,-0.3701618605869711,-3.764196862558368,3.023873141384426,-0.3547479674796748,0.21375,True,granite-3.1-2b-instruct|s0
RedHatAI/granite-3.1-2b-instruct-quantized.w4a16,granite,granite-3.1-2b-instruct,w4a16,musr,35.12,0.14,-0.3135233428484132,-3.082213167826588,2.4551664821297616,-0.3547479674796748,0.187,True,granite-3.1-2b-instruct|s0
RedHatAI/granite-3.1-2b-instruct-quantized.w4a16,granite,granite-3.1-2b-instruct,w4a16,mmlu_pro,26.87,0.4,-2.0042388552229813,-2.6487274503800684,-1.359750260065894,-0.3547479674796748,-1.5912499999999998,False,granite-3.1-2b-instruct|s0
RedHatAI/granite-3.1-2b-instruct-quantized.w4a16,granite,granite-3.1-2b-instruct,w4a16,humaneval,53.4,-1.1,-0.992623985732698,-7.204806273869457,5.219558302404061,-0.3547479674796748,-0.5047999999999999,True,granite-3.1-2b-instruct|s0
RedHatAI/granite-3.1-2b-instruct-quantized.w8a8,granite,granite-3.1-2b-instruct,w8a8_int,arc_challenge,55.63,-0.51,-0.41794314125176235,-2.7323407220718257,1.8964544395683007,-0.3547479674796748,-0.40301369863013703,True,granite-3.1-2b-instruct|s0
RedHatAI/granite-3.1-2b-instruct-quantized.w8a8,granite,granite-3.1-2b-instruct,w8a8_int,gsm8k,60.96,-0.38,-0.4831126994738385,-2.6253003636297856,1.6590749646821084,-0.3547479674796748,-0.4847945205479452,True,granite-3.1-2b-instruct|s0
RedHatAI/granite-3.1-2b-instruct-quantized.w8a8,granite,granite-3.1-2b-instruct,w8a8_int,hellaswag,75.21,-0.61,-0.2150652363184655,-0.9022420184170208,0.47211154578008974,-0.3547479674796748,-0.15407894736842107,True,granite-3.1-2b-instruct|s0
RedHatAI/granite-3.1-2b-instruct-quantized.w8a8,granite,granite-3.1-2b-instruct,w8a8_int,mmlu,54.38,-0.26,-0.48799751319317997,-1.158322311129287,0.18232728474292714,-0.3547479674796748,-0.46465753424657535,True,granite-3.1-2b-instruct|s0
RedHatAI/granite-3.1-2b-instruct-quantized.w8a8,granite,granite-3.1-2b-instruct,w8a8_int,truthfulqa,55.93,-1.06,-0.22627718687535073,-2.9963133243928874,2.543758950642186,-0.3547479674796748,-0.17081081081081081,True,granite-3.1-2b-instruct|s0
RedHatAI/granite-3.1-2b-instruct-quantized.w8a8,granite,granite-3.1-2b-instruct,w8a8_int,winogrande,69.67,1.13,-0.24594410587093424,-2.3054988070251916,1.813610595283323,-0.3547479674796748,-0.19297297297297297,True,granite-3.1-2b-instruct|s0
RedHatAI/granite-3.1-2b-instruct-quantized.w8a8,granite,granite-3.1-2b-instruct,w8a8_int,ifeval,67.99,-0.96,-0.1946403248091853,-3.393308970693547,3.004028321075176,-0.3547479674796748,-0.1704,True,granite-3.1-2b-instruct|s0
RedHatAI/granite-3.1-2b-instruct-quantized.w8a8,granite,granite-3.1-2b-instruct,w8a8_int,bbh,44.11,-0.58,-0.7084546397256684,-1.6897828059776785,0.2728735265263419,-0.3547479674796748,-0.7466666666666667,True,granite-3.1-2b-instruct|s0
RedHatAI/granite-3.1-2b-instruct-quantized.w8a8,granite,granite-3.1-2b-instruct,w8a8_int,gpqa,28.3,-0.7,0.20217277200411687,-3.1918622299672803,3.5962077739755136,-0.3547479674796748,0.21375,True,granite-3.1-2b-instruct|s0
RedHatAI/granite-3.1-2b-instruct-quantized.w8a8,granite,granite-3.1-2b-instruct,w8a8_int,musr,35.12,-0.54,0.25881128974267475,-2.5098785352355,3.0275011147208497,-0.3547479674796748,0.187,True,granite-3.1-2b-instruct|s0
RedHatAI/granite-3.1-2b-instruct-quantized.w8a8,granite,granite-3.1-2b-instruct,w8a8_int,mmlu_pro,26.87,0.02,-1.4319042226318932,-2.0763928177889808,-0.7874156274748059,-0.3547479674796748,-1.5912499999999998,False,granite-3.1-2b-instruct|s0
RedHatAI/granite-3.1-2b-instruct-quantized.w8a8,granite,granite-3.1-2b-instruct,w8a8_int,humaneval,53.4,1.5,-0.42028935314161,-6.632471641278369,5.79189293499515,-0.3547479674796748,-0.5047999999999999,True,granite-3.1-2b-instruct|s0
RedHatAI/granite-3.1-2b-instruct-FP8-dynamic,granite,granite-3.1-2b-instruct,fp8_dynamic,arc_challenge,55.63,-0.6,-0.2045808894942693,-3.0166718801961716,2.607510101207633,-0.36534635879218474,-0.3222058823529412,True,granite-3.1-2b-instruct|s1
RedHatAI/granite-3.1-2b-instruct-FP8-dynamic,granite,granite-3.1-2b-instruct,fp8_dynamic,gsm8k,60.96,0.53,-0.7350395509306438,-3.3378882061004225,1.867809104239135,-0.36534635879218474,-0.9369117647058823,True,granite-3.1-2b-instruct|s1
RedHatAI/granite-3.1-2b-instruct-FP8-dynamic,granite,granite-3.1-2b-instruct,fp8_dynamic,hellaswag,75.21,0.05,-0.111579175666214,-0.9465280426945665,0.7233696913621385,-0.36534635879218474,-0.2186111111111111,True,granite-3.1-2b-instruct|s1
RedHatAI/granite-3.1-2b-instruct-FP8-dynamic,granite,granite-3.1-2b-instruct,fp8_dynamic,mmlu,54.38,-0.14,-0.37373108382958753,-1.1882040770360014,0.44074190937682634,-0.36534635879218474,-0.49128571428571427,True,granite-3.1-2b-instruct|s1
RedHatAI/granite-3.1-2b-instruct-FP8-dynamic,granite,granite-3.1-2b-instruct,fp8_dynamic,truthfulqa,55.93,-0.51,-0.07471174640593659,-3.4404228631068383,3.2909993702949656,-0.36534635879218474,-0.19757142857142856,True,granite-3.1-2b-instruct|s1
RedHatAI/granite-3.1-2b-instruct-FP8-dynamic,granite,granite-3.1-2b-instruct,fp8_dynamic,winogrande,69.67,-0.06,-0.029490255573949464,-2.531936364215954,2.4729558530680547,-0.36534635879218474,-0.1267142857142857,True,granite-3.1-2b-instruct|s1
RedHatAI/granite-3.1-2b-instruct-FP8-dynamic,granite,granite-3.1-2b-instruct,fp8_dynamic,ifeval,67.99,-1.2,-0.06542383355955833,-3.951941584820289,3.8210939177011722,-0.36534635879218474,-0.20111111111111113,True,granite-3.1-2b-instruct|s1
RedHatAI/granite-3.1-2b-instruct-FP8-dynamic,granite,granite-3.1-2b-instruct,fp8_dynamic,bbh,44.11,0.13,-0.6660532048134556,-1.8584084501302476,0.5263020405033364,-0.36534635879218474,-0.9125,True,granite-3.1-2b-instruct|s1
RedHatAI/granite-3.1-2b-instruct-FP8-dynamic,granite,granite-3.1-2b-instruct,fp8_dynamic,gpqa,28.3,-1.4,0.8695743348545552,-3.254321805664579,4.993470475373689,-0.36534635879218474,0.7364285714285713,True,granite-3.1-2b-instruct|s1
RedHatAI/granite-3.1-2b-instruct-FP8-dynamic,granite,granite-3.1-2b-instruct,fp8_dynamic,musr,35.12,0.0,0.5335676717887625,-2.8305076182097686,3.8976429617872936,-0.36534635879218474,0.18857142857142856,True,granite-3.1-2b-instruct|s1
RedHatAI/granite-3.1-2b-instruct-FP8-dynamic,granite,granite-3.1-2b-instruct,fp8_dynamic,mmlu_pro,26.87,1.46,-0.8256196867851922,-1.6087006003977942,-0.04253877317259014,-0.36534635879218474,-1.158,False,granite-3.1-2b-instruct|s1
RedHatAI/granite-3.1-2b-instruct-FP8-dynamic,granite,granite-3.1-2b-instruct,fp8_dynamic,humaneval,53.4,1.5,-0.06284985070353322,-7.610914189276434,7.485214487869367,-0.36534635879218474,-0.285,True,granite-3.1-2b-instruct|s1
RedHatAI/granite-3.1-2b-instruct-quantized.w4a16,granite,granite-3.1-2b-instruct,w4a16,arc_challenge,55.63,-1.45,-0.9261976194572898,-3.7382886101591923,1.8858933712446124,-0.36534635879218474,-0.3222058823529412,True,granite-3.1-2b-instruct|s1
RedHatAI/granite-3.1-2b-instruct-quantized.w4a16,granite,granite-3.1-2b-instruct,w4a16,gsm8k,60.96,1.89,-1.456656280893664,-4.059504936063442,1.1461923742761146,-0.36534635879218474,-0.9369117647058823,False,granite-3.1-2b-instruct|s1
RedHatAI/granite-3.1-2b-instruct-quantized.w4a16,granite,granite-3.1-2b-instruct,w4a16,hellaswag,75.21,-1.85,-0.8331959056292346,-1.668144772657587,0.0017529613991178472,-0.36534635879218474,-0.2186111111111111,False,granite-3.1-2b-instruct|s1
RedHatAI/granite-3.1-2b-instruct-quantized.w4a16,granite,granite-3.1-2b-instruct,w4a16,mmlu,54.38,-2.21,-1.0953478137926083,-1.9098208069990221,-0.2808748205861944,-0.36534635879218474,-0.49128571428571427,False,granite-3.1-2b-instruct|s1
RedHatAI/granite-3.1-2b-instruct-quantized.w4a16,granite,granite-3.1-2b-instruct,w4a16,truthfulqa,55.93,0.9,-0.7963284763689572,-4.162039593069859,2.569382640331945,-0.36534635879218474,-0.19757142857142856,True,granite-3.1-2b-instruct|s1
RedHatAI/granite-3.1-2b-instruct-quantized.w4a16,granite,granite-3.1-2b-instruct,w4a16,winogrande,69.67,0.18,-0.75110698553697,-3.253553094178974,1.7513391231050344,-0.36534635879218474,-0.1267142857142857,True,granite-3.1-2b-instruct|s1
RedHatAI/granite-3.1-2b-instruct-quantized.w4a16,granite,granite-3.1-2b-instruct,w4a16,ifeval,67.99,-0.36,-0.787040563522579,-4.6735583147833095,3.0994771877381515,-0.36534635879218474,-0.20111111111111113,True,granite-3.1-2b-instruct|s1
RedHatAI/granite-3.1-2b-instruct-quantized.w4a16,granite,granite-3.1-2b-instruct,w4a16,bbh,44.11,-0.89,-1.3876699347764765,-2.5800251800932683,-0.19531468945968444,-0.36534635879218474,-0.9125,True,granite-3.1-2b-instruct|s1
RedHatAI/granite-3.1-2b-instruct-quantized.w4a16,granite,granite-3.1-2b-instruct,w4a16,gpqa,28.3,0.26,0.1479576048915342,-3.9759385356276002,4.271853745410668,-0.36534635879218474,0.7364285714285713,True,granite-3.1-2b-instruct|s1
RedHatAI/granite-3.1-2b-instruct-quantized.w4a16,granite,granite-3.1-2b-instruct,w4a16,musr,35.12,0.14,-0.18804905817425804,-3.5521243481727893,3.176026231824273,-0.36534635879218474,0.18857142857142856,True,granite-3.1-2b-instruct|s1
RedHatAI/granite-3.1-2b-instruct-quantized.w4a16,granite,granite-3.1-2b-instruct,w4a16,mmlu_pro,26.87,0.4,-1.5472364167482127,-2.3303173303608147,-0.7641555031356106,-0.36534635879218474,-1.158,False,granite-3.1-2b-instruct|s1
RedHatAI/granite-3.1-2b-instruct-quantized.w4a16,granite,granite-3.1-2b-instruct,w4a16,humaneval,53.4,-1.1,-0.7844665806665538,-8.332530919239455,6.763597757906346,-0.36534635879218474,-0.285,True,granite-3.1-2b-instruct|s1
RedHatAI/granite-3.1-2b-instruct-quantized.w8a8,granite,granite-3.1-2b-instruct,w8a8_int,arc_challenge,55.63,-0.51,-0.4879376410896722,-3.3000286317915744,2.32415334961223,-0.36534635879218474,-0.3222058823529412,True,granite-3.1-2b-instruct|s1
RedHatAI/granite-3.1-2b-instruct-quantized.w8a8,granite,granite-3.1-2b-instruct,w8a8_int,gsm8k,60.96,-0.38,-1.0183963025260465,-3.621244957695825,1.5844523526437322,-0.36534635879218474,-0.9369117647058823,True,granite-3.1-2b-instruct|s1
RedHatAI/granite-3.1-2b-instruct-quantized.w8a8,granite,granite-3.1-2b-instruct,w8a8_int,hellaswag,75.21,-0.61,-0.3949359272616169,-1.2298847942899693,0.44001293976673556,-0.36534635879218474,-0.2186111111111111,True,granite-3.1-2b-instruct|s1
RedHatAI/granite-3.1-2b-instruct-quantized.w8a8,granite,granite-3.1-2b-instruct,w8a8_int,mmlu,54.38,-0.26,-0.6570878354249904,-1.4715608286314041,0.15738515778142348,-0.36534635879218474,-0.49128571428571427,True,granite-3.1-2b-instruct|s1
RedHatAI/granite-3.1-2b-instruct-quantized.w8a8,granite,granite-3.1-2b-instruct,w8a8_int,truthfulqa,55.93,-1.06,-0.3580684980013395,-3.7237796147022415,3.0076426186995624,-0.36534635879218474,-0.19757142857142856,True,granite-3.1-2b-instruct|s1
RedHatAI/granite-3.1-2b-instruct-quantized.w8a8,granite,granite-3.1-2b-instruct,w8a8_int,winogrande,69.67,1.13,-0.31284700716935226,-2.8152931158113566,2.189599101472652,-0.36534635879218474,-0.1267142857142857,True,granite-3.1-2b-instruct|s1
RedHatAI/granite-3.1-2b-instruct-quantized.w8a8,granite,granite-3.1-2b-instruct,w8a8_int,ifeval,67.99,-0.96,-0.3487805851549613,-4.235298336415692,3.537737166105769,-0.36534635879218474,-0.20111111111111113,True,granite-3.1-2b-instruct|s1
RedHatAI/granite-3.1-2b-instruct-quantized.w8a8,granite,granite-3.1-2b-instruct,w8a8_int,bbh,44.11,-0.58,-0.9494099564088585,-2.1417652017256508,0.24294528890793354,-0.36534635879218474,-0.9125,True,granite-3.1-2b-instruct|s1
RedHatAI/granite-3.1-2b-instruct-quantized.w8a8,granite,granite-3.1-2b-instruct,w8a8_int,gpqa,28.3,-0.7,0.586217583259152,-3.5376785572599823,4.710113723778286,-0.36534635879218474,0.7364285714285713,True,granite-3.1-2b-instruct|s1
RedHatAI/granite-3.1-2b-instruct-quantized.w8a8,granite,granite-3.1-2b-instruct,w8a8_int,musr,35.12,-0.54,0.25021092019335966,-3.1138643698051713,3.614286210191891,-0.36534635879218474,0.18857142857142856,True,granite-3.1-2b-instruct|s1
RedHatAI/granite-3.1-2b-instruct-quantized.w8a8,granite,granite-3.1-2b-instruct,w8a8_int,mmlu_pro,26.87,0.02,-1.1089764383805951,-1.8920573519931971,-0.3258955247679931,-0.36534635879218474,-1.158,False,granite-3.1-2b-instruct|s1
RedHatAI/granite-3.1-2b-instruct-quantized.w8a8,granite,granite-3.1-2b-instruct,w8a8_int,humaneval,53.4,1.5,-0.3462066022989361,-7.894270940871836,7.201857736273965,-0.36534635879218474,-0.285,True,granite-3.1-2b-instruct|s1
RedHatAI/granite-3.1-2b-instruct-FP8-dynamic,granite,granite-3.1-2b-instruct,fp8_dynamic,arc_challenge,55.63,-0.6,-0.09710355710252955,-2.8888708073566502,2.694663693151591,-0.35795373665480423,-0.2708955223880597,True,granite-3.1-2b-instruct|s2
RedHatAI/granite-3.1-2b-instruct-FP8-dynamic,granite,granite-3.1-2b-instruct,fp8_dynamic,gsm8k,60.96,0.53,-0.5221050680077061,-3.106142233553771,2.0619320975383593,-0.35795373665480423,-0.774179104477612,True,granite-3.1-2b-instruct|s2
RedHatAI/granite-3.1-2b-instruct-FP8-dynamic,granite,granite-3.1-2b-instruct,fp8_dynamic,hellaswag,75.21,0.05,-0.07362871158837786,-0.9025431778392441,0.7552857546624885,-0.35795373665480423,-0.21577464788732395,True,granite-3.1-2b-instruct|s2
RedHatAI/granite-3.1-2b-instruct-FP8-dynamic,granite,granite-3.1-2b-instruct,fp8_dynamic,mmlu,54.38,-0.14,-0.313114663905045,-1.1217012409996092,0.4954719131895193,-0.35795373665480423,-0.5044927536231885,True,granite-3.1-2b-instruct|s2
RedHatAI/granite-3.1-2b-instruct-FP8-dynamic,granite,granite-3.1-2b-instruct,fp8_dynamic,truthfulqa,55.93,-0.51,-0.04938656261943403,-3.390772776824571,3.2919996515857033,-0.35795373665480423,-0.19999999999999998,True,granite-3.1-2b-instruct|s2
RedHatAI/granite-3.1-2b-instruct-FP8-dynamic,granite,granite-3.1-2b-instruct,fp8_dynamic,winogrande,69.67,-0.06,-0.03350770333358727,-2.5178679586498047,2.4508525519826305,-0.35795373665480423,-0.18542857142857141,True,granite-3.1-2b-instruct|s2
RedHatAI/granite-3.1-2b-instruct-FP8-dynamic,granite,granite-3.1-2b-instruct,fp8_dynamic,ifeval,67.99,-1.2,0.038409650160457054,-3.820019188514055,3.896838488834969,-0.35795373665480423,-0.17222222222222222,True,granite-3.1-2b-instruct|s2
RedHatAI/granite-3.1-2b-instruct-FP8-dynamic,granite,granite-3.1-2b-instruct,fp8_dynamic,bbh,44.11,0.13,-0.4749839549684113,-1.6587217271637806,0.708753817226958,-0.35795373665480423,-0.7505,True,granite-3.1-2b-instruct|s2
RedHatAI/granite-3.1-2b-instruct-FP8-dynamic,granite,granite-3.1-2b-instruct,fp8_dynamic,gpqa,28.3,-1.4,0.6299810407955202,-3.464110589460381,4.724072671051422,-0.35795373665480423,0.42499999999999993,True,granite-3.1-2b-instruct|s2
RedHatAI/granite-3.1-2b-instruct-FP8-dynamic,granite,granite-3.1-2b-instruct,fp8_dynamic,musr,35.12,0.0,0.2581938424315899,-3.081568367632191,3.5979560524953706,-0.35795373665480423,-0.11555555555555556,True,granite-3.1-2b-instruct|s2
RedHatAI/granite-3.1-2b-instruct-FP8-dynamic,granite,granite-3.1-2b-instruct,fp8_dynamic,mmlu_pro,26.87,1.46,-0.7206808986311634,-1.4981022751624629,0.05674047790013603,-0.35795373665480423,-1.0450000000000002,False,granite-3.1-2b-instruct|s2
RedHatAI/granite-3.1-2b-instruct-FP8-dynamic,granite,granite-3.1-2b-instruct,fp8_dynamic,humaneval,53.4,1.5,-0.0634704840215653,-7.556982924733571,7.43004195669044,-0.35795373665480423,-0.3595833333333333,True,granite-3.1-2b-instruct|s2
RedHatAI/granite-3.1-2b-instruct-quantized.w4a16,granite,granite-3.1-2b-instruct,w4a16,arc_challenge,55.63,-1.45,-0.8643605028464527,-3.6561277531005736,1.927406747407668,-0.35795373665480423,-0.2708955223880597,True,granite-3.1-2b-instruct|s2
RedHatAI/granite-3.1-2b-instruct-quantized.w4a16,granite,granite-3.1-2b-instruct,w4a16,gsm8k,60.96,1.89,-1.2893620137516293,-3.8733991792976945,1.294675151794436,-0.35795373665480423,-0.774179104477612,False,granite-3.1-2b-instruct|s2
RedHatAI/granite-3.1-2b-instruct-quantized.w4a16,granite,granite-3.1-2b-instruct,w4a16,hellaswag,75.21,-1.85,-0.8408856573323009,-1.6698001235831672,-0.011971191081434629,-0.35795373665480423,-0.21577464788732395,False,granite-3.1-2b-instruct|s2
RedHatAI/granite-3.1-2b-instruct-quantized.w4a16,granite,granite-3.1-2b-instruct,w4a16,mmlu,54.38,-2.21,-1.0803716096489682,-1.8889581867435323,-0.2717850325544039,-0.35795373665480423,-0.5044927536231885,False,granite-3.1-2b-instruct|s2
RedHatAI/granite-3.1-2b-instruct-quantized.w4a16,granite,granite-3.1-2b-instruct,w4a16,truthfulqa,55.93,0.9,-0.8166435083633572,-4.158029722568495,2.52474270584178,-0.35795373665480423,-0.19999999999999998,True,granite-3.1-2b-instruct|s2
RedHatAI/granite-3.1-2b-instruct-quantized.w4a16,granite,granite-3.1-2b-instruct,w4a16,winogrande,69.67,0.18,-0.8007646490775103,-3.285124904393728,1.6835956062387072,-0.35795373665480423,-0.18542857142857141,True,granite-3.1-2b-instruct|s2
RedHatAI/granite-3.1-2b-instruct-quantized.w4a16,granite,granite-3.1-2b-instruct,w4a16,ifeval,67.99,-0.36,-0.728847295583466,-4.587276134257978,3.129581543091046,-0.35795373665480423,-0.17222222222222222,True,granite-3.1-2b-instruct|s2
RedHatAI/granite-3.1-2b-instruct-quantized.w4a16,granite,granite-3.1-2b-instruct,w4a16,bbh,44.11,-0.89,-1.2422409007123343,-2.4259786729077035,-0.05850312851696504,-0.35795373665480423,-0.7505,True,granite-3.1-2b-instruct|s2
RedHatAI/granite-3.1-2b-instruct-quantized.w4a16,granite,granite-3.1-2b-instruct,w4a16,gpqa,28.3,0.26,-0.13727590494840286,-4.2313675352043045,3.9568157253074987,-0.35795373665480423,0.42499999999999993,True,granite-3.1-2b-instruct|s2
RedHatAI/granite-3.1-2b-instruct-quantized.w4a16,granite,granite-3.1-2b-instruct,w4a16,musr,35.12,0.14,-0.5090631033123332,-3.848825313376114,2.8306991067514478,-0.35795373665480423,-0.11555555555555556,True,granite-3.1-2b-instruct|s2
RedHatAI/granite-3.1-2b-instruct-quantized.w4a16,granite,granite-3.1-2b-instruct,w4a16,mmlu_pro,26.87,0.4,-1.4879378443750866,-2.2653592209063858,-0.7105164678437872,-0.35795373665480423,-1.0450000000000002,False,granite-3.1-2b-instruct|s2
RedHatAI/granite-3.1-2b-instruct-quantized.w4a16,granite,granite-3.1-2b-instruct,w4a16,humaneval,53.4,-1.1,-0.8307274297654883,-8.324239870477493,6.662785010946517,-0.35795373665480423,-0.3595833333333333,True,granite-3.1-2b-instruct|s2
RedHatAI/granite-3.1-2b-instruct-quantized.w8a8,granite,granite-3.1-2b-instruct,w8a8_int,arc_challenge,55.63,-0.51,-0.3655962038430333,-3.157363454097154,2.4261710464110875,-0.35795373665480423,-0.2708955223880597,True,granite-3.1-2b-instruct|s2
RedHatAI/granite-3.1-2b-instruct-quantized.w8a8,granite,granite-3.1-2b-instruct,w8a8_int,gsm8k,60.96,-0.38,-0.79059771474821,-3.374634880294275,1.7934394507978553,-0.35795373665480423,-0.774179104477612,True,granite-3.1-2b-instruct|s2
RedHatAI/granite-3.1-2b-instruct-quantized.w8a8,granite,granite-3.1-2b-instruct,w8a8_int,hellaswag,75.21,-0.61,-0.34212135832888163,-1.1710358245797479,0.48679310792198466,-0.35795373665480423,-0.21577464788732395,True,granite-3.1-2b-instruct|s2
RedHatAI/granite-3.1-2b-instruct-quantized.w8a8,granite,granite-3.1-2b-instruct,w8a8_int,mmlu,54.38,-0.26,-0.5816073106455488,-1.390193887740113,0.22697926644901545,-0.35795373665480423,-0.5044927536231885,True,granite-3.1-2b-instruct|s2
RedHatAI/granite-3.1-2b-instruct-quantized.w8a8,granite,granite-3.1-2b-instruct,w8a8_int,truthfulqa,55.93,-1.06,-0.3178792093599378,-3.659265423565075,3.0235070048451993,-0.35795373665480423,-0.19999999999999998,True,granite-3.1-2b-instruct|s2
RedHatAI/granite-3.1-2b-instruct-quantized.w8a8,granite,granite-3.1-2b-instruct,w8a8_int,winogrande,69.67,1.13,-0.3020003500740911,-2.7863606053903087,2.1823599052421265,-0.35795373665480423,-0.18542857142857141,True,granite-3.1-2b-instruct|s2
RedHatAI/granite-3.1-2b-instruct-quantized.w8a8,granite,granite-3.1-2b-instruct,w8a8_int,ifeval,67.99,-0.96,-0.2300829965800467,-4.088511835254558,3.628345842094465,-0.35795373665480423,-0.17222222222222222,True,granite-3.1-2b-instruct|s2
RedHatAI/granite-3.1-2b-instruct-quantized.w8a8,granite,granite-3.1-2b-instruct,w8a8_int,bbh,44.11,-0.58,-0.743476601708915,-1.9272143739042842,0.4402611704864542,-0.35795373665480423,-0.7505,True,granite-3.1-2b-instruct|s2
RedHatAI/granite-3.1-2b-instruct-quantized.w8a8,granite,granite-3.1-2b-instruct,w8a8_int,gpqa,28.3,-0.7,0.3614883940550165,-3.7326032362008847,4.455580024310918,-0.35795373665480423,0.42499999999999993,True,granite-3.1-2b-instruct|s2
RedHatAI/granite-3.1-2b-instruct-quantized.w8a8,granite,granite-3.1-2b-instruct,w8a8_int,musr,35.12,-0.54,-0.01029880430891389,-3.3500610143726948,3.329463405754867,-0.35795373665480423,-0.11555555555555556,True,granite-3.1-2b-instruct|s2
RedHatAI/granite-3.1-2b-instruct-quantized.w8a8,granite,granite-3.1-2b-instruct,w8a8_int,mmlu_pro,26.87,0.02,-0.989173545371667,-1.7665949219029664,-0.21175216884036763,-0.35795373665480423,-1.0450000000000002,False,granite-3.1-2b-instruct|s2
RedHatAI/granite-3.1-2b-instruct-quantized.w8a8,granite,granite-3.1-2b-instruct,w8a8_int,humaneval,53.4,1.5,-0.33196313076206907,-7.825475571474074,7.161549309949937,-0.35795373665480423,-0.3595833333333333,True,granite-3.1-2b-instruct|s2
RedHatAI/granite-3.1-2b-instruct-FP8-dynamic,granite,granite-3.1-2b-instruct,fp8_dynamic,arc_challenge,55.63,-0.6,-0.17619541980735773,-3.2146817117989217,2.8622908721842064,-0.3465610859728507,-0.28967213114754103,True,granite-3.1-2b-instruct|s3
RedHatAI/granite-3.1-2b-instruct-FP8-dynamic,granite,granite-3.1-2b-instruct,fp8_dynamic,gsm8k,60.96,0.53,-0.6607991978232302,-3.4731975110399804,2.15159911539352,-0.3465610859728507,-0.875593220338983,True,granite-3.1-2b-instruct|s3
RedHatAI/granite-3.1-2b-instruct-FP8-dynamic,granite,granite-3.1-2b-instruct,fp8_dynamic,hellaswag,75.21,0.05,-0.1225633371391226,-1.024732113102628,0.7796054388243826,-0.3465610859728507,-0.18163934426229508,True,granite-3.1-2b-instruct|s3
RedHatAI/granite-3.1-2b-instruct-FP8-dynamic,granite,granite-3.1-2b-instruct,fp8_dynamic,mmlu,54.38,-0.14,-0.3460824536879692,-1.226126887967573,0.5339619805916347,-0.3465610859728507,-0.45915254237288133,True,granite-3.1-2b-instruct|s3
RedHatAI/granite-3.1-2b-instruct-FP8-dynamic,granite,granite-3.1-2b-instruct,fp8_dynamic,truthfulqa,55.93,-0.51,-0.14688354676761828,-3.7835607114516514,3.489793617916415,-0.3465610859728507,-0.22931034482758622,True,granite-3.1-2b-instruct|s3
RedHatAI/granite-3.1-2b-instruct-FP8-dynamic,granite,granite-3.1-2b-instruct,fp8_dynamic,winogrande,69.67,-0.06,-0.02964662172188154,-2.73355919876779,2.6742659553240267,-0.3465610859728507,-0.09983333333333332,True,granite-3.1-2b-instruct|s3
RedHatAI/granite-3.1-2b-instruct-FP8-dynamic,granite,granite-3.1-2b-instruct,fp8_dynamic,ifeval,67.99,-1.2,0.36879987934213704,-3.830612924096357,4.568212682780631,-0.3465610859728507,0.2375,True,granite-3.1-2b-instruct|s3
RedHatAI/granite-3.1-2b-instruct-FP8-dynamic,granite,granite-3.1-2b-instruct,fp8_dynamic,bbh,44.11,0.13,-0.7802273763870415,-2.068576537228034,0.508121784453951,-0.3465610859728507,-1.06,True,granite-3.1-2b-instruct|s3
RedHatAI/granite-3.1-2b-instruct-FP8-dynamic,granite,granite-3.1-2b-instruct,fp8_dynamic,gpqa,28.3,-1.4,0.8348931809081144,-3.6210088272401695,5.290795189056398,-0.3465610859728507,0.8709999999999999,True,granite-3.1-2b-instruct|s3
RedHatAI/granite-3.1-2b-instruct-FP8-dynamic,granite,granite-3.1-2b-instruct,fp8_dynamic,musr,35.12,0.0,-0.01938257122410475,-3.6542922123722135,3.615527069924004,-0.3465610859728507,-0.292,True,granite-3.1-2b-instruct|s3
RedHatAI/granite-3.1-2b-instruct-FP8-dynamic,granite,granite-3.1-2b-instruct,fp8_dynamic,mmlu_pro,26.87,1.46,-1.0022391950239125,-1.8483642419727753,-0.15611414807504975,-0.3465610859728507,-1.304,False,granite-3.1-2b-instruct|s3
RedHatAI/granite-3.1-2b-instruct-FP8-dynamic,granite,granite-3.1-2b-instruct,fp8_dynamic,humaneval,53.4,1.5,-0.03828292454968657,-8.194025430626844,8.11745958152747,-0.3465610859728507,-0.33499999999999996,True,granite-3.1-2b-instruct|s3
RedHatAI/granite-3.1-2b-instruct-quantized.w4a16,granite,granite-3.1-2b-instruct,w4a16,arc_challenge,55.63,-1.45,-0.6672337304675732,-3.705720022459137,2.371252561523991,-0.3465610859728507,-0.28967213114754103,True,granite-3.1-2b-instruct|s3
RedHatAI/granite-3.1-2b-instruct-quantized.w4a16,granite,granite-3.1-2b-instruct,w4a16,gsm8k,60.96,1.89,-1.1518375084834456,-3.964235821700196,1.6605608047333047,-0.3465610859728507,-0.875593220338983,False,granite-3.1-2b-instruct|s3
RedHatAI/granite-3.1-2b-instruct-quantized.w4a16,granite,granite-3.1-2b-instruct,w4a16,hellaswag,75.21,-1.85,-0.613601647799338,-1.5157704237628433,0.2885671281641672,-0.3465610859728507,-0.18163934426229508,False,granite-3.1-2b-instruct|s3
RedHatAI/granite-3.1-2b-instruct-quantized.w4a16,granite,granite-3.1-2b-instruct,w4a16,mmlu,54.38,-2.21,-0.8371207643481846,-1.7171651986277885,0.04292366993141927,-0.3465610859728507,-0.45915254237288133,False,granite-3.1-2b-instruct|s3
RedHatAI/granite-3.1-2b-instruct-quantized.w4a16,granite,granite-3.1-2b-instruct,w4a16,truthfulqa,55.93,0.9,-0.6379218574278338,-4.274599022111867,2.998755307256199,-0.3465610859728507,-0.22931034482758622,True,granite-3.1-2b-instruct|s3
RedHatAI/granite-3.1-2b-instruct-quantized.w4a16,granite,granite-3.1-2b-instruct,w4a16,winogrande,69.67,0.18,-0.520684932382097,-3.2245975094280053,2.1832276446638113,-0.3465610859728507,-0.09983333333333332,True,granite-3.1-2b-instruct|s3
RedHatAI/granite-3.1-2b-instruct-quantized.w4a16,granite,granite-3.1-2b-instruct,w4a16,ifeval,67.99,-0.36,-0.12223843131807827,-4.3216512347565725,4.077174372120416,-0.3465610859728507,0.2375,True,granite-3.1-2b-instruct|s3
RedHatAI/granite-3.1-2b-instruct-quantized.w4a16,granite,granite-3.1-2b-instruct,w4a16,bbh,44.11,-0.89,-1.2712656870472572,-2.5596148478882497,0.017083473793735315,-0.3465610859728507,-1.06,True,granite-3.1-2b-instruct|s3
RedHatAI/granite-3.1-2b-instruct-quantized.w4a16,granite,granite-3.1-2b-instruct,w4a16,gpqa,28.3,0.26,0.3438548702478991,-4.112047137900385,4.799756878396183,-0.3465610859728507,0.8709999999999999,True,granite-3.1-2b-instruct|s3
RedHatAI/granite-3.1-2b-instruct-quantized.w4a16,granite,granite-3.1-2b-instruct,w4a16,musr,35.12,0.14,-0.5104208818843202,-4.145330523032429,3.1244887592637887,-0.3465610859728507,-0.292,True,granite-3.1-2b-instruct|s3
RedHatAI/granite-3.1-2b-instruct-quantized.w4a16,granite,granite-3.1-2b-instruct,w4a16,mmlu_pro,26.87,0.4,-1.4932775056841279,-2.3394025526329907,-0.6471524587352652,-0.3465610859728507,-1.304,False,granite-3.1-2b-instruct|s3
RedHatAI/granite-3.1-2b-instruct-quantized.w4a16,granite,granite-3.1-2b-instruct,w4a16,humaneval,53.4,-1.1,-0.5293212352099022,-8.68506374128706,7.6264212708672545,-0.3465610859728507,-0.33499999999999996,True,granite-3.1-2b-instruct|s3
RedHatAI/granite-3.1-2b-instruct-quantized.w8a8,granite,granite-3.1-2b-instruct,w8a8_int,arc_challenge,55.63,-0.51,-0.3156069725750329,-3.354093264566597,2.7228793194165313,-0.3465610859728507,-0.28967213114754103,True,granite-3.1-2b-instruct|s3
RedHatAI/granite-3.1-2b-instruct-quantized.w8a8,granite,granite-3.1-2b-instruct,w8a8_int,gsm8k,60.96,-0.38,-0.8002107505909054,-3.6126090638076556,2.012187562625845,-0.3465610859728507,-0.875593220338983,True,granite-3.1-2b-instruct|s3
RedHatAI/granite-3.1-2b-instruct-quantized.w8a8,granite,granite-3.1-2b-instruct,w8a8_int,hellaswag,75.21,-0.61,-0.2619748899067978,-1.164143665870303,0.6401938860567074,-0.3465610859728507,-0.18163934426229508,True,granite-3.1-2b-instruct|s3
RedHatAI/granite-3.1-2b-instruct-quantized.w8a8,granite,granite-3.1-2b-instruct,w8a8_int,mmlu,54.38,-0.26,-0.48549400645564433,-1.3655384407352482,0.39455042782395955,-0.3465610859728507,-0.45915254237288133,True,granite-3.1-2b-instruct|s3
RedHatAI/granite-3.1-2b-instruct-quantized.w8a8,granite,granite-3.1-2b-instruct,w8a8_int,truthfulqa,55.93,-1.06,-0.28629509953529353,-3.922972264219327,3.3503820651487395,-0.3465610859728507,-0.22931034482758622,True,granite-3.1-2b-instruct|s3
RedHatAI/granite-3.1-2b-instruct-quantized.w8a8,granite,granite-3.1-2b-instruct,w8a8_int,winogrande,69.67,1.13,-0.16905817448955685,-2.872970751535465,2.5348544025563515,-0.3465610859728507,-0.09983333333333332,True,granite-3.1-2b-instruct|s3
RedHatAI/granite-3.1-2b-instruct-quantized.w8a8,granite,granite-3.1-2b-instruct,w8a8_int,ifeval,67.99,-0.96,0.2293883265744619,-3.9700244768640323,4.428801130012956,-0.3465610859728507,0.2375,True,granite-3.1-2b-instruct|s3
RedHatAI/granite-3.1-2b-instruct-quantized.w8a8,granite,granite-3.1-2b-instruct,w8a8_int,bbh,44.11,-0.58,-0.9196389291547169,-2.2079880899957094,0.3687102316862756,-0.3465610859728507,-1.06,True,granite-3.1-2b-instruct|s3
RedHatAI/granite-3.1-2b-instruct-quantized.w8a8,granite,granite-3.1-2b-instruct,w8a8_int,gpqa,28.3,-0.7,0.6954816281404392,-3.7604203800078446,5.151383636288723,-0.3465610859728507,0.8709999999999999,True,granite-3.1-2b-instruct|s3
RedHatAI/granite-3.1-2b-instruct-quantized.w8a8,granite,granite-3.1-2b-instruct,w8a8_int,musr,35.12,-0.54,-0.15879412399177995,-3.7937037651398886,3.476115517156329,-0.3465610859728507,-0.292,True,granite-3.1-2b-instruct|s3
RedHatAI/granite-3.1-2b-instruct-quantized.w8a8,granite,granite-3.1-2b-instruct,w8a8_int,mmlu_pro,26.87,0.02,-1.1416507477915878,-1.9877757947404504,-0.2955257008427251,-0.3465610859728507,-1.304,False,granite-3.1-2b-instruct|s3
RedHatAI/granite-3.1-2b-instruct-quantized.w8a8,granite,granite-3.1-2b-instruct,w8a8_int,humaneval,53.4,1.5,-0.17769447731736182,-8.333436983394519,7.978048028759796,-0.3465610859728507,-0.33499999999999996,True,granite-3.1-2b-instruct|s3
RedHatAI/granite-3.1-2b-instruct-FP8-dynamic,granite,granite-3.1-2b-instruct,fp8_dynamic,arc_challenge,55.63,-0.6,-0.1357158881132055,-2.913363044789493,2.641931268563082,-0.38791757049891534,-0.4777586206896552,True,granite-3.1-2b-instruct|s4
RedHatAI/granite-3.1-2b-instruct-FP8-dynamic,granite,granite-3.1-2b-instruct,fp8_dynamic,gsm8k,60.96,0.53,-0.013451976478007888,-2.5844196977203655,2.55751574476435,-0.38791757049891534,-0.3952542372881356,True,granite-3.1-2b-instruct|s4
RedHatAI/granite-3.1-2b-instruct-FP8-dynamic,granite,granite-3.1-2b-instruct,fp8_dynamic,hellaswag,75.21,0.05,0.09184081903609875,-0.7328811953438543,0.9165628334160518,-0.38791757049891534,-0.17733333333333334,True,granite-3.1-2b-instruct|s4
RedHatAI/granite-3.1-2b-instruct-FP8-dynamic,granite,granite-3.1-2b-instruct,fp8_dynamic,mmlu,54.38,-0.14,-0.1655860545103084,-0.9700829933539347,0.6389108843333179,-0.38791757049891534,-0.5070689655172413,True,granite-3.1-2b-instruct|s4
RedHatAI/granite-3.1-2b-instruct-FP8-dynamic,granite,granite-3.1-2b-instruct,fp8_dynamic,truthfulqa,55.93,-0.51,0.10280411022961622,-3.2216821686317116,3.4272903890909436,-0.38791757049891534,-0.17087719298245616,True,granite-3.1-2b-instruct|s4
RedHatAI/granite-3.1-2b-instruct-FP8-dynamic,granite,granite-3.1-2b-instruct,fp8_dynamic,winogrande,69.67,-0.06,-0.0072464416587506575,-2.479041394733916,2.4645485114164143,-0.38791757049891534,-0.3239655172413793,True,granite-3.1-2b-instruct|s4
RedHatAI/granite-3.1-2b-instruct-FP8-dynamic,granite,granite-3.1-2b-instruct,fp8_dynamic,ifeval,67.99,-1.2,0.3582091066903854,-3.4807047182377135,4.197122931618484,-0.38791757049891534,-0.06470588235294115,True,granite-3.1-2b-instruct|s4
RedHatAI/granite-3.1-2b-instruct-FP8-dynamic,granite,granite-3.1-2b-instruct,fp8_dynamic,bbh,44.11,0.13,-0.5494295830582099,-1.727180291642351,0.6283211255259313,-0.38791757049891534,-1.0142105263157895,True,granite-3.1-2b-instruct|s4
RedHatAI/granite-3.1-2b-instruct-FP8-dynamic,granite,granite-3.1-2b-instruct,fp8_dynamic,gpqa,28.3,-1.4,0.37021149274257414,-3.703173197516744,4.443596183001892,-0.38791757049891534,0.16647058823529412,True,granite-3.1-2b-instruct|s4
RedHatAI/granite-3.1-2b-instruct-FP8-dynamic,granite,granite-3.1-2b-instruct,fp8_dynamic,musr,35.12,0.0,0.5653351004521383,-2.757535388093841,3.8882055889981175,-0.38791757049891534,0.26636363636363636,True,granite-3.1-2b-instruct|s4
RedHatAI/granite-3.1-2b-instruct-FP8-dynamic,granite,granite-3.1-2b-instruct,fp8_dynamic,mmlu_pro,26.87,1.46,-1.6060074034107035,-2.37949676785001,-0.8325180389713973,-0.38791757049891534,-2.18625,False,granite-3.1-2b-instruct|s4
RedHatAI/granite-3.1-2b-instruct-FP8-dynamic,granite,granite-3.1-2b-instruct,fp8_dynamic,humaneval,53.4,1.5,-0.10925222178714705,-7.564864261998402,7.346359818424107,-0.38791757049891534,-0.7685714285714286,True,granite-3.1-2b-instruct|s4
RedHatAI/granite-3.1-2b-instruct-quantized.w4a16,granite,granite-3.1-2b-instruct,w4a16,arc_challenge,55.63,-1.45,-1.1265804801977835,-3.904227636874071,1.651066676478504,-0.38791757049891534,-0.4777586206896552,True,granite-3.1-2b-instruct|s4
RedHatAI/granite-3.1-2b-instruct-quantized.w4a16,granite,granite-3.1-2b-instruct,w4a16,gsm8k,60.96,1.89,-1.0043165685625857,-3.5752842898049435,1.5666511526797722,-0.38791757049891534,-0.3952542372881356,False,granite-3.1-2b-instruct|s4
RedHatAI/granite-3.1-2b-instruct-quantized.w4a16,granite,granite-3.1-2b-instruct,w4a16,hellaswag,75.21,-1.85,-0.8990237730484792,-1.7237457874284323,-0.07430175866852617,-0.38791757049891534,-0.17733333333333334,False,granite-3.1-2b-instruct|s4
RedHatAI/granite-3.1-2b-instruct-quantized.w4a16,granite,granite-3.1-2b-instruct,w4a16,mmlu,54.38,-2.21,-1.1564506465948865,-1.9609475854385128,-0.3519537077512602,-0.38791757049891534,-0.5070689655172413,False,granite-3.1-2b-instruct|s4
RedHatAI/granite-3.1-2b-instruct-quantized.w4a16,granite,granite-3.1-2b-instruct,w4a16,truthfulqa,55.93,0.9,-0.8880604818549617,-4.21254676071629,2.436425797006366,-0.38791757049891534,-0.17087719298245616,True,granite-3.1-2b-instruct|s4
RedHatAI/granite-3.1-2b-instruct-quantized.w4a16,granite,granite-3.1-2b-instruct,w4a16,winogrande,69.67,0.18,-0.9981110337433287,-3.469905986818494,1.4736839193318363,-0.38791757049891534,-0.3239655172413793,True,granite-3.1-2b-instruct|s4
RedHatAI/granite-3.1-2b-instruct-quantized.w4a16,granite,granite-3.1-2b-instruct,w4a16,ifeval,67.99,-0.36,-0.6326554853941925,-4.471569310322291,3.2062583395339064,-0.38791757049891534,-0.06470588235294115,True,granite-3.1-2b-instruct|s4
RedHatAI/granite-3.1-2b-instruct-quantized.w4a16,granite,granite-3.1-2b-instruct,w4a16,bbh,44.11,-0.89,-1.540294175142788,-2.7180448837269293,-0.3625434665586469,-0.38791757049891534,-1.0142105263157895,True,granite-3.1-2b-instruct|s4
RedHatAI/granite-3.1-2b-instruct-quantized.w4a16,granite,granite-3.1-2b-instruct,w4a16,gpqa,28.3,0.26,-0.6206530993420037,-4.694037789601322,3.452731590917314,-0.38791757049891534,0.16647058823529412,True,granite-3.1-2b-instruct|s4
RedHatAI/granite-3.1-2b-instruct-quantized.w4a16,granite,granite-3.1-2b-instruct,w4a16,musr,35.12,0.14,-0.42552949163243975,-3.748399980178419,2.8973409969135395,-0.38791757049891534,0.26636363636363636,True,granite-3.1-2b-instruct|s4
RedHatAI/granite-3.1-2b-instruct-quantized.w4a16,granite,granite-3.1-2b-instruct,w4a16,mmlu_pro,26.87,0.4,-2.596871995495282,-3.370361359934588,-1.8233826310559758,-0.38791757049891534,-2.18625,False,granite-3.1-2b-instruct|s4
RedHatAI/granite-3.1-2b-instruct-quantized.w4a16,granite,granite-3.1-2b-instruct,w4a16,humaneval,53.4,-1.1,-1.100116813871725,-8.555728854082979,6.35549522633953,-0.38791757049891534,-0.7685714285714286,True,granite-3.1-2b-instruct|s4
RedHatAI/granite-3.1-2b-instruct-quantized.w8a8,granite,granite-3.1-2b-instruct,w8a8_int,arc_challenge,55.63,-0.51,-0.4524301181103529,-3.23007727478664,2.3252170385659348,-0.38791757049891534,-0.4777586206896552,True,granite-3.1-2b-instruct|s4
RedHatAI/granite-3.1-2b-instruct-quantized.w8a8,granite,granite-3.1-2b-instruct,w8a8_int,gsm8k,60.96,-0.38,-0.33016620647515527,-2.901133927717513,2.2408015147672025,-0.38791757049891534,-0.3952542372881356,True,granite-3.1-2b-instruct|s4
RedHatAI/granite-3.1-2b-instruct-quantized.w8a8,granite,granite-3.1-2b-instruct,w8a8_int,hellaswag,75.21,-0.61,-0.2248734109610487,-1.0495954253410018,0.5998486034189043,-0.38791757049891534,-0.17733333333333334,True,granite-3.1-2b-instruct|s4
RedHatAI/granite-3.1-2b-instruct-quantized.w8a8,granite,granite-3.1-2b-instruct,w8a8_int,mmlu,54.38,-0.26,-0.48230028450745577,-1.286797223351082,0.3221966543361705,-0.38791757049891534,-0.5070689655172413,True,granite-3.1-2b-instruct|s4
RedHatAI/granite-3.1-2b-instruct-quantized.w8a8,granite,granite-3.1-2b-instruct,w8a8_int,truthfulqa,55.93,-1.06,-0.21391011976753116,-3.538396398628859,3.1105761590937964,-0.38791757049891534,-0.17087719298245616,True,granite-3.1-2b-instruct|s4
RedHatAI/granite-3.1-2b-instruct-quantized.w8a8,granite,granite-3.1-2b-instruct,w8a8_int,winogrande,69.67,1.13,-0.32396067165589815,-2.795755624731063,2.147834281419267,-0.38791757049891534,-0.3239655172413793,True,granite-3.1-2b-instruct|s4
RedHatAI/granite-3.1-2b-instruct-quantized.w8a8,granite,granite-3.1-2b-instruct,w8a8_int,ifeval,67.99,-0.96,0.041494876693237925,-3.797418948234861,3.880408701621337,-0.38791757049891534,-0.06470588235294115,True,granite-3.1-2b-instruct|s4
RedHatAI/granite-3.1-2b-instruct-quantized.w8a8,granite,granite-3.1-2b-instruct,w8a8_int,bbh,44.11,-0.58,-0.8661438130553573,-2.0438945216394986,0.31160689552878396,-0.38791757049891534,-1.0142105263157895,True,granite-3.1-2b-instruct|s4
RedHatAI/granite-3.1-2b-instruct-quantized.w8a8,granite,granite-3.1-2b-instruct,w8a8_int,gpqa,28.3,-0.7,0.05349726274542688,-4.019887427513892,4.1268819530047445,-0.38791757049891534,0.16647058823529412,True,granite-3.1-2b-instruct|s4
RedHatAI/granite-3.1-2b-instruct-quantized.w8a8,granite,granite-3.1-2b-instruct,w8a8_int,musr,35.12,-0.54,0.24862087045499082,-3.074249618090988,3.5714913590009703,-0.38791757049891534,0.26636363636363636,True,granite-3.1-2b-instruct|s4
RedHatAI/granite-3.1-2b-instruct-quantized.w8a8,granite,granite-3.1-2b-instruct,w8a8_int,mmlu_pro,26.87,0.02,-1.9227216334078507,-2.6962109978471567,-1.1492322689685446,-0.38791757049891534,-2.18625,False,granite-3.1-2b-instruct|s4
RedHatAI/granite-3.1-2b-instruct-quantized.w8a8,granite,granite-3.1-2b-instruct,w8a8_int,humaneval,53.4,1.5,-0.42596645178429443,-7.8815784919955485,7.02964558842696,-0.38791757049891534,-0.7685714285714286,True,granite-3.1-2b-instruct|s4
RedHatAI/granite-3.1-8b-base-FP8-dynamic,granite,granite-3.1-8b-base,fp8_dynamic,arc_challenge,64.68,-0.52,-0.10769124439960892,-3.262383717384052,3.047001228584834,-0.36687919463087254,-0.41864864864864865,True,granite-3.1-8b-base|s0
RedHatAI/granite-3.1-8b-base-FP8-dynamic,granite,granite-3.1-8b-base,fp8_dynamic,gsm8k,60.88,-2.43,-0.2216162509028708,-3.2578823426167816,2.8146498408110396,-0.36687919463087254,-0.5318666666666667,True,granite-3.1-8b-base|s0
RedHatAI/granite-3.1-8b-base-FP8-dynamic,granite,granite-3.1-8b-base,fp8_dynamic,hellaswag,83.52,-0.06,0.07628016765692508,-0.7602646638790937,0.9128249991929438,-0.36687919463087254,-0.24846153846153848,True,granite-3.1-8b-base|s0
RedHatAI/granite-3.1-8b-base-FP8-dynamic,granite,granite-3.1-8b-base,fp8_dynamic,mmlu,63.33,0.02,-0.18458740328679574,-1.1034936354493903,0.7343188288757987,-0.36687919463087254,-0.4777631578947369,True,granite-3.1-8b-base|s0
RedHatAI/granite-3.1-8b-base-FP8-dynamic,granite,granite-3.1-8b-base,fp8_dynamic,truthfulqa,51.33,0.23,0.09600442091543376,-3.855211465777263,4.04722030760813,-0.36687919463087254,-0.18173333333333333,True,granite-3.1-8b-base|s0
RedHatAI/granite-3.1-8b-base-FP8-dynamic,granite,granite-3.1-8b-base,fp8_dynamic,winogrande,80.9,-0.24,0.12621767172895465,-2.3691130833456104,2.62154842680352,-0.36687919463087254,-0.18701298701298702,True,granite-3.1-8b-base|s0
RedHatAI/granite-3.1-8b-base-FP8-dynamic,granite,granite-3.1-8b-base,fp8_dynamic,humaneval,44.1,0.7,-0.032122858611892846,-8.792620095842032,8.728374378618248,-0.36687919463087254,-0.43105263157894735,True,granite-3.1-8b-base|s0
RedHatAI/granite-3.1-8b-base-quantized.w4a16,granite,granite-3.1-8b-base,w4a16,arc_challenge,64.68,-2.31,-1.006525019235819,-4.161217492220262,2.148167453748624,-0.36687919463087254,-0.41864864864864865,True,granite-3.1-8b-base|s0
RedHatAI/granite-3.1-8b-base-quantized.w4a16,granite,granite-3.1-8b-base,w4a16,gsm8k,60.88,-5.99,-1.1204500257390808,-4.156716117452992,1.9158160659748298,-0.36687919463087254,-0.5318666666666667,False,granite-3.1-8b-base|s0
RedHatAI/granite-3.1-8b-base-quantized.w4a16,granite,granite-3.1-8b-base,w4a16,hellaswag,83.52,-0.99,-0.8225536071792849,-1.6590984387153038,0.013991224356733833,-0.36687919463087254,-0.24846153846153848,True,granite-3.1-8b-base|s0
RedHatAI/granite-3.1-8b-base-quantized.w4a16,granite,granite-3.1-8b-base,w4a16,mmlu,63.33,-0.55,-1.0834211781230059,-2.0023274102856004,-0.16451494596041139,-0.36687919463087254,-0.4777631578947369,True,granite-3.1-8b-base|s0
RedHatAI/granite-3.1-8b-base-quantized.w4a16,granite,granite-3.1-8b-base,w4a16,truthfulqa,51.33,-0.03,-0.8028293539207763,-4.754045240613474,3.1483865327719207,-0.36687919463087254,-0.18173333333333333,True,granite-3.1-8b-base|s0
RedHatAI/granite-3.1-8b-base-quantized.w4a16,granite,granite-3.1-8b-base,w4a16,winogrande,80.9,-1.66,-0.7726161031072554,-3.2679468581818205,1.7227146519673098,-0.36687919463087254,-0.18701298701298702,True,granite-3.1-8b-base|s0
RedHatAI/granite-3.1-8b-base-quantized.w4a16,granite,granite-3.1-8b-base,w4a16,humaneval,44.1,-3.4,-0.930956633448103,-9.691453870678243,7.829540603782037,-0.36687919463087254,-0.43105263157894735,True,granite-3.1-8b-base|s0
RedHatAI/granite-3.1-8b-base-quantized.w8a8,granite,granite-3.1-8b-base,w8a8_int,arc_challenge,64.68,-0.43,-0.42851623163026825,-3.5832087046147114,2.7261762413541746,-0.36687919463087254,-0.41864864864864865,True,granite-3.1-8b-base|s0
RedHatAI/granite-3.1-8b-base-quantized.w8a8,granite,granite-3.1-8b-base,w8a8_int,gsm8k,60.88,-0.38,-0.5424412381335302,-3.5787073298474406,2.4938248535803806,-0.36687919463087254,-0.5318666666666667,True,granite-3.1-8b-base|s0
RedHatAI/granite-3.1-8b-base-quantized.w8a8,granite,granite-3.1-8b-base,w8a8_int,hellaswag,83.52,-0.3,-0.24454481957373436,-1.0810896511097532,0.5920000119622844,-0.36687919463087254,-0.24846153846153848,True,granite-3.1-8b-base|s0
RedHatAI/granite-3.1-8b-base-quantized.w8a8,granite,granite-3.1-8b-base,w8a8_int,mmlu,63.33,-0.17,-0.5054123905174551,-1.4243186226800497,0.41349384164513936,-0.36687919463087254,-0.4777631578947369,True,granite-3.1-8b-base|s0
RedHatAI/granite-3.1-8b-base-quantized.w8a8,granite,granite-3.1-8b-base,w8a8_int,truthfulqa,51.33,1.26,-0.22482056631522554,-4.176036453007923,3.7263953203774713,-0.36687919463087254,-0.18173333333333333,True,granite-3.1-8b-base|s0
RedHatAI/granite-3.1-8b-base-quantized.w8a8,granite,granite-3.1-8b-base,w8a8_int,winogrande,80.9,-0.79,-0.19460731550170465,-2.68993807057627,2.3007234395728604,-0.36687919463087254,-0.18701298701298702,True,granite-3.1-8b-base|s0
RedHatAI/granite-3.1-8b-base-quantized.w8a8,granite,granite-3.1-8b-base,w8a8_int,humaneval,44.1,-1.0,-0.35294784584255223,-9.113445083072692,8.407549391387588,-0.36687919463087254,-0.43105263157894735,True,granite-3.1-8b-base|s0
RedHatAI/granite-3.1-8b-base-FP8-dynamic,granite,granite-3.1-8b-base,fp8_dynamic,arc_challenge,64.68,-0.52,-0.014313126022006961,-1.9879057614242743,1.9592795093802606,-0.3139049235993209,-0.3008823529411765,True,granite-3.1-8b-base|s1
RedHatAI/granite-3.1-8b-base-FP8-dynamic,granite,granite-3.1-8b-base,fp8_dynamic,gsm8k,60.88,-2.43,-0.1729228554872589,-2.072427307678517,1.7265815967039992,-0.3139049235993209,-0.48835820895522386,False,granite-3.1-8b-base|s1
RedHatAI/granite-3.1-8b-base-FP8-dynamic,granite,granite-3.1-8b-base,fp8_dynamic,hellaswag,83.52,-0.06,0.05610763142890496,-0.4672393295956091,0.579454592453419,-0.3139049235993209,-0.19971830985915492,True,granite-3.1-8b-base|s1
RedHatAI/granite-3.1-8b-base-FP8-dynamic,granite,granite-3.1-8b-base,fp8_dynamic,mmlu,63.33,0.02,-0.2234970512400491,-0.798369748959985,0.3513756464798868,-0.3139049235993209,-0.5036764705882353,True,granite-3.1-8b-base|s1
RedHatAI/granite-3.1-8b-base-FP8-dynamic,granite,granite-3.1-8b-base,fp8_dynamic,truthfulqa,51.33,0.23,0.10928247791472467,-2.362619503543359,2.581184459372808,-0.3139049235993209,-0.15470588235294117,True,granite-3.1-8b-base|s1
RedHatAI/granite-3.1-8b-base-FP8-dynamic,granite,granite-3.1-8b-base,fp8_dynamic,winogrande,80.9,-0.24,0.08958893469899754,-1.4715034517322383,1.6506813211302334,-0.3139049235993209,-0.16478260869565217,True,granite-3.1-8b-base|s1
RedHatAI/granite-3.1-8b-base-FP8-dynamic,granite,granite-3.1-8b-base,fp8_dynamic,humaneval,44.1,0.7,0.2268629756299152,-5.253751372019234,5.707477323279065,-0.3139049235993209,-0.21384615384615382,True,granite-3.1-8b-base|s1
RedHatAI/granite-3.1-8b-base-quantized.w4a16,granite,granite-3.1-8b-base,w4a16,arc_challenge,64.68,-2.31,-0.6487011283444298,-2.6222937637466974,1.3248915070578375,-0.3139049235993209,-0.3008823529411765,True,granite-3.1-8b-base|s1
RedHatAI/granite-3.1-8b-base-quantized.w4a16,granite,granite-3.1-8b-base,w4a16,gsm8k,60.88,-5.99,-0.8073108578096817,-2.70681531000094,1.0921935943815764,-0.3139049235993209,-0.48835820895522386,False,granite-3.1-8b-base|s1
RedHatAI/granite-3.1-8b-base-quantized.w4a16,granite,granite-3.1-8b-base,w4a16,hellaswag,83.52,-0.99,-0.5782803708935178,-1.1016273319180319,-0.054933409869003746,-0.3139049235993209,-0.19971830985915492,True,granite-3.1-8b-base|s1
RedHatAI/granite-3.1-8b-base-quantized.w4a16,granite,granite-3.1-8b-base,w4a16,mmlu,63.33,-0.55,-0.857885053562472,-1.432757751282408,-0.28301235584253615,-0.3139049235993209,-0.5036764705882353,True,granite-3.1-8b-base|s1
RedHatAI/granite-3.1-8b-base-quantized.w4a16,granite,granite-3.1-8b-base,w4a16,truthfulqa,51.33,-0.03,-0.5251055244076983,-2.997007505865782,1.9467964570503853,-0.3139049235993209,-0.15470588235294117,True,granite-3.1-8b-base|s1
RedHatAI/granite-3.1-8b-base-quantized.w4a16,granite,granite-3.1-8b-base,w4a16,winogrande,80.9,-1.66,-0.5447990676234253,-2.105891454054661,1.0162933188078105,-0.3139049235993209,-0.16478260869565217,True,granite-3.1-8b-base|s1
RedHatAI/granite-3.1-8b-base-quantized.w4a16,granite,granite-3.1-8b-base,w4a16,humaneval,44.1,-3.4,-0.4075250266925077,-5.888139374341657,5.073089320956642,-0.3139049235993209,-0.21384615384615382,True,granite-3.1-8b-base|s1
RedHatAI/granite-3.1-8b-base-quantized.w8a8,granite,granite-3.1-8b-base,w8a8_int,arc_challenge,64.68,-0.43,-0.3457575325750776,-2.319350167977345,1.62783510282719,-0.3139049235993209,-0.3008823529411765,True,granite-3.1-8b-base|s1
RedHatAI/granite-3.1-8b-base-quantized.w8a8,granite,granite-3.1-8b-base,w8a8_int,gsm8k,60.88,-0.38,-0.5043672620403294,-2.4038717142315873,1.3951371901509286,-0.3139049235993209,-0.48835820895522386,True,granite-3.1-8b-base|s1
RedHatAI/granite-3.1-8b-base-quantized.w8a8,granite,granite-3.1-8b-base,w8a8_int,hellaswag,83.52,-0.3,-0.27533677512416566,-0.7986837361486797,0.2480101859003484,-0.3139049235993209,-0.19971830985915492,True,granite-3.1-8b-base|s1
RedHatAI/granite-3.1-8b-base-quantized.w8a8,granite,granite-3.1-8b-base,w8a8_int,mmlu,63.33,-0.17,-0.5549414577931198,-1.1298141555130556,0.019931239926816113,-0.3139049235993209,-0.5036764705882353,True,granite-3.1-8b-base|s1
RedHatAI/granite-3.1-8b-base-quantized.w8a8,granite,granite-3.1-8b-base,w8a8_int,truthfulqa,51.33,1.26,-0.22216192863834602,-2.6940639100964296,2.2497400528197375,-0.3139049235993209,-0.15470588235294117,True,granite-3.1-8b-base|s1
RedHatAI/granite-3.1-8b-base-quantized.w8a8,granite,granite-3.1-8b-base,w8a8_int,winogrande,80.9,-0.79,-0.24185547185407302,-1.802947858285309,1.3192369145771627,-0.3139049235993209,-0.16478260869565217,True,granite-3.1-8b-base|s1
RedHatAI/granite-3.1-8b-base-quantized.w8a8,granite,granite-3.1-8b-base,w8a8_int,humaneval,44.1,-1.0,-0.10458143092315542,-5.585195778572305,5.376032916725994,-0.3139049235993209,-0.21384615384615382,True,granite-3.1-8b-base|s1
RedHatAI/granite-3.1-8b-base-FP8-dynamic,granite,granite-3.1-8b-base,fp8_dynamic,arc_challenge,64.68,-0.52,-0.11169596259962816,-2.2154071787582774,1.9920152535590212,-0.35799276672694397,-0.38865671641791044,True,granite-3.1-8b-base|s2
RedHatAI/granite-3.1-8b-base-FP8-dynamic,granite,granite-3.1-8b-base,fp8_dynamic,gsm8k,60.88,-2.43,-0.18795154954966503,-2.2126899629069654,1.8367868638076355,-0.35799276672694397,-0.44,False,granite-3.1-8b-base|s2
RedHatAI/granite-3.1-8b-base-FP8-dynamic,granite,granite-3.1-8b-base,fp8_dynamic,hellaswag,83.52,-0.06,0.017661148266691407,-0.5401899766821046,0.5755122732154874,-0.35799276672694397,-0.29774647887323946,True,granite-3.1-8b-base|s2
RedHatAI/granite-3.1-8b-base-FP8-dynamic,granite,granite-3.1-8b-base,fp8_dynamic,mmlu,63.33,0.02,-0.26677513215182863,-0.879549075651223,0.34599881134756577,-0.35799276672694397,-0.5240579710144927,True,granite-3.1-8b-base|s2
RedHatAI/granite-3.1-8b-base-FP8-dynamic,granite,granite-3.1-8b-base,fp8_dynamic,truthfulqa,51.33,0.23,0.04305130183652267,-2.5918226991896502,2.6779253028626955,-0.35799276672694397,-0.19724637681159418,True,granite-3.1-8b-base|s2
RedHatAI/granite-3.1-8b-base-FP8-dynamic,granite,granite-3.1-8b-base,fp8_dynamic,winogrande,80.9,-0.24,0.05538163614947422,-1.6086332694016323,1.719396541700581,-0.35799276672694397,-0.24652173913043476,True,granite-3.1-8b-base|s2
RedHatAI/granite-3.1-8b-base-FP8-dynamic,granite,granite-3.1-8b-base,fp8_dynamic,humaneval,44.1,0.7,-0.016234455991833596,-5.858184647622696,5.8257157356390294,-0.35799276672694397,-0.34421052631578947,True,granite-3.1-8b-base|s2
RedHatAI/granite-3.1-8b-base-quantized.w4a16,granite,granite-3.1-8b-base,w4a16,arc_challenge,64.68,-2.31,-0.9571028514429467,-3.060814067601596,1.1466083647157026,-0.35799276672694397,-0.38865671641791044,True,granite-3.1-8b-base|s2
RedHatAI/granite-3.1-8b-base-quantized.w4a16,granite,granite-3.1-8b-base,w4a16,gsm8k,60.88,-5.99,-1.0333584383929835,-3.058096851750284,0.9913799749643171,-0.35799276672694397,-0.44,False,granite-3.1-8b-base|s2
RedHatAI/granite-3.1-8b-base-quantized.w4a16,granite,granite-3.1-8b-base,w4a16,hellaswag,83.52,-0.99,-0.8277457405766272,-1.3855968655254232,-0.26989461562783124,-0.35799276672694397,-0.29774647887323946,True,granite-3.1-8b-base|s2
RedHatAI/granite-3.1-8b-base-quantized.w4a16,granite,granite-3.1-8b-base,w4a16,mmlu,63.33,-0.55,-1.1121820209951472,-1.7249559644945416,-0.4994080774957528,-0.35799276672694397,-0.5240579710144927,True,granite-3.1-8b-base|s2
RedHatAI/granite-3.1-8b-base-quantized.w4a16,granite,granite-3.1-8b-base,w4a16,truthfulqa,51.33,-0.03,-0.8023555870067958,-3.4372295880329684,1.832518414019377,-0.35799276672694397,-0.19724637681159418,True,granite-3.1-8b-base|s2
RedHatAI/granite-3.1-8b-base-quantized.w4a16,granite,granite-3.1-8b-base,w4a16,winogrande,80.9,-1.66,-0.7900252526938443,-2.454040158244951,0.8739896528572624,-0.35799276672694397,-0.24652173913043476,True,granite-3.1-8b-base|s2
RedHatAI/granite-3.1-8b-base-quantized.w4a16,granite,granite-3.1-8b-base,w4a16,humaneval,44.1,-3.4,-0.8616413448351522,-6.703591536466015,4.980308846795711,-0.35799276672694397,-0.34421052631578947,True,granite-3.1-8b-base|s2
RedHatAI/granite-3.1-8b-base-quantized.w8a8,granite,granite-3.1-8b-base,w8a8_int,arc_challenge,64.68,-0.43,-0.46341599697945696,-2.5671272131381064,1.6402952191791924,-0.35799276672694397,-0.38865671641791044,True,granite-3.1-8b-base|s2
RedHatAI/granite-3.1-8b-base-quantized.w8a8,granite,granite-3.1-8b-base,w8a8_int,gsm8k,60.88,-0.38,-0.5396715839294939,-2.5644099972867944,1.4850668294278067,-0.35799276672694397,-0.44,True,granite-3.1-8b-base|s2
RedHatAI/granite-3.1-8b-base-quantized.w8a8,granite,granite-3.1-8b-base,w8a8_int,hellaswag,83.52,-0.3,-0.3340588861131374,-0.8919100110619333,0.22379223883565857,-0.35799276672694397,-0.29774647887323946,True,granite-3.1-8b-base|s2
RedHatAI/granite-3.1-8b-base-quantized.w8a8,granite,granite-3.1-8b-base,w8a8_int,mmlu,63.33,-0.17,-0.6184951665316574,-1.2312691100310518,-0.005721223032262968,-0.35799276672694397,-0.5240579710144927,True,granite-3.1-8b-base|s2
RedHatAI/granite-3.1-8b-base-quantized.w8a8,granite,granite-3.1-8b-base,w8a8_int,truthfulqa,51.33,1.26,-0.30866873254330607,-2.943542733569479,2.326205268482867,-0.35799276672694397,-0.19724637681159418,True,granite-3.1-8b-base|s2
RedHatAI/granite-3.1-8b-base-quantized.w8a8,granite,granite-3.1-8b-base,w8a8_int,winogrande,80.9,-0.79,-0.29633839823035457,-1.9603533037814613,1.367676507320752,-0.35799276672694397,-0.24652173913043476,True,granite-3.1-8b-base|s2
RedHatAI/granite-3.1-8b-base-quantized.w8a8,granite,granite-3.1-8b-base,w8a8_int,humaneval,44.1,-1.0,-0.3679544903716624,-6.209904682002525,5.4739957012592,-0.35799276672694397,-0.34421052631578947,True,granite-3.1-8b-base|s2
RedHatAI/granite-3.1-8b-base-FP8-dynamic,granite,granite-3.1-8b-base,fp8_dynamic,arc_challenge,64.68,-0.52,-0.03560513819585481,-2.3065346204800905,2.235324344088381,-0.3533465346534653,-0.3225806451612903,True,granite-3.1-8b-base|s3
RedHatAI/granite-3.1-8b-base-FP8-dynamic,granite,granite-3.1-8b-base,fp8_dynamic,gsm8k,60.88,-2.43,-0.16195663320458586,-2.347635980012681,2.023722713603509,-0.3533465346534653,-0.49,False,granite-3.1-8b-base|s3
RedHatAI/granite-3.1-8b-base-FP8-dynamic,granite,granite-3.1-8b-base,fp8_dynamic,hellaswag,83.52,-0.06,-0.05359398104062224,-0.6557871702203057,0.5485992081390614,-0.3533465346534653,-0.336,True,granite-3.1-8b-base|s3
RedHatAI/granite-3.1-8b-base-FP8-dynamic,granite,granite-3.1-8b-base,fp8_dynamic,mmlu,63.33,0.02,-0.2838359347691681,-0.9453176075290501,0.37764573799071405,-0.3533465346534653,-0.60234375,True,granite-3.1-8b-base|s3
RedHatAI/granite-3.1-8b-base-FP8-dynamic,granite,granite-3.1-8b-base,fp8_dynamic,truthfulqa,51.33,0.23,0.07149354233170235,-2.77281940569762,2.915806490361025,-0.3533465346534653,-0.19682539682539682,True,granite-3.1-8b-base|s3
RedHatAI/granite-3.1-8b-base-FP8-dynamic,granite,granite-3.1-8b-base,fp8_dynamic,winogrande,80.9,-0.24,0.1439242362191725,-1.6523586751190948,1.94020714755744,-0.3533465346534653,-0.10546875,True,granite-3.1-8b-base|s3
RedHatAI/granite-3.1-8b-base-FP8-dynamic,granite,granite-3.1-8b-base,fp8_dynamic,humaneval,44.1,0.7,0.22941252202550527,-6.076898354823513,6.535723398874524,-0.3533465346534653,-0.15555555555555556,True,granite-3.1-8b-base|s3
RedHatAI/granite-3.1-8b-base-quantized.w4a16,granite,granite-3.1-8b-base,w4a16,arc_challenge,64.68,-2.31,-0.8934151743557235,-3.164344656639959,1.3775143079285124,-0.3533465346534653,-0.3225806451612903,True,granite-3.1-8b-base|s3
RedHatAI/granite-3.1-8b-base-quantized.w4a16,granite,granite-3.1-8b-base,w4a16,gsm8k,60.88,-5.99,-1.0197666693644543,-3.2054460161725493,1.1659126774436408,-0.3533465346534653,-0.49,False,granite-3.1-8b-base|s3
RedHatAI/granite-3.1-8b-base-quantized.w4a16,granite,granite-3.1-8b-base,w4a16,hellaswag,83.52,-0.99,-0.9114040172004907,-1.5135972063801741,-0.3092108280208071,-0.3533465346534653,-0.336,True,granite-3.1-8b-base|s3
RedHatAI/granite-3.1-8b-base-quantized.w4a16,granite,granite-3.1-8b-base,w4a16,mmlu,63.33,-0.55,-1.1416459709290367,-1.803127643688919,-0.4801642981691546,-0.3533465346534653,-0.60234375,True,granite-3.1-8b-base|s3
RedHatAI/granite-3.1-8b-base-quantized.w4a16,granite,granite-3.1-8b-base,w4a16,truthfulqa,51.33,-0.03,-0.7863164938281662,-3.6306294418574887,2.0579964542011564,-0.3533465346534653,-0.19682539682539682,True,granite-3.1-8b-base|s3
RedHatAI/granite-3.1-8b-base-quantized.w4a16,granite,granite-3.1-8b-base,w4a16,winogrande,80.9,-1.66,-0.713885799940696,-2.5101687112789635,1.0823971113975714,-0.3533465346534653,-0.10546875,True,granite-3.1-8b-base|s3
RedHatAI/granite-3.1-8b-base-quantized.w4a16,granite,granite-3.1-8b-base,w4a16,humaneval,44.1,-3.4,-0.6283975141343634,-6.934708390983381,5.677913362714655,-0.3533465346534653,-0.15555555555555556,True,granite-3.1-8b-base|s3
RedHatAI/granite-3.1-8b-base-quantized.w8a8,granite,granite-3.1-8b-base,w8a8_int,arc_challenge,64.68,-0.43,-0.3736505995204411,-2.644580081804677,1.8972788827637947,-0.3533465346534653,-0.3225806451612903,True,granite-3.1-8b-base|s3
RedHatAI/granite-3.1-8b-base-quantized.w8a8,granite,granite-3.1-8b-base,w8a8_int,gsm8k,60.88,-0.38,-0.5000020945291721,-2.685681441337267,1.685677252278923,-0.3533465346534653,-0.49,True,granite-3.1-8b-base|s3
RedHatAI/granite-3.1-8b-base-quantized.w8a8,granite,granite-3.1-8b-base,w8a8_int,hellaswag,83.52,-0.3,-0.3916394423652084,-0.993832631544892,0.21055374681447514,-0.3533465346534653,-0.336,True,granite-3.1-8b-base|s3
RedHatAI/granite-3.1-8b-base-quantized.w8a8,granite,granite-3.1-8b-base,w8a8_int,mmlu,63.33,-0.17,-0.6218813960937544,-1.2833630688536366,0.039600276666127754,-0.3533465346534653,-0.60234375,True,granite-3.1-8b-base|s3
RedHatAI/granite-3.1-8b-base-quantized.w8a8,granite,granite-3.1-8b-base,w8a8_int,truthfulqa,51.33,1.26,-0.2665519189928839,-3.1108648670222063,2.5777610290364388,-0.3533465346534653,-0.19682539682539682,True,granite-3.1-8b-base|s3
RedHatAI/granite-3.1-8b-base-quantized.w8a8,granite,granite-3.1-8b-base,w8a8_int,winogrande,80.9,-0.79,-0.19412122510541374,-1.990404136443681,1.6021616862328538,-0.3533465346534653,-0.10546875,True,granite-3.1-8b-base|s3
RedHatAI/granite-3.1-8b-base-quantized.w8a8,granite,granite-3.1-8b-base,w8a8_int,humaneval,44.1,-1.0,-0.108632939299081,-6.414943816148099,6.197677937549937,-0.3533465346534653,-0.15555555555555556,True,granite-3.1-8b-base|s3
RedHatAI/granite-3.1-8b-base-FP8-dynamic,granite,granite-3.1-8b-base,fp8_dynamic,arc_challenge,64.68,-0.52,0.043071588687024376,-2.2380224894097758,2.3241656667838244,-0.3137716262975778,-0.3283582089552239,True,granite-3.1-8b-base|s4
RedHatAI/granite-3.1-8b-base-FP8-dynamic,granite,granite-3.1-8b-base,fp8_dynamic,gsm8k,60.88,-2.43,0.06822283839751908,-2.1272395277907403,2.2636852045857783,-0.3137716262975778,-0.31058823529411766,False,granite-3.1-8b-base|s4
RedHatAI/granite-3.1-8b-base-FP8-dynamic,granite,granite-3.1-8b-base,fp8_dynamic,hellaswag,83.52,-0.06,0.17228448108455108,-0.4326041023893372,0.7771730645584394,-0.3137716262975778,-0.18169014084507043,True,granite-3.1-8b-base|s4
RedHatAI/granite-3.1-8b-base-FP8-dynamic,granite,granite-3.1-8b-base,fp8_dynamic,mmlu,63.33,0.02,-0.10564212038229359,-0.7700845604814855,0.5588003197168984,-0.3137716262975778,-0.47897058823529415,True,granite-3.1-8b-base|s4
RedHatAI/granite-3.1-8b-base-FP8-dynamic,granite,granite-3.1-8b-base,fp8_dynamic,truthfulqa,51.33,0.23,0.17767516582186582,-2.6793688210647617,3.0347191527084934,-0.3137716262975778,-0.17802816901408453,True,granite-3.1-8b-base|s4
RedHatAI/granite-3.1-8b-base-FP8-dynamic,granite,granite-3.1-8b-base,fp8_dynamic,winogrande,80.9,-0.24,0.19639750626147368,-1.6079255005096136,2.000720513032561,-0.3137716262975778,-0.14884057971014492,True,granite-3.1-8b-base|s4
RedHatAI/granite-3.1-8b-base-FP8-dynamic,granite,granite-3.1-8b-base,fp8_dynamic,humaneval,44.1,0.7,0.21003675431783764,-6.124500935222462,6.544574443858139,-0.3137716262975778,-0.31130434782608696,True,granite-3.1-8b-base|s4
RedHatAI/granite-3.1-8b-base-quantized.w4a16,granite,granite-3.1-8b-base,w4a16,arc_challenge,64.68,-2.31,-0.8796550049215948,-3.160749083018395,1.4014390731752053,-0.3137716262975778,-0.3283582089552239,True,granite-3.1-8b-base|s4
RedHatAI/granite-3.1-8b-base-quantized.w4a16,granite,granite-3.1-8b-base,w4a16,gsm8k,60.88,-5.99,-0.8545037552111001,-3.0499661213993594,1.3409586109771592,-0.3137716262975778,-0.31058823529411766,False,granite-3.1-8b-base|s4
RedHatAI/granite-3.1-8b-base-quantized.w4a16,granite,granite-3.1-8b-base,w4a16,hellaswag,83.52,-0.99,-0.7504421125240681,-1.3553306959979565,-0.14555352905017982,-0.3137716262975778,-0.18169014084507043,True,granite-3.1-8b-base|s4
RedHatAI/granite-3.1-8b-base-quantized.w4a16,granite,granite-3.1-8b-base,w4a16,mmlu,63.33,-0.55,-1.0283687139909126,-1.6928111540901045,-0.3639262738917206,-0.3137716262975778,-0.47897058823529415,True,granite-3.1-8b-base|s4
RedHatAI/granite-3.1-8b-base-quantized.w4a16,granite,granite-3.1-8b-base,w4a16,truthfulqa,51.33,-0.03,-0.7450514277867533,-3.602095414673381,2.1119925590998743,-0.3137716262975778,-0.17802816901408453,True,granite-3.1-8b-base|s4
RedHatAI/granite-3.1-8b-base-quantized.w4a16,granite,granite-3.1-8b-base,w4a16,winogrande,80.9,-1.66,-0.7263290873471454,-2.5306520941182327,1.077993919423942,-0.3137716262975778,-0.14884057971014492,True,granite-3.1-8b-base|s4
RedHatAI/granite-3.1-8b-base-quantized.w4a16,granite,granite-3.1-8b-base,w4a16,humaneval,44.1,-3.4,-0.7126898392907816,-7.047227528831082,5.621847850249519,-0.3137716262975778,-0.31130434782608696,True,granite-3.1-8b-base|s4
RedHatAI/granite-3.1-8b-base-quantized.w8a8,granite,granite-3.1-8b-base,w8a8_int,arc_challenge,64.68,-0.43,-0.3765918259253401,-2.65768590402214,1.90450225217146,-0.3137716262975778,-0.3283582089552239,True,granite-3.1-8b-base|s4
RedHatAI/granite-3.1-8b-base-quantized.w8a8,granite,granite-3.1-8b-base,w8a8_int,gsm8k,60.88,-0.38,-0.3514405762148454,-2.5469029424031047,1.844021789973414,-0.3137716262975778,-0.31058823529411766,True,granite-3.1-8b-base|s4
RedHatAI/granite-3.1-8b-base-quantized.w8a8,granite,granite-3.1-8b-base,w8a8_int,hellaswag,83.52,-0.3,-0.24737893352781337,-0.8522675170017017,0.3575096499460749,-0.3137716262975778,-0.18169014084507043,True,granite-3.1-8b-base|s4
RedHatAI/granite-3.1-8b-base-quantized.w8a8,granite,granite-3.1-8b-base,w8a8_int,mmlu,63.33,-0.17,-0.525305534994658,-1.18974797509385,0.13913690510453391,-0.3137716262975778,-0.47897058823529415,True,granite-3.1-8b-base|s4
RedHatAI/granite-3.1-8b-base-quantized.w8a8,granite,granite-3.1-8b-base,w8a8_int,truthfulqa,51.33,1.26,-0.2419882487904986,-3.099032235677126,2.615055738096129,-0.3137716262975778,-0.17802816901408453,True,granite-3.1-8b-base|s4
RedHatAI/granite-3.1-8b-base-quantized.w8a8,granite,granite-3.1-8b-base,w8a8_int,winogrande,80.9,-0.79,-0.22326590835089077,-2.027588915121978,1.5810570984201966,-0.3137716262975778,-0.14884057971014492,True,granite-3.1-8b-base|s4
RedHatAI/granite-3.1-8b-base-quantized.w8a8,granite,granite-3.1-8b-base,w8a8_int,humaneval,44.1,-1.0,-0.20962666029452678,-6.544164349834827,6.124911029245774,-0.3137716262975778,-0.31130434782608696,True,granite-3.1-8b-base|s4
RedHatAI/granite-3.1-8b-instruct-FP8-dynamic,granite,granite-3.1-8b-instruct,fp8_dynamic,arc_challenge,66.81,0.0,-0.050604975856201884,-2.2537742871530924,2.1525643354406885,-0.32523893805309734,-0.35955882352941176,True,granite-3.1-8b-instruct|s0
RedHatAI/granite-3.1-8b-instruct-FP8-dynamic,granite,granite-3.1-8b-instruct,fp8_dynamic,gsm8k,64.52,2.12,-0.14439953789757387,-2.2545037501674345,1.9657046743722866,-0.32523893805309734,-0.4835820895522388,False,granite-3.1-8b-instruct|s0
RedHatAI/granite-3.1-8b-instruct-FP8-dynamic,granite,granite-3.1-8b-instruct,fp8_dynamic,hellaswag,84.18,-0.02,0.08107450852042525,-0.5022159993673709,0.6643650164082213,-0.32523893805309734,-0.18442857142857144,True,granite-3.1-8b-instruct|s0
RedHatAI/granite-3.1-8b-instruct-FP8-dynamic,granite,granite-3.1-8b-instruct,fp8_dynamic,mmlu,65.52,-0.16,-0.16766470954489365,-0.8101207338996218,0.4747913148098345,-0.32523893805309734,-0.4745588235294118,True,granite-3.1-8b-instruct|s0
RedHatAI/granite-3.1-8b-instruct-FP8-dynamic,granite,granite-3.1-8b-instruct,fp8_dynamic,truthfulqa,60.57,-0.05,0.135892900975214,-2.6026431618806036,2.874428963831032,-0.32523893805309734,-0.13388059701492538,True,granite-3.1-8b-instruct|s0
RedHatAI/granite-3.1-8b-instruct-FP8-dynamic,granite,granite-3.1-8b-instruct,fp8_dynamic,winogrande,80.19,-0.24,0.1368231430832776,-1.656676746783437,1.930323032949992,-0.32523893805309734,-0.12521739130434784,True,granite-3.1-8b-instruct|s0
RedHatAI/granite-3.1-8b-instruct-FP8-dynamic,granite,granite-3.1-8b-instruct,fp8_dynamic,ifeval,74.1,-0.48,0.1892592524399056,-2.8275487454021744,3.206067250281986,-0.32523893805309734,-0.16857142857142857,True,granite-3.1-8b-instruct|s0
RedHatAI/granite-3.1-8b-instruct-FP8-dynamic,granite,granite-3.1-8b-instruct,fp8_dynamic,bbh,53.19,0.07,-0.2539886884500854,-1.2444734202453753,0.7364960433452046,-0.32523893805309734,-0.6456521739130434,True,granite-3.1-8b-instruct|s0
RedHatAI/granite-3.1-8b-instruct-FP8-dynamic,granite,granite-3.1-8b-instruct,fp8_dynamic,gpqa,31.76,0.82,0.488836522588196,-3.034126349393027,4.011799394569419,-0.32523893805309734,0.0692857142857143,True,granite-3.1-8b-instruct|s0
RedHatAI/granite-3.1-8b-instruct-FP8-dynamic,granite,granite-3.1-8b-instruct,fp8_dynamic,musr,46.01,1.33,0.588990148377086,-2.314425411110031,3.492405707864203,-0.32523893805309734,0.14500000000000002,True,granite-3.1-8b-instruct|s0
RedHatAI/granite-3.1-8b-instruct-FP8-dynamic,granite,granite-3.1-8b-instruct,fp8_dynamic,mmlu_pro,35.81,-0.09,-0.8576017362653298,-1.5576923483725746,-0.15751112415808477,-0.32523893805309734,-1.3960000000000001,False,granite-3.1-8b-instruct|s0
RedHatAI/granite-3.1-8b-instruct-FP8-dynamic,granite,granite-3.1-8b-instruct,fp8_dynamic,humaneval,71.0,-1.1,0.17319341655701403,-5.5021685647236,5.848555397837628,-0.32523893805309734,-0.23727272727272727,True,granite-3.1-8b-instruct|s0
RedHatAI/granite-3.1-8b-instruct-quantized.w4a16,granite,granite-3.1-8b-instruct,w4a16,arc_challenge,66.81,0.0,-0.7207050249183606,-2.923874336215251,1.4824642863785298,-0.32523893805309734,-0.35955882352941176,True,granite-3.1-8b-instruct|s0
RedHatAI/granite-3.1-8b-instruct-quantized.w4a16,granite,granite-3.1-8b-instruct,w4a16,gsm8k,64.52,1.14,-0.8144995869597327,-2.924603799229593,1.2956046253101279,-0.32523893805309734,-0.4835820895522388,True,granite-3.1-8b-instruct|s0
RedHatAI/granite-3.1-8b-instruct-quantized.w4a16,granite,granite-3.1-8b-instruct,w4a16,hellaswag,84.18,-0.56,-0.5890255405417335,-1.1723160484295296,-0.0057350326539373775,-0.32523893805309734,-0.18442857142857144,True,granite-3.1-8b-instruct|s0
RedHatAI/granite-3.1-8b-instruct-quantized.w4a16,granite,granite-3.1-8b-instruct,w4a16,mmlu,65.52,-1.27,-0.8377647586070525,-1.4802207829617806,-0.1953087342523243,-0.32523893805309734,-0.4745588235294118,True,granite-3.1-8b-instruct|s0
RedHatAI/granite-3.1-8b-instruct-quantized.w4a16,granite,granite-3.1-8b-instruct,w4a16,truthfulqa,60.57,-0.4,-0.5342071480869448,-3.2727432109427625,2.204328914768873,-0.32523893805309734,-0.13388059701492538,True,granite-3.1-8b-instruct|s0
RedHatAI/granite-3.1-8b-instruct-quantized.w4a16,granite,granite-3.1-8b-instruct,w4a16,winogrande,80.19,-1.82,-0.5332769059788812,-2.326776795845596,1.2602229838878332,-0.32523893805309734,-0.12521739130434784,True,granite-3.1-8b-instruct|s0
RedHatAI/granite-3.1-8b-instruct-quantized.w4a16,granite,granite-3.1-8b-instruct,w4a16,ifeval,74.01,-0.87,-0.480631625995933,-3.500840828945209,2.539577576953343,-0.32523893805309734,-0.16857142857142857,True,granite-3.1-8b-instruct|s0
RedHatAI/granite-3.1-8b-instruct-quantized.w4a16,granite,granite-3.1-8b-instruct,w4a16,bbh,53.19,-1.67,-0.9240887375122441,-1.914573469307534,0.06639599428304588,-0.32523893805309734,-0.6456521739130434,True,granite-3.1-8b-instruct|s0
RedHatAI/granite-3.1-8b-instruct-quantized.w4a16,granite,granite-3.1-8b-instruct,w4a16,gpqa,31.76,-1.85,-0.1812635264739628,-3.7042263984551855,3.3416993455072603,-0.32523893805309734,0.0692857142857143,True,granite-3.1-8b-instruct|s0
RedHatAI/granite-3.1-8b-instruct-quantized.w4a16,granite,granite-3.1-8b-instruct,w4a16,musr,46.01,-0.26,-0.0811099006850729,-2.98452546017219,2.822305658802044,-0.32523893805309734,0.14500000000000002,True,granite-3.1-8b-instruct|s0
RedHatAI/granite-3.1-8b-instruct-quantized.w4a16,granite,granite-3.1-8b-instruct,w4a16,mmlu_pro,35.81,-1.58,-1.5277017853274886,-2.2277923974347336,-0.8276111732202436,-0.32523893805309734,-1.3960000000000001,True,granite-3.1-8b-instruct|s0
RedHatAI/granite-3.1-8b-instruct-quantized.w4a16,granite,granite-3.1-8b-instruct,w4a16,humaneval,71.0,-0.5,-0.49690663250514466,-6.172268613785758,5.178455348775469,-0.32523893805309734,-0.23727272727272727,True,granite-3.1-8b-instruct|s0
RedHatAI/granite-3.1-8b-instruct-quantized.w8a8,granite,granite-3.1-8b-instruct,w8a8_int,arc_challenge,66.81,0.25,-0.3761353808771273,-2.5793046921740177,1.8270339304197631,-0.32523893805309734,-0.35955882352941176,True,granite-3.1-8b-instruct|s0
RedHatAI/granite-3.1-8b-instruct-quantized.w8a8,granite,granite-3.1-8b-instruct,w8a8_int,gsm8k,64.52,1.14,-0.4699299429184992,-2.58003415518836,1.6401742693513612,-0.32523893805309734,-0.4835820895522388,True,granite-3.1-8b-instruct|s0
RedHatAI/granite-3.1-8b-instruct-quantized.w8a8,granite,granite-3.1-8b-instruct,w8a8_int,hellaswag,84.18,-0.25,-0.24445589650050015,-0.8277464043882963,0.338834611387296,-0.32523893805309734,-0.18442857142857144,True,granite-3.1-8b-instruct|s0
RedHatAI/granite-3.1-8b-instruct-quantized.w8a8,granite,granite-3.1-8b-instruct,w8a8_int,mmlu,65.52,-0.49,-0.4931951145658191,-1.1356511389205473,0.14926090978890905,-0.32523893805309734,-0.4745588235294118,True,granite-3.1-8b-instruct|s0
RedHatAI/granite-3.1-8b-instruct-quantized.w8a8,granite,granite-3.1-8b-instruct,w8a8_int,truthfulqa,60.57,-0.55,-0.1896375040457114,-2.928173566901529,2.5488985588101065,-0.32523893805309734,-0.13388059701492538,True,granite-3.1-8b-instruct|s0
RedHatAI/granite-3.1-8b-instruct-quantized.w8a8,granite,granite-3.1-8b-instruct,w8a8_int,winogrande,80.19,-0.32,-0.1887072619376478,-1.9822071518043622,1.6047926279290667,-0.32523893805309734,-0.12521739130434784,True,granite-3.1-8b-instruct|s0
RedHatAI/granite-3.1-8b-instruct-quantized.w8a8,granite,granite-3.1-8b-instruct,w8a8_int,ifeval,74.01,-0.51,-0.13606198195469965,-3.1562711849039755,2.8841472209945764,-0.32523893805309734,-0.16857142857142857,True,granite-3.1-8b-instruct|s0
RedHatAI/granite-3.1-8b-instruct-quantized.w8a8,granite,granite-3.1-8b-instruct,w8a8_int,bbh,53.19,-0.6,-0.5795190934710108,-1.570003825266301,0.4109656383242791,-0.32523893805309734,-0.6456521739130434,True,granite-3.1-8b-instruct|s0
RedHatAI/granite-3.1-8b-instruct-quantized.w8a8,granite,granite-3.1-8b-instruct,w8a8_int,gpqa,31.76,-1.14,0.16330611756727065,-3.3596567544139524,3.6862689895484935,-0.32523893805309734,0.0692857142857143,True,granite-3.1-8b-instruct|s0
RedHatAI/granite-3.1-8b-instruct-quantized.w8a8,granite,granite-3.1-8b-instruct,w8a8_int,musr,46.01,-1.71,0.2634597433561604,-2.6399558161309566,3.1668753028432772,-0.32523893805309734,0.14500000000000002,True,granite-3.1-8b-instruct|s0
RedHatAI/granite-3.1-8b-instruct-quantized.w8a8,granite,granite-3.1-8b-instruct,w8a8_int,mmlu_pro,35.81,-0.4,-1.1831321412862552,-1.8832227533935002,-0.4830415291790102,-0.32523893805309734,-1.3960000000000001,False,granite-3.1-8b-instruct|s0
RedHatAI/granite-3.1-8b-instruct-quantized.w8a8,granite,granite-3.1-8b-instruct,w8a8_int,humaneval,71.0,-0.5,-0.1523369884639113,-5.827698969744525,5.523024992816702,-0.32523893805309734,-0.23727272727272727,True,granite-3.1-8b-instruct|s0
RedHatAI/granite-3.1-8b-instruct-FP8-dynamic,granite,granite-3.1-8b-instruct,fp8_dynamic,arc_challenge,66.81,0.0,-0.20559943798851807,-2.6483859685281623,2.237187092551126,-0.3671936056838366,-0.4101492537313433,True,granite-3.1-8b-instruct|s1
RedHatAI/granite-3.1-8b-instruct-FP8-dynamic,granite,granite-3.1-8b-instruct,fp8_dynamic,gsm8k,64.52,2.12,-0.505083157019657,-2.844682806187599,1.8345164921482853,-0.3671936056838366,-0.7685294117647059,False,granite-3.1-8b-instruct|s1
RedHatAI/granite-3.1-8b-instruct-FP8-dynamic,granite,granite-3.1-8b-instruct,fp8_dynamic,hellaswag,84.18,-0.02,-0.08451645717634931,-0.7312457796818446,0.5622128653291458,-0.3671936056838366,-0.25,True,granite-3.1-8b-instruct|s1
RedHatAI/granite-3.1-8b-instruct-FP8-dynamic,granite,granite-3.1-8b-instruct,fp8_dynamic,mmlu,65.52,-0.16,-0.29276836472143897,-1.0050980593620955,0.41956132991921746,-0.3671936056838366,-0.4910294117647059,True,granite-3.1-8b-instruct|s1
RedHatAI/granite-3.1-8b-instruct-FP8-dynamic,granite,granite-3.1-8b-instruct,fp8_dynamic,truthfulqa,60.57,-0.05,-0.06364647541526225,-3.1000263729744777,2.9727334221439534,-0.3671936056838366,-0.2376470588235294,True,granite-3.1-8b-instruct|s1
RedHatAI/granite-3.1-8b-instruct-FP8-dynamic,granite,granite-3.1-8b-instruct,fp8_dynamic,winogrande,80.19,-0.24,-0.049640552544417405,-2.0382019177677733,1.9389208126789383,-0.3671936056838366,-0.21521739130434783,True,granite-3.1-8b-instruct|s1
RedHatAI/granite-3.1-8b-instruct-FP8-dynamic,granite,granite-3.1-8b-instruct,fp8_dynamic,ifeval,74.1,-0.48,0.07703938895341877,-3.267877365544634,3.421956143451472,-0.3671936056838366,-0.174,True,granite-3.1-8b-instruct|s1
RedHatAI/granite-3.1-8b-instruct-FP8-dynamic,granite,granite-3.1-8b-instruct,fp8_dynamic,bbh,53.19,0.07,-0.6211844987281858,-1.7193945859549584,0.4770255884985868,-0.3671936056838366,-0.9413636363636364,True,granite-3.1-8b-instruct|s1
RedHatAI/granite-3.1-8b-instruct-FP8-dynamic,granite,granite-3.1-8b-instruct,fp8_dynamic,gpqa,31.76,0.82,0.7064458023741169,-3.1996753509752733,4.612566955723507,-0.3671936056838366,0.498235294117647,True,granite-3.1-8b-instruct|s1
RedHatAI/granite-3.1-8b-instruct-FP8-dynamic,granite,granite-3.1-8b-instruct,fp8_dynamic,musr,46.01,1.33,0.4080581316109085,-2.811133595918836,3.627249859140653,-0.3671936056838366,0.092,True,granite-3.1-8b-instruct|s1
RedHatAI/granite-3.1-8b-instruct-FP8-dynamic,granite,granite-3.1-8b-instruct,fp8_dynamic,mmlu_pro,35.81,-0.09,-0.7103719355338243,-1.4866045694234749,0.06586069835582631,-0.3671936056838366,-1.08,True,granite-3.1-8b-instruct|s1
RedHatAI/granite-3.1-8b-instruct-FP8-dynamic,granite,granite-3.1-8b-instruct,fp8_dynamic,humaneval,71.0,-1.1,0.15462160779115436,-6.137994094834187,6.447237310416495,-0.3671936056838366,-0.13499999999999998,True,granite-3.1-8b-instruct|s1
RedHatAI/granite-3.1-8b-instruct-quantized.w4a16,granite,granite-3.1-8b-instruct,w4a16,arc_challenge,66.81,0.0,-0.8410818407933262,-3.28386837133297,1.601704689746318,-0.3671936056838366,-0.4101492537313433,True,granite-3.1-8b-instruct|s1
RedHatAI/granite-3.1-8b-instruct-quantized.w4a16,granite,granite-3.1-8b-instruct,w4a16,gsm8k,64.52,1.14,-1.1405655598244653,-3.4801652089924078,1.199034089343477,-0.3671936056838366,-0.7685294117647059,True,granite-3.1-8b-instruct|s1
RedHatAI/granite-3.1-8b-instruct-quantized.w4a16,granite,granite-3.1-8b-instruct,w4a16,hellaswag,84.18,-0.56,-0.7199988599811573,-1.3667281824866526,-0.07326953747566212,-0.3671936056838366,-0.25,True,granite-3.1-8b-instruct|s1
RedHatAI/granite-3.1-8b-instruct-quantized.w4a16,granite,granite-3.1-8b-instruct,w4a16,mmlu,65.52,-1.27,-0.928250767526247,-1.6405804621669033,-0.2159210728855906,-0.3671936056838366,-0.4910294117647059,True,granite-3.1-8b-instruct|s1
RedHatAI/granite-3.1-8b-instruct-quantized.w4a16,granite,granite-3.1-8b-instruct,w4a16,truthfulqa,60.57,-0.4,-0.6991288782200704,-3.735508775779286,2.337251019339145,-0.3671936056838366,-0.2376470588235294,True,granite-3.1-8b-instruct|s1
RedHatAI/granite-3.1-8b-instruct-quantized.w4a16,granite,granite-3.1-8b-instruct,w4a16,winogrande,80.19,-1.82,-0.6851229553492253,-2.673684320572581,1.3034384098741305,-0.3671936056838366,-0.21521739130434783,True,granite-3.1-8b-instruct|s1
RedHatAI/granite-3.1-8b-instruct-quantized.w4a16,granite,granite-3.1-8b-instruct,w4a16,ifeval,74.01,-0.87,-0.5582362523564743,-3.906924127839582,2.7904516231266334,-0.3671936056838366,-0.174,True,granite-3.1-8b-instruct|s1
RedHatAI/granite-3.1-8b-instruct-quantized.w4a16,granite,granite-3.1-8b-instruct,w4a16,bbh,53.19,-1.67,-1.256666901532994,-2.3548769887597665,-0.1584568143062215,-0.3671936056838366,-0.9413636363636364,True,granite-3.1-8b-instruct|s1
RedHatAI/granite-3.1-8b-instruct-quantized.w4a16,granite,granite-3.1-8b-instruct,w4a16,gpqa,31.76,-1.85,0.0709633995693088,-3.8351577537800816,3.977084552918699,-0.3671936056838366,0.498235294117647,True,granite-3.1-8b-instruct|s1
RedHatAI/granite-3.1-8b-instruct-quantized.w4a16,granite,granite-3.1-8b-instruct,w4a16,musr,46.01,-0.26,-0.2274242711938996,-3.4466159987236438,2.991767456335845,-0.3671936056838366,0.092,True,granite-3.1-8b-instruct|s1
RedHatAI/granite-3.1-8b-instruct-quantized.w4a16,granite,granite-3.1-8b-instruct,w4a16,mmlu_pro,35.81,-1.58,-1.3458543383386323,-2.122086972228283,-0.5696217044489817,-0.3671936056838366,-1.08,True,granite-3.1-8b-instruct|s1
RedHatAI/granite-3.1-8b-instruct-quantized.w4a16,granite,granite-3.1-8b-instruct,w4a16,humaneval,71.0,-0.5,-0.48086079501365375,-6.7734764976389945,5.811754907611687,-0.3671936056838366,-0.13499999999999998,True,granite-3.1-8b-instruct|s1
RedHatAI/granite-3.1-8b-instruct-quantized.w8a8,granite,granite-3.1-8b-instruct,w8a8_int,arc_challenge,66.81,0.25,-0.4317946749824066,-2.8745812055220505,2.0109918555572377,-0.3671936056838366,-0.4101492537313433,True,granite-3.1-8b-instruct|s1
RedHatAI/granite-3.1-8b-instruct-quantized.w8a8,granite,granite-3.1-8b-instruct,w8a8_int,gsm8k,64.52,1.14,-0.7312783940135456,-3.0708780431814877,1.6083212551543968,-0.3671936056838366,-0.7685294117647059,True,granite-3.1-8b-instruct|s1
RedHatAI/granite-3.1-8b-instruct-quantized.w8a8,granite,granite-3.1-8b-instruct,w8a8_int,hellaswag,84.18,-0.25,-0.3107116941702378,-0.957441016675733,0.3360176283352574,-0.3671936056838366,-0.25,True,granite-3.1-8b-instruct|s1
RedHatAI/granite-3.1-8b-instruct-quantized.w8a8,granite,granite-3.1-8b-instruct,w8a8_int,mmlu,65.52,-0.49,-0.5189636017153274,-1.2312932963559837,0.19336609292532903,-0.3671936056838366,-0.4910294117647059,True,granite-3.1-8b-instruct|s1
RedHatAI/granite-3.1-8b-instruct-quantized.w8a8,granite,granite-3.1-8b-instruct,w8a8_int,truthfulqa,60.57,-0.55,-0.2898417124091508,-3.3262216099683664,2.7465381851500648,-0.3671936056838366,-0.2376470588235294,True,granite-3.1-8b-instruct|s1
RedHatAI/granite-3.1-8b-instruct-quantized.w8a8,granite,granite-3.1-8b-instruct,w8a8_int,winogrande,80.19,-0.32,-0.27583578953830584,-2.2643971547616615,1.71272557568505,-0.3671936056838366,-0.21521739130434783,True,granite-3.1-8b-instruct|s1
RedHatAI/granite-3.1-8b-instruct-quantized.w8a8,granite,granite-3.1-8b-instruct,w8a8_int,ifeval,74.01,-0.51,-0.14894908654555472,-3.4976369620286625,3.199738788937553,-0.3671936056838366,-0.174,True,granite-3.1-8b-instruct|s1
RedHatAI/granite-3.1-8b-instruct-quantized.w8a8,granite,granite-3.1-8b-instruct,w8a8_int,bbh,53.19,-0.6,-0.8473797357220745,-1.945589822948847,0.2508303515046981,-0.3671936056838366,-0.9413636363636364,True,granite-3.1-8b-instruct|s1
RedHatAI/granite-3.1-8b-instruct-quantized.w8a8,granite,granite-3.1-8b-instruct,w8a8_int,gpqa,31.76,-1.14,0.4802505653802282,-3.425870587969162,4.3863717187296185,-0.3671936056838366,0.498235294117647,True,granite-3.1-8b-instruct|s1
RedHatAI/granite-3.1-8b-instruct-quantized.w8a8,granite,granite-3.1-8b-instruct,w8a8_int,musr,46.01,-1.71,0.18186289461702004,-3.037328832912724,3.4010546221467646,-0.3671936056838366,0.092,True,granite-3.1-8b-instruct|s1
RedHatAI/granite-3.1-8b-instruct-quantized.w8a8,granite,granite-3.1-8b-instruct,w8a8_int,mmlu_pro,35.81,-0.4,-0.9365671725277127,-1.7127998064173633,-0.16033453863806213,-0.3671936056838366,-1.08,True,granite-3.1-8b-instruct|s1
RedHatAI/granite-3.1-8b-instruct-quantized.w8a8,granite,granite-3.1-8b-instruct,w8a8_int,humaneval,71.0,-0.5,-0.07157362920273413,-6.364189331828075,6.221042073422606,-0.3671936056838366,-0.13499999999999998,True,granite-3.1-8b-instruct|s1
RedHatAI/granite-3.1-8b-instruct-FP8-dynamic,granite,granite-3.1-8b-instruct,fp8_dynamic,arc_challenge,66.81,0.0,-0.16266799262691062,-3.259527368267757,2.9341913830139355,-0.3644268774703557,-0.33492063492063495,True,granite-3.1-8b-instruct|s2
RedHatAI/granite-3.1-8b-instruct-FP8-dynamic,granite,granite-3.1-8b-instruct,fp8_dynamic,gsm8k,64.52,2.12,-0.6279955423436788,-3.5940390415155727,2.3380479568282153,-0.3644268774703557,-0.8514062499999999,True,granite-3.1-8b-instruct|s2
RedHatAI/granite-3.1-8b-instruct-FP8-dynamic,granite,granite-3.1-8b-instruct,fp8_dynamic,hellaswag,84.18,-0.02,-0.07329607928342635,-0.8931916128733155,0.7465994543064627,-0.3644268774703557,-0.2874626865671642,True,granite-3.1-8b-instruct|s2
RedHatAI/granite-3.1-8b-instruct-FP8-dynamic,granite,granite-3.1-8b-instruct,fp8_dynamic,mmlu,65.52,-0.16,-0.25375478829935233,-1.1568156435219192,0.6493060669232147,-0.3644268774703557,-0.41484375,True,granite-3.1-8b-instruct|s2
RedHatAI/granite-3.1-8b-instruct-FP8-dynamic,granite,granite-3.1-8b-instruct,fp8_dynamic,truthfulqa,60.57,-0.05,-0.035201793873982756,-3.884593231154566,3.8141896434066003,-0.3644268774703557,-0.2137878787878788,True,granite-3.1-8b-instruct|s2
RedHatAI/granite-3.1-8b-instruct-FP8-dynamic,granite,granite-3.1-8b-instruct,fp8_dynamic,winogrande,80.19,-0.24,-0.03832840057841802,-2.5593407080143287,2.482683906857493,-0.3644268774703557,-0.23895522388059698,True,granite-3.1-8b-instruct|s2
RedHatAI/granite-3.1-8b-instruct-FP8-dynamic,granite,granite-3.1-8b-instruct,fp8_dynamic,ifeval,74.1,-0.48,-0.14764566095426554,-4.388186814428312,4.092895492519781,-0.3644268774703557,-0.3825,True,granite-3.1-8b-instruct|s2
RedHatAI/granite-3.1-8b-instruct-FP8-dynamic,granite,granite-3.1-8b-instruct,fp8_dynamic,bbh,53.19,0.07,-0.475140963296163,-1.8674043324167777,0.9171224058244518,-0.3644268774703557,-0.7546153846153847,True,granite-3.1-8b-instruct|s2
RedHatAI/granite-3.1-8b-instruct-FP8-dynamic,granite,granite-3.1-8b-instruct,fp8_dynamic,gpqa,31.76,0.82,0.6546769492202118,-4.29733492938908,5.606688827829504,-0.3644268774703557,0.4659999999999999,True,granite-3.1-8b-instruct|s2
RedHatAI/granite-3.1-8b-instruct-FP8-dynamic,granite,granite-3.1-8b-instruct,fp8_dynamic,musr,46.01,1.33,0.3161425337024512,-3.765009854665914,4.397294922070817,-0.3644268774703557,0.037142857142857144,True,granite-3.1-8b-instruct|s2
RedHatAI/granite-3.1-8b-instruct-FP8-dynamic,granite,granite-3.1-8b-instruct,fp8_dynamic,mmlu_pro,35.81,-0.09,-0.37394438652959505,-1.3580186312031577,0.6101298581439677,-0.3644268774703557,-0.6406666666666666,True,granite-3.1-8b-instruct|s2
RedHatAI/granite-3.1-8b-instruct-FP8-dynamic,granite,granite-3.1-8b-instruct,fp8_dynamic,humaneval,71.0,-1.1,0.011284119567166684,-7.966222589410422,7.988790828544755,-0.3644268774703557,-0.2634782608695652,True,granite-3.1-8b-instruct|s2
RedHatAI/granite-3.1-8b-instruct-quantized.w4a16,granite,granite-3.1-8b-instruct,w4a16,arc_challenge,66.81,0.0,-0.8712448485314639,-3.9681042241723103,2.225614527109382,-0.3644268774703557,-0.33492063492063495,True,granite-3.1-8b-instruct|s2
RedHatAI/granite-3.1-8b-instruct-quantized.w4a16,granite,granite-3.1-8b-instruct,w4a16,gsm8k,64.52,1.14,-1.3365723982482323,-4.302615897420126,1.6294711009236618,-0.3644268774703557,-0.8514062499999999,True,granite-3.1-8b-instruct|s2
RedHatAI/granite-3.1-8b-instruct-quantized.w4a16,granite,granite-3.1-8b-instruct,w4a16,hellaswag,84.18,-0.56,-0.7818729351879797,-1.6017684687778688,0.03802259840190936,-0.3644268774703557,-0.2874626865671642,True,granite-3.1-8b-instruct|s2
RedHatAI/granite-3.1-8b-instruct-quantized.w4a16,granite,granite-3.1-8b-instruct,w4a16,mmlu,65.52,-1.27,-0.9623316442039056,-1.8653924994264726,-0.05927078898133864,-0.3644268774703557,-0.41484375,True,granite-3.1-8b-instruct|s2
RedHatAI/granite-3.1-8b-instruct-quantized.w4a16,granite,granite-3.1-8b-instruct,w4a16,truthfulqa,60.57,-0.4,-0.7437786497785359,-4.593170087059119,3.1056127875020474,-0.3644268774703557,-0.2137878787878788,True,granite-3.1-8b-instruct|s2
RedHatAI/granite-3.1-8b-instruct-quantized.w4a16,granite,granite-3.1-8b-instruct,w4a16,winogrande,80.19,-1.82,-0.7469052564829715,-3.267917563918882,1.7741070509529393,-0.3644268774703557,-0.23895522388059698,True,granite-3.1-8b-instruct|s2
RedHatAI/granite-3.1-8b-instruct-quantized.w4a16,granite,granite-3.1-8b-instruct,w4a16,ifeval,74.01,-0.87,-0.8566458118685826,-5.101967829832111,3.388676206094946,-0.3644268774703557,-0.3825,True,granite-3.1-8b-instruct|s2
RedHatAI/granite-3.1-8b-instruct-quantized.w4a16,granite,granite-3.1-8b-instruct,w4a16,bbh,53.19,-1.67,-1.1837178192007165,-2.5759811883213315,0.20854554991989827,-0.3644268774703557,-0.7546153846153847,True,granite-3.1-8b-instruct|s2
RedHatAI/granite-3.1-8b-instruct-quantized.w4a16,granite,granite-3.1-8b-instruct,w4a16,gpqa,31.76,-1.85,-0.05389990668434158,-5.005911785293633,4.89811197192495,-0.3644268774703557,0.4659999999999999,True,granite-3.1-8b-instruct|s2
RedHatAI/granite-3.1-8b-instruct-quantized.w4a16,granite,granite-3.1-8b-instruct,w4a16,musr,46.01,-0.26,-0.3924343222021021,-4.473586710570467,3.6887180661662633,-0.3644268774703557,0.037142857142857144,True,granite-3.1-8b-instruct|s2
RedHatAI/granite-3.1-8b-instruct-quantized.w4a16,granite,granite-3.1-8b-instruct,w4a16,mmlu_pro,35.81,-1.58,-1.0825212424341484,-2.066595487107711,-0.09844699776058563,-0.3644268774703557,-0.6406666666666666,True,granite-3.1-8b-instruct|s2
RedHatAI/granite-3.1-8b-instruct-quantized.w4a16,granite,granite-3.1-8b-instruct,w4a16,humaneval,71.0,-0.5,-0.6972927363373865,-8.674799445314974,7.280213972640202,-0.3644268774703557,-0.2634782608695652,True,granite-3.1-8b-instruct|s2
RedHatAI/granite-3.1-8b-instruct-quantized.w8a8,granite,granite-3.1-8b-instruct,w8a8_int,arc_challenge,66.81,0.25,-0.27656490756205854,-3.3734242832029047,2.820294468078788,-0.3644268774703557,-0.33492063492063495,True,granite-3.1-8b-instruct|s2
RedHatAI/granite-3.1-8b-instruct-quantized.w8a8,granite,granite-3.1-8b-instruct,w8a8_int,gsm8k,64.52,1.14,-0.7418924572788267,-3.707935956450721,2.2241510418930672,-0.3644268774703557,-0.8514062499999999,True,granite-3.1-8b-instruct|s2
RedHatAI/granite-3.1-8b-instruct-quantized.w8a8,granite,granite-3.1-8b-instruct,w8a8_int,hellaswag,84.18,-0.25,-0.18719299421857427,-1.0070885278084634,0.6327025393713148,-0.3644268774703557,-0.2874626865671642,True,granite-3.1-8b-instruct|s2
RedHatAI/granite-3.1-8b-instruct-quantized.w8a8,granite,granite-3.1-8b-instruct,w8a8_int,mmlu,65.52,-0.49,-0.36765170323450025,-1.2707125584570673,0.5354091519880667,-0.3644268774703557,-0.41484375,True,granite-3.1-8b-instruct|s2
RedHatAI/granite-3.1-8b-instruct-quantized.w8a8,granite,granite-3.1-8b-instruct,w8a8_int,truthfulqa,60.57,-0.55,-0.14909870880913068,-3.998490146089714,3.700292728471452,-0.3644268774703557,-0.2137878787878788,True,granite-3.1-8b-instruct|s2
RedHatAI/granite-3.1-8b-instruct-quantized.w8a8,granite,granite-3.1-8b-instruct,w8a8_int,winogrande,80.19,-0.32,-0.15222531551356594,-2.6732376229494768,2.3687869919223448,-0.3644268774703557,-0.23895522388059698,True,granite-3.1-8b-instruct|s2
RedHatAI/granite-3.1-8b-instruct-quantized.w8a8,granite,granite-3.1-8b-instruct,w8a8_int,ifeval,74.01,-0.51,-0.26196587089917706,-4.507287888862705,3.983356147064351,-0.3644268774703557,-0.3825,True,granite-3.1-8b-instruct|s2
RedHatAI/granite-3.1-8b-instruct-quantized.w8a8,granite,granite-3.1-8b-instruct,w8a8_int,bbh,53.19,-0.6,-0.5890378782313109,-1.9813012473519258,0.8032254908893038,-0.3644268774703557,-0.7546153846153847,True,granite-3.1-8b-instruct|s2
RedHatAI/granite-3.1-8b-instruct-quantized.w8a8,granite,granite-3.1-8b-instruct,w8a8_int,gpqa,31.76,-1.14,0.5407800342850637,-4.411231844324228,5.492791912894355,-0.3644268774703557,0.4659999999999999,True,granite-3.1-8b-instruct|s2
RedHatAI/granite-3.1-8b-instruct-quantized.w8a8,granite,granite-3.1-8b-instruct,w8a8_int,musr,46.01,-1.71,0.20224561876730346,-3.8789067696010617,4.283398007135669,-0.3644268774703557,0.037142857142857144,True,granite-3.1-8b-instruct|s2
RedHatAI/granite-3.1-8b-instruct-quantized.w8a8,granite,granite-3.1-8b-instruct,w8a8_int,mmlu_pro,35.81,-0.4,-0.487841301464743,-1.4719155461383058,0.4962329432088197,-0.3644268774703557,-0.6406666666666666,True,granite-3.1-8b-instruct|s2
RedHatAI/granite-3.1-8b-instruct-quantized.w8a8,granite,granite-3.1-8b-instruct,w8a8_int,humaneval,71.0,-0.5,-0.10261279536798129,-8.08011950434557,7.874893913609608,-0.3644268774703557,-0.2634782608695652,True,granite-3.1-8b-instruct|s2
RedHatAI/granite-3.1-8b-instruct-FP8-dynamic,granite,granite-3.1-8b-instruct,fp8_dynamic,arc_challenge,66.81,0.0,-0.09915085643331603,-1.97075940519449,1.7724576923278579,-0.3441093474426808,-0.3828358208955224,True,granite-3.1-8b-instruct|s3
RedHatAI/granite-3.1-8b-instruct-FP8-dynamic,granite,granite-3.1-8b-instruct,fp8_dynamic,gsm8k,64.52,2.12,-0.3273232102461728,-2.1198722722774037,1.4652258517850583,-0.3441093474426808,-0.6349999999999999,False,granite-3.1-8b-instruct|s3
RedHatAI/granite-3.1-8b-instruct-FP8-dynamic,granite,granite-3.1-8b-instruct,fp8_dynamic,hellaswag,84.18,-0.02,0.12290777478002718,-0.37260180561233247,0.6184173551723868,-0.3441093474426808,-0.1872857142857143,True,granite-3.1-8b-instruct|s3
RedHatAI/granite-3.1-8b-instruct-FP8-dynamic,granite,granite-3.1-8b-instruct,fp8_dynamic,mmlu,65.52,-0.16,-0.20026241988527096,-0.7460335420681689,0.345508702297627,-0.3441093474426808,-0.47567164179104476,True,granite-3.1-8b-instruct|s3
RedHatAI/granite-3.1-8b-instruct-FP8-dynamic,granite,granite-3.1-8b-instruct,fp8_dynamic,truthfulqa,60.57,-0.05,0.13663475178171103,-2.1897717935757233,2.4630412971391453,-0.3441093474426808,-0.1384057971014493,True,granite-3.1-8b-instruct|s3
RedHatAI/granite-3.1-8b-instruct-FP8-dynamic,granite,granite-3.1-8b-instruct,fp8_dynamic,winogrande,80.19,-0.24,0.08649856058763061,-1.437092798853027,1.6100899200282885,-0.3441093474426808,-0.2101470588235294,True,granite-3.1-8b-instruct|s3
RedHatAI/granite-3.1-8b-instruct-FP8-dynamic,granite,granite-3.1-8b-instruct,fp8_dynamic,ifeval,74.1,-0.48,-0.01891125509845404,-2.5817118577487546,2.5438893475518465,-0.3441093474426808,-0.3745,True,granite-3.1-8b-instruct|s3
RedHatAI/granite-3.1-8b-instruct-FP8-dynamic,granite,granite-3.1-8b-instruct,fp8_dynamic,bbh,53.19,0.07,-0.38315590558356605,-1.2245799767795509,0.4582681656124187,-0.3441093474426808,-0.805,True,granite-3.1-8b-instruct|s3
RedHatAI/granite-3.1-8b-instruct-FP8-dynamic,granite,granite-3.1-8b-instruct,fp8_dynamic,gpqa,31.76,0.82,0.7545221314077493,-2.2382607629250346,3.747305025740533,-0.3441093474426808,0.4568421052631579,True,granite-3.1-8b-instruct|s3
RedHatAI/granite-3.1-8b-instruct-FP8-dynamic,granite,granite-3.1-8b-instruct,fp8_dynamic,musr,46.01,1.33,0.8069412643098486,-1.6595316272100271,3.273414155829724,-0.3441093474426808,0.344,True,granite-3.1-8b-instruct|s3
RedHatAI/granite-3.1-8b-instruct-FP8-dynamic,granite,granite-3.1-8b-instruct,fp8_dynamic,mmlu_pro,35.81,-0.09,-0.8875648124336367,-1.482296941194118,-0.2928326836731555,-0.3441093474426808,-1.3843478260869566,False,granite-3.1-8b-instruct|s3
RedHatAI/granite-3.1-8b-instruct-FP8-dynamic,granite,granite-3.1-8b-instruct,fp8_dynamic,humaneval,71.0,-1.1,0.0768729369096871,-4.744388845838322,4.898134719657697,-0.3441093474426808,-0.36,True,granite-3.1-8b-instruct|s3
RedHatAI/granite-3.1-8b-instruct-quantized.w4a16,granite,granite-3.1-8b-instruct,w4a16,arc_challenge,66.81,0.0,-1.0754430973753417,-2.947051646136516,0.7961654513858323,-0.3441093474426808,-0.3828358208955224,True,granite-3.1-8b-instruct|s3
RedHatAI/granite-3.1-8b-instruct-quantized.w4a16,granite,granite-3.1-8b-instruct,w4a16,gsm8k,64.52,1.14,-1.3036154511881985,-3.0961645132194295,0.48893361084303244,-0.3441093474426808,-0.6349999999999999,False,granite-3.1-8b-instruct|s3
RedHatAI/granite-3.1-8b-instruct-quantized.w4a16,granite,granite-3.1-8b-instruct,w4a16,hellaswag,84.18,-0.56,-0.8533844661619985,-1.3488940465543582,-0.35787488576963883,-0.3441093474426808,-0.1872857142857143,True,granite-3.1-8b-instruct|s3
RedHatAI/granite-3.1-8b-instruct-quantized.w4a16,granite,granite-3.1-8b-instruct,w4a16,mmlu,65.52,-1.27,-1.1765546608272968,-1.7223257830101946,-0.6307835386443988,-0.3441093474426808,-0.47567164179104476,True,granite-3.1-8b-instruct|s3
RedHatAI/granite-3.1-8b-instruct-quantized.w4a16,granite,granite-3.1-8b-instruct,w4a16,truthfulqa,60.57,-0.4,-0.8396574891603147,-3.166064034517749,1.4867490561971195,-0.3441093474426808,-0.1384057971014493,True,granite-3.1-8b-instruct|s3
RedHatAI/granite-3.1-8b-instruct-quantized.w4a16,granite,granite-3.1-8b-instruct,w4a16,winogrande,80.19,-1.82,-0.8897936803543951,-2.413385039795053,0.6337976790862627,-0.3441093474426808,-0.2101470588235294,True,granite-3.1-8b-instruct|s3
RedHatAI/granite-3.1-8b-instruct-quantized.w4a16,granite,granite-3.1-8b-instruct,w4a16,ifeval,74.01,-0.87,-0.9955415003728443,-3.5612314517999626,1.570148451054274,-0.3441093474426808,-0.3745,True,granite-3.1-8b-instruct|s3
RedHatAI/granite-3.1-8b-instruct-quantized.w4a16,granite,granite-3.1-8b-instruct,w4a16,bbh,53.19,-1.67,-1.3594481465255919,-2.2008722177215767,-0.5180240753296071,-0.3441093474426808,-0.805,True,granite-3.1-8b-instruct|s3
RedHatAI/granite-3.1-8b-instruct-quantized.w4a16,granite,granite-3.1-8b-instruct,w4a16,gpqa,31.76,-1.85,-0.22177010953427628,-3.21455300386706,2.7710127847985078,-0.3441093474426808,0.4568421052631579,True,granite-3.1-8b-instruct|s3
RedHatAI/granite-3.1-8b-instruct-quantized.w4a16,granite,granite-3.1-8b-instruct,w4a16,musr,46.01,-0.26,-0.16935097663217746,-2.635823868152053,2.2971219148876982,-0.3441093474426808,0.344,True,granite-3.1-8b-instruct|s3
RedHatAI/granite-3.1-8b-instruct-quantized.w4a16,granite,granite-3.1-8b-instruct,w4a16,mmlu_pro,35.81,-1.58,-1.8638570533756624,-2.4585891821361434,-1.2691249246151812,-0.3441093474426808,-1.3843478260869566,True,granite-3.1-8b-instruct|s3
RedHatAI/granite-3.1-8b-instruct-quantized.w4a16,granite,granite-3.1-8b-instruct,w4a16,humaneval,71.0,-0.5,-0.8994193040323384,-5.720681086780347,3.921842478715671,-0.3441093474426808,-0.36,True,granite-3.1-8b-instruct|s3
RedHatAI/granite-3.1-8b-instruct-quantized.w8a8,granite,granite-3.1-8b-instruct,w8a8_int,arc_challenge,66.81,0.25,-0.37253762622008796,-2.244146174981262,1.499070922541086,-0.3441093474426808,-0.3828358208955224,True,granite-3.1-8b-instruct|s3
RedHatAI/granite-3.1-8b-instruct-quantized.w8a8,granite,granite-3.1-8b-instruct,w8a8_int,gsm8k,64.52,1.14,-0.6007099800329447,-2.3932590420641757,1.1918390819982863,-0.3441093474426808,-0.6349999999999999,True,granite-3.1-8b-instruct|s3
RedHatAI/granite-3.1-8b-instruct-quantized.w8a8,granite,granite-3.1-8b-instruct,w8a8_int,hellaswag,84.18,-0.25,-0.15047899500674475,-0.6459885753991044,0.34503058538561493,-0.3441093474426808,-0.1872857142857143,True,granite-3.1-8b-instruct|s3
RedHatAI/granite-3.1-8b-instruct-quantized.w8a8,granite,granite-3.1-8b-instruct,w8a8_int,mmlu,65.52,-0.49,-0.47364918967204284,-1.0194203118549408,0.07212193251085508,-0.3441093474426808,-0.47567164179104476,True,granite-3.1-8b-instruct|s3
RedHatAI/granite-3.1-8b-instruct-quantized.w8a8,granite,granite-3.1-8b-instruct,w8a8_int,truthfulqa,60.57,-0.55,-0.1367520180050609,-2.4631585633624953,2.1896545273523733,-0.3441093474426808,-0.1384057971014493,True,granite-3.1-8b-instruct|s3
RedHatAI/granite-3.1-8b-instruct-quantized.w8a8,granite,granite-3.1-8b-instruct,w8a8_int,winogrande,80.19,-0.32,-0.1868882091991414,-1.710479568639799,1.3367031502415165,-0.3441093474426808,-0.2101470588235294,True,granite-3.1-8b-instruct|s3
RedHatAI/granite-3.1-8b-instruct-quantized.w8a8,granite,granite-3.1-8b-instruct,w8a8_int,ifeval,74.01,-0.51,-0.2926360292175906,-2.8583259806447088,2.273053922209528,-0.3441093474426808,-0.3745,True,granite-3.1-8b-instruct|s3
RedHatAI/granite-3.1-8b-instruct-quantized.w8a8,granite,granite-3.1-8b-instruct,w8a8_int,bbh,53.19,-0.6,-0.6565426753703381,-1.497966746566323,0.18488139582564667,-0.3441093474426808,-0.805,True,granite-3.1-8b-instruct|s3
RedHatAI/granite-3.1-8b-instruct-quantized.w8a8,granite,granite-3.1-8b-instruct,w8a8_int,gpqa,31.76,-1.14,0.4811353616209775,-2.511647532711806,3.4739182559537616,-0.3441093474426808,0.4568421052631579,True,granite-3.1-8b-instruct|s3
RedHatAI/granite-3.1-8b-instruct-quantized.w8a8,granite,granite-3.1-8b-instruct,w8a8_int,musr,46.01,-1.71,0.5335544945230764,-1.9329183969967993,3.000027386042952,-0.3441093474426808,0.344,True,granite-3.1-8b-instruct|s3
RedHatAI/granite-3.1-8b-instruct-quantized.w8a8,granite,granite-3.1-8b-instruct,w8a8_int,mmlu_pro,35.81,-0.4,-1.1609515822204086,-1.7556837109808898,-0.5662194534599274,-0.3441093474426808,-1.3843478260869566,False,granite-3.1-8b-instruct|s3
RedHatAI/granite-3.1-8b-instruct-quantized.w8a8,granite,granite-3.1-8b-instruct,w8a8_int,humaneval,71.0,-0.5,-0.19651383287708477,-5.017775615625094,4.624747949870924,-0.3441093474426808,-0.36,True,granite-3.1-8b-instruct|s3
RedHatAI/granite-3.1-8b-instruct-FP8-dynamic,granite,granite-3.1-8b-instruct,fp8_dynamic,arc_challenge,66.81,0.0,-0.20586826457858268,-2.2396945785800244,1.8279580494228589,-0.37516423357664236,-0.4683333333333333,True,granite-3.1-8b-instruct|s4
RedHatAI/granite-3.1-8b-instruct-FP8-dynamic,granite,granite-3.1-8b-instruct,fp8_dynamic,gsm8k,64.52,2.12,-0.2685145606015262,-2.2164290718441935,1.6793999506411412,-0.37516423357664236,-0.5539705882352941,False,granite-3.1-8b-instruct|s4
RedHatAI/granite-3.1-8b-instruct-FP8-dynamic,granite,granite-3.1-8b-instruct,fp8_dynamic,hellaswag,84.18,-0.02,-0.01494476922943122,-0.5534016084594339,0.5235120700005714,-0.37516423357664236,-0.22842857142857143,True,granite-3.1-8b-instruct|s4
RedHatAI/granite-3.1-8b-instruct-FP8-dynamic,granite,granite-3.1-8b-instruct,fp8_dynamic,mmlu,65.52,-0.16,-0.28184843255416064,-0.8749231278222445,0.3112262627139231,-0.37516423357664236,-0.527910447761194,True,granite-3.1-8b-instruct|s4
RedHatAI/granite-3.1-8b-instruct-FP8-dynamic,granite,granite-3.1-8b-instruct,fp8_dynamic,truthfulqa,60.57,-0.05,-0.04982636891878511,-2.577869346786643,2.4782166089490727,-0.37516423357664236,-0.28880597014925374,True,granite-3.1-8b-instruct|s4
RedHatAI/granite-3.1-8b-instruct-FP8-dynamic,granite,granite-3.1-8b-instruct,fp8_dynamic,winogrande,80.19,-0.24,-0.0770133165838991,-1.7326587776322018,1.5786321444644036,-0.37516423357664236,-0.3008823529411765,True,granite-3.1-8b-instruct|s4
RedHatAI/granite-3.1-8b-instruct-FP8-dynamic,granite,granite-3.1-8b-instruct,fp8_dynamic,ifeval,74.1,-0.48,0.15440523418718988,-2.6305207625758475,2.939331230950227,-0.37516423357664236,-0.19799999999999998,True,granite-3.1-8b-instruct|s4
RedHatAI/granite-3.1-8b-instruct-FP8-dynamic,granite,granite-3.1-8b-instruct,fp8_dynamic,bbh,53.19,0.07,-0.46133749633667653,-1.375690242996944,0.4530152503235908,-0.37516423357664236,-0.8686363636363637,True,granite-3.1-8b-instruct|s4
RedHatAI/granite-3.1-8b-instruct-FP8-dynamic,granite,granite-3.1-8b-instruct,fp8_dynamic,gpqa,31.76,0.82,0.6703177705091052,-2.5818583357692577,3.922493876787468,-0.37516423357664236,0.45649999999999996,True,granite-3.1-8b-instruct|s4
RedHatAI/granite-3.1-8b-instruct-FP8-dynamic,granite,granite-3.1-8b-instruct,fp8_dynamic,musr,46.01,1.33,0.6681611024815357,-2.012088179808134,3.3484103847712055,-0.37516423357664236,0.28818181818181815,True,granite-3.1-8b-instruct|s4
RedHatAI/granite-3.1-8b-instruct-FP8-dynamic,granite,granite-3.1-8b-instruct,fp8_dynamic,mmlu_pro,35.81,-0.09,-1.06737319260963,-1.7136524875272494,-0.42109389769201055,-0.37516423357664236,-1.56,False,granite-3.1-8b-instruct|s4
RedHatAI/granite-3.1-8b-instruct-FP8-dynamic,granite,granite-3.1-8b-instruct,fp8_dynamic,humaneval,71.0,-1.1,0.20577874679586805,-5.033355839831651,5.444913333423387,-0.37516423357664236,-0.23882352941176474,True,granite-3.1-8b-instruct|s4
RedHatAI/granite-3.1-8b-instruct-quantized.w4a16,granite,granite-3.1-8b-instruct,w4a16,arc_challenge,66.81,0.0,-1.000079880250356,-3.0339061942517977,1.0337464337510855,-0.37516423357664236,-0.4683333333333333,True,granite-3.1-8b-instruct|s4
RedHatAI/granite-3.1-8b-instruct-quantized.w4a16,granite,granite-3.1-8b-instruct,w4a16,gsm8k,64.52,1.14,-1.0627261762732998,-3.0106406875159673,0.8851883349693677,-0.37516423357664236,-0.5539705882352941,False,granite-3.1-8b-instruct|s4
RedHatAI/granite-3.1-8b-instruct-quantized.w4a16,granite,granite-3.1-8b-instruct,w4a16,hellaswag,84.18,-0.56,-0.8091563849012047,-1.3476132241312073,-0.270699545671202,-0.37516423357664236,-0.22842857142857143,True,granite-3.1-8b-instruct|s4
RedHatAI/granite-3.1-8b-instruct-quantized.w4a16,granite,granite-3.1-8b-instruct,w4a16,mmlu,65.52,-1.27,-1.0760600482259342,-1.669134743494018,-0.4829853529578504,-0.37516423357664236,-0.527910447761194,True,granite-3.1-8b-instruct|s4
RedHatAI/granite-3.1-8b-instruct-quantized.w4a16,granite,granite-3.1-8b-instruct,w4a16,truthfulqa,60.57,-0.4,-0.8440379845905586,-3.3720809624584165,1.6840049932772994,-0.37516423357664236,-0.28880597014925374,True,granite-3.1-8b-instruct|s4
RedHatAI/granite-3.1-8b-instruct-quantized.w4a16,granite,granite-3.1-8b-instruct,w4a16,winogrande,80.19,-1.82,-0.8712249322556725,-2.5268703933039753,0.7844205287926301,-0.37516423357664236,-0.3008823529411765,True,granite-3.1-8b-instruct|s4
RedHatAI/granite-3.1-8b-instruct-quantized.w4a16,granite,granite-3.1-8b-instruct,w4a16,ifeval,74.01,-0.87,-0.6396537384825887,-3.4277195122981023,2.1484120353329255,-0.37516423357664236,-0.19799999999999998,True,granite-3.1-8b-instruct|s4
RedHatAI/granite-3.1-8b-instruct-quantized.w4a16,granite,granite-3.1-8b-instruct,w4a16,bbh,53.19,-1.67,-1.25554911200845,-2.1699018586687173,-0.34119636534818276,-0.37516423357664236,-0.8686363636363637,True,granite-3.1-8b-instruct|s4
RedHatAI/granite-3.1-8b-instruct-quantized.w4a16,granite,granite-3.1-8b-instruct,w4a16,gpqa,31.76,-1.85,-0.12389384516266827,-3.376069951441031,3.128282261115695,-0.37516423357664236,0.45649999999999996,True,granite-3.1-8b-instruct|s4
RedHatAI/granite-3.1-8b-instruct-quantized.w4a16,granite,granite-3.1-8b-instruct,w4a16,musr,46.01,-0.26,-0.12605051319023786,-2.806299795479908,2.5541987690994317,-0.37516423357664236,0.28818181818181815,True,granite-3.1-8b-instruct|s4
RedHatAI/granite-3.1-8b-instruct-quantized.w4a16,granite,granite-3.1-8b-instruct,w4a16,mmlu_pro,35.81,-1.58,-1.8615848082814037,-2.507864103199023,-1.2153055133637842,-0.37516423357664236,-1.56,True,granite-3.1-8b-instruct|s4
RedHatAI/granite-3.1-8b-instruct-quantized.w4a16,granite,granite-3.1-8b-instruct,w4a16,humaneval,71.0,-0.5,-0.5884328688759055,-5.8275674555034245,4.6507017177516135,-0.37516423357664236,-0.23882352941176474,True,granite-3.1-8b-instruct|s4
RedHatAI/granite-3.1-8b-instruct-quantized.w8a8,granite,granite-3.1-8b-instruct,w8a8_int,arc_challenge,66.81,0.25,-0.35519691398871955,-2.3890232279901613,1.678629400012722,-0.37516423357664236,-0.4683333333333333,True,granite-3.1-8b-instruct|s4
RedHatAI/granite-3.1-8b-instruct-quantized.w8a8,granite,granite-3.1-8b-instruct,w8a8_int,gsm8k,64.52,1.14,-0.41784321001166314,-2.3657577212543304,1.5300713012310043,-0.37516423357664236,-0.5539705882352941,True,granite-3.1-8b-instruct|s4
RedHatAI/granite-3.1-8b-instruct-quantized.w8a8,granite,granite-3.1-8b-instruct,w8a8_int,hellaswag,84.18,-0.25,-0.16427341863956813,-0.7027302578695708,0.3741834205904345,-0.37516423357664236,-0.22842857142857143,True,granite-3.1-8b-instruct|s4
RedHatAI/granite-3.1-8b-instruct-quantized.w8a8,granite,granite-3.1-8b-instruct,w8a8_int,mmlu,65.52,-0.49,-0.4311770819642976,-1.0242517772323814,0.16189761330378616,-0.37516423357664236,-0.527910447761194,True,granite-3.1-8b-instruct|s4
RedHatAI/granite-3.1-8b-instruct-quantized.w8a8,granite,granite-3.1-8b-instruct,w8a8_int,truthfulqa,60.57,-0.55,-0.19915501832892202,-2.72719799619678,2.328887959538936,-0.37516423357664236,-0.28880597014925374,True,granite-3.1-8b-instruct|s4
RedHatAI/granite-3.1-8b-instruct-quantized.w8a8,granite,granite-3.1-8b-instruct,w8a8_int,winogrande,80.19,-0.32,-0.22634196599403597,-1.8819874270423387,1.4293034950542667,-0.37516423357664236,-0.3008823529411765,True,granite-3.1-8b-instruct|s4
RedHatAI/granite-3.1-8b-instruct-quantized.w8a8,granite,granite-3.1-8b-instruct,w8a8_int,ifeval,74.01,-0.51,0.005229227779047885,-2.782836546036466,2.793295001594562,-0.37516423357664236,-0.19799999999999998,True,granite-3.1-8b-instruct|s4
RedHatAI/granite-3.1-8b-instruct-quantized.w8a8,granite,granite-3.1-8b-instruct,w8a8_int,bbh,53.19,-0.6,-0.6106661457468134,-1.5250188924070809,0.3036866009134539,-0.37516423357664236,-0.8686363636363637,True,granite-3.1-8b-instruct|s4
RedHatAI/granite-3.1-8b-instruct-quantized.w8a8,granite,granite-3.1-8b-instruct,w8a8_int,gpqa,31.76,-1.14,0.5209891210989683,-2.7311869851793946,3.7731652273773313,-0.37516423357664236,0.45649999999999996,True,granite-3.1-8b-instruct|s4
RedHatAI/granite-3.1-8b-instruct-quantized.w8a8,granite,granite-3.1-8b-instruct,w8a8_int,musr,46.01,-1.71,0.5188324530713988,-2.161416829218271,3.1990817353610685,-0.37516423357664236,0.28818181818181815,True,granite-3.1-8b-instruct|s4
RedHatAI/granite-3.1-8b-instruct-quantized.w8a8,granite,granite-3.1-8b-instruct,w8a8_int,mmlu_pro,35.81,-0.4,-1.2167018420197668,-1.8629811369373863,-0.5704225471021475,-0.37516423357664236,-1.56,False,granite-3.1-8b-instruct|s4
RedHatAI/granite-3.1-8b-instruct-quantized.w8a8,granite,granite-3.1-8b-instruct,w8a8_int,humaneval,71.0,-0.5,0.056450097385731035,-5.182684489241788,5.29558468401325,-0.37516423357664236,-0.23882352941176474,True,granite-3.1-8b-instruct|s4
