model,base_model,family,params_b,is_instruct,scheme,weight_bits,act_bits,num_type,method,benchmark,n_items,acc_before,acc_after,delta,orient_src,verified
RedHatAI/Llama-3.2-1B-Instruct-FP8-dynamic,Llama-3.2-1B-Instruct,llama-3.2,1.0,1,fp8_dynamic,8,8,fp,rtn,mmlu,14042,47.66,47.55,-0.11,arith,1
RedHatAI/Llama-3.2-1B-Instruct-FP8-dynamic,Llama-3.2-1B-Instruct,llama-3.2,1.0,1,fp8_dynamic,8,8,fp,rtn,mmlu_cot,14042,47.1,46.79,-0.31,arith,1
RedHatAI/Llama-3.2-1B-Instruct-FP8-dynamic,Llama-3.2-1B-Instruct,llama-3.2,1.0,1,fp8_dynamic,8,8,fp,rtn,arc_challenge,1172,58.36,57.25,-1.11,arith,1
RedHatAI/Llama-3.2-1B-Instruct-FP8-dynamic,Llama-3.2-1B-Instruct,llama-3.2,1.0,1,fp8_dynamic,8,8,fp,rtn,gsm8k,1319,45.72,45.94,0.22,arith,1
RedHatAI/Llama-3.2-1B-Instruct-FP8-dynamic,Llama-3.2-1B-Instruct,llama-3.2,1.0,1,fp8_dynamic,8,8,fp,rtn,winogrande,1267,62.27,61.4,-0.87,arith,1
RedHatAI/Llama-3.2-1B-Instruct-FP8-dynamic,Llama-3.2-1B-Instruct,llama-3.2,1.0,1,fp8_dynamic,8,8,fp,rtn,hellaswag,10042,61.01,60.95,-0.06,arith,1
RedHatAI/Llama-3.2-1B-Instruct-FP8-dynamic,Llama-3.2-1B-Instruct,llama-3.2,1.0,1,fp8_dynamic,8,8,fp,rtn,truthfulqa,817,43.52,44.23,0.71,arith,1
RedHatAI/Llama-3.2-1B-Instruct-FP8,Llama-3.2-1B-Instruct,llama-3.2,1.0,1,fp8,8,8,fp,rtn,mmlu,14042,47.66,47.76,0.1,arith,1
RedHatAI/Llama-3.2-1B-Instruct-FP8,Llama-3.2-1B-Instruct,llama-3.2,1.0,1,fp8,8,8,fp,rtn,arc_challenge,1172,58.36,57.85,-0.51,arith,1
RedHatAI/Llama-3.2-1B-Instruct-FP8,Llama-3.2-1B-Instruct,llama-3.2,1.0,1,fp8,8,8,fp,rtn,gsm8k,1319,45.72,45.49,-0.23,arith,1
RedHatAI/Llama-3.2-1B-Instruct-FP8,Llama-3.2-1B-Instruct,llama-3.2,1.0,1,fp8,8,8,fp,rtn,hellaswag,10042,61.01,61.0,-0.01,arith,1
RedHatAI/Llama-3.2-1B-Instruct-FP8,Llama-3.2-1B-Instruct,llama-3.2,1.0,1,fp8,8,8,fp,rtn,winogrande,1267,62.27,62.35,0.08,arith,1
RedHatAI/Llama-3.2-1B-Instruct-FP8,Llama-3.2-1B-Instruct,llama-3.2,1.0,1,fp8,8,8,fp,rtn,truthfulqa,817,43.52,43.08,-0.44,arith,1
RedHatAI/Llama-3.2-1B-Instruct-quantized.w8a8,Llama-3.2-1B-Instruct,llama-3.2,1.0,1,w8a8_int,8,8,int,smoothquant+gptq,mmlu,14042,47.66,47.95,0.29,arith,1
RedHatAI/Llama-3.2-1B-Instruct-quantized.w8a8,Llama-3.2-1B-Instruct,llama-3.2,1.0,1,w8a8_int,8,8,int,smoothquant+gptq,mmlu_cot,14042,47.1,44.63,-2.47,arith,1
RedHatAI/Llama-3.2-1B-Instruct-quantized.w8a8,Llama-3.2-1B-Instruct,llama-3.2,1.0,1,w8a8_int,8,8,int,smoothquant+gptq,arc_challenge,1172,58.36,56.14,-2.22,arith,1
RedHatAI/Llama-3.2-1B-Instruct-quantized.w8a8,Llama-3.2-1B-Instruct,llama-3.2,1.0,1,w8a8_int,8,8,int,smoothquant+gptq,gsm8k,1319,45.72,46.7,0.98,arith,1
RedHatAI/Llama-3.2-1B-Instruct-quantized.w8a8,Llama-3.2-1B-Instruct,llama-3.2,1.0,1,w8a8_int,8,8,int,smoothquant+gptq,hellaswag,10042,61.01,60.95,-0.06,arith,1
RedHatAI/Llama-3.2-1B-Instruct-quantized.w8a8,Llama-3.2-1B-Instruct,llama-3.2,1.0,1,w8a8_int,8,8,int,smoothquant+gptq,winogrande,1267,62.27,61.33,-0.94,arith,1
RedHatAI/Llama-3.2-1B-Instruct-quantized.w8a8,Llama-3.2-1B-Instruct,llama-3.2,1.0,1,w8a8_int,8,8,int,smoothquant+gptq,truthfulqa,817,43.52,42.84,-0.68,arith,1
RedHatAI/Llama-3.2-3B-Instruct-FP8-dynamic,Llama-3.2-3B-Instruct,llama-3.2,3.0,1,fp8_dynamic,8,8,fp,rtn,mmlu,14042,62.98,62.95,-0.03,arith,1
RedHatAI/Llama-3.2-3B-Instruct-FP8-dynamic,Llama-3.2-3B-Instruct,llama-3.2,3.0,1,fp8_dynamic,8,8,fp,rtn,mmlu_cot,14042,65.4,65.23,-0.17,arith,1
RedHatAI/Llama-3.2-3B-Instruct-FP8-dynamic,Llama-3.2-3B-Instruct,llama-3.2,3.0,1,fp8_dynamic,8,8,fp,rtn,arc_challenge,1172,77.13,76.71,-0.42,arith,1
RedHatAI/Llama-3.2-3B-Instruct-FP8-dynamic,Llama-3.2-3B-Instruct,llama-3.2,3.0,1,fp8_dynamic,8,8,fp,rtn,gsm8k,1319,77.94,76.72,-1.22,arith,1
RedHatAI/Llama-3.2-3B-Instruct-FP8-dynamic,Llama-3.2-3B-Instruct,llama-3.2,3.0,1,fp8_dynamic,8,8,fp,rtn,winogrande,1267,71.11,71.11,0.0,arith,1
RedHatAI/Llama-3.2-3B-Instruct-FP8-dynamic,Llama-3.2-3B-Instruct,llama-3.2,3.0,1,fp8_dynamic,8,8,fp,rtn,hellaswag,10042,73.62,73.54,-0.08,arith,1
RedHatAI/Llama-3.2-3B-Instruct-FP8-dynamic,Llama-3.2-3B-Instruct,llama-3.2,3.0,1,fp8_dynamic,8,8,fp,rtn,truthfulqa,817,51.47,51.06,-0.41,arith,1
RedHatAI/Llama-3.2-3B-Instruct-FP8,Llama-3.2-3B-Instruct,llama-3.2,3.0,1,fp8,8,8,fp,rtn,mmlu,14042,62.98,62.61,-0.37,arith,1
RedHatAI/Llama-3.2-3B-Instruct-FP8,Llama-3.2-3B-Instruct,llama-3.2,3.0,1,fp8,8,8,fp,rtn,mmlu_cot,14042,65.4,65.2,-0.2,arith,1
RedHatAI/Llama-3.2-3B-Instruct-FP8,Llama-3.2-3B-Instruct,llama-3.2,3.0,1,fp8,8,8,fp,rtn,arc_challenge,1172,77.13,76.62,-0.51,arith,1
RedHatAI/Llama-3.2-3B-Instruct-FP8,Llama-3.2-3B-Instruct,llama-3.2,3.0,1,fp8,8,8,fp,rtn,gsm8k,1319,77.94,77.86,-0.08,arith,1
RedHatAI/Llama-3.2-3B-Instruct-FP8,Llama-3.2-3B-Instruct,llama-3.2,3.0,1,fp8,8,8,fp,rtn,hellaswag,10042,73.62,73.48,-0.14,arith,1
RedHatAI/Llama-3.2-3B-Instruct-FP8,Llama-3.2-3B-Instruct,llama-3.2,3.0,1,fp8,8,8,fp,rtn,winogrande,1267,71.11,70.88,-0.23,arith,1
RedHatAI/Llama-3.2-3B-Instruct-FP8,Llama-3.2-3B-Instruct,llama-3.2,3.0,1,fp8,8,8,fp,rtn,truthfulqa,817,51.47,51.65,0.18,arith,1
RedHatAI/Llama-3.2-3B-Instruct-quantized.w8a8,Llama-3.2-3B-Instruct,llama-3.2,3.0,1,w8a8_int,8,8,int,smoothquant+gptq,mmlu,14042,62.98,62.75,-0.23,arith,1
RedHatAI/Llama-3.2-3B-Instruct-quantized.w8a8,Llama-3.2-3B-Instruct,llama-3.2,3.0,1,w8a8_int,8,8,int,smoothquant+gptq,mmlu_cot,14042,65.4,65.05,-0.35,arith,1
RedHatAI/Llama-3.2-3B-Instruct-quantized.w8a8,Llama-3.2-3B-Instruct,llama-3.2,3.0,1,w8a8_int,8,8,int,smoothquant+gptq,arc_challenge,1172,77.13,76.45,-0.68,arith,1
RedHatAI/Llama-3.2-3B-Instruct-quantized.w8a8,Llama-3.2-3B-Instruct,llama-3.2,3.0,1,w8a8_int,8,8,int,smoothquant+gptq,gsm8k,1319,77.94,77.56,-0.38,arith,1
RedHatAI/Llama-3.2-3B-Instruct-quantized.w8a8,Llama-3.2-3B-Instruct,llama-3.2,3.0,1,w8a8_int,8,8,int,smoothquant+gptq,hellaswag,10042,73.62,73.63,0.01,arith,1
RedHatAI/Llama-3.2-3B-Instruct-quantized.w8a8,Llama-3.2-3B-Instruct,llama-3.2,3.0,1,w8a8_int,8,8,int,smoothquant+gptq,winogrande,1267,71.11,71.9,0.79,arith,1
RedHatAI/Llama-3.3-70B-Instruct-FP8-dynamic,Llama-3.3-70B-Instruct,llama-3.3,70.0,1,fp8_dynamic,8,8,fp,rtn,mmlu,14042,81.6,81.31,-0.29,arith,1
RedHatAI/Llama-3.3-70B-Instruct-FP8-dynamic,Llama-3.3-70B-Instruct,llama-3.3,70.0,1,fp8_dynamic,8,8,fp,rtn,mmlu_cot,14042,86.58,86.34,-0.24,arith,1
RedHatAI/Llama-3.3-70B-Instruct-FP8-dynamic,Llama-3.3-70B-Instruct,llama-3.3,70.0,1,fp8_dynamic,8,8,fp,rtn,arc_challenge,1172,49.23,51.96,2.73,arith,1
RedHatAI/Llama-3.3-70B-Instruct-FP8-dynamic,Llama-3.3-70B-Instruct,llama-3.3,70.0,1,fp8_dynamic,8,8,fp,rtn,gsm8k,1319,94.16,94.92,0.76,arith,1
RedHatAI/Llama-3.3-70B-Instruct-FP8-dynamic,Llama-3.3-70B-Instruct,llama-3.3,70.0,1,fp8_dynamic,8,8,fp,rtn,hellaswag,10042,86.49,86.43,-0.06,arith,1
RedHatAI/Llama-3.3-70B-Instruct-FP8-dynamic,Llama-3.3-70B-Instruct,llama-3.3,70.0,1,fp8_dynamic,8,8,fp,rtn,winogrande,1267,84.77,84.53,-0.24,arith,1
RedHatAI/Llama-3.3-70B-Instruct-FP8-dynamic,Llama-3.3-70B-Instruct,llama-3.3,70.0,1,fp8_dynamic,8,8,fp,rtn,truthfulqa,817,62.75,63.21,0.46,arith,1
RedHatAI/Llama-3.3-70B-Instruct-FP8-dynamic,Llama-3.3-70B-Instruct,llama-3.3,70.0,1,fp8_dynamic,8,8,fp,rtn,mmlu_pro,12032,51.89,51.5,-0.39,arith,1
RedHatAI/Llama-3.3-70B-Instruct-FP8-dynamic,Llama-3.3-70B-Instruct,llama-3.3,70.0,1,fp8_dynamic,8,8,fp,rtn,ifeval,541,90.89,90.92,0.03,arith,1
RedHatAI/Llama-3.3-70B-Instruct-FP8-dynamic,Llama-3.3-70B-Instruct,llama-3.3,70.0,1,fp8_dynamic,8,8,fp,rtn,bbh,6511,63.15,62.84,-0.31,arith,1
RedHatAI/Llama-3.3-70B-Instruct-FP8-dynamic,Llama-3.3-70B-Instruct,llama-3.3,70.0,1,fp8_dynamic,8,8,fp,rtn,gpqa,448,46.1,46.3,0.2,arith,1
RedHatAI/Llama-3.3-70B-Instruct-FP8-dynamic,Llama-3.3-70B-Instruct,llama-3.3,70.0,1,fp8_dynamic,8,8,fp,rtn,musr,756,44.35,43.96,-0.39,arith,1
RedHatAI/Llama-3.3-70B-Instruct-FP8-dynamic,Llama-3.3-70B-Instruct,llama-3.3,70.0,1,fp8_dynamic,8,8,fp,rtn,humaneval,164,83.2,83.7,0.5,arith,1
RedHatAI/Llama-3.3-70B-Instruct-FP8-dynamic,Llama-3.3-70B-Instruct,llama-3.3,70.0,1,fp8_dynamic,8,8,fp,rtn,humaneval_plus,164,78.4,78.7,0.3,arith,1
RedHatAI/Llama-3.3-70B-Instruct-NVFP4,Llama-3.3-70B-Instruct,llama-3.3,70.0,1,nvfp4,4,4,fp,rtn,arc_challenge,1172,93.39,92.62,-0.77,arith,1
RedHatAI/Llama-3.3-70B-Instruct-NVFP4,Llama-3.3-70B-Instruct,llama-3.3,70.0,1,nvfp4,4,4,fp,rtn,gsm8k,1319,85.22,77.1,-8.12,arith,1
RedHatAI/Llama-3.3-70B-Instruct-NVFP4,Llama-3.3-70B-Instruct,llama-3.3,70.0,1,nvfp4,4,4,fp,rtn,hellaswag,10042,70.23,75.4,5.17,arith,1
RedHatAI/Llama-3.3-70B-Instruct-NVFP4,Llama-3.3-70B-Instruct,llama-3.3,70.0,1,nvfp4,4,4,fp,rtn,winogrande,1267,73.48,72.53,-0.95,arith,1
RedHatAI/Llama-3.3-70B-Instruct-NVFP4,Llama-3.3-70B-Instruct,llama-3.3,70.0,1,nvfp4,4,4,fp,rtn,truthfulqa,817,66.26,66.26,0.0,arith,1
RedHatAI/Llama-3.3-70B-Instruct-NVFP4,Llama-3.3-70B-Instruct,llama-3.3,70.0,1,nvfp4,4,4,fp,rtn,mmlu_pro,12032,53.48,50.26,-3.22,arith,1
RedHatAI/Llama-3.3-70B-Instruct-NVFP4,Llama-3.3-70B-Instruct,llama-3.3,70.0,1,nvfp4,4,4,fp,rtn,ifeval,541,92.45,91.49,-0.96,arith,1
RedHatAI/Llama-3.3-70B-Instruct-NVFP4,Llama-3.3-70B-Instruct,llama-3.3,70.0,1,nvfp4,4,4,fp,rtn,bbh,6511,69.05,66.31,-2.74,arith,1
RedHatAI/Llama-3.3-70B-Instruct-NVFP4,Llama-3.3-70B-Instruct,llama-3.3,70.0,1,nvfp4,4,4,fp,rtn,math_lvl5,1324,47.96,43.81,-4.15,arith,1
RedHatAI/Llama-3.3-70B-Instruct-NVFP4,Llama-3.3-70B-Instruct,llama-3.3,70.0,1,nvfp4,4,4,fp,rtn,gpqa,448,31.63,32.21,0.58,arith,1
RedHatAI/Llama-3.3-70B-Instruct-NVFP4,Llama-3.3-70B-Instruct,llama-3.3,70.0,1,nvfp4,4,4,fp,rtn,musr,756,44.18,44.18,0.0,arith,1
RedHatAI/Llama-3.3-70B-Instruct-NVFP4,Llama-3.3-70B-Instruct,llama-3.3,70.0,1,nvfp4,4,4,fp,rtn,humaneval,164,88.69,84.77,-3.92,arith,1
RedHatAI/Llama-3.3-70B-Instruct-quantized.w4a16,Llama-3.3-70B-Instruct,llama-3.3,70.0,1,w4a16,4,16,int,gptq,mmlu,14042,81.6,80.62,-0.98,arith,1
RedHatAI/Llama-3.3-70B-Instruct-quantized.w4a16,Llama-3.3-70B-Instruct,llama-3.3,70.0,1,w4a16,4,16,int,gptq,mmlu_cot,14042,86.58,85.81,-0.77,arith,1
RedHatAI/Llama-3.3-70B-Instruct-quantized.w4a16,Llama-3.3-70B-Instruct,llama-3.3,70.0,1,w4a16,4,16,int,gptq,arc_challenge,1172,49.23,49.49,0.26,arith,1
RedHatAI/Llama-3.3-70B-Instruct-quantized.w4a16,Llama-3.3-70B-Instruct,llama-3.3,70.0,1,w4a16,4,16,int,gptq,gsm8k,1319,94.16,94.47,0.31,arith,1
RedHatAI/Llama-3.3-70B-Instruct-quantized.w4a16,Llama-3.3-70B-Instruct,llama-3.3,70.0,1,w4a16,4,16,int,gptq,hellaswag,10042,86.49,85.97,-0.52,arith,1
RedHatAI/Llama-3.3-70B-Instruct-quantized.w4a16,Llama-3.3-70B-Instruct,llama-3.3,70.0,1,w4a16,4,16,int,gptq,winogrande,1267,84.77,84.45,-0.32,arith,1
RedHatAI/Llama-3.3-70B-Instruct-quantized.w4a16,Llama-3.3-70B-Instruct,llama-3.3,70.0,1,w4a16,4,16,int,gptq,truthfulqa,817,62.75,61.66,-1.09,arith,1
RedHatAI/Llama-3.3-70B-Instruct-quantized.w4a16,Llama-3.3-70B-Instruct,llama-3.3,70.0,1,w4a16,4,16,int,gptq,humaneval,164,83.2,83.4,0.2,arith,1
RedHatAI/Llama-3.3-70B-Instruct-quantized.w4a16,Llama-3.3-70B-Instruct,llama-3.3,70.0,1,w4a16,4,16,int,gptq,humaneval_plus,164,78.4,78.6,0.2,arith,1
RedHatAI/Llama-3.3-70B-Instruct-quantized.w8a8,Llama-3.3-70B-Instruct,llama-3.3,70.0,1,w8a8_int,8,8,int,unknown,mmlu,14042,81.6,81.19,-0.41,arith,1
RedHatAI/Llama-3.3-70B-Instruct-quantized.w8a8,Llama-3.3-70B-Instruct,llama-3.3,70.0,1,w8a8_int,8,8,int,unknown,mmlu_cot,14042,86.58,85.92,-0.66,arith,1
RedHatAI/Llama-3.3-70B-Instruct-quantized.w8a8,Llama-3.3-70B-Instruct,llama-3.3,70.0,1,w8a8_int,8,8,int,unknown,arc_challenge,1172,49.23,48.04,-1.19,arith,1
RedHatAI/Llama-3.3-70B-Instruct-quantized.w8a8,Llama-3.3-70B-Instruct,llama-3.3,70.0,1,w8a8_int,8,8,int,unknown,gsm8k,1319,94.16,94.01,-0.15,arith,1
RedHatAI/Llama-3.3-70B-Instruct-quantized.w8a8,Llama-3.3-70B-Instruct,llama-3.3,70.0,1,w8a8_int,8,8,int,unknown,hellaswag,10042,86.49,86.47,-0.02,arith,1
RedHatAI/Llama-3.3-70B-Instruct-quantized.w8a8,Llama-3.3-70B-Instruct,llama-3.3,70.0,1,w8a8_int,8,8,int,unknown,winogrande,1267,84.77,83.74,-1.03,arith,1
RedHatAI/Llama-3.3-70B-Instruct-quantized.w8a8,Llama-3.3-70B-Instruct,llama-3.3,70.0,1,w8a8_int,8,8,int,unknown,truthfulqa,817,63.09,62.75,-0.34,arith,1
RedHatAI/Llama-3.3-70B-Instruct-quantized.w8a8,Llama-3.3-70B-Instruct,llama-3.3,70.0,1,w8a8_int,8,8,int,unknown,bbh,6511,63.15,62.54,-0.61,arith,1
RedHatAI/Llama-3.3-70B-Instruct-quantized.w8a8,Llama-3.3-70B-Instruct,llama-3.3,70.0,1,w8a8_int,8,8,int,unknown,gpqa,448,46.1,46.44,0.34,arith,1
RedHatAI/Llama-3.3-70B-Instruct-quantized.w8a8,Llama-3.3-70B-Instruct,llama-3.3,70.0,1,w8a8_int,8,8,int,unknown,musr,756,44.35,44.34,-0.01,arith,1
RedHatAI/Llama-3.3-70B-Instruct-quantized.w8a8,Llama-3.3-70B-Instruct,llama-3.3,70.0,1,w8a8_int,8,8,int,unknown,humaneval,164,83.2,83.3,0.1,arith,1
RedHatAI/Llama-3.3-70B-Instruct-quantized.w8a8,Llama-3.3-70B-Instruct,llama-3.3,70.0,1,w8a8_int,8,8,int,unknown,humaneval_plus,164,78.4,78.6,0.2,arith,1
RedHatAI/Meta-Llama-3.1-405B-FP8,Meta-Llama-3.1-405B,llama-3.1,405.0,0,fp8,8,8,fp,rtn,arc_challenge,1172,95.99,95.82,-0.17,arith,1
RedHatAI/Meta-Llama-3.1-405B-FP8,Meta-Llama-3.1-405B,llama-3.1,405.0,0,fp8,8,8,fp,rtn,gsm8k,1319,88.1,87.94,-0.16,arith,1
RedHatAI/Meta-Llama-3.1-405B-FP8,Meta-Llama-3.1-405B,llama-3.1,405.0,0,fp8,8,8,fp,rtn,hellaswag,10042,90.02,89.14,-0.88,arith,1
RedHatAI/Meta-Llama-3.1-405B-FP8,Meta-Llama-3.1-405B,llama-3.1,405.0,0,fp8,8,8,fp,rtn,winogrande,1267,87.61,86.42,-1.19,arith,1
RedHatAI/Meta-Llama-3.1-405B-FP8,Meta-Llama-3.1-405B,llama-3.1,405.0,0,fp8,8,8,fp,rtn,truthfulqa,817,49.83,47.93,-1.9,arith,1
RedHatAI/Meta-Llama-3.1-405B-Instruct-FP8-dynamic,Meta-Llama-3.1-405B-Instruct,llama-3.1,405.0,1,fp8_dynamic,8,8,fp,rtn,arena_hard,500,67.4,66.7,-0.7,arith,1
RedHatAI/Meta-Llama-3.1-405B-Instruct-FP8-dynamic,Meta-Llama-3.1-405B-Instruct,llama-3.1,405.0,1,fp8_dynamic,8,8,fp,rtn,mmlu,14042,87.4,87.5,0.1,arith,1
RedHatAI/Meta-Llama-3.1-405B-Instruct-FP8-dynamic,Meta-Llama-3.1-405B-Instruct,llama-3.1,405.0,1,fp8_dynamic,8,8,fp,rtn,mmlu_cot,14042,88.1,88.1,0.0,arith,1
RedHatAI/Meta-Llama-3.1-405B-Instruct-FP8-dynamic,Meta-Llama-3.1-405B-Instruct,llama-3.1,405.0,1,fp8_dynamic,8,8,fp,rtn,arc_challenge,1172,95.0,95.0,0.0,arith,1
RedHatAI/Meta-Llama-3.1-405B-Instruct-FP8-dynamic,Meta-Llama-3.1-405B-Instruct,llama-3.1,405.0,1,fp8_dynamic,8,8,fp,rtn,gsm8k,1319,96.0,95.8,-0.2,arith,1
RedHatAI/Meta-Llama-3.1-405B-Instruct-FP8-dynamic,Meta-Llama-3.1-405B-Instruct,llama-3.1,405.0,1,fp8_dynamic,8,8,fp,rtn,hellaswag,10042,88.5,88.5,0.0,arith,1
RedHatAI/Meta-Llama-3.1-405B-Instruct-FP8-dynamic,Meta-Llama-3.1-405B-Instruct,llama-3.1,405.0,1,fp8_dynamic,8,8,fp,rtn,winogrande,1267,87.2,88.0,0.8,arith,1
RedHatAI/Meta-Llama-3.1-405B-Instruct-FP8-dynamic,Meta-Llama-3.1-405B-Instruct,llama-3.1,405.0,1,fp8_dynamic,8,8,fp,rtn,truthfulqa,817,65.3,65.3,0.0,arith,1
RedHatAI/Meta-Llama-3.1-405B-Instruct-FP8-dynamic,Meta-Llama-3.1-405B-Instruct,llama-3.1,405.0,1,fp8_dynamic,8,8,fp,rtn,mmlu_pro,12032,59.7,59.4,-0.3,arith,1
RedHatAI/Meta-Llama-3.1-405B-Instruct-FP8-dynamic,Meta-Llama-3.1-405B-Instruct,llama-3.1,405.0,1,fp8_dynamic,8,8,fp,rtn,ifeval,541,87.7,86.8,-0.9,arith,1
RedHatAI/Meta-Llama-3.1-405B-Instruct-FP8-dynamic,Meta-Llama-3.1-405B-Instruct,llama-3.1,405.0,1,fp8_dynamic,8,8,fp,rtn,bbh,6511,67.0,67.1,0.1,arith,1
RedHatAI/Meta-Llama-3.1-405B-Instruct-FP8-dynamic,Meta-Llama-3.1-405B-Instruct,llama-3.1,405.0,1,fp8_dynamic,8,8,fp,rtn,math_lvl5,1324,39.0,38.8,-0.2,arith,1
RedHatAI/Meta-Llama-3.1-405B-Instruct-FP8-dynamic,Meta-Llama-3.1-405B-Instruct,llama-3.1,405.0,1,fp8_dynamic,8,8,fp,rtn,gpqa,448,19.5,19.0,-0.5,arith,1
RedHatAI/Meta-Llama-3.1-405B-Instruct-FP8-dynamic,Meta-Llama-3.1-405B-Instruct,llama-3.1,405.0,1,fp8_dynamic,8,8,fp,rtn,musr,756,19.5,20.8,1.3,arith,1
RedHatAI/Meta-Llama-3.1-405B-Instruct-FP8-dynamic,Meta-Llama-3.1-405B-Instruct,llama-3.1,405.0,1,fp8_dynamic,8,8,fp,rtn,humaneval,164,86.8,87.0,0.2,arith,1
RedHatAI/Meta-Llama-3.1-405B-Instruct-FP8-dynamic,Meta-Llama-3.1-405B-Instruct,llama-3.1,405.0,1,fp8_dynamic,8,8,fp,rtn,humaneval_plus,164,80.1,81.0,0.9,arith,1
RedHatAI/Meta-Llama-3.1-405B-Instruct-FP8,Meta-Llama-3.1-405B-Instruct,llama-3.1,405.0,1,fp8,8,8,fp,rtn,mmlu,14042,87.41,87.41,0.0,arith,1
RedHatAI/Meta-Llama-3.1-405B-Instruct-FP8,Meta-Llama-3.1-405B-Instruct,llama-3.1,405.0,1,fp8,8,8,fp,rtn,mmlu_cot,14042,88.11,88.02,-0.09,arith,1
RedHatAI/Meta-Llama-3.1-405B-Instruct-FP8,Meta-Llama-3.1-405B-Instruct,llama-3.1,405.0,1,fp8,8,8,fp,rtn,arc_challenge,1172,94.97,94.88,-0.09,arith,1
RedHatAI/Meta-Llama-3.1-405B-Instruct-FP8,Meta-Llama-3.1-405B-Instruct,llama-3.1,405.0,1,fp8,8,8,fp,rtn,gsm8k,1319,95.98,96.29,0.31,arith,1
RedHatAI/Meta-Llama-3.1-405B-Instruct-FP8,Meta-Llama-3.1-405B-Instruct,llama-3.1,405.0,1,fp8,8,8,fp,rtn,hellaswag,10042,88.54,88.54,0.0,arith,1
RedHatAI/Meta-Llama-3.1-405B-Instruct-FP8,Meta-Llama-3.1-405B-Instruct,llama-3.1,405.0,1,fp8,8,8,fp,rtn,winogrande,1267,87.21,86.98,-0.23,arith,1
RedHatAI/Meta-Llama-3.1-405B-Instruct-FP8,Meta-Llama-3.1-405B-Instruct,llama-3.1,405.0,1,fp8,8,8,fp,rtn,truthfulqa,817,65.31,65.33,0.02,arith,1
RedHatAI/Meta-Llama-3.1-405B-Instruct-quantized.w4a16,Meta-Llama-3.1-405B-Instruct,llama-3.1,405.0,1,w4a16,4,16,int,gptq,arena_hard,500,67.4,66.5,-0.9,arith,1
RedHatAI/Meta-Llama-3.1-405B-Instruct-quantized.w4a16,Meta-Llama-3.1-405B-Instruct,llama-3.1,405.0,1,w4a16,4,16,int,gptq,mmlu,14042,87.4,87.2,-0.2,arith,1
RedHatAI/Meta-Llama-3.1-405B-Instruct-quantized.w4a16,Meta-Llama-3.1-405B-Instruct,llama-3.1,405.0,1,w4a16,4,16,int,gptq,arc_challenge,1172,95.0,95.3,0.3,arith,1
RedHatAI/Meta-Llama-3.1-405B-Instruct-quantized.w4a16,Meta-Llama-3.1-405B-Instruct,llama-3.1,405.0,1,w4a16,4,16,int,gptq,gsm8k,1319,96.4,96.3,-0.1,arith,1
RedHatAI/Meta-Llama-3.1-405B-Instruct-quantized.w4a16,Meta-Llama-3.1-405B-Instruct,llama-3.1,405.0,1,w4a16,4,16,int,gptq,hellaswag,10042,88.3,88.3,0.0,arith,1
RedHatAI/Meta-Llama-3.1-405B-Instruct-quantized.w4a16,Meta-Llama-3.1-405B-Instruct,llama-3.1,405.0,1,w4a16,4,16,int,gptq,winogrande,1267,87.2,87.4,0.2,arith,1
RedHatAI/Meta-Llama-3.1-405B-Instruct-quantized.w4a16,Meta-Llama-3.1-405B-Instruct,llama-3.1,405.0,1,w4a16,4,16,int,gptq,truthfulqa,817,64.6,65.3,0.7,arith,1
RedHatAI/Meta-Llama-3.1-405B-Instruct-quantized.w4a16,Meta-Llama-3.1-405B-Instruct,llama-3.1,405.0,1,w4a16,4,16,int,gptq,mmlu_pro,12032,59.7,59.4,-0.3,arith,1
RedHatAI/Meta-Llama-3.1-405B-Instruct-quantized.w4a16,Meta-Llama-3.1-405B-Instruct,llama-3.1,405.0,1,w4a16,4,16,int,gptq,ifeval,541,87.7,88.0,0.3,arith,1
RedHatAI/Meta-Llama-3.1-405B-Instruct-quantized.w4a16,Meta-Llama-3.1-405B-Instruct,llama-3.1,405.0,1,w4a16,4,16,int,gptq,bbh,6511,67.0,67.5,0.5,arith,1
RedHatAI/Meta-Llama-3.1-405B-Instruct-quantized.w4a16,Meta-Llama-3.1-405B-Instruct,llama-3.1,405.0,1,w4a16,4,16,int,gptq,math_lvl5,1324,39.0,37.6,-1.4,arith,1
RedHatAI/Meta-Llama-3.1-405B-Instruct-quantized.w4a16,Meta-Llama-3.1-405B-Instruct,llama-3.1,405.0,1,w4a16,4,16,int,gptq,gpqa,448,19.5,17.5,-2.0,arith,1
RedHatAI/Meta-Llama-3.1-405B-Instruct-quantized.w4a16,Meta-Llama-3.1-405B-Instruct,llama-3.1,405.0,1,w4a16,4,16,int,gptq,musr,756,19.5,19.4,-0.1,arith,1
RedHatAI/Meta-Llama-3.1-405B-Instruct-quantized.w4a16,Meta-Llama-3.1-405B-Instruct,llama-3.1,405.0,1,w4a16,4,16,int,gptq,humaneval,164,86.8,85.1,-1.7,arith,1
RedHatAI/Meta-Llama-3.1-405B-Instruct-quantized.w4a16,Meta-Llama-3.1-405B-Instruct,llama-3.1,405.0,1,w4a16,4,16,int,gptq,humaneval_plus,164,80.1,78.9,-1.2,arith,1
RedHatAI/Meta-Llama-3.1-405B-Instruct-quantized.w8a16,Meta-Llama-3.1-405B-Instruct,llama-3.1,405.0,1,w8a16,8,16,int,gptq,mmlu,14042,87.38,87.59,0.21,arith,1
RedHatAI/Meta-Llama-3.1-405B-Instruct-quantized.w8a16,Meta-Llama-3.1-405B-Instruct,llama-3.1,405.0,1,w8a16,8,16,int,gptq,mmlu_cot,14042,88.26,88.19,-0.07,arith,1
RedHatAI/Meta-Llama-3.1-405B-Instruct-quantized.w8a16,Meta-Llama-3.1-405B-Instruct,llama-3.1,405.0,1,w8a16,8,16,int,gptq,arc_challenge,1172,94.97,94.8,-0.17,arith,1
RedHatAI/Meta-Llama-3.1-405B-Instruct-quantized.w8a16,Meta-Llama-3.1-405B-Instruct,llama-3.1,405.0,1,w8a16,8,16,int,gptq,hellaswag,10042,88.33,88.52,0.19,arith,1
RedHatAI/Meta-Llama-3.1-405B-Instruct-quantized.w8a16,Meta-Llama-3.1-405B-Instruct,llama-3.1,405.0,1,w8a16,8,16,int,gptq,winogrande,1267,87.21,87.92,0.71,arith,1
RedHatAI/Meta-Llama-3.1-405B-Instruct-quantized.w8a16,Meta-Llama-3.1-405B-Instruct,llama-3.1,405.0,1,w8a16,8,16,int,gptq,truthfulqa,817,64.64,65.41,0.77,arith,1
RedHatAI/Meta-Llama-3.1-405B-Instruct-quantized.w8a8,Meta-Llama-3.1-405B-Instruct,llama-3.1,405.0,1,w8a8_int,8,8,int,gptq,arena_hard,500,67.4,64.6,-2.8,arith,1
RedHatAI/Meta-Llama-3.1-405B-Instruct-quantized.w8a8,Meta-Llama-3.1-405B-Instruct,llama-3.1,405.0,1,w8a8_int,8,8,int,gptq,mmlu,14042,87.4,87.1,-0.3,arith,1
RedHatAI/Meta-Llama-3.1-405B-Instruct-quantized.w8a8,Meta-Llama-3.1-405B-Instruct,llama-3.1,405.0,1,w8a8_int,8,8,int,gptq,arc_challenge,1172,95.0,94.4,-0.6,arith,1
RedHatAI/Meta-Llama-3.1-405B-Instruct-quantized.w8a8,Meta-Llama-3.1-405B-Instruct,llama-3.1,405.0,1,w8a8_int,8,8,int,gptq,gsm8k,1319,96.4,95.5,-0.9,arith,1
RedHatAI/Meta-Llama-3.1-405B-Instruct-quantized.w8a8,Meta-Llama-3.1-405B-Instruct,llama-3.1,405.0,1,w8a8_int,8,8,int,gptq,hellaswag,10042,88.3,88.2,-0.1,arith,1
RedHatAI/Meta-Llama-3.1-405B-Instruct-quantized.w8a8,Meta-Llama-3.1-405B-Instruct,llama-3.1,405.0,1,w8a8_int,8,8,int,gptq,winogrande,1267,87.2,86.1,-1.1,arith,1
RedHatAI/Meta-Llama-3.1-405B-Instruct-quantized.w8a8,Meta-Llama-3.1-405B-Instruct,llama-3.1,405.0,1,w8a8_int,8,8,int,gptq,truthfulqa,817,64.6,64.4,-0.2,arith,1
RedHatAI/Meta-Llama-3.1-405B-Instruct-quantized.w8a8,Meta-Llama-3.1-405B-Instruct,llama-3.1,405.0,1,w8a8_int,8,8,int,gptq,mmlu_pro,12032,59.7,58.4,-1.3,arith,1
RedHatAI/Meta-Llama-3.1-405B-Instruct-quantized.w8a8,Meta-Llama-3.1-405B-Instruct,llama-3.1,405.0,1,w8a8_int,8,8,int,gptq,ifeval,541,87.7,87.0,-0.7,arith,1
RedHatAI/Meta-Llama-3.1-405B-Instruct-quantized.w8a8,Meta-Llama-3.1-405B-Instruct,llama-3.1,405.0,1,w8a8_int,8,8,int,gptq,bbh,6511,67.0,66.7,-0.3,arith,1
RedHatAI/Meta-Llama-3.1-405B-Instruct-quantized.w8a8,Meta-Llama-3.1-405B-Instruct,llama-3.1,405.0,1,w8a8_int,8,8,int,gptq,math_lvl5,1324,39.0,35.8,-3.2,arith,1
RedHatAI/Meta-Llama-3.1-405B-Instruct-quantized.w8a8,Meta-Llama-3.1-405B-Instruct,llama-3.1,405.0,1,w8a8_int,8,8,int,gptq,gpqa,448,19.5,20.4,0.9,arith,1
RedHatAI/Meta-Llama-3.1-405B-Instruct-quantized.w8a8,Meta-Llama-3.1-405B-Instruct,llama-3.1,405.0,1,w8a8_int,8,8,int,gptq,musr,756,19.5,19.2,-0.3,arith,1
RedHatAI/Meta-Llama-3.1-405B-Instruct-quantized.w8a8,Meta-Llama-3.1-405B-Instruct,llama-3.1,405.0,1,w8a8_int,8,8,int,gptq,humaneval,164,86.8,86.9,0.1,arith,1
RedHatAI/Meta-Llama-3.1-405B-Instruct-quantized.w8a8,Meta-Llama-3.1-405B-Instruct,llama-3.1,405.0,1,w8a8_int,8,8,int,gptq,humaneval_plus,164,80.1,80.4,0.3,arith,1
RedHatAI/Meta-Llama-3.1-70B-FP8,Meta-Llama-3.1-70B,llama-3.1,70.0,0,fp8,8,8,fp,rtn,mmlu,14042,78.81,78.85,0.04,arith,1
RedHatAI/Meta-Llama-3.1-70B-FP8,Meta-Llama-3.1-70B,llama-3.1,70.0,0,fp8,8,8,fp,rtn,arc_challenge,1172,93.43,93.43,0.0,arith,1
RedHatAI/Meta-Llama-3.1-70B-FP8,Meta-Llama-3.1-70B,llama-3.1,70.0,0,fp8,8,8,fp,rtn,gsm8k,1319,81.88,81.35,-0.53,arith,1
RedHatAI/Meta-Llama-3.1-70B-FP8,Meta-Llama-3.1-70B,llama-3.1,70.0,0,fp8,8,8,fp,rtn,hellaswag,10042,87.98,87.82,-0.16,arith,1
RedHatAI/Meta-Llama-3.1-70B-FP8,Meta-Llama-3.1-70B,llama-3.1,70.0,0,fp8,8,8,fp,rtn,winogrande,1267,85.78,85.87,0.09,arith,1
RedHatAI/Meta-Llama-3.1-70B-FP8,Meta-Llama-3.1-70B,llama-3.1,70.0,0,fp8,8,8,fp,rtn,truthfulqa,817,51.18,50.9,-0.28,arith,1
RedHatAI/Meta-Llama-3.1-70B-Instruct-FP8-dynamic,Meta-Llama-3.1-70B-Instruct,llama-3.1,70.0,1,fp8_dynamic,8,8,fp,rtn,arena_hard,500,57.0,57.9,0.9,arith,1
RedHatAI/Meta-Llama-3.1-70B-Instruct-FP8-dynamic,Meta-Llama-3.1-70B-Instruct,llama-3.1,70.0,1,fp8_dynamic,8,8,fp,rtn,mmlu,14042,83.8,83.8,0.0,arith,1
RedHatAI/Meta-Llama-3.1-70B-Instruct-FP8-dynamic,Meta-Llama-3.1-70B-Instruct,llama-3.1,70.0,1,fp8_dynamic,8,8,fp,rtn,mmlu_cot,14042,86.0,85.5,-0.5,arith,1
RedHatAI/Meta-Llama-3.1-70B-Instruct-FP8-dynamic,Meta-Llama-3.1-70B-Instruct,llama-3.1,70.0,1,fp8_dynamic,8,8,fp,rtn,arc_challenge,1172,93.3,93.5,0.2,arith,1
RedHatAI/Meta-Llama-3.1-70B-Instruct-FP8-dynamic,Meta-Llama-3.1-70B-Instruct,llama-3.1,70.0,1,fp8_dynamic,8,8,fp,rtn,gsm8k,1319,94.9,94.5,-0.4,arith,1
RedHatAI/Meta-Llama-3.1-70B-Instruct-FP8-dynamic,Meta-Llama-3.1-70B-Instruct,llama-3.1,70.0,1,fp8_dynamic,8,8,fp,rtn,hellaswag,10042,86.8,86.6,-0.2,arith,1
RedHatAI/Meta-Llama-3.1-70B-Instruct-FP8-dynamic,Meta-Llama-3.1-70B-Instruct,llama-3.1,70.0,1,fp8_dynamic,8,8,fp,rtn,winogrande,1267,85.3,84.6,-0.7,arith,1
RedHatAI/Meta-Llama-3.1-70B-Instruct-FP8-dynamic,Meta-Llama-3.1-70B-Instruct,llama-3.1,70.0,1,fp8_dynamic,8,8,fp,rtn,truthfulqa,817,60.7,60.6,-0.1,arith,1
RedHatAI/Meta-Llama-3.1-70B-Instruct-FP8-dynamic,Meta-Llama-3.1-70B-Instruct,llama-3.1,70.0,1,fp8_dynamic,8,8,fp,rtn,mmlu_pro,12032,48.1,47.7,-0.4,arith,1
RedHatAI/Meta-Llama-3.1-70B-Instruct-FP8-dynamic,Meta-Llama-3.1-70B-Instruct,llama-3.1,70.0,1,fp8_dynamic,8,8,fp,rtn,ifeval,541,86.4,87.6,1.2,arith,1
RedHatAI/Meta-Llama-3.1-70B-Instruct-FP8-dynamic,Meta-Llama-3.1-70B-Instruct,llama-3.1,70.0,1,fp8_dynamic,8,8,fp,rtn,bbh,6511,55.8,54.9,-0.9,arith,1
RedHatAI/Meta-Llama-3.1-70B-Instruct-FP8-dynamic,Meta-Llama-3.1-70B-Instruct,llama-3.1,70.0,1,fp8_dynamic,8,8,fp,rtn,math_lvl5,1324,26.1,28.0,1.9,arith,1
RedHatAI/Meta-Llama-3.1-70B-Instruct-FP8-dynamic,Meta-Llama-3.1-70B-Instruct,llama-3.1,70.0,1,fp8_dynamic,8,8,fp,rtn,gpqa,448,15.4,14.6,-0.8,arith,1
RedHatAI/Meta-Llama-3.1-70B-Instruct-FP8-dynamic,Meta-Llama-3.1-70B-Instruct,llama-3.1,70.0,1,fp8_dynamic,8,8,fp,rtn,musr,756,18.2,17.2,-1.0,arith,1
RedHatAI/Meta-Llama-3.1-70B-Instruct-FP8-dynamic,Meta-Llama-3.1-70B-Instruct,llama-3.1,70.0,1,fp8_dynamic,8,8,fp,rtn,humaneval,164,79.7,80.0,0.3,arith,1
RedHatAI/Meta-Llama-3.1-70B-Instruct-FP8-dynamic,Meta-Llama-3.1-70B-Instruct,llama-3.1,70.0,1,fp8_dynamic,8,8,fp,rtn,humaneval_plus,164,74.8,75.0,0.2,arith,1
RedHatAI/Meta-Llama-3.1-70B-Instruct-FP8,Meta-Llama-3.1-70B-Instruct,llama-3.1,70.0,1,fp8,8,8,fp,rtn,mmlu,14042,83.83,83.73,-0.1,arith,1
RedHatAI/Meta-Llama-3.1-70B-Instruct-FP8,Meta-Llama-3.1-70B-Instruct,llama-3.1,70.0,1,fp8,8,8,fp,rtn,mmlu_cot,14042,86.01,85.44,-0.57,arith,1
RedHatAI/Meta-Llama-3.1-70B-Instruct-FP8,Meta-Llama-3.1-70B-Instruct,llama-3.1,70.0,1,fp8,8,8,fp,rtn,arc_challenge,1172,93.26,92.92,-0.34,arith,1
RedHatAI/Meta-Llama-3.1-70B-Instruct-FP8,Meta-Llama-3.1-70B-Instruct,llama-3.1,70.0,1,fp8,8,8,fp,rtn,gsm8k,1319,94.92,94.54,-0.38,arith,1
RedHatAI/Meta-Llama-3.1-70B-Instruct-FP8,Meta-Llama-3.1-70B-Instruct,llama-3.1,70.0,1,fp8,8,8,fp,rtn,hellaswag,10042,86.75,86.64,-0.11,arith,1
RedHatAI/Meta-Llama-3.1-70B-Instruct-FP8,Meta-Llama-3.1-70B-Instruct,llama-3.1,70.0,1,fp8,8,8,fp,rtn,winogrande,1267,85.32,85.95,0.63,arith,1
RedHatAI/Meta-Llama-3.1-70B-Instruct-FP8,Meta-Llama-3.1-70B-Instruct,llama-3.1,70.0,1,fp8,8,8,fp,rtn,truthfulqa,817,60.68,60.84,0.16,arith,1
RedHatAI/Meta-Llama-3.1-70B-Instruct-quantized.w4a16,Meta-Llama-3.1-70B-Instruct,llama-3.1,70.0,1,w4a16,4,16,int,gptq,arena_hard,500,57.0,57.0,0.0,arith,1
RedHatAI/Meta-Llama-3.1-70B-Instruct-quantized.w4a16,Meta-Llama-3.1-70B-Instruct,llama-3.1,70.0,1,w4a16,4,16,int,gptq,mmlu,14042,83.9,83.6,-0.3,arith,1
RedHatAI/Meta-Llama-3.1-70B-Instruct-quantized.w4a16,Meta-Llama-3.1-70B-Instruct,llama-3.1,70.0,1,w4a16,4,16,int,gptq,mmlu_cot,14042,86.2,85.6,-0.6,arith,1
RedHatAI/Meta-Llama-3.1-70B-Instruct-quantized.w4a16,Meta-Llama-3.1-70B-Instruct,llama-3.1,70.0,1,w4a16,4,16,int,gptq,arc_challenge,1172,93.3,92.8,-0.5,arith,1
RedHatAI/Meta-Llama-3.1-70B-Instruct-quantized.w4a16,Meta-Llama-3.1-70B-Instruct,llama-3.1,70.0,1,w4a16,4,16,int,gptq,gsm8k,1319,95.4,94.4,-1.0,arith,1
RedHatAI/Meta-Llama-3.1-70B-Instruct-quantized.w4a16,Meta-Llama-3.1-70B-Instruct,llama-3.1,70.0,1,w4a16,4,16,int,gptq,hellaswag,10042,86.7,86.3,-0.4,arith,1
RedHatAI/Meta-Llama-3.1-70B-Instruct-quantized.w4a16,Meta-Llama-3.1-70B-Instruct,llama-3.1,70.0,1,w4a16,4,16,int,gptq,winogrande,1267,85.3,85.5,0.2,arith,1
RedHatAI/Meta-Llama-3.1-70B-Instruct-quantized.w4a16,Meta-Llama-3.1-70B-Instruct,llama-3.1,70.0,1,w4a16,4,16,int,gptq,truthfulqa,817,60.7,59.8,-0.9,arith,1
RedHatAI/Meta-Llama-3.1-70B-Instruct-quantized.w4a16,Meta-Llama-3.1-70B-Instruct,llama-3.1,70.0,1,w4a16,4,16,int,gptq,mmlu_pro,12032,48.1,47.3,-0.8,arith,1
RedHatAI/Meta-Llama-3.1-70B-Instruct-quantized.w4a16,Meta-Llama-3.1-70B-Instruct,llama-3.1,70.0,1,w4a16,4,16,int,gptq,ifeval,541,86.4,85.7,-0.7,arith,1
RedHatAI/Meta-Llama-3.1-70B-Instruct-quantized.w4a16,Meta-Llama-3.1-70B-Instruct,llama-3.1,70.0,1,w4a16,4,16,int,gptq,bbh,6511,55.8,55.0,-0.8,arith,1
RedHatAI/Meta-Llama-3.1-70B-Instruct-quantized.w4a16,Meta-Llama-3.1-70B-Instruct,llama-3.1,70.0,1,w4a16,4,16,int,gptq,math_lvl5,1324,26.1,24.4,-1.7,arith,1
RedHatAI/Meta-Llama-3.1-70B-Instruct-quantized.w4a16,Meta-Llama-3.1-70B-Instruct,llama-3.1,70.0,1,w4a16,4,16,int,gptq,gpqa,448,15.4,13.9,-1.5,arith,1
RedHatAI/Meta-Llama-3.1-70B-Instruct-quantized.w4a16,Meta-Llama-3.1-70B-Instruct,llama-3.1,70.0,1,w4a16,4,16,int,gptq,musr,756,18.2,17.3,-0.9,arith,1
RedHatAI/Meta-Llama-3.1-70B-Instruct-quantized.w4a16,Meta-Llama-3.1-70B-Instruct,llama-3.1,70.0,1,w4a16,4,16,int,gptq,humaneval,164,79.7,80.5,0.8,arith,1
RedHatAI/Meta-Llama-3.1-70B-Instruct-quantized.w4a16,Meta-Llama-3.1-70B-Instruct,llama-3.1,70.0,1,w4a16,4,16,int,gptq,humaneval_plus,164,74.8,74.2,-0.6,arith,1
RedHatAI/Meta-Llama-3.1-70B-Instruct-quantized.w8a16,Meta-Llama-3.1-70B-Instruct,llama-3.1,70.0,1,w8a16,8,16,int,gptq,mmlu,14042,83.94,81.37,-2.57,arith,1
RedHatAI/Meta-Llama-3.1-70B-Instruct-quantized.w8a16,Meta-Llama-3.1-70B-Instruct,llama-3.1,70.0,1,w8a16,8,16,int,gptq,mmlu_cot,14042,86.23,83.86,-2.37,arith,1
RedHatAI/Meta-Llama-3.1-70B-Instruct-quantized.w8a16,Meta-Llama-3.1-70B-Instruct,llama-3.1,70.0,1,w8a16,8,16,int,gptq,arc_challenge,1172,93.34,92.32,-1.02,arith,1
RedHatAI/Meta-Llama-3.1-70B-Instruct-quantized.w8a16,Meta-Llama-3.1-70B-Instruct,llama-3.1,70.0,1,w8a16,8,16,int,gptq,gsm8k,1319,95.38,92.34,-3.04,arith,1
RedHatAI/Meta-Llama-3.1-70B-Instruct-quantized.w8a16,Meta-Llama-3.1-70B-Instruct,llama-3.1,70.0,1,w8a16,8,16,int,gptq,hellaswag,10042,86.66,86.01,-0.65,arith,1
RedHatAI/Meta-Llama-3.1-70B-Instruct-quantized.w8a16,Meta-Llama-3.1-70B-Instruct,llama-3.1,70.0,1,w8a16,8,16,int,gptq,winogrande,1267,85.32,85.56,0.24,arith,1
RedHatAI/Meta-Llama-3.1-70B-Instruct-quantized.w8a16,Meta-Llama-3.1-70B-Instruct,llama-3.1,70.0,1,w8a16,8,16,int,gptq,truthfulqa,817,60.65,59.39,-1.26,arith,1
RedHatAI/Meta-Llama-3.1-70B-Instruct-quantized.w8a8,Meta-Llama-3.1-70B-Instruct,llama-3.1,70.0,1,w8a8_int,8,8,int,gptq,arena_hard,500,57.0,56.3,-0.7,arith,1
RedHatAI/Meta-Llama-3.1-70B-Instruct-quantized.w8a8,Meta-Llama-3.1-70B-Instruct,llama-3.1,70.0,1,w8a8_int,8,8,int,gptq,mmlu,14042,83.9,83.7,-0.2,arith,1
RedHatAI/Meta-Llama-3.1-70B-Instruct-quantized.w8a8,Meta-Llama-3.1-70B-Instruct,llama-3.1,70.0,1,w8a8_int,8,8,int,gptq,mmlu_cot,14042,86.2,85.8,-0.4,arith,1
RedHatAI/Meta-Llama-3.1-70B-Instruct-quantized.w8a8,Meta-Llama-3.1-70B-Instruct,llama-3.1,70.0,1,w8a8_int,8,8,int,gptq,arc_challenge,1172,93.3,93.1,-0.2,arith,1
RedHatAI/Meta-Llama-3.1-70B-Instruct-quantized.w8a8,Meta-Llama-3.1-70B-Instruct,llama-3.1,70.0,1,w8a8_int,8,8,int,gptq,gsm8k,1319,95.4,94.2,-1.2,arith,1
RedHatAI/Meta-Llama-3.1-70B-Instruct-quantized.w8a8,Meta-Llama-3.1-70B-Instruct,llama-3.1,70.0,1,w8a8_int,8,8,int,gptq,hellaswag,10042,86.7,86.7,0.0,arith,1
RedHatAI/Meta-Llama-3.1-70B-Instruct-quantized.w8a8,Meta-Llama-3.1-70B-Instruct,llama-3.1,70.0,1,w8a8_int,8,8,int,gptq,winogrande,1267,85.1,85.3,0.2,arith,1
RedHatAI/Meta-Llama-3.1-70B-Instruct-quantized.w8a8,Meta-Llama-3.1-70B-Instruct,llama-3.1,70.0,1,w8a8_int,8,8,int,gptq,truthfulqa,817,60.7,61.4,0.7,arith,1
RedHatAI/Meta-Llama-3.1-70B-Instruct-quantized.w8a8,Meta-Llama-3.1-70B-Instruct,llama-3.1,70.0,1,w8a8_int,8,8,int,gptq,mmlu_pro,12032,48.1,47.1,-1.0,arith,1
RedHatAI/Meta-Llama-3.1-70B-Instruct-quantized.w8a8,Meta-Llama-3.1-70B-Instruct,llama-3.1,70.0,1,w8a8_int,8,8,int,gptq,ifeval,541,86.4,86.6,0.2,arith,1
RedHatAI/Meta-Llama-3.1-70B-Instruct-quantized.w8a8,Meta-Llama-3.1-70B-Instruct,llama-3.1,70.0,1,w8a8_int,8,8,int,gptq,bbh,6511,55.8,55.2,-0.6,arith,1
RedHatAI/Meta-Llama-3.1-70B-Instruct-quantized.w8a8,Meta-Llama-3.1-70B-Instruct,llama-3.1,70.0,1,w8a8_int,8,8,int,gptq,math_lvl5,1324,26.1,23.9,-2.2,arith,1
RedHatAI/Meta-Llama-3.1-70B-Instruct-quantized.w8a8,Meta-Llama-3.1-70B-Instruct,llama-3.1,70.0,1,w8a8_int,8,8,int,gptq,gpqa,448,15.4,13.6,-1.8,arith,1
RedHatAI/Meta-Llama-3.1-70B-Instruct-quantized.w8a8,Meta-Llama-3.1-70B-Instruct,llama-3.1,70.0,1,w8a8_int,8,8,int,gptq,musr,756,18.2,16.8,-1.4,arith,1
RedHatAI/Meta-Llama-3.1-70B-Instruct-quantized.w8a8,Meta-Llama-3.1-70B-Instruct,llama-3.1,70.0,1,w8a8_int,8,8,int,gptq,humaneval,164,79.7,78.7,-1.0,arith,1
RedHatAI/Meta-Llama-3.1-70B-Instruct-quantized.w8a8,Meta-Llama-3.1-70B-Instruct,llama-3.1,70.0,1,w8a8_int,8,8,int,gptq,humaneval_plus,164,74.8,74.0,-0.8,arith,1
RedHatAI/Meta-Llama-3.1-8B-FP8,Meta-Llama-3.1-8B,llama-3.1,8.0,0,fp8,8,8,fp,rtn,mmlu,14042,65.19,65.01,-0.18,arith,1
RedHatAI/Meta-Llama-3.1-8B-FP8,Meta-Llama-3.1-8B,llama-3.1,8.0,0,fp8,8,8,fp,rtn,arc_challenge,1172,78.84,77.73,-1.11,arith,1
RedHatAI/Meta-Llama-3.1-8B-FP8,Meta-Llama-3.1-8B,llama-3.1,8.0,0,fp8,8,8,fp,rtn,gsm8k,1319,50.34,48.82,-1.52,arith,1
RedHatAI/Meta-Llama-3.1-8B-FP8,Meta-Llama-3.1-8B,llama-3.1,8.0,0,fp8,8,8,fp,rtn,hellaswag,10042,82.33,81.96,-0.37,arith,1
RedHatAI/Meta-Llama-3.1-8B-FP8,Meta-Llama-3.1-8B,llama-3.1,8.0,0,fp8,8,8,fp,rtn,winogrande,1267,77.98,78.06,0.08,arith,1
RedHatAI/Meta-Llama-3.1-8B-FP8,Meta-Llama-3.1-8B,llama-3.1,8.0,0,fp8,8,8,fp,rtn,truthfulqa,817,44.14,43.83,-0.31,arith,1
RedHatAI/Meta-Llama-3.1-8B-Instruct-FP8-dynamic,Meta-Llama-3.1-8B-Instruct,llama-3.1,8.0,1,fp8_dynamic,8,8,fp,rtn,mmlu,14042,67.95,68.02,0.07,arith,1
RedHatAI/Meta-Llama-3.1-8B-Instruct-FP8-dynamic,Meta-Llama-3.1-8B-Instruct,llama-3.1,8.0,1,fp8_dynamic,8,8,fp,rtn,arena_hard,500,25.8,27.2,1.4,arith,1
RedHatAI/Meta-Llama-3.1-8B-Instruct-FP8-dynamic,Meta-Llama-3.1-8B-Instruct,llama-3.1,8.0,1,fp8_dynamic,8,8,fp,rtn,mmlu_cot,14042,71.2,71.6,0.4,arith,1
RedHatAI/Meta-Llama-3.1-8B-Instruct-FP8-dynamic,Meta-Llama-3.1-8B-Instruct,llama-3.1,8.0,1,fp8_dynamic,8,8,fp,rtn,arc_challenge,1172,82.0,81.2,-0.8,arith,1
RedHatAI/Meta-Llama-3.1-8B-Instruct-FP8-dynamic,Meta-Llama-3.1-8B-Instruct,llama-3.1,8.0,1,fp8_dynamic,8,8,fp,rtn,gsm8k,1319,82.0,82.0,0.0,arith,1
RedHatAI/Meta-Llama-3.1-8B-Instruct-FP8-dynamic,Meta-Llama-3.1-8B-Instruct,llama-3.1,8.0,1,fp8_dynamic,8,8,fp,rtn,hellaswag,10042,80.5,80.0,-0.5,arith,1
RedHatAI/Meta-Llama-3.1-8B-Instruct-FP8-dynamic,Meta-Llama-3.1-8B-Instruct,llama-3.1,8.0,1,fp8_dynamic,8,8,fp,rtn,winogrande,1267,78.5,77.7,-0.8,arith,1
RedHatAI/Meta-Llama-3.1-8B-Instruct-FP8-dynamic,Meta-Llama-3.1-8B-Instruct,llama-3.1,8.0,1,fp8_dynamic,8,8,fp,rtn,truthfulqa,817,54.5,54.3,-0.2,arith,1
RedHatAI/Meta-Llama-3.1-8B-Instruct-FP8-dynamic,Meta-Llama-3.1-8B-Instruct,llama-3.1,8.0,1,fp8_dynamic,8,8,fp,rtn,mmlu_pro,12032,30.8,31.2,0.4,arith,1
RedHatAI/Meta-Llama-3.1-8B-Instruct-FP8-dynamic,Meta-Llama-3.1-8B-Instruct,llama-3.1,8.0,1,fp8_dynamic,8,8,fp,rtn,ifeval,541,77.9,77.2,-0.7,arith,1
RedHatAI/Meta-Llama-3.1-8B-Instruct-FP8-dynamic,Meta-Llama-3.1-8B-Instruct,llama-3.1,8.0,1,fp8_dynamic,8,8,fp,rtn,bbh,6511,30.1,29.7,-0.4,arith,1
RedHatAI/Meta-Llama-3.1-8B-Instruct-FP8-dynamic,Meta-Llama-3.1-8B-Instruct,llama-3.1,8.0,1,fp8_dynamic,8,8,fp,rtn,math_lvl5,1324,15.7,16.5,0.8,arith,1
RedHatAI/Meta-Llama-3.1-8B-Instruct-FP8-dynamic,Meta-Llama-3.1-8B-Instruct,llama-3.1,8.0,1,fp8_dynamic,8,8,fp,rtn,gpqa,448,3.7,5.7,2.0,arith,1
RedHatAI/Meta-Llama-3.1-8B-Instruct-FP8-dynamic,Meta-Llama-3.1-8B-Instruct,llama-3.1,8.0,1,fp8_dynamic,8,8,fp,rtn,musr,756,7.6,7.5,-0.1,arith,1
RedHatAI/Meta-Llama-3.1-8B-Instruct-FP8-dynamic,Meta-Llama-3.1-8B-Instruct,llama-3.1,8.0,1,fp8_dynamic,8,8,fp,rtn,humaneval,164,67.3,67.3,0.0,arith,1
RedHatAI/Meta-Llama-3.1-8B-Instruct-FP8-dynamic,Meta-Llama-3.1-8B-Instruct,llama-3.1,8.0,1,fp8_dynamic,8,8,fp,rtn,humaneval_plus,164,60.7,61.3,0.6,arith,1
RedHatAI/Meta-Llama-3.1-8B-Instruct-FP8,Meta-Llama-3.1-8B-Instruct,llama-3.1,8.0,1,fp8,8,8,fp,rtn,mmlu,14042,67.95,67.97,0.02,arith,1
RedHatAI/Meta-Llama-3.1-8B-Instruct-FP8,Meta-Llama-3.1-8B-Instruct,llama-3.1,8.0,1,fp8,8,8,fp,rtn,mmlu_cot,14042,71.24,71.12,-0.12,arith,1
RedHatAI/Meta-Llama-3.1-8B-Instruct-FP8,Meta-Llama-3.1-8B-Instruct,llama-3.1,8.0,1,fp8,8,8,fp,rtn,arc_challenge,1172,82.0,81.66,-0.34,arith,1
RedHatAI/Meta-Llama-3.1-8B-Instruct-FP8,Meta-Llama-3.1-8B-Instruct,llama-3.1,8.0,1,fp8,8,8,fp,rtn,gsm8k,1319,81.96,81.12,-0.84,arith,1
RedHatAI/Meta-Llama-3.1-8B-Instruct-FP8,Meta-Llama-3.1-8B-Instruct,llama-3.1,8.0,1,fp8,8,8,fp,rtn,hellaswag,10042,80.46,80.4,-0.06,arith,1
RedHatAI/Meta-Llama-3.1-8B-Instruct-FP8,Meta-Llama-3.1-8B-Instruct,llama-3.1,8.0,1,fp8,8,8,fp,rtn,winogrande,1267,78.45,77.9,-0.55,arith,1
RedHatAI/Meta-Llama-3.1-8B-Instruct-FP8,Meta-Llama-3.1-8B-Instruct,llama-3.1,8.0,1,fp8,8,8,fp,rtn,truthfulqa,817,54.5,53.92,-0.58,arith,1
RedHatAI/Meta-Llama-3.1-8B-Instruct-quantized.w4a16,Meta-Llama-3.1-8B-Instruct,llama-3.1,8.0,1,w4a16,4,16,int,gptq,arena_hard,500,25.8,27.2,1.4,arith,1
RedHatAI/Meta-Llama-3.1-8B-Instruct-quantized.w4a16,Meta-Llama-3.1-8B-Instruct,llama-3.1,8.0,1,w4a16,4,16,int,gptq,mmlu,14042,68.3,66.9,-1.4,arith,1
RedHatAI/Meta-Llama-3.1-8B-Instruct-quantized.w4a16,Meta-Llama-3.1-8B-Instruct,llama-3.1,8.0,1,w4a16,4,16,int,gptq,mmlu_cot,14042,72.8,71.1,-1.7,arith,1
RedHatAI/Meta-Llama-3.1-8B-Instruct-quantized.w4a16,Meta-Llama-3.1-8B-Instruct,llama-3.1,8.0,1,w4a16,4,16,int,gptq,gsm8k,1319,82.8,82.9,0.1,arith,1
RedHatAI/Meta-Llama-3.1-8B-Instruct-quantized.w4a16,Meta-Llama-3.1-8B-Instruct,llama-3.1,8.0,1,w4a16,4,16,int,gptq,hellaswag,10042,80.5,79.9,-0.6,arith,1
RedHatAI/Meta-Llama-3.1-8B-Instruct-quantized.w4a16,Meta-Llama-3.1-8B-Instruct,llama-3.1,8.0,1,w4a16,4,16,int,gptq,winogrande,1267,78.1,78.0,-0.1,arith,1
RedHatAI/Meta-Llama-3.1-8B-Instruct-quantized.w4a16,Meta-Llama-3.1-8B-Instruct,llama-3.1,8.0,1,w4a16,4,16,int,gptq,truthfulqa,817,54.5,52.8,-1.7,arith,1
RedHatAI/Meta-Llama-3.1-8B-Instruct-quantized.w4a16,Meta-Llama-3.1-8B-Instruct,llama-3.1,8.0,1,w4a16,4,16,int,gptq,mmlu_pro,12032,30.8,28.8,-2.0,arith,1
RedHatAI/Meta-Llama-3.1-8B-Instruct-quantized.w4a16,Meta-Llama-3.1-8B-Instruct,llama-3.1,8.0,1,w4a16,4,16,int,gptq,ifeval,541,77.9,76.3,-1.6,arith,1
RedHatAI/Meta-Llama-3.1-8B-Instruct-quantized.w4a16,Meta-Llama-3.1-8B-Instruct,llama-3.1,8.0,1,w4a16,4,16,int,gptq,bbh,6511,30.1,28.9,-1.2,arith,1
RedHatAI/Meta-Llama-3.1-8B-Instruct-quantized.w4a16,Meta-Llama-3.1-8B-Instruct,llama-3.1,8.0,1,w4a16,4,16,int,gptq,math_lvl5,1324,15.7,14.8,-0.9,arith,1
RedHatAI/Meta-Llama-3.1-8B-Instruct-quantized.w4a16,Meta-Llama-3.1-8B-Instruct,llama-3.1,8.0,1,w4a16,4,16,int,gptq,gpqa,448,3.7,4.0,0.3,arith,1
RedHatAI/Meta-Llama-3.1-8B-Instruct-quantized.w4a16,Meta-Llama-3.1-8B-Instruct,llama-3.1,8.0,1,w4a16,4,16,int,gptq,musr,756,7.6,6.3,-1.3,arith,1
RedHatAI/Meta-Llama-3.1-8B-Instruct-quantized.w4a16,Meta-Llama-3.1-8B-Instruct,llama-3.1,8.0,1,w4a16,4,16,int,gptq,humaneval,164,67.3,67.1,-0.2,arith,1
RedHatAI/Meta-Llama-3.1-8B-Instruct-quantized.w4a16,Meta-Llama-3.1-8B-Instruct,llama-3.1,8.0,1,w4a16,4,16,int,gptq,humaneval_plus,164,60.7,59.1,-1.6,arith,1
RedHatAI/Meta-Llama-3.1-8B-Instruct-quantized.w8a16,Meta-Llama-3.1-8B-Instruct,llama-3.1,8.0,1,w8a16,8,16,int,gptq,hellaswag,10042,80.47,80.48,0.01,arith,1
RedHatAI/Meta-Llama-3.1-8B-Instruct-quantized.w8a16,Meta-Llama-3.1-8B-Instruct,llama-3.1,8.0,1,w8a16,8,16,int,gptq,winogrande,1267,78.06,77.51,-0.55,arith,1
RedHatAI/Meta-Llama-3.1-8B-Instruct-quantized.w8a16,Meta-Llama-3.1-8B-Instruct,llama-3.1,8.0,1,w8a16,8,16,int,gptq,truthfulqa,817,54.48,54.41,-0.07,arith,1
RedHatAI/Meta-Llama-3.1-8B-Instruct-quantized.w8a8,Meta-Llama-3.1-8B-Instruct,llama-3.1,8.0,1,w8a8_int,8,8,int,gptq,arena_hard,500,25.8,27.2,1.4,arith,1
RedHatAI/Meta-Llama-3.1-8B-Instruct-quantized.w8a8,Meta-Llama-3.1-8B-Instruct,llama-3.1,8.0,1,w8a8_int,8,8,int,gptq,mmlu,14042,68.3,67.8,-0.5,arith,1
RedHatAI/Meta-Llama-3.1-8B-Instruct-quantized.w8a8,Meta-Llama-3.1-8B-Instruct,llama-3.1,8.0,1,w8a8_int,8,8,int,gptq,mmlu_cot,14042,72.8,72.2,-0.6,arith,1
RedHatAI/Meta-Llama-3.1-8B-Instruct-quantized.w8a8,Meta-Llama-3.1-8B-Instruct,llama-3.1,8.0,1,w8a8_int,8,8,int,gptq,arc_challenge,1172,81.4,81.7,0.3,arith,1
RedHatAI/Meta-Llama-3.1-8B-Instruct-quantized.w8a8,Meta-Llama-3.1-8B-Instruct,llama-3.1,8.0,1,w8a8_int,8,8,int,gptq,gsm8k,1319,82.8,84.8,2.0,arith,1
RedHatAI/Meta-Llama-3.1-8B-Instruct-quantized.w8a8,Meta-Llama-3.1-8B-Instruct,llama-3.1,8.0,1,w8a8_int,8,8,int,gptq,hellaswag,10042,80.5,80.3,-0.2,arith,1
RedHatAI/Meta-Llama-3.1-8B-Instruct-quantized.w8a8,Meta-Llama-3.1-8B-Instruct,llama-3.1,8.0,1,w8a8_int,8,8,int,gptq,winogrande,1267,78.1,78.5,0.4,arith,1
RedHatAI/Meta-Llama-3.1-8B-Instruct-quantized.w8a8,Meta-Llama-3.1-8B-Instruct,llama-3.1,8.0,1,w8a8_int,8,8,int,gptq,truthfulqa,817,54.5,54.7,0.2,arith,1
RedHatAI/Meta-Llama-3.1-8B-Instruct-quantized.w8a8,Meta-Llama-3.1-8B-Instruct,llama-3.1,8.0,1,w8a8_int,8,8,int,gptq,mmlu_pro,12032,30.8,30.9,0.1,arith,1
RedHatAI/Meta-Llama-3.1-8B-Instruct-quantized.w8a8,Meta-Llama-3.1-8B-Instruct,llama-3.1,8.0,1,w8a8_int,8,8,int,gptq,ifeval,541,77.9,78.0,0.1,arith,1
RedHatAI/Meta-Llama-3.1-8B-Instruct-quantized.w8a8,Meta-Llama-3.1-8B-Instruct,llama-3.1,8.0,1,w8a8_int,8,8,int,gptq,bbh,6511,30.1,31.0,0.9,arith,1
RedHatAI/Meta-Llama-3.1-8B-Instruct-quantized.w8a8,Meta-Llama-3.1-8B-Instruct,llama-3.1,8.0,1,w8a8_int,8,8,int,gptq,math_lvl5,1324,15.7,15.5,-0.2,arith,1
RedHatAI/Meta-Llama-3.1-8B-Instruct-quantized.w8a8,Meta-Llama-3.1-8B-Instruct,llama-3.1,8.0,1,w8a8_int,8,8,int,gptq,gpqa,448,3.7,5.4,1.7,arith,1
RedHatAI/Meta-Llama-3.1-8B-Instruct-quantized.w8a8,Meta-Llama-3.1-8B-Instruct,llama-3.1,8.0,1,w8a8_int,8,8,int,gptq,musr,756,7.6,7.6,0.0,arith,1
RedHatAI/Meta-Llama-3.1-8B-Instruct-quantized.w8a8,Meta-Llama-3.1-8B-Instruct,llama-3.1,8.0,1,w8a8_int,8,8,int,gptq,humaneval,164,67.3,67.1,-0.2,arith,1
RedHatAI/Meta-Llama-3.1-8B-Instruct-quantized.w8a8,Meta-Llama-3.1-8B-Instruct,llama-3.1,8.0,1,w8a8_int,8,8,int,gptq,humaneval_plus,164,60.7,60.0,-0.7,arith,1
RedHatAI/Meta-Llama-3.1-8B-quantized.w8a16,Meta-Llama-3.1-8B,llama-3.1,8.0,0,w8a16,8,16,int,gptq,mmlu,14042,65.07,65.44,0.37,arith,1
RedHatAI/Meta-Llama-3.1-8B-quantized.w8a16,Meta-Llama-3.1-8B,llama-3.1,8.0,0,w8a16,8,16,int,gptq,arc_challenge,1172,58.11,58.62,0.51,arith,1
RedHatAI/Meta-Llama-3.1-8B-quantized.w8a16,Meta-Llama-3.1-8B,llama-3.1,8.0,0,w8a16,8,16,int,gptq,gsm8k,1319,50.64,49.66,-0.98,arith,1
RedHatAI/Meta-Llama-3.1-8B-quantized.w8a16,Meta-Llama-3.1-8B,llama-3.1,8.0,0,w8a16,8,16,int,gptq,hellaswag,10042,82.3,82.21,-0.09,arith,1
RedHatAI/Meta-Llama-3.1-8B-quantized.w8a16,Meta-Llama-3.1-8B,llama-3.1,8.0,0,w8a16,8,16,int,gptq,winogrande,1267,77.9,78.06,0.16,arith,1
RedHatAI/Meta-Llama-3.1-8B-quantized.w8a16,Meta-Llama-3.1-8B,llama-3.1,8.0,0,w8a16,8,16,int,gptq,truthfulqa,817,44.15,43.61,-0.54,arith,1
RedHatAI/Meta-Llama-3.1-8B-quantized.w8a8,Meta-Llama-3.1-8B,llama-3.1,8.0,0,w8a8_int,8,8,int,gptq,mmlu,14042,65.07,64.95,-0.12,arith,1
RedHatAI/Meta-Llama-3.1-8B-quantized.w8a8,Meta-Llama-3.1-8B,llama-3.1,8.0,0,w8a8_int,8,8,int,gptq,arc_challenge,1172,58.11,58.62,0.51,arith,1
RedHatAI/Meta-Llama-3.1-8B-quantized.w8a8,Meta-Llama-3.1-8B,llama-3.1,8.0,0,w8a8_int,8,8,int,gptq,gsm8k,1319,50.64,49.51,-1.13,arith,1
RedHatAI/Meta-Llama-3.1-8B-quantized.w8a8,Meta-Llama-3.1-8B,llama-3.1,8.0,0,w8a8_int,8,8,int,gptq,hellaswag,10042,82.3,81.63,-0.67,arith,1
RedHatAI/Meta-Llama-3.1-8B-quantized.w8a8,Meta-Llama-3.1-8B,llama-3.1,8.0,0,w8a8_int,8,8,int,gptq,winogrande,1267,77.9,78.22,0.32,arith,1
RedHatAI/Meta-Llama-3.1-8B-quantized.w8a8,Meta-Llama-3.1-8B,llama-3.1,8.0,0,w8a8_int,8,8,int,gptq,truthfulqa,817,44.15,43.36,-0.79,arith,1
RedHatAI/Mistral-7B-Instruct-v0.3-FP8,Mistral-7B-Instruct-v0.3,mistral,7.0,1,fp8,8,8,fp,rtn,mmlu,14042,61.84,61.63,-0.21,arith,1
RedHatAI/Mistral-7B-Instruct-v0.3-FP8,Mistral-7B-Instruct-v0.3,mistral,7.0,1,fp8,8,8,fp,rtn,arc_challenge,1172,63.57,63.73,0.16,arith,1
RedHatAI/Mistral-7B-Instruct-v0.3-FP8,Mistral-7B-Instruct-v0.3,mistral,7.0,1,fp8,8,8,fp,rtn,gsm8k,1319,49.05,47.54,-1.51,arith,1
RedHatAI/Mistral-7B-Instruct-v0.3-FP8,Mistral-7B-Instruct-v0.3,mistral,7.0,1,fp8,8,8,fp,rtn,hellaswag,10042,84.76,84.52,-0.24,arith,1
RedHatAI/Mistral-7B-Instruct-v0.3-FP8,Mistral-7B-Instruct-v0.3,mistral,7.0,1,fp8,8,8,fp,rtn,winogrande,1267,79.4,78.3,-1.1,arith,1
RedHatAI/Mistral-7B-Instruct-v0.3-FP8,Mistral-7B-Instruct-v0.3,mistral,7.0,1,fp8,8,8,fp,rtn,truthfulqa,817,59.37,59.4,0.03,arith,1
RedHatAI/Mistral-7B-Instruct-v0.3-quantized.w4a16,Mistral-7B-Instruct-v0.3,mistral,7.0,1,w4a16,4,16,int,unknown,mmlu,14042,61.84,60.83,-1.01,arith,1
RedHatAI/Mistral-7B-Instruct-v0.3-quantized.w4a16,Mistral-7B-Instruct-v0.3,mistral,7.0,1,w4a16,4,16,int,unknown,arc_challenge,1172,63.73,63.9,0.17,arith,1
RedHatAI/Mistral-7B-Instruct-v0.3-quantized.w4a16,Mistral-7B-Instruct-v0.3,mistral,7.0,1,w4a16,4,16,int,unknown,gsm8k,1319,49.27,43.36,-5.91,arith,1
RedHatAI/Mistral-7B-Instruct-v0.3-quantized.w4a16,Mistral-7B-Instruct-v0.3,mistral,7.0,1,w4a16,4,16,int,unknown,hellaswag,10042,84.84,84.07,-0.77,arith,1
RedHatAI/Mistral-7B-Instruct-v0.3-quantized.w4a16,Mistral-7B-Instruct-v0.3,mistral,7.0,1,w4a16,4,16,int,unknown,winogrande,1267,79.55,79.87,0.32,arith,1
RedHatAI/Mistral-7B-Instruct-v0.3-quantized.w4a16,Mistral-7B-Instruct-v0.3,mistral,7.0,1,w4a16,4,16,int,unknown,truthfulqa,817,59.33,58.47,-0.86,arith,1
RedHatAI/Mistral-7B-Instruct-v0.3-quantized.w8a16,Mistral-7B-Instruct-v0.3,mistral,7.0,1,w8a16,8,16,int,unknown,mmlu,14042,61.84,62.06,0.22,arith,1
RedHatAI/Mistral-7B-Instruct-v0.3-quantized.w8a16,Mistral-7B-Instruct-v0.3,mistral,7.0,1,w8a16,8,16,int,unknown,arc_challenge,1172,63.74,64.26,0.52,arith,1
RedHatAI/Mistral-7B-Instruct-v0.3-quantized.w8a16,Mistral-7B-Instruct-v0.3,mistral,7.0,1,w8a16,8,16,int,unknown,gsm8k,1319,49.28,50.42,1.14,arith,1
RedHatAI/Mistral-7B-Instruct-v0.3-quantized.w8a16,Mistral-7B-Instruct-v0.3,mistral,7.0,1,w8a16,8,16,int,unknown,hellaswag,10042,84.84,84.78,-0.06,arith,1
RedHatAI/Mistral-7B-Instruct-v0.3-quantized.w8a16,Mistral-7B-Instruct-v0.3,mistral,7.0,1,w8a16,8,16,int,unknown,winogrande,1267,79.56,79.48,-0.08,arith,1
RedHatAI/Mistral-7B-Instruct-v0.3-quantized.w8a16,Mistral-7B-Instruct-v0.3,mistral,7.0,1,w8a16,8,16,int,unknown,truthfulqa,817,59.33,59.48,0.15,arith,1
RedHatAI/Mistral-Small-24B-Instruct-2501-FP8-dynamic,Mistral-Small-24B-Instruct-2501,mistral,24.0,1,fp8_dynamic,8,8,fp,rtn,arc_challenge,1172,72.18,71.76,-0.42,header_only,0
RedHatAI/Mistral-Small-24B-Instruct-2501-FP8-dynamic,Mistral-Small-24B-Instruct-2501,mistral,24.0,1,fp8_dynamic,8,8,fp,rtn,gsm8k,1319,90.14,89.01,-1.13,header_only,0
RedHatAI/Mistral-Small-24B-Instruct-2501-FP8-dynamic,Mistral-Small-24B-Instruct-2501,mistral,24.0,1,fp8_dynamic,8,8,fp,rtn,hellaswag,10042,85.05,84.65,-0.4,header_only,0
RedHatAI/Mistral-Small-24B-Instruct-2501-FP8-dynamic,Mistral-Small-24B-Instruct-2501,mistral,24.0,1,fp8_dynamic,8,8,fp,rtn,mmlu,14042,80.69,80.55,-0.14,header_only,0
RedHatAI/Mistral-Small-24B-Instruct-2501-FP8-dynamic,Mistral-Small-24B-Instruct-2501,mistral,24.0,1,fp8_dynamic,8,8,fp,rtn,truthfulqa,817,65.55,64.85,-0.7,header_only,0
RedHatAI/Mistral-Small-24B-Instruct-2501-FP8-dynamic,Mistral-Small-24B-Instruct-2501,mistral,24.0,1,fp8_dynamic,8,8,fp,rtn,winogrande,1267,83.11,82.48,-0.63,header_only,0
RedHatAI/Mistral-Small-24B-Instruct-2501-FP8-dynamic,Mistral-Small-24B-Instruct-2501,mistral,24.0,1,fp8_dynamic,8,8,fp,rtn,ifeval,541,73.27,73.53,0.26,header_only,0
RedHatAI/Mistral-Small-24B-Instruct-2501-FP8-dynamic,Mistral-Small-24B-Instruct-2501,mistral,24.0,1,fp8_dynamic,8,8,fp,rtn,bbh,6511,45.18,44.39,-0.79,header_only,0
RedHatAI/Mistral-Small-24B-Instruct-2501-FP8-dynamic,Mistral-Small-24B-Instruct-2501,mistral,24.0,1,fp8_dynamic,8,8,fp,rtn,mmlu_pro,12032,38.83,37.28,-1.55,header_only,0
RedHatAI/Mistral-Small-24B-Instruct-2501-FP8-dynamic,Mistral-Small-24B-Instruct-2501,mistral,24.0,1,fp8_dynamic,8,8,fp,rtn,math_lvl5,1324,6.35,2.99,-3.36,header_only,0
RedHatAI/Mistral-Small-24B-Instruct-2501-FP8-dynamic,Mistral-Small-24B-Instruct-2501,mistral,24.0,1,fp8_dynamic,8,8,fp,rtn,gpqa,448,8.29,6.97,-1.32,header_only,0
RedHatAI/Mistral-Small-24B-Instruct-2501-FP8-dynamic,Mistral-Small-24B-Instruct-2501,mistral,24.0,1,fp8_dynamic,8,8,fp,rtn,musr,756,7.84,8.04,0.2,header_only,0
RedHatAI/Mistral-Small-24B-Instruct-2501-quantized.w4a16,Mistral-Small-24B-Instruct-2501,mistral,24.0,1,w4a16,4,16,int,unknown,arc_challenge,1172,72.18,71.16,-1.02,header_only,0
RedHatAI/Mistral-Small-24B-Instruct-2501-quantized.w4a16,Mistral-Small-24B-Instruct-2501,mistral,24.0,1,w4a16,4,16,int,unknown,gsm8k,1319,90.14,89.69,-0.45,header_only,0
RedHatAI/Mistral-Small-24B-Instruct-2501-quantized.w4a16,Mistral-Small-24B-Instruct-2501,mistral,24.0,1,w4a16,4,16,int,unknown,hellaswag,10042,85.05,84.43,-0.62,header_only,0
RedHatAI/Mistral-Small-24B-Instruct-2501-quantized.w4a16,Mistral-Small-24B-Instruct-2501,mistral,24.0,1,w4a16,4,16,int,unknown,mmlu,14042,80.69,80.0,-0.69,header_only,0
RedHatAI/Mistral-Small-24B-Instruct-2501-quantized.w4a16,Mistral-Small-24B-Instruct-2501,mistral,24.0,1,w4a16,4,16,int,unknown,truthfulqa,817,65.55,63.92,-1.63,header_only,0
RedHatAI/Mistral-Small-24B-Instruct-2501-quantized.w4a16,Mistral-Small-24B-Instruct-2501,mistral,24.0,1,w4a16,4,16,int,unknown,winogrande,1267,83.11,82.24,-0.87,header_only,0
RedHatAI/Mistral-Small-24B-Instruct-2501-quantized.w4a16,Mistral-Small-24B-Instruct-2501,mistral,24.0,1,w4a16,4,16,int,unknown,ifeval,541,73.27,74.37,1.1,header_only,0
RedHatAI/Mistral-Small-24B-Instruct-2501-quantized.w4a16,Mistral-Small-24B-Instruct-2501,mistral,24.0,1,w4a16,4,16,int,unknown,bbh,6511,45.18,45.15,-0.03,header_only,0
RedHatAI/Mistral-Small-24B-Instruct-2501-quantized.w4a16,Mistral-Small-24B-Instruct-2501,mistral,24.0,1,w4a16,4,16,int,unknown,mmlu_pro,12032,38.83,36.0,-2.83,header_only,0
RedHatAI/Mistral-Small-24B-Instruct-2501-quantized.w4a16,Mistral-Small-24B-Instruct-2501,mistral,24.0,1,w4a16,4,16,int,unknown,gpqa,448,8.29,6.81,-1.48,header_only,0
RedHatAI/Mistral-Small-24B-Instruct-2501-quantized.w4a16,Mistral-Small-24B-Instruct-2501,mistral,24.0,1,w4a16,4,16,int,unknown,musr,756,7.84,9.46,1.62,header_only,0
RedHatAI/Mistral-Small-24B-Instruct-2501-quantized.w8a8,Mistral-Small-24B-Instruct-2501,mistral,24.0,1,w8a8_int,8,8,int,smoothquant+gptq,arc_challenge,1172,72.18,68.86,-3.32,header_only,0
RedHatAI/Mistral-Small-24B-Instruct-2501-quantized.w8a8,Mistral-Small-24B-Instruct-2501,mistral,24.0,1,w8a8_int,8,8,int,smoothquant+gptq,gsm8k,1319,90.14,90.0,-0.14,header_only,0
RedHatAI/Mistral-Small-24B-Instruct-2501-quantized.w8a8,Mistral-Small-24B-Instruct-2501,mistral,24.0,1,w8a8_int,8,8,int,smoothquant+gptq,hellaswag,10042,85.05,85.06,0.01,header_only,0
RedHatAI/Mistral-Small-24B-Instruct-2501-quantized.w8a8,Mistral-Small-24B-Instruct-2501,mistral,24.0,1,w8a8_int,8,8,int,smoothquant+gptq,mmlu,14042,80.69,80.25,-0.44,header_only,0
RedHatAI/Mistral-Small-24B-Instruct-2501-quantized.w8a8,Mistral-Small-24B-Instruct-2501,mistral,24.0,1,w8a8_int,8,8,int,smoothquant+gptq,truthfulqa,817,65.55,65.69,0.14,header_only,0
RedHatAI/Mistral-Small-24B-Instruct-2501-quantized.w8a8,Mistral-Small-24B-Instruct-2501,mistral,24.0,1,w8a8_int,8,8,int,smoothquant+gptq,winogrande,1267,83.11,81.69,-1.42,header_only,0
RedHatAI/Mistral-Small-3.1-24B-Instruct-2503-FP8-dynamic,Mistral-Small-3.1-24B-Instruct-2503,mistral,24.0,1,fp8_dynamic,8,8,fp,rtn,mmlu,14042,80.67,80.71,0.04,arith,1
RedHatAI/Mistral-Small-3.1-24B-Instruct-2503-FP8-dynamic,Mistral-Small-3.1-24B-Instruct-2503,mistral,24.0,1,fp8_dynamic,8,8,fp,rtn,arc_challenge,1172,72.78,72.87,0.09,arith,1
RedHatAI/Mistral-Small-3.1-24B-Instruct-2503-FP8-dynamic,Mistral-Small-3.1-24B-Instruct-2503,mistral,24.0,1,fp8_dynamic,8,8,fp,rtn,gsm8k,1319,58.68,49.96,-8.72,arith,1
RedHatAI/Mistral-Small-3.1-24B-Instruct-2503-FP8-dynamic,Mistral-Small-3.1-24B-Instruct-2503,mistral,24.0,1,fp8_dynamic,8,8,fp,rtn,hellaswag,10042,83.7,83.67,-0.03,arith,1
RedHatAI/Mistral-Small-3.1-24B-Instruct-2503-FP8-dynamic,Mistral-Small-3.1-24B-Instruct-2503,mistral,24.0,1,fp8_dynamic,8,8,fp,rtn,winogrande,1267,83.74,82.56,-1.18,arith,1
RedHatAI/Mistral-Small-3.1-24B-Instruct-2503-FP8-dynamic,Mistral-Small-3.1-24B-Instruct-2503,mistral,24.0,1,fp8_dynamic,8,8,fp,rtn,truthfulqa,817,70.62,70.88,0.26,arith,1
RedHatAI/Mistral-Small-3.1-24B-Instruct-2503-FP8-dynamic,Mistral-Small-3.1-24B-Instruct-2503,mistral,24.0,1,fp8_dynamic,8,8,fp,rtn,mmlu_pro,12032,67.25,66.86,-0.39,arith,1
RedHatAI/Mistral-Small-3.1-24B-Instruct-2503-FP8-dynamic,Mistral-Small-3.1-24B-Instruct-2503,mistral,24.0,1,fp8_dynamic,8,8,fp,rtn,gpqa,448,45.96,45.45,-0.51,arith,1
RedHatAI/Mistral-Small-3.1-24B-Instruct-2503-FP8-dynamic,Mistral-Small-3.1-24B-Instruct-2503,mistral,24.0,1,fp8_dynamic,8,8,fp,rtn,humaneval,164,84.7,84.7,0.0,arith,1
RedHatAI/Mistral-Small-3.1-24B-Instruct-2503-FP8-dynamic,Mistral-Small-3.1-24B-Instruct-2503,mistral,24.0,1,fp8_dynamic,8,8,fp,rtn,humaneval_plus,164,79.5,79.3,-0.2,arith,1
RedHatAI/Mistral-Small-3.1-24B-Instruct-2503-quantized.w4a16,Mistral-Small-3.1-24B-Instruct-2503,mistral,24.0,1,w4a16,4,16,int,gptq,mmlu,14042,80.67,79.74,-0.93,arith,1
RedHatAI/Mistral-Small-3.1-24B-Instruct-2503-quantized.w4a16,Mistral-Small-3.1-24B-Instruct-2503,mistral,24.0,1,w4a16,4,16,int,gptq,arc_challenge,1172,72.78,72.18,-0.6,arith,1
RedHatAI/Mistral-Small-3.1-24B-Instruct-2503-quantized.w4a16,Mistral-Small-3.1-24B-Instruct-2503,mistral,24.0,1,w4a16,4,16,int,gptq,gsm8k,1319,58.68,59.59,0.91,arith,1
RedHatAI/Mistral-Small-3.1-24B-Instruct-2503-quantized.w4a16,Mistral-Small-3.1-24B-Instruct-2503,mistral,24.0,1,w4a16,4,16,int,gptq,hellaswag,10042,83.7,83.25,-0.45,arith,1
RedHatAI/Mistral-Small-3.1-24B-Instruct-2503-quantized.w4a16,Mistral-Small-3.1-24B-Instruct-2503,mistral,24.0,1,w4a16,4,16,int,gptq,winogrande,1267,83.74,83.43,-0.31,arith,1
RedHatAI/Mistral-Small-3.1-24B-Instruct-2503-quantized.w4a16,Mistral-Small-3.1-24B-Instruct-2503,mistral,24.0,1,w4a16,4,16,int,gptq,truthfulqa,817,70.62,69.56,-1.06,arith,1
RedHatAI/Mistral-Small-3.1-24B-Instruct-2503-quantized.w4a16,Mistral-Small-3.1-24B-Instruct-2503,mistral,24.0,1,w4a16,4,16,int,gptq,mmlu_pro,12032,67.25,66.56,-0.69,arith,1
RedHatAI/Mistral-Small-3.1-24B-Instruct-2503-quantized.w4a16,Mistral-Small-3.1-24B-Instruct-2503,mistral,24.0,1,w4a16,4,16,int,gptq,gpqa,448,42.63,47.1,4.47,arith,1
RedHatAI/Mistral-Small-3.1-24B-Instruct-2503-quantized.w4a16,Mistral-Small-3.1-24B-Instruct-2503,mistral,24.0,1,w4a16,4,16,int,gptq,humaneval,164,84.7,84.6,-0.1,arith,1
RedHatAI/Mistral-Small-3.1-24B-Instruct-2503-quantized.w4a16,Mistral-Small-3.1-24B-Instruct-2503,mistral,24.0,1,w4a16,4,16,int,gptq,humaneval_plus,164,79.5,79.9,0.4,arith,1
RedHatAI/Mistral-Small-3.1-24B-Instruct-2503-quantized.w8a8,Mistral-Small-3.1-24B-Instruct-2503,mistral,24.0,1,w8a8_int,8,8,int,smoothquant+gptq,mmlu,14042,80.67,80.4,-0.27,arith,1
RedHatAI/Mistral-Small-3.1-24B-Instruct-2503-quantized.w8a8,Mistral-Small-3.1-24B-Instruct-2503,mistral,24.0,1,w8a8_int,8,8,int,smoothquant+gptq,arc_challenge,1172,72.78,73.46,0.68,arith,1
RedHatAI/Mistral-Small-3.1-24B-Instruct-2503-quantized.w8a8,Mistral-Small-3.1-24B-Instruct-2503,mistral,24.0,1,w8a8_int,8,8,int,smoothquant+gptq,hellaswag,10042,83.7,82.26,-1.44,arith,1
RedHatAI/Mistral-Small-3.1-24B-Instruct-2503-quantized.w8a8,Mistral-Small-3.1-24B-Instruct-2503,mistral,24.0,1,w8a8_int,8,8,int,smoothquant+gptq,winogrande,1267,83.74,80.9,-2.84,arith,1
RedHatAI/Mistral-Small-3.1-24B-Instruct-2503-quantized.w8a8,Mistral-Small-3.1-24B-Instruct-2503,mistral,24.0,1,w8a8_int,8,8,int,smoothquant+gptq,truthfulqa,817,70.62,69.15,-1.47,arith,1
RedHatAI/Mistral-Small-3.1-24B-Instruct-2503-quantized.w8a8,Mistral-Small-3.1-24B-Instruct-2503,mistral,24.0,1,w8a8_int,8,8,int,smoothquant+gptq,mmlu_pro,12032,67.25,66.54,-0.71,arith,1
RedHatAI/Mistral-Small-3.1-24B-Instruct-2503-quantized.w8a8,Mistral-Small-3.1-24B-Instruct-2503,mistral,24.0,1,w8a8_int,8,8,int,smoothquant+gptq,gpqa,448,42.63,44.64,2.01,arith,1
RedHatAI/Mistral-Small-3.1-24B-Instruct-2503-quantized.w8a8,Mistral-Small-3.1-24B-Instruct-2503,mistral,24.0,1,w8a8_int,8,8,int,smoothquant+gptq,humaneval,164,84.7,84.2,-0.5,arith,1
RedHatAI/Mistral-Small-3.1-24B-Instruct-2503-quantized.w8a8,Mistral-Small-3.1-24B-Instruct-2503,mistral,24.0,1,w8a8_int,8,8,int,smoothquant+gptq,humaneval_plus,164,79.5,81.0,1.5,arith,1
RedHatAI/Mistral-Small-3.2-24B-Instruct-2506-NVFP4,Mistral-Small-3.2-24B-Instruct-2506,mistral,24.0,1,nvfp4,4,4,fp,smoothquant,arc_challenge,1172,68.52,66.98,-1.54,arith,1
RedHatAI/Mistral-Small-3.2-24B-Instruct-2506-NVFP4,Mistral-Small-3.2-24B-Instruct-2506,mistral,24.0,1,nvfp4,4,4,fp,smoothquant,gsm8k,1319,89.61,87.11,-2.5,arith,1
RedHatAI/Mistral-Small-3.2-24B-Instruct-2506-NVFP4,Mistral-Small-3.2-24B-Instruct-2506,mistral,24.0,1,nvfp4,4,4,fp,smoothquant,hellaswag,10042,85.7,85.11,-0.59,arith,1
RedHatAI/Mistral-Small-3.2-24B-Instruct-2506-NVFP4,Mistral-Small-3.2-24B-Instruct-2506,mistral,24.0,1,nvfp4,4,4,fp,smoothquant,mmlu,14042,81.06,79.43,-1.63,arith,1
RedHatAI/Mistral-Small-3.2-24B-Instruct-2506-NVFP4,Mistral-Small-3.2-24B-Instruct-2506,mistral,24.0,1,nvfp4,4,4,fp,smoothquant,truthfulqa,817,61.35,60.34,-1.01,arith,1
RedHatAI/Mistral-Small-3.2-24B-Instruct-2506-NVFP4,Mistral-Small-3.2-24B-Instruct-2506,mistral,24.0,1,nvfp4,4,4,fp,smoothquant,winogrande,1267,83.27,81.61,-1.66,arith,1
RedHatAI/Mistral-Small-3.2-24B-Instruct-2506-NVFP4,Mistral-Small-3.2-24B-Instruct-2506,mistral,24.0,1,nvfp4,4,4,fp,smoothquant,bbh,6511,65.86,64.05,-1.81,arith,1
RedHatAI/Mistral-Small-3.2-24B-Instruct-2506-NVFP4,Mistral-Small-3.2-24B-Instruct-2506,mistral,24.0,1,nvfp4,4,4,fp,smoothquant,mmlu_pro,12032,50.84,48.45,-2.39,arith,1
RedHatAI/Mistral-Small-3.2-24B-Instruct-2506-NVFP4,Mistral-Small-3.2-24B-Instruct-2506,mistral,24.0,1,nvfp4,4,4,fp,smoothquant,musr,756,39.15,40.21,1.06,arith,1
RedHatAI/Mistral-Small-3.2-24B-Instruct-2506-NVFP4,Mistral-Small-3.2-24B-Instruct-2506,mistral,24.0,1,nvfp4,4,4,fp,smoothquant,ifeval,541,84.05,84.41,0.36,arith,1
RedHatAI/Mistral-Small-3.2-24B-Instruct-2506-NVFP4,Mistral-Small-3.2-24B-Instruct-2506,mistral,24.0,1,nvfp4,4,4,fp,smoothquant,gpqa,448,33.14,32.55,-0.59,arith,1
RedHatAI/Mistral-Small-3.2-24B-Instruct-2506-NVFP4,Mistral-Small-3.2-24B-Instruct-2506,mistral,24.0,1,nvfp4,4,4,fp,smoothquant,math_lvl5,1324,41.69,37.76,-3.93,arith,1
RedHatAI/Mistral-Small-3.2-24B-Instruct-2506-NVFP4,Mistral-Small-3.2-24B-Instruct-2506,mistral,24.0,1,nvfp4,4,4,fp,smoothquant,humaneval,164,88.88,88.84,-0.04,arith,1
RedHatAI/Mixtral-8x22B-Instruct-v0.1-FP8,Mixtral-8x22B-Instruct-v0.1,mistral,22.0,1,fp8,8,8,fp,rtn,arc_challenge,1172,73.29,73.29,0.0,header_only,0
RedHatAI/Mixtral-8x22B-Instruct-v0.1-FP8,Mixtral-8x22B-Instruct-v0.1,mistral,22.0,1,fp8,8,8,fp,rtn,gsm8k,1319,85.06,84.08,-0.98,header_only,0
RedHatAI/Mixtral-8x22B-Instruct-v0.1-FP8,Mixtral-8x22B-Instruct-v0.1,mistral,22.0,1,fp8,8,8,fp,rtn,hellaswag,10042,88.94,88.85,-0.09,header_only,0
RedHatAI/Mixtral-8x22B-Instruct-v0.1-FP8,Mixtral-8x22B-Instruct-v0.1,mistral,22.0,1,fp8,8,8,fp,rtn,mmlu,14042,77.77,77.62,-0.15,header_only,0
RedHatAI/Mixtral-8x22B-Instruct-v0.1-FP8,Mixtral-8x22B-Instruct-v0.1,mistral,22.0,1,fp8,8,8,fp,rtn,truthfulqa,817,68.49,68.01,-0.48,header_only,0
RedHatAI/Mixtral-8x22B-Instruct-v0.1-FP8,Mixtral-8x22B-Instruct-v0.1,mistral,22.0,1,fp8,8,8,fp,rtn,winogrande,1267,85.64,85.16,-0.48,header_only,0
RedHatAI/Mixtral-8x22B-v0.1-quantized.w4a16,Mixtral-8x22B-v0.1,mistral,22.0,0,w4a16,4,16,int,unknown,arc_challenge,1172,70.39,69.88,-0.51,header_only,0
RedHatAI/Mixtral-8x22B-v0.1-quantized.w4a16,Mixtral-8x22B-v0.1,mistral,22.0,0,w4a16,4,16,int,unknown,gsm8k,1319,76.42,74.68,-1.74,header_only,0
RedHatAI/Mixtral-8x22B-v0.1-quantized.w4a16,Mixtral-8x22B-v0.1,mistral,22.0,0,w4a16,4,16,int,unknown,hellaswag,10042,88.31,87.94,-0.37,header_only,0
RedHatAI/Mixtral-8x22B-v0.1-quantized.w4a16,Mixtral-8x22B-v0.1,mistral,22.0,0,w4a16,4,16,int,unknown,mmlu,14042,77.4,76.21,-1.19,header_only,0
RedHatAI/Mixtral-8x22B-v0.1-quantized.w4a16,Mixtral-8x22B-v0.1,mistral,22.0,0,w4a16,4,16,int,unknown,truthfulqa,817,51.17,51.15,-0.02,header_only,0
RedHatAI/Mixtral-8x22B-v0.1-quantized.w4a16,Mixtral-8x22B-v0.1,mistral,22.0,0,w4a16,4,16,int,unknown,winogrande,1267,84.45,85.16,0.71,header_only,0
RedHatAI/Mixtral-8x7B-Instruct-v0.1-FP8,Mixtral-8x7B-Instruct-v0.1,mistral,7.0,1,fp8,8,8,fp,rtn,arc_challenge,1172,70.48,69.54,-0.94,header_only,0
RedHatAI/Mixtral-8x7B-Instruct-v0.1-FP8,Mixtral-8x7B-Instruct-v0.1,mistral,7.0,1,fp8,8,8,fp,rtn,gsm8k,1319,65.5,64.29,-1.21,header_only,0
RedHatAI/Mixtral-8x7B-Instruct-v0.1-FP8,Mixtral-8x7B-Instruct-v0.1,mistral,7.0,1,fp8,8,8,fp,rtn,hellaswag,10042,87.33,86.96,-0.37,header_only,0
RedHatAI/Mixtral-8x7B-Instruct-v0.1-FP8,Mixtral-8x7B-Instruct-v0.1,mistral,7.0,1,fp8,8,8,fp,rtn,mmlu,14042,70.3,69.97,-0.33,header_only,0
RedHatAI/Mixtral-8x7B-Instruct-v0.1-FP8,Mixtral-8x7B-Instruct-v0.1,mistral,7.0,1,fp8,8,8,fp,rtn,truthfulqa,817,64.81,63.89,-0.92,header_only,0
RedHatAI/Mixtral-8x7B-Instruct-v0.1-FP8,Mixtral-8x7B-Instruct-v0.1,mistral,7.0,1,fp8,8,8,fp,rtn,winogrande,1267,82.24,81.29,-0.95,header_only,0
RedHatAI/Mixtral-8x7B-v0.1-quantized.w4a16,Mixtral-8x7B-v0.1,mistral,7.0,0,w4a16,4,16,int,unknown,arc_challenge,1172,66.55,65.61,-0.94,header_only,0
RedHatAI/Mixtral-8x7B-v0.1-quantized.w4a16,Mixtral-8x7B-v0.1,mistral,7.0,0,w4a16,4,16,int,unknown,gsm8k,1319,59.89,58.07,-1.82,header_only,0
RedHatAI/Mixtral-8x7B-v0.1-quantized.w4a16,Mixtral-8x7B-v0.1,mistral,7.0,0,w4a16,4,16,int,unknown,hellaswag,10042,86.65,85.21,-1.44,header_only,0
RedHatAI/Mixtral-8x7B-v0.1-quantized.w4a16,Mixtral-8x7B-v0.1,mistral,7.0,0,w4a16,4,16,int,unknown,mmlu,14042,70.33,69.23,-1.1,header_only,0
RedHatAI/Mixtral-8x7B-v0.1-quantized.w4a16,Mixtral-8x7B-v0.1,mistral,7.0,0,w4a16,4,16,int,unknown,truthfulqa,817,46.65,47.18,0.53,header_only,0
RedHatAI/Mixtral-8x7B-v0.1-quantized.w4a16,Mixtral-8x7B-v0.1,mistral,7.0,0,w4a16,4,16,int,unknown,winogrande,1267,81.45,81.14,-0.31,header_only,0
RedHatAI/Qwen2.5-0.5B-FP8-dynamic,Qwen2.5-0.5B,qwen2.5,0.5,0,fp8_dynamic,8,8,fp,rtn,mmlu,14042,47.57,47.1,-0.47,arith,1
RedHatAI/Qwen2.5-0.5B-FP8-dynamic,Qwen2.5-0.5B,qwen2.5,0.5,0,fp8_dynamic,8,8,fp,rtn,arc_challenge,1172,34.9,33.87,-1.03,arith,1
RedHatAI/Qwen2.5-0.5B-FP8-dynamic,Qwen2.5-0.5B,qwen2.5,0.5,0,fp8_dynamic,8,8,fp,rtn,gsm8k,1319,34.19,34.65,0.46,arith,1
RedHatAI/Qwen2.5-0.5B-FP8-dynamic,Qwen2.5-0.5B,qwen2.5,0.5,0,fp8_dynamic,8,8,fp,rtn,hellaswag,10042,51.83,51.31,-0.52,arith,1
RedHatAI/Qwen2.5-0.5B-FP8-dynamic,Qwen2.5-0.5B,qwen2.5,0.5,0,fp8_dynamic,8,8,fp,rtn,winogrande,1267,55.8,55.56,-0.24,arith,1
RedHatAI/Qwen2.5-0.5B-FP8-dynamic,Qwen2.5-0.5B,qwen2.5,0.5,0,fp8_dynamic,8,8,fp,rtn,truthfulqa,817,39.9,40.44,0.54,arith,1
RedHatAI/Qwen2.5-0.5B-Instruct-quantized.w8a8,Qwen2.5-0.5B-Instruct,qwen2.5,0.5,1,w8a8_int,8,8,int,unknown,mmlu,14042,46.83,46.29,-0.54,arith,1
RedHatAI/Qwen2.5-0.5B-Instruct-quantized.w8a8,Qwen2.5-0.5B-Instruct,qwen2.5,0.5,1,w8a8_int,8,8,int,unknown,arc_challenge,1172,33.62,33.36,-0.26,arith,1
RedHatAI/Qwen2.5-0.5B-Instruct-quantized.w8a8,Qwen2.5-0.5B-Instruct,qwen2.5,0.5,1,w8a8_int,8,8,int,unknown,gsm8k,1319,33.21,33.21,0.0,arith,1
RedHatAI/Qwen2.5-0.5B-Instruct-quantized.w8a8,Qwen2.5-0.5B-Instruct,qwen2.5,0.5,1,w8a8_int,8,8,int,unknown,hellaswag,10042,51.31,50.97,-0.34,arith,1
RedHatAI/Qwen2.5-0.5B-Instruct-quantized.w8a8,Qwen2.5-0.5B-Instruct,qwen2.5,0.5,1,w8a8_int,8,8,int,unknown,winogrande,1267,55.01,55.01,0.0,arith,1
RedHatAI/Qwen2.5-0.5B-Instruct-quantized.w8a8,Qwen2.5-0.5B-Instruct,qwen2.5,0.5,1,w8a8_int,8,8,int,unknown,truthfulqa,817,41.85,41.47,-0.38,arith,1
RedHatAI/Qwen2.5-0.5B-Instruct-quantized.w8a8,Qwen2.5-0.5B-Instruct,qwen2.5,0.5,1,w8a8_int,8,8,int,unknown,mmlu_pro,12032,17.49,16.95,-0.54,arith,1
RedHatAI/Qwen2.5-0.5B-Instruct-quantized.w8a8,Qwen2.5-0.5B-Instruct,qwen2.5,0.5,1,w8a8_int,8,8,int,unknown,ifeval,541,31.17,32.04,0.87,arith,1
RedHatAI/Qwen2.5-0.5B-Instruct-quantized.w8a8,Qwen2.5-0.5B-Instruct,qwen2.5,0.5,1,w8a8_int,8,8,int,unknown,bbh,6511,32.79,32.51,-0.28,arith,1
RedHatAI/Qwen2.5-0.5B-Instruct-quantized.w8a8,Qwen2.5-0.5B-Instruct,qwen2.5,0.5,1,w8a8_int,8,8,int,unknown,gpqa,448,25.67,26.12,0.45,arith,1
RedHatAI/Qwen2.5-0.5B-Instruct-quantized.w8a8,Qwen2.5-0.5B-Instruct,qwen2.5,0.5,1,w8a8_int,8,8,int,unknown,musr,756,33.02,32.75,-0.27,arith,1
RedHatAI/Qwen2.5-0.5B-quantized.w4a16,Qwen2.5-0.5B,qwen2.5,0.5,0,w4a16,4,16,int,unknown,mmlu,14042,47.57,45.04,-2.53,arith,1
RedHatAI/Qwen2.5-0.5B-quantized.w4a16,Qwen2.5-0.5B,qwen2.5,0.5,0,w4a16,4,16,int,unknown,gsm8k,1319,34.19,27.98,-6.21,arith,1
RedHatAI/Qwen2.5-0.5B-quantized.w4a16,Qwen2.5-0.5B,qwen2.5,0.5,0,w4a16,4,16,int,unknown,hellaswag,10042,51.83,49.15,-2.68,arith,1
RedHatAI/Qwen2.5-0.5B-quantized.w4a16,Qwen2.5-0.5B,qwen2.5,0.5,0,w4a16,4,16,int,unknown,winogrande,1267,55.8,53.75,-2.05,arith,1
RedHatAI/Qwen2.5-0.5B-quantized.w4a16,Qwen2.5-0.5B,qwen2.5,0.5,0,w4a16,4,16,int,unknown,truthfulqa,817,39.9,38.89,-1.01,arith,1
RedHatAI/Qwen2.5-0.5B-quantized.w8a16,Qwen2.5-0.5B,qwen2.5,0.5,0,w8a16,8,16,int,gptq,mmlu,14042,47.57,47.81,0.24,arith,1
RedHatAI/Qwen2.5-0.5B-quantized.w8a16,Qwen2.5-0.5B,qwen2.5,0.5,0,w8a16,8,16,int,gptq,arc_challenge,1172,34.9,34.9,0.0,arith,1
RedHatAI/Qwen2.5-0.5B-quantized.w8a16,Qwen2.5-0.5B,qwen2.5,0.5,0,w8a16,8,16,int,gptq,gsm8k,1319,34.19,33.51,-0.68,arith,1
RedHatAI/Qwen2.5-0.5B-quantized.w8a16,Qwen2.5-0.5B,qwen2.5,0.5,0,w8a16,8,16,int,gptq,hellaswag,10042,51.83,51.78,-0.05,arith,1
RedHatAI/Qwen2.5-0.5B-quantized.w8a16,Qwen2.5-0.5B,qwen2.5,0.5,0,w8a16,8,16,int,gptq,winogrande,1267,55.8,55.49,-0.31,arith,1
RedHatAI/Qwen2.5-0.5B-quantized.w8a16,Qwen2.5-0.5B,qwen2.5,0.5,0,w8a16,8,16,int,gptq,truthfulqa,817,39.9,39.71,-0.19,arith,1
RedHatAI/Qwen2.5-0.5B-quantized.w8a8,Qwen2.5-0.5B,qwen2.5,0.5,0,w8a8_int,8,8,int,unknown,mmlu,14042,47.57,47.35,-0.22,arith,1
RedHatAI/Qwen2.5-0.5B-quantized.w8a8,Qwen2.5-0.5B,qwen2.5,0.5,0,w8a8_int,8,8,int,unknown,arc_challenge,1172,34.9,34.47,-0.43,arith,1
RedHatAI/Qwen2.5-0.5B-quantized.w8a8,Qwen2.5-0.5B,qwen2.5,0.5,0,w8a8_int,8,8,int,unknown,gsm8k,1319,34.19,34.19,0.0,arith,1
RedHatAI/Qwen2.5-0.5B-quantized.w8a8,Qwen2.5-0.5B,qwen2.5,0.5,0,w8a8_int,8,8,int,unknown,hellaswag,10042,51.83,51.63,-0.2,arith,1
RedHatAI/Qwen2.5-0.5B-quantized.w8a8,Qwen2.5-0.5B,qwen2.5,0.5,0,w8a8_int,8,8,int,unknown,winogrande,1267,55.8,55.64,-0.16,arith,1
RedHatAI/Qwen2.5-0.5B-quantized.w8a8,Qwen2.5-0.5B,qwen2.5,0.5,0,w8a8_int,8,8,int,unknown,truthfulqa,817,39.9,40.32,0.42,arith,1
RedHatAI/Qwen2.5-1.5B-FP8-dynamic,Qwen2.5-1.5B,qwen2.5,1.5,0,fp8_dynamic,8,8,fp,rtn,mmlu,14042,60.98,60.25,-0.73,arith,1
RedHatAI/Qwen2.5-1.5B-FP8-dynamic,Qwen2.5-1.5B,qwen2.5,1.5,0,fp8_dynamic,8,8,fp,rtn,arc_challenge,1172,49.66,49.32,-0.34,arith,1
RedHatAI/Qwen2.5-1.5B-FP8-dynamic,Qwen2.5-1.5B,qwen2.5,1.5,0,fp8_dynamic,8,8,fp,rtn,gsm8k,1319,60.96,60.12,-0.84,arith,1
RedHatAI/Qwen2.5-1.5B-FP8-dynamic,Qwen2.5-1.5B,qwen2.5,1.5,0,fp8_dynamic,8,8,fp,rtn,hellaswag,10042,67.65,67.49,-0.16,arith,1
RedHatAI/Qwen2.5-1.5B-FP8-dynamic,Qwen2.5-1.5B,qwen2.5,1.5,0,fp8_dynamic,8,8,fp,rtn,winogrande,1267,65.04,65.98,0.94,arith,1
RedHatAI/Qwen2.5-1.5B-FP8-dynamic,Qwen2.5-1.5B,qwen2.5,1.5,0,fp8_dynamic,8,8,fp,rtn,truthfulqa,817,46.57,46.08,-0.49,arith,1
RedHatAI/Qwen2.5-1.5B-quantized.w4a16,Qwen2.5-1.5B,qwen2.5,1.5,0,w4a16,4,16,int,unknown,mmlu,14042,60.98,58.93,-2.05,arith,1
RedHatAI/Qwen2.5-1.5B-quantized.w4a16,Qwen2.5-1.5B,qwen2.5,1.5,0,w4a16,4,16,int,unknown,arc_challenge,1172,49.66,47.7,-1.96,arith,1
RedHatAI/Qwen2.5-1.5B-quantized.w4a16,Qwen2.5-1.5B,qwen2.5,1.5,0,w4a16,4,16,int,unknown,gsm8k,1319,60.96,56.71,-4.25,arith,1
RedHatAI/Qwen2.5-1.5B-quantized.w4a16,Qwen2.5-1.5B,qwen2.5,1.5,0,w4a16,4,16,int,unknown,hellaswag,10042,67.65,66.79,-0.86,arith,1
RedHatAI/Qwen2.5-1.5B-quantized.w4a16,Qwen2.5-1.5B,qwen2.5,1.5,0,w4a16,4,16,int,unknown,winogrande,1267,65.04,65.51,0.47,arith,1
RedHatAI/Qwen2.5-1.5B-quantized.w4a16,Qwen2.5-1.5B,qwen2.5,1.5,0,w4a16,4,16,int,unknown,truthfulqa,817,46.57,44.49,-2.08,arith,1
RedHatAI/Qwen2.5-1.5B-quantized.w8a16,Qwen2.5-1.5B,qwen2.5,1.5,0,w8a16,8,16,int,gptq,mmlu,14042,60.98,61.0,0.02,arith,1
RedHatAI/Qwen2.5-1.5B-quantized.w8a16,Qwen2.5-1.5B,qwen2.5,1.5,0,w8a16,8,16,int,gptq,arc_challenge,1172,49.66,50.34,0.68,arith,1
RedHatAI/Qwen2.5-1.5B-quantized.w8a16,Qwen2.5-1.5B,qwen2.5,1.5,0,w8a16,8,16,int,gptq,gsm8k,1319,60.96,61.18,0.22,arith,1
RedHatAI/Qwen2.5-1.5B-quantized.w8a16,Qwen2.5-1.5B,qwen2.5,1.5,0,w8a16,8,16,int,gptq,hellaswag,10042,67.65,67.64,-0.01,arith,1
RedHatAI/Qwen2.5-1.5B-quantized.w8a16,Qwen2.5-1.5B,qwen2.5,1.5,0,w8a16,8,16,int,gptq,winogrande,1267,65.04,65.11,0.07,arith,1
RedHatAI/Qwen2.5-1.5B-quantized.w8a16,Qwen2.5-1.5B,qwen2.5,1.5,0,w8a16,8,16,int,gptq,truthfulqa,817,46.57,46.57,0.0,arith,1
RedHatAI/Qwen2.5-1.5B-quantized.w8a8,Qwen2.5-1.5B,qwen2.5,1.5,0,w8a8_int,8,8,int,unknown,mmlu,14042,60.98,60.35,-0.63,arith,1
RedHatAI/Qwen2.5-1.5B-quantized.w8a8,Qwen2.5-1.5B,qwen2.5,1.5,0,w8a8_int,8,8,int,unknown,arc_challenge,1172,49.66,49.66,0.0,arith,1
RedHatAI/Qwen2.5-1.5B-quantized.w8a8,Qwen2.5-1.5B,qwen2.5,1.5,0,w8a8_int,8,8,int,unknown,gsm8k,1319,60.96,60.12,-0.84,arith,1
RedHatAI/Qwen2.5-1.5B-quantized.w8a8,Qwen2.5-1.5B,qwen2.5,1.5,0,w8a8_int,8,8,int,unknown,hellaswag,10042,67.65,67.72,0.07,arith,1
RedHatAI/Qwen2.5-1.5B-quantized.w8a8,Qwen2.5-1.5B,qwen2.5,1.5,0,w8a8_int,8,8,int,unknown,winogrande,1267,65.04,66.06,1.02,arith,1
RedHatAI/Qwen2.5-1.5B-quantized.w8a8,Qwen2.5-1.5B,qwen2.5,1.5,0,w8a8_int,8,8,int,unknown,truthfulqa,817,46.57,46.14,-0.43,arith,1
RedHatAI/Qwen2.5-14B-FP8-dynamic,Qwen2.5-14B,qwen2.5,14.0,0,fp8_dynamic,8,8,fp,rtn,mmlu,14042,79.71,79.48,-0.23,arith,1
RedHatAI/Qwen2.5-14B-FP8-dynamic,Qwen2.5-14B,qwen2.5,14.0,0,fp8_dynamic,8,8,fp,rtn,arc_challenge,1172,65.7,65.19,-0.51,arith,1
RedHatAI/Qwen2.5-14B-FP8-dynamic,Qwen2.5-14B,qwen2.5,14.0,0,fp8_dynamic,8,8,fp,rtn,gsm8k,1319,84.46,83.62,-0.84,arith,1
RedHatAI/Qwen2.5-14B-FP8-dynamic,Qwen2.5-14B,qwen2.5,14.0,0,fp8_dynamic,8,8,fp,rtn,hellaswag,10042,84.28,84.28,0.0,arith,1
RedHatAI/Qwen2.5-14B-FP8-dynamic,Qwen2.5-14B,qwen2.5,14.0,0,fp8_dynamic,8,8,fp,rtn,winogrande,1267,81.37,81.77,0.4,arith,1
RedHatAI/Qwen2.5-14B-FP8-dynamic,Qwen2.5-14B,qwen2.5,14.0,0,fp8_dynamic,8,8,fp,rtn,truthfulqa,817,58.46,58.3,-0.16,arith,1
RedHatAI/Qwen2.5-14B-Instruct-quantized.w8a8,Qwen2.5-14B-Instruct,qwen2.5,14.0,1,w8a8_int,8,8,int,unknown,mmlu,14042,79.87,79.75,-0.12,arith,1
RedHatAI/Qwen2.5-14B-Instruct-quantized.w8a8,Qwen2.5-14B-Instruct,qwen2.5,14.0,1,w8a8_int,8,8,int,unknown,arc_challenge,1172,68.94,69.2,0.26,arith,1
RedHatAI/Qwen2.5-14B-Instruct-quantized.w8a8,Qwen2.5-14B-Instruct,qwen2.5,14.0,1,w8a8_int,8,8,int,unknown,gsm8k,1319,83.55,85.52,1.97,arith,1
RedHatAI/Qwen2.5-14B-Instruct-quantized.w8a8,Qwen2.5-14B-Instruct,qwen2.5,14.0,1,w8a8_int,8,8,int,unknown,hellaswag,10042,85.3,85.07,-0.23,arith,1
RedHatAI/Qwen2.5-14B-Instruct-quantized.w8a8,Qwen2.5-14B-Instruct,qwen2.5,14.0,1,w8a8_int,8,8,int,unknown,winogrande,1267,80.51,80.43,-0.08,arith,1
RedHatAI/Qwen2.5-14B-Instruct-quantized.w8a8,Qwen2.5-14B-Instruct,qwen2.5,14.0,1,w8a8_int,8,8,int,unknown,truthfulqa,817,68.93,68.94,0.01,arith,1
RedHatAI/Qwen2.5-14B-quantized.w8a8,Qwen2.5-14B,qwen2.5,14.0,0,w8a8_int,8,8,int,unknown,mmlu,14042,79.71,79.38,-0.33,arith,1
RedHatAI/Qwen2.5-14B-quantized.w8a8,Qwen2.5-14B,qwen2.5,14.0,0,w8a8_int,8,8,int,unknown,arc_challenge,1172,65.7,65.27,-0.43,arith,1
RedHatAI/Qwen2.5-14B-quantized.w8a8,Qwen2.5-14B,qwen2.5,14.0,0,w8a8_int,8,8,int,unknown,gsm8k,1319,84.46,83.93,-0.53,arith,1
RedHatAI/Qwen2.5-14B-quantized.w8a8,Qwen2.5-14B,qwen2.5,14.0,0,w8a8_int,8,8,int,unknown,hellaswag,10042,84.28,84.16,-0.12,arith,1
RedHatAI/Qwen2.5-14B-quantized.w8a8,Qwen2.5-14B,qwen2.5,14.0,0,w8a8_int,8,8,int,unknown,winogrande,1267,81.37,81.22,-0.15,arith,1
RedHatAI/Qwen2.5-14B-quantized.w8a8,Qwen2.5-14B,qwen2.5,14.0,0,w8a8_int,8,8,int,unknown,truthfulqa,817,58.46,58.65,0.19,arith,1
RedHatAI/Qwen2.5-32B-quantized.w8a16,Qwen2.5-32B,qwen2.5,32.0,0,w8a16,8,16,int,gptq,mmlu,14042,83.25,83.19,-0.06,arith,1
RedHatAI/Qwen2.5-32B-quantized.w8a16,Qwen2.5-32B,qwen2.5,32.0,0,w8a16,8,16,int,gptq,arc_challenge,1172,66.3,66.04,-0.26,arith,1
RedHatAI/Qwen2.5-32B-quantized.w8a16,Qwen2.5-32B,qwen2.5,32.0,0,w8a16,8,16,int,gptq,gsm8k,1319,78.09,78.62,0.53,arith,1
RedHatAI/Qwen2.5-32B-quantized.w8a16,Qwen2.5-32B,qwen2.5,32.0,0,w8a16,8,16,int,gptq,hellaswag,10042,85.08,85.14,0.06,arith,1
RedHatAI/Qwen2.5-32B-quantized.w8a16,Qwen2.5-32B,qwen2.5,32.0,0,w8a16,8,16,int,gptq,winogrande,1267,81.29,81.61,0.32,arith,1
RedHatAI/Qwen2.5-32B-quantized.w8a16,Qwen2.5-32B,qwen2.5,32.0,0,w8a16,8,16,int,gptq,truthfulqa,817,57.76,57.78,0.02,arith,1
RedHatAI/Qwen2.5-3B-FP8-dynamic,Qwen2.5-3B,qwen2.5,3.0,0,fp8_dynamic,8,8,fp,rtn,mmlu,14042,65.68,65.23,-0.45,arith,1
RedHatAI/Qwen2.5-3B-FP8-dynamic,Qwen2.5-3B,qwen2.5,3.0,0,fp8_dynamic,8,8,fp,rtn,arc_challenge,1172,63.59,62.5,-1.09,arith,1
RedHatAI/Qwen2.5-3B-FP8-dynamic,Qwen2.5-3B,qwen2.5,3.0,0,fp8_dynamic,8,8,fp,rtn,gsm8k,1319,68.23,63.91,-4.32,arith,1
RedHatAI/Qwen2.5-3B-FP8-dynamic,Qwen2.5-3B,qwen2.5,3.0,0,fp8_dynamic,8,8,fp,rtn,hellaswag,10042,74.46,74.13,-0.33,arith,1
RedHatAI/Qwen2.5-3B-FP8-dynamic,Qwen2.5-3B,qwen2.5,3.0,0,fp8_dynamic,8,8,fp,rtn,winogrande,1267,70.64,69.93,-0.71,arith,1
RedHatAI/Qwen2.5-3B-FP8-dynamic,Qwen2.5-3B,qwen2.5,3.0,0,fp8_dynamic,8,8,fp,rtn,truthfulqa,817,48.93,48.71,-0.22,arith,1
RedHatAI/Qwen2.5-3B-quantized.w4a16,Qwen2.5-3B,qwen2.5,3.0,0,w4a16,4,16,int,unknown,mmlu,14042,65.68,64.1,-1.58,arith,1
RedHatAI/Qwen2.5-3B-quantized.w4a16,Qwen2.5-3B,qwen2.5,3.0,0,w4a16,4,16,int,unknown,arc_challenge,1172,53.58,51.19,-2.39,arith,1
RedHatAI/Qwen2.5-3B-quantized.w4a16,Qwen2.5-3B,qwen2.5,3.0,0,w4a16,4,16,int,unknown,gsm8k,1319,68.23,67.85,-0.38,arith,1
RedHatAI/Qwen2.5-3B-quantized.w4a16,Qwen2.5-3B,qwen2.5,3.0,0,w4a16,4,16,int,unknown,hellaswag,10042,74.46,73.36,-1.1,arith,1
RedHatAI/Qwen2.5-3B-quantized.w4a16,Qwen2.5-3B,qwen2.5,3.0,0,w4a16,4,16,int,unknown,winogrande,1267,70.64,70.32,-0.32,arith,1
RedHatAI/Qwen2.5-3B-quantized.w8a16,Qwen2.5-3B,qwen2.5,3.0,0,w8a16,8,16,int,gptq,mmlu,14042,65.68,65.65,-0.03,arith,1
RedHatAI/Qwen2.5-3B-quantized.w8a16,Qwen2.5-3B,qwen2.5,3.0,0,w8a16,8,16,int,gptq,arc_challenge,1172,53.58,53.07,-0.51,arith,1
RedHatAI/Qwen2.5-3B-quantized.w8a16,Qwen2.5-3B,qwen2.5,3.0,0,w8a16,8,16,int,gptq,gsm8k,1319,68.23,70.05,1.82,arith,1
RedHatAI/Qwen2.5-3B-quantized.w8a16,Qwen2.5-3B,qwen2.5,3.0,0,w8a16,8,16,int,gptq,hellaswag,10042,51.83,51.78,-0.05,arith,1
RedHatAI/Qwen2.5-3B-quantized.w8a16,Qwen2.5-3B,qwen2.5,3.0,0,w8a16,8,16,int,gptq,winogrande,1267,70.64,70.56,-0.08,arith,1
RedHatAI/Qwen2.5-3B-quantized.w8a8,Qwen2.5-3B,qwen2.5,3.0,0,w8a8_int,8,8,int,unknown,mmlu,14042,65.68,64.73,-0.95,arith,1
RedHatAI/Qwen2.5-3B-quantized.w8a8,Qwen2.5-3B,qwen2.5,3.0,0,w8a8_int,8,8,int,unknown,arc_challenge,1172,63.59,62.86,-0.73,arith,1
RedHatAI/Qwen2.5-3B-quantized.w8a8,Qwen2.5-3B,qwen2.5,3.0,0,w8a8_int,8,8,int,unknown,gsm8k,1319,68.23,66.26,-1.97,arith,1
RedHatAI/Qwen2.5-3B-quantized.w8a8,Qwen2.5-3B,qwen2.5,3.0,0,w8a8_int,8,8,int,unknown,hellaswag,10042,74.46,74.07,-0.39,arith,1
RedHatAI/Qwen2.5-3B-quantized.w8a8,Qwen2.5-3B,qwen2.5,3.0,0,w8a8_int,8,8,int,unknown,winogrande,1267,70.64,70.48,-0.16,arith,1
RedHatAI/Qwen2.5-3B-quantized.w8a8,Qwen2.5-3B,qwen2.5,3.0,0,w8a8_int,8,8,int,unknown,truthfulqa,817,48.93,47.93,-1.0,arith,1
RedHatAI/Qwen2.5-72B-FP8-dynamic,Qwen2.5-72B,qwen2.5,72.0,0,fp8_dynamic,8,8,fp,rtn,mmlu,14042,86.05,85.84,-0.21,arith,1
RedHatAI/Qwen2.5-72B-FP8-dynamic,Qwen2.5-72B,qwen2.5,72.0,0,fp8_dynamic,8,8,fp,rtn,arc_challenge,1172,68.26,68.17,-0.09,arith,1
RedHatAI/Qwen2.5-72B-FP8-dynamic,Qwen2.5-72B,qwen2.5,72.0,0,fp8_dynamic,8,8,fp,rtn,gsm8k,1319,88.63,87.79,-0.84,arith,1
RedHatAI/Qwen2.5-72B-FP8-dynamic,Qwen2.5-72B,qwen2.5,72.0,0,fp8_dynamic,8,8,fp,rtn,hellaswag,10042,87.53,87.46,-0.07,arith,1
RedHatAI/Qwen2.5-72B-FP8-dynamic,Qwen2.5-72B,qwen2.5,72.0,0,fp8_dynamic,8,8,fp,rtn,winogrande,1267,82.56,83.19,0.63,arith,1
RedHatAI/Qwen2.5-72B-FP8-dynamic,Qwen2.5-72B,qwen2.5,72.0,0,fp8_dynamic,8,8,fp,rtn,truthfulqa,817,60.44,60.28,-0.16,arith,1
RedHatAI/Qwen2.5-72B-quantized.w8a16,Qwen2.5-72B,qwen2.5,72.0,0,w8a16,8,16,int,gptq,mmlu,14042,86.05,85.98,-0.07,arith,1
RedHatAI/Qwen2.5-72B-quantized.w8a16,Qwen2.5-72B,qwen2.5,72.0,0,w8a16,8,16,int,gptq,arc_challenge,1172,68.26,68.17,-0.09,arith,1
RedHatAI/Qwen2.5-72B-quantized.w8a16,Qwen2.5-72B,qwen2.5,72.0,0,w8a16,8,16,int,gptq,gsm8k,1319,88.63,89.16,0.53,arith,1
RedHatAI/Qwen2.5-72B-quantized.w8a16,Qwen2.5-72B,qwen2.5,72.0,0,w8a16,8,16,int,gptq,hellaswag,10042,87.53,87.49,-0.04,arith,1
RedHatAI/Qwen2.5-72B-quantized.w8a16,Qwen2.5-72B,qwen2.5,72.0,0,w8a16,8,16,int,gptq,winogrande,1267,82.56,82.56,0.0,arith,1
RedHatAI/Qwen2.5-72B-quantized.w8a16,Qwen2.5-72B,qwen2.5,72.0,0,w8a16,8,16,int,gptq,truthfulqa,817,60.44,60.3,-0.14,arith,1
RedHatAI/Qwen2.5-72B-quantized.w8a8,Qwen2.5-72B,qwen2.5,72.0,0,w8a8_int,8,8,int,unknown,mmlu,14042,86.05,85.68,-0.37,arith,1
RedHatAI/Qwen2.5-72B-quantized.w8a8,Qwen2.5-72B,qwen2.5,72.0,0,w8a8_int,8,8,int,unknown,arc_challenge,1172,68.26,68.17,-0.09,arith,1
RedHatAI/Qwen2.5-72B-quantized.w8a8,Qwen2.5-72B,qwen2.5,72.0,0,w8a8_int,8,8,int,unknown,gsm8k,1319,88.63,88.63,0.0,arith,1
RedHatAI/Qwen2.5-72B-quantized.w8a8,Qwen2.5-72B,qwen2.5,72.0,0,w8a8_int,8,8,int,unknown,hellaswag,10042,87.53,87.53,0.0,arith,1
RedHatAI/Qwen2.5-72B-quantized.w8a8,Qwen2.5-72B,qwen2.5,72.0,0,w8a8_int,8,8,int,unknown,winogrande,1267,82.56,81.77,-0.79,arith,1
RedHatAI/Qwen2.5-72B-quantized.w8a8,Qwen2.5-72B,qwen2.5,72.0,0,w8a8_int,8,8,int,unknown,truthfulqa,817,60.44,60.49,0.05,arith,1
RedHatAI/Qwen2.5-7B-FP8-dynamic,Qwen2.5-7B,qwen2.5,7.0,0,fp8_dynamic,8,8,fp,rtn,mmlu,14042,74.15,74.26,0.11,arith,1
RedHatAI/Qwen2.5-7B-FP8-dynamic,Qwen2.5-7B,qwen2.5,7.0,0,fp8_dynamic,8,8,fp,rtn,arc_challenge,1172,59.39,59.39,0.0,arith,1
RedHatAI/Qwen2.5-7B-FP8-dynamic,Qwen2.5-7B,qwen2.5,7.0,0,fp8_dynamic,8,8,fp,rtn,gsm8k,1319,79.76,80.74,0.98,arith,1
RedHatAI/Qwen2.5-7B-FP8-dynamic,Qwen2.5-7B,qwen2.5,7.0,0,fp8_dynamic,8,8,fp,rtn,hellaswag,10042,80.17,80.13,-0.04,arith,1
RedHatAI/Qwen2.5-7B-FP8-dynamic,Qwen2.5-7B,qwen2.5,7.0,0,fp8_dynamic,8,8,fp,rtn,winogrande,1267,75.69,75.3,-0.39,arith,1
RedHatAI/Qwen2.5-7B-FP8-dynamic,Qwen2.5-7B,qwen2.5,7.0,0,fp8_dynamic,8,8,fp,rtn,truthfulqa,817,56.38,56.18,-0.2,arith,1
RedHatAI/Qwen2.5-7B-Instruct-FP8-dynamic,Qwen2.5-7B-Instruct,qwen2.5,7.0,1,fp8_dynamic,8,8,fp,rtn,mmlu,14042,74.24,74.04,-0.2,arith,1
RedHatAI/Qwen2.5-7B-Instruct-FP8-dynamic,Qwen2.5-7B-Instruct,qwen2.5,7.0,1,fp8_dynamic,8,8,fp,rtn,arc_challenge,1172,63.4,63.14,-0.26,arith,1
RedHatAI/Qwen2.5-7B-Instruct-FP8-dynamic,Qwen2.5-7B-Instruct,qwen2.5,7.0,1,fp8_dynamic,8,8,fp,rtn,gsm8k,1319,80.36,80.06,-0.3,arith,1
RedHatAI/Qwen2.5-7B-Instruct-FP8-dynamic,Qwen2.5-7B-Instruct,qwen2.5,7.0,1,fp8_dynamic,8,8,fp,rtn,hellaswag,10042,81.52,81.11,-0.41,arith,1
RedHatAI/Qwen2.5-7B-Instruct-FP8-dynamic,Qwen2.5-7B-Instruct,qwen2.5,7.0,1,fp8_dynamic,8,8,fp,rtn,winogrande,1267,74.66,74.43,-0.23,arith,1
RedHatAI/Qwen2.5-7B-Instruct-FP8-dynamic,Qwen2.5-7B-Instruct,qwen2.5,7.0,1,fp8_dynamic,8,8,fp,rtn,truthfulqa,817,64.76,64.87,0.11,arith,1
RedHatAI/Qwen2.5-7B-Instruct-quantized.w4a16,Qwen2.5-7B-Instruct,qwen2.5,7.0,1,w4a16,4,16,int,gptq,mmlu,14042,74.24,73.19,-1.05,arith,1
RedHatAI/Qwen2.5-7B-Instruct-quantized.w4a16,Qwen2.5-7B-Instruct,qwen2.5,7.0,1,w4a16,4,16,int,gptq,arc_challenge,1172,63.4,63.23,-0.17,arith,1
RedHatAI/Qwen2.5-7B-Instruct-quantized.w4a16,Qwen2.5-7B-Instruct,qwen2.5,7.0,1,w4a16,4,16,int,gptq,gsm8k,1319,80.36,80.59,0.23,arith,1
RedHatAI/Qwen2.5-7B-Instruct-quantized.w4a16,Qwen2.5-7B-Instruct,qwen2.5,7.0,1,w4a16,4,16,int,gptq,hellaswag,10042,81.52,80.65,-0.87,arith,1
RedHatAI/Qwen2.5-7B-Instruct-quantized.w4a16,Qwen2.5-7B-Instruct,qwen2.5,7.0,1,w4a16,4,16,int,gptq,winogrande,1267,74.66,74.19,-0.47,arith,1
RedHatAI/Qwen2.5-7B-Instruct-quantized.w4a16,Qwen2.5-7B-Instruct,qwen2.5,7.0,1,w4a16,4,16,int,gptq,truthfulqa,817,64.76,64.27,-0.49,arith,1
RedHatAI/Qwen2.5-7B-Instruct-quantized.w8a8,Qwen2.5-7B-Instruct,qwen2.5,7.0,1,w8a8_int,8,8,int,smoothquant+gptq,mmlu,14042,74.24,73.87,-0.37,arith,1
RedHatAI/Qwen2.5-7B-Instruct-quantized.w8a8,Qwen2.5-7B-Instruct,qwen2.5,7.0,1,w8a8_int,8,8,int,smoothquant+gptq,arc_challenge,1172,63.4,63.23,-0.17,arith,1
RedHatAI/Qwen2.5-7B-Instruct-quantized.w8a8,Qwen2.5-7B-Instruct,qwen2.5,7.0,1,w8a8_int,8,8,int,smoothquant+gptq,gsm8k,1319,80.36,80.74,0.38,arith,1
RedHatAI/Qwen2.5-7B-Instruct-quantized.w8a8,Qwen2.5-7B-Instruct,qwen2.5,7.0,1,w8a8_int,8,8,int,smoothquant+gptq,hellaswag,10042,81.52,81.06,-0.46,arith,1
RedHatAI/Qwen2.5-7B-Instruct-quantized.w8a8,Qwen2.5-7B-Instruct,qwen2.5,7.0,1,w8a8_int,8,8,int,smoothquant+gptq,winogrande,1267,74.66,74.82,0.16,arith,1
RedHatAI/Qwen2.5-7B-Instruct-quantized.w8a8,Qwen2.5-7B-Instruct,qwen2.5,7.0,1,w8a8_int,8,8,int,smoothquant+gptq,truthfulqa,817,64.76,64.58,-0.18,arith,1
RedHatAI/Qwen2.5-7B-quantized.w4a16,Qwen2.5-7B,qwen2.5,7.0,0,w4a16,4,16,int,gptq,mmlu,14042,74.15,73.47,-0.68,arith,1
RedHatAI/Qwen2.5-7B-quantized.w4a16,Qwen2.5-7B,qwen2.5,7.0,0,w4a16,4,16,int,gptq,arc_challenge,1172,59.39,58.7,-0.69,arith,1
RedHatAI/Qwen2.5-7B-quantized.w4a16,Qwen2.5-7B,qwen2.5,7.0,0,w4a16,4,16,int,gptq,gsm8k,1319,79.76,79.08,-0.68,arith,1
RedHatAI/Qwen2.5-7B-quantized.w4a16,Qwen2.5-7B,qwen2.5,7.0,0,w4a16,4,16,int,gptq,hellaswag,10042,80.17,79.39,-0.78,arith,1
RedHatAI/Qwen2.5-7B-quantized.w4a16,Qwen2.5-7B,qwen2.5,7.0,0,w4a16,4,16,int,gptq,winogrande,1267,75.69,76.01,0.32,arith,1
RedHatAI/Qwen2.5-7B-quantized.w4a16,Qwen2.5-7B,qwen2.5,7.0,0,w4a16,4,16,int,gptq,truthfulqa,817,56.38,55.48,-0.9,arith,1
RedHatAI/Qwen2.5-7B-quantized.w8a16,Qwen2.5-7B,qwen2.5,7.0,0,w8a16,8,16,int,gptq,mmlu,14042,74.15,74.41,0.26,arith,1
RedHatAI/Qwen2.5-7B-quantized.w8a16,Qwen2.5-7B,qwen2.5,7.0,0,w8a16,8,16,int,gptq,gsm8k,1319,79.76,80.44,0.68,arith,1
RedHatAI/Qwen2.5-7B-quantized.w8a16,Qwen2.5-7B,qwen2.5,7.0,0,w8a16,8,16,int,gptq,hellaswag,10042,80.17,80.25,0.08,arith,1
RedHatAI/Qwen2.5-7B-quantized.w8a16,Qwen2.5-7B,qwen2.5,7.0,0,w8a16,8,16,int,gptq,winogrande,1267,75.69,75.37,-0.32,arith,1
RedHatAI/Qwen2.5-7B-quantized.w8a16,Qwen2.5-7B,qwen2.5,7.0,0,w8a16,8,16,int,gptq,truthfulqa,817,56.38,56.28,-0.1,arith,1
RedHatAI/Qwen2.5-7B-quantized.w8a8,Qwen2.5-7B,qwen2.5,7.0,0,w8a8_int,8,8,int,unknown,mmlu,14042,74.15,73.66,-0.49,arith,1
RedHatAI/Qwen2.5-7B-quantized.w8a8,Qwen2.5-7B,qwen2.5,7.0,0,w8a8_int,8,8,int,unknown,arc_challenge,1172,59.39,59.13,-0.26,arith,1
RedHatAI/Qwen2.5-7B-quantized.w8a8,Qwen2.5-7B,qwen2.5,7.0,0,w8a8_int,8,8,int,unknown,gsm8k,1319,79.76,79.83,0.07,arith,1
RedHatAI/Qwen2.5-7B-quantized.w8a8,Qwen2.5-7B,qwen2.5,7.0,0,w8a8_int,8,8,int,unknown,hellaswag,10042,80.17,79.95,-0.22,arith,1
RedHatAI/Qwen2.5-7B-quantized.w8a8,Qwen2.5-7B,qwen2.5,7.0,0,w8a8_int,8,8,int,unknown,winogrande,1267,75.69,75.22,-0.47,arith,1
RedHatAI/Qwen2.5-7B-quantized.w8a8,Qwen2.5-7B,qwen2.5,7.0,0,w8a8_int,8,8,int,unknown,truthfulqa,817,56.38,56.38,0.0,arith,1
RedHatAI/Qwen3-14B-FP8-dynamic,Qwen3-14B,qwen3,14.0,0,fp8_dynamic,8,8,fp,rtn,mmlu,14042,76.81,76.47,-0.34,arith,1
RedHatAI/Qwen3-14B-FP8-dynamic,Qwen3-14B,qwen3,14.0,0,fp8_dynamic,8,8,fp,rtn,arc_challenge,1172,61.6,61.95,0.35,arith,1
RedHatAI/Qwen3-14B-FP8-dynamic,Qwen3-14B,qwen3,14.0,0,fp8_dynamic,8,8,fp,rtn,gsm8k,1319,67.63,66.19,-1.44,arith,1
RedHatAI/Qwen3-14B-FP8-dynamic,Qwen3-14B,qwen3,14.0,0,fp8_dynamic,8,8,fp,rtn,hellaswag,10042,55.09,56.46,1.37,arith,1
RedHatAI/Qwen3-14B-FP8-dynamic,Qwen3-14B,qwen3,14.0,0,fp8_dynamic,8,8,fp,rtn,winogrande,1267,62.51,63.61,1.1,arith,1
RedHatAI/Qwen3-14B-FP8-dynamic,Qwen3-14B,qwen3,14.0,0,fp8_dynamic,8,8,fp,rtn,truthfulqa,817,55.39,55.59,0.2,arith,1
RedHatAI/Qwen3-14B-FP8-dynamic,Qwen3-14B,qwen3,14.0,0,fp8_dynamic,8,8,fp,rtn,ifeval,541,87.48,87.78,0.3,arith,1
RedHatAI/Qwen3-14B-FP8-dynamic,Qwen3-14B,qwen3,14.0,0,fp8_dynamic,8,8,fp,rtn,bbh,6511,40.4,40.37,-0.03,arith,1
RedHatAI/Qwen3-14B-FP8-dynamic,Qwen3-14B,qwen3,14.0,0,fp8_dynamic,8,8,fp,rtn,math_lvl5,1324,54.18,54.31,0.13,arith,1
RedHatAI/Qwen3-14B-FP8-dynamic,Qwen3-14B,qwen3,14.0,0,fp8_dynamic,8,8,fp,rtn,gpqa,448,61.62,64.14,2.52,arith,1
RedHatAI/Qwen3-14B-NVFP4,Qwen3-14B,qwen3,14.0,0,nvfp4,4,4,fp,rtn,arc_challenge,1172,67.32,67.06,-0.26,arith,1
RedHatAI/Qwen3-14B-NVFP4,Qwen3-14B,qwen3,14.0,0,nvfp4,4,4,fp,rtn,gsm8k,1319,88.7,88.25,-0.45,arith,1
RedHatAI/Qwen3-14B-NVFP4,Qwen3-14B,qwen3,14.0,0,nvfp4,4,4,fp,rtn,hellaswag,10042,79.62,78.24,-1.38,arith,1
RedHatAI/Qwen3-14B-NVFP4,Qwen3-14B,qwen3,14.0,0,nvfp4,4,4,fp,rtn,mmlu,14042,78.86,77.23,-1.63,arith,1
RedHatAI/Qwen3-14B-NVFP4,Qwen3-14B,qwen3,14.0,0,nvfp4,4,4,fp,rtn,truthfulqa,817,58.59,58.49,-0.1,arith,1
RedHatAI/Qwen3-14B-NVFP4,Qwen3-14B,qwen3,14.0,0,nvfp4,4,4,fp,rtn,winogrande,1267,73.72,73.8,0.08,arith,1
RedHatAI/Qwen3-14B-NVFP4,Qwen3-14B,qwen3,14.0,0,nvfp4,4,4,fp,rtn,bbh,6511,59.45,56.78,-2.67,arith,1
RedHatAI/Qwen3-14B-NVFP4,Qwen3-14B,qwen3,14.0,0,nvfp4,4,4,fp,rtn,mmlu_pro,12032,44.39,41.15,-3.24,arith,1
RedHatAI/Qwen3-14B-NVFP4,Qwen3-14B,qwen3,14.0,0,nvfp4,4,4,fp,rtn,musr,756,38.62,37.83,-0.79,arith,1
RedHatAI/Qwen3-14B-NVFP4,Qwen3-14B,qwen3,14.0,0,nvfp4,4,4,fp,rtn,ifeval,541,89.45,90.41,0.96,arith,1
RedHatAI/Qwen3-14B-NVFP4,Qwen3-14B,qwen3,14.0,0,nvfp4,4,4,fp,rtn,gpqa,448,27.43,26.59,-0.84,arith,1
RedHatAI/Qwen3-14B-NVFP4,Qwen3-14B,qwen3,14.0,0,nvfp4,4,4,fp,rtn,math_lvl5,1324,57.33,53.4,-3.93,arith,1
RedHatAI/Qwen3-14B-NVFP4,Qwen3-14B,qwen3,14.0,0,nvfp4,4,4,fp,rtn,humaneval,164,90.74,89.87,-0.87,arith,1
RedHatAI/Qwen3-14B-quantized.w4a16,Qwen3-14B,qwen3,14.0,0,w4a16,4,16,int,gptq,mmlu,14042,76.81,75.9,-0.91,arith,1
RedHatAI/Qwen3-14B-quantized.w4a16,Qwen3-14B,qwen3,14.0,0,w4a16,4,16,int,gptq,arc_challenge,1172,61.6,61.52,-0.08,arith,1
RedHatAI/Qwen3-14B-quantized.w4a16,Qwen3-14B,qwen3,14.0,0,w4a16,4,16,int,gptq,gsm8k,1319,67.63,71.57,3.94,arith,1
RedHatAI/Qwen3-14B-quantized.w4a16,Qwen3-14B,qwen3,14.0,0,w4a16,4,16,int,gptq,hellaswag,10042,55.09,57.96,2.87,arith,1
RedHatAI/Qwen3-14B-quantized.w4a16,Qwen3-14B,qwen3,14.0,0,w4a16,4,16,int,gptq,truthfulqa,817,55.39,56.3,0.91,arith,1
RedHatAI/Qwen3-14B-quantized.w4a16,Qwen3-14B,qwen3,14.0,0,w4a16,4,16,int,gptq,mmlu_pro,12032,44.59,42.39,-2.2,arith,1
RedHatAI/Qwen3-14B-quantized.w4a16,Qwen3-14B,qwen3,14.0,0,w4a16,4,16,int,gptq,bbh,6511,40.4,38.74,-1.66,arith,1
RedHatAI/Qwen3-14B-quantized.w4a16,Qwen3-14B,qwen3,14.0,0,w4a16,4,16,int,gptq,math_lvl5,1324,54.18,55.05,0.87,arith,1
RedHatAI/Qwen3-14B-quantized.w4a16,Qwen3-14B,qwen3,14.0,0,w4a16,4,16,int,gptq,gpqa,448,61.62,61.11,-0.51,arith,1
RedHatAI/Qwen3-32B-FP8-dynamic,Qwen3-32B,qwen3,32.0,0,fp8_dynamic,8,8,fp,rtn,mmlu,14042,80.96,80.89,-0.07,arith,1
RedHatAI/Qwen3-32B-FP8-dynamic,Qwen3-32B,qwen3,32.0,0,fp8_dynamic,8,8,fp,rtn,arc_challenge,1172,69.03,68.0,-1.03,arith,1
RedHatAI/Qwen3-32B-FP8-dynamic,Qwen3-32B,qwen3,32.0,0,fp8_dynamic,8,8,fp,rtn,gsm8k,1319,87.64,88.32,0.68,arith,1
RedHatAI/Qwen3-32B-FP8-dynamic,Qwen3-32B,qwen3,32.0,0,fp8_dynamic,8,8,fp,rtn,hellaswag,10042,71.1,71.44,0.34,arith,1
RedHatAI/Qwen3-32B-FP8-dynamic,Qwen3-32B,qwen3,32.0,0,fp8_dynamic,8,8,fp,rtn,winogrande,1267,69.77,69.85,0.08,arith,1
RedHatAI/Qwen3-32B-FP8-dynamic,Qwen3-32B,qwen3,32.0,0,fp8_dynamic,8,8,fp,rtn,truthfulqa,817,58.63,59.13,0.5,arith,1
RedHatAI/Qwen3-32B-FP8-dynamic,Qwen3-32B,qwen3,32.0,0,fp8_dynamic,8,8,fp,rtn,mmlu_pro,12032,54.24,54.78,0.54,arith,1
RedHatAI/Qwen3-32B-FP8-dynamic,Qwen3-32B,qwen3,32.0,0,fp8_dynamic,8,8,fp,rtn,ifeval,541,86.23,86.23,0.0,arith,1
RedHatAI/Qwen3-32B-FP8-dynamic,Qwen3-32B,qwen3,32.0,0,fp8_dynamic,8,8,fp,rtn,bbh,6511,44.29,43.7,-0.59,arith,1
RedHatAI/Qwen3-32B-FP8-dynamic,Qwen3-32B,qwen3,32.0,0,fp8_dynamic,8,8,fp,rtn,math_lvl5,1324,54.61,57.26,2.65,arith,1
RedHatAI/Qwen3-32B-FP8-dynamic,Qwen3-32B,qwen3,32.0,0,fp8_dynamic,8,8,fp,rtn,gpqa,448,66.67,68.69,2.02,arith,1
RedHatAI/Qwen3-32B-NVFP4,Qwen3-32B,qwen3,32.0,0,nvfp4,4,4,fp,rtn,arc_challenge,1172,70.65,70.22,-0.43,arith,1
RedHatAI/Qwen3-32B-NVFP4,Qwen3-32B,qwen3,32.0,0,nvfp4,4,4,fp,rtn,gsm8k,1319,74.15,74.68,0.53,arith,1
RedHatAI/Qwen3-32B-NVFP4,Qwen3-32B,qwen3,32.0,0,nvfp4,4,4,fp,rtn,hellaswag,10042,84.0,83.33,-0.67,arith,1
RedHatAI/Qwen3-32B-NVFP4,Qwen3-32B,qwen3,32.0,0,nvfp4,4,4,fp,rtn,mmlu,14042,81.84,81.23,-0.61,arith,1
RedHatAI/Qwen3-32B-NVFP4,Qwen3-32B,qwen3,32.0,0,nvfp4,4,4,fp,rtn,truthfulqa,817,59.36,58.92,-0.44,arith,1
RedHatAI/Qwen3-32B-NVFP4,Qwen3-32B,qwen3,32.0,0,nvfp4,4,4,fp,rtn,winogrande,1267,75.93,76.8,0.87,arith,1
RedHatAI/Qwen3-32B-NVFP4,Qwen3-32B,qwen3,32.0,0,nvfp4,4,4,fp,rtn,bbh,6511,62.35,60.72,-1.63,arith,1
RedHatAI/Qwen3-32B-NVFP4,Qwen3-32B,qwen3,32.0,0,nvfp4,4,4,fp,rtn,mmlu_pro,12032,54.39,51.13,-3.26,arith,1
RedHatAI/Qwen3-32B-NVFP4,Qwen3-32B,qwen3,32.0,0,nvfp4,4,4,fp,rtn,musr,756,39.29,41.01,1.72,arith,1
RedHatAI/Qwen3-32B-NVFP4,Qwen3-32B,qwen3,32.0,0,nvfp4,4,4,fp,rtn,ifeval,541,88.97,87.29,-1.68,arith,1
RedHatAI/Qwen3-32B-NVFP4,Qwen3-32B,qwen3,32.0,0,nvfp4,4,4,fp,rtn,gpqa,448,30.12,30.29,0.17,arith,1
RedHatAI/Qwen3-32B-NVFP4,Qwen3-32B,qwen3,32.0,0,nvfp4,4,4,fp,rtn,math_lvl5,1324,58.99,56.27,-2.72,arith,1
RedHatAI/Qwen3-32B-NVFP4,Qwen3-32B,qwen3,32.0,0,nvfp4,4,4,fp,rtn,humaneval,164,90.14,90.4,0.26,arith,1
RedHatAI/Qwen3-32B-quantized.w4a16,Qwen3-32B,qwen3,32.0,0,w4a16,4,16,int,gptq,mmlu,14042,80.96,80.36,-0.6,arith,1
RedHatAI/Qwen3-32B-quantized.w4a16,Qwen3-32B,qwen3,32.0,0,w4a16,4,16,int,gptq,arc_challenge,1172,69.03,68.69,-0.34,arith,1
RedHatAI/Qwen3-32B-quantized.w4a16,Qwen3-32B,qwen3,32.0,0,w4a16,4,16,int,gptq,gsm8k,1319,87.64,85.97,-1.67,arith,1
RedHatAI/Qwen3-32B-quantized.w4a16,Qwen3-32B,qwen3,32.0,0,w4a16,4,16,int,gptq,hellaswag,10042,71.1,71.18,0.08,arith,1
RedHatAI/Qwen3-32B-quantized.w4a16,Qwen3-32B,qwen3,32.0,0,w4a16,4,16,int,gptq,truthfulqa,817,58.63,58.86,0.23,arith,1
RedHatAI/Qwen3-32B-quantized.w4a16,Qwen3-32B,qwen3,32.0,0,w4a16,4,16,int,gptq,mmlu_pro,12032,54.24,52.63,-1.61,arith,1
RedHatAI/Qwen3-32B-quantized.w4a16,Qwen3-32B,qwen3,32.0,0,w4a16,4,16,int,gptq,ifeval,541,86.23,85.53,-0.7,arith,1
RedHatAI/Qwen3-32B-quantized.w4a16,Qwen3-32B,qwen3,32.0,0,w4a16,4,16,int,gptq,bbh,6511,44.29,41.07,-3.22,arith,1
RedHatAI/Qwen3-32B-quantized.w4a16,Qwen3-32B,qwen3,32.0,0,w4a16,4,16,int,gptq,math_lvl5,1324,54.61,55.38,0.77,arith,1
RedHatAI/Qwen3-32B-quantized.w4a16,Qwen3-32B,qwen3,32.0,0,w4a16,4,16,int,gptq,gpqa,448,66.67,66.67,0.0,arith,1
RedHatAI/Qwen3-8B-FP8-dynamic,Qwen3-8B,qwen3,8.0,0,fp8_dynamic,8,8,fp,rtn,mmlu,14042,71.95,72.3,0.35,arith,1
RedHatAI/Qwen3-8B-FP8-dynamic,Qwen3-8B,qwen3,8.0,0,fp8_dynamic,8,8,fp,rtn,arc_challenge,1172,61.69,61.6,-0.09,arith,1
RedHatAI/Qwen3-8B-FP8-dynamic,Qwen3-8B,qwen3,8.0,0,fp8_dynamic,8,8,fp,rtn,gsm8k,1319,75.97,80.52,4.55,arith,1
RedHatAI/Qwen3-8B-FP8-dynamic,Qwen3-8B,qwen3,8.0,0,fp8_dynamic,8,8,fp,rtn,hellaswag,10042,56.52,55.95,-0.57,arith,1
RedHatAI/Qwen3-8B-FP8-dynamic,Qwen3-8B,qwen3,8.0,0,fp8_dynamic,8,8,fp,rtn,winogrande,1267,65.98,66.22,0.24,arith,1
RedHatAI/Qwen3-8B-FP8-dynamic,Qwen3-8B,qwen3,8.0,0,fp8_dynamic,8,8,fp,rtn,truthfulqa,817,53.17,52.39,-0.78,arith,1
RedHatAI/Qwen3-8B-FP8-dynamic,Qwen3-8B,qwen3,8.0,0,fp8_dynamic,8,8,fp,rtn,mmlu_pro,12032,34.57,37.82,3.25,arith,1
RedHatAI/Qwen3-8B-FP8-dynamic,Qwen3-8B,qwen3,8.0,0,fp8_dynamic,8,8,fp,rtn,ifeval,541,84.77,84.56,-0.21,arith,1
RedHatAI/Qwen3-8B-FP8-dynamic,Qwen3-8B,qwen3,8.0,0,fp8_dynamic,8,8,fp,rtn,bbh,6511,25.47,27.2,1.73,arith,1
RedHatAI/Qwen3-8B-FP8-dynamic,Qwen3-8B,qwen3,8.0,0,fp8_dynamic,8,8,fp,rtn,math_lvl5,1324,51.05,51.9,0.85,arith,1
RedHatAI/Qwen3-8B-FP8-dynamic,Qwen3-8B,qwen3,8.0,0,fp8_dynamic,8,8,fp,rtn,gpqa,448,58.59,61.11,2.52,arith,1
RedHatAI/Qwen3-8B-NVFP4,Qwen3-8B,qwen3,8.0,0,nvfp4,4,4,fp,smoothquant,arc_challenge,1172,64.76,63.91,-0.85,arith,1
RedHatAI/Qwen3-8B-NVFP4,Qwen3-8B,qwen3,8.0,0,nvfp4,4,4,fp,smoothquant,gsm8k,1319,87.26,86.73,-0.53,arith,1
RedHatAI/Qwen3-8B-NVFP4,Qwen3-8B,qwen3,8.0,0,nvfp4,4,4,fp,smoothquant,hellaswag,10042,76.68,75.34,-1.34,arith,1
RedHatAI/Qwen3-8B-NVFP4,Qwen3-8B,qwen3,8.0,0,nvfp4,4,4,fp,smoothquant,mmlu,14042,74.97,73.07,-1.9,arith,1
RedHatAI/Qwen3-8B-NVFP4,Qwen3-8B,qwen3,8.0,0,nvfp4,4,4,fp,smoothquant,truthfulqa,817,54.42,55.07,0.65,arith,1
RedHatAI/Qwen3-8B-NVFP4,Qwen3-8B,qwen3,8.0,0,nvfp4,4,4,fp,smoothquant,winogrande,1267,71.43,68.43,-3.0,arith,1
RedHatAI/Qwen3-8B-NVFP4,Qwen3-8B,qwen3,8.0,0,nvfp4,4,4,fp,smoothquant,bbh,6511,47.46,49.33,1.87,arith,1
RedHatAI/Qwen3-8B-NVFP4,Qwen3-8B,qwen3,8.0,0,nvfp4,4,4,fp,smoothquant,mmlu_pro,12032,34.64,27.49,-7.15,arith,1
RedHatAI/Qwen3-8B-NVFP4,Qwen3-8B,qwen3,8.0,0,nvfp4,4,4,fp,smoothquant,musr,756,40.61,42.86,2.25,arith,1
RedHatAI/Qwen3-8B-NVFP4,Qwen3-8B,qwen3,8.0,0,nvfp4,4,4,fp,smoothquant,ifeval,541,87.89,87.65,-0.24,arith,1
RedHatAI/Qwen3-8B-NVFP4,Qwen3-8B,qwen3,8.0,0,nvfp4,4,4,fp,smoothquant,gpqa,448,25.17,26.34,1.17,arith,1
RedHatAI/Qwen3-8B-NVFP4,Qwen3-8B,qwen3,8.0,0,nvfp4,4,4,fp,smoothquant,math_lvl5,1324,53.55,50.83,-2.72,arith,1
RedHatAI/Qwen3-8B-NVFP4,Qwen3-8B,qwen3,8.0,0,nvfp4,4,4,fp,smoothquant,humaneval,164,86.51,85.32,-1.19,arith,1
RedHatAI/Qwen3-8B-quantized.w4a16,Qwen3-8B,qwen3,8.0,0,w4a16,4,16,int,gptq,mmlu,14042,71.95,69.74,-2.21,arith,1
RedHatAI/Qwen3-8B-quantized.w4a16,Qwen3-8B,qwen3,8.0,0,w4a16,4,16,int,gptq,arc_challenge,1172,61.69,61.77,0.08,arith,1
RedHatAI/Qwen3-8B-quantized.w4a16,Qwen3-8B,qwen3,8.0,0,w4a16,4,16,int,gptq,gsm8k,1319,75.97,78.62,2.65,arith,1
RedHatAI/Qwen3-8B-quantized.w4a16,Qwen3-8B,qwen3,8.0,0,w4a16,4,16,int,gptq,hellaswag,10042,56.52,57.79,1.27,arith,1
RedHatAI/Qwen3-8B-quantized.w4a16,Qwen3-8B,qwen3,8.0,0,w4a16,4,16,int,gptq,winogrande,1267,65.98,66.22,0.24,arith,1
RedHatAI/Qwen3-8B-quantized.w4a16,Qwen3-8B,qwen3,8.0,0,w4a16,4,16,int,gptq,truthfulqa,817,53.17,53.71,0.54,arith,1
RedHatAI/Qwen3-8B-quantized.w4a16,Qwen3-8B,qwen3,8.0,0,w4a16,4,16,int,gptq,mmlu_pro,12032,34.57,25.71,-8.86,arith,1
RedHatAI/Qwen3-8B-quantized.w4a16,Qwen3-8B,qwen3,8.0,0,w4a16,4,16,int,gptq,ifeval,541,84.77,85.44,0.67,arith,1
RedHatAI/Qwen3-8B-quantized.w4a16,Qwen3-8B,qwen3,8.0,0,w4a16,4,16,int,gptq,bbh,6511,25.47,21.17,-4.3,arith,1
RedHatAI/Qwen3-8B-quantized.w4a16,Qwen3-8B,qwen3,8.0,0,w4a16,4,16,int,gptq,math_lvl5,1324,51.05,51.38,0.33,arith,1
RedHatAI/Qwen3-8B-quantized.w4a16,Qwen3-8B,qwen3,8.0,0,w4a16,4,16,int,gptq,gpqa,448,58.59,55.56,-3.03,arith,1
RedHatAI/gemma-2-27b-it-quantized.w8a16,gemma-2-27b-it,gemma-2,27.0,1,w8a16,8,16,int,gptq,mmlu,14042,76.34,76.34,0.0,arith,1
RedHatAI/gemma-2-27b-it-quantized.w8a16,gemma-2-27b-it,gemma-2,27.0,1,w8a16,8,16,int,gptq,arc_challenge,1172,74.49,74.49,0.0,arith,1
RedHatAI/gemma-2-27b-it-quantized.w8a16,gemma-2-27b-it,gemma-2,27.0,1,w8a16,8,16,int,gptq,gsm8k,1319,21.0,20.32,-0.68,arith,1
RedHatAI/gemma-2-27b-it-quantized.w8a16,gemma-2-27b-it,gemma-2,27.0,1,w8a16,8,16,int,gptq,hellaswag,10042,86.03,86.04,0.01,arith,1
RedHatAI/gemma-2-27b-it-quantized.w8a16,gemma-2-27b-it,gemma-2,27.0,1,w8a16,8,16,int,gptq,winogrande,1267,77.98,77.74,-0.24,arith,1
RedHatAI/gemma-2-27b-it-quantized.w8a16,gemma-2-27b-it,gemma-2,27.0,1,w8a16,8,16,int,gptq,truthfulqa,817,64.6,64.51,-0.09,arith,1
RedHatAI/gemma-2-2b-it-FP8,gemma-2-2b-it,gemma-2,2.0,1,fp8,8,8,fp,rtn,mmlu,14042,56.93,56.87,-0.06,arith,1
RedHatAI/gemma-2-2b-it-FP8,gemma-2-2b-it,gemma-2,2.0,1,fp8,8,8,fp,rtn,arc_challenge,1172,57.76,57.25,-0.51,arith,1
RedHatAI/gemma-2-2b-it-FP8,gemma-2-2b-it,gemma-2,2.0,1,fp8,8,8,fp,rtn,gsm8k,1319,45.11,44.35,-0.76,arith,1
RedHatAI/gemma-2-2b-it-FP8,gemma-2-2b-it,gemma-2,2.0,1,fp8,8,8,fp,rtn,hellaswag,10042,71.22,70.87,-0.35,arith,1
RedHatAI/gemma-2-2b-it-FP8,gemma-2-2b-it,gemma-2,2.0,1,fp8,8,8,fp,rtn,winogrande,1267,68.67,68.11,-0.56,arith,1
RedHatAI/gemma-2-2b-it-FP8,gemma-2-2b-it,gemma-2,2.0,1,fp8,8,8,fp,rtn,truthfulqa,817,53.11,52.99,-0.12,arith,1
RedHatAI/gemma-2-2b-it-quantized.w4a16,gemma-2-2b-it,gemma-2,2.0,1,w4a16,4,16,int,gptq,mmlu,14042,56.93,55.98,-0.95,arith,1
RedHatAI/gemma-2-2b-it-quantized.w4a16,gemma-2-2b-it,gemma-2,2.0,1,w4a16,4,16,int,gptq,arc_challenge,1172,57.76,57.08,-0.68,arith,1
RedHatAI/gemma-2-2b-it-quantized.w4a16,gemma-2-2b-it,gemma-2,2.0,1,w4a16,4,16,int,gptq,gsm8k,1319,45.11,42.0,-3.11,arith,1
RedHatAI/gemma-2-2b-it-quantized.w4a16,gemma-2-2b-it,gemma-2,2.0,1,w4a16,4,16,int,gptq,hellaswag,10042,71.22,70.53,-0.69,arith,1
RedHatAI/gemma-2-2b-it-quantized.w4a16,gemma-2-2b-it,gemma-2,2.0,1,w4a16,4,16,int,gptq,winogrande,1267,68.67,68.35,-0.32,arith,1
RedHatAI/gemma-2-2b-it-quantized.w4a16,gemma-2-2b-it,gemma-2,2.0,1,w4a16,4,16,int,gptq,truthfulqa,817,53.11,52.57,-0.54,arith,1
RedHatAI/gemma-2-2b-it-quantized.w8a16,gemma-2-2b-it,gemma-2,2.0,1,w8a16,8,16,int,gptq,mmlu,14042,56.94,56.81,-0.13,arith,1
RedHatAI/gemma-2-2b-it-quantized.w8a16,gemma-2-2b-it,gemma-2,2.0,1,w8a16,8,16,int,gptq,arc_challenge,1172,58.87,58.7,-0.17,arith,1
RedHatAI/gemma-2-2b-it-quantized.w8a16,gemma-2-2b-it,gemma-2,2.0,1,w8a16,8,16,int,gptq,gsm8k,1319,44.81,44.88,0.07,arith,1
RedHatAI/gemma-2-2b-it-quantized.w8a16,gemma-2-2b-it,gemma-2,2.0,1,w8a16,8,16,int,gptq,hellaswag,10042,71.41,71.34,-0.07,arith,1
RedHatAI/gemma-2-2b-it-quantized.w8a16,gemma-2-2b-it,gemma-2,2.0,1,w8a16,8,16,int,gptq,winogrande,1267,68.82,69.46,0.64,arith,1
RedHatAI/gemma-2-2b-it-quantized.w8a16,gemma-2-2b-it,gemma-2,2.0,1,w8a16,8,16,int,gptq,truthfulqa,817,53.22,53.13,-0.09,arith,1
RedHatAI/gemma-2-2b-it-quantized.w8a8,gemma-2-2b-it,gemma-2,2.0,1,w8a8_int,8,8,int,gptq,mmlu,14042,56.94,56.64,-0.3,arith,1
RedHatAI/gemma-2-2b-it-quantized.w8a8,gemma-2-2b-it,gemma-2,2.0,1,w8a8_int,8,8,int,gptq,arc_challenge,1172,58.87,56.74,-2.13,arith,1
RedHatAI/gemma-2-2b-it-quantized.w8a8,gemma-2-2b-it,gemma-2,2.0,1,w8a8_int,8,8,int,gptq,gsm8k,1319,44.81,43.97,-0.84,arith,1
RedHatAI/gemma-2-2b-it-quantized.w8a8,gemma-2-2b-it,gemma-2,2.0,1,w8a8_int,8,8,int,gptq,hellaswag,10042,71.41,71.18,-0.23,arith,1
RedHatAI/gemma-2-2b-it-quantized.w8a8,gemma-2-2b-it,gemma-2,2.0,1,w8a8_int,8,8,int,gptq,winogrande,1267,68.82,68.59,-0.23,arith,1
RedHatAI/gemma-2-2b-it-quantized.w8a8,gemma-2-2b-it,gemma-2,2.0,1,w8a8_int,8,8,int,gptq,truthfulqa,817,53.22,53.19,-0.03,arith,1
RedHatAI/gemma-2-2b-quantized.w8a16,gemma-2-2b,gemma-2,2.0,0,w8a16,8,16,int,gptq,mmlu,14042,53.01,52.86,-0.15,arith,1
RedHatAI/gemma-2-2b-quantized.w8a16,gemma-2-2b,gemma-2,2.0,0,w8a16,8,16,int,gptq,arc_challenge,1172,53.92,54.27,0.35,arith,1
RedHatAI/gemma-2-2b-quantized.w8a16,gemma-2-2b,gemma-2,2.0,0,w8a16,8,16,int,gptq,gsm8k,1319,24.03,23.81,-0.22,arith,1
RedHatAI/gemma-2-2b-quantized.w8a16,gemma-2-2b,gemma-2,2.0,0,w8a16,8,16,int,gptq,hellaswag,10042,74.74,74.56,-0.18,arith,1
RedHatAI/gemma-2-2b-quantized.w8a16,gemma-2-2b,gemma-2,2.0,0,w8a16,8,16,int,gptq,winogrande,1267,70.96,70.56,-0.4,arith,1
RedHatAI/gemma-2-2b-quantized.w8a16,gemma-2-2b,gemma-2,2.0,0,w8a16,8,16,int,gptq,truthfulqa,817,36.29,36.15,-0.14,arith,1
RedHatAI/gemma-2-9b-it-FP8,gemma-2-9b-it,gemma-2,9.0,1,fp8,8,8,fp,rtn,mmlu,14042,72.28,71.99,-0.29,arith,1
RedHatAI/gemma-2-9b-it-FP8,gemma-2-9b-it,gemma-2,9.0,1,fp8,8,8,fp,rtn,arc_challenge,1172,71.5,71.5,0.0,arith,1
RedHatAI/gemma-2-9b-it-FP8,gemma-2-9b-it,gemma-2,9.0,1,fp8,8,8,fp,rtn,hellaswag,10042,81.91,81.7,-0.21,arith,1
RedHatAI/gemma-2-9b-it-FP8,gemma-2-9b-it,gemma-2,9.0,1,fp8,8,8,fp,rtn,winogrande,1267,77.11,78.37,1.26,arith,1
RedHatAI/gemma-2-9b-it-FP8,gemma-2-9b-it,gemma-2,9.0,1,fp8,8,8,fp,rtn,truthfulqa,817,60.32,60.52,0.2,arith,1
RedHatAI/gemma-2-9b-it-quantized.w4a16,gemma-2-9b-it,gemma-2,9.0,1,w4a16,4,16,int,gptq,mmlu,14042,72.28,71.36,-0.92,arith,1
RedHatAI/gemma-2-9b-it-quantized.w4a16,gemma-2-9b-it,gemma-2,9.0,1,w4a16,4,16,int,gptq,arc_challenge,1172,71.5,70.98,-0.52,arith,1
RedHatAI/gemma-2-9b-it-quantized.w4a16,gemma-2-9b-it,gemma-2,9.0,1,w4a16,4,16,int,gptq,gsm8k,1319,76.26,79.83,3.57,arith,1
RedHatAI/gemma-2-9b-it-quantized.w4a16,gemma-2-9b-it,gemma-2,9.0,1,w4a16,4,16,int,gptq,hellaswag,10042,81.91,81.29,-0.62,arith,1
RedHatAI/gemma-2-9b-it-quantized.w4a16,gemma-2-9b-it,gemma-2,9.0,1,w4a16,4,16,int,gptq,winogrande,1267,77.11,78.29,1.18,arith,1
RedHatAI/gemma-2-9b-it-quantized.w4a16,gemma-2-9b-it,gemma-2,9.0,1,w4a16,4,16,int,gptq,truthfulqa,817,60.32,59.97,-0.35,arith,1
RedHatAI/gemma-2-9b-it-quantized.w8a16,gemma-2-9b-it,gemma-2,9.0,1,w8a16,8,16,int,gptq,mmlu,14042,72.29,72.4,0.11,arith,1
RedHatAI/gemma-2-9b-it-quantized.w8a16,gemma-2-9b-it,gemma-2,9.0,1,w8a16,8,16,int,gptq,arc_challenge,1172,71.08,71.33,0.25,arith,1
RedHatAI/gemma-2-9b-it-quantized.w8a16,gemma-2-9b-it,gemma-2,9.0,1,w8a16,8,16,int,gptq,gsm8k,1319,79.3,79.23,-0.07,arith,1
RedHatAI/gemma-2-9b-it-quantized.w8a16,gemma-2-9b-it,gemma-2,9.0,1,w8a16,8,16,int,gptq,hellaswag,10042,81.93,81.93,0.0,arith,1
RedHatAI/gemma-2-9b-it-quantized.w8a16,gemma-2-9b-it,gemma-2,9.0,1,w8a16,8,16,int,gptq,winogrande,1267,77.98,77.74,-0.24,arith,1
RedHatAI/gemma-2-9b-it-quantized.w8a16,gemma-2-9b-it,gemma-2,9.0,1,w8a16,8,16,int,gptq,truthfulqa,817,60.21,60.2,-0.01,arith,1
RedHatAI/gemma-2-9b-it-quantized.w8a8,gemma-2-9b-it,gemma-2,9.0,1,w8a8_int,8,8,int,gptq,mmlu,14042,72.29,71.9,-0.39,arith,1
RedHatAI/gemma-2-9b-it-quantized.w8a8,gemma-2-9b-it,gemma-2,9.0,1,w8a8_int,8,8,int,gptq,arc_challenge,1172,71.08,71.42,0.34,arith,1
RedHatAI/gemma-2-9b-it-quantized.w8a8,gemma-2-9b-it,gemma-2,9.0,1,w8a8_int,8,8,int,gptq,gsm8k,1319,79.3,78.85,-0.45,arith,1
RedHatAI/gemma-2-9b-it-quantized.w8a8,gemma-2-9b-it,gemma-2,9.0,1,w8a8_int,8,8,int,gptq,hellaswag,10042,81.93,81.6,-0.33,arith,1
RedHatAI/gemma-2-9b-it-quantized.w8a8,gemma-2-9b-it,gemma-2,9.0,1,w8a8_int,8,8,int,gptq,winogrande,1267,77.98,78.37,0.39,arith,1
RedHatAI/gemma-2-9b-it-quantized.w8a8,gemma-2-9b-it,gemma-2,9.0,1,w8a8_int,8,8,int,gptq,truthfulqa,817,60.21,60.12,-0.09,arith,1
RedHatAI/granite-3.1-2b-base-FP8-dynamic,granite-3.1-2b-base,granite,2.0,0,fp8_dynamic,8,8,fp,rtn,arc_challenge,1172,53.75,53.5,-0.25,arith,1
RedHatAI/granite-3.1-2b-base-FP8-dynamic,granite-3.1-2b-base,granite,2.0,0,fp8_dynamic,8,8,fp,rtn,gsm8k,1319,47.84,46.1,-1.74,arith,1
RedHatAI/granite-3.1-2b-base-FP8-dynamic,granite-3.1-2b-base,granite,2.0,0,fp8_dynamic,8,8,fp,rtn,hellaswag,10042,77.94,77.76,-0.18,arith,1
RedHatAI/granite-3.1-2b-base-FP8-dynamic,granite-3.1-2b-base,granite,2.0,0,fp8_dynamic,8,8,fp,rtn,mmlu,14042,52.88,52.61,-0.27,arith,1
RedHatAI/granite-3.1-2b-base-FP8-dynamic,granite-3.1-2b-base,granite,2.0,0,fp8_dynamic,8,8,fp,rtn,truthfulqa,817,39.04,39.84,0.8,arith,1
RedHatAI/granite-3.1-2b-base-FP8-dynamic,granite-3.1-2b-base,granite,2.0,0,fp8_dynamic,8,8,fp,rtn,winogrande,1267,74.43,74.43,0.0,arith,1
RedHatAI/granite-3.1-2b-base-FP8-dynamic,granite-3.1-2b-base,granite,2.0,0,fp8_dynamic,8,8,fp,rtn,humaneval,164,30.0,30.4,0.4,arith,1
RedHatAI/granite-3.1-2b-base-quantized.w4a16,granite-3.1-2b-base,granite,2.0,0,w4a16,4,16,int,unknown,arc_challenge,1172,53.75,51.96,-1.79,arith,1
RedHatAI/granite-3.1-2b-base-quantized.w4a16,granite-3.1-2b-base,granite,2.0,0,w4a16,4,16,int,unknown,gsm8k,1319,47.84,42.53,-5.31,arith,1
RedHatAI/granite-3.1-2b-base-quantized.w4a16,granite-3.1-2b-base,granite,2.0,0,w4a16,4,16,int,unknown,hellaswag,10042,77.94,75.38,-2.56,arith,1
RedHatAI/granite-3.1-2b-base-quantized.w4a16,granite-3.1-2b-base,granite,2.0,0,w4a16,4,16,int,unknown,mmlu,14042,52.88,51.09,-1.79,arith,1
RedHatAI/granite-3.1-2b-base-quantized.w4a16,granite-3.1-2b-base,granite,2.0,0,w4a16,4,16,int,unknown,truthfulqa,817,39.04,41.35,2.31,arith,1
RedHatAI/granite-3.1-2b-base-quantized.w4a16,granite-3.1-2b-base,granite,2.0,0,w4a16,4,16,int,unknown,winogrande,1267,74.43,74.27,-0.16,arith,1
RedHatAI/granite-3.1-2b-base-quantized.w4a16,granite-3.1-2b-base,granite,2.0,0,w4a16,4,16,int,unknown,humaneval,164,30.0,29.8,-0.2,arith,1
RedHatAI/granite-3.1-2b-base-quantized.w8a8,granite-3.1-2b-base,granite,2.0,0,w8a8_int,8,8,int,smoothquant,arc_challenge,1172,53.75,54.01,0.26,arith,1
RedHatAI/granite-3.1-2b-base-quantized.w8a8,granite-3.1-2b-base,granite,2.0,0,w8a8_int,8,8,int,smoothquant,gsm8k,1319,47.84,46.55,-1.29,arith,1
RedHatAI/granite-3.1-2b-base-quantized.w8a8,granite-3.1-2b-base,granite,2.0,0,w8a8_int,8,8,int,smoothquant,hellaswag,10042,77.94,77.94,0.0,arith,1
RedHatAI/granite-3.1-2b-base-quantized.w8a8,granite-3.1-2b-base,granite,2.0,0,w8a8_int,8,8,int,smoothquant,mmlu,14042,52.88,52.34,-0.54,arith,1
RedHatAI/granite-3.1-2b-base-quantized.w8a8,granite-3.1-2b-base,granite,2.0,0,w8a8_int,8,8,int,smoothquant,truthfulqa,817,39.04,38.12,-0.92,arith,1
RedHatAI/granite-3.1-2b-base-quantized.w8a8,granite-3.1-2b-base,granite,2.0,0,w8a8_int,8,8,int,smoothquant,winogrande,1267,74.43,74.35,-0.08,arith,1
RedHatAI/granite-3.1-2b-base-quantized.w8a8,granite-3.1-2b-base,granite,2.0,0,w8a8_int,8,8,int,smoothquant,humaneval,164,30.0,29.6,-0.4,arith,1
RedHatAI/granite-3.1-2b-instruct-FP8-dynamic,granite-3.1-2b-instruct,granite,2.0,1,fp8_dynamic,8,8,fp,rtn,arc_challenge,1172,55.63,55.03,-0.6,arith,1
RedHatAI/granite-3.1-2b-instruct-FP8-dynamic,granite-3.1-2b-instruct,granite,2.0,1,fp8_dynamic,8,8,fp,rtn,gsm8k,1319,60.96,61.49,0.53,arith,1
RedHatAI/granite-3.1-2b-instruct-FP8-dynamic,granite-3.1-2b-instruct,granite,2.0,1,fp8_dynamic,8,8,fp,rtn,hellaswag,10042,75.21,75.26,0.05,arith,1
RedHatAI/granite-3.1-2b-instruct-FP8-dynamic,granite-3.1-2b-instruct,granite,2.0,1,fp8_dynamic,8,8,fp,rtn,mmlu,14042,54.38,54.24,-0.14,arith,1
RedHatAI/granite-3.1-2b-instruct-FP8-dynamic,granite-3.1-2b-instruct,granite,2.0,1,fp8_dynamic,8,8,fp,rtn,truthfulqa,817,55.93,55.42,-0.51,arith,1
RedHatAI/granite-3.1-2b-instruct-FP8-dynamic,granite-3.1-2b-instruct,granite,2.0,1,fp8_dynamic,8,8,fp,rtn,winogrande,1267,69.67,69.61,-0.06,arith,1
RedHatAI/granite-3.1-2b-instruct-FP8-dynamic,granite-3.1-2b-instruct,granite,2.0,1,fp8_dynamic,8,8,fp,rtn,ifeval,541,67.99,66.79,-1.2,arith,1
RedHatAI/granite-3.1-2b-instruct-FP8-dynamic,granite-3.1-2b-instruct,granite,2.0,1,fp8_dynamic,8,8,fp,rtn,bbh,6511,44.11,44.24,0.13,arith,1
RedHatAI/granite-3.1-2b-instruct-FP8-dynamic,granite-3.1-2b-instruct,granite,2.0,1,fp8_dynamic,8,8,fp,rtn,math_lvl5,1324,8.66,7.89,-0.77,arith,1
RedHatAI/granite-3.1-2b-instruct-FP8-dynamic,granite-3.1-2b-instruct,granite,2.0,1,fp8_dynamic,8,8,fp,rtn,gpqa,448,28.3,26.9,-1.4,arith,1
RedHatAI/granite-3.1-2b-instruct-FP8-dynamic,granite-3.1-2b-instruct,granite,2.0,1,fp8_dynamic,8,8,fp,rtn,musr,756,35.12,35.12,0.0,arith,1
RedHatAI/granite-3.1-2b-instruct-FP8-dynamic,granite-3.1-2b-instruct,granite,2.0,1,fp8_dynamic,8,8,fp,rtn,mmlu_pro,12032,26.87,28.33,1.46,arith,1
RedHatAI/granite-3.1-2b-instruct-FP8-dynamic,granite-3.1-2b-instruct,granite,2.0,1,fp8_dynamic,8,8,fp,rtn,humaneval,164,53.4,54.9,1.5,arith,1
RedHatAI/granite-3.1-2b-instruct-quantized.w4a16,granite-3.1-2b-instruct,granite,2.0,1,w4a16,4,16,int,unknown,arc_challenge,1172,55.63,54.18,-1.45,arith,1
RedHatAI/granite-3.1-2b-instruct-quantized.w4a16,granite-3.1-2b-instruct,granite,2.0,1,w4a16,4,16,int,unknown,gsm8k,1319,60.96,62.85,1.89,arith,1
RedHatAI/granite-3.1-2b-instruct-quantized.w4a16,granite-3.1-2b-instruct,granite,2.0,1,w4a16,4,16,int,unknown,hellaswag,10042,75.21,73.36,-1.85,arith,1
RedHatAI/granite-3.1-2b-instruct-quantized.w4a16,granite-3.1-2b-instruct,granite,2.0,1,w4a16,4,16,int,unknown,mmlu,14042,54.38,52.17,-2.21,arith,1
RedHatAI/granite-3.1-2b-instruct-quantized.w4a16,granite-3.1-2b-instruct,granite,2.0,1,w4a16,4,16,int,unknown,truthfulqa,817,55.93,56.83,0.9,arith,1
RedHatAI/granite-3.1-2b-instruct-quantized.w4a16,granite-3.1-2b-instruct,granite,2.0,1,w4a16,4,16,int,unknown,winogrande,1267,69.67,69.85,0.18,arith,1
RedHatAI/granite-3.1-2b-instruct-quantized.w4a16,granite-3.1-2b-instruct,granite,2.0,1,w4a16,4,16,int,unknown,ifeval,541,67.99,67.63,-0.36,arith,1
RedHatAI/granite-3.1-2b-instruct-quantized.w4a16,granite-3.1-2b-instruct,granite,2.0,1,w4a16,4,16,int,unknown,bbh,6511,44.11,43.22,-0.89,arith,1
RedHatAI/granite-3.1-2b-instruct-quantized.w4a16,granite-3.1-2b-instruct,granite,2.0,1,w4a16,4,16,int,unknown,math_lvl5,1324,8.66,8.77,0.11,arith,1
RedHatAI/granite-3.1-2b-instruct-quantized.w4a16,granite-3.1-2b-instruct,granite,2.0,1,w4a16,4,16,int,unknown,gpqa,448,28.3,28.56,0.26,arith,1
RedHatAI/granite-3.1-2b-instruct-quantized.w4a16,granite-3.1-2b-instruct,granite,2.0,1,w4a16,4,16,int,unknown,musr,756,35.12,35.26,0.14,arith,1
RedHatAI/granite-3.1-2b-instruct-quantized.w4a16,granite-3.1-2b-instruct,granite,2.0,1,w4a16,4,16,int,unknown,mmlu_pro,12032,26.87,27.27,0.4,arith,1
RedHatAI/granite-3.1-2b-instruct-quantized.w4a16,granite-3.1-2b-instruct,granite,2.0,1,w4a16,4,16,int,unknown,humaneval,164,53.4,52.3,-1.1,arith,1
RedHatAI/granite-3.1-2b-instruct-quantized.w8a8,granite-3.1-2b-instruct,granite,2.0,1,w8a8_int,8,8,int,smoothquant,arc_challenge,1172,55.63,55.12,-0.51,arith,1
RedHatAI/granite-3.1-2b-instruct-quantized.w8a8,granite-3.1-2b-instruct,granite,2.0,1,w8a8_int,8,8,int,smoothquant,gsm8k,1319,60.96,60.58,-0.38,arith,1
RedHatAI/granite-3.1-2b-instruct-quantized.w8a8,granite-3.1-2b-instruct,granite,2.0,1,w8a8_int,8,8,int,smoothquant,hellaswag,10042,75.21,74.6,-0.61,arith,1
RedHatAI/granite-3.1-2b-instruct-quantized.w8a8,granite-3.1-2b-instruct,granite,2.0,1,w8a8_int,8,8,int,smoothquant,mmlu,14042,54.38,54.12,-0.26,arith,1
RedHatAI/granite-3.1-2b-instruct-quantized.w8a8,granite-3.1-2b-instruct,granite,2.0,1,w8a8_int,8,8,int,smoothquant,truthfulqa,817,55.93,54.87,-1.06,arith,1
RedHatAI/granite-3.1-2b-instruct-quantized.w8a8,granite-3.1-2b-instruct,granite,2.0,1,w8a8_int,8,8,int,smoothquant,winogrande,1267,69.67,70.8,1.13,arith,1
RedHatAI/granite-3.1-2b-instruct-quantized.w8a8,granite-3.1-2b-instruct,granite,2.0,1,w8a8_int,8,8,int,smoothquant,ifeval,541,67.99,67.03,-0.96,arith,1
RedHatAI/granite-3.1-2b-instruct-quantized.w8a8,granite-3.1-2b-instruct,granite,2.0,1,w8a8_int,8,8,int,smoothquant,bbh,6511,44.11,43.53,-0.58,arith,1
RedHatAI/granite-3.1-2b-instruct-quantized.w8a8,granite-3.1-2b-instruct,granite,2.0,1,w8a8_int,8,8,int,smoothquant,math_lvl5,1324,8.66,8.04,-0.62,arith,1
RedHatAI/granite-3.1-2b-instruct-quantized.w8a8,granite-3.1-2b-instruct,granite,2.0,1,w8a8_int,8,8,int,smoothquant,gpqa,448,28.3,27.6,-0.7,arith,1
RedHatAI/granite-3.1-2b-instruct-quantized.w8a8,granite-3.1-2b-instruct,granite,2.0,1,w8a8_int,8,8,int,smoothquant,musr,756,35.12,34.58,-0.54,arith,1
RedHatAI/granite-3.1-2b-instruct-quantized.w8a8,granite-3.1-2b-instruct,granite,2.0,1,w8a8_int,8,8,int,smoothquant,mmlu_pro,12032,26.87,26.89,0.02,arith,1
RedHatAI/granite-3.1-2b-instruct-quantized.w8a8,granite-3.1-2b-instruct,granite,2.0,1,w8a8_int,8,8,int,smoothquant,humaneval,164,53.4,54.9,1.5,arith,1
RedHatAI/granite-3.1-8b-base-FP8-dynamic,granite-3.1-8b-base,granite,8.0,0,fp8_dynamic,8,8,fp,rtn,arc_challenge,1172,64.68,64.16,-0.52,arith,1
RedHatAI/granite-3.1-8b-base-FP8-dynamic,granite-3.1-8b-base,granite,8.0,0,fp8_dynamic,8,8,fp,rtn,gsm8k,1319,60.88,58.45,-2.43,arith,1
RedHatAI/granite-3.1-8b-base-FP8-dynamic,granite-3.1-8b-base,granite,8.0,0,fp8_dynamic,8,8,fp,rtn,hellaswag,10042,83.52,83.46,-0.06,arith,1
RedHatAI/granite-3.1-8b-base-FP8-dynamic,granite-3.1-8b-base,granite,8.0,0,fp8_dynamic,8,8,fp,rtn,mmlu,14042,63.33,63.35,0.02,arith,1
RedHatAI/granite-3.1-8b-base-FP8-dynamic,granite-3.1-8b-base,granite,8.0,0,fp8_dynamic,8,8,fp,rtn,truthfulqa,817,51.33,51.56,0.23,arith,1
RedHatAI/granite-3.1-8b-base-FP8-dynamic,granite-3.1-8b-base,granite,8.0,0,fp8_dynamic,8,8,fp,rtn,winogrande,1267,80.9,80.66,-0.24,arith,1
RedHatAI/granite-3.1-8b-base-FP8-dynamic,granite-3.1-8b-base,granite,8.0,0,fp8_dynamic,8,8,fp,rtn,humaneval,164,44.1,44.8,0.7,arith,1
RedHatAI/granite-3.1-8b-base-quantized.w4a16,granite-3.1-8b-base,granite,8.0,0,w4a16,4,16,int,unknown,arc_challenge,1172,64.68,62.37,-2.31,arith,1
RedHatAI/granite-3.1-8b-base-quantized.w4a16,granite-3.1-8b-base,granite,8.0,0,w4a16,4,16,int,unknown,gsm8k,1319,60.88,54.89,-5.99,arith,1
RedHatAI/granite-3.1-8b-base-quantized.w4a16,granite-3.1-8b-base,granite,8.0,0,w4a16,4,16,int,unknown,hellaswag,10042,83.52,82.53,-0.99,arith,1
RedHatAI/granite-3.1-8b-base-quantized.w4a16,granite-3.1-8b-base,granite,8.0,0,w4a16,4,16,int,unknown,mmlu,14042,63.33,62.78,-0.55,arith,1
RedHatAI/granite-3.1-8b-base-quantized.w4a16,granite-3.1-8b-base,granite,8.0,0,w4a16,4,16,int,unknown,truthfulqa,817,51.33,51.3,-0.03,arith,1
RedHatAI/granite-3.1-8b-base-quantized.w4a16,granite-3.1-8b-base,granite,8.0,0,w4a16,4,16,int,unknown,winogrande,1267,80.9,79.24,-1.66,arith,1
RedHatAI/granite-3.1-8b-base-quantized.w4a16,granite-3.1-8b-base,granite,8.0,0,w4a16,4,16,int,unknown,humaneval,164,44.1,40.7,-3.4,arith,1
RedHatAI/granite-3.1-8b-base-quantized.w8a8,granite-3.1-8b-base,granite,8.0,0,w8a8_int,8,8,int,smoothquant,arc_challenge,1172,64.68,64.25,-0.43,arith,1
RedHatAI/granite-3.1-8b-base-quantized.w8a8,granite-3.1-8b-base,granite,8.0,0,w8a8_int,8,8,int,smoothquant,gsm8k,1319,60.88,60.5,-0.38,arith,1
RedHatAI/granite-3.1-8b-base-quantized.w8a8,granite-3.1-8b-base,granite,8.0,0,w8a8_int,8,8,int,smoothquant,hellaswag,10042,83.52,83.22,-0.3,arith,1
RedHatAI/granite-3.1-8b-base-quantized.w8a8,granite-3.1-8b-base,granite,8.0,0,w8a8_int,8,8,int,smoothquant,mmlu,14042,63.33,63.16,-0.17,arith,1
RedHatAI/granite-3.1-8b-base-quantized.w8a8,granite-3.1-8b-base,granite,8.0,0,w8a8_int,8,8,int,smoothquant,truthfulqa,817,51.33,52.59,1.26,arith,1
RedHatAI/granite-3.1-8b-base-quantized.w8a8,granite-3.1-8b-base,granite,8.0,0,w8a8_int,8,8,int,smoothquant,winogrande,1267,80.9,80.11,-0.79,arith,1
RedHatAI/granite-3.1-8b-base-quantized.w8a8,granite-3.1-8b-base,granite,8.0,0,w8a8_int,8,8,int,smoothquant,humaneval,164,44.1,43.1,-1.0,arith,1
RedHatAI/granite-3.1-8b-instruct-FP8-dynamic,granite-3.1-8b-instruct,granite,8.0,1,fp8_dynamic,8,8,fp,rtn,arc_challenge,1172,66.81,66.81,0.0,arith,1
RedHatAI/granite-3.1-8b-instruct-FP8-dynamic,granite-3.1-8b-instruct,granite,8.0,1,fp8_dynamic,8,8,fp,rtn,gsm8k,1319,64.52,66.64,2.12,arith,1
RedHatAI/granite-3.1-8b-instruct-FP8-dynamic,granite-3.1-8b-instruct,granite,8.0,1,fp8_dynamic,8,8,fp,rtn,hellaswag,10042,84.18,84.16,-0.02,arith,1
RedHatAI/granite-3.1-8b-instruct-FP8-dynamic,granite-3.1-8b-instruct,granite,8.0,1,fp8_dynamic,8,8,fp,rtn,mmlu,14042,65.52,65.36,-0.16,arith,1
RedHatAI/granite-3.1-8b-instruct-FP8-dynamic,granite-3.1-8b-instruct,granite,8.0,1,fp8_dynamic,8,8,fp,rtn,truthfulqa,817,60.57,60.52,-0.05,arith,1
RedHatAI/granite-3.1-8b-instruct-FP8-dynamic,granite-3.1-8b-instruct,granite,8.0,1,fp8_dynamic,8,8,fp,rtn,winogrande,1267,80.19,79.95,-0.24,arith,1
RedHatAI/granite-3.1-8b-instruct-FP8-dynamic,granite-3.1-8b-instruct,granite,8.0,1,fp8_dynamic,8,8,fp,rtn,ifeval,541,74.1,73.62,-0.48,arith,1
RedHatAI/granite-3.1-8b-instruct-FP8-dynamic,granite-3.1-8b-instruct,granite,8.0,1,fp8_dynamic,8,8,fp,rtn,bbh,6511,53.19,53.26,0.07,arith,1
RedHatAI/granite-3.1-8b-instruct-FP8-dynamic,granite-3.1-8b-instruct,granite,8.0,1,fp8_dynamic,8,8,fp,rtn,math_lvl5,1324,14.77,16.79,2.02,arith,1
RedHatAI/granite-3.1-8b-instruct-FP8-dynamic,granite-3.1-8b-instruct,granite,8.0,1,fp8_dynamic,8,8,fp,rtn,gpqa,448,31.76,32.58,0.82,arith,1
RedHatAI/granite-3.1-8b-instruct-FP8-dynamic,granite-3.1-8b-instruct,granite,8.0,1,fp8_dynamic,8,8,fp,rtn,musr,756,46.01,47.34,1.33,arith,1
RedHatAI/granite-3.1-8b-instruct-FP8-dynamic,granite-3.1-8b-instruct,granite,8.0,1,fp8_dynamic,8,8,fp,rtn,mmlu_pro,12032,35.81,35.72,-0.09,arith,1
RedHatAI/granite-3.1-8b-instruct-FP8-dynamic,granite-3.1-8b-instruct,granite,8.0,1,fp8_dynamic,8,8,fp,rtn,humaneval,164,71.0,69.9,-1.1,arith,1
RedHatAI/granite-3.1-8b-instruct-quantized.w4a16,granite-3.1-8b-instruct,granite,8.0,1,w4a16,4,16,int,unknown,arc_challenge,1172,66.81,66.81,0.0,arith,1
RedHatAI/granite-3.1-8b-instruct-quantized.w4a16,granite-3.1-8b-instruct,granite,8.0,1,w4a16,4,16,int,unknown,gsm8k,1319,64.52,65.66,1.14,arith,1
RedHatAI/granite-3.1-8b-instruct-quantized.w4a16,granite-3.1-8b-instruct,granite,8.0,1,w4a16,4,16,int,unknown,hellaswag,10042,84.18,83.62,-0.56,arith,1
RedHatAI/granite-3.1-8b-instruct-quantized.w4a16,granite-3.1-8b-instruct,granite,8.0,1,w4a16,4,16,int,unknown,mmlu,14042,65.52,64.25,-1.27,arith,1
RedHatAI/granite-3.1-8b-instruct-quantized.w4a16,granite-3.1-8b-instruct,granite,8.0,1,w4a16,4,16,int,unknown,truthfulqa,817,60.57,60.17,-0.4,arith,1
RedHatAI/granite-3.1-8b-instruct-quantized.w4a16,granite-3.1-8b-instruct,granite,8.0,1,w4a16,4,16,int,unknown,winogrande,1267,80.19,78.37,-1.82,arith,1
RedHatAI/granite-3.1-8b-instruct-quantized.w4a16,granite-3.1-8b-instruct,granite,8.0,1,w4a16,4,16,int,unknown,ifeval,541,74.01,73.14,-0.87,arith,1
RedHatAI/granite-3.1-8b-instruct-quantized.w4a16,granite-3.1-8b-instruct,granite,8.0,1,w4a16,4,16,int,unknown,bbh,6511,53.19,51.52,-1.67,arith,1
RedHatAI/granite-3.1-8b-instruct-quantized.w4a16,granite-3.1-8b-instruct,granite,8.0,1,w4a16,4,16,int,unknown,math_lvl5,1324,14.77,16.66,1.89,arith,1
RedHatAI/granite-3.1-8b-instruct-quantized.w4a16,granite-3.1-8b-instruct,granite,8.0,1,w4a16,4,16,int,unknown,gpqa,448,31.76,29.91,-1.85,arith,1
RedHatAI/granite-3.1-8b-instruct-quantized.w4a16,granite-3.1-8b-instruct,granite,8.0,1,w4a16,4,16,int,unknown,musr,756,46.01,45.75,-0.26,arith,1
RedHatAI/granite-3.1-8b-instruct-quantized.w4a16,granite-3.1-8b-instruct,granite,8.0,1,w4a16,4,16,int,unknown,mmlu_pro,12032,35.81,34.23,-1.58,arith,1
RedHatAI/granite-3.1-8b-instruct-quantized.w4a16,granite-3.1-8b-instruct,granite,8.0,1,w4a16,4,16,int,unknown,humaneval,164,71.0,70.5,-0.5,arith,1
RedHatAI/granite-3.1-8b-instruct-quantized.w8a8,granite-3.1-8b-instruct,granite,8.0,1,w8a8_int,8,8,int,smoothquant,arc_challenge,1172,66.81,67.06,0.25,arith,1
RedHatAI/granite-3.1-8b-instruct-quantized.w8a8,granite-3.1-8b-instruct,granite,8.0,1,w8a8_int,8,8,int,smoothquant,gsm8k,1319,64.52,65.66,1.14,arith,1
RedHatAI/granite-3.1-8b-instruct-quantized.w8a8,granite-3.1-8b-instruct,granite,8.0,1,w8a8_int,8,8,int,smoothquant,hellaswag,10042,84.18,83.93,-0.25,arith,1
RedHatAI/granite-3.1-8b-instruct-quantized.w8a8,granite-3.1-8b-instruct,granite,8.0,1,w8a8_int,8,8,int,smoothquant,mmlu,14042,65.52,65.03,-0.49,arith,1
RedHatAI/granite-3.1-8b-instruct-quantized.w8a8,granite-3.1-8b-instruct,granite,8.0,1,w8a8_int,8,8,int,smoothquant,truthfulqa,817,60.57,60.02,-0.55,arith,1
RedHatAI/granite-3.1-8b-instruct-quantized.w8a8,granite-3.1-8b-instruct,granite,8.0,1,w8a8_int,8,8,int,smoothquant,winogrande,1267,80.19,79.87,-0.32,arith,1
RedHatAI/granite-3.1-8b-instruct-quantized.w8a8,granite-3.1-8b-instruct,granite,8.0,1,w8a8_int,8,8,int,smoothquant,ifeval,541,74.01,73.5,-0.51,arith,1
RedHatAI/granite-3.1-8b-instruct-quantized.w8a8,granite-3.1-8b-instruct,granite,8.0,1,w8a8_int,8,8,int,smoothquant,bbh,6511,53.19,52.59,-0.6,arith,1
RedHatAI/granite-3.1-8b-instruct-quantized.w8a8,granite-3.1-8b-instruct,granite,8.0,1,w8a8_int,8,8,int,smoothquant,math_lvl5,1324,14.77,15.73,0.96,arith,1
RedHatAI/granite-3.1-8b-instruct-quantized.w8a8,granite-3.1-8b-instruct,granite,8.0,1,w8a8_int,8,8,int,smoothquant,gpqa,448,31.76,30.62,-1.14,arith,1
RedHatAI/granite-3.1-8b-instruct-quantized.w8a8,granite-3.1-8b-instruct,granite,8.0,1,w8a8_int,8,8,int,smoothquant,musr,756,46.01,44.3,-1.71,arith,1
RedHatAI/granite-3.1-8b-instruct-quantized.w8a8,granite-3.1-8b-instruct,granite,8.0,1,w8a8_int,8,8,int,smoothquant,mmlu_pro,12032,35.81,35.41,-0.4,arith,1
RedHatAI/granite-3.1-8b-instruct-quantized.w8a8,granite-3.1-8b-instruct,granite,8.0,1,w8a8_int,8,8,int,smoothquant,humaneval,164,71.0,70.5,-0.5,arith,1
